it,s,o,w,s20,o20,lam_s,lam_c,pCC,pCD,pDC,pDD,pSTART,vCC,vCD,vDC,vDD
0,-21.0633,-11.9262,-32.9895,-24.6094,-10.3828,0.0,0.0,0.5073627829551697,0.5155185461044312,0.4924340546131134,0.4828444719314575,0.5565476417541504,0.08710354566574097,0.35941386222839355,0.08990205079317093,0.35910293459892273
5,-20.7031,-12.773,-33.4762,-24.1875,-10.875,0.0,0.0,0.43203163146972656,0.4386046528816223,0.461664617061615,0.4797554612159729,0.4847470223903656,0.07863028347492218,0.33426615595817566,0.09479943662881851,0.38782650232315063
10,-20.4891,-12.6469,-33.1359,-23.2891,-12.4609,0.0,0.0,0.5164459347724915,0.46624839305877686,0.4578075706958771,0.4875470995903015,0.453125,0.09099035710096359,0.3345382511615753,0.09856965392827988,0.37142413854599
15,-20.5164,-12.2688,-32.7852,-24.8125,-9.5312,0.0,0.0,0.4813765287399292,0.4900706708431244,0.5046074390411377,0.5100626349449158,0.5186011791229248,0.09600435197353363,0.3464319109916687,0.10544931888580322,0.3476368188858032
20,-20.0344,-13.3559,-33.3902,-24.2969,-10.6328,0.0,0.0,0.44329896569252014,0.423170268535614,0.4583936333656311,0.44841426610946655,0.4791666567325592,0.08671486377716064,0.3042988181114197,0.10743159055709839,0.39707711338996887
25,-19.7973,-13.1527,-32.95,-24.2656,-10.625,0.0,0.0,0.48373186588287354,0.4579678475856781,0.46790820360183716,0.46980807185173035,0.4575892984867096,0.09915267676115036,0.319029837846756,0.11687655746936798,0.36046332120895386
30,-19.832,-13.859,-33.691,-24.0938,-11.1094,0.0,0.0,0.4599420726299286,0.41597869992256165,0.39434677362442017,0.4118594229221344,0.4401041567325592,0.08053482323884964,0.2918998897075653,0.11275652796030045,0.4103311598300934
35,-21.3852,-11.2262,-32.6113,-24.7422,-9.9531,0.0,0.0,0.5475435853004456,0.5320231318473816,0.5388650298118591,0.5463966727256775,0.5535714030265808,0.09810323268175125,0.38961443305015564,0.08150652796030045,0.32629820704460144
40,-22.4602,-9.2859,-31.7461,-26.1875,-7.0625,0.0,0.0,0.6120413541793823,0.6268011331558228,0.648962140083313,0.6582315564155579,0.6190476417541504,0.10910291969776154,0.4585665464401245,0.06366604566574097,0.26418688893318176
45,-22.7762,-8.6902,-31.4664,-26.4062,-6.7656,0.0,0.0,0.6444827318191528,0.6652318835258484,0.6379425525665283,0.6631911396980286,0.6875,0.1127176582813263,0.4785836338996887,0.0581856332719326,0.24603544175624847
50,-24.1145,-6.5633,-30.6777,-27.0312,-5.3281,0.0,0.0,0.7698360681533813,0.7614156603813171,0.7559462189674377,0.7426837086677551,0.7708333134651184,0.11854788661003113,0.560090184211731,0.037585511803627014,0.17929881811141968
55,-23.3676,-7.8543,-31.2219,-26.7031,-6.0547,0.0,0.0,0.6984127163887024,0.6936757564544678,0.7351484894752502,0.7033665180206299,0.699404776096344,0.11508861929178238,0.5070351362228394,0.04710821062326431,0.22629041969776154
60,-23.3578,-7.7754,-31.1332,-26.3438,-6.7969,0.0,0.0,0.7044854760169983,0.6932110786437988,0.7510305047035217,0.7307485938072205,0.6845238208770752,0.11784826219081879,0.5129819512367249,0.047147076576948166,0.21754509210586548
65,-22.6375,-8.7027,-31.3402,-26.1875,-7.0625,0.0,0.0,0.6474587321281433,0.6486287117004395,0.6854521632194519,0.6951690912246704,0.6964285969734192,0.12006374448537827,0.474774569272995,0.05931280925869942,0.2413712739944458
70,-22.627,-8.7613,-31.3883,-26.3438,-6.9844,0.0,0.0,0.6615535020828247,0.6622298955917358,0.6658048033714294,0.6631511449813843,0.6696428656578064,0.11909203976392746,0.4730643630027771,0.06012904271483421,0.2432369440793991
75,-22.8113,-8.7207,-31.532,-25.7344,-8.0391,0.0,0.0,0.6537261605262756,0.6474785208702087,0.6583051085472107,0.6719193458557129,0.6964285969734192,0.11213464289903641,0.4793998897075653,0.05733053386211395,0.2466573417186737
80,-21.7527,-10.4465,-32.1992,-24.7031,-10.0547,0.0,0.0,0.6032508015632629,0.5948823094367981,0.5715025663375854,0.5539960861206055,0.5833333134651184,0.10521610826253891,0.4162002503871918,0.07501554489135742,0.2990904748439789
85,-23.8395,-6.9223,-30.7617,-26.6719,-6.1641,0.0,0.0,0.7365884780883789,0.7399000525474548,0.7734375,0.7537298202514648,0.7559523582458496,0.12099657952785492,0.5445429086685181,0.03980099409818649,0.1901818960905075
90,-24.6836,-5.5586,-30.2422,-28.5312,-2.6094,0.0,0.0,0.8152764439582825,0.7995986938476562,0.8386666774749756,0.8289331793785095,0.8065476417541504,0.12161847203969955,0.6004741787910461,0.02915111929178238,0.1442786008119583
95,-23.7348,-7.0848,-30.8195,-27.8906,-3.9609,0.0,0.0,0.7473751306533813,0.7326288223266602,0.7466793060302734,0.737815797328949,0.75,0.12216262519359589,0.5370025038719177,0.04096703976392746,0.1953902393579483
100,-23.6184,-7.3961,-31.0145,-26.6406,-6.2734,0.0,0.0,0.7338129281997681,0.708621084690094,0.7093778848648071,0.719382107257843,0.7767857313156128,0.11885882914066315,0.5234375,0.04186100885272026,0.21136504411697388
105,-21.9887,-9.8902,-31.8789,-25.2656,-8.6484,0.0,0.0,0.61808180809021,0.6063486337661743,0.6219443082809448,0.5981994271278381,0.636904776096344,0.11306747794151306,0.43345770239830017,0.06836909055709839,0.28062811493873596
110,-21.8988,-10.1285,-32.0273,-25.8594,-7.6953,0.0,0.0,0.60345458984375,0.6037411689758301,0.547034740447998,0.5905166268348694,0.6149553656578064,0.10576026141643524,0.4301150441169739,0.07602611929178238,0.2836209535598755
115,-22.8258,-8.598,-31.4238,-26.5547,-6.3281,0.0,0.0,0.6531501412391663,0.6640549302101135,0.6882102489471436,0.6531589031219482,0.722842276096344,0.11598258465528488,0.4811878204345703,0.05472636967897415,0.24362562596797943
120,-23.3328,-7.7352,-31.068,-26.5625,-6.3125,0.0,0.0,0.705328106880188,0.7109115719795227,0.6890343427658081,0.6876822113990784,0.7470238208770752,0.11963619291782379,0.5150808691978455,0.04749688878655434,0.2133084535598755
125,-25.0297,-4.9848,-30.0145,-27.7969,-4.1953,0.0,0.0,0.8771017789840698,0.8223535418510437,0.8806509971618652,0.832527220249176,0.8444940447807312,0.12713775038719177,0.6183146834373474,0.021494092419743538,0.1285758763551712
130,-25.5063,-4.3891,-29.8953,-27.0781,-5.5156,0.0,0.0,0.8999061584472656,0.8522809743881226,0.9237805008888245,0.8090384006500244,0.8880208134651184,0.12426150590181351,0.6441231369972229,0.01274875644594431,0.11438899487257004
135,-25.3406,-4.5563,-29.8969,-27.3828,-5.0703,0.0,0.0,0.9285714030265808,0.8409453630447388,0.9163762927055359,0.7850437164306641,0.8958333134651184,0.13114117085933685,0.6331623196601868,0.011155162006616592,0.12006374448537827
140,-25.4012,-4.6941,-30.0953,-26.4531,-6.6484,0.0,0.0,0.9387056827545166,0.8457689881324768,0.8964143395423889,0.7311668992042542,0.8299851417541504,0.1249222606420517,0.6292755007743835,0.009755907580256462,0.13156871497631073
145,-24.9008,-5.3961,-30.2969,-26.1875,-7.3203,0.0,0.0,0.8848230242729187,0.8139747977256775,0.8703703880310059,0.7307024002075195,0.816220223903656,0.12958644330501556,0.5946439504623413,0.014692164026200771,0.15659981966018677
150,-25.2918,-4.7711,-30.0629,-26.4766,-6.7891,0.0,0.0,0.9307437539100647,0.8320791125297546,0.921933114528656,0.7689113020896912,0.8530505895614624,0.12908115983009338,0.6249611377716064,0.010455534793436527,0.131024569272995
155,-25.1055,-5.0746,-30.1801,-25.5078,-8.6094,0.0,0.0,0.922093391418457,0.816626250743866,0.9185185432434082,0.7452603578567505,0.8608630895614624,0.13071362674236298,0.6087530851364136,0.01049440260976553,0.14556126296520233
160,-25.2996,-5.0602,-30.3598,-25.5859,-8.6406,0.0,0.0,0.9343417882919312,0.8251854777336121,0.9156118035316467,0.6840764284133911,0.8497023582458496,0.1207633689045906,0.6129897236824036,0.009211753495037556,0.15255752205848694
165,-25.3113,-4.7672,-30.0785,-25.3594,-9.0469,0.0,0.0,0.9436746835708618,0.8386573791503906,0.9358974099159241,0.7119722366333008,0.8694196343421936,0.12904228270053864,0.6229788661003113,0.009095149114727974,0.13440608978271484
170,-25.3406,-4.7812,-30.1219,-25.9375,-7.8906,0.0,0.0,0.9369837641716003,0.8313696384429932,0.9215686321258545,0.7439024448394775,0.8683035969734192,0.12706001102924347,0.6234841346740723,0.007929104380309582,0.1370491236448288
175,-25.7832,-3.7391,-29.5223,-26.5312,-6.7266,0.0,0.0,0.9473684430122375,0.8892930746078491,0.976047933101654,0.8066136240959167,0.9073660969734192,0.13366760313510895,0.6625077724456787,0.006490982603281736,0.0928560346364975
180,-25.5422,-4.5188,-30.0609,-25.4453,-8.875,0.0,0.0,0.9538606405258179,0.8454717993736267,0.8516746163368225,0.7095990180969238,0.9081101417541504,0.12383395433425903,0.6356109976768494,0.008123445324599743,0.12795397639274597
185,-26.3004,-3.0539,-29.3543,-27.4062,-4.9766,0.0,0.0,0.9781739711761475,0.9157918095588684,0.9479166865348816,0.8339876532554626,0.9348958134651184,0.12643812596797943,0.6960510015487671,0.0037313431967049837,0.06930192559957504
190,-26.252,-3.2727,-29.5246,-26.9375,-5.8906,0.0,0.0,0.9782059192657471,0.9060021638870239,0.9740259647369385,0.7782177925109863,0.9267113208770752,0.12305659055709839,0.6909592747688293,0.002992848167195916,0.07851368188858032
195,-25.3062,-4.7211,-30.0273,-25.3281,-8.9219,0.0,0.0,0.9707076549530029,0.8464920520782471,0.8466257452964783,0.6855758428573608,0.859002947807312,0.13401740789413452,0.6188199520111084,0.006335509940981865,0.13634949922561646
200,-26.3379,-3.0211,-29.359,-27.0312,-5.8203,0.0,0.0,0.9826839566230774,0.9169026017189026,0.9259259104728699,0.8082901835441589,0.9475446343421936,0.12569962441921234,0.70020991563797,0.002098880708217621,0.06751399487257004
205,-26.4688,-2.8121,-29.2809,-27.1875,-5.3672,0.0,0.0,0.9891573786735535,0.9245117902755737,0.9523809552192688,0.8374748229980469,0.952752947807312,0.12546642124652863,0.7105488181114197,0.0016324627213180065,0.05787469074130058
210,-26.5402,-2.6,-29.1402,-27.6172,-4.5312,0.0,0.0,0.990314781665802,0.9347861409187317,1.0,0.9042878746986389,0.9523809552192688,0.1284203976392746,0.7152130007743835,0.0011271765688434243,0.050761815160512924
215,-25.7852,-4.1395,-29.9246,-25.3203,-9.1719,0.0,0.0,0.9741976261138916,0.8745021224021912,0.8313252925872803,0.6605814695358276,0.9043898582458496,0.12352301180362701,0.6538013219833374,0.0032260571606457233,0.11497201770544052
220,-25.7996,-3.9711,-29.7707,-25.4375,-8.8906,0.0,0.0,0.9757060408592224,0.8765286207199097,0.8648648858070374,0.7323735952377319,0.894717276096344,0.12799285352230072,0.657921314239502,0.0043143657967448235,0.10529384016990662
225,-25.8809,-4.0477,-29.9285,-25.9297,-7.9062,0.0,0.0,0.9741131067276001,0.8753559589385986,0.8658536672592163,0.7073662877082825,0.8772321343421936,0.12161847203969955,0.6551616787910461,0.0031871891114860773,0.115555040538311
230,-25.9238,-3.7707,-29.6945,-25.7031,-8.2891,0.0,0.0,0.9773482084274292,0.8848047852516174,0.8533333539962769,0.7191833853721619,0.9341517686843872,0.12869247794151306,0.6630130410194397,0.0029151118360459805,0.10090173780918121
235,-25.7973,-4.032,-29.8293,-24.7969,-9.8906,0.0,0.0,0.974894106388092,0.8813276886940002,0.8640776872634888,0.6631205677986145,0.905877947807312,0.1284981369972229,0.6534126400947571,0.004003420472145081,0.10960821062326431
240,-25.9188,-3.6918,-29.6105,-26.0234,-7.6484,0.0,0.0,0.9838998317718506,0.890070915222168,0.855555534362793,0.7527151107788086,0.9002976417541504,0.1303638070821762,0.6686100959777832,0.00349813443608582,0.09305037558078766
245,-25.8285,-4.0316,-29.8602,-26.3359,-7.1406,0.0,0.0,0.9728227257728577,0.8717659115791321,0.9009901285171509,0.7257617712020874,0.8976934552192688,0.12585510313510895,0.6534903645515442,0.003925683908164501,0.11225124448537827
250,-26.0086,-3.593,-29.6016,-26.2734,-7.1484,0.0,0.0,0.9838905930519104,0.8832420110702515,0.9710144996643066,0.8111679553985596,0.9241071343421936,0.12787623703479767,0.6737795472145081,0.002681903075426817,0.09118469804525375
255,-25.4777,-4.7262,-30.2039,-25.7812,-8.1328,0.0,0.0,0.9696875214576721,0.835510790348053,0.8714285492897034,0.7043574452400208,0.8601190447807312,0.12437810748815536,0.6247667670249939,0.005441542249172926,0.14093594253063202
260,-26.1191,-3.6426,-29.7617,-26.3672,-7.0078,0.0,0.0,0.9745513796806335,0.8871579766273499,0.8969072103500366,0.7598710656166077,0.9040178656578064,0.11913090944290161,0.6761505007743835,0.0037702114786952734,0.09647077322006226
265,-26.1281,-3.4172,-29.5453,-27.3281,-5.2031,0.0,0.0,0.9764165282249451,0.9023513197898865,0.9340659379959106,0.7673450708389282,0.9140625,0.12690454721450806,0.6810478568077087,0.0035370024852454662,0.08403296023607254
270,-25.3402,-4.9285,-30.2688,-23.7266,-12.2891,0.0,0.0,0.9755725264549255,0.8488813042640686,0.78125,0.5871559381484985,0.8656994104385376,0.12729321420192719,0.6149719953536987,0.004975124262273312,0.1482820212841034
275,-25.607,-4.4793,-30.0863,-25.5703,-8.7656,0.0,0.0,0.9722481966018677,0.8585130572319031,0.7789473533630371,0.6856634020805359,0.8470982313156128,0.12465018779039383,0.6362329125404358,0.0036924751475453377,0.1309468299150467
280,-26.202,-3.5227,-29.7246,-26.3516,-7.0156,0.0,0.0,0.9798701405525208,0.8884702920913696,0.8333333134651184,0.7510530948638916,0.9430803656578064,0.1197139322757721,0.6809701323509216,0.0025652984622865915,0.09227301180362701
285,-26.4012,-2.966,-29.3672,-27.8125,-4.2344,0.0,0.0,0.9842398166656494,0.917742908000946,0.9629629850387573,0.8326506614685059,0.9375,0.12577736377716064,0.7012204527854919,0.002098880708217621,0.06642568111419678
290,-26.4637,-2.8727,-29.3363,-27.3906,-5.0312,0.0,0.0,0.9881064295768738,0.924993097782135,0.9130434989929199,0.8252788186073303,0.9267113208770752,0.1241837665438652,0.7068174481391907,0.0017879352672025561,0.06273321062326431
295,-26.3563,-3.0359,-29.3922,-27.5469,-4.6953,0.0,0.0,0.9859594106674194,0.9132919311523438,0.8863636255264282,0.8419263362884521,0.9330357313156128,0.12457244843244553,0.7006374597549438,0.0017101990524679422,0.0686023011803627
300,-26.4434,-2.7223,-29.1656,-27.3125,-5.1641,0.0,0.0,0.9881094098091125,0.9326223731040955,0.9800000190734863,0.8724831938743591,0.937872052192688,0.13075248897075653,0.7107042670249939,0.0019434079295024276,0.05212220177054405
305,-26.4914,-2.8383,-29.3297,-27.9062,-4.0,0.0,0.0,0.9760780334472656,0.9221151471138,0.9384615421295166,0.88374924659729,0.9386160969734192,0.12348414212465286,0.7056514024734497,0.0025264304131269455,0.06386038661003113
310,-26.525,-2.832,-29.357,-27.4062,-4.9297,0.0,0.0,0.9826310873031616,0.9191111922264099,0.9459459185600281,0.8757097721099854,0.9497767686843872,0.12084110826253891,0.7101989984512329,0.0028762437868863344,0.0616060309112072
315,-26.468,-2.7035,-29.1715,-27.6797,-4.4531,0.0,0.0,0.977709949016571,0.9362050294876099,0.9863013625144958,0.8631656765937805,0.9363839030265808,0.12729321420192719,0.7128420472145081,0.0028373757377266884,0.05254974961280823
320,-26.566,-2.6281,-29.1941,-27.6875,-4.3438,0.0,0.0,0.9806431531906128,0.9371747374534607,0.9154929518699646,0.8581183552742004,0.9475446343421936,0.12449471652507782,0.7170398235321045,0.0027596394065767527,0.05122823268175125
325,-26.582,-2.4813,-29.0633,-28.5547,-2.7969,0.0,0.0,0.9799330830574036,0.9464881420135498,0.9636363387107849,0.8774954676628113,0.9553571343421936,0.1278373748064041,0.7227145433425903,0.002137748757377267,0.04283270984888077
330,-26.643,-2.4824,-29.1254,-27.8594,-4.0,0.0,0.0,0.9730069041252136,0.941473126411438,1.0,0.9045936465263367,0.9676339030265808,0.12383395433425903,0.7245413661003113,0.0031483208294957876,0.043998755514621735
335,-26.6063,-2.5723,-29.1785,-27.8438,-4.1016,0.0,0.0,0.9795275330543518,0.940162181854248,0.9718309640884399,0.8778979778289795,0.9397321343421936,0.12340640276670456,0.7190609574317932,0.0027596394065767527,0.0502953976392746
340,-26.6684,-2.4434,-29.1117,-27.6094,-4.6641,0.0,0.0,0.9840275645256042,0.948167622089386,0.9038461446762085,0.8290155529975891,0.9601934552192688,0.1241060346364975,0.7243858575820923,0.002021144377067685,0.04500932991504669
345,-26.5203,-2.7746,-29.2949,-27.2344,-5.25,0.0,0.0,0.9785759449005127,0.92856365442276,0.9117646813392639,0.8158602118492126,0.9590773582458496,0.123367540538311,0.7116760015487671,0.0026430347934365273,0.05783582106232643
350,-26.7469,-2.4527,-29.1996,-28.3672,-3.0781,0.0,0.0,0.987075924873352,0.9365563988685608,0.9729729890823364,0.9414634108543396,0.9583333134651184,0.12029695510864258,0.7259795069694519,0.0014381218934431672,0.047807835042476654
355,-26.6031,-2.4871,-29.0902,-27.0859,-5.6641,0.0,0.0,0.9880551099777222,0.9475015997886658,0.9200000166893005,0.8222029209136963,0.9542410969734192,0.12690454721450806,0.7218594551086426,0.0019434079295024276,0.04481498897075653
360,-26.541,-2.6336,-29.1746,-27.5938,-4.625,0.0,0.0,0.9839802980422974,0.9364820718765259,0.9104477763175964,0.8515684604644775,0.9549851417541504,0.12616604566574097,0.7159515023231506,0.0026041667442768812,0.050800684839487076
365,-26.5973,-2.302,-28.8992,-28.4609,-2.7734,0.0,0.0,0.9819505214691162,0.955196738243103,1.0,0.9382284283638,0.9732142686843872,0.13351212441921234,0.7269900441169739,0.0016713308868929744,0.03334888070821762
370,-26.5469,-2.6207,-29.1676,-28.0938,-3.6484,0.0,0.0,0.983856201171875,0.9332352876663208,0.9756097793579102,0.8891352415084839,0.9642857313156128,0.1276041716337204,0.7137359976768494,0.0015935945557430387,0.05258861929178238
375,-26.6551,-2.4125,-29.0676,-27.8516,-4.1797,0.0,0.0,0.983224630355835,0.9456295371055603,0.9428571462631226,0.9121184349060059,0.964657723903656,0.12511660158634186,0.7270289063453674,0.0013603855622932315,0.04201648011803627
380,-26.8457,-2.0934,-28.9391,-28.8516,-2.25,0.0,0.0,0.9863098859786987,0.9646793603897095,0.925000011920929,0.9303278923034668,0.9590773582458496,0.1249222606420517,0.7405939102172852,0.0015547263901680708,0.02845149300992489
385,-26.8348,-1.9746,-28.8094,-29.1406,-1.625,0.0,0.0,0.9858773946762085,0.9738066792488098,0.9795918464660645,0.9291045069694519,0.9694940447807312,0.12935324013233185,0.7434312701225281,0.0019045397639274597,0.02083333395421505
390,-26.9047,-1.959,-28.8637,-28.9219,-2.0391,0.0,0.0,0.9861325025558472,0.971872091293335,1.0,0.9352014064788818,0.9702380895614624,0.1261271834373474,0.7461909055709839,0.0010105721885338426,0.02219371870160103
395,-26.7164,-2.0484,-28.7648,-29.0781,-1.7266,0.0,0.0,0.9873308539390564,0.9712005853652954,1.0,0.9335548281669617,0.9758184552192688,0.13498911261558533,0.735541045665741,0.0015935945557430387,0.023398632183670998
400,-26.6613,-2.4035,-29.0648,-27.4453,-4.8516,0.0,0.0,0.9874725937843323,0.9509028792381287,0.9642857313156128,0.8490214347839355,0.9516369104385376,0.1241060346364975,0.7275341749191284,0.002176616806536913,0.04170553386211395
405,-26.2836,-3.1227,-29.4062,-25.8203,-8.1484,0.0,0.0,0.9852851033210754,0.9228355288505554,0.9491525292396545,0.7070437669754028,0.9326636791229248,0.126787930727005,0.6936023235321045,0.0022932214196771383,0.0728389322757721
410,-26.902,-1.9797,-28.8816,-28.9609,-1.8438,0.0,0.0,0.9883866906166077,0.9678714871406555,1.0,0.9363057613372803,0.984375,0.12383395433425903,0.7452192306518555,0.002060012426227331,0.024409204721450806
415,-26.7684,-2.1566,-28.925,-28.4219,-3.0156,0.0,0.0,0.9875038266181946,0.9612341523170471,1.0,0.923276960849762,0.9672619104385376,0.1275264322757721,0.736940324306488,0.0011660447344183922,0.02988961525261402
420,-26.9121,-1.9688,-28.8809,-28.8906,-2.1016,0.0,0.0,0.9890556335449219,0.9675940275192261,1.0,0.9821717739105225,0.9787946343421936,0.12430037558078766,0.7460354566574097,0.00120491289999336,0.02398165501654148
425,-26.4258,-2.7141,-29.1398,-27.8281,-4.1797,0.0,0.0,0.9816706776618958,0.9392617344856262,0.9402984976768494,0.8473926186561584,0.9241071343421936,0.12935324013233185,0.7128809094429016,0.0026041667442768812,0.05068407952785492
430,-26.6582,-2.3805,-29.0387,-28.2656,-3.2578,0.0,0.0,0.9784946441650391,0.9485026597976685,0.9836065769195557,0.9306640625,0.960565447807312,0.12651586532592773,0.7268345952033997,0.002370957750827074,0.03980099409818649
435,-26.6609,-2.2648,-28.9258,-28.4922,-2.9219,0.0,0.0,0.9795795679092407,0.9568406343460083,0.9846153855323792,0.9061371684074402,0.9787946343421936,0.12943096458911896,0.7312655448913574,0.0025264304131269455,0.03229944035410881
440,-26.8813,-1.8816,-28.7629,-29.3047,-1.1094,0.0,0.0,0.9884708523750305,0.9765133857727051,1.0,0.9697624444961548,0.9828869104385376,0.12810945510864258,0.7480177283287048,0.0013992537278681993,0.017995957285165787
445,-26.8324,-2.1504,-28.9828,-28.4297,-2.9297,0.0,0.0,0.9918546080589294,0.9590877890586853,0.9444444179534912,0.907940149307251,0.96875,0.12406716495752335,0.7362795472145081,0.0013992537278681993,0.033776428550481796
450,-26.6457,-2.5156,-29.1613,-28.125,-3.6328,0.0,0.0,0.9849056601524353,0.9412620067596436,0.9814814925193787,0.8457792401313782,0.9624255895614624,0.12360074371099472,0.7219371795654297,0.002098880708217621,0.04788557067513466
455,-26.752,-2.2855,-29.0375,-28.4844,-2.8438,0.0,0.0,0.9771159887313843,0.955293595790863,0.9655172228813171,0.9029227495193481,0.9557291865348816,0.12398942559957504,0.7320429086685181,0.0022543531376868486,0.037235695868730545
460,-26.5668,-2.6652,-29.232,-27.7188,-4.4453,0.0,0.0,0.9811083078384399,0.9359050989151001,0.9583333134651184,0.8314606547355652,0.944940447807312,0.12344527244567871,0.7173896431922913,0.0027985074557363987,0.05188899114727974
465,-26.5383,-2.6496,-29.1879,-28.0703,-3.7422,0.0,0.0,0.9882097244262695,0.9340319037437439,0.9718309640884399,0.8734939694404602,0.9460565447807312,0.12527208030223846,0.7158737778663635,0.0027596394065767527,0.051616914570331573
470,-26.1734,-3.4039,-29.5773,-26.375,-7.0391,0.0,0.0,0.9782540202140808,0.9034494757652283,0.8734177350997925,0.7909630537033081,0.8854166865348816,0.12332867085933685,0.6839630007743835,0.003070584498345852,0.08516013622283936
475,-26.1828,-3.275,-29.4578,-27.9609,-3.8906,0.0,0.0,0.9715073704719543,0.9049236178398132,0.9599999785423279,0.8554337024688721,0.9014136791229248,0.1268656700849533,0.6868003606796265,0.003886815859004855,0.07796952873468399
480,-27.0762,-1.609,-28.6852,-29.875,-0.2266,0.0,0.0,0.991980254650116,0.9898282289505005,1.0,1.0,0.9903273582458496,0.12601056694984436,0.7604166865348816,0.0010883084032684565,0.008006840944290161
485,-27.1633,-1.5461,-28.7094,-29.8281,-0.1797,0.0,0.0,0.9933078289031982,0.9915736317634583,1.0,1.0,0.988467276096344,0.12196828424930573,0.7657027244567871,0.0008550995262339711,0.00699626887217164
490,-26.9941,-1.9699,-28.9641,-28.5938,-2.6719,0.0,0.0,0.9889574646949768,0.9696465730667114,1.0,0.927142858505249,0.9523809552192688,0.11967506259679794,0.7478233575820923,0.0008162313606590033,0.027207711711525917
495,-26.7672,-1.9809,-28.748,-29.1016,-1.6094,0.0,0.0,0.9918652176856995,0.9742687344551086,0.95652174949646,0.9492481350898743,0.9717261791229248,0.1337842047214508,0.7401663661003113,0.0008939676336012781,0.02067786082625389
500,-27.0707,-1.6926,-28.7633,-29.4688,-0.9453,0.0,0.0,0.9863923788070679,0.9858188629150391,1.0,0.9577922224998474,0.9791666865348816,0.12282337993383408,0.7592117786407471,0.001515858224593103,0.011971392668783665
505,-26.8797,-2.0863,-28.966,-28.5234,-2.8125,0.0,0.0,0.9892541170120239,0.9625642895698547,1.0,0.9018633365631104,0.9732142686843872,0.12297885864973068,0.7402829527854919,0.0009717039647512138,0.03128886967897415
510,-26.5648,-2.4219,-28.9867,-28.5234,-2.7891,0.0,0.0,0.97919762134552,0.9500859379768372,0.9861111044883728,0.9202825427055359,0.9542410969734192,0.13079135119915009,0.7234141826629639,0.0027985074557363987,0.03851834684610367
515,-26.2887,-3.0469,-29.3355,-27.5312,-4.7266,0.0,0.0,0.978742778301239,0.917966365814209,0.9756097793579102,0.8264563083648682,0.9267113208770752,0.12799285352230072,0.7002876400947571,0.0031871891114860773,0.06405472755432129
520,-26.8605,-2.1328,-28.9934,-28.8438,-2.2188,0.0,0.0,0.9870458245277405,0.9591794013977051,1.0,0.9317365288734436,0.9676339030265808,0.12301772087812424,0.7388837337493896,0.0011660447344183922,0.03245491161942482
525,-26.9246,-1.9707,-28.8953,-29.0469,-1.7422,0.0,0.0,0.9921948313713074,0.96871417760849,0.8709677457809448,0.9076433181762695,0.980654776096344,0.12449471652507782,0.7454135417938232,0.00120491289999336,0.024409204721450806
530,-26.6555,-2.366,-29.0215,-28.125,-3.4453,0.0,0.0,0.9911477565765381,0.9492385983467102,0.8787878751754761,0.8986220359802246,0.9635416865348816,0.12733209133148193,0.7274175882339478,0.0012826492311432958,0.039490051567554474
535,-26.7395,-2.1711,-28.9105,-28.3047,-3.2266,0.0,0.0,0.9812235236167908,0.9602775573730469,0.9833333492279053,0.9535759091377258,0.972842276096344,0.1283426582813263,0.733869731426239,0.0023320894688367844,0.030977923423051834
540,-26.9711,-1.9926,-28.9637,-28.8203,-2.2656,0.0,0.0,0.9898154139518738,0.9647267460823059,1.0,0.9148311018943787,0.9817708134651184,0.12212375551462173,0.7459965944290161,0.0009328357991762459,0.026469215750694275
545,-27.0066,-1.7949,-28.8016,-29.5,-0.7891,0.0,0.0,0.9903547167778015,0.9782844185829163,1.0,0.9729064106941223,0.9828869104385376,0.1249222606420517,0.7535369992256165,0.0012826492311432958,0.01578047312796116
550,-27.0457,-1.7684,-28.8141,-29.2422,-1.4922,0.0,0.0,0.9886898994445801,0.9784064888954163,1.0,0.9814814925193787,0.9873511791229248,0.12371735274791718,0.7541977763175964,0.0008162313606590033,0.016791045665740967
555,-26.9078,-1.8227,-28.7305,-29.0,-1.9062,0.0,0.0,0.9930847883224487,0.9817813634872437,1.0,0.9528301954269409,0.9709821343421936,0.12927550077438354,0.748833954334259,0.0009328357991762459,0.01648009940981865
560,-27.1684,-1.4797,-28.648,-29.75,-0.3125,0.0,0.0,0.9978193044662476,0.9952342510223389,1.0,1.0,0.9970238208770752,0.12476678937673569,0.7666355967521667,0.000310945266392082,0.0038090795278549194
565,-27.1473,-1.4984,-28.6457,-29.8125,-0.2812,0.0,0.0,0.9965955018997192,0.9948186278343201,1.0,1.0,0.996279776096344,0.12558302283287048,0.7651585936546326,0.0005441542016342282,0.004236629232764244
570,-26.9883,-1.657,-28.6453,-29.75,-0.4297,0.0,0.0,0.9937350749969482,0.9898730516433716,1.0,1.0,0.9851190447807312,0.1302860677242279,0.7561023235321045,0.0008550995262339711,0.008278917521238327
575,-27.1832,-1.5156,-28.6988,-29.8125,-0.3281,0.0,0.0,0.9952426552772522,0.9924054741859436,1.0,1.0,0.9933035969734192,0.12255130708217621,0.7676849961280823,0.0005441542016342282,0.004741915501654148
580,-26.9137,-1.7652,-28.6789,-29.1953,-1.5156,0.0,0.0,0.9958592057228088,0.9846312999725342,1.0,0.9472049474716187,0.9810267686843872,0.13141325116157532,0.7511271834373474,0.00046641789958812296,0.012515547685325146
585,-27.1168,-1.5945,-28.7113,-29.3672,-1.1719,0.0,0.0,0.9968789219856262,0.9882178902626038,1.0,0.9867256879806519,0.9936755895614624,0.12453357875347137,0.76204913854599,0.000155472633196041,0.008784203790128231
590,-27.168,-1.5719,-28.7398,-29.6094,-0.6875,0.0,0.0,0.9942325949668884,0.989827573299408,1.0,0.9672130942344666,0.9851190447807312,0.12130752205848694,0.7641868591308594,0.0005441542016342282,0.009483831003308296
595,-27.1395,-1.4895,-28.6289,-29.7578,-0.1797,0.0,0.0,0.998172402381897,0.9962883591651917,1.0,1.0,0.991815447807312,0.1276041716337204,0.764458954334259,0.000310945266392082,0.0031483208294957876
600,-27.0902,-1.5902,-28.6805,-29.6406,-0.6484,0.0,0.0,0.9975308775901794,0.9896349310874939,1.0,1.0,0.992559552192688,0.12593284249305725,0.7612329125404358,0.0005441542016342282,0.0078125
605,-27.1625,-1.4609,-28.6234,-29.9297,-0.0703,0.0,0.0,0.997845470905304,0.9967036843299866,1.0,1.0,1.0,0.12628264725208282,0.7664412260055542,0.0003886815975420177,0.00240982579998672
610,-27.152,-1.4785,-28.6305,-29.7656,-0.3516,0.0,0.0,0.9981532692909241,0.9958896040916443,1.0,1.0,0.9977678656578064,0.12628264725208282,0.7659359574317932,3.886815829901025e-05,0.003264925442636013
615,-27.1445,-1.5098,-28.6543,-29.75,-0.4297,0.0,0.0,0.99750155210495,0.9934537410736084,1.0,0.9754098653793335,1.0,0.12445584684610367,0.7659359574317932,0.0003886815975420177,0.004741915501654148
620,-27.0977,-1.5227,-28.6203,-29.6484,-0.5625,0.0,0.0,0.9987930059432983,0.9955111145973206,1.0,0.9327731132507324,0.991815447807312,0.12880907952785492,0.7619714140892029,0.00011660447489703074,0.004625311121344566
625,-27.1141,-1.7512,-28.8652,-28.5156,-2.7812,0.0,0.0,0.9990288019180298,0.9779857993125916,1.0,0.8871287107467651,0.9858630895614624,0.12006374448537827,0.7556747794151306,0.000155472633196041,0.01962842047214508
630,-26.8668,-1.8285,-28.6953,-29.1484,-1.6328,0.0,0.0,0.994707465171814,0.9811330437660217,1.0,0.9276486039161682,0.9858630895614624,0.13219061493873596,0.7478233575820923,0.00046641789958812296,0.015041977167129517
635,-27.1004,-1.6391,-28.7395,-29.4453,-1.0156,0.0,0.0,0.9975193738937378,0.9872451424598694,1.0,0.9273356199264526,0.9832589030265808,0.12534981966018677,0.7587841749191284,0.000155472633196041,0.011232897639274597
640,-26.9816,-1.709,-28.6906,-29.2656,-1.3281,0.0,0.0,0.9961077570915222,0.9849961400032043,1.0,0.9830508232116699,0.988095223903656,0.12981964647769928,0.7538479566574097,0.0003886815975420177,0.011466107331216335
645,-26.982,-1.8746,-28.8566,-28.5703,-2.7422,0.0,0.0,0.9987468719482422,0.9727711081504822,0.75,0.912966251373291,0.9832589030265808,0.12406716495752335,0.7494170069694519,0.000155472633196041,0.02188277430832386
650,-26.8133,-2.1371,-28.9504,-28.0391,-3.7109,0.0,0.0,0.9944920539855957,0.9631736874580383,1.0,0.842377245426178,0.9668898582458496,0.12702114880084991,0.7377565503120422,0.0006607586983591318,0.030083954334259033
655,-26.4387,-2.8242,-29.2629,-26.3359,-7.0938,0.0,0.0,0.9923218488693237,0.9342924952507019,0.7407407164573669,0.7438119053840637,0.9468005895614624,0.1265547275543213,0.7051072716712952,0.0010494403541088104,0.06281094253063202
660,-27.2387,-1.4469,-28.6855,-29.7344,-0.3906,0.0,0.0,0.997450590133667,0.9949987530708313,1.0,1.0,0.9977678656578064,0.12196828424930573,0.7693952322006226,0.00019434079877100885,0.003964552190154791
665,-26.5879,-2.6125,-29.2004,-26.6562,-6.5469,0.0,0.0,0.9938061237335205,0.9363675713539124,0.9333333373069763,0.8568282127380371,0.941220223903656,0.12550528347492218,0.7164956331253052,0.0005830223672091961,0.05293843150138855
670,-27.2117,-1.4574,-28.6691,-29.6797,-0.5469,0.0,0.0,0.998742938041687,0.9948948621749878,1.0,1.0,0.9988839030265808,0.12367848306894302,0.7689676880836487,3.886815829901025e-05,0.0028373757377266884
675,-26.9207,-1.7711,-28.6918,-29.2188,-1.375,0.0,0.0,0.9979265332221985,0.9822574257850647,1.0,0.9816513657569885,0.9854910969734192,0.13121891021728516,0.7513992786407471,0.00019434079877100885,0.012709887698292732
680,-26.4574,-2.6262,-29.0836,-26.5703,-6.5781,0.0,0.0,0.994727611541748,0.9475150108337402,0.875,0.7107692360877991,0.9620535969734192,0.13269589841365814,0.7116760015487671,0.000621890532784164,0.05052860826253891
685,-27.1254,-1.4754,-28.6008,-29.7344,-0.3438,0.0,0.0,0.9996994137763977,0.9973043203353882,1.0,1.0,0.995907723903656,0.1293143630027771,0.7641868591308594,3.886815829901025e-05,0.0019822760950773954
690,-27.143,-1.4461,-28.5891,-29.9531,-0.0234,0.0,0.0,0.9966545104980469,0.9990370273590088,1.0,1.0,1.0,0.12779851257801056,0.7668687701225281,0.00023320894979406148,0.000621890532784164
695,-26.807,-2.1707,-28.9777,-27.8047,-4.2969,0.0,0.0,0.9978321194648743,0.9590856432914734,1.0,0.8276670575141907,0.9810267686843872,0.12550528347492218,0.7362406849861145,0.000621890532784164,0.03315453976392746
700,-27.0957,-1.5746,-28.6703,-29.4844,-0.9375,0.0,0.0,0.9990777969360352,0.9916296601295471,1.0,0.9947090148925781,0.984747052192688,0.12643812596797943,0.761543869972229,0.00019434079877100885,0.007346082013100386
705,-27.0594,-1.5852,-28.6445,-29.7578,-0.4141,0.0,0.0,0.9975823760032654,0.9921771287918091,1.0,1.0,0.9869791865348816,0.12861473858356476,0.7601834535598755,0.0002720771008171141,0.006452114321291447
710,-26.9246,-1.9309,-28.8555,-28.0234,-3.8594,0.0,0.0,0.9981446862220764,0.9717605113983154,1.0,0.8918032646179199,0.9787946343421936,0.12569962441921234,0.7459965944290161,0.00011660447489703074,0.023709576576948166
715,-25.818,-4.1559,-29.9738,-23.9141,-11.9844,0.0,0.0,0.993046760559082,0.8928443193435669,0.5454545617103577,0.572706937789917,0.8664434552192688,0.12297885864973068,0.6496424078941345,0.0012826492311432958,0.12161847203969955
720,-24.9234,-5.8066,-30.7301,-22.7578,-14.3203,0.0,0.0,0.980079710483551,0.8456693887710571,0.6111111044883728,0.4536585509777069,0.8098958134651184,0.12682680785655975,0.5739660859107971,0.00349813443608582,0.19123134016990662
725,-24.2504,-7.141,-31.3914,-21.4688,-16.4766,0.0,0.0,0.9709228873252869,0.8379045128822327,0.6042780876159668,0.3202282786369324,0.7552083134651184,0.12297885864973068,0.5200948119163513,0.007268345914781094,0.24518035352230072
730,-26.7602,-2.2633,-29.0234,-28.5312,-2.6328,0.0,0.0,0.9925187230110168,0.9624694585800171,0.800000011920929,0.7810218930244446,0.9441964030265808,0.12468905746936798,0.7321983575820923,0.0013603855622932315,0.0372745655477047
735,-27.1781,-1.4156,-28.5938,-29.9375,-0.0312,0.0,0.0,1.0,1.0,0.0,1.0,0.9970238208770752,0.1274486929178238,0.7677627205848694,0.0,0.000310945266392082
740,-27.2055,-1.4184,-28.6238,-29.8594,-0.0703,0.0,0.0,1.0,0.998182475566864,0.0,1.0,1.0,0.12457244843244553,0.76986163854599,0.0,0.0010883084032684565
745,-27.2184,-1.4523,-28.6707,-29.5938,-0.3672,0.0,0.0,0.9996846318244934,0.995854377746582,0.0,1.0,0.991815447807312,0.12325093150138855,0.7688121795654297,0.0,0.0034592661540955305
750,-27.2406,-1.443,-28.6836,-29.6016,-0.7266,0.0,0.0,0.9993597865104675,0.996116042137146,1.0,0.9777777791023254,0.9899553656578064,0.1214241310954094,0.7705612778663635,3.886815829901025e-05,0.00349813443608582
755,-27.0508,-1.5848,-28.6355,-29.3438,-1.2188,0.0,0.0,0.9996997117996216,0.9925273656845093,1.0,0.8698225021362305,0.9929315447807312,0.12943096458911896,0.7594060897827148,0.00011660447489703074,0.0065687187016010284
760,-27.0695,-1.525,-28.5945,-29.8828,-0.1875,0.0,0.0,0.9990963935852051,0.9951117634773254,1.0,1.0,0.9988839030265808,0.12904228270053864,0.7633317708969116,3.886815829901025e-05,0.0031094527803361416
765,-27.0312,-1.5781,-28.6094,-29.5078,-0.75,0.0,0.0,0.9979147911071777,0.99257892370224,1.0,0.9407407641410828,1.0,0.13048040866851807,0.7594449520111084,0.00034981343196704984,0.005247201304882765
770,-27.0945,-1.5535,-28.648,-29.5703,-0.6719,0.0,0.0,0.9975550174713135,0.9924543499946594,1.0,1.0,0.9940476417541504,0.12717661261558533,0.7623600959777832,0.0002720771008171141,0.005713619291782379
775,-27.1863,-1.4824,-28.6688,-29.7656,-0.3047,0.0,0.0,0.9981197118759155,0.9953365921974182,1.0,0.9272727370262146,0.9914434552192688,0.1240282952785492,0.766791045665741,0.00042754976311698556,0.004275497514754534
780,-27.1363,-1.4969,-28.6332,-29.6562,-0.5469,0.0,0.0,1.0,0.9945563673973083,0.0,1.0,0.9985119104385376,0.12748755514621735,0.7639925479888916,0.0,0.00404228875413537
785,-27.1883,-1.4762,-28.6645,-29.75,-0.4062,0.0,0.0,0.9962511658668518,0.9945759773254395,1.0,1.0,0.999627947807312,0.12441697716712952,0.7667521834373474,0.000310945266392082,0.00404228875413537
790,-27.1352,-1.5098,-28.6449,-29.6016,-0.6328,0.0,0.0,0.9990720748901367,0.9946646094322205,1.0,0.8951612710952759,0.995907723903656,0.1256607621908188,0.7649253606796265,0.00011660447489703074,0.00481965159997344
795,-27.2191,-1.4227,-28.6418,-29.8281,-0.3438,0.0,0.0,1.0,0.9980309009552002,1.0,1.0,0.9940476417541504,0.12360074371099472,0.7698227763175964,3.886815829901025e-05,0.002060012426227331
800,-27.2273,-1.4742,-28.7016,-29.4062,-1.1406,0.0,0.0,1.0,0.9939829111099243,0.0,0.8818897604942322,0.9940476417541504,0.12189054489135742,0.768695592880249,0.0,0.004936256445944309
805,-27.1672,-1.4574,-28.6246,-29.7344,-0.4375,0.0,0.0,0.9990732073783875,0.9979230761528015,1.0,0.9830508232116699,0.9906994104385376,0.1258162260055542,0.767296314239502,0.00011660447489703074,0.0022932214196771383
810,-27.0199,-1.5773,-28.5973,-29.5312,-0.8203,0.0,0.0,0.9997050762176514,0.9941610097885132,0.0,0.871999979019165,0.9933035969734192,0.13180193305015564,0.7588619589805603,0.0,0.00485851988196373
815,-26.9891,-1.7152,-28.7043,-28.8438,-2.1484,0.0,0.0,0.9981883764266968,0.9868115782737732,1.0,0.7813504934310913,0.9895833134651184,0.12873134016990662,0.7544698119163513,0.00023320894979406148,0.012087997049093246
820,-27.2668,-1.4164,-28.6832,-29.6797,-0.5,0.0,0.0,0.9964504837989807,0.9969278573989868,1.0,1.0,0.9951636791229248,0.12045242637395859,0.771766185760498,0.00042754976311698556,0.0028762437868863344
825,-27.116,-1.4859,-28.602,-29.6719,-0.5391,0.0,0.0,1.0,0.9965922236442566,0.0,1.0,0.9970238208770752,0.12873134016990662,0.7641868591308594,0.0,0.0026041667442768812
830,-27.1473,-1.4961,-28.6434,-29.5859,-0.7578,0.0,0.0,1.0,0.9944142699241638,0.0,0.9150943160057068,1.0,0.1259717047214508,0.7654306888580322,0.0,0.004120024852454662
835,-27.2395,-1.3938,-28.6332,-29.875,-0.25,0.0,0.0,1.0,0.9988420009613037,0.0,1.0,1.0,0.12262903898954391,0.7719993591308594,0.0,0.0008939676336012781
840,-27.191,-1.4074,-28.5984,-29.9062,-0.0469,0.0,0.0,1.0,0.9997474551200867,0.0,1.0,1.0,0.1257385015487671,0.7695895433425903,0.0,0.00019434079877100885
845,-27.2074,-1.5117,-28.7191,-29.3047,-1.2031,0.0,0.0,0.999362051486969,0.9918431639671326,1.0,0.981249988079071,0.988467276096344,0.12185168266296387,0.7671797275543213,0.0002720771008171141,0.006218905560672283
850,-27.1844,-1.457,-28.6414,-29.6719,-0.5625,0.0,0.0,0.9996904730796814,0.9970610737800598,0.0,0.7702702879905701,0.9970238208770752,0.12558302283287048,0.7670631408691406,0.0,0.0028762437868863344
855,-27.2234,-1.3977,-28.6211,-29.8984,-0.0859,0.0,0.0,0.9993743896484375,0.9992940425872803,1.0,1.0,1.0,0.12426150590181351,0.7707944512367249,0.00011660447489703074,0.00034981343196704984
860,-27.2012,-1.4973,-28.6984,-29.5156,-0.8516,0.0,0.0,0.9990548491477966,0.9932024478912354,1.0,0.8881579041481018,0.9951636791229248,0.123367540538311,0.7662079930305481,3.886815829901025e-05,0.00590796023607254
865,-26.8738,-2.0418,-28.9156,-26.5703,-6.6484,0.0,0.0,0.997850775718689,0.9733193516731262,0.6000000238418579,0.6287263035774231,0.9903273582458496,0.12659358978271484,0.7400497794151306,0.00019434079877100885,0.028684701770544052
870,-27.2031,-1.4523,-28.6555,-29.5469,-0.7656,0.0,0.0,0.9981441497802734,0.9957917332649231,1.0,1.0,0.9988839030265808,0.1256607621908188,0.7665966749191284,0.00023320894979406148,0.003031716449186206
875,-27.1359,-1.6406,-28.7766,-28.3984,-3.0391,0.0,0.0,0.9993646740913391,0.9844628572463989,1.0,0.8703703880310059,0.9970238208770752,0.12235696613788605,0.7604944109916687,7.77363165980205e-05,0.01259328331798315
880,-26.7488,-2.4898,-29.2387,-23.9375,-11.9844,0.0,0.0,0.9977346062660217,0.9625402092933655,0.6000000238418579,0.4754863679409027,0.9654017686843872,0.12010261416435242,0.7252798676490784,0.00019434079877100885,0.049945585429668427
885,-27.1602,-1.4363,-28.5965,-29.8906,-0.1016,0.0,0.0,1.0,0.9985827803611755,0.0,1.0,1.0,0.12651586532592773,0.7679182291030884,0.0,0.0010883084032684565
890,-27.1785,-1.45,-28.6285,-29.875,-0.1797,0.0,0.0,0.999070942401886,0.996759831905365,1.0,1.0,1.0,0.12550528347492218,0.7677238583564758,3.886815829901025e-05,0.0022543531376868486
895,-26.7727,-2.2148,-28.9875,-25.4375,-8.9141,0.0,0.0,0.9984695315361023,0.9786016941070557,0.5625,0.3854047954082489,0.9735863208770752,0.12698227167129517,0.7338308691978455,0.000621890532784164,0.034087374806404114
900,-27.2129,-1.4199,-28.6328,-29.7344,-0.4375,0.0,0.0,1.0,0.9978805184364319,0.0,0.9772727489471436,0.9992559552192688,0.12360074371099472,0.7702114582061768,0.0,0.0017101990524679422
905,-26.9113,-2.1168,-29.0281,-25.7344,-8.3906,0.0,0.0,0.9990436434745789,0.9731276035308838,0.3333333432674408,0.530106246471405,0.976934552192688,0.12192941457033157,0.7405550479888916,0.00011660447489703074,0.03292132914066315
910,-26.4609,-2.6309,-29.0918,-24.1562,-11.4297,0.0,0.0,0.9988310933113098,0.9632962346076965,0.5833333134651184,0.4551181197166443,0.9642857313156128,0.13300684094429016,0.7126865386962891,0.00046641789958812296,0.04936256259679794
915,-27.1898,-1.4145,-28.6043,-29.8906,-0.1484,0.0,0.0,1.0,0.999596357345581,1.0,1.0,0.9970238208770752,0.12488339841365814,0.7703280448913574,0.000155472633196041,0.000155472633196041
920,-27.1633,-1.5121,-28.6754,-29.5625,-0.8516,0.0,0.0,0.9993754029273987,0.991979718208313,0.0,1.0,1.0,0.12445584684610367,0.7657027244567871,0.0,0.005363806150853634
925,-26.6027,-2.4246,-29.0273,-24.8672,-9.9844,0.0,0.0,0.9973070025444031,0.9609211683273315,0.7142857313156128,0.5856873989105225,0.9776785969734192,0.12989738583564758,0.7240749597549438,0.0002720771008171141,0.04127798601984978
930,-27.1617,-1.4508,-28.6125,-29.7031,-0.5,0.0,0.0,1.0,0.9976701736450195,0.0,1.0,0.9970238208770752,0.12620490789413452,0.7674129605293274,0.0,0.0019045397639274597
935,-26.527,-2.7941,-29.3211,-23.3828,-13.0703,0.0,0.0,0.9978240728378296,0.9563500881195068,0.7777777910232544,0.4252218008041382,0.9654017686843872,0.12503886222839355,0.7087997794151306,0.00034981343196704984,0.06133395433425903
940,-27.0215,-1.8238,-28.8453,-27.2266,-5.2422,0.0,0.0,0.9987480640411377,0.9804630875587463,1.0,0.6835699677467346,0.9877232313156128,0.1241837665438652,0.7520211338996887,0.000155472633196041,0.019162002950906754
945,-27.2734,-1.3844,-28.6578,-29.7812,-0.3203,0.0,0.0,1.0,0.9984400272369385,0.0,0.8387096524238586,1.0,0.12192941457033157,0.7723880410194397,0.0,0.00120491289999336
950,-26.4992,-2.7359,-29.2352,-23.5156,-12.8047,0.0,0.0,0.9978566765785217,0.9578981995582581,0.5555555820465088,0.5033875107765198,0.9375,0.1269434094429016,0.7108597755432129,0.00034981343196704984,0.057369403541088104
955,-25.4828,-4.7875,-30.2703,-20.625,-18.6094,0.0,0.0,0.9965965151786804,0.9277478456497192,0.5384615659713745,0.27866700291633606,0.8567708134651184,0.12562188506126404,0.620258092880249,0.001515858224593103,0.14812655746936798
960,-27.1766,-1.448,-28.6246,-29.7812,-0.2969,0.0,0.0,0.9996891617774963,0.9971176981925964,0.0,1.0,0.9985119104385376,0.12503886222839355,0.7686567306518555,0.0,0.001826803432777524
965,-27.168,-1.4863,-28.6543,-29.4844,-0.9609,0.0,0.0,0.9996904134750366,0.9940675497055054,1.0,0.977011501789093,1.0,0.12554416060447693,0.7665578126907349,3.886815829901025e-05,0.003381529822945595
970,-26.9852,-1.7887,-28.7738,-28.25,-3.4297,0.0,0.0,0.9993861317634583,0.9800702333450317,1.0,0.8713592290878296,0.9854910969734192,0.1266324669122696,0.7527984976768494,7.77363165980205e-05,0.016013681888580322
975,-26.3918,-3.0305,-29.4223,-22.2812,-14.6406,0.0,0.0,0.9959539175033569,0.9474824666976929,0.5,0.47192883491516113,0.9375,0.12488339841365814,0.699393630027771,0.0013215173967182636,0.06992381811141968
980,-24.4012,-6.8945,-31.2957,-20.7422,-18.4219,0.0,0.0,0.9893882870674133,0.8985571265220642,0.3963963985443115,0.19785051047801971,0.7827380895614624,0.12453357875347137,0.5279850959777832,0.0043143657967448235,0.2386893630027771
985,-24.9195,-5.934,-30.8535,-20.8594,-17.9062,0.0,0.0,0.9904943108558655,0.8947368264198303,0.3695652186870575,0.2711067497730255,0.8374255895614624,0.12266790866851807,0.5708566308021545,0.0035758705344051123,0.19842195510864258
990,-25.6855,-4.4723,-30.1578,-22.0078,-15.9141,0.0,0.0,0.9943181872367859,0.9105706214904785,0.4285714328289032,0.3667346239089966,0.898809552192688,0.12313432991504669,0.6375932693481445,0.0013603855622932315,0.13343438506126404
995,-27.2207,-1.4383,-28.659,-29.625,-0.6094,0.0,0.0,0.9996856451034546,0.9961093664169312,0.0,0.9264705777168274,1.0,0.12363961338996887,0.7692397236824036,0.0,0.0026430347934365273
1000,-27.1207,-1.4484,-28.5691,-29.8906,-0.125,0.0,0.0,1.0,0.9992393255233765,0.0,1.0,1.0,0.1284981369972229,0.7664800882339478,0.0,0.0005441542016342282
1005,-27.1402,-1.6156,-28.7559,-28.7812,-2.2734,0.0,0.0,1.0,0.9875770211219788,0.0,0.7029288411140442,0.9992559552192688,0.12282337993383408,0.7634094953536987,0.0,0.009289490059018135
1010,-27.0887,-1.5148,-28.6035,-29.4453,-0.8984,0.0,0.0,0.9988005757331848,0.9961277842521667,1.0,0.8289473652839661,0.9970238208770752,0.12962530553340912,0.7628653645515442,7.77363165980205e-05,0.00295398011803627
1015,-27.1516,-1.5273,-28.6789,-28.9531,-2.0469,0.0,0.0,1.0,0.9931374788284302,0.0,0.8235294222831726,0.9947916865348816,0.12496113032102585,0.7646144032478333,0.0,0.00594682851806283
1020,-26.9484,-1.5434,-28.4918,-29.8047,-0.3438,0.0,0.0,1.0,0.9984633326530457,0.0,1.0,1.0,0.13580535352230072,0.7588230967521667,0.0,0.0008939676336012781
1025,-26.9043,-1.9129,-28.8172,-27.5391,-4.6641,0.0,0.0,0.9987793564796448,0.9788919687271118,1.0,0.6783216595649719,0.9888392686843872,0.1273709535598755,0.74576336145401,0.000155472633196041,0.02223258651793003
1030,-27.2457,-1.3801,-28.6258,-29.9688,-0.0156,0.0,0.0,1.0,0.9999496936798096,0.0,0.800000011920929,0.9988839030265808,0.12227922677993774,0.7730488181114197,0.0,0.00019434079877100885
1035,-27.1816,-1.4203,-28.602,-29.8906,-0.1016,0.0,0.0,1.0,0.9990383982658386,1.0,1.0,1.0,0.126787930727005,0.7679959535598755,3.886815829901025e-05,0.0006996268639340997
1040,-27.0684,-1.7313,-28.7996,-27.8203,-4.3125,0.0,0.0,0.9996835589408875,0.9839926362037659,0.0,0.6623711585998535,0.9970238208770752,0.12282337993383408,0.7575792670249939,3.886815829901025e-05,0.015080845914781094
1045,-27.2563,-1.4094,-28.6656,-29.75,-0.4062,0.0,0.0,1.0,0.9967737197875977,0.0,1.0,1.0,0.12262903898954391,0.771027684211731,0.0,0.0018656715983524919
1050,-27.1941,-1.4844,-28.6785,-29.3203,-1.2422,0.0,0.0,0.9993683099746704,0.9945427179336548,0.0,0.9047619104385376,0.9921875,0.12305659055709839,0.76920086145401,0.0,0.003264925442636013
1055,-27.2426,-1.4039,-28.6465,-29.7812,-0.3672,0.0,0.0,1.0,0.9978340864181519,0.0,1.0,1.0,0.12251243740320206,0.7716495394706726,0.0,0.0013603855622932315
1060,-27.0258,-1.5469,-28.5727,-29.3438,-1.1484,0.0,0.0,0.9994136691093445,0.9950348138809204,1.0,0.967391312122345,1.0,0.13257929682731628,0.7593283653259277,3.886815829901025e-05,0.0035758705344051123
1065,-26.8551,-2.0676,-28.9227,-26.2656,-7.3281,0.0,0.0,0.9990800619125366,0.9705851674079895,0.8333333134651184,0.6734693646430969,0.984747052192688,0.12674906849861145,0.7399719953536987,0.00023320894979406148,0.028568096458911896
1070,-26.918,-2.0379,-28.9559,-25.8906,-8.125,0.0,0.0,0.9990554451942444,0.9742289781570435,0.6666666865348816,0.5471956133842468,0.992559552192688,0.12344527244567871,0.7435478568077087,0.00011660447489703074,0.028412625193595886
1075,-27.1352,-1.4887,-28.6238,-29.5312,-0.8203,0.0,0.0,1.0,0.9963918924331665,0.0,0.6962025165557861,1.0,0.12756529450416565,0.7648476362228394,3.886815829901025e-05,0.003070584498345852
1080,-25.8496,-4.1898,-30.0395,-20.9609,-17.8672,0.0,0.0,0.9971126317977905,0.9391169548034668,0.2222222238779068,0.2681228220462799,0.9077380895614624,0.12115205079317093,0.6505363583564758,0.0010494403541088104,0.12278451770544052
1085,-26.766,-2.2258,-28.9918,-25.5781,-8.5859,0.0,0.0,0.9987845420837402,0.9655464887619019,0.5714285969734192,0.6107305884361267,0.984747052192688,0.12791511416435242,0.7332866787910461,0.0002720771008171141,0.03404850885272026
1090,-25.6914,-4.3785,-30.0699,-21.1719,-17.5391,0.0,0.0,0.9972248077392578,0.9397260546684265,0.25,0.24462366104125977,0.9069940447807312,0.1260494440793991,0.6384094953536987,0.0009328357991762459,0.1301306039094925
1095,-23.5262,-8.5285,-32.0547,-19.8672,-19.7734,0.0,0.0,0.9897035956382751,0.9043574333190918,0.21463415026664734,0.11365661025047302,0.7220982313156128,0.12457244843244553,0.4575948417186737,0.007967972196638584,0.30538713932037354
1100,-21.9125,-11.2168,-33.1293,-19.6016,-19.9297,0.0,0.0,0.9621915817260742,0.848785400390625,0.2124645859003067,0.11192499101161957,0.5840773582458496,0.12130752205848694,0.3488028645515442,0.02744092047214508,0.39797109365463257
1105,-21.457,-11.9602,-33.4172,-19.5156,-19.9375,0.0,0.0,0.9666666388511658,0.8734500408172607,0.1658986210823059,0.08056218922138214,0.5364583134651184,0.11893656849861145,0.3197294771671295,0.03373756259679794,0.4231187701225281
1110,-24.4504,-6.6367,-31.0871,-19.9922,-19.5938,0.0,0.0,0.9960606098175049,0.9482572078704834,0.16153846681118011,0.09351642429828644,0.8002232313156128,0.128264918923378,0.5385960936546326,0.005052860826253891,0.22360852360725403
1115,-27.1352,-1.4664,-28.6016,-29.7578,-0.3906,0.0,0.0,1.0,0.9975640773773193,0.0,0.7777777910232544,1.0,0.12787623703479767,0.7658970952033997,0.0,0.00174906721804291
1120,-26.8062,-2.0574,-28.8637,-26.3047,-7.2734,0.0,0.0,0.9996986985206604,0.9802016615867615,0.3333333432674408,0.4245562255382538,0.9936755895614624,0.12900342047214508,0.7401275038719177,0.00011660447489703074,0.026274874806404114
1125,-26.9984,-1.5934,-28.5918,-29.2734,-1.3828,0.0,0.0,0.99970543384552,0.9931756258010864,1.0,0.9285714030265808,0.9951636791229248,0.13195739686489105,0.7575015425682068,7.77363165980205e-05,0.005985696334391832
1130,-27.1688,-1.4262,-28.5949,-29.8438,-0.1953,0.0,0.0,1.0,0.9990882873535156,0.0,1.0,1.0,0.1274486929178238,0.7673740386962891,0.0,0.0006996268639340997
1135,-27.2855,-1.3965,-28.682,-29.6562,-0.5938,0.0,0.0,1.0,0.9973804950714111,0.0,0.9701492786407471,0.9951636791229248,0.12134639173746109,0.7715718150138855,0.0,0.0026041667442768812
1140,-27.1984,-1.416,-28.6145,-29.9141,-0.0781,0.0,0.0,1.0,0.9986856579780579,1.0,1.0,1.0,0.12585510313510895,0.7688899040222168,3.886815829901025e-05,0.0007384950295090675
1145,-27.0918,-1.518,-28.6098,-29.5,-0.7656,0.0,0.0,1.0,0.9948540329933167,1.0,0.9252336621284485,1.0,0.1284203976392746,0.7628653645515442,7.77363165980205e-05,0.004158893134444952
1150,-27.1285,-1.4891,-28.6176,-29.6094,-0.6406,0.0,0.0,0.9993919134140015,0.9955792427062988,1.0,1.0,0.9992559552192688,0.1278373748064041,0.7649253606796265,3.886815829901025e-05,0.002720771124586463
1155,-27.1684,-1.4328,-28.6012,-29.9062,-0.0703,0.0,0.0,0.9996917247772217,0.9985837340354919,1.0,1.0,1.0,0.12608830630779266,0.7684234976768494,3.886815829901025e-05,0.0009717039647512138
1160,-26.95,-1.8918,-28.8418,-27.7266,-4.4062,0.0,0.0,0.9984553456306458,0.9763681888580322,1.0,0.7326732873916626,0.9888392686843872,0.1258162260055542,0.75,7.77363165980205e-05,0.01962842047214508
1165,-27.1984,-1.4512,-28.6496,-29.4531,-1.0,0.0,0.0,1.0,0.9960561990737915,1.0,0.9058823585510254,1.0,0.12344527244567871,0.7687344551086426,3.886815829901025e-05,0.003303793491795659
1170,-27.259,-1.3711,-28.6301,-29.8672,-0.0781,0.0,0.0,1.0,0.9999497532844543,0.0,1.0,1.0,0.12224035710096359,0.7732431888580322,0.0,3.886815829901025e-05
1175,-27.0074,-1.6,-28.6074,-29.25,-1.3125,0.0,0.0,0.9994075894355774,0.992306113243103,0.0,0.9404761791229248,0.9944196343421936,0.13121891021728516,0.7577736377716064,0.0,0.006529850885272026
1180,-26.9883,-1.807,-28.7953,-27.4766,-4.8359,0.0,0.0,0.9996924996376038,0.9822500348091125,0.800000011920929,0.6840958595275879,0.9910714030265808,0.12639924883842468,0.7510883212089539,0.00019434079877100885,0.017840484157204628
1185,-27.2285,-1.3863,-28.6148,-29.9219,-0.0391,0.0,0.0,1.0,0.99994957447052,0.0,1.0,1.0,0.12430037558078766,0.7711831331253052,0.0,3.886815829901025e-05
1190,-27.1703,-1.5344,-28.7047,-29.1641,-1.625,0.0,0.0,1.0,0.9908061027526855,1.0,0.9175823926925659,0.9970238208770752,0.1232120618224144,0.7651974558830261,3.886815829901025e-05,0.0070740049704909325
1195,-26.6297,-2.4762,-29.1059,-24.4297,-10.8594,0.0,0.0,0.9978540539741516,0.9624040126800537,0.8181818127632141,0.5043553709983826,0.9732142686843872,0.126787930727005,0.7236862778663635,0.00042754976311698556,0.04462064802646637
1200,-26.7969,-2.1113,-28.9082,-25.7578,-8.3203,0.0,0.0,0.9996999502182007,0.9746072292327881,0.800000011920929,0.559449315071106,0.9866071343421936,0.129547581076622,0.7347248196601868,0.00019434079877100885,0.03105565905570984
1205,-26.3988,-2.8289,-29.2277,-22.3438,-15.1016,0.0,0.0,0.9985025525093079,0.9616824388504028,0.5714285969734192,0.36900854110717773,0.9676339030265808,0.12978078424930573,0.7060012221336365,0.0005441542016342282,0.05919620767235756
1210,-27.2531,-1.3828,-28.6359,-29.7422,-0.2578,0.0,0.0,0.9996854066848755,0.9992443323135376,0.0,1.0,1.0,0.12356188148260117,0.7715329527854919,0.0,0.00042754976311698556
1215,-26.6203,-2.5887,-29.209,-24.0156,-11.6875,0.0,0.0,0.997485876083374,0.9590592980384827,0.5,0.46906036138534546,0.9750744104385376,0.12367848306894302,0.720576822757721,0.0003886815975420177,0.05087842047214508
1220,-26.7465,-2.0879,-28.8344,-26.6016,-6.6797,0.0,0.0,0.9997050762176514,0.9730256795883179,1.0,0.6398176550865173,0.9862351417541504,0.13180193305015564,0.7377565503120422,0.0003886815975420177,0.025575248524546623
1225,-27.152,-1.4973,-28.6492,-29.5703,-0.7891,0.0,0.0,0.9993808269500732,0.9947189092636108,1.0,0.834782600402832,1.0,0.12554416060447693,0.7654306888580322,7.77363165980205e-05,0.004469838459044695
1230,-26.716,-2.416,-29.132,-24.8125,-10.1641,0.0,0.0,0.9978063106536865,0.9650783538818359,0.7142857313156128,0.5021872520446777,0.9665178656578064,0.1240282952785492,0.7267957329750061,0.0002720771008171141,0.04442630708217621
1235,-27.0813,-1.7746,-28.8559,-27.7344,-4.4141,0.0,0.0,0.9990397095680237,0.97791588306427,1.0,0.7995495200157166,0.9940476417541504,0.1214241310954094,0.7568019032478333,3.886815829901025e-05,0.017257463186979294
1240,-26.8945,-2.059,-28.9535,-26.7969,-6.3359,0.0,0.0,0.9993730187416077,0.9671366214752197,1.0,0.6997389197349548,0.9981398582458496,0.12398942559957504,0.7415655851364136,0.00019434079877100885,0.029773009940981865
1245,-27.2285,-1.4074,-28.6359,-29.6875,-0.5781,0.0,0.0,1.0,0.9986388087272644,0.0,0.8387096524238586,0.9981398582458496,0.12332867085933685,0.7709888219833374,0.0,0.00120491289999336
1250,-27.0723,-1.598,-28.6703,-28.8281,-2.1797,0.0,0.0,0.9996947646141052,0.9891626834869385,1.0,0.9195979833602905,1.0,0.12733209133148193,0.7603389024734497,0.00011660447489703074,0.007734763901680708
1255,-27.2469,-1.4047,-28.6516,-29.7891,-0.375,0.0,0.0,1.0,0.9975789189338684,0.0,1.0,1.0,0.12305659055709839,0.7706001400947571,0.0,0.0018656715983524919
1260,-27.1211,-1.4922,-28.6133,-29.5,-0.9062,0.0,0.0,1.0,0.9954286813735962,0.0,1.0,1.0,0.12713775038719177,0.7652363181114197,0.0,0.0031483208294957876
1265,-27.0426,-1.518,-28.5605,-29.5547,-0.7734,0.0,0.0,1.0,0.9969337582588196,0.0,1.0,0.9973958134651184,0.13269589841365814,0.7605721354484558,0.0,0.0022543531376868486
1270,-26.9805,-1.5637,-28.5441,-29.5938,-0.7891,0.0,0.0,1.0,0.9956963062286377,0.0,1.0,0.9970238208770752,0.13382306694984436,0.7586287260055542,0.0,0.003070584498345852
1275,-27.1668,-1.4535,-28.6203,-29.4375,-0.8203,0.0,0.0,1.0,0.9968056082725525,0.0,1.0,1.0,0.12651586532592773,0.7665578126907349,0.0,0.0024486940819770098
1280,-26.9074,-1.9688,-28.8762,-26.9688,-5.9219,0.0,0.0,0.9987593293190002,0.9752790331840515,1.0,0.6413902044296265,0.9940476417541504,0.12531094253063202,0.745258092880249,0.00034981343196704984,0.024603545665740967
1285,-27.0242,-1.8043,-28.8285,-27.9766,-3.9062,0.0,0.0,0.9996883869171143,0.9793010950088501,1.0,0.7064017653465271,0.9981398582458496,0.12472791969776154,0.7529928684234619,0.00019434079877100885,0.017607275396585464
1290,-27.1621,-1.5273,-28.6895,-28.9453,-1.9453,0.0,0.0,0.999688446521759,0.9930301308631897,1.0,0.763005793094635,0.9977678656578064,0.12476678937673569,0.7639925479888916,3.886815829901025e-05,0.0067241913639009
1295,-26.9141,-1.8277,-28.7418,-28.0312,-3.7969,0.0,0.0,0.9991063475608826,0.9824060797691345,0.5,0.6731234788894653,0.9970238208770752,0.13048040866851807,0.7489116787910461,7.77363165980205e-05,0.016052549704909325
1300,-26.8594,-1.9676,-28.827,-26.9609,-5.8906,0.0,0.0,0.9987930059432983,0.9797399640083313,0.75,0.5481611490249634,0.9899553656578064,0.12880907952785492,0.7443641424179077,0.000155472633196041,0.02219371870160103
1305,-27.1754,-1.4996,-28.675,-29.0781,-1.7031,0.0,0.0,0.9996882081031799,0.9945696592330933,0.0,0.6976743936538696,0.9992559552192688,0.12465018779039383,0.7658582329750061,0.0,0.005013992544263601
1310,-27.043,-1.7352,-28.7781,-27.3594,-5.2578,0.0,0.0,1.0,0.9880006313323975,1.0,0.4643874764442444,0.9940476417541504,0.12383395433425903,0.7579679489135742,7.77363165980205e-05,0.013642723672091961
1315,-27.1043,-1.5598,-28.6641,-28.8828,-2.0,0.0,0.0,1.0,0.993232250213623,0.6666666865348816,0.6797385811805725,0.9970238208770752,0.12562188506126404,0.7638370394706726,0.00011660447489703074,0.00594682851806283
1320,-27.0656,-1.5879,-28.6535,-29.1328,-1.6172,0.0,0.0,1.0,0.9916236996650696,1.0,0.8074533939361572,0.995907723903656,0.12818719446659088,0.7609996795654297,7.77363165980205e-05,0.006257773842662573
1325,-27.0402,-1.6012,-28.6414,-29.0469,-1.8125,0.0,0.0,0.9996989965438843,0.9925300478935242,0.0,0.6994219422340393,0.9970238208770752,0.12912002205848694,0.7596781849861145,0.0,0.0067241913639009
1330,-27.234,-1.4141,-28.648,-29.7266,-0.4297,0.0,0.0,0.999684751033783,0.9979814291000366,0.0,0.9038461446762085,0.9973958134651184,0.1232898011803627,0.7702114582061768,0.0,0.002021144377067685
1335,-27.1457,-1.5086,-28.6543,-29.0859,-1.7812,0.0,0.0,1.0,0.9938965439796448,0.0,0.8455284833908081,1.0,0.1265547275543213,0.7641868591308594,0.0,0.004780783783644438
1340,-27.0676,-1.6449,-28.7125,-28.5547,-2.8203,0.0,0.0,0.9996908903121948,0.9916572570800781,1.0,0.5263158082962036,0.9944196343421936,0.1257385015487671,0.7594060897827148,3.886815829901025e-05,0.010338930413126945
1345,-27.2734,-1.3645,-28.6379,-29.9531,-0.0234,0.0,0.0,1.0,0.9998994469642639,0.0,1.0,1.0,0.12220149487257004,0.7732431888580322,0.0,7.77363165980205e-05
1350,-27.0844,-1.4836,-28.568,-29.8594,-0.1641,0.0,0.0,1.0,0.9977588653564453,0.0,1.0,1.0,0.13071362674236298,0.7630985975265503,0.0,0.0017101990524679422
1355,-27.2094,-1.3953,-28.6047,-29.9531,-0.0234,0.0,0.0,1.0,1.0,0.0,0.0,1.0,0.12550528347492218,0.7700170874595642,0.0,0.0
1360,-26.702,-2.293,-28.9949,-25.7891,-8.2812,0.0,0.0,0.9984917044639587,0.9676699042320251,0.800000011920929,0.5076586604118347,0.9869791865348816,0.12884794175624847,0.7309545874595642,0.00019434079877100885,0.035525497049093246
1365,-27.2625,-1.3887,-28.6512,-29.8359,-0.2812,0.0,0.0,1.0,0.9982880353927612,0.0,1.0,1.0,0.12293998897075653,0.7719216346740723,0.0,0.0006607586983591318
1370,-26.5863,-2.7422,-29.3285,-24.5,-10.625,0.0,0.0,0.9993569254875183,0.9862856864929199,0.03999999910593033,0.09869281202554703,0.9590773582458496,0.12087997794151306,0.7142024040222168,0.0009717039647512138,0.059468284249305725
1375,-26.1922,-3.3641,-29.5563,-23.1875,-13.0859,0.0,0.0,0.9984404444694519,0.9801710844039917,0.08536585420370102,0.09043312817811966,0.9438244104385376,0.12461131811141968,0.6860618591308594,0.0031871891114860773,0.08166199922561646
1380,-26.2016,-3.4766,-29.6781,-22.5469,-14.2734,0.0,0.0,0.998084306716919,0.9816707372665405,0.01923076994717121,0.08877507597208023,0.933407723903656,0.12173507362604141,0.6806980967521667,0.002021144377067685,0.0910680964589119
1385,-23.2566,-8.6504,-31.907,-19.6875,-19.9219,0.0,0.0,0.9863184094429016,0.9527766108512878,0.05293005704879761,0.04639999940991402,0.719122052192688,0.125,0.45844992995262146,0.020561255514621735,0.291511207818985
1390,-20.5918,-13.5781,-34.1699,-19.4219,-20.1953,0.0,0.0,0.9314054846763611,0.8524059057235718,0.17514124512672424,0.0656549483537674,0.4754464328289032,0.11559390276670456,0.2520211338996887,0.04127798601984978,0.4866293668746948
1395,-22.4973,-10.352,-32.8492,-19.9297,-19.7422,0.0,0.0,0.9557521939277649,0.8462167978286743,0.33564814925193787,0.14693708717823029,0.5944940447807312,0.12297885864973068,0.3801305890083313,0.016791045665740967,0.37562188506126404
1400,-23.0895,-9.4664,-32.5559,-19.7578,-19.9219,0.0,0.0,0.9772800803184509,0.866660475730896,0.32706767320632935,0.1405097246170044,0.6696428656578064,0.11975280195474625,0.4177161157131195,0.010338930413126945,0.34771454334259033
1405,-22.3582,-10.6699,-33.0281,-19.4453,-20.1484,0.0,0.0,0.9656188488006592,0.8501359820365906,0.20675943791866302,0.12387864291667938,0.605654776096344,0.11870335787534714,0.3716573417186737,0.019550684839487076,0.38561099767684937
1410,-24.5953,-6.4172,-31.0125,-21.625,-16.0469,0.0,0.0,0.9838006496429443,0.8738452792167664,0.3169398903846741,0.288510799407959,0.8195684552192688,0.12476678937673569,0.5511893630027771,0.007112873252481222,0.21245336532592773
1415,-23.2977,-8.9422,-32.2398,-19.875,-19.7109,0.0,0.0,0.9763481616973877,0.8371312618255615,0.34285715222358704,0.2052517533302307,0.6785714030265808,0.12325093150138855,0.44006529450416565,0.009522698819637299,0.3226834535598755
1420,-24.4945,-6.6867,-31.1813,-21.6562,-16.2656,0.0,0.0,0.9812147617340088,0.8614765405654907,0.4444444477558136,0.29499998688697815,0.7905505895614624,0.12414489686489105,0.5406949520111084,0.005247201304882765,0.2254353165626526
1425,-22.8453,-9.7438,-32.5891,-19.8984,-19.7344,0.0,0.0,0.9737258553504944,0.8457810878753662,0.31213873624801636,0.15469981729984283,0.6417410969734192,0.12278451770544052,0.40904849767684937,0.0134483827278018,0.3502409756183624
1430,-26.5348,-2.5441,-29.0789,-26.6875,-6.4844,0.0,0.0,0.9973254203796387,0.9613571166992188,0.6875,0.5422185659408569,0.9609375,0.13079135119915009,0.7171564102172852,0.000621890532784164,0.046952735632658005
1435,-27.1398,-1.4477,-28.5875,-29.8906,-0.0547,0.0,0.0,1.0,0.9990364909172058,0.0,1.0,0.995907723903656,0.12818719446659088,0.7664412260055542,0.0,0.0008939676336012781
1440,-27.2363,-1.3941,-28.6305,-29.8438,-0.1719,0.0,0.0,1.0,0.9989416599273682,0.0,1.0,1.0,0.1241060346364975,0.7712219953536987,0.0,0.00019434079877100885
1445,-27.1047,-1.4676,-28.5723,-29.8438,-0.2656,0.0,0.0,1.0,0.9982722401618958,0.0,1.0,1.0,0.12962530553340912,0.7648864984512329,0.0,0.0010105721885338426
1450,-27.3012,-1.357,-28.6582,-29.8281,-0.2266,0.0,0.0,1.0,0.999346911907196,0.0,1.0,1.0,0.12138526141643524,0.7736707329750061,0.0,0.00046641789958812296
1455,-27.1875,-1.425,-28.6125,-29.7891,-0.3281,0.0,0.0,0.9996939897537231,0.9984301924705505,0.0,1.0,1.0,0.12702114880084991,0.7675684094429016,0.0,0.0009328357991762459
1460,-27.0887,-1.523,-28.6117,-29.4375,-1.0312,0.0,0.0,1.0,0.995265007019043,0.0,0.8461538553237915,0.9970238208770752,0.1285758763551712,0.7634094953536987,0.0,0.0035370024852454662
1465,-26.9633,-1.5934,-28.5566,-29.3203,-1.125,0.0,0.0,0.9994217753410339,0.9937378168106079,1.0,1.0,0.9985119104385376,0.1344449669122696,0.7572295069694519,3.886815829901025e-05,0.0038090795278549194
1470,-27.1723,-1.4543,-28.6266,-29.4922,-0.9219,0.0,0.0,1.0,0.9967603087425232,0.0,0.9811320900917053,0.9985119104385376,0.12562188506126404,0.7678405046463013,0.0,0.002060012426227331
1475,-27.1187,-1.4898,-28.6086,-29.5391,-0.7344,0.0,0.0,0.9996946454048157,0.9960876107215881,1.0,0.9277108311653137,1.0,0.12729321420192719,0.76496422290802,3.886815829901025e-05,0.0032260571606457233
1480,-27.1777,-1.4879,-28.6656,-29.3516,-1.1094,0.0,0.0,0.9996893405914307,0.9947202801704407,0.0,0.8536585569381714,0.9970238208770752,0.12511660158634186,0.765625,0.0,0.004780783783644438
1485,-26.9727,-1.6367,-28.6094,-29.0078,-1.6562,0.0,0.0,0.9988300800323486,0.9903761744499207,0.0,0.9842105507850647,0.9940476417541504,0.1328902393579483,0.755247175693512,0.0,0.007384950295090675
1490,-27.116,-1.4473,-28.5633,-29.8125,-0.1875,0.0,0.0,1.0,0.9995430111885071,0.0,0.0,1.0,0.13009172677993774,0.7654306888580322,0.0,0.0
1495,-27.1602,-1.4387,-28.5988,-29.7422,-0.3281,0.0,0.0,1.0,0.9983804821968079,1.0,1.0,1.0,0.12628264725208282,0.7679959535598755,3.886815829901025e-05,0.00120491289999336
1500,-27.123,-1.4953,-28.6184,-29.6328,-0.6875,0.0,0.0,0.9993874430656433,0.9958876967430115,0.0,0.9871794581413269,0.9951636791229248,0.12690454721450806,0.7655861377716064,0.0,0.003031716449186206
1505,-27.0941,-1.5719,-28.666,-29.0547,-1.8203,0.0,0.0,1.0,0.9909536838531494,1.0,0.9187816977500916,0.996279776096344,0.12733209133148193,0.7604944109916687,3.886815829901025e-05,0.0076570273377001286
1510,-27.2199,-1.4633,-28.6832,-29.4062,-1.0938,0.0,0.0,0.9996811151504517,0.9948961734771729,0.0,0.834782600402832,0.9985119104385376,0.12189054489135742,0.7691619992256165,0.0,0.004469838459044695
1515,-27.0781,-1.6098,-28.6879,-28.6406,-2.5547,0.0,0.0,1.0,0.9900301694869995,0.0,0.7876105904579163,0.995907723903656,0.12651586532592773,0.760222315788269,0.0,0.008784203790128231
1520,-27.2738,-1.4188,-28.6926,-29.6328,-0.5938,0.0,0.0,1.0,0.995413064956665,1.0,0.9512194991111755,1.0,0.12119092047214508,0.7711054086685181,3.886815829901025e-05,0.0031871891114860773
1525,-27.1012,-1.4781,-28.5793,-29.6953,-0.4922,0.0,0.0,1.0,0.9975063800811768,0.0,1.0,1.0,0.12985852360725403,0.7637593150138855,0.0,0.0019045397639274597
1530,-27.1266,-1.4426,-28.5691,-29.8984,-0.0625,0.0,0.0,1.0,0.9994929432868958,0.0,1.0,1.0,0.1286536008119583,0.7665189504623413,0.0,0.00034981343196704984
1535,-27.2531,-1.3734,-28.6266,-29.8594,-0.0703,0.0,0.0,1.0,1.0,0.0,0.0,1.0,0.12325093150138855,0.772271454334259,0.0,0.0
1540,-27.1387,-1.552,-28.6906,-28.8281,-2.1562,0.0,0.0,1.0,0.9905270934104919,1.0,0.8894736766815186,1.0,0.1249222606420517,0.7631763219833374,3.886815829901025e-05,0.007384950295090675
1545,-27.118,-1.5383,-28.6562,-29.1406,-1.5781,0.0,0.0,1.0,0.9931893348693848,1.0,0.8278688788414001,0.995907723903656,0.12593284249305725,0.7647310495376587,0.00011660447489703074,0.004741915501654148
1550,-27.1187,-1.4406,-28.5594,-29.9375,-0.0312,0.0,0.0,1.0,1.0,0.0,0.0,1.0,0.12927550077438354,0.7662469148635864,0.0,0.0
1555,-27.184,-1.4508,-28.6348,-29.5781,-0.7734,0.0,0.0,1.0,0.9963024854660034,0.0,1.0,1.0,0.12531094253063202,0.7673740386962891,0.0,0.0028373757377266884
1560,-27.2578,-1.3758,-28.6336,-29.8672,-0.0781,0.0,0.0,1.0,0.9995976686477661,0.0,1.0,1.0,0.12235696613788605,0.7728933691978455,0.0,0.0002720771008171141
1565,-27.0582,-1.6918,-28.75,-28.2109,-3.4844,0.0,0.0,0.9993783235549927,0.9841497540473938,1.0,0.8251533508300781,0.9966517686843872,0.12503886222839355,0.7577347755432129,7.77363165980205e-05,0.01267101988196373
1570,-27.1469,-1.5566,-28.7035,-28.9844,-1.8672,0.0,0.0,1.0,0.9903904795646667,1.0,0.9112426042556763,0.9933035969734192,0.12437810748815536,0.764458954334259,0.00011660447489703074,0.0065687187016010284
1575,-27.2391,-1.3852,-28.6242,-29.9219,-0.0625,0.0,0.0,1.0,0.9995966553688049,0.0,1.0,1.0,0.12433923780918121,0.770872175693512,0.0,0.000310945266392082
1580,-27.2309,-1.4004,-28.6313,-29.8281,-0.2266,0.0,0.0,1.0,0.9986892342567444,0.0,1.0,0.999627947807312,0.12433923780918121,0.7709888219833374,0.0,0.00019434079877100885
1585,-27.2473,-1.425,-28.6723,-29.6094,-0.7109,0.0,0.0,0.9996813535690308,0.9958661198616028,0.0,1.0,1.0,0.12196828424930573,0.7709888219833374,0.0,0.0025652984622865915
1590,-27.0688,-1.5043,-28.573,-29.8359,-0.2578,0.0,0.0,1.0,0.996688723564148,0.0,1.0,0.999627947807312,0.1302860677242279,0.7629819512367249,0.0,0.0022543531376868486
1595,-27.1547,-1.4648,-28.6195,-29.6172,-0.6953,0.0,0.0,1.0,0.996601939201355,0.0,1.0,0.9981398582458496,0.12651586532592773,0.7663635015487671,0.0,0.0026430347934365273
1600,-27.2738,-1.3859,-28.6598,-29.6953,-0.5156,0.0,0.0,1.0,0.9980380535125732,0.0,1.0,1.0,0.12196828424930573,0.7726212739944458,0.0,0.0009328357991762459
1605,-27.0938,-1.7156,-28.8094,-28.7031,-2.5938,0.0,0.0,0.9987252950668335,0.9828425049781799,1.0,0.7306666374206543,0.9970238208770752,0.12196828424930573,0.7589008212089539,7.77363165980205e-05,0.01457555964589119
1610,-27.182,-1.4148,-28.5969,-29.8906,-0.1719,0.0,0.0,1.0,0.9994941353797913,0.0,1.0,1.0,0.12682680785655975,0.7683069109916687,0.0,0.0003886815975420177
1615,-26.8691,-2.2328,-29.102,-25.3906,-9.125,0.0,0.0,0.9971218705177307,0.9615852236747742,1.0,0.6453251838684082,0.9799107313156128,0.12154073268175125,0.7355799078941345,0.000155472633196041,0.0382462702691555
1620,-27.0711,-1.6262,-28.6973,-28.8516,-2.1328,0.0,0.0,0.9984718561172485,0.9891883730888367,0.0,0.8253968358039856,0.9940476417541504,0.12717661261558533,0.7585510015487671,0.0,0.009794776327908039
1625,-27.1715,-1.4148,-28.5863,-30.0,0.0,0.0,0.0,1.0,0.9999493956565857,0.0,1.0,1.0,0.12779851257801056,0.7676849961280823,0.0,3.886815829901025e-05
1630,-27.152,-1.441,-28.593,-29.7578,-0.3672,0.0,0.0,1.0,0.9989349842071533,0.0,1.0,0.9970238208770752,0.12799285352230072,0.7664023637771606,0.0,0.0011271765688434243
1635,-27.0035,-1.7895,-28.793,-27.6016,-4.6094,0.0,0.0,0.9993798732757568,0.9833298921585083,0.5,0.6864988803863525,0.9873511791229248,0.12534981966018677,0.7531094551086426,7.77363165980205e-05,0.01698538474738598
1640,-27.2074,-1.4227,-28.6301,-29.7734,-0.4062,0.0,0.0,0.9996862411499023,0.9979814291000366,0.0,1.0,0.9985119104385376,0.12387282401323318,0.7702114582061768,0.0,0.0014381218934431672
1645,-27.2234,-1.4094,-28.6328,-29.8047,-0.2734,0.0,0.0,1.0,0.9984349608421326,0.0,1.0,0.9981398582458496,0.12422263622283936,0.7699005007743835,0.0,0.0013992537278681993
1650,-27.0816,-1.6203,-28.702,-28.5859,-2.6641,0.0,0.0,0.9993808269500732,0.9883524775505066,1.0,0.8418803215026855,0.9970238208770752,0.12554416060447693,0.7608442306518555,3.886815829901025e-05,0.009095149114727974
1655,-27.2359,-1.409,-28.6449,-29.625,-0.6328,0.0,0.0,1.0,0.9981843829154968,0.0,0.7297297120094299,1.0,0.12340640276670456,0.7706778645515442,0.0,0.0014381218934431672
1660,-26.9906,-1.8082,-28.7988,-28.2266,-3.3594,0.0,0.0,0.9993810057640076,0.9794176816940308,1.0,0.7927350401878357,0.9921875,0.12558302283287048,0.7515935897827148,0.000155472633196041,0.018190298229455948
1665,-27.268,-1.4855,-28.7535,-28.9297,-2.0,0.0,0.0,0.9996715784072876,0.9912205338478088,1.0,0.8793103694915771,0.9970238208770752,0.11835354566574097,0.7703280448913574,7.77363165980205e-05,0.00676305964589119
1670,-27.0141,-1.493,-28.507,-29.9062,-0.0469,0.0,0.0,1.0,1.0,0.0,0.0,1.0,0.13382306694984436,0.7616993188858032,0.0,0.0
1675,-27.209,-1.4113,-28.6203,-29.7266,-0.4531,0.0,0.0,1.0,0.998636782169342,0.0,1.0,1.0,0.12496113032102585,0.7698227763175964,0.0,0.0007384950295090675
1680,-26.9605,-1.9809,-28.9414,-26.4531,-7.0,0.0,0.0,0.9987425208091736,0.974031388759613,1.0,0.6387665271759033,0.9854910969734192,0.12363961338996887,0.7453746795654297,3.886815829901025e-05,0.026469215750694275
1685,-27.0977,-1.6656,-28.7633,-28.2656,-3.3281,0.0,0.0,0.9993722438812256,0.9838056564331055,1.0,0.8852941393852234,0.9966517686843872,0.12383395433425903,0.7584344148635864,3.886815829901025e-05,0.013215173967182636
1690,-27.1852,-1.4121,-28.5973,-29.9219,-0.0391,0.0,0.0,1.0,0.9995959997177124,0.0,0.0,1.0,0.12585510313510895,0.7696672677993774,0.0,0.0
1695,-27.2,-1.4234,-28.6234,-29.8047,-0.3203,0.0,0.0,0.9996901154518127,0.9980297088623047,0.0,1.0,1.0,0.12542754411697388,0.769356369972229,0.0,0.0007384950295090675
1700,-26.9188,-2.082,-29.0008,-26.1875,-7.4609,0.0,0.0,0.9987224340438843,0.970122754573822,1.0,0.578599750995636,0.9892113208770752,0.12169620394706726,0.7441309094429016,0.0002720771008171141,0.029423195868730545
1705,-26.973,-1.8352,-28.8082,-27.4922,-4.8047,0.0,0.0,0.999692976474762,0.9776778817176819,0.800000011920929,0.7317647337913513,0.999627947807312,0.12659358978271484,0.7522155046463013,0.00019434079877100885,0.01651896722614765
1710,-27.1277,-1.452,-28.5797,-29.7422,-0.3281,0.0,0.0,1.0,0.9987330436706543,0.0,1.0,0.9992559552192688,0.12772077322006226,0.7669464945793152,0.0,0.0008550995262339711
1715,-27.1785,-1.4816,-28.6602,-29.4531,-1.0,0.0,0.0,1.0,0.995446503162384,0.0,0.7528089880943298,0.9966517686843872,0.12383395433425903,0.7682291865348816,0.0,0.0034592661540955305
1720,-26.9953,-1.6301,-28.6254,-28.7188,-2.4688,0.0,0.0,1.0,0.9923487901687622,1.0,0.7046632170677185,0.9955357313156128,0.13106343150138855,0.7569185495376587,3.886815829901025e-05,0.007501554675400257
1725,-26.9555,-1.8492,-28.8047,-27.1016,-5.7031,0.0,0.0,0.9996936321258545,0.985375702381134,1.0,0.46544715762138367,0.9955357313156128,0.1268656700849533,0.749494731426239,3.886815829901025e-05,0.01912313513457775
1730,-26.9176,-2.0727,-28.9902,-25.7344,-8.3906,0.0,0.0,0.998113214969635,0.9788204431533813,0.5,0.398207426071167,0.9906994104385376,0.12360074371099472,0.7414101362228394,0.000155472633196041,0.03035603277385235
1735,-25.8082,-4.0758,-29.884,-20.7266,-18.3828,0.0,0.0,0.9966656565666199,0.9576169848442078,0.40909090638160706,0.17323896288871765,0.9285714030265808,0.12822605669498444,0.6511194109916687,0.0008550995262339711,0.11532182991504669
1740,-26.9211,-2.0316,-28.9527,-25.1719,-9.3984,0.0,0.0,0.9984355568885803,0.9837360382080078,0.25,0.3217270076274872,0.9873511791229248,0.12422263622283936,0.7432369589805603,0.000155472633196041,0.027907337993383408
1745,-27.0055,-1.6484,-28.6539,-28.5,-2.8594,0.0,0.0,0.998796284198761,0.990817666053772,1.0,0.6756756901741028,0.9988839030265808,0.1291588991880417,0.7576959133148193,3.886815829901025e-05,0.008628731593489647
1750,-26.4762,-2.8582,-29.3344,-21.8828,-15.9531,0.0,0.0,0.9996857047080994,0.9693396091461182,0.4000000059604645,0.23649907112121582,0.9732142686843872,0.12367848306894302,0.7086442708969116,0.0005830223672091961,0.06261660158634186
1755,-27.1984,-1.409,-28.6074,-29.8594,-0.1641,0.0,0.0,1.0,0.9992926716804504,0.0,1.0,1.0,0.12569962441921234,0.7692785859107971,0.0,0.0005441542016342282
1760,-27.1238,-1.5125,-28.6363,-29.4453,-1.0391,0.0,0.0,1.0,0.9949674606323242,0.0,0.7543859481811523,1.0,0.12647698819637299,0.7646144032478333,0.0,0.004430970177054405
1765,-26.973,-1.7812,-28.7543,-27.4688,-4.9688,0.0,0.0,0.9996966123580933,0.986106812953949,1.0,0.5354330539703369,0.996279776096344,0.12810945510864258,0.752565324306488,3.886815829901025e-05,0.014808768406510353
1770,-27.1355,-1.448,-28.5836,-29.8125,-0.2344,0.0,0.0,1.0,0.9987319707870483,1.0,0.9200000166893005,1.0,0.12814831733703613,0.7663246393203735,7.77363165980205e-05,0.0009717039647512138
1775,-25.7668,-4.2898,-30.0566,-20.2969,-19.0078,0.0,0.0,0.996540904045105,0.9528018236160278,0.20512820780277252,0.1680777668952942,0.9148065447807312,0.12360074371099472,0.6464552283287048,0.001515858224593103,0.12395056337118149
1780,-26.3508,-3.1008,-29.4516,-22.3594,-15.1406,0.0,0.0,0.9975301027297974,0.9576631188392639,0.6000000238418579,0.30047693848609924,0.9672619104385376,0.1258939653635025,0.6958954930305481,0.0003886815975420177,0.07334421575069427
1785,-27.1527,-1.5227,-28.6754,-29.0391,-1.875,0.0,0.0,1.0,0.9938525557518005,0.0,0.7310344576835632,0.9966517686843872,0.12484452873468399,0.7650420069694519,0.0,0.005635883193463087
1790,-26.9965,-1.7613,-28.7578,-27.4844,-4.8906,0.0,0.0,0.9993859529495239,0.9843339323997498,0.0,0.6719576716423035,0.9951636791229248,0.12659358978271484,0.75423663854599,0.0,0.014692164026200771
1795,-27.2469,-1.4223,-28.6691,-29.4766,-1.0234,0.0,0.0,1.0,0.996620774269104,1.0,0.8166666626930237,1.0,0.12251243740320206,0.7706390023231506,3.886815829901025e-05,0.0023320894688367844
1800,-26.6363,-2.5438,-29.1801,-22.8203,-14.125,0.0,0.0,0.9981395602226257,0.9706738591194153,0.7142857313156128,0.3306836187839508,0.9713541865348816,0.12534981966018677,0.7210043668746948,0.0002720771008171141,0.048896145075559616
1805,-26.9055,-2.0324,-28.9379,-25.7422,-8.3984,0.0,0.0,0.9996886849403381,0.9782620072364807,0.6666666865348816,0.4607558250427246,0.9854910969734192,0.12484452873468399,0.7438199520111084,0.00011660447489703074,0.02674129419028759
1810,-27.2055,-1.4734,-28.6789,-29.2266,-1.5,0.0,0.0,0.9993664622306824,0.9940828680992126,0.0,0.8999999761581421,1.0,0.12270677834749222,0.76854008436203,0.0,0.004275497514754534
1815,-26.9012,-1.973,-28.8742,-26.2422,-7.3984,0.0,0.0,0.9990820288658142,0.9772620797157288,1.0,0.541946291923523,0.995907723903656,0.12702114880084991,0.7452969551086426,3.886815829901025e-05,0.023165423423051834
1820,-27.1223,-1.4418,-28.5641,-29.8906,-0.0547,0.0,0.0,1.0,0.9997463822364807,0.0,0.0,1.0,0.1292366236448288,0.76628577709198,0.0,0.0
1825,-27.284,-1.3633,-28.6473,-29.8516,-0.1328,0.0,0.0,1.0,0.9995474815368652,0.0,1.0,1.0,0.12208488583564758,0.7730876803398132,0.0,0.00034981343196704984
1830,-26.4672,-3.0039,-29.4711,-22.0156,-15.7344,0.0,0.0,0.9974251985549927,0.9595407843589783,0.5833333134651184,0.29157426953315735,0.9672619104385376,0.1207633689045906,0.7041744589805603,0.00046641789958812296,0.07011815905570984
1835,-26.6273,-2.3074,-28.9348,-25.1484,-9.5859,0.0,0.0,0.9988221526145935,0.9692685008049011,0.7777777910232544,0.5,0.988095223903656,0.1319962739944458,0.7285059094429016,0.00034981343196704984,0.0346703976392746
1840,-27.2719,-1.3734,-28.6453,-29.8359,-0.2109,0.0,0.0,1.0,0.9991944432258606,1.0,1.0,1.0,0.12290111929178238,0.7719993591308594,3.886815829901025e-05,0.0005830223672091961
1845,-26.8324,-2.1094,-28.9418,-24.9688,-9.9688,0.0,0.0,0.999690592288971,0.9771368503570557,0.5,0.42234331369400024,0.9873511791229248,0.12562188506126404,0.7412158250808716,0.000155472633196041,0.028529228642582893
1850,-26.6852,-2.568,-29.2531,-23.0078,-13.7031,0.0,0.0,0.9980824589729309,0.9757595062255859,0.5,0.24344569444656372,0.9694940447807312,0.12161847203969955,0.7215484976768494,0.00046641789958812296,0.05188899114727974
1855,-27.0531,-1.5133,-28.5664,-29.4219,-1.0391,0.0,0.0,1.0,0.9979091286659241,0.0,0.6393442749977112,0.9981398582458496,0.13098569214344025,0.7621657252311707,0.0,0.002370957750827074
1860,-25.6594,-4.4836,-30.143,-19.9688,-19.6875,0.0,0.0,0.9974779486656189,0.9620082974433899,0.13953489065170288,0.1245293915271759,0.9040178656578064,0.1232898011803627,0.6363494992256165,0.0016713308868929744,0.13421174883842468
1865,-25.9488,-3.6996,-29.6484,-19.5547,-19.3203,0.0,0.0,0.9957395195960999,0.9669890403747559,0.22727273404598236,0.17423926293849945,0.9166666865348816,0.12772077322006226,0.6711364984512329,0.0034203981049358845,0.09324471652507782
1870,-27.1973,-1.4512,-28.6484,-29.3438,-1.1484,0.0,0.0,1.0,0.9965147972106934,0.0,0.7681159377098083,1.0,0.12332867085933685,0.7695118188858032,0.0,0.002681903075426817
1875,-27.3082,-1.3828,-28.691,-29.5391,-0.7812,0.0,0.0,0.9990338087081909,0.9974845051765442,0.0,0.8448275923728943,0.999627947807312,0.1206856369972229,0.7725824117660522,0.0,0.0022543531376868486
1880,-25.923,-3.7395,-29.6625,-21.0,-17.6016,0.0,0.0,0.9964317679405212,0.9529178142547607,0.3870967626571655,0.2694895267486572,0.918154776096344,0.13071362674236298,0.6653839945793152,0.00120491289999336,0.0982198417186737
1885,-27.2418,-1.3855,-28.6273,-29.8984,-0.1562,0.0,0.0,1.0,0.9994454979896545,0.0,1.0,1.0,0.12414489686489105,0.7710665464401245,0.0,0.000310945266392082
1890,-26.3617,-3.2512,-29.6129,-21.5078,-16.7734,0.0,0.0,0.999028205871582,0.957858681678772,0.5,0.2691580057144165,0.949404776096344,0.11998600512742996,0.6926694512367249,0.0006996268639340997,0.08216729015111923
1895,-27.1965,-1.4727,-28.6691,-29.2109,-1.5078,0.0,0.0,1.0,0.9947858452796936,1.0,0.8365384340286255,0.999627947807312,0.12363961338996887,0.7678016424179077,3.886815829901025e-05,0.00404228875413537
1900,-27.0629,-1.5887,-28.6516,-28.7188,-2.5156,0.0,0.0,0.9996952414512634,0.992499589920044,0.0,0.6812499761581421,0.9977678656578064,0.1275264322757721,0.7617770433425903,0.0,0.006218905560672283
1905,-25.8895,-3.952,-29.8414,-20.2891,-18.9531,0.0,0.0,0.9944801926612854,0.961470365524292,0.20000000298023224,0.1705481857061386,0.9185267686843872,0.12674906849861145,0.6587375402450562,0.0015547263901680708,0.1084810346364975
1910,-26.6004,-2.3227,-28.923,-25.4219,-8.7344,0.0,0.0,0.997398853302002,0.9683313965797424,0.5,0.548565149307251,0.9821428656578064,0.13448382914066315,0.7253575921058655,0.00046641789958812296,0.03521455079317093
1915,-27.0352,-1.4871,-28.5223,-29.8359,-0.1641,0.0,0.0,1.0,0.9995921850204468,0.0,1.0,1.0,0.13269589841365814,0.7625155448913574,0.0,0.000310945266392082
1920,-27.141,-1.4395,-28.5805,-29.9297,-0.1172,0.0,0.0,0.9996970891952515,0.9991887807846069,0.0,1.0,1.0,0.12830379605293274,0.7665966749191284,0.0,0.000621890532784164
1925,-26.3316,-3.1531,-29.4848,-22.6016,-14.5859,0.0,0.0,0.9972066879272461,0.9498881697654724,0.3333333432674408,0.3764278292655945,0.949032723903656,0.12523320317268372,0.6949626803398132,0.00046641789958812296,0.07486007362604141
1930,-27.1348,-1.6348,-28.7695,-28.1328,-3.6875,0.0,0.0,0.9993684887886047,0.9863202571868896,1.0,0.7580071091651917,0.9973958134651184,0.12309546023607254,0.7614660859107971,3.886815829901025e-05,0.010921952314674854
1935,-26.077,-3.4047,-29.4816,-21.2891,-17.2109,0.0,0.0,0.9982300996780396,0.9654402732849121,0.3125,0.22809457778930664,0.9341517686843872,0.1317630559206009,0.6792988181114197,0.000621890532784164,0.08383861929178238
1940,-27.1328,-1.4781,-28.6109,-29.375,-1.1797,0.0,0.0,1.0,0.9969529509544373,0.0,0.8253968358039856,0.9981398582458496,0.12772077322006226,0.7653529047966003,0.0,0.0024486940819770098
1945,-26.6801,-2.359,-29.0391,-23.7109,-12.4375,0.0,0.0,0.9990848302841187,0.972788393497467,0.4000000059604645,0.37044334411621094,0.9858630895614624,0.12740983068943024,0.7284670472145081,0.00019434079877100885,0.03945118188858032
1950,-26.8645,-2.118,-28.9824,-24.8672,-10.0781,0.0,0.0,0.998742938041687,0.9773620367050171,0.5714285969734192,0.3684895932674408,0.9944196343421936,0.12367848306894302,0.7417210936546326,0.0002720771008171141,0.02985074557363987
1955,-24.825,-5.6637,-30.4887,-19.2188,-20.0859,0.0,0.0,0.9919809699058533,0.9579417705535889,0.0658436194062233,0.11249152570962906,0.8377976417541504,0.1308690905570984,0.5831390023231506,0.00944496225565672,0.17206934094429016
1960,-27.0246,-1.5691,-28.5938,-29.1797,-1.5469,0.0,0.0,1.0,0.9940628409385681,0.0,0.800000011920929,1.0,0.13164645433425903,0.7594060897827148,0.0,0.004469838459044695
1965,-26.6832,-2.4477,-29.1309,-22.8984,-13.9219,0.0,0.0,0.9990642666816711,0.9763598442077637,0.0,0.22940655052661896,0.9910714030265808,0.12461131811141968,0.7267179489135742,0.000310945266392082,0.04388215020298958
1970,-25.6406,-4.0945,-29.7352,-19.9766,-19.1797,0.0,0.0,0.9960147738456726,0.9683844447135925,0.1846153885126114,0.12244898080825806,0.9170386791229248,0.13654384016990662,0.6478933691978455,0.0025264304131269455,0.1085587665438652
1975,-27.2406,-1.3855,-28.6262,-29.9453,-0.0391,0.0,0.0,1.0,0.9994959831237793,0.0,1.0,1.0,0.12395056337118149,0.7711831331253052,0.0,0.0003886815975420177
1980,-25.5105,-4.7461,-30.2566,-19.5391,-20.0078,0.0,0.0,0.9965571165084839,0.9710903167724609,0.18333333730697632,0.09076305478811264,0.8701636791229248,0.1241837665438652,0.623833954334259,0.0023320894688367844,0.145172581076622
1985,-26.2824,-3.2656,-29.548,-21.4297,-16.8828,0.0,0.0,0.9968612790107727,0.9586451649665833,0.4000000059604645,0.2502420246601105,0.9635416865348816,0.12383395433425903,0.6908037662506104,0.0005830223672091961,0.08030162006616592
1990,-27.2125,-1.4055,-28.618,-29.8281,-0.2031,0.0,0.0,1.0,0.999039888381958,0.0,0.949999988079071,1.0,0.12558302283287048,0.7691619992256165,0.0,0.0007773631950840354
1995,-27.2242,-1.5262,-28.7504,-28.6172,-2.7188,0.0,0.0,0.9996763467788696,0.9925101399421692,1.0,0.5555555820465088,0.9988839030265808,0.12010261416435242,0.768034815788269,3.886815829901025e-05,0.007346082013100386
2000,-25.2766,-5.1789,-30.4555,-19.875,-20.0625,0.0,0.0,0.9978368282318115,0.9745485186576843,0.1794871836900711,0.047075606882572174,0.8642113208770752,0.12577736377716064,0.6047496795654297,0.001515858224593103,0.16347947716712952
2005,-27.0559,-1.5488,-28.6047,-29.0859,-1.6641,0.0,0.0,1.0,0.9954001903533936,0.0,0.7105262875556946,0.9970238208770752,0.13059701025485992,0.7604944109916687,0.0,0.004430970177054405
2010,-26.5832,-2.5469,-29.1301,-22.6953,-14.1406,0.0,0.0,0.9975646734237671,0.975083589553833,0.2222222238779068,0.2569037675857544,0.9780505895614624,0.1276818960905075,0.7206934094429016,0.0006996268639340997,0.046447448432445526
2015,-27.0145,-1.8859,-28.9004,-26.6094,-6.6875,0.0,0.0,0.9984081387519836,0.980581521987915,1.0,0.4785046875476837,0.995907723903656,0.12208488583564758,0.7526041865348816,3.886815829901025e-05,0.020794464275240898
2020,-27.1887,-1.4121,-28.6008,-29.7734,-0.2188,0.0,0.0,1.0,0.9994438290596008,0.0,1.0,1.0,0.12643812596797943,0.7687344551086426,0.0,0.00034981343196704984
2025,-24.748,-6.1656,-30.9137,-20.6094,-18.3828,0.0,0.0,0.9956209063529968,0.9590993523597717,0.05223880708217621,0.05958349257707596,0.8404017686843872,0.12426150590181351,0.5644822716712952,0.0052083334885537624,0.2015702724456787
2030,-19.0539,-15.5957,-34.6496,-19.2188,-20.3203,0.0,0.0,0.9113138914108276,0.7336065769195557,0.16311714053153992,0.06702111661434174,0.4252232015132904,0.10649875551462173,0.18967661261558533,0.08030162006616592,0.5190454125404358
2035,-18.7887,-15.7711,-34.5598,-18.9219,-20.5391,0.0,0.0,0.9105545878410339,0.7405223250389099,0.21388529241085052,0.05084231123328209,0.4285714328289032,0.10863650590181351,0.18454602360725403,0.09013526141643524,0.5122045874595642
2040,-20.2441,-14.1773,-34.4215,-19.6094,-20.1016,0.0,0.0,0.8866994976997375,0.7209302186965942,0.36833855509757996,0.09787562489509583,0.480282723903656,0.11046330630779266,0.23231498897075653,0.04959576949477196,0.5031483173370361
2045,-21.5184,-12.1211,-33.6395,-19.4922,-20.2188,0.0,0.0,0.945383608341217,0.8268671631813049,0.3358778655529022,0.09152334183454514,0.582217276096344,0.11955846101045609,0.30756375193595886,0.025458645075559616,0.4429415464401245
2050,-22.2727,-10.9406,-33.2133,-19.9531,-19.7422,0.0,0.0,0.9453355073928833,0.7844434976577759,0.4920993149280548,0.16020922362804413,0.6171875,0.11874222755432129,0.35828667879104614,0.01721859537065029,0.4012748897075653
2055,-20.998,-12.9766,-33.9746,-19.5,-20.25,0.0,0.0,0.9265196919441223,0.8111769556999207,0.3590033948421478,0.07965554296970367,0.5438988208770752,0.1163712665438652,0.27541977167129517,0.034320585429668427,0.4694107472896576
2060,-21.7387,-11.6289,-33.3676,-19.0469,-20.4531,0.0,0.0,0.9469671845436096,0.8475268483161926,0.33886584639549255,0.08473154157400131,0.6156994104385376,0.1172652393579483,0.3331778645515442,0.02810167893767357,0.4169776141643524
2065,-21.3938,-12.3902,-33.784,-19.5938,-20.2031,0.0,0.0,0.9482643604278564,0.8698140382766724,0.303693562746048,0.05634893476963043,0.5654761791229248,0.11644900590181351,0.29885727167129517,0.028412625193595886,0.4518034756183624
2070,-21.8402,-11.4457,-33.2859,-19.3672,-20.2344,0.0,0.0,0.955797553062439,0.8788540959358215,0.29729729890823364,0.05897895619273186,0.640625,0.12134639173746109,0.33784204721450806,0.024448072537779808,0.4118858873844147
2075,-20.8816,-13.0688,-33.9504,-19.5,-20.25,0.0,0.0,0.9491636753082275,0.9005280137062073,0.1986607164144516,0.02738252840936184,0.555059552192688,0.11850901693105698,0.27234917879104614,0.03482586890459061,0.46983832120895386
2080,-21.0418,-12.6418,-33.6836,-19.2188,-20.3672,0.0,0.0,0.9552529454231262,0.8922419548034668,0.24370594322681427,0.04558131471276283,0.5223214030265808,0.1198694035410881,0.2910836338996887,0.03859608247876167,0.4459732472896576
2085,-22.627,-10.109,-32.7359,-19.4688,-20.2422,0.0,0.0,0.9783108830451965,0.9072750210762024,0.3024574816226959,0.05456509813666344,0.691592276096344,0.11827580630779266,0.3969604969024658,0.020561255514621735,0.35972481966018677
2090,-22.0445,-10.9844,-33.0289,-19.2344,-20.3359,0.0,0.0,0.9725983142852783,0.9272747039794922,0.2233576625585556,0.02660265937447548,0.652157723903656,0.12056902796030045,0.3596859574317932,0.026624688878655434,0.38864272832870483
2095,-21.1383,-12.8531,-33.9914,-19.4062,-20.2969,0.0,0.0,0.9605082273483276,0.9109711050987244,0.18925519287586212,0.020236508920788765,0.5610119104385376,0.11318407952785492,0.2837764322757721,0.03183302283287048,0.4667288661003113
2100,-22.8,-9.6352,-32.4352,-19.4375,-20.0469,0.0,0.0,0.9805321097373962,0.9371640682220459,0.2340824007987976,0.025943942368030548,0.7235863208770752,0.1197916641831398,0.41938742995262146,0.020755596458911896,0.33558768033981323
2105,-22.2738,-10.2609,-32.5348,-18.5,-20.75,0.0,0.0,0.9839946627616882,0.9443690776824951,0.12591814994812012,0.016647662967443466,0.6875,0.11656560748815536,0.4010416567325592,0.037041354924440384,0.34087374806404114
2110,-22.4387,-10.1141,-32.5527,-19.5156,-20.1484,0.0,0.0,0.982662558555603,0.9428178668022156,0.21993671357631683,0.01688888855278492,0.691220223903656,0.12554416060447693,0.3956001102924347,0.024564675986766815,0.34981343150138855
2115,-21.6184,-10.8383,-32.4566,-17.9531,-21.0234,0.0,0.0,0.9753836393356323,0.9521916508674622,0.098737932741642,0.007652769796550274,0.6662946343421936,0.1215796023607254,0.38129663467407227,0.052355408668518066,0.34029072523117065
2120,-21.4824,-11.3938,-32.8762,-19.0,-20.5,0.0,0.0,0.9763928055763245,0.942768394947052,0.10623353719711304,0.012360939756035805,0.6354166865348816,0.12348414212465286,0.3504353165626526,0.0442708320915699,0.37733209133148193
2125,-22.132,-11.0508,-33.1828,-19.3281,-20.3359,0.0,0.0,0.9813684821128845,0.9530083537101746,0.11776859313249588,0.01015965174883604,0.6268601417541504,0.12099657952785492,0.354011207818985,0.018812188878655434,0.4017024338245392
2130,-23.1637,-8.8609,-32.0246,-18.4062,-20.7969,0.0,0.0,0.9925686717033386,0.9655998349189758,0.08844765275716782,0.005970149300992489,0.7395833134651184,0.12029695510864258,0.45421332120895386,0.02153296023607254,0.2994791567325592
2135,-21.209,-12.0086,-33.2176,-19.2188,-20.3906,0.0,0.0,0.9811498522758484,0.9685450792312622,0.05225863680243492,0.005336382891982794,0.566220223903656,0.12371735274791718,0.32004043459892273,0.04388215020298958,0.4078824520111084
2140,-23.0172,-9.1738,-32.191,-19.6719,-20.1641,0.0,0.0,0.9932692050933838,0.9817745089530945,0.04612546041607857,0.0034440343733876944,0.6826636791229248,0.12126865983009338,0.4371890425682068,0.021066542714834213,0.3159981369972229
2145,-21.7117,-11.5387,-33.2504,-19.3281,-20.3359,0.0,0.0,0.9903910160064697,0.9740244746208191,0.03680981695652008,0.002865877002477646,0.5755208134651184,0.11730410158634186,0.3396688401699066,0.031677551567554474,0.40687188506126404
2150,-21.9992,-10.8711,-32.8703,-19.6719,-20.1641,0.0,0.0,0.9888570308685303,0.9808835983276367,0.023746700957417488,0.0007197943632490933,0.6082589030265808,0.12208488583564758,0.3659825921058655,0.029462065547704697,0.3779928386211395
2155,-23.4258,-8.7105,-32.1363,-19.5625,-20.2188,0.0,0.0,0.9937106966972351,0.985497236251831,0.06465516984462738,0.0033565389458090067,0.6897321343421936,0.12360074371099472,0.45024874806404114,0.009017412550747395,0.3126554787158966
2160,-22.2777,-10.6188,-32.8965,-19.3438,-20.3281,0.0,0.0,0.9956154227256775,0.9858163595199585,0.022900763899087906,0.00010198877862421796,0.6026785969734192,0.1241060346364975,0.3699471354484558,0.020366914570331573,0.3811022937297821
2165,-23.2141,-8.9406,-32.1547,-19.7969,-20.1016,0.0,0.0,0.9955214262008667,0.982293963432312,0.049504950642585754,0.002610316965728998,0.6863839030265808,0.1215018630027771,0.4456234574317932,0.015702735632658005,0.31269434094429016
2170,-22.3543,-10.0473,-32.4016,-19.1875,-20.4062,0.0,0.0,0.9896160960197449,0.9841927886009216,0.02054794505238533,0.0008129136986099184,0.6413690447807312,0.12352301180362701,0.4032571613788605,0.03404850885272026,0.3346937298774719
2175,-24.1277,-7.6664,-31.7941,-19.7969,-20.1016,0.0,0.0,0.9973666667938232,0.9870332479476929,0.05319149047136307,0.0002814522886183113,0.7373511791229248,0.1180814653635025,0.49759018421173096,0.003653606865555048,0.2761971354484558
2180,-23.5297,-8.6938,-32.2234,-19.7344,-20.1328,0.0,0.0,0.9973907470703125,0.9882413744926453,0.031674209982156754,0.0022216737270355225,0.6752232313156128,0.11916977912187576,0.45285293459892273,0.00858986284583807,0.31490981578826904
2185,-22.5418,-10.4879,-33.0297,-19.5781,-20.2109,0.0,0.0,0.993634819984436,0.9856129884719849,0.04207920655608177,0.0014112903736531734,0.5970982313156128,0.11602145433425903,0.37822607159614563,0.015702735632658005,0.3855721354484558
2190,-22.4402,-10.6078,-33.048,-19.6875,-20.1562,0.0,0.0,0.995062530040741,0.9812343716621399,0.028103044256567955,0.0019032354466617107,0.5985863208770752,0.1180814653635025,0.3728233873844147,0.016596704721450806,0.3880208432674408
2195,-22.8676,-9.7027,-32.5703,-19.5938,-20.2031,0.0,0.0,0.9943109750747681,0.9860146641731262,0.01461988314986229,0.001662418246269226,0.6417410969734192,0.12297885864973068,0.4085432291030884,0.013292910531163216,0.35070741176605225
2200,-23.6766,-8.257,-31.9336,-19.7344,-20.1328,0.0,0.0,0.9958532452583313,0.9881227612495422,0.027559055015444756,0.006509897764772177,0.6971726417541504,0.12185168266296387,0.47123757004737854,0.009872512891888618,0.2925606369972229
2205,-22.607,-10.2262,-32.8332,-19.375,-20.3125,0.0,0.0,0.99250328540802,0.9862151741981506,0.022123893722891808,0.001998106949031353,0.609002947807312,0.11924751102924347,0.38910913467407227,0.017568407580256462,0.36959731578826904
2210,-23.5605,-8.4738,-32.0344,-19.7812,-20.1094,0.0,0.0,0.995230495929718,0.9861999154090881,0.04135338217020035,0.004906391259282827,0.6927083134651184,0.12224035710096359,0.4619092047214508,0.010338930413126945,0.3010338842868805
2215,-23.8965,-7.8688,-31.7652,-19.75,-20.125,0.0,0.0,0.9961013793945312,0.9886831045150757,0.007905138656497002,0.0026862716767936945,0.7168898582458496,0.11963619291782379,0.4911380708217621,0.009833644144237041,0.2749145030975342
2220,-22.6105,-9.5617,-32.1723,-19.3125,-20.3438,0.0,0.0,0.9961265325546265,0.9893423318862915,0.01752336509525776,0.0,0.652157723903656,0.12041355669498444,0.4266946613788605,0.033271145075559616,0.31514304876327515
2225,-23.1004,-9.3941,-32.4945,-19.7656,-20.1172,0.0,0.0,0.9954823851585388,0.9908797740936279,0.014184396713972092,0.0001135847342084162,0.6462053656578064,0.12045242637395859,0.42191386222839355,0.010960821062326431,0.3421952724456787
2230,-23.6027,-8.3813,-31.984,-19.5625,-20.2188,0.0,0.0,0.9974635243415833,0.9908946752548218,0.024096384644508362,0.002478476380929351,0.6882440447807312,0.12259017676115036,0.46529072523117065,0.009678171947598457,0.29796332120895386
2235,-22.5797,-9.1324,-31.7121,-16.9375,-21.5312,0.0,0.0,0.9959298968315125,0.9913606643676758,0.00514579750597477,0.002533427206799388,0.6674107313156128,0.12414489686489105,0.44989892840385437,0.04532027244567871,0.27615827322006226
2240,-22.5223,-9.0023,-31.5246,-17.0156,-21.4922,0.0,0.0,0.996540904045105,0.9882442355155945,0.008941877633333206,0.005676725413650274,0.6848958134651184,0.12360074371099472,0.45957711338996887,0.052161071449518204,0.2601834535598755
2245,-23.1102,-8.9469,-32.057,-19.5938,-20.2031,0.0,0.0,0.9960402250289917,0.9936507940292358,0.0219512190669775,0.0008742350619286299,0.663690447807312,0.1276041716337204,0.4407649338245392,0.01593594439327717,0.311217337846756
2250,-23.0957,-9.3719,-32.4676,-19.7031,-20.1484,0.0,0.0,0.9949109554290771,0.99005526304245,0.011194029822945595,0.0,0.648065447807312,0.12220149487257004,0.4221082031726837,0.010416666977107525,0.34079602360725403
2255,-23.3316,-8.5555,-31.8871,-19.1406,-20.4297,0.0,0.0,0.9949685335159302,0.9915011525154114,0.012396694160997868,0.0016017084708437324,0.6889880895614624,0.12360074371099472,0.4619092047214508,0.018812188878655434,0.2912002503871918
2260,-23.6855,-7.6871,-31.3727,-19.5781,-20.2109,0.0,0.0,0.9931608438491821,0.9933432340621948,0.017587939277291298,0.0010752688394859433,0.7287946343421936,0.13071362674236298,0.49630752205848694,0.015469527803361416,0.25303173065185547
2265,-23.3941,-8.8746,-32.2687,-19.8438,-20.0781,0.0,0.0,0.9951581954956055,0.9929996728897095,0.019607843831181526,0.0030084236059337854,0.6543898582458496,0.12041355669498444,0.4441853165626526,0.007929104380309582,0.3229944109916687
2270,-22.827,-9.8039,-32.6309,-19.625,-20.1875,0.0,0.0,0.9946607947349548,0.9951658248901367,0.017094017937779427,0.00010914647282334045,0.6138392686843872,0.12375622242689133,0.40201336145401,0.013642723672091961,0.3561100661754608
2275,-23.4355,-8.684,-32.1195,-19.7031,-20.1484,0.0,0.0,0.9930225014686584,0.9886733889579773,0.0381944440305233,0.0025173064786940813,0.6789434552192688,0.12255130708217621,0.4529695212841034,0.011194029822945595,0.30880752205848694
2280,-23.8121,-7.9461,-31.7582,-19.625,-20.1875,0.0,0.0,0.9977635741233826,0.9908022284507751,0.0077220075763762,0.00475657545030117,0.706845223903656,0.1216573417186737,0.48596858978271484,0.010066852904856205,0.2778295874595642
2285,-24.0137,-7.7656,-31.7793,-19.8438,-20.0781,0.0,0.0,0.9945337772369385,0.9939043521881104,0.02054794505238533,0.0044742729514837265,0.706845223903656,0.12087997794151306,0.4909825921058655,0.005674751475453377,0.2779850661754608
2290,-22.9824,-9.6324,-32.6148,-19.7031,-20.1484,0.0,0.0,0.9957956075668335,0.9937582612037659,0.025723472237586975,0.000441354961367324,0.6242559552192688,0.12018034607172012,0.410991907119751,0.012087997049093246,0.35226213932037354
2295,-23.9691,-7.9332,-31.9023,-19.8125,-20.0938,0.0,0.0,0.9956810474395752,0.991530179977417,0.0181818176060915,0.006530612241476774,0.6986607313156128,0.11699315905570984,0.48643502593040466,0.006413246039301157,0.28568097949028015
2300,-22.8832,-9.1219,-32.0051,-19.3594,-20.3203,0.0,0.0,0.9937772154808044,0.9905693531036377,0.013473053462803364,0.001024065539240837,0.6633184552192688,0.1249222606420517,0.4409981369972229,0.025963930413126945,0.3036380708217621
2305,-23.3824,-8.4727,-31.8551,-19.0391,-20.4688,0.0,0.0,0.995448648929596,0.9914749264717102,0.014545454643666744,0.002045826520770788,0.6886160969734192,0.11955846101045609,0.46960508823394775,0.02137748710811138,0.2849813401699066
2310,-23.1203,-8.8258,-31.9461,-19.5156,-20.2422,0.0,0.0,0.9928416013717651,0.9887176156044006,0.0203735139220953,0.0027533762622624636,0.6819196343421936,0.12488339841365814,0.45129820704460144,0.02289334498345852,0.2964474558830261
2315,-23.5758,-8.0988,-31.6746,-18.7656,-20.6172,0.0,0.0,0.9948800206184387,0.9892377853393555,0.022857142612338066,0.006196858361363411,0.7094494104385376,0.12146300077438354,0.4839474558830261,0.020405784249305725,0.2697061598300934
2320,-23.7828,-7.6789,-31.4617,-19.4219,-20.2891,0.0,0.0,0.9949542880058289,0.9885413646697998,0.014675052836537361,0.00787523202598095,0.7243303656578064,0.12325093150138855,0.5020211338996887,0.018540112301707268,0.2517102062702179
2325,-23.2965,-8.934,-32.2305,-19.7188,-20.1406,0.0,0.0,0.99369877576828,0.9874008893966675,0.02166065014898777,0.004126714542508125,0.6696428656578064,0.123367540538311,0.4411536157131195,0.01076648011803627,0.3202347755432129
2330,-23.1313,-9.0102,-32.1414,-19.0156,-20.4922,0.0,0.0,0.995496928691864,0.9925510287284851,0.007797271013259888,0.0017484701238572598,0.6595982313156128,0.12084110826253891,0.443524569272995,0.01993936486542225,0.311217337846756
2335,-24.4156,-6.902,-31.3176,-19.7969,-20.1016,0.0,0.0,0.997485876083374,0.9910373091697693,0.009523809887468815,0.0016283992445096374,0.7585565447807312,0.12367848306894302,0.5290733575820923,0.004081156570464373,0.2386893630027771
2340,-23.3684,-7.6031,-30.9715,-17.3672,-21.2812,0.0,0.0,0.99275141954422,0.9888569116592407,0.0193986427038908,0.005630221683532,0.7544642686843872,0.12869247794151306,0.5127487778663635,0.04007307067513466,0.21400807797908783
2345,-24.0105,-7.2949,-31.3055,-19.2734,-20.3516,0.0,0.0,0.9965057373046875,0.9918321371078491,0.012195121496915817,0.0019553527235984802,0.7436755895614624,0.12235696613788605,0.518695592880249,0.01593594439327717,0.2385338991880417
2350,-23.7309,-8.1449,-31.8758,-19.5469,-20.2266,0.0,0.0,0.9931707382202148,0.9879381656646729,0.025179855525493622,0.003136078594252467,0.702752947807312,0.11951959133148193,0.48013836145401,0.010805347934365273,0.2850590944290161
2355,-23.6266,-8.6242,-32.2508,-19.7969,-20.1016,0.0,0.0,0.9945854544639587,0.9930325150489807,0.018099548295140266,0.0019765286706387997,0.6703869104385376,0.11485540866851807,0.4574393630027771,0.00858986284583807,0.3146377503871918
2360,-23.9824,-7.4813,-31.4637,-18.8125,-20.5938,0.0,0.0,0.9960616827011108,0.9929336905479431,0.00668151443824172,0.004856650251895189,0.7284226417541504,0.11843127757310867,0.511543869972229,0.017451804131269455,0.24809545278549194
2365,-24.4059,-6.7328,-31.1387,-19.625,-20.1875,0.0,0.0,0.9969825148582458,0.9918361306190491,0.05714285746216774,0.005454235710203648,0.7663690447807312,0.12880907952785492,0.5332322716712952,0.005441542249172926,0.22803948819637299
2370,-23.4262,-8.4801,-31.9062,-19.75,-20.125,0.0,0.0,0.9925880432128906,0.9921743273735046,0.002793296007439494,0.0009259259095415473,0.6889880895614624,0.12585510313510895,0.4619092047214508,0.013914801180362701,0.29384326934814453
2375,-23.5855,-7.9621,-31.5477,-19.7656,-20.1172,0.0,0.0,0.9939042329788208,0.9927871227264404,0.029801324009895325,0.0017256255960091949,0.7135416865348816,0.13390080630779266,0.47959423065185547,0.011738183908164501,0.27028918266296387
2380,-23.8828,-7.7262,-31.609,-19.5781,-20.2109,0.0,0.0,0.9965817332267761,0.991664707660675,0.0077821011655032635,0.000292056065518409,0.7217261791229248,0.1250777393579483,0.4942863881587982,0.0099891172721982,0.26616916060447693
2385,-23.8758,-7.7602,-31.6359,-19.4219,-20.2891,0.0,0.0,0.9964788556098938,0.9923903942108154,0.009287925437092781,0.00248320191167295,0.7168898582458496,0.1214241310954094,0.4954524338245392,0.012554415501654148,0.26609140634536743
2390,-23.8336,-8.0848,-31.9184,-19.8594,-20.0703,0.0,0.0,0.9955056309700012,0.991534411907196,0.03086419776082039,0.00387804233469069,0.6979166865348816,0.12107431888580322,0.47749534249305725,0.006296641658991575,0.29065608978271484
2395,-23.5375,-8.1766,-31.7141,-19.0312,-20.4844,0.0,0.0,0.9948001503944397,0.9957271814346313,0.009633911773562431,0.000994318164885044,0.6934523582458496,0.11959732323884964,0.4821206331253052,0.02017257548868656,0.27363184094429016
2400,-24.5039,-6.3574,-30.8613,-19.4375,-20.2812,0.0,0.0,0.9969540238380432,0.9935488104820251,0.0077821011655032635,0.001336132874712348,0.7875744104385376,0.1276041716337204,0.5542988181114197,0.0099891172721982,0.20363028347492218
2405,-24.3883,-6.7211,-31.1094,-19.9062,-20.0469,0.0,0.0,0.9969521760940552,0.9932559728622437,0.0416666679084301,0.0034476814325898886,0.7630208134651184,0.1275264322757721,0.535991907119751,0.006529850885272026,0.22547419369220734
2410,-25.1895,-5.2207,-30.4102,-19.5781,-20.0469,0.0,0.0,0.998120903968811,0.996013879776001,0.018292682245373726,0.000968757551163435,0.832217276096344,0.1241060346364975,0.6045553684234619,0.006374378222972155,0.1604866236448288
2415,-24.0734,-6.9078,-30.9813,-18.9062,-20.5469,0.0,0.0,0.9949495196342468,0.9942992925643921,0.0018083183094859123,0.0034792162477970123,0.7607886791229248,0.12313432991504669,0.5386349558830261,0.021494092419743538,0.21225902438163757
2420,-24.3547,-6.5199,-30.8746,-18.8438,-20.5781,0.0,0.0,0.9964136481285095,0.9933200478553772,0.006269592326134443,0.0020742975175380707,0.7786458134651184,0.1300528645515442,0.5469527244567871,0.01239894237369299,0.20611785352230072
2425,-25.073,-5.573,-30.6461,-19.8281,-20.0859,0.0,0.0,0.9952830076217651,0.9930629134178162,0.01904761977493763,0.002597964834421873,0.8225446343421936,0.12360074371099472,0.5883084535598755,0.004081156570464373,0.1795320212841034
2430,-25.7551,-4.3168,-30.0719,-19.8438,-19.9375,0.0,0.0,0.9974489808082581,0.9924101233482361,0.0,0.0024585125502198935,0.882440447807312,0.12189054489135742,0.6452503204345703,0.0019045397639274597,0.12647698819637299
2435,-26.6266,-2.6324,-29.259,-22.4609,-14.4453,0.0,0.0,0.9965090155601501,0.9953475594520569,0.0,0.007215007208287716,0.9542410969734192,0.1224735677242279,0.7184779047966003,0.0006996268639340997,0.0538712702691555
2440,-27.0695,-1.627,-28.6965,-28.4688,-2.8984,0.0,0.0,0.999382495880127,0.998773455619812,0.0,0.03913043439388275,0.9906994104385376,0.1258939653635025,0.7605332732200623,0.000155472633196041,0.00893967691808939
2445,-26.5633,-2.4344,-28.9977,-23.3672,-11.5312,0.0,0.0,0.9981922507286072,0.9956586956977844,0.022727273404598236,0.01846153847873211,0.9657738208770752,0.12900342047214508,0.7252021431922913,0.0034203981049358845,0.03789645433425903
2450,-25.6957,-4.166,-29.8617,-19.9922,-19.7578,0.0,0.0,0.9947090148925781,0.9915799498558044,0.07894736528396606,0.002690884517505765,0.8962053656578064,0.13222947716712952,0.6462608575820923,0.001476990059018135,0.115555040538311
2455,-26.3539,-3.0148,-29.3687,-21.3438,-16.7266,0.0,0.0,0.9975587129592896,0.9944404363632202,0.032258063554763794,0.0005730658886022866,0.9434523582458496,0.1273709535598755,0.6991215944290161,0.00120491289999336,0.06782493740320206
2460,-25.95,-3.723,-29.673,-19.6953,-19.0391,0.0,0.0,0.9966267943382263,0.9947723150253296,0.008333333767950535,0.004911993630230427,0.9081101417541504,0.12674906849861145,0.6691542267799377,0.004664178937673569,0.09495491534471512
2465,-25.3172,-4.9887,-30.3059,-19.625,-20.1875,0.0,0.0,0.9969843029975891,0.9940783381462097,0.0,0.0005094243679195642,0.851934552192688,0.12888681888580322,0.6104244589805603,0.003614738816395402,0.1525963991880417
2470,-25.3445,-5.1941,-30.5387,-19.7891,-20.0469,0.0,0.0,0.9967668652534485,0.9939716458320618,0.0,0.0,0.8385416865348816,0.12021921575069427,0.6060712337493896,0.0025652984622865915,0.1666666716337204
2475,-26.1363,-3.6926,-29.8289,-20.0391,-19.7344,0.0,0.0,0.9990246891975403,0.9953727722167969,0.0,0.0018825301667675376,0.90625,0.11955846101045609,0.6719915866851807,0.0007384950295090675,0.10323382914066315
2480,-25.8367,-4.0035,-29.8402,-19.8281,-20.0391,0.0,0.0,0.9984830021858215,0.9947149753570557,0.0,0.0003495281271170825,0.894717276096344,0.12810945510864258,0.6545398235321045,0.0016713308868929744,0.11120180040597916
2485,-26.116,-3.541,-29.657,-20.2812,-19.1797,0.0,0.0,0.9984505772590637,0.9949419498443604,0.0,0.0008329862612299621,0.9170386791229248,0.12542754411697388,0.6762282252311707,0.0005441542016342282,0.09332244843244553
2490,-26.8313,-2.1492,-28.9805,-23.9844,-11.9609,0.0,0.0,0.9990735054016113,0.9959428906440735,0.25,0.0,0.976934552192688,0.12585510313510895,0.7376787662506104,0.000155472633196041,0.03183302283287048
2495,-26.5949,-2.5574,-29.1523,-22.6406,-14.3203,0.0,0.0,0.9990769028663635,0.9953533411026001,0.0476190485060215,0.010309278033673763,0.9620535969734192,0.12632152438163757,0.7193719148635864,0.0008162313606590033,0.04901275038719177
2500,-25.6355,-4.3367,-29.9723,-18.7031,-20.4844,0.0,0.0,0.9977713823318481,0.991532564163208,0.009523809887468815,0.008890352211892605,0.8843005895614624,0.12208488583564758,0.6472325921058655,0.008162313140928745,0.11804260313510895
2505,-25.9367,-3.6441,-29.5809,-18.3203,-20.7578,0.0,0.0,0.9987808465957642,0.9944604635238647,0.0052083334885537624,0.0008940545376390219,0.9159226417541504,0.1275264322757721,0.6735851764678955,0.007462686393409967,0.08694807440042496
2510,-25.5098,-4.5684,-30.0781,-19.7031,-20.0547,0.0,0.0,0.9978826642036438,0.9947563409805298,0.0,0.004374453332275152,0.8645833134651184,0.1284981369972229,0.6300528645515442,0.0036924751475453377,0.13327892124652863
2515,-25.5672,-4.6258,-30.193,-19.7656,-20.1172,0.0,0.0,0.9987577795982361,0.9917784333229065,0.02500000037252903,0.0052733831107616425,0.8690476417541504,0.1251554787158966,0.6287702322006226,0.0015547263901680708,0.14004197716712952
2520,-25.6699,-4.3488,-30.0187,-19.1016,-20.4375,0.0,0.0,0.9978090524673462,0.9941958785057068,0.0,0.0018832391360774636,0.879092276096344,0.1241837665438652,0.6428793668746948,0.004625311121344566,0.12383395433425903
2525,-26.3105,-3.2633,-29.5738,-20.2656,-19.3984,0.0,0.0,0.9968484044075012,0.9937996864318848,0.0,0.006610009353607893,0.9296875,0.12332867085933685,0.6895599961280823,0.000310945266392082,0.08232276141643524
2530,-26.3418,-3.2488,-29.5906,-20.2969,-18.9844,0.0,0.0,0.9974135160446167,0.9938846230506897,0.02777777798473835,0.005270723719149828,0.9274553656578064,0.12021921575069427,0.6927860975265503,0.0013992537278681993,0.08111784607172012
2535,-25.807,-4.0266,-29.8336,-18.8672,-20.3906,0.0,0.0,0.9987369775772095,0.9926327466964722,0.025974025949835777,0.0003633720916695893,0.9017857313156128,0.12309546023607254,0.6594760417938232,0.005985696334391832,0.10696517676115036
2540,-26.9348,-1.9609,-28.8957,-25.3984,-8.9219,0.0,0.0,0.9987558126449585,0.9952103495597839,0.0,0.039603959769010544,0.984375,0.12496113032102585,0.7465795874595642,0.00042754976311698556,0.023554105311632156
2545,-25.8188,-4.0992,-29.918,-19.9844,-19.75,0.0,0.0,0.9972127676010132,0.9942755103111267,0.01886792480945587,0.0026773761492222548,0.8917410969734192,0.12550528347492218,0.6518190503120422,0.002060012426227331,0.11613806337118149
2550,-26.3293,-3.2387,-29.568,-20.5,-18.7891,0.0,0.0,0.998731791973114,0.9922964572906494,0.0,0.007662835065275431,0.9375,0.12259017676115036,0.691231369972229,0.0005441542016342282,0.08115671575069427
2555,-26.1836,-3.3789,-29.5625,-20.2266,-19.3594,0.0,0.0,0.998464822769165,0.9937446713447571,0.0,0.0022914756555110216,0.9248511791229248,0.12659358978271484,0.6834965944290161,0.000621890532784164,0.08481032401323318
2560,-26.7996,-2.2477,-29.0473,-23.0859,-13.4531,0.0,0.0,0.9987385869026184,0.996455192565918,0.0,0.0,0.9754464030265808,0.12325093150138855,0.7346470952033997,0.0006996268639340997,0.03692474961280823
2565,-26.6641,-2.2855,-28.9496,-24.4922,-10.875,0.0,0.0,0.9991165995597839,0.9957839846611023,0.1666666716337204,0.0011111111380159855,0.9747023582458496,0.1319962739944458,0.7283115386962891,0.00023320894979406148,0.034981343895196915
2570,-26.1344,-3.4879,-29.6223,-20.0781,-19.6328,0.0,0.0,0.9981395602226257,0.9944466948509216,0.10000000149011612,0.0017256255960091949,0.921875,0.12534981966018677,0.6789101362228394,0.0011660447344183922,0.09009639173746109
2575,-24.7188,-6.0824,-30.8012,-19.3438,-20.3281,0.0,0.0,0.9977628588676453,0.9943398833274841,0.010273972526192665,0.00020181635045446455,0.7987351417541504,0.12161847203969955,0.5699626803398132,0.011349502950906754,0.19259172677993774
2580,-26.9977,-1.8891,-28.8867,-26.3828,-7.1875,0.0,0.0,0.9990551471710205,0.995958149433136,0.0,0.03546099364757538,0.9873511791229248,0.12340640276670456,0.7500777244567871,0.00011660447489703074,0.021921642124652863
2585,-25.3773,-4.9363,-30.3137,-19.8438,-20.0781,0.0,0.0,0.9960098266601562,0.9937365651130676,0.022727273404598236,0.0010172940092161298,0.8523065447807312,0.1266324669122696,0.6143501400947571,0.0017101990524679422,0.1528296023607254
2590,-24.7969,-5.9168,-30.7137,-19.4531,-20.2734,0.0,0.0,0.996051013469696,0.9927260279655457,0.0,0.004103405866771936,0.8065476417541504,0.12795397639274597,0.5717506408691406,0.006374378222972155,0.1894434094429016
2595,-26.2715,-3.168,-29.4395,-20.1016,-19.4688,0.0,0.0,0.9978355169296265,0.9962983727455139,0.07500000298023224,0.006198347080498934,0.9289434552192688,0.12569962441921234,0.6930192708969116,0.0015547263901680708,0.07524875551462173
2600,-26.1703,-3.3586,-29.5289,-20.3125,-19.2109,0.0,0.0,0.9990895390510559,0.9937987327575684,0.0,0.0032497679349035025,0.9289434552192688,0.12807057797908783,0.6831856369972229,0.0005441542016342282,0.08372201770544052
2605,-26.823,-2.0613,-28.8844,-24.9297,-9.9062,0.0,0.0,0.9984921813011169,0.9967406392097473,0.0,0.0014430014416575432,0.9854910969734192,0.12888681888580322,0.7393501400947571,0.00034981343196704984,0.02693563513457775
2610,-26.9395,-1.9949,-28.9344,-24.6953,-10.4688,0.0,0.0,0.9981285333633423,0.9966059327125549,0.0,0.0,0.9854910969734192,0.12461131811141968,0.7443641424179077,0.00011660447489703074,0.026430347934365273
2615,-25.9332,-3.9699,-29.9031,-19.8906,-20.0547,0.0,0.0,0.9990586638450623,0.9946799278259277,0.03846153989434242,0.006185567006468773,0.890252947807312,0.12387282401323318,0.6575326323509216,0.0010105721885338426,0.11310634016990662
2620,-25.0121,-5.2531,-30.2652,-19.1094,-20.4453,0.0,0.0,0.9982481598854065,0.9923505783081055,0.016597511246800423,0.002786220982670784,0.8470982313156128,0.13312344253063202,0.5995802283287048,0.009367226622998714,0.15345148742198944
2625,-26.716,-2.3645,-29.0805,-23.6016,-12.7266,0.0,0.0,0.9990717768669128,0.9948253035545349,0.0,0.007582938298583031,0.9709821343421936,0.12562188506126404,0.7285836338996887,0.000310945266392082,0.04100590944290161
2630,-25.8609,-4.0043,-29.8652,-19.8672,-20.0078,0.0,0.0,0.9981487393379211,0.9948444366455078,0.0,0.0,0.8939732313156128,0.1259717047214508,0.6559001803398132,0.0019434079295024276,0.11170709133148193
2635,-25.6344,-4.6414,-30.2758,-19.8594,-20.0703,0.0,0.0,0.9983943700790405,0.9938881397247314,0.0,0.0,0.8645833134651184,0.12103544920682907,0.6295864582061768,0.0016713308868929744,0.1432291716337204
2640,-26.4,-3.1418,-29.5418,-20.0312,-19.7266,0.0,0.0,0.9990313053131104,0.9945855140686035,0.10000000149011612,0.007470119744539261,0.933407723903656,0.12037468701601028,0.6963230967521667,0.0007773631950840354,0.0780472606420517
2645,-26.2102,-3.3387,-29.5488,-20.1875,-19.4609,0.0,0.0,0.9966391921043396,0.9932958483695984,0.0,0.0037157454062253237,0.9341517686843872,0.12721548974514008,0.6841184496879578,0.0005052860942669213,0.08368314802646637
2650,-27.1824,-1.6156,-28.798,-27.6641,-4.5781,0.0,0.0,0.9990325570106506,0.9979633688926697,0.0,0.030201341956853867,0.992559552192688,0.1205301582813263,0.7633706331253052,3.886815829901025e-05,0.011582711711525917
2655,-26.3574,-3.1297,-29.4871,-19.8047,-19.6406,0.0,0.0,0.9981018900871277,0.9940263628959656,0.0,0.012980270199477673,0.933779776096344,0.12286224961280823,0.6962064504623413,0.0015935945557430387,0.07486007362604141
2660,-26.7145,-2.4062,-29.1207,-21.8438,-16.0781,0.0,0.0,0.9981244206428528,0.9948175549507141,0.0,0.0008960573468357325,0.9713541865348816,0.12433923780918121,0.7274953126907349,0.000310945266392082,0.0433768667280674
2665,-26.8344,-2.2789,-29.1133,-23.6875,-12.625,0.0,0.0,0.9990411996841431,0.9945988655090332,0.0,0.020467836409807205,0.9709821343421936,0.12161847203969955,0.7340251803398132,0.0,0.0398787297308445
2670,-26.9441,-1.9117,-28.8559,-25.4453,-8.9688,0.0,0.0,0.997841477394104,0.9950150847434998,0.0,0.0037243948318064213,0.9944196343421936,0.1260494440793991,0.7485229969024658,7.77363165980205e-05,0.020872201770544052
2675,-26.6195,-2.5586,-29.1781,-22.2109,-15.1562,0.0,0.0,0.9996902346611023,0.9939557313919067,0.0,0.0071090045385062695,0.9642857313156128,0.12546642124652863,0.7202270030975342,0.000621890532784164,0.049207091331481934
2680,-25.2699,-5.0973,-30.3672,-19.8125,-20.0938,0.0,0.0,0.9972809553146362,0.9909569025039673,0.021739130839705467,0.0019550342112779617,0.8571428656578064,0.1286536008119583,0.6060323119163513,0.0017879352672025561,0.15904851257801056
2685,-26.0168,-3.8461,-29.8629,-19.6953,-20.1172,0.0,0.0,0.9980909824371338,0.9930450320243835,0.0476190485060215,0.0007285974570550025,0.9043898582458496,0.12216262519359589,0.6650341749191284,0.0016324627213180065,0.1066930964589119
2690,-25.3863,-4.9969,-30.3832,-19.7969,-20.1016,0.0,0.0,0.9987301826477051,0.9945573210716248,0.03750000149011612,0.0,0.8456101417541504,0.12243469804525375,0.6141557693481445,0.0031094527803361416,0.15582245588302612
2695,-26.7152,-2.3484,-29.0637,-22.9062,-13.9766,0.0,0.0,0.9984471797943115,0.9943036437034607,0.0,0.008771929889917374,0.9754464030265808,0.1251554787158966,0.7300994992256165,0.0003886815975420177,0.0398787297308445
2700,-25.1844,-5.1477,-30.332,-18.375,-20.8125,0.0,0.0,0.9980818629264832,0.9913700222969055,0.009836065582931042,0.00441787950694561,0.8508184552192688,0.1215796023607254,0.6125233173370361,0.011854788288474083,0.1495646834373474
2705,-26.3168,-3.0293,-29.3461,-20.4297,-18.1797,0.0,0.0,0.998171865940094,0.9926069974899292,0.0,0.001176470541395247,0.9546130895614624,0.12756529450416565,0.6992381811141968,0.0026430347934365273,0.0660758689045906
2710,-26.8676,-2.0414,-28.909,-24.3594,-11.0938,0.0,0.0,0.9981412887573242,0.9953473806381226,0.0,0.005899704992771149,0.9862351417541504,0.12546642124652863,0.7435089945793152,0.00019434079877100885,0.026352612301707268
2715,-26.0535,-3.5805,-29.634,-19.0625,-20.3281,0.0,0.0,0.9978014826774597,0.992483377456665,0.0181818176060915,0.007765315007418394,0.9267113208770752,0.12375622242689133,0.6773942708969116,0.004275497514754534,0.09009639173746109
2720,-25.3141,-5.0324,-30.3465,-19.5469,-20.2266,0.0,0.0,0.9972084164619446,0.9912297129631042,0.0,0.005285678431391716,0.8575148582458496,0.12531094253063202,0.6115905046463013,0.004197761416435242,0.15442319214344025
2725,-26.0285,-3.6633,-29.6918,-19.9453,-19.8281,0.0,0.0,0.9993853569030762,0.9926410913467407,0.06451612710952759,0.0004004805814474821,0.922247052192688,0.12647698819637299,0.6707866787910461,0.00120491289999336,0.09705379605293274
2730,-26.5066,-2.7785,-29.2852,-20.8438,-18.1953,0.0,0.0,0.9993834495544434,0.9929947257041931,0.0,0.004611330572515726,0.9575892686843872,0.12608830630779266,0.7101989984512329,0.00023320894979406148,0.0590018667280674
2735,-27.191,-1.5527,-28.7437,-28.2188,-3.4922,0.0,0.0,0.9990353584289551,0.9982757568359375,0.0,0.0,0.9981398582458496,0.12087997794151306,0.7664412260055542,0.0,0.008201181888580322
2740,-26.5668,-2.391,-28.9578,-22.3359,-14.1797,0.0,0.0,0.9979466199874878,0.9931907057762146,0.0,0.007518797181546688,0.9836309552192688,0.13250155746936798,0.7249300479888916,0.0019045397639274597,0.036186255514621735
2745,-26.0816,-3.4422,-29.5238,-18.7422,-20.3594,0.0,0.0,0.9987515807151794,0.9925614595413208,0.0,0.003835091134533286,0.933407723903656,0.12453357875347137,0.6845071315765381,0.005402673967182636,0.08107897639274597
2750,-25.2367,-5.1719,-30.4086,-19.25,-20.375,0.0,0.0,0.9974731802940369,0.9916954040527344,0.0,0.001973359612748027,0.8467261791229248,0.12305659055709839,0.6084421873092651,0.006452114321291447,0.15757152438163757
2755,-27.0816,-1.7164,-28.798,-27.3203,-5.2188,0.0,0.0,0.9996827244758606,0.996976375579834,0.0,0.03743315488100052,0.9933035969734192,0.12251243740320206,0.7584344148635864,3.886815829901025e-05,0.014536691829562187
2760,-26.8691,-2.0078,-28.877,-24.5938,-10.6953,0.0,0.0,0.9996933341026306,0.9943081140518188,0.0,0.00800000037997961,0.9921875,0.12674906849861145,0.7443252205848694,0.000155472633196041,0.02429259940981865
2765,-26.2285,-3.3184,-29.5469,-20.75,-18.3125,0.0,0.0,0.999065101146698,0.9934954643249512,0.0,0.001406469731591642,0.933407723903656,0.12472791969776154,0.6871890425682068,0.0006996268639340997,0.08290578424930573
2770,-25.607,-4.3293,-29.9363,-18.7422,-20.5703,0.0,0.0,0.9990842342376709,0.993890643119812,0.014925372786819935,0.0041962554678320885,0.8813244104385376,0.12733209133148193,0.6425684094429016,0.0052083334885537624,0.12041355669498444
2775,-26.3695,-3.1582,-29.5277,-20.1016,-19.3984,0.0,0.0,0.9987183809280396,0.9957520365715027,0.0,0.0004995004856027663,0.9311755895614624,0.12130752205848694,0.6953902244567871,0.0010105721885338426,0.07781405746936798
2780,-26.0617,-3.5266,-29.5883,-19.0781,-20.4609,0.0,0.0,0.9990867376327515,0.9928788542747498,0.0,0.0,0.9296875,0.1276818960905075,0.6768112778663635,0.0029151118360459805,0.08811412006616592
2785,-27.2234,-1.3965,-28.6199,-29.875,-0.2266,0.0,0.0,1.0,0.9996472001075745,0.0,0.4615384638309479,1.0,0.12387282401323318,0.7711442708969116,0.0,0.0005052860942669213
2790,-26.1926,-3.2789,-29.4715,-19.8906,-19.9375,0.0,0.0,0.9990884065628052,0.9959841370582581,0.0,0.0,0.9241071343421936,0.12791511416435242,0.6871890425682068,0.0009328357991762459,0.07948538661003113
2795,-26.2031,-3.3305,-29.5336,-20.0391,-19.6406,0.0,0.0,0.9987658262252808,0.9919578433036804,0.0,0.002842254936695099,0.9397321343421936,0.1259717047214508,0.6862950921058655,0.00120491289999336,0.08205068111419678
2800,-25.8133,-4.3082,-30.1215,-19.8125,-20.0938,0.0,0.0,0.9977433681488037,0.9925858974456787,0.054054055362939835,0.0009060706943273544,0.8857886791229248,0.12056902796030045,0.6448227763175964,0.0014381218934431672,0.12869247794151306
2805,-26.8098,-2.2016,-29.0113,-23.3359,-12.9062,0.0,0.0,0.9996865391731262,0.9943047165870667,0.0,0.0,0.9854910969734192,0.12398942559957504,0.7370569109916687,0.0005052860942669213,0.03397076949477196
2810,-27.1645,-1.5063,-28.6707,-29.1172,-1.5547,0.0,0.0,0.9996885657310486,0.999187707901001,0.125,0.008130080997943878,0.9981398582458496,0.12480565905570984,0.765625,0.000310945266392082,0.004780783783644438
2815,-26.2992,-3.2145,-29.5137,-19.8438,-20.0078,0.0,0.0,0.9984409213066101,0.9929185509681702,0.0,0.0,0.941592276096344,0.12465018779039383,0.691581130027771,0.0006996268639340997,0.07859142124652863
2820,-27.0992,-1.4504,-28.5496,-29.9531,-0.0234,0.0,0.0,1.0,1.0,0.0,0.0,1.0,0.12989738583564758,0.765625,0.0,0.0
2825,-25.5273,-4.4395,-29.9668,-19.8438,-20.0781,0.0,0.0,0.9982547760009766,0.9931776523590088,0.0,0.0003046922502107918,0.8839285969734192,0.1336287260055542,0.6323849558830261,0.0019434079295024276,0.12756529450416565
2830,-26.532,-2.8461,-29.3781,-20.8125,-18.2109,0.0,0.0,1.0,0.9909574389457703,0.0,0.009852216579020023,0.957217276096344,0.12278451770544052,0.7092273235321045,0.0003886815975420177,0.06312189251184464
2835,-25.3438,-5.0691,-30.4129,-19.9219,-19.9453,0.0,0.0,0.9990668892860413,0.9908151626586914,0.0,0.00048721072380430996,0.8563988208770752,0.12496113032102585,0.609375,0.0016324627213180065,0.15955379605293274
2840,-27.0734,-1.693,-28.7664,-27.4609,-4.8203,0.0,0.0,0.9984413981437683,0.9967215061187744,0.0,0.013071895577013493,0.9940476417541504,0.12468905746936798,0.7587453126907349,0.00019434079877100885,0.01189365703612566
2845,-26.148,-3.5027,-29.6508,-19.8594,-20.0234,0.0,0.0,0.9987623691558838,0.9946054816246033,0.0,0.0021240441128611565,0.9200148582458496,0.12562188506126404,0.677277684211731,0.0011271765688434243,0.09149564802646637
2850,-25.4711,-4.8063,-30.2773,-19.7969,-20.1016,0.0,0.0,0.9981220364570618,0.9930629134178162,0.013698630034923553,0.0,0.859375,0.1241837665438652,0.621929407119751,0.0028373757377266884,0.1465718299150467
2855,-27.116,-1.6277,-28.7438,-27.6328,-4.6641,0.0,0.0,0.999687135219574,0.9969874620437622,0.0,0.06563706696033478,0.9944196343421936,0.12422263622283936,0.7612329125404358,0.0,0.010066852904856205
2860,-26.2102,-3.5508,-29.7609,-19.9375,-20.0078,0.0,0.0,1.0,0.9930742383003235,0.0,0.0,0.9203869104385376,0.11963619291782379,0.6790655851364136,0.0006607586983591318,0.09615982323884964
2865,-25.3629,-4.9945,-30.3574,-19.7969,-20.1016,0.0,0.0,0.9981527328491211,0.9938294887542725,0.016129031777381897,0.001496259355917573,0.8515625,0.12624378502368927,0.6110074520111084,0.00240982579998672,0.15586131811141968
2870,-27.2367,-1.3816,-28.6184,-29.9688,-0.0156,0.0,0.0,1.0,1.0,0.0,0.0,1.0,0.12465018779039383,0.770872175693512,0.0,0.0
2875,-26.9547,-1.5227,-28.4773,-29.9375,-0.0312,0.0,0.0,1.0,1.0,0.0,0.0,1.0,0.1362328976392746,0.7592895030975342,0.0,0.0
2880,-27.2301,-1.4195,-28.6496,-29.5391,-0.8281,0.0,0.0,0.9996829628944397,0.9989416003227234,0.0,0.17777778208255768,1.0,0.12259017676115036,0.7711831331253052,0.0,0.00174906721804291
2885,-26.7543,-2.2914,-29.0457,-23.8125,-12.0469,0.0,0.0,0.9984496235847473,0.9951157569885254,0.0,0.005170630756765604,0.9739583134651184,0.12534981966018677,0.7321206331253052,0.00046641789958812296,0.037585511803627014
2890,-27.1766,-1.4164,-28.593,-29.8906,-0.1484,0.0,0.0,1.0,0.9995957016944885,0.0,1.0,1.0,0.1261271834373474,0.7690842747688293,0.0,0.000310945266392082
2895,-24.9223,-5.5969,-30.5191,-19.7344,-20.1328,0.0,0.0,0.9942563772201538,0.9929096698760986,0.004999999888241291,0.0,0.8314732313156128,0.1285758763551712,0.5865594148635864,0.00777363171800971,0.1726135015487671
2900,-26.7902,-2.1281,-28.9184,-23.5547,-12.6797,0.0,0.0,0.9996974468231201,0.9947296380996704,0.0,0.005305039696395397,0.9869791865348816,0.12845925986766815,0.7374844551086426,0.0002720771008171141,0.029306592419743538
2905,-25.7621,-3.7543,-29.5164,-17.1797,-21.3984,0.0,0.0,0.9993956089019775,0.993800699710846,0.0,0.0,0.921502947807312,0.12861473858356476,0.6708644032478333,0.011777052655816078,0.08426617085933685
2910,-26.2875,-3.382,-29.6695,-19.8984,-20.0156,0.0,0.0,0.9993583559989929,0.9931887984275818,0.05882352963089943,0.008741258643567562,0.9263392686843872,0.12115205079317093,0.6847792267799377,0.0006607586983591318,0.08893034607172012
2915,-27.1266,-1.5152,-28.6418,-28.8906,-2.0781,0.0,0.0,0.9996924996376038,0.9994409084320068,0.0,0.0,0.9966517686843872,0.12639924883842468,0.7647310495376587,3.886815829901025e-05,0.004353233613073826
2920,-26.4813,-2.8762,-29.3574,-20.2266,-19.2188,0.0,0.0,0.9990488290786743,0.9920539259910583,0.0,0.005569307133555412,0.9520089030265808,0.12259017676115036,0.709266185760498,0.0008550995262339711,0.06281094253063202
2925,-26.173,-3.5008,-29.6738,-20.0234,-19.6016,0.0,0.0,0.9993684887886047,0.9926222562789917,0.0,0.004228329751640558,0.925595223903656,0.12309546023607254,0.6796097755432129,0.0008939676336012781,0.09192319959402084
2930,-26.1844,-3.4559,-29.6402,-19.9375,-19.8672,0.0,0.0,0.9990636706352234,0.9938324689865112,0.0,0.001306620193645358,0.922247052192688,0.12453357875347137,0.6806203126907349,0.0011271765688434243,0.08924129605293274
2935,-26.6418,-2.718,-29.3598,-20.5625,-18.7109,0.0,0.0,0.9996745586395264,0.9932153820991516,0.0,0.006531678605824709,0.9575892686843872,0.11944185197353363,0.7161069512367249,0.00046641789958812296,0.05950715020298958
2940,-27.0371,-1.6695,-28.7066,-27.7812,-4.2266,0.0,0.0,1.0,0.9973347187042236,0.0,0.08058608323335648,0.9955357313156128,0.12636038661003113,0.758317768573761,0.00023320894979406148,0.010611007921397686
2945,-26.3648,-3.075,-29.4398,-20.0469,-19.7422,0.0,0.0,0.999062180519104,0.9930965304374695,0.0,0.0,0.9479166865348816,0.12433923780918121,0.6981498599052429,0.00042754976311698556,0.07260572165250778
2950,-26.5445,-2.6113,-29.1559,-20.75,-18.2422,0.0,0.0,0.9996981620788574,0.9920247197151184,0.07692307978868484,0.009360373951494694,0.9709821343421936,0.12877021729946136,0.7164179086685181,0.0005052860942669213,0.04982898011803627
2955,-26.6383,-2.5938,-29.232,-21.0781,-17.7266,0.0,0.0,0.9987425208091736,0.9926025867462158,0.1428571492433548,0.009009009227156639,0.9661458134651184,0.12363961338996887,0.7198383212089539,0.0002720771008171141,0.05177238956093788
2960,-26.1676,-3.5012,-29.6687,-19.9375,-19.9141,0.0,0.0,0.9996870160102844,0.9930630922317505,0.07692307978868484,0.005441607441753149,0.9274553656578064,0.1241837665438652,0.6779773235321045,0.0005052860942669213,0.0928560346364975
2965,-26.9371,-1.9621,-28.8992,-24.7734,-10.3125,0.0,0.0,0.9987546801567078,0.9955233931541443,0.0,0.00162601622287184,0.9892113208770752,0.12484452873468399,0.7466962337493896,7.77363165980205e-05,0.023903917521238327
2970,-27.1484,-1.468,-28.6164,-29.2344,-1.1797,0.0,0.0,1.0,0.9994415044784546,0.0,0.0,1.0,0.1276041716337204,0.7655472755432129,0.00011660447489703074,0.0022543531376868486
2975,-26.4219,-2.832,-29.2539,-20.8125,-18.1875,0.0,0.0,0.9993957877159119,0.9921351075172424,0.05882352963089943,0.011757021769881248,0.960565447807312,0.1286536008119583,0.70670086145401,0.0006607586983591318,0.05950715020298958
2980,-26.141,-3.4359,-29.577,-19.6016,-20.1641,0.0,0.0,0.9990769028663635,0.9929798245429993,0.0,0.0036003601271659136,0.9315476417541504,0.12632152438163757,0.6810089945793152,0.001826803432777524,0.08636505156755447
2985,-24.9332,-5.7473,-30.6805,-19.7344,-20.1328,0.0,0.0,0.9981645941734314,0.99201500415802,0.008771929889917374,0.00021034918609075248,0.816220223903656,0.12706001102924347,0.5792521834373474,0.004430970177054405,0.18477922677993774
2990,-27.0391,-1.7898,-28.8289,-25.7891,-8.2812,0.0,0.0,0.9990636706352234,0.9943357110023499,0.0,0.002421307610347867,1.0,0.12453357875347137,0.7548196315765381,0.00011660447489703074,0.016052549704909325
2995,-27.2305,-1.4188,-28.6492,-29.5391,-0.8984,0.0,0.0,1.0,0.9989408850669861,0.0,0.02631578966975212,1.0,0.123367540538311,0.7706778645515442,0.0,0.001476990059018135
3000,-26.7,-2.4879,-29.1879,-21.5703,-16.6953,0.0,0.0,0.9990488290786743,0.9932965040206909,0.0,0.008116883225739002,0.972842276096344,0.12259017676115036,0.7247745394706726,0.0002720771008171141,0.04788557067513466
3005,-26.1445,-3.2953,-29.4398,-19.8906,-19.5859,0.0,0.0,0.9976126551628113,0.9901466965675354,0.02631578966975212,0.01305220928043127,0.9445684552192688,0.13024720549583435,0.6863728165626526,0.001476990059018135,0.07742537558078766
3010,-27.152,-1.6168,-28.7687,-27.6875,-4.5312,0.0,0.0,1.0,0.9969439506530762,0.0,0.04693140834569931,0.9985119104385376,0.12161847203969955,0.7630985975265503,3.886815829901025e-05,0.01076648011803627
3015,-26.4645,-2.9953,-29.4598,-19.1953,-20.0391,0.0,0.0,0.9993419051170349,0.9908161163330078,0.013888888992369175,0.012034383602440357,0.9512648582458496,0.11812033504247665,0.7067785859107971,0.0027985074557363987,0.06782493740320206
3020,-25.5934,-4.3836,-29.977,-19.7188,-20.1406,0.0,0.0,0.9982100129127502,0.9904825687408447,0.0,0.009233610704541206,0.8913690447807312,0.1302860677242279,0.6370880007743835,0.0018656715983524919,0.12628264725208282
3025,-27.0059,-1.8258,-28.8316,-26.2578,-7.4141,0.0,0.0,0.9996886849403381,0.9953531622886658,0.0,0.028260869905352592,0.9914434552192688,0.12484452873468399,0.7527984976768494,0.0,0.01787935383617878
3030,-26.3313,-3.2699,-29.6012,-19.875,-19.9922,0.0,0.0,0.9993583559989929,0.9935218691825867,0.0,0.006963788531720638,0.9341517686843872,0.12115205079317093,0.6899875402450562,0.0006607586983591318,0.08372201770544052
3035,-25.5211,-4.6816,-30.2027,-19.875,-20.0625,0.0,0.0,0.9993876218795776,0.9901710748672485,0.02857142873108387,0.00955240149050951,0.8716517686843872,0.1269434094429016,0.6248056888580322,0.0013603855622932315,0.142412930727005
3040,-26.1172,-3.5539,-29.6711,-19.9688,-19.875,0.0,0.0,0.999071478843689,0.9914313554763794,0.10526315867900848,0.007080383133143187,0.925967276096344,0.12558302283287048,0.6758784055709839,0.0007384950295090675,0.09332244843244553
3045,-26.9883,-1.6805,-28.6688,-27.6562,-4.6641,0.0,0.0,1.0,0.9972213506698608,0.0,0.016194332391023636,1.0,0.13051928579807281,0.7553638219833374,3.886815829901025e-05,0.009600435383617878
3050,-25.9312,-3.8074,-29.7387,-19.9453,-19.875,0.0,0.0,0.9978774785995483,0.991628110408783,0.043478261679410934,0.004169825464487076,0.9155505895614624,0.12818719446659088,0.6639070510864258,0.0008939676336012781,0.1025342047214508
3055,-25.7137,-4.3469,-30.0605,-19.0938,-20.4531,0.0,0.0,0.9990409016609192,0.9915550947189331,0.0,0.006226649973541498,0.886904776096344,0.1215796023607254,0.644356369972229,0.004741915501654148,0.12484452873468399
3060,-26.7004,-2.1332,-28.8336,-23.9688,-11.5234,0.0,0.0,0.9965106248855591,0.9943932890892029,0.0,0.007309941574931145,0.9936755895614624,0.13366760313510895,0.7348414063453674,0.00042754976311698556,0.02658582106232643
3065,-26.5691,-2.7203,-29.2895,-21.2812,-17.2734,0.0,0.0,0.9984311461448669,0.9924287796020508,0.125,0.010094212368130684,0.9654017686843872,0.12387282401323318,0.7135805487632751,0.000310945266392082,0.057758085429668427
3070,-27.2305,-1.3871,-28.6176,-29.9062,-0.0938,0.0,0.0,1.0,0.99989914894104,0.0,0.0,1.0,0.12465018779039383,0.7707944512367249,0.0,7.77363165980205e-05
3075,-26.5578,-2.6328,-29.1906,-21.0703,-16.5938,0.0,0.0,0.9996877908706665,0.9932388663291931,0.0,0.010903426446020603,0.964657723903656,0.12449471652507782,0.7185945510864258,0.0025264304131269455,0.049906715750694275
3080,-26.2383,-3.45,-29.6883,-19.9375,-19.7734,0.0,0.0,0.9990403056144714,0.991286039352417,0.0,0.010300429537892342,0.929315447807312,0.1215018630027771,0.6824471354484558,0.0010105721885338426,0.09056281298398972
3085,-26.7695,-2.2305,-29.0,-22.4609,-14.8672,0.0,0.0,0.9987654089927673,0.9941792488098145,0.0,0.0,0.9873511791229248,0.12593284249305725,0.7345304489135742,0.00023320894979406148,0.03482586890459061
3090,-27.191,-1.4145,-28.6055,-29.875,-0.2031,0.0,0.0,1.0,0.9998989701271057,0.0,0.0,0.999627947807312,0.12558302283287048,0.7693952322006226,0.0,0.0005441542016342282
3095,-27.1656,-1.4172,-28.5828,-29.9688,-0.0156,0.0,0.0,1.0,1.0,0.0,0.0,1.0,0.12690454721450806,0.7686178684234619,0.0,0.0
3100,-26.5773,-2.698,-29.2754,-20.9062,-18.0,0.0,0.0,0.9993690848350525,0.9926095008850098,0.0,0.007549759931862354,0.9668898582458496,0.1232120618224144,0.7152518630027771,0.00042754976311698556,0.05663090944290161
3105,-25.4902,-4.748,-30.2383,-19.7812,-20.1094,0.0,0.0,0.9984681606292725,0.9916176795959473,0.027027027681469917,0.003197442041710019,0.8738839030265808,0.1268656700849533,0.6213464140892029,0.0014381218934431672,0.14587220549583435
3110,-27.0855,-1.5984,-28.684,-28.1328,-3.6641,0.0,0.0,1.0,0.9972420930862427,0.0,0.031578946858644485,0.9992559552192688,0.12706001102924347,0.7610385417938232,3.886815829901025e-05,0.007384950295090675
3115,-26.2195,-3.375,-29.5945,-19.8984,-20.0391,0.0,0.0,0.9993790984153748,0.9939711093902588,0.0625,0.0,0.929315447807312,0.12519434094429016,0.6833799481391907,0.000621890532784164,0.08632618188858032
3120,-25.8625,-4.1629,-30.0254,-19.6406,-20.1797,0.0,0.0,0.997762143611908,0.9915289878845215,0.0,0.0006410256610251963,0.8965773582458496,0.1215796023607254,0.6515469551086426,0.0011271765688434243,0.12126865983009338
3125,-25.5188,-4.7836,-30.3023,-19.4844,-20.2578,0.0,0.0,0.9983959197998047,0.9956386089324951,0.01123595517128706,0.0036997885908931494,0.8485863208770752,0.12115205079317093,0.623833954334259,0.0034592661540955305,0.14707711338996887
3130,-24.4738,-6.5523,-31.0262,-19.7656,-20.1172,0.0,0.0,0.9978909492492676,0.9938293695449829,0.008130080997943878,0.0012365306029096246,0.777529776096344,0.12900342047214508,0.5417055487632751,0.004780783783644438,0.22003264725208282
3135,-26.1965,-3.2828,-29.4793,-19.9141,-19.8672,0.0,0.0,0.9987919330596924,0.9937648773193359,0.0,0.01497584581375122,0.9304315447807312,0.12869247794151306,0.6857120394706726,0.0006607586983591318,0.08045709133148193
3140,-25.3133,-5.252,-30.5652,-19.875,-20.0625,0.0,0.0,0.9990512132644653,0.9937164187431335,0.03030303120613098,0.004990925546735525,0.8340773582458496,0.12290111929178238,0.6000077724456787,0.0012826492311432958,0.17133083939552307
3145,-26.7527,-2.4152,-29.168,-21.375,-16.8984,0.0,0.0,0.9990460872650146,0.9947658181190491,0.0,0.0025862068869173527,0.9698660969734192,0.12224035710096359,0.727728545665741,0.00046641789958812296,0.0450870655477047
3150,-27.168,-1.4453,-28.6133,-29.5,-0.8359,0.0,0.0,0.9996939301490784,0.9991894364356995,0.0,0.029411764815449715,1.0,0.12698227167129517,0.7672185897827148,0.0,0.0013215173967182636
3155,-26.6801,-2.3871,-29.0672,-21.5391,-16.7344,0.0,0.0,0.9993939399719238,0.9932519197463989,0.0,0.008490566164255142,0.9799107313156128,0.128264918923378,0.7257462739944458,0.000310945266392082,0.04120025038719177
3160,-25.6395,-4.3629,-30.0023,-18.7969,-20.6016,0.0,0.0,0.9984471797943115,0.9932199120521545,0.0057142856530845165,0.0012795905349776149,0.8839285969734192,0.1251554787158966,0.6420631408691406,0.006801927927881479,0.1215018630027771
3165,-25.7613,-4.4379,-30.1992,-19.8125,-20.0938,0.0,0.0,0.9996742606163025,0.9924021363258362,0.0,0.005445686634629965,0.8764880895614624,0.11932525038719177,0.639458954334259,0.0011271765688434243,0.13561101257801056
3170,-27.148,-1.6328,-28.7809,-27.2578,-5.3672,0.0,0.0,1.0,0.9969908595085144,0.0,0.07973422110080719,0.9947916865348816,0.12161847203969955,0.7620880007743835,0.00011660447489703074,0.011699316091835499
3175,-25.084,-5.1832,-30.2672,-17.5625,-21.2188,0.0,0.0,0.9980934262275696,0.9904870390892029,0.0,0.006693440489470959,0.8530505895614624,0.1223180964589119,0.6128731369972229,0.015158582478761673,0.145172581076622
3180,-26.1352,-3.3832,-29.5184,-19.7031,-20.1016,0.0,0.0,1.0,0.9951445460319519,0.021739130839705467,0.006026889197528362,0.9248511791229248,0.1294698417186737,0.6804260015487671,0.0017879352672025561,0.08383861929178238
3185,-26.5809,-2.7332,-29.3141,-20.6719,-18.5391,0.0,0.0,0.9996819496154785,0.9929811358451843,0.0,0.004648074507713318,0.9601934552192688,0.12220149487257004,0.7143579125404358,0.00042754976311698556,0.05853544920682907
3190,-25.1922,-5.4461,-30.6383,-19.875,-20.0625,0.0,0.0,0.9990476369857788,0.9908335208892822,0.0,0.0019762846641242504,0.8359375,0.12243469804525375,0.5936334133148193,0.0024486940819770098,0.1770056039094925
3195,-27.1535,-1.5363,-28.6898,-28.6875,-2.5547,0.0,0.0,1.0,0.9977137446403503,0.0,0.10625000298023224,0.9985119104385376,0.12422263622283936,0.7650420069694519,3.886815829901025e-05,0.006218905560672283
3200,-25.7086,-3.982,-29.6906,-19.1094,-20.3984,0.0,0.0,0.9988242387771606,0.9947783946990967,0.007575757801532745,0.0007538635400123894,0.9032738208770752,0.13222947716712952,0.6550450921058655,0.005130596924573183,0.10311722755432129
3205,-27.0164,-1.6594,-28.6758,-28.2734,-3.0547,0.0,0.0,0.9996989965438843,0.9977918267250061,0.1666666716337204,0.05150214582681656,0.995907723903656,0.12912002205848694,0.7568796873092651,0.00046641789958812296,0.009056281298398972
3210,-26.2613,-3.0758,-29.3371,-18.875,-20.2109,0.0,0.0,0.9996954202651978,0.993318498134613,0.01149425283074379,0.005263158120214939,0.9438244104385376,0.1276041716337204,0.6980721354484558,0.003381529822945595,0.06646455079317093
3215,-25.6098,-4.5711,-30.1809,-19.8125,-20.0938,0.0,0.0,0.9987508058547974,0.9923010468482971,0.0,0.0005611672531813383,0.878720223903656,0.12445584684610367,0.6310634613037109,0.001476990059018135,0.13852612674236298
3220,-26.2309,-3.4672,-29.698,-19.9375,-20.0312,0.0,0.0,0.9990421533584595,0.9927532076835632,0.0,0.005892255809158087,0.9248511791229248,0.12173507362604141,0.6811645030975342,0.0002720771008171141,0.09235074371099472
3225,-25.248,-5.2875,-30.5355,-19.7656,-20.1172,0.0,0.0,0.9993644952774048,0.9907688498497009,0.0,0.0002309468836756423,0.8426339030265808,0.1223180964589119,0.6021066308021545,0.0027985074557363987,0.1682991236448288
3230,-27.2812,-1.3594,-28.6406,-29.9531,-0.0234,0.0,0.0,1.0,1.0,0.0,0.0,1.0,0.12325093150138855,0.772271454334259,0.0,0.0
3235,-27.1227,-1.6648,-28.7875,-26.8984,-5.9688,0.0,0.0,0.999045193195343,0.9963256120681763,0.0,0.0033444815780967474,0.9966517686843872,0.12212375551462173,0.7616215944290161,0.000155472633196041,0.01162157952785492
3240,-25.6273,-4.4938,-30.1211,-19.8594,-20.0703,0.0,0.0,0.9996939897537231,0.9925657510757446,0.0,0.0002891845069825649,0.8805803656578064,0.12702114880084991,0.6326181888580322,0.001476990059018135,0.13440608978271484
3245,-25.8402,-4.1816,-30.0219,-19.8906,-20.0547,0.0,0.0,0.9996779561042786,0.9926584959030151,0.0,0.0006347191520035267,0.894345223903656,0.1206856369972229,0.6511971354484558,0.0011660447344183922,0.1224735677242279
3250,-26.3941,-3.2426,-29.6367,-19.9688,-19.875,0.0,0.0,0.9986763596534729,0.9922202825546265,0.0,0.0060861422680318356,0.9345238208770752,0.11745958030223846,0.6944574117660522,0.0005830223672091961,0.08302238583564758
3255,-26.1266,-3.3148,-29.4414,-19.8906,-20.0078,0.0,0.0,1.0,0.9939097166061401,0.0555555559694767,0.011159631423652172,0.929315447807312,0.1318407952785492,0.6828746795654297,0.0006996268639340997,0.08010727912187576
3260,-26.116,-3.6301,-29.7461,-19.5312,-20.2344,0.0,0.0,0.9996799826622009,0.9929772019386292,0.0,0.004417670890688896,0.9159226417541504,0.12146300077438354,0.6752176880836487,0.002060012426227331,0.09678171575069427
3265,-27.1684,-1.4234,-28.5918,-29.8359,-0.2344,0.0,0.0,1.0,0.9996965527534485,0.0,0.3636363744735718,1.0,0.12659358978271484,0.7685012221336365,0.0,0.00042754976311698556
3270,-24.3957,-6.5352,-30.9309,-19.5781,-20.2109,0.0,0.0,0.9985202550888062,0.9929149150848389,0.0,0.0009117432637140155,0.7827380895614624,0.13133551180362701,0.5431047677993774,0.007929104380309582,0.21315298974514008
3275,-24.4598,-6.6449,-31.1047,-19.6094,-20.1953,0.0,0.0,0.9981818199157715,0.9885863065719604,0.007575757801532745,0.006938421633094549,0.7793898582458496,0.128264918923378,0.5380519032478333,0.005130596924573183,0.22407494485378265
3280,-26.1199,-3.5109,-29.6309,-19.8516,-20.0625,0.0,0.0,0.9987680912017822,0.9931703209877014,0.11764705926179886,0.0076530613005161285,0.922247052192688,0.12620490789413452,0.6772388219833374,0.0006607586983591318,0.09141790866851807
3285,-24.7762,-6.1914,-30.9676,-19.8594,-20.0703,0.0,0.0,0.9996904730796814,0.9903892874717712,0.019999999552965164,0.005370370578020811,0.7953869104385376,0.12558302283287048,0.5581079125404358,0.0019434079295024276,0.2098880559206009
3290,-25.3949,-5.0359,-30.4309,-19.6875,-20.1562,0.0,0.0,0.999355673789978,0.9905033111572266,0.03846153989434242,0.009165221825242043,0.8463541865348816,0.12064676731824875,0.6139225959777832,0.00404228875413537,0.1569107621908188
3295,-25.6516,-4.1969,-29.8484,-19.5781,-20.2109,0.0,0.0,0.9991116523742676,0.9918067455291748,0.012345679104328156,0.013074086047708988,0.8924851417541504,0.1312577724456787,0.6451725959777832,0.0031483208294957876,0.11594372242689133
3300,-25.009,-5.5148,-30.5238,-19.6875,-20.1562,0.0,0.0,0.9990958571434021,0.9907481074333191,0.04273504391312599,0.004471272230148315,0.8344494104385376,0.12896455824375153,0.5881530046463013,0.004547574557363987,0.17385727167129517
3305,-24.6648,-6.3074,-30.9723,-19.7188,-20.1406,0.0,0.0,0.9990613460540771,0.9907647371292114,0.03875968977808952,0.008668388240039349,0.784970223903656,0.12422263622283936,0.5555425882339478,0.005013992544263601,0.21074315905570984
3310,-25.6359,-4.3664,-30.0023,-19.2812,-20.3594,0.0,0.0,0.9981406927108765,0.9904224872589111,0.039603959769010544,0.024261275306344032,0.8772321343421936,0.12542754411697388,0.6412079930305481,0.003925683908164501,0.12496113032102585
3315,-26.3324,-3.2875,-29.6199,-20.1016,-19.5391,0.0,0.0,0.9987025856971741,0.9921180009841919,0.125,0.021649010479450226,0.9285714030265808,0.11983053386211395,0.6903762221336365,0.0009328357991762459,0.08438277244567871
3320,-24.2453,-7.3902,-31.6355,-19.9219,-20.0391,0.0,0.0,0.9973881840705872,0.992047131061554,0.0555555559694767,0.003975265193730593,0.7310267686843872,0.11905317008495331,0.5082789063453674,0.004197761416435242,0.2639925479888916
3325,-23.6613,-7.9301,-31.5914,-19.6094,-20.1953,0.0,0.0,0.9960796236991882,0.9930906891822815,0.018518518656492233,0.0023011649027466774,0.7131696343421936,0.12888681888580322,0.4837919771671295,0.01259328331798315,0.2702503204345703
3330,-25.2781,-5.2789,-30.557,-19.7734,-19.9609,0.0,0.0,0.9974586963653564,0.9908714294433594,0.11538461595773697,0.006410256493836641,0.8430059552192688,0.12235696613788605,0.6003575921058655,0.003031716449186206,0.16977612674236298
3335,-25.7238,-4.2434,-29.9672,-18.9688,-20.4922,0.0,0.0,0.9981273412704468,0.9906266927719116,0.14678898453712463,0.009079118259251118,0.8950892686843872,0.12453357875347137,0.6468827724456787,0.004236629232764244,0.1198694035410881
3340,-25.6285,-4.3566,-29.9852,-19.7969,-20.0078,0.0,0.0,0.9993972182273865,0.9908134341239929,0.07692307978868484,0.014171287417411804,0.882440447807312,0.12896455824375153,0.6388759613037109,0.001515858224593103,0.12616604566574097
3345,-26.3859,-2.9133,-29.2992,-20.1875,-19.2969,0.0,0.0,0.9990850687026978,0.9940348267555237,0.0,0.01339829433709383,0.9468005895614624,0.1274486929178238,0.7037079930305481,0.0005441542016342282,0.06382151693105698
3350,-25.223,-4.9355,-30.1586,-18.3438,-20.8281,0.0,0.0,0.9993848204612732,0.9929042458534241,0.029999999329447746,0.005331088788807392,0.8526785969734192,0.12636038661003113,0.6189754605293274,0.011660447344183922,0.13852612674236298
3355,-26.2516,-3.0004,-29.252,-19.5,-19.3359,0.0,0.0,0.9991132020950317,0.9933236837387085,0.02380952425301075,0.012507817707955837,0.9486607313156128,0.13149097561836243,0.6986162662506104,0.003264925442636013,0.06215018779039383
3360,-27.1348,-1.6078,-28.7426,-27.6172,-4.4375,0.0,0.0,0.9993683099746704,0.99791020154953,0.1666666716337204,0.03212851285934448,0.996279776096344,0.12305659055709839,0.762554407119751,0.00023320894979406148,0.009678171947598457
3365,-26.0773,-3.8105,-29.8879,-19.9219,-20.0391,0.0,0.0,0.9993493556976318,0.9930669069290161,0.043478261679410934,0.008996041491627693,0.9036458134651184,0.11948072165250778,0.667133092880249,0.0008939676336012781,0.10801461338996887
3370,-27.1793,-1.4859,-28.6652,-28.9297,-2.0469,0.0,0.0,1.0,0.9993910193443298,0.0,0.0,0.9977678656578064,0.12531094253063202,0.7658970952033997,0.0,0.0043143657967448235
3375,-27.1438,-1.4281,-28.5719,-29.9531,-0.0234,0.0,0.0,1.0,1.0,0.0,0.0,1.0,0.1292366236448288,0.76628577709198,0.0,0.0
3380,-27.1633,-1.4184,-28.5816,-29.9688,-0.0156,0.0,0.0,1.0,1.0,0.0,0.0,1.0,0.12706001102924347,0.7684623599052429,0.0,0.0
3385,-27.0758,-1.4621,-28.5379,-29.9062,-0.0469,0.0,0.0,1.0,1.0,0.0,0.0,1.0,0.13141325116157532,0.7641091346740723,0.0,0.0
3390,-27.3023,-1.3488,-28.6512,-29.9219,-0.0391,0.0,0.0,1.0,1.0,0.0,0.0,1.0,0.12111318111419678,0.7744091749191284,0.0,0.0
3395,-27.0848,-1.5988,-28.6836,-28.0391,-3.7344,0.0,0.0,1.0,0.9980600476264954,0.0,0.025773195549845695,0.995907723903656,0.12651586532592773,0.7613494992256165,0.00011660447489703074,0.007540422957390547
3400,-26.8848,-1.9098,-28.7945,-25.4688,-8.7578,0.0,0.0,0.9996972680091858,0.9940253496170044,0.1111111119389534,0.02916666679084301,0.995907723903656,0.12838153541088104,0.7481343150138855,0.00034981343196704984,0.018656715750694275
3405,-27.2297,-1.3852,-28.6148,-29.9062,-0.0469,0.0,0.0,1.0,1.0,0.0,0.0,1.0,0.12457244843244553,0.7709499597549438,0.0,0.0
3410,-27.1797,-1.4102,-28.5898,-29.875,-0.0625,0.0,0.0,1.0,1.0,0.0,0.0,1.0,0.126787930727005,0.7687344551086426,0.0,0.0
3415,-27.3234,-1.3383,-28.6617,-29.9844,-0.0078,0.0,0.0,1.0,1.0,0.0,0.0,1.0,0.12080223858356476,0.7747201323509216,0.0,0.0
3420,-27.032,-1.5707,-28.6027,-28.7578,-2.2734,0.0,0.0,0.999704122543335,0.9983628988265991,0.0,0.07079645991325378,0.996279776096344,0.13137437403202057,0.7597559094429016,0.0,0.0043921018950641155
3425,-27.1785,-1.6527,-28.8313,-26.875,-6.0156,0.0,0.0,0.9996753334999084,0.9969409704208374,0.1428571492433548,0.017699114978313446,0.9951636791229248,0.1197139322757721,0.7623600959777832,0.0002720771008171141,0.013176306150853634
3430,-27.2102,-1.3949,-28.6051,-29.8906,-0.0547,0.0,0.0,1.0,1.0,0.0,0.0,1.0,0.1249222606420517,0.7706001400947571,0.0,0.0
3435,-27.1156,-1.5277,-28.6434,-28.8906,-2.1016,0.0,0.0,0.9996938109397888,0.9975603818893433,0.0,0.05050504952669144,0.9988839030265808,0.1269434094429016,0.7647310495376587,0.0,0.003847947809845209
3440,-27.1836,-1.4082,-28.5918,-29.9531,-0.0234,0.0,0.0,1.0,1.0,0.0,0.0,1.0,0.1258939653635025,0.7696284055709839,0.0,0.0
3445,-27.193,-1.4035,-28.5965,-29.9531,-0.0234,0.0,0.0,1.0,1.0,0.0,0.0,1.0,0.1266324669122696,0.7688899040222168,0.0,0.0
3450,-27.1281,-1.4359,-28.5641,-29.8906,-0.0547,0.0,0.0,1.0,1.0,0.0,0.0,1.0,0.12985852360725403,0.7656638622283936,0.0,0.0
3455,-27.2133,-1.3934,-28.6066,-29.9375,-0.0312,0.0,0.0,1.0,1.0,0.0,0.0,1.0,0.12550528347492218,0.7700170874595642,0.0,0.0
3460,-27.1684,-1.5699,-28.7383,-27.9297,-4.0,0.0,0.0,1.0,0.997002363204956,1.0,0.057416267693042755,0.9973958134651184,0.12235696613788605,0.7650030851364136,3.886815829901025e-05,0.008123445324599743
3465,-27.2367,-1.3816,-28.6184,-29.9219,-0.0391,0.0,0.0,1.0,1.0,0.0,0.0,1.0,0.12375622242689133,0.771766185760498,0.0,0.0
3470,-27.1797,-1.4102,-28.5898,-29.9062,-0.0469,0.0,0.0,1.0,1.0,0.0,0.0,1.0,0.1265547275543213,0.7689676880836487,0.0,0.0
3475,-27.257,-1.3715,-28.6285,-29.9062,-0.0469,0.0,0.0,1.0,1.0,0.0,0.0,1.0,0.12383395433425903,0.7716884613037109,0.0,0.0
3480,-27.1961,-1.4066,-28.6027,-29.8594,-0.1641,0.0,0.0,1.0,0.9995960593223572,0.0,0.0,1.0,0.12577736377716064,0.7697450518608093,0.0,0.0
3485,-26.5895,-2.3434,-28.9328,-22.2656,-14.6484,0.0,0.0,0.9997095465660095,0.9938929677009583,0.07407407462596893,0.0022148394491523504,0.9821428656578064,0.13382306694984436,0.7255519032478333,0.0010494403541088104,0.03509794920682907
3490,-27.207,-1.4047,-28.6117,-29.8281,-0.25,0.0,0.0,1.0,0.9993939995765686,0.0,0.8333333134651184,1.0,0.12538868188858032,0.7696672677993774,0.0,0.00046641789958812296
3495,-27.1656,-1.4172,-28.5828,-29.9688,-0.0156,0.0,0.0,1.0,1.0,0.0,0.0,1.0,0.12643812596797943,0.7690842747688293,0.0,0.0
3500,-27.2328,-1.3836,-28.6164,-29.9531,-0.0234,0.0,0.0,1.0,1.0,0.0,0.0,1.0,0.12437810748815536,0.7711442708969116,0.0,0.0
3505,-27.0066,-1.782,-28.7887,-26.3203,-6.8906,0.0,0.0,0.9996876120567322,0.9962432980537415,0.0,0.04292929172515869,0.9914434552192688,0.12441697716712952,0.7552860975265503,0.00042754976311698556,0.015391791239380836
3510,-27.1938,-1.4102,-28.6039,-29.7969,-0.2422,0.0,0.0,1.0,0.9995956420898438,0.0,0.5,1.0,0.12624378502368927,0.7689676880836487,0.0,0.000310945266392082
3515,-27.1516,-1.4723,-28.6238,-29.2969,-1.2188,0.0,0.0,0.9996939897537231,0.9989341497421265,0.0,0.1304347813129425,1.0,0.12702114880084991,0.7658193111419678,0.0,0.002681903075426817
3520,-27.2688,-1.3656,-28.6344,-29.9531,-0.0234,0.0,0.0,1.0,1.0,0.0,0.0,1.0,0.1224735677242279,0.7730488181114197,0.0,0.0
3525,-27.257,-1.3809,-28.6379,-29.8438,-0.2656,0.0,0.0,1.0,0.9997986555099487,0.0,0.0,1.0,0.12297885864973068,0.7720771431922913,0.0,0.00046641789958812296
3530,-27.1906,-1.4047,-28.5953,-29.9219,-0.0391,0.0,0.0,1.0,1.0,0.0,0.0,1.0,0.1266324669122696,0.7688899040222168,0.0,0.0
3535,-27.1164,-1.5953,-28.7117,-27.9062,-4.1172,0.0,0.0,1.0,0.9981618523597717,0.0,0.004524887073785067,0.9981398582458496,0.1256607621908188,0.7612329125404358,3.886815829901025e-05,0.00858986284583807
3540,-26.257,-3.0891,-29.3461,-19.9062,-19.8359,0.0,0.0,0.9997020959854126,0.9949602484703064,0.0,0.0005537098622880876,0.9393601417541504,0.13048040866851807,0.6941075921058655,0.0007384950295090675,0.07019589841365814
3545,-26.3551,-3.3523,-29.7074,-19.7188,-20.1406,0.0,0.0,1.0,0.9927377104759216,0.02857142873108387,0.0,0.9289434552192688,0.11602145433425903,0.69041508436203,0.0013603855622932315,0.0877254381775856
3550,-27.1539,-1.423,-28.577,-29.9531,-0.0234,0.0,0.0,1.0,1.0,0.0,0.0,1.0,0.12632152438163757,0.76920086145401,0.0,0.0
3555,-27.1598,-1.5438,-28.7035,-28.4766,-2.9531,0.0,0.0,1.0,0.999034583568573,0.0,0.0,0.9955357313156128,0.12356188148260117,0.76496422290802,7.77363165980205e-05,0.006918532308191061
3560,-27.1234,-1.5109,-28.6344,-28.9375,-1.9844,0.0,0.0,1.0,0.9981206059455872,0.0,0.0,1.0,0.1269434094429016,0.7651974558830261,0.0,0.003381529822945595
3565,-26.141,-3.4781,-29.6191,-19.7812,-20.1094,0.0,0.0,0.9984769821166992,0.9928268194198608,0.0625,0.003455723635852337,0.9289434552192688,0.1276041716337204,0.6773165464401245,0.000621890532784164,0.08997979015111923
3570,-24.8742,-5.8805,-30.7547,-19.2656,-20.3672,0.0,0.0,0.999362051486969,0.9946088194847107,0.005291005130857229,0.0030756613705307245,0.8028273582458496,0.12185168266296387,0.5767646431922913,0.007346082013100386,0.18956001102924347
3575,-26.3285,-3.2309,-29.5594,-19.9453,-19.8984,0.0,0.0,0.9987248778343201,0.9959530234336853,0.0,0.002391200279816985,0.9263392686843872,0.12192941457033157,0.6915034055709839,0.0008162313606590033,0.08127331733703613
3580,-25.5277,-4.3215,-29.8492,-19.8516,-20.0391,0.0,0.0,0.9991492033004761,0.9948012232780457,0.0,0.0003197953337803483,0.8854166865348816,0.1370491236448288,0.6354944109916687,0.0014381218934431672,0.12154073268175125
3585,-25.2773,-5.2277,-30.5051,-19.8125,-20.0938,0.0,0.0,0.9990524053573608,0.9952924251556396,0.024390242993831635,0.00023337222228292376,0.831845223903656,0.12305659055709839,0.602728545665741,0.0031871891114860773,0.16655005514621735
3590,-25.4871,-4.4754,-29.9625,-19.0469,-20.4766,0.0,0.0,1.0,0.9958981275558472,0.010869565419852734,0.0015605493681505322,0.8738839030265808,0.12896455824375153,0.6348724961280823,0.0071517410688102245,0.12453357875347137
3595,-24.8,-6.3441,-31.1441,-19.9219,-20.0391,0.0,0.0,0.9980334043502808,0.993766188621521,0.040816325694322586,0.0014126787427812815,0.7793898582458496,0.11858675628900528,0.5549207329750061,0.0019045397639274597,0.22011038661003113
3600,-25.2805,-5.1957,-30.4762,-19.7812,-20.1094,0.0,0.0,0.9993765354156494,0.991763710975647,0.0181818176060915,0.0011803588131442666,0.8418898582458496,0.12468905746936798,0.6040500402450562,0.002137748757377267,0.16464552283287048
3605,-25.4543,-4.8141,-30.2684,-19.5,-20.25,0.0,0.0,0.9996846318244934,0.9931327104568481,0.009009009227156639,0.0024064171593636274,0.8567708134651184,0.12325093150138855,0.622590184211731,0.0043143657967448235,0.14536692202091217
3610,-24.0559,-7.2957,-31.3516,-19.1562,-20.4219,0.0,0.0,0.9990360140800476,0.9911510944366455,0.015384615398943424,0.0009672738960944116,0.7481398582458496,0.12095770984888077,0.5183069109916687,0.015158582478761673,0.24109919369220734
3615,-24.4746,-6.7266,-31.2012,-19.7969,-20.1016,0.0,0.0,0.9990677237510681,0.9932407736778259,0.009803921915590763,0.004864955320954323,0.7633928656578064,0.1250777393579483,0.5347869992256165,0.003964552190154791,0.2316931039094925
3620,-25.6633,-4.3187,-29.982,-19.8359,-20.0703,0.0,0.0,0.9993939399719238,0.9964148998260498,0.0,0.004006163217127323,0.8738839030265808,0.128264918923378,0.6396533250808716,0.001476990059018135,0.1261271834373474
3625,-23.9352,-7.2195,-31.1547,-19.0625,-20.4688,0.0,0.0,0.9984993934631348,0.9938318133354187,0.004524887073785067,0.0035164100117981434,0.7514880895614624,0.12950870394706726,0.5167133212089539,0.01717972569167614,0.23212064802646637
3630,-24.4574,-6.6883,-31.1457,-19.7969,-20.1016,0.0,0.0,0.9984389543533325,0.9952346682548523,0.013071895577013493,0.0008570448844693601,0.7641369104385376,0.12449471652507782,0.5383239984512329,0.00594682851806283,0.22675684094429016
3635,-25.9445,-3.7609,-29.7055,-19.7344,-20.1328,0.0,0.0,0.9996991753578186,0.997014045715332,0.04545454680919647,0.002700617304071784,0.8962053656578064,0.12919776141643524,0.6638681888580322,0.0017101990524679422,0.1007462665438652
3640,-24.766,-6.3359,-31.102,-19.8438,-20.0781,0.0,0.0,0.9983876347541809,0.9948117733001709,0.0,0.0007136485073715448,0.7782738208770752,0.1205301582813263,0.5543765425682068,0.0027596394065767527,0.2178560346364975
3645,-25.0672,-5.6199,-30.6871,-19.8125,-20.0938,0.0,0.0,0.9987523555755615,0.9969359636306763,0.032786883413791656,0.0018907563062384725,0.8058035969734192,0.12461131811141968,0.583527684211731,0.002370957750827074,0.18501244485378265
3650,-24.8359,-5.95,-30.7859,-19.9062,-20.0469,0.0,0.0,0.9979048371315002,0.992311418056488,0.0,0.004737465642392635,0.8061755895614624,0.12985852360725403,0.5661924481391907,0.0025652984622865915,0.19690608978271484
3655,-26.1551,-3.5613,-29.7164,-19.8438,-20.0547,0.0,0.0,1.0,0.9928992986679077,0.0,0.006603384390473366,0.9155505895614624,0.12107431888580322,0.6787546873092651,0.001515858224593103,0.09417755156755447
3660,-26.8691,-1.8695,-28.7387,-26.4688,-6.6406,0.0,0.0,0.9997027516365051,0.9967780709266663,0.0,0.014150943607091904,0.9892113208770752,0.13075248897075653,0.7479400038719177,0.00034981343196704984,0.01648009940981865
3665,-26.4262,-2.943,-29.3691,-20.0,-19.4375,0.0,0.0,0.9996876120567322,0.9942024350166321,0.0,0.007651559542864561,0.9434523582458496,0.12441697716712952,0.7039412260055542,0.0011271765688434243,0.06603699922561646
3670,-26.8566,-2.1664,-29.023,-23.5703,-12.7422,0.0,0.0,0.9996821284294128,0.9948491454124451,0.125,0.010465116240084171,0.9784226417541504,0.12227922677993774,0.7395055890083313,0.000310945266392082,0.033426616340875626
3675,-27.2,-1.4012,-28.6012,-29.9219,-0.0625,0.0,0.0,1.0,0.9998989701271057,0.0,0.0,1.0,0.12593284249305725,0.7695895433425903,0.0,0.0
3680,-27.1789,-1.4105,-28.5895,-29.9219,-0.0391,0.0,0.0,1.0,1.0,0.0,0.0,1.0,0.1261271834373474,0.7693952322006226,0.0,0.0
3685,-27.2344,-1.3828,-28.6172,-29.9062,-0.0469,0.0,0.0,1.0,1.0,0.0,0.0,1.0,0.12550528347492218,0.7700170874595642,0.0,0.0
3690,-27.2027,-1.3992,-28.602,-29.8828,-0.0703,0.0,0.0,0.9996899962425232,1.0,0.0,1.0,1.0,0.12538868188858032,0.7700948119163513,0.0,3.886815829901025e-05
3695,-26.9973,-1.8805,-28.8777,-25.25,-8.5859,0.0,0.0,0.9993542432785034,0.9960829019546509,0.0,0.00978473573923111,0.9877232313156128,0.12037468701601028,0.7541200518608093,0.0011660447344183922,0.019861629232764244
3700,-27.0418,-1.8254,-28.8672,-25.875,-8.1094,0.0,0.0,1.0,0.9974704384803772,0.0,0.0,0.9866071343421936,0.12293998897075653,0.75291508436203,0.00023320894979406148,0.01943407952785492
3705,-27.0145,-1.7816,-28.7961,-26.6641,-6.5312,0.0,0.0,1.0,0.9978888630867004,0.0,0.0,0.9866071343421936,0.12449471652507782,0.7548584938049316,0.00011660447489703074,0.016052549704909325
3710,-26.1996,-3.3199,-29.5195,-19.0781,-20.3906,0.0,0.0,0.9993749856948853,0.9944111704826355,0.012345679104328156,0.0,0.9267113208770752,0.12437810748815536,0.6885105967521667,0.0031483208294957876,0.07948538661003113
3715,-27.2352,-1.3824,-28.6176,-29.9688,-0.0156,0.0,0.0,1.0,1.0,0.0,0.0,1.0,0.12430037558078766,0.7712219953536987,0.0,0.0
3720,-27.1336,-1.4332,-28.5668,-29.9531,-0.0234,0.0,0.0,1.0,1.0,0.0,0.0,1.0,0.12818719446659088,0.7673351764678955,0.0,0.0
3725,-27.1648,-1.5582,-28.723,-28.2109,-3.5547,0.0,0.0,1.0,0.9977623820304871,0.0,0.041025642305612564,0.9966517686843872,0.12363961338996887,0.7643035054206848,0.0,0.0075792912393808365
3730,-27.2109,-1.3957,-28.6066,-29.9531,-0.0469,0.0,0.0,1.0,0.9999495148658752,0.0,0.0,1.0,0.12585510313510895,0.7696284055709839,0.0,3.886815829901025e-05
3735,-27.2625,-1.3687,-28.6313,-29.9219,-0.0391,0.0,0.0,1.0,1.0,0.0,0.0,1.0,0.12243469804525375,0.7730876803398132,0.0,0.0
3740,-26.5344,-2.6129,-29.1473,-21.1875,-17.2734,0.0,0.0,0.999699592590332,0.9937564730644226,0.0555555559694767,0.005494505632668734,0.9620535969734192,0.1293921023607254,0.7159126400947571,0.0006996268639340997,0.04951803386211395
3745,-26.6766,-2.5852,-29.2617,-21.0469,-17.7422,0.0,0.0,0.9990353584289551,0.9939665198326111,0.0,0.0007342143799178302,0.964657723903656,0.12087997794151306,0.7215096354484558,0.00019434079877100885,0.05293843150138855
3750,-26.5297,-2.8109,-29.3406,-20.5312,-18.8438,0.0,0.0,0.9996859431266785,0.9947931170463562,0.0,0.0,0.9520089030265808,0.12375622242689133,0.7091495394706726,0.00019434079877100885,0.062422264367341995
3755,-27.273,-1.4426,-28.7156,-28.9141,-2.125,0.0,0.0,1.0,0.9989423751831055,0.0,0.0,0.9992559552192688,0.11940298229455948,0.771766185760498,7.77363165980205e-05,0.004275497514754534
3760,-26.7762,-2.1855,-28.9617,-22.9141,-13.1641,0.0,0.0,0.9996893405914307,0.9949970841407776,0.0,0.0,0.9810267686843872,0.12511660158634186,0.7380674481391907,0.0013603855622932315,0.030977923423051834
3765,-25.8402,-3.8629,-29.7031,-19.1719,-20.4141,0.0,0.0,0.9988073706626892,0.9943549633026123,0.0,0.0,0.902157723903656,0.1303638070821762,0.660991907119751,0.004275497514754534,0.09989117085933685
3770,-26.2781,-3.2895,-29.5676,-19.625,-20.1875,0.0,0.0,0.9993690848350525,0.9959927797317505,0.0,0.0,0.9207589030265808,0.1232120618224144,0.688666045665741,0.001476990059018135,0.08216729015111923
3775,-26.1852,-3.4836,-29.6687,-19.875,-20.0391,0.0,0.0,0.9990503191947937,0.9953711628913879,0.0,0.0,0.9166666865348816,0.12278451770544052,0.6801539063453674,0.0006996268639340997,0.09188432991504669
3780,-25.1695,-5.2746,-30.4441,-19.0625,-20.4688,0.0,0.0,0.9990463852882385,0.995043158531189,0.005102040711790323,0.0014409221475943923,0.8337053656578064,0.12227922677993774,0.6037780046463013,0.007618159055709839,0.16184701025485992
3785,-26.3734,-3.1199,-29.4934,-20.0312,-19.7266,0.0,0.0,1.0,0.9951431751251221,0.0,0.0,0.929315447807312,0.123367540538311,0.6962453126907349,0.0005441542016342282,0.07536535710096359
3790,-26.3492,-3.0395,-29.3887,-18.6562,-20.3906,0.0,0.0,0.9987460970878601,0.9947313070297241,0.0,0.0005854800692759454,0.9423363208770752,0.12398942559957504,0.7008317708969116,0.0043143657967448235,0.06638681888580322
3795,-26.5359,-2.8395,-29.3754,-20.1406,-19.5547,0.0,0.0,0.9993630647659302,0.995341420173645,0.0,0.0,0.9445684552192688,0.12204602360725403,0.7091884613037109,0.00046641789958812296,0.06382151693105698
3800,-26.9828,-1.8391,-28.8219,-25.7656,-8.1875,0.0,0.0,0.9993738532066345,0.9978313446044922,0.0,0.0,0.984747052192688,0.12414489686489105,0.7527596354484558,0.000310945266392082,0.018306903541088104
3805,-25.5078,-4.5418,-30.0496,-19.1406,-20.4297,0.0,0.0,0.9993855357170105,0.9958289861679077,0.0,0.0,0.8638392686843872,0.12651586532592773,0.6336675882339478,0.006024564616382122,0.1293143630027771
3810,-26.0605,-3.618,-29.6785,-19.9375,-20.0312,0.0,0.0,0.9984695315361023,0.9957742691040039,0.0625,0.0,0.9114583134651184,0.12698227167129517,0.6714474558830261,0.000621890532784164,0.09647077322006226
3815,-24.8617,-5.7812,-30.643,-19.1875,-20.4062,0.0,0.0,0.9996892213821411,0.9953771829605103,0.0,0.0,0.8080357313156128,0.1250777393579483,0.5801461338996887,0.009483831003308296,0.1808146834373474
3820,-24.8895,-5.9918,-30.8813,-19.7812,-20.1094,0.0,0.0,0.9990642666816711,0.9929466843605042,0.0,0.0003878975985571742,0.8028273582458496,0.12461131811141968,0.5675917267799377,0.0029151118360459805,0.20040422677993774
3825,-25.8641,-3.9957,-29.8598,-19.25,-20.375,0.0,0.0,0.999687671661377,0.9949722290039062,0.012195121496915817,0.0003508772060740739,0.898065447807312,0.12445584684610367,0.6571050882339478,0.0031871891114860773,0.11077425628900528
3830,-25.7766,-4.1367,-29.9133,-19.9844,-19.9141,0.0,0.0,0.9981762766838074,0.9950263500213623,0.0476190485060215,0.002630713628605008,0.883184552192688,0.12787623703479767,0.6486318111419678,0.0008162313606590033,0.11819807440042496
3835,-25.4094,-5.0762,-30.4855,-19.9531,-20.0234,0.0,0.0,0.9984015226364136,0.9935635924339294,0.0,0.0009539708844386041,0.8422619104385376,0.1215796023607254,0.6099191308021545,0.0010494403541088104,0.16297419369220734
3840,-25.3676,-4.7941,-30.1617,-19.5781,-20.2109,0.0,0.0,0.9988070130348206,0.9936601519584656,0.011363636702299118,0.00027262812363915145,0.8623511791229248,0.13032494485378265,0.6192086338996887,0.0034203981049358845,0.1425684094429016
3845,-25.6234,-4.3105,-29.934,-19.8281,-20.0859,0.0,0.0,0.9988070130348206,0.9926617741584778,0.024390242993831635,0.0009502692264504731,0.8872767686843872,0.13032494485378265,0.6408970952033997,0.0015935945557430387,0.12270677834749222
3850,-25.4008,-4.8871,-30.2879,-19.8281,-20.0859,0.0,0.0,0.998474657535553,0.9949443936347961,0.0,0.0010261673014611006,0.8523065447807312,0.12740983068943024,0.6150497794151306,0.0015547263901680708,0.15150807797908783
3855,-26.5379,-2.7875,-29.3254,-20.1172,-18.8281,0.0,0.0,0.9990381598472595,0.9941698908805847,0.0,0.005249343812465668,0.9505208134651184,0.12122979015111923,0.713347315788269,0.0017101990524679422,0.05923507362604141
3860,-27.0613,-1.6375,-28.6988,-27.8203,-4.1953,0.0,0.0,1.0,0.9980577826499939,0.0,0.021459227427840233,0.9936755895614624,0.12585510313510895,0.7604555487632751,0.000155472633196041,0.009056281298398972
3865,-26.3438,-3.0973,-29.441,-20.2109,-19.5078,0.0,0.0,0.9981446862220764,0.9950829744338989,0.125,0.004734350368380547,0.9356398582458496,0.12569962441921234,0.6956234574317932,0.000310945266392082,0.0738883689045906
3870,-26.4535,-2.7277,-29.1812,-20.5625,-17.5391,0.0,0.0,0.9996934533119202,0.9949293732643127,0.07042253762483597,0.0043923864141106606,0.9594494104385376,0.126787930727005,0.7128809094429016,0.0027596394065767527,0.05309390649199486
3875,-26.893,-2.1992,-29.0922,-22.5234,-14.5781,0.0,0.0,0.9996755123138428,0.9948987364768982,0.0,0.0010775862028822303,0.976934552192688,0.1197916641831398,0.7390780448913574,0.0005830223672091961,0.03606965020298958
3880,-27.2086,-1.3957,-28.6043,-29.8438,-0.0781,0.0,0.0,1.0,1.0,0.0,0.0,1.0,0.1257385015487671,0.7697839140892029,0.0,0.0
3885,-26.9684,-1.7297,-28.698,-27.2734,-5.3828,0.0,0.0,0.9996986389160156,0.9972718358039856,0.0,0.006802720949053764,0.9933035969734192,0.12896455824375153,0.7550917267799377,3.886815829901025e-05,0.011427238583564758
3890,-26.3969,-2.8785,-29.2754,-20.3281,-18.7578,0.0,0.0,0.9993961453437805,0.9925587177276611,0.0,0.0025756601244211197,0.9557291865348816,0.12873134016990662,0.7051461338996887,0.0012826492311432958,0.06036224961280823
3895,-27.2727,-1.3859,-28.6586,-29.6016,-0.6328,0.0,0.0,1.0,0.9995972514152527,0.0,0.09677419066429138,1.0,0.12216262519359589,0.7720771431922913,7.77363165980205e-05,0.00120491289999336
3900,-27.1602,-1.4199,-28.5801,-29.9375,-0.0312,0.0,0.0,1.0,1.0,0.0,0.0,1.0,0.12764303386211395,0.7678793668746948,0.0,0.0
3905,-27.3039,-1.348,-28.652,-29.9375,-0.0312,0.0,0.0,1.0,1.0,0.0,0.0,1.0,0.12099657952785492,0.7745258212089539,0.0,0.0
3910,-27.1629,-1.5305,-28.6934,-28.5938,-2.6484,0.0,0.0,1.0,0.9979183673858643,0.0,0.10322580486536026,0.996279776096344,0.12391169369220734,0.7655472755432129,3.886815829901025e-05,0.006024564616382122
3915,-26.6945,-2.4918,-29.1863,-21.0156,-17.9219,0.0,0.0,0.9990574717521667,0.9945786595344543,0.25,0.0,0.9620535969734192,0.12371735274791718,0.7241138219833374,0.000155472633196041,0.04753575846552849
3920,-27.107,-1.7137,-28.8207,-26.9844,-5.9141,0.0,0.0,0.9996788501739502,0.9975438714027405,0.5,0.0,0.9906994104385376,0.12103544920682907,0.7596004605293274,7.77363165980205e-05,0.014808768406510353
3925,-27.2227,-1.4297,-28.6523,-29.4531,-1.0938,0.0,0.0,1.0,0.998688817024231,0.0,0.0,1.0,0.12309546023607254,0.7707167267799377,0.0,0.0017101990524679422
3930,-27.2027,-1.4355,-28.6383,-29.4766,-1.0,0.0,0.0,0.999686598777771,0.9996969103813171,0.0,0.0,0.9988839030265808,0.1240282952785492,0.7694340944290161,0.0,0.002060012426227331
3935,-26.5801,-2.6363,-29.2164,-21.0391,-17.7578,0.0,0.0,1.0,0.9954447150230408,0.0,0.0,0.9561011791229248,0.12519434094429016,0.7167288661003113,0.0005441542016342282,0.053055036813020706
3940,-26.6707,-2.4527,-29.1234,-21.4453,-16.6875,0.0,0.0,1.0,0.9951649308204651,0.0,0.0,0.96875,0.12651586532592773,0.723491907119751,0.0006996268639340997,0.04481498897075653
3945,-26.566,-2.716,-29.282,-20.2734,-19.2422,0.0,0.0,0.9993740320205688,0.9943364262580872,0.0,0.001357773202471435,0.9557291865348816,0.1241837665438652,0.7137359976768494,0.00034981343196704984,0.05725279822945595
3950,-26.4434,-2.7316,-29.175,-19.9844,-19.2344,0.0,0.0,0.9991100430488586,0.9963815808296204,0.0,0.0,0.9520089030265808,0.131024569272995,0.7089552283287048,0.0013215173967182636,0.05422108247876167
3955,-26.3027,-3.0809,-29.3836,-19.9297,-19.8828,0.0,0.0,1.0,0.9941304922103882,0.0,0.0,0.9389880895614624,0.12892568111419678,0.6953125,0.0006996268639340997,0.07058458030223846
3960,-26.1324,-3.5105,-29.643,-19.2656,-20.3672,0.0,0.0,0.9990409016609192,0.9943563938140869,0.010309278033673763,0.003079630434513092,0.9155505895614624,0.1215796023607254,0.6818252205848694,0.0037702114786952734,0.08834732323884964
3965,-26.6102,-2.5305,-29.1406,-20.7734,-17.5391,0.0,0.0,0.9987714886665344,0.9946120977401733,0.0,0.0,0.9635416865348816,0.1265547275543213,0.7213930487632751,0.001476990059018135,0.046097636222839355
3970,-26.2418,-3.3188,-29.5605,-19.5391,-20.1953,0.0,0.0,0.9996864199638367,0.9941758513450623,0.0,0.0,0.9304315447807312,0.12395056337118149,0.6873834133148193,0.0013603855622932315,0.08282804489135742
3975,-25.1375,-5.2941,-30.4316,-19.8906,-20.0547,0.0,0.0,0.9994049668312073,0.9930859208106995,0.03076923079788685,0.0,0.8392857313156128,0.13063588738441467,0.5958877205848694,0.0025264304131269455,0.16647233068943024
3980,-26.9715,-1.8863,-28.8578,-25.2031,-9.4297,0.0,0.0,0.9993802309036255,0.9948661923408508,0.25,0.011428571306169033,0.9955357313156128,0.12542754411697388,0.7495335936546326,0.000155472633196041,0.020405784249305725
3985,-25.2605,-4.7152,-29.9758,-18.5156,-20.7422,0.0,0.0,0.9988231658935547,0.9926685094833374,0.007843137718737125,0.00030385900754481554,0.8742559552192688,0.13211287558078766,0.6255829930305481,0.00991138070821762,0.12791511416435242
3990,-26.7953,-2.1145,-28.9098,-24.3203,-11.2422,0.0,0.0,0.9990925788879395,0.9952097535133362,0.20000000298023224,0.004098360426723957,0.9825148582458496,0.1284981369972229,0.7383784055709839,0.00019434079877100885,0.02845149300992489
3995,-26.2723,-3.1113,-29.3836,-20.4062,-18.9062,0.0,0.0,1.0,0.9927706718444824,0.11764705926179886,0.0,0.9445684552192688,0.12993626296520233,0.6935634613037109,0.0006607586983591318,0.07136193662881851
4000,-27.075,-1.793,-28.868,-25.5391,-8.3828,0.0,0.0,1.0,0.9958955645561218,0.0625,0.0,0.9914434552192688,0.11998600512742996,0.7575792670249939,0.000621890532784164,0.0173351988196373
4005,-26.2648,-3.4062,-29.6711,-19.9062,-20.0469,0.0,0.0,0.9987125992774963,0.9942665696144104,0.0,0.0,0.9241071343421936,0.1207633689045906,0.6847015023231506,0.0008550995262339711,0.08920242637395859
4010,-27.0672,-1.6117,-28.6789,-28.0078,-3.6562,0.0,0.0,0.9993857741355896,0.9981104135513306,0.0,0.0,0.9977678656578064,0.1265547275543213,0.7610774040222168,0.00023320894979406148,0.0076570273377001286
4015,-26.402,-2.9387,-29.3406,-20.0703,-19.6953,0.0,0.0,0.9987786412239075,0.9937468767166138,0.0,0.0005952381179668009,0.9497767686843872,0.12729321420192719,0.7023864984512329,0.0005441542016342282,0.06529850512742996
4020,-27.1441,-1.6336,-28.7777,-27.3047,-5.2031,0.0,0.0,0.9993600249290466,0.9972489476203918,0.0,0.007042253389954567,0.995907723903656,0.12146300077438354,0.7629430890083313,7.77363165980205e-05,0.01103855762630701
4025,-26.3832,-3.0148,-29.398,-20.0781,-19.5625,0.0,0.0,0.9996921420097351,0.9918956160545349,0.0,0.000567536917515099,0.949404776096344,0.12624378502368927,0.70020991563797,0.0005830223672091961,0.06848569959402084
4030,-27.0004,-1.8789,-28.8793,-25.2656,-9.2344,0.0,0.0,1.0,0.9940574765205383,0.20000000298023224,0.04528301954269409,0.991815447807312,0.12255130708217621,0.7521766424179077,0.00019434079877100885,0.020600125193595886
4035,-27.2711,-1.3668,-28.6379,-29.9375,-0.0781,0.0,0.0,1.0,0.9997989535331726,0.0,0.0,1.0,0.12216262519359589,0.7733597755432129,0.0,0.0
4040,-26.3684,-2.898,-29.2664,-20.125,-19.3047,0.0,0.0,0.9994052648544312,0.9935255646705627,0.0,0.00315855978988111,0.952752947807312,0.13071362674236298,0.7023864984512329,0.0008939676336012781,0.061528295278549194
4045,-27.1918,-1.4141,-28.6059,-29.8594,-0.1875,0.0,0.0,0.9993815422058105,0.9996464252471924,0.0,0.0,1.0,0.12569962441921234,0.7695118188858032,0.0,0.000310945266392082
4050,-27.193,-1.4035,-28.5965,-29.9531,-0.0234,0.0,0.0,1.0,1.0,0.0,0.0,1.0,0.12585510313510895,0.7696672677993774,0.0,0.0
4055,-26.8973,-2.0992,-28.9965,-24.1797,-11.4062,0.0,0.0,0.9993656873703003,0.9950243830680847,0.0,0.006361322943121195,0.9817708134651184,0.12255130708217621,0.7421097755432129,0.000310945266392082,0.03055037371814251
4060,-27.2641,-1.368,-28.632,-29.9219,-0.0391,0.0,0.0,1.0,1.0,0.0,0.0,1.0,0.12208488583564758,0.7734375,0.0,0.0
4065,-26.9609,-1.7809,-28.7418,-26.7109,-6.4375,0.0,0.0,0.9996994137763977,0.9960721731185913,0.0,0.0,0.9981398582458496,0.1293143630027771,0.7520599961280823,7.77363165980205e-05,0.014070273377001286
4070,-26.7293,-2.4,-29.1293,-21.9844,-15.7969,0.0,0.0,0.9993734359741211,0.9930084943771362,0.0,0.00543970987200737,0.9750744104385376,0.12406716495752335,0.7282726764678955,0.000310945266392082,0.04287157952785492
4075,-27.1293,-1.4359,-28.5652,-29.9453,-0.0391,0.0,0.0,1.0,0.9999492764472961,0.0,0.0,1.0,0.12958644330501556,0.7659359574317932,0.0,0.0
4080,-26.2043,-3.3492,-29.5535,-19.8828,-19.9297,0.0,0.0,1.0,0.9936981797218323,0.043478261679410934,0.0009272136958315969,0.9296875,0.12616604566574097,0.6846237778663635,0.0008939676336012781,0.08383861929178238
4085,-26.5602,-2.7301,-29.2902,-20.2188,-18.8359,0.0,0.0,0.9996836185455322,0.9921174049377441,0.03846153989434242,0.0,0.964657723903656,0.12286224961280823,0.7149797677993774,0.0010105721885338426,0.056669775396585464
4090,-27.1512,-1.4977,-28.6488,-28.9453,-1.9922,0.0,0.0,1.0,0.9992372393608093,0.0,0.0,0.9970238208770752,0.12721548974514008,0.7643423676490784,0.0,0.003964552190154791
4095,-26.2156,-3.3758,-29.5914,-19.3516,-20.2891,0.0,0.0,0.998731791973114,0.9928684830665588,0.014084506779909134,0.004657662007957697,0.9274553656578064,0.12259017676115036,0.6867226362228394,0.0027596394065767527,0.08344993740320206
4100,-26.1707,-3.3344,-29.5051,-18.7422,-20.5703,0.0,0.0,0.9981378316879272,0.9938400387763977,0.0,0.0004945598193444312,0.9308035969734192,0.12523320317268372,0.6877720952033997,0.003925683908164501,0.07859142124652863
4105,-26.7324,-2.3609,-29.0934,-21.3281,-16.5469,0.0,0.0,0.9993710517883301,0.9948922395706177,0.0,0.0,0.9709821343421936,0.12360074371099472,0.7305270433425903,0.00120491289999336,0.040189675986766815
4110,-26.059,-3.6492,-29.7082,-19.625,-20.1875,0.0,0.0,0.9990627765655518,0.9934172630310059,0.0,0.0004038772312924266,0.9151785969734192,0.12441697716712952,0.6731187701225281,0.00174906721804291,0.09623756259679794
4115,-25.5648,-4.4922,-30.057,-19.8438,-20.0781,0.0,0.0,0.9993932247161865,0.9923364520072937,0.016393441706895828,0.0017793594161048532,0.8776041865348816,0.12810945510864258,0.633978545665741,0.002370957750827074,0.13106343150138855
4120,-26.5043,-2.7234,-29.2277,-21.1094,-17.5234,0.0,0.0,0.9990789294242859,0.9922134280204773,0.0,0.0021276595070958138,0.961309552192688,0.12659358978271484,0.7138137221336365,0.000310945266392082,0.054804105311632156
4125,-26.0773,-3.6148,-29.6922,-19.4375,-20.2812,0.0,0.0,0.9996856451034546,0.992409884929657,0.0,0.0,0.917782723903656,0.12363961338996887,0.675956130027771,0.0022932214196771383,0.09363339841365814
4130,-27.1719,-1.5148,-28.6867,-28.7422,-2.4453,0.0,0.0,1.0,0.9974671006202698,0.0,0.01666666753590107,0.9988839030265808,0.12356188148260117,0.7672574520111084,3.886815829901025e-05,0.004664178937673569
4135,-25.698,-4.3418,-30.0398,-19.8281,-20.0859,0.0,0.0,0.9996921420097351,0.9923534393310547,0.0555555559694767,0.0006101281032897532,0.8876488208770752,0.12624378502368927,0.6404695510864258,0.0013992537278681993,0.12740983068943024
4140,-26.7473,-2.3594,-29.1066,-23.2891,-13.2578,0.0,0.0,0.9990595579147339,0.9941943883895874,0.0,0.0018691589357331395,0.9754464030265808,0.12398942559957504,0.7297496795654297,0.00019434079877100885,0.041588928550481796
4145,-27.1898,-1.4062,-28.5961,-29.9375,-0.0547,0.0,0.0,1.0,0.9998990297317505,0.0,0.0,1.0,0.12558302283287048,0.7699393630027771,0.0,0.0
4150,-26.0883,-3.5801,-29.6684,-19.7969,-20.1016,0.0,0.0,0.9993815422058105,0.9951579570770264,0.0,0.0,0.9151785969734192,0.12569962441921234,0.674284815788269,0.001243781065568328,0.09429415315389633
4155,-27.057,-1.6766,-28.7336,-27.1797,-5.4766,0.0,0.0,1.0,0.9959049820899963,0.0,0.0,0.9973958134651184,0.1259717047214508,0.7593283653259277,7.77363165980205e-05,0.010144589468836784
4160,-26.1766,-3.516,-29.6926,-19.8594,-20.0703,0.0,0.0,0.9993714690208435,0.9942083954811096,0.0,0.0,0.9196428656578064,0.12367848306894302,0.6778218150138855,0.0006607586983591318,0.09336131811141968
4165,-26.5449,-2.7418,-29.2867,-20.4531,-18.3438,0.0,0.0,1.0,0.9923772215843201,0.0,0.0033990482334047556,0.9635416865348816,0.12344527244567871,0.71385258436203,0.0010494403541088104,0.05717506259679794
4170,-26.1598,-3.4664,-29.6262,-19.8359,-20.0,0.0,0.0,0.999065101146698,0.9931467771530151,0.0,0.0013043478829786181,0.9263392686843872,0.12472791969776154,0.6805814504623413,0.0008162313606590033,0.08939676731824875
4175,-25.9074,-4.107,-30.0145,-19.9062,-20.0469,0.0,0.0,0.9996786713600159,0.9935200214385986,0.0416666679084301,0.0003243593964725733,0.8876488208770752,0.12095770984888077,0.6538013219833374,0.0009328357991762459,0.11983053386211395
4180,-26.2266,-3.3961,-29.6227,-19.0,-20.5,0.0,0.0,0.9993583559989929,0.9932658076286316,0.0,0.0013895322335883975,0.9233630895614624,0.12115205079317093,0.68683922290802,0.003614738816395402,0.08391635864973068
4185,-26.2418,-3.2344,-29.4762,-19.6875,-19.9688,0.0,0.0,0.999387800693512,0.9939745664596558,0.0,0.0005055611836723983,0.929315447807312,0.12698227167129517,0.6902207732200623,0.0014381218934431672,0.07688122242689133
4190,-25.5063,-4.6457,-30.152,-19.8281,-20.0859,0.0,0.0,0.9972776770591736,0.9941632747650146,0.0,0.0,0.8653273582458496,0.1284981369972229,0.6259716749191284,0.002137748757377267,0.1389147937297821
4195,-26.752,-2.1754,-28.9273,-23.3594,-13.0,0.0,0.0,0.9993942975997925,0.994085967540741,0.0,0.013959391042590141,0.9858630895614624,0.1283426582813263,0.7360851764678955,0.00046641789958812296,0.030628109350800514
4200,-26.8094,-2.2105,-29.0199,-23.2031,-13.4531,0.0,0.0,0.9990729093551636,0.9936046600341797,0.0,0.006833713036030531,0.9821428656578064,0.12577736377716064,0.7353855967521667,0.00023320894979406148,0.034126244485378265
4205,-25.4191,-4.9359,-30.3551,-19.7188,-20.1406,0.0,0.0,0.9978014826774597,0.9932441115379333,0.0,0.004033274482935667,0.8515625,0.12375622242689133,0.6155939102172852,0.0019822760950773954,0.15418998897075653
4210,-25.6684,-4.3156,-29.984,-19.7969,-20.1016,0.0,0.0,0.9996986389160156,0.9936262965202332,0.027027027681469917,0.00031142946681939065,0.8820684552192688,0.12896455824375153,0.6403140425682068,0.0014381218934431672,0.12480565905570984
4215,-26.0191,-3.7195,-29.7387,-19.4844,-20.2578,0.0,0.0,0.9993794560432434,0.9937235116958618,0.03846153989434242,0.00703674741089344,0.906622052192688,0.12527208030223846,0.668804407119751,0.002021144377067685,0.09942474961280823
4220,-25.657,-4.4473,-30.1043,-19.7031,-20.1484,0.0,0.0,0.9990694522857666,0.9937110543251038,0.02500000037252903,0.0005885814898647368,0.8723958134651184,0.12531094253063202,0.6365827322006226,0.0015547263901680708,0.1320739984512329
4225,-25.441,-4.7797,-30.2207,-19.5312,-20.2344,0.0,0.0,0.9987771511077881,0.9922446608543396,0.0533333346247673,0.0037786774337291718,0.859747052192688,0.12713775038719177,0.6214630007743835,0.0029151118360459805,0.14400653541088104
4230,-25.3734,-5.0086,-30.382,-19.3125,-20.3438,0.0,0.0,0.9990409016609192,0.9927911758422852,0.016393441706895828,0.012575453147292137,0.8374255895614624,0.1215796023607254,0.6146610975265503,0.004741915501654148,0.1545397937297821
4235,-24.9535,-5.4992,-30.4527,-19.6797,-20.1484,0.0,0.0,0.997895359992981,0.9907906651496887,0.021276595070958138,0.00654664495959878,0.8314732313156128,0.12927550077438354,0.5908737778663635,0.009134017862379551,0.16623911261558533
4240,-24.982,-5.768,-30.75,-19.6875,-20.1562,0.0,0.0,0.9974325895309448,0.9915180802345276,0.007092198356986046,0.00249480246566236,0.8180803656578064,0.12111318111419678,0.5819729566574097,0.005480410531163216,0.18695583939552307
4245,-25.693,-4.2219,-29.9148,-18.8828,-20.5469,0.0,0.0,0.9987345933914185,0.9887244701385498,0.01595744676887989,0.017412086948752403,0.898065447807312,0.12286224961280823,0.651508092880249,0.007307213731110096,0.1138448417186737
4250,-25.4434,-4.9953,-30.4387,-19.6875,-20.1562,0.0,0.0,0.9987092614173889,0.9924778938293457,0.03125,0.003943800926208496,0.8470982313156128,0.12045242637395859,0.6148942708969116,0.002487562131136656,0.15768812596797943
4255,-25.7461,-4.3934,-30.1395,-19.9219,-20.0391,0.0,0.0,0.999681830406189,0.9915614128112793,0.0,0.007945850491523743,0.8772321343421936,0.12216262519359589,0.6402363181114197,0.0010494403541088104,0.1320739984512329
4260,-25.8313,-4.1445,-29.9758,-19.7656,-20.1172,0.0,0.0,1.0,0.99208003282547,0.0,0.007198953069746494,0.8891369104385376,0.12204602360725403,0.6527130007743835,0.0019822760950773954,0.11878109723329544
4265,-25.7199,-4.5828,-30.3027,-19.8438,-20.0781,0.0,0.0,0.9993373155593872,0.9911851286888123,0.0,0.0032831737771630287,0.8701636791229248,0.11730410158634186,0.6349502205848694,0.00120491289999336,0.14206312596797943
4270,-26.8734,-2.1574,-29.0309,-23.0234,-13.7188,0.0,0.0,0.9996819496154785,0.9954258799552917,0.0,0.014994232915341854,0.9765625,0.12220149487257004,0.73927241563797,0.00034981343196704984,0.03369869291782379
4275,-26.6043,-2.7086,-29.3129,-20.2734,-18.6094,0.0,0.0,0.9996787905693054,0.9941387176513672,0.03846153989434242,0.006101694889366627,0.953497052192688,0.12099657952785492,0.716184675693512,0.0010105721885338426,0.05733053386211395
4280,-26.6215,-2.5629,-29.1844,-21.0234,-17.7188,0.0,0.0,0.9996909499168396,0.9943808317184448,0.0,0.0015540015883743763,0.9657738208770752,0.12577736377716064,0.7193719148635864,0.00034981343196704984,0.05002332106232643
4285,-26.2512,-3.2941,-29.5453,-19.8828,-19.8359,0.0,0.0,0.9990630745887756,0.9923823475837708,0.0476190485060215,0.003341288771480322,0.9341517686843872,0.12445584684610367,0.6888214945793152,0.0008162313606590033,0.08142879605293274
4290,-25.7984,-3.9898,-29.7883,-19.7812,-20.1094,0.0,0.0,0.9988113045692444,0.9941777586936951,0.0,0.0024955435656011105,0.8936011791229248,0.13079135119915009,0.6542288661003113,0.001476990059018135,0.10902518779039383
4295,-26.0082,-3.7285,-29.7367,-19.7031,-20.1484,0.0,0.0,0.9993794560432434,0.9946505427360535,0.0,0.003097173757851124,0.90625,0.12527208030223846,0.6684545874595642,0.0013992537278681993,0.10039645433425903
4300,-26.5934,-2.6273,-29.2207,-20.375,-18.8281,0.0,0.0,1.0,0.9944308996200562,0.0,0.008190617896616459,0.953497052192688,0.12379508465528488,0.7188665866851807,0.0006607586983591318,0.05219993740320206
4305,-26.0289,-3.7938,-29.8227,-19.9062,-20.0469,0.0,0.0,0.9984296560287476,0.9944561123847961,0.0,0.0,0.9010416865348816,0.12375622242689133,0.6660447716712952,0.0005441542016342282,0.10517723858356476
4310,-26.1812,-3.4445,-29.6258,-19.8438,-20.0781,0.0,0.0,0.9984331130981445,0.9929328560829163,0.0,0.0021901007276028395,0.9281994104385376,0.1240282952785492,0.6819807291030884,0.0007773631950840354,0.08873600512742996
4315,-26.9906,-1.8855,-28.8762,-25.3203,-9.2656,0.0,0.0,0.999687910079956,0.9952830076217651,0.0,0.0220994483679533,0.9903273582458496,0.12453357875347137,0.7498445510864258,3.886815829901025e-05,0.021105410531163216
4320,-26.0059,-3.6898,-29.6957,-19.9531,-19.9766,0.0,0.0,0.9987841844558716,0.9951140284538269,0.0476190485060215,0.000394166330806911,0.9088541865348816,0.12787623703479767,0.6682214140892029,0.0008162313606590033,0.09860852360725403
4325,-27.1078,-1.5715,-28.6793,-28.4375,-2.9609,0.0,0.0,0.9996927976608276,0.9971470832824707,0.0,0.0397351011633873,0.9973958134651184,0.12651586532592773,0.7629430890083313,0.00019434079877100885,0.005869091954082251
4330,-27.0527,-1.8387,-28.8914,-25.3984,-8.8281,0.0,0.0,0.9996761679649353,0.9963443279266357,0.0,0.0308880303055048,0.9862351417541504,0.12002487480640411,0.75489741563797,0.00046641789958812296,0.02013370580971241
4335,-27.0324,-1.6391,-28.6715,-28.0,-3.9297,0.0,0.0,0.9996966123580933,0.9972355961799622,0.0,0.02380952425301075,0.9981398582458496,0.12810945510864258,0.7592506408691406,0.0,0.008162313140928745
4340,-27.1758,-1.4238,-28.5996,-29.7656,-0.3516,0.0,0.0,1.0,0.9995951056480408,0.0,0.0,1.0,0.12709887325763702,0.7679570913314819,0.0,0.00046641789958812296
4345,-26.3539,-3.2,-29.5539,-19.9609,-19.9609,0.0,0.0,1.0,0.9962465167045593,0.0,0.0033783784601837397,0.9241071343421936,0.12064676731824875,0.6937966346740723,0.0005441542016342282,0.08053482323884964
4350,-26.6844,-2.5051,-29.1895,-21.375,-17.1328,0.0,0.0,0.9996854066848755,0.9941432476043701,0.0,0.00963855441659689,0.9635416865348816,0.12356188148260117,0.7233753204345703,0.00019434079877100885,0.04839085787534714
4355,-27.0641,-1.6965,-28.7605,-26.8828,-6.0234,0.0,0.0,0.9996891617774963,0.9959520101547241,0.0,0.019801979884505272,0.9966517686843872,0.12503886222839355,0.7585510015487671,0.000155472633196041,0.011777052655816078
4360,-25.9379,-3.9453,-29.8832,-19.8594,-20.0703,0.0,0.0,0.9996853470802307,0.9969325065612793,0.0357142873108387,0.0003469812509138137,0.8861607313156128,0.12352301180362701,0.6588930487632751,0.0010883084032684565,0.11201803386211395
4365,-26.516,-2.9543,-29.4703,-20.25,-19.3828,0.0,0.0,0.999673068523407,0.9925233721733093,0.0,0.0,0.9475446343421936,0.1188976988196373,0.7070118188858032,0.00042754976311698556,0.06918532401323318
4370,-25.3582,-5.0027,-30.3609,-19.625,-20.1875,0.0,0.0,0.9996854066848755,0.9919666051864624,0.010526316240429878,0.0017690169624984264,0.8493303656578064,0.12356188148260117,0.6144667267799377,0.0036924751475453377,0.1538013070821762
4375,-26.2156,-3.2938,-29.5094,-19.5781,-20.0469,0.0,0.0,0.999691367149353,0.9928849935531616,0.0,0.0,0.9352678656578064,0.12593284249305725,0.6883162260055542,0.0014381218934431672,0.0798351988196373
4380,-26.3313,-3.182,-29.5133,-19.8984,-19.9922,0.0,0.0,0.9996856451034546,0.9929395914077759,0.0,0.0,0.9404761791229248,0.12363961338996887,0.693641185760498,0.0003886815975420177,0.07785291969776154
4385,-26.6211,-2.5648,-29.1859,-21.125,-17.5625,0.0,0.0,1.0,0.9933045506477356,0.0,0.0,0.9676339030265808,0.1258162260055542,0.7198383212089539,0.00034981343196704984,0.04951803386211395
4390,-26.8422,-2.1566,-28.9988,-23.4844,-12.6094,0.0,0.0,0.9996848702430725,0.9923375844955444,0.0,0.02005012519657612,0.984375,0.12332867085933685,0.7405939102172852,0.0005830223672091961,0.031016791239380836
4395,-26.7012,-2.4305,-29.1316,-21.8984,-16.0625,0.0,0.0,0.9993722438812256,0.9933180212974548,0.0,0.007874015718698502,0.9747023582458496,0.12383395433425903,0.7271066308021545,0.000155472633196041,0.04442630708217621
4400,-27.134,-1.607,-28.741,-27.7656,-4.3281,0.0,0.0,0.9996827244758606,0.997201144695282,0.0,0.0042372881434857845,0.9981398582458496,0.12251243740320206,0.763798177242279,3.886815829901025e-05,0.009172885678708553
4405,-26.6445,-2.4957,-29.1402,-21.7344,-16.2266,0.0,0.0,0.9990683197975159,0.9951099157333374,0.0,0.0041631972417235374,0.9642857313156128,0.1251554787158966,0.7232975959777832,0.0003886815975420177,0.04668065905570984
4410,-26.7832,-1.9371,-28.7203,-26.0938,-7.5781,0.0,0.0,0.9997114539146423,0.9956027865409851,0.0,0.040685225278139114,0.9910714030265808,0.13471704721450806,0.7424984574317932,0.000155472633196041,0.018151430413126945
4415,-26.1156,-3.6238,-29.7395,-19.8125,-20.0938,0.0,0.0,0.9993738532066345,0.9921486973762512,0.0,0.004401760641485453,0.9185267686843872,0.12414489686489105,0.6732742786407471,0.0009717039647512138,0.09713152796030045
4420,-27.0469,-1.6078,-28.6547,-28.2188,-3.2812,0.0,0.0,1.0,0.9975951910018921,0.0,0.02298850566148758,0.9985119104385376,0.12900342047214508,0.759639322757721,0.00011660447489703074,0.00676305964589119
4425,-26.6965,-2.2875,-28.984,-22.3828,-14.25,0.0,0.0,0.9996943473815918,0.9943769574165344,0.0,0.0,0.9773065447807312,0.12717661261558533,0.732703685760498,0.0015935945557430387,0.03404850885272026
4430,-26.4727,-2.8945,-29.3672,-20.25,-19.1719,0.0,0.0,0.9996874928474426,0.9927316904067993,0.0625,0.012627781368792057,0.9479166865348816,0.12437810748815536,0.7058846354484558,0.000621890532784164,0.06463775038719177
4435,-26.4137,-2.9211,-29.3348,-20.6797,-18.5234,0.0,0.0,0.9990895390510559,0.9936908483505249,0.1111111119389534,0.005998800043016672,0.9468005895614624,0.12807057797908783,0.7023087739944458,0.00034981343196704984,0.06479322165250778
4440,-26.8082,-2.1156,-28.9238,-23.6016,-12.5156,0.0,0.0,0.9996924996376038,0.9950089454650879,0.0833333358168602,0.005390835460275412,0.984375,0.12639924883842468,0.7398165464401245,0.00046641789958812296,0.02884017489850521
4445,-26.8609,-1.9984,-28.8594,-24.8516,-10.1562,0.0,0.0,0.9993924498558044,0.9941489696502686,0.0,0.011570247821509838,0.9929315447807312,0.12795397639274597,0.744014322757721,3.886815829901025e-05,0.023515235632658005
4450,-26.3199,-3.0535,-29.3734,-20.3203,-19.1719,0.0,0.0,0.9993981122970581,0.9910211563110352,0.0,0.010129431262612343,0.9479166865348816,0.1291588991880417,0.6969449520111084,0.00034981343196704984,0.06906872242689133
4455,-26.3848,-3.0293,-29.4141,-19.7344,-19.8984,0.0,0.0,1.0,0.9929534196853638,0.0,0.0028074115980416536,0.9453125,0.12441697716712952,0.7005208134651184,0.0013603855622932315,0.06922419369220734
4460,-26.5078,-2.9637,-29.4715,-19.9453,-19.2422,0.0,0.0,0.9996709227561951,0.993788480758667,0.0,0.010789324529469013,0.9352678656578064,0.11812033504247665,0.7070895433425903,0.0018656715983524919,0.06844682991504669
4465,-27.1812,-1.4375,-28.6187,-29.5938,-0.7656,0.0,0.0,1.0,0.9994937181472778,0.0,0.21621622145175934,0.9966517686843872,0.12632152438163757,0.7677627205848694,0.0,0.0014381218934431672
4470,-26.3742,-2.9555,-29.3297,-20.4297,-18.9531,0.0,0.0,0.9990912079811096,0.9929671287536621,0.0,0.0011983223957940936,0.9475446343421936,0.12830379605293274,0.7018812298774719,0.00046641789958812296,0.06487096101045609
4475,-26.5754,-2.4688,-29.0441,-22.0625,-15.1016,0.0,0.0,0.9991063475608826,0.9923549294471741,0.0416666679084301,0.0276497695595026,0.9747023582458496,0.13048040866851807,0.7219371795654297,0.0009328357991762459,0.04217195138335228
4480,-27.0648,-1.7055,-28.7703,-27.0,-5.7656,0.0,0.0,0.9993730187416077,0.995598316192627,0.0,0.02922077849507332,0.9944196343421936,0.12398942559957504,0.7594060897827148,0.000155472633196041,0.011971392668783665
4485,-27.2625,-1.3687,-28.6313,-29.9688,-0.0156,0.0,0.0,1.0,1.0,0.0,0.0,1.0,0.12297885864973068,0.7725435495376587,0.0,0.0
4490,-27.1527,-1.5402,-28.693,-28.4141,-2.9844,0.0,0.0,1.0,0.9972074031829834,0.0,0.07432432472705841,0.9981398582458496,0.1241837665438652,0.7655084133148193,7.77363165980205e-05,0.005752487573772669
4495,-26.7031,-2.2883,-28.9914,-22.7578,-14.0625,0.0,0.0,1.0,0.993148148059845,0.0,0.024229075759649277,0.9776785969734192,0.12779851257801056,0.7317708134651184,0.0006607586983591318,0.03529229015111923
4500,-26.0145,-3.2414,-29.2559,-19.1094,-19.9062,0.0,0.0,0.9977515339851379,0.9914941787719727,0.04878048598766327,0.014730878174304962,0.9419642686843872,0.13829290866851807,0.6854400038719177,0.0031871891114860773,0.0686023011803627
4505,-26.9973,-1.6098,-28.607,-28.5391,-2.8984,0.0,0.0,1.0,0.9975911974906921,0.0,0.0839160829782486,0.9973958134651184,0.13156871497631073,0.7583954930305481,0.0,0.005558146629482508
4510,-26.5137,-2.857,-29.3707,-20.3281,-19.2031,0.0,0.0,1.0,0.99357670545578,0.20000000298023224,0.012128562666475773,0.9453125,0.12305659055709839,0.7079834938049316,0.0003886815975420177,0.06409359723329544
4515,-26.5535,-2.734,-29.2875,-20.7656,-18.2344,0.0,0.0,0.999061644077301,0.9926390647888184,0.10000000149011612,0.010716677643358707,0.9624255895614624,0.12426150590181351,0.7128420472145081,0.0003886815975420177,0.05803016200661659
4520,-26.1422,-3.5695,-29.7117,-19.9375,-20.0312,0.0,0.0,0.9993704557418823,0.9944764375686646,0.0,0.005256772972643375,0.913690447807312,0.12348414212465286,0.6755285859107971,0.0003886815975420177,0.09612096101045609
4525,-26.909,-2.0945,-29.0035,-23.1406,-13.5781,0.0,0.0,0.9993636608123779,0.9950259327888489,0.0,0.01756587252020836,0.9791666865348816,0.12216262519359589,0.7423429489135742,3.886815829901025e-05,0.030977923423051834
4530,-26.0785,-3.4836,-29.5621,-19.8906,-20.0078,0.0,0.0,0.9984821081161499,0.9919752478599548,0.0,0.02423975244164467,0.922247052192688,0.12803171575069427,0.6780939102172852,0.00120491289999336,0.08819185197353363
4535,-26.243,-3.3855,-29.6285,-19.3672,-20.3047,0.0,0.0,0.999678373336792,0.9934407472610474,0.0,0.000458085210993886,0.921875,0.12084110826253891,0.6873834133148193,0.0024486940819770098,0.08484919369220734
4540,-26.0539,-3.5293,-29.5832,-19.7969,-20.1016,0.0,0.0,0.9993996024131775,0.9922899603843689,0.0,0.008661758154630661,0.921502947807312,0.1294698417186737,0.6755285859107971,0.0007773631950840354,0.08974657952785492
4545,-26.8629,-2.1223,-28.9852,-23.8203,-12.2422,0.0,0.0,0.9996882677078247,0.9921202063560486,0.0,0.039092056453228,0.9892113208770752,0.12468905746936798,0.7398942708969116,0.00011660447489703074,0.030822450295090675
4550,-25.9434,-3.891,-29.8344,-19.5547,-20.2109,0.0,0.0,0.9993710517883301,0.9917926788330078,0.0,0.005094614345580339,0.9073660969734192,0.12360074371099472,0.6630130410194397,0.002098880708217621,0.10680969804525375
4555,-26.4273,-2.991,-29.4184,-20.0312,-19.5859,0.0,0.0,0.9996850490570068,0.9934075474739075,0.0,0.017887087538838387,0.9427083134651184,0.12340640276670456,0.7016091346740723,0.0009717039647512138,0.06953513622283936
4560,-26.3086,-3.2227,-29.5312,-20.0938,-19.7891,0.0,0.0,0.9993752241134644,0.9938667416572571,0.0,0.005819592624902725,0.9315476417541504,0.12441697716712952,0.6907649040222168,0.00019434079877100885,0.08014614135026932
4565,-27.0852,-1.5805,-28.6656,-28.2656,-3.0703,0.0,0.0,1.0,0.9973481297492981,0.0,0.06535948067903519,0.9977678656578064,0.12706001102924347,0.7621657252311707,0.00034981343196704984,0.00594682851806283
4570,-26.3758,-2.9887,-29.3645,-20.2109,-19.2969,0.0,0.0,1.0,0.9929534196853638,0.0,0.007462686393409967,0.9497767686843872,0.1266324669122696,0.7005208134651184,0.0006607586983591318,0.0677083358168602
4575,-26.6262,-2.4984,-29.1246,-21.2109,-17.3906,0.0,0.0,0.999692976474762,0.9937036037445068,0.0,0.01337792631238699,0.9694940447807312,0.12659358978271484,0.7222481369972229,0.00019434079877100885,0.04648631811141968
4580,-27.1012,-1.5672,-28.6684,-28.5078,-2.8203,0.0,0.0,0.9993902444839478,0.9977039694786072,0.0,0.10191082954406738,0.9966517686843872,0.12748755514621735,0.7617770433425903,0.000155472633196041,0.006102301180362701
4585,-26.7066,-2.2496,-28.9562,-23.2266,-13.5234,0.0,0.0,0.9996997117996216,0.9923064708709717,0.0,0.03823870047926903,0.980282723903656,0.12943096458911896,0.732548177242279,0.0,0.03354322165250778
4590,-27.118,-1.5535,-28.6715,-28.5078,-2.8672,0.0,0.0,0.9996922016143799,0.9976066946983337,0.0,0.09868421405553818,0.9977678656578064,0.12628264725208282,0.7632929086685181,3.886815829901025e-05,0.00590796023607254
4595,-27.2656,-1.3672,-28.6328,-29.875,-0.0625,0.0,0.0,1.0,1.0,0.0,0.0,1.0,0.12177394330501556,0.7737484574317932,0.0,0.0
4600,-26.8258,-2.1156,-28.9414,-23.6562,-12.5938,0.0,0.0,1.0,0.9933726191520691,0.0,0.03293807804584503,0.9858630895614624,0.12690454721450806,0.7389614582061768,0.000155472633196041,0.0295009333640337
4605,-27.157,-1.5762,-28.7332,-27.9766,-3.7891,0.0,0.0,0.9996844530105591,0.9960365891456604,0.0,0.06382978707551956,0.9977678656578064,0.12317319959402084,0.7649253606796265,0.00011660447489703074,0.007307213731110096
4610,-27.2125,-1.4348,-28.6473,-29.4062,-1.1172,0.0,0.0,1.0,0.9979313611984253,0.0,0.41999998688697815,1.0,0.1232120618224144,0.770366907119751,0.0,0.0019434079295024276
4615,-27.2273,-1.4191,-28.6465,-29.5391,-0.8047,0.0,0.0,1.0,0.9987877607345581,0.0,0.32608696818351746,1.0,0.1241837665438652,0.7695118188858032,3.886815829901025e-05,0.0017879352672025561
4620,-27.0969,-1.5102,-28.607,-29.1641,-1.5547,0.0,0.0,1.0,0.9985753297805786,0.0,0.1265822798013687,0.9988839030265808,0.12853699922561646,0.7639148235321045,0.0,0.003070584498345852
4625,-26.657,-2.5047,-29.1617,-20.9922,-17.8516,0.0,0.0,0.9996888637542725,0.9903308749198914,0.20000000298023224,0.03750000149011612,0.9709821343421936,0.1249222606420517,0.7235696315765381,0.0003886815975420177,0.04664178937673569
4630,-25.9816,-3.8672,-29.8488,-19.4219,-20.2891,0.0,0.0,0.9993618130683899,0.9911178350448608,0.014084506779909134,0.012858192436397076,0.9032738208770752,0.12181281298398972,0.6651508212089539,0.0027596394065767527,0.1057991310954094
4635,-27.0453,-1.8254,-28.8707,-25.8281,-8.2734,0.0,0.0,0.9996815323829651,0.9922265410423279,0.0,0.13502109050750732,0.988467276096344,0.12204602360725403,0.7550140023231506,3.886815829901025e-05,0.01842350699007511
4640,-26.2262,-3.2434,-29.4695,-19.7266,-19.8203,0.0,0.0,0.999083399772644,0.9910316467285156,0.0,0.032048072665929794,0.933407723903656,0.12721548974514008,0.6890935897827148,0.0015935945557430387,0.07761971652507782
4645,-26.9047,-2.041,-28.9457,-24.3438,-11.2656,0.0,0.0,1.0,0.989812970161438,0.0,0.117903932929039,0.9851190447807312,0.12476678937673569,0.744014322757721,3.886815829901025e-05,0.02670242451131344
4650,-26.4965,-2.7766,-29.273,-20.4531,-18.8359,0.0,0.0,0.9993840456008911,0.991465151309967,0.0,0.01801200769841671,0.9616815447807312,0.12620490789413452,0.710432231426239,0.000621890532784164,0.05826336890459061
4655,-26.548,-2.6746,-29.2227,-20.3828,-18.6016,0.0,0.0,0.9993813633918762,0.9909861087799072,0.03846153989434242,0.016117217019200325,0.969122052192688,0.1256607621908188,0.7157959938049316,0.0010105721885338426,0.053055036813020706
4660,-26.843,-2.0977,-28.9406,-23.7656,-11.8594,0.0,0.0,0.9984423518180847,0.9914036989212036,0.0,0.08559782803058624,0.9895833134651184,0.12476678937673569,0.74152672290802,0.000621890532784164,0.028606964275240898
4665,-26.7254,-2.4395,-29.1648,-21.2734,-17.3828,0.0,0.0,0.9993695020675659,0.991277813911438,0.0,0.057773999869823456,0.9657738208770752,0.1232898011803627,0.7263681888580322,0.00011660447489703074,0.045747824013233185
4670,-26.941,-1.8805,-28.8215,-25.9141,-8.125,0.0,0.0,1.0,0.9920844435691833,0.0,0.12526538968086243,0.9873511791229248,0.12593284249305725,0.7512826323509216,0.0,0.018306903541088104
4675,-25.752,-4.2492,-30.0012,-19.2422,-20.3672,0.0,0.0,1.0,0.9912464618682861,0.009708737954497337,0.010279472917318344,0.8891369104385376,0.12224035710096359,0.6482820510864258,0.004003420472145081,0.12099657952785492
4680,-27.0938,-1.6137,-28.7074,-28.0234,-3.8125,0.0,0.0,1.0,0.9932143092155457,0.0,0.33980581164360046,0.9992559552192688,0.12558302283287048,0.7618159055709839,0.00011660447489703074,0.008006840944290161
4685,-26.441,-2.8582,-29.2992,-20.2734,-19.2422,0.0,0.0,0.9993892908096313,0.9909191131591797,0.0,0.02904040366411209,0.953497052192688,0.12729321420192719,0.7062344551086426,0.00042754976311698556,0.061567164957523346
4690,-25.9793,-3.9562,-29.9355,-19.75,-20.125,0.0,0.0,0.9996779561042786,0.9911150336265564,0.0,0.019764216616749763,0.8936011791229248,0.1206856369972229,0.6605643630027771,0.002176616806536913,0.11209577322006226
4695,-26.5137,-2.8523,-29.366,-19.6484,-19.5078,0.0,0.0,1.0,0.9923960566520691,0.035087719559669495,0.016896119341254234,0.9523809552192688,0.1206856369972229,0.7105099558830261,0.0022154850885272026,0.06211131811141968
4700,-25.7504,-4.1469,-29.8973,-19.7656,-20.1172,0.0,0.0,1.0,0.9909412860870361,0.02380952425301075,0.010299003683030605,0.8958333134651184,0.12900342047214508,0.6478933691978455,0.0016324627213180065,0.11699315905570984
4705,-26.7938,-2.2477,-29.0414,-22.7578,-14.3203,0.0,0.0,1.0,0.9915375113487244,0.0,0.06289978325366974,0.9791666865348816,0.12398942559957504,0.734880268573761,0.00019434079877100885,0.0364583320915699
4710,-26.3504,-2.927,-29.2773,-20.1797,-19.4062,0.0,0.0,0.9997009634971619,0.9919140338897705,0.0,0.019668100401759148,0.953125,0.1299751251935959,0.7018035054206848,0.0005052860942669213,0.06323849409818649
4715,-26.7395,-2.1992,-28.9387,-23.0234,-13.7891,0.0,0.0,0.9996963143348694,0.9917591214179993,0.0,0.043050430715084076,0.988095223903656,0.12799285352230072,0.7357742786407471,0.000155472633196041,0.03159981220960617
4720,-26.5566,-2.75,-29.3066,-20.7266,-18.2656,0.0,0.0,0.9996856451034546,0.9906801581382751,0.0,0.028018679469823837,0.9575892686843872,0.12363961338996887,0.7131530046463013,0.00046641789958812296,0.05826336890459061
4725,-26.9945,-1.7277,-28.7223,-26.9922,-5.9453,0.0,0.0,1.0,0.9942845106124878,0.0,0.2405063360929489,0.988095223903656,0.1283426582813263,0.7548584938049316,3.886815829901025e-05,0.012282337993383408
4730,-26.6355,-2.3789,-29.0145,-22.25,-15.2656,0.0,0.0,0.9988002181053162,0.9913848638534546,0.0,0.05533596873283386,0.976934552192688,0.12958644330501556,0.7263681888580322,0.00023320894979406148,0.039334576576948166
4735,-26.4504,-2.973,-29.4234,-20.1328,-19.5703,0.0,0.0,0.9993674755096436,0.9908789396286011,0.0833333358168602,0.033220719546079636,0.9441964030265808,0.12290111929178238,0.703125,0.00046641789958812296,0.06902985274791718
4740,-26.9258,-1.9941,-28.9199,-24.1875,-11.3438,0.0,0.0,0.9996888637542725,0.992803156375885,0.0,0.05607476457953453,0.9903273582458496,0.1249222606420517,0.7452969551086426,0.00034981343196704984,0.024953357875347137
4745,-27.2055,-1.402,-28.6074,-29.8906,-0.1484,0.0,0.0,1.0,0.999646782875061,0.0,0.8571428656578064,1.0,0.1249222606420517,0.7703280448913574,0.0,0.0002720771008171141
4750,-26.6375,-2.382,-29.0195,-20.9062,-16.9453,0.0,0.0,0.9996964931488037,0.9905428290367126,0.0,0.0875251516699791,0.9717261791229248,0.12807057797908783,0.7274564504623413,0.0013603855622932315,0.038634948432445526
4755,-27.2754,-1.3746,-28.65,-29.8047,-0.1562,0.0,0.0,1.0,0.9989436864852905,0.0,1.0,1.0,0.12208488583564758,0.7727378606796265,0.0,0.0006996268639340997
4760,-26.8852,-2.0578,-28.943,-23.7734,-12.2422,0.0,0.0,0.9996882677078247,0.9915298819541931,0.0,0.08882521837949753,0.9825148582458496,0.12468905746936798,0.7433924078941345,0.000310945266392082,0.027129974216222763
4765,-27.0684,-1.709,-28.7773,-26.9219,-6.1094,0.0,0.0,1.0,0.993078351020813,0.0,0.22985073924064636,0.991815447807312,0.12441697716712952,0.7580845952033997,0.0,0.013020833022892475
4770,-26.677,-2.4953,-29.1723,-20.3828,-18.3203,0.0,0.0,0.9993656873703003,0.9888537526130676,0.0,0.08542713522911072,0.9668898582458496,0.12255130708217621,0.7253187298774719,0.001243781065568328,0.04640858247876167
4775,-27.2379,-1.459,-28.6969,-28.9609,-1.9609,0.0,0.0,0.9996792078018188,0.9960667490959167,0.0,0.41304346919059753,1.0,0.12115205079317093,0.7707944512367249,0.0,0.0035758705344051123
4780,-27.2273,-1.4133,-28.6406,-29.6484,-0.6562,0.0,0.0,1.0,0.9987385272979736,0.0,0.5641025900840759,0.9985119104385376,0.12371735274791718,0.7702891826629639,0.0,0.001515858224593103
4785,-26.8375,-2.2586,-29.0961,-22.4766,-14.8828,0.0,0.0,0.9996799230575562,0.9885294437408447,0.0,0.11770623922348022,0.9787946343421936,0.1214241310954094,0.7353078126907349,0.000155472633196041,0.038634948432445526
4790,-27.034,-1.8293,-28.8633,-25.7422,-8.4219,0.0,0.0,0.9990515112876892,0.9910346269607544,0.0,0.15879827737808228,0.9929315447807312,0.12293998897075653,0.7543532252311707,0.00011660447489703074,0.018112562596797943
4795,-26.4805,-2.7547,-29.2352,-19.7578,-19.125,0.0,0.0,0.999691367149353,0.990344226360321,0.0,0.032440055161714554,0.9639136791229248,0.12593284249305725,0.7124922275543213,0.0019822760950773954,0.055115051567554474
4800,-26.6414,-2.4363,-29.0777,-21.6094,-16.6641,0.0,0.0,0.9993904232978821,0.9906672239303589,0.1428571492433548,0.06227436661720276,0.9735863208770752,0.1275264322757721,0.7246579527854919,0.0002720771008171141,0.04306592047214508
4805,-27.1586,-1.4805,-28.6391,-29.2891,-1.3516,0.0,0.0,0.999692976474762,0.9972591400146484,0.0,0.4375,0.999627947807312,0.12659358978271484,0.7657804489135742,3.886815829901025e-05,0.0031094527803361416
4810,-26.4082,-2.8066,-29.2148,-20.5469,-18.6016,0.0,0.0,0.9991108179092407,0.9865155220031738,0.0714285746216774,0.08631153404712677,0.9594494104385376,0.13114117085933685,0.706195592880249,0.0005441542016342282,0.05764148011803627
4815,-26.3211,-3.1508,-29.4719,-19.7969,-20.0078,0.0,0.0,0.9984418749809265,0.9878533482551575,0.0,0.05349794402718544,0.9427083134651184,0.12472791969776154,0.6943796873092651,0.0008550995262339711,0.07555969804525375
4820,-26.3449,-3.0809,-29.4258,-19.8594,-19.7891,0.0,0.0,0.9990683197975159,0.9864089488983154,0.0,0.06297502666711807,0.9475446343421936,0.1251554787158966,0.6978000402450562,0.0009717039647512138,0.07159514725208282
4825,-26.2316,-3.3473,-29.5789,-19.2422,-20.3672,0.0,0.0,0.9990466833114624,0.9885420799255371,0.018518518656492233,0.0372290275990963,0.9274553656578064,0.1223180964589119,0.6886271834373474,0.002098880708217621,0.08247823268175125
4830,-26.9648,-1.9898,-28.9547,-24.1953,-11.4219,0.0,0.0,1.0,0.9891678094863892,0.0,0.17151163518428802,0.9914434552192688,0.12224035710096359,0.7463464140892029,0.00019434079877100885,0.02674129419028759
4835,-26.8973,-1.9785,-28.8758,-24.6328,-10.5469,0.0,0.0,0.9996902346611023,0.9895448684692383,0.0,0.13597245514392853,0.9929315447807312,0.12546642124652863,0.7472403645515442,0.00023320894979406148,0.02258240059018135
4840,-27.0352,-1.7473,-28.7824,-26.5156,-6.8516,0.0,0.0,1.0,0.9919815063476562,0.5,0.21727019548416138,0.9951636791229248,0.12523320317268372,0.7561800479888916,0.000155472633196041,0.013953668996691704
4845,-26.1551,-3.5086,-29.6637,-19.7188,-20.1406,0.0,0.0,0.9993724226951599,0.9878243803977966,0.0,0.0253545343875885,0.9285714030265808,0.12387282401323318,0.6799595952033997,0.001243781065568328,0.09044620394706726
4850,-25.75,-4.0855,-29.8355,-18.75,-20.625,0.0,0.0,0.9993749856948853,0.9890435338020325,0.0,0.014064189977943897,0.9095982313156128,0.12437810748815536,0.6562888622283936,0.0070740049704909325,0.10778140276670456
4855,-27.0109,-1.648,-28.659,-28.0234,-3.9062,0.0,0.0,0.999404788017273,0.9943546056747437,0.0,0.23589743673801422,0.999627947807312,0.13059701025485992,0.7573460936546326,0.0,0.0075792912393808365
4860,-25.7922,-3.9789,-29.7711,-19.9062,-20.0469,0.0,0.0,0.9994115829467773,0.9857287406921387,0.04545454680919647,0.04354032874107361,0.9043898582458496,0.13211287558078766,0.6536458134651184,0.0008550995262339711,0.10890857875347137
4865,-26.6422,-2.5191,-29.1613,-21.1719,-17.375,0.0,0.0,0.9996901154518127,0.9906868934631348,0.09090909361839294,0.05057096108794212,0.9680059552192688,0.12542754411697388,0.7220149040222168,0.00042754976311698556,0.047652363777160645
4870,-26.2371,-3.3375,-29.5746,-19.7656,-20.1172,0.0,0.0,0.9996854066848755,0.9916275143623352,0.0,0.020370369777083397,0.9270833134651184,0.12356188148260117,0.6870724558830261,0.0009328357991762459,0.08395522087812424
4875,-26.8418,-1.9148,-28.7566,-25.8047,-8.1328,0.0,0.0,0.9997059106826782,0.9900943636894226,0.20000000298023224,0.19162996113300323,0.995907723903656,0.1321517378091812,0.7455301880836487,0.00019434079877100885,0.017646145075559616
4880,-27.2254,-1.4289,-28.6543,-29.4688,-0.9453,0.0,0.0,1.0,0.9973266124725342,0.0,0.7241379022598267,0.9992559552192688,0.12270677834749222,0.7705612778663635,0.0,0.0022543531376868486
4885,-26.2273,-3.2984,-29.5258,-19.6562,-20.1719,0.0,0.0,0.9990732073783875,0.9895957112312317,0.02777777798473835,0.031219981610774994,0.9363839030265808,0.1258162260055542,0.6873834133148193,0.0013992537278681993,0.08092350512742996
4890,-27.0312,-1.8383,-28.8695,-25.3906,-9.1719,0.0,0.0,1.0,0.9921150207519531,0.0,0.09465020895004272,0.996279776096344,0.1223958358168602,0.7541977763175964,3.886815829901025e-05,0.01888992451131344
4895,-27.1945,-1.4402,-28.6348,-29.4766,-0.9062,0.0,0.0,0.9996904730796814,0.9976732134819031,1.0,0.5526315569877625,1.0,0.12558302283287048,0.7684234976768494,3.886815829901025e-05,0.001476990059018135
4900,-26.5422,-2.7074,-29.2496,-19.7344,-19.5234,0.0,0.0,1.0,0.9883645176887512,0.0,0.06842480599880219,0.9583333134651184,0.12468905746936798,0.7148631811141968,0.0014381218934431672,0.05453202873468399
4905,-25.9996,-3.8184,-29.818,-19.7969,-20.1016,0.0,0.0,1.0,0.9867064952850342,0.0,0.03298739716410637,0.9095982313156128,0.12601056694984436,0.6637126803398132,0.0009328357991762459,0.10486629605293274
4910,-26.3922,-3.1234,-29.5156,-19.3281,-20.1953,0.0,0.0,0.9996750950813293,0.988676130771637,0.0,0.01899736188352108,0.949404776096344,0.11963619291782379,0.70020991563797,0.002021144377067685,0.0736551582813263
4915,-26.6387,-2.6047,-29.2434,-20.5547,-18.5625,0.0,0.0,1.0,0.9887810349464417,0.0833333358168602,0.04894578456878662,0.964657723903656,0.12282337993383408,0.7206156849861145,0.00046641789958812296,0.051616914570331573
4920,-26.5199,-2.6969,-29.2168,-20.8594,-18.1641,0.0,0.0,0.9996957778930664,0.9876819252967834,0.0,0.06923625618219376,0.9639136791229248,0.1277596354484558,0.7131141424179077,0.00019434079877100885,0.05445428937673569
4925,-26.2184,-3.2484,-29.4668,-19.3047,-20.3359,0.0,0.0,0.999694287776947,0.9897424578666687,0.017543859779834747,0.029964448884129524,0.9375,0.12713775038719177,0.6896377205848694,0.0022154850885272026,0.07653140276670456
4930,-26.5637,-2.4922,-29.0559,-21.8203,-16.2422,0.0,0.0,1.0,0.9913546442985535,0.0,0.021295474842190742,0.9817708134651184,0.13203513622283936,0.7193329930305481,0.00034981343196704984,0.043804414570331573
4935,-26.5809,-2.65,-29.2309,-20.3516,-18.4297,0.0,0.0,0.9993746280670166,0.9919306635856628,0.0,0.01413690485060215,0.9642857313156128,0.12430037558078766,0.7177005410194397,0.0012826492311432958,0.05223880708217621
4940,-27.0414,-1.8543,-28.8957,-25.3438,-9.2422,0.0,0.0,1.0,0.9937609434127808,0.0,0.015594542026519775,0.995907723903656,0.1216573417186737,0.7538090944290161,0.00011660447489703074,0.01993936486542225
4945,-27.1023,-1.4676,-28.5699,-29.6875,-0.5312,0.0,0.0,1.0,0.998678982257843,1.0,0.7777777910232544,1.0,0.12943096458911896,0.7650030851364136,3.886815829901025e-05,0.0010494403541088104
4950,-26.409,-2.9047,-29.3137,-20.1328,-19.4297,0.0,0.0,1.0,0.992108166217804,0.06666667014360428,0.006184292025864124,0.9520089030265808,0.12779851257801056,0.704291045665741,0.0005830223672091961,0.06284981220960617
4955,-26.7965,-2.2797,-29.0762,-21.9297,-15.5781,0.0,0.0,1.0,0.991208553314209,0.0,0.02601456828415394,0.9858630895614624,0.12360074371099472,0.7339085936546326,0.0006607586983591318,0.0373523011803627
4960,-27.0527,-1.4789,-28.5316,-29.6953,-0.1641,0.0,0.0,1.0,0.9995409846305847,0.0,1.0,1.0,0.13308458030223846,0.7621268630027771,0.0,0.000310945266392082
4965,-26.6922,-2.309,-29.0012,-22.7578,-14.2266,0.0,0.0,0.9993922710418701,0.9922336339950562,0.25,0.018046708777546883,0.9854910969734192,0.12791511416435242,0.7306825518608093,0.000310945266392082,0.03661380708217621
4970,-26.2234,-3.2383,-29.4617,-19.8203,-20.0312,0.0,0.0,1.0,0.9909625053405762,0.0,0.015484515577554703,0.9445684552192688,0.1286536008119583,0.6881219148635864,0.0009328357991762459,0.07781405746936798
4975,-27.198,-1.4402,-28.6383,-29.3672,-1.0547,0.0,0.0,0.9996909499168396,0.9984814524650574,0.0,0.2708333432674408,0.999627947807312,0.12577736377716064,0.7678793668746948,0.0,0.0018656715983524919
4980,-27.1488,-1.5293,-28.6781,-28.5703,-2.7891,0.0,0.0,1.0,0.9973539710044861,0.0,0.1428571492433548,0.9981398582458496,0.12624378502368927,0.7638370394706726,0.0,0.005441542249172926
4985,-26.6844,-2.3,-28.9844,-21.4453,-16.1484,0.0,0.0,0.9996979832649231,0.9928118586540222,0.0,0.03497267886996269,0.9836309552192688,0.12869247794151306,0.7299829125404358,0.0012826492311432958,0.0355643667280674
4990,-27.1488,-1.4391,-28.5879,-29.7734,-0.3828,0.0,0.0,1.0,0.9990884065628052,0.0,0.75,1.0,0.12725435197353363,0.7674906849861145,0.0,0.0007773631950840354
4995,-27.0938,-1.4531,-28.5469,-29.9062,-0.0469,0.0,0.0,1.0,1.0,0.0,0.0,1.0,0.13121891021728516,0.7643035054206848,0.0,0.0
5000,-27.1336,-1.4988,-28.6324,-29.2031,-1.5234,0.0,0.0,1.0,0.9963979721069336,0.0,0.4871794879436493,1.0,0.12632152438163757,0.766130268573761,3.886815829901025e-05,0.003031716449186206
