it,s,o,w,s20,o20,lam_s,lam_c,pCC,pCD,pDC,pDD,pSTART,vCC,vCD,vDC,vDD
0,-20.5555,-12.2457,-32.8012,-24.5781,-9.9297,0.0,0.0,0.4976923167705536,0.4953250288963318,0.49839743971824646,0.4995535612106323,0.5297619104385376,0.10105721652507782,0.3491915464401245,0.09701492637395859,0.34825870394706726
5,-21.0918,-12.0156,-33.1074,-24.75,-9.9375,0.0,0.0,0.4620753824710846,0.4698430001735687,0.5266143083572388,0.5266979932785034,0.5029761791229248,0.08352767676115036,0.3589474558830261,0.08908581733703613,0.36396142840385437
10,-20.3133,-13.2398,-33.5531,-24.25,-11.0312,0.0,0.0,0.3951171040534973,0.4215841293334961,0.4610510766506195,0.45800018310546875,0.4698660671710968,0.07800839841365814,0.31945741176605225,0.10428327322006226,0.39377331733703613
15,-21.1285,-11.9984,-33.127,-24.2031,-10.8672,0.0,0.0,0.5101103186607361,0.48150181770324707,0.48949486017227173,0.504938006401062,0.5297619104385376,0.08457711338996887,0.35405007004737854,0.08694807440042496,0.3699471354484558
20,-20.3809,-13.3379,-33.7188,-24.5312,-10.4219,0.0,0.0,0.39507389068603516,0.41139715909957886,0.44900399446487427,0.4508477747440338,0.4534970223903656,0.07890236377716064,0.3110229969024658,0.09755907952785492,0.408037930727005
25,-20.2168,-13.482,-33.6988,-24.4062,-10.4844,0.0,0.0,0.41500765085220337,0.4274183213710785,0.4171554148197174,0.4342055320739746,0.4464285671710968,0.07614272087812424,0.3033659756183624,0.1060323417186737,0.4099813401699066
30,-21.3758,-11.0832,-32.459,-24.9453,-9.5703,0.0,0.0,0.5149223804473877,0.5437333583831787,0.5585989952087402,0.5625689625740051,0.5691964030265808,0.09767568111419678,0.39416199922561646,0.08655939251184464,0.3171253204345703
35,-20.6215,-12.8156,-33.4371,-24.2344,-10.8516,0.0,0.0,0.4803262948989868,0.4587646722793579,0.44915252923965454,0.4615929424762726,0.4613095223903656,0.08100124448537827,0.334149569272995,0.09631530195474625,0.3840562701225281
40,-20.2695,-13.1738,-33.4434,-24.5469,-10.1328,0.0,0.0,0.4165137708187103,0.4394591152667999,0.4604863226413727,0.4570494294166565,0.4613095223903656,0.08473258465528488,0.31619247794151306,0.10230099409818649,0.39229634404182434
45,-20.0113,-13.3914,-33.4027,-23.7344,-11.6641,0.0,0.0,0.42752963304519653,0.45502644777297974,0.43381574749946594,0.4424813985824585,0.431547611951828,0.08527673780918121,0.30853545665740967,0.11011349409818649,0.3915967047214508
50,-20.7996,-12.45,-33.2496,-24.2656,-10.8359,0.0,0.0,0.4589501917362213,0.45913103222846985,0.4868866205215454,0.4878650903701782,0.523809552192688,0.08663712441921234,0.3390469551086426,0.09188432991504669,0.37795397639274597
55,-22.1254,-9.8594,-31.9848,-25.5938,-8.2969,0.0,0.0,0.6196297407150269,0.6013113260269165,0.6066265106201172,0.5944737792015076,0.6532738208770752,0.11127953976392746,0.432758092880249,0.06452114135026932,0.2869636118412018
60,-22.2441,-9.466,-31.7102,-26.4688,-6.6406,0.0,0.0,0.626200258731842,0.6296776533126831,0.6268221735954285,0.6159695982933044,0.6666666865348816,0.11333955079317093,0.44974347949028015,0.06665889173746109,0.2657804787158966
65,-23.0113,-8.316,-31.3273,-26.0469,-7.4141,0.0,0.0,0.674449622631073,0.6829556822776794,0.6759123802185059,0.6717734932899475,0.6941964030265808,0.11652673780918121,0.4923429787158966,0.05324937775731087,0.2334032952785492
70,-21.6902,-10.3348,-32.025,-26.0625,-7.3125,0.0,0.0,0.5651547908782959,0.5875847935676575,0.6095656156539917,0.6015834808349609,0.5788690447807312,0.10797574371099472,0.41826024651527405,0.07964085787534714,0.2896455228328705
75,-21.0965,-11.6125,-32.709,-24.375,-10.5938,0.0,0.0,0.5354267358779907,0.518958568572998,0.514171838760376,0.5208261013031006,0.5595238208770752,0.09654850512742996,0.3762049078941345,0.08776430040597916,0.33500465750694275
80,-20.8445,-12.2559,-33.1004,-24.0938,-11.1094,0.0,0.0,0.4916779100894928,0.50658118724823,0.4915463924407959,0.47100916504859924,0.5059523582458496,0.08640392124652863,0.34549906849861145,0.09425528347492218,0.3693641126155853
85,-19.3113,-14.6285,-33.9398,-23.5469,-12.1328,0.0,0.0,0.37163814902305603,0.36817312240600586,0.39011871814727783,0.38881370425224304,0.4077380895614624,0.07948538661003113,0.26403141021728516,0.12115205079317093,0.43085354566574097
90,-18.3809,-17.2301,-35.6109,-22.125,-15.2812,0.0,0.0,0.24014665186405182,0.2448323369026184,0.24620670080184937,0.2411714643239975,0.2410714328289032,0.04240516200661659,0.16923196613788605,0.13576647639274597,0.5481187701225281
95,-17.8223,-17.1766,-34.9988,-21.875,-15.4062,0.0,0.0,0.24266666173934937,0.24817194044589996,0.2793714106082916,0.2686280608177185,0.261904776096344,0.05830223858356476,0.17541199922561646,0.15582245588302612,0.505985677242279
100,-19.9863,-13.4789,-33.4652,-22.8281,-13.3359,0.0,0.0,0.4220515191555023,0.4233160614967346,0.442493736743927,0.445133775472641,0.4613095223903656,0.0860152393579483,0.3000621795654297,0.1084810346364975,0.4009639322757721
105,-19.2812,-14.2773,-33.5586,-23.8906,-11.1172,0.0,0.0,0.4020390212535858,0.41699716448783875,0.39529120922088623,0.38871949911117554,0.4840029776096344,0.08768656849861145,0.2744092047214508,0.12546642124652863,0.4079602062702179
110,-19.3113,-14.8008,-34.1121,-23.7344,-11.7578,0.0,0.0,0.36636313796043396,0.3507687747478485,0.3665819466114044,0.38486525416374207,0.386904776096344,0.07256685197353363,0.25785136222839355,0.12235696613788605,0.44274720549583435
115,-18.1492,-17.166,-35.3152,-21.4531,-16.2734,0.0,0.0,0.24106401205062866,0.2519133985042572,0.23776958882808685,0.25122568011283875,0.3035714328289032,0.046758394688367844,0.1777440905570984,0.1477767378091812,0.5232431888580322
120,-18.4816,-16.2527,-34.7344,-22.9531,-13.4609,0.0,0.0,0.2715053856372833,0.30522826313972473,0.28502023220062256,0.30390655994415283,0.3452380895614624,0.05783582106232643,0.21113184094429016,0.14400653541088104,0.48254820704460144
125,-18.7824,-15.7918,-34.5742,-22.0469,-14.7578,0.0,0.0,0.3468656837940216,0.3199999928474426,0.31380510330200195,0.3154805600643158,0.375,0.0651041641831398,0.21960510313510895,0.13401740789413452,0.4767957031726837
130,-17.6957,-18.0695,-35.7652,-21.4062,-16.1094,0.0,0.0,0.2365805208683014,0.22457857429981232,0.2009975016117096,0.2006831169128418,0.2380952388048172,0.03910136967897415,0.14295709133148193,0.15586131811141968,0.55760258436203
135,-16.6238,-19.7738,-36.3977,-20.7344,-17.6641,0.0,0.0,0.11832612007856369,0.12467306107282639,0.13710719347000122,0.12552735209465027,0.1696428507566452,0.02693563513457775,0.08916355669498444,0.1805814653635025,0.5988417267799377
140,-16.727,-20.1184,-36.8453,-20.1016,-19.0469,0.0,0.0,0.11879432946443558,0.10408280789852142,0.1213647797703743,0.09847281873226166,0.1223958358168602,0.021921642124652863,0.06759172677993774,0.16973724961280823,0.6362717747688293
145,-16.8371,-19.6531,-36.4902,-20.6562,-17.8438,0.0,0.0,0.0839160829782486,0.1014861986041069,0.11401581764221191,0.1438210904598236,0.1395089328289032,0.02223258651793003,0.09153451770544052,0.1769278645515442,0.6048274040222168
150,-16.4074,-20.1973,-36.6047,-20.6094,-17.6094,0.0,0.0,0.0820000022649765,0.11128945648670197,0.09754098206758499,0.10917611420154572,0.1517857164144516,0.01943407952785492,0.07264459133148193,0.18967661261558533,0.6137670874595642
155,-15.6402,-20.6547,-36.2949,-20.6797,-17.2109,0.0,0.0,0.07248764485120773,0.11384439468383789,0.0934680625796318,0.10750842094421387,0.1272321492433548,0.02359297312796116,0.06794153898954391,0.2154073417186737,0.5885805487632751
160,-17.7309,-18.557,-36.2879,-21.6484,-16.1641,0.0,0.0,0.12109375,0.23980958759784698,0.09734081476926804,0.18788160383701324,0.1595982164144516,0.019900497049093246,0.13063588738441467,0.15932057797908783,0.5856654047966003
165,-17.0699,-19.8062,-36.8762,-21.0781,-16.8594,0.0,0.0,0.10135135054588318,0.13124999403953552,0.0841054916381836,0.11547188460826874,0.150297611951828,0.017257463186979294,0.08084577322006226,0.16359607875347137,0.6338230967521667
170,-15.6383,-20.9832,-36.6215,-19.8281,-18.4688,0.0,0.0,0.08899297565221786,0.10901162773370743,0.07730353623628616,0.0799214094877243,0.1119791641831398,0.016596704721450806,0.05348258838057518,0.21218128502368927,0.6132618188858032
175,-16.8598,-19.868,-36.7277,-21.1562,-16.6328,0.0,0.0,0.12827225029468536,0.15993046760559082,0.057451024651527405,0.12526874244213104,0.1391369104385376,0.01484763715416193,0.0894356369972229,0.17657804489135742,0.6146610975265503
180,-16.859,-19.9797,-36.8387,-21.2656,-16.5312,0.0,0.0,0.05614035204052925,0.15834933519363403,0.05728821083903313,0.1166563481092453,0.1316964328289032,0.011077425442636013,0.08100124448537827,0.17572294175624847,0.6277207732200623
185,-16.8957,-19.7199,-36.6156,-21.4688,-16.125,0.0,0.0,0.09153318405151367,0.14550042152404785,0.07446808367967606,0.13154712319374084,0.1733630895614624,0.01698538474738598,0.09242848306894302,0.1753731369972229,0.6107353568077087
190,-17.0887,-19.2859,-36.3746,-21.1797,-16.8203,0.0,0.0,0.19614148139953613,0.18016654253005981,0.13097143173217773,0.14473086595535278,0.1603422611951828,0.024175994098186493,0.10268967598676682,0.17004819214344025,0.5986084938049316
195,-17.3902,-18.9582,-36.3484,-21.5,-16.1328,0.0,0.0,0.17711171507835388,0.18197514116764069,0.1401413530111313,0.15463513135910034,0.1986607164144516,0.028529228642582893,0.11256218701601028,0.15947605669498444,0.5949549078941345
200,-17.0867,-19.2395,-36.3262,-22.3828,-14.3203,0.0,0.0,0.13066202402114868,0.18273745477199554,0.11966003477573395,0.1514514684677124,0.1822916716337204,0.022310324013233185,0.10762593150138855,0.17377954721450806,0.5918065905570984
205,-17.3121,-18.5918,-35.9039,-22.8125,-13.3203,0.0,0.0,0.13672922551631927,0.2261904776096344,0.14125056564807892,0.18710079789161682,0.2310267835855484,0.02899564616382122,0.1338619440793991,0.17280784249305725,0.5598569512367249
210,-17.5234,-18.0309,-35.5543,-22.7734,-13.0234,0.0,0.0,0.20893719792366028,0.2576163709163666,0.1541386991739273,0.2252364605665207,0.2273065447807312,0.032182835042476654,0.15947605669498444,0.1737406700849533,0.5301228165626526
215,-17.0098,-19.1355,-36.1453,-21.7812,-15.2656,0.0,0.0,0.125,0.1908446103334427,0.11611934006214142,0.15806692838668823,0.2332589328289032,0.02363184094429016,0.12056902796030045,0.18108674883842468,0.5702347755432129
220,-17.232,-19.1562,-36.3883,-23.1875,-13.0625,0.0,0.0,0.08658009022474289,0.16678012907505035,0.09179070591926575,0.16375115513801575,0.1871279776096344,0.017957089468836784,0.11419465392827988,0.17234142124652863,0.5910292267799377
225,-17.9277,-17.8035,-35.7313,-24.2578,-10.8047,0.0,0.0,0.17094017565250397,0.29683586955070496,0.11688616871833801,0.22194062173366547,0.2526041567325592,0.02273787371814251,0.1707478165626526,0.16526740789413452,0.5367692708969116
230,-17.825,-17.1254,-34.9504,-24.3984,-10.1719,0.0,0.0,0.20445343852043152,0.35566502809524536,0.17608119547367096,0.25930091738700867,0.3191964328289032,0.03840174153447151,0.1972559094429016,0.17615050077438354,0.4837142527103424
235,-18.2273,-16.4039,-34.6312,-24.1172,-10.8047,0.0,0.0,0.22423146665096283,0.37696608901023865,0.19188696146011353,0.31004735827445984,0.3218005895614624,0.042988184839487076,0.2224036008119583,0.17055347561836243,0.45957711338996887
240,-18.3277,-16.1645,-34.4922,-26.4766,-6.0859,0.0,0.0,0.2898406386375427,0.4496963620185852,0.17333628237247467,0.30113834142684937,0.3151041567325592,0.03902363032102585,0.2368236929178238,0.17580068111419678,0.44387438893318176
245,-18.3617,-15.8059,-34.1676,-25.375,-8.0781,0.0,0.0,0.3305149972438812,0.46318545937538147,0.20009054243564606,0.31572628021240234,0.3511904776096344,0.05056747421622276,0.25233209133148193,0.1717195212841034,0.4209032952785492
250,-19.6668,-14.1426,-33.8094,-25.5391,-8.2188,0.0,0.0,0.31908395886421204,0.5038866400718689,0.24100327491760254,0.39361491799354553,0.415922611951828,0.05091729015111923,0.31001242995262146,0.1425684094429016,0.3920242488384247
255,-19.0621,-14.9594,-34.0215,-26.6484,-5.7891,0.0,0.0,0.3360389471054077,0.5106908082962036,0.196257084608078,0.3496316075325012,0.349702388048172,0.04788557067513466,0.28358209133148193,0.15784358978271484,0.40621113777160645
260,-19.0402,-15.132,-34.1723,-26.2969,-6.6328,0.0,0.0,0.347450315952301,0.5076526999473572,0.1991598755121231,0.32217612862586975,0.3735119104385376,0.04497046023607254,0.2717272937297821,0.1572994440793991,0.42152518033981323
265,-19.002,-15.5566,-34.5586,-26.3438,-6.2578,0.0,0.0,0.2847301959991455,0.4910080134868622,0.15841339528560638,0.30723050236701965,0.331845223903656,0.0338541679084301,0.25719061493873596,0.15776586532592773,0.4467117488384247
270,-18.9926,-15.5988,-34.5914,-26.6797,-5.9375,0.0,0.0,0.34186047315597534,0.49863138794898987,0.14205102622509003,0.299358069896698,0.3333333432674408,0.033426616340875626,0.2555970251560211,0.15842661261558533,0.4480721354484558
275,-18.4359,-16.2797,-34.7156,-25.6797,-7.5859,0.0,0.0,0.3057110905647278,0.4761428236961365,0.14159907400608063,0.27301910519599915,0.3132440447807312,0.03470926731824875,0.23297575116157532,0.1677161008119583,0.4601212739944458
280,-18.7113,-15.3855,-34.0969,-26.3516,-6.2891,0.0,0.0,0.35402098298072815,0.5271739363670349,0.16632208228111267,0.31578946113586426,0.3701636791229248,0.04446517303586006,0.26461443305015564,0.1691931039094925,0.4172496795654297
285,-19.0719,-15.05,-34.1219,-26.0,-7.1094,0.0,0.0,0.33681461215019226,0.516346275806427,0.17891918122768402,0.32667040824890137,0.4036458432674408,0.04465951398015022,0.27701336145401,0.1596703976392746,0.41417911648750305
290,-19.6234,-13.8086,-33.432,-26.5547,-5.9297,0.0,0.0,0.41280654072761536,0.5737032294273376,0.23712140321731567,0.3759422302246094,0.4453125,0.05705845728516579,0.32221704721450806,0.1501477062702179,0.36609917879104614
295,-20.3516,-12.8012,-33.1527,-26.5234,-6.2266,0.0,0.0,0.42170241475105286,0.6084389090538025,0.2625941038131714,0.4128020107746124,0.478422611951828,0.059818096458911896,0.36201804876327515,0.13425062596797943,0.3394356369972229
300,-19.4441,-14.6863,-34.1305,-26.3359,-6.5312,0.0,0.0,0.2946273684501648,0.4795037806034088,0.22429408133029938,0.3623553514480591,0.390625,0.044853854924440384,0.2882462739944458,0.1459110677242279,0.416511207818985
305,-17.8898,-16.1637,-34.0535,-25.3281,-8.125,0.0,0.0,0.30300694704055786,0.46968957781791687,0.18651363253593445,0.32097843289375305,0.314360111951828,0.050412002950906754,0.23915578424930573,0.18963775038719177,0.4163168668746948
310,-18.4664,-15.7582,-34.2246,-25.4453,-7.6562,0.0,0.0,0.29108747839927673,0.4559076130390167,0.18644455075263977,0.3196409046649933,0.3932291567325592,0.04753575846552849,0.2490282952785492,0.1703202724456787,0.4286380708217621
315,-19.0371,-14.8992,-33.9363,-25.9375,-7.1406,0.0,0.0,0.40508338809013367,0.5331594347953796,0.18604086339473724,0.33304446935653687,0.3861607015132904,0.04893501102924347,0.28307679295539856,0.1598258763551712,0.40368470549583435
320,-19.5117,-14.4445,-33.9562,-26.3281,-6.5234,0.0,0.0,0.3439744710922241,0.5254547595977783,0.20947030186653137,0.35770562291145325,0.3995535671710968,0.048701804131269455,0.29699161648750305,0.14528918266296387,0.4045397937297821
325,-18.866,-14.8242,-33.6902,-26.4844,-5.8359,0.0,0.0,0.34361550211906433,0.5355890989303589,0.20046566426753998,0.3587033152580261,0.3917410671710968,0.05418221279978752,0.2883239984512329,0.16693873703479767,0.3860774338245392
330,-18.5434,-16.4609,-35.0043,-25.0938,-8.9922,0.0,0.0,0.2590431869029999,0.396180123090744,0.15317073464393616,0.276179701089859,0.328125,0.03331001102924347,0.22182057797908783,0.15935945510864258,0.4810323417186737
335,-19.1723,-15.4012,-34.5734,-24.8906,-9.3984,0.0,0.0,0.32499998807907104,0.4511606991291046,0.17913538217544556,0.31960633397102356,0.3660714328289032,0.03731343150138855,0.25785136222839355,0.1501477062702179,0.4502098858356476
340,-20.6555,-12.0398,-32.6953,-27.3125,-4.7188,0.0,0.0,0.4738307297229767,0.6316002011299133,0.2752602696418762,0.4684751629829407,0.508184552192688,0.06980721652507782,0.3849891126155853,0.1269434094429016,0.313782662153244
345,-19.6598,-12.516,-32.1758,-27.1641,-4.3828,0.0,0.0,0.4790239632129669,0.6730074286460876,0.30274754762649536,0.4267078936100006,0.5200892686843872,0.09079602360725403,0.36574938893318176,0.14995336532592773,0.28902363777160645
350,-20.8613,-11.4477,-32.309,-27.8828,-3.2266,0.0,0.0,0.4953608214855194,0.667593240737915,0.3102820813655853,0.4795115292072296,0.5602678656578064,0.07540422677993774,0.4055114984512329,0.12814831733703613,0.2864583432674408
355,-20.0121,-12.4734,-32.4855,-27.1797,-4.3516,0.0,0.0,0.5105031728744507,0.64594566822052,0.2822364866733551,0.4357362687587738,0.5044642686843872,0.07956311851739883,0.36765390634536743,0.14528918266296387,0.30301615595817566
360,-20.5652,-11.9965,-32.5617,-27.7891,-3.6953,0.0,0.0,0.46967166662216187,0.679029643535614,0.29109886288642883,0.43476593494415283,0.4776785671710968,0.06984607875347137,0.38774874806404114,0.13405628502368927,0.3038712739944458
365,-21.2789,-11.0602,-32.3391,-27.3906,-4.4453,0.0,0.0,0.5068492889404297,0.6866368055343628,0.3302417993545532,0.479951411485672,0.5290178656578064,0.07377176731824875,0.416511207818985,0.11734297126531601,0.28789645433425903
370,-21.6078,-9.5961,-31.2039,-28.0547,-2.8359,0.0,0.0,0.5926756262779236,0.753209114074707,0.398078978061676,0.5441766977310181,0.6439732313156128,0.10401119291782379,0.4693330228328705,0.10925839841365814,0.21291977167129517
375,-22.0422,-9.0543,-31.0965,-27.7422,-3.625,0.0,0.0,0.622541606426239,0.7731570601463318,0.37847089767456055,0.5662946701049805,0.6629464030265808,0.10276741534471512,0.48507463932037354,0.10218439251184464,0.2054959535598755
380,-21.9016,-9.2922,-31.1938,-28.625,-2.0703,0.0,0.0,0.5767619013786316,0.7610533237457275,0.39851024746894836,0.5569480061531067,0.6733630895614624,0.10202892124652863,0.47823384404182434,0.10436100512742996,0.21089863777160645
385,-21.1363,-10.2766,-31.4129,-28.0781,-3.0469,0.0,0.0,0.562697172164917,0.7353172302246094,0.37496039271354675,0.5103565454483032,0.636532723903656,0.09856965392827988,0.4453902244567871,0.12262903898954391,0.2289334535598755
390,-21.2977,-10.7684,-32.066,-28.6641,-1.8984,0.0,0.0,0.526579737663269,0.7241965532302856,0.296560674905777,0.46121007204055786,0.5911458134651184,0.07750310748815536,0.43419620394706726,0.1197916641831398,0.26403141021728516
395,-20.9227,-10.8281,-31.7508,-27.9531,-3.1797,0.0,0.0,0.5582901835441589,0.7368373274803162,0.32766616344451904,0.47150975465774536,0.5513392686843872,0.09001865983009338,0.4266946613788605,0.1257385015487671,0.253070592880249
400,-21.4023,-10.8613,-32.2637,-28.0156,-3.0781,0.0,0.0,0.4980652332305908,0.6965174078941345,0.30231788754463196,0.4763834476470947,0.5970982313156128,0.0703125,0.4296875,0.11738184094429016,0.2781405448913574
405,-21.4445,-10.4711,-31.9156,-27.8125,-3.4141,0.0,0.0,0.5347092151641846,0.7165602445602417,0.3424939811229706,0.4951263964176178,0.5874255895614624,0.08286691457033157,0.44430193305015564,0.11314520984888077,0.2552083432674408
410,-21.2844,-11.1383,-32.4227,-27.8203,-3.7031,0.0,0.0,0.47132715582847595,0.6717330813407898,0.32455846667289734,0.478430837392807,0.566220223903656,0.07116760313510895,0.41938742995262146,0.11664334684610367,0.2883239984512329
415,-20.8375,-11.5504,-32.3879,-27.7969,-3.5625,0.0,0.0,0.47851458191871643,0.6669226288795471,0.3018292784690857,0.46251845359802246,0.5747767686843872,0.07326647639274597,0.4049284756183624,0.12748755514621735,0.28983986377716064
420,-20.9262,-11.1973,-32.1234,-28.125,-2.9297,0.0,0.0,0.5035697221755981,0.6796299815177917,0.34300872683525085,0.4765439033508301,0.5956101417541504,0.08166199922561646,0.4117692708969116,0.12453357875347137,0.27755752205848694
425,-21.5207,-10.6398,-32.1605,-27.8906,-3.4219,0.0,0.0,0.5321055054664612,0.6983956098556519,0.3405386209487915,0.49602949619293213,0.5524553656578064,0.07808613032102585,0.43365204334259033,0.10968594253063202,0.2740982472896576
430,-21.5258,-10.5465,-32.0723,-27.8594,-3.6719,0.0,0.0,0.4942791759967804,0.6782561540603638,0.39045870304107666,0.5458167195320129,0.539434552192688,0.08492692559957504,0.43151429295539856,0.10591573268175125,0.27316543459892273
435,-21.1168,-11.225,-32.3418,-27.2031,-5.0078,0.0,0.0,0.4504547715187073,0.6275835633277893,0.3795098662376404,0.5413894057273865,0.534970223903656,0.08119558542966843,0.40807679295539856,0.11419465392827988,0.2920553386211395
440,-21.6164,-9.75,-31.3664,-27.9375,-3.2578,0.0,0.0,0.5433635115623474,0.7174557447433472,0.4255628287792206,0.5846919417381287,0.6514136791229248,0.10307835787534714,0.4589163661003113,0.10704290866851807,0.2264847606420517
445,-22.4312,-8.5164,-30.9477,-28.4141,-2.2344,0.0,0.0,0.6115297675132751,0.7682607769966125,0.4370339810848236,0.6067257523536682,0.7325148582458496,0.10315609723329544,0.5055192708969116,0.0938277393579483,0.19301928579807281
450,-21.0758,-10.6531,-31.7289,-28.0625,-3.0547,0.0,0.0,0.5156657695770264,0.7200071811676025,0.348127156496048,0.5013325214385986,0.6023065447807312,0.08931902796030045,0.43477922677993774,0.12348414212465286,0.24793998897075653
455,-21.6043,-9.302,-30.9062,-28.4844,-2.1641,0.0,0.0,0.5650239586830139,0.7716290950775146,0.4293825328350067,0.5778526067733765,0.6640625,0.11357276141643524,0.47621268033981323,0.10953047126531601,0.1962064653635025
460,-21.8016,-9.1641,-30.9656,-28.5781,-1.9297,0.0,0.0,0.6350364685058594,0.7978120446205139,0.3859586715698242,0.5047274231910706,0.6551339030265808,0.10649875551462173,0.4867459535598755,0.10906405746936798,0.19321362674236298
465,-22.8062,-8.0664,-30.8727,-28.7656,-1.7422,0.0,0.0,0.6372626423835754,0.8214626908302307,0.39854761958122253,0.5470871925354004,0.7001488208770752,0.09825870394706726,0.5288013219833374,0.09099035710096359,0.17747201025485992
470,-22.5461,-8.5164,-31.0625,-28.6797,-1.9609,0.0,0.0,0.586705207824707,0.7907981276512146,0.4067796468734741,0.5726702809333801,0.691592276096344,0.09413868188858032,0.5127876400947571,0.09631530195474625,0.19228078424930573
475,-22.225,-8.8387,-31.0637,-28.7812,-1.7344,0.0,0.0,0.6116740703582764,0.7951079607009888,0.37792012095451355,0.5450000166893005,0.6581101417541504,0.09588775038719177,0.5021377205848694,0.10315609723329544,0.1943407952785492
480,-22.1141,-8.8754,-30.9895,-28.8438,-1.7969,0.0,0.0,0.6215827465057373,0.7871150374412537,0.39524751901626587,0.5438666343688965,0.6882440447807312,0.10805348306894302,0.4935090243816376,0.0981421023607254,0.19581778347492218
485,-22.0719,-8.6223,-30.6941,-28.5,-2.25,0.0,0.0,0.64371657371521,0.7992968559265137,0.43881186842918396,0.5886089205741882,0.644717276096344,0.1162935346364975,0.49751242995262146,0.0981421023607254,0.18357431888580322
490,-22.0781,-8.7527,-30.8309,-29.0,-1.25,0.0,0.0,0.6285921931266785,0.802382230758667,0.39098024368286133,0.5537508130073547,0.6726190447807312,0.1068485677242279,0.5025264024734497,0.10428327322006226,0.18186411261558533
495,-23.566,-6.6723,-30.2383,-29.3594,-0.8594,0.0,0.0,0.6879891157150269,0.8562923073768616,0.5101928114891052,0.6254991292953491,0.7566964030265808,0.11423352360725403,0.5744714140892029,0.07054571062326431,0.13627175986766815
500,-23.9457,-5.8438,-29.7895,-29.0156,-1.5234,0.0,0.0,0.726681113243103,0.8780567049980164,0.5728834867477417,0.7136282920837402,0.7898065447807312,0.12542754411697388,0.5992304086685181,0.06106187775731087,0.10980255156755447
505,-24.1863,-5.673,-29.8594,-29.1562,-1.3594,0.0,0.0,0.7126742005348206,0.8819943070411682,0.5469755530357361,0.6956362128257751,0.827752947807312,0.11714863032102585,0.6119791865348816,0.06040111929178238,0.10599347203969955
510,-24.1805,-5.3777,-29.5582,-29.3516,-0.8281,0.0,0.0,0.75,0.8882695436477661,0.6462686657905579,0.7532362341880798,0.8125,0.1337064653635025,0.6136505007743835,0.0520833320915699,0.09608209133148193
515,-24.9863,-4.3824,-29.3687,-29.5703,-0.6016,0.0,0.0,0.8003685474395752,0.9247337579727173,0.650943398475647,0.747000515460968,0.839657723903656,0.1265547275543213,0.6532571315765381,0.04120025038719177,0.07451026141643524
520,-25.2875,-4.1152,-29.4027,-29.3906,-0.8672,0.0,0.0,0.8218661546707153,0.9193989634513855,0.6659167408943176,0.7924318313598633,0.8582589030265808,0.12371735274791718,0.6674051880836487,0.03455379232764244,0.06984607875347137
525,-25.4645,-3.7004,-29.1648,-29.4062,-0.9531,0.0,0.0,0.8229766488075256,0.933401882648468,0.764127790927887,0.8076109886169434,0.914434552192688,0.12822605669498444,0.6805037260055542,0.03163868188858032,0.05515391752123833
530,-25.809,-3.3641,-29.173,-29.6406,-0.3672,0.0,0.0,0.840038001537323,0.9393854737281799,0.7603550553321838,0.861940324306488,0.914434552192688,0.12270677834749222,0.6944574117660522,0.026274874806404114,0.0520833320915699
535,-26.0762,-3.0242,-29.1004,-29.6875,-0.4609,0.0,0.0,0.8582351207733154,0.9470575451850891,0.7815884351730347,0.8748824000358582,0.945684552192688,0.12200715392827988,0.7106654047966003,0.02153296023607254,0.04131685197353363
540,-26.1074,-2.8234,-28.9309,-29.4375,-0.7969,0.0,0.0,0.8882994651794434,0.9585543274879456,0.8104265332221985,0.8611111044883728,0.9441964030265808,0.13187965750694275,0.7108597755432129,0.016402363777160645,0.036380596458911896
545,-25.907,-3.1609,-29.068,-29.0,-1.8125,0.0,0.0,0.8703041076660156,0.9415504932403564,0.8821218013763428,0.9222133159637451,0.902529776096344,0.1303638070821762,0.6969060897827148,0.01978389360010624,0.04846859350800514
550,-26.0871,-2.8465,-28.9336,-29.5078,-0.7031,0.0,0.0,0.9094638228416443,0.9554216861724854,0.8199052214622498,0.9079365134239197,0.9133184552192688,0.1326570212841034,0.7097325921058655,0.016402363777160645,0.036730408668518066
555,-26.2891,-2.6676,-28.9566,-29.7344,-0.3203,0.0,0.0,0.893610417842865,0.9577274918556213,0.871046245098114,0.912574827671051,0.9508928656578064,0.12531094253063202,0.7217817306518555,0.01597481407225132,0.03245491161942482
560,-26.627,-2.2812,-28.9082,-29.3672,-1.0781,0.0,0.0,0.9305106401443481,0.9670180082321167,0.8821548819541931,0.9446367025375366,0.961309552192688,0.12025808542966843,0.7412546873092651,0.01154384296387434,0.022465795278549194
565,-26.6617,-2.1637,-28.8254,-29.6953,-0.4453,0.0,0.0,0.9386018514633179,0.9743144512176514,0.9014084339141846,0.9479553699493408,0.9609375,0.12787623703479767,0.738456130027771,0.008278917521238327,0.020911069586873055
570,-26.5648,-2.2906,-28.8555,-29.7812,-0.2031,0.0,0.0,0.9058570861816406,0.9733107686042786,0.875,0.9073171019554138,0.9720982313156128,0.12674906849861145,0.7339863181114197,0.010883084498345852,0.023903917521238327
575,-26.577,-2.3801,-28.957,-29.6172,-0.5781,0.0,0.0,0.9042587280273438,0.9682096242904663,0.7947883009910583,0.8940809965133667,0.9598214030265808,0.12138526141643524,0.7372512221336365,0.011932524852454662,0.024953357875347137
580,-26.7543,-2.1379,-28.8922,-29.6875,-0.5078,0.0,0.0,0.9378005862236023,0.9736635684967041,0.9230769276618958,0.9599999785423279,0.9475446343421936,0.12122979015111923,0.7438199520111084,0.009095149114727974,0.02137748710811138
585,-26.4734,-2.518,-28.9914,-29.5703,-0.6953,0.0,0.0,0.9012109637260437,0.9601066708564758,0.9395604133605957,0.9479695558547974,0.937872052192688,0.12196828424930573,0.7287780046463013,0.014148009940981865,0.030628109350800514
590,-26.4703,-2.3461,-28.8164,-29.7578,-0.2734,0.0,0.0,0.9311270117759705,0.9705866575241089,0.8282442688941956,0.913241982460022,0.9601934552192688,0.1303638070821762,0.7294387221336365,0.010183457285165787,0.02553638070821762
595,-26.4703,-2.4527,-28.923,-29.7656,-0.3984,0.0,0.0,0.8964874148368835,0.9635763168334961,0.9003115296363831,0.9529737234115601,0.9661458134651184,0.12503886222839355,0.7299051880836487,0.012476678937673569,0.02810167893767357
600,-25.9582,-3.041,-28.9992,-29.6875,-0.3672,0.0,0.0,0.8852750062942505,0.9497281312942505,0.8179959058761597,0.8962510824203491,0.9110863208770752,0.13145211338996887,0.7004819512367249,0.019006529822945595,0.04458177834749222
605,-26.1418,-2.8391,-28.9809,-29.5312,-0.7031,0.0,0.0,0.8780635595321655,0.9551236629486084,0.8606741428375244,0.9167523384094238,0.9311755895614624,0.12845925986766815,0.7119480967521667,0.017296331003308296,0.03781871870160103
610,-25.484,-3.468,-28.952,-29.6094,-0.4766,0.0,0.0,0.8509507775306702,0.9457817673683167,0.7496339678764343,0.8637531995773315,0.9081101417541504,0.1389925330877304,0.6846237778663635,0.02654695324599743,0.04535914212465286
615,-25.9371,-2.9531,-28.8902,-29.5781,-0.5859,0.0,0.0,0.871052622795105,0.9587185978889465,0.8163265585899353,0.8630887269973755,0.941220223903656,0.13292910158634186,0.7061567306518555,0.020949937403202057,0.03548663109540939
620,-25.9461,-3.1543,-29.1004,-29.5156,-0.7109,0.0,0.0,0.8486420512199402,0.949643075466156,0.7285714149475098,0.8401060104370117,0.9311755895614624,0.1273709535598755,0.7023864984512329,0.021766168996691704,0.043998755514621735
625,-25.9285,-3.1391,-29.0676,-29.4219,-0.8516,0.0,0.0,0.8472222089767456,0.9477218389511108,0.7862453460693359,0.8736122846603394,0.9360119104385376,0.12873134016990662,0.7003653645515442,0.020911069586873055,0.04551461338996887
630,-25.7723,-3.2066,-28.9789,-29.6406,-0.4609,0.0,0.0,0.853996992111206,0.9562850594520569,0.7578347325325012,0.8343137502670288,0.9051339030265808,0.12884794175624847,0.6997434496879578,0.027285447344183922,0.03964552283287048
635,-25.8434,-3.1008,-28.9441,-29.75,-0.4062,0.0,0.0,0.8604240417480469,0.9529340267181396,0.7852349281311035,0.8769389986991882,0.9356398582458496,0.1319962739944458,0.7027751803398132,0.023165423423051834,0.037585511803627014
640,-26.002,-3.1809,-29.1828,-29.7188,-0.3281,0.0,0.0,0.8233740329742432,0.9513296484947205,0.7443946003913879,0.8541136384010315,0.9051339030265808,0.11773165315389633,0.7059623599052429,0.026002798229455948,0.04582555964589119
645,-25.9949,-3.0355,-29.0305,-29.7969,-0.1953,0.0,0.0,0.8285360336303711,0.9578872323036194,0.7817589640617371,0.8655804395675659,0.9345238208770752,0.12558302283287048,0.7079057693481445,0.023865049704909325,0.0381685309112072
650,-26.1086,-2.8785,-28.9871,-29.8438,-0.1719,0.0,0.0,0.8644918203353882,0.9622282385826111,0.7015177011489868,0.8440046310424805,0.9427083134651184,0.12391169369220734,0.71517413854599,0.023048818111419678,0.03338775038719177
655,-26.2141,-2.7285,-28.9426,-29.8906,-0.0547,0.0,0.0,0.8606964945793152,0.9669291973114014,0.7442307472229004,0.86328125,0.952752947807312,0.125,0.7204601764678955,0.020211443305015564,0.02985074557363987
660,-26.5773,-2.2645,-28.8418,-29.9062,-0.0469,0.0,0.0,0.8895166516304016,0.9779226183891296,0.8454810380935669,0.9034907817840576,0.9732142686843872,0.12383395433425903,0.7394278645515442,0.013331778347492218,0.01892879419028759
665,-26.2852,-2.4926,-28.7777,-29.8438,-0.1719,0.0,0.0,0.878609299659729,0.9752594828605652,0.9064748287200928,0.9135220050811768,0.9561011791229248,0.1319185346364975,0.7226756811141968,0.016208022832870483,0.024720149114727974
670,-26.618,-2.3051,-28.923,-29.9219,-0.0391,0.0,0.0,0.8804130554199219,0.9748295545578003,0.8491048812866211,0.9185441732406616,0.9616815447807312,0.11668221652507782,0.7412158250808716,0.015197450295090675,0.022426927462220192
675,-26.3266,-2.5738,-28.9004,-29.8438,-0.1719,0.0,0.0,0.8733271360397339,0.9742408990859985,0.7110609412193298,0.8270041942596436,0.9557291865348816,0.12488339841365814,0.7257851362228394,0.01721859537065029,0.02763526141643524
680,-25.7633,-3.2492,-29.0125,-29.8594,-0.0703,0.0,0.0,0.8316953182220459,0.9607843160629272,0.6693657040596008,0.8201923370361328,0.9092261791229248,0.1265547275543213,0.6997434496879578,0.02880130521953106,0.04042288661003113
685,-25.5055,-3.7883,-29.2937,-29.6875,-0.4375,0.0,0.0,0.7884048223495483,0.9399056434631348,0.657608687877655,0.7821380496025085,0.8921130895614624,0.11866448819637299,0.6836520433425903,0.03575870767235756,0.05744713917374611
690,-25.123,-3.9355,-29.0586,-29.7969,-0.2891,0.0,0.0,0.7996530532836914,0.9501866698265076,0.6554787755012512,0.7577247023582458,0.883184552192688,0.1344449669122696,0.6663557291030884,0.03937344625592232,0.05534825846552849
695,-25.0496,-4.4867,-29.5363,-29.8281,-0.0859,0.0,0.0,0.7401602268218994,0.9368917942047119,0.5035799741744995,0.6765457391738892,0.8660714030265808,0.11159048229455948,0.6590096354484558,0.048857275396585464,0.07606498897075653
700,-25.0707,-4.2793,-29.35,-29.8125,-0.0938,0.0,0.0,0.7730315327644348,0.9390179514884949,0.5614349842071533,0.704291582107544,0.8694196343421936,0.12192941457033157,0.6641402244567871,0.043337997049093246,0.06611473858356476
705,-25.0184,-4.4414,-29.4598,-29.75,-0.2188,0.0,0.0,0.7544311881065369,0.9281957149505615,0.5848724842071533,0.7062267065048218,0.8779761791229248,0.1206078976392746,0.6576881408691406,0.044193096458911896,0.07303327322006226
710,-24.8234,-4.3637,-29.1871,-29.7031,-0.2422,0.0,0.0,0.7753201127052307,0.9413300156593323,0.5519930720329285,0.6980540156364441,0.8991815447807312,0.1335510015487671,0.6552005410194397,0.044853854924440384,0.06191697716712952
715,-24.9301,-4.4211,-29.3512,-29.5312,-0.4219,0.0,0.0,0.758299708366394,0.936985194683075,0.5210896134376526,0.7064765095710754,0.8772321343421936,0.12527208030223846,0.6606032252311707,0.04423196613788605,0.06541511416435242
720,-24.7629,-4.5105,-29.2734,-29.7656,-0.3047,0.0,0.0,0.7700453996658325,0.9429134130477905,0.5501976013183594,0.6758499145507812,0.8549107313156128,0.12845925986766815,0.6515858173370361,0.04916822165250778,0.06630907952785492
725,-24.9984,-4.384,-29.3824,-29.7188,-0.1641,0.0,0.0,0.7603492736816406,0.9382237195968628,0.5317725539207458,0.6739505529403687,0.890252947807312,0.12018034607172012,0.6612640023231506,0.04648631811141968,0.06759172677993774
730,-24.7914,-4.4441,-29.2355,-29.6406,-0.3672,0.0,0.0,0.7722712159156799,0.945224940776825,0.5335999727249146,0.6672794222831726,0.8731398582458496,0.1278373748064041,0.6556670069694519,0.0485851988196373,0.06343283504247665
735,-24.0613,-5.4531,-29.5145,-29.5312,-0.4219,0.0,0.0,0.7657091617584229,0.9349814057350159,0.38942617177963257,0.5257641673088074,0.8541666865348816,0.12989738583564758,0.6163324117660522,0.06028451398015022,0.08900808542966843
740,-24.0164,-5.7809,-29.7973,-29.6094,-0.3828,0.0,0.0,0.7345013618469238,0.9324049353599548,0.3687182366847992,0.5165048837661743,0.796875,0.11536069959402084,0.6112406849861145,0.06883551180362701,0.10008551180362701
745,-23.0109,-7.4098,-30.4207,-29.5469,-0.2266,0.0,0.0,0.6991446614265442,0.9118016958236694,0.2815410792827606,0.3973834812641144,0.7388392686843872,0.10451647639274597,0.5565920472145081,0.09180659055709839,0.14260727167129517
750,-23.7371,-5.8883,-29.6254,-29.5781,-0.3047,0.0,0.0,0.7377201318740845,0.9374516606330872,0.4078807234764099,0.4914619028568268,0.7946428656578064,0.1258162260055542,0.603389322757721,0.0729944035410881,0.09332244843244553
755,-23.9918,-5.7773,-29.7691,-29.6406,-0.3672,0.0,0.0,0.7215231657028198,0.9299606084823608,0.4202733337879181,0.5071146488189697,0.8046875,0.11738184094429016,0.6115516424179077,0.06825248897075653,0.09833644330501556
760,-23.0816,-7.1793,-30.2609,-29.5938,-0.2969,0.0,0.0,0.7118707895278931,0.9179585576057434,0.29488253593444824,0.39578455686569214,0.761532723903656,0.10346703976392746,0.5666200518608093,0.09266169369220734,0.13277363777160645
765,-15.6285,-21.7082,-37.3367,-19.2969,-20.2578,0.0,0.0,0.06060606241226196,0.07486630976200104,0.030390460044145584,0.030148694291710854,0.0803571417927742,0.007695895619690418,0.021805036813020706,0.2020755559206009,0.6639459133148193
770,-15.9688,-21.7039,-37.6727,-19.5,-20.1562,0.0,0.0,0.07042253762483597,0.04093567281961441,0.026365745812654495,0.01723266951739788,0.0758928582072258,0.005519278813153505,0.013292910531163216,0.18427394330501556,0.6924362778663635
775,-15.757,-21.9715,-37.7285,-19.5469,-20.2266,0.0,0.0,0.07692307978868484,0.012578615918755531,0.01862725242972374,0.006997312884777784,0.0591517873108387,0.003031716449186206,0.0061800372786819935,0.1919698417186737,0.6943408250808716
780,-17.4535,-18.8035,-36.257,-20.9688,-16.9375,0.0,0.0,0.6575342416763306,0.8029829859733582,0.12839381396770477,0.03220339119434357,0.1681547611951828,0.03404850885272026,0.1120569035410881,0.15317942202091217,0.5962375402450562
785,-15.6027,-21.7188,-37.3215,-19.3906,-20.1875,0.0,0.0,0.16287878155708313,0.29501083493232727,0.06269349902868271,0.015512918122112751,0.0662202388048172,0.010261193849146366,0.017918221652507782,0.20087064802646637,0.666472315788269
790,-15.6742,-21.9039,-37.5781,-19.4688,-20.1484,0.0,0.0,0.11403508484363556,0.2629629671573639,0.02547263726592064,0.011570529080927372,0.0572916679084301,0.004430970177054405,0.01049440260976553,0.1953125,0.6852844953536987
795,-17.0473,-19.3207,-36.368,-20.8281,-17.6406,0.0,0.0,0.2993827164173126,0.5785219669342041,0.09853681176900864,0.07976653426885605,0.167038694024086,0.0251865666359663,0.10097947716712952,0.1700093299150467,0.5993469953536987
800,-25.4336,-3.6262,-29.0598,-29.8281,-0.0859,0.0,0.0,0.8518292903900146,0.976982831954956,0.46271705627441406,0.5166375041007996,0.8802083134651184,0.12748755514621735,0.6855954527854919,0.03805192932486534,0.04438743740320206
805,-25.5285,-3.475,-29.0035,-29.6094,-0.4766,0.0,0.0,0.8699114918708801,0.9566176533699036,0.6010037660598755,0.7161125540733337,0.9047619104385376,0.1317630559206009,0.6871890425682068,0.030977923423051834,0.04559234902262688
810,-25.1195,-4.2742,-29.3938,-29.5703,-0.6484,0.0,0.0,0.7873563170433044,0.9233257174491882,0.6168652772903442,0.7690607905387878,0.8794642686843872,0.12173507362604141,0.6610307693481445,0.04240516200661659,0.07035136967897415
815,-24.473,-5.0492,-29.5223,-29.6172,-0.4844,0.0,0.0,0.7351135611534119,0.9158605933189392,0.5702353715896606,0.6722293496131897,0.8701636791229248,0.1266324669122696,0.6268656849861145,0.0511893667280674,0.09083488583564758
820,-25.1031,-4.3445,-29.4477,-29.8125,-0.1875,0.0,0.0,0.7268456220626831,0.9360281229019165,0.6737108826637268,0.6889872550964355,0.8578869104385376,0.11582711338996887,0.6634795069694519,0.0459810309112072,0.0702347606420517
825,-24.7852,-4.4859,-29.2711,-29.625,-0.4688,0.0,0.0,0.7629803419113159,0.9385378360748291,0.597091555595398,0.6755813956260681,0.8735119104385376,0.13250155746936798,0.6507307291030884,0.04543687775731087,0.06685323268175125
830,-25.3961,-3.7352,-29.1313,-29.8125,-0.0938,0.0,0.0,0.7993993759155273,0.9521142840385437,0.6746575236320496,0.7001499533653259,0.9051339030265808,0.12943096458911896,0.680192768573761,0.03404850885272026,0.051850125193595886
835,-24.8586,-4.2863,-29.1449,-29.5625,-0.3125,0.0,0.0,0.7883127927780151,0.9379757642745972,0.6636690497398376,0.7199259996414185,0.8816964030265808,0.13568873703479767,0.6536069512367249,0.04322139173746109,0.06300528347492218
840,-24.1277,-5.4176,-29.5453,-29.5938,-0.2031,0.0,0.0,0.7335124015808105,0.9086995124816895,0.5960784554481506,0.6727272868156433,0.8110119104385376,0.13024720549583435,0.6138837337493896,0.059468284249305725,0.09192319959402084
845,-23.9344,-6.0305,-29.9648,-29.5938,-0.25,0.0,0.0,0.6918194890022278,0.8839735984802246,0.5745494365692139,0.6221230030059814,0.7883184552192688,0.11023010313510895,0.6009795069694519,0.07116760313510895,0.11314520984888077
850,-23.3938,-7.3602,-30.7539,-29.625,-0.3047,0.0,0.0,0.6228833198547363,0.8562779426574707,0.4406196177005768,0.5242742896080017,0.6986607313156128,0.08492692559957504,0.5649486780166626,0.0903296023607254,0.15531715750694275
855,-22.2625,-8.5246,-30.7871,-29.1406,-0.5938,0.0,0.0,0.6824679970741272,0.8497880101203918,0.36757564544677734,0.45719367265701294,0.6339285969734192,0.10331156849861145,0.5133706331253052,0.10405006259679794,0.17479011416435242
860,-21.8906,-9.1172,-31.0078,-29.4062,-0.4844,0.0,0.0,0.6760063171386719,0.8322126269340515,0.35010409355163574,0.417619913816452,0.656622052192688,0.09849191457033157,0.49133241176605225,0.11201803386211395,0.1936800330877304
865,-20.9305,-10.1902,-31.1207,-28.6406,-1.3125,0.0,0.0,0.6766603589057922,0.8237617015838623,0.29950711131095886,0.408705472946167,0.5561755895614624,0.10241760313510895,0.45277518033981323,0.13405628502368927,0.20627331733703613
870,-18.9574,-14.0684,-33.0258,-28.5156,-1.7266,0.0,0.0,0.5810540318489075,0.7130999565124512,0.16468296945095062,0.2989427149295807,0.375,0.05826336890459061,0.32311099767684937,0.1796097606420517,0.3345382511615753
875,-18.4418,-16.0992,-34.541,-26.0469,-6.6875,0.0,0.0,0.5669481158256531,0.5385099053382874,0.10603372007608414,0.2558857202529907,0.3121279776096344,0.032221704721450806,0.24727922677993774,0.1752176582813263,0.44080379605293274
880,-17.2586,-18.6871,-35.9457,-23.2578,-12.3359,0.0,0.0,0.25917431712150574,0.17070484161376953,0.08669057488441467,0.2311854362487793,0.1019345223903656,0.016946516931056976,0.14116916060447693,0.18427394330501556,0.5531327724456787
885,-15.7297,-21.9758,-37.7055,-19.6094,-20.0078,0.0,0.0,0.0,0.0,0.006598680280148983,0.01224443968385458,0.0554315485060215,0.0013603855622932315,0.00777363171800971,0.19437965750694275,0.6920087337493896
890,-15.9688,-21.8938,-37.8625,-19.7734,-19.75,0.0,0.0,0.0,0.0,0.005335040390491486,0.010012653656303883,0.0479910708963871,0.0009328357991762459,0.00594682851806283,0.1821361929178238,0.7065065503120422
895,-15.902,-21.8926,-37.7945,-19.5938,-20.0156,0.0,0.0,0.0,0.004629629664123058,0.007747068535536528,0.011657599359750748,0.0546875,0.0013215173967182636,0.008395522832870483,0.1856343299150467,0.7001709938049316
900,-14.6813,-22.5539,-37.2352,-19.1797,-20.2344,0.0,0.0,0.0,0.0,0.005398331210017204,0.00877140648663044,0.0476190485060215,0.00120491289999336,0.005324937868863344,0.23760105669498444,0.6513915061950684
905,-15.7859,-21.923,-37.709,-19.4922,-20.0781,0.0,0.0,0.0,0.0,0.01173376478254795,0.013517303392291069,0.053199402987957,0.0013603855622932315,0.009056281298398972,0.19212530553340912,0.6929804086685181
910,-15.8711,-21.9027,-37.7738,-19.6953,-19.8828,0.0,0.0,0.0,0.0,0.010941370390355587,0.011967048980295658,0.0505952388048172,0.0009717039647512138,0.007967972196638584,0.18827736377716064,0.6983053684234619
915,-16.0254,-21.7535,-37.7789,-19.5,-20.0625,0.0,0.0,0.0,0.0,0.011262218467891216,0.018767351284623146,0.0505952388048172,0.0015547263901680708,0.01103855762630701,0.18291355669498444,0.7000155448913574
920,-16.252,-21.7223,-37.9742,-19.5312,-19.8594,0.0,0.0,0.0,0.0,0.011665142141282558,0.010854227468371391,0.0505952388048172,0.001243781065568328,0.008162313140928745,0.1699315905570984,0.716184675693512
925,-16.0949,-21.7738,-37.8688,-19.75,-19.75,0.0,0.0,0.03333333507180214,0.0,0.010446136817336082,0.013380320742726326,0.0524553582072258,0.0011660447344183922,0.009872512891888618,0.17859919369220734,0.7058846354484558
930,-15.6262,-22.0328,-37.659,-19.7422,-19.6953,0.0,0.0,0.0,0.0,0.00647948170080781,0.012620429508388042,0.0498511902987957,0.0013215173967182636,0.006374378222972155,0.19795553386211395,0.6898709535598755
935,-15.4227,-22.1328,-37.5555,-19.5938,-19.8516,0.0,0.0,0.0,0.0,0.00766355125233531,0.012543673627078533,0.0498511902987957,0.0010494403541088104,0.007929104380309582,0.20794464647769928,0.6785991787910461
940,-15.6809,-21.9539,-37.6348,-19.7031,-19.8672,0.0,0.0,0.0,0.0,0.008685353212058544,0.01694435067474842,0.0505952388048172,0.0019045397639274597,0.01084421668201685,0.19690608978271484,0.6858675479888916
945,-15.5234,-22.0941,-37.6176,-19.6875,-19.6641,0.0,0.0,0.0,0.0,0.005190311465412378,0.011968236416578293,0.0505952388048172,0.0007773631950840354,0.007307213731110096,0.20219215750694275,0.6852456331253052
950,-15.007,-22.3547,-37.3617,-19.3438,-20.1406,0.0,0.0,0.0,0.0,0.006903693545609713,0.011426227167248726,0.0502232126891613,0.0008162313606590033,0.0061800372786819935,0.22520211338996887,0.6633239984512329
955,-15.9289,-21.7238,-37.6527,-19.9062,-19.3438,0.0,0.0,0.0,0.0,0.01413065753877163,0.025458650663495064,0.0520833320915699,0.002060012426227331,0.015119713731110096,0.18979321420192719,0.6885494589805603
960,-15.5375,-21.9195,-37.457,-19.6562,-19.5391,0.0,0.0,0.0,0.0,0.016306409612298012,0.02494514361023903,0.0528273805975914,0.0028762437868863344,0.014536691829562187,0.2049906700849533,0.6731187701225281
965,-15.9773,-21.5883,-37.5656,-19.7188,-19.4375,0.0,0.0,0.012820512987673283,0.013725490309298038,0.024891996756196022,0.032800864428281784,0.0535714291036129,0.003031716449186206,0.01982276141643524,0.18893812596797943,0.6837297677993774
970,-15.6488,-21.8961,-37.5449,-19.7422,-19.7422,0.0,0.0,0.0,0.0,0.009334889240562916,0.02410535328090191,0.0505952388048172,0.002137748757377267,0.014692164026200771,0.199860081076622,0.6788324117660522
975,-15.6156,-21.8254,-37.441,-19.8281,-19.4062,0.0,0.0,0.0,0.0,0.01690087281167507,0.029775379225611687,0.0565476194024086,0.0026430347934365273,0.018540112301707268,0.2046797275543213,0.6696594953536987
980,-15.6848,-21.7773,-37.4621,-19.5469,-19.5234,0.0,0.0,0.0,0.0,0.01613522879779339,0.032749827951192856,0.0476190485060215,0.0027985074557363987,0.01982276141643524,0.20234763622283936,0.6705535054206848
985,-15.8789,-21.784,-37.6629,-20.0078,-19.1406,0.0,0.0,0.02631578966975212,0.0,0.010212418623268604,0.023257123306393623,0.0505952388048172,0.001476990059018135,0.01352611929178238,0.19029851257801056,0.6902207732200623
990,-15.8801,-21.7512,-37.6313,-20.0234,-19.25,0.0,0.0,0.0,0.0,0.008759421296417713,0.02658972702920437,0.0528273805975914,0.0018656715983524919,0.01581934094429016,0.19080379605293274,0.6870335936546326
995,-15.3238,-21.9848,-37.3086,-20.2188,-18.5781,0.0,0.0,0.0,0.0,0.008967000991106033,0.031938131898641586,0.0520833320915699,0.001826803432777524,0.01857898011803627,0.21672885119915009,0.6583877205848694
1000,-15.4512,-22.0547,-37.5059,-19.5234,-19.8984,0.0,0.0,0.022727273404598236,0.0,0.008963585831224918,0.018089640885591507,0.0520833320915699,0.0017101990524679422,0.010999688878655434,0.20813898742198944,0.6746734976768494
1005,-15.4438,-22.0766,-37.5203,-19.7031,-19.6797,0.0,0.0,0.0,0.018450183793902397,0.0071428571827709675,0.015741698443889618,0.0576636902987957,0.0016713308868929744,0.010533271357417107,0.2067786008119583,0.6765391826629639
1010,-15.8102,-21.8734,-37.6836,-19.6094,-19.6797,0.0,0.0,0.0,0.0034722222480922937,0.007973829284310341,0.017005275934934616,0.0606398805975914,0.0016713308868929744,0.011194029822945595,0.1901041716337204,0.6925528645515442
1015,-15.6141,-21.9504,-37.5645,-19.8906,-19.2578,0.0,0.0,0.0,0.021341463550925255,0.007887649349868298,0.020027466118335724,0.0535714291036129,0.001476990059018135,0.01274875644594431,0.20203669369220734,0.6792599558830261
1020,-15.6449,-21.9695,-37.6145,-19.6484,-19.8125,0.0,0.0,0.0,0.0,0.00781097449362278,0.01689804345369339,0.0543154776096344,0.001476990059018135,0.011854788288474083,0.19904384016990662,0.6831467747688293
1025,-15.734,-21.8641,-37.598,-19.5469,-19.6875,0.0,0.0,0.027397260069847107,0.0,0.010530498810112476,0.021577423438429832,0.0565476194024086,0.0028373757377266884,0.012554415501654148,0.19562344253063202,0.6845071315765381
1030,-15.6707,-21.898,-37.5687,-19.7812,-19.6172,0.0,0.0,0.0,0.0,0.013152728788554668,0.021589290350675583,0.0509672611951828,0.002370957750827074,0.012826492078602314,0.1979943960905075,0.6823305487632751
1035,-16.1074,-21.7242,-37.8316,-20.1719,-19.0703,0.0,0.0,0.07692307978868484,0.0,0.006037084851413965,0.0189305879175663,0.0502232126891613,0.0010105721885338426,0.012049129232764244,0.18027052283287048,0.7021921873092651
1040,-15.9445,-21.8238,-37.7684,-19.7969,-19.4453,0.0,0.0,0.0,0.0,0.005418924614787102,0.01705305464565754,0.0535714291036129,0.0011660447344183922,0.010416666977107525,0.18648943305015564,0.6974502205848694
1045,-15.3875,-21.9957,-37.3832,-20.0625,-19.2422,0.0,0.0,0.0,0.0,0.010924981907010078,0.027085527777671814,0.0502232126891613,0.0019045397639274597,0.015741605311632156,0.2134639322757721,0.6644123196601868
1050,-15.8078,-21.8418,-37.6496,-19.7969,-19.4453,0.0,0.0,0.0,0.0,0.005633802618831396,0.02223605290055275,0.0524553582072258,0.0016713308868929744,0.01372046023607254,0.19317474961280823,0.6869558691978455
1055,-16.0047,-21.8148,-37.8195,-19.8828,-19.6953,0.0,0.0,0.0,0.0,0.004886339418590069,0.01598009467124939,0.0476190485060215,0.0008550995262339711,0.008784203790128231,0.182952418923378,0.7029306888580322
1060,-15.8602,-21.7535,-37.6137,-19.5312,-19.7656,0.0,0.0,0.0,0.0,0.013562752865254879,0.025378122925758362,0.0569196417927742,0.0022154850885272026,0.015158582478761673,0.19200870394706726,0.6861396431922913
1065,-15.4461,-21.8457,-37.2918,-19.3828,-19.6641,0.0,0.0,0.09803921729326248,0.02429906465113163,0.01304667443037033,0.03543423116207123,0.0628720223903656,0.003964552190154791,0.020794464275240898,0.21152052283287048,0.6592428684234619
1070,-16.0379,-21.7637,-37.8016,-19.8516,-19.7109,0.0,0.0,0.0,0.0,0.008322663605213165,0.017072224989533424,0.0565476194024086,0.0010494403541088104,0.011116293258965015,0.1821361929178238,0.7012204527854919
1075,-15.7551,-21.8559,-37.6109,-19.7188,-19.3906,0.0,0.0,0.0,0.0,0.01164424791932106,0.02250949665904045,0.0476190485060215,0.0026041667442768812,0.01379819680005312,0.1936022937297821,0.6855177283287048
1080,-16.0488,-21.7582,-37.807,-19.875,-19.6875,0.0,0.0,0.0,0.0,0.008313792757689953,0.01749916933476925,0.0535714291036129,0.0013215173967182636,0.0099891172721982,0.18233053386211395,0.7018812298774719
1085,-15.4637,-22.1187,-37.5824,-19.6484,-19.5547,0.0,0.0,0.03333333507180214,0.0,0.0032051282469183207,0.012504996731877327,0.0543154776096344,0.0011660447344183922,0.007501554675400257,0.20615671575069427,0.6806980967521667
1090,-16.1703,-21.7156,-37.8859,-19.8281,-19.4531,0.0,0.0,0.0,0.0,0.004467277321964502,0.016067329794168472,0.0572916679084301,0.0008939676336012781,0.009406094439327717,0.17401275038719177,0.7112095952033997
1095,-16.2996,-21.5402,-37.8398,-20.2109,-18.7109,0.0,0.0,0.03448275849223137,0.016587678343057632,0.009211413562297821,0.024920057505369186,0.0580357126891613,0.0011271765688434243,0.016402363777160645,0.1730021834373474,0.7049906849861145
1100,-16.1008,-21.6801,-37.7809,-20.0312,-18.9531,0.0,0.0,0.03333333507180214,0.02153846062719822,0.007368877530097961,0.022245587781071663,0.0535714291036129,0.0011660447344183922,0.012632152065634727,0.17933768033981323,0.7023864984512329
1105,-15.9172,-21.7262,-37.6434,-19.9453,-19.0312,0.0,0.0,0.017241379246115685,0.0,0.00925545021891594,0.02591230534017086,0.0602678582072258,0.0022543531376868486,0.017296331003308296,0.18897698819637299,0.686994731426239
1110,-16.2992,-21.6641,-37.9633,-19.8906,-19.6562,0.0,0.0,0.0,0.0,0.004344843327999115,0.015169639140367508,0.0550595223903656,0.0009717039647512138,0.00971703976392746,0.16997045278549194,0.7148631811141968
1115,-15.4621,-22.0867,-37.5488,-19.4375,-20.0938,0.0,0.0,0.0357142873108387,0.0,0.006035458296537399,0.013678246177732944,0.0621279776096344,0.0010883084032684565,0.009211753495037556,0.20607897639274597,0.6791433691978455
1120,-16.0105,-21.7598,-37.7703,-19.8594,-19.4844,0.0,0.0,0.05263157933950424,0.0,0.008900190703570843,0.017923740670084953,0.0606398805975914,0.001476990059018135,0.012360074557363987,0.18341884016990662,0.6982665061950684
1125,-15.0578,-22.1969,-37.2547,-19.75,-19.1875,0.0,0.0,0.0,0.0,0.011164547875523567,0.022542079910635948,0.0565476194024086,0.0018656715983524919,0.013875932432711124,0.22629041969776154,0.6534903645515442
1130,-15.8031,-21.8184,-37.6215,-19.9297,-19.5312,0.0,0.0,0.017241379246115685,0.0026666666381061077,0.00889607798308134,0.023101748898625374,0.0565476194024086,0.0022543531376868486,0.01457555964589119,0.19224192202091217,0.6864505410194397
1135,-15.923,-21.6992,-37.6223,-19.9297,-19.1797,0.0,0.0,0.0,0.0,0.008399917744100094,0.026140091940760612,0.0758928582072258,0.0022932214196771383,0.016557835042476654,0.18971548974514008,0.6869558691978455
1140,-15.5414,-21.9398,-37.4813,-19.8594,-19.2031,0.0,0.0,0.06896551698446274,0.0,0.011636779643595219,0.02295668236911297,0.0591517873108387,0.0022543531376868486,0.015663867816329002,0.20374688506126404,0.6738572716712952
1145,-15.884,-21.6578,-37.5418,-19.6719,-19.6953,0.0,0.0,0.0,0.01279707532376051,0.011674717999994755,0.03180515766143799,0.0710565447807312,0.0029151118360459805,0.021260883659124374,0.19309701025485992,0.6782493591308594
1150,-14.5133,-22.5828,-37.0961,-19.2344,-19.9609,0.0,0.0,0.03333333507180214,0.0,0.004695570562034845,0.012015125714242458,0.0647321417927742,0.0011660447344183922,0.008745335973799229,0.24832867085933685,0.6372823119163513
1155,-15.9633,-21.7875,-37.7508,-19.6719,-19.9297,0.0,0.0,0.0555555559694767,0.0,0.00790349394083023,0.01843884401023388,0.0565476194024086,0.0013992537278681993,0.01162157952785492,0.18687811493873596,0.6956234574317932
1160,-15.1566,-22.1797,-37.3363,-19.3906,-19.4141,0.0,0.0,0.0,0.0,0.007355516776442528,0.02104332484304905,0.0528273805975914,0.0022543531376868486,0.011932524852454662,0.22193719446659088,0.6593983173370361
1165,-15.4977,-21.8996,-37.3973,-19.9219,-19.125,0.0,0.0,0.0,0.0,0.012885154224932194,0.02793654426932335,0.0669642835855484,0.003031716449186206,0.017918221652507782,0.20813898742198944,0.6664334535598755
1170,-15.5355,-21.8695,-37.4051,-20.125,-18.7891,0.0,0.0,0.0,0.0,0.010336402803659439,0.0317608043551445,0.0543154776096344,0.002370957750827074,0.018151430413126945,0.20681747794151306,0.6681825518608093
1175,-15.6512,-21.984,-37.6352,-19.4531,-20.0156,0.0,0.0,0.09090909361839294,0.0,0.0049164206720888615,0.015641825273633003,0.0550595223903656,0.0017101990524679422,0.010338930413126945,0.19764459133148193,0.685828685760498
1180,-15.398,-22.0754,-37.4734,-19.6797,-19.4922,0.0,0.0,0.0,0.0,0.006073992233723402,0.018449971452355385,0.0598958320915699,0.0006607586983591318,0.011660447344183922,0.21117070317268372,0.6720304489135742
1185,-15.7438,-21.9922,-37.7359,-19.4844,-20.0703,0.0,0.0,0.0,0.0,0.0038267874624580145,0.01145059522241354,0.0505952388048172,0.0006996268639340997,0.005985696334391832,0.19298040866851807,0.6958566308021545
1190,-15.8184,-21.85,-37.6684,-19.7344,-19.7109,0.0,0.0,0.0,0.0,0.006045949179679155,0.020591221749782562,0.0535714291036129,0.0012826492311432958,0.01239894237369299,0.1928638070821762,0.6889770030975342
1195,-15.0211,-22.35,-37.3711,-19.1641,-20.1484,0.0,0.0,0.0,0.0,0.005708354990929365,0.011484150774776936,0.0509672611951828,0.0009328357991762459,0.006529850885272026,0.2246968299150467,0.6633628606796265
1200,-15.4621,-22.1125,-37.5746,-19.5,-20.1562,0.0,0.0,0.03448275849223137,0.0,0.0060468632727861404,0.012624243274331093,0.0524553582072258,0.0011271765688434243,0.008278917521238327,0.20569029450416565,0.6804260015487671
1205,-15.5871,-22.0195,-37.6066,-19.8047,-19.5234,0.0,0.0,0.0,0.0,0.006570048164576292,0.014046860858798027,0.0617559514939785,0.0010883084032684565,0.009833644144237041,0.20114272832870483,0.6834577322006226
1210,-15.3977,-22.1324,-37.5301,-19.5078,-20.0703,0.0,0.0,0.0,0.0,0.004271123558282852,0.014771812595427036,0.0505952388048172,0.0013603855622932315,0.008628731593489647,0.2093050330877304,0.6762282252311707
1215,-16.0332,-21.7484,-37.7816,-19.75,-19.6797,0.0,0.0,0.0,0.02346041053533554,0.009385665878653526,0.018090732395648956,0.0565476194024086,0.0017879352672025561,0.013254042714834213,0.1822139322757721,0.6982665061950684
1220,-15.0395,-22.3039,-37.3434,-19.3203,-19.8125,0.0,0.0,0.0,0.0,0.007388316094875336,0.013778484426438808,0.0565476194024086,0.0009717039647512138,0.008240049704909325,0.22621268033981323,0.6600979566574097
1225,-16.0473,-21.5492,-37.5965,-20.1172,-19.0156,0.0,0.0,0.0,0.0,0.017248544842004776,0.03293447196483612,0.0729166641831398,0.0031483208294957876,0.023204291239380836,0.18703357875347137,0.6821361780166626
1230,-15.6883,-21.8805,-37.5687,-19.7656,-19.6016,0.0,0.0,0.0181818176060915,0.0,0.012130698189139366,0.021142857149243355,0.0613839291036129,0.002137748757377267,0.014536691829562187,0.1986551582813263,0.680192768573761
1235,-15.541,-21.9793,-37.5203,-19.3594,-19.5938,0.0,0.0,0.0,0.0,0.010444359853863716,0.020808184519410133,0.0513392873108387,0.00174906721804291,0.012904228642582893,0.2046797275543213,0.6761893630027771
1240,-15.7137,-21.6504,-37.3641,-20.0156,-18.9609,0.0,0.0,0.02380952425301075,0.010670731775462627,0.020981712266802788,0.03741595894098282,0.0784970223903656,0.003264925442636013,0.02549751289188862,0.20192009210586548,0.6648398637771606
1245,-15.1781,-22.0547,-37.2328,-19.7578,-19.0547,0.0,0.0,0.037974681705236435,0.0,0.019549660384655,0.028915518894791603,0.0505952388048172,0.003070584498345852,0.017840484157204628,0.22267568111419678,0.6519356369972229
1250,-15.4531,-22.0859,-37.5391,-19.7031,-19.6797,0.0,0.0,0.03125,0.004219409078359604,0.009960534051060677,0.014613180421292782,0.0513392873108387,0.001243781065568328,0.009211753495037556,0.20681747794151306,0.6782493591308594
1255,-16.1469,-21.6266,-37.7734,-19.9766,-19.3203,0.0,0.0,0.0,0.0,0.010221835225820541,0.025139043107628822,0.0524553582072258,0.0015547263901680708,0.016402363777160645,0.1787157952785492,0.6988494992256165
1260,-15.4625,-21.9945,-37.457,-19.5547,-19.5078,0.0,0.0,0.0,0.0,0.014357635751366615,0.019570378586649895,0.067336305975914,0.0022543531376868486,0.01352611929178238,0.20844994485378265,0.6712920069694519
1265,-14.8152,-22.3867,-37.202,-19.3438,-19.6719,0.0,0.0,0.02222222276031971,0.0,0.012419275008141994,0.014792190864682198,0.0580357126891613,0.00174906721804291,0.010027985088527203,0.23472481966018677,0.6490204930305481
1270,-15.7906,-21.7941,-37.5848,-19.5469,-19.8047,0.0,0.0,0.0,0.0,0.01821092702448368,0.022375313565135002,0.0647321417927742,0.002487562131136656,0.01613028533756733,0.19422419369220734,0.6826803684234619
1275,-16.2777,-21.6637,-37.9414,-19.8203,-19.6328,0.0,0.0,0.0,0.0,0.010919017717242241,0.015306678600609303,0.0505952388048172,0.0009328357991762459,0.010183457285165787,0.17086443305015564,0.7135416865348816
1280,-15.5426,-22.0219,-37.5645,-19.4688,-19.9844,0.0,0.0,0.03846153989434242,0.0,0.011132437735795975,0.014454664662480354,0.0625,0.002021144377067685,0.01068874355405569,0.20250311493873596,0.6803094148635864
1285,-15.2648,-22.2141,-37.4789,-19.6484,-19.7188,0.0,0.0,0.0,0.0,0.007608695421367884,0.010534236207604408,0.0617559514939785,0.0014381218934431672,0.008006840944290161,0.21455223858356476,0.6715251803398132
1290,-15.7883,-21.7801,-37.5684,-19.5547,-19.5312,0.0,0.0,0.0,0.018099548295140266,0.02256840467453003,0.02200433239340782,0.0658482164144516,0.0019045397639274597,0.01717972569167614,0.19461287558078766,0.6818252205848694
1295,-15.8602,-21.7348,-37.5949,-20.0234,-19.1562,0.0,0.0,0.0,0.01727861724793911,0.02420174889266491,0.02204921282827854,0.068824402987957,0.0024486940819770098,0.017995957285165787,0.19111473858356476,0.6839630007743835
1300,-15.9402,-21.6918,-37.632,-20.0,-19.0859,0.0,0.0,0.021276595070958138,0.0,0.01900826394557953,0.025066334754228592,0.0625,0.001826803432777524,0.017101990059018135,0.18812188506126404,0.6884716749191284
1305,-15.3539,-21.9879,-37.3418,-19.5859,-19.3047,0.0,0.0,0.08749999850988388,0.0,0.019654665142297745,0.0242459736764431,0.063988097012043,0.0031094527803361416,0.017140857875347137,0.2115982621908188,0.6636738181114197
1310,-15.5566,-21.9492,-37.5059,-19.7109,-19.5703,0.0,0.0,0.0,0.005571030545979738,0.015039024874567986,0.018587788566946983,0.0703125,0.0019822760950773954,0.013953668996691704,0.2041744440793991,0.6754119992256165
1315,-15.0398,-22.2223,-37.2621,-19.8281,-19.3594,0.0,0.0,0.01923076994717121,0.0,0.014103887602686882,0.018022840842604637,0.0677083358168602,0.002021144377067685,0.014070273377001286,0.22597947716712952,0.6534515023231506
1320,-15.5895,-21.8684,-37.4578,-19.9766,-18.7812,0.0,0.0,0.06521739065647125,0.008639308623969555,0.01400882750749588,0.025692841038107872,0.0662202388048172,0.0017879352672025561,0.017995957285165787,0.20254197716712952,0.6731964945793152
1325,-15.2082,-22.0859,-37.2941,-19.6562,-19.2109,0.0,0.0,0.035087719559669495,0.015037594363093376,0.015215853229165077,0.02450980432331562,0.0550595223903656,0.0022154850885272026,0.015508395619690418,0.21968284249305725,0.6581156849861145
1330,-15.8492,-21.8176,-37.6668,-20.0547,-19.0234,0.0,0.0,0.0,0.023054754361510277,0.012565869837999344,0.01861042156815529,0.0625,0.0010494403541088104,0.013487251475453377,0.19177550077438354,0.6892101764678955
1335,-15.5465,-21.966,-37.5125,-19.8516,-19.125,0.0,0.0,0.03030303120613098,0.0028653296176344156,0.01306076068431139,0.02008633129298687,0.0569196417927742,0.0012826492311432958,0.013564987108111382,0.20534048974514008,0.6753342747688293
1340,-15.8973,-21.6898,-37.5871,-19.7109,-19.3828,0.0,0.0,0.0317460335791111,0.014170040376484394,0.01650703139603138,0.02770823799073696,0.0625,0.0024486940819770098,0.019200870767235756,0.19072605669498444,0.6831467747688293
1345,-15.7703,-21.8594,-37.6297,-19.9297,-19.2266,0.0,0.0,0.0,0.008498583920300007,0.01184976939111948,0.018892470747232437,0.0625,0.0011271765688434243,0.01372046023607254,0.193524569272995,0.6871501803398132
1350,-15.9844,-21.6727,-37.657,-20.3281,-18.5469,0.0,0.0,0.054054055362939835,0.014957264997065067,0.012404383160173893,0.024861566722393036,0.0710565447807312,0.0014381218934431672,0.018190298229455948,0.18800528347492218,0.6878886818885803
1355,-15.6566,-21.9145,-37.5711,-19.625,-19.5078,0.0,0.0,0.03030303120613098,0.002710027154535055,0.010844307020306587,0.0186562892049551,0.0680803582072258,0.0012826492311432958,0.014342350885272026,0.20071516931056976,0.679182231426239
1360,-15.6348,-21.6242,-37.259,-20.0234,-18.2188,0.0,0.0,0.07777778059244156,0.01424870453774929,0.020531173795461655,0.04274112358689308,0.0866815447807312,0.00349813443608582,0.03000621870160103,0.20635105669498444,0.6556670069694519
1365,-15.8145,-21.8871,-37.7016,-19.5938,-20.0859,0.0,0.0,0.0,0.020270269364118576,0.011095420457422733,0.012389480136334896,0.0736607164144516,0.0011660447344183922,0.011504975147545338,0.19266946613788605,0.6901819109916687
1370,-15.4621,-21.8066,-37.2687,-20.5625,-17.6562,0.0,0.0,0.10769230872392654,0.023328149691224098,0.018602954223752022,0.036085229367017746,0.068824402987957,0.0025264304131269455,0.02499222569167614,0.21311411261558533,0.6548896431922913
1375,-16.4473,-21.1734,-37.6207,-20.8359,-17.6016,0.0,0.0,0.1489361673593521,0.05418138951063156,0.02222716249525547,0.0430150181055069,0.0911458358168602,0.001826803432777524,0.03299906849861145,0.17486785352230072,0.685828685760498
1380,-15.9016,-21.5453,-37.4469,-20.1953,-18.2969,0.0,0.0,0.1147540956735611,0.0749235451221466,0.017375674098730087,0.0383993536233902,0.0669642835855484,0.002370957750827074,0.025419775396585464,0.19461287558078766,0.6731187701225281
1385,-15.5133,-21.9012,-37.4145,-19.9375,-19.1641,0.0,0.0,0.0625,0.03311258181929588,0.015496639534831047,0.024908339604735374,0.0680803582072258,0.0018656715983524919,0.017607275396585464,0.2081778645515442,0.6678715944290161
1390,-15.7754,-21.6758,-37.4512,-20.5234,-17.9453,0.0,0.0,0.056603774428367615,0.03547297418117523,0.01667974889278412,0.033701371401548386,0.067336305975914,0.002060012426227331,0.023009950295090675,0.1980721354484558,0.672380268573761
1395,-15.4344,-21.6113,-37.0457,-20.6484,-16.9688,0.0,0.0,0.1855670064687729,0.07783783972263336,0.026437189429998398,0.04749114811420441,0.0956101194024086,0.0037702114786952734,0.03595304861664772,0.21906094253063202,0.6367381811141968
1400,-15.6551,-21.8672,-37.5223,-19.7266,-19.0469,0.0,0.0,0.050847455859184265,0.03658536449074745,0.014849551022052765,0.02028304524719715,0.0747767835855484,0.0022932214196771383,0.01593594439327717,0.19892723858356476,0.6783660054206848
1405,-15.9258,-21.5684,-37.4941,-20.6484,-17.8828,0.0,0.0,0.10256410390138626,0.104347825050354,0.015042117796838284,0.031572870910167694,0.0855654776096344,0.001515858224593103,0.026819029822945595,0.19379663467407227,0.6733908653259277
1410,-16.1074,-21.7301,-37.8375,-19.9375,-19.0703,0.0,0.0,0.0,0.032573290169239044,0.009249300695955753,0.014279388822615147,0.0691964253783226,0.000621890532784164,0.011932524852454662,0.18069806694984436,0.7022699117660522
1415,-15.6992,-22.0262,-37.7254,-19.2656,-19.9688,0.0,0.0,0.0,0.04371584579348564,0.005205205176025629,0.009971988387405872,0.0476190485060215,0.00046641789958812296,0.007112873252481222,0.19414645433425903,0.6937966346740723
1420,-15.4348,-22.0289,-37.4637,-19.9141,-19.0469,0.0,0.0,0.0810810774564743,0.06303724646568298,0.0065104165114462376,0.01973608136177063,0.0595238097012043,0.0014381218934431672,0.013564987108111382,0.20895522832870483,0.6715640425682068
1425,-15.809,-21.7703,-37.5793,-20.1094,-18.2344,0.0,0.0,0.0,0.0021739129442721605,0.016292469576001167,0.023638231679797173,0.0691964253783226,0.0012826492311432958,0.01787935383617878,0.19562344253063202,0.6807369589805603
1430,-15.8164,-21.7273,-37.5438,-19.9141,-18.9062,0.0,0.0,0.0714285746216774,0.05263157933950424,0.015232442878186703,0.023249154910445213,0.088913694024086,0.0010883084032684565,0.019200870767235756,0.19647854566574097,0.6787546873092651
1435,-14.8402,-22.4586,-37.2988,-19.4141,-19.9531,0.0,0.0,0.125,0.13414634764194489,0.0038390918634831905,0.008062126114964485,0.0565476194024086,0.000621890532784164,0.006374378222972155,0.23285913467407227,0.6556670069694519
1440,-16.2594,-21.466,-37.7254,-21.0625,-17.1016,0.0,0.0,0.14814814925193787,0.1525423675775528,0.008997146971523762,0.025915145874023438,0.0818452388048172,0.0010494403541088104,0.02293221466243267,0.17712220549583435,0.6944185495376587
1445,-15.6875,-22.0953,-37.7828,-19.6562,-19.7969,0.0,0.0,0.0,0.0,0.0028237192891538143,0.0034484677016735077,0.0580357126891613,7.77363165980205e-05,0.003925683908164501,0.1927083283662796,0.6988106369972229
1450,-16.1645,-21.6547,-37.8191,-20.5469,-18.1328,0.0,0.0,0.125,0.18731988966464996,0.009594418108463287,0.017530277371406555,0.0550595223903656,0.0009328357991762459,0.013487251475453377,0.17824937403202057,0.7028529047966003
1455,-16.0648,-21.6336,-37.6984,-20.3594,-18.1328,0.0,0.0,0.0833333358168602,0.21083171665668488,0.01033755298703909,0.019426768645644188,0.071800597012043,0.0009328357991762459,0.020094837993383408,0.184235081076622,0.6902596354484558
1460,-15.0348,-22.1012,-37.1359,-20.5078,-17.625,0.0,0.0,0.22499999403953552,0.0907335877418518,0.013893594965338707,0.02496984228491783,0.084449402987957,0.0015547263901680708,0.02013370580971241,0.2293998748064041,0.6444340944290161
1465,-15.7141,-21.9121,-37.6262,-19.9766,-18.8281,0.0,0.0,0.13793103396892548,0.14759035408496857,0.00452934205532074,0.014487813226878643,0.0710565447807312,0.0011271765688434243,0.012904228642582893,0.19737251102924347,0.6841184496879578
1470,-16.1555,-21.4395,-37.5949,-21.1328,-17.1016,0.0,0.0,0.19354838132858276,0.18723994493484497,0.011523150838911533,0.03208678215742111,0.0721726194024086,0.00120491289999336,0.028023943305015564,0.18551772832870483,0.6807758212089539
1475,-15.8344,-21.4383,-37.2727,-21.8672,-15.0469,0.0,0.0,0.23333333432674408,0.24248704314231873,0.013999611139297485,0.03757705166935921,0.1019345223903656,0.0023320894688367844,0.03750777244567871,0.19989894330501556,0.6557835936546326
1480,-15.7996,-21.9848,-37.7844,-19.4922,-19.8438,0.0,0.0,0.0,0.0071428571827709675,0.0036855037324130535,0.008333333767950535,0.0580357126891613,0.000621890532784164,0.005441542249172926,0.18983209133148193,0.6996268630027771
1485,-15.9762,-21.4922,-37.4684,-21.4219,-16.0547,0.0,0.0,0.18367347121238708,0.2324393391609192,0.011489618569612503,0.03188960254192352,0.0807291641831398,0.0019045397639274597,0.030433768406510353,0.19282494485378265,0.6703591346740723
1490,-15.7242,-21.859,-37.5832,-20.8672,-17.2578,0.0,0.0,0.0476190485060215,0.1984536051750183,0.00572896096855402,0.018213899806141853,0.0658482164144516,0.0008162313606590033,0.015080845914781094,0.19675062596797943,0.6828746795654297
1495,-14.7125,-22.598,-37.3105,-19.1484,-20.1094,0.0,0.0,0.0,0.12121212482452393,0.0036178259178996086,0.0018953977851197124,0.0535714291036129,0.0003886815975420177,0.0025652984622865915,0.23635727167129517,0.6562111377716064
1500,-15.6543,-22.0164,-37.6707,-19.8438,-19.2344,0.0,0.0,0.0,0.04784689098596573,0.006690279580652714,0.011279679834842682,0.056175597012043,0.0006996268639340997,0.008123445324599743,0.19752798974514008,0.689171314239502
1505,-16.1668,-21.8609,-38.0277,-19.8359,-19.7656,0.0,0.0,0.0,0.0,0.0009000900317914784,0.004317090380936861,0.0517113097012043,0.00011660447489703074,0.00240982579998672,0.17273010313510895,0.7202658653259277
1510,-15.4438,-22.2547,-37.6984,-19.3203,-20.2578,0.0,0.0,0.5,0.2068965584039688,0.0015311004826799035,0.001405757968313992,0.0476190485060215,7.77363165980205e-05,0.0011271765688434243,0.20308613777160645,0.691231369972229
1515,-16.2344,-21.1352,-37.3695,-22.3516,-13.3984,0.0,0.0,0.4107142984867096,0.528836727142334,0.01359263900667429,0.03031010925769806,0.0866815447807312,0.004353233613073826,0.03976212814450264,0.1858675330877304,0.6655395030975342
1520,-15.3938,-22.159,-37.5527,-19.7891,-19.2969,0.0,0.0,0.0,0.05999999865889549,0.004813032224774361,0.010211692191660404,0.0587797611951828,0.0002720771008171141,0.00777363171800971,0.2099657952785492,0.6775108575820923
1525,-15.9758,-21.1789,-37.1547,-22.9609,-12.0859,0.0,0.0,0.478723406791687,0.4695121943950653,0.01730239950120449,0.03937290608882904,0.0818452388048172,0.003653606865555048,0.04462064802646637,0.1976834535598755,0.6495646834373474
1530,-15.2465,-22.2848,-37.5312,-19.2891,-20.1797,0.0,0.0,0.0,0.08490566164255142,0.004749726038426161,0.0067056394182145596,0.0494791679084301,0.00046641789958812296,0.004120024852454662,0.21276430785655975,0.6781716346740723
1535,-15.7934,-21.1242,-36.9176,-23.2969,-10.7578,0.0,0.0,0.43410852551460266,0.46043166518211365,0.02013670839369297,0.04283585771918297,0.1130952388048172,0.005013992544263601,0.05402674153447151,0.21039333939552307,0.6260883212089539
1540,-16.0375,-21.1211,-37.1586,-22.9219,-12.1406,0.0,0.0,0.4545454680919647,0.516075849533081,0.014651299454271793,0.03528207540512085,0.0982142835855484,0.003847947809845209,0.047147076576948166,0.1989661008119583,0.6455612778663635
1545,-15.6246,-22.0242,-37.6488,-19.875,-18.9375,0.0,0.0,0.125,0.2956521809101105,0.004877096973359585,0.008772922679781914,0.0584077388048172,0.000621890532784164,0.00893967691808939,0.19923818111419678,0.6867226362228394
1550,-16.1637,-20.8148,-36.9785,-24.5703,-9.5469,0.0,0.0,0.5,0.6034263968467712,0.014087262563407421,0.03959115967154503,0.1075148805975914,0.004353233613073826,0.06125621870160103,0.1986551582813263,0.6312577724456787
1555,-15.6938,-21.4441,-37.1379,-21.8203,-13.9922,0.0,0.0,0.45614033937454224,0.6016597747802734,0.01068015769124031,0.024421053007245064,0.0904017835855484,0.004430970177054405,0.03746890649199486,0.2074393630027771,0.6461831331253052
1560,-16.0895,-20.5988,-36.6883,-24.3359,-8.6797,0.0,0.0,0.421875,0.6423702239990234,0.015291674993932247,0.03982357308268547,0.161086305975914,0.007462686393409967,0.07412157952785492,0.2058846354484558,0.6080535054206848
1565,-15.5598,-21.4988,-37.0586,-23.3359,-11.4531,0.0,0.0,0.5222222208976746,0.6702127456665039,0.008899382315576077,0.020780012011528015,0.0851934552192688,0.00349813443608582,0.040189675986766815,0.21400807797908783,0.6378265023231506
1570,-15.3902,-22.2,-37.5902,-20.0234,-18.9688,0.0,0.0,0.11764705926179886,0.21854305267333984,0.0028021670877933502,0.005251441150903702,0.0613839291036129,0.0006607586983591318,0.005869091954082251,0.20806126296520233,0.6809312701225281
1575,-16.3109,-21.0195,-37.3305,-24.5391,-8.9531,0.0,0.0,0.39024388790130615,0.6247833371162415,0.009959736838936806,0.025402400642633438,0.112351194024086,0.0031871891114860773,0.044853854924440384,0.18341884016990662,0.6640625
1580,-15.752,-21.9746,-37.7266,-20.2031,-18.4453,0.0,0.0,0.20000000298023224,0.2777777910232544,0.0032284099142998457,0.008393486961722374,0.0591517873108387,0.0005830223672091961,0.007695895619690418,0.1926306039094925,0.6946128606796265
1585,-15.8371,-20.7672,-36.6043,-24.9297,-7.4219,0.0,0.0,0.6567164063453674,0.6534598469734192,0.015326361171901226,0.03909425064921379,0.1402529776096344,0.0078125,0.06965173780918121,0.21556280553340912,0.6024953126907349
1590,-15.6785,-22.0395,-37.718,-19.75,-19.2578,0.0,0.0,0.0,0.19428572058677673,0.0037675986532121897,0.007521751336753368,0.0550595223903656,0.0002720771008171141,0.006801927927881479,0.19601212441921234,0.6924362778663635
1595,-16.5246,-20.9555,-37.4801,-23.7734,-10.6953,0.0,0.0,0.609375,0.5066079497337341,0.009100998751819134,0.028957083821296692,0.1138392835855484,0.002487562131136656,0.04411536082625389,0.17510105669498444,0.6738184094429016
1600,-16.5402,-20.2152,-36.7555,-25.6953,-6.2891,0.0,0.0,0.5568862557411194,0.6516373753547668,0.014622258022427559,0.049425575882196426,0.1458333283662796,0.006490982603281736,0.08189520984888077,0.19138681888580322,0.6157493591308594
1605,-15.3516,-22.2914,-37.643,-19.5469,-19.9922,0.0,0.0,0.0,0.0,0.0003748126036953181,0.0022088808473199606,0.053199402987957,3.886815829901025e-05,0.001826803432777524,0.20740050077438354,0.6862562298774719
1610,-16.0109,-21.984,-37.9949,-19.4844,-20.2344,0.0,0.0,0.0,0.0,0.000655881070997566,0.0006504770135506988,0.0487351194024086,3.886815829901025e-05,0.0006607586983591318,0.17778295278549194,0.7170398235321045
1615,-15.8559,-21.8359,-37.6918,-20.9062,-17.0156,0.0,0.0,0.260869562625885,0.3775216042995453,0.003668976714834571,0.010526908561587334,0.0703125,0.0008939676336012781,0.013487251475453377,0.19068719446659088,0.6904540061950684
1620,-15.7352,-22.0211,-37.7562,-19.9766,-19.0391,0.0,0.0,0.3333333432674408,0.26923078298568726,0.0022035257425159216,0.005982332397252321,0.0580357126891613,0.00023320894979406148,0.006063432898372412,0.19402985274791718,0.6951959133148193
1625,-15.552,-21.8625,-37.4145,-21.4219,-15.5625,0.0,0.0,0.2647058963775635,0.375,0.005807418376207352,0.017211202532052994,0.0788690447807312,0.0013215173967182636,0.020522387698292732,0.20747824013233185,0.6662002205848694
1630,-17.3664,-18.4563,-35.8227,-27.1641,-3.5391,0.0,0.0,0.7158470153808594,0.7902781367301941,0.027957437559962273,0.06155507639050484,0.2250744104385376,0.014225746504962444,0.1551228165626526,0.18629509210586548,0.5398787260055542
1635,-17.3875,-18.9555,-36.343,-27.1875,-4.0781,0.0,0.0,0.7162790894508362,0.7537733316421509,0.015730828046798706,0.05682964622974396,0.1941964328289032,0.008356654085218906,0.13133551180362701,0.177899569272995,0.5779306888580322
1640,-15.6633,-21.6996,-37.3629,-21.6016,-14.7812,0.0,0.0,0.3137255012989044,0.507317066192627,0.008015267550945282,0.022353215143084526,0.0651041641831398,0.0019822760950773954,0.023903917521238327,0.20366916060447693,0.6659670472145081
1645,-15.3797,-22.3078,-37.6875,-19.1719,-20.3906,0.0,0.0,0.0,0.0,0.00018811135669238865,0.00011286681547062472,0.0479910708963871,0.0,0.000155472633196041,0.2066231369972229,0.6887437701225281
1650,-16.3676,-20.0191,-36.3867,-24.8984,-8.3984,0.0,0.0,0.7042253613471985,0.6567762494087219,0.016341689974069595,0.061011508107185364,0.151413694024086,0.008278917521238327,0.09693718701601028,0.2093050330877304,0.5810012221336365
1655,-15.225,-22.3336,-37.5586,-19.5938,-19.7344,0.0,0.0,0.0,0.12195122241973877,0.0016274864319711924,0.0032141422852873802,0.0539434514939785,0.00019434079877100885,0.0031871891114860773,0.21494092047214508,0.6771999597549438
1660,-16.7328,-19.7422,-36.475,-26.5625,-5.4453,0.0,0.0,0.59375,0.6959130167961121,0.017141718417406082,0.057174887508153915,0.161086305975914,0.007462686393409967,0.10366138070821762,0.19500155746936798,0.5893967747688293
1665,-16.666,-20.0246,-36.6906,-25.8906,-5.7812,0.0,0.0,0.6878048777580261,0.7470251321792603,0.01560254581272602,0.04262503981590271,0.1302083283662796,0.007967972196638584,0.08819185197353363,0.18932680785655975,0.61003577709198
1670,-17.3082,-18.4449,-35.7531,-27.4297,-2.3281,0.0,0.0,0.8218262791633606,0.8529784679412842,0.011002698913216591,0.05191987752914429,0.2135416716337204,0.017451804131269455,0.15333488583564758,0.18722791969776154,0.5375077724456787
1675,-17.5367,-17.4746,-35.0113,-27.0781,-2.7266,0.0,0.0,0.8286413550376892,0.8625640869140625,0.023906825110316277,0.06455757468938828,0.2741815447807312,0.03175528720021248,0.18948227167129517,0.19022077322006226,0.4840640425682068
1680,-15.9992,-21.7613,-37.7605,-21.1094,-16.9844,0.0,0.0,0.2631579041481018,0.3478260934352875,0.002947368426248431,0.01437405962496996,0.0546875,0.0007384950295090675,0.012515547685325146,0.18462376296520233,0.6976445913314819
1685,-15.9461,-20.5809,-36.527,-23.6797,-9.8516,0.0,0.0,0.6340579986572266,0.6720626354217529,0.02103145606815815,0.0446004793047905,0.1238839253783226,0.010727612301707268,0.07443252205848694,0.21253108978271484,0.597831130027771
1690,-15.6266,-22.1844,-37.8109,-19.5312,-20.2344,0.0,0.0,0.0,0.0,0.0,0.0002220495225628838,0.0476190485060215,0.0,0.000155472633196041,0.19519589841365814,0.7001709938049316
1695,-15.3063,-22.3352,-37.6414,-19.1953,-20.3438,0.0,0.0,0.0,0.0,0.0,0.0010775862028822303,0.0479910708963871,7.77363165980205e-05,0.0005052860942669213,0.20961597561836243,0.6853233575820923
1700,-15.6086,-21.932,-37.5406,-21.1328,-16.4453,0.0,0.0,0.7222222089767456,0.46327683329582214,0.0019105846295133233,0.014626591466367245,0.0505952388048172,0.0006996268639340997,0.013759328052401543,0.20343594253063202,0.6776275038719177
1705,-15.4563,-22.0844,-37.5406,-20.0781,-18.9297,0.0,0.0,0.3076923191547394,0.21400777995586395,0.0015088645741343498,0.013796656392514706,0.0520833320915699,0.0005052860942669213,0.0099891172721982,0.20607897639274597,0.6789489984512329
1710,-15.6957,-22.1211,-37.8168,-19.6484,-19.8828,0.0,0.0,0.5,0.021739130839705467,0.00020028039580211043,0.0027779322117567062,0.0476190485060215,7.77363165980205e-05,0.0017879352672025561,0.19406871497631073,0.6995880007743835
1715,-15.2648,-22.1695,-37.4344,-20.6016,-17.4141,0.0,0.0,0.25,0.09701492637395859,0.001803751802071929,0.01614776998758316,0.0554315485060215,0.00046641789958812296,0.010416666977107525,0.215485081076622,0.6691542267799377
1720,-15.7016,-21.916,-37.6176,-20.3672,-18.0938,0.0,0.0,0.0714285746216774,0.11799409985542297,0.003152088262140751,0.018624722957611084,0.0524553582072258,0.0005441542016342282,0.013176306150853634,0.19729477167129517,0.6845071315765381
1725,-16.0215,-21.8352,-37.8566,-20.3359,-18.1562,0.0,0.0,0.09090909361839294,0.1548672616481781,0.002553734928369522,0.010826337151229382,0.0546875,0.00042754976311698556,0.008784203790128231,0.18264147639274597,0.7036691308021545
1730,-15.7777,-22.073,-37.8508,-19.5234,-20.0625,0.0,0.0,0.0,0.15217390656471252,0.0006176652386784554,0.0030334785114973783,0.0476190485060215,0.00023320894979406148,0.0017879352672025561,0.18878264725208282,0.7047185897827148
1735,-16.0617,-21.9141,-37.9758,-19.8047,-19.4766,0.0,0.0,0.0,0.0,0.00043830813956446946,0.004021957516670227,0.0543154776096344,0.000155472633196041,0.0028762437868863344,0.17735540866851807,0.7151352763175964
1740,-15.6785,-21.975,-37.6535,-20.1797,-18.2578,0.0,0.0,0.31578946113586426,0.10384615510702133,0.002563596935942769,0.01407574862241745,0.0558035708963871,0.0007384950295090675,0.010105721652507782,0.197100430727005,0.6875777244567871
1745,-15.857,-21.5617,-37.4188,-22.4453,-13.8203,0.0,0.0,0.3958333432674408,0.4384724199771881,0.004912556614726782,0.02587811090052128,0.0740327388048172,0.0018656715983524919,0.027479788288474083,0.19780005514621735,0.6683768630027771
1750,-15.3102,-22.1938,-37.5039,-20.2734,-18.1641,0.0,0.0,0.13333334028720856,0.04830917716026306,0.0021845984738320112,0.012525252066552639,0.0539434514939785,0.0005830223672091961,0.008045708760619164,0.21350279450416565,0.6733908653259277
1755,-15.777,-22.0523,-37.8293,-19.8438,-19.4219,0.0,0.0,0.0,0.06896551698446274,0.0010235414374619722,0.004594773985445499,0.0502232126891613,0.000155472633196041,0.003381529822945595,0.1898709535598755,0.7021144032478333
1760,-15.7254,-22.0336,-37.759,-19.9922,-18.7031,0.0,0.0,0.1666666716337204,0.16447368264198303,0.0019996000919491053,0.0075499131344258785,0.0498511902987957,0.00023320894979406148,0.00590796023607254,0.19437965750694275,0.6950015425682068
1765,-15.6012,-22.1426,-37.7438,-19.7891,-19.3438,0.0,0.0,0.25,0.09210526198148727,0.0009813542710617185,0.004254128318279982,0.0505952388048172,0.000155472633196041,0.00295398011803627,0.19803327322006226,0.6943796873092651
1770,-15.4777,-22.2078,-37.6855,-19.8594,-19.5078,0.0,0.0,0.0,0.0,0.0003846893669106066,0.00456132460385561,0.0505952388048172,0.00011660447489703074,0.0031094527803361416,0.2020755559206009,0.6902207732200623
1775,-15.5074,-22.1754,-37.6828,-19.6641,-19.5234,0.0,0.0,0.0,0.0235294122248888,0.001348228077404201,0.0059141600504517555,0.0502232126891613,0.00034981343196704984,0.003303793491795659,0.20180347561836243,0.690065324306488
1780,-16.1418,-21.5406,-37.6824,-22.5078,-13.9062,0.0,0.0,0.30434781312942505,0.3251879811286926,0.004250796977430582,0.024071991443634033,0.0606398805975914,0.0008939676336012781,0.02067786082625389,0.18287469446659088,0.69107586145401
1785,-16.1051,-21.6527,-37.7578,-21.3906,-16.1875,0.0,0.0,0.3499999940395355,0.38051044940948486,0.0025348542258143425,0.015961915254592896,0.0606398805975914,0.0007773631950840354,0.016752175986766815,0.1840018630027771,0.6939910054206848
1790,-16.3441,-21.3492,-37.6934,-23.0156,-12.9375,0.0,0.0,0.5555555820465088,0.37142857909202576,0.004618429578840733,0.025785068050026894,0.0755208358168602,0.0010494403541088104,0.02584732510149479,0.17673352360725403,0.6918920874595642
1795,-15.502,-22.1488,-37.6508,-20.2734,-18.5859,0.0,0.0,0.0,0.0,0.0005736137391068041,0.008654335513710976,0.053199402987957,0.0002720771008171141,0.00481965159997344,0.2032804787158966,0.6871501803398132
1800,-15.4953,-21.8117,-37.307,-22.4375,-13.9062,0.0,0.0,0.47826087474823,0.701812207698822,0.0016483516665175557,0.014296685345470905,0.067336305975914,0.0017879352672025561,0.02359297312796116,0.21222014725208282,0.657921314239502
1805,-15.3801,-22.2227,-37.6027,-19.9297,-19.4844,0.0,0.0,0.0,0.07692307978868484,0.0009328357991762459,0.005920865572988987,0.0595238097012043,0.00042754976311698556,0.00404228875413537,0.2083333283662796,0.6827192306518555
1810,-15.8855,-20.6363,-36.5219,-26.8516,-3.5312,0.0,0.0,0.8404255509376526,0.8926905393600464,0.005696991458535194,0.021429505199193954,0.1164434552192688,0.007307213731110096,0.07497668266296387,0.21832245588302612,0.594916045665741
1815,-16.0125,-21.6586,-37.6711,-21.9141,-15.0938,0.0,0.0,0.6296296119689941,0.5043103694915771,0.0016715419478714466,0.013736418448388577,0.073288694024086,0.0010494403541088104,0.01803482510149479,0.18602301180362701,0.69041508436203
1820,-15.2879,-22.2734,-37.5613,-19.8047,-19.2422,0.0,0.0,0.0,0.07207207381725311,0.0007343491888605058,0.007380707189440727,0.0476190485060215,0.000155472633196041,0.0043143657967448235,0.21171486377716064,0.6793376803398132
1825,-15.4754,-21.8902,-37.3656,-22.4375,-13.3906,0.0,0.0,0.38235294818878174,0.5343035459518433,0.004224058706313372,0.016978923231363297,0.0669642835855484,0.0013215173967182636,0.018695585429668427,0.21163712441921234,0.6638681888580322
1830,-16.0465,-21.7207,-37.7672,-22.1172,-15.0391,0.0,0.0,0.5,0.5714285969734192,0.0020977554377168417,0.010996371507644653,0.0572916679084301,0.000310945266392082,0.013603855855762959,0.18528451025485992,0.6963230967521667
1835,-15.3871,-21.9695,-37.3566,-21.4844,-14.875,0.0,0.0,0.5454545617103577,0.6289592981338501,0.002921840874478221,0.012413631193339825,0.0643601194024086,0.0017101990524679422,0.01717972569167614,0.21284204721450806,0.6637904047966003
1840,-16.393,-20.75,-37.143,-26.4531,-5.1484,0.0,0.0,0.7222222089767456,0.8286304473876953,0.003321569412946701,0.022086184471845627,0.096726194024086,0.004197761416435242,0.0564754344522953,0.18722791969776154,0.6476212739944458
1845,-16.8176,-19.3547,-36.1723,-28.0,-1.2578,0.0,0.0,0.8937329649925232,0.883488655090332,0.00963855441659689,0.03131595253944397,0.1692708283662796,0.014264614321291447,0.11675994843244553,0.19356343150138855,0.5709344148635864
1850,-16.0414,-20.8438,-36.8852,-26.4766,-4.75,0.0,0.0,0.7448275685310364,0.7867600321769714,0.004949552472680807,0.024453984573483467,0.1127232164144516,0.005635883193463087,0.06106187775731087,0.2041744440793991,0.6246501803398132
1855,-16.2398,-20.9168,-37.1566,-25.9531,-6.3594,0.0,0.0,0.6703296899795532,0.6845282912254333,0.0064153969287872314,0.030175523832440376,0.1004464253783226,0.0035370024852454662,0.05150030925869942,0.19387437403202057,0.646610677242279
1860,-15.3137,-22.1762,-37.4898,-20.7188,-17.2734,0.0,0.0,0.5454545617103577,0.27751195430755615,0.002023174660280347,0.01162054855376482,0.0505952388048172,0.00042754976311698556,0.008123445324599743,0.21132618188858032,0.6756452322006226
1865,-15.5762,-21.9957,-37.5719,-21.1172,-16.7344,0.0,0.0,0.1111111119389534,0.13289035856723785,0.0026871401350945234,0.0168465543538332,0.0543154776096344,0.0006996268639340997,0.011699316091835499,0.20250311493873596,0.6806203126907349
1870,-15.677,-21.9547,-37.6316,-20.8359,-16.6641,0.0,0.0,0.3928571343421936,0.4197080433368683,0.003148986492305994,0.011723395437002182,0.0491071417927742,0.0010883084032684565,0.010649875737726688,0.19748911261558533,0.6862950921058655
1875,-16.0797,-21.2723,-37.352,-23.9609,-9.4766,0.0,0.0,0.5454545617103577,0.550000011920929,0.007523383479565382,0.030384480953216553,0.0710565447807312,0.0034203981049358845,0.03575870767235756,0.1911536008119583,0.6651896834373474
1880,-15.9082,-20.5348,-36.443,-26.0312,-3.9062,0.0,0.0,0.7964285612106323,0.7807376980781555,0.01013941690325737,0.0401700995862484,0.107886902987957,0.010883084498345852,0.07587064802646637,0.21466884016990662,0.5940998196601868
1885,-16.7117,-19.857,-36.5687,-27.7656,-2.2188,0.0,0.0,0.7611940503120422,0.8193727731704712,0.006916191894561052,0.03570501133799553,0.1402529776096344,0.0078125,0.09790889173746109,0.1910758763551712,0.5987251400947571
1890,-16.5773,-20.434,-37.0113,-26.7188,-2.625,0.0,0.0,0.8786407709121704,0.8515671491622925,0.008578168228268623,0.021541262045502663,0.1086309552192688,0.008006840944290161,0.06572605669498444,0.1812422275543213,0.6405472755432129
1895,-16.9641,-19.2867,-36.2508,-27.8828,-1.3047,0.0,0.0,0.867986798286438,0.9023755192756653,0.005547565408051014,0.028722038492560387,0.1666666716337204,0.011777052655816078,0.11944185197353363,0.18917132914066315,0.5751321315765381
1900,-15.7035,-21.523,-37.2266,-23.5781,-10.0312,0.0,0.0,0.8299999833106995,0.7163461446762085,0.004147030878812075,0.014997322112321854,0.0900297611951828,0.003886815859004855,0.03233831003308296,0.20619557797908783,0.6531016826629639
1905,-16.2758,-21.2141,-37.4898,-23.625,-10.2891,0.0,0.0,0.7159090638160706,0.5252525210380554,0.006433626636862755,0.027531899511814117,0.0721726194024086,0.0034203981049358845,0.034631531685590744,0.1812422275543213,0.6762282252311707
1910,-16.8449,-19.6656,-36.5105,-26.4922,-2.5156,0.0,0.0,0.8684210777282715,0.8512429594993591,0.008581849746406078,0.02960335463285446,0.1633184552192688,0.01476990059018135,0.09693718701601028,0.18116448819637299,0.6026508212089539
1915,-16.1879,-20.798,-36.9859,-25.9766,-4.7422,0.0,0.0,0.826815664768219,0.7191547155380249,0.007917656563222408,0.03200342506170273,0.0941220223903656,0.006957400590181351,0.057019591331481934,0.1963619440793991,0.6351834535598755
1920,-15.0109,-22.2801,-37.291,-20.8438,-16.9531,0.0,0.0,0.4000000059604645,0.4190140962600708,0.0022279347758740187,0.011304451152682304,0.0598958320915699,0.0009717039647512138,0.01103855762630701,0.22679570317268372,0.6567164063453674
1925,-16.0016,-21.6605,-37.6621,-21.6406,-15.4766,0.0,0.0,0.3333333432674408,0.4035087823867798,0.003935377113521099,0.01844123564660549,0.0625,0.0009328357991762459,0.01772388070821762,0.1876554787158966,0.6892101764678955
1930,-15.6828,-22.0531,-37.7359,-20.3516,-18.3594,0.0,0.0,0.4545454680919647,0.3461538553237915,0.0008030515746213496,0.005253744777292013,0.056175597012043,0.00042754976311698556,0.006063432898372412,0.1936022937297821,0.6954290866851807
1935,-16.3813,-20.7934,-37.1746,-26.0859,-5.5312,0.0,0.0,0.8560000061988831,0.759706974029541,0.00501462584361434,0.024994034320116043,0.1023065447807312,0.00485851988196373,0.053055036813020706,0.18602301180362701,0.6515858173370361
1940,-15.7746,-21.7055,-37.4801,-23.3438,-12.3047,0.0,0.0,0.625,0.5406360626220703,0.0029148852918297052,0.017221450805664062,0.0703125,0.0009328357991762459,0.021999377757310867,0.20001554489135742,0.6725746393203735
1945,-15.975,-21.6082,-37.5832,-22.9062,-12.9688,0.0,0.0,0.5853658318519592,0.6322463750839233,0.0037090459372848272,0.01489144004881382,0.0613839291036129,0.0015935945557430387,0.021455224603414536,0.1886271834373474,0.6838464140892029
1950,-15.8551,-21.9348,-37.7898,-20.7344,-17.4297,0.0,0.0,0.6153846383094788,0.528205156326294,0.0014432989992201328,0.005839172285050154,0.0520833320915699,0.0005052860942669213,0.0075792912393808365,0.18851056694984436,0.6989272236824036
1955,-16.6914,-20.5621,-37.2535,-27.2344,-3.75,0.0,0.0,0.8415841460227966,0.7921311259269714,0.0037272528279572725,0.02355663664638996,0.1060267835855484,0.003925683908164501,0.059273943305015564,0.17727766931056976,0.6550450921058655
1960,-16.7004,-20.7152,-37.4156,-26.9375,-4.8125,0.0,0.0,0.6607142686843872,0.78125,0.003815080737695098,0.024395911023020744,0.0833333358168602,0.002176616806536913,0.05099502578377724,0.17319652438163757,0.6691542267799377
1965,-16.2055,-21.7906,-37.9961,-20.3438,-18.3516,0.0,0.0,0.6666666865348816,0.2434210479259491,0.0015826362650841475,0.006283176131546497,0.0550595223903656,0.00011660447489703074,0.00590796023607254,0.17191386222839355,0.717583954334259
1970,-15.5082,-22.2113,-37.7195,-19.6875,-19.6875,0.0,0.0,0.0,0.15000000596046448,0.0001939487992785871,0.0029144715517759323,0.0476190485060215,7.77363165980205e-05,0.0015547263901680708,0.20040422677993774,0.693485677242279
1975,-16.5289,-20.3457,-36.8746,-27.5312,-1.8203,0.0,0.0,0.874316930770874,0.8923319578170776,0.003919950686395168,0.020861791446805,0.106398805975914,0.007112873252481222,0.07400497794151306,0.1883939653635025,0.6260105967521667
1980,-16.4355,-21.1641,-37.5996,-24.9141,-8.8594,0.0,0.0,0.6888889074325562,0.6712328791618347,0.0015404929872602224,0.020881934091448784,0.0706845223903656,0.00174906721804291,0.03404850885272026,0.17661692202091217,0.6831079125404358
1985,-16.2043,-21.5164,-37.7207,-23.0469,-12.7578,0.0,0.0,0.78125,0.6845018267631531,0.0015204170485958457,0.012372634373605251,0.0576636902987957,0.001243781065568328,0.021066542714834213,0.1789489984512329,0.6942630410194397
1990,-15.7965,-21.1027,-36.8992,-25.6641,-5.625,0.0,0.0,0.7421383857727051,0.7990761995315552,0.007767708506435156,0.026151468977332115,0.0788690447807312,0.0061800372786819935,0.05048973858356476,0.21016013622283936,0.6286924481391907
1995,-15.7391,-22.0801,-37.8191,-19.9062,-19.25,0.0,0.0,0.0,0.23529411852359772,0.0006122448830865324,0.0029336875304579735,0.0528273805975914,0.00023320894979406148,0.0026430347934365273,0.19045397639274597,0.7021921873092651
2000,-15.6711,-21.6512,-37.3223,-23.0156,-11.6953,0.0,0.0,0.7682926654815674,0.6897590160369873,0.004763719625771046,0.01636747643351555,0.0665922611951828,0.0031871891114860773,0.025808457285165787,0.20398010313510895,0.6625466346740723
2005,-15.4473,-21.8984,-37.3457,-22.25,-13.5781,0.0,0.0,0.5744680762290955,0.6194332242012024,0.00348368170671165,0.014256380498409271,0.0662202388048172,0.001826803432777524,0.019200870767235756,0.2119869440793991,0.6625077724456787
2010,-16.3875,-20.9684,-37.3559,-26.0938,-5.375,0.0,0.0,0.8421052694320679,0.8057041168212891,0.005123825743794441,0.021004725247621536,0.0706845223903656,0.0036924751475453377,0.04361007362604141,0.1820584535598755,0.6661613583564758
2015,-16.125,-21.375,-37.5,-23.7266,-10.9062,0.0,0.0,0.7575757503509521,0.661478579044342,0.0037445391062647104,0.01776270382106304,0.0747767835855484,0.0025652984622865915,0.029967350885272026,0.1868392378091812,0.6761505007743835
2020,-16.1508,-21.1148,-37.2656,-26.3906,-5.3672,0.0,0.0,0.8536585569381714,0.8263254165649414,0.003232976421713829,0.018740762025117874,0.0755208358168602,0.0031871891114860773,0.04252176731824875,0.19235852360725403,0.6574549078941345
2025,-16.1059,-21.2434,-37.3492,-24.7266,-9.0,0.0,0.0,0.7272727489471436,0.7049689292907715,0.005265289451926947,0.022085530683398247,0.073288694024086,0.0025652984622865915,0.03754664212465286,0.19193096458911896,0.6634795069694519
2030,-15.0133,-22.0516,-37.0648,-22.875,-11.8125,0.0,0.0,0.546875,0.6937716007232666,0.004172925837337971,0.013469860889017582,0.0744047611951828,0.002487562131136656,0.022465795278549194,0.23285913467407227,0.63770991563797
2035,-16.1418,-20.9418,-37.0836,-26.4375,-5.1797,0.0,0.0,0.8453608155250549,0.7899641394615173,0.004721621051430702,0.021439416334033012,0.09375,0.0037702114786952734,0.05422108247876167,0.19756685197353363,0.63996422290802
2040,-16.8605,-19.1715,-36.032,-27.6484,-1.2812,0.0,0.0,0.939393937587738,0.9376986622810364,0.006032575853168964,0.022892316803336143,0.1770833283662796,0.017957089468836784,0.12227922677993774,0.19329135119915009,0.561994731426239
2045,-16.5449,-20.7145,-37.2594,-27.1641,-4.1719,0.0,0.0,0.75,0.8668555021286011,0.0038701354060322046,0.017048481851816177,0.0982142835855484,0.003264925442636013,0.05488184094429016,0.18077580630779266,0.6565998196601868
2050,-16.0113,-21.682,-37.6934,-22.375,-13.9844,0.0,0.0,0.5833333134651184,0.6308411359786987,0.0027230833657085896,0.011170988902449608,0.0613839291036129,0.0009328357991762459,0.016635572537779808,0.1855565905570984,0.69239741563797
2055,-14.8781,-22.4906,-37.3688,-19.4297,-19.4766,0.0,0.0,0.5,0.4545454680919647,0.0013536378974094987,0.003816793905571103,0.0479910708963871,0.00046641789958812296,0.0034203981049358845,0.22971081733703613,0.6619247794151306
2060,-15.7711,-21.6703,-37.4414,-23.3984,-11.0234,0.0,0.0,0.8088235259056091,0.7714776396751404,0.0021467602346092463,0.01123595517128706,0.0658482164144516,0.0026430347934365273,0.022621268406510353,0.19916044175624847,0.6710976362228394
2065,-15.8156,-21.9352,-37.7508,-20.7969,-17.1875,0.0,0.0,0.5833333134651184,0.5336538553237915,0.0012210012646391988,0.006980900187045336,0.0546875,0.00046641789958812296,0.00808457750827074,0.1909981369972229,0.69597327709198
2070,-16.302,-21.0703,-37.3723,-26.0781,-6.1328,0.0,0.0,0.8533333539962769,0.800744891166687,0.0033368091098964214,0.017372485250234604,0.0818452388048172,0.0029151118360459805,0.041744403541088104,0.1863728165626526,0.6644900441169739
2075,-15.5879,-22.0859,-37.6738,-20.5547,-17.7656,0.0,0.0,0.5384615659713745,0.4651162922382355,0.00039169605588540435,0.005915826186537743,0.0517113097012043,0.0005052860942669213,0.0066853235475718975,0.19846081733703613,0.6898709535598755
2080,-15.6512,-22.1035,-37.7547,-20.1484,-19.0,0.0,0.0,0.0,0.13978494703769684,0.0009966115467250347,0.004964855499565601,0.0528273805975914,0.000155472633196041,0.003614738816395402,0.19500155746936798,0.6967506408691406
2085,-15.9926,-21.198,-37.1906,-25.875,-6.6797,0.0,0.0,0.8307692408561707,0.7428571581840515,0.002934272401034832,0.022934958338737488,0.081101194024086,0.0025264304131269455,0.04353233799338341,0.19869403541088104,0.6507695913314819
2090,-16.2895,-21.618,-37.9074,-21.7109,-15.6172,0.0,0.0,0.8148148059844971,0.5159235596656799,0.0006756756920367479,0.009255709126591682,0.0658482164144516,0.0010494403541088104,0.012204602360725403,0.17257462441921234,0.7096937298774719
2095,-16.6484,-20.5074,-37.1559,-27.6562,-3.5156,0.0,0.0,0.8484848737716675,0.8104066848754883,0.002783725969493389,0.02591390162706375,0.0993303582072258,0.0025652984622865915,0.06498756259679794,0.18151430785655975,0.6464552283287048
2100,-15.9945,-20.7477,-36.7422,-26.8594,-3.3281,0.0,0.0,0.7956989407539368,0.796407163143158,0.006140677258372307,0.028020240366458893,0.1175595223903656,0.007229477632790804,0.06490982323884964,0.20887748897075653,0.6145055890083313
2105,-15.2965,-22.1098,-37.4062,-21.3359,-15.5469,0.0,0.0,0.5,0.42638036608695984,0.0021594385616481304,0.012259909883141518,0.0617559514939785,0.0010883084032684565,0.01267101988196373,0.2159903645515442,0.6657726764678955
2110,-16.059,-21.9172,-37.9762,-20.125,-19.1875,0.0,0.0,0.5,0.3086419701576233,0.000655881070997566,0.0027202002238482237,0.0517113097012043,0.000155472633196041,0.0031483208294957876,0.17778295278549194,0.7144356369972229
2115,-14.943,-22.041,-36.984,-22.7656,-12.2422,0.0,0.0,0.44999998807907104,0.45839637517929077,0.004899559076875448,0.024326995015144348,0.076636902987957,0.0023320894688367844,0.02569185383617878,0.23798973858356476,0.6295087337493896
2120,-16.1383,-20.7531,-36.8914,-26.1172,-3.5,0.0,0.0,0.8590909242630005,0.828921914100647,0.005701927002519369,0.022551745176315308,0.1008184552192688,0.008550995029509068,0.06020677834749222,0.1976834535598755,0.629081130027771
2125,-17.1266,-19.3203,-36.4469,-27.5,-1.5078,0.0,0.0,0.9214091897010803,0.8937960267066956,0.009096960537135601,0.022532818838953972,0.1726190447807312,0.014342350885272026,0.11089085787534714,0.17517879605293274,0.5951103568077087
2130,-16.1484,-20.2172,-36.3656,-27.6484,-1.4922,0.0,0.0,0.8953974843025208,0.8906986713409424,0.0060318042524158955,0.022137761116027832,0.1439732164144516,0.009289490059018135,0.09067941457033157,0.2126477062702179,0.5829057693481445
2135,-17.077,-18.9906,-36.0676,-27.8828,-1.3984,0.0,0.0,0.9382715821266174,0.9011695981025696,0.005521472543478012,0.027210883796215057,0.2008928507566452,0.01259328331798315,0.13292910158634186,0.19006529450416565,0.559934675693512
2140,-16.3656,-20.827,-37.1926,-25.6719,-5.9844,0.0,0.0,0.8598130941390991,0.7124907374382019,0.004972032271325588,0.02668178826570511,0.1082589253783226,0.004158893134444952,0.05258861929178238,0.18761660158634186,0.6511582732200623
2145,-16.6109,-19.9918,-36.6027,-27.5703,-1.9531,0.0,0.0,0.9526066184043884,0.8712998628616333,0.007284500170499086,0.02429930493235588,0.1443452388048172,0.008201181888580322,0.09060168266296387,0.19208644330501556,0.604633092880249
2150,-15.7137,-21.7699,-37.4836,-23.2422,-11.9922,0.0,0.0,0.7647058963775635,0.6341463327407837,0.0027274498715996742,0.011072664521634579,0.0725446417927742,0.0013215173967182636,0.020716728642582893,0.19951026141643524,0.6739738583564758
2155,-15.1457,-22.3516,-37.4973,-20.4219,-18.3594,0.0,0.0,0.800000011920929,0.3333333432674408,0.00035835872404277325,0.0036338467616587877,0.0554315485060215,0.00019434079877100885,0.004547574557363987,0.21692319214344025,0.6738572716712952
2160,-15.8965,-21.8695,-37.766,-21.2266,-16.4922,0.0,0.0,0.7333333492279053,0.4196428656578064,0.00207125092856586,0.009569910354912281,0.0565476194024086,0.0005830223672091961,0.008706467226147652,0.1876554787158966,0.6985774040222168
2165,-15.9227,-20.9863,-36.909,-27.3906,-3.625,0.0,0.0,0.8571428656578064,0.8125,0.004271123558282852,0.022455835714936256,0.0941220223903656,0.0035370024852454662,0.05783582106232643,0.2093050330877304,0.6248445510864258
2170,-15.5613,-22.0863,-37.6477,-21.0078,-17.2344,0.0,0.0,0.5454545617103577,0.4642857015132904,0.0007668711477890611,0.006914140190929174,0.0539434514939785,0.00042754976311698556,0.006529850885272026,0.20273631811141968,0.685828685760498
2175,-15.9887,-21.8902,-37.8789,-20.7891,-17.4141,0.0,0.0,0.7777777910232544,0.40764331817626953,0.0019088017288595438,0.005947464145720005,0.0509672611951828,0.00034981343196704984,0.006102301180362701,0.1832633763551712,0.7058069109916687
2180,-16.3113,-21.2344,-37.5457,-24.4609,-8.9219,0.0,0.0,0.841269850730896,0.6944444179534912,0.0050295209512114525,0.017125625163316727,0.0807291641831398,0.0024486940819770098,0.032182835042476654,0.1777440905570984,0.6831467747688293
2185,-16.0082,-21.3484,-37.3566,-25.8125,-6.9453,0.0,0.0,0.8888888955116272,0.8169491291046143,0.001989257987588644,0.014575893990695477,0.0784970223903656,0.00174906721804291,0.03439832106232643,0.1953902393579483,0.6639847755432129
2190,-15.6426,-21.243,-36.8855,-24.75,-6.6562,0.0,0.0,0.8776595592498779,0.7778688669204712,0.0065442644990980625,0.020147541537880898,0.0930059552192688,0.007307213731110096,0.04741915315389633,0.21381373703479767,0.6269822716712952
2195,-15.3863,-22.2605,-37.6469,-19.3984,-19.8438,0.0,0.0,0.125,0.1428571492433548,0.001322251628153026,0.002489391714334488,0.0543154776096344,0.000310945266392082,0.0024486940819770098,0.20576803386211395,0.686994731426239
2200,-15.4477,-22.0195,-37.4672,-21.7344,-15.1016,0.0,0.0,0.8125,0.5128205418586731,0.0025959578342735767,0.011168981902301311,0.0617559514939785,0.000621890532784164,0.013642723672091961,0.20961597561836243,0.6716417670249939
2205,-15.8441,-21.4879,-37.332,-24.0,-9.7969,0.0,0.0,0.7068965435028076,0.5609136819839478,0.005413766484707594,0.024145223200321198,0.0792410746216774,0.0022543531376868486,0.030628109350800514,0.20102612674236298,0.6616138219833374
2210,-15.5871,-21.6152,-37.2023,-22.8672,-11.1953,0.0,0.0,0.8265306353569031,0.617218554019928,0.006639616563916206,0.02063823491334915,0.0773809552192688,0.0038090795278549194,0.02934546023607254,0.21074315905570984,0.6516246795654297
2215,-16.0965,-21.4016,-37.498,-24.0,-10.0312,0.0,0.0,0.8421052694320679,0.6480743885040283,0.004783693701028824,0.016530822962522507,0.0818452388048172,0.0022154850885272026,0.029267724603414536,0.18687811493873596,0.6771610975265503
2220,-15.9699,-20.7465,-36.7164,-26.6016,-3.3281,0.0,0.0,0.8577777743339539,0.8383233547210693,0.00732669560238719,0.023953987285494804,0.1049107164144516,0.008745335973799229,0.06490982323884964,0.20689521729946136,0.6149719953536987
2225,-15.9211,-21.1629,-37.084,-26.3125,-5.2188,0.0,0.0,0.800000011920929,0.7027914524078369,0.006246450822800398,0.023398565128445625,0.1049107164144516,0.003303793491795659,0.04734141752123833,0.20534048974514008,0.6395366787910461
2230,-15.9902,-21.9516,-37.9418,-19.875,-19.5,0.0,0.0,0.0,0.21052631735801697,0.0010748065542429686,0.0032765399664640427,0.0513392873108387,0.0,0.00295398011803627,0.1808146834373474,0.7117537260055542
2235,-14.4418,-22.7293,-37.1711,-19.2109,-19.5625,0.0,0.0,0.4285714328289032,0.22058823704719543,0.0007834534626454115,0.003316649468615651,0.0502232126891613,0.0002720771008171141,0.0026430347934365273,0.2480565905570984,0.6445506811141968
2240,-16.6465,-20.2359,-36.8824,-28.6406,-1.0547,0.0,0.0,0.9357143044471741,0.8731563687324524,0.003959983121603727,0.018732884898781776,0.1339285671710968,0.005441542249172926,0.07905783504247665,0.18648943305015564,0.6245335936546326
2245,-15.6426,-21.6238,-37.2664,-23.2188,-10.5859,0.0,0.0,0.77173912525177,0.7406896352767944,0.0030188679229468107,0.014713703654706478,0.075148805975914,0.0035758705344051123,0.028179414570331573,0.20600123703479767,0.6577658653259277
2250,-16.0816,-21.082,-37.1637,-26.1406,-4.9062,0.0,0.0,0.9017857313156128,0.8110169768333435,0.0037564255762845278,0.017076093703508377,0.0978422611951828,0.004353233613073826,0.04586442932486534,0.19659514725208282,0.6487095952033997
2255,-16.1078,-21.4621,-37.5699,-24.2266,-9.9062,0.0,0.0,0.9130434989929199,0.7318611741065979,0.002084201667457819,0.01383669301867485,0.0725446417927742,0.0017879352672025561,0.02464241348206997,0.18648943305015564,0.68260258436203
2260,-15.3406,-22.1691,-37.5098,-20.6875,-16.9609,0.0,0.0,0.27272728085517883,0.26459142565727234,0.0023901453241705894,0.007730918005108833,0.0684523805975914,0.00042754976311698556,0.0099891172721982,0.21140392124652863,0.673701822757721
2265,-15.7945,-21.9727,-37.7672,-20.6875,-17.5,0.0,0.0,0.4000000059604645,0.5170454382896423,0.0016356572741642594,0.005511329043656588,0.0550595223903656,0.0003886815975420177,0.006840796209871769,0.1901041716337204,0.6981887221336365
2270,-14.6238,-21.7512,-36.375,-24.4844,-7.5391,0.0,0.0,0.8666666746139526,0.8190871477127075,0.007082579657435417,0.01772860623896122,0.0959821417927742,0.0075792912393808365,0.04683613032102585,0.25792911648750305,0.5831778645515442
2275,-16.8523,-19.7152,-36.5676,-27.2969,-2.0547,0.0,0.0,0.9182389974594116,0.8778225779533386,0.006577551364898682,0.02517869882285595,0.1521577388048172,0.012360074557363987,0.09639303386211395,0.1831856369972229,0.6035836338996887
2280,-16.7086,-20.7422,-37.4508,-26.2578,-4.4375,0.0,0.0,0.9379844665527344,0.8198198080062866,0.0025433525443077087,0.015778865665197372,0.0978422611951828,0.005013992544263601,0.04745802283287048,0.16810478270053864,0.674945592880249
2285,-15.702,-21.934,-37.6359,-21.1719,-15.7578,0.0,0.0,0.800000011920929,0.6278195381164551,0.0017857142956927419,0.007458048406988382,0.0591517873108387,0.0013603855622932315,0.010338930413126945,0.19589552283287048,0.6879275441169739
2290,-15.9469,-21.9574,-37.9043,-20.1172,-18.7578,0.0,0.0,0.20000000298023224,0.47999998927116394,0.0010626992443576455,0.003510696580633521,0.0476190485060215,0.00019434079877100885,0.003886815859004855,0.18287469446659088,0.7085665464401245
2295,-16.6121,-20.0293,-36.6414,-26.1797,-2.625,0.0,0.0,0.9460916519165039,0.8932637572288513,0.007954783737659454,0.021857576444745064,0.130952388048172,0.014420087449252605,0.08193407952785492,0.18567319214344025,0.6134950518608093
2300,-16.8164,-20.1961,-37.0125,-27.8438,-1.5469,0.0,0.0,0.942307710647583,0.9013054966926575,0.0030627872329205275,0.01853884570300579,0.118675597012043,0.006063432898372412,0.07443252205848694,0.17766635119915009,0.6373600959777832
2305,-15.5277,-21.7105,-37.2383,-23.2266,-10.7344,0.0,0.0,0.9375,0.808320939540863,0.002753303851932287,0.010937406681478024,0.0714285746216774,0.0037313431967049837,0.026158271357417107,0.2117537260055542,0.6538790464401245
2310,-15.5191,-22.1918,-37.7109,-19.6484,-19.625,0.0,0.0,0.6000000238418579,0.6727272868156433,0.0005837711505591869,0.002185976132750511,0.0479910708963871,0.00019434079877100885,0.002137748757377267,0.19974346458911896,0.6934468150138855
2315,-15.6367,-21.6191,-37.2559,-22.8906,-11.5469,0.0,0.0,0.947826087474823,0.8956884741783142,0.001527008949778974,0.006365297362208366,0.0814732164144516,0.004469838459044695,0.02794620580971241,0.20363028347492218,0.6594760417938232
2320,-16.6227,-20.2379,-36.8605,-27.7266,-1.7109,0.0,0.0,0.9482758641242981,0.9199017286300659,0.0022878535091876984,0.012294826097786427,0.1335565447807312,0.00676305964589119,0.0790967047214508,0.18687811493873596,0.6227844953536987
2325,-16.2359,-20.5414,-36.7773,-27.7969,-1.9922,0.0,0.0,0.9441624283790588,0.9263392686843872,0.0035039905924350023,0.014389845542609692,0.120163694024086,0.0076570273377001286,0.06965173780918121,0.19966574013233185,0.6185478568077087
2330,-16.4887,-20.2809,-36.7695,-26.4062,-2.8516,0.0,0.0,0.9401993155479431,0.9075025916099548,0.0024716786574572325,0.012360396794974804,0.1439732164144516,0.011699316091835499,0.07563743740320206,0.18870490789413452,0.6194807291030884
2335,-16.2301,-20.7617,-36.9918,-26.7812,-2.6406,0.0,0.0,0.9885057210922241,0.9481287002563477,0.0024009603075683117,0.007341694552451372,0.1104910746216774,0.00676305964589119,0.05919620767235756,0.1942630559206009,0.6353000402450562
2340,-14.8902,-21.4855,-36.3758,-25.2266,-4.6953,0.0,0.0,0.8885449171066284,0.9506933689117432,0.005188679322600365,0.005644465330988169,0.1168154776096344,0.012554415501654148,0.05045086890459061,0.24720148742198944,0.5853155851364136
2345,-15.8215,-21.4359,-37.2574,-24.3203,-8.0781,0.0,0.0,0.9520000219345093,0.939068078994751,0.0015628052642568946,0.008196238428354263,0.0710565447807312,0.00485851988196373,0.03253265097737312,0.1989661008119583,0.65916508436203
2350,-16.1102,-21.3789,-37.4891,-23.9062,-9.8203,0.0,0.0,0.9382715821266174,0.8961384892463684,0.001251303474418819,0.007350829895585775,0.0784970223903656,0.0031483208294957876,0.02918998710811138,0.1863728165626526,0.6768112778663635
2355,-16.1781,-20.1473,-36.3254,-27.8594,-1.1172,0.0,0.0,0.9701986908912659,0.9761805534362793,0.0011049723252654076,0.007308078929781914,0.146577388048172,0.011738183908164501,0.09301150590181351,0.21105410158634186,0.5797185897827148
2360,-16.0219,-21.5426,-37.5645,-23.1094,-11.4375,0.0,0.0,0.8846153616905212,0.8421927094459534,0.0014465798158198595,0.005650362465530634,0.0773809552192688,0.003031716449186206,0.023398632183670998,0.18808302283287048,0.6810089945793152
2365,-15.6355,-21.6684,-37.3039,-24.1016,-9.5938,0.0,0.0,0.8999999761581421,0.8357771039009094,0.0031853101681917906,0.010258829221129417,0.0706845223903656,0.0023320894688367844,0.026508085429668427,0.2074393630027771,0.6592428684234619
2370,-15.5074,-22.0207,-37.5281,-21.4141,-16.0938,0.0,0.0,0.7222222089767456,0.645901620388031,0.0017100513214245439,0.008250257931649685,0.0558035708963871,0.0006996268639340997,0.011854788288474083,0.20456312596797943,0.6784048676490784
2375,-15.6547,-21.5445,-37.1992,-24.7188,-8.7344,0.0,0.0,0.8524590134620667,0.8448687195777893,0.005004634149372578,0.012779171578586102,0.0740327388048172,0.002370957750827074,0.032571516931056976,0.20969371497631073,0.6508861780166626
2380,-15.8027,-22.0699,-37.8727,-19.8047,-19.5234,0.0,0.0,1.0,0.5714285969734192,0.0002061855630017817,0.0012114536948502064,0.0505952388048172,7.77363165980205e-05,0.0010883084032684565,0.18851056694984436,0.7058457732200623
2385,-16.1867,-21.4062,-37.593,-23.5234,-11.1484,0.0,0.0,0.9333333373069763,0.9169184565544128,0.001490312977693975,0.006810056045651436,0.0714285746216774,0.0023320894688367844,0.025730721652507782,0.18256373703479767,0.6848958134651184
2390,-16.2145,-21.3824,-37.5969,-23.8906,-10.7656,0.0,0.0,0.8636363744735718,0.7804877758026123,0.0019116398179903626,0.012335853651165962,0.0710565447807312,0.0017101990524679422,0.02709110639989376,0.18299129605293274,0.6837297677993774
2395,-15.7191,-21.7766,-37.4957,-22.4453,-13.1406,0.0,0.0,0.8269230723381042,0.7567567825317383,0.0021501171868294477,0.010213449597358704,0.067336305975914,0.002021144377067685,0.017257463186979294,0.19884949922561646,0.6773942708969116
2400,-15.2477,-21.6473,-36.8949,-25.8516,-5.9297,0.0,0.0,0.8202247023582458,0.8387096524238586,0.002540650311857462,0.014201183803379536,0.0833333358168602,0.0034592661540955305,0.03855721279978752,0.22947761416435242,0.6240283250808716
2405,-15.0262,-22.3082,-37.3344,-21.4453,-15.7734,0.0,0.0,0.7058823704719543,0.8196721076965332,0.0010282776784151793,0.0037181302905082703,0.0565476194024086,0.0006607586983591318,0.009483831003308296,0.22679570317268372,0.6585820913314819
2410,-16.4492,-20.8707,-37.3199,-26.2031,-4.9453,0.0,0.0,0.9083333611488342,0.8853398561477661,0.0025889966636896133,0.014181903563439846,0.0848214253783226,0.004664178937673569,0.04745802283287048,0.18015392124652863,0.6632462739944458
2415,-15.957,-21.6254,-37.5824,-23.7109,-11.2891,0.0,0.0,0.7241379022598267,0.7881041169166565,0.0036630036775022745,0.010251153260469437,0.0598958320915699,0.0011271765688434243,0.020911069586873055,0.1909981369972229,0.6824859976768494
2420,-16.2125,-20.0645,-36.277,-26.9062,-1.7578,0.0,0.0,0.9434889554977417,0.9455319046974182,0.004336350131779909,0.015354829840362072,0.145461305975914,0.01581934094429016,0.09134017676115036,0.20615671575069427,0.582206130027771
2425,-17.1613,-19.3785,-36.5398,-28.1094,-0.9453,0.0,0.0,0.9698996543884277,0.9637863039970398,0.0020111731719225645,0.014279252849519253,0.1499255895614624,0.01162157952785492,0.1084032952785492,0.17393501102924347,0.6015625
2430,-16.4945,-19.7137,-36.2082,-26.875,-1.5859,0.0,0.0,0.9722864031791687,0.9577254056930542,0.002542538568377495,0.011065380647778511,0.1674107164144516,0.01682991348206997,0.10389459133148193,0.1987328976392746,0.5760650038719177
2435,-16.6785,-20.2246,-36.9031,-27.2891,-2.0703,0.0,0.0,0.9797570705413818,0.9136125445365906,0.004091300535947084,0.015579776838421822,0.1190476194024086,0.009600435383617878,0.07423818111419678,0.1805037260055542,0.6311800479888916
2440,-15.7719,-20.9176,-36.6895,-26.8594,-2.4609,0.0,0.0,0.9417475461959839,0.8750800490379333,0.005235602147877216,0.019066989421844482,0.104538694024086,0.008006840944290161,0.060673195868730545,0.21529074013233185,0.6115516424179077
2445,-16.4621,-19.7445,-36.2066,-27.9062,-1.1406,0.0,0.0,0.9634831547737122,0.9767355918884277,0.0038454143796116114,0.0118443313986063,0.1488095223903656,0.013837064616382122,0.10525497794151306,0.2021532952785492,0.5742770433425903
2450,-17.0566,-18.9891,-36.0457,-27.7656,-1.3047,0.0,0.0,0.9750000238418579,0.9700778126716614,0.002706641796976328,0.01023867167532444,0.198288694024086,0.017101990059018135,0.12989738583564758,0.1866837739944458,0.56183922290802
2455,-15.7129,-21.5875,-37.3004,-24.6797,-8.3203,0.0,0.0,0.9411764740943909,0.8775235414505005,0.0015311004826799035,0.008645025081932545,0.076636902987957,0.0026430347934365273,0.028879042714834213,0.20308613777160645,0.6609141826629639
2460,-15.6508,-21.9508,-37.6016,-21.4922,-15.7031,0.0,0.0,0.692307710647583,0.5109717845916748,0.0027456365060061216,0.008177636191248894,0.0669642835855484,0.0005052860942669213,0.01239894237369299,0.19818873703479767,0.684429407119751
2465,-15.7977,-21.6852,-37.4828,-22.8906,-11.3594,0.0,0.0,0.8571428656578064,0.7603773474693298,0.002376237651333213,0.009261922910809517,0.0729166641831398,0.002992848167195916,0.020600125193595886,0.1962842047214508,0.6756452322006226
2470,-14.8098,-22.0109,-36.8207,-24.25,-8.5469,0.0,0.0,0.96875,0.8943937420845032,0.0022218695376068354,0.006865709088742733,0.082961305975914,0.0037313431967049837,0.029811877757310867,0.24490827322006226,0.6170709133148193
2475,-15.6324,-22.0438,-37.6762,-20.7422,-17.0859,0.0,0.0,0.8799999952316284,0.7165775299072266,0.0005914826760999858,0.0027033116202801466,0.0595238097012043,0.0009717039647512138,0.007268345914781094,0.19713930785655975,0.6901430487632751
2480,-15.8008,-21.9789,-37.7797,-20.9844,-17.2109,0.0,0.0,0.7142857313156128,0.5517241358757019,0.0006091370596550405,0.0039032006170600653,0.0595238097012043,0.0002720771008171141,0.00676305964589119,0.19142568111419678,0.6970615386962891
2485,-15.7453,-21.3703,-37.1156,-25.7266,-6.2734,0.0,0.0,0.9263157844543457,0.8597502112388611,0.0020723436027765274,0.011328031308948994,0.0885416641831398,0.0036924751475453377,0.04046175256371498,0.20631219446659088,0.6450559496879578
2490,-16.4543,-20.9848,-37.4391,-26.3516,-5.5859,0.0,0.0,0.8970588445663452,0.7542908787727356,0.0036748810671269894,0.01833052933216095,0.090773805975914,0.0026430347934365273,0.04302705079317093,0.17980410158634186,0.670048177242279
2495,-15.4156,-22.2277,-37.6434,-20.0312,-19.1875,0.0,0.0,0.3333333432674408,0.15555556118488312,0.00037700284156017005,0.004874730948358774,0.0502232126891613,0.00011660447489703074,0.00349813443608582,0.20619557797908783,0.6857120394706726
2500,-16.1109,-20.7832,-36.8941,-26.9062,-3.8203,0.0,0.0,0.8015267252922058,0.7265228629112244,0.005171423312276602,0.03426017984747887,0.104538694024086,0.005091728642582893,0.06125621870160103,0.20293065905570984,0.6262437701225281
2505,-16.2953,-20.4484,-36.7438,-26.1641,-3.3359,0.0,0.0,0.9358108043670654,0.8817026019096375,0.005396761931478977,0.018516194075345993,0.1227678582072258,0.011504975147545338,0.0703125,0.19445739686489105,0.6192474961280823
2510,-15.9215,-21.073,-36.9945,-26.5156,-3.9453,0.0,0.0,0.9300699234008789,0.8749022483825684,0.004751948174089193,0.016262151300907135,0.0870535746216774,0.005558146629482508,0.049712374806404114,0.20448538661003113,0.6357665061950684
2515,-16.4762,-20.4688,-36.9449,-27.2812,-2.1562,0.0,0.0,0.9512194991111755,0.9047072529792786,0.0020652622915804386,0.012737677432596684,0.1290922611951828,0.007967972196638584,0.0677083358168602,0.18819962441921234,0.631646454334259
2520,-15.8828,-20.4637,-36.3465,-27.6953,-1.3984,0.0,0.0,0.9330543875694275,0.9149425029754639,0.0033509701024740934,0.014174913056194782,0.1510416716337204,0.009289490059018135,0.08453824371099472,0.2203824669122696,0.5813121795654297
2525,-15.9898,-20.7313,-36.7211,-27.6875,-1.9531,0.0,0.0,0.9166666865348816,0.8918296694755554,0.004646840039640665,0.016186365857720375,0.1183035746216774,0.006529850885272026,0.06755285710096359,0.20911069214344025,0.6123290061950684
2530,-15.332,-21.8934,-37.2254,-23.9844,-10.3906,0.0,0.0,0.7674418687820435,0.7131011486053467,0.0023057821672409773,0.01235378347337246,0.073288694024086,0.0016713308868929744,0.0234375,0.21913868188858032,0.6512748599052429
2535,-14.9352,-22.0156,-36.9508,-23.1484,-11.1719,0.0,0.0,0.8105263113975525,0.7653213739395142,0.003768638474866748,0.012613615021109581,0.0721726194024086,0.0036924751475453377,0.026002798229455948,0.2372123748064041,0.6286147236824036
2540,-15.775,-21.3449,-37.1199,-26.125,-4.75,0.0,0.0,0.9152542352676392,0.8371400237083435,0.0026475037448108196,0.013712636195123196,0.0911458358168602,0.004586442839354277,0.039140235632658005,0.20553483068943024,0.6462608575820923
2545,-15.9187,-21.9926,-37.9113,-19.9219,-19.1484,0.0,0.0,1.0,0.5555555820465088,0.0,0.0013700881972908974,0.0528273805975914,0.00011660447489703074,0.0027985074557363987,0.18337997794151306,0.7092273235321045
2550,-16.3617,-21.1676,-37.5293,-25.1562,-7.625,0.0,0.0,0.9285714030265808,0.8414496183395386,0.001313772751018405,0.010567805729806423,0.0848214253783226,0.003264925442636013,0.034320585429668427,0.17751088738441467,0.6804260015487671
2555,-16.1066,-21.148,-37.2547,-25.3984,-6.4141,0.0,0.0,0.9203540086746216,0.7913534045219421,0.004854368977248669,0.017967965453863144,0.0807291641831398,0.0043921018950641155,0.04135572165250778,0.19216418266296387,0.6576103568077087
2560,-14.6254,-22.6094,-37.2348,-19.9062,-18.8281,0.0,0.0,0.6666666865348816,0.5,0.0009643201483413577,0.003532511182129383,0.0509672611951828,0.00023320894979406148,0.004275497514754534,0.24183768033981323,0.6491760015487671
2565,-15.9102,-21.9031,-37.8133,-20.7344,-17.4531,0.0,0.0,0.5,0.45370370149612427,0.0008342022774741054,0.006049170158803463,0.0572916679084301,0.0003886815975420177,0.008395522832870483,0.1863728165626526,0.7003653645515442
2570,-15.7258,-21.5371,-37.2629,-24.6016,-8.6406,0.0,0.0,0.7592592835426331,0.5797807574272156,0.0046869139187037945,0.022339729592204094,0.0870535746216774,0.002098880708217621,0.03191075846552849,0.20732276141643524,0.6541900038719177
2575,-15.125,-20.9504,-36.0754,-27.9141,-1.4766,0.0,0.0,0.9330357313156128,0.8587939739227295,0.005230769049376249,0.024361301213502884,0.135788694024086,0.008706467226147652,0.07734763622283936,0.25264304876327515,0.5568252205848694
2580,-16.5004,-19.9656,-36.466,-27.9844,-1.4062,0.0,0.0,0.9278846383094788,0.8572005033493042,0.006020586472004652,0.027492765337228775,0.1510416716337204,0.00808457750827074,0.0963541641831398,0.20013214647769928,0.5909515023231506
2585,-16.5992,-20.6609,-37.2602,-27.3984,-3.1875,0.0,0.0,0.9108911156654358,0.8376712203025818,0.004986990243196487,0.016896899789571762,0.1037946417927742,0.003925683908164501,0.05674751102924347,0.17925995588302612,0.65558922290802
2590,-15.6699,-22.0613,-37.7313,-20.4297,-18.0391,0.0,0.0,0.4166666567325592,0.32592591643333435,0.0013924805680289865,0.0050934734754264355,0.0587797611951828,0.00046641789958812296,0.005247201304882765,0.1953902393579483,0.6944185495376587
2595,-16.0133,-21.7039,-37.7172,-21.7266,-14.2266,0.0,0.0,0.8292682766914368,0.5367847681045532,0.004428511019796133,0.009446618147194386,0.0747767835855484,0.0015935945557430387,0.014264614321291447,0.18431280553340912,0.6953513622283936
2600,-15.8855,-21.8047,-37.6902,-22.2891,-14.5312,0.0,0.0,0.6842105388641357,0.4651162922382355,0.0008203445468097925,0.012246502563357353,0.061011902987957,0.0007384950295090675,0.013370647095143795,0.18952114880084991,0.6918920874595642
2605,-15.9113,-21.732,-37.6434,-22.0312,-14.9062,0.0,0.0,0.6666666865348816,0.4126213490962982,0.0022389579098671675,0.016612986102700233,0.0647321417927742,0.0006996268639340997,0.016013681888580322,0.19095925986766815,0.6878498196601868
2610,-15.3457,-22.2434,-37.5891,-20.3047,-18.5703,0.0,0.0,0.125,0.05833333358168602,0.0009305787971243262,0.005416500382125378,0.0606398805975914,0.000310945266392082,0.004664178937673569,0.20883862674236298,0.6817086338996887
2615,-16.3348,-20.1398,-36.4746,-28.0312,-1.5938,0.0,0.0,0.9377593398094177,0.8561614155769348,0.00535372830927372,0.02454068325459957,0.1469494104385376,0.009367226622998714,0.09052394330501556,0.2032804787158966,0.5923507213592529
2620,-15.7254,-21.3445,-37.0699,-25.2969,-6.6875,0.0,0.0,0.8715596199035645,0.6992409825325012,0.005601195152848959,0.024211609736084938,0.0814732164144516,0.004236629232764244,0.04096703976392746,0.2081778645515442,0.6421408653259277
2625,-15.7426,-21.9547,-37.6973,-21.3672,-16.3516,0.0,0.0,0.6000000238418579,0.36250001192092896,0.0003997601452283561,0.010007308796048164,0.0565476194024086,0.0003886815975420177,0.009328357875347137,0.19445739686489105,0.6913479566574097
2630,-15.5492,-22.1516,-37.7008,-20.2344,-18.5703,0.0,0.0,0.6000000238418579,0.378947377204895,0.0005816207849420607,0.003936565015465021,0.0528273805975914,0.00019434079877100885,0.0036924751475453377,0.20048196613788605,0.6911535859107971
2635,-16.0164,-21.5078,-37.5242,-24.3984,-8.8828,0.0,0.0,0.8474576473236084,0.6602086424827576,0.0024645717348903418,0.014563385397195816,0.0725446417927742,0.0022932214196771383,0.026080535724759102,0.18924906849861145,0.6778995394706726
2640,-15.9883,-21.55,-37.5383,-23.8594,-10.8516,0.0,0.0,0.8787878751754761,0.6423841118812561,0.0022344100289046764,0.015789473429322243,0.075148805975914,0.0012826492311432958,0.023476367816329002,0.19134794175624847,0.6794154047966003
2645,-15.9703,-21.1805,-37.1508,-25.6328,-5.6406,0.0,0.0,0.8790322542190552,0.7411032319068909,0.004854368977248669,0.019408725202083588,0.0974702388048172,0.00481965159997344,0.04368780925869942,0.20017102360725403,0.6468439102172852
2650,-15.8516,-21.6957,-37.5473,-23.1406,-12.4766,0.0,0.0,0.8965517282485962,0.65234375,0.003402041271328926,0.013369900174438953,0.0606398805975914,0.0011271765688434243,0.019900497049093246,0.19422419369220734,0.6802704930305481
2655,-16.2363,-21.1711,-37.4074,-26.5156,-5.9141,0.0,0.0,0.7894737124443054,0.7182266116142273,0.0029075804632157087,0.018343815580010414,0.0941220223903656,0.001476990059018135,0.03945118188858032,0.18715018033981323,0.6674440503120422
2660,-15.5684,-21.4418,-37.0102,-24.6328,-7.125,0.0,0.0,0.8809523582458496,0.7256461381912231,0.0036088055931031704,0.0213858000934124,0.0885416641831398,0.0048973881639540195,0.03910136967897415,0.2154073417186737,0.6361162662506104
2665,-15.7551,-22.0562,-37.8113,-20.0234,-18.7578,0.0,0.0,0.0,0.3095238208770752,0.00040866367635317147,0.004651935305446386,0.0479910708963871,0.00019434079877100885,0.003264925442636013,0.19022077322006226,0.7018423676490784
2670,-15.9301,-21.9582,-37.8883,-20.2812,-18.4766,0.0,0.0,0.75,0.4343434274196625,0.00042526048491708934,0.0028518151957541704,0.0591517873108387,0.000155472633196041,0.003847947809845209,0.18279695510864258,0.7087219953536987
2675,-15.5629,-22.1406,-37.7035,-20.0469,-18.8984,0.0,0.0,0.5,0.4722222089767456,0.0,0.0025272381026297808,0.0595238097012043,0.0003886815975420177,0.004197761416435242,0.19884949922561646,0.6920864582061768
2680,-15.6891,-21.9691,-37.6582,-21.0859,-16.2812,0.0,0.0,0.7727272510528564,0.5720164775848389,0.001583531266078353,0.007447949144989252,0.0558035708963871,0.0008550995262339711,0.00944496225565672,0.1963619440793991,0.6888603568077087
2685,-15.7566,-21.9066,-37.6633,-21.2422,-16.1797,0.0,0.0,0.7272727489471436,0.3665594756603241,0.0021890546195209026,0.010625671595335007,0.0647321417927742,0.00042754976311698556,0.012087997049093246,0.1953125,0.6876943111419678
2690,-16.1578,-20.8148,-36.9727,-26.5234,-3.3203,0.0,0.0,0.9135135412216187,0.8660287261009216,0.003949447069317102,0.017393434420228004,0.1026785746216774,0.007190609350800514,0.056864116340875626,0.19682836532592773,0.634639322757721
2695,-15.7691,-22.0773,-37.8465,-19.8672,-19.4922,0.0,0.0,0.0,0.016949152573943138,0.0006113715353421867,0.003375200554728508,0.0476190485060215,3.886815829901025e-05,0.0022932214196771383,0.19072605669498444,0.70246422290802
2700,-15.2922,-22.3246,-37.6168,-19.6562,-19.9844,0.0,0.0,0.0,0.0,0.00018525379709899426,0.0018758527003228664,0.0535714291036129,3.886815829901025e-05,0.0019045397639274597,0.2098103165626526,0.683768630027771
2705,-15.9617,-21.493,-37.4547,-23.1875,-11.3984,0.0,0.0,0.6933333277702332,0.662840723991394,0.005014039110392332,0.016086101531982422,0.0777529776096344,0.0029151118360459805,0.02709110639989376,0.19379663467407227,0.6717195510864258
2710,-15.7211,-21.8031,-37.5242,-22.4609,-13.625,0.0,0.0,0.6551724076271057,0.619369387626648,0.002923406660556793,0.012846983037889004,0.0628720223903656,0.0011271765688434243,0.017257463186979294,0.19943252205848694,0.6777052283287048
2715,-15.0648,-22.4523,-37.5172,-19.5156,-19.9375,0.0,0.0,0.0,0.0,0.00017624250904191285,0.000980279059149325,0.0505952388048172,7.77363165980205e-05,0.0008550995262339711,0.220537930727005,0.6740516424179077
2720,-16.4098,-20.5863,-36.9961,-27.7812,-1.7188,0.0,0.0,0.9366196990013123,0.8838748335838318,0.003266639541834593,0.017260374501347542,0.1082589253783226,0.005519278813153505,0.06459888070821762,0.19037623703479767,0.6350280046463013
2725,-16.0949,-20.2316,-36.3266,-27.5234,-1.6016,0.0,0.0,0.9496402740478516,0.9264069199562073,0.003093158593401313,0.016180796548724174,0.1495535671710968,0.010805347934365273,0.08978544920682907,0.2136193960905075,0.5813121795654297
2730,-15.8344,-20.3062,-36.1406,-26.4922,-2.4219,0.0,0.0,0.9240121841430664,0.837043285369873,0.007959854789078236,0.02680228091776371,0.1588541716337204,0.012787624262273312,0.09254508465528488,0.2246190905570984,0.565570592880249
2735,-16.9258,-19.4125,-36.3383,-28.0312,-1.2656,0.0,0.0,0.9086021780967712,0.9201943278312683,0.003338898066431284,0.01740696281194687,0.1811755895614624,0.014458955265581608,0.11201803386211395,0.18625621497631073,0.5827891826629639
2740,-16.7063,-19.9664,-36.6727,-28.5234,-1.0312,0.0,0.0,0.9333333373069763,0.8994995951652527,0.003250050824135542,0.017358878627419472,0.1484375,0.006413246039301157,0.09320584684610367,0.19134794175624847,0.6045553684234619
2745,-16.7027,-20.0262,-36.7289,-27.7969,-1.2891,0.0,0.0,0.9603524208068848,0.923215925693512,0.0037751677446067333,0.014717958867549896,0.1428571492433548,0.008823072537779808,0.08605410158634186,0.18532338738441467,0.6153218150138855
2750,-16.925,-19.9449,-36.8699,-27.5703,-1.8828,0.0,0.0,0.9276018142700195,0.8788848519325256,0.004656319506466389,0.02102847211062908,0.1331845223903656,0.00858986284583807,0.0850435346364975,0.1752953976392746,0.6265935897827148
2755,-15.8871,-21.6949,-37.582,-22.8359,-12.2891,0.0,0.0,0.8799999952316284,0.748400866985321,0.00100847112480551,0.010248818434774876,0.0613839291036129,0.0019434079295024276,0.01822916604578495,0.1927083283662796,0.6826415061950684
2760,-15.7336,-21.3656,-37.0992,-25.0703,-6.2969,0.0,0.0,0.7983193397521973,0.712195098400116,0.004470938816666603,0.021418198943138123,0.087425597012043,0.004625311121344566,0.039839863777160645,0.20864428579807281,0.6424129605293274
2765,-16.3523,-20.2324,-36.5848,-26.9922,-2.3125,0.0,0.0,0.9481481313705444,0.8447058796882629,0.005701927002519369,0.026544122025370598,0.1305803507566452,0.01049440260976553,0.0825948417186737,0.1976834535598755,0.6047496795654297
2770,-16.3828,-20.9004,-37.2832,-25.8828,-5.8906,0.0,0.0,0.8543689250946045,0.7493857741355896,0.007989907637238503,0.02329009398818016,0.0900297611951828,0.004003420472145081,0.04745802283287048,0.18485696613788605,0.6592040061950684
2775,-15.8969,-21.9027,-37.7996,-20.9531,-16.9219,0.0,0.0,0.4285714328289032,0.42081448435783386,0.0018645121017470956,0.006116208154708147,0.0621279776096344,0.0002720771008171141,0.00858986284583807,0.18761660158634186,0.699043869972229
2780,-14.9723,-22.3691,-37.3414,-20.1875,-17.6797,0.0,0.0,0.38461539149284363,0.39393940567970276,0.0013724480522796512,0.006416671443730593,0.0632440447807312,0.0010105721885338426,0.007695895619690418,0.2265625,0.6602534055709839
2785,-16.132,-21.4699,-37.602,-24.0703,-10.2891,0.0,0.0,0.9189189076423645,0.6899840831756592,0.0035646886099129915,0.013178074732422829,0.0755208358168602,0.0014381218934431672,0.024448072537779808,0.18536224961280823,0.6842739582061768
2790,-15.3965,-22.0082,-37.4047,-22.5078,-13.7188,0.0,0.0,0.692307710647583,0.6519480347633362,0.0014593214727938175,0.010030909441411495,0.0669642835855484,0.0010105721885338426,0.014964241534471512,0.21307525038719177,0.666472315788269
2795,-15.8273,-21.525,-37.3523,-24.2422,-9.0078,0.0,0.0,0.8999999761581421,0.7393103241920471,0.004856254905462265,0.014221337623894215,0.078125,0.0031094527803361416,0.028179414570331573,0.20009328424930573,0.6641402244567871
2800,-15.1293,-21.1375,-36.2668,-26.0547,-2.7344,0.0,0.0,0.925000011920929,0.9280487895011902,0.004338743165135384,0.010298175737261772,0.1283482164144516,0.012437811121344566,0.06374377757310867,0.24187655746936798,0.57746422290802
2805,-16.1719,-20.2488,-36.4207,-26.4141,-2.1797,0.0,0.0,0.9545454382896423,0.9402276873588562,0.004984662402421236,0.012140992097556591,0.1480654776096344,0.015391791239380836,0.08193407952785492,0.20273631811141968,0.5954601764678955
2810,-15.7246,-21.7223,-37.4469,-23.5469,-11.1016,0.0,0.0,0.8125,0.8309859037399292,0.001161665073595941,0.007756873965263367,0.0740327388048172,0.001243781065568328,0.02207711525261402,0.2007540464401245,0.6714474558830261
2815,-15.9039,-21.4012,-37.3051,-24.4453,-7.5469,0.0,0.0,0.9624060392379761,0.8991389870643616,0.0023692003451287746,0.009043396450579166,0.0770089253783226,0.005169465206563473,0.03159981220960617,0.1968672275543213,0.6618858575820923
2820,-15.325,-22.0328,-37.3578,-22.6328,-13.375,0.0,0.0,0.8461538553237915,0.7306791543960571,0.0005407353746704757,0.008040377870202065,0.0647321417927742,0.0010105721885338426,0.016596704721450806,0.21564054489135742,0.6622745394706726
2825,-15.9527,-21.8496,-37.8023,-20.875,-16.6328,0.0,0.0,0.8518518805503845,0.8669725060462952,0.00083839864237234,0.0028850422240793705,0.0584077388048172,0.0010494403541088104,0.008473258465528488,0.18543998897075653,0.700559675693512
2830,-16.3172,-20.6789,-36.9961,-27.7969,-2.1562,0.0,0.0,0.9586777091026306,0.9411764740943909,0.003196803154423833,0.01311596017330885,0.0974702388048172,0.004703047219663858,0.06211131811141968,0.19453513622283936,0.6341728568077087
2835,-16.4113,-20.2176,-36.6289,-26.4922,-2.2578,0.0,0.0,0.9463276863098145,0.925632119178772,0.004639903083443642,0.013429226353764534,0.142485111951828,0.013759328052401543,0.07839708030223846,0.19266946613788605,0.6106964945793152
2840,-16.3609,-20.5188,-36.8797,-27.8281,-1.5781,0.0,0.0,0.939393937587738,0.9079616069793701,0.0034047667868435383,0.014772515743970871,0.1227678582072258,0.006413246039301157,0.06883551180362701,0.19406871497631073,0.6262049078941345
2845,-16.427,-19.877,-36.3039,-27.6562,-1.1953,0.0,0.0,0.9783950448036194,0.9508067965507507,0.00307278661057353,0.01489845011383295,0.154389888048172,0.01259328331798315,0.09876399487257004,0.2023864984512329,0.5817785859107971
2850,-16.182,-20.7102,-36.8922,-27.7266,-2.1562,0.0,0.0,0.9520547986030579,0.9543240070343018,0.001945903874002397,0.011046980507671833,0.1041666641831398,0.005674751475453377,0.06382151693105698,0.19974346458911896,0.6262826323509216
2855,-16.5496,-20.3605,-36.9102,-27.8438,-1.3359,0.0,0.0,0.9714285731315613,0.9509856104850769,0.0024984385818243027,0.009885696694254875,0.1227678582072258,0.006801927927881479,0.07295553386211395,0.1866837739944458,0.629081130027771
2860,-16.0066,-20.5172,-36.5238,-28.1172,-1.1406,0.0,0.0,0.9038461446762085,0.901429295539856,0.003465888323262334,0.016448011621832848,0.135788694024086,0.00808457750827074,0.07886349409818649,0.21307525038719177,0.5954990386962891
2865,-15.827,-21.0863,-36.9133,-26.8047,-2.5703,0.0,0.0,0.9175823926925659,0.9175572395324707,0.002049562055617571,0.010320746339857578,0.1071428582072258,0.0070740049704909325,0.05091729015111923,0.20860540866851807,0.6289256811141968
2870,-16.2828,-20.8613,-37.1441,-28.4453,-1.3047,0.0,0.0,0.9268292784690857,0.9216654896736145,0.0008100445265881717,0.01017888356000185,0.1023065447807312,0.0031871891114860773,0.05507618188858032,0.19193096458911896,0.6453280448913574
2875,-16.3988,-19.7727,-36.1715,-27.2812,-1.3594,0.0,0.0,0.9622641801834106,0.9711465239524841,0.002288765972480178,0.011601872742176056,0.1636904776096344,0.01648009940981865,0.1023787334561348,0.2037857621908188,0.572877824306488
2880,-16.198,-20.725,-36.923,-27.9688,-1.2266,0.0,0.0,0.9746835231781006,0.9391086101531982,0.0017716535367071629,0.011228329502046108,0.109375,0.006141168996691704,0.06191697716712952,0.19745025038719177,0.6300140023231506
2885,-16.9043,-19.6898,-36.5941,-28.5781,-0.7578,0.0,0.0,0.9510869383811951,0.9673871994018555,0.0016757436096668243,0.009129168465733528,0.1577380895614624,0.0071517410688102245,0.10249533504247665,0.1855565905570984,0.6003187298774719
2890,-15.977,-21.0758,-37.0527,-26.9375,-3.4062,0.0,0.0,0.9416058659553528,0.9388889074325562,0.00154440151527524,0.007410557009279728,0.1052827388048172,0.005324937868863344,0.04897388070821762,0.201337069272995,0.6398864984512329
2895,-16.1031,-21.4996,-37.6027,-23.8984,-10.9375,0.0,0.0,0.53125,0.7352941036224365,0.0016573440516367555,0.009010550566017628,0.0877976194024086,0.001243781065568328,0.025108831003308296,0.18761660158634186,0.6815531849861145
2900,-15.0961,-22.418,-37.5141,-19.5312,-20.0703,0.0,0.0,0.1666666716337204,0.3125,0.00035448421840555966,0.0016720480052754283,0.0517113097012043,0.00023320894979406148,0.0018656715983524919,0.21929416060447693,0.6741293668746948
2905,-15.3754,-22.2684,-37.6438,-19.9219,-19.2188,0.0,0.0,0.25,0.4285714328289032,0.0003725088608916849,0.002329545561224222,0.0487351194024086,0.000310945266392082,0.0024486940819770098,0.20868314802646637,0.6840795874595642
2910,-15.7309,-21.3395,-37.0703,-26.2656,-5.6875,0.0,0.0,0.6470588445663452,0.692375898361206,0.00330335833132267,0.02092101238667965,0.1112351194024086,0.0026430347934365273,0.043843284249305725,0.21179260313510895,0.6372434496879578
2915,-16.2051,-20.1063,-36.3113,-27.7812,-1.4609,0.0,0.0,0.8981131911277771,0.8701351881027222,0.006253448780626059,0.023293280974030495,0.1644345223903656,0.010300062596797943,0.09487717598676682,0.21132618188858032,0.5790189504623413
2920,-16.9438,-19.7961,-36.7398,-27.0859,-1.9141,0.0,0.0,0.9096572995185852,0.8671602606773376,0.00534402159973979,0.020399196073412895,0.1681547611951828,0.012476678937673569,0.08924129605293274,0.1745568960905075,0.6192474961280823
2925,-16.6633,-19.8742,-36.5375,-27.6328,-1.6172,0.0,0.0,0.933920681476593,0.8872451186180115,0.0030156816355884075,0.019233277067542076,0.167038694024086,0.008823072537779808,0.09720926731824875,0.19333022832870483,0.596159815788269
2930,-15.8395,-20.7742,-36.6137,-26.7109,-3.3906,0.0,0.0,0.920634925365448,0.7912150621414185,0.005047773476690054,0.025593210011720657,0.137648805975914,0.007346082013100386,0.06813587993383408,0.21560168266296387,0.6044387221336365
2935,-16.6434,-20.2457,-36.8891,-27.7891,-2.2656,0.0,0.0,0.905063271522522,0.8076731562614441,0.0046315789222717285,0.026356589049100876,0.134672611951828,0.006141168996691704,0.07800839841365814,0.18462376296520233,0.6267490386962891
2940,-15.8129,-21.5832,-37.3961,-24.4531,-9.7578,0.0,0.0,0.800000011920929,0.6723891496658325,0.0019512195140123367,0.015719609335064888,0.0807291641831398,0.0015547263901680708,0.027168843895196915,0.19919931888580322,0.6675994992256165
2945,-15.7719,-21.8949,-37.6668,-21.7656,-15.3203,0.0,0.0,0.625,0.48543688654899597,0.002008838811889291,0.010542932897806168,0.0539434514939785,0.000621890532784164,0.012010261416435242,0.19348569214344025,0.6894045472145081
2950,-15.8148,-21.8828,-37.6977,-21.6953,-15.6484,0.0,0.0,0.5,0.3732394278049469,0.0010096930200234056,0.011410905048251152,0.0613839291036129,0.0005441542016342282,0.01103855762630701,0.1924751251935959,0.6914645433425903
2955,-15.8836,-21.7125,-37.5961,-22.3203,-13.3438,0.0,0.0,0.5588235259056091,0.4957983195781708,0.003048161044716835,0.015276279300451279,0.0665922611951828,0.0013215173967182636,0.018501244485378265,0.19127021729946136,0.684429407119751
2960,-16.1699,-21.5383,-37.7082,-23.0859,-11.8828,0.0,0.0,0.9523809552192688,0.5281553268432617,0.003225806402042508,0.014804014936089516,0.0669642835855484,0.0016324627213180065,0.020017102360725403,0.1807369440793991,0.6931358575820923
2965,-14.8773,-22.0047,-36.882,-24.0234,-9.0938,0.0,0.0,0.7916666865348816,0.5942228436470032,0.005648805759847164,0.021875973790884018,0.0755208358168602,0.0027985074557363987,0.028257152065634727,0.24082711338996887,0.6236396431922913
2970,-15.0758,-22.2828,-37.3586,-20.6016,-17.0391,0.0,0.0,0.260869562625885,0.12389380484819412,0.003142458153888583,0.013772490434348583,0.0546875,0.0008939676336012781,0.008784203790128231,0.22263681888580322,0.6632074117660522
2975,-16.0035,-21.9344,-37.9379,-20.2031,-18.8438,0.0,0.0,0.3333333432674408,0.22826087474822998,0.00021593608835246414,0.0042051225900650024,0.0505952388048172,0.00023320894979406148,0.0035758705344051123,0.17999844253063202,0.7117148637771606
2980,-15.2586,-22.3496,-37.6082,-19.3906,-20.0469,0.0,0.0,0.3333333432674408,0.0,0.0,0.0015909995418041945,0.0502232126891613,0.00011660447489703074,0.0009328357991762459,0.21043221652507782,0.6840407252311707
2985,-15.641,-22.084,-37.725,-20.3359,-18.3203,0.0,0.0,0.3333333432674408,0.1428571492433548,0.0021803765557706356,0.006783271674066782,0.0505952388048172,0.00011660447489703074,0.005985696334391832,0.19608986377716064,0.6933302283287048
2990,-15.9113,-21.2012,-37.1125,-26.2031,-5.0156,0.0,0.0,0.8877550959587097,0.7114384770393372,0.004968469496816397,0.023497432470321655,0.090773805975914,0.0038090795278549194,0.044853854924440384,0.20339708030223846,0.6434623599052429
2995,-15.7055,-20.318,-36.0234,-27.1172,-2.5547,0.0,0.0,0.9354838728904724,0.7780517935752869,0.012726054526865482,0.038827478885650635,0.151413694024086,0.013254042714834213,0.0945662334561348,0.23212064802646637,0.5555814504623413
3000,-15.927,-20.9133,-36.8402,-26.6562,-3.4766,0.0,0.0,0.89673912525177,0.7841140627861023,0.006353952456265688,0.02576097846031189,0.1034226194024086,0.0071517410688102245,0.05725279822945595,0.20798352360725403,0.6231343150138855
3005,-16.8762,-19.6664,-36.5426,-28.3438,-1.0156,0.0,0.0,0.9583333134651184,0.8937235474586487,0.0046247635036706924,0.02324226312339306,0.1603422611951828,0.009328357875347137,0.10094060748815536,0.1848958283662796,0.6003575921058655
3010,-16.6125,-19.9289,-36.5414,-28.2266,-1.1562,0.0,0.0,0.9117646813392639,0.8538739681243896,0.003355704713612795,0.0274276752024889,0.1566220223903656,0.006607586983591318,0.09682058542966843,0.19690608978271484,0.5951881408691406
3015,-16.3414,-19.6215,-35.9629,-26.9062,-1.7109,0.0,0.0,0.9550102353096008,0.8935427665710449,0.0076549663208425045,0.02309839427471161,0.1848958283662796,0.019006529822945595,0.11135727912187576,0.2081778645515442,0.5569807291030884
3020,-16.8746,-20.0258,-36.9004,-29.0312,-0.8828,0.0,0.0,0.9417475461959839,0.8796889185905457,0.001514823641628027,0.02169869840145111,0.1391369104385376,0.004003420472145081,0.0849657952785492,0.1796097606420517,0.6269434094429016
3025,-15.998,-21.4543,-37.4523,-24.6328,-8.7422,0.0,0.0,0.8500000238418579,0.6608108282089233,0.002444489626213908,0.0175408236682415,0.0762648805975914,0.0023320894688367844,0.028762437403202057,0.19080379605293274,0.6736240386962891
3030,-16.1824,-21.1898,-37.3723,-25.875,-5.7422,0.0,0.0,0.9213483333587646,0.7854166626930237,0.003106233198195696,0.01590723730623722,0.0859375,0.0034592661540955305,0.03731343150138855,0.18769434094429016,0.6670553684234619
3035,-15.6324,-21.3184,-36.9508,-25.8203,-5.1016,0.0,0.0,0.9103448390960693,0.8537445068359375,0.0027387256268411875,0.01566050574183464,0.0870535746216774,0.005635883193463087,0.04411536082625389,0.2128809094429016,0.6328902244567871
3040,-15.9883,-21.5676,-37.5559,-24.2422,-9.8516,0.0,0.0,0.8936170339584351,0.8060708045959473,0.0006143763894215226,0.009133984334766865,0.071800597012043,0.001826803432777524,0.023048818111419678,0.18979321420192719,0.680853545665741
3045,-16.2176,-21.1617,-37.3793,-24.8906,-6.2344,0.0,0.0,0.8897637724876404,0.7928802371025085,0.005942274816334248,0.015514646656811237,0.0851934552192688,0.004936256445944309,0.036030784249305725,0.18314675986766815,0.6714085936546326
3050,-15.5578,-21.9176,-37.4754,-22.8438,-13.1406,0.0,0.0,0.5925925970077515,0.5731415152549744,0.0013093901798129082,0.01275362353771925,0.061011902987957,0.0010494403541088104,0.016208022832870483,0.20778918266296387,0.6704757213592529
3055,-15.5785,-22.2102,-37.7887,-19.4297,-20.2734,0.0,0.0,0.0,0.0,0.0,0.0,0.0479910708963871,0.0,3.886815829901025e-05,0.19733364880084991,0.6981498599052429
3060,-15.6176,-21.9773,-37.5949,-21.3359,-15.8984,0.0,0.0,0.4736842215061188,0.375,0.0025067490059882402,0.01197878085076809,0.0546875,0.0007384950295090675,0.01181592047214508,0.2015702724456787,0.6813976764678955
3065,-15.9141,-21.9293,-37.8434,-20.7812,-17.7109,0.0,0.0,0.25,0.24223601818084717,0.0010431880364194512,0.007355381269007921,0.0535714291036129,0.000155472633196041,0.006257773842662573,0.18629509210586548,0.7028140425682068
3070,-16.2859,-21.0098,-37.2957,-26.1641,-5.1641,0.0,0.0,0.7708333134651184,0.6724891066551208,0.00691244238987565,0.02578561007976532,0.0959821417927742,0.0037313431967049837,0.04450404271483421,0.1855565905570984,0.6617304086685181
3075,-14.9461,-22.1812,-37.1273,-22.1719,-13.2891,0.0,0.0,0.7241379022598267,0.6252983212471008,0.004013377707451582,0.013206295669078827,0.0636160746216774,0.0022543531376868486,0.016285758465528488,0.2324315905570984,0.6445506811141968
3080,-16.0246,-20.9453,-36.9699,-27.6641,-3.1016,0.0,0.0,0.8367347121238708,0.8009576201438904,0.0026475037448108196,0.021739130839705467,0.1071428582072258,0.0038090795278549194,0.05682525038719177,0.20553483068943024,0.6293532252311707
3085,-15.5055,-21.8254,-37.3309,-23.3125,-11.0078,0.0,0.0,0.859649121761322,0.6491228342056274,0.002414113376289606,0.012978623621165752,0.0725446417927742,0.0022154850885272026,0.022154850885272026,0.2093050330877304,0.6618469953536987
3090,-15.5324,-22.109,-37.6414,-20.8672,-17.3516,0.0,0.0,0.5,0.39263802766799927,0.000958405202254653,0.006514842621982098,0.0569196417927742,0.000310945266392082,0.006335509940981865,0.20277518033981323,0.6861007213592529
3095,-15.6031,-21.807,-37.4102,-22.7031,-12.4609,0.0,0.0,0.800000011920929,0.7242063283920288,0.003024574602022767,0.011333256028592587,0.0699404776096344,0.0015547263901680708,0.019589552655816078,0.20561255514621735,0.6687655448913574
3100,-15.9527,-21.4793,-37.432,-24.1953,-9.6875,0.0,0.0,0.9215686321258545,0.7701778411865234,0.0011992803774774075,0.012865835800766945,0.0814732164144516,0.0019822760950773954,0.028412625193595886,0.19445739686489105,0.6706700921058655
3105,-15.5352,-21.4391,-36.9742,-26.7969,-4.2031,0.0,0.0,0.9404761791229248,0.8559707999229431,0.002311522141098976,0.011210348457098007,0.100074402987957,0.003264925442636013,0.04263836890459061,0.2185945212841034,0.6310245394706726
3110,-15.2937,-22.107,-37.4008,-22.0234,-14.4062,0.0,0.0,0.7272727489471436,0.7033638954162598,0.0009005763567984104,0.007935118861496449,0.0598958320915699,0.0008550995262339711,0.012709887698292732,0.21579602360725403,0.6661613583564758
3115,-15.3328,-22.1215,-37.4543,-21.3594,-15.6875,0.0,0.0,0.8709677457809448,0.7526132464408875,0.0010901163332164288,0.0038912766613066196,0.0647321417927742,0.00120491289999336,0.011155162006616592,0.21393035352230072,0.6692319512367249
3120,-15.9926,-20.8781,-36.8707,-26.3281,-3.1953,0.0,0.0,0.9365853667259216,0.9363574981689453,0.002117013093084097,0.010085385292768478,0.1116071417927742,0.007967972196638584,0.05740826949477196,0.20195895433425903,0.6281871795654297
3125,-16.834,-19.4484,-36.2824,-27.0,-1.5,0.0,0.0,0.9639065861701965,0.9530177116394043,0.00439146813005209,0.012849533930420876,0.1733630895614624,0.018306903541088104,0.10754819959402084,0.1858675330877304,0.5837997794151306
3130,-17.3687,-19.109,-36.4777,-28.2031,-0.8984,0.0,0.0,0.9492753744125366,0.9695299863815308,0.00270574982278049,0.009577538818120956,0.1796875,0.010727612301707268,0.11990827322006226,0.17238028347492218,0.5925062298774719
3135,-15.8043,-21.1164,-36.9207,-26.3203,-3.5156,0.0,0.0,0.9336734414100647,0.917765736579895,0.0013140604132786393,0.009181661531329155,0.104538694024086,0.007618159055709839,0.050101056694984436,0.20705068111419678,0.6307525038719177
3140,-16.0199,-20.7449,-36.7648,-27.6641,-1.4844,0.0,0.0,0.939226508140564,0.950236976146698,0.002640513004735112,0.009893503040075302,0.1145833358168602,0.007035136688500643,0.06560945510864258,0.20607897639274597,0.6167988181114197
3145,-16.0438,-20.7348,-36.7785,-26.7578,-2.1484,0.0,0.0,0.9484978318214417,0.9481074213981628,0.0023094688076525927,0.009077819064259529,0.118675597012043,0.009056281298398972,0.06366604566574097,0.20195895433425903,0.6208410859107971
3150,-16.3426,-20.6656,-37.0082,-27.1719,-2.0938,0.0,0.0,0.9835164546966553,0.949999988079071,0.002041233005002141,0.006593808997422457,0.1171875,0.0070740049704909325,0.06141168996691704,0.19041511416435242,0.6366215944290161
3155,-16.998,-19.3605,-36.3586,-28.2266,-0.8984,0.0,0.0,0.9820144176483154,0.9657488465309143,0.0025141420774161816,0.008926787413656712,0.1808035671710968,0.010805347934365273,0.11574938148260117,0.18551772832870483,0.5834499597549438
3160,-16.2734,-20.307,-36.5805,-26.4922,-1.8359,0.0,0.0,0.9768115878105164,0.9487051963806152,0.002336448524147272,0.009452768601477146,0.142485111951828,0.013409514911472797,0.0780472606420517,0.1996268630027771,0.6044387221336365
3165,-16.9699,-19.4719,-36.4418,-28.2109,-1.0234,0.0,0.0,0.9704797267913818,0.9660777449607849,0.0038184132426977158,0.010771756991744041,0.162202388048172,0.010533271357417107,0.10999689251184464,0.18322449922561646,0.5917677283287048
3170,-16.4305,-20.6703,-37.1008,-28.2344,-1.4219,0.0,0.0,0.939130425453186,0.9672657251358032,0.0018598884344100952,0.008409971371293068,0.0993303582072258,0.004469838459044695,0.06055659055709839,0.18808302283287048,0.6424129605293274
3175,-15.7871,-21.9746,-37.7617,-20.7734,-17.1406,0.0,0.0,0.6399999856948853,0.7292817831039429,0.0006145022343844175,0.002618092577904463,0.0576636902987957,0.0009717039647512138,0.007035136688500643,0.18975435197353363,0.6977611780166626
3180,-16.4234,-21.1742,-37.5977,-25.6172,-7.1719,0.0,0.0,0.949999988079071,0.95652174949646,0.0017671746900305152,0.005567549262195826,0.0740327388048172,0.0023320894688367844,0.033076804131269455,0.17595615983009338,0.6841573119163513
3185,-15.8293,-21.7039,-37.5332,-23.1562,-12.2109,0.0,0.0,0.9142857193946838,0.875,0.000995817594230175,0.0062356977723538876,0.0714285746216774,0.0013603855622932315,0.019589552655816078,0.1951570212841034,0.6794154047966003
3190,-16.4785,-20.3855,-36.8641,-27.9062,-1.1406,0.0,0.0,0.939393937587738,0.9482666850090027,0.0020610056817531586,0.009990692138671875,0.1264880895614624,0.007695895619690418,0.07287780195474625,0.18858830630779266,0.6263603568077087
3195,-16.0824,-21.0605,-37.143,-26.8438,-3.6406,0.0,0.0,0.8990825414657593,0.9050683975219727,0.001973164966329932,0.009446450509130955,0.1008184552192688,0.004236629232764244,0.04831312224268913,0.19698382914066315,0.6459888219833374
3200,-15.4977,-22.0414,-37.5391,-21.0703,-15.7266,0.0,0.0,0.7083333134651184,0.7396226525306702,0.0017100513214245439,0.00458085210993886,0.0621279776096344,0.0018656715983524919,0.010300062596797943,0.20456312596797943,0.6787935495376587
3205,-16.0328,-20.8715,-36.9043,-26.25,-3.8203,0.0,0.0,0.9487179517745972,0.9588394165039062,0.001344860764220357,0.007179106120020151,0.1104910746216774,0.0075792912393808365,0.05760261043906212,0.2023087739944458,0.6280317306518555
3210,-16.8781,-20.1957,-37.0738,-28.1953,-1.0781,0.0,0.0,0.915730357170105,0.9580010771751404,0.002243661554530263,0.008654078468680382,0.1264880895614624,0.006918532308191061,0.07311100512742996,0.17323538661003113,0.6422574520111084
3215,-16.4062,-20.6133,-37.0195,-27.3828,-2.1172,0.0,0.0,0.9610389471054077,0.9865196347236633,0.00020593080262187868,0.005183558911085129,0.1130952388048172,0.005985696334391832,0.06343283504247665,0.18874378502368927,0.6373600959777832
3220,-15.816,-21.4293,-37.2453,-25.7422,-6.3828,0.0,0.0,0.949367105960846,0.9634146094322205,0.0005771450814791024,0.004981910809874535,0.0848214253783226,0.003070584498345852,0.03505907952785492,0.20203669369220734,0.6553560495376587
3225,-16.7465,-20.4285,-37.175,-27.2656,-2.0703,0.0,0.0,0.9396985173225403,0.9821538329124451,0.001123595517128706,0.004175116308033466,0.1171875,0.007734763901680708,0.06316076219081879,0.17296330630779266,0.6516635417938232
3230,-15.6141,-22.1004,-37.7145,-20.3047,-18.0078,0.0,0.0,0.7333333492279053,0.9279999732971191,0.00039339103386737406,0.0010103278327733278,0.0517113097012043,0.0005830223672091961,0.00485851988196373,0.19760571420192719,0.6924751400947571
3235,-16.2613,-20.957,-37.2184,-27.8047,-1.9062,0.0,0.0,0.9459459185600281,0.9734939932823181,0.0014361920766532421,0.006900654174387455,0.0911458358168602,0.0043143657967448235,0.04839085787534714,0.1894434094429016,0.6533737778663635
3240,-16.0504,-20.3699,-36.4203,-28.2422,-0.8906,0.0,0.0,0.9490740895271301,0.968876838684082,0.0010845987126231194,0.010613598860800266,0.1294642835855484,0.008395522832870483,0.08617071062326431,0.21501865983009338,0.5859375
3245,-16.8422,-19.8035,-36.6457,-28.125,-0.9375,0.0,0.0,0.954954981803894,0.95652174949646,0.003983228467404842,0.010970680974423885,0.1495535671710968,0.008628731593489647,0.09565453976392746,0.18540112674236298,0.6058380007743835
3250,-15.9723,-21.1414,-37.1137,-27.3438,-2.8984,0.0,0.0,0.9134615659713745,0.9657477140426636,0.0011609906796365976,0.006939834449440241,0.0911458358168602,0.00404228875413537,0.04652518779039383,0.20087064802646637,0.6440842747688293
3255,-15.4797,-21.8102,-37.2898,-23.3906,-10.1719,0.0,0.0,0.9036144614219666,0.8446771502494812,0.0022046666126698256,0.008382031694054604,0.0680803582072258,0.0032260571606457233,0.022271454334259033,0.21155938506126404,0.6584655046463013
3260,-16.2402,-20.248,-36.4883,-28.3594,-0.9141,0.0,0.0,0.9818181991577148,0.9897504448890686,0.0009425070602446795,0.00949512142688036,0.1212797611951828,0.008550995029509068,0.08722014725208282,0.20619557797908783,0.5935556888580322
3265,-15.9949,-20.5816,-36.5766,-27.8672,-1.4766,0.0,0.0,0.9211822748184204,0.9551777243614197,0.001092100515961647,0.010647967457771301,0.1272321492433548,0.00789023656398058,0.0754430964589119,0.2135416716337204,0.59864741563797
3270,-16.257,-20.252,-36.509,-28.2188,-1.0781,0.0,0.0,0.936274528503418,0.9546263217926025,0.0031960895285010338,0.010478748008608818,0.140625,0.007929104380309582,0.08737561851739883,0.20673973858356476,0.5934779047966003
3275,-16.0098,-21.6043,-37.6141,-23.4141,-11.3672,0.0,0.0,0.9534883499145508,0.8488371968269348,0.0016542597441002727,0.007650892715901136,0.0643601194024086,0.0016713308868929744,0.020055970177054405,0.18796642124652863,0.685828685760498
3280,-15.7574,-22.0305,-37.7879,-20.5938,-17.9219,0.0,0.0,0.6666666865348816,0.732758641242981,0.0002018978411797434,0.0030620198231190443,0.0505952388048172,0.00034981343196704984,0.004508706275373697,0.19251398742198944,0.6981498599052429
3285,-15.3297,-22.2004,-37.5301,-20.9531,-16.9219,0.0,0.0,0.7692307829856873,0.7727272510528564,0.000552384473849088,0.0039035591762512922,0.0524553582072258,0.0005052860942669213,0.006840796209871769,0.2110929787158966,0.6770833134651184
3290,-15.7934,-21.1547,-36.948,-27.6484,-2.0781,0.0,0.0,0.9495798349380493,0.9523088335990906,0.0016486536478623748,0.005451954435557127,0.1037946417927742,0.004625311121344566,0.05134483799338341,0.21218128502368927,0.6273709535598755
3295,-15.7363,-20.548,-36.2844,-27.3438,-1.375,0.0,0.0,0.9516728520393372,0.9359397292137146,0.0031104199588298798,0.013525335118174553,0.1372767835855484,0.010455534793436527,0.0825171023607254,0.2249300330877304,0.577619731426239
3300,-16.1035,-20.6996,-36.8031,-26.7656,-2.5078,0.0,0.0,0.9528301954269409,0.8915008902549744,0.004280988592654467,0.016531502828001976,0.1082589253783226,0.008240049704909325,0.06448227912187576,0.19974346458911896,0.6230565905570984
3305,-16.3973,-20.2727,-36.6699,-28.1875,-1.1172,0.0,0.0,0.9424083828926086,0.9040380120277405,0.0037564255762845278,0.018041566014289856,0.130952388048172,0.007423818577080965,0.08181747794151306,0.19659514725208282,0.6096859574317932
3310,-16.8516,-19.7508,-36.6023,-28.1016,-1.1719,0.0,0.0,0.9631147384643555,0.9411057829856873,0.0035925612319260836,0.015095067210495472,0.150297611951828,0.009483831003308296,0.09701492637395859,0.1839241236448288,0.6050994992256165
3315,-16.1703,-20.4184,-36.5887,-27.6094,-1.3828,0.0,0.0,0.9440298676490784,0.9385614395141602,0.002287456998601556,0.011208451353013515,0.1354166716337204,0.010416666977107525,0.07781405746936798,0.20390236377716064,0.603389322757721
3320,-16.902,-20.3461,-37.248,-28.3125,-1.3359,0.0,0.0,0.9754098653793335,0.9343195557594299,0.0009117848239839077,0.01092571672052145,0.1097470223903656,0.004741915501654148,0.06568718701601028,0.17051461338996887,0.654578685760498
3325,-15.716,-21.525,-37.241,-26.0,-6.0781,0.0,0.0,0.8571428656578064,0.8083623647689819,0.002056843601167202,0.012637853622436523,0.079613097012043,0.002176616806536913,0.03346548601984978,0.20786692202091217,0.65201336145401
3330,-15.4844,-22.0727,-37.557,-21.2891,-16.5312,0.0,0.0,0.9090909361839294,0.618852436542511,0.0003777148376684636,0.006861063651740551,0.0598958320915699,0.00042754976311698556,0.009483831003308296,0.2058068960905075,0.6798040866851807
3335,-15.9965,-21.8102,-37.8066,-20.8594,-16.8281,0.0,0.0,0.8888888955116272,0.6060606241226196,0.001281503587961197,0.00823204405605793,0.0505952388048172,0.0010494403541088104,0.008978544734418392,0.18198071420192719,0.7035136818885803
3340,-16.0016,-21.2422,-37.2438,-26.4141,-5.0625,0.0,0.0,0.8901098966598511,0.8716944456100464,0.003555906703695655,0.01381477527320385,0.0736607164144516,0.0035370024852454662,0.03968438878655434,0.19675062596797943,0.6555503606796265
3345,-15.4875,-21.6246,-37.1121,-24.6797,-8.4609,0.0,0.0,0.9459459185600281,0.8861788511276245,0.0030586542561650276,0.01045506726950407,0.0680803582072258,0.0028762437868863344,0.03346548601984978,0.21602922677993774,0.6431514024734497
3350,-15.227,-21.159,-36.3859,-26.6719,-2.4141,0.0,0.0,0.9599999785423279,0.9269349575042725,0.0034185252152383327,0.013349272310733795,0.1071428582072258,0.008745335973799229,0.06277208030223846,0.2387671023607254,0.5852378606796265
3355,-16.9625,-20.2648,-37.2273,-28.4453,-1.0938,0.0,0.0,0.9734513163566589,0.9500284194946289,0.0023094688076525927,0.010275599546730518,0.112351194024086,0.0043921018950641155,0.06844682991504669,0.1682991236448288,0.6543843150138855
3360,-15.8668,-21.9137,-37.7805,-21.1016,-17.0938,0.0,0.0,0.7272727489471436,0.7777777910232544,0.00020491803297773004,0.005069355480372906,0.0502232126891613,0.00042754976311698556,0.007695895619690418,0.18967661261558533,0.697722315788269
3365,-14.9945,-21.9965,-36.991,-24.1484,-8.2812,0.0,0.0,0.9139785170555115,0.8792048692703247,0.0030115442350506783,0.006987006403505802,0.0744047611951828,0.003614738816395402,0.025419775396585464,0.23231498897075653,0.6341728568077087
3370,-15.5594,-21.6789,-37.2383,-24.2031,-9.4844,0.0,0.0,0.8813559412956238,0.7951977252960205,0.0038681156001985073,0.013298504054546356,0.0714285746216774,0.0022932214196771383,0.027518656104803085,0.2110152393579483,0.6546952724456787
3375,-16.7531,-20.3391,-37.0922,-27.4531,-1.3906,0.0,0.0,0.96517413854599,0.9166666865348816,0.0015541741158813238,0.010681310668587685,0.1209077388048172,0.0078125,0.06856343150138855,0.17506219446659088,0.6440842747688293
3380,-16.4477,-20.2164,-36.6641,-27.5391,-1.2422,0.0,0.0,0.993127167224884,0.938164234161377,0.0022181891836225986,0.011323154903948307,0.137648805975914,0.011310634203255177,0.08045709133148193,0.19274720549583435,0.6110074520111084
3385,-16.1785,-20.3328,-36.5113,-27.2422,-1.8594,0.0,0.0,0.9716312289237976,0.9184938073158264,0.0030154541600495577,0.016152143478393555,0.1324404776096344,0.010960821062326431,0.0815453976392746,0.20623445510864258,0.5967817306518555
3390,-16.3254,-19.998,-36.3234,-28.2031,-0.8984,0.0,0.0,0.9527272582054138,0.9589314460754395,0.0016850776737555861,0.010860820300877094,0.1595982164144516,0.01068874355405569,0.09748134016990662,0.2075948417186737,0.5797574520111084
3395,-16.6742,-19.6719,-36.3461,-27.8125,-1.0938,0.0,0.0,0.9731183052062988,0.9635612368583679,0.0014227642677724361,0.005501789506524801,0.189360111951828,0.014458955265581608,0.10346703976392746,0.19123134016990662,0.5863650441169739
3400,-17.4582,-17.893,-35.3512,-27.6406,-1.1797,0.0,0.0,0.9687923789024353,0.9721845388412476,0.0031853895634412766,0.01176738552749157,0.2641369104385376,0.02864583395421505,0.171875,0.1830301582813263,0.5119714140892029
3405,-18.7188,-15.2066,-33.9254,-28.3594,-0.8203,0.0,0.0,0.9794642925262451,0.9854490160942078,0.004036779515445232,0.00761346984654665,0.4084821343421936,0.04353233799338341,0.28047263622283936,0.17331312596797943,0.3982042968273163
3410,-20.0223,-12.773,-32.7953,-29.2344,-0.3828,0.0,0.0,0.9549487829208374,0.9881373643875122,0.006229753140360117,0.013958752155303955,0.5252976417541504,0.05694185197353363,0.3735229969024658,0.15597791969776154,0.3090795874595642
3415,-20.9273,-11.0156,-31.943,-29.2031,-0.3984,0.0,0.0,0.9576693177223206,0.9887051582336426,0.009927007369697094,0.020183486863970757,0.609747052192688,0.0780472606420517,0.43015390634536743,0.13312344253063202,0.25419774651527405
3420,-22.2965,-7.5098,-29.8062,-29.2656,-0.3672,0.0,0.0,0.9463125467300415,0.9920005798339844,0.030450670048594475,0.03383934125304222,0.8143601417541504,0.13755442202091217,0.5393345952033997,0.09573227912187576,0.12290111929178238
3425,-23.8938,-5.6605,-29.5543,-29.625,-0.1875,0.0,0.0,0.9174876809120178,0.9926220178604126,0.031682029366493225,0.04504094645380974,0.8939732313156128,0.12624378502368927,0.6163712739944458,0.06747512519359589,0.08543221652507782
3430,-21.4371,-9.1477,-30.5848,-29.2188,-0.3906,0.0,0.0,0.9183533191680908,0.9825348258018494,0.01807228848338127,0.0326291061937809,0.7667410969734192,0.11330068111419678,0.4940531849861145,0.12259017676115036,0.16557836532592773
3435,-18.909,-15.1203,-34.0293,-28.4062,-0.7969,0.0,0.0,0.9516393542289734,0.979966402053833,0.001203948981128633,0.005698546767234802,0.433779776096344,0.04741915315389633,0.2774409055709839,0.16141946613788605,0.4092428386211395
3440,-18.3305,-16.098,-34.4285,-27.9375,-1.0312,0.0,0.0,0.9871414303779602,0.9883274435997009,0.0011145786847919226,0.0045176721177995205,0.363467276096344,0.03929571062326431,0.2430814653635025,0.17436255514621735,0.438782662153244
3445,-19.7832,-12.6523,-32.4355,-28.9688,-0.5156,0.0,0.0,0.9858942031860352,0.9922971129417419,0.0017743980279192328,0.003668282413855195,0.5420386791229248,0.0771532952785492,0.36835354566574097,0.15333488583564758,0.29668065905570984
3450,-19.6848,-12.7613,-32.4461,-28.9844,-0.5078,0.0,0.0,0.9611005783081055,0.9883633255958557,0.005648266989737749,0.006446621846407652,0.550595223903656,0.08193407952785492,0.36073538661003113,0.15139147639274597,0.30146142840385437
3455,-21.0,-10.2258,-31.2258,-29.2656,-0.3672,0.0,0.0,0.9600494503974915,0.9880841970443726,0.005470774602144957,0.015265736728906631,0.6819196343421936,0.09437189251184464,0.45992693305015564,0.13498911261558533,0.20623445510864258
3460,-21.3234,-9.1852,-30.5086,-29.2344,-0.3828,0.0,0.0,0.9442766308784485,0.9891802072525024,0.00833848025649786,0.013217976316809654,0.757440447807312,0.11578824371099472,0.49214863777160645,0.12585510313510895,0.16173040866851807
3465,-20.6129,-10.9086,-31.5215,-28.9844,-0.5078,0.0,0.0,0.9516061544418335,0.9846402406692505,0.004443210083991289,0.006092401221394539,0.679315447807312,0.09316697716712952,0.43271923065185547,0.1399642378091812,0.22967195510864258
3470,-19.2754,-13.4477,-32.723,-28.5156,-0.7422,0.0,0.0,0.9706390500068665,0.9841412901878357,0.002301495987921953,0.004462625365704298,0.5383184552192688,0.06751399487257004,0.34557679295539856,0.16888214647769928,0.3135494291782379
3475,-19.3691,-13.3621,-32.7313,-28.7812,-0.6094,0.0,0.0,0.973246157169342,0.9895462393760681,0.003463403321802616,0.005600497592240572,0.5208333134651184,0.06537624448537827,0.34950247406959534,0.16833800077438354,0.31230565905570984
3480,-20.5223,-11.5234,-32.0457,-29.125,-0.4375,0.0,0.0,0.9582284688949585,0.9851559400558472,0.0032573288772255182,0.00996282510459423,0.625,0.0772310346364975,0.41371268033981323,0.14319029450416565,0.26138836145401
3485,-19.6367,-12.8059,-32.4426,-29.0,-0.5,0.0,0.0,0.9548872113227844,0.9831170439720154,0.004048583097755909,0.013996267691254616,0.5576636791229248,0.07237251102924347,0.36835354566574097,0.16320739686489105,0.2915889322757721
3490,-19.1668,-14.0,-33.1668,-29.2031,-0.3984,0.0,0.0,0.9665718078613281,0.9866161346435547,0.001778172911144793,0.009433962404727936,0.4836309552192688,0.05464863032102585,0.32816386222839355,0.17486785352230072,0.33784204721450806
3495,-19.0469,-14.2645,-33.3113,-28.5,-0.75,0.0,0.0,0.9771783947944641,0.978220522403717,0.002969392342492938,0.011822660453617573,0.480282723903656,0.05620335787534714,0.31409358978271484,0.1701647937297821,0.3550606369972229
3500,-18.4426,-15.1039,-33.5465,-28.5781,-0.7109,0.0,0.0,0.9755911231040955,0.9774537682533264,0.0028919645119458437,0.009809091687202454,0.441592276096344,0.050956156104803085,0.28789645433425903,0.1881607621908188,0.3685090243816376
3505,-19.8738,-12.832,-32.7059,-29.5156,-0.2422,0.0,0.0,0.9704697728157043,0.9860518574714661,0.0019184652483090758,0.009134182706475258,0.547247052192688,0.057913556694984436,0.37340641021728516,0.16208022832870483,0.30212220549583435
3510,-18.8969,-15.0391,-33.9359,-28.9062,-0.5469,0.0,0.0,0.9721739292144775,0.9835638999938965,0.0011515431106090546,0.008392699994146824,0.4263392984867096,0.044698383659124374,0.2837764322757721,0.16876554489135742,0.3982820212841034
3515,-18.6469,-15.6668,-34.3137,-28.1875,-0.9062,0.0,0.0,0.9891402721405029,0.9858555197715759,0.0011657729046419263,0.005509890615940094,0.3857886791229248,0.042949315160512924,0.2555581331253052,0.16670553386211395,0.43030938506126404
3520,-17.9656,-16.8313,-34.7969,-27.7969,-1.1016,0.0,0.0,0.9737130403518677,0.9847161769866943,0.0,0.007662197109311819,0.3270089328289032,0.03548663109540939,0.2136193960905075,0.17972636222839355,0.46668997406959534
3525,-16.8047,-17.8184,-34.623,-27.4531,-1.2734,0.0,0.0,0.9752832055091858,0.9794349670410156,0.001433948753401637,0.006766015663743019,0.308407723903656,0.037740983068943024,0.18711131811141968,0.21684545278549194,0.45382463932037354
3530,-17.8031,-17.1199,-34.923,-28.0156,-0.9922,0.0,0.0,0.9672130942344666,0.9786590933799744,0.0004204330325592309,0.007380073890089989,0.326264888048172,0.030822450295090675,0.2058068960905075,0.1848958283662796,0.47399720549583435
3535,-17.7516,-16.3523,-34.1039,-28.0156,-0.9922,0.0,0.0,0.9770932197570801,0.9835929870605469,0.0024454861413687468,0.009046432562172413,0.3683035671710968,0.049207091331481934,0.2345304787158966,0.19072605669498444,0.4210587739944458
3540,-18.068,-16.316,-34.384,-27.2031,-1.3984,0.0,0.0,0.9732313752174377,0.9758580923080444,0.002563007175922394,0.00891027320176363,0.369047611951828,0.04065609350800514,0.23666821420192719,0.18198071420192719,0.436217337846756
3545,-18.6762,-15.0926,-33.7687,-28.2344,-0.8828,0.0,0.0,0.9736841917037964,0.9858232140541077,0.0008530603372491896,0.008562691509723663,0.4233630895614624,0.04135572165250778,0.2906172275543213,0.18225279450416565,0.38129663467407227
3550,-19.0879,-14.1109,-33.1988,-28.4688,-0.7656,0.0,0.0,0.9729729890823364,0.9835184812545776,0.0011555349919945002,0.00802854634821415,0.488095223903656,0.06040111929178238,0.3183690905570984,0.16818252205848694,0.3485696613788605
3555,-20.3438,-11.6309,-31.9746,-29.1875,-0.4062,0.0,0.0,0.9608040452003479,0.991132915019989,0.002851218217983842,0.008041268214583397,0.6082589030265808,0.07734763622283936,0.4120413661003113,0.14995336532592773,0.2561800479888916
3560,-20.4813,-11.7133,-32.1945,-29.0469,-0.4766,0.0,0.0,0.9623128771781921,0.9919440150260925,0.0030079300049692392,0.007408462930470705,0.5915178656578064,0.07528762519359589,0.4052782952785492,0.14214086532592773,0.27281561493873596
3565,-19.4066,-13.5461,-32.9527,-28.7656,-0.6172,0.0,0.0,0.9713603854179382,0.9879254698753357,0.0019469456747174263,0.005023951176553965,0.5130208134651184,0.06514303386211395,0.33799752593040466,0.15970925986766815,0.3326725661754608
3570,-19.7418,-13.0621,-32.8039,-29.2656,-0.3672,0.0,0.0,0.9576687216758728,0.9847303628921509,0.0014749262481927872,0.007276763673871756,0.546875,0.06335510313510895,0.35890859365463257,0.1581156700849533,0.31514304876327515
3575,-20.8293,-10.9187,-31.748,-29.25,-0.375,0.0,0.0,0.9519733786582947,0.9903743267059326,0.0041678245179355145,0.008826414123177528,0.6458333134651184,0.08173973858356476,0.4361007511615753,0.1398864984512329,0.2377953976392746
3580,-20.6645,-10.7516,-31.416,-29.0625,-0.4688,0.0,0.0,0.9589206576347351,0.9887720346450806,0.001691570389084518,0.008984104730188847,0.6733630895614624,0.09650964289903641,0.4361784756183624,0.1378653645515442,0.22496891021728516
3585,-20.4328,-11.3227,-31.7555,-29.25,-0.375,0.0,0.0,0.9731207489967346,0.9908460378646851,0.001603420590981841,0.004770992323756218,0.625,0.08531560748815536,0.42035913467407227,0.14544464647769928,0.24440298974514008
3590,-19.7656,-13.1059,-32.8715,-29.0781,-0.4609,0.0,0.0,0.9754253029823303,0.9896525144577026,0.0009888751665130258,0.005226692650467157,0.5256696343421936,0.0616837702691555,0.3568485677242279,0.1572217047214508,0.31976833939552307
3595,-19.2902,-13.9148,-33.2051,-29.1875,-0.4062,0.0,0.0,0.970588207244873,0.9853488206863403,0.0008986744796857238,0.006439001765102148,0.4951636791229248,0.05021766200661659,0.33426615595817566,0.1730021834373474,0.3380363881587982
3600,-18.8102,-14.3418,-33.152,-28.6094,-0.6953,0.0,0.0,0.9643107056617737,0.9877660870552063,0.0010617965599521995,0.005499541759490967,0.4817708432674408,0.05554259940981865,0.3177083432674408,0.1830301582813263,0.33924129605293274
3605,-18.7242,-14.3988,-33.123,-28.3281,-0.8359,0.0,0.0,0.9838006496429443,0.9850932955741882,0.001088850200176239,0.003611738095059991,0.4821428656578064,0.062383394688367844,0.3102845251560211,0.17848259210586548,0.34437188506126404
3610,-18.8797,-14.5332,-33.4129,-28.4062,-0.7969,0.0,0.0,0.9790794849395752,0.9873369336128235,0.0011276500299572945,0.006948899012058973,0.4542410671710968,0.05573694035410881,0.3038712739944458,0.17234142124652863,0.36357274651527405
3615,-19.4375,-13.4926,-32.9301,-28.9844,-0.5078,0.0,0.0,0.976860523223877,0.9887945652008057,0.0007166746072471142,0.004156769718974829,0.5126488208770752,0.06215018779039383,0.34340018033981323,0.16270211338996887,0.32726991176605225
3620,-19.1453,-13.1898,-32.3352,-28.6719,-0.6641,0.0,0.0,0.9689772129058838,0.9824541807174683,0.003846153849735856,0.007738492451608181,0.5591517686843872,0.08018501102924347,0.3522232472896576,0.1717972606420517,0.2913168668746948
3625,-19.8695,-12.4949,-32.3645,-28.9844,-0.5078,0.0,0.0,0.9673607349395752,0.9881362915039062,0.0019253911450505257,0.0075903949327766895,0.5658482313156128,0.06906872242689133,0.3833177983760834,0.16149720549583435,0.2816386818885803
3630,-19.4629,-13.0316,-32.4945,-28.8281,-0.5859,0.0,0.0,0.9740380048751831,0.9897218346595764,0.0015163002535700798,0.0065203760750591755,0.5435267686843872,0.08383861929178238,0.3479088842868805,0.1538013070821762,0.3099735677242279
3635,-19.0406,-13.9523,-32.993,-28.7969,-0.6016,0.0,0.0,0.979840874671936,0.9914100170135498,0.00047449584235437214,0.002957570133730769,0.4888392984867096,0.07326647639274597,0.31673663854599,0.16382929682731628,0.34168997406959534
3640,-19.5066,-13.1656,-32.6723,-28.6875,-0.6562,0.0,0.0,0.9825327396392822,0.9936925768852234,0.0024230675771832466,0.005967180710285902,0.511532723903656,0.0712064653635025,0.3512515425682068,0.1604088991880417,0.3126554787158966
3645,-18.0867,-15.9586,-34.0453,-28.0156,-0.9922,0.0,0.0,0.9919289946556091,0.9925349950790405,0.00021061499137431383,0.0032947377767413855,0.3761160671710968,0.04815765097737312,0.2499222606420517,0.18454602360725403,0.41289645433425903
3650,-17.873,-16.557,-34.4301,-27.1094,-1.4453,0.0,0.0,0.9854677319526672,0.9900103211402893,0.00021177467715460807,0.005170449614524841,0.3444940447807312,0.042793843895196915,0.2256685346364975,0.18353544175624847,0.443524569272995
3655,-18.359,-16.6773,-35.0363,-28.0156,-0.9922,0.0,0.0,0.9885189533233643,0.986488938331604,0.00023992321803234518,0.004391568247228861,0.3270089328289032,0.0338541679084301,0.2128809094429016,0.16200248897075653,0.48678481578826904
3660,-17.493,-16.7441,-34.2371,-26.7031,-1.6484,0.0,0.0,0.9882550239562988,0.9928259253501892,0.0005882352706976235,0.0041693104431033134,0.3433779776096344,0.04633084684610367,0.22213153541088104,0.19822761416435242,0.42883241176605225
3665,-18.2555,-16.7684,-35.0238,-28.1875,-0.9062,0.0,0.0,0.983775794506073,0.993414044380188,0.0004499437636695802,0.002601837506517768,0.316220223903656,0.026352612301707268,0.21836131811141968,0.1727689653635025,0.4780395030975342
3670,-17.8961,-17.3582,-35.2543,-27.625,-1.1875,0.0,0.0,0.9928264021873474,0.9909347295761108,0.0004422821803018451,0.0024111378006637096,0.293154776096344,0.02709110639989376,0.1929415464401245,0.17576181888580322,0.49972793459892273
3675,-17.3668,-17.4043,-34.7711,-27.3281,-1.3359,0.0,0.0,0.9911110997200012,0.9952940940856934,0.0005925340810790658,0.002087334170937538,0.300967276096344,0.034981343895196915,0.19822761416435242,0.19678948819637299,0.46552392840385437
3680,-17.6746,-17.4871,-35.1617,-27.8281,-1.0859,0.0,0.0,0.9907894730567932,0.996313750743866,0.00042753314482979476,0.0017296957084909081,0.2823660671710968,0.0295398011803627,0.18979321420192719,0.18182525038719177,0.4943641126155853
3685,-17.6887,-17.0852,-34.7738,-27.9844,-1.0078,0.0,0.0,0.9821428656578064,0.9940162897109985,0.0001995211496250704,0.0022910479456186295,0.316220223903656,0.02829601988196373,0.2143578976392746,0.19480721652507782,0.45806124806404114
3690,-18.1344,-17.2215,-35.3559,-28.0938,-0.9531,0.0,0.0,0.9877836108207703,0.994140625,0.0,0.002392713911831379,0.2883184552192688,0.022271454334259033,0.19900497794151306,0.17067009210586548,0.50357586145401
3695,-17.6852,-17.2621,-34.9473,-28.2812,-0.8594,0.0,0.0,0.9843562245368958,0.9982500672340393,0.00041666667675599456,0.002608837326988578,0.2938988208770752,0.03229944035410881,0.19989894330501556,0.18656715750694275,0.47675684094429016
3700,-18.1508,-16.884,-35.0348,-28.6094,-0.6953,0.0,0.0,0.9930651783943176,0.9948821067810059,0.0004454342997632921,0.002994012087583542,0.3072916567325592,0.028023943305015564,0.2126477062702179,0.17451803386211395,0.48033270239830017
3705,-17.4418,-17.9398,-35.3816,-28.4062,-0.7969,0.0,0.0,0.9829867482185364,0.9943355321884155,0.00020271640096325427,0.0028487835079431534,0.2622767984867096,0.020561255514621735,0.17840485274791718,0.1917366236448288,0.5048196315765381
3710,-16.9813,-19.0227,-36.0039,-27.6562,-1.1719,0.0,0.0,0.9850000143051147,0.9920821189880371,0.00020383203809615225,0.0027925160247832537,0.206101194024086,0.01554726343601942,0.13254041969776154,0.19068719446659088,0.5567474961280823
3715,-16.8973,-19.241,-36.1383,-28.1406,-0.9297,0.0,0.0,0.9803921580314636,0.9952815175056458,0.0,0.0021932830568403006,0.1953125,0.013875932432711124,0.12356188148260117,0.1909981369972229,0.5670864582061768
3720,-16.457,-19.8602,-36.3172,-27.1875,-1.4062,0.0,0.0,0.9837398529052734,0.994905948638916,0.0,0.0025351925287395716,0.1674107164144516,0.014342350885272026,0.09919153898954391,0.19939365983009338,0.5825948119163513
3725,-16.9344,-19.4832,-36.4176,-27.6094,-1.1953,0.0,0.0,0.9862637519836426,0.9891146421432495,0.0004258037079125643,0.005189515650272369,0.1711309552192688,0.014148009940981865,0.10712064802646637,0.18256373703479767,0.5916900038719177
3730,-16.4902,-20.709,-37.1992,-27.7656,-2.2422,0.0,0.0,0.9913793206214905,0.9965893626213074,0.0,0.003042051801458001,0.106398805975914,0.004508706275373697,0.05698072165250778,0.18240827322006226,0.6516246795654297
3735,-16.8113,-20.1617,-36.973,-28.0781,-1.0781,0.0,0.0,0.9948717951774597,0.9869149327278137,0.00043946385267190635,0.002759551163762808,0.1380208283662796,0.0075792912393808365,0.0772310346364975,0.17688898742198944,0.6338230967521667
3740,-16.0777,-20.6574,-36.7352,-25.9453,-2.8125,0.0,0.0,0.9942029118537903,0.9993846416473389,0.0009802000131458044,0.003945143893361092,0.1183035746216774,0.013409514911472797,0.06316076219081879,0.19826647639274597,0.6206856369972229
3745,-16.4469,-20.1816,-36.6285,-27.8125,-1.0938,0.0,0.0,0.9963099360466003,0.9935004711151123,0.0,0.003203074913471937,0.1450892835855484,0.010533271357417107,0.08372201770544052,0.19453513622283936,0.6067319512367249
3750,-15.4668,-21.5582,-37.025,-25.2344,-6.5781,0.0,0.0,0.9790209531784058,0.9779249429702759,0.0007169743767008185,0.004569827113300562,0.0863095223903656,0.005558146629482508,0.03521455079317093,0.21684545278549194,0.6379042267799377
3755,-16.1922,-21.4539,-37.6461,-22.7188,-12.0781,0.0,0.0,0.978723406791687,0.9861351847648621,0.0,0.0018582127522677183,0.075148805975914,0.003653606865555048,0.022426927462220192,0.17918221652507782,0.6902596354484558
3760,-15.7641,-21.1066,-36.8707,-26.1094,-5.1797,0.0,0.0,1.0,0.9963099360466003,0.0,0.003920836374163628,0.1011904776096344,0.0065687187016010284,0.052666354924440384,0.2117537260055542,0.6245335936546326
3765,-16.309,-21.2578,-37.5668,-25.4531,-7.3359,0.0,0.0,0.9811320900917053,0.9878197312355042,0.0,0.0027373824268579483,0.0818452388048172,0.002060012426227331,0.03191075846552849,0.17999844253063202,0.6815531849861145
3770,-15.6281,-21.9176,-37.5457,-21.75,-15.1406,0.0,0.0,1.0,0.9717513918876648,0.00019379844889044762,0.0030304763931781054,0.056175597012043,0.0014381218934431672,0.013759328052401543,0.20055970549583435,0.6797652244567871
3775,-14.8207,-21.5121,-36.3328,-25.9531,-4.6953,0.0,0.0,0.9829351305961609,0.9886621236801147,0.00030902348225936294,0.00541733531281352,0.1071428582072258,0.011388370767235756,0.05142257362604141,0.2515547275543213,0.5811567306518555
3780,-15.3238,-21.5781,-36.902,-25.0781,-6.7031,0.0,0.0,0.9938650131225586,0.9979550242424011,0.000522011483553797,0.004333828575909138,0.079613097012043,0.006335509940981865,0.03801305964589119,0.22337530553340912,0.6277984976768494
3785,-16.2555,-21.5336,-37.7891,-22.5078,-12.9688,0.0,0.0,1.0,0.9819004535675049,0.0,0.0018286601407453418,0.0643601194024086,0.0025652984622865915,0.01717972569167614,0.17436255514621735,0.7014148235321045
3790,-15.6687,-21.4754,-37.1441,-24.4297,-7.5547,0.0,0.0,0.9811320900917053,0.996515691280365,0.0005623242468573153,0.0035361102782189846,0.0855654776096344,0.0061800372786819935,0.03346548601984978,0.2073616236448288,0.6485152244567871
3795,-15.2898,-21.3602,-36.65,-25.5469,-4.3594,0.0,0.0,0.9919028282165527,0.9935897588729858,0.0006772773340344429,0.004092333372682333,0.1015625,0.009600435383617878,0.048507463186979294,0.22955535352230072,0.6078591346740723
3800,-15.7797,-21.652,-37.4316,-23.4141,-10.4062,0.0,0.0,0.9883720874786377,0.9948805570602417,0.0007874015718698502,0.0035863027442246675,0.065476194024086,0.0033426617737859488,0.022776741534471512,0.19745025038719177,0.6719527244567871
3805,-15.7555,-21.6066,-37.3621,-23.2734,-10.8047,0.0,0.0,0.9622641801834106,0.9969742894172668,0.00019519812485668808,0.0029154520016163588,0.0729166641831398,0.004120024852454662,0.02569185383617878,0.19912157952785492,0.6665889024734497
3810,-15.6594,-21.8926,-37.552,-22.7969,-13.1172,0.0,0.0,1.0,1.0,0.000388123415177688,0.0020589076448231936,0.0602678582072258,0.0011660447344183922,0.014458955265581608,0.2002876251935959,0.6796097755432129
3815,-15.8434,-21.5047,-37.348,-24.125,-9.1016,0.0,0.0,0.9910714030265808,0.9893190860748291,0.00039077765541151166,0.0032823397777974606,0.073288694024086,0.004353233613073826,0.029112251475453377,0.19892723858356476,0.6631296873092651
3820,-15.0535,-22.352,-37.4055,-19.9609,-18.1562,0.0,0.0,0.918367326259613,0.9770992398262024,0.0,0.000874533609021455,0.0546875,0.0019045397639274597,0.005091728642582893,0.22185945510864258,0.6666666865348816
3825,-15.2547,-22.1066,-37.3613,-22.0625,-14.1406,0.0,0.0,0.9473684430122375,0.9737609624862671,0.001073729363270104,0.0033389958553016186,0.0554315485060215,0.001476990059018135,0.013331778347492218,0.2171952724456787,0.6635183691978455
3830,-15.732,-20.8965,-36.6285,-27.5859,-1.6641,0.0,0.0,0.9850746393203735,0.9951279163360596,0.0008934953366406262,0.00615345174446702,0.114211305975914,0.0078125,0.06382151693105698,0.21750621497631073,0.6063821315765381
3835,-15.5805,-20.5797,-36.1602,-27.5625,-1.3125,0.0,0.0,0.9895287752151489,0.9966698288917542,0.00016943408991210163,0.0034120376221835613,0.143601194024086,0.01484763715416193,0.0817008689045906,0.2293998748064041,0.5695739984512329
3840,-15.9195,-21.5094,-37.4289,-23.6562,-10.1328,0.0,0.0,0.982300877571106,0.9598811268806458,0.0,0.004162331111729145,0.0762648805975914,0.0043921018950641155,0.026158271357417107,0.1926306039094925,0.6723414063453674
3845,-15.8703,-21.2574,-37.1277,-25.1328,-4.7422,0.0,0.0,0.9863013625144958,0.9809428453445435,0.0,0.004063582979142666,0.090773805975914,0.008512127213180065,0.03875155374407768,0.1978389322757721,0.6504197716712952
3850,-15.7262,-21.9195,-37.6457,-21.5156,-15.75,0.0,0.0,0.9642857313156128,0.9225589036941528,0.0,0.001469009555876255,0.063988097012043,0.0010883084032684565,0.01154384296387434,0.19496268033981323,0.6879275441169739
3855,-16.7164,-20.4711,-37.1875,-28.1875,-1.5391,0.0,0.0,1.0,0.9939172863960266,0.0,0.0041861021891236305,0.1116071417927742,0.004741915501654148,0.06389925628900528,0.1769278645515442,0.6499533653259277
3860,-16.6652,-20.2148,-36.8801,-27.3672,-1.6094,0.0,0.0,0.98828125,0.9958741664886475,0.0004295532708056271,0.004076842218637466,0.1320684552192688,0.009950248524546623,0.07536535710096359,0.18097014725208282,0.62923663854599
3865,-15.6254,-20.4254,-36.0508,-27.2344,-1.3828,0.0,0.0,0.9925742745399475,0.9947206377983093,0.0003363040159456432,0.0037458380684256554,0.1551339328289032,0.015702735632658005,0.08834732323884964,0.23114894330501556,0.5603233575820923
3870,-15.7465,-20.9883,-36.7348,-26.1875,-4.6016,0.0,0.0,0.9738219976425171,0.9934554696083069,0.00036049025948159397,0.0039941673167049885,0.112351194024086,0.007423818577080965,0.05939054861664772,0.21564054489135742,0.6130674481391907
3875,-16.3875,-20.6742,-37.0617,-27.9922,-1.8125,0.0,0.0,0.9928571581840515,0.9885277152061462,0.0,0.0034036345314234495,0.1168154776096344,0.005441542249172926,0.06098414212465286,0.18959887325763702,0.6394978165626526
3880,-15.8367,-21.0516,-36.8883,-27.1094,-3.1797,0.0,0.0,0.9529411792755127,0.9862219095230103,0.0011217050487175584,0.004212613217532635,0.107886902987957,0.006607586983591318,0.05359918996691704,0.20790578424930573,0.627409815788269
3885,-16.0891,-20.9898,-37.0789,-26.1094,-4.9453,0.0,0.0,0.9865771532058716,0.9924012422561646,0.00019880715990439057,0.002901178551837802,0.1019345223903656,0.0057913558557629585,0.051150497049093246,0.19550684094429016,0.6430736780166626
3890,-16.0754,-21.3242,-37.3996,-24.6641,-8.2578,0.0,0.0,0.9626168012619019,0.9941520690917969,0.00020445715927053243,0.002094606403261423,0.084449402987957,0.004158893134444952,0.033232275396585464,0.1901041716337204,0.6680270433425903
3895,-16.4438,-20.4422,-36.8859,-27.6094,-1.8984,0.0,0.0,1.0,0.9934029579162598,0.0004087472043465823,0.004525728523731232,0.122023805975914,0.007695895619690418,0.07070118188858032,0.1901818960905075,0.6269434094429016
3900,-15.7719,-21.7613,-37.5332,-23.5234,-11.7578,0.0,0.0,0.9333333373069763,0.9693251252174377,0.0,0.003094910643994808,0.0647321417927742,0.0011660447344183922,0.019006529822945595,0.1971781700849533,0.6781716346740723
3905,-15.9672,-20.9605,-36.9277,-25.7578,-5.3906,0.0,0.0,0.9946236610412598,0.976123571395874,0.0003817522374447435,0.0029028472490608692,0.1138392835855484,0.007229477632790804,0.05534825846552849,0.20363028347492218,0.6293143630027771
3910,-16.3434,-20.0336,-36.377,-27.8281,-1.0859,0.0,0.0,0.9968051314353943,0.9896907210350037,0.0,0.0025249170139431953,0.1640625,0.012165733613073826,0.09425528347492218,0.20413556694984436,0.5849658250808716
3915,-16.5598,-20.3344,-36.8941,-28.2656,-1.2188,0.0,0.0,0.9746835231781006,0.9815950989723206,0.0,0.0022421525791287422,0.142485111951828,0.006141168996691704,0.07602611929178238,0.189287930727005,0.6240671873092651
3920,-16.118,-21.4148,-37.5328,-24.5625,-8.25,0.0,0.0,0.9777777791023254,0.9473684430122375,0.00020938023226335645,0.002060557482764125,0.087425597012043,0.00349813443608582,0.027324315160512924,0.1856343299150467,0.6790655851364136
3925,-16.2043,-20.8156,-37.0199,-27.3984,-2.2031,0.0,0.0,1.0,0.9919785857200623,0.0,0.0018971848767250776,0.1134672611951828,0.006024564616382122,0.05814676731824875,0.19624534249305725,0.6351057291030884
3930,-16.4113,-20.4742,-36.8855,-28.0625,-1.1328,0.0,0.0,0.9835164546966553,0.9785832166671753,0.0004061738436575979,0.0033513312228024006,0.1354166716337204,0.0070740049704909325,0.07077892124652863,0.19138681888580322,0.6262826323509216
3935,-15.8875,-21.4809,-37.3684,-25.3594,-6.8672,0.0,0.0,0.9876543283462524,0.9604591727256775,0.0,0.0027475738897919655,0.0855654776096344,0.0031483208294957876,0.030472636222839355,0.1970227062702179,0.6648787260055542
3940,-15.2969,-22.2988,-37.5957,-20.1094,-18.8906,0.0,0.0,1.0,0.692307710647583,0.0,0.0016523274825885892,0.0520833320915699,0.000155472633196041,0.0025264304131269455,0.21066541969776154,0.6821750402450562
3945,-15.7094,-21.9016,-37.6109,-22.2188,-14.2969,0.0,0.0,1.0,0.895061731338501,0.0,0.0019267823081463575,0.0691964253783226,0.0013215173967182636,0.01259328331798315,0.19574004411697388,0.6858675479888916
3950,-16.0957,-21.1406,-37.2363,-25.9297,-3.875,0.0,0.0,0.9800000190734863,0.9940476417541504,0.001028806553222239,0.003947678487747908,0.0904017835855484,0.00777363171800971,0.039179105311632156,0.18889924883842468,0.6596704125404358
3955,-15.8484,-21.6246,-37.473,-24.4688,-9.4922,0.0,0.0,0.9795918464660645,0.9642857313156128,0.0005933544016443193,0.0034644033294171095,0.071800597012043,0.0019045397639274597,0.02394278533756733,0.19651740789413452,0.6731576323509216
3960,-15.341,-21.9059,-37.2469,-23.2031,-12.0703,0.0,0.0,0.9836065769195557,0.9914236664772034,0.0003561253543011844,0.0010131108574569225,0.0721726194024086,0.002370957750827074,0.022660136222839355,0.21828357875347137,0.6522077322006226
3965,-15.4098,-21.9395,-37.3492,-23.0156,-12.5859,0.0,0.0,0.9696969985961914,0.9838383793830872,0.00018211618589702994,0.001586275757290423,0.0699404776096344,0.0012826492311432958,0.01923973858356476,0.21342505514621735,0.6615749597549438
3970,-16.4242,-20.9477,-37.3719,-25.7266,-5.4297,0.0,0.0,0.9940828680992126,0.9890710115432739,0.00021791239851154387,0.002735102316364646,0.096726194024086,0.0065687187016010284,0.04267723858356476,0.17836597561836243,0.6679104566574097
3975,-16.3945,-21.3,-37.6945,-24.2109,-9.9141,0.0,0.0,0.9852941036224365,0.9678832292556763,0.0,0.0022440392058342695,0.0803571417927742,0.0026430347934365273,0.026624688878655434,0.1734297275543213,0.6928249597549438
3980,-16.4434,-20.7512,-37.1945,-26.1953,-2.8047,0.0,0.0,0.995555579662323,0.9811035394668579,0.0,0.003969429526478052,0.1086309552192688,0.008745335973799229,0.05142257362604141,0.17929881811141968,0.6560556888580322
3985,-16.3152,-21.032,-37.3473,-24.4141,-6.6016,0.0,0.0,0.982758641242981,0.986868679523468,0.00043630017898976803,0.0033654402941465378,0.0915178582072258,0.009017412550747395,0.03847947716712952,0.17817163467407227,0.6698538661003113
3990,-15.8586,-21.725,-37.5836,-22.8203,-12.625,0.0,0.0,1.0,0.9698275923728943,0.0,0.0021600727923214436,0.0665922611951828,0.0019822760950773954,0.01803482510149479,0.1917366236448288,0.683768630027771
3995,-16.2742,-21.4949,-37.7691,-23.3594,-12.25,0.0,0.0,0.9428571462631226,0.9609375,0.0,0.002723886864259839,0.0677083358168602,0.0013603855622932315,0.019900497049093246,0.17506219446659088,0.6991993188858032
4000,-16.1488,-21.5922,-37.741,-22.8984,-12.5391,0.0,0.0,0.9729729890823364,0.9598308801651001,0.0,0.000779813970439136,0.071800597012043,0.0014381218934431672,0.01838463917374611,0.177899569272995,0.6978000402450562
4005,-16.0168,-20.9633,-36.9801,-27.0078,-2.7969,0.0,0.0,0.9830508232116699,0.9768785834312439,0.0007760962471365929,0.0020826952531933784,0.118675597012043,0.006879664026200771,0.0537935309112072,0.20032648742198944,0.6345226764678955
4010,-16.5801,-20.5352,-37.1152,-27.5625,-2.5781,0.0,0.0,1.0,0.9828641414642334,0.0006443298771046102,0.002951273927465081,0.122023805975914,0.005713619291782379,0.06351057440042496,0.18097014725208282,0.6453280448913574
4015,-15.8855,-21.6008,-37.4863,-23.9062,-10.2891,0.0,0.0,0.95652174949646,0.9568690061569214,0.00019988007261417806,0.0010956060141324997,0.0825892835855484,0.002681903075426817,0.02433146722614765,0.19445739686489105,0.6740516424179077
4020,-16.4547,-20.7836,-37.2383,-26.7188,-3.8906,0.0,0.0,0.9871794581413269,0.982988178730011,0.0006448838976211846,0.002014217898249626,0.1101190447807312,0.006063432898372412,0.05254974961280823,0.1808146834373474,0.6560945510864258
4025,-15.6984,-21.0199,-36.7184,-25.9688,-3.75,0.0,0.0,1.0,0.9931926727294922,0.0001805380015866831,0.0018380022374913096,0.1171875,0.009872512891888618,0.05709732696413994,0.21529074013233185,0.6132618188858032
4030,-15.7668,-21.291,-37.0578,-26.5234,-3.7891,0.0,0.0,0.976190447807312,0.9739443063735962,0.00037643517134711146,0.003881610929965973,0.0982142835855484,0.0048973881639540195,0.04326026141643524,0.20650653541088104,0.6408582329750061
4035,-16.2309,-21.032,-37.2629,-27.3359,-2.8672,0.0,0.0,1.0,0.9738396406173706,0.00020571898494381458,0.002901812084019184,0.1008184552192688,0.004197761416435242,0.0460587702691555,0.18893812596797943,0.6563277244567871
4040,-15.7629,-21.9996,-37.7625,-20.9141,-17.2109,0.0,0.0,1.0,0.9767441749572754,0.0,0.0002232391998404637,0.0554315485060215,0.0003886815975420177,0.0066853235475718975,0.19200870394706726,0.6964396834373474
4045,-16.2352,-21.0773,-37.3125,-24.8438,-5.7891,0.0,0.0,0.9950248599052429,0.98233562707901,0.00021150591783225536,0.00216475548222661,0.0978422611951828,0.0078125,0.03960665315389633,0.18376865983009338,0.6643345952033997
4050,-16.1176,-20.6938,-36.8113,-27.5625,-1.3594,0.0,0.0,1.0,0.9839667677879333,0.0005795981269329786,0.0026324037462472916,0.1227678582072258,0.008745335973799229,0.06545397639274597,0.2011815905570984,0.6201415061950684
4055,-16.4883,-20.509,-36.9973,-27.2734,-2.8047,0.0,0.0,1.0,0.986810564994812,0.00021065936016384512,0.0021957913413643837,0.1276041716337204,0.00893967691808939,0.06483209133148193,0.18450714647769928,0.6372434496879578
4060,-16.1016,-20.6063,-36.7078,-28.0312,-1.125,0.0,0.0,1.0,0.9967051148414612,0.0,0.00203432934358716,0.1276041716337204,0.00893967691808939,0.07077892124652863,0.20440764725208282,0.6113961338996887
4065,-15.7586,-21.0848,-36.8434,-25.9609,-3.2734,0.0,0.0,0.9958333373069763,0.9826415181159973,0.00018597730377223343,0.004658963996917009,0.1037946417927742,0.009328357875347137,0.05150030925869942,0.2089940905570984,0.6256996393203735
4070,-16.684,-20.1984,-36.8824,-28.0781,-1.0078,0.0,0.0,1.0,0.9980019927024841,0.0006422607693821192,0.003651668084785342,0.129836305975914,0.008162313140928745,0.07781405746936798,0.1815531700849533,0.6279928684234619
4075,-16.0172,-21.4617,-37.4789,-24.3984,-9.0469,0.0,0.0,1.0,1.0,0.0,0.0027056587859988213,0.0747767835855484,0.00295398011803627,0.027518656104803085,0.1898709535598755,0.6751787662506104
4080,-15.3859,-21.8852,-37.2711,-23.4531,-10.6797,0.0,0.0,0.9861111044883728,0.9909090995788574,0.0,0.0030772872269153595,0.0669642835855484,0.0027985074557363987,0.02137748710811138,0.21455223858356476,0.6567941308021545
4085,-15.4852,-21.4207,-36.9059,-25.9297,-5.3047,0.0,0.0,1.0,0.9954379796981812,0.00035448421840555966,0.004208962433040142,0.0926339253783226,0.005674751475453377,0.042599502950906754,0.21929416060447693,0.6279540061950684
4090,-15.4605,-21.3762,-36.8367,-26.2266,-5.2266,0.0,0.0,0.9920634627342224,0.9991803169250488,0.0,0.003383882576599717,0.0948660746216774,0.0048973881639540195,0.04741915315389633,0.22294776141643524,0.620258092880249
4095,-15.6277,-21.7238,-37.3516,-23.1719,-10.7969,0.0,0.0,1.0,0.9932998418807983,0.0,0.0022217025980353355,0.0710565447807312,0.0036924751475453377,0.023204291239380836,0.20382462441921234,0.6648010015487671
4100,-16.3828,-20.9062,-37.2891,-27.7188,-2.4062,0.0,0.0,0.9797979593276978,0.9920886158943176,0.00020977553504053503,0.0035481962841004133,0.095238097012043,0.003847947809845209,0.04912935197353363,0.18528451025485992,0.6572605967521667
4105,-16.2625,-21.243,-37.5055,-24.8906,-7.9922,0.0,0.0,1.0,0.9976470470428467,0.00021477663540281355,0.0012045428156852722,0.0840773805975914,0.003886815859004855,0.0330379344522953,0.18097014725208282,0.6776275038719177
4110,-16.4336,-19.9809,-36.4145,-27.2656,-1.3672,0.0,0.0,0.9972752332687378,1.0,0.00039354583714157343,0.0044680992141366005,0.1473214328289032,0.014264614321291447,0.09219527244567871,0.19752798974514008,0.5915344953536987
4115,-16.6621,-19.1922,-35.8543,-27.7344,-1.1328,0.0,0.0,0.9976470470428467,0.9988073706626892,0.00018864365119952708,0.0035816619638353586,0.197172611951828,0.01651896722614765,0.1303638070821762,0.20604011416435242,0.5425994992256165
4120,-16.2504,-19.5129,-35.7633,-26.4531,-1.7734,0.0,0.0,0.9965397715568542,1.0,0.0,0.002661487553268671,0.1915922611951828,0.022465795278549194,0.11780939251184464,0.21490205824375153,0.5403451323509216
4125,-16.2898,-19.3461,-35.6359,-27.5625,-1.2188,0.0,0.0,0.9907235503196716,0.9960546493530273,0.0,0.0029424745589494705,0.206101194024086,0.020949937403202057,0.12807057797908783,0.21812811493873596,0.5283737778663635
4130,-17.427,-17.9062,-35.3332,-28.2344,-0.8828,0.0,0.0,0.9941349029541016,0.9991106986999512,0.0002071251074085012,0.001764886430464685,0.2607886791229248,0.026508085429668427,0.17482897639274597,0.1876554787158966,0.5065298676490784
4135,-17.3848,-18.2273,-35.6121,-28.5469,-0.7266,0.0,0.0,0.992682933807373,0.9983762502670288,0.0,0.0012709329603239894,0.2444196492433548,0.01593594439327717,0.1675606369972229,0.19212530553340912,0.5199005007743835
4140,-18.0578,-17.0465,-35.1043,-28.0312,-0.9844,0.0,0.0,0.9923076629638672,0.9975214600563049,0.00045372050954028964,0.0015070992521941662,0.2972470223903656,0.030317164957523346,0.2038635015487671,0.17133083939552307,0.4900108873844147
4145,-17.6359,-17.4508,-35.0867,-27.8125,-1.0938,0.0,0.0,0.9931662678718567,0.9987623691558838,0.0,0.0012666244292631745,0.284970223903656,0.034126244485378265,0.18843284249305725,0.18198071420192719,0.4909825921058655
4150,-17.868,-17.0734,-34.9414,-27.4219,-1.2891,0.0,0.0,0.9970119595527649,0.997073769569397,0.0,0.000887168338522315,0.3046875,0.03902363032102585,0.19923818111419678,0.17533425986766815,0.481926292181015
4155,-17.307,-18.391,-35.698,-27.6875,-1.1562,0.0,0.0,0.9963768124580383,0.9977392554283142,0.0006318449741229415,0.001162875210866332,0.2347470223903656,0.021455224603414536,0.15473413467407227,0.18454602360725403,0.5347869992256165
4160,-17.5895,-17.6914,-35.2809,-27.8906,-1.0547,0.0,0.0,0.9945799708366394,0.997639000415802,0.0,0.0002321622014278546,0.275297611951828,0.028684701770544052,0.18108674883842468,0.18349657952785492,0.5022543668746948
4165,-18.1457,-16.5039,-34.6496,-28.375,-0.8125,0.0,0.0,0.9945115447044373,0.9977883696556091,0.00043936731526628137,0.0017095478251576424,0.3288690447807312,0.03540889173746109,0.22846704721450806,0.1769278645515442,0.45471858978271484
4170,-17.4078,-17.1371,-34.5449,-27.8281,-1.0859,0.0,0.0,0.9916666746139526,0.997732400894165,0.0007968127611093223,0.0018887362675741315,0.3158482015132904,0.04197761043906212,0.20569029450416565,0.19511815905570984,0.4527363181114197
4175,-17.4973,-18.1582,-35.6555,-27.0938,-1.4531,0.0,0.0,0.9985734820365906,0.9960376620292664,0.0,0.0011597564443945885,0.2488839328289032,0.02724657952785492,0.15694962441921234,0.17510105669498444,0.5362251400947571
4180,-17.0285,-19.0031,-36.0316,-28.2969,-0.8516,0.0,0.0,1.0,0.9970725774765015,0.0,0.0018167842645198107,0.2038690447807312,0.014964241534471512,0.13277363777160645,0.19154228270053864,0.5562422275543213
4185,-16.8141,-18.9059,-35.7199,-27.9844,-1.0078,0.0,0.0,0.9937888383865356,0.9982663989067078,0.0,0.002156101865693927,0.2191220223903656,0.02503109537065029,0.1345227062702179,0.1951570212841034,0.5408115386962891
4190,-15.6973,-20.0871,-35.7844,-27.6094,-1.1953,0.0,0.0,0.9942418336868286,0.9962164163589478,0.00016857721493579447,0.0017928858287632465,0.1763392835855484,0.020250311121344566,0.10272854566574097,0.23056592047214508,0.54197758436203
4195,-16.3941,-19.4668,-35.8609,-26.8125,-1.5938,0.0,0.0,0.994339644908905,0.9944189190864563,0.00037306471494957805,0.0021272068843245506,0.1960565447807312,0.020600125193595886,0.11839241534471512,0.20837220549583435,0.5481576323509216
4200,-16.3992,-19.9172,-36.3164,-28.3906,-0.8047,0.0,0.0,0.9924242496490479,0.9957967400550842,0.0,0.0022924954537302256,0.1636904776096344,0.010261193849146366,0.10171797126531601,0.20708955824375153,0.576453685760498
4205,-16.1926,-20.9633,-37.1559,-26.625,-3.8203,0.0,0.0,1.0,0.9984496235847473,0.00020202020823489875,0.0010807565413415432,0.104538694024086,0.005635883193463087,0.05013992637395859,0.19239738583564758,0.6473491787910461
4210,-16.1961,-20.3199,-36.516,-27.0469,-2.3438,0.0,0.0,0.9966216087341309,0.9976415038108826,0.0,0.0016895184526219964,0.1458333283662796,0.011504975147545338,0.08240050077438354,0.20347481966018677,0.5981420874595642
4215,-16.0797,-21.1973,-37.277,-25.7656,-5.7031,0.0,0.0,0.9926470518112183,0.9921414256095886,0.0,0.002238849876448512,0.0918898805975914,0.0052860695868730545,0.03956778720021248,0.19095925986766815,0.6597092747688293
4220,-15.866,-21.3094,-37.1754,-26.0469,-4.7656,0.0,0.0,0.9927536249160767,0.9990176558494568,0.0,0.0007181328255683184,0.0948660746216774,0.005363806150853634,0.03956778720021248,0.20110385119915009,0.6494869589805603
4225,-15.6336,-21.0031,-36.6367,-26.6875,-3.0391,0.0,0.0,1.0,1.0,0.0003553029091563076,0.002113217255100608,0.1160714253783226,0.008473258465528488,0.06129508838057518,0.21878886222839355,0.606965184211731
4230,-16.3281,-21.127,-37.4551,-24.9766,-7.7266,0.0,0.0,1.0,0.9908350110054016,0.0,0.0015574527205899358,0.088913694024086,0.003847947809845209,0.0381685309112072,0.1796875,0.6738184094429016
4235,-16.118,-21.0809,-37.1988,-25.9609,-5.3828,0.0,0.0,0.9919999837875366,0.995759129524231,0.00019992003217339516,0.001972032943740487,0.0982142835855484,0.00485851988196373,0.04582555964589119,0.1944185346364975,0.6504197716712952
4240,-15.6059,-21.8625,-37.4684,-21.5625,-14.8125,0.0,0.0,1.0,0.9953051805496216,0.0,0.0008075214573182166,0.0677083358168602,0.003070584498345852,0.016557835042476654,0.20203669369220734,0.6738572716712952
4245,-16.4762,-20.9328,-37.409,-26.6719,-4.2422,0.0,0.0,0.9918032884597778,0.9964253902435303,0.00022084805823396891,0.002663424238562584,0.096726194024086,0.004741915501654148,0.043493468314409256,0.17599502205848694,0.6712920069694519
4250,-16.2055,-21.5914,-37.7969,-22.625,-13.1562,0.0,0.0,1.0,0.9975903630256653,0.0,0.0011638217838481069,0.0643601194024086,0.0016324627213180065,0.01613028533756733,0.176422581076622,0.7013370394706726
4255,-17.0977,-19.6523,-36.75,-28.1328,-1.1094,0.0,0.0,0.9961832165718079,0.9959790706634521,0.0,0.0017664501210674644,0.1607142835855484,0.010183457285165787,0.09666511416435242,0.17257462441921234,0.6160991787910461
4260,-16.5543,-21.1668,-37.7211,-24.5781,-9.2969,0.0,0.0,0.9838709831237793,0.9870298504829407,0.0,0.002404383849352598,0.0788690447807312,0.00240982579998672,0.029967350885272026,0.16802705824375153,0.6951181888580322
4265,-16.05,-21.6715,-37.7215,-22.3672,-13.4609,0.0,0.0,1.0,1.0,0.0004264392191544175,0.00323714897967875,0.0569196417927742,0.0017879352672025561,0.015041977167129517,0.1822916716337204,0.6964008212089539
4270,-15.9996,-20.4926,-36.4922,-27.9453,-1.2031,0.0,0.0,0.9955947399139404,0.9937228560447693,0.0009125752840191126,0.0034069318789988756,0.1339285671710968,0.008823072537779808,0.08049596101045609,0.21295864880084991,0.593244731426239
4275,-15.9941,-20.8645,-36.8586,-26.7969,-3.125,0.0,0.0,0.9841269850730896,0.9961165189743042,0.0001909125567181036,0.0021160070318728685,0.115699402987957,0.007346082013100386,0.06005130708217621,0.20359142124652863,0.6245335936546326
4280,-15.8066,-21.6238,-37.4305,-22.6562,-10.6328,0.0,0.0,1.0,0.9911660552024841,0.0001990445889532566,0.0008093889337033033,0.076636902987957,0.00594682851806283,0.021999377757310867,0.19527363777160645,0.6723025441169739
4285,-16.3281,-20.3664,-36.6945,-27.5312,-1.2344,0.0,0.0,0.9963235259056091,0.9984802603721619,0.0,0.0013345195911824703,0.138764888048172,0.010572139173746109,0.07672574371099472,0.19659514725208282,0.6116293668746948
4290,-15.7969,-21.0902,-36.8871,-25.5938,-4.1484,0.0,0.0,0.9881889820098877,0.9821150898933411,0.0,0.0024721878580749035,0.1116071417927742,0.009872512891888618,0.04998445138335228,0.2067786008119583,0.6288868188858032
4295,-16.5109,-20.793,-37.3039,-27.5859,-3.1406,0.0,0.0,1.0,0.9933085441589355,0.00021630975243169814,0.003061344614252448,0.103050597012043,0.0033426617737859488,0.05227767303586006,0.1796875,0.6602145433425903
4300,-15.9273,-21.6039,-37.5312,-23.75,-10.4141,0.0,0.0,1.0,1.0,0.0002036245132330805,0.0012588693061843514,0.0706845223903656,0.0029151118360459805,0.022465795278549194,0.19088153541088104,0.6792599558830261
4305,-15.8434,-21.0395,-36.8828,-26.0469,-4.0625,0.0,0.0,0.9953488111495972,0.9911699891090393,0.00018796992662828416,0.002910937648266554,0.1086309552192688,0.008356654085218906,0.05282182991504669,0.2067786008119583,0.627565324306488
4310,-16.6313,-20.5266,-37.1578,-27.6094,-2.5781,0.0,0.0,0.9841269850730896,0.9871794581413269,0.0,0.0025202520191669464,0.1194196417927742,0.0048973881639540195,0.06366604566574097,0.17922107875347137,0.6477378606796265
4315,-15.4176,-21.1328,-36.5504,-25.7656,-4.3203,0.0,0.0,0.9922480583190918,0.9926666617393494,0.00017088174354285002,0.002333117416128516,0.120163694024086,0.010027985088527203,0.05830223858356476,0.2274564653635025,0.599735677242279
4320,-16.0906,-21.0289,-37.1195,-26.5469,-3.1094,0.0,0.0,0.9885714054107666,0.9918566942214966,0.00019976028124801815,0.001924117561429739,0.1056547611951828,0.006801927927881479,0.04773009940981865,0.1945739984512329,0.6464163661003113
4325,-16.4762,-20.7676,-37.2438,-26.5,-2.9922,0.0,0.0,1.0,0.9924471378326416,0.0,0.0015371880726888776,0.1090029776096344,0.007462686393409967,0.051461443305015564,0.17918221652507782,0.657416045665741
4330,-16.6777,-20.2344,-36.9121,-28.0078,-1.4766,0.0,0.0,1.0,0.9969696998596191,0.0004238185938447714,0.0035272277891635895,0.129836305975914,0.007035136688500643,0.07695895433425903,0.18341884016990662,0.6281094551086426
4335,-16.3242,-20.9566,-37.2809,-25.4453,-5.1953,0.0,0.0,0.9949238300323486,0.9938380122184753,0.0,0.002936857519671321,0.0956101194024086,0.0076570273377001286,0.04415423050522804,0.18198071420192719,0.6617304086685181
4340,-15.8555,-21.1043,-36.9598,-25.8125,-5.2109,0.0,0.0,0.9945054650306702,0.9930015802383423,0.00037721614353358746,0.0025814382825046778,0.1034226194024086,0.0070740049704909325,0.04998445138335228,0.20607897639274597,0.6323849558830261
4345,-16.4926,-20.307,-36.7996,-27.0859,-2.0547,0.0,0.0,0.9960317611694336,0.9953964352607727,0.00041017227340489626,0.002757410518825054,0.1316964328289032,0.009794776327908039,0.07598724961280823,0.18952114880084991,0.6202192306518555
4350,-16.4527,-20.5918,-37.0445,-27.9453,-1.3438,0.0,0.0,1.0,0.998171865940094,0.0,0.0021857924293726683,0.115699402987957,0.006218905560672283,0.06378264725208282,0.18536224961280823,0.6401585936546326
4355,-16.2281,-20.3789,-36.607,-28.375,-0.8125,0.0,0.0,1.0,0.9956896305084229,0.0,0.002518403809517622,0.1372767835855484,0.008278917521238327,0.08115671575069427,0.2041744440793991,0.6019123196601868
4360,-16.7227,-19.7156,-36.4383,-28.2031,-0.8984,0.0,0.0,1.0,0.9977400898933411,0.0,0.0036234271246939898,0.1588541716337204,0.01084421668201685,0.103194959461689,0.19150342047214508,0.5899797677993774
4365,-16.5977,-19.7078,-36.3055,-27.4062,-1.2969,0.0,0.0,0.9950494766235352,0.9973474740982056,0.0001975113555090502,0.0023436453193426132,0.1711309552192688,0.015702735632658005,0.10257307440042496,0.19678948819637299,0.5804570913314819
4370,-16.6352,-19.4852,-36.1203,-27.7031,-1.1484,0.0,0.0,0.9960317611694336,0.9965010285377502,0.0,0.002110710134729743,0.1848958283662796,0.019589552655816078,0.1110851988196373,0.19399097561836243,0.5708566308021545
4375,-16.9238,-19.7129,-36.6367,-28.5469,-0.7266,0.0,0.0,1.0,0.9977090358734131,0.0,0.0010335249826312065,0.1625744104385376,0.006879664026200771,0.10179571062326431,0.1851290464401245,0.6017179489135742
4380,-16.3715,-20.0055,-36.377,-27.4375,-1.2812,0.0,0.0,0.9902200698852539,0.9855931997299194,0.0003917727735824883,0.0019121719524264336,0.1685267835855484,0.015897076576948166,0.09172885864973068,0.19842195510864258,0.5894744992256165
4385,-17.3355,-18.9281,-36.2637,-28.1094,-0.9453,0.0,0.0,0.9971988797187805,0.998493492603302,0.0,0.0020282603800296783,0.1975446492433548,0.013875932432711124,0.12900342047214508,0.1777440905570984,0.5748989582061768
4390,-16.3598,-18.2359,-34.5957,-27.0938,-1.4531,0.0,0.0,0.9983498454093933,0.997668445110321,0.0,0.000842034351080656,0.277529776096344,0.04710821062326431,0.16670553386211395,0.22011038661003113,0.4615982472896576
4395,-15.7945,-20.4023,-36.1969,-26.9609,-1.6016,0.0,0.0,0.9926199316978455,0.9985429644584656,0.0,0.002084033563733101,0.1506696492433548,0.021066542714834213,0.08002953976392746,0.21626244485378265,0.5781638622283936
4400,-16.2898,-20.3457,-36.6355,-27.3047,-1.875,0.0,0.0,1.0,0.9955467581748962,0.0,0.0019795657135546207,0.1421130895614624,0.01084421668201685,0.07855255156755447,0.19745025038719177,0.6086753606796265
4405,-17.4996,-18.784,-36.2836,-28.3281,-0.8359,0.0,0.0,0.9948979616165161,0.9914403557777405,0.0,0.0016787536442279816,0.2094494104385376,0.015236318111419678,0.1316853165626526,0.16977612674236298,0.5788246393203735
4410,-15.7262,-19.782,-35.5082,-26.5781,-1.7109,0.0,0.0,0.9928977489471436,0.9996541142463684,0.0008378016063943505,0.0023744157515466213,0.1938244104385376,0.027363184839487076,0.11236784607172012,0.23196516931056976,0.5238261818885803
4415,-16.6039,-20.2684,-36.8723,-28.0156,-0.9922,0.0,0.0,1.0,1.0,0.00021137180738151073,0.000806451600510627,0.135788694024086,0.00944496225565672,0.07563743740320206,0.18388526141643524,0.6265547275543213
4420,-16.5176,-20.0156,-36.5332,-27.6406,-1.1797,0.0,0.0,0.9967213273048401,1.0,0.00039635354187339544,0.0020174412056803703,0.1536458283662796,0.011854788288474083,0.09029073268175125,0.1961287260055542,0.5972481369972229
4425,-16.1953,-19.7191,-35.9145,-26.7812,-1.6094,0.0,0.0,0.9981024861335754,0.9996451139450073,0.00018338528752792627,0.001474512042477727,0.1819196492433548,0.02048351988196373,0.10953047126531601,0.21194806694984436,0.5535603165626526
4430,-16.6145,-19.1797,-35.7941,-27.75,-1.125,0.0,0.0,0.9981583952903748,0.9960606098175049,0.0005721914931200445,0.0018632650608196855,0.207961305975914,0.021105410531163216,0.128264918923378,0.2037857621908188,0.5423662662506104
4435,-15.9102,-20.5625,-36.4727,-26.5469,-2.125,0.0,0.0,1.0,0.9974489808082581,0.00018158707825932652,0.001637733425013721,0.1372767835855484,0.011971392668783665,0.07618159055709839,0.21404695510864258,0.5933224558830261
4440,-16.5453,-20.4207,-36.966,-26.4297,-3.0859,0.0,0.0,1.0,1.0,0.0006428112392313778,0.0015873984666541219,0.1246279776096344,0.009833644144237041,0.06766946613788605,0.1813977062702179,0.6366215944290161
4445,-15.5289,-21.0672,-36.5961,-26.3281,-4.0156,0.0,0.0,0.9963369965553284,1.0,0.0003484927583485842,0.00135335442610085,0.1175595223903656,0.010611007921397686,0.05872979015111923,0.2230643630027771,0.6031172275543213
4450,-15.5371,-21.6379,-37.175,-23.5391,-10.3203,0.0,0.0,1.0,0.9986962080001831,0.000368324137525633,0.0005986589821986854,0.0833333358168602,0.005402673967182636,0.029811877757310867,0.21105410158634186,0.6492537260055542
4455,-16.0207,-20.7938,-36.8145,-26.1406,-4.4609,0.0,0.0,0.9961977005004883,1.0,0.0003841721045318991,0.0010621016845107079,0.120163694024086,0.010222326032817364,0.06082867085933685,0.20234763622283936,0.6221237778663635
4460,-15.9473,-20.8715,-36.8187,-26.8281,-3.0391,0.0,0.0,1.0,1.0,0.00037643517134711146,0.0012527403887361288,0.1171875,0.008240049704909325,0.06024564802646637,0.20650653541088104,0.6205301880836487
4465,-16.3867,-20.582,-36.9688,-27.0859,-2.2891,0.0,0.0,1.0,1.0,0.00020695364219136536,0.0030569820664823055,0.1171875,0.00858986284583807,0.0633939653635025,0.18781094253063202,0.63572758436203
4470,-15.8512,-20.6336,-36.4848,-26.9297,-2.4141,0.0,0.0,1.0,0.9994832277297974,0.0,0.0028146887198090553,0.1331845223903656,0.009794776327908039,0.07520988583564758,0.21672885119915009,0.5937888622283936
4475,-16.132,-21.034,-37.166,-25.8125,-5.4688,0.0,0.0,0.9941860437393188,0.9991645812988281,0.0,0.0017925429856404662,0.0993303582072258,0.0066853235475718975,0.04652518779039383,0.1918143630027771,0.6504974961280823
4480,-15.8016,-21.1711,-36.9727,-26.8906,-3.7109,0.0,0.0,1.0,0.9992272257804871,0.0003716781211551279,0.0020926939323544502,0.098586305975914,0.004586442839354277,0.0502953976392746,0.209149569272995,0.6314910054206848
4485,-16.4027,-20.182,-36.5848,-27.125,-1.4375,0.0,0.0,0.9969879388809204,1.0,0.0006001200526952744,0.0037189023569226265,0.1421130895614624,0.012904228642582893,0.08212842047214508,0.19430193305015564,0.6061878204345703
4490,-16.2773,-20.6566,-36.934,-27.0625,-3.1094,0.0,0.0,1.0,0.9969733953475952,0.0,0.0011102886637672782,0.1216517835855484,0.007462686393409967,0.0642101988196373,0.19371891021728516,0.6301305890083313
4495,-16.323,-20.1738,-36.4969,-27.3594,-1.5547,0.0,0.0,0.9969325065612793,1.0,0.0,0.0008454734925180674,0.1499255895614624,0.01267101988196373,0.08659826219081879,0.19861629605293274,0.5976368188858032
4500,-16.8953,-18.5383,-35.4336,-27.2969,-1.3516,0.0,0.0,0.9940029978752136,0.9974683523178101,0.0001929384598042816,0.0016616313951089978,0.240327388048172,0.025925062596797943,0.15352922677993774,0.20145367085933685,0.5146144032478333
4505,-16.4547,-20.2223,-36.677,-27.0859,-1.6094,0.0,0.0,1.0,1.0,0.00020462452084757388,0.0014576335670426488,0.1398809552192688,0.01379819680005312,0.07847481220960617,0.1899486929178238,0.6133006811141968
4510,-16.4805,-20.159,-36.6395,-28.1172,-1.1406,0.0,0.0,0.9919354915618896,0.9995456337928772,0.0,0.0012203737860545516,0.1469494104385376,0.00963930319994688,0.08554881811141968,0.19519589841365814,0.60513836145401
4515,-17.0859,-19.3887,-36.4746,-28.0312,-0.9844,0.0,0.0,0.9931507110595703,0.9951372146606445,0.00021706099505536258,0.0010483553633093834,0.1808035671710968,0.011349502950906754,0.1119014322757721,0.17906561493873596,0.5932058691978455
4520,-17.3113,-18.7973,-36.1086,-28.1562,-0.9219,0.0,0.0,1.0,0.9991391897201538,0.0,0.0001373437698930502,0.2098214328289032,0.016596704721450806,0.13545553386211395,0.17747201025485992,0.5659981369972229
4525,-16.9164,-18.7094,-35.6258,-27.0469,-1.4766,0.0,0.0,1.0,1.0,0.0,0.0001453910954296589,0.2273065447807312,0.029462065547704697,0.1395755559206009,0.1918143630027771,0.5346704125404358
4530,-16.9539,-19.4594,-36.4133,-27.2969,-1.3516,0.0,0.0,1.0,0.9974600672721863,0.0,0.001378948101773858,0.1781994104385376,0.015586132183670998,0.10712064802646637,0.18089240789413452,0.591923177242279
4535,-16.716,-19.4066,-36.1227,-28.2969,-0.8516,0.0,0.0,1.0,0.9990121722221375,0.0,0.0010303612798452377,0.1886160671710968,0.015041977167129517,0.11804260313510895,0.19659514725208282,0.5658426880836487
4540,-16.4785,-20.0633,-36.5418,-27.75,-1.125,0.0,0.0,0.9902912378311157,1.0,0.0004001600609626621,0.001294414629228413,0.154389888048172,0.012010261416435242,0.08869714289903641,0.1942630559206009,0.6005519032478333
4545,-16.716,-20.1684,-36.8844,-27.3594,-1.625,0.0,0.0,1.0,1.0,0.0,0.000619003432802856,0.1391369104385376,0.009950248524546623,0.07785291969776154,0.17980410158634186,0.62791508436203
4550,-15.8547,-21.5758,-37.4305,-23.8203,-9.5469,0.0,0.0,0.9916666746139526,0.9905956387519836,0.0,0.00046422562445513904,0.0807291641831398,0.004664178937673569,0.02479788474738598,0.19624534249305725,0.6698150038719177
4555,-16.1246,-20.532,-36.6566,-26.5156,-2.7266,0.0,0.0,0.9970414042472839,0.9994487166404724,0.0001939487992785871,0.0009534706478007138,0.1343005895614624,0.013137437403202057,0.07050684094429016,0.20040422677993774,0.6114738583564758
4560,-15.2145,-21.5496,-36.7641,-26.2578,-5.2344,0.0,0.0,1.0,0.9982832670211792,0.0,0.0012063492322340608,0.098586305975914,0.004664178937673569,0.04528140649199486,0.2334032952785492,0.6121734976768494
4565,-15.6441,-21.6734,-37.3176,-23.375,-10.3672,0.0,0.0,0.9910714030265808,1.0,0.0,0.000765291100833565,0.0777529776096344,0.004353233613073826,0.02549751289188862,0.20541821420192719,0.6602534055709839
4570,-16.1645,-21.5727,-37.7371,-22.5078,-12.9453,0.0,0.0,1.0,1.0,0.00021762785036116838,0.0012267886195331812,0.0677083358168602,0.00240982579998672,0.017490671947598457,0.17859919369220734,0.6970226764678955
4575,-15.925,-20.841,-36.766,-26.6719,-2.0625,0.0,0.0,0.9960784316062927,1.0,0.0,0.0013188469456508756,0.120163694024086,0.00991138070821762,0.06110074743628502,0.20561255514621735,0.6188976764678955
4580,-16.1598,-20.2953,-36.4551,-27.5469,-1.5547,0.0,0.0,1.0,0.9990753531455994,0.0,0.0012439439306035638,0.1491815447807312,0.012437811121344566,0.08407182991504669,0.20534048974514008,0.5936722755432129
4585,-15.8168,-20.952,-36.7688,-26.6719,-3.2109,0.0,0.0,0.9957805871963501,0.9986640214920044,0.00018429782357998192,0.002078085672110319,0.1145833358168602,0.009211753495037556,0.0581856332719326,0.21089863777160645,0.6172263622283936
4590,-16.3793,-20.9672,-37.3465,-26.0234,-5.375,0.0,0.0,1.0,1.0,0.00021463833400048316,0.00257099443115294,0.0948660746216774,0.004975124262273312,0.0442708320915699,0.18108674883842468,0.6651896834373474
4595,-15.7492,-20.7988,-36.548,-26.6172,-2.4766,0.0,0.0,0.9916666746139526,1.0,0.0003635702596511692,0.0034118706826120615,0.1246279776096344,0.01399253774434328,0.06393811851739883,0.21381373703479767,0.6037780046463013
4600,-15.6828,-21.4766,-37.1594,-25.9141,-5.875,0.0,0.0,1.0,1.0,0.0003716781211551279,0.0017439413350075483,0.0859375,0.003303793491795659,0.036730408668518066,0.209149569272995,0.6463386416435242
4605,-16.1762,-21.2551,-37.4313,-25.5781,-7.1094,0.0,0.0,1.0,0.9956663250923157,0.0,0.0018573335837572813,0.082961305975914,0.0029151118360459805,0.03587530925869942,0.18707245588302612,0.6696594953536987
4610,-15.6461,-21.8547,-37.5008,-22.5391,-13.1875,0.0,0.0,1.0,1.0,0.0001915708853630349,0.0019027850357815623,0.0621279776096344,0.0022543531376868486,0.016285758465528488,0.20289179682731628,0.6740905046463013
4615,-15.9043,-21.6816,-37.5859,-23.0703,-12.3359,0.0,0.0,0.978723406791687,1.0,0.0,0.0016523274825885892,0.0669642835855484,0.001826803432777524,0.019356343895196915,0.19216418266296387,0.6821750402450562
4620,-16.0805,-20.9555,-37.0359,-26.9297,-2.7656,0.0,0.0,1.0,0.9969924688339233,0.0,0.0023666485212743282,0.106398805975914,0.007423818577080965,0.05169465020298958,0.19589552283287048,0.6405084133148193
4625,-16.141,-21.207,-37.348,-24.3672,-7.8438,0.0,0.0,0.9931972622871399,1.0,0.0,0.001518780249170959,0.0892857164144516,0.005713619291782379,0.036885883659124374,0.18753886222839355,0.6653839945793152
4630,-16.3234,-20.827,-37.1504,-26.7891,-4.1016,0.0,0.0,0.9921875,1.0,0.00020420666260179132,0.0023482658434659243,0.1041666641831398,0.004975124262273312,0.0546875,0.1903373748064041,0.64552241563797
4635,-15.6066,-21.684,-37.2906,-24.0312,-9.8516,0.0,0.0,1.0,1.0,0.0,0.0019516233587637544,0.0729166641831398,0.003264925442636013,0.026819029822945595,0.20821672677993774,0.6572216749191284
4640,-16.0,-21.3016,-37.3016,-24.4375,-8.5469,0.0,0.0,1.0,1.0,0.00020060180395375937,0.0008829242433421314,0.0885416641831398,0.005052860826253891,0.036380596458911896,0.1937577724456787,0.660331130027771
4645,-16.7816,-20.6699,-37.4516,-27.2266,-2.6641,0.0,0.0,0.9921259880065918,1.0,0.0004662004648707807,0.001212051254697144,0.1060267835855484,0.004936256445944309,0.050412002950906754,0.1667443960905075,0.6734297275543213
4650,-16.1527,-20.5414,-36.6941,-27.5625,-1.4062,0.0,0.0,1.0,0.9989412426948547,0.0,0.0019155865302309394,0.1305803507566452,0.008512127213180065,0.07342195510864258,0.20487406849861145,0.60871422290802
4655,-16.9984,-19.5695,-36.568,-27.1406,-1.4297,0.0,0.0,1.0,0.9976322054862976,0.0002217786677647382,0.0029504201374948025,0.1648065447807312,0.01578047312796116,0.09849191457033157,0.17525653541088104,0.6059934496879578
4660,-16.2164,-20.1469,-36.3633,-28.1875,-0.9062,0.0,0.0,1.0,1.0,0.0011183597380295396,0.004920539911836386,0.1450892835855484,0.010649875737726688,0.09180659055709839,0.20852766931056976,0.5845382213592529
4665,-15.7328,-21.3988,-37.1316,-25.9844,-5.0547,0.0,0.0,1.0,1.0,0.0003779289545491338,0.0035439692437648773,0.0822172611951828,0.004741915501654148,0.03801305964589119,0.20569029450416565,0.6470771431922913
4670,-16.0551,-21.1574,-37.2125,-25.5078,-5.7734,0.0,0.0,1.0,1.0,0.0,0.003741092747077346,0.087425597012043,0.005752487573772669,0.04170553386211395,0.193524569272995,0.6545398235321045
4675,-16.3254,-21.0141,-37.3395,-24.6406,-6.7109,0.0,0.0,1.0,1.0,0.0,0.002675818745046854,0.0941220223903656,0.007929104380309582,0.040034204721450806,0.17937655746936798,0.6681825518608093
4680,-16.0445,-20.9688,-37.0133,-25.7344,-4.1484,0.0,0.0,1.0,1.0,0.0001982160611078143,0.004309298470616341,0.0963541641831398,0.009872512891888618,0.04916822165250778,0.19608986377716064,0.6403917670249939
4685,-16.5125,-20.675,-37.1875,-26.5547,-2.6484,0.0,0.0,0.9957805871963501,0.9956427216529846,0.0,0.0030851380433887243,0.1090029776096344,0.009211753495037556,0.05352145433425903,0.17766635119915009,0.6551228165626526
4690,-16.2254,-21.3582,-37.5836,-25.1328,-7.625,0.0,0.0,1.0,1.0,0.00043010752415284514,0.0027261883951723576,0.0736607164144516,0.0025652984622865915,0.027868470177054405,0.1807369440793991,0.6843516826629639
4695,-15.9004,-20.7812,-36.6816,-25.9766,-2.7031,0.0,0.0,0.9972527623176575,1.0,0.00018903591262642294,0.0025284450966864824,0.120163694024086,0.014148009940981865,0.060867536813020706,0.20561255514621735,0.6148942708969116
4700,-16.1004,-19.7027,-35.8031,-28.0234,-1.0703,0.0,0.0,1.0,1.0,0.0,0.003975999541580677,0.1808035671710968,0.015314054675400257,0.11769278347492218,0.2248522937297821,0.5376632213592529
4705,-16.2898,-20.7055,-36.9953,-27.5859,-2.2734,0.0,0.0,1.0,1.0,0.0,0.00293560023419559,0.1104910746216774,0.006413246039301157,0.06141168996691704,0.19216418266296387,0.6355332732200623
4710,-15.9641,-21.0359,-37.0,-27.6328,-2.9062,0.0,0.0,1.0,1.0,0.00018964536138810217,0.0030085344333201647,0.1019345223903656,0.00349813443608582,0.05402674153447151,0.20495180785655975,0.6330457329750061
4715,-16.4578,-20.3344,-36.7922,-27.5781,-1.4219,0.0,0.0,1.0,1.0,0.00020370747370179743,0.00369882769882679,0.1264880895614624,0.009172885678708553,0.07555969804525375,0.19080379605293274,0.6199859976768494
4720,-15.5559,-21.6871,-37.243,-23.4531,-11.1719,0.0,0.0,0.9893617033958435,1.0,0.0,0.0023792528081685305,0.0744047611951828,0.003653606865555048,0.027518656104803085,0.21089863777160645,0.6534515023231506
4725,-15.7293,-21.6578,-37.3871,-23.1797,-10.5,0.0,0.0,0.9912280440330505,1.0,0.0,0.0021521637681871653,0.0725446417927742,0.004430970177054405,0.02324315905570984,0.1996268630027771,0.6682214140892029
4730,-16.4805,-20.9301,-37.4105,-25.9297,-6.0547,0.0,0.0,0.9893617033958435,1.0,0.00021795989596284926,0.001802849699743092,0.095238097012043,0.003653606865555048,0.04520367085933685,0.17832711338996887,0.6683380007743835
4735,-16.5684,-20.1273,-36.6957,-26.6641,-1.75,0.0,0.0,0.9969696998596191,1.0,0.0004168403393123299,0.003095583990216255,0.1398809552192688,0.012826492078602314,0.08096237480640411,0.18648943305015564,0.6152440905570984
4740,-16.2488,-20.8109,-37.0598,-28.5312,-1.625,0.0,0.0,1.0,0.9973992109298706,0.0,0.003175960388034582,0.1049107164144516,0.002992848167195916,0.05977923050522804,0.1963619440793991,0.63638836145401
4745,-15.8164,-21.7203,-37.5367,-23.5469,-11.0312,0.0,0.0,1.0,1.0,0.0,0.0010884510120376945,0.0684523805975914,0.0018656715983524919,0.019861629232764244,0.1953125,0.6784825921058655
4750,-15.3066,-21.098,-36.4047,-26.7266,-2.0,0.0,0.0,1.0,1.0,0.0,0.0015199576737359166,0.122023805975914,0.010999688878655434,0.06316076219081879,0.23320895433425903,0.5881530046463013
4755,-15.6992,-20.7559,-36.4551,-27.8438,-1.3125,0.0,0.0,1.0,1.0,0.0,0.0038854132872074842,0.1253720223903656,0.00944496225565672,0.07264459133148193,0.2232198417186737,0.5902130007743835
4760,-15.2152,-21.5516,-36.7668,-25.7812,-4.3594,0.0,0.0,1.0,1.0,0.0003370407794136554,0.0029677338898181915,0.0911458358168602,0.007423818577080965,0.041899874806404114,0.23064365983009338,0.6155550479888916
4765,-15.7867,-21.1902,-36.977,-25.9219,-4.6172,0.0,0.0,1.0,1.0,0.00018839487165678293,0.002569750417023897,0.0970982164144516,0.007112873252481222,0.04683613032102585,0.20631219446659088,0.6352611780166626
4770,-15.975,-20.5758,-36.5508,-27.1172,-1.7578,0.0,0.0,1.0,1.0,0.00018542555335443467,0.0031043849885463715,0.1287202388048172,0.01162157952785492,0.07330534607172012,0.20961597561836243,0.6009795069694519
4775,-15.6422,-21.0879,-36.7301,-26.5859,-2.9609,0.0,0.0,1.0,1.0,0.00017908310110215098,0.0037320514675229788,0.1052827388048172,0.008706467226147652,0.05530938878655434,0.2170397937297821,0.6144667267799377
4780,-15.5938,-21.4484,-37.0422,-24.875,-7.0859,0.0,0.0,1.0,1.0,0.0,0.0026133463252335787,0.0892857164144516,0.006141168996691704,0.03789645433425903,0.21194806694984436,0.6395366787910461
4785,-16.1477,-19.9867,-36.1344,-26.9219,-1.5391,0.0,0.0,0.9979466199874878,0.999596118927002,0.0,0.001968370284885168,0.1666666716337204,0.01892879419028759,0.09623756259679794,0.20771144330501556,0.5726445913314819
4790,-15.5676,-21.7621,-37.3297,-23.0312,-11.2188,0.0,0.0,1.0,0.9965694546699524,0.0003753049240913242,0.003402358153834939,0.067336305975914,0.0031483208294957876,0.022660136222839355,0.20712842047214508,0.6625854969024658
4795,-16.0309,-21.1602,-37.191,-25.25,-6.9453,0.0,0.0,1.0,1.0,0.00019920319027733058,0.0028605482075363398,0.0915178582072258,0.005441542249172926,0.04275497421622276,0.19511815905570984,0.6522077322006226
4800,-16.3535,-20.7352,-37.0887,-28.0,-1.4922,0.0,0.0,1.0,1.0,0.00020433183817658573,0.0027272726874798536,0.1090029776096344,0.004780783783644438,0.05919620767235756,0.19022077322006226,0.6413246393203735
4805,-16.5188,-20.4176,-36.9363,-28.3828,-1.0781,0.0,0.0,0.9949748516082764,1.0,0.0002071251074085012,0.003208292182534933,0.1227678582072258,0.007734763901680708,0.07015702873468399,0.1876554787158966,0.6299751400947571
4810,-16.7633,-19.9777,-36.741,-27.3047,-1.3828,0.0,0.0,0.9941349029541016,0.9990787506103516,0.0,0.0016311167273670435,0.146577388048172,0.013254042714834213,0.08438277244567871,0.17832711338996887,0.6195584535598755
4815,-15.8598,-21.1285,-36.9883,-26.2656,-3.6953,0.0,0.0,0.9950739145278931,1.0,0.00038358266465365887,0.0031686064321547747,0.0993303582072258,0.00789023656398058,0.04710821062326431,0.20265857875347137,0.6378653645515442
4820,-16.3875,-20.7633,-37.1508,-27.8516,-1.4844,0.0,0.0,1.0,1.0,0.0,0.002458623144775629,0.1090029776096344,0.005713619291782379,0.055464863777160645,0.18617847561836243,0.6481654047966003
4825,-16.3773,-20.7953,-37.1727,-27.25,-2.7344,0.0,0.0,1.0,1.0,0.0,0.0023294708225876093,0.1041666641831398,0.006024564616382122,0.05394900590181351,0.1848181039094925,0.6507307291030884
4830,-16.5031,-20.9914,-37.4945,-25.8203,-5.0078,0.0,0.0,1.0,1.0,0.00044632895151153207,0.004360048100352287,0.079613097012043,0.004780783783644438,0.0390625,0.17416821420192719,0.6775108575820923
4835,-15.5996,-20.982,-36.5816,-27.1172,-2.6016,0.0,0.0,1.0,1.0,0.0005231037503108382,0.004978662822395563,0.1071428582072258,0.00944496225565672,0.06203358247876167,0.2229088991880417,0.6011349558830261
4840,-16.3941,-20.6129,-37.007,-27.5625,-1.9922,0.0,0.0,1.0,1.0,0.0,0.004867364186793566,0.109375,0.006607586983591318,0.06277208030223846,0.18730565905570984,0.6388370394706726
4845,-16.6645,-20.3031,-36.9676,-28.3828,-0.9375,0.0,0.0,1.0,1.0,0.00021258502965793014,0.004852579906582832,0.1194196417927742,0.005752487573772669,0.07416044920682907,0.18283581733703613,0.6327736377716064
4850,-15.7008,-21.334,-37.0348,-25.1484,-4.9688,0.0,0.0,1.0,1.0,0.0007527286652475595,0.003332929452881217,0.0881696417927742,0.008240049704909325,0.039334576576948166,0.2065453976392746,0.6414023637771606
4855,-16.4516,-20.6902,-37.1418,-26.9688,-2.5234,0.0,0.0,1.0,1.0,0.0,0.0031651239842176437,0.1071428582072258,0.008434390649199486,0.05519278720021248,0.18104788661003113,0.650847315788269
4860,-16.0973,-21.7973,-37.8945,-20.7734,-17.2578,0.0,0.0,1.0,1.0,0.00021944261970929801,0.0016973280580714345,0.0520833320915699,0.0010494403541088104,0.007462686393409967,0.17712220549583435,0.7098880410194397
4865,-16.5566,-20.5199,-37.0766,-27.1719,-1.6484,0.0,0.0,1.0,1.0,0.0010813148692250252,0.0036738135386258364,0.1119791641831398,0.008317786268889904,0.06211131811141968,0.17972636222839355,0.645366907119751
4870,-16.2344,-20.6348,-36.8691,-26.9531,-1.6172,0.0,0.0,1.0,1.0,0.00020040079834870994,0.00321722449734807,0.1183035746216774,0.010572139173746109,0.06277208030223846,0.19395211338996887,0.6282260417938232
4875,-16.673,-20.6082,-37.2812,-26.4766,-2.6172,0.0,0.0,1.0,1.0,0.00045330915600061417,0.0036958816926926374,0.1049107164144516,0.008434390649199486,0.053055036813020706,0.17148631811141968,0.6625466346740723
4880,-16.3695,-21.0875,-37.457,-27.2656,-3.9453,0.0,0.0,1.0,1.0,0.0,0.002834499813616276,0.084449402987957,0.0025652984622865915,0.0399564690887928,0.18108674883842468,0.6719138622283936
4885,-16.302,-20.6484,-36.9504,-27.1641,-1.7109,0.0,0.0,0.995708167552948,1.0,0.00040741494740359485,0.004777362570166588,0.109375,0.009056281298398972,0.06106187775731087,0.19080379605293274,0.6346004605293274
4890,-16.2605,-21.0207,-37.2812,-27.4531,-2.1172,0.0,0.0,1.0,1.0,0.0004127967113163322,0.0038375251460820436,0.0941220223903656,0.004547574557363987,0.04430970177054405,0.1883162260055542,0.6583488583564758
4895,-15.6035,-21.2086,-36.8121,-26.6875,-3.1562,0.0,0.0,1.0,1.0,0.00018001800344791263,0.003565173828974366,0.0974702388048172,0.007929104380309582,0.050256531685590744,0.2159126251935959,0.62142413854599
4900,-16.284,-21.0699,-37.3539,-26.5859,-4.2969,0.0,0.0,1.0,1.0,0.0,0.004090696573257446,0.084449402987957,0.004158893134444952,0.04155006259679794,0.18470148742198944,0.6651119589805603
4905,-15.8359,-20.8281,-36.6641,-27.7578,-2.2578,0.0,0.0,1.0,1.0,0.0007174888160079718,0.004558295011520386,0.1130952388048172,0.006374378222972155,0.06704757362604141,0.21668998897075653,0.6054104566574097
4910,-15.9465,-20.8473,-36.7938,-27.3047,-1.5703,0.0,0.0,1.0,1.0,0.0001898613991215825,0.003813930321484804,0.1116071417927742,0.008706467226147652,0.06043998897075653,0.20471858978271484,0.6216573119163513
4915,-15.7953,-21.4379,-37.2332,-24.875,-6.9922,0.0,0.0,1.0,1.0,0.00019297568360343575,0.00515128206461668,0.0762648805975914,0.005247201304882765,0.03241604566574097,0.2014147937297821,0.6564443111419678
4920,-16.4215,-20.7598,-37.1813,-27.9531,-1.9141,0.0,0.0,1.0,0.9992992281913757,0.00021052631200291216,0.0045394813641905785,0.0970982164144516,0.004703047219663858,0.055464863777160645,0.18462376296520233,0.6507307291030884
4925,-16.3539,-21.2957,-37.6496,-23.9297,-9.6328,0.0,0.0,1.0,1.0,0.0,0.003544303821399808,0.0699404776096344,0.004120024852454662,0.026080535724759102,0.17444029450416565,0.6908815503120422
4930,-16.7977,-19.7602,-36.5578,-27.5,-1.25,0.0,0.0,1.0,1.0,0.000425894366344437,0.00385926547460258,0.1529017835855484,0.013564987108111382,0.09514925628900528,0.1825248748064041,0.6042832732200623
4935,-16.7848,-18.9879,-35.7727,-27.2031,-1.3984,0.0,0.0,1.0,1.0,0.00019619383965618908,0.004586169961839914,0.203125,0.021649565547704697,0.13335666060447693,0.19811101257801056,0.5424051880836487
4940,-16.7398,-18.8305,-35.5703,-27.0156,-1.4922,0.0,0.0,1.0,1.0,0.00019673421047627926,0.004457435104995966,0.212797611951828,0.02864583395421505,0.13739894330501556,0.19756685197353363,0.53191077709198
4945,-16.3551,-20.1402,-36.4953,-27.3984,-1.3125,0.0,0.0,0.9971910119056702,0.9995450377464294,0.00039385585114359856,0.004153686575591564,0.1417410671710968,0.013837064616382122,0.08543221652507782,0.19737251102924347,0.5988805890083313
4950,-16.1777,-19.8773,-36.0551,-27.0,-1.5,0.0,0.0,0.9954751133918762,0.9984928369522095,0.00018228217959403992,0.004357449244707823,0.1655505895614624,0.01717972569167614,0.10315609723329544,0.21323071420192719,0.5619558691978455
4955,-15.8355,-21.3727,-37.2082,-24.2969,-8.2656,0.0,0.0,1.0,0.9966367483139038,0.00038759689778089523,0.004276804160326719,0.082961305975914,0.00594682851806283,0.0346703976392746,0.20055970549583435,0.6543454527854919
4960,-15.4223,-21.8078,-37.2301,-23.5703,-10.75,0.0,0.0,1.0,1.0,0.0,0.0014910240424796939,0.0747767835855484,0.002681903075426817,0.025419775396585464,0.21571828424930573,0.6517024040222168
4965,-15.9676,-21.091,-37.0586,-25.8281,-4.125,0.0,0.0,1.0,1.0,0.00019592476019170135,0.0025994437746703625,0.100074402987957,0.008784203790128231,0.045398011803627014,0.19838307797908783,0.6429570913314819
4970,-15.534,-21.2832,-36.8172,-26.7812,-3.0859,0.0,0.0,1.0,1.0,0.00035254715476185083,0.0029502229299396276,0.0982142835855484,0.006957400590181351,0.048857275396585464,0.22049906849861145,0.6192086338996887
4975,-16.7164,-20.348,-37.0645,-27.9297,-1.0938,0.0,0.0,1.0,1.0,0.00021901007858105004,0.004961277823895216,0.114211305975914,0.0070740049704909325,0.06856343150138855,0.17747201025485992,0.6424129605293274
4980,-16.5461,-19.2121,-35.7582,-28.0312,-0.9844,0.0,0.0,0.9974683523178101,1.0,0.00018264840764459223,0.004221251700073481,0.1997767835855484,0.01535292249172926,0.13331778347492218,0.2128031700849533,0.5340484976768494
4985,-16.4793,-19.8426,-36.3219,-28.4062,-0.7969,0.0,0.0,1.0,1.0,0.0,0.004026305396109819,0.1584821492433548,0.009522698819637299,0.10377798229455948,0.20300839841365814,0.5792133212089539
4990,-17.0555,-19.268,-36.3234,-28.4844,-0.7578,0.0,0.0,1.0,1.0,0.00020946795120835304,0.004557946231216192,0.1763392835855484,0.010533271357417107,0.11955846101045609,0.1855565905570984,0.5798740386962891
4995,-16.5055,-20.5285,-37.034,-27.6094,-1.8984,0.0,0.0,1.0,1.0,0.00021349273447412997,0.003632840933278203,0.114211305975914,0.00858986284583807,0.06292755156755447,0.1820584535598755,0.6419464945793152
5000,-15.8863,-21.1176,-37.0039,-26.3906,-3.5391,0.0,0.0,1.0,1.0,0.00019033117860089988,0.0028098467737436295,0.100074402987957,0.006607586983591318,0.04839085787534714,0.20421330630779266,0.6363106369972229
