it,s,o,w,s20,o20,lam_s,lam_c,pCC,pCD,pDC,pDD,pSTART,vCC,vCD,vDC,vDD
0,-21.0164,-12.0199,-33.0363,-24.9531,-9.6484,0.0,0.0,0.4775474965572357,0.48771390318870544,0.5160439610481262,0.5102325081825256,0.5178571343421936,0.09001865983009338,0.3543221354484558,0.08842506259679794,0.36275652050971985
5,-20.9734,-11.9828,-32.9563,-24.2969,-10.7969,0.0,0.0,0.5340050458908081,0.5035422444343567,0.5028697848320007,0.49739640951156616,0.507440447807312,0.09258395433425903,0.3566153645515442,0.08803638070821762,0.35828667879104614
10,-19.7621,-14.0656,-33.8277,-23.7188,-12.0469,0.0,0.0,0.4123920798301697,0.39464235305786133,0.4033955931663513,0.4059169292449951,0.4401041567325592,0.07653140276670456,0.2814832031726837,0.11446672677993774,0.42304104566574097
15,-20.3637,-13.1379,-33.5016,-24.4375,-10.8203,0.0,0.0,0.44363105297088623,0.4541139304637909,0.42851781845092773,0.4454995095729828,0.4624255895614624,0.07964085787534714,0.3193407952785492,0.10358364135026932,0.39295709133148193
20,-19.9609,-13.5121,-33.473,-23.9688,-11.3359,0.0,0.0,0.44618937373161316,0.42820772528648376,0.4111461639404297,0.43242180347442627,0.4966517984867096,0.0841495618224144,0.3053482472896576,0.11089085787534714,0.39513370394706726
25,-20.0602,-13.1262,-33.1863,-24.0469,-11.0391,0.0,0.0,0.42578455805778503,0.43901538848876953,0.4511041045188904,0.47227945923805237,0.5085565447807312,0.09165111929178238,0.31580379605293274,0.11089085787534714,0.3771766126155853
30,-21.0027,-11.7566,-32.7594,-24.7969,-9.8203,0.0,0.0,0.5052499175071716,0.5301999449729919,0.5083822011947632,0.5153669714927673,0.508184552192688,0.09254508465528488,0.37130752205848694,0.09273942559957504,0.3389303386211395
35,-22.2391,-9.8125,-32.0516,-25.5938,-8.3906,0.0,0.0,0.5966998934745789,0.5946823358535767,0.6257773041725159,0.6137019991874695,0.6339285969734192,0.10129041969776154,0.4429415464401245,0.06875777244567871,0.282532662153244
40,-21.827,-9.8316,-31.6586,-26.0781,-7.0234,0.0,0.0,0.6003836393356323,0.6030651926994324,0.6282947659492493,0.6448904275894165,0.6309523582458496,0.1215796023607254,0.42859917879104614,0.07225590944290161,0.27308768033981323
45,-23.3844,-7.8688,-31.2531,-26.0156,-7.3359,0.0,0.0,0.7112628221511841,0.689755380153656,0.7205387353897095,0.6982197761535645,0.7079613208770752,0.11388370394706726,0.5083954930305481,0.04617537185549736,0.22706778347492218
50,-22.4027,-8.8043,-31.207,-26.125,-7.0,0.0,0.0,0.6577736735343933,0.678541898727417,0.693479597568512,0.6581125855445862,0.6391369104385376,0.12674906849861145,0.4702270030975342,0.06378264725208282,0.23476368188858032
55,-23.7676,-6.95,-30.7176,-27.4531,-4.7422,0.0,0.0,0.7504767775535583,0.7468835115432739,0.7098255157470703,0.746441125869751,0.7470238208770752,0.12227922677993774,0.5425217747688293,0.04232742637395859,0.1883939653635025
60,-22.9605,-8.3156,-31.2762,-26.5469,-6.2266,0.0,0.0,0.6703740954399109,0.696936309337616,0.6344594359397888,0.6658751964569092,0.6845238208770752,0.11532182991504669,0.4935090243816376,0.057524874806404114,0.2291666716337204
65,-24.2,-6.3523,-30.5523,-27.6406,-4.4609,0.0,0.0,0.7755942940711975,0.7669557929039001,0.7829021215438843,0.7745120525360107,0.7779017686843872,0.12262903898954391,0.5690687298774719,0.03455379232764244,0.1692708283662796
70,-23.8633,-6.9273,-30.7906,-26.9531,-5.7422,0.0,0.0,0.7426326274871826,0.7517589330673218,0.7642585635185242,0.7279456853866577,0.726190447807312,0.11870335787534714,0.5469138622283936,0.040889304131269455,0.18901586532592773
75,-24.0781,-6.6875,-30.7656,-27.3906,-4.8672,0.0,0.0,0.7368599772453308,0.744067907333374,0.7728613615036011,0.7459068894386292,0.8214285969734192,0.11462219804525375,0.5585743188858032,0.03952891752123833,0.18279695510864258
80,-23.7535,-6.7977,-30.5512,-27.25,-4.9375,0.0,0.0,0.7429524064064026,0.7535749673843384,0.7276085019111633,0.7758164405822754,0.765252947807312,0.12822605669498444,0.5490516424179077,0.042094215750694275,0.17615050077438354
85,-23.5738,-7.293,-30.8668,-27.2031,-5.1484,0.0,0.0,0.7395964860916138,0.7287810444831848,0.6945946216583252,0.7121416330337524,0.7678571343421936,0.1232898011803627,0.5270910859107971,0.043143656104803085,0.2019978165626526
90,-21.4344,-11.1816,-32.616,-24.6562,-10.2656,0.0,0.0,0.5605146884918213,0.523809552192688,0.5652173757553101,0.5531567335128784,0.5416666865348816,0.09666511416435242,0.3844449520111084,0.08135105669498444,0.33306124806404114
95,-20.2305,-13.3234,-33.5539,-24.3125,-10.7188,0.0,0.0,0.4219191074371338,0.4109848439693451,0.45138099789619446,0.4448845386505127,0.511904776096344,0.08263370394706726,0.30783581733703613,0.10272854566574097,0.4023243188858032
100,-20.3418,-13.4816,-33.8234,-23.6406,-11.8984,0.0,0.0,0.4360587000846863,0.422100305557251,0.43352827429771423,0.4242311418056488,0.4304315447807312,0.07416044920682907,0.3046097755432129,0.09969682991504669,0.4170553386211395
105,-18.8266,-15.5102,-34.3367,-22.4219,-14.3828,0.0,0.0,0.3414211571216583,0.34427860379219055,0.34096765518188477,0.3339555263519287,0.371279776096344,0.06728078424930573,0.234375,0.13576647639274597,0.4581001102924347
110,-19.8383,-14.2145,-34.0527,-23.625,-12.1875,0.0,0.0,0.38300222158432007,0.3768858015537262,0.39562347531318665,0.39194533228874207,0.4553571343421936,0.07042910158634186,0.2808224558830261,0.1119014322757721,0.4323694109916687
115,-18.107,-16.9539,-35.0609,-21.4062,-16.2031,0.0,0.0,0.2771778404712677,0.2516305446624756,0.2691705822944641,0.26890692114830017,0.3035714328289032,0.05398787185549736,0.1847403645515442,0.14902052283287048,0.5077736377716064
120,-17.8391,-18.1109,-35.95,-21.7188,-15.8359,0.0,0.0,0.20912951231002808,0.20236752927303314,0.1861562728881836,0.19618621468544006,0.2529761791229248,0.03661380708217621,0.13790422677993774,0.14824315905570984,0.5727611780166626
125,-16.8418,-19.9004,-36.7422,-20.7344,-17.9453,0.0,0.0,0.10369068384170532,0.14878542721271515,0.12062615156173706,0.10866200178861618,0.1343005895614624,0.022115983068943024,0.07680348306894302,0.16884328424930573,0.6277596354484558
130,-16.5668,-20.4785,-37.0453,-20.3906,-18.3047,0.0,0.0,0.0957178846001625,0.07599999755620956,0.08878504484891891,0.07988467812538147,0.1339285671710968,0.015430659055709839,0.05830223858356476,0.17467351257801056,0.6471160054206848
135,-17.1297,-18.9695,-36.0992,-21.4688,-16.0781,0.0,0.0,0.1587301641702652,0.14519427716732025,0.17416784167289734,0.1692071110010147,0.184523805975914,0.034281715750694275,0.11403918266296387,0.16581156849861145,0.5813899040222168
140,-16.8613,-19.7219,-36.5832,-21.2969,-16.7266,0.0,0.0,0.14375987648963928,0.10587102919816971,0.12428341805934906,0.12274549156427383,0.1741071492433548,0.024603545665740967,0.08076803386211395,0.1695040464401245,0.6206467747688293
145,-16.9281,-20.0547,-36.9828,-20.8281,-17.7109,0.0,0.0,0.05454545468091965,0.11780383437871933,0.08439013361930847,0.10211653262376785,0.1372767835855484,0.014964241534471512,0.0729166641831398,0.16857120394706726,0.6390702724456787
150,-16.7805,-20.3371,-37.1176,-21.4609,-16.3984,0.0,0.0,0.05681818351149559,0.1308581829071045,0.05650489777326584,0.08922599256038666,0.122023805975914,0.010261193849146366,0.06386038661003113,0.17059235274791718,0.6508084535598755
155,-17.1883,-19.6586,-36.8469,-22.9688,-13.5234,0.0,0.0,0.07174888253211975,0.20487402379512787,0.038985006511211395,0.12763838469982147,0.1409970223903656,0.00866759940981865,0.09409981220960617,0.16849346458911896,0.6242614984512329
160,-15.8184,-20.6324,-36.4508,-21.875,-14.8438,0.0,0.0,0.12598425149917603,0.2359328716993332,0.03549245744943619,0.10161983221769333,0.137648805975914,0.009872512891888618,0.07874689251184464,0.21902208030223846,0.5878809094429016
165,-15.6746,-21.6945,-37.3691,-20.3281,-17.8203,0.0,0.0,0.009345794096589088,0.09253247082233429,0.019399011507630348,0.03300310671329498,0.0758928582072258,0.004158893134444952,0.02394278533756733,0.20436878502368927,0.6630519032478333
170,-16.0605,-20.9965,-37.057,-21.3281,-16.4297,0.0,0.0,0.032258063554763794,0.11949215829372406,0.026139937341213226,0.07437112927436829,0.0993303582072258,0.006024564616382122,0.05204446613788605,0.1977611929178238,0.6396921873092651
175,-15.5863,-21.3707,-36.957,-20.8906,-16.4141,0.0,0.0,0.05970149114727974,0.16094987094402313,0.025594808161258698,0.06146353483200073,0.0837053582072258,0.0052083334885537624,0.044193096458911896,0.21564054489135742,0.6304804086685181
180,-16.5828,-20.8109,-37.3938,-20.9453,-17.1719,0.0,0.0,0.0824742242693901,0.14307692646980286,0.022316446527838707,0.06234704703092575,0.1101190447807312,0.0037702114786952734,0.05052860826253891,0.17416821420192719,0.6670553684234619
185,-16.3184,-21.1793,-37.4977,-21.0312,-16.8594,0.0,0.0,0.02083333395421505,0.09596510231494904,0.016083460301160812,0.04590841382741928,0.1090029776096344,0.0037313431967049837,0.0356421023607254,0.17883239686489105,0.6773165464401245
190,-16.5129,-20.3297,-36.8426,-22.1797,-14.5625,0.0,0.0,0.11224489659070969,0.1947985738515854,0.032098766416311264,0.10210322588682175,0.1283482164144516,0.007618159055709839,0.07622046023607254,0.18889924883842468,0.6227844953536987
195,-16.1027,-20.8664,-36.9691,-21.1875,-16.2656,0.0,0.0,0.047337278723716736,0.132833793759346,0.03011810965836048,0.0820314884185791,0.1041666641831398,0.0065687187016010284,0.05705845728516579,0.19745025038719177,0.6344449520111084
200,-16.498,-20.8035,-37.3016,-21.3828,-16.3906,0.0,0.0,0.10619468986988068,0.14306893944740295,0.020640721544623375,0.06817510724067688,0.107886902987957,0.0043921018950641155,0.05243314802646637,0.18077580630779266,0.657921314239502
205,-16.698,-19.8,-36.498,-22.3672,-14.3984,0.0,0.0,0.11969111859798431,0.22066479921340942,0.050231996923685074,0.13466431200504303,0.1458333283662796,0.010066852904856205,0.09705379605293274,0.19266946613788605,0.5957322716712952
210,-16.9055,-19.3523,-36.2578,-22.7031,-13.3516,0.0,0.0,0.1461988240480423,0.2471245527267456,0.06402626633644104,0.1572858840227127,0.1618303507566452,0.013292910531163216,0.11827580630779266,0.18940454721450806,0.57454913854599
215,-15.5484,-21.8578,-37.4062,-19.9297,-18.8281,0.0,0.0,0.016129031777381897,0.05421686917543411,0.013701201416552067,0.028568096458911896,0.0613839291036129,0.00240982579998672,0.019356343895196915,0.20708955824375153,0.6666666865348816
220,-16.627,-20.377,-37.0039,-21.6719,-15.6484,0.0,0.0,0.10000000149011612,0.15577341616153717,0.029818955808877945,0.09571664780378342,0.1324404776096344,0.007384950295090675,0.07136193662881851,0.18248601257801056,0.6342895030975342
225,-16.5461,-20.4566,-37.0027,-22.0938,-15.2266,0.0,0.0,0.08843537420034409,0.16914600133895874,0.03140046074986458,0.09287773817777634,0.1160714253783226,0.005713619291782379,0.07054571062326431,0.18567319214344025,0.6335898637771606
230,-16.0562,-20.7871,-36.8434,-21.625,-15.3906,0.0,0.0,0.1204819306731224,0.15918868780136108,0.025934401899576187,0.08785852789878845,0.1223958358168602,0.006452114321291447,0.06323849409818649,0.20382462441921234,0.6220071315765381
235,-15.9125,-21.0992,-37.0117,-20.9922,-16.9609,0.0,0.0,0.1120000034570694,0.13534416258335114,0.018301887437701225,0.06886410713195801,0.1227678582072258,0.00485851988196373,0.050256531685590744,0.20600123703479767,0.6344060897827148
240,-15.8242,-21.9297,-37.7539,-19.5234,-19.9688,0.0,0.0,0.0,0.0,0.006783145014196634,0.012322274968028069,0.0535714291036129,0.0016324627213180065,0.007695895619690418,0.18909358978271484,0.6971004605293274
245,-15.5422,-21.3641,-36.9062,-20.7031,-17.0703,0.0,0.0,0.0845070406794548,0.08408679813146591,0.02647947333753109,0.06755335628986359,0.0959821417927742,0.005519278813153505,0.042988184839487076,0.21871113777160645,0.6283037662506104
250,-16.1824,-20.8277,-37.0102,-21.2656,-15.9453,0.0,0.0,0.11049723625183105,0.17293232679367065,0.0281156525015831,0.07832244783639908,0.1026785746216774,0.007035136688500643,0.056864116340875626,0.19492381811141968,0.6366993188858032
255,-15.6355,-21.393,-37.0285,-20.8438,-17.4453,0.0,0.0,0.01550387591123581,0.13007380068302155,0.01715015433728695,0.056833475828170776,0.1149553582072258,0.005013992544263601,0.042133085429668427,0.21303637325763702,0.6353389024734497
260,-15.7449,-21.9523,-37.6973,-19.9141,-19.3047,0.0,0.0,0.0,0.004081632476300001,0.004206730984151363,0.01434034388512373,0.0558035708963871,0.0008162313606590033,0.009522698819637299,0.19402985274791718,0.6911535859107971
265,-15.7344,-21.4402,-37.1746,-20.2734,-17.7891,0.0,0.0,0.044247787445783615,0.09302325546741486,0.02245480567216873,0.05283559113740921,0.0807291641831398,0.0043921018950641155,0.03509794920682907,0.2042521834373474,0.6517801880836487
270,-15.875,-21.548,-37.423,-20.5703,-17.8281,0.0,0.0,0.014285714365541935,0.09852941334247589,0.013828526251018047,0.039760854095220566,0.0680803582072258,0.002720771124586463,0.026430347934365273,0.19675062596797943,0.6696206331253052
275,-15.6621,-22.0816,-37.7438,-19.5938,-19.7812,0.0,0.0,0.0,0.03809523954987526,0.0031999999191612005,0.006752608809620142,0.0505952388048172,0.000621890532784164,0.004081156570464373,0.1943407952785492,0.696478545665741
280,-15.6945,-21.977,-37.6715,-19.8281,-19.4766,0.0,0.0,0.0,0.004081632476300001,0.00878068245947361,0.01397025678306818,0.0502232126891613,0.001243781065568328,0.009522698819637299,0.19476833939552307,0.6899875402450562
285,-15.7105,-21.5348,-37.2453,-20.6719,-17.6484,0.0,0.0,0.08139535039663315,0.07587064802646637,0.015259984880685806,0.047678422182798386,0.0807291641831398,0.0033426617737859488,0.03125,0.20631219446659088,0.6546175479888916
290,-15.9988,-20.9523,-36.9512,-21.6016,-15.7656,0.0,0.0,0.01923076994717121,0.09851551800966263,0.02639632672071457,0.08198343217372894,0.1130952388048172,0.006063432898372412,0.05760261043906212,0.2032027393579483,0.6286535859107971
295,-15.3086,-22.293,-37.6016,-19.4062,-20.1562,0.0,0.0,0.0,0.0,0.0024096386041492224,0.003928713966161013,0.0505952388048172,0.0003886815975420177,0.0027985074557363987,0.20969371497631073,0.6826415061950684
300,-15.7934,-21.6422,-37.4355,-20.2578,-18.0781,0.0,0.0,0.08771929889917374,0.08939393609762192,0.011093811132013798,0.03596159443259239,0.065476194024086,0.0022154850885272026,0.025652984157204628,0.1997046023607254,0.6679493188858032
305,-15.8324,-21.7434,-37.5758,-20.7812,-18.0156,0.0,0.0,0.03333333507180214,0.046184737235307693,0.006839670240879059,0.025939228013157845,0.0729166641831398,0.0011660447344183922,0.019356343895196915,0.19321362674236298,0.6817863583564758
310,-15.8887,-21.877,-37.7656,-20.0234,-19.2969,0.0,0.0,0.0,0.0,0.003526239423081279,0.015100016258656979,0.0539434514939785,0.0006996268639340997,0.009872512891888618,0.18738339841365814,0.6975668668746948
315,-16.1727,-21.8492,-38.0219,-19.8438,-19.8906,0.0,0.0,0.0,0.0,0.0008974646334536374,0.004761646967381239,0.0543154776096344,0.000155472633196041,0.0038090795278549194,0.17323538661003113,0.7183224558830261
320,-16.3684,-21.4766,-37.8449,-20.3906,-18.3516,0.0,0.0,0.0,0.043103449046611786,0.006118286866694689,0.025585884228348732,0.0729166641831398,0.0010883084032684565,0.01803482510149479,0.17152518033981323,0.7048740386962891
325,-15.9254,-21.8984,-37.8238,-19.7578,-19.7109,0.0,0.0,0.05000000074505806,0.04830917716026306,0.003994953818619251,0.011463697999715805,0.0476190485060215,0.0007773631950840354,0.008045708760619164,0.18485696613788605,0.7018423676490784
330,-16.1113,-21.8676,-37.9789,-19.8438,-19.8438,0.0,0.0,0.0,0.06896551698446274,0.0013224597787484527,0.00593035900965333,0.0505952388048172,0.0002720771008171141,0.004508706275373697,0.1763448417186737,0.7143967747688293
335,-15.4605,-22.0371,-37.4977,-19.7734,-19.3281,0.0,0.0,0.02500000037252903,0.05362775921821594,0.006182090844959021,0.01764197088778019,0.0625,0.0015547263901680708,0.012321206741034985,0.20747824013233185,0.6741682291030884
340,-15.4117,-22.007,-37.4188,-19.7812,-19.1953,0.0,0.0,0.027027027681469917,0.010178117081522942,0.005149899050593376,0.025272229686379433,0.056175597012043,0.0014381218934431672,0.015275186859071255,0.21132618188858032,0.6674829125404358
345,-15.4004,-21.2609,-36.6613,-20.8438,-16.6719,0.0,0.0,0.056179776787757874,0.12741589546203613,0.02288135513663292,0.07908769696950912,0.1290922611951828,0.006918532308191061,0.05429881811141968,0.2293221354484558,0.6049829125404358
350,-15.9398,-21.3199,-37.2598,-21.0781,-16.6953,0.0,0.0,0.1315789520740509,0.1511511504650116,0.014717425219714642,0.05382654443383217,0.0729166641831398,0.00295398011803627,0.03882928937673569,0.1980721354484558,0.6556670069694519
355,-15.8105,-21.9594,-37.7699,-19.5859,-19.8203,0.0,0.0,0.0,0.0,0.007345439866185188,0.0103087043389678,0.0513392873108387,0.0007773631950840354,0.0067241913639009,0.19049285352230072,0.6975280046463013
360,-16.0668,-21.7117,-37.7785,-19.9219,-19.4062,0.0,0.0,0.0,0.027100270614027977,0.005308982916176319,0.020622003823518753,0.0587797611951828,0.0007773631950840354,0.014342350885272026,0.1830301582813263,0.6973724961280823
365,-15.7848,-21.4004,-37.1852,-20.7891,-17.3906,0.0,0.0,0.07954545319080353,0.08504398912191391,0.015882018953561783,0.05546874925494194,0.0870535746216774,0.0034203981049358845,0.03976212814450264,0.2055736929178238,0.646766185760498
370,-15.5859,-21.8859,-37.4719,-20.2812,-18.4297,0.0,0.0,0.03703703731298447,0.0682302787899971,0.006043437402695417,0.02382746897637844,0.0744047611951828,0.0010494403541088104,0.01822916604578495,0.2058068960905075,0.6704368591308594
375,-15.5559,-22.1559,-37.7117,-19.4766,-20.0625,0.0,0.0,0.0,0.08510638028383255,0.0027168639935553074,0.004667641595005989,0.0505952388048172,0.00042754976311698556,0.003653606865555048,0.2002876251935959,0.6911535859107971
380,-16.0371,-21.5543,-37.5914,-20.2812,-18.3594,0.0,0.0,0.0714285746216774,0.07849829643964767,0.00828157365322113,0.03367079794406891,0.065476194024086,0.0016324627213180065,0.022776741534471512,0.18773320317268372,0.6833799481391907
385,-15.8867,-21.991,-37.8777,-19.5625,-19.9844,0.0,0.0,0.0,0.0,0.0018824513535946608,0.005116074346005917,0.0513392873108387,0.00034981343196704984,0.0027985074557363987,0.18582867085933685,0.7065454125404358
390,-15.8617,-21.9789,-37.8406,-19.3359,-20.1562,0.0,0.0,0.1111111119389534,0.04040404036641121,0.0037429819349199533,0.005851827096194029,0.0565476194024086,0.0006996268639340997,0.003847947809845209,0.18691697716712952,0.7040578126907349
395,-15.7887,-21.982,-37.7707,-19.3672,-20.0469,0.0,0.0,0.0,0.0,0.0026395940221846104,0.009271671064198017,0.0595238097012043,0.0009328357991762459,0.007268345914781094,0.19142568111419678,0.6958954930305481
400,-15.9461,-21.8008,-37.7469,-19.5703,-20.0859,0.0,0.0,0.02857142873108387,0.043887145817279816,0.008147064596414566,0.016481367871165276,0.0613839291036129,0.0013603855622932315,0.01239894237369299,0.18606187403202057,0.6957011818885803
405,-15.9187,-21.3082,-37.227,-20.3984,-17.7031,0.0,0.0,0.14814814925193787,0.14553990960121155,0.016472868621349335,0.05324488878250122,0.087425597012043,0.0031483208294957876,0.041394591331481934,0.20055970549583435,0.6504197716712952
410,-15.9199,-21.0117,-36.9316,-20.0234,-18.8516,0.0,0.0,0.10810811072587967,0.11906500905752182,0.035359326750040054,0.07609298825263977,0.103050597012043,0.008628731593489647,0.053210511803627014,0.20335820317268372,0.6303249597549438
415,-16.6887,-20.3625,-37.0512,-21.0156,-17.1719,0.0,0.0,0.051643192768096924,0.14473684132099152,0.04140197113156319,0.09597916901111603,0.1104910746216774,0.008278917521238327,0.06794153898954391,0.17743314802646637,0.6418687701225281
420,-17.0816,-18.9496,-36.0312,-21.7656,-15.3203,0.0,0.0,0.16960352659225464,0.30562129616737366,0.05879908427596092,0.1680678129196167,0.2228422611951828,0.017646145075559616,0.13137437403202057,0.18707245588302612,0.559429407119751
425,-18.7109,-15.9301,-34.641,-25.5391,-8.1016,0.0,0.0,0.3104265332221985,0.5126846432685852,0.11271266639232635,0.28544649481773376,0.331845223903656,0.03280472755432129,0.24207089841365814,0.16449004411697388,0.45615673065185547
430,-18.4398,-16.1934,-34.6332,-25.5156,-7.9609,0.0,0.0,0.3701730966567993,0.5597026944160461,0.08945757150650024,0.2616238594055176,0.2935267984867096,0.02918998710811138,0.2405550330877304,0.17770522832870483,0.4480721354484558
435,-17.7648,-17.1988,-34.9637,-25.3906,-7.9297,0.0,0.0,0.3780120611190796,0.5146948099136353,0.06707818806171417,0.2192005217075348,0.3091517984867096,0.025808457285165787,0.20631219446659088,0.18889924883842468,0.47450247406959534
440,-16.9949,-18.4258,-35.4207,-25.0703,-8.8047,0.0,0.0,0.30927833914756775,0.44855770468711853,0.05766685679554939,0.18861590325832367,0.2180059552192688,0.018851056694984436,0.1616915464401245,0.2055736929178238,0.5094060897827148
445,-17.177,-19.1504,-36.3273,-24.2578,-10.3828,0.0,0.0,0.2510460317134857,0.37141937017440796,0.04153422266244888,0.14237061142921448,0.1655505895614624,0.009289490059018135,0.1207633689045906,0.18341884016990662,0.5820506811141968
450,-16.4926,-20.0492,-36.5418,-23.3672,-12.2812,0.0,0.0,0.19889502227306366,0.28517743945121765,0.03212616965174675,0.11234342306852341,0.1603422611951828,0.007035136688500643,0.09308923780918121,0.1996268630027771,0.5957711338996887
455,-16.3684,-20.2625,-36.6309,-23.3359,-12.3906,0.0,0.0,0.19526627659797668,0.3001370429992676,0.023892100900411606,0.10605473816394806,0.1197916641831398,0.0065687187016010284,0.08508239686489105,0.20172575116157532,0.6021454930305481
460,-15.9168,-20.4555,-36.3723,-22.8594,-12.9688,0.0,0.0,0.16740088164806366,0.30796459317207336,0.027133166790008545,0.109089694917202,0.1183035746216774,0.008823072537779808,0.08784203976392746,0.21773943305015564,0.5811178684234619
465,-16.4094,-20.3328,-36.7422,-23.5312,-11.6484,0.0,0.0,0.20261438190937042,0.27487683296203613,0.027032360434532166,0.10019633919000626,0.1175595223903656,0.00594682851806283,0.07890236377716064,0.19698382914066315,0.6136893630027771
470,-16.8344,-19.9973,-36.8316,-23.7969,-11.0,0.0,0.0,0.20000000298023224,0.31227758526802063,0.024556908756494522,0.10132213681936264,0.137648805975914,0.005830223672091961,0.08737561851739883,0.18201959133148193,0.6202969551086426
475,-16.5102,-20.2473,-36.7574,-23.3594,-11.5938,0.0,0.0,0.23157894611358643,0.2939237058162689,0.028086481615900993,0.09259729087352753,0.1547619104385376,0.007384950295090675,0.0825171023607254,0.19235852360725403,0.6132618188858032
480,-16.8297,-19.8074,-36.6371,-24.3438,-10.3984,0.0,0.0,0.19161677360534668,0.2846890091896057,0.03162055462598801,0.11845995485782623,0.1566220223903656,0.006490982603281736,0.09748134016990662,0.1868392378091812,0.6047108173370361
485,-16.2289,-20.5496,-36.7785,-22.7891,-12.875,0.0,0.0,0.14917127788066864,0.19249074161052704,0.0344294011592865,0.09387264400720596,0.1324404776096344,0.007035136688500643,0.07349968701601028,0.20094838738441467,0.6140391826629639
490,-16.391,-20.7082,-37.0992,-22.2812,-14.0078,0.0,0.0,0.1515151560306549,0.20775805413722992,0.02251330390572548,0.07584371417760849,0.1130952388048172,0.003847947809845209,0.059118468314409256,0.18990983068943024,0.6426461338996887
495,-15.5824,-20.7609,-36.3434,-23.3516,-11.7266,0.0,0.0,0.23000000417232513,0.2564231753349304,0.027291104197502136,0.09745961427688599,0.159226194024086,0.00777363171800971,0.0771532952785492,0.2307213991880417,0.5798740386962891
500,-17.3191,-19.282,-36.6012,-24.8438,-9.1875,0.0,0.0,0.33870968222618103,0.34282737970352173,0.028297683224081993,0.12468522042036057,0.198288694024086,0.007229477632790804,0.1119014322757721,0.17444029450416565,0.6019511818885803
505,-16.5914,-19.5434,-36.1348,-24.5547,-9.3438,0.0,0.0,0.25328946113586426,0.34023067355155945,0.04559212923049927,0.13625706732273102,0.1930803507566452,0.01181592047214508,0.1145833358168602,0.20545709133148193,0.563666045665741
510,-17.1,-19.0289,-36.1289,-25.5234,-7.7109,0.0,0.0,0.3306451737880707,0.3778167963027954,0.03987729921936989,0.1491197794675827,0.1979166716337204,0.00963930319994688,0.1328125,0.19006529450416565,0.563005268573761
515,-17.1965,-18.673,-35.8695,-26.0156,-6.6328,0.0,0.0,0.3621169924736023,0.42793384194374084,0.051531750708818436,0.15649430453777313,0.2191220223903656,0.013953668996691704,0.14804881811141968,0.19158115983009338,0.5419387221336365
520,-16.95,-18.675,-35.625,-25.7656,-6.9688,0.0,0.0,0.32300883531570435,0.4337535500526428,0.06023402884602547,0.16570284962654114,0.2273065447807312,0.017568407580256462,0.15108053386211395,0.20261971652507782,0.5242537260055542
525,-17.4309,-18.4973,-35.9281,-25.3906,-8.1172,0.0,0.0,0.3776223659515381,0.4532119333744049,0.04193481430411339,0.1599084585905075,0.2034970223903656,0.011116293258965015,0.15368470549583435,0.18722791969776154,0.5434934496879578
530,-17.1336,-18.5703,-35.7039,-26.2188,-5.8516,0.0,0.0,0.3622828722000122,0.4368020296096802,0.05214482545852661,0.16834373772144318,0.2194940447807312,0.015663867816329002,0.15314054489135742,0.19752798974514008,0.5291900038719177
535,-17.2883,-18.4742,-35.7625,-26.1172,-6.3125,0.0,0.0,0.3988603949546814,0.4495735168457031,0.054534438997507095,0.16252180933952332,0.2265625,0.013642723672091961,0.15492847561836243,0.19243626296520233,0.5345149040222168
540,-18.1895,-17.8297,-36.0191,-26.5156,-5.8438,0.0,0.0,0.3702422082424164,0.4807473123073578,0.040654316544532776,0.16508272290229797,0.240327388048172,0.011232897639274597,0.17059235274791718,0.16157494485378265,0.552122175693512
545,-17.1555,-18.6684,-35.8238,-25.4844,-7.3672,0.0,0.0,0.30843374133110046,0.39810556173324585,0.06599394232034683,0.1663685142993927,0.2146577388048172,0.01613028533756733,0.14361785352230072,0.19259172677993774,0.5431825518608093
550,-17.0184,-19.3199,-36.3383,-24.2969,-10.3516,0.0,0.0,0.26457399129867554,0.3259016275405884,0.037948716431856155,0.14504431188106537,0.1618303507566452,0.00866759940981865,0.11854788661003113,0.18948227167129517,0.5788246393203735
555,-17.1832,-19.2375,-36.4207,-24.0703,-10.4297,0.0,0.0,0.2236286848783493,0.3252458870410919,0.04233261197805405,0.14560602605342865,0.1450892835855484,0.009211753495037556,0.11854788661003113,0.17995958030223846,0.5878031849861145
560,-17.4594,-18.9195,-36.3789,-25.9688,-7.3359,0.0,0.0,0.2871287167072296,0.38978978991508484,0.036719437688589096,0.1403074860572815,0.1927083283662796,0.007851367816329002,0.12943096458911896,0.17677238583564758,0.5814676880836487
565,-17.5957,-18.3656,-35.9613,-25.7578,-7.1484,0.0,0.0,0.3187499940395355,0.44651520252227783,0.047165729105472565,0.16902898252010345,0.1871279776096344,0.012437811121344566,0.15224657952785492,0.17964863777160645,0.5511893630027771
570,-17.4586,-17.7199,-35.1785,-27.2031,-4.3047,0.0,0.0,0.36832740902900696,0.5511258244514465,0.06118018552660942,0.1835322231054306,0.2589285671710968,0.02184390462934971,0.1881607621908188,0.1969449669122696,0.48857274651527405
575,-17.7777,-17.1461,-34.9238,-26.8359,-4.3594,0.0,0.0,0.4953846037387848,0.5841747522354126,0.06938526779413223,0.19160978496074677,0.2779017984867096,0.025264304131269455,0.21171486377716064,0.19158115983009338,0.466962069272995
580,-17.4234,-17.1891,-34.6125,-27.0312,-4.1797,0.0,0.0,0.4667630195617676,0.5969746112823486,0.06577728688716888,0.20371994376182556,0.300967276096344,0.0268967654556036,0.21583488583564758,0.20977145433425903,0.4430192708969116
585,-18.0566,-16.5977,-34.6543,-27.7656,-3.0391,0.0,0.0,0.5052473545074463,0.635100781917572,0.07562168687582016,0.1974230408668518,0.3173363208770752,0.025925062596797943,0.22943873703479767,0.19068719446659088,0.4494713842868805
590,-18.3637,-15.707,-34.0707,-27.8516,-3.0781,0.0,0.0,0.4848484992980957,0.6469562649726868,0.09449143707752228,0.24378971755504608,0.3571428656578064,0.03591417893767357,0.26752954721450806,0.1883939653635025,0.40368470549583435
595,-17.4898,-16.7129,-34.2027,-27.2344,-3.6797,0.0,0.0,0.4481707215309143,0.6286006569862366,0.09618976712226868,0.21125981211662292,0.3523065447807312,0.0382462702691555,0.22803948819637299,0.2081001251935959,0.4211364984512329
600,-18.8473,-15.675,-34.5223,-28.1406,-2.4531,0.0,0.0,0.5345104336738586,0.6899327039718628,0.06675688177347183,0.19939008355140686,0.3444940447807312,0.024214863777160645,0.265625,0.17234142124652863,0.4333411157131195
605,-18.6125,-16.3133,-34.9258,-27.5938,-3.4531,0.0,0.0,0.4793103337287903,0.6553036570549011,0.0603349395096302,0.18684691190719604,0.316220223903656,0.02254353277385235,0.23488028347492218,0.1694263070821762,0.4686722755432129
610,-18.2453,-16.368,-34.6133,-28.0391,-2.4219,0.0,0.0,0.4984802305698395,0.6580655574798584,0.07550335675477982,0.19070903956890106,0.3337053656578064,0.025575248524546623,0.2395056039094925,0.18532338738441467,0.44511815905570984
615,-18.823,-15.4492,-34.2723,-27.8203,-3.2578,0.0,0.0,0.45735475420951843,0.6563255786895752,0.09952925145626068,0.23317508399486542,0.3601190447807312,0.03144434094429016,0.2731265425682068,0.17339086532592773,0.4175606369972229
620,-18.168,-16.7148,-34.8828,-26.9219,-4.6094,0.0,0.0,0.4708520174026489,0.5829721093177795,0.06848418712615967,0.20775438845157623,0.3013392984867096,0.026002798229455948,0.22415266931056976,0.17821051180362701,0.46715641021728516
625,-17.5289,-17.7035,-35.2324,-26.7969,-5.5391,0.0,0.0,0.4177693724632263,0.5098450183868408,0.059483274817466736,0.19028562307357788,0.2898065447807312,0.020561255514621735,0.1855565905570984,0.19406871497631073,0.49533581733703613
630,-17.182,-17.7223,-34.9043,-25.7812,-6.8672,0.0,0.0,0.3926553726196289,0.4988643527030945,0.08435554057359695,0.20910581946372986,0.271577388048172,0.027518656104803085,0.1882385015487671,0.2059623748064041,0.4738028645515442
635,-17.3105,-17.4816,-34.7922,-26.5938,-5.1484,0.0,0.0,0.3978349268436432,0.5419711470603943,0.08123461157083511,0.20724262297153473,0.2886904776096344,0.028723569586873055,0.19678948819637299,0.20526275038719177,0.4647465944290161
640,-18.3637,-15.8875,-34.2512,-27.5312,-3.1797,0.0,0.0,0.4949944317340851,0.6304747462272644,0.10795333981513977,0.24348384141921997,0.3046875,0.03494247421622276,0.2538090944290161,0.1832633763551712,0.4235074520111084
645,-17.8078,-16.2809,-34.0887,-27.1172,-4.0547,0.0,0.0,0.5169230699539185,0.631321132183075,0.10075274854898453,0.2355058789253235,0.3121279776096344,0.03789645433425903,0.24595771729946136,0.20137593150138855,0.41029229760169983
650,-19.4367,-14.7668,-34.2035,-28.4453,-2.3125,0.0,0.0,0.4957575798034668,0.6694881916046143,0.09312143176794052,0.2510586380958557,0.3816964328289032,0.0320662297308445,0.2938821613788605,0.15652208030223846,0.41305193305015564
655,-18.8453,-14.5715,-33.4168,-27.8125,-3.0625,0.0,0.0,0.5746083855628967,0.7137318849563599,0.12029755860567093,0.2627657353878021,0.3757440447807312,0.047147076576948166,0.3107897937297821,0.18287469446659088,0.35471081733703613
660,-19.4734,-14.5223,-33.9957,-27.8594,-3.5078,0.0,0.0,0.5246981382369995,0.6621431112289429,0.11100220680236816,0.2684380114078522,0.3999255895614624,0.03540889173746109,0.30359917879104614,0.1586209535598755,0.39789333939552307
665,-19.7316,-13.5395,-33.2711,-28.1094,-2.6797,0.0,0.0,0.5892439484596252,0.7127611041069031,0.14957159757614136,0.2903880774974823,0.4330357015132904,0.04986784979701042,0.3423507511615753,0.1587764322757721,0.34452736377716064
670,-19.5664,-13.598,-33.1645,-27.8984,-3.0547,0.0,0.0,0.6297117471694946,0.7392547130584717,0.13145987689495087,0.26933637261390686,0.4460565447807312,0.05258861929178238,0.3400186598300934,0.16320739686489105,0.33970770239830017
675,-19.7418,-13.9516,-33.6934,-28.4297,-2.4844,0.0,0.0,0.5114344954490662,0.6940500140190125,0.11467777192592621,0.2836639881134033,0.4125744104385376,0.03739117085933685,0.331195592880249,0.1586209535598755,0.3683146834373474
680,-19.5211,-13.7203,-33.2414,-28.4297,-2.0859,0.0,0.0,0.5925626754760742,0.7282397150993347,0.12809821963310242,0.2755347192287445,0.443452388048172,0.04807991161942482,0.3398243188858032,0.16779384016990662,0.3398243188858032
685,-20.2785,-12.1328,-32.4113,-28.3281,-2.2656,0.0,0.0,0.6307966709136963,0.7763442993164062,0.1718670129776001,0.3153276741504669,0.5212053656578064,0.06537624448537827,0.39466729760169983,0.15197449922561646,0.2835043668746948
690,-20.4383,-11.9199,-32.3582,-28.3047,-2.3594,0.0,0.0,0.6868990659713745,0.7846792936325073,0.16784313321113586,0.3167106509208679,0.5044642686843872,0.06467662006616592,0.4023631811141968,0.14867070317268372,0.27981188893318176
695,-20.1574,-11.9098,-32.0672,-28.6875,-1.1016,0.0,0.0,0.6389910578727722,0.7983706593513489,0.1820652186870575,0.32266154885292053,0.531622052192688,0.07396610826253891,0.40076959133148193,0.15733830630779266,0.2634483873844147
700,-20.7602,-11.3828,-32.143,-28.6875,-1.7812,0.0,0.0,0.6383593082427979,0.8052020072937012,0.1803322583436966,0.3273942172527313,0.5479910969734192,0.06728078424930573,0.42140859365463257,0.14505596458911896,0.26177704334259033
705,-20.5371,-11.8664,-32.4035,-28.7656,-1.4609,0.0,0.0,0.6500586271286011,0.7816792130470276,0.17258195579051971,0.30403831601142883,0.5591517686843872,0.06630907952785492,0.40181902050971985,0.1434623748064041,0.2839319109916687
710,-19.9441,-12.457,-32.4012,-28.6562,-1.5156,0.0,0.0,0.6384309530258179,0.7964854836463928,0.15976761281490326,0.29489269852638245,0.4832589328289032,0.06836909055709839,0.3804415464401245,0.1605643630027771,0.2861473858356476
715,-20.7746,-11.4406,-32.2152,-28.9375,-1.2812,0.0,0.0,0.6498829126358032,0.7976534366607666,0.1842176914215088,0.33275511860847473,0.5282738208770752,0.06638681888580322,0.4174051582813263,0.14284048974514008,0.2688899338245392
720,-20.325,-12.1406,-32.4656,-28.5547,-2.0469,0.0,0.0,0.6056166291236877,0.7662144899368286,0.1875639706850052,0.33441513776779175,0.494047611951828,0.06366604566574097,0.39252954721450806,0.15189675986766815,0.2874300479888916
725,-20.2684,-11.9914,-32.2598,-28.6797,-1.5156,0.0,0.0,0.664813756942749,0.7802435159683228,0.1877414435148239,0.3143295347690582,0.5360863208770752,0.06992381811141968,0.3958333432674408,0.15092505514621735,0.27884018421173096
730,-20.502,-11.8395,-32.3414,-28.7734,-1.5625,0.0,0.0,0.5936582684516907,0.7764492034912109,0.18409818410873413,0.3266993761062622,0.5498511791229248,0.06619247794151306,0.4063277244567871,0.1456778645515442,0.2773243188858032
735,-20.6,-12.1191,-32.7191,-28.2188,-2.7656,0.0,0.0,0.5718194246292114,0.7727317810058594,0.1738055944442749,0.3094119131565094,0.515252947807312,0.05682525038719177,0.3911302983760834,0.14155784249305725,0.3060090243816376
740,-19.6195,-12.2988,-31.9184,-28.1406,-2.0547,0.0,0.0,0.6832740306854248,0.7926618456840515,0.182859867811203,0.30839741230010986,0.5241815447807312,0.08737561851739883,0.3824238181114197,0.16281871497631073,0.26290422677993774
745,-20.1594,-11.7559,-31.9152,-28.4375,-1.6016,0.0,0.0,0.6874414086341858,0.8110389113426208,0.18732501566410065,0.3039892017841339,0.547247052192688,0.08294465392827988,0.4006918668746948,0.15271300077438354,0.25917288661003113
750,-20.8777,-11.0539,-31.9316,-28.9531,-0.9922,0.0,0.0,0.6650943160057068,0.8342192769050598,0.1911599040031433,0.3050455152988434,0.5442708134651184,0.07416044920682907,0.4313977062702179,0.13805970549583435,0.25190454721450806
755,-21.2891,-10.0086,-31.2977,-28.8281,-1.2422,0.0,0.0,0.7038161158561707,0.8496146202087402,0.23258595168590546,0.36071887612342834,0.5844494104385376,0.08962997794151306,0.4639303386211395,0.13001398742198944,0.21194806694984436
760,-21.6414,-9.3285,-30.9699,-28.9219,-1.0078,0.0,0.0,0.7192704081535339,0.8647053837776184,0.2478441447019577,0.3726259171962738,0.6320684552192688,0.09802550077438354,0.48752331733703613,0.12169620394706726,0.18827736377716064
765,-21.5555,-9.7523,-31.3078,-29.0547,-1.2109,0.0,0.0,0.6822713613510132,0.8348067998886108,0.24746835231781006,0.38361021876335144,0.625372052192688,0.08966884016990662,0.47481343150138855,0.12282337993383408,0.20821672677993774
770,-21.7805,-8.7387,-30.5191,-29.2344,-0.6641,0.0,0.0,0.772803783416748,0.8766414523124695,0.256766140460968,0.3744399845600128,0.6901041865348816,0.1154773011803627,0.5031871795654297,0.11201803386211395,0.16483986377716064
775,-22.6512,-7.8492,-30.5004,-29.1562,-0.8906,0.0,0.0,0.7299215793609619,0.876838743686676,0.31205952167510986,0.4509007930755615,0.7124255895614624,0.10405006259679794,0.5390236377716064,0.09926927834749222,0.15317942202091217
780,-22.2965,-7.8871,-30.1836,-28.9922,-0.9609,0.0,0.0,0.7464404702186584,0.8597221374511719,0.3827160596847534,0.501298725605011,0.7239583134651184,0.12830379605293274,0.5231265425682068,0.09444962441921234,0.14964240789413452
785,-21.7641,-9.2391,-31.0031,-28.7031,-1.9375,0.0,0.0,0.6845124363899231,0.7963095903396606,0.3408779203891754,0.5028055906295776,0.6421130895614624,0.1016402393579483,0.4865904748439789,0.11333955079317093,0.19395211338996887
790,-22.8066,-7.9965,-30.8031,-28.8672,-1.5625,0.0,0.0,0.6981964111328125,0.8322181701660156,0.374528706073761,0.5174682140350342,0.691592276096344,0.09697605669498444,0.5344371795654297,0.0927782952785492,0.17133083939552307
795,-23.2695,-6.7273,-29.9969,-28.7812,-1.7109,0.0,0.0,0.7573575377464294,0.8697633147239685,0.458205908536911,0.5723270177841187,0.7674851417541504,0.12414489686489105,0.5715174078941345,0.07625932991504669,0.12360074371099472
800,-23.2297,-6.9441,-30.1738,-28.9922,-1.2656,0.0,0.0,0.7403369545936584,0.8625543117523193,0.4193076491355896,0.5880657434463501,0.7485119104385376,0.11765392124652863,0.5633162260055542,0.07971859723329544,0.13483364880084991
805,-22.8355,-7.3926,-30.2281,-28.7578,-1.7109,0.0,0.0,0.7451541423797607,0.8495023846626282,0.43086081743240356,0.5590593218803406,0.7373511791229248,0.1223180964589119,0.5428715944290161,0.08488806337118149,0.14544464647769928
810,-23.0883,-7.0008,-30.0891,-28.6484,-1.9766,0.0,0.0,0.7370743751525879,0.8541056513786316,0.4692603349685669,0.5997093319892883,0.761532723903656,0.1232898011803627,0.55760258436203,0.08092350512742996,0.1337064653635025
815,-23.2723,-6.8695,-30.1418,-28.7656,-2.0234,0.0,0.0,0.7260726094245911,0.8561427593231201,0.4760019779205322,0.6165545582771301,0.7444196343421936,0.11777052283287048,0.5663090944290161,0.07855255156755447,0.1328902393579483
820,-24.2668,-5.5648,-29.8316,-29.2422,-1.1875,0.0,0.0,0.7611600160598755,0.8848419785499573,0.5309734344482422,0.6832412481307983,0.812127947807312,0.11928638070821762,0.61361163854599,0.05709732696413994,0.10552705079317093
825,-23.402,-6.2527,-29.6547,-28.875,-1.5,0.0,0.0,0.7782068848609924,0.8662755489349365,0.5446635484695435,0.6799440979957581,0.7942708134651184,0.14089708030223846,0.5763759613037109,0.06700870394706726,0.11124067008495331
830,-23.2105,-6.7645,-29.975,-28.8438,-1.6328,0.0,0.0,0.7564409971237183,0.8531073331832886,0.4917945861816406,0.6274628639221191,0.7704613208770752,0.12974192202091217,0.5641324520111084,0.07342195510864258,0.12822605669498444
835,-23.9965,-5.3355,-29.332,-28.5859,-2.2891,0.0,0.0,0.8190045356750488,0.8955615162849426,0.5967976450920105,0.6898372173309326,0.8470982313156128,0.14602766931056976,0.6077425479888916,0.05340484902262688,0.08834732323884964
840,-24.5895,-4.5059,-29.0953,-29.0078,-1.5625,0.0,0.0,0.844508945941925,0.9160053730010986,0.6888273358345032,0.764409601688385,0.8697916865348816,0.14723259210586548,0.6367381811141968,0.042094215750694275,0.06945739686489105
845,-24.7176,-4.6281,-29.3457,-29.5469,-0.6484,0.0,0.0,0.8136390447616577,0.9168781042098999,0.6100682616233826,0.7044979333877563,0.8664434552192688,0.13222947716712952,0.6434234976768494,0.045553483068943024,0.07431592047214508
850,-25.2602,-3.843,-29.1031,-29.3672,-0.8672,0.0,0.0,0.8575904369354248,0.9416304230690002,0.6117084622383118,0.7378174066543579,0.8880208134651184,0.1364661008119583,0.6698927283287048,0.03253265097737312,0.05663090944290161
855,-24.8133,-4.0266,-28.8398,-29.1719,-1.0703,0.0,0.0,0.877970278263092,0.9314848184585571,0.7007211446762085,0.8075822591781616,0.8936011791229248,0.15702736377716064,0.6518190503120422,0.03233831003308296,0.05433768779039383
860,-25.091,-3.8941,-28.9852,-29.5391,-0.6172,0.0,0.0,0.86915123462677,0.9394452571868896,0.6197975277900696,0.7392592430114746,0.9073660969734192,0.14287935197353363,0.6656172275543213,0.03455379232764244,0.05247201398015022
865,-25.6652,-3.4324,-29.0977,-29.7031,-0.4297,0.0,0.0,0.8695521354675293,0.9438422918319702,0.68282550573349,0.7491554021835327,0.925967276096344,0.1293143630027771,0.6921253204345703,0.028062811121344566,0.04601990059018135
870,-25.377,-3.4348,-28.8117,-29.7969,-0.1953,0.0,0.0,0.8839049935340881,0.9510461688041687,0.7335164546966553,0.7567316889762878,0.937872052192688,0.1473103165626526,0.6780550479888916,0.02829601988196373,0.04186100885272026
875,-25.5965,-3.1855,-28.782,-29.6719,-0.3516,0.0,0.0,0.9211729764938354,0.9522952437400818,0.7012779712677002,0.8110749125480652,0.9341517686843872,0.14447294175624847,0.6909204125404358,0.02433146722614765,0.03579757362604141
880,-25.6789,-3.1051,-28.784,-29.3203,-0.8906,0.0,0.0,0.9032871723175049,0.9603888392448425,0.6930860280990601,0.7785466909408569,0.9356398582458496,0.1430736929178238,0.6957011818885803,0.023048818111419678,0.03369869291782379
885,-25.218,-3.5523,-28.7703,-29.5781,-0.5859,0.0,0.0,0.8986538052558899,0.94463050365448,0.6952789425849915,0.7952029705047607,0.9296875,0.15302394330501556,0.6731964945793152,0.027168843895196915,0.042133085429668427
890,-26.0082,-3.0992,-29.1074,-29.5156,-0.6172,0.0,0.0,0.894402027130127,0.9475337266921997,0.727129340171814,0.808415412902832,0.9211309552192688,0.12220149487257004,0.7052627205848694,0.02464241348206997,0.04341573268175125
895,-25.7387,-3.166,-28.9047,-29.6719,-0.4453,0.0,0.0,0.8958990573883057,0.9529942870140076,0.7122186422348022,0.7843530774116516,0.937872052192688,0.13553327322006226,0.6970615386962891,0.024175994098186493,0.03875155374407768
900,-25.3305,-3.2723,-28.6027,-29.7734,-0.1484,0.0,0.0,0.9178614616394043,0.9587079882621765,0.7651245594024658,0.7450110912322998,0.933407723903656,0.15994247794151306,0.6786769032478333,0.02184390462934971,0.03505907952785492
905,-25.968,-2.8258,-28.7938,-29.7578,-0.2031,0.0,0.0,0.9079545736312866,0.9650360941886902,0.7969639301300049,0.801952600479126,0.9367559552192688,0.13681592047214508,0.7103545069694519,0.02048351988196373,0.027868470177054405
910,-26.3082,-2.5438,-28.852,-29.75,-0.3125,0.0,0.0,0.9117106199264526,0.9680600166320801,0.7562642097473145,0.8630338907241821,0.9601934552192688,0.126787930727005,0.7252798676490784,0.017063122242689133,0.02639148011803627
915,-25.659,-3.1508,-28.8098,-29.6719,-0.3516,0.0,0.0,0.9174917340278625,0.9564124345779419,0.773553729057312,0.769911527633667,0.9077380895614624,0.14132462441921234,0.6955457329750061,0.023515235632658005,0.035136815160512924
920,-25.7008,-3.1984,-28.8992,-29.5,-0.625,0.0,0.0,0.8966305255889893,0.9496113061904907,0.7538699507713318,0.8170128464698792,0.9319196343421936,0.13611629605293274,0.6950015425682068,0.025108831003308296,0.03929571062326431
925,-25.6496,-3.2984,-28.948,-29.6406,-0.4609,0.0,0.0,0.8947671055793762,0.949884831905365,0.6767676472663879,0.7700934410095215,0.9296875,0.1351834535598755,0.6918143630027771,0.02693563513457775,0.041588928550481796
930,-25.9586,-3.0801,-29.0387,-29.7578,-0.2969,0.0,0.0,0.8937863707542419,0.951172411441803,0.7029221057891846,0.7781007885932922,0.9389880895614624,0.12698227167129517,0.7044853568077087,0.02394278533756733,0.04011194035410881
935,-25.7164,-3.3992,-29.1156,-29.4688,-0.6406,0.0,0.0,0.8730593323707581,0.9421854615211487,0.7394958138465881,0.8341270089149475,0.8861607313156128,0.1276818960905075,0.6911147236824036,0.02775186486542225,0.04897388070821762
940,-25.407,-3.6488,-29.0559,-29.4844,-0.8203,0.0,0.0,0.8875291347503662,0.9441004395484924,0.6328963041305542,0.7535794973373413,0.8839285969734192,0.13339552283287048,0.6779384613037109,0.03261038661003113,0.05157804861664772
945,-25.8188,-3.1371,-28.9559,-29.7422,-0.3047,0.0,0.0,0.8974586129188538,0.9538940191268921,0.7125193476676941,0.8113207817077637,0.9133184552192688,0.13152985274791718,0.6997045874595642,0.0251476988196373,0.039140235632658005
950,-23.916,-5.3676,-29.2836,-29.1875,-1.0625,0.0,0.0,0.8339879512786865,0.9041051864624023,0.5864063501358032,0.6766014099121094,0.7987351417541504,0.1484375,0.6059545874595642,0.053754664957523346,0.08737561851739883
955,-24.677,-4.6848,-29.3617,-29.4688,-0.6406,0.0,0.0,0.8248520493507385,0.9030658602714539,0.6503791213035583,0.7587810158729553,0.8601190447807312,0.13137437403202057,0.6427627205848694,0.04613650590181351,0.07524875551462173
960,-25.1316,-4.1656,-29.2973,-29.6562,-0.2656,0.0,0.0,0.8370904922485352,0.9223722815513611,0.6639090180397034,0.754079282283783,0.8720238208770752,0.1293143630027771,0.6619247794151306,0.037585511803627014,0.06669776141643524
965,-25.1465,-4.0293,-29.1758,-29.3125,-1.0,0.0,0.0,0.8590308427810669,0.9300117492675781,0.6364572644233704,0.7630922794342041,0.8779761791229248,0.13234607875347137,0.6630908250808716,0.037740983068943024,0.06234452873468399
970,-25.1934,-3.9332,-29.1266,-29.5938,-0.4844,0.0,0.0,0.8618420958518982,0.9245195388793945,0.6967669725418091,0.7935003638267517,0.9051339030265808,0.13588307797908783,0.6673662662506104,0.03486473858356476,0.05740826949477196
975,-25.2715,-3.941,-29.2125,-29.5312,-0.6094,0.0,0.0,0.84549480676651,0.9258936047554016,0.7181603908538818,0.8035604953765869,0.875,0.13156871497631073,0.6676772236824036,0.0329601988196373,0.0633162334561348
980,-24.6152,-4.6594,-29.2746,-29.4766,-0.5547,0.0,0.0,0.839606761932373,0.9143638014793396,0.6290035843849182,0.7165520787239075,0.8426339030265808,0.13837064802646637,0.63996422290802,0.04368780925869942,0.07349968701601028
985,-24.5934,-4.7242,-29.3176,-29.3516,-0.7812,0.0,0.0,0.8100719451904297,0.9161077737808228,0.5881370306015015,0.6800610423088074,0.8917410969734192,0.13506685197353363,0.6375155448913574,0.04652518779039383,0.0764148011803627
990,-24.5207,-5.0207,-29.5414,-29.3438,-0.8906,0.0,0.0,0.8123047947883606,0.9089572429656982,0.5840579867362976,0.6685393452644348,0.805059552192688,0.12445584684610367,0.6344060897827148,0.05363805964589119,0.08302238583564758
995,-24.3996,-4.9441,-29.3438,-29.25,-1.0312,0.0,0.0,0.8357582688331604,0.9058539867401123,0.5985634326934814,0.71512770652771,0.8266369104385376,0.1389147937297821,0.6287702322006226,0.048701804131269455,0.07913557440042496
1000,-24.0063,-5.4496,-29.4559,-29.2344,-1.0391,0.0,0.0,0.8225762248039246,0.8863053917884827,0.5582776665687561,0.702049195766449,0.8351934552192688,0.1415189653635025,0.606809675693512,0.052355408668518066,0.09483830630779266
1005,-24.6121,-4.8273,-29.4395,-29.0234,-1.6016,0.0,0.0,0.8304347991943359,0.8901997208595276,0.6936619877815247,0.7677834033966064,0.8456101417541504,0.13409514725208282,0.6325792670249939,0.04415423050522804,0.08469372242689133
1010,-24.023,-5.5695,-29.5926,-28.5938,-2.2031,0.0,0.0,0.8072625994682312,0.8701963424682617,0.637509286403656,0.7283582091331482,0.8158482313156128,0.13914801180362701,0.5997745394706726,0.05243314802646637,0.1041666641831398
1015,-24.1109,-5.5871,-29.698,-28.4688,-2.5938,0.0,0.0,0.7861454486846924,0.864015519618988,0.6305533647537231,0.7575542330741882,0.8113839030265808,0.13522233068943024,0.6010960936546326,0.04986784979701042,0.10933613032102585
1020,-24.1277,-5.5629,-29.6906,-28.7422,-2.0469,0.0,0.0,0.7648088932037354,0.87256920337677,0.6664116382598877,0.7309077978134155,0.808407723903656,0.13320118188858032,0.6036224961280823,0.050800684839487076,0.10789801180362701
1025,-24.5867,-4.5008,-29.0875,-29.3125,-1.0,0.0,0.0,0.8410269618034363,0.9087680578231812,0.7273622155189514,0.8142701387405396,0.8731398582458496,0.14987562596797943,0.6347947716712952,0.039490051567554474,0.07136193662881851
1030,-24.5707,-4.3371,-28.9078,-28.9375,-1.4922,0.0,0.0,0.8812195062637329,0.92364501953125,0.6884531378746033,0.7612942457199097,0.8683035969734192,0.15935945510864258,0.6368159055709839,0.035680968314409256,0.06366604566574097
1035,-25.5969,-3.3488,-28.9457,-29.5391,-0.7578,0.0,0.0,0.8967617154121399,0.9416685700416565,0.7323232293128967,0.809674859046936,0.9401041865348816,0.14043065905570984,0.6829912662506104,0.02308768592774868,0.04901275038719177
1040,-24.4008,-5.0848,-29.4855,-28.9844,-1.5625,0.0,0.0,0.8129271268844604,0.8850134611129761,0.656089186668396,0.7591904401779175,0.8415178656578064,0.13650497794151306,0.619597315788269,0.04532027244567871,0.09409981220960617
1045,-23.2148,-6.7734,-29.9883,-28.9922,-1.5234,0.0,0.0,0.751764714717865,0.836662232875824,0.5445652008056641,0.682016909122467,0.758184552192688,0.1321517378091812,0.5584965944290161,0.07151741534471512,0.13335666060447693
1050,-23.6141,-6.3711,-29.9852,-29.1172,-1.2969,0.0,0.0,0.722868800163269,0.8601018786430359,0.5637311935424805,0.6785825490951538,0.7511160969734192,0.12356188148260117,0.5798351764678955,0.06708644330501556,0.12503886222839355
1055,-24.2965,-5.475,-29.7715,-29.5625,-0.5938,0.0,0.0,0.7654480934143066,0.8931201696395874,0.5520548224449158,0.6771714091300964,0.7916666865348816,0.12014147639274597,0.6174984574317932,0.05674751102924347,0.10113494843244553
1060,-24.2031,-5.2949,-29.498,-29.4375,-0.8438,0.0,0.0,0.7963120341300964,0.8901847004890442,0.5795454382896423,0.6912521719932556,0.8679315447807312,0.13701026141643524,0.6165655851364136,0.051305968314409256,0.09064054489135742
1065,-24.1113,-5.2723,-29.3836,-29.1562,-1.1719,0.0,0.0,0.806032121181488,0.9037826657295227,0.6041222214698792,0.6999558210372925,0.8065476417541504,0.1404695212841034,0.6124067306518555,0.0546875,0.08795864135026932
1070,-24.223,-5.1133,-29.3363,-29.2969,-0.8203,0.0,0.0,0.8215274214744568,0.9145851731300354,0.5644677877426147,0.661723792552948,0.8214285969734192,0.1404695212841034,0.6193252205848694,0.051850125193595886,0.08387748897075653
1075,-24.5719,-4.3184,-28.8902,-29.4375,-0.6562,0.0,0.0,0.8810176849365234,0.9381324648857117,0.6086124181747437,0.6958867311477661,0.8586309552192688,0.15582245588302612,0.6414412260055542,0.04061722755432129,0.05764148011803627
1080,-24.5441,-4.484,-29.0281,-29.4531,-0.6953,0.0,0.0,0.8631913065910339,0.9376858472824097,0.5777400135993958,0.6313163042068481,0.8642113208770752,0.1468827724456787,0.6405861377716064,0.045747824013233185,0.06230565905570984
1085,-24.4195,-4.8094,-29.2289,-29.7344,-0.2266,0.0,0.0,0.827275276184082,0.9286064505577087,0.5782414078712463,0.6569105982780457,0.8251488208770752,0.1379431039094925,0.6337064504623413,0.052161071449518204,0.07171175628900528
1090,-24.4152,-4.8742,-29.2895,-29.3594,-0.7891,0.0,0.0,0.805027961730957,0.9211807250976562,0.5941455960273743,0.6658202409744263,0.8493303656578064,0.13914801180362701,0.6307136416435242,0.04912935197353363,0.07653140276670456
1095,-23.791,-5.6902,-29.4813,-29.4062,-0.6719,0.0,0.0,0.8074115514755249,0.907493531703949,0.5120865106582642,0.603874683380127,0.7890625,0.13844838738441467,0.6016790866851807,0.06110074743628502,0.09429415315389633
1100,-23.932,-5.6297,-29.5617,-29.0938,-1.2969,0.0,0.0,0.8101525902748108,0.8959589600563049,0.5218790173530579,0.645096480846405,0.800967276096344,0.13246268033981323,0.6059545874595642,0.06040111929178238,0.09670397639274597
1105,-23.3691,-6.398,-29.7672,-28.9609,-1.5391,0.0,0.0,0.807692289352417,0.8795655369758606,0.4726867377758026,0.5982849597930908,0.7570684552192688,0.1354166716337204,0.5725280046463013,0.06972947716712952,0.11784826219081879
1110,-23.232,-7.3309,-30.5629,-27.2812,-4.8281,0.0,0.0,0.7635318040847778,0.8035163283348083,0.5181260704994202,0.6179981827735901,0.7131696343421936,0.11489427834749222,0.541627824306488,0.06969060748815536,0.16930970549583435
1115,-23.0883,-7.132,-30.2203,-28.7344,-1.8516,0.0,0.0,0.733376145362854,0.833052396774292,0.5128205418586731,0.6118546724319458,0.7552083134651184,0.12099657952785492,0.5534048676490784,0.07882462441921234,0.14229632914066315
1120,-22.3043,-8.5582,-30.8625,-28.4062,-2.3203,0.0,0.0,0.6937611699104309,0.7889625430107117,0.44897958636283875,0.5591353178024292,0.6387648582458496,0.10902518779039383,0.5042755007743835,0.09522698819637299,0.18699471652507782
1125,-22.8414,-7.4195,-30.2609,-29.3516,-0.7578,0.0,0.0,0.7630019783973694,0.8623689413070679,0.4050179123878479,0.5465705990791321,0.6737351417541504,0.1180814653635025,0.545048177242279,0.0867537334561348,0.14563898742198944
1130,-22.7391,-7.2457,-29.9848,-29.4844,-0.4453,0.0,0.0,0.7720944285392761,0.8760611414909363,0.4121503531932831,0.5241546034812927,0.7232142686843872,0.1284203976392746,0.549440324306488,0.08893034607172012,0.12873134016990662
1135,-22.366,-8.0598,-30.4258,-28.875,-1.4062,0.0,0.0,0.7701225280761719,0.8492803573608398,0.3968127369880676,0.5043880939483643,0.6357886791229248,0.11734297126531601,0.5211831331253052,0.09755907952785492,0.15943719446659088
1140,-21.7512,-9.3316,-31.0828,-28.9844,-1.1641,0.0,0.0,0.7122873067855835,0.8208558559417725,0.29954561591148376,0.42497560381889343,0.6458333134651184,0.10280627757310867,0.48231497406959534,0.11120180040597916,0.19919931888580322
1145,-20.8715,-10.9844,-31.8559,-28.3672,-2.2109,0.0,0.0,0.6660541892051697,0.79184490442276,0.25513195991516113,0.3748840093612671,0.4936755895614624,0.08461598306894302,0.42704445123672485,0.13254041969776154,0.2513215243816376
1150,-20.2902,-12.2523,-32.5426,-28.1641,-2.4531,0.0,0.0,0.6544325351715088,0.7535051703453064,0.19209957122802734,0.3468817472457886,0.4441964328289032,0.06883551180362701,0.3770211338996887,0.14365671575069427,0.3060090243816376
1155,-20.8766,-11.2801,-32.1566,-28.1406,-2.7344,0.0,0.0,0.6497696042060852,0.7449266910552979,0.24468395113945007,0.39728957414627075,0.535342276096344,0.07590951770544052,0.41371268033981323,0.13343438506126404,0.2724657952785492
1160,-21.3016,-10.0809,-31.3824,-28.1328,-2.4219,0.0,0.0,0.7000792622566223,0.7942550778388977,0.30166879296302795,0.44402602314949036,0.5450148582458496,0.09810323268175125,0.4492381811141968,0.12111318111419678,0.22706778347492218
1165,-21.1305,-10.0258,-31.1562,-27.7109,-3.5234,0.0,0.0,0.7213610410690308,0.8007007837295532,0.30422621965408325,0.4353542625904083,0.5751488208770752,0.10280627757310867,0.45479634404182434,0.1250777393579483,0.21284204721450806
1170,-19.9988,-12.8586,-32.8574,-26.7188,-5.4609,0.0,0.0,0.5709421038627625,0.6442623138427734,0.2411077916622162,0.3895796239376068,0.4605654776096344,0.06848569959402084,0.3556436598300934,0.1431514322757721,0.32824161648750305
1175,-20.6227,-12.1875,-32.8102,-26.5547,-5.7422,0.0,0.0,0.5991161465644836,0.6645433306694031,0.23658396303653717,0.4242461025714874,0.4427083432674408,0.061567164957523346,0.37830379605293274,0.13471704721450806,0.32093438506126404
1180,-21.148,-10.2344,-31.3824,-27.2422,-4.5547,0.0,0.0,0.7084126472473145,0.7452374696731567,0.3275362253189087,0.5115768313407898,0.5286458134651184,0.10210665315389633,0.44274720549583435,0.1206856369972229,0.2299828976392746
1185,-22.3047,-8.3359,-30.6406,-27.25,-4.75,0.0,0.0,0.7406467795372009,0.7684919834136963,0.4453158974647522,0.6297008395195007,0.6848958134651184,0.12259017676115036,0.501826822757721,0.08920242637395859,0.18190298974514008
1190,-21.3672,-10.1828,-31.55,-26.9219,-5.2656,0.0,0.0,0.6696428656578064,0.710302472114563,0.3460736572742462,0.5381006598472595,0.5833333134651184,0.10012438148260117,0.4432913661003113,0.11186256259679794,0.2402440905570984
1195,-21.3809,-10.3336,-31.7145,-26.9844,-5.1641,0.0,0.0,0.6438941359519958,0.6901246309280396,0.36614441871643066,0.5405363440513611,0.5844494104385376,0.09102922677993774,0.4396377503871918,0.11411691457033157,0.2507385015487671
1200,-20.0953,-12.4688,-32.5641,-25.4297,-7.875,0.0,0.0,0.6086751818656921,0.5751311779022217,0.30885282158851624,0.47205352783203125,0.500372052192688,0.0824393630027771,0.36291199922561646,0.13654384016990662,0.3136271834373474
1205,-20.6977,-11.8313,-32.5289,-25.8438,-7.5859,0.0,0.0,0.6215574741363525,0.575812816619873,0.3474026024341583,0.5249968767166138,0.4538690447807312,0.08185634016990662,0.38374534249305725,0.1197139322757721,0.3102067708969116
1210,-19.7293,-12.493,-32.2223,-24.6328,-9.0703,0.0,0.0,0.6446312665939331,0.5497463345527649,0.31502971053123474,0.5010225176811218,0.5457589030265808,0.10171797126531601,0.3523787260055542,0.13732120394706726,0.3041044771671295
1215,-20.1668,-11.748,-31.9148,-25.1562,-8.1172,0.0,0.0,0.6734104156494141,0.5936044454574585,0.35514017939567566,0.5329127907752991,0.5226934552192688,0.1075870618224144,0.3755830228328705,0.12892568111419678,0.2834266126155853
1220,-19.7063,-12.3703,-32.0766,-25.25,-7.9297,0.0,0.0,0.621036946773529,0.5652221441268921,0.35464954376220703,0.5158554315567017,0.5059523582458496,0.10420553386211395,0.35428327322006226,0.13918687403202057,0.2978467047214508
1225,-20.3191,-12.709,-33.0281,-25.1719,-8.7891,0.0,0.0,0.6163697242736816,0.5272946357727051,0.29252734780311584,0.48155713081359863,0.433779776096344,0.06980721652507782,0.3552938401699066,0.12795397639274597,0.342467337846756
1230,-20.0156,-13.282,-33.2977,-24.2188,-10.7656,0.0,0.0,0.5766550302505493,0.5156955718994141,0.2682497799396515,0.44684064388275146,0.400297611951828,0.06693097203969955,0.3355488181114197,0.13257929682731628,0.36046332120895386
1235,-20.4836,-11.7988,-32.2824,-24.0391,-10.1172,0.0,0.0,0.6815237998962402,0.5709152221679688,0.36981645226478577,0.5015603303909302,0.5264136791229248,0.10202892124652863,0.3677705228328705,0.11435012519359589,0.3113728165626526
1240,-20.0602,-12.273,-32.3332,-23.8047,-10.6797,0.0,0.0,0.6182283759117126,0.4632718563079834,0.4148414433002472,0.5518545508384705,0.5911458134651184,0.10618781298398972,0.3518734574317932,0.1188976988196373,0.31856343150138855
1245,-20.8488,-11.1398,-31.9887,-25.25,-8.4453,0.0,0.0,0.6440856456756592,0.5666102766990662,0.45958253741264343,0.5665556192398071,0.569940447807312,0.11073538661003113,0.39066386222839355,0.10241760313510895,0.29170554876327515
1250,-21.5031,-9.8734,-31.3766,-25.4219,-8.1953,0.0,0.0,0.7176181674003601,0.6166831254959106,0.5428441166877747,0.6095179319381714,0.6692708134651184,0.1266324669122696,0.4328746795654297,0.08527673780918121,0.2507385015487671
1255,-22.3102,-9.0152,-31.3254,-25.6953,-7.6016,0.0,0.0,0.7457010746002197,0.6642904281616211,0.5518341064453125,0.626255989074707,0.667782723903656,0.11753731220960617,0.4689054787158966,0.07311100512742996,0.23596858978271484
1260,-21.9891,-9.3621,-31.3512,-25.4141,-8.2109,0.0,0.0,0.768524169921875,0.6597343683242798,0.5376401543617249,0.591141402721405,0.633184552192688,0.1269434094429016,0.4448072016239166,0.07280006259679794,0.2509717047214508
1265,-20.5406,-10.7883,-31.3289,-23.5234,-10.2812,0.0,0.0,0.7279672622680664,0.613777220249176,0.53434818983078,0.554103672504425,0.534970223903656,0.14245180785655975,0.3887593150138855,0.09958022087812424,0.2647310197353363
1270,-22.0285,-9.159,-31.1875,-24.7734,-8.9766,0.0,0.0,0.762227475643158,0.6724819540977478,0.5808581113815308,0.6077196598052979,0.6205357313156128,0.1319185346364975,0.45226991176605225,0.07066231220960617,0.24067163467407227
1275,-21.4918,-9.9852,-31.477,-24.5469,-9.2422,0.0,0.0,0.7567486763000488,0.6237632632255554,0.5698351263999939,0.5858837366104126,0.558779776096344,0.12958644330501556,0.42035913467407227,0.08014614135026932,0.26543065905570984
1280,-21.4809,-9.7586,-31.2395,-23.9688,-10.3047,0.0,0.0,0.8134514093399048,0.6049214601516724,0.5960163474082947,0.6311957836151123,0.5580357313156128,0.14043065905570984,0.4280550479888916,0.07610385864973068,0.25093284249305725
1285,-21.9457,-8.7891,-30.7348,-24.9062,-8.0312,0.0,0.0,0.8132854700088501,0.6659896969795227,0.6569468379020691,0.6706726551055908,0.6220238208770752,0.15154695510864258,0.4593050479888916,0.06798040866851807,0.21668998897075653
1290,-22.9492,-8.0512,-31.0004,-25.3906,-7.8594,0.0,0.0,0.8204204440116882,0.6878102421760559,0.677395224571228,0.6809783577919006,0.6577380895614624,0.12943096458911896,0.49327582120895386,0.05192786082625389,0.22088775038719177
1295,-23.723,-6.7438,-30.4668,-25.6328,-8.2656,0.0,0.0,0.8262001276016235,0.7761512398719788,0.7147147059440613,0.6907559037208557,0.7313988208770752,0.13440608978271484,0.5469527244567871,0.03882928937673569,0.17533425986766815
1300,-23.3172,-7.082,-30.3992,-25.8203,-7.2812,0.0,0.0,0.8390928506851196,0.7615446448326111,0.6623150706291199,0.6756460666656494,0.750372052192688,0.1439676582813263,0.529423177242279,0.04465951398015022,0.17747201025485992
1305,-21.9301,-9.657,-31.5871,-24.4141,-9.8828,0.0,0.0,0.7332931756973267,0.6061609983444214,0.6449880599975586,0.5909818410873413,0.663690447807312,0.12912002205848694,0.43404072523117065,0.06514303386211395,0.26721858978271484
1310,-21.7516,-9.9332,-31.6848,-24.3359,-9.9219,0.0,0.0,0.7437963485717773,0.6057474613189697,0.6245487332344055,0.6068609356880188,0.515252947807312,0.1206078976392746,0.42875465750694275,0.07536535710096359,0.27079445123672485
1315,-21.5633,-9.8703,-31.4336,-24.6875,-9.3359,0.0,0.0,0.7145006060600281,0.6266982555389404,0.6222865581512451,0.6129418611526489,0.5401785969734192,0.12919776141643524,0.4262670874595642,0.08057369291782379,0.25948384404182434
1320,-21.6113,-10.2957,-31.907,-23.875,-11.1484,0.0,0.0,0.7504078149795532,0.5355708599090576,0.6624671816825867,0.647530198097229,0.454985111951828,0.11913090944290161,0.4064832031726837,0.07404384016990662,0.29586443305015564
1325,-21.2004,-10.1625,-31.3629,-23.9688,-9.7891,0.0,0.0,0.7579481601715088,0.6011354923248291,0.6781386137008667,0.6156094670295715,0.4456845223903656,0.14548352360725403,0.40391790866851807,0.08018501102924347,0.2659359574317932
1330,-20.7516,-10.7238,-31.4754,-22.3516,-11.6641,0.0,0.0,0.7189432382583618,0.6073153614997864,0.6076417565345764,0.5685734748840332,0.4445684552192688,0.13829290866851807,0.39423975348472595,0.09460510313510895,0.2683846354484558
1335,-20.8746,-10.6113,-31.4859,-23.9453,-9.8125,0.0,0.0,0.7365840077400208,0.5896795988082886,0.5962399244308472,0.5758853554725647,0.5070684552192688,0.14268501102924347,0.3894200921058655,0.0868314653635025,0.27658581733703613
1340,-20.0707,-11.5582,-31.6289,-22.8672,-12.1094,0.0,0.0,0.6803789138793945,0.5030874013900757,0.5625700354576111,0.5660884976387024,0.5956101417541504,0.14361785352230072,0.3587919771671295,0.10405006259679794,0.2890625
1345,-19.7027,-12.4758,-32.1785,-22.8828,-11.9844,0.0,0.0,0.675131618976593,0.4918976128101349,0.5138103365898132,0.4831121861934662,0.4854910671710968,0.12550528347492218,0.33100125193595886,0.11679881811141968,0.32221704721450806
1350,-19.1016,-13.5926,-32.6941,-22.0859,-12.9453,0.0,0.0,0.6211628913879395,0.45575395226478577,0.4417160451412201,0.44307011365890503,0.3854166567325592,0.10762593150138855,0.29823538661003113,0.13770988583564758,0.3519511818885803
1355,-18.5773,-14.9445,-33.5219,-21.8984,-13.5781,0.0,0.0,0.591051459312439,0.3563200831413269,0.3776041567325592,0.3920131325721741,0.2916666567325592,0.08687033504247665,0.25645211338996887,0.1492537260055542,0.40294620394706726
1360,-18.0406,-16.2559,-34.2965,-21.4688,-14.8359,0.0,0.0,0.48713451623916626,0.3054123818874359,0.2929341197013855,0.33259403705596924,0.2142857164144516,0.06646455079317093,0.21113184094429016,0.162274569272995,0.4556514322757721
1365,-18.7504,-15.8676,-34.618,-21.2266,-16.3047,0.0,0.0,0.521684467792511,0.30110546946525574,0.31678420305252075,0.33854976296424866,0.165922611951828,0.06183924153447151,0.2215096354484558,0.1377876251935959,0.4743858873844147
1370,-18.0207,-16.7574,-34.7781,-21.0625,-16.375,0.0,0.0,0.5351426601409912,0.22564102709293365,0.28395670652389526,0.3060389757156372,0.1741071492433548,0.05585354566574097,0.19706156849861145,0.1579602062702179,0.48464706540107727
1375,-16.1398,-17.491,-33.6309,-19.8516,-16.4297,0.0,0.0,0.5598272085189819,0.2837807834148407,0.28107523918151855,0.2971428632736206,0.1484375,0.08997979015111923,0.17517879605293274,0.21544620394706726,0.41491758823394775
1380,-17.8125,-16.7391,-34.5516,-20.9609,-16.3438,0.0,0.0,0.5463258624076843,0.2893994450569153,0.26723939180374146,0.3045223653316498,0.1491815447807312,0.06082867085933685,0.1928638070821762,0.1674051582813263,0.4744247496128082
1385,-18.173,-15.6828,-33.8559,-21.3594,-15.3125,0.0,0.0,0.5914467573165894,0.33597108721733093,0.37547311186790466,0.3399602472782135,0.2053571492433548,0.08543221652507782,0.22594061493873596,0.15403451025485992,0.4301150441169739
1390,-18.1324,-14.7398,-32.8723,-19.8906,-15.6016,0.0,0.0,0.7241148948669434,0.39783114194869995,0.4583546221256256,0.36560916900634766,0.2347470223903656,0.1163712665438652,0.2508939802646637,0.15212997794151306,0.3761271834373474
1395,-18.2938,-14.784,-33.0777,-21.125,-14.375,0.0,0.0,0.6852662563323975,0.4106295108795166,0.43966180086135864,0.3594161868095398,0.247023805975914,0.10657649487257004,0.25377020239830017,0.151702418923378,0.3834732472896576
1400,-17.7488,-16.441,-34.1898,-20.5625,-15.9453,0.0,0.0,0.6246773600578308,0.34436580538749695,0.33482247591018677,0.2674008309841156,0.2161458283662796,0.07528762519359589,0.20316386222839355,0.16530628502368927,0.45176461338996887
1405,-17.5699,-17.0613,-34.6312,-20.3516,-17.1406,0.0,0.0,0.5400869846343994,0.274224191904068,0.30927833914756775,0.26774272322654724,0.1480654776096344,0.06253886967897415,0.18411846458911896,0.16965951025485992,0.47920554876327515
1410,-17.9641,-15.7223,-33.6863,-21.1797,-14.8984,0.0,0.0,0.6025754809379578,0.32346904277801514,0.37242549657821655,0.34831252694129944,0.228422611951828,0.08753109723329544,0.2272232621908188,0.1604088991880417,0.42035913467407227
1415,-18.3293,-14.9145,-33.2438,-21.1094,-14.7578,0.0,0.0,0.6426116824150085,0.38436228036880493,0.40813174843788147,0.38776716589927673,0.2135416716337204,0.10179571062326431,0.2480565905570984,0.1510416716337204,0.3946284055709839
1420,-18.4582,-15.3293,-33.7875,-20.9219,-15.6719,0.0,0.0,0.5961713790893555,0.3480991721153259,0.3992547392845154,0.350394070148468,0.2354910671710968,0.08527673780918121,0.23515236377716064,0.14602766931056976,0.42906561493873596
1425,-17.4961,-16.4813,-33.9773,-20.4062,-16.3516,0.0,0.0,0.5504407286643982,0.30263906717300415,0.3255866467952728,0.3155146539211273,0.2023809552192688,0.07936877757310867,0.20471858978271484,0.17226368188858032,0.43917134404182434
1430,-18.2934,-16.3914,-34.6848,-20.9219,-16.4922,0.0,0.0,0.5527986288070679,0.2624779939651489,0.3045143783092499,0.2989715337753296,0.2161458283662796,0.06735852360725403,0.198577418923378,0.14206312596797943,0.48752331733703613
1435,-18.3461,-15.6906,-34.0367,-21.4062,-15.8047,0.0,0.0,0.5811209678649902,0.3134763836860657,0.33821606636047363,0.34204965829849243,0.2633928656578064,0.07905783504247665,0.2264070212841034,0.1485929787158966,0.44146454334259033
1440,-17.1238,-17.8621,-34.9859,-20.6641,-16.9141,0.0,0.0,0.3811813294887543,0.24074988067150116,0.20627997815608978,0.2422744184732437,0.2299107164144516,0.05659203976392746,0.15757152438163757,0.17824937403202057,0.5031094551086426
1445,-17.3395,-18.3883,-35.7277,-20.1406,-18.0312,0.0,0.0,0.3710145056247711,0.15117289125919342,0.17604482173919678,0.20625130832195282,0.203125,0.04022854566574097,0.13421174883842468,0.16647233068943024,0.5546097755432129
1450,-17.0223,-18.2961,-35.3184,-19.8359,-18.7109,0.0,0.0,0.4057142734527588,0.1651063859462738,0.2247716635465622,0.21400263905525208,0.1867559552192688,0.054415423423051834,0.13701026141643524,0.1744791716337204,0.5296175479888916
1455,-16.9887,-17.1773,-34.166,-19.4062,-17.8125,0.0,0.0,0.5196347236633301,0.21364451944828033,0.2935042381286621,0.29056060314178467,0.2410714328289032,0.0851212665438652,0.17319652438163757,0.17891013622283936,0.45829445123672485
1460,-17.5246,-16.0059,-33.5305,-19.7656,-17.3281,0.0,0.0,0.5988826751708984,0.23596131801605225,0.38560038805007935,0.34785014390945435,0.302827388048172,0.10436100512742996,0.20903295278549194,0.16087530553340912,0.42125311493873596
1465,-18.3242,-14.1676,-32.4918,-20.4844,-15.7031,0.0,0.0,0.7004491686820984,0.2730827033519745,0.5186662673950195,0.44457560777664185,0.4605654776096344,0.13844838738441467,0.2584732472896576,0.1363883763551712,0.3622123897075653
1470,-18.7891,-13.7922,-32.5812,-21.1719,-14.9844,0.0,0.0,0.7051281929016113,0.3033820688724518,0.5440720319747925,0.4732142984867096,0.3772321343421936,0.13339552283287048,0.2712220251560211,0.12523320317268372,0.36567163467407227
1475,-19.3301,-13.9277,-33.2578,-21.6953,-14.7578,0.0,0.0,0.6575802564620972,0.28905585408210754,0.5197628736495972,0.4704049825668335,0.3173363208770752,0.1040889322757721,0.2741760015487671,0.1180037334561348,0.3992537260055542
1480,-17.3687,-15.9191,-33.2879,-19.4531,-17.4375,0.0,0.0,0.579365074634552,0.2328159660100937,0.43763017654418945,0.3575751781463623,0.2924107015132904,0.11263992637395859,0.21035447716712952,0.16794931888580322,0.40457865595817566
1485,-18.1492,-15.2207,-33.3699,-18.9219,-17.6094,0.0,0.0,0.6657243967056274,0.3191891312599182,0.49157077074050903,0.34397295117378235,0.2310267835855484,0.10999689251184464,0.22625155746936798,0.14525030553340912,0.41402363777160645
1490,-18.2313,-14.1977,-32.4289,-19.9531,-16.0391,0.0,0.0,0.6907801628112793,0.36950981616973877,0.5464643836021423,0.4010706841945648,0.3541666567325592,0.13701026141643524,0.2592895030975342,0.1434623748064041,0.35576024651527405
1495,-18.45,-15.0234,-33.4734,-19.625,-18.125,0.0,0.0,0.6397494077682495,0.38512593507766724,0.4662485122680664,0.3202047049999237,0.2894345223903656,0.11166822165250778,0.22838930785655975,0.1301306039094925,0.42533427476882935
1500,-18.9984,-14.018,-33.0164,-19.2109,-17.9219,0.0,0.0,0.7067524194717407,0.3774056136608124,0.5058977603912354,0.38734981417655945,0.3645833432674408,0.12087997794151306,0.2645755708217621,0.11862561851739883,0.3914412260055542
1505,-19.9738,-12.3086,-32.2824,-20.7578,-15.2969,0.0,0.0,0.8060722351074219,0.40479376912117004,0.5905750393867493,0.4938996732234955,0.470610111951828,0.14210198819637299,0.31945741176605225,0.08990205079317093,0.3440609574317932
1510,-20.8992,-11.2945,-32.1938,-21.7656,-13.375,0.0,0.0,0.8103602528572083,0.43736594915390015,0.6768198013305664,0.5790973901748657,0.4579613208770752,0.13055814802646637,0.36240673065185547,0.07528762519359589,0.32726991176605225
1515,-18.9965,-13.566,-32.5625,-19.7188,-16.8125,0.0,0.0,0.7774381637573242,0.38754820823669434,0.5571189522743225,0.41743361949920654,0.3139880895614624,0.1398864984512329,0.2721937298774719,0.11602145433425903,0.3674207031726837
1520,-17.7965,-14.8129,-32.6094,-18.5469,-18.2188,0.0,0.0,0.7758144736289978,0.36691951751708984,0.5123966932296753,0.3407268524169922,0.2351190447807312,0.1407804787158966,0.23569652438163757,0.14579446613788605,0.37325093150138855
1525,-17.4781,-15.4039,-32.882,-18.1641,-19.0078,0.0,0.0,0.7123081684112549,0.3932305574417114,0.44513654708862305,0.31121212244033813,0.2228422611951828,0.1291588991880417,0.21933302283287048,0.16223569214344025,0.38479477167129517
1530,-16.6484,-16.707,-33.3555,-18.1328,-19.8672,0.0,0.0,0.648932695388794,0.3428005278110504,0.37983158230781555,0.2572537362575531,0.1979166716337204,0.11835354566574097,0.17653918266296387,0.17999844253063202,0.4206312298774719
1535,-17.5711,-15.3105,-32.8816,-19.0859,-17.9375,0.0,0.0,0.6495857834815979,0.3342512845993042,0.416646271944046,0.3699170649051666,0.2924107015132904,0.12667132914066315,0.2258239984512329,0.1587764322757721,0.38425061106681824
1540,-17.2008,-16.9535,-34.1543,-18.8438,-20.2031,0.0,0.0,0.5869737863540649,0.3012494146823883,0.34117648005485535,0.23913584649562836,0.2369791716337204,0.09787002205848694,0.16798818111419678,0.16188588738441467,0.4677782952785492
1545,-18.0508,-15.9344,-33.9852,-19.625,-18.9453,0.0,0.0,0.6139552593231201,0.3418736457824707,0.36799097061157227,0.27919256687164307,0.2898065447807312,0.10249533504247665,0.1987328976392746,0.1379431039094925,0.45635107159614563
1550,-17.9277,-16.1219,-34.0496,-19.2812,-19.3984,0.0,0.0,0.5540746450424194,0.34548789262771606,0.3644043803215027,0.26852935552597046,0.3199404776096344,0.10206778347492218,0.19080379605293274,0.1380208283662796,0.46462997794151306
1555,-17.677,-16.668,-34.3449,-19.0625,-19.7188,0.0,0.0,0.5264762043952942,0.3675466477870941,0.3612757623195648,0.21822407841682434,0.2965029776096344,0.10202892124652863,0.17078669369220734,0.13770988583564758,0.48499688506126404
1560,-18.1656,-16.3363,-34.502,-19.5312,-19.7891,0.0,0.0,0.6040189266204834,0.40273115038871765,0.37504011392593384,0.20041802525520325,0.318452388048172,0.09864738583564758,0.17362406849861145,0.12115205079317093,0.5020988583564758
1565,-17.4465,-17.5449,-34.9914,-19.125,-20.3203,0.0,0.0,0.553001880645752,0.3770401179790497,0.3071681559085846,0.15979154407978058,0.2421875,0.08286691457033157,0.14050839841365814,0.14260727167129517,0.5295398235321045
1570,-17.7324,-15.6922,-33.4246,-18.6172,-19.9766,0.0,0.0,0.6210721135139465,0.4053947627544403,0.40485021471977234,0.25584298372268677,0.3917410671710968,0.12616604566574097,0.19741137325763702,0.1362328976392746,0.435712069272995
1575,-18.8754,-15.1746,-34.05,-19.6484,-19.3906,0.0,0.0,0.6968162059783936,0.41819852590560913,0.39771050214767456,0.24002309143543243,0.421875,0.10743159055709839,0.21144278347492218,0.10525497794151306,0.47139304876327515
1580,-19.8625,-13.5566,-33.4191,-19.8359,-18.3359,0.0,0.0,0.7476790547370911,0.48185861110687256,0.5057207942008972,0.31916067004203796,0.3921130895614624,0.11722636967897415,0.27102768421173096,0.08492692559957504,0.42234140634536743
1585,-18.6383,-15.8082,-34.4465,-19.0625,-20.1406,0.0,0.0,0.7680577635765076,0.4660743176937103,0.35478198528289795,0.19102886319160461,0.2890625,0.09685945510864258,0.1924751251935959,0.11054104566574097,0.49564677476882935
1590,-19.4203,-13.2141,-32.6344,-19.3203,-17.7266,0.0,0.0,0.8091773986816406,0.5199238657951355,0.5,0.341437965631485,0.3541666567325592,0.1389147937297821,0.2857975661754608,0.09833644330501556,0.3724735677242279
1595,-20.6605,-11.9664,-32.627,-20.6406,-16.6094,0.0,0.0,0.8702549338340759,0.5785399675369263,0.5329703688621521,0.36152219772338867,0.3883928656578064,0.1372046023607254,0.32637593150138855,0.06424906849861145,0.3676927983760834
1600,-20.4043,-12.1754,-32.5797,-20.3906,-17.0859,0.0,0.0,0.8382694721221924,0.547174334526062,0.5641658306121826,0.39758387207984924,0.3273809552192688,0.1338619440793991,0.3225668668746948,0.07874689251184464,0.3603467047214508
1605,-19.2984,-13.9488,-33.2473,-19.8906,-17.8984,0.0,0.0,0.7694056630134583,0.47242099046707153,0.4796066880226135,0.32844769954681396,0.2782738208770752,0.11967506259679794,0.2607276141643524,0.10673196613788605,0.4083877503871918
1610,-18.5719,-15.184,-33.7559,-19.0,-19.7266,0.0,0.0,0.7280821800231934,0.4846581816673279,0.4142329692840576,0.2321058064699173,0.3050595223903656,0.11349502205848694,0.21661224961280823,0.11578824371099472,0.4496268630027771
1615,-18.2664,-13.791,-32.0574,-18.0781,-17.5625,0.0,0.0,0.7550467848777771,0.4857355058193207,0.47039952874183655,0.3551422953605652,0.417782723903656,0.1578824669122696,0.26158270239830017,0.13327892124652863,0.3427782952785492
1620,-18.7859,-14.2508,-33.0367,-19.5625,-17.7578,0.0,0.0,0.7291986346244812,0.4238492548465729,0.49668434262275696,0.3278927505016327,0.3660714328289032,0.12659358978271484,0.2516324520111084,0.11722636967897415,0.4000699520111084
1625,-18.5742,-13.759,-32.3332,-18.9609,-17.6953,0.0,0.0,0.7509062886238098,0.4262438118457794,0.5178913474082947,0.37737083435058594,0.4029017984867096,0.15010882914066315,0.2671797275543213,0.1216573417186737,0.35657650232315063
1630,-18.7027,-15.0148,-33.7176,-19.1328,-19.6016,0.0,0.0,0.7298305034637451,0.47133868932724,0.4404470920562744,0.23259451985359192,0.355654776096344,0.1146610677242279,0.2224036008119583,0.11127953976392746,0.4471781849861145
1635,-18.523,-14.3699,-32.893,-18.5938,-19.3672,0.0,0.0,0.731394350528717,0.467323899269104,0.492154985666275,0.2968086302280426,0.3541666567325592,0.1363106369972229,0.24444185197353363,0.12138526141643524,0.3933846354484558
1640,-18.1711,-15.948,-34.1191,-18.4141,-20.6172,0.0,0.0,0.6929134130477905,0.48386436700820923,0.4160537123680115,0.17867954075336456,0.302827388048172,0.10859763622283936,0.19029851257801056,0.12154073268175125,0.4750854969024658
1645,-17.0125,-15.9648,-32.9773,-17.6953,-19.2891,0.0,0.0,0.6780292391777039,0.4678456485271454,0.4201900362968445,0.20804786682128906,0.3511904776096344,0.13568873703479767,0.19340795278549194,0.16363495588302612,0.40279072523117065
1650,-16.0031,-18.2285,-34.2316,-18.0,-20.9297,0.0,0.0,0.5726565718650818,0.4174492657184601,0.3062153458595276,0.12120222300291061,0.2805059552192688,0.09495491534471512,0.12830379605293274,0.1963619440793991,0.4759017527103424
1655,-16.2715,-17.502,-33.7734,-17.5703,-20.875,0.0,0.0,0.5648337006568909,0.4323328137397766,0.3561643958091736,0.13046489655971527,0.3980654776096344,0.1145055964589119,0.1476212739944458,0.18442942202091217,0.4489661157131195
1660,-15.5516,-19.0836,-34.6352,-17.7266,-20.4922,0.0,0.0,0.4161958694458008,0.36752766370773315,0.30994588136672974,0.08717988431453705,0.3076636791229248,0.08255597203969955,0.10533270984888077,0.20829446613788605,0.4993392527103424
1665,-13.818,-20.4297,-34.2477,-17.1953,-21.3203,0.0,0.0,0.40076884627342224,0.30188679695129395,0.25311437249183655,0.0731523409485817,0.216889888048172,0.08088464289903641,0.07622046023607254,0.2745646834373474,0.4638526141643524
1670,-15.5992,-20.207,-35.8063,-18.5234,-20.7031,0.0,0.0,0.41402336955070496,0.2627856433391571,0.22135993838310242,0.06051260977983475,0.174851194024086,0.04656405374407768,0.07143967598676682,0.21035447716712952,0.5671641826629639
1675,-14.1105,-20.9977,-35.1082,-17.8359,-21.0,0.0,0.0,0.401650607585907,0.29648563265800476,0.17754952609539032,0.05550507456064224,0.1711309552192688,0.056514304131269455,0.06082867085933685,0.2648864984512329,0.5132929086685181
1680,-15.416,-19.6617,-35.0777,-18.2266,-20.8047,0.0,0.0,0.45358648896217346,0.34522175788879395,0.24829868972301483,0.07477810978889465,0.2384672611951828,0.07369402796030045,0.08500466495752335,0.21132618188858032,0.5254974961280823
1685,-15.85,-20.6277,-36.4777,-19.2031,-20.3984,0.0,0.0,0.38235294818878174,0.2670454680919647,0.16673403978347778,0.04224289581179619,0.1517857164144516,0.03700248897075653,0.04788557067513466,0.19231964647769928,0.6183146834373474
1690,-14.509,-20.4609,-34.9699,-17.2734,-21.1875,0.0,0.0,0.38019558787345886,0.29329758882522583,0.2183908075094223,0.08136783540248871,0.143601194024086,0.06358830630779266,0.07248912006616592,0.2502332031726837,0.5092117786407471
1695,-15.1992,-20.0883,-35.2875,-18.0156,-20.6875,0.0,0.0,0.4308275282382965,0.293407142162323,0.23529411852359772,0.07811252027750015,0.1462053507566452,0.061528295278549194,0.0772310346364975,0.2213541716337204,0.5354089140892029
1700,-15.8633,-19.6637,-35.527,-18.4375,-20.6875,0.0,0.0,0.45151132345199585,0.3136601746082306,0.2388833463191986,0.0814034566283226,0.182663694024086,0.061722636222839355,0.08166199922561646,0.19492381811141968,0.5572139024734497
1705,-15.7312,-19.7531,-35.4844,-18.6719,-20.5469,0.0,0.0,0.4798945188522339,0.29141807556152344,0.2256898134946823,0.08992831408977509,0.1398809552192688,0.058962997049093246,0.08469372242689133,0.2042521834373474,0.5476135015487671
1710,-15.4203,-19.7809,-35.2012,-18.4062,-20.7969,0.0,0.0,0.4602339267730713,0.2619378864765167,0.23666484653949738,0.09897660464048386,0.150297611951828,0.06646455079317093,0.08383861929178238,0.21350279450416565,0.5317164063453674
1715,-16.0941,-18.7039,-34.798,-17.7109,-20.5,0.0,0.0,0.5215557813644409,0.30000001192092896,0.3440481126308441,0.12324845790863037,0.1569940447807312,0.08294465392827988,0.10921952873468399,0.1874222606420517,0.5159359574317932
1720,-16.1348,-18.6859,-34.8207,-18.1328,-20.5703,0.0,0.0,0.5857959985733032,0.31087344884872437,0.3172978460788727,0.11620887368917465,0.177827388048172,0.0815453976392746,0.10902518779039383,0.1898709535598755,0.5150808691978455
1725,-16.6332,-18.3418,-34.975,-18.375,-20.7188,0.0,0.0,0.5632545948028564,0.28877678513526917,0.3368794322013855,0.13158872723579407,0.2053571492433548,0.07404384016990662,0.1232898011803627,0.1753731369972229,0.5228155851364136
1730,-15.5906,-19.8938,-35.4844,-18.375,-20.8125,0.0,0.0,0.48983481526374817,0.24781490862369537,0.2645343244075775,0.07405322045087814,0.1343005895614624,0.061178483068943024,0.0755985677242279,0.20658425986766815,0.5521610975265503
1735,-14.4559,-19.6309,-34.0867,-16.7031,-20.9688,0.0,0.0,0.47352561354637146,0.2496984302997589,0.3026902377605438,0.11172708123922348,0.1819196492433548,0.09029073268175125,0.09666511416435242,0.2528373897075653,0.4557291567325592
1740,-16.0207,-20.3789,-36.3996,-19.1562,-20.4219,0.0,0.0,0.3781431317329407,0.20164047181606293,0.2077677994966507,0.052177224308252335,0.1391369104385376,0.040189675986766815,0.056864116340875626,0.18613961338996887,0.6123290061950684
1745,-14.6898,-20.6465,-35.3363,-18.1094,-20.9453,0.0,0.0,0.4229415953159332,0.2526439428329468,0.19833652675151825,0.05861690267920494,0.1800595223903656,0.05523165315389633,0.06615360826253891,0.2430037260055542,0.5311334133148193
1750,-14.8543,-20.5203,-35.3746,-18.4141,-20.7578,0.0,0.0,0.4850340187549591,0.25150421261787415,0.20417633652687073,0.05967997759580612,0.1636904776096344,0.05713619291782379,0.06459888070821762,0.2345304787158966,0.5392568111419678
1755,-14.3906,-20.7867,-35.1773,-17.2109,-20.9609,0.0,0.0,0.5226438045501709,0.2528276741504669,0.1997189223766327,0.05022594332695007,0.1417410671710968,0.06351057440042496,0.058418843895196915,0.24891169369220734,0.5246812701225281
1760,-15.6992,-19.448,-35.1473,-17.8359,-21.0,0.0,0.0,0.5503554344177246,0.280563622713089,0.2790958285331726,0.0894302949309349,0.158110111951828,0.06560945510864258,0.09378886967897415,0.20806126296520233,0.5280628204345703
1765,-13.4637,-18.5238,-31.9875,-13.2422,-20.0156,0.0,0.0,0.6337993144989014,0.3301684558391571,0.3590877652168274,0.1647527515888214,0.224702388048172,0.15570583939552307,0.12690454721450806,0.28121113777160645,0.33170086145401
1770,-15.6676,-20.0961,-35.7637,-18.8594,-20.5703,0.0,0.0,0.5275035500526428,0.2854803502559662,0.21314625442028046,0.06039624288678169,0.1488095223903656,0.055115051567554474,0.0712064653635025,0.2022310346364975,0.5669698119163513
1775,-15.0324,-20.1793,-35.2117,-17.5703,-20.8516,0.0,0.0,0.5078219175338745,0.3416893780231476,0.22895680367946625,0.06532222777605057,0.1320684552192688,0.06459888070821762,0.07132307440042496,0.22765080630779266,0.5319496393203735
1780,-14.9137,-20.2328,-35.1465,-18.4766,-20.75,0.0,0.0,0.5366915464401245,0.35378867387771606,0.20963455736637115,0.0651499480009079,0.1491815447807312,0.0625,0.0728389322757721,0.23398631811141968,0.5261971354484558
1785,-14.2953,-20.0281,-34.3234,-16.5469,-20.7656,0.0,0.0,0.5421310663223267,0.3350491225719452,0.2543751895427704,0.07434546202421188,0.1696428507566452,0.08718127757310867,0.08306125551462173,0.2531871795654297,0.4720926582813263
1790,-15.1766,-18.5996,-33.7762,-17.1406,-20.2812,0.0,0.0,0.597030758857727,0.35647839307785034,0.3244624733924866,0.11755009740591049,0.2514880895614624,0.10995802283287048,0.11699315905570984,0.220537930727005,0.44803327322006226
1795,-14.8855,-20.0043,-34.8898,-17.5,-21.0156,0.0,0.0,0.49669966101646423,0.2750000059604645,0.23702849447727203,0.08231963962316513,0.1841517835855484,0.07066231220960617,0.08084577322006226,0.23596858978271484,0.5080457329750061
1800,-13.8543,-18.3484,-32.2027,-14.2188,-20.1719,0.0,0.0,0.6243866682052612,0.35871297121047974,0.3687117397785187,0.1527503877878189,0.244047611951828,0.15842661261558533,0.12200715392827988,0.26037779450416565,0.35471081733703613
1805,-14.45,-17.6551,-32.1051,-14.6797,-19.25,0.0,0.0,0.6749190092086792,0.39404064416885376,0.4003632068634033,0.14950385689735413,0.2801339328289032,0.16798818111419678,0.1395755559206009,0.2354244440793991,0.3525342047214508
1810,-14.1527,-17.3859,-31.5387,-13.4688,-18.5078,0.0,0.0,0.6604194641113281,0.40242093801498413,0.44140684604644775,0.18289786577224731,0.2429315447807312,0.17420709133148193,0.15733830630779266,0.253070592880249,0.31090641021728516
1815,-15.0043,-15.8973,-30.9016,-12.8984,-16.9062,0.0,0.0,0.7467571496963501,0.4694596827030182,0.4976596534252167,0.23346303403377533,0.244047611951828,0.19476833939552307,0.19853855669498444,0.2325093299150467,0.2697061598300934
1820,-15.4836,-15.8141,-31.2977,-14.0703,-17.7031,0.0,0.0,0.7575694918632507,0.43863099813461304,0.4917127192020416,0.22118380665779114,0.3232886791229248,0.1874222606420517,0.19760571420192719,0.21105410158634186,0.29944029450416565
1825,-16.8477,-13.7867,-30.6344,-15.7031,-13.9219,0.0,0.0,0.8054001927375793,0.4765682518482208,0.62399822473526,0.3418242931365967,0.3563988208770752,0.20153141021728516,0.2645755708217621,0.17459577322006226,0.2548196613788605
1830,-14.2805,-14.9004,-29.1809,-12.3828,-14.2109,0.0,0.0,0.7917025685310364,0.4117206633090973,0.578604519367218,0.2938775420188904,0.4401041567325592,0.2707555890083313,0.2075948417186737,0.2267179787158966,0.19045397639274597
1835,-13.777,-18.2477,-32.0246,-13.8516,-19.1016,0.0,0.0,0.7065853476524353,0.3016200363636017,0.3943272829055786,0.1314878910779953,0.2444196492433548,0.15935945510864258,0.13195739686489105,0.26721858978271484,0.3369869291782379
1840,-13.8414,-17.1555,-30.9969,-13.6953,-17.3984,0.0,0.0,0.7636581659317017,0.34323039650917053,0.45169490575790405,0.1308458298444748,0.3422619104385376,0.22695118188858032,0.13090795278549194,0.2293221354484558,0.3083411157131195
1845,-13.7223,-17.7207,-31.443,-13.8281,-18.5859,0.0,0.0,0.7246673703193665,0.26613849401474,0.42550620436668396,0.14946487545967102,0.3337053656578064,0.1898709535598755,0.13246268033981323,0.2572294771671295,0.31595927476882935
1850,-13.6582,-16.3289,-29.9871,-12.5859,-16.8516,0.0,0.0,0.7505184412002563,0.3237714469432831,0.49827316403388977,0.22674040496349335,0.4296875,0.24366448819637299,0.16530628502368927,0.24759016931056976,0.23896144330501556
1855,-13.4203,-16.1215,-29.5418,-11.9453,-16.2109,0.0,0.0,0.800409734249115,0.30146363377571106,0.5117162466049194,0.22161301970481873,0.4203869104385376,0.265625,0.16464552283287048,0.24549129605293274,0.21976056694984436
1860,-14.1891,-18.9797,-33.1688,-14.75,-19.9297,0.0,0.0,0.6846369504928589,0.22468353807926178,0.343778520822525,0.09478536248207092,0.277157723903656,0.12472791969776154,0.11054104566574097,0.2555192708969116,0.40473413467407227
1865,-13.1766,-16.0816,-29.2582,-11.5938,-15.6719,0.0,0.0,0.8319046497344971,0.31004589796066284,0.47716230154037476,0.1635633409023285,0.5093005895614624,0.2901896834373474,0.15244092047214508,0.23997201025485992,0.21291977167129517
1870,-13.802,-15.2281,-29.0301,-11.2422,-14.6875,0.0,0.0,0.8389008641242981,0.3357832729816437,0.5050522089004517,0.21036888659000397,0.6436011791229248,0.2885572016239166,0.18509016931056976,0.22695118188858032,0.19492381811141968
1875,-14.7211,-13.6125,-28.3336,-12.7891,-12.1797,0.0,0.0,0.8487884402275085,0.4829806685447693,0.5496048927307129,0.2416573315858841,0.7589285969734192,0.3336442708969116,0.21124844253063202,0.1770833283662796,0.17354632914066315
1880,-14.5,-14.882,-29.382,-13.4219,-15.4609,0.0,0.0,0.7901426553726196,0.41163960099220276,0.5459098219871521,0.2018161565065384,0.6696428656578064,0.275225430727005,0.20102612674236298,0.20953825116157532,0.20973259210586548
1885,-16.127,-13.3063,-29.4332,-14.5234,-14.2188,0.0,0.0,0.889788806438446,0.5512517690658569,0.5341328382492065,0.2434270977973938,0.581845223903656,0.2687344551086426,0.24685168266296387,0.1685323417186737,0.21140392124652863
1890,-16.098,-15.5109,-31.609,-14.8359,-16.8984,0.0,0.0,0.8510186672210693,0.4790600836277008,0.44118258357048035,0.15421921014785767,0.4427083432674408,0.18314675986766815,0.20510727167129517,0.1866837739944458,0.32058456540107727
1895,-15.7785,-15.2605,-31.0391,-15.4531,-16.5547,0.0,0.0,0.885435938835144,0.4840654730796814,0.44065040349960327,0.12681248784065247,0.5100446343421936,0.23138214647769928,0.1805037260055542,0.167327418923378,0.3163090944290161
1900,-13.9859,-13.0262,-27.0121,-12.7422,-12.2031,0.0,0.0,0.8898948431015015,0.5638068914413452,0.5855916738510132,0.2578343152999878,0.636904776096344,0.3992537260055542,0.1988883763551712,0.17210820317268372,0.12527208030223846
1905,-13.9992,-15.3141,-29.3133,-12.9688,-14.5391,0.0,0.0,0.8498717546463013,0.480601042509079,0.4789167642593384,0.14862482249736786,0.4947916567325592,0.28789645433425903,0.17331312596797943,0.21385261416435242,0.2204602062702179
1910,-12.5504,-13.625,-26.1754,-10.8828,-10.7188,0.0,0.0,0.9033867120742798,0.500237762928009,0.5743993520736694,0.23960880935192108,0.5598958134651184,0.44414645433425903,0.16347947716712952,0.19251398742198944,0.095382459461689
1915,-14.184,-11.7723,-25.9562,-13.75,-9.25,0.0,0.0,0.9320796728134155,0.6227132678031921,0.6371467113494873,0.2530120611190796,0.7168898582458496,0.45265859365463257,0.2145911008119583,0.14439521729946136,0.08387748897075653
1920,-13.8176,-14.1316,-27.9492,-12.7656,-11.6641,0.0,0.0,0.8826663494110107,0.4953535497188568,0.5616515874862671,0.2219419926404953,0.4918154776096344,0.3428560197353363,0.19239738583564758,0.20615671575069427,0.15411224961280823
1925,-13.5586,-15.4711,-29.0297,-12.7891,-13.1875,0.0,0.0,0.8673673272132874,0.44608598947525024,0.48493924736976624,0.15926893055438995,0.4107142984867096,0.2921719551086426,0.1762671023607254,0.2335587739944458,0.193524569272995
1930,-12.9922,-14.7734,-27.7656,-11.8125,-12.0938,0.0,0.0,0.8960924744606018,0.464318186044693,0.4978257119655609,0.18260641396045685,0.4787946343421936,0.3531172275543213,0.17101989686489105,0.22345304489135742,0.14793221652507782
1935,-14.7063,-13.5918,-28.298,-14.6328,-10.7656,0.0,0.0,0.9259511828422546,0.5657692551612854,0.5299476385116577,0.1746339350938797,0.5018601417541504,0.34223413467407227,0.20211443305015564,0.17067009210586548,0.1805037260055542
1940,-15.8598,-11.1102,-26.9699,-14.9844,-8.9609,0.0,0.0,0.9591940641403198,0.6851931214332581,0.6274011135101318,0.30534639954566956,0.5829613208770752,0.38195741176605225,0.27273786067962646,0.13759328424930573,0.10323382914066315
1945,-16.6555,-12.173,-28.8285,-14.5859,-13.5078,0.0,0.0,0.9397774934768677,0.707317054271698,0.48411720991134644,0.22810260951519012,0.5029761791229248,0.279462069272995,0.2900342047214508,0.15784358978271484,0.16818252205848694
1950,-20.1766,-10.7277,-30.9043,-18.0156,-19.3516,0.0,0.0,0.9698389768600464,0.8701876401901245,0.37218815088272095,0.11313973367214203,0.5595238208770752,0.19072605669498444,0.3584032952785492,0.07602611929178238,0.270366907119751
1955,-22.5227,-7.416,-29.9387,-18.875,-19.0156,0.0,0.0,0.9825098514556885,0.929599404335022,0.3694421947002411,0.13808870315551758,0.7243303656578064,0.17778295278549194,0.49965018033981323,0.04807991161942482,0.1700093299150467
1960,-21.3586,-9.0164,-30.375,-17.1016,-21.2266,0.0,0.0,0.9831810593605042,0.9164320230484009,0.3421884775161743,0.10028398782014847,0.663690447807312,0.18718905746936798,0.427899569272995,0.06145055964589119,0.21898320317268372
1965,-18.0125,-13.7902,-31.8027,-16.2266,-21.1484,0.0,0.0,0.9675902724266052,0.8483688235282898,0.22652795910835266,0.05738615244626999,0.4441964328289032,0.15710510313510895,0.2740205228328705,0.14944806694984436,0.314948707818985
1970,-11.8121,-18.1449,-29.957,-12.9844,-16.9453,0.0,0.0,0.9093360304832458,0.5093109607696533,0.26847022771835327,0.06966850161552429,0.237351194024086,0.23064365983009338,0.12523320317268372,0.3203902244567871,0.21925528347492218
1975,-12.7762,-19.7277,-32.5039,-15.1484,-17.6797,0.0,0.0,0.9042028784751892,0.3383413553237915,0.23348326981067657,0.02889133244752884,0.1462053507566452,0.16553948819637299,0.06467662006616592,0.276508092880249,0.38879820704460144
1980,-13.0242,-21.3375,-34.3617,-16.2344,-19.1875,0.0,0.0,0.8315266370773315,0.22480620443820953,0.16517916321754456,0.020102547481656075,0.0885416641831398,0.08605410158634186,0.04011194035410881,0.29178327322006226,0.47757306694984436
1985,-11.8504,-21.0309,-32.8812,-14.125,-19.2812,0.0,0.0,0.8511462807655334,0.22789783775806427,0.20428261160850525,0.032634515315294266,0.088913694024086,0.12037468701601028,0.05935167893767357,0.3394356369972229,0.37636038661003113
1990,-11.0035,-18.9043,-29.9078,-11.3125,-16.3984,0.0,0.0,0.8975023031234741,0.27305328845977783,0.3076167106628418,0.04904418811202049,0.1607142835855484,0.2552083432674408,0.07587064802646637,0.3163868188858032,0.2480565905570984
1995,-10.9883,-17.2145,-28.2027,-11.125,-13.1172,0.0,0.0,0.9241019487380981,0.3456689715385437,0.36708688735961914,0.09816353023052216,0.2194940447807312,0.3354322016239166,0.09557680040597916,0.28673040866851807,0.17778295278549194
2000,-12.2273,-18.7547,-30.982,-13.2656,-15.7734,0.0,0.0,0.9117141962051392,0.35385385155677795,0.2814648449420929,0.049672555178403854,0.1722470223903656,0.22629041969776154,0.07765857875347137,0.27701336145401,0.31456002593040466
2005,-12.9352,-21.6902,-34.6254,-15.0078,-20.2578,0.0,0.0,0.7830130457878113,0.22948074340820312,0.1431826800107956,0.03024160861968994,0.0859375,0.06269434094429016,0.04640858247876167,0.30701959133148193,0.4793998897075653
2010,-13.068,-20.7273,-33.7953,-15.0547,-19.5547,0.0,0.0,0.8401005864143372,0.24340176582336426,0.20831069350242615,0.030791915953159332,0.0904017835855484,0.10817008465528488,0.05301617085933685,0.2862251102924347,0.44811099767684937
2015,-13.9742,-20.4359,-34.4102,-16.5938,-18.5625,0.0,0.0,0.8784942030906677,0.31814417243003845,0.17628204822540283,0.030983733013272285,0.1060267835855484,0.10428327322006226,0.04691386967897415,0.24253731966018677,0.5017879605293274
2020,-14.2184,-21.3832,-35.6016,-17.7891,-19.9922,0.0,0.0,0.8028273582458496,0.34251102805137634,0.10583153367042542,0.03012721985578537,0.0721726194024086,0.05223880708217621,0.03529229015111923,0.2519434094429016,0.5560478568077087
2025,-13.0613,-21.2352,-34.2965,-15.8125,-19.8906,0.0,0.0,0.813942551612854,0.3042452931404114,0.12028394639492035,0.05000830814242363,0.1149553582072258,0.0825171023607254,0.04944029822945595,0.2956700921058655,0.46789491176605225
2030,-13.6789,-21.534,-35.2129,-17.4922,-20.4922,0.0,0.0,0.8284278512001038,0.34442269802093506,0.09455307573080063,0.034979578107595444,0.0930059552192688,0.05414334684610367,0.03972325846552849,0.27829602360725403,0.5233597755432129
2035,-15.8352,-21.5809,-37.416,-19.2969,-20.3516,0.0,0.0,0.6189024448394775,0.2329411804676056,0.04725859314203262,0.014656014740467072,0.0729166641831398,0.01274875644594431,0.01651896722614765,0.18998755514621735,0.6762670874595642
2040,-14.1438,-21.8969,-36.0406,-17.25,-20.9062,0.0,0.0,0.7584856152534485,0.31258106231689453,0.07408500462770462,0.024716507643461227,0.0744047611951828,0.029773009940981865,0.029967350885272026,0.2633706331253052,0.5724113583564758
2045,-14.275,-21.925,-36.2,-18.0312,-20.9375,0.0,0.0,0.7774762511253357,0.31578946113586426,0.06687995046377182,0.02010083571076393,0.0755208358168602,0.02864583395421505,0.02584732510149479,0.2551305890083313,0.5858986377716064
2050,-14.3176,-21.9043,-36.2219,-18.2109,-20.8359,0.0,0.0,0.7314285635948181,0.25251075625419617,0.0714285746216774,0.02493864856660366,0.0721726194024086,0.027207711711525917,0.02709110639989376,0.2552083432674408,0.5860152244567871
2055,-15.0953,-21.4281,-36.5234,-19.2188,-20.3906,0.0,0.0,0.7597911357879639,0.31794872879981995,0.08414699137210846,0.023201564326882362,0.0758928582072258,0.029773009940981865,0.030317164957523346,0.21894434094429016,0.6164878606796265
2060,-13.8535,-21.8516,-35.7051,-18.0156,-20.9688,0.0,0.0,0.7704917788505554,0.37072017788887024,0.0839618593454361,0.026286117732524872,0.0684523805975914,0.037935324013233185,0.03292132914066315,0.2731265425682068,0.5515391826629639
2065,-13.007,-19.7664,-32.7734,-14.9297,-18.75,0.0,0.0,0.8616174459457397,0.4822571277618408,0.1895694136619568,0.053133122622966766,0.1573660671710968,0.15139147639274597,0.0668143630027771,0.2735152244567871,0.403801292181015
2070,-14.5758,-21.3879,-35.9637,-19.1406,-20.4297,0.0,0.0,0.7210178971290588,0.3368091881275177,0.10387096554040909,0.029014844447374344,0.0840773805975914,0.041239116340875626,0.0372745655477047,0.24098259210586548,0.5760261416435242
2075,-14.3059,-21.8223,-36.1281,-18.5781,-20.7109,0.0,0.0,0.6992753744125366,0.2723684310913086,0.07691124081611633,0.024413082748651505,0.0840773805975914,0.032182835042476654,0.0295398011803627,0.2526819109916687,0.5811178684234619
2080,-11.6484,-20.018,-31.6664,-13.4141,-17.6797,0.0,0.0,0.8460188508033752,0.410285085439682,0.1944076120853424,0.06432399898767471,0.1785714328289032,0.17719994485378265,0.06953513622283936,0.3224891126155853,0.32629820704460144
2085,-12.8723,-20.5844,-33.4566,-15.3359,-17.7031,0.0,0.0,0.8640806078910828,0.41835907101631165,0.16364140808582306,0.030128998681902885,0.1290922611951828,0.12725435197353363,0.047846704721450806,0.2805114984512329,0.43990981578826904
2090,-13.384,-21.8203,-35.2043,-17.125,-20.4297,0.0,0.0,0.7236445546150208,0.3237569034099579,0.11574570834636688,0.02411804348230362,0.0848214253783226,0.051616914570331573,0.035175684839487076,0.2898010015487671,0.5189287662506104
2095,-13.7555,-22.0535,-35.809,-17.625,-21.1875,0.0,0.0,0.6649550795555115,0.2885085642337799,0.09684094041585922,0.02134704776108265,0.071800597012043,0.030278295278549194,0.03179415315389633,0.2817552983760834,0.5516946315765381
2100,-13.4492,-21.5656,-35.0148,-16.9688,-20.5547,0.0,0.0,0.7558843493461609,0.2920930087566376,0.12406880408525467,0.03268422931432724,0.0982142835855484,0.05779695138335228,0.04178326949477196,0.2869636118412018,0.508978545665741
2105,-13.2566,-21.4527,-34.7094,-17.2656,-19.7734,0.0,0.0,0.8307008743286133,0.27497193217277527,0.1187860444188118,0.02172728069126606,0.1231398805975914,0.07874689251184464,0.034631531685590744,0.283037930727005,0.4991060197353363
2110,-15.3539,-22.0066,-37.3605,-19.3594,-20.3203,0.0,0.0,0.529411792755127,0.20883534848690033,0.03872908279299736,0.0070210047997534275,0.0606398805975914,0.009250622242689133,0.009678171947598457,0.20673973858356476,0.6698538661003113
2115,-15.1027,-22.0238,-37.1266,-19.375,-20.3125,0.0,0.0,0.559602677822113,0.17378048598766327,0.050494350492954254,0.009793383069336414,0.0658482164144516,0.011738183908164501,0.01274875644594431,0.22014924883842468,0.6508861780166626
2120,-15.5852,-21.7012,-37.2863,-19.3281,-20.3359,0.0,0.0,0.5570291876792908,0.15403422713279724,0.06575073301792145,0.011189463548362255,0.0714285746216774,0.014653296209871769,0.015897076576948166,0.19803327322006226,0.6669387221336365
2125,-14.6434,-22.1727,-36.816,-19.3281,-20.3359,0.0,0.0,0.46891191601753235,0.1679389327764511,0.05888077989220619,0.012176938354969025,0.068824402987957,0.015003109350800514,0.015275186859071255,0.23962220549583435,0.6256219148635864
2130,-15.334,-21.9246,-37.2586,-19.3125,-20.3438,0.0,0.0,0.5600000023841858,0.1894409954547882,0.05016722530126572,0.008687485009431839,0.0662202388048172,0.011660447344183922,0.012515547685325146,0.20918843150138855,0.6621579527854919
2135,-14.9426,-21.9633,-36.9059,-19.3906,-20.3047,0.0,0.0,0.4524362087249756,0.18793503940105438,0.05961405858397484,0.016794918105006218,0.0729166641831398,0.016752175986766815,0.016752175986766815,0.2255907952785492,0.6364272236824036
2140,-15.2164,-21.9594,-37.1758,-19.3281,-20.3359,0.0,0.0,0.5290519595146179,0.16249999403953552,0.04807518422603607,0.012930012308061123,0.0584077388048172,0.012709887698292732,0.012437811121344566,0.21505752205848694,0.6553171873092651
2145,-15.1789,-21.875,-37.0539,-19.2969,-20.3516,0.0,0.0,0.5561224222183228,0.158273383975029,0.06027544289827347,0.015024038031697273,0.0636160746216774,0.015236318111419678,0.016208022832870483,0.21731187403202057,0.646766185760498
2150,-14.959,-22.0477,-37.0066,-19.4375,-20.2812,0.0,0.0,0.45697328448295593,0.1367521435022354,0.05578441545367241,0.014522570185363293,0.0625,0.013098569586873055,0.013642723672091961,0.22644589841365814,0.6423351764678955
2155,-14.8559,-22.152,-37.0078,-18.7812,-20.6094,0.0,0.0,0.5089285969734192,0.09876543283462524,0.04739336669445038,0.011352598667144775,0.0651041641831398,0.013059701770544052,0.01259328331798315,0.22963307797908783,0.6402363181114197
2160,-13.5676,-22.4773,-36.0449,-18.4062,-20.7969,0.0,0.0,0.4570063650608063,0.13786408305168152,0.076701819896698,0.019388873130083084,0.0699404776096344,0.024409204721450806,0.020017102360725403,0.2837764322757721,0.5673196315765381
2165,-14.1363,-22.343,-36.4793,-18.8281,-20.5859,0.0,0.0,0.5303370952606201,0.16467779874801636,0.05969486013054848,0.0162722859531641,0.0647321417927742,0.017296331003308296,0.016285758465528488,0.26239892840385437,0.5995413661003113
2170,-14.2738,-22.0164,-36.2902,-18.3906,-20.7812,0.0,0.0,0.5628742575645447,0.20297029614448547,0.08160463720560074,0.01952662691473961,0.0900297611951828,0.025963930413126945,0.023554105311632156,0.2548196613788605,0.591184675693512
2175,-14.8012,-21.8301,-36.6312,-19.1719,-20.4141,0.0,0.0,0.5612244606018066,0.19243986904621124,0.07822902500629425,0.0197957381606102,0.0799851194024086,0.022854477167129517,0.022621268406510353,0.23351989686489105,0.61652672290802
2180,-15.0348,-21.8563,-36.891,-19.3281,-20.3359,0.0,0.0,0.5134020447731018,0.1461377888917923,0.07221735268831253,0.015637407079339027,0.078125,0.018851056694984436,0.018617847934365273,0.22174285352230072,0.6363106369972229
2185,-14.4398,-22.2164,-36.6562,-19.0625,-20.4688,0.0,0.0,0.5073684453964233,0.13981042802333832,0.05744042992591858,0.013665696606040001,0.078125,0.018462374806404114,0.016402363777160645,0.24630752205848694,0.6143501400947571
2190,-15.4367,-21.6582,-37.0949,-19.25,-20.375,0.0,0.0,0.604651153087616,0.18110236525535583,0.07123809307813644,0.015229936689138412,0.0684523805975914,0.01838463917374611,0.019745025783777237,0.20405784249305725,0.65333491563797
2195,-14.7594,-22.0977,-36.857,-18.9062,-20.5469,0.0,0.0,0.5692695379257202,0.15143603086471558,0.055045872926712036,0.012788195163011551,0.0736607164144516,0.015430659055709839,0.014886504970490932,0.23301461338996887,0.6321905851364136
2200,-15.0133,-21.9965,-37.0098,-19.2188,-20.3906,0.0,0.0,0.581267237663269,0.128463476896286,0.04920027777552605,0.011919167824089527,0.0870535746216774,0.014109142124652863,0.015430659055709839,0.22356964647769928,0.6424129605293274
2205,-14.8223,-21.9484,-36.7707,-18.9375,-20.5312,0.0,0.0,0.6739562749862671,0.18565401434898376,0.0573977455496788,0.016313113272190094,0.0706845223903656,0.019550684839487076,0.01842350699007511,0.23091574013233185,0.6266324520111084
2210,-13.9996,-22.2859,-36.2855,-18.2812,-20.8594,0.0,0.0,0.660516619682312,0.1862567812204361,0.06002034619450569,0.019052045419812202,0.0691964253783226,0.021066542714834213,0.021494092419743538,0.26745179295539856,0.5855099558830261
2215,-14.4246,-21.9785,-36.4031,-18.9219,-20.5391,0.0,0.0,0.6043956279754639,0.19205297529697418,0.07237767428159714,0.021750422194600105,0.078125,0.024759016931056976,0.023476367816329002,0.24863961338996887,0.59864741563797
2220,-14.8707,-21.6195,-36.4902,-19.0,-20.5,0.0,0.0,0.6396276354789734,0.19475138187408447,0.08526084572076797,0.025318074971437454,0.081101194024086,0.029228854924440384,0.02814054675400257,0.2302161008119583,0.6079368591308594
2225,-11.5137,-20.2371,-31.7508,-13.2734,-18.5469,0.0,0.0,0.8396555781364441,0.3276619017124176,0.19677306711673737,0.07014818489551544,0.1822916716337204,0.16701647639274597,0.07081778347492218,0.3324393630027771,0.32524874806404114
2230,-13.2293,-19.902,-33.1312,-15.8359,-17.5234,0.0,0.0,0.8815940618515015,0.3599562346935272,0.1912344992160797,0.050715092569589615,0.1651785671710968,0.1355721354484558,0.07105099409818649,0.2758084535598755,0.4130907952785492
2235,-12.7719,-19.4996,-32.2715,-14.4609,-18.4453,0.0,0.0,0.8579180836677551,0.407028466463089,0.20944777131080627,0.07340344786643982,0.1882440447807312,0.15757152438163757,0.08737561851739883,0.29209423065185547,0.3584810197353363
2240,-13.4227,-18.5484,-31.9711,-14.9844,-15.6641,0.0,0.0,0.915040910243988,0.40421223640441895,0.25806450843811035,0.07105719298124313,0.1882440447807312,0.18528451025485992,0.09596548229455948,0.2554415464401245,0.35883083939552307
2245,-14.1598,-18.3563,-32.516,-15.7734,-17.1094,0.0,0.0,0.9315099716186523,0.48080649971961975,0.23500508069992065,0.07063087821006775,0.1919642835855484,0.1691153645515442,0.10024098306894302,0.2293998748064041,0.39676615595817566
2250,-12.9984,-14.9297,-27.9281,-12.4297,-12.3359,0.0,0.0,0.9450536966323853,0.5332233905792236,0.39904582500457764,0.22758451104164124,0.3210565447807312,0.34378886222839355,0.1649564653635025,0.2281172275543213,0.15865983068943024
2255,-14.4645,-17.2055,-31.6699,-15.875,-17.3984,0.0,0.0,0.920706570148468,0.46794313192367554,0.28978076577186584,0.11547161638736725,0.2444196492433548,0.19803327322006226,0.13397854566574097,0.21983830630779266,0.3436722755432129
2260,-14.4156,-14.1637,-28.5793,-13.9219,-12.7031,0.0,0.0,0.9333496689796448,0.526726484298706,0.4082278609275818,0.2614825963973999,0.459077388048172,0.31782492995262146,0.19923818111419678,0.19651740789413452,0.18194185197353363
2265,-14.5668,-16.3469,-30.9137,-15.0078,-15.2891,0.0,0.0,0.9062443971633911,0.47553443908691406,0.33117905259132385,0.16285258531570435,0.3020833432674408,0.21723413467407227,0.16363495588302612,0.22252021729946136,0.292133092880249
2270,-12.6645,-13.834,-26.4984,-12.8359,-11.1484,0.0,0.0,0.9441460967063904,0.5357328057289124,0.44200369715690613,0.2539075016975403,0.500372052192688,0.4342350661754608,0.15010882914066315,0.18932680785655975,0.12185168266296387
2275,-14.3129,-14.6586,-28.9715,-14.4062,-12.8359,0.0,0.0,0.929914116859436,0.5152713656425476,0.42041313648223877,0.17270749807357788,0.4661458432674408,0.31222793459892273,0.17688898742198944,0.19193096458911896,0.21447449922561646
2280,-14.4402,-16.8461,-31.2863,-15.2734,-15.8828,0.0,0.0,0.9295067191123962,0.3938375413417816,0.31301331520080566,0.10135456174612045,0.4088541567325592,0.21668998897075653,0.1387593299150467,0.21295864880084991,0.32711443305015564
2285,-14.998,-13.6363,-28.6344,-14.75,-11.3516,0.0,0.0,0.9394703507423401,0.5144599080085754,0.5033984780311584,0.2664092779159546,0.4620535671710968,0.30822449922561646,0.22310324013233185,0.18299129605293274,0.18120336532592773
2290,-14.1484,-13.5566,-27.7051,-13.2891,-10.8047,0.0,0.0,0.9440397620201111,0.4987811744213104,0.5398159027099609,0.29186078906059265,0.4248511791229248,0.3521455228328705,0.2072838991880417,0.1942630559206009,0.14182990789413452
2295,-14.1961,-13.8398,-28.0359,-14.5078,-11.6719,0.0,0.0,0.947634756565094,0.47050270438194275,0.537426769733429,0.24629998207092285,0.417782723903656,0.35331156849861145,0.18711131811141968,0.17914333939552307,0.17595615983009338
2300,-17.882,-10.157,-28.0391,-17.9688,-8.9922,0.0,0.0,0.9590736627578735,0.6288229823112488,0.7641007304191589,0.5119603276252747,0.5840773582458496,0.3172030448913574,0.3355099558830261,0.10956934094429016,0.13324004411697388
2305,-24.3074,-5.4754,-29.7828,-26.9219,-4.2812,0.0,0.0,0.9774474501609802,0.8089390397071838,0.9179632067680359,0.7423873543739319,0.7764136791229248,0.15166355669498444,0.5887359976768494,0.027479788288474083,0.12764303386211395
2310,-26.9492,-1.7,-28.6492,-29.875,-0.0625,0.0,0.0,0.9927382469177246,0.9888107776641846,1.0,1.0,0.9791666865348816,0.12845925986766815,0.7572683691978455,0.002720771124586463,0.0070740049704909325
2315,-26.8363,-1.8016,-28.6379,-29.8438,-0.0781,0.0,0.0,0.9964799284934998,0.9851621389389038,1.0,0.9887217879295349,0.972470223903656,0.13250155746936798,0.7491837739944458,0.00349813443608582,0.010338930413126945
2320,-26.666,-2.1645,-28.8305,-29.7656,-0.3984,0.0,0.0,0.9928846955299377,0.9637239575386047,1.0,0.9970414042472839,0.9486607313156128,0.1311022937297821,0.7339474558830261,0.004197761416435242,0.026274874806404114
2325,-26.6781,-2.1918,-28.8699,-29.3047,-1.1797,0.0,0.0,0.992168664932251,0.9616645574569702,1.0,0.9900285005569458,0.944940447807312,0.12904228270053864,0.7350746393203735,0.004120024852454662,0.027285447344183922
2330,-26.6781,-2.1813,-28.8594,-29.0391,-1.7578,0.0,0.0,0.9932032823562622,0.9623661637306213,0.9733333587646484,0.9174824953079224,0.965029776096344,0.13152985274791718,0.7332866787910461,0.0029151118360459805,0.0277907345443964
2335,-26.2578,-2.5602,-28.818,-29.5156,-0.6875,0.0,0.0,0.9890530705451965,0.9470003247261047,0.970370352268219,0.9473129510879517,0.9583333134651184,0.14202424883842468,0.7113650441169739,0.005247201304882765,0.036885883659124374
2340,-25.6465,-3.7934,-29.4398,-27.5,-4.2266,0.0,0.0,0.9760900139808655,0.8735632300376892,0.9888476133346558,0.8576709628105164,0.9229910969734192,0.1381763070821762,0.6627798676490784,0.010455534793436527,0.08411069959402084
2345,-25.1805,-4.6762,-29.8566,-26.3516,-6.875,0.0,0.0,0.9724718928337097,0.8349587321281433,0.9684210419654846,0.765551745891571,0.8619791865348816,0.13837064802646637,0.6217350959777832,0.011077425442636013,0.12433923780918121
2350,-26.3309,-2.7809,-29.1117,-28.9688,-1.9922,0.0,0.0,0.9882110357284546,0.9312105178833008,0.9908257126808167,0.8941798806190491,0.9326636791229248,0.13187965750694275,0.7079834938049316,0.004236629232764244,0.05142257362604141
2355,-26.6492,-2.1582,-28.8074,-29.25,-1.3594,0.0,0.0,0.9918009042739868,0.9641267657279968,1.0,0.9639097452163696,0.964657723903656,0.1327347606420517,0.7335199117660522,0.0034203981049358845,0.02584732510149479
2360,-26.9289,-1.8941,-28.823,-29.6094,-0.6641,0.0,0.0,0.9915651082992554,0.9725750684738159,1.0,0.9829059839248657,0.9821428656578064,0.12441697716712952,0.7497279047966003,0.0031871891114860773,0.018190298229455948
2365,-26.6367,-2.1012,-28.7379,-29.0547,-1.4219,0.0,0.0,0.9934622049331665,0.9680348038673401,0.9830508232116699,0.938095211982727,0.9810267686843872,0.13673818111419678,0.7320040464401245,0.0022932214196771383,0.02448694035410881
2370,-26.9102,-1.8625,-28.7727,-29.2656,-1.2812,0.0,0.0,0.9920294284820557,0.9788249731063843,0.9767441749572754,0.9464668035507202,0.9694940447807312,0.126787930727005,0.7489116787910461,0.0016713308868929744,0.018151430413126945
2375,-26.7457,-2.2746,-29.0203,-28.9609,-1.9375,0.0,0.0,0.9937363266944885,0.9534600377082825,0.9833333492279053,0.9122222065925598,0.953125,0.1241060346364975,0.7341029047966003,0.0023320894688367844,0.034981343895196915
2380,-26.9324,-1.8766,-28.809,-29.5234,-0.8359,0.0,0.0,0.9947643876075745,0.9760410785675049,0.96875,0.9665272235870361,0.9668898582458496,0.12620490789413452,0.749494731426239,0.001243781065568328,0.01857898011803627
2385,-26.6547,-2.3512,-29.0059,-28.6641,-2.5547,0.0,0.0,0.9893454909324646,0.9493005871772766,0.9722222089767456,0.9462890625,0.9553571343421936,0.1276818960905075,0.7252410054206848,0.0027985074557363987,0.03980099409818649
2390,-26.5438,-2.498,-29.0418,-28.5859,-2.6641,0.0,0.0,0.9852320551872253,0.9441295266151428,0.9878048896789551,0.9201793670654297,0.9479166865348816,0.12896455824375153,0.7200326323509216,0.0031871891114860773,0.043337997049093246
2395,-26.5043,-2.6555,-29.1598,-28.4609,-2.8438,0.0,0.0,0.9858461618423462,0.9343497157096863,1.0,0.8985849022865295,0.9389880895614624,0.12632152438163757,0.7163790464401245,0.003381529822945595,0.04944029822945595
2400,-26.2328,-3.1785,-29.4113,-27.2656,-5.2344,0.0,0.0,0.9874656200408936,0.9104041457176208,0.9278350472450256,0.8219032287597656,0.9133184552192688,0.12713775038719177,0.6915034055709839,0.0037702114786952734,0.07311100512742996
2405,-26.4867,-2.6637,-29.1504,-28.6406,-2.4141,0.0,0.0,0.9901930689811707,0.9359804391860962,0.9638554453849792,0.8739495873451233,0.9363839030265808,0.12682680785655975,0.7145910859107971,0.0032260571606457233,0.05087842047214508
2410,-26.802,-2.1082,-28.9102,-29.3438,-1.1719,0.0,0.0,0.9956923127174377,0.9655753374099731,1.0,0.9558233022689819,0.9375,0.12632152438163757,0.7384172677993774,0.00174906721804291,0.029034515842795372
2415,-27.1328,-1.5555,-28.6883,-29.8281,-0.2734,0.0,0.0,0.9978368282318115,0.9919939041137695,1.0,0.9567567706108093,0.9866071343421936,0.12577736377716064,0.7622045874595642,0.00034981343196704984,0.007190609350800514
2420,-26.9512,-1.7043,-28.6555,-29.3438,-1.0312,0.0,0.0,0.998512327671051,0.9862229228019714,1.0,0.9677419066429138,0.9903273582458496,0.13063588738441467,0.7532649040222168,0.0007773631950840354,0.01084421668201685
2425,-26.9871,-1.6793,-28.6664,-29.5938,-0.6719,0.0,0.0,0.9996976852416992,0.9861831665039062,1.0,0.9681274890899658,0.9936755895614624,0.1285758763551712,0.7567241787910461,0.00046641789958812296,0.009755907580256462
2430,-27.0848,-1.5438,-28.6285,-29.8906,-0.1484,0.0,0.0,0.9975565075874329,0.9937305450439453,1.0,1.0,0.9940476417541504,0.12725435197353363,0.762554407119751,0.0005052860942669213,0.0052083334885537624
2435,-27.1828,-1.4695,-28.6523,-29.8438,-0.2656,0.0,0.0,0.9996909499168396,0.9959914684295654,1.0,1.0,0.9910714030265808,0.12577736377716064,0.7660136818885803,0.00019434079877100885,0.0035370024852454662
2440,-27.1727,-1.4324,-28.6051,-30.0,0.0,0.0,0.0,1.0,0.9983818531036377,0.0,1.0,1.0,0.12624378502368927,0.7686567306518555,0.0,0.000621890532784164
2445,-27.2207,-1.423,-28.6437,-29.7812,-0.2031,0.0,0.0,0.9993695020675659,0.9984351992607117,1.0,1.0,0.9910714030265808,0.1232898011803627,0.7700170874595642,0.00046641789958812296,0.00174906721804291
2450,-27.1539,-1.4688,-28.6227,-29.9062,-0.0469,0.0,0.0,0.9996923804283142,0.9965008497238159,1.0,1.0,0.9970238208770752,0.12636038661003113,0.7664412260055542,7.77363165980205e-05,0.0026430347934365273
2455,-27.1152,-1.525,-28.6402,-29.8281,-0.1797,0.0,0.0,0.9969116449356079,0.994102418422699,1.0,1.0,0.9944196343421936,0.12585510313510895,0.7644978165626526,0.0005830223672091961,0.004586442839354277
2460,-27.0465,-1.6098,-28.6562,-29.6562,-0.5469,0.0,0.0,0.9987940788269043,0.9904820322990417,1.0,0.9764705896377563,0.9877232313156128,0.12892568111419678,0.7595615386962891,0.00042754976311698556,0.006607586983591318
2465,-27.1512,-1.4918,-28.643,-29.9297,-0.1406,0.0,0.0,0.9990692138671875,0.996042013168335,1.0,1.0,0.9873511791229248,0.12527208030223846,0.7659748196601868,0.0006607586983591318,0.003614738816395402
2470,-27.1398,-1.5332,-28.673,-29.7969,-0.2891,0.0,0.0,0.9984452724456787,0.9922189116477966,1.0,1.0,0.9933035969734192,0.125,0.7642646431922913,0.000310945266392082,0.00594682851806283
2475,-27.1289,-1.4625,-28.5914,-29.8984,-0.1328,0.0,0.0,0.9990831017494202,0.9982253313064575,1.0,1.0,0.9970238208770752,0.12717661261558533,0.7665578126907349,0.00019434079877100885,0.0015935945557430387
2480,-27.2043,-1.4898,-28.6941,-29.8438,-0.2656,0.0,0.0,0.9987337589263916,0.9930622577667236,1.0,1.0,0.9940476417541504,0.12278451770544052,0.7675295472145081,0.0003886815975420177,0.00481965159997344
2485,-27.1594,-1.4859,-28.6453,-29.8594,-0.1406,0.0,0.0,0.9965817332267761,0.9964503049850464,1.0,1.0,0.988467276096344,0.1250777393579483,0.7664800882339478,0.0005052860942669213,0.0034592661540955305
2490,-27.0469,-1.5105,-28.5574,-29.9062,-0.0469,0.0,0.0,1.0,0.9983168244361877,1.0,1.0,0.9906994104385376,0.13152985274791718,0.76204913854599,0.000155472633196041,0.0017879352672025561
2495,-27.15,-1.4766,-28.6266,-29.9062,-0.1406,0.0,0.0,0.9984586834907532,0.9970074892044067,1.0,1.0,0.9910714030265808,0.12608830630779266,0.7663246393203735,0.00046641789958812296,0.0026430347934365273
2500,-27.0672,-1.5426,-28.6098,-29.8906,-0.1016,0.0,0.0,0.998792290687561,0.9947990775108337,1.0,1.0,0.9910714030265808,0.12873134016990662,0.7622823119163513,0.0003886815975420177,0.004120024852454662
2505,-27.1156,-1.5184,-28.634,-29.875,-0.1562,0.0,0.0,0.9975331425666809,0.9957306385040283,1.0,1.0,0.9858630895614624,0.1260494440793991,0.7647310495376587,0.0006607586983591318,0.004081156570464373
2510,-27.0832,-1.5316,-28.6148,-29.8438,-0.1719,0.0,0.0,0.9993966817855835,0.9953571557998657,1.0,1.0,0.988095223903656,0.12884794175624847,0.7618159055709839,0.0005830223672091961,0.004275497514754534
2515,-27.125,-1.5055,-28.6305,-29.75,-0.4062,0.0,0.0,0.9987849593162537,0.9962321519851685,1.0,1.0,0.9858630895614624,0.12795397639274597,0.7633706331253052,0.00019434079877100885,0.004003420472145081
2520,-27.1297,-1.4937,-28.6234,-29.75,-0.4297,0.0,0.0,0.9984737634658813,0.9960861802101135,1.0,0.8795180916786194,0.9970238208770752,0.12733209133148193,0.7646921873092651,0.0002720771008171141,0.0032260571606457233
2525,-27.1199,-1.477,-28.5969,-29.8438,-0.1719,0.0,0.0,0.9996947646141052,0.9974620342254639,1.0,1.0,0.9955357313156128,0.12733209133148193,0.7657415866851807,0.000155472633196041,0.0022932214196771383
2530,-27.207,-1.4715,-28.6785,-29.7969,-0.2656,0.0,0.0,1.0,0.9957985281944275,1.0,1.0,0.9832589030265808,0.12301772087812424,0.7678405046463013,0.00011660447489703074,0.004547574557363987
2535,-27.1125,-1.5316,-28.6441,-29.8594,-0.2578,0.0,0.0,0.9966288805007935,0.993735671043396,1.0,1.0,0.9940476417541504,0.12682680785655975,0.7631763219833374,0.0005052860942669213,0.005013992544263601
2540,-27.0375,-1.5797,-28.6172,-29.75,-0.4062,0.0,0.0,0.9979222416877747,0.9929829835891724,1.0,0.9379844665527344,0.9940476417541504,0.1309468299150467,0.7588619589805603,0.0006996268639340997,0.005013992544263601
2545,-27.15,-1.5398,-28.6898,-29.6719,-0.6094,0.0,0.0,0.9974952936172485,0.9912676811218262,1.0,1.0,0.9940476417541504,0.12414489686489105,0.7655861377716064,0.0002720771008171141,0.005519278813153505
2550,-27.1246,-1.5496,-28.6742,-29.5,-0.6953,0.0,0.0,1.0,0.992717444896698,1.0,1.0,0.9821428656578064,0.12558302283287048,0.763215184211731,0.0007384950295090675,0.005985696334391832
2555,-27.2133,-1.4566,-28.6699,-29.8906,-0.1719,0.0,0.0,1.0,0.994942843914032,1.0,1.0,0.9970238208770752,0.12367848306894302,0.7685790061950684,0.00019434079877100885,0.003070584498345852
2560,-27.15,-1.5586,-28.7086,-29.6797,-0.5938,0.0,0.0,0.9996843338012695,0.989521324634552,1.0,0.9478672742843628,0.996279776096344,0.12313432991504669,0.7641091346740723,7.77363165980205e-05,0.008201181888580322
2565,-27.2012,-1.4973,-28.6984,-29.6562,-0.6406,0.0,0.0,0.9968274235725403,0.9936667084693909,1.0,1.0,0.988095223903656,0.12251243740320206,0.7671408653259277,0.0006996268639340997,0.005169465206563473
2570,-27.2246,-1.4645,-28.6891,-29.8594,-0.1875,0.0,0.0,0.9993628263473511,0.9940334558486938,1.0,1.0,0.995907723903656,0.12200715392827988,0.768695592880249,0.00042754976311698556,0.0043921018950641155
2575,-27.0609,-1.5246,-28.5855,-29.8281,-0.2734,0.0,0.0,0.9973134398460388,0.9961232542991638,1.0,1.0,0.9966517686843872,0.1302083283662796,0.7619714140892029,0.0005052860942669213,0.0028373757377266884
2580,-27.0859,-1.532,-28.618,-29.8281,-0.25,0.0,0.0,0.9987930059432983,0.9959718585014343,1.0,0.875,0.988095223903656,0.12880907952785492,0.7622823119163513,0.0003886815975420177,0.00404228875413537
2585,-27.2305,-1.4563,-28.6867,-29.5938,-0.6719,0.0,0.0,0.9996809363365173,0.995104968547821,1.0,0.9080459475517273,0.9940476417541504,0.12181281298398972,0.7702114582061768,0.00011660447489703074,0.003381529822945595
2590,-27.0645,-1.5176,-28.582,-29.8516,-0.1797,0.0,0.0,0.9994107484817505,0.9957613945007324,0.0,1.0,1.0,0.1319185346364975,0.7611162662506104,0.0,0.002487562131136656
2595,-27.0961,-1.5422,-28.6383,-29.7109,-0.4609,0.0,0.0,0.9975742697715759,0.9925464391708374,1.0,1.0,1.0,0.12818719446659088,0.7613494992256165,0.00046641789958812296,0.005519278813153505
2600,-27.1406,-1.4777,-28.6184,-29.8438,-0.1719,0.0,0.0,0.9978801012039185,0.9967471361160278,1.0,0.9473684430122375,0.9970238208770752,0.1283426582813263,0.7647310495376587,0.00023320894979406148,0.0022154850885272026
2605,-27.0969,-1.5219,-28.6188,-29.5625,-0.6875,0.0,0.0,0.9984756112098694,0.9961843490600586,1.0,0.914893627166748,0.988095223903656,0.12748755514621735,0.7639925479888916,0.0003886815975420177,0.003653606865555048
2610,-27.2035,-1.4785,-28.682,-29.8125,-0.2812,0.0,0.0,0.9990488290786743,0.9950392246246338,1.0,1.0,0.9866071343421936,0.12259017676115036,0.7678405046463013,0.0002720771008171141,0.00481965159997344
2615,-27.1293,-1.5027,-28.632,-29.7969,-0.2891,0.0,0.0,0.9969651103019714,0.9954679608345032,1.0,1.0,0.9940476417541504,0.12807057797908783,0.7632929086685181,0.0005830223672091961,0.0035758705344051123
2620,-27.1934,-1.4496,-28.643,-29.7188,-0.4219,0.0,0.0,0.9996870160102844,0.9964600205421448,1.0,1.0,0.9970238208770752,0.1241837665438652,0.7685790061950684,0.00019434079877100885,0.0025652984622865915
2625,-27.098,-1.5324,-28.6305,-29.8125,-0.375,0.0,0.0,0.9963503479957581,0.993527352809906,1.0,1.0,1.0,0.12779851257801056,0.7626321315765381,0.0005052860942669213,0.004586442839354277
2630,-27.218,-1.4566,-28.6746,-29.8438,-0.2656,0.0,0.0,0.999061644077301,0.9944798946380615,1.0,1.0,1.0,0.12426150590181351,0.7674906849861145,3.886815829901025e-05,0.0037313431967049837
2635,-27.1098,-1.5008,-28.6105,-29.8359,-0.1875,0.0,0.0,0.9981784820556641,0.9959324598312378,1.0,1.0,0.9966517686843872,0.12803171575069427,0.764458954334259,0.000310945266392082,0.002720771124586463
2640,-27.2223,-1.4551,-28.6773,-29.7344,-0.4141,0.0,0.0,0.9980897903442383,0.9954513311386108,1.0,1.0,0.9936755895614624,0.12208488583564758,0.7690454125404358,0.000621890532784164,0.0037702114786952734
2645,-27.1691,-1.4945,-28.6637,-29.8359,-0.2812,0.0,0.0,0.9990610480308533,0.9933539628982544,1.0,1.0,0.999627947807312,0.1241837665438652,0.766130268573761,0.0005441542016342282,0.004664178937673569
2650,-27.2137,-1.4453,-28.659,-29.7344,-0.3203,0.0,0.0,0.9996862411499023,0.9961071610450745,1.0,1.0,0.995907723903656,0.12387282401323318,0.7688121795654297,0.00023320894979406148,0.0026041667442768812
2655,-27.1039,-1.4703,-28.5742,-29.9531,-0.0234,0.0,0.0,0.9979060888290405,0.998880922794342,1.0,1.0,0.9966517686843872,0.12993626296520233,0.7641091346740723,0.0002720771008171141,0.00120491289999336
2660,-27.3719,-1.3527,-28.7246,-29.8516,-0.2266,0.0,0.0,1.0,0.996895968914032,1.0,1.0,0.9985119104385376,0.11660447716712952,0.77635258436203,0.00019434079877100885,0.002370957750827074
2665,-27.134,-1.5648,-28.6988,-29.4453,-0.9688,0.0,0.0,0.996877908706665,0.9922638535499573,1.0,1.0,0.9765625,0.12449471652507782,0.7636815905570984,0.000621890532784164,0.0067241913639009
2670,-27.0719,-1.6035,-28.6754,-29.4375,-0.9375,0.0,0.0,0.9975624680519104,0.9898136854171753,1.0,1.0,0.988467276096344,0.12756529450416565,0.7593283653259277,0.00023320894979406148,0.008395522832870483
2675,-27.0441,-1.5688,-28.6129,-29.5,-0.5312,0.0,0.0,0.9982143044471741,0.9931966066360474,1.0,1.0,0.9940476417541504,0.13059701025485992,0.7598336338996887,0.00034981343196704984,0.004741915501654148
2680,-27.0953,-1.532,-28.6273,-29.9141,-0.0547,0.0,0.0,0.9990881681442261,0.9949525594711304,1.0,0.9166666865348816,0.9910714030265808,0.12787623703479767,0.7623600959777832,0.000621890532784164,0.004664178937673569
2685,-27.091,-1.5301,-28.6211,-29.8125,-0.2812,0.0,0.0,0.9975587129592896,0.9942470192909241,1.0,1.0,0.9970238208770752,0.1273709535598755,0.7634483575820923,0.000310945266392082,0.0043921018950641155
2690,-27.0703,-1.6055,-28.6758,-29.4922,-0.9219,0.0,0.0,0.995398759841919,0.9901425242424011,1.0,1.0,0.988095223903656,0.1267102062702179,0.7609996795654297,0.0007384950295090675,0.0070740049704909325
2695,-27.0684,-1.5508,-28.6191,-29.7812,-0.3672,0.0,0.0,1.0,0.9934667348861694,1.0,1.0,0.9936755895614624,0.12900342047214508,0.7615049481391907,0.0003886815975420177,0.004625311121344566
2700,-27.2371,-1.4699,-28.707,-29.5938,-0.6953,0.0,0.0,0.9987146258354187,0.9938337206840515,1.0,1.0,0.9906994104385376,0.12095770984888077,0.7690065503120422,0.0005830223672091961,0.004975124262273312
2705,-27.2023,-1.4914,-28.6938,-29.7422,-0.3047,0.0,0.0,0.9974473714828491,0.9936221837997437,1.0,1.0,0.9910714030265808,0.12181281298398972,0.7678793668746948,0.00023320894979406148,0.005597014911472797
2710,-27.2,-1.5195,-28.7195,-29.7109,-0.4609,0.0,0.0,0.997769296169281,0.9920316934585571,1.0,1.0,0.9851190447807312,0.12196828424930573,0.7658193111419678,0.000310945266392082,0.007423818577080965
2715,-27.1164,-1.559,-28.6754,-29.8125,-0.2812,0.0,0.0,1.0,0.9909785985946655,1.0,0.9575757384300232,0.9940476417541504,0.12647698819637299,0.7625932693481445,3.886815829901025e-05,0.006413246039301157
2720,-27.1781,-1.4941,-28.6723,-29.8125,-0.2812,0.0,0.0,0.9996868371963501,0.994477391242981,1.0,0.9266055226325989,0.9910714030265808,0.1241060346364975,0.7671408653259277,3.886815829901025e-05,0.004236629232764244
2725,-27.2305,-1.4141,-28.6445,-29.9375,-0.0312,0.0,0.0,0.9996852278709412,0.9975288510322571,1.0,1.0,1.0,0.12348414212465286,0.7707167267799377,0.000155472633196041,0.0011660447344183922
2730,-27.1086,-1.5102,-28.6188,-29.7344,-0.4844,0.0,0.0,0.9984728097915649,0.9950718879699707,1.0,1.0,0.9970238208770752,0.12725435197353363,0.7650420069694519,0.00034981343196704984,0.0028762437868863344
2735,-27.1668,-1.4184,-28.5852,-29.9531,-0.0234,0.0,0.0,1.0,1.0,0.0,1.0,0.9988839030265808,0.12803171575069427,0.7673740386962891,0.0,0.00011660447489703074
2740,-27.2422,-1.3906,-28.6328,-29.8906,-0.1484,0.0,0.0,0.9990601539611816,0.9991426467895508,1.0,1.0,1.0,0.12406716495752335,0.7706778645515442,7.77363165980205e-05,0.0006996268639340997
2745,-27.2437,-1.3922,-28.6359,-29.8594,-0.1641,0.0,0.0,1.0,0.9987912774085999,0.0,1.0,1.0,0.12282337993383408,0.771766185760498,0.0,0.0009328357991762459
2750,-27.2637,-1.3758,-28.6395,-29.9531,-0.0234,0.0,0.0,1.0,0.9997484683990479,1.0,1.0,0.9970238208770752,0.1224735677242279,0.7725435495376587,0.00023320894979406148,0.0002720771008171141
2755,-27.2836,-1.3582,-28.6418,-29.9844,-0.0078,0.0,0.0,1.0,1.0,0.0,0.0,1.0,0.12286224961280823,0.7726601362228394,0.0,0.0
2760,-27.1016,-1.4539,-28.5555,-29.8594,-0.1641,0.0,0.0,1.0,1.0,0.0,1.0,0.9970238208770752,0.12978078424930573,0.7654306888580322,0.0,0.000310945266392082
2765,-27.1422,-1.4336,-28.5758,-29.8438,-0.0781,0.0,0.0,0.9996970891952515,0.9996452331542969,0.0,1.0,1.0,0.12830379605293274,0.7669076323509216,0.0,0.000310945266392082
2770,-27.1156,-1.4469,-28.5625,-29.9219,-0.0391,0.0,0.0,1.0,0.9995937943458557,0.0,1.0,1.0,0.12970304489135742,0.7655084133148193,0.0,0.000310945266392082
2775,-27.3234,-1.343,-28.6664,-29.875,-0.0625,0.0,0.0,0.9993542432785034,0.9996989965438843,1.0,1.0,1.0,0.12037468701601028,0.7748367786407471,7.77363165980205e-05,0.00023320894979406148
2780,-27.132,-1.434,-28.566,-29.9531,-0.0234,0.0,0.0,1.0,1.0,0.0,0.0,1.0,0.12814831733703613,0.7673740386962891,0.0,0.0
2785,-27.191,-1.4051,-28.5961,-29.9219,-0.0391,0.0,0.0,1.0,0.9999495148658752,0.0,1.0,1.0,0.12593284249305725,0.7695506811141968,0.0,3.886815829901025e-05
2790,-27.1187,-1.4453,-28.5641,-29.9531,-0.0234,0.0,0.0,1.0,0.9995942115783691,0.0,1.0,1.0,0.12888681888580322,0.7663246393203735,0.0,0.000310945266392082
2795,-27.107,-1.4559,-28.5629,-29.8906,-0.0547,0.0,0.0,0.9978684782981873,0.999544084072113,1.0,1.0,1.0,0.12764303386211395,0.7672574520111084,0.000310945266392082,0.000310945266392082
2800,-27.3012,-1.3512,-28.6523,-29.9375,-0.0312,0.0,0.0,1.0,0.9998493194580078,0.0,1.0,1.0,0.12154073268175125,0.7738650441169739,0.0,0.00011660447489703074
2805,-27.1957,-1.4086,-28.6043,-29.8906,-0.1484,0.0,0.0,1.0,0.9994445443153381,0.0,1.0,1.0,0.12534981966018677,0.7697450518608093,0.0,0.00042754976311698556
2810,-27.2102,-1.3949,-28.6051,-29.9219,-0.0391,0.0,0.0,1.0,1.0,0.0,0.0,1.0,0.12519434094429016,0.7703280448913574,0.0,0.0
2815,-27.2609,-1.3742,-28.6352,-29.8906,-0.0547,0.0,0.0,1.0,0.9995973110198975,0.0,1.0,1.0,0.12305659055709839,0.7721548676490784,0.0,0.000310945266392082
2820,-27.2688,-1.3656,-28.6344,-29.9531,-0.0234,0.0,0.0,1.0,1.0,0.0,0.0,1.0,0.12352301180362701,0.7719993591308594,0.0,0.0
2825,-27.1898,-1.4098,-28.5996,-29.9062,-0.0469,0.0,0.0,1.0,0.9995953440666199,0.0,1.0,1.0,0.12682680785655975,0.7683846354484558,0.0,0.000310945266392082
2830,-27.2031,-1.3984,-28.6016,-29.9375,-0.0312,0.0,0.0,1.0,1.0,0.0,0.0,1.0,0.12523320317268372,0.7702891826629639,0.0,0.0
2835,-27.1367,-1.4316,-28.5684,-29.9219,-0.0391,0.0,0.0,1.0,1.0,0.0,0.0,1.0,0.12795397639274597,0.7675684094429016,0.0,0.0
2840,-27.1906,-1.4094,-28.6,-29.9844,-0.0078,0.0,0.0,0.999381959438324,0.9996969103813171,1.0,1.0,1.0,0.12577736377716064,0.7694340944290161,0.000155472633196041,0.000155472633196041
2845,-27.2336,-1.3832,-28.6168,-29.9375,-0.0312,0.0,0.0,1.0,1.0,0.0,0.0,1.0,0.12430037558078766,0.7712219953536987,0.0,0.0
2850,-27.3359,-1.332,-28.668,-29.9531,-0.0234,0.0,0.0,1.0,1.0,0.0,0.0,1.0,0.11975280195474625,0.7757695913314819,0.0,0.0
2855,-27.1852,-1.4074,-28.5926,-29.9375,-0.0312,0.0,0.0,1.0,1.0,0.0,0.0,1.0,0.12643812596797943,0.7690842747688293,0.0,0.0
2860,-27.2258,-1.3871,-28.6129,-29.8906,-0.0547,0.0,0.0,1.0,1.0,0.0,0.0,1.0,0.12496113032102585,0.7705612778663635,0.0,0.0
2865,-27.193,-1.4129,-28.6059,-29.9062,-0.0469,0.0,0.0,1.0,0.9995957016944885,1.0,1.0,0.9970238208770752,0.1258162260055542,0.7690842747688293,0.00011660447489703074,0.0005052860942669213
2870,-27.2,-1.4,-28.6,-29.9531,-0.0234,0.0,0.0,1.0,1.0,0.0,0.0,1.0,0.12608830630779266,0.7694340944290161,0.0,0.0
2875,-27.2793,-1.3691,-28.6484,-29.9375,-0.0312,0.0,0.0,1.0,0.9992446899414062,0.0,1.0,1.0,0.12301772087812424,0.7719216346740723,0.0,0.0005830223672091961
2880,-27.2469,-1.3813,-28.6281,-29.8906,-0.0547,0.0,0.0,0.9996846318244934,0.9996476769447327,0.0,0.0,1.0,0.12325093150138855,0.772271454334259,0.0,0.0
2885,-27.2336,-1.3832,-28.6168,-29.9219,-0.0391,0.0,0.0,1.0,1.0,0.0,0.0,1.0,0.12398942559957504,0.7715329527854919,0.0,0.0
2890,-27.2391,-1.3898,-28.6289,-29.9375,-0.0312,0.0,0.0,0.9984266757965088,0.9994457364082336,1.0,1.0,1.0,0.12352301180362701,0.7713775038719177,0.00023320894979406148,0.0003886815975420177
2895,-27.2059,-1.3988,-28.6047,-29.9219,-0.0391,0.0,0.0,1.0,0.9998486042022705,1.0,1.0,1.0,0.12511660158634186,0.7702891826629639,7.77363165980205e-05,3.886815829901025e-05
2900,-27.3141,-1.3477,-28.6617,-29.9531,-0.0234,0.0,0.0,1.0,0.9995983242988586,0.0,1.0,1.0,0.12107431888580322,0.7741371393203735,0.0,0.000310945266392082
2905,-27.1773,-1.4113,-28.5887,-29.9688,-0.0156,0.0,0.0,1.0,1.0,0.0,0.0,1.0,0.1265547275543213,0.7689676880836487,0.0,0.0
2910,-27.3,-1.35,-28.65,-29.9531,-0.0234,0.0,0.0,1.0,1.0,0.0,0.0,1.0,0.12014147639274597,0.7753809094429016,0.0,0.0
2915,-27.2531,-1.3781,-28.6313,-29.9375,-0.0312,0.0,0.0,1.0,0.9995973706245422,0.0,1.0,1.0,0.12293998897075653,0.772271454334259,0.0,0.000310945266392082
2920,-27.1195,-1.4426,-28.5621,-29.9219,-0.0391,0.0,0.0,1.0,0.9997971057891846,1.0,1.0,1.0,0.12912002205848694,0.7662469148635864,7.77363165980205e-05,7.77363165980205e-05
2925,-27.143,-1.4285,-28.5715,-29.9531,-0.0234,0.0,0.0,1.0,1.0,0.0,0.0,1.0,0.128264918923378,0.7672574520111084,0.0,0.0
2930,-27.1555,-1.4223,-28.5777,-29.9219,-0.0391,0.0,0.0,1.0,1.0,0.0,0.0,1.0,0.1275264322757721,0.7679959535598755,0.0,0.0
2935,-27.0414,-1.4805,-28.5219,-29.9688,-0.0156,0.0,0.0,1.0,0.9998980760574341,1.0,1.0,1.0,0.13292910158634186,0.7625155448913574,3.886815829901025e-05,3.886815829901025e-05
2940,-27.2242,-1.3926,-28.6168,-29.875,-0.1562,0.0,0.0,1.0,0.9995967149734497,0.0,1.0,1.0,0.1241837665438652,0.771027684211731,0.0,0.000310945266392082
2945,-27.2742,-1.3629,-28.6371,-29.9844,-0.0078,0.0,0.0,1.0,1.0,0.0,0.0,1.0,0.12200715392827988,0.7735152244567871,0.0,0.0
2950,-27.2617,-1.3691,-28.6309,-30.0,0.0,0.0,0.0,1.0,1.0,0.0,0.0,1.0,0.12282337993383408,0.7726989984512329,0.0,0.0
2955,-27.1594,-1.425,-28.5844,-29.9219,-0.0391,0.0,0.0,0.9981662631034851,0.9998987913131714,1.0,1.0,1.0,0.12717661261558533,0.768034815788269,0.00019434079877100885,0.00011660447489703074
2960,-27.1469,-1.4266,-28.5734,-29.875,-0.0625,0.0,0.0,1.0,1.0,0.0,0.0,1.0,0.12791511416435242,0.7676072716712952,0.0,0.0
2965,-27.257,-1.3715,-28.6285,-29.9531,-0.0234,0.0,0.0,1.0,1.0,0.0,0.0,1.0,0.12387282401323318,0.7716495394706726,0.0,0.0
2970,-27.1586,-1.4254,-28.584,-29.9219,-0.1328,0.0,0.0,1.0,0.9995948672294617,0.0,1.0,1.0,0.12772077322006226,0.7674906849861145,0.0,0.000310945266392082
2975,-27.2125,-1.3938,-28.6062,-29.9062,-0.0469,0.0,0.0,1.0,1.0,0.0,0.0,1.0,0.12562188506126404,0.7699005007743835,0.0,0.0
2980,-27.2898,-1.3551,-28.6449,-29.9531,-0.0234,0.0,0.0,1.0,1.0,0.0,0.0,1.0,0.1215796023607254,0.773942768573761,0.0,0.0
2985,-27.182,-1.409,-28.591,-29.9375,-0.0312,0.0,0.0,1.0,1.0,0.0,0.0,1.0,0.12577736377716064,0.7697450518608093,0.0,0.0
2990,-27.3176,-1.343,-28.6605,-29.9531,-0.0234,0.0,0.0,1.0,0.9998494386672974,1.0,1.0,1.0,0.12107431888580322,0.7743314504623413,3.886815829901025e-05,7.77363165980205e-05
2995,-27.1941,-1.4129,-28.607,-29.9844,-0.0078,0.0,0.0,0.9993800520896912,0.9992423057556152,1.0,1.0,1.0,0.12538868188858032,0.7694729566574097,7.77363165980205e-05,0.0005830223672091961
3000,-27.1984,-1.4008,-28.5992,-29.875,-0.0625,0.0,0.0,1.0,1.0,0.0,0.0,1.0,0.12542754411697388,0.7700948119163513,0.0,0.0
3005,-27.2461,-1.3816,-28.6277,-29.9219,-0.0391,0.0,0.0,0.9993686676025391,0.9996979236602783,1.0,1.0,1.0,0.12313432991504669,0.7720771431922913,3.886815829901025e-05,0.0002720771008171141
3010,-27.2812,-1.3594,-28.6406,-29.9062,-0.0469,0.0,0.0,1.0,1.0,0.0,0.0,1.0,0.12204602360725403,0.7734763622283936,0.0,0.0
3015,-27.1523,-1.432,-28.5844,-29.8594,-0.0703,0.0,0.0,1.0,0.9996964335441589,1.0,1.0,0.9970238208770752,0.1267102062702179,0.7682680487632751,7.77363165980205e-05,0.00046641789958812296
3020,-27.2305,-1.3848,-28.6152,-29.9844,-0.0078,0.0,0.0,1.0,1.0,0.0,0.0,1.0,0.12457244843244553,0.7709499597549438,0.0,0.0
3025,-27.2055,-1.3973,-28.6027,-29.9062,-0.0469,0.0,0.0,1.0,1.0,0.0,0.0,1.0,0.1258939653635025,0.7696284055709839,0.0,0.0
3030,-27.1766,-1.4117,-28.5883,-29.9531,-0.0234,0.0,0.0,1.0,1.0,0.0,0.0,1.0,0.12717661261558533,0.7683457732200623,0.0,0.0
3035,-27.2391,-1.3805,-28.6195,-29.9219,-0.0391,0.0,0.0,1.0,1.0,0.0,0.0,1.0,0.1240282952785492,0.7714940905570984,0.0,0.0
3040,-27.1898,-1.4051,-28.5949,-29.8594,-0.0703,0.0,0.0,1.0,1.0,0.0,0.0,1.0,0.12620490789413452,0.7693174481391907,0.0,0.0
3045,-27.307,-1.3465,-28.6535,-29.9688,-0.0156,0.0,0.0,1.0,1.0,0.0,0.0,1.0,0.12161847203969955,0.7739039063453674,0.0,0.0
3050,-27.1953,-1.4023,-28.5977,-29.9375,-0.0312,0.0,0.0,1.0,1.0,0.0,0.0,1.0,0.12523320317268372,0.7702891826629639,0.0,0.0
3055,-27.2492,-1.3801,-28.6293,-29.9375,-0.0312,0.0,0.0,1.0,0.9995966553688049,0.0,1.0,1.0,0.12430037558078766,0.7709110975265503,0.0,0.000310945266392082
3060,-27.2766,-1.3711,-28.6477,-29.8438,-0.2656,0.0,0.0,1.0,0.9991955161094666,0.0,1.0,1.0,0.12185168266296387,0.7730488181114197,0.0,0.000621890532784164
3065,-27.1797,-1.4102,-28.5898,-29.9375,-0.0312,0.0,0.0,1.0,1.0,0.0,0.0,1.0,0.12721548974514008,0.7683069109916687,0.0,0.0
3070,-27.2164,-1.3918,-28.6082,-29.9219,-0.0391,0.0,0.0,1.0,1.0,0.0,0.0,1.0,0.12449471652507782,0.771027684211731,0.0,0.0
3075,-27.1773,-1.4113,-28.5887,-29.9531,-0.0234,0.0,0.0,1.0,1.0,0.0,0.0,1.0,0.12740983068943024,0.7681125402450562,0.0,0.0
3080,-27.2555,-1.3723,-28.6277,-29.9531,-0.0234,0.0,0.0,1.0,1.0,0.0,0.0,1.0,0.12293998897075653,0.7725824117660522,0.0,0.0
3085,-27.2414,-1.3828,-28.6242,-29.8672,-0.1016,0.0,0.0,1.0,0.9997479319572449,1.0,1.0,0.999627947807312,0.12430037558078766,0.7709888219833374,7.77363165980205e-05,0.000155472633196041
3090,-27.0832,-1.4637,-28.5469,-29.8906,-0.0781,0.0,0.0,1.0,0.9995433688163757,1.0,1.0,1.0,0.12908115983009338,0.7660914063453674,3.886815829901025e-05,0.000310945266392082
3095,-27.2746,-1.3703,-28.6449,-29.9219,-0.0391,0.0,0.0,1.0,0.9993458986282349,1.0,1.0,1.0,0.12255130708217621,0.7724658250808716,3.886815829901025e-05,0.00046641789958812296
3100,-27.3133,-1.348,-28.6613,-29.9688,-0.0156,0.0,0.0,1.0,0.9995985627174377,0.0,1.0,1.0,0.12064676731824875,0.7745646834373474,0.0,0.000310945266392082
3105,-27.2035,-1.3988,-28.6023,-29.9375,-0.0312,0.0,0.0,1.0,0.9999495148658752,1.0,0.0,1.0,0.1251554787158966,0.7703280448913574,3.886815829901025e-05,0.0
3110,-27.1754,-1.4152,-28.5906,-29.9844,-0.0078,0.0,0.0,1.0,0.9997473359107971,1.0,1.0,1.0,0.12616604566574097,0.7691619992256165,7.77363165980205e-05,0.00011660447489703074
3115,-27.2723,-1.3738,-28.6461,-29.9531,-0.0234,0.0,0.0,0.9993585348129272,0.9996483325958252,1.0,1.0,0.9970238208770752,0.12119092047214508,0.7736707329750061,0.000155472633196041,0.0005052860942669213
3120,-27.1812,-1.4141,-28.5953,-29.9844,-0.0078,0.0,0.0,0.998763918876648,0.9997979402542114,0.0,1.0,1.0,0.12577736377716064,0.7694340944290161,0.0,0.000310945266392082
3125,-27.182,-1.4207,-28.6027,-29.9375,-0.0312,0.0,0.0,0.9984524846076965,0.9992420077323914,1.0,1.0,1.0,0.12558302283287048,0.7691619992256165,0.000155472633196041,0.000621890532784164
3130,-27.3039,-1.348,-28.652,-29.9688,-0.0156,0.0,0.0,1.0,1.0,0.0,0.0,1.0,0.12037468701601028,0.7751476764678955,0.0,0.0
3135,-27.2102,-1.4043,-28.6145,-29.9531,-0.0234,0.0,0.0,0.9996887445449829,0.9996466636657715,1.0,1.0,0.9970238208770752,0.12488339841365814,0.7700170874595642,0.00011660447489703074,0.0005052860942669213
3140,-27.1105,-1.4535,-28.5641,-29.9375,-0.0781,0.0,0.0,1.0,0.9992388486862183,1.0,1.0,1.0,0.12896455824375153,0.7659748196601868,7.77363165980205e-05,0.0005052860942669213
3145,-27.209,-1.3984,-28.6074,-29.9531,-0.0234,0.0,0.0,0.9996909499168396,0.9997979998588562,0.0,0.0,1.0,0.12577736377716064,0.7697450518608093,0.0,0.0
3150,-27.275,-1.3719,-28.6469,-29.9219,-0.0391,0.0,0.0,1.0,0.9995977282524109,0.0,1.0,0.9970238208770752,0.12192941457033157,0.7729710936546326,0.0,0.000621890532784164
3155,-27.1102,-1.466,-28.5762,-29.9375,-0.0312,0.0,0.0,0.9991004467010498,0.9987289905548096,1.0,1.0,0.9970238208770752,0.12962530553340912,0.7644978165626526,0.00034981343196704984,0.0010494403541088104
3160,-27.2098,-1.4203,-28.6301,-29.8906,-0.1484,0.0,0.0,0.9990630745887756,0.9983840584754944,1.0,1.0,0.9970238208770752,0.12445584684610367,0.769706130027771,0.00011660447489703074,0.001243781065568328
3165,-27.209,-1.4207,-28.6297,-29.8828,-0.0703,0.0,0.0,0.9993759989738464,0.998332679271698,1.0,1.0,0.9970238208770752,0.12457244843244553,0.7692785859107971,0.00019434079877100885,0.001476990059018135
3170,-27.1195,-1.4684,-28.5879,-29.8125,-0.2812,0.0,0.0,1.0,0.9979680776596069,1.0,1.0,0.9970238208770752,0.1284981369972229,0.7651585936546326,0.000155472633196041,0.0017101990524679422
3175,-27.2574,-1.3871,-28.6445,-29.9219,-0.0391,0.0,0.0,0.9996838569641113,0.9992443323135376,1.0,1.0,0.995907723903656,0.12293998897075653,0.7715329527854919,0.00023320894979406148,0.0008162313606590033
3180,-27.1828,-1.4367,-28.6195,-29.9531,-0.0234,0.0,0.0,0.9981308579444885,0.9978768825531006,1.0,1.0,1.0,0.12476678937673569,0.7688899040222168,0.00023320894979406148,0.0016324627213180065
3185,-27.0742,-1.5039,-28.5781,-29.7812,-0.2969,0.0,0.0,1.0,0.9964885711669922,1.0,0.9846153855323792,1.0,0.12904228270053864,0.7637593150138855,0.00019434079877100885,0.0025264304131269455
3190,-27.1273,-1.4668,-28.5941,-29.8594,-0.1641,0.0,0.0,0.9987823367118835,0.9977677464485168,1.0,1.0,0.9985119104385376,0.1276818960905075,0.766130268573761,0.0002720771008171141,0.0014381218934431672
3195,-27.3266,-1.3543,-28.6809,-29.9062,-0.0469,0.0,0.0,0.9993472695350647,0.9985963702201843,1.0,1.0,1.0,0.11909203976392746,0.7753420472145081,0.000155472633196041,0.0009328357991762459
3200,-27.2172,-1.4219,-28.6391,-29.8828,-0.1406,0.0,0.0,0.9987515807151794,0.9978770613670349,1.0,1.0,0.9977678656578064,0.12453357875347137,0.7689676880836487,0.000155472633196041,0.0018656715983524919
3205,-27.1438,-1.4832,-28.627,-29.7031,-0.4297,0.0,0.0,0.9978494644165039,0.9962434768676758,1.0,0.9058823585510254,0.9981398582458496,0.12651586532592773,0.7656638622283936,3.886815829901025e-05,0.003303793491795659
3210,-27.2758,-1.5332,-28.809,-29.2891,-1.3047,0.0,0.0,0.9956839084625244,0.9872675538063049,1.0,1.0,0.9899553656578064,0.11707089841365814,0.7692785859107971,0.0007384950295090675,0.008434390649199486
3215,-27.223,-1.5895,-28.8125,-29.5938,-0.5781,0.0,0.0,0.996363639831543,0.9846855998039246,1.0,0.970695972442627,0.991815447807312,0.11757618188858032,0.7664800882339478,0.0008550995262339711,0.010611007921397686
3220,-27.1605,-1.6066,-28.7672,-29.2734,-1.1953,0.0,0.0,0.9955185651779175,0.9859083294868469,1.0,0.9917355179786682,0.9903273582458496,0.1214241310954094,0.7640314102172852,0.0006607586983591318,0.009406094439327717
3225,-27.0629,-1.6039,-28.6668,-29.7422,-0.3281,0.0,0.0,0.9993894696235657,0.9900250434875488,1.0,0.9601989984512329,0.9903273582458496,0.12733209133148193,0.7598336338996887,0.0005441542016342282,0.0078125
3230,-27.0512,-1.7164,-28.7676,-29.3125,-1.2812,0.0,0.0,0.9953022003173828,0.9809035062789917,1.0,0.977011501789093,0.9933035969734192,0.1241060346364975,0.75715172290802,0.0007384950295090675,0.01352611929178238
3235,-27.0039,-1.7488,-28.7527,-29.3203,-1.1484,0.0,0.0,0.9922910928726196,0.9800935983657837,1.0,0.9789156913757324,0.9966517686843872,0.1260494440793991,0.7556358575820923,0.0009328357991762459,0.012904228642582893
3240,-26.9711,-1.6492,-28.6203,-29.4688,-0.8516,0.0,0.0,0.9967542290687561,0.9902747869491577,1.0,1.0,0.9888392686843872,0.13172419369220734,0.7553638219833374,0.00034981343196704984,0.00808457750827074
3245,-27.2262,-1.4965,-28.7227,-29.5078,-0.7031,0.0,0.0,0.9987167119979858,0.9927125573158264,1.0,0.9056603908538818,0.9910714030265808,0.12115205079317093,0.768034815788269,0.000155472633196041,0.0061800372786819935
3250,-26.9652,-1.6727,-28.6379,-29.3828,-1.1641,0.0,0.0,0.9958665370941162,0.9900025725364685,1.0,0.936170220375061,0.984375,0.13164645433425903,0.75423663854599,0.0005052860942669213,0.009134017862379551
3255,-27.0758,-1.6086,-28.6844,-29.5859,-0.7109,0.0,0.0,0.997850775718689,0.9896253943443298,1.0,1.0,0.9851190447807312,0.12659358978271484,0.7605332732200623,0.00023320894979406148,0.008162313140928745
3260,-27.0715,-1.6184,-28.6898,-29.4062,-1.1172,0.0,0.0,0.9978612661361694,0.9877055287361145,1.0,1.0,0.9940476417541504,0.12721548974514008,0.7587453126907349,0.00042754976311698556,0.009134017862379551
3265,-26.9879,-1.727,-28.7148,-29.125,-1.5625,0.0,0.0,0.994874894618988,0.9826037287712097,1.0,0.9792899489402771,0.9940476417541504,0.12892568111419678,0.7529540061950684,0.0005052860942669213,0.013137437403202057
3270,-27.05,-1.6871,-28.7371,-29.5391,-0.7812,0.0,0.0,0.9969030618667603,0.9884031414985657,1.0,0.9452054500579834,0.9590773582458496,0.12550528347492218,0.7574626803398132,0.00120491289999336,0.011349502950906754
3275,-26.9434,-1.7926,-28.7359,-29.375,-1.1328,0.0,0.0,0.995164692401886,0.9829710125923157,0.9024389982223511,0.9324324131011963,0.9713541865348816,0.12861473858356476,0.7509328126907349,0.0015935945557430387,0.014381218701601028
3280,-26.8484,-2.0316,-28.8801,-29.5469,-0.7891,0.0,0.0,0.9909853935241699,0.969912588596344,0.9473684430122375,0.9339622855186462,0.9523809552192688,0.12503886222839355,0.7428094148635864,0.00295398011803627,0.024720149114727974
3285,-26.8313,-1.9605,-28.7918,-29.7109,-0.5547,0.0,0.0,0.980920672416687,0.9761010408401489,1.0,0.9410609006881714,0.9661458134651184,0.1283426582813263,0.7448694109916687,0.0025264304131269455,0.01978389360010624
3290,-26.6402,-2.2641,-28.9043,-28.8516,-2.0859,0.0,0.0,0.9789663553237915,0.9619680643081665,0.9885057210922241,0.842424213886261,0.9698660969734192,0.12935324013233185,0.7307214140892029,0.003381529822945595,0.0320662297308445
3295,-26.784,-2.0996,-28.8836,-29.375,-1.0859,0.0,0.0,0.9782208800315857,0.9684033393859863,1.0,0.901664137840271,0.9620535969734192,0.1267102062702179,0.7393112778663635,0.0038090795278549194,0.02569185383617878
3300,-26.577,-2.3402,-28.9172,-29.3281,-1.2266,0.0,0.0,0.9689197540283203,0.9617314338684082,0.9741935729980469,0.8802395462989807,0.9445684552192688,0.12880907952785492,0.728233814239502,0.006024564616382122,0.03245491161942482
3305,-26.8496,-2.1066,-28.9562,-29.125,-1.5156,0.0,0.0,0.9842420220375061,0.9632082581520081,1.0,0.9224904775619507,0.9642857313156128,0.12332867085933685,0.7395055890083313,0.002098880708217621,0.030589241534471512
3310,-26.7918,-2.1109,-28.9027,-28.8281,-2.0156,0.0,0.0,0.9880257844924927,0.96700519323349,1.0,0.9222065210342407,0.9464285969734192,0.12659358978271484,0.73861163854599,0.0028373757377266884,0.027479788288474083
3315,-26.7098,-2.2059,-28.9156,-29.0234,-1.8125,0.0,0.0,0.9870442748069763,0.9618579149246216,0.984375,0.8501326441764832,0.9706101417541504,0.12900342047214508,0.7347248196601868,0.002487562131136656,0.029306592419743538
3320,-26.891,-1.8973,-28.7883,-29.2656,-1.375,0.0,0.0,0.9924242496490479,0.9741612672805786,1.0,0.958167314529419,0.984002947807312,0.128264918923378,0.7461131811141968,0.0016324627213180065,0.019511815160512924
3325,-26.673,-2.4188,-29.0918,-28.2578,-3.3672,0.0,0.0,0.9875195026397705,0.9537051916122437,1.0,0.8219424486160278,0.9304315447807312,0.12457244843244553,0.725396454334259,0.0023320894688367844,0.04322139173746109
3330,-26.7824,-2.207,-28.9895,-29.0469,-1.7656,0.0,0.0,0.9789902567863464,0.9596296548843384,1.0,0.9120370149612427,0.957217276096344,0.12395056337118149,0.7346082329750061,0.003381529822945595,0.033582091331481934
3335,-26.8914,-1.9117,-28.8031,-29.3281,-1.2734,0.0,0.0,0.9885231256484985,0.9754572510719299,1.0,0.8635477423667908,0.988467276096344,0.12869247794151306,0.745918869972229,0.0009717039647512138,0.01993936486542225
3340,-26.741,-2.2277,-28.9688,-28.7969,-2.1953,0.0,0.0,0.9885200262069702,0.9580072164535522,1.0,0.9298245906829834,0.9516369104385376,0.12527208030223846,0.7349191308021545,0.002098880708217621,0.033232275396585464
3345,-26.5305,-2.5164,-29.0469,-28.4609,-2.7969,0.0,0.0,0.9769067168235779,0.9503580331802368,0.9894737005233765,0.8390379548072815,0.9401041865348816,0.12791511416435242,0.7218983173370361,0.0036924751475453377,0.04201648011803627
3350,-26.3555,-2.7668,-29.1223,-28.2891,-3.3516,0.0,0.0,0.9756314754486084,0.9422092437744141,0.9672130942344666,0.8287572264671326,0.9110863208770752,0.13079135119915009,0.706195592880249,0.004741915501654148,0.0537935309112072
3355,-26.8172,-1.991,-28.8082,-29.4375,-0.9375,0.0,0.0,0.986132025718689,0.9737200736999512,0.9838709831237793,0.9698492288589478,0.956845223903656,0.12892568111419678,0.7409825921058655,0.00240982579998672,0.023204291239380836
3360,-26.818,-1.9039,-28.7219,-29.6719,-0.4922,0.0,0.0,0.9789220094680786,0.9802484512329102,1.0,0.9676550030708313,0.9732142686843872,0.12908115983009338,0.7477844953536987,0.004236629232764244,0.014420087449252605
3365,-26.8691,-1.8402,-28.7094,-29.8906,-0.0547,0.0,0.0,0.9817310571670532,0.9844487309455872,1.0,0.942307710647583,0.9665178656578064,0.12978078424930573,0.7498056888580322,0.0038090795278549194,0.012126865796744823
3370,-26.8641,-1.868,-28.732,-29.8281,-0.1797,0.0,0.0,0.9825825691223145,0.9827532172203064,0.9883720874786377,0.9224599003791809,0.9657738208770752,0.12943096458911896,0.7482120394706726,0.0033426617737859488,0.014536691829562187
3375,-26.9664,-1.6609,-28.6273,-29.875,-0.1562,0.0,0.0,0.9921992421150208,0.990718424320221,0.930232584476471,0.9754601120948792,0.988095223903656,0.129547581076622,0.7579679489135742,0.0016713308868929744,0.006335509940981865
3380,-27.0273,-1.6703,-28.6977,-29.8438,-0.0781,0.0,0.0,0.9887570142745972,0.988080620765686,1.0,0.9414414167404175,0.988095223903656,0.12445584684610367,0.7597947716712952,0.0026430347934365273,0.008628731593489647
3385,-26.8902,-1.7605,-28.6508,-29.8594,-0.1641,0.0,0.0,0.9825930595397949,0.9863402247428894,1.0,1.0,0.9895833134651184,0.12950870394706726,0.7540422677993774,0.0034592661540955305,0.008512127213180065
3390,-26.8461,-1.7551,-28.6012,-29.8906,-0.0547,0.0,0.0,0.9872905611991882,0.988442599773407,1.0,0.976190447807312,0.988095223903656,0.13456156849861145,0.7499611377716064,0.0028373757377266884,0.008162313140928745
3395,-26.7379,-1.8555,-28.5934,-29.7656,-0.3047,0.0,0.0,0.982300877571106,0.9867132306098938,0.9189189076423645,0.9615384340286255,0.9821428656578064,0.1361551582813263,0.7459577322006226,0.0043143657967448235,0.009095149114727974
3400,-26.9539,-1.6648,-28.6188,-29.9375,-0.0312,0.0,0.0,0.9869164228439331,0.9914674758911133,1.0,1.0,0.988095223903656,0.13071362674236298,0.7561800479888916,0.003031716449186206,0.005597014911472797
3405,-26.8844,-1.7957,-28.6801,-29.875,-0.1562,0.0,0.0,0.9792998433113098,0.9861627221107483,0.9577465057373047,0.9306122660636902,0.9825148582458496,0.1276818960905075,0.7527984976768494,0.005519278813153505,0.009522698819637299
3410,-26.9332,-1.7672,-28.7004,-29.9219,-0.0391,0.0,0.0,0.9832869172096252,0.9867900013923645,0.9457364082336426,0.9066666960716248,0.9776785969734192,0.12558302283287048,0.7561800479888916,0.005013992544263601,0.008745335973799229
3415,-26.8824,-1.973,-28.8555,-29.8125,-0.1875,0.0,0.0,0.9644473195075989,0.9747516512870789,0.9689440727233887,0.9431072473526001,0.9709821343421936,0.12025808542966843,0.7512437701225281,0.006257773842662573,0.017762748524546623
3420,-26.3938,-2.4219,-28.8156,-29.8281,-0.0859,0.0,0.0,0.9373892545700073,0.963572084903717,0.8925372958183289,0.8773006200790405,0.9821428656578064,0.13160759210586548,0.7255519032478333,0.013020833022892475,0.02534203976392746
3425,-26.5402,-2.2402,-28.7805,-29.8594,-0.1641,0.0,0.0,0.9389699101448059,0.9714738726615906,0.8906882405281067,0.8928571343421936,0.9832589030265808,0.13055814802646637,0.7357742786407471,0.009600435383617878,0.019589552655816078
3430,-26.8,-1.9199,-28.7199,-29.9062,-0.0469,0.0,0.0,0.9673024415969849,0.9808821082115173,0.9585798978805542,0.9404388666152954,0.9836309552192688,0.12838153541088104,0.748173177242279,0.0065687187016010284,0.01239894237369299
3435,-26.7195,-2.0797,-28.7992,-29.9531,-0.0234,0.0,0.0,0.9376175403594971,0.9777673482894897,0.9090909361839294,0.857798159122467,0.9851190447807312,0.12398942559957504,0.744752824306488,0.009833644144237041,0.016946516931056976
3440,-26.527,-2.1344,-28.6613,-29.9375,-0.0312,0.0,0.0,0.9544011354446411,0.981316328048706,0.875,0.8342105150222778,0.972842276096344,0.1346781700849533,0.7364349961280823,0.00963930319994688,0.01476990059018135
3445,-26.3066,-2.3289,-28.6355,-29.8906,-0.0547,0.0,0.0,0.9447095394134521,0.9772120714187622,0.8417721390724182,0.7848699688911438,0.9784226417541504,0.13848724961280823,0.7283115386962891,0.012282337993383408,0.016441231593489647
3450,-25.952,-2.6551,-28.607,-29.7969,-0.1016,0.0,0.0,0.9246940016746521,0.9738626480102539,0.8275862336158752,0.6350626349449158,0.9862351417541504,0.1460665464401245,0.7108209133148193,0.016907649114727974,0.0217273011803627
3455,-26.1613,-2.4754,-28.6367,-29.8125,-0.1875,0.0,0.0,0.934272289276123,0.9736983776092529,0.8823529481887817,0.7596741318702698,0.9773065447807312,0.14074160158634186,0.721159815788269,0.014536691829562187,0.0190842654556036
3460,-26.1359,-2.5707,-28.7066,-29.8438,-0.0781,0.0,0.0,0.9357022047042847,0.9727135300636292,0.7625899314880371,0.7204502820968628,0.9598214030265808,0.13782648742198944,0.7207711338996887,0.016208022832870483,0.020716728642582893
3465,-25.2297,-3.3168,-28.5465,-29.8438,-0.0781,0.0,0.0,0.9042888283729553,0.9631901979446411,0.779321014881134,0.6019417643547058,0.9694940447807312,0.1604088991880417,0.6778995394706726,0.0251865666359663,0.032027363777160645
3470,-25.518,-3.2066,-28.7246,-29.75,-0.2188,0.0,0.0,0.8854860067367554,0.9625806212425232,0.7870370149612427,0.6182265877723694,0.9616815447807312,0.14594994485378265,0.6928249597549438,0.0251865666359663,0.03156094625592232
3475,-25.8141,-2.6637,-28.4777,-29.8438,-0.0781,0.0,0.0,0.9430995583534241,0.9743448495864868,0.8718593120574951,0.729411780834198,0.9657738208770752,0.15574471652507782,0.7044853568077087,0.015469527803361416,0.01982276141643524
3480,-26.5902,-2.1168,-28.707,-29.7969,-0.1016,0.0,0.0,0.9469290375709534,0.9786865711212158,0.8805969953536987,0.8563685417175293,0.9873511791229248,0.1303638070821762,0.7403995394706726,0.010416666977107525,0.014342350885272026
3485,-26.5531,-2.109,-28.6621,-29.9219,-0.0391,0.0,0.0,0.9563331604003906,0.9811400175094604,0.8821292519569397,0.8397626280784607,0.976190447807312,0.13440608978271484,0.7377954125404358,0.010222326032817364,0.013098569586873055
3490,-25.8125,-2.5871,-28.3996,-29.8281,-0.0859,0.0,0.0,0.9505870938301086,0.9742347598075867,0.8559077978134155,0.8231292366981506,0.9836309552192688,0.15889303386211395,0.7060012221336365,0.013487251475453377,0.017140857875347137
3495,-26.3344,-2.2816,-28.616,-29.8906,-0.0547,0.0,0.0,0.9408826231956482,0.9780535697937012,0.8959731459617615,0.8306010961532593,0.9821428656578064,0.14004197716712952,0.7296719551086426,0.011582711711525917,0.014225746504962444
3500,-25.5785,-3.0691,-28.6477,-29.5781,-0.2109,0.0,0.0,0.9245524406433105,0.9640328288078308,0.7108433842658997,0.6887417435646057,0.952752947807312,0.15197449922561646,0.6916200518608093,0.02258240059018135,0.02934546023607254
3505,-25.648,-3.2477,-28.8957,-29.8438,-0.0781,0.0,0.0,0.8867539763450623,0.9613583087921143,0.7117486596107483,0.6325878500938416,0.9289434552192688,0.13351212441921234,0.6970615386962891,0.02845149300992489,0.03649720177054405
3510,-24.5469,-4.2734,-28.8203,-29.5312,-0.2344,0.0,0.0,0.872592568397522,0.9521825909614563,0.5841121673583984,0.48268237709999084,0.9311755895614624,0.15741604566574097,0.6437733173370361,0.041588928550481796,0.05274409055709839
3515,-24.0516,-4.6547,-28.7063,-29.4219,-0.2891,0.0,0.0,0.8817276954650879,0.9482200741767883,0.5791335105895996,0.44115573167800903,0.9092261791229248,0.171875,0.6245335936546326,0.04395988956093788,0.05515391752123833
3520,-23.4359,-5.8227,-29.2586,-29.6875,-0.1562,0.0,0.0,0.842256486415863,0.9291261434555054,0.4829578399658203,0.33843299746513367,0.8794642686843872,0.14882618188858032,0.595576822757721,0.06728078424930573,0.08383861929178238
3525,-22.3102,-7.4613,-29.7715,-29.2188,-0.5312,0.0,0.0,0.7944979071617126,0.906535267829895,0.4112536311149597,0.3025737702846527,0.8177083134651184,0.1412857621908188,0.5364583134651184,0.09394434094429016,0.12383395433425903
3530,-18.4902,-15.0953,-33.5855,-27.3203,-3.4609,0.0,0.0,0.7586449980735779,0.8367065787315369,0.1231270357966423,0.09010763466358185,0.4423363208770752,0.05507618188858032,0.2822994291782379,0.17898787558078766,0.3791588842868805
3535,-15.3539,-21.5496,-36.9035,-19.0781,-20.4609,0.0,0.0,0.710616409778595,0.530734658241272,0.05353118106722832,0.005223200656473637,0.1145833358168602,0.022699005901813507,0.025925062596797943,0.20693407952785492,0.63996422290802
3540,-16.0391,-19.7949,-35.834,-18.9844,-19.7578,0.0,0.0,0.685831606388092,0.6952430605888367,0.16722267866134644,0.011432413943111897,0.206101194024086,0.05678638070821762,0.07435479015111923,0.18641169369220734,0.5779695510864258
3545,-15.5063,-21.484,-36.9902,-19.0625,-20.4688,0.0,0.0,0.5038314461708069,0.44740739464759827,0.08792048692703247,0.004093673080205917,0.1253720223903656,0.02028917893767357,0.02623600699007511,0.20335820317268372,0.6456390023231506
3550,-15.2113,-20.4906,-35.702,-18.3047,-20.4375,0.0,0.0,0.6726422309875488,0.6200355887413025,0.13406051695346832,0.01077436376363039,0.204985111951828,0.04986784979701042,0.06557058542966843,0.22092661261558533,0.5591573119163513
3555,-15.4742,-19.4164,-34.8906,-18.2188,-20.0938,0.0,0.0,0.7298969030380249,0.7438873052597046,0.16807495057582855,0.013969643972814083,0.2511160671710968,0.07540422677993774,0.09378886967897415,0.2115982621908188,0.5147310495376587
3560,-16.3148,-17.0238,-33.3387,-18.1172,-20.7891,0.0,0.0,0.8083773255348206,0.8435247540473938,0.21137882769107819,0.0243313517421484,0.3597470223903656,0.11784826219081879,0.16717195510864258,0.1919698417186737,0.4185323417186737
3565,-15.4375,-20.0184,-35.4559,-18.1172,-20.7891,0.0,0.0,0.6890863180160522,0.6486486196517944,0.17338262498378754,0.010940918698906898,0.2183779776096344,0.06125621870160103,0.07334421575069427,0.2102767378091812,0.5506452322006226
3570,-15.4758,-19.241,-34.7168,-18.0469,-20.1094,0.0,0.0,0.7401267886161804,0.7425781488418579,0.18171925842761993,0.013627564534544945,0.2555803656578064,0.07971859723329544,0.09950248897075653,0.21431903541088104,0.5019822716712952
3575,-17.7902,-14.0672,-31.8574,-20.6875,-15.8594,0.0,0.0,0.8737509250640869,0.9008737802505493,0.26718345284461975,0.024439435452222824,0.496279776096344,0.15947605669498444,0.25800684094429016,0.15041977167129517,0.3276197016239166
3580,-17.8164,-13.3422,-31.1586,-18.6172,-17.2812,0.0,0.0,0.8816158771514893,0.877964198589325,0.32962483167648315,0.031356509774923325,0.534970223903656,0.17992070317268372,0.2802782952785492,0.150225430727005,0.28509795665740967
3585,-20.4109,-9.7937,-30.2047,-21.9219,-13.3906,0.0,0.0,0.9316188097000122,0.9287371635437012,0.41491737961769104,0.029028110206127167,0.6811755895614624,0.19496268033981323,0.40197449922561646,0.08702580630779266,0.21155938506126404
3590,-14.5078,-22.0066,-36.5145,-18.7188,-20.6406,0.0,0.0,0.5043478012084961,0.24310344457626343,0.10334442555904388,0.0021828454919159412,0.1015625,0.022349191829562187,0.02254353277385235,0.24521921575069427,0.6054104566574097
3595,-14.9684,-21.9621,-36.9305,-19.125,-20.4375,0.0,0.0,0.3071593642234802,0.14814814925193787,0.10494467616081238,0.0015252272132784128,0.090773805975914,0.01682991348206997,0.016791045665740967,0.22481343150138855,0.6370880007743835
3600,-15.6336,-21.3195,-36.9531,-19.2656,-20.3672,0.0,0.0,0.4508580267429352,0.21702127158641815,0.15083909034729004,0.003127067117020488,0.127976194024086,0.024914490059018135,0.027402052655816078,0.1968672275543213,0.6463386416435242
3605,-15.7719,-20.7828,-36.5547,-19.3594,-20.3203,0.0,0.0,0.6569037437438965,0.3957759439945221,0.17141710221767426,0.005620433483272791,0.1476934552192688,0.03715796023607254,0.04232742637395859,0.19364117085933685,0.6223958134651184
3610,-14.2695,-21.9863,-36.2559,-18.6719,-20.6641,0.0,0.0,0.5198237895965576,0.24103300273418427,0.09535451978445053,0.00641619274392724,0.1432291716337204,0.026469215750694275,0.02709110639989376,0.25435322523117065,0.587608814239502
3615,-14.8727,-21.8453,-36.718,-19.1094,-20.4453,0.0,0.0,0.3645038306713104,0.14211438596248627,0.10953586548566818,0.005744973197579384,0.1264880895614624,0.020366914570331573,0.022426927462220192,0.23029384016990662,0.622434675693512
3620,-14.1398,-22.2832,-36.423,-18.8594,-20.5703,0.0,0.0,0.2662721872329712,0.10788381844758987,0.10559283941984177,0.003909813705831766,0.103050597012043,0.019706156104803085,0.01873445324599743,0.26061099767684937,0.5964707732200623
3625,-15.1352,-21.9168,-37.052,-19.1562,-20.4219,0.0,0.0,0.3282051384449005,0.1538461595773697,0.08635794371366501,0.0037315678782761097,0.0993303582072258,0.015158582478761673,0.01717972569167614,0.21738961338996887,0.6457944512367249
3630,-16.0559,-21.5414,-37.5973,-19.4531,-20.2734,0.0,0.0,0.3207547068595886,0.12396693974733353,0.08839049935340881,0.0030318342614918947,0.096726194024086,0.012360074557363987,0.014109142124652863,0.17677238583564758,0.6922807693481445
3635,-15.3652,-21.7965,-37.1617,-19.4844,-20.2578,0.0,0.0,0.21243523061275482,0.06378132104873657,0.09526482969522476,0.00711237546056509,0.1034226194024086,0.015003109350800514,0.017063122242689133,0.207672581076622,0.6557835936546326
3640,-14.7063,-22.0539,-36.7602,-18.9219,-20.5391,0.0,0.0,0.21510297060012817,0.10743801295757294,0.08992273360490799,0.007296083960682154,0.1227678582072258,0.01698538474738598,0.018812188878655434,0.23643501102924347,0.6232898235321045
3645,-15.3215,-21.7234,-37.0449,-19.2656,-20.3672,0.0,0.0,0.1875,0.12328767031431198,0.10707669705152512,0.0062338910065591335,0.1302083283662796,0.017412934452295303,0.019861629232764244,0.2098103165626526,0.6484375
3650,-15.7723,-21.4137,-37.1859,-19.3594,-20.3203,0.0,0.0,0.2339622676372528,0.1111111119389534,0.13261723518371582,0.009248419664800167,0.1242559552192688,0.020600125193595886,0.02273787371814251,0.1881607621908188,0.6640236377716064
3655,-14.125,-21.9027,-36.0277,-18.0312,-20.9844,0.0,0.0,0.27137547731399536,0.14778324961662292,0.13701461255550385,0.016247952356934547,0.1447172611951828,0.031366605311632156,0.03156094625592232,0.2632540464401245,0.5693408250808716
3660,-14.9402,-21.4195,-36.3598,-18.8281,-20.5859,0.0,0.0,0.33013206720352173,0.16629213094711304,0.1655549854040146,0.013703943230211735,0.15625,0.032377175986766815,0.03459266200661659,0.22726212441921234,0.6012904047966003
3665,-14.5848,-21.5879,-36.1727,-18.2031,-20.8984,0.0,0.0,0.3333333432674408,0.1871345043182373,0.1648000031709671,0.01338457502424717,0.1361607164144516,0.03276585787534714,0.033232275396585464,0.2429260015487671,0.58659827709198
3670,-14.7563,-21.9902,-36.7465,-19.25,-20.375,0.0,0.0,0.23880596458911896,0.11976047605276108,0.10695364326238632,0.007298814598470926,0.1008184552192688,0.01822916604578495,0.019472947344183922,0.23476368188858032,0.6230565905570984
3675,-15.0383,-22.0133,-37.0516,-18.9375,-20.5312,0.0,0.0,0.1461988240480423,0.050397876650094986,0.08871391415596008,0.004998193588107824,0.0993303582072258,0.013292910531163216,0.014653296209871769,0.22213153541088104,0.6454446315765381
3680,-15.8117,-21.6793,-37.491,-19.5391,-20.2188,0.0,0.0,0.18215613067150116,0.07356948405504227,0.07709703594446182,0.007981755770742893,0.0911458358168602,0.010455534793436527,0.014264614321291447,0.1890547275543213,0.6817474961280823
3685,-15.1473,-22.0063,-37.1535,-19.1094,-20.4453,0.0,0.0,0.1229235902428627,0.05337078496813774,0.07462155073881149,0.006083015352487564,0.0997023805975914,0.011699316091835499,0.013837064616382122,0.21824471652507782,0.6517412662506104
3690,-15.5422,-21.8105,-37.3527,-19.3594,-20.3203,0.0,0.0,0.15570934116840363,0.06666667014360428,0.09548813849687576,0.004811873193830252,0.0740327388048172,0.011232897639274597,0.01399253774434328,0.199860081076622,0.6704368591308594
3695,-14.4801,-21.8863,-36.3664,-18.5938,-20.7031,0.0,0.0,0.1764705926179886,0.09401709586381912,0.1392444521188736,0.014751958660781384,0.1216517835855484,0.02378731407225132,0.027285447344183922,0.24898943305015564,0.5954601764678955
3700,-14.3793,-21.9906,-36.3699,-19.0,-20.5,0.0,0.0,0.18852458894252777,0.12055641412734985,0.13839009404182434,0.011812307871878147,0.0963541641831398,0.023709576576948166,0.0251476988196373,0.25108832120895386,0.595576822757721
3705,-14.5848,-21.6629,-36.2477,-18.5156,-20.7422,0.0,0.0,0.23719675838947296,0.14827995002269745,0.1717187762260437,0.015111521817743778,0.1112351194024086,0.02884017489850521,0.03276585787534714,0.24490827322006226,0.589008092880249
3710,-13.3504,-22.1195,-35.4699,-17.8594,-21.0703,0.0,0.0,0.28008997440338135,0.16258351504802704,0.16299673914909363,0.017307408154010773,0.1130952388048172,0.03455379232764244,0.03490360826253891,0.29831311106681824,0.5277518630027771
3715,-14.1418,-21.5527,-35.6945,-18.6094,-20.6953,0.0,0.0,0.26499032974243164,0.15789473056793213,0.2040242701768875,0.017955217510461807,0.150297611951828,0.040189675986766815,0.04061722755432129,0.2627098858356476,0.5520055890083313
3720,-14.8723,-21.7125,-36.5848,-19.0,-20.5,0.0,0.0,0.2572898864746094,0.12482663244009018,0.14814189076423645,0.011823469772934914,0.103050597012043,0.022660136222839355,0.028023943305015564,0.23009949922561646,0.6147388219833374
3725,-14.3988,-21.4934,-35.8922,-18.4844,-20.7578,0.0,0.0,0.22341568768024445,0.1468254029750824,0.2027692347764969,0.016642695292830467,0.1644345223903656,0.036186255514621735,0.039179105311632156,0.25264304876327515,0.5675140023231506
3730,-14.2984,-20.6922,-34.9906,-17.3516,-21.2188,0.0,0.0,0.3657911717891693,0.21121177077293396,0.28368476033210754,0.026024872437119484,0.2351190447807312,0.060673195868730545,0.06864117085933685,0.2599113881587982,0.5062966346740723
3735,-14.5629,-20.1914,-34.7543,-17.7969,-20.8906,0.0,0.0,0.4016110599040985,0.24222432076931,0.31950655579566956,0.03859787434339523,0.248139888048172,0.06755285710096359,0.08247823268175125,0.25206002593040466,0.4934312701225281
3740,-13.6875,-21.2437,-34.9313,-17.25,-21.2109,0.0,0.0,0.34598854184150696,0.20083682239055634,0.2344491183757782,0.029381966218352318,0.1912202388048172,0.054259948432445526,0.05573694035410881,0.2868081331253052,0.498717337846756
3745,-13.9785,-21.0895,-35.068,-17.8047,-21.0625,0.0,0.0,0.4449152648448944,0.22302158176898956,0.24662840366363525,0.020038094371557236,0.168898805975914,0.05503731220960617,0.059429414570331573,0.2709110677242279,0.5101445913314819
3750,-13.4898,-20.9289,-34.4188,-16.8516,-21.5391,0.0,0.0,0.44612884521484375,0.23864959180355072,0.2724110186100006,0.023664694279432297,0.2023809552192688,0.07178948819637299,0.06677550077438354,0.29050061106681824,0.4664567708969116
3755,-13.1297,-20.6613,-33.791,-16.3125,-21.7266,0.0,0.0,0.49673202633857727,0.32576122879981995,0.277474969625473,0.0341864712536335,0.2087053507566452,0.0832555964589119,0.08041822165250778,0.3066309094429016,0.4252176582813263
3760,-15.1809,-18.1117,-33.2926,-15.4844,-21.2266,0.0,0.0,0.6096592545509338,0.41036534309387207,0.43032577633857727,0.0709780678153038,0.3325892984867096,0.11749844253063202,0.13724346458911896,0.22788402438163757,0.41289645433425903
3765,-13.1277,-19.0773,-32.2051,-13.9688,-22.3828,0.0,0.0,0.5967286825180054,0.3529411852359772,0.37423235177993774,0.06352747976779938,0.3232886791229248,0.13782648742198944,0.12290111929178238,0.3037935197353363,0.33100125193595886
3770,-14.4148,-16.9813,-31.3961,-12.6875,-20.6562,0.0,0.0,0.6617515683174133,0.4090287387371063,0.5110254287719727,0.10750032216310501,0.4274553656578064,0.17397387325763702,0.17047575116157532,0.25206002593040466,0.2990127503871918
3775,-13.3426,-16.673,-30.0156,-10.8125,-21.1719,0.0,0.0,0.7035859227180481,0.3890252113342285,0.5068340301513672,0.12015368789434433,0.534970223903656,0.22003264725208282,0.1742459535598755,0.27868470549583435,0.22255907952785492
3780,-12.318,-18.7023,-31.0203,-10.6953,-22.9531,0.0,0.0,0.6297047734260559,0.32476359605789185,0.38762640953063965,0.07469914853572845,0.4605654776096344,0.17245802283287048,0.13152985274791718,0.32668688893318176,0.26484763622283936
3785,-13.5457,-16.4484,-29.9941,-10.375,-21.0156,0.0,0.0,0.7185568809509277,0.419023722410202,0.47776782512664795,0.10742416977882385,0.6380208134651184,0.23270367085933685,0.17039801180362701,0.2604944109916687,0.2319263070821762
3790,-13.2812,-16.477,-29.7582,-10.1484,-20.4609,0.0,0.0,0.7264378666877747,0.32571032643318176,0.511152982711792,0.10910714417695999,0.6752232313156128,0.24125465750694275,0.16826026141643524,0.26834577322006226,0.21766169369220734
3795,-12.3152,-18.5918,-30.907,-9.1172,-22.7578,0.0,0.0,0.6148558855056763,0.20949402451515198,0.4087018668651581,0.0748484879732132,0.6127232313156128,0.1752953976392746,0.13673818111419678,0.32695895433425903,0.256529837846756
3800,-12.9637,-18.4563,-31.4199,-12.375,-21.1875,0.0,0.0,0.6171804070472717,0.1841176450252533,0.42293110489845276,0.059506531804800034,0.644345223903656,0.17148631811141968,0.1321517378091812,0.2973025441169739,0.2945817708969116
3805,-12.3633,-17.7422,-30.1055,-9.5391,-21.0703,0.0,0.0,0.6806943416595459,0.20446597039699554,0.4634239673614502,0.07948850840330124,0.6569940447807312,0.22166511416435242,0.14447294175624847,0.3044542968273163,0.2249300330877304
3810,-12.6418,-15.4613,-28.1031,-8.5938,-18.7891,0.0,0.0,0.8136056065559387,0.28997161984443665,0.558660089969635,0.13500383496284485,0.7168898582458496,0.3273864984512329,0.16433458030223846,0.251787930727005,0.1520133763551712
3815,-14.5426,-14.7816,-29.3242,-10.4531,-18.6328,0.0,0.0,0.801726758480072,0.33003953099250793,0.6024506688117981,0.1969575732946396,0.7578125,0.2566075921058655,0.21634016931056976,0.22838930785655975,0.1941853165626526
3820,-13.1883,-15.1547,-28.343,-8.5391,-19.7891,0.0,0.0,0.7873673439025879,0.36884912848472595,0.5469111204147339,0.18766404688358307,0.734002947807312,0.30398786067962646,0.1911536008119583,0.2522932291030884,0.14808768033981323
3825,-15.5055,-12.3543,-27.8598,-11.1406,-14.7969,0.0,0.0,0.9070516228675842,0.4472012221813202,0.7290121912956238,0.2696850299835205,0.805059552192688,0.3378809094429016,0.2569185197353363,0.1625077724456787,0.13821516931056976
3830,-15.4117,-12.018,-27.4297,-10.5312,-15.1484,0.0,0.0,0.9114975929260254,0.4744103252887726,0.7162547707557678,0.30427685379981995,0.8530505895614624,0.3509017527103424,0.26201024651527405,0.16355721652507782,0.11905317008495331
3835,-18.075,-11.373,-29.448,-15.1953,-15.2891,0.0,0.0,0.9292614459991455,0.5007123947143555,0.7262569665908813,0.33386901021003723,0.859747052192688,0.24945583939552307,0.32734763622283936,0.12523320317268372,0.19348569214344025
3840,-21.1473,-9.9055,-31.0527,-19.7422,-14.8438,0.0,0.0,0.942863404750824,0.583226203918457,0.8058186769485474,0.36975157260894775,0.906622052192688,0.17754974961280823,0.3929959535598755,0.05744713917374611,0.26752954721450806
3845,-21.6633,-8.9098,-30.573,-21.3438,-12.625,0.0,0.0,0.9394196271896362,0.6043062806129456,0.8175074458122253,0.5058844089508057,0.8973214030265808,0.18349657952785492,0.435051292181015,0.05239427834749222,0.22458022832870483
3850,-22.2656,-8.4258,-30.6914,-20.9531,-13.9453,0.0,0.0,0.949417233467102,0.6617846488952637,0.8147163391113281,0.4762478470802307,0.882440447807312,0.1667443960905075,0.45911070704460144,0.043843284249305725,0.2258239984512329
3855,-21.2316,-9.3184,-30.55,-20.7969,-13.9062,0.0,0.0,0.9285120368003845,0.6547462940216064,0.7535947561264038,0.38248005509376526,0.8895089030265808,0.18703357875347137,0.4151896834373474,0.059468284249305725,0.23383083939552307
3860,-22.3703,-7.9082,-30.2785,-22.6641,-11.5312,0.0,0.0,0.9429843425750732,0.7093388438224792,0.802383303642273,0.4730584919452667,0.905877947807312,0.18337997794151306,0.4703047275543213,0.039140235632658005,0.20269745588302612
3865,-17.2035,-12.468,-29.6715,-14.2344,-18.4062,0.0,0.0,0.8808846473693848,0.5676549673080444,0.5849647521972656,0.24125297367572784,0.7526041865348816,0.24603544175624847,0.2884017527103424,0.14890392124652863,0.21218128502368927
3870,-11.5617,-17.3074,-28.8691,-7.125,-23.5781,0.0,0.0,0.7578681707382202,0.41706037521362305,0.3889286518096924,0.14567120373249054,0.5100446343421936,0.2618159055709839,0.14808768033981323,0.32579290866851807,0.1598258763551712
3875,-11.7809,-19.3828,-31.1637,-11.0938,-23.5391,0.0,0.0,0.7002067565917969,0.33298826217651367,0.2827531695365906,0.06322337687015533,0.4594494104385376,0.1691931039094925,0.11263992637395859,0.345032662153244,0.26865673065185547
3880,-10.9297,-18.3711,-29.3008,-6.3438,-23.7109,0.0,0.0,0.7382075190544128,0.4401041567325592,0.31073811650276184,0.08819476515054703,0.5479910969734192,0.2307213991880417,0.13432836532592773,0.3612406849861145,0.16923196613788605
3885,-11.3891,-20.1254,-31.5145,-11.1797,-23.6016,0.0,0.0,0.7280312776565552,0.34297677874565125,0.2413354516029358,0.03737925365567207,0.3813244104385376,0.14905938506126404,0.10210665315389633,0.36672109365463257,0.27763524651527405
3890,-11.3363,-18.1391,-29.4754,-9.0234,-22.1484,0.0,0.0,0.8484207391738892,0.4617239236831665,0.259600967168808,0.07068649679422379,0.5044642686843872,0.23872824013233185,0.12896455824375153,0.33702582120895386,0.19080379605293274
3895,-11.807,-17.2434,-29.0504,-8.3516,-22.0391,0.0,0.0,0.8734408020973206,0.457437127828598,0.2882553040981293,0.06918112188577652,0.5710565447807312,0.2773243188858032,0.12830379605293274,0.2971859574317932,0.1927083283662796
3900,-10.2699,-16.7926,-27.0625,-4.7109,-21.7031,0.0,0.0,0.8716728091239929,0.3727448582649231,0.33901214599609375,0.11045365035533905,0.6123511791229248,0.3592195212841034,0.12064676731824875,0.3171253204345703,0.09853078424930573
3905,-11.2406,-17.1574,-28.398,-7.2969,-21.1484,0.0,0.0,0.9012086391448975,0.3752222955226898,0.30648353695869446,0.0908862054347992,0.554315447807312,0.29586443305015564,0.13114117085933685,0.3141324520111084,0.1543843299150467
3910,-11.8348,-14.7164,-26.5512,-7.6875,-16.9219,0.0,0.0,0.9254170060157776,0.4134078323841095,0.4123997986316681,0.1597859263420105,0.6901041865348816,0.4101368188858032,0.14610540866851807,0.23760105669498444,0.10167910158634186
3915,-13.4168,-12.0457,-25.4625,-9.75,-13.1719,0.0,0.0,0.9534141421318054,0.5440207719802856,0.5934361815452576,0.2370242178440094,0.7875744104385376,0.47473570704460144,0.19469061493873596,0.1586986929178238,0.06739738583564758
3920,-12.7047,-14.7133,-27.418,-8.1797,-19.5938,0.0,0.0,0.9303959012031555,0.487885981798172,0.396566241979599,0.1434297114610672,0.640997052192688,0.36520522832870483,0.16363495588302612,0.23091574013233185,0.13576647639274597
3925,-14.5383,-12.6387,-27.177,-10.0078,-15.1406,0.0,0.0,0.9499207735061646,0.5849782824516296,0.5336161255836487,0.20957668125629425,0.648809552192688,0.36788713932037354,0.23235385119915009,0.1832633763551712,0.11201803386211395
3930,-15.0676,-12.7742,-27.8418,-10.3125,-16.0547,0.0,0.0,0.9385427832603455,0.5938461422920227,0.5119754076004028,0.22954271733760834,0.6421130895614624,0.3238106369972229,0.25264304876327515,0.1898709535598755,0.12919776141643524
3935,-14.6867,-11.9844,-26.6711,-10.6484,-14.0234,0.0,0.0,0.9469320178031921,0.6055122017860413,0.5588235259056091,0.2658982574939728,0.7232142686843872,0.3984375,0.23410291969776154,0.1651896834373474,0.09779229015111923
3940,-15.632,-11.282,-26.9141,-12.0703,-13.2188,0.0,0.0,0.9506712555885315,0.6107810735702515,0.6320393681526184,0.31634578108787537,0.7522321343421936,0.3821517527103424,0.2682291567325592,0.1421797275543213,0.10296175628900528
3945,-12.0586,-15.8426,-27.9012,-7.9453,-18.7734,0.0,0.0,0.8961383104324341,0.39125800132751465,0.4326837956905365,0.13154467940330505,0.4918154776096344,0.3371812701225281,0.1458333283662796,0.26329290866851807,0.14921486377716064
3950,-11.8449,-16.925,-28.7699,-8.7344,-19.7266,0.0,0.0,0.8778817057609558,0.35549482703208923,0.3845423758029938,0.08953975141048431,0.4598214328289032,0.29504820704460144,0.12803171575069427,0.28665268421173096,0.1857897937297821
3955,-8.9742,-19.7203,-28.6945,-3.0625,-26.2422,0.0,0.0,0.8174339532852173,0.2632661461830139,0.26827704906463623,0.06430485099554062,0.3939732015132904,0.2456856369972229,0.09448849409818649,0.4247901141643524,0.13055814802646637
3960,-9.8836,-17.523,-27.4066,-5.0781,-20.9688,0.0,0.0,0.8566116690635681,0.3195514976978302,0.3474225699901581,0.08039438724517822,0.515252947807312,0.33449938893318176,0.11092972755432129,0.34759795665740967,0.10249533504247665
3965,-10.0652,-16.5715,-26.6367,-5.4766,-20.5938,0.0,0.0,0.8853579759597778,0.38722342252731323,0.3527871370315552,0.10989011079072952,0.5539434552192688,0.38650497794151306,0.10890857875347137,0.3116837739944458,0.08842506259679794
3970,-9.7789,-17.1148,-26.8937,-4.1094,-23.2344,0.0,0.0,0.8977055549621582,0.3576158881187439,0.30609142780303955,0.09596602618694305,0.5606398582458496,0.365904837846756,0.10564365983009338,0.3324393630027771,0.09153451770544052
3975,-8.5156,-19.7434,-28.259,-2.3047,-27.3594,0.0,0.0,0.8690138459205627,0.3006843328475952,0.22080831229686737,0.0658450722694397,0.441592276096344,0.26053327322006226,0.09087375551462173,0.43372979760169983,0.11038557440042496
3980,-10.0238,-19.6344,-29.6582,-5.9141,-26.4688,0.0,0.0,0.8643946051597595,0.31367188692092896,0.23143282532691956,0.046680498868227005,0.4032738208770752,0.21668998897075653,0.09950248897075653,0.39198538661003113,0.1873445212841034
3985,-10.643,-20.5594,-31.2023,-8.7656,-25.1016,0.0,0.0,0.8358633518218994,0.23607037961483002,0.21000409126281738,0.030419880524277687,0.3292410671710968,0.16386815905570984,0.07952425628900528,0.3799751102924347,0.272154837846756
3990,-8.7367,-20.5387,-29.2754,-5.1641,-26.6562,0.0,0.0,0.8733158707618713,0.30229535698890686,0.19801045954227448,0.03811057284474373,0.3735119104385376,0.20771144330501556,0.08974657952785492,0.45324161648750305,0.14482276141643524
3995,-8.6461,-20.8383,-29.4844,-4.3672,-27.3359,0.0,0.0,0.8878787755966187,0.2891113758087158,0.18555323779582977,0.03792361542582512,0.347842276096344,0.19239738583564758,0.09316697716712952,0.46544620394706726,0.14451181888580322
4000,-8.6996,-21.2059,-29.9055,-5.0,-27.3828,0.0,0.0,0.893597424030304,0.3064858019351959,0.16962379217147827,0.042256902903318405,0.3232886791229248,0.16876554489135742,0.09168998897075653,0.47318097949028015,0.16188588738441467
4005,-8.8879,-20.1133,-29.0012,-3.5781,-27.7656,0.0,0.0,0.9050061702728271,0.37151703238487244,0.19494648277759552,0.052276063710451126,0.3500744104385376,0.2197217047214508,0.10043532401323318,0.4430192708969116,0.13234607875347137
4010,-10.3742,-16.9859,-27.3602,-4.5938,-24.1406,0.0,0.0,0.9368847608566284,0.4456721842288971,0.28190991282463074,0.07052993029356003,0.5044642686843872,0.3356265425682068,0.1266324669122696,0.3313121795654297,0.10195118188858032
4015,-9.6086,-17.9488,-27.5574,-2.0859,-27.3281,0.0,0.0,0.9307386875152588,0.4583720266819,0.22152933478355408,0.09972923994064331,0.5048363208770752,0.30359917879104614,0.12558302283287048,0.3802083432674408,0.08613184094429016
4020,-12.0051,-14.3922,-26.3973,-6.3125,-18.9922,0.0,0.0,0.9558795094490051,0.5256853103637695,0.38974279165267944,0.12297097593545914,0.6205357313156128,0.39995336532592773,0.16872668266296387,0.24782338738441467,0.0790189653635025
4025,-12.7711,-13.3043,-26.0754,-7.0547,-17.5078,0.0,0.0,0.9506296515464783,0.5401521325111389,0.4927699565887451,0.16148148477077484,0.6696428656578064,0.42591729760169983,0.1839241236448288,0.20697294175624847,0.07870802283287048
4030,-12.9289,-13.291,-26.2199,-7.1797,-17.4922,0.0,0.0,0.944777250289917,0.5456189513206482,0.49312013387680054,0.16183815896511078,0.6796875,0.4152674078941345,0.19340795278549194,0.20903295278549194,0.07781405746936798
4035,-13.1613,-12.4477,-25.609,-8.5781,-14.6953,0.0,0.0,0.9559453129768372,0.5793699622154236,0.5565590262413025,0.18236254155635834,0.687127947807312,0.4631918668746948,0.18878264725208282,0.17214708030223846,0.07140080630779266
4040,-13.4957,-12.284,-25.7797,-9.3594,-13.7188,0.0,0.0,0.9544872045516968,0.5765536427497864,0.582528829574585,0.17920242249965668,0.7064732313156128,0.45518502593040466,0.19826647639274597,0.16507306694984436,0.07699782401323318
4045,-14.0902,-11.7957,-25.8859,-10.0234,-13.3984,0.0,0.0,0.9532660841941833,0.5925729274749756,0.6218342781066895,0.21745948493480682,0.745907723903656,0.4432913661003113,0.2197994440793991,0.15807680785655975,0.07435479015111923
4050,-13.684,-12.0023,-25.6863,-9.2969,-15.6484,0.0,0.0,0.9503437876701355,0.5678126215934753,0.6221042275428772,0.2493135631084442,0.719122052192688,0.45790576934814453,0.20576803386211395,0.16106964647769928,0.07077892124652863
4055,-14.7516,-10.9582,-25.7098,-11.1875,-12.9453,0.0,0.0,0.9700092673301697,0.6189535856246948,0.6758308410644531,0.2556473910808563,0.7786458134651184,0.46008241176605225,0.2362406700849533,0.1286536008119583,0.07054571062326431
4060,-14.6988,-11.3742,-26.073,-10.7656,-12.8516,0.0,0.0,0.9570260047912598,0.5849178433418274,0.7000266313552856,0.23080860078334808,0.750372052192688,0.43233054876327515,0.2412157952785492,0.14602766931056976,0.07594837993383408
4065,-15.6645,-10.3746,-26.0391,-12.1641,-13.2656,0.0,0.0,0.9649138450622559,0.655339777469635,0.7377990484237671,0.2590959072113037,0.8125,0.4309312701225281,0.2722325921058655,0.12185168266296387,0.07050684094429016
4070,-15.0898,-10.7082,-25.798,-12.0156,-12.6953,0.0,0.0,0.9602807760238647,0.6265136003494263,0.7405266761779785,0.24031829833984375,0.824032723903656,0.45405784249305725,0.2471626251935959,0.12103544920682907,0.07326647639274597
4075,-17.7336,-9.2293,-26.9629,-16.0859,-10.7422,0.0,0.0,0.9768498539924622,0.6917701959609985,0.7975819110870361,0.3637184202671051,0.8653273582458496,0.3592972755432129,0.3504353165626526,0.09965796023607254,0.08613184094429016
4080,-16.9059,-9.7375,-26.6434,-15.3672,-11.3594,0.0,0.0,0.9735308885574341,0.6701223850250244,0.7738865613937378,0.348816841840744,0.8303571343421936,0.3935401141643524,0.3111784756183624,0.10210665315389633,0.08869714289903641
4085,-18.0301,-8.9656,-26.9957,-15.6562,-10.4297,0.0,0.0,0.9767791628837585,0.7033824920654297,0.8170415163040161,0.3919164538383484,0.8612351417541504,0.3615516126155853,0.35851991176605225,0.08986318111419678,0.08558768779039383
4090,-17.252,-9.4508,-26.7027,-15.2656,-10.2266,0.0,0.0,0.9715244770050049,0.6839683651924133,0.7903162837028503,0.34578147530555725,0.875,0.38219061493873596,0.32948538661003113,0.09954135864973068,0.084305040538311
4095,-14.1773,-11.7012,-25.8785,-10.75,-13.4219,0.0,0.0,0.9433170557022095,0.5374186635017395,0.6953482031822205,0.2592417001724243,0.7950148582458496,0.4539412260055542,0.21501865983009338,0.14455068111419678,0.08201181888580322
4100,-12.8148,-12.591,-25.4059,-9.1719,-14.0938,0.0,0.0,0.9337406754493713,0.456164687871933,0.6533430218696594,0.20432813465595245,0.7671130895614624,0.4898165464401245,0.16802705824375153,0.16044776141643524,0.0772310346364975
4105,-12.3461,-15.2418,-27.5879,-8.3828,-17.4062,0.0,0.0,0.8784623742103577,0.3120722770690918,0.539973795413971,0.13305173814296722,0.5576636791229248,0.3690531849861145,0.14198538661003113,0.23725123703479767,0.14723259210586548
4110,-14.434,-11.4504,-25.8844,-11.1328,-12.3281,0.0,0.0,0.9434237480163574,0.563788890838623,0.7144854664802551,0.24976122379302979,0.8095238208770752,0.4527363181114197,0.2224036008119583,0.1389925330877304,0.08138992637395859
4115,-16.8875,-9.725,-26.6125,-14.4688,-12.0781,0.0,0.0,0.9563261866569519,0.6782214641571045,0.7951413989067078,0.3598484992980957,0.8411458134651184,0.3889147937297821,0.3173196613788605,0.10719837993383408,0.08208955079317093
4120,-18.4207,-8.9297,-27.3504,-15.7969,-11.0156,0.0,0.0,0.965597927570343,0.7106215953826904,0.8510460257530212,0.41601642966270447,0.8180803656578064,0.33216729760169983,0.3758162260055542,0.09289489686489105,0.0946439653635025
4125,-19.5742,-8.4496,-28.0238,-18.1094,-10.9609,0.0,0.0,0.9704258441925049,0.7172755002975464,0.8280060887336731,0.42488980293273926,0.8913690447807312,0.29570895433425903,0.40858209133148193,0.07660914212465286,0.11462219804525375
4130,-20.241,-8.3371,-28.5781,-18.1562,-10.75,0.0,0.0,0.9641684293746948,0.7234483361244202,0.850050687789917,0.43281298875808716,0.835565447807312,0.2603389322757721,0.431475430727005,0.07672574371099472,0.12698227167129517
4135,-24.2109,-5.0801,-29.291,-25.8984,-6.0234,0.0,0.0,0.989044725894928,0.8374736905097961,0.9600886702537537,0.6301174759864807,0.9441964030265808,0.17739428579807281,0.5914179086685181,0.01752953976392746,0.10918065905570984
4140,-25.3871,-3.8609,-29.248,-27.7422,-3.9766,0.0,0.0,0.9943791627883911,0.8780633211135864,0.9570815563201904,0.7964184880256653,0.9464285969734192,0.15212997794151306,0.6518579125404358,0.009056281298398972,0.08247823268175125
4145,-25.8891,-3.777,-29.666,-27.6172,-4.5547,0.0,0.0,0.9914057850837708,0.8709113001823425,0.9776536226272583,0.7756932973861694,0.9471726417541504,0.1266324669122696,0.666627824306488,0.006957400590181351,0.09530472755432129
4150,-23.3824,-6.2086,-29.591,-24.2109,-7.9922,0.0,0.0,0.9874485731124878,0.7825014591217041,0.9272727370262146,0.5855974555015564,0.8976934552192688,0.18889924883842468,0.5357587337493896,0.023515235632658005,0.14734919369220734
4155,-26.552,-2.5145,-29.0664,-28.9531,-1.7891,0.0,0.0,0.9895191192626953,0.9402574896812439,0.9830508232116699,0.8771300315856934,0.9750744104385376,0.12608830630779266,0.7215096354484558,0.004586442839354277,0.043337997049093246
4160,-26.6984,-2.0586,-28.757,-29.3438,-0.9141,0.0,0.0,0.9935691356658936,0.9703137278556824,0.9764705896377563,0.8875219821929932,0.9832589030265808,0.1329679787158966,0.7371346354484558,0.003303793491795659,0.022115983068943024
4165,-26.7211,-2.0508,-28.7719,-29.4141,-0.9375,0.0,0.0,0.9847806692123413,0.9703516960144043,0.9833333492279053,0.9633699655532837,0.9758184552192688,0.13024720549583435,0.7393890023231506,0.004664178937673569,0.021222015842795372
4170,-26.5277,-2.3543,-28.882,-29.7031,-0.4297,0.0,0.0,0.9797766208648682,0.9600276947021484,0.9764150977134705,0.8514443039894104,0.9538690447807312,0.12877021729946136,0.7302549481391907,0.008240049704909325,0.028257152065634727
4175,-25.1285,-3.3281,-28.4566,-29.1719,-0.7656,0.0,0.0,0.9797327518463135,0.9415577054023743,0.9642105102539062,0.7127771973609924,0.9471726417541504,0.17451803386211395,0.665733814239502,0.018462374806404114,0.03680814802646637
4180,-25.3973,-3.1867,-28.584,-29.2422,-1.1641,0.0,0.0,0.9820429086685181,0.9397534728050232,0.9566395878791809,0.7610186338424683,0.9523809552192688,0.1666666716337204,0.6748290061950684,0.014342350885272026,0.03968438878655434
4185,-25.5434,-3.0621,-28.6055,-29.1562,-1.1016,0.0,0.0,0.9860750436782837,0.9394993185997009,0.9766666889190674,0.783643901348114,0.9676339030265808,0.16468438506126404,0.6816309094429016,0.011660447344183922,0.03754664212465286
4190,-25.8316,-2.6965,-28.5281,-29.3984,-0.9922,0.0,0.0,0.9905637502670288,0.9559355974197388,0.9856459498405457,0.8567603826522827,0.9609375,0.1606421023607254,0.697722315788269,0.008123445324599743,0.029034515842795372
4195,-26.5863,-2.168,-28.7543,-29.2031,-1.3359,0.0,0.0,0.9939042329788208,0.9661160707473755,0.9852941036224365,0.8476357460021973,0.9862351417541504,0.13390080630779266,0.7341417670249939,0.0052860695868730545,0.02219371870160103
4200,-25.7918,-2.7457,-28.5375,-29.4844,-0.6328,0.0,0.0,0.9795767664909363,0.9556979537010193,0.9636963605880737,0.7925823926925659,0.9795386791229248,0.1579602062702179,0.6974891424179077,0.011777052655816078,0.02829601988196373
4205,-25.0418,-3.2496,-28.2914,-29.4766,-0.5312,0.0,0.0,0.9812726378440857,0.9495091438293457,0.9479905366897583,0.7121587991714478,0.9594494104385376,0.18264147639274597,0.6651119589805603,0.016441231593489647,0.031327735632658005
4210,-25.0258,-3.3473,-28.373,-29.4844,-0.4219,0.0,0.0,0.9726477265357971,0.9501489996910095,0.9281437397003174,0.6445221304893494,0.9445684552192688,0.17762748897075653,0.6650730967521667,0.019472947344183922,0.03334888070821762
4215,-25.5207,-2.8637,-28.3844,-29.8594,-0.0703,0.0,0.0,0.9752236604690552,0.9589141607284546,0.9619883298873901,0.7193548679351807,0.984375,0.1694263070821762,0.6887049078941345,0.013292910531163216,0.024098258465528488
4220,-24.9113,-3.4578,-28.3691,-29.6094,-0.4062,0.0,0.0,0.9833723902702332,0.939519464969635,0.9189189076423645,0.7224008440971375,0.941220223903656,0.18233053386211395,0.6567941308021545,0.02013370580971241,0.03626399114727974
4225,-25.2453,-3.1508,-28.3961,-29.4141,-0.7734,0.0,0.0,0.9776586294174194,0.9493707418441772,0.9258311986923218,0.7638072967529297,0.9579613208770752,0.17397387325763702,0.6732742786407471,0.015197450295090675,0.033076804131269455
4230,-25.7121,-2.7305,-28.4426,-29.375,-0.9453,0.0,0.0,0.9869791865348816,0.9589783549308777,0.9508196711540222,0.7880259156227112,0.9754464030265808,0.16417910158634186,0.6954679489135742,0.011854788288474083,0.024020522832870483
4235,-26.05,-2.4262,-28.4762,-29.4922,-0.7109,0.0,0.0,0.9898887872695923,0.9697151184082031,0.9699570536613464,0.7516340017318726,0.980654776096344,0.15376244485378265,0.7148631811141968,0.009056281298398972,0.017840484157204628
4240,-26.1566,-2.309,-28.4656,-29.6328,-0.2656,0.0,0.0,0.9874776601791382,0.9750716686248779,0.9865471124649048,0.7469586133956909,0.9836309552192688,0.1520911008119583,0.7187888622283936,0.00866759940981865,0.01597481407225132
4245,-26.2668,-2.3219,-28.5887,-29.8047,-0.1797,0.0,0.0,0.9897739291191101,0.9726867079734802,0.9588015079498291,0.7576419115066528,0.9594494104385376,0.14443407952785492,0.7229089140892029,0.010377798229455948,0.017801616340875626
4250,-25.7859,-2.5383,-28.3242,-29.6719,-0.3516,0.0,0.0,0.9876254796981812,0.9722253084182739,0.9420289993286133,0.7371007204055786,0.9784226417541504,0.16647233068943024,0.7025030851364136,0.010727612301707268,0.01581934094429016
4255,-25.2965,-2.977,-28.2734,-29.6875,-0.25,0.0,0.0,0.9799647927284241,0.9621554017066956,0.95110023021698,0.6929824352264404,0.9561011791229248,0.17653918266296387,0.6809312701225281,0.015897076576948166,0.022154850885272026
4260,-24.7816,-3.3633,-28.1449,-29.7344,-0.1328,0.0,0.0,0.9795007109642029,0.9582322835922241,0.8806818127632141,0.5659824013710022,0.9549851417541504,0.19150342047214508,0.6569885015487671,0.020522387698292732,0.026508085429668427
4265,-23.668,-3.9852,-27.6531,-29.5625,-0.3125,0.0,0.0,0.9722497463226318,0.9548411965370178,0.8806907534599304,0.5141579508781433,0.9553571343421936,0.23530784249305725,0.609375,0.024759016931056976,0.026080535724759102
4270,-24.0469,-4.0641,-28.1109,-29.6562,-0.1719,0.0,0.0,0.9662792682647705,0.9492897987365723,0.8639798760414124,0.4783068895339966,0.9017857313156128,0.2040189653635025,0.6239116787910461,0.030861318111419678,0.036730408668518066
4275,-24.8895,-3.1945,-28.084,-29.7109,-0.1797,0.0,0.0,0.9816309809684753,0.9648650288581848,0.887417197227478,0.5323740839958191,0.9668898582458496,0.1925528645515442,0.6637515425682068,0.017607275396585464,0.021610695868730545
4280,-25.0,-3.1633,-28.1633,-29.7344,-0.1328,0.0,0.0,0.9803798794746399,0.9609302282333374,0.9170212745666504,0.5872193574905396,0.9672619104385376,0.18621735274791718,0.6685323119163513,0.018268035724759102,0.022504664957523346
4285,-24.9391,-3.0543,-27.9934,-29.6719,-0.2578,0.0,0.0,0.9812215566635132,0.9698787927627563,0.9008042812347412,0.5675675868988037,0.980282723903656,0.19663402438163757,0.667133092880249,0.01449782308191061,0.017257463186979294
4290,-25.1523,-3.052,-28.2043,-29.7969,-0.1016,0.0,0.0,0.9797268509864807,0.9656323790550232,0.8724831938743591,0.5447761416435242,0.9706101417541504,0.1821361929178238,0.6751787662506104,0.0173740666359663,0.02083333395421505
4295,-24.3934,-3.6676,-28.0609,-29.5781,-0.2812,0.0,0.0,0.9675499200820923,0.9577618837356567,0.8444444537162781,0.4861878454685211,0.9479166865348816,0.20242537558078766,0.6404695510864258,0.02448694035410881,0.02814054675400257
4300,-24.123,-3.7441,-27.8672,-29.5938,-0.2031,0.0,0.0,0.9844512939453125,0.9567874670028687,0.8304821252822876,0.41229385137557983,0.9672619104385376,0.21497978270053864,0.6296253204345703,0.02499222569167614,0.025925062596797943
4305,-24.1453,-3.6223,-27.7676,-29.5938,-0.2969,0.0,0.0,0.9857544898986816,0.96076500415802,0.8448275923728943,0.49912434816360474,0.9627976417541504,0.22100435197353363,0.6320351362228394,0.02028917893767357,0.02219371870160103
4310,-24.6961,-3.2883,-27.9844,-29.4844,-0.3516,0.0,0.0,0.9887879490852356,0.962670624256134,0.8649789094924927,0.5322283506393433,0.9698660969734192,0.20106498897075653,0.6549285054206848,0.01842350699007511,0.021105410531163216
4315,-25.4742,-2.7398,-28.2141,-29.7969,-0.1719,0.0,0.0,0.9838638305664062,0.9741743206977844,0.8515406250953674,0.5362694263458252,0.9813988208770752,0.17583955824375153,0.6908037662506104,0.013875932432711124,0.015003109350800514
4320,-24.8746,-3.2195,-28.0941,-29.7031,-0.1484,0.0,0.0,0.9828501343727112,0.9636938571929932,0.8722985982894897,0.5629496574401855,0.9594494104385376,0.19037623703479767,0.6637515425682068,0.01978389360010624,0.021610695868730545
4325,-24.3461,-3.6121,-27.9582,-29.4219,-0.2891,0.0,0.0,0.9818792939186096,0.96244215965271,0.8229342103004456,0.3888888955116272,0.9575892686843872,0.20806126296520233,0.6385261416435242,0.023048818111419678,0.02588619478046894
4330,-23.9875,-3.748,-27.7355,-29.3906,-0.3984,0.0,0.0,0.9808562397956848,0.9626545906066895,0.8233387470245361,0.4109589159488678,0.9620535969734192,0.22333644330501556,0.625505268573761,0.02398165501654148,0.022699005901813507
4335,-25.4871,-2.7223,-28.2094,-29.6875,-0.1562,0.0,0.0,0.9868015646934509,0.9735685586929321,0.9075630307197571,0.5623409748077393,0.9773065447807312,0.17669464647769928,0.6896766424179077,0.013875932432711124,0.015275186859071255
4340,-25.2418,-3.0746,-28.3164,-29.8438,-0.0781,0.0,0.0,0.9768122434616089,0.9640144109725952,0.8627087473869324,0.46557971835136414,0.968377947807312,0.17265236377716064,0.6804648637771606,0.020949937403202057,0.021455224603414536
4345,-24.7961,-3.1867,-27.9828,-29.6406,-0.1797,0.0,0.0,0.9842043519020081,0.9708377718925476,0.8175824284553528,0.43478259444236755,0.9754464030265808,0.19931592047214508,0.6597481369972229,0.01768501289188862,0.01877332106232643
4350,-24.6074,-3.3848,-27.9922,-29.6719,-0.1641,0.0,0.0,0.9841300845146179,0.9690917730331421,0.8339040875434875,0.33143940567970276,0.9538690447807312,0.19838307797908783,0.6539179086685181,0.022699005901813507,0.020522387698292732
4355,-24.3883,-3.3402,-27.7285,-29.4531,-0.3672,0.0,0.0,0.9861579537391663,0.9740503430366516,0.8926014304161072,0.35242289304733276,0.9754464030265808,0.21902208030223846,0.6425684094429016,0.016285758465528488,0.017646145075559616
4360,-24.8887,-3.3742,-28.2629,-29.5,-0.25,0.0,0.0,0.9801409244537354,0.9604930877685547,0.8489665985107422,0.3896103799343109,0.9579613208770752,0.18201959133148193,0.6621190905570984,0.024448072537779808,0.02693563513457775
4365,-24.4898,-3.5824,-28.0723,-29.6562,-0.1719,0.0,0.0,0.9782909154891968,0.965059757232666,0.7948328256607056,0.31610941886901855,0.9497767686843872,0.1969449669122696,0.6474269032478333,0.025575248524546623,0.025575248524546623
4370,-22.9496,-4.7902,-27.7398,-29.375,-0.3125,0.0,0.0,0.9694828391075134,0.9454925060272217,0.7439271211624146,0.2520325183868408,0.9363839030265808,0.24199315905570984,0.5768812298774719,0.03840174153447151,0.0382462702691555
4375,-22.6492,-5.0816,-27.7309,-29.2188,-0.3906,0.0,0.0,0.9754176139831543,0.9457439184188843,0.7100802659988403,0.19412288069725037,0.914434552192688,0.2466573417186737,0.5616449117660522,0.04357120767235756,0.043648943305015564
4380,-22.7793,-5.5469,-28.3262,-29.3438,-0.3281,0.0,0.0,0.953825831413269,0.939035177230835,0.5774278044700623,0.196298748254776,0.886904776096344,0.20623445510864258,0.5712453126907349,0.05923507362604141,0.05880752578377724
4385,-23.634,-3.9887,-27.6227,-29.1875,-0.4062,0.0,0.0,0.9812992215156555,0.9661060571670532,0.7550076842308044,0.23708206415176392,0.9739583134651184,0.23694029450416565,0.6077814102172852,0.025225434452295303,0.025575248524546623
4390,-24.5496,-3.484,-28.0336,-29.7969,-0.1016,0.0,0.0,0.9806324243545532,0.9661340117454529,0.7483870983123779,0.29931971430778503,0.9773065447807312,0.19667288661003113,0.6518967747688293,0.024098258465528488,0.022854477167129517
4395,-23.5742,-4.0953,-27.6695,-29.5,-0.25,0.0,0.0,0.9875950813293457,0.9641391038894653,0.7034013867378235,0.23546944558620453,0.9475446343421936,0.23499688506126404,0.6058768630027771,0.028568096458911896,0.026080535724759102
4400,-23.148,-4.6875,-27.8355,-29.5,-0.25,0.0,0.0,0.9705223441123962,0.954109787940979,0.661723792552948,0.20258620381355286,0.933779776096344,0.22547419369220734,0.5920398235321045,0.041938744485378265,0.03606965020298958
4405,-23.3102,-4.2273,-27.5375,-29.2656,-0.3672,0.0,0.0,0.9853128790855408,0.9585960507392883,0.7157622575759888,0.2706645131111145,0.9601934552192688,0.24347014725208282,0.59798663854599,0.030083954334259033,0.02398165501654148
4410,-22.618,-4.8395,-27.4574,-29.0156,-0.4922,0.0,0.0,0.9792481064796448,0.9545922875404358,0.6503567695617676,0.1690140813589096,0.9590773582458496,0.2584732472896576,0.5658037662506104,0.038129664957523346,0.03311567008495331
4415,-22.2598,-5.5312,-27.791,-29.125,-0.4375,0.0,0.0,0.9757872819900513,0.9474169015884399,0.6254681944847107,0.1317647099494934,0.8761160969734192,0.2456078976392746,0.5484685897827148,0.05188899114727974,0.049556903541088104
4420,-24.2773,-3.5926,-27.8699,-29.4844,-0.2578,0.0,0.0,0.9876587986946106,0.9649080038070679,0.7582608461380005,0.3177257478237152,0.9780505895614624,0.21416355669498444,0.6357665061950684,0.022349191829562187,0.02324315905570984
4425,-25.418,-2.6121,-28.0301,-29.7812,-0.1094,0.0,0.0,0.9931034445762634,0.9815618991851807,0.8142856955528259,0.5041666626930237,0.9936755895614624,0.18598413467407227,0.689326822757721,0.010883084498345852,0.009328357875347137
4430,-25.6602,-2.6199,-28.2801,-29.7969,-0.1016,0.0,0.0,0.9926080107688904,0.978358805179596,0.831932783126831,0.4274406433105469,0.9739583134651184,0.16826026141643524,0.6986551880836487,0.013875932432711124,0.014731032773852348
4435,-23.3797,-4.1199,-27.4996,-29.4375,-0.2812,0.0,0.0,0.9858707785606384,0.9648668169975281,0.7224669456481934,0.2812006175518036,0.9601934552192688,0.24483053386211395,0.5996190905570984,0.026469215750694275,0.024603545665740967
4440,-24.7852,-3.0187,-27.8039,-29.7031,-0.1484,0.0,0.0,0.993514895439148,0.9786420464515686,0.8702531456947327,0.30513596534729004,0.9877232313156128,0.20977145433425903,0.6606032252311707,0.012282337993383408,0.012865360826253891
4445,-25.4227,-2.7082,-28.1309,-29.7812,-0.1094,0.0,0.0,0.9937134385108948,0.9778666496276855,0.8808139562606812,0.3486238420009613,0.9851190447807312,0.17929881811141968,0.6901430487632751,0.013370647095143795,0.012709887698292732
4450,-26.0473,-2.2758,-28.323,-29.8125,-0.0938,0.0,0.0,0.9958717823028564,0.9829699397087097,0.917391300201416,0.4842519760131836,0.9888392686843872,0.16005907952785492,0.7166511416435242,0.00893967691808939,0.009872512891888618
4455,-24.8988,-3.034,-27.9328,-29.7031,-0.1484,0.0,0.0,0.9920511841773987,0.9734135866165161,0.8941798806190491,0.41794872283935547,0.976934552192688,0.20048196613788605,0.6651896834373474,0.014692164026200771,0.015158582478761673
4460,-25.2352,-2.7398,-27.975,-29.75,-0.125,0.0,0.0,0.9953497648239136,0.9800798892974854,0.9358108043670654,0.35971224308013916,0.984747052192688,0.19224192202091217,0.6809701323509216,0.011504975147545338,0.010805347934365273
4465,-25.6727,-2.5445,-28.2172,-29.875,-0.0625,0.0,0.0,0.9913400411605835,0.9798668622970581,0.8942307829856873,0.4000000059604645,0.9888392686843872,0.17055347561836243,0.7007929086685181,0.012126865796744823,0.012049129232764244
4470,-24.0328,-3.4617,-27.4945,-29.5156,-0.3359,0.0,0.0,0.992936909198761,0.9741102457046509,0.8914728760719299,0.317585289478302,0.980654776096344,0.23662935197353363,0.6290422677993774,0.015041977167129517,0.014808768406510353
4475,-25.1953,-2.775,-27.9703,-29.7031,-0.1484,0.0,0.0,0.9931146502494812,0.9807944893836975,0.8598726391792297,0.39590445160865784,0.9832589030265808,0.19193096458911896,0.6799984574317932,0.012204602360725403,0.011388370767235756
4480,-24.2352,-3.4109,-27.6461,-29.5781,-0.2109,0.0,0.0,0.995732307434082,0.9742192029953003,0.824999988079071,0.2597087323665619,0.972470223903656,0.2276896834373474,0.6347170472145081,0.017101990059018135,0.016013681888580322
4485,-23.9715,-3.7203,-27.6918,-29.6406,-0.1797,0.0,0.0,0.99147629737854,0.9641657471656799,0.8374999761581421,0.23148147761821747,0.972842276096344,0.22800062596797943,0.6247667670249939,0.021766168996691704,0.02098880521953106
4490,-24.757,-3.1336,-27.8906,-29.75,-0.125,0.0,0.0,0.9933345913887024,0.9741867184638977,0.8622328042984009,0.2549999952316284,0.9832589030265808,0.2040967047214508,0.6595149040222168,0.016363494098186493,0.01554726343601942
4495,-24.3375,-3.3785,-27.716,-29.4375,-0.2812,0.0,0.0,0.993626058101654,0.9724931716918945,0.8311966061592102,0.2386634796857834,0.9828869104385376,0.21952736377716064,0.6415189504623413,0.018190298229455948,0.016285758465528488
4500,-24.3586,-3.5109,-27.8695,-29.5625,-0.2188,0.0,0.0,0.9904604554176331,0.9699193239212036,0.7699443697929382,0.22994652390480042,0.972470223903656,0.21187034249305725,0.6408970952033997,0.020949937403202057,0.021805036813020706
4505,-24.0906,-3.666,-27.7566,-29.5156,-0.2891,0.0,0.0,0.9879434108734131,0.9647908806800842,0.8010380864143372,0.27272728085517883,0.9776785969734192,0.22244247794151306,0.62923663854599,0.022465795278549194,0.02137748710811138
4510,-23.6805,-4.075,-27.7555,-29.625,-0.1875,0.0,0.0,0.9836400747299194,0.9660283923149109,0.7264150977134705,0.18706047534942627,0.9438244104385376,0.22807836532592773,0.6109685897827148,0.02884017489850521,0.02763526141643524
4515,-23.2684,-4.5078,-27.7762,-29.3594,-0.3203,0.0,0.0,0.9847870469093323,0.9604213237762451,0.7005181312561035,0.1397479921579361,0.9203869104385376,0.22994403541088104,0.5941386818885803,0.03750777244567871,0.033931903541088104
4520,-21.773,-5.8367,-27.6098,-28.8516,-0.5859,0.0,0.0,0.9826266169548035,0.9393401145935059,0.5928016901016235,0.11424219608306885,0.902157723903656,0.2639925479888916,0.5254197716712952,0.05507618188858032,0.05103389173746109
4525,-22.9051,-4.6367,-27.5418,-29.2578,-0.4062,0.0,0.0,0.9916524887084961,0.9561930298805237,0.7302631735801697,0.14810426533222198,0.9289434552192688,0.25143811106681824,0.5758317708969116,0.03544776141643524,0.03280472755432129
4530,-22.0332,-5.573,-27.6063,-29.1719,-0.4141,0.0,0.0,0.9800357818603516,0.93016517162323,0.6503875851631165,0.21636952459812164,0.9267113208770752,0.260883092880249,0.5365360975265503,0.05013992637395859,0.04796331003308296
4535,-23.7805,-4.1,-27.8805,-29.5625,-0.2188,0.0,0.0,0.9847949147224426,0.9524171352386475,0.7587939500808716,0.29719388484954834,0.9594494104385376,0.21983830630779266,0.61427241563797,0.03093905560672283,0.030472636222839355
4540,-22.6375,-5.1063,-27.7438,-29.2812,-0.3594,0.0,0.0,0.9818954467773438,0.942455530166626,0.6087735295295715,0.21238937973976135,0.9408482313156128,0.24689054489135742,0.5612950921058655,0.04341573268175125,0.04392101988196373
4545,-19.5621,-7.8316,-27.3937,-27.9141,-1.1016,0.0,0.0,0.9723840951919556,0.9098078608512878,0.510450541973114,0.1019887775182724,0.839657723903656,0.3068252503871918,0.4287935197353363,0.08368314802646637,0.07622046023607254
4550,-20.8738,-6.9625,-27.8363,-28.4688,-0.7656,0.0,0.0,0.9788910150527954,0.9304514527320862,0.4771573543548584,0.076454296708107,0.8571428656578064,0.2614661157131195,0.48732897639274597,0.07657027244567871,0.07015702873468399
4555,-22.9066,-4.7871,-27.6938,-29.4688,-0.2656,0.0,0.0,0.9871979355812073,0.9505490660667419,0.6499013900756836,0.11991434544324875,0.953125,0.24288712441921234,0.5769200921058655,0.03941231220960617,0.03630286082625389
4560,-22.8539,-4.5176,-27.3715,-29.2656,-0.3672,0.0,0.0,0.9888542294502258,0.9550857543945312,0.738095223903656,0.17397454380989075,0.9706101417541504,0.2615438401699066,0.5754819512367249,0.031016791239380836,0.027479788288474083
4565,-21.659,-5.9676,-27.6266,-28.5,-0.75,0.0,0.0,0.9796813130378723,0.9384534955024719,0.5814275741577148,0.11705202609300613,0.8962053656578064,0.26589706540107727,0.5197450518608093,0.05608675256371498,0.0537935309112072
4570,-20.7793,-6.8211,-27.6004,-28.4219,-0.7891,0.0,0.0,0.9747098088264465,0.9258030652999878,0.5397923588752747,0.09234365820884705,0.8802083134651184,0.28125,0.4803715944290161,0.06739738583564758,0.06650342047214508
4575,-22.5672,-5.1203,-27.6875,-29.3594,-0.3203,0.0,0.0,0.9816384315490723,0.9416326284408569,0.7265757918357849,0.15413892269134521,0.9159226417541504,0.24766790866851807,0.5613728165626526,0.04563121870160103,0.0408504344522953
4580,-22.9594,-4.7168,-27.6762,-29.2344,-0.3828,0.0,0.0,0.9823887348175049,0.9492855668067932,0.73221755027771,0.17830289900302887,0.9423363208770752,0.24277052283287048,0.5794076323509216,0.03715796023607254,0.036186255514621735
4585,-23.2484,-4.3273,-27.5758,-29.1562,-0.4219,0.0,0.0,0.9904012680053711,0.9602291584014893,0.7752956748008728,0.15739484131336212,0.937872052192688,0.24700714647769928,0.5902907252311707,0.029578668996691704,0.02864583395421505
4590,-23.2094,-4.3539,-27.5633,-29.2656,-0.3672,0.0,0.0,0.9834710955619812,0.955742359161377,0.7719715237617493,0.1565731167793274,0.964657723903656,0.2445584535598755,0.591923177242279,0.032726988196372986,0.026313744485378265
4595,-23.859,-3.8633,-27.7223,-29.375,-0.3125,0.0,0.0,0.9884741306304932,0.9653853178024292,0.7704447507858276,0.17152658104896545,0.9661458134651184,0.22594061493873596,0.6198305487632751,0.02709110639989376,0.022660136222839355
4600,-22.9891,-4.6445,-27.6336,-29.2031,-0.3984,0.0,0.0,0.9849897027015686,0.9583389163017273,0.73617023229599,0.11586051434278488,0.9274553656578064,0.24599657952785492,0.5784359574317932,0.036536071449518204,0.03455379232764244
4605,-22.8789,-4.6375,-27.5164,-29.3438,-0.3281,0.0,0.0,0.987648606300354,0.9596899151802063,0.741304337978363,0.10643564164638519,0.925595223903656,0.25174906849861145,0.5766091346740723,0.03575870767235756,0.03140547126531601
4610,-22.027,-5.3898,-27.4168,-28.875,-0.5625,0.0,0.0,0.9836277365684509,0.9473267197608948,0.6851851940155029,0.10187932848930359,0.9002976417541504,0.27063900232315063,0.5394123196601868,0.04617537185549736,0.03929571062326431
4615,-23.9539,-3.875,-27.8289,-29.5469,-0.2266,0.0,0.0,0.9877223968505859,0.964808464050293,0.8367347121238708,0.13650794327259064,0.9419642686843872,0.21843905746936798,0.6240283250808716,0.028568096458911896,0.02448694035410881
4620,-23.0895,-4.4379,-27.5273,-29.25,-0.375,0.0,0.0,0.989881694316864,0.9555953741073608,0.8074609041213989,0.11404728889465332,0.945684552192688,0.24968905746936798,0.5855876803398132,0.03229944035410881,0.02794620580971241
4625,-21.3938,-5.6215,-27.0152,-28.625,-0.6875,0.0,0.0,0.9928398132324219,0.9442540407180786,0.722719132900238,0.08144330233335495,0.9029017686843872,0.30398786067962646,0.510377824306488,0.0434546023607254,0.03770211338996887
4630,-24.5375,-3.1684,-27.7059,-29.6875,-0.1562,0.0,0.0,0.9964582920074463,0.9790880084037781,0.9047619104385376,0.14409221708774567,0.9828869104385376,0.2194885015487671,0.6486707329750061,0.013875932432711124,0.013487251475453377
4635,-23.45,-3.9254,-27.3754,-29.4062,-0.2969,0.0,0.0,0.9911001920700073,0.9711389541625977,0.838403046131134,0.13163064420223236,0.9709821343421936,0.25330379605293274,0.6019900441169739,0.020444652065634727,0.01978389360010624
4640,-22.8453,-4.5687,-27.4141,-28.9688,-0.5156,0.0,0.0,0.9867005348205566,0.9601841568946838,0.782608687877655,0.09308510273694992,0.9430803656578064,0.2601057291030884,0.5740049481391907,0.032182835042476654,0.029228854924440384
4645,-22.0879,-5.3359,-27.4238,-29.0,-0.5,0.0,0.0,0.9869045615196228,0.9453811645507812,0.7640067934989929,0.0850241556763649,0.8954613208770752,0.2700948417186737,0.5394123196601868,0.04578668996691704,0.04022854566574097
4650,-22.5855,-4.6664,-27.252,-28.7031,-0.6484,0.0,0.0,0.9943076968193054,0.9578758478164673,0.783850908279419,0.07702888548374176,0.9471726417541504,0.2731265425682068,0.5628498196601868,0.03128886967897415,0.028257152065634727
4655,-21.25,-5.8105,-27.0605,-28.1719,-1.0312,0.0,0.0,0.9879288673400879,0.9394009709358215,0.7467921376228333,0.05211140960454941,0.9170386791229248,0.3058924078941345,0.5009328126907349,0.04543687775731087,0.04326026141643524
4660,-23.1063,-4.232,-27.3383,-29.5,-0.25,0.0,0.0,0.9934161305427551,0.9626149535179138,0.8839941024780273,0.060390762984752655,0.9542410969734192,0.2597559094429016,0.5874145030975342,0.026469215750694275,0.02188277430832386
4665,-20.7379,-6.5746,-27.3125,-28.0469,-1.1172,0.0,0.0,0.9873982667922974,0.9166397452354431,0.7476809024810791,0.035789474844932556,0.8485863208770752,0.29609763622283936,0.4811878204345703,0.06284981220960617,0.05538712814450264
4670,-23.1629,-4.502,-27.6648,-29.4062,-0.2969,0.0,0.0,0.9904685020446777,0.9573989510536194,0.8084874749183655,0.055282555520534515,0.9252232313156128,0.24059391021728516,0.5875699520111084,0.03571983799338341,0.03163868188858032
4675,-20.0602,-7.1848,-27.2449,-27.7656,-1.1172,0.0,0.0,0.9818112850189209,0.9127776622772217,0.6486911177635193,0.027517197653651237,0.8523065447807312,0.30771923065185547,0.4514147937297821,0.07423818111419678,0.06215018779039383
4680,-22.7523,-4.5613,-27.3137,-29.1094,-0.4453,0.0,0.0,0.9945787787437439,0.9571574330329895,0.8166286945343018,0.037974681705236435,0.9389880895614624,0.26527518033981323,0.5715562701225281,0.034126244485378265,0.024564675986766815
4685,-23.3848,-4.0582,-27.443,-29.3906,-0.3047,0.0,0.0,0.9950867295265198,0.9648231267929077,0.8561983704566956,0.07180385291576385,0.9657738208770752,0.25314831733703613,0.59666508436203,0.023515235632658005,0.02219371870160103
4690,-23.2855,-4.177,-27.4625,-29.3438,-0.3281,0.0,0.0,0.9941203594207764,0.9613093137741089,0.8669655919075012,0.07109005004167557,0.9654017686843872,0.2512049078941345,0.5937111377716064,0.026002798229455948,0.024603545665740967
4695,-23.2559,-4.2281,-27.484,-29.25,-0.375,0.0,0.0,0.9945278167724609,0.9629290103912354,0.8113207817077637,0.04258675128221512,0.9579613208770752,0.24860075116157532,0.5934390425682068,0.02884017489850521,0.02464241348206997
4700,-21.7113,-5.5441,-27.2555,-28.625,-0.7812,0.0,0.0,0.9882833957672119,0.9340903759002686,0.7876254320144653,0.03782735392451286,0.937127947807312,0.28529229760169983,0.5236707329750061,0.04648631811141968,0.04007307067513466
4705,-21.859,-5.223,-27.082,-28.8125,-0.5938,0.0,0.0,0.9908548593521118,0.9428697228431702,0.8093346357345581,0.0682634711265564,0.944940447807312,0.29326024651527405,0.5306670069694519,0.039140235632658005,0.03245491161942482
4710,-22.5168,-4.7043,-27.2211,-29.1094,-0.4453,0.0,0.0,0.9907511472702026,0.9482207298278809,0.8677379488945007,0.10042432695627213,0.9668898582458496,0.2773631811141968,0.5592350959777832,0.03144434094429016,0.027479788288474083
4715,-22.1203,-4.977,-27.0973,-29.1562,-0.4219,0.0,0.0,0.9923510551452637,0.9438951015472412,0.8474770784378052,0.08157894760370255,0.9631696343421936,0.2896455228328705,0.5424440503120422,0.03389303386211395,0.0295398011803627
4720,-19.7246,-7.0895,-26.8141,-27.3594,-1.3203,0.0,0.0,0.9837850332260132,0.899726390838623,0.6961953639984131,0.04179331287741661,0.9036458134651184,0.33558768033981323,0.4403373897075653,0.06844682991504669,0.051150497049093246
4725,-21.4207,-5.5066,-26.9273,-28.3906,-0.8047,0.0,0.0,0.9915860891342163,0.9277693629264832,0.8545101881027222,0.06697459518909454,0.9627976417541504,0.3095071613788605,0.5122823119163513,0.04007307067513466,0.03365982696413994
4730,-21.7063,-5.3398,-27.0461,-28.8125,-0.5938,0.0,0.0,0.9902127385139465,0.9205538034439087,0.9078694581985474,0.12183353304862976,0.976190447807312,0.2978467047214508,0.5249533653259277,0.04050062224268913,0.032221704721450806
4735,-19.7809,-6.8691,-26.65,-27.5625,-1.2188,0.0,0.0,0.9868038296699524,0.8863756656646729,0.8151260614395142,0.061638280749320984,0.9419642686843872,0.3475590944290161,0.43990981578826904,0.06012904271483421,0.04792444035410881
4740,-20.8316,-6.366,-27.1977,-28.7656,-0.6172,0.0,0.0,0.9890266060829163,0.8893777132034302,0.8508654832839966,0.08604650944471359,0.9367559552192688,0.30107274651527405,0.4859297275543213,0.05837997421622276,0.05013992637395859
4745,-22.5969,-4.7234,-27.3203,-29.1094,-0.4453,0.0,0.0,0.9944053888320923,0.935989499092102,0.9220463037490845,0.13185378909111023,0.9817708134651184,0.27094992995262146,0.5628886818885803,0.03191075846552849,0.029773009940981865
4750,-20.9215,-5.857,-26.7785,-28.3906,-0.8984,0.0,0.0,0.9906362295150757,0.9178288578987122,0.8521434664726257,0.08025342971086502,0.965029776096344,0.32377177476882935,0.49051615595817566,0.04442630708217621,0.03680814802646637
4755,-21.559,-5.5277,-27.0867,-28.75,-0.625,0.0,0.0,0.9893978834152222,0.9195634126663208,0.8706421852111816,0.08896034210920334,0.969122052192688,0.2969527244567871,0.5199393630027771,0.04236629232764244,0.03626399114727974
4760,-20.848,-5.9535,-26.8016,-28.6875,-0.6562,0.0,0.0,0.9903695583343506,0.9096471667289734,0.8809325695037842,0.09388185292482376,0.9508928656578064,0.32287779450416565,0.489116907119751,0.04668065905570984,0.03684701398015022
4765,-21.1441,-5.5594,-26.7035,-28.4688,-0.7656,0.0,0.0,0.9942768812179565,0.9256756901741028,0.8782051205635071,0.08799048513174057,0.9832589030265808,0.3259872496128082,0.5004664063453674,0.036380596458911896,0.03268812224268913
4770,-22.2691,-4.8094,-27.0785,-28.75,-0.625,0.0,0.0,0.9952893853187561,0.941576361656189,0.9003782868385315,0.08764367550611496,0.9862351417541504,0.28879043459892273,0.5488572716712952,0.030822450295090675,0.02705223858356476
4775,-22.4051,-4.677,-27.082,-29.0,-0.5,0.0,0.0,0.9940484166145325,0.9509563446044922,0.8898305296897888,0.07357357442378998,0.976934552192688,0.2873522937297821,0.5547652244567871,0.027518656104803085,0.02588619478046894
4780,-20.3852,-6.4715,-26.8566,-27.6797,-1.1953,0.0,0.0,0.9871749877929688,0.9015652537345886,0.8084210753440857,0.0855432003736496,0.9207589030265808,0.3303404748439789,0.4643579125404358,0.05538712814450264,0.04543687775731087
4785,-19.8895,-6.673,-26.5625,-27.4688,-1.2656,0.0,0.0,0.9911513924598694,0.9041491746902466,0.8095577955245972,0.06990621984004974,0.9151785969734192,0.3514070212841034,0.444029837846756,0.05449315905570984,0.04559234902262688
4790,-20.2988,-6.3605,-26.6594,-27.8281,-1.1797,0.0,0.0,0.9927123785018921,0.9096497297286987,0.8135464191436768,0.0664793998003006,0.9263392686843872,0.34134018421173096,0.4615982472896576,0.05107276141643524,0.04151119291782379
4795,-19.4867,-7.1645,-26.6512,-27.1094,-1.5156,0.0,0.0,0.9914426803588867,0.8867183923721313,0.76449054479599,0.05334335193037987,0.8917410969734192,0.35428327322006226,0.4258006811141968,0.06370491534471512,0.05173351988196373
4800,-22.2211,-5.1035,-27.3246,-28.6875,-0.6562,0.0,0.0,0.9953625798225403,0.9343326091766357,0.8249258399009705,0.10077519714832306,0.9516369104385376,0.27658581733703613,0.5445429086685181,0.03929571062326431,0.03509794920682907
4805,-21.8109,-5.291,-27.102,-28.6562,-0.7656,0.0,0.0,0.9936339259147644,0.9368026852607727,0.8333333134651184,0.07500000298023224,0.9430803656578064,0.2930659055709839,0.5295398235321045,0.03871268779039383,0.03420398011803627
4810,-23.666,-3.9574,-27.6234,-29.375,-0.3125,0.0,0.0,0.9959223866462708,0.9608845710754395,0.8927444815635681,0.12400636076927185,0.9654017686843872,0.23830068111419678,0.6081312298774719,0.02464241348206997,0.024448072537779808
4815,-24.598,-3.2383,-27.8363,-29.625,-0.1875,0.0,0.0,0.9950073957443237,0.9734645485877991,0.9178403615951538,0.1513761430978775,0.9851190447807312,0.2101989984512329,0.6518190503120422,0.016557835042476654,0.016946516931056976
4820,-23.8926,-3.7703,-27.6629,-29.4688,-0.2656,0.0,0.0,0.9949520230293274,0.9607769250869751,0.8333333134651184,0.19854280352592468,0.9892113208770752,0.23099346458911896,0.6203358173370361,0.022854477167129517,0.02133861929178238
4825,-21.8789,-5.3977,-27.2766,-29.125,-0.4375,0.0,0.0,0.9868403077125549,0.9382100701332092,0.760811984539032,0.07739938050508499,0.933779776096344,0.2835432291030884,0.5302783250808716,0.044037625193595886,0.03766324743628502
4830,-24.0211,-3.6668,-27.6879,-29.6094,-0.1953,0.0,0.0,0.9971044063568115,0.9648294448852539,0.8792792558670044,0.11708253622055054,0.9828869104385376,0.2281949669122696,0.625505268573761,0.021571828052401543,0.020250311121344566
4835,-20.8156,-6.1438,-26.9594,-28.4219,-0.7891,0.0,0.0,0.9871668219566345,0.920974850654602,0.7439758777618408,0.06495882570743561,0.9281994104385376,0.31498757004737854,0.48643502593040466,0.051616914570331573,0.0424828976392746
4840,-21.7652,-5.4,-27.1652,-28.7812,-0.6094,0.0,0.0,0.9908847212791443,0.9267035126686096,0.8448430299758911,0.06179775297641754,0.9561011791229248,0.2899564802646637,0.5276352763175964,0.043337997049093246,0.03459266200661659
4845,-23.0938,-4.5113,-27.6051,-28.9844,-0.6953,0.0,0.0,0.9926390051841736,0.942624568939209,0.8887601494789124,0.11207970231771469,0.9665178656578064,0.24817319214344025,0.5825948119163513,0.03354322165250778,0.031211132183670998
4850,-19.5918,-7.2871,-26.8789,-27.4062,-1.3203,0.0,0.0,0.9818181991577148,0.8986175060272217,0.6703878045082092,0.024901703000068665,0.9162946343421936,0.33990204334259033,0.43015390634536743,0.06615360826253891,0.05931280925869942
4855,-20.1121,-6.9801,-27.0922,-27.9531,-1.0234,0.0,0.0,0.9890283942222595,0.9087243676185608,0.6497277617454529,0.020301245152950287,0.9084821343421936,0.3188354969024658,0.45308613777160645,0.06424906849861145,0.05935167893767357
4860,-20.1195,-7.0484,-27.168,-27.0781,-1.4609,0.0,0.0,0.9866748452186584,0.909906804561615,0.5764563083648682,0.020320197567343712,0.9419642686843872,0.3179415464401245,0.45040422677993774,0.06405472755432129,0.06312189251184464
4865,-21.0301,-6.1051,-27.1352,-28.5312,-0.7344,0.0,0.0,0.9891678094863892,0.927749752998352,0.6329501867294312,0.029264213517308235,0.9542410969734192,0.3049984574317932,0.4933146834373474,0.05072294920682907,0.04648631811141968
4870,-20.5645,-6.5687,-27.1332,-28.2031,-0.8984,0.0,0.0,0.9827175736427307,0.9176257848739624,0.6296533942222595,0.02550637722015381,0.9468005895614624,0.3103622496128082,0.47279229760169983,0.06055659055709839,0.051811255514621735
4875,-20.8633,-6.1703,-27.0336,-28.2969,-0.8516,0.0,0.0,0.9922500252723694,0.928332507610321,0.6359550356864929,0.032258063554763794,0.9345238208770752,0.3109452724456787,0.4881063401699066,0.05188899114727974,0.04458177834749222
4880,-22.0762,-5.3605,-27.4367,-29.125,-0.4375,0.0,0.0,0.9861591458320618,0.9387330412864685,0.6583045125007629,0.03468780964612961,0.9747023582458496,0.26958954334259033,0.5417832732200623,0.04493159055709839,0.03921797126531601
4885,-19.6066,-7.5785,-27.1852,-27.6562,-1.1719,0.0,0.0,0.9872649312019348,0.9024590253829956,0.5270718336105347,0.012445887550711632,0.9233630895614624,0.3265702724456787,0.4267723858356476,0.07035136967897415,0.07182835787534714
4890,-20.018,-7.2633,-27.2812,-27.8906,-1.0547,0.0,0.0,0.9761874675750732,0.8954697847366333,0.6326530575752258,0.018113678321242332,0.925595223903656,0.3068641126155853,0.4521532952785492,0.07427705079317093,0.062227923423051834
4895,-20.7926,-6.0832,-26.8758,-28.2656,-0.8672,0.0,0.0,0.9859954118728638,0.9276517033576965,0.7625786066055298,0.03493862226605415,0.9308035969734192,0.3219449520111084,0.4829757511615753,0.04944029822945595,0.04116138070821762
4900,-21.1102,-6.2531,-27.3633,-28.5,-0.75,0.0,0.0,0.9764928221702576,0.9166017770767212,0.7124010324478149,0.03671874850988388,0.9360119104385376,0.28770211338996887,0.49914491176605225,0.05892413109540939,0.049751244485378265
4905,-19.8969,-7.1094,-27.0063,-27.3125,-1.3438,0.0,0.0,0.9755922555923462,0.91189044713974,0.6511628031730652,0.024683121591806412,0.9122023582458496,0.3248600661754608,0.4455457031726837,0.06685323268175125,0.05826336890459061
4910,-21.784,-5.557,-27.341,-28.7812,-0.6094,0.0,0.0,0.9834790825843811,0.9343560934066772,0.7781484723091125,0.03333333507180214,0.9427083134651184,0.279967337846756,0.5269744992256165,0.046602923423051834,0.04197761043906212
4915,-20.127,-6.5859,-26.7129,-27.8438,-1.0781,0.0,0.0,0.9837148189544678,0.919691801071167,0.7388218641281128,0.020512821152806282,0.918154776096344,0.341301292181015,0.45398008823394775,0.054765235632658005,0.04547574743628502
4920,-21.741,-5.3184,-27.0594,-28.7031,-0.6484,0.0,0.0,0.9893229007720947,0.944707989692688,0.7507787942886353,0.049723755568265915,0.9624255895614624,0.2985074520111084,0.5244091749191284,0.037430036813020706,0.035175684839487076
4925,-21.2199,-6.2938,-27.5137,-28.6406,-0.6797,0.0,0.0,0.9806976318359375,0.9205024242401123,0.6794520616531372,0.04440026357769966,0.9330357313156128,0.2819107472896576,0.498212069272995,0.05674751102924347,0.05865205079317093
4930,-22.3504,-4.9855,-27.3359,-29.2031,-0.3984,0.0,0.0,0.985788106918335,0.9455285668373108,0.7875382900238037,0.05889281630516052,0.9631696343421936,0.2707555890083313,0.5537158250808716,0.03805192932486534,0.03299906849861145
4935,-21.1187,-6.0684,-27.1871,-28.4688,-0.7656,0.0,0.0,0.9802725315093994,0.9224879145622253,0.7418867945671082,0.06023102253675461,0.9430803656578064,0.2994791567325592,0.49743470549583435,0.05150030925869942,0.04710821062326431
4940,-21.8539,-5.3973,-27.2512,-28.7031,-0.6484,0.0,0.0,0.9834744334220886,0.9408838152885437,0.7368420958518982,0.055907171219587326,0.945684552192688,0.2845926582813263,0.53125,0.04283270984888077,0.03684701398015022
4945,-22.5836,-4.7102,-27.2938,-29.2969,-0.3516,0.0,0.0,0.9893511533737183,0.951952338218689,0.7966752052307129,0.08819714933633804,0.9706101417541504,0.2737484574317932,0.5614116787910461,0.03039490059018135,0.029967350885272026
4950,-21.7219,-5.6801,-27.402,-28.9219,-0.5391,0.0,0.0,0.986224353313446,0.9339650869369507,0.6992126107215881,0.07839721441268921,0.925595223903656,0.276508092880249,0.5250310897827148,0.04936256259679794,0.04462064802646637
4955,-18.575,-8.7406,-27.3156,-27.4688,-1.2656,0.0,0.0,0.9674151539802551,0.8962057828903198,0.5392265319824219,0.024721279740333557,0.7793898582458496,0.31848570704460144,0.39132463932037354,0.10552705079317093,0.08018501102924347
4960,-20.9418,-6.1809,-27.1227,-28.2188,-0.8906,0.0,0.0,0.9804921746253967,0.9217522144317627,0.7805575132369995,0.09106098860502243,0.8939732313156128,0.3048429787158966,0.48977768421173096,0.05437655374407768,0.04652518779039383
4965,-20.4539,-6.5883,-27.0422,-28.2344,-0.8828,0.0,0.0,0.9865564703941345,0.9093768000602722,0.7594433426856995,0.05746268481016159,0.9002976417541504,0.31514304876327515,0.4696439802646637,0.05865205079317093,0.0520833320915699
4970,-20.9988,-6.1699,-27.1688,-28.3281,-0.8359,0.0,0.0,0.9838917255401611,0.9191895127296448,0.7700810432434082,0.05165455862879753,0.9211309552192688,0.301616907119751,0.4930037260055542,0.05274409055709839,0.04815765097737312
4975,-21.0469,-5.9355,-26.9824,-28.3906,-0.8047,0.0,0.0,0.987565279006958,0.927352786064148,0.7620232105255127,0.06150978431105614,0.9360119104385376,0.3125777244567871,0.4943641126155853,0.046875,0.04170553386211395
4980,-17.9352,-9.3582,-27.2934,-26.2969,-1.8516,0.0,0.0,0.9690613150596619,0.8435395956039429,0.5688643455505371,0.03284509479999542,0.8065476417541504,0.33166199922561646,0.3636893630027771,0.11260105669498444,0.087569959461689
4985,-20.6559,-6.1832,-26.8391,-28.2031,-0.8984,0.0,0.0,0.9885236024856567,0.9211317896842957,0.7639939188957214,0.03320683166384697,0.9322916865348816,0.3251321613788605,0.4780395030975342,0.05138370767235756,0.04096703976392746
4990,-16.6527,-11.4402,-28.093,-24.0938,-3.0234,0.0,0.0,0.9744005799293518,0.8348442912101746,0.38102808594703674,0.012613106518983841,0.726190447807312,0.3112562298774719,0.2958255708217621,0.14668843150138855,0.1417521834373474
4995,-21.1281,-5.7203,-26.8484,-28.5781,-0.7109,0.0,0.0,0.9904071092605591,0.928543746471405,0.80474454164505,0.08571428805589676,0.945684552192688,0.31603699922561646,0.5015158653259277,0.042599502950906754,0.03537002578377724
5000,-20.9809,-6.1168,-27.0977,-28.125,-0.9375,0.0,0.0,0.9888097643852234,0.9099810719490051,0.7771303653717041,0.07901667803525925,0.9404761791229248,0.3056592047214508,0.49222636222839355,0.053365983068943024,0.0442708320915699
