it,s,o,w,s20,o20,lam_s,lam_c,pCC,pCD,pDC,pDD,pSTART,vCC,vCD,vDC,vDD
0,-20.7109,-11.9805,-32.6914,-23.8906,-11.5859,0.5,0.5,0.4906904697418213,0.5017334818840027,0.51991868019104,0.5126538872718811,0.5714285969734192,0.10020211338996887,0.35875311493873596,0.09561567008495331,0.34095150232315063
5,-21.598,-10.6902,-32.2883,-24.6406,-10.3672,1.0154,0.3499,0.6011650562286377,0.5969207286834717,0.5209018588066101,0.5495621562004089,0.5297619104385376,0.10008551180362701,0.40644434094429016,0.08275031298398972,0.3062422275543213
10,-22.2816,-9.4027,-31.6844,-26.0312,-7.4219,1.2169,0.2588,0.618881106376648,0.6255370378494263,0.6287323832511902,0.6419388055801392,0.6536458134651184,0.1111629381775856,0.45234763622283936,0.06899098306894302,0.2630208432674408
15,-24.0582,-6.7016,-30.7598,-27.3125,-5.0,1.4393,0.1226,0.7562604546546936,0.7517139911651611,0.7622014284133911,0.7650375962257385,0.726934552192688,0.11641013622283936,0.5555814504623413,0.037430036813020706,0.18610075116157532
20,-24.3027,-5.9711,-30.2738,-27.75,-4.125,1.698,0.0,0.798153817653656,0.7988232970237732,0.7475301623344421,0.7791942954063416,0.788690447807312,0.12632152438163757,0.5813510417938232,0.03540889173746109,0.15244092047214508
25,-24.7391,-5.7254,-30.4645,-27.4844,-4.8203,1.94,0.0,0.812881350517273,0.8059297204017639,0.811634361743927,0.7540246248245239,0.7708333134651184,0.1146610677242279,0.5886194109916687,0.028062811121344566,0.16417910158634186
30,-24.4922,-5.7949,-30.2871,-28.0312,-3.5156,2.0,0.0,0.8028651475906372,0.8022093772888184,0.7625458836555481,0.7639327049255371,0.8299851417541504,0.12480565905570984,0.5911069512367249,0.03175528720021248,0.14785447716712952
35,-24.4625,-5.866,-30.3285,-27.6719,-4.2578,2.0,0.0,0.7953546643257141,0.8003435730934143,0.7591241002082825,0.7992812991142273,0.7648809552192688,0.12383395433425903,0.5883084535598755,0.03194962814450264,0.15143035352230072
40,-25.6797,-3.8629,-29.5426,-28.2656,-3.1172,2.0,0.0,0.8907923102378845,0.88522869348526,0.861985445022583,0.8967366814613342,0.8898809552192688,0.12706001102924347,0.6654617786407471,0.016052549704909325,0.08694807440042496
45,-25.8641,-3.4402,-29.3043,-28.5469,-2.6016,2.0,0.0,0.9083136916160583,0.9072648882865906,0.8841463327407837,0.8869987726211548,0.9375,0.1318407952785492,0.6869558691978455,0.01274875644594431,0.06397698819637299
50,-25.85,-3.5563,-29.4062,-28.75,-2.2188,2.0,0.0,0.9008817076683044,0.8996509909629822,0.9744318127632141,0.9255208373069763,0.8898809552192688,0.1278373748064041,0.6793765425682068,0.013681592419743538,0.0746268630027771
55,-25.8102,-3.6582,-29.4684,-28.8281,-2.1797,2.0,0.0,0.9082200527191162,0.892693042755127,0.8639798760414124,0.8914456963539124,0.913690447807312,0.12577736377716064,0.676616907119751,0.015430659055709839,0.07769744843244553
60,-25.1734,-4.4734,-29.6469,-28.0625,-3.4062,2.0,0.0,0.8717725276947021,0.8573769330978394,0.8248587846755981,0.8704062104225159,0.8898809552192688,0.13397854566574097,0.6404306888580322,0.02063899300992489,0.10047419369220734
65,-25.6328,-4.0902,-29.723,-28.9688,-1.9219,2.0,0.0,0.8679367303848267,0.8717164993286133,0.8583333492279053,0.8912510275840759,0.8779761791229248,0.12037468701601028,0.6614194512367249,0.018656715750694275,0.09507151693105698
70,-26.2258,-3.0684,-29.2941,-29.375,-1.1562,2.0,0.0,0.9257994294166565,0.9201181530952454,0.9291338324546814,0.9471094608306885,0.9107142686843872,0.12519434094429016,0.6972559094429016,0.009872512891888618,0.06319962441921234
75,-26.3422,-2.8355,-29.1777,-29.1719,-1.5391,2.0,0.0,0.9472230672836304,0.9285206198692322,0.9241071343421936,0.9572317004203796,0.9375,0.12667132914066315,0.7101601362228394,0.008706467226147652,0.04998445138335228
80,-26.2574,-2.752,-29.0094,-29.1562,-1.5469,2.0,0.0,0.9406203627586365,0.9437227249145508,0.9390243887901306,0.9191918969154358,0.9375,0.13156871497631073,0.7120646834373474,0.009561567567288876,0.04232742637395859
85,-26.4422,-2.5852,-29.0273,-29.5,-0.8125,2.0,0.0,0.9473039507865906,0.9444924592971802,0.9615384340286255,0.9770992398262024,0.9464285969734192,0.1268656700849533,0.7198383212089539,0.00808457750827074,0.04073382914066315
90,-26.5367,-2.402,-28.9387,-29.2656,-1.2109,2.0,0.0,0.9568066596984863,0.958072304725647,0.9925925731658936,0.9828178882598877,0.925595223903656,0.13048040866851807,0.7258628606796265,0.005247201304882765,0.033931903541088104
95,-27.0102,-1.7668,-28.777,-29.8594,-0.1641,2.0,0.0,0.9768966436386108,0.983605682849884,0.9863013625144958,0.9591280817985535,0.9791666865348816,0.12449471652507782,0.7539256811141968,0.0028373757377266884,0.014264614321291447
100,-26.7445,-1.9559,-28.7004,-29.6562,-0.6406,2.0,0.0,0.974056601524353,0.978661060333252,0.9578947424888611,0.9722864031791687,0.9821428656578064,0.1318407952785492,0.7431591749191284,0.0036924751475453377,0.01682991348206997
105,-26.9289,-1.7746,-28.7035,-29.6719,-0.4453,2.0,0.0,0.9834486842155457,0.9842238426208496,1.0,1.0,0.9821428656578064,0.1291588991880417,0.7514381408691406,0.0015547263901680708,0.013370647095143795
110,-27.0016,-1.6586,-28.6602,-29.8125,-0.2812,2.0,0.0,0.9924947619438171,0.9881300926208496,1.0,1.0,0.9940476417541504,0.1294698417186737,0.7564132213592529,0.0011271765688434243,0.008512127213180065
115,-27.0188,-1.6219,-28.6406,-29.4688,-0.9219,2.0,0.0,0.9900000095367432,0.9910403490066528,1.0,0.9558011293411255,0.9970238208770752,0.128264918923378,0.7591728568077087,0.0010494403541088104,0.007035136688500643
120,-26.9062,-1.8223,-28.7285,-29.625,-0.5625,2.0,0.0,0.982627272605896,0.9802795052528381,1.0,0.978723406791687,0.9910714030265808,0.1275264322757721,0.7509328126907349,0.0024486940819770098,0.014614427462220192
125,-26.9598,-1.7785,-28.7383,-29.4375,-0.9375,2.0,0.0,0.9905832409858704,0.9817533493041992,1.0,0.9731183052062988,0.9825148582458496,0.12795397639274597,0.7519434094429016,0.0011660447344183922,0.014458955265581608
130,-26.8719,-2.0199,-28.8918,-29.1641,-1.4609,2.0,0.0,0.984131932258606,0.9645652770996094,1.0,0.990227997303009,0.984375,0.1249222606420517,0.7447916865348816,0.0019434079295024276,0.023865049704909325
135,-26.6809,-2.3973,-29.0781,-28.5703,-2.7188,2.0,0.0,0.9878580570220947,0.9455702304840088,0.982758641242981,0.9147141575813293,0.9590773582458496,0.12484452873468399,0.7269511818885803,0.0022543531376868486,0.04147232696413994
140,-26.5906,-2.4652,-29.0559,-28.4531,-2.9297,2.0,0.0,0.9915433526039124,0.9429864883422852,0.9545454382896423,0.890070915222168,0.9680059552192688,0.12869247794151306,0.7212764024734497,0.0017101990524679422,0.043843284249305725
145,-26.4742,-2.8047,-29.2789,-28.1797,-3.4531,2.0,0.0,0.991676926612854,0.9274995923042297,0.9743589758872986,0.8535805344581604,0.9248511791229248,0.12608830630779266,0.7071284055709839,0.001515858224593103,0.0607898011803627
150,-26.4359,-2.8637,-29.2996,-28.2422,-3.2109,2.0,0.0,0.9944987893104553,0.9234803915023804,0.957446813583374,0.8165422677993774,0.9460565447807312,0.12717661261558533,0.7040189504623413,0.001826803432777524,0.0625
155,-26.7594,-2.2977,-29.057,-27.8125,-4.2109,2.0,0.0,0.9946925044059753,0.9562370181083679,1.0,0.8211855888366699,0.9505208134651184,0.12449471652507782,0.7300606369972229,0.0009717039647512138,0.039995335042476654
160,-25.6375,-4.2391,-29.8766,-26.8984,-5.9219,2.0,0.0,0.9794561862945557,0.8517226576805115,0.869918704032898,0.7641128897666931,0.9032738208770752,0.1286536008119583,0.6464163661003113,0.004780783783644438,0.11567164212465286
165,-25.9191,-3.8727,-29.7918,-26.625,-6.375,2.0,0.0,0.9869240522384644,0.8843700885772705,0.8651685118675232,0.7090566158294678,0.878720223903656,0.12484452873468399,0.6642179489135742,0.0034592661540955305,0.10300061851739883
170,-24.3895,-6.7176,-31.107,-22.6328,-14.3828,2.0,0.0,0.9710680246353149,0.8437861204147339,0.5728155374526978,0.3498694598674774,0.777529776096344,0.12628264725208282,0.5379353165626526,0.008006840944290161,0.223297581076622
175,-25.3676,-4.9617,-30.3293,-25.375,-9.0156,2.0,0.0,0.9916434288024902,0.8488984704017639,0.6315789222717285,0.5854150652885437,0.840029776096344,0.12558302283287048,0.6122123599052429,0.0036924751475453377,0.15403451025485992
180,-26.8262,-2.0938,-28.9199,-28.4297,-2.9531,2.0,0.0,0.9932762980461121,0.9635578393936157,1.0,0.9215686321258545,0.9661458134651184,0.12717661261558533,0.7380674481391907,0.0005441542016342282,0.029734142124652863
185,-26.6621,-2.4102,-29.0723,-27.7188,-4.375,2.0,0.0,0.991676926612854,0.9459981918334961,0.9696969985961914,0.8589065074920654,0.9735863208770752,0.12608830630779266,0.7240749597549438,0.0012826492311432958,0.04407649114727974
190,-25.6371,-4.5539,-30.191,-24.5938,-10.5781,2.0,0.0,0.9879288673400879,0.8605148792266846,0.7419354915618896,0.6151854991912842,0.8601190447807312,0.12235696613788605,0.6356109976768494,0.00240982579998672,0.13514459133148193
195,-26.4,-2.9121,-29.3121,-26.625,-6.7031,2.0,0.0,0.9929792284965515,0.9184123277664185,0.8275862336158752,0.8188087940216064,0.9624255895614624,0.12733209133148193,0.7050684094429016,0.0011271765688434243,0.06199471279978752
200,-27.0582,-1.6953,-28.7535,-29.5625,-0.6641,2.0,0.0,0.9940401315689087,0.9833897352218628,1.0,0.9907975196838379,0.9862351417541504,0.12391169369220734,0.7581623196601868,0.0007773631950840354,0.01267101988196373
205,-26.8313,-2.1504,-28.9816,-28.1797,-3.4766,2.0,0.0,0.9965795874595642,0.9581663012504578,0.9230769276618958,0.8631578683853149,0.9836309552192688,0.125,0.736784815788269,0.0005052860942669213,0.033232275396585464
210,-27.0813,-1.6187,-28.7,-29.6172,-0.5781,2.0,0.0,0.9965859651565552,0.9887617230415344,1.0,0.9047619104385376,0.9929315447807312,0.12523320317268372,0.760883092880249,0.00042754976311698556,0.008978544734418392
215,-26.5066,-2.7938,-29.3004,-26.1719,-7.5391,2.0,0.0,0.9965806603431702,0.9282589554786682,0.875,0.7847267985343933,0.9497767686843872,0.12503886222839355,0.7108209133148193,0.000621890532784164,0.05904073268175125
220,-26.584,-2.6484,-29.2324,-27.2969,-5.2188,2.0,0.0,0.9918058514595032,0.9337085485458374,0.9473684430122375,0.8629629611968994,0.937872052192688,0.12332867085933685,0.718244731426239,0.001476990059018135,0.05247201398015022
225,-26.9039,-2.0461,-28.95,-28.5391,-2.875,2.0,0.0,0.9922167062759399,0.9639356136322021,1.0,0.8974007964134216,0.976934552192688,0.12484452873468399,0.7414878606796265,0.0007773631950840354,0.028412625193595886
230,-25.9297,-3.9406,-29.8703,-24.2031,-11.3828,2.0,0.0,0.9928393363952637,0.888333261013031,0.8108108043670654,0.6173943877220154,0.9051339030265808,0.12484452873468399,0.6606420874595642,0.0014381218934431672,0.10859763622283936
235,-26.925,-1.8645,-28.7895,-28.875,-2.0859,2.0,0.0,0.9969897866249084,0.9747164845466614,1.0,0.9404517412185669,0.9877232313156128,0.12912002205848694,0.7471237778663635,0.00034981343196704984,0.01892879419028759
240,-26.9945,-1.8074,-28.802,-28.9609,-1.7969,2.0,0.0,0.9950310587882996,0.9766060709953308,1.0,0.9304932951927185,0.992559552192688,0.1251554787158966,0.7526430487632751,0.0003886815975420177,0.0173351988196373
245,-26.8242,-1.9441,-28.7684,-28.5859,-2.5703,2.0,0.0,0.9952830076217651,0.972389280796051,1.0,0.9206963181495667,0.9914434552192688,0.1318407952785492,0.7432758212089539,0.000310945266392082,0.020094837993383408
250,-26.7598,-2.2512,-29.0109,-28.0781,-3.6328,2.0,0.0,0.9981555342674255,0.9566993713378906,0.7222222089767456,0.8474025726318359,0.9594494104385376,0.12643812596797943,0.7324704527854919,0.0006996268639340997,0.03591417893767357
255,-27.0422,-1.8727,-28.9148,-28.9531,-1.9297,2.0,0.0,0.9967679381370544,0.970357358455658,1.0,0.9473684430122375,0.9784226417541504,0.12025808542966843,0.7526430487632751,0.00046641789958812296,0.022154850885272026
260,-27.1,-1.6867,-28.7867,-29.0938,-1.6484,2.0,0.0,0.9968394637107849,0.9831674098968506,1.0,0.9204244017601013,0.9866071343421936,0.12297885864973068,0.7573849558830261,0.0005052860942669213,0.014653296209871769
265,-26.9035,-1.9121,-28.8156,-29.0234,-1.6719,2.0,0.0,0.9936766028404236,0.9727656841278076,1.0,0.9137614965438843,0.988467276096344,0.12908115983009338,0.7449859976768494,0.0002720771008171141,0.02118314616382122
270,-27.1371,-1.5586,-28.6957,-29.4922,-0.9219,2.0,0.0,1.0,0.9909299612045288,1.0,0.9572192430496216,0.988467276096344,0.12534981966018677,0.7627876400947571,0.00011660447489703074,0.007268345914781094
275,-26.9496,-1.7051,-28.6547,-29.6953,-0.5859,2.0,0.0,0.9955463409423828,0.9855147004127502,1.0,0.9735848903656006,0.9985119104385376,0.13090795278549194,0.7540034055709839,0.000310945266392082,0.010300062596797943
280,-26.8012,-2.1203,-28.9215,-28.2422,-3.4688,2.0,0.0,0.9954504370689392,0.9639829397201538,0.8571428656578064,0.8536912798881531,0.9702380895614624,0.12814831733703613,0.7381452322006226,0.0002720771008171141,0.028956778347492218
285,-27.0547,-1.727,-28.7816,-29.2109,-1.4375,2.0,0.0,0.9978206753730774,0.9812020659446716,1.0,0.9339853525161743,0.9869791865348816,0.12484452873468399,0.7547030448913574,7.77363165980205e-05,0.015897076576948166
290,-26.9188,-1.973,-28.8918,-28.5938,-2.6484,2.0,0.0,0.9975278377532959,0.9685705304145813,1.0,0.9407176375389099,0.9665178656578064,0.12577736377716064,0.7444807291030884,0.00034981343196704984,0.024914490059018135
295,-27.0645,-1.6711,-28.7355,-29.3984,-1.0391,2.0,0.0,0.9965912699699402,0.9839560985565186,1.0,0.9966555237770081,0.991815447807312,0.12542754411697388,0.7582789063453674,0.00019434079877100885,0.01162157952785492
300,-26.8336,-1.8398,-28.6734,-29.1953,-1.4219,2.0,0.0,0.9985544681549072,0.9800792932510376,1.0,0.9570707082748413,0.9873511791229248,0.1344449669122696,0.7453358173370361,0.00034981343196704984,0.015391791239380836
305,-26.9344,-1.7801,-28.7145,-29.3281,-1.1797,2.0,0.0,0.9976040720939636,0.9814192056655884,0.9090909361839294,0.9810298085212708,0.9825148582458496,0.12978078424930573,0.7509716749191284,0.00042754976311698556,0.014342350885272026
310,-26.9375,-1.9215,-28.859,-28.8906,-2.1016,2.0,0.0,0.9953732490539551,0.9705836176872253,0.9285714030265808,0.9445407390594482,0.980282723903656,0.12601056694984436,0.7465407252311707,0.0005441542016342282,0.022426927462220192
315,-26.9574,-1.7973,-28.7547,-28.4453,-2.9453,2.0,0.0,0.9981752038002014,0.9807145595550537,1.0,0.9381188154220581,0.9750744104385376,0.12779851257801056,0.7517490386962891,0.0002720771008171141,0.015702735632658005
320,-26.8516,-2.0535,-28.9051,-28.2422,-2.9531,2.0,0.0,0.9950889945030212,0.9653252363204956,1.0,0.9008151888847351,0.9743303656578064,0.1266324669122696,0.7398165464401245,0.00046641789958812296,0.028606964275240898
325,-26.9633,-1.8617,-28.825,-29.0625,-1.7344,2.0,0.0,0.9956454038619995,0.9756148457527161,1.0,0.8942486047744751,0.9832589030265808,0.12496113032102585,0.7491449117660522,0.00046641789958812296,0.020949937403202057
330,-26.9715,-1.993,-28.9645,-28.9531,-2.0,2.0,0.0,0.9964618682861328,0.9658800959587097,0.9523809552192688,0.9074333906173706,0.96875,0.12084110826253891,0.7461520433425903,0.0008162313606590033,0.027712997049093246
335,-26.9539,-1.9473,-28.9012,-28.5547,-2.7969,2.0,0.0,0.9961953163146973,0.9695821404457092,1.0,0.9334442615509033,0.9680059552192688,0.12259017676115036,0.7487950921058655,0.0007773631950840354,0.023359764367341995
340,-27.0465,-1.8418,-28.8883,-28.7188,-2.4688,2.0,0.0,0.9958266615867615,0.9742360711097717,1.0,0.9072978496551514,0.9765625,0.12107431888580322,0.7543143630027771,0.00042754976311698556,0.019706156104803085
345,-26.9082,-2.0633,-28.9715,-28.1562,-3.5703,2.0,0.0,0.996216893196106,0.9649389386177063,1.0,0.8580645322799683,0.9657738208770752,0.1232898011803627,0.7416433691978455,0.00046641789958812296,0.030122824013233185
350,-26.7418,-2.1031,-28.8449,-28.4609,-2.8438,2.0,0.0,0.9970666170120239,0.9664496779441833,0.8823529481887817,0.8953974843025208,0.9672619104385376,0.13250155746936798,0.7344915866851807,0.0006607586983591318,0.027868470177054405
355,-26.677,-2.2457,-28.9227,-27.5,-4.4375,2.0,0.0,0.993533194065094,0.9609711766242981,0.9047619104385376,0.8337320685386658,0.9624255895614624,0.13222947716712952,0.7299829125404358,0.0008162313606590033,0.03249378129839897
360,-27.0035,-1.8352,-28.8387,-28.7422,-2.3281,2.0,0.0,0.997802197933197,0.9749172329902649,1.0,0.9350393414497375,0.9813988208770752,0.12379508465528488,0.7515547275543213,0.00042754976311698556,0.019745025783777237
365,-26.7398,-2.2617,-29.0016,-27.8281,-4.0859,2.0,0.0,0.9969614148139954,0.9582956433296204,0.9166666865348816,0.8539445400238037,0.945684552192688,0.12791511416435242,0.7306825518608093,0.00046641789958812296,0.0364583320915699
370,-27.0285,-1.7793,-28.8078,-28.9141,-2.0781,2.0,0.0,0.9977911114692688,0.978732168674469,0.8333333134651184,0.9596412777900696,0.976934552192688,0.12317319959402084,0.7547807693481445,0.00023320894979406148,0.0173351988196373
375,-26.6438,-2.3414,-28.9852,-27.8984,-4.0859,2.0,0.0,0.9961401224136353,0.9532595276832581,0.9411764740943909,0.8525104522705078,0.9616815447807312,0.13090795278549194,0.7267957329750061,0.0006607586983591318,0.03715796023607254
380,-26.884,-1.9676,-28.8516,-29.1172,-1.625,2.0,0.0,0.9942196607589722,0.9694908261299133,1.0,0.9122806787490845,0.984375,0.1277596354484558,0.7427316308021545,0.0006607586983591318,0.024370335042476654
385,-27.0059,-1.8867,-28.8926,-28.8281,-2.1797,2.0,0.0,0.9965474009513855,0.9720087051391602,0.7777777910232544,0.9049236178398132,0.9787946343421936,0.12383395433425903,0.7484452724456787,0.00034981343196704984,0.02289334498345852
390,-26.7891,-2.25,-29.0391,-28.1562,-3.6406,2.0,0.0,0.9953314661979675,0.9574761390686035,1.0,0.847046434879303,0.9486607313156128,0.12488339841365814,0.7330535054206848,0.0007384950295090675,0.03684701398015022
395,-27.0035,-1.8516,-28.8551,-28.6016,-2.6797,2.0,0.0,0.9965474009513855,0.9749131798744202,1.0,0.910909116268158,0.9780505895614624,0.12383395433425903,0.7498834133148193,0.00042754976311698556,0.02137748710811138
400,-26.7375,-2.202,-28.9395,-28.2656,-3.2812,2.0,0.0,0.9964050054550171,0.9571936726570129,0.8888888955116272,0.9143518805503845,0.9698660969734192,0.12974192202091217,0.7318485975265503,0.00034981343196704984,0.033582091331481934
405,-26.5727,-2.6512,-29.2238,-26.6953,-6.3516,2.0,0.0,0.9937304258346558,0.9406430125236511,0.925000011920929,0.7528653144836426,0.9482886791229248,0.12398942559957504,0.7157182693481445,0.0015547263901680708,0.054259948432445526
410,-26.8145,-2.1758,-28.9902,-28.0469,-3.7891,2.0,0.0,0.9875350594520569,0.9585596323013306,0.9677419066429138,0.8631452322006226,0.9799107313156128,0.12472791969776154,0.7372123599052429,0.00120491289999336,0.032377175986766815
415,-26.6531,-2.4727,-29.1258,-27.5156,-4.7344,2.0,0.0,0.9913285970687866,0.9444534182548523,0.9166666865348816,0.8612040281295776,0.9497767686843872,0.12550528347492218,0.7221315503120422,0.0013992537278681993,0.04648631811141968
420,-26.9617,-2.0207,-28.9824,-28.2109,-3.3672,2.0,0.0,0.9958506226539612,0.9653699994087219,0.875,0.8850574493408203,0.9639136791229248,0.12177394330501556,0.7463852763175964,0.000310945266392082,0.02705223858356476
425,-27.0719,-1.7605,-28.8324,-29.1875,-1.5078,2.0,0.0,0.9961685538291931,0.978169322013855,0.9375,0.9504716992378235,0.9825148582458496,0.12173507362604141,0.7566853165626526,0.000621890532784164,0.01648009940981865
430,-26.9309,-1.8445,-28.7754,-29.1797,-1.5703,2.0,0.0,0.9963526129722595,0.9758667349815369,1.0,0.9316239356994629,0.992559552192688,0.12787623703479767,0.7489116787910461,0.0005441542016342282,0.018190298229455948
435,-27.0211,-1.8563,-28.8773,-29.1406,-1.6016,2.0,0.0,0.9939758777618408,0.9736284017562866,1.0,0.9418386220932007,0.9754464030265808,0.12259017676115036,0.751671314239502,0.0005441542016342282,0.020716728642582893
440,-26.9227,-1.9102,-28.8328,-29.1406,-1.6719,2.0,0.0,0.9891473054885864,0.9742790460586548,1.0,0.9442379474639893,0.972470223903656,0.12534981966018677,0.7480177283287048,0.001243781065568328,0.020911069586873055
445,-26.9262,-1.8516,-28.7777,-28.8984,-1.9688,2.0,0.0,0.994853138923645,0.9773163795471191,1.0,0.881465494632721,0.9895833134651184,0.12838153541088104,0.7487950921058655,0.000310945266392082,0.01803482510149479
450,-26.8148,-2.0145,-28.8293,-28.8359,-2.0469,2.0,0.0,0.991540789604187,0.9712279438972473,0.8928571343421936,0.9323671460151672,0.9635416865348816,0.1286536008119583,0.7416433691978455,0.0010883084032684565,0.02413712628185749
455,-26.8645,-2.1109,-28.9754,-28.4531,-2.9531,2.0,0.0,0.9930555820465088,0.9601742029190063,0.9583333134651184,0.9392405152320862,0.9639136791229248,0.12313432991504669,0.7407493591308594,0.0009328357991762459,0.03070584498345852
460,-26.7176,-2.1551,-28.8727,-28.4453,-2.8984,2.0,0.0,0.9922665357589722,0.9637028574943542,0.9666666388511658,0.9097937941551208,0.964657723903656,0.13067474961280823,0.7335199117660522,0.0011660447344183922,0.030161691829562187
465,-26.7367,-2.0957,-28.8324,-28.8984,-2.1094,2.0,0.0,0.9900497794151306,0.9621043801307678,1.0,0.9718706011772156,0.991815447807312,0.1328125,0.734375,0.0006996268639340997,0.02763526141643524
470,-26.9031,-2.016,-28.9191,-28.8594,-2.1875,2.0,0.0,0.9908747673034668,0.965607225894928,0.9736841917037964,0.9019607901573181,0.9836309552192688,0.12352301180362701,0.744752824306488,0.001476990059018135,0.025769589468836784
475,-26.8941,-2.123,-29.0172,-28.4609,-3.0312,2.0,0.0,0.9923248887062073,0.9582436084747314,1.0,0.9175500869750977,0.96875,0.12154073268175125,0.7400108575820923,0.0009717039647512138,0.03299906849861145
480,-26.723,-2.3164,-29.0395,-27.5312,-4.6094,2.0,0.0,0.9888923168182373,0.9508852362632751,0.96875,0.9024630784988403,0.9627976417541504,0.1259717047214508,0.7288557291030884,0.001243781065568328,0.03945118188858032
485,-26.8512,-2.0273,-28.8785,-29.2344,-1.4609,2.0,0.0,0.9942161440849304,0.9649656414985657,1.0,0.9280359745025635,0.9858630895614624,0.1276818960905075,0.7410991787910461,0.0008162313606590033,0.025925062596797943
490,-26.6969,-2.3465,-29.0434,-28.2734,-3.4297,2.0,0.0,0.9925581216812134,0.9519923329353333,1.0,0.9031946063041687,0.9397321343421936,0.12534981966018677,0.7286613583564758,0.0013603855622932315,0.04015081003308296
495,-26.8422,-2.1379,-28.9801,-28.8516,-2.1328,2.0,0.0,0.9884374737739563,0.9593791365623474,1.0,0.9195544719696045,0.9702380895614624,0.12437810748815536,0.7386893630027771,0.0010494403541088104,0.03140547126531601
500,-26.6008,-2.6969,-29.2977,-27.7188,-4.4453,2.0,0.0,0.9859424829483032,0.9300233125686646,0.9200000166893005,0.8497519493103027,0.9438244104385376,0.1216573417186737,0.717078685760498,0.0019434079295024276,0.05484297126531601
505,-26.3926,-3.0195,-29.4121,-26.2266,-7.4297,2.0,0.0,0.9912499785423279,0.9186259508132935,0.9354838728904724,0.7887789011001587,0.9267113208770752,0.12437810748815536,0.6992770433425903,0.00120491289999336,0.07066231220960617
510,-26.2754,-3.2352,-29.5105,-25.6641,-8.4141,2.0,0.0,0.9857640266418457,0.9091163873672485,0.8627451062202454,0.744670033454895,0.9386160969734192,0.12286224961280823,0.6941075921058655,0.0019822760950773954,0.07657027244567871
515,-26.3703,-2.873,-29.2434,-26.8359,-6.1406,2.0,0.0,0.987106442451477,0.9283931255340576,0.9230769276618958,0.8497251272201538,0.9170386791229248,0.12962530553340912,0.7007540464401245,0.001515858224593103,0.06362717598676682
520,-26.6523,-2.4203,-29.0727,-27.6172,-4.5781,2.0,0.0,0.994853138923645,0.9459284543991089,0.9729729890823364,0.8878092169761658,0.953497052192688,0.12838153541088104,0.7217040061950684,0.0014381218934431672,0.043998755514621735
525,-26.4711,-2.8168,-29.2879,-26.8906,-6.0312,2.0,0.0,0.9861496090888977,0.923571765422821,0.9791666865348816,0.8553984761238098,0.9497767686843872,0.12628264725208282,0.7068952322006226,0.0018656715983524919,0.060478854924440384
530,-26.257,-3.3211,-29.5781,-26.3594,-7.0703,2.0,0.0,0.98197340965271,0.8902956247329712,0.9506173133850098,0.8365018963813782,0.9523809552192688,0.12290111929178238,0.6876943111419678,0.0031483208294957876,0.08177860826253891
535,-25.95,-3.6609,-29.6109,-26.7344,-6.1797,2.0,0.0,0.9833630323410034,0.8852735757827759,0.8166666626930237,0.794987678527832,0.9051339030265808,0.13083022832870483,0.6677549481391907,0.0023320894688367844,0.09460510313510895
540,-25.9785,-3.8008,-29.7793,-25.6719,-8.4922,2.0,0.0,0.9781318306922913,0.881980299949646,0.9350649118423462,0.7675018310546875,0.874627947807312,0.12441697716712952,0.6626243591308594,0.002992848167195916,0.10548818111419678
545,-25.4793,-4.5918,-30.0711,-25.1016,-9.6094,2.0,0.0,0.9681528806686401,0.8532947301864624,0.7962962985038757,0.6905040740966797,0.8452380895614624,0.12814831733703613,0.6305581331253052,0.004197761416435242,0.13261815905570984
550,-25.3707,-4.9203,-30.291,-24.7969,-10.2188,2.0,0.0,0.9684503674507141,0.8373224139213562,0.8151260614395142,0.6574097871780396,0.8411458134651184,0.1256607621908188,0.6154773235321045,0.004625311121344566,0.14975902438163757
555,-24.9352,-5.7891,-30.7242,-22.8438,-14.1016,2.0,0.0,0.9698681831359863,0.8150491118431091,0.8115941882133484,0.545697808265686,0.8210565447807312,0.12383395433425903,0.5775030851364136,0.005363806150853634,0.18882152438163757
560,-24.3922,-6.6805,-31.0727,-22.4297,-14.9062,2.0,0.0,0.963783323764801,0.8200809359550476,0.6176470518112183,0.4140474200248718,0.7752976417541504,0.12985852360725403,0.5377021431922913,0.006607586983591318,0.2213541716337204
565,-23.9574,-7.4703,-31.4277,-21.4219,-16.7578,2.0,0.0,0.9644970297813416,0.8180689215660095,0.6127451062202454,0.34707850217819214,0.7176339030265808,0.13137437403202057,0.5007773637771606,0.007929104380309582,0.2554415464401245
570,-25.0406,-5.5266,-30.5672,-22.0312,-15.4922,2.0,0.0,0.9784814119338989,0.8509222865104675,0.6854838728904724,0.47535133361816406,0.8229166865348816,0.12643812596797943,0.590018630027771,0.00481965159997344,0.1742459535598755
575,-25.1812,-5.1352,-30.3164,-22.8203,-14.0781,2.0,0.0,0.9797317385673523,0.8687608242034912,0.6836734414100647,0.4684079587459564,0.8612351417541504,0.13040266931056976,0.6050606369972229,0.0038090795278549194,0.15625
580,-25.0137,-5.8289,-30.8426,-22.3516,-15.0625,2.0,0.0,0.9838657379150391,0.873560905456543,0.6168224215507507,0.36036941409111023,0.7998511791229248,0.12045242637395859,0.5773087739944458,0.004158893134444952,0.1936022937297821
585,-25.6672,-4.2805,-29.9477,-22.2734,-15.0781,2.0,0.0,0.9864007234573364,0.9024789333343506,0.5901639461517334,0.4673604667186737,0.9107142686843872,0.12861473858356476,0.64128577709198,0.002370957750827074,0.12325093150138855
590,-25.9426,-3.9289,-29.8715,-23.5312,-12.6797,2.0,0.0,0.9883170127868652,0.9023056030273438,0.7317073345184326,0.5650176405906677,0.8872767686843872,0.12309546023607254,0.6608364582061768,0.0015935945557430387,0.10999689251184464
595,-26.6574,-2.6223,-29.2797,-26.2188,-7.4688,2.0,0.0,0.995192289352417,0.948009729385376,0.7083333134651184,0.6624737977981567,0.941220223903656,0.12126865983009338,0.7177005410194397,0.0009328357991762459,0.055620335042476654
600,-26.6613,-2.1387,-28.8,-28.3203,-3.1484,2.0,0.0,0.9965447783470154,0.9674853086471558,0.8181818127632141,0.8847795128822327,0.9654017686843872,0.13498911261558533,0.7327814102172852,0.00042754976311698556,0.027324315160512924
605,-26.5055,-2.6484,-29.1539,-25.7109,-8.3906,2.0,0.0,0.9966686964035034,0.9490934610366821,0.7894737124443054,0.6819526553153992,0.941220223903656,0.1283426582813263,0.7138915061950684,0.0007384950295090675,0.05254974961280823
610,-26.0844,-3.5516,-29.6359,-23.2188,-12.8828,2.0,0.0,0.9925788640975952,0.9255154132843018,0.5945945978164673,0.5169779062271118,0.9084821343421936,0.12569962441921234,0.6768112778663635,0.0014381218934431672,0.09157337993383408
615,-26.5441,-2.8875,-29.4316,-24.8125,-10.2344,2.0,0.0,0.9954143762588501,0.9444413781166077,0.6296296119689941,0.5523012280464172,0.929315447807312,0.11866448819637299,0.7107820510864258,0.0010494403541088104,0.0650264322757721
620,-26.7836,-2.2445,-29.0281,-26.8125,-6.2344,2.0,0.0,0.9927831888198853,0.9627981185913086,0.8235294222831726,0.738095223903656,0.9609375,0.12387282401323318,0.7334421873092651,0.0006607586983591318,0.03754664212465286
625,-26.6398,-2.4383,-29.0781,-26.25,-7.3594,2.0,0.0,0.995176374912262,0.9578607678413391,1.0,0.6648600101470947,0.9542410969734192,0.12892568111419678,0.7231420874595642,0.00042754976311698556,0.04302705079317093
630,-26.1906,-3.4855,-29.6762,-24.0625,-11.6172,2.0,0.0,0.9946253299713135,0.9209578633308411,0.4166666567325592,0.5611205697059631,0.9069940447807312,0.12293998897075653,0.6800761818885803,0.0009328357991762459,0.09157337993383408
635,-26.7137,-2.3234,-29.0371,-26.0938,-7.625,2.0,0.0,0.9966143369674683,0.9612618088722229,0.8333333134651184,0.6709741353988647,0.9668898582458496,0.12628264725208282,0.7294387221336365,0.0006996268639340997,0.03910136967897415
640,-26.4016,-3.0098,-29.4113,-24.2266,-11.1719,2.0,0.0,0.9927989840507507,0.9373679161071777,0.8333333134651184,0.613882839679718,0.9252232313156128,0.12414489686489105,0.6987717747688293,0.0009328357991762459,0.07167288661003113
645,-26.9582,-2.009,-28.9672,-27.125,-5.5859,2.0,0.0,0.9974432587623596,0.9717767238616943,0.6666666865348816,0.6776504516601562,0.9795386791229248,0.12161847203969955,0.74642413854599,0.00034981343196704984,0.027129974216222763
650,-25.723,-4.348,-30.0711,-22.2266,-15.3594,2.0,0.0,0.9944203495979309,0.9206012487411499,0.4000000059604645,0.35555556416511536,0.8854166865348816,0.12538868188858032,0.64128577709198,0.0011660447344183922,0.1276818960905075
655,-25.816,-4.1539,-29.9699,-21.6953,-16.1406,2.0,0.0,0.9940457344055176,0.9320133328437805,0.5319148898124695,0.33684903383255005,0.878720223903656,0.1240282952785492,0.6517412662506104,0.001826803432777524,0.11792599409818649
660,-25.6223,-4.4148,-30.0371,-21.7188,-16.3984,2.0,0.0,0.9951778054237366,0.9250290989875793,0.4166666567325592,0.3506647050380707,0.8705357313156128,0.12896455824375153,0.6340562701225281,0.0009328357991762459,0.13156871497631073
665,-25.9453,-3.7078,-29.6531,-22.3203,-14.9844,2.0,0.0,0.9949329495429993,0.9311830401420593,0.4375,0.43884599208831787,0.9029017686843872,0.13040266931056976,0.6675994992256165,0.0018656715983524919,0.09565453976392746
670,-26.9887,-1.7512,-28.7398,-28.7812,-2.2734,2.0,0.0,0.9969419240951538,0.983445942401886,1.0,0.8729729652404785,0.984747052192688,0.12709887325763702,0.7536924481391907,0.00034981343196704984,0.014381218701601028
675,-26.6301,-2.4168,-29.0469,-25.875,-7.9453,2.0,0.0,0.9966827630996704,0.9558209180831909,0.7142857313156128,0.6740172505378723,0.9735863208770752,0.12888681888580322,0.7258239984512329,0.0002720771008171141,0.040539488196372986
680,-26.7805,-2.1594,-28.9398,-26.5938,-6.6719,2.0,0.0,0.9987797141075134,0.9660873413085938,0.9230769276618958,0.7224938869476318,0.976190447807312,0.12740983068943024,0.7358131408691406,0.0005052860942669213,0.03179415315389633
685,-26.566,-2.668,-29.234,-24.2031,-11.3125,2.0,0.0,0.997502326965332,0.9524611830711365,0.6153846383094788,0.5564174652099609,0.960565447807312,0.12449471652507782,0.7154073119163513,0.0005052860942669213,0.055115051567554474
690,-26.3676,-3.025,-29.3926,-23.0469,-13.5781,2.0,0.0,0.9972213506698608,0.9460678100585938,0.375,0.49559956789016724,0.941220223903656,0.1258939653635025,0.6983442306518555,0.000621890532784164,0.07066231220960617
695,-26.1094,-3.307,-29.4164,-23.2344,-13.25,2.0,0.0,0.9950767159461975,0.9395460486412048,0.523809552192688,0.4729330837726593,0.9382440447807312,0.13421174883842468,0.681514322757721,0.0008162313606590033,0.07898010313510895
700,-26.734,-2.2477,-28.9816,-25.5859,-8.7109,2.0,0.0,0.9993926286697388,0.9651119709014893,0.4285714328289032,0.6478121876716614,0.9787946343421936,0.12799285352230072,0.7308380007743835,0.0002720771008171141,0.03641946613788605
705,-26.7605,-2.1441,-28.9047,-26.4844,-6.8438,2.0,0.0,0.9990993738174438,0.9668236374855042,0.7777777910232544,0.737827718257904,0.980282723903656,0.1294698417186737,0.7345693111419678,0.00034981343196704984,0.031133394688367844
710,-26.9691,-1.9121,-28.8813,-27.8047,-4.2969,2.0,0.0,0.9977784752845764,0.9717821478843689,1.0,0.8347979187965393,0.988467276096344,0.1224735677242279,0.7506996393203735,0.00023320894979406148,0.022115983068943024
715,-26.9082,-2.1336,-29.0418,-26.7188,-6.4219,2.0,0.0,0.9977578520774841,0.9635132551193237,0.625,0.7459396719932556,0.9706101417541504,0.12134639173746109,0.740360677242279,0.000310945266392082,0.03350435197353363
720,-26.9312,-1.8262,-28.7574,-28.8594,-2.1172,2.0,0.0,0.9957355856895447,0.9793664813041687,0.8823529481887817,0.8913525342941284,0.9869791865348816,0.1276041716337204,0.7497279047966003,0.0006607586983591318,0.01752953976392746
725,-27.0582,-1.843,-28.9012,-28.625,-2.7266,2.0,0.0,0.9948303699493408,0.9747704267501831,1.0,0.9162113070487976,0.96875,0.12029695510864258,0.7533426880836487,0.0005441542016342282,0.02133861929178238
730,-27.1137,-1.6922,-28.8059,-28.5547,-2.8203,2.0,0.0,0.9974514245986938,0.9826791286468506,1.0,0.9090909361839294,0.9832589030265808,0.12200715392827988,0.75847327709198,0.0005052860942669213,0.014536691829562187
735,-27.0195,-1.8277,-28.8473,-28.2188,-3.4922,2.0,0.0,1.0,0.97749263048172,1.0,0.863198459148407,0.9739583134651184,0.12406716495752335,0.7512049078941345,7.77363165980205e-05,0.02017257548868656
740,-27.2375,-1.5289,-28.7664,-29.1875,-1.4375,2.0,0.0,0.9980487823486328,0.9887993335723877,1.0,0.9610389471054077,0.9940476417541504,0.11951959133148193,0.7669076323509216,0.00011660447489703074,0.008978544734418392
745,-26.898,-1.9617,-28.8598,-27.9609,-3.9141,2.0,0.0,0.9972434639930725,0.9721657633781433,1.0,0.8321917653083801,0.9776785969734192,0.12690454721450806,0.7456856369972229,0.00023320894979406148,0.022699005901813507
750,-26.7719,-2.1871,-28.959,-26.7109,-6.3672,2.0,0.0,0.9951249361038208,0.9652822017669678,0.692307710647583,0.7015834450721741,0.9791666865348816,0.12756529450416565,0.735541045665741,0.0005052860942669213,0.03191075846552849
755,-27.1219,-1.582,-28.7039,-29.3594,-1.2344,2.0,0.0,0.9984399080276489,0.9892478585243225,1.0,0.9377990365028381,0.9944196343421936,0.12457244843244553,0.7627487778663635,7.77363165980205e-05,0.008123445324599743
760,-26.9066,-2.0348,-28.9414,-26.9531,-6.0,2.0,0.0,0.9968691468238831,0.9711790084838867,0.6666666865348816,0.7388268113136292,0.9698660969734192,0.12414489686489105,0.7430814504623413,0.00046641789958812296,0.027829602360725403
765,-27.0508,-1.6762,-28.727,-29.125,-1.6094,2.0,0.0,0.997852087020874,0.9854142069816589,1.0,0.8594771027565002,0.996279776096344,0.12667132914066315,0.7568019032478333,0.000155472633196041,0.01189365703612566
770,-26.7824,-2.1121,-28.8945,-26.8359,-6.2578,2.0,0.0,0.997890293598175,0.968758225440979,0.7777777910232544,0.7159686088562012,0.984747052192688,0.12896455824375153,0.7365127205848694,0.00034981343196704984,0.02969527430832386
775,-26.9324,-1.9539,-28.8863,-27.4844,-4.9141,2.0,0.0,0.9981383681297302,0.9713332653045654,0.800000011920929,0.7955271601676941,0.988095223903656,0.12527208030223846,0.7457244992256165,0.00019434079877100885,0.02433146722614765
780,-26.982,-1.9074,-28.8895,-27.9141,-4.0312,2.0,0.0,0.9974691271781921,0.9709100127220154,1.0,0.8892674446105957,0.9828869104385376,0.12286224961280823,0.7495724558830261,0.0002720771008171141,0.022815609350800514
785,-27.0137,-1.7527,-28.7664,-28.8828,-2.0938,2.0,0.0,0.998464822769165,0.9811816811561584,1.0,0.8845144510269165,0.9892113208770752,0.12659358978271484,0.7538868188858032,0.00023320894979406148,0.014808768406510353
790,-26.9582,-1.8367,-28.7949,-28.6016,-2.6328,2.0,0.0,0.9987819790840149,0.9774295687675476,1.0,0.8592436909675598,0.9877232313156128,0.12764303386211395,0.7491060495376587,0.0002720771008171141,0.018501244485378265
795,-26.723,-2.3258,-29.0488,-26.4219,-6.9922,2.0,0.0,0.9953517317771912,0.9522769451141357,0.8666666746139526,0.8044965863227844,0.9776785969734192,0.12542754411697388,0.7297496795654297,0.0005830223672091961,0.03976212814450264
800,-26.6504,-2.5871,-29.2375,-26.2344,-7.3438,2.0,0.0,0.9914149641990662,0.9433870911598206,0.9166666865348816,0.7651057243347168,0.937872052192688,0.12224035710096359,0.7208877205848694,0.0009328357991762459,0.051461443305015564
805,-26.6461,-2.3789,-29.025,-26.7734,-6.4062,2.0,0.0,0.9975925087928772,0.9516732692718506,1.0,0.8025922179222107,0.9672619104385376,0.1291588991880417,0.727067768573761,0.000310945266392082,0.038984764367341995
810,-26.5355,-2.7582,-29.2938,-25.2891,-9.2578,2.0,0.0,0.9962406158447266,0.9315935969352722,0.8571428656578064,0.7894039750099182,0.9386160969734192,0.12406716495752335,0.7119480967521667,0.0008162313606590033,0.05869092047214508
815,-26.8535,-1.9957,-28.8492,-27.8672,-4.0781,2.0,0.0,0.9966857433319092,0.9682373404502869,1.0,0.8904761672019958,0.9869791865348816,0.12900342047214508,0.7415655851364136,0.00046641789958812296,0.02448694035410881
820,-26.9695,-1.8563,-28.8258,-28.4922,-2.9453,2.0,0.0,0.9993815422058105,0.974593460559845,1.0,0.8942652344703674,0.988095223903656,0.12569962441921234,0.7480954527854919,3.886815829901025e-05,0.0216884333640337
825,-26.7629,-2.307,-29.0699,-26.125,-7.6094,2.0,0.0,0.9974976778030396,0.9531822204589844,1.0,0.7753259539604187,0.9773065447807312,0.12426150590181351,0.7322372794151306,0.0002720771008171141,0.03875155374407768
830,-26.7563,-2.3684,-29.1246,-26.3516,-7.2266,2.0,0.0,0.9977763891220093,0.9518554210662842,0.8666666746139526,0.763603925704956,0.9639136791229248,0.12235696613788605,0.7290111780166626,0.0005830223672091961,0.04357120767235756
835,-27.0996,-1.5914,-28.691,-29.4922,-0.9219,2.0,0.0,0.9990723729133606,0.989901065826416,1.0,1.0,0.9851190447807312,0.12569962441921234,0.76204913854599,0.000155472633196041,0.007618159055709839
840,-26.8211,-2.132,-28.9531,-27.5469,-4.6719,2.0,0.0,0.9972290396690369,0.9608752727508545,0.9166666865348816,0.8650306463241577,0.976190447807312,0.12624378502368927,0.7371346354484558,0.00046641789958812296,0.031677551567554474
845,-26.7391,-2.2129,-28.952,-27.7578,-4.2969,2.0,0.0,0.994542121887207,0.9571670889854431,0.9285714030265808,0.8819444179534912,0.9758184552192688,0.12818719446659088,0.733208954334259,0.0005441542016342282,0.033582091331481934
850,-27.0164,-1.8012,-28.8176,-28.9219,-1.9219,2.0,0.0,0.9968730211257935,0.9771729707717896,1.0,0.9303797483444214,0.984002947807312,0.12430037558078766,0.7526041865348816,0.00019434079877100885,0.01842350699007511
855,-26.8891,-1.9797,-28.8687,-28.5234,-2.8828,2.0,0.0,0.9914215803146362,0.9679004549980164,1.0,0.9552000164985657,0.9799107313156128,0.1268656700849533,0.7434701323509216,0.0008939676336012781,0.02429259940981865
860,-26.707,-2.5031,-29.2102,-26.3672,-7.0312,2.0,0.0,0.9951876997947693,0.9418281316757202,1.0,0.7866556644439697,0.9624255895614624,0.12115205079317093,0.7262904047966003,0.0008939676336012781,0.04718594625592232
865,-27.0199,-1.6992,-28.7191,-29.2734,-1.2188,2.0,0.0,0.9960256814956665,0.9828765392303467,1.0,0.9968051314353943,0.996279776096344,0.12713775038719177,0.7558690905570984,0.00034981343196704984,0.012165733613073826
870,-27.0172,-1.7375,-28.7547,-28.5547,-2.7266,2.0,0.0,0.9987565875053406,0.9807751774787903,1.0,0.9698629975318909,0.988467276096344,0.12503886222839355,0.756141185760498,0.000155472633196041,0.014186877757310867
875,-27.2551,-1.4785,-28.7336,-29.3281,-1.2734,2.0,0.0,1.0,0.9911128878593445,0.0,1.0,0.9981398582458496,0.11948072165250778,0.7697450518608093,0.0,0.006296641658991575
880,-27.0434,-1.7543,-28.7977,-28.2969,-3.1484,2.0,0.0,0.9974882006645203,0.9811310768127441,0.75,0.8578553795814514,0.9858630895614624,0.12379508465528488,0.755985677242279,0.000155472633196041,0.015586132183670998
885,-27.0867,-1.5727,-28.6594,-29.4453,-1.0156,2.0,0.0,0.9990820288658142,0.9905169606208801,1.0,1.0,0.9966517686843872,0.12702114880084991,0.7623600959777832,3.886815829901025e-05,0.006102301180362701
890,-26.9055,-1.8859,-28.7914,-28.3125,-3.2344,2.0,0.0,0.9990919828414917,0.975660502910614,1.0,0.8851485252380371,0.9817708134651184,0.1284203976392746,0.7473569512367249,0.00011660447489703074,0.01962842047214508
895,-27.1176,-1.5379,-28.6555,-29.6328,-0.6641,2.0,0.0,0.9975407123565674,0.9930219650268555,0.800000011920929,0.9798657894134521,0.9940476417541504,0.12643812596797943,0.7630985975265503,0.00019434079877100885,0.0057913558557629585
900,-27.0406,-1.5793,-28.6199,-29.6406,-0.625,2.0,0.0,0.9975917935371399,0.9924865961074829,1.0,0.9513888955116272,0.9970238208770752,0.12912002205848694,0.7604555487632751,0.00034981343196704984,0.005597014911472797
905,-27.1004,-1.6074,-28.7078,-29.4688,-0.9453,2.0,0.0,0.9975000023841858,0.9878713488578796,1.0,1.0,0.9914434552192688,0.12437810748815536,0.76270991563797,0.00034981343196704984,0.00808457750827074
910,-27.1359,-1.4918,-28.6277,-29.5938,-0.7188,2.0,0.0,0.9996924996376038,0.9952791929244995,0.6666666865348816,0.9176470637321472,1.0,0.12639924883842468,0.7657027244567871,0.00011660447489703074,0.003303793491795659
915,-27.0152,-1.7484,-28.7637,-28.6953,-2.4688,2.0,0.0,0.9996944665908813,0.9812741875648499,0.75,0.8571428656578064,0.9933035969734192,0.12721548974514008,0.7534592747688293,0.000155472633196041,0.014692164026200771
920,-27.1957,-1.5715,-28.7672,-29.2109,-1.4609,2.0,0.0,0.9990313053131104,0.9871814250946045,1.0,0.9556650519371033,0.9910714030265808,0.12037468701601028,0.7671408653259277,0.00011660447489703074,0.00789023656398058
925,-26.9449,-1.848,-28.793,-27.5312,-4.6328,2.0,0.0,0.9981916546821594,0.9779530167579651,1.0,0.7697516679763794,0.9947916865348816,0.12896455824375153,0.7492614984512329,7.77363165980205e-05,0.01721859537065029
930,-27.0242,-1.5887,-28.6129,-29.2656,-1.3281,2.0,0.0,0.9988052845001221,0.9917033910751343,1.0,0.9622641801834106,1.0,0.1301306039094925,0.7589396834373474,0.0002720771008171141,0.0061800372786819935
935,-27.1184,-1.6195,-28.7379,-28.7344,-2.4844,2.0,0.0,1.0,0.9870282411575317,1.0,0.8999999761581421,0.9906994104385376,0.12430037558078766,0.7610774040222168,3.886815829901025e-05,0.010105721652507782
940,-27.1285,-1.5008,-28.6293,-29.5391,-0.8281,2.0,0.0,0.9996924996376038,0.9946640729904175,1.0,0.9541284441947937,1.0,0.12639924883842468,0.7648476362228394,3.886815829901025e-05,0.004236629232764244
945,-27.0305,-1.7086,-28.7391,-28.3984,-3.1328,2.0,0.0,0.9990797638893127,0.9854461550712585,1.0,0.826347291469574,0.9858630895614624,0.1267102062702179,0.7557913661003113,3.886815829901025e-05,0.012981965206563473
950,-27.0055,-1.5887,-28.5941,-29.6484,-0.5156,2.0,0.0,1.0,0.9929303526878357,1.0,1.0,0.9933035969734192,0.13141325116157532,0.7587064504623413,0.00011660447489703074,0.0052860695868730545
955,-26.9895,-1.691,-28.6805,-28.9297,-2.0234,2.0,0.0,1.0,0.9861504435539246,1.0,0.9090909361839294,0.991815447807312,0.12943096458911896,0.7549362778663635,3.886815829901025e-05,0.011116293258965015
960,-27.2676,-1.3867,-28.6543,-29.7578,-0.3906,2.0,0.0,0.9993696808815002,0.9983363747596741,1.0,1.0,1.0,0.12332867085933685,0.7709888219833374,0.000155472633196041,0.0010494403541088104
965,-27.1848,-1.55,-28.7348,-28.7891,-2.2812,2.0,0.0,1.0,0.9905535578727722,0.5,0.8550000190734863,0.9899553656578064,0.12235696613788605,0.7653140425682068,7.77363165980205e-05,0.00777363171800971
970,-27.118,-1.5711,-28.6891,-29.0781,-1.75,2.0,0.0,0.9993817806243896,0.9909730553627014,1.0,0.8571428656578064,0.9944196343421936,0.1257385015487671,0.7621268630027771,3.886815829901025e-05,0.007618159055709839
975,-27.1949,-1.4195,-28.6145,-29.8281,-0.2266,2.0,0.0,1.0,0.9985330700874329,0.0,1.0,1.0,0.12639924883842468,0.7683846354484558,0.0,0.0007384950295090675
980,-27.2137,-1.4172,-28.6309,-29.7734,-0.3594,2.0,0.0,1.0,0.9979290962219238,0.0,1.0,1.0,0.12441697716712952,0.7695118188858032,0.0,0.0015935945557430387
985,-27.1562,-1.4512,-28.6074,-29.8438,-0.2422,2.0,0.0,0.9990757703781128,0.997873067855835,0.0,0.978723406791687,0.9985119104385376,0.12616604566574097,0.7675295472145081,0.0,0.001826803432777524
990,-27.0492,-1.4941,-28.5434,-29.6875,-0.5078,2.0,0.0,1.0,0.9984180331230164,0.0,1.0,0.999627947807312,0.1326570212841034,0.7616604566574097,0.0,0.00120491289999336
995,-27.1191,-1.4586,-28.5777,-29.7422,-0.3984,2.0,0.0,0.9996985197067261,0.9988830089569092,0.0,0.9629629850387573,0.9973958134651184,0.12892568111419678,0.7655472755432129,0.0,0.0010494403541088104
1000,-27.1664,-1.5,-28.6664,-29.1875,-1.4609,2.0,0.0,1.0,0.9951350688934326,0.0,0.8629032373428345,0.9892113208770752,0.12371735274791718,0.7669853568077087,0.0,0.00481965159997344
1005,-27.048,-1.6898,-28.7379,-28.2109,-3.4844,2.0,0.0,0.998763918876648,0.985802173614502,1.0,0.7766323089599609,0.9929315447807312,0.12577736377716064,0.758317768573761,0.00011660447489703074,0.011310634203255177
1010,-26.5859,-2.5543,-29.1402,-24.4453,-10.9922,2.0,0.0,0.9996941685676575,0.9622600674629211,0.4285714328289032,0.47318610548973083,0.9720982313156128,0.12709887325763702,0.7188665866851807,0.0002720771008171141,0.04928482696413994
1015,-27.1617,-1.4824,-28.6441,-29.3594,-1.2109,2.0,0.0,0.9996887445449829,0.9949852824211121,0.0,0.929411768913269,0.9992559552192688,0.12488339841365814,0.7673351764678955,0.0,0.003303793491795659
1020,-27.1406,-1.4555,-28.5961,-29.7656,-0.3984,2.0,0.0,1.0,0.997872531414032,0.0,1.0,0.9992559552192688,0.12667132914066315,0.7673351764678955,0.0,0.001515858224593103
1025,-27.1613,-1.5055,-28.6668,-29.4062,-1.1641,2.0,0.0,1.0,0.9933953285217285,0.0,0.868852436542511,0.999627947807312,0.1257385015487671,0.7650420069694519,0.0,0.004741915501654148
1030,-27.125,-1.4785,-28.6035,-29.6641,-0.6016,2.0,0.0,1.0,0.9972061514854431,1.0,0.9420289993286133,0.995907723903656,0.12764303386211395,0.7651585936546326,3.886815829901025e-05,0.002681903075426817
1035,-27.0953,-1.641,-28.7363,-28.2422,-3.375,2.0,0.0,1.0,0.9879641532897949,0.5,0.8409894108772278,0.984747052192688,0.12554416060447693,0.7589008212089539,7.77363165980205e-05,0.010999688878655434
1040,-26.8684,-1.8617,-28.7301,-27.5156,-4.8516,2.0,0.0,0.9994109272956848,0.9831674098968506,1.0,0.6718061566352844,0.988467276096344,0.13195739686489105,0.7458410859107971,7.77363165980205e-05,0.017646145075559616
1045,-26.9621,-1.8863,-28.8484,-26.4531,-6.9062,2.0,0.0,0.9996899962425232,0.9821085929870605,0.5,0.5355086326599121,0.9873511791229248,0.12538868188858032,0.749494731426239,0.0003886815975420177,0.020250311121344566
1050,-27.2313,-1.4184,-28.6496,-29.8125,-0.3047,2.0,0.0,1.0,0.9971219301223755,0.0,1.0,0.999627947807312,0.12375622242689133,0.7697839140892029,0.0,0.0019822760950773954
1055,-27.0363,-1.7508,-28.7871,-27.4844,-4.9141,2.0,0.0,1.0,0.9851512908935547,1.0,0.6155914068222046,0.9899553656578064,0.12449471652507782,0.7564910054206848,7.77363165980205e-05,0.014458955265581608
1060,-27.0574,-1.827,-28.8844,-27.2109,-5.4844,2.0,0.0,0.9993616342544556,0.9773664474487305,1.0,0.6876227855682373,0.9973958134651184,0.12177394330501556,0.7538868188858032,7.77363165980205e-05,0.01978389360010624
1065,-26.7949,-2.3625,-29.1574,-23.7969,-12.125,2.0,0.0,0.998389720916748,0.9714528918266296,0.1111111119389534,0.4044843018054962,0.969122052192688,0.1206856369972229,0.7311489582061768,0.00034981343196704984,0.043337997049093246
1070,-27.2176,-1.4281,-28.6457,-29.5078,-0.8672,2.0,0.0,1.0,0.9973242878913879,1.0,0.7727272510528564,1.0,0.12387282401323318,0.7699005007743835,3.886815829901025e-05,0.0017101990524679422
1075,-27.0316,-1.8293,-28.8609,-27.1406,-5.625,2.0,0.0,1.0,0.9811418056488037,0.20000000298023224,0.6004098653793335,0.9906994104385376,0.12406716495752335,0.7522932291030884,0.00019434079877100885,0.018967662006616592
1080,-27.0934,-1.8629,-28.9562,-26.5234,-6.8828,2.0,0.0,1.0,0.9823965430259705,0.6666666865348816,0.46140652894973755,0.984375,0.11761505156755447,0.7551305890083313,0.00011660447489703074,0.022660136222839355
1085,-26.9992,-1.8039,-28.8031,-27.0078,-5.8672,2.0,0.0,0.9996908903121948,0.9843580722808838,1.0,0.5555555820465088,0.991815447807312,0.1257385015487671,0.75291508436203,7.77363165980205e-05,0.016791045665740967
1090,-26.7727,-2.1082,-28.8809,-25.1875,-9.4141,2.0,0.0,0.9993999600410461,0.9783684015274048,0.30000001192092896,0.4347202181816101,0.9888392686843872,0.129547581076622,0.7384950518608093,0.0003886815975420177,0.02709110639989376
1095,-26.9527,-1.8418,-28.7945,-26.7031,-6.3828,2.0,0.0,1.0,0.9847683906555176,0.0,0.5373134613037109,0.9899553656578064,0.1268656700849533,0.7502332329750061,0.00019434079877100885,0.01822916604578495
1100,-27.0309,-1.4969,-28.5277,-29.8906,-0.1016,2.0,0.0,0.9997075200080872,0.9989799857139587,1.0,1.0,1.0,0.1328902393579483,0.7620880007743835,3.886815829901025e-05,0.0005052860942669213
1105,-27.1012,-1.4957,-28.5969,-29.4375,-0.9609,2.0,0.0,0.9996992349624634,0.996335506439209,0.0,0.9104477763175964,1.0,0.1292366236448288,0.7636815905570984,0.0,0.0026041667442768812
1110,-27.143,-1.6359,-28.7789,-27.7969,-4.3594,2.0,0.0,1.0,0.9881711006164551,1.0,0.625,0.9936755895614624,0.12227922677993774,0.7623212337493896,3.886815829901025e-05,0.010883084498345852
1115,-26.6355,-2.4914,-29.127,-23.1641,-13.2734,2.0,0.0,0.9993842244148254,0.9766942262649536,0.095238097012043,0.2532637119293213,0.9747023582458496,0.12624378502368927,0.7238028645515442,0.0008162313606590033,0.04465951398015022
1120,-27.1539,-1.5496,-28.7035,-28.4766,-2.8594,2.0,0.0,1.0,0.9954302906990051,0.0,0.37142857909202576,0.9947916865348816,0.12313432991504669,0.7655084133148193,7.77363165980205e-05,0.006801927927881479
1125,-26.3883,-3.1336,-29.5219,-21.3828,-16.7891,2.0,0.0,0.9977713823318481,0.9683992862701416,0.09090909361839294,0.23346897959709167,0.9382440447807312,0.12208488583564758,0.6961675882339478,0.0008550995262339711,0.0764148011803627
1130,-27.0551,-1.8035,-28.8586,-26.7734,-6.3125,2.0,0.0,0.9993612170219421,0.9860010147094727,0.3333333432674408,0.47268906235694885,0.9858630895614624,0.12169620394706726,0.7552083134651184,0.00011660447489703074,0.018501244485378265
1135,-27.0457,-1.732,-28.7777,-27.0781,-5.7031,2.0,0.0,0.9993728399276733,0.9873800873756409,0.3333333432674408,0.5267605781555176,0.9936755895614624,0.12395056337118149,0.7576570510864258,0.00011660447489703074,0.01379819680005312
1140,-26.6418,-2.3441,-28.9859,-24.4609,-10.8906,2.0,0.0,0.9988105893135071,0.9752981066703796,0.3333333432674408,0.3841400742530823,0.9743303656578064,0.13071362674236298,0.7269511818885803,0.00011660447489703074,0.037740983068943024
1145,-26.7887,-2.2332,-29.0219,-24.7031,-10.3359,2.0,0.0,0.9996885657310486,0.9753217101097107,0.30000001192092896,0.4316239356994629,0.9758184552192688,0.12480565905570984,0.7339474558830261,0.0003886815975420177,0.036380596458911896
1150,-26.6965,-2.5172,-29.2137,-23.7109,-12.3203,2.0,0.0,0.9990479350090027,0.9708873629570007,0.1666666716337204,0.3678516149520874,0.9609375,0.1224735677242279,0.7222869992256165,0.00046641789958812296,0.0502953976392746
1155,-26.352,-3.0047,-29.3566,-22.1875,-15.3672,2.0,0.0,0.9981834888458252,0.9649385809898376,0.06666667014360428,0.26260870695114136,0.9657738208770752,0.12838153541088104,0.6995102763175964,0.0005830223672091961,0.06704757362604141
1160,-27.0918,-1.668,-28.7598,-27.8281,-4.1797,2.0,0.0,0.9990627765655518,0.9878142476081848,1.0,0.6360656023025513,0.9951636791229248,0.12441697716712952,0.7591339945793152,0.00011660447489703074,0.011854788288474083
1165,-26.4773,-2.7492,-29.2266,-22.5703,-14.6016,2.0,0.0,0.9993911981582642,0.9666338562965393,0.0,0.3632010817527771,0.9508928656578064,0.1276818960905075,0.7105876803398132,0.00042754976311698556,0.05682525038719177
1170,-26.9586,-1.6438,-28.6023,-28.4766,-2.8594,2.0,0.0,1.0,0.9932119846343994,0.0,0.5220125913619995,0.999627947807312,0.1334732621908188,0.7558302283287048,3.886815829901025e-05,0.0061800372786819935
1175,-27.1102,-1.5199,-28.6301,-28.9922,-1.9453,2.0,0.0,1.0,0.9966984987258911,1.0,0.35789474844932556,0.9992559552192688,0.1265547275543213,0.7652363181114197,3.886815829901025e-05,0.0036924751475453377
1180,-27.1941,-1.4609,-28.6551,-29.3125,-1.2812,2.0,0.0,1.0,0.9969159364700317,0.0,0.5769230723381042,0.9981398582458496,0.12371735274791718,0.7687733173370361,0.0,0.003031716449186206
1185,-26.1051,-3.5641,-29.6691,-21.2578,-17.3438,2.0,0.0,0.9996918439865112,0.9696097373962402,0.2666666805744171,0.1541978418827057,0.9315476417541504,0.1261271834373474,0.6752954125404358,0.0005830223672091961,0.09351678937673569
1190,-25.8273,-3.9613,-29.7887,-20.1953,-18.8125,2.0,0.0,0.9978625774383545,0.9652913212776184,0.050847455859184265,0.17070524394512177,0.9047619104385376,0.12729321420192719,0.6584655046463013,0.0022932214196771383,0.10747046023607254
1195,-27.1902,-1.4102,-28.6004,-29.8984,-0.0859,2.0,0.0,1.0,0.9995454549789429,0.0,1.0,1.0,0.12554416060447693,0.7696284055709839,0.0,0.00034981343196704984
1200,-27.1613,-1.4563,-28.6176,-29.5156,-0.875,2.0,0.0,1.0,0.9976191520690918,0.0,0.7037037014961243,1.0,0.1261271834373474,0.767296314239502,0.0,0.002098880708217621
1205,-27.0051,-1.6562,-28.6613,-28.5234,-2.9062,2.0,0.0,0.9991023540496826,0.9901930689811707,0.0,0.6801801919937134,0.9977678656578064,0.12989738583564758,0.7569962739944458,0.0,0.008628731593489647
1210,-26.8285,-2.0656,-28.8941,-25.4297,-9.0234,2.0,0.0,0.9996952414512634,0.9811726212501526,0.3333333432674408,0.42151162028312683,0.9780505895614624,0.1275264322757721,0.7411380410194397,0.00011660447489703074,0.02674129419028759
1215,-26.6699,-2.575,-29.2449,-22.8594,-14.1172,2.0,0.0,0.9993600249290466,0.9761430621147156,0.46666666865348816,0.23741547763347626,0.968377947807312,0.12146300077438354,0.7217428684234619,0.0005830223672091961,0.05173351988196373
1220,-26.7223,-2.4164,-29.1387,-23.3438,-13.2422,2.0,0.0,0.9993730187416077,0.9759242534637451,0.0,0.3021644949913025,0.9758184552192688,0.12398942559957504,0.7264847755432129,0.000155472633196041,0.044892724603414536
1225,-26.6969,-2.4074,-29.1043,-23.4922,-12.9688,2.0,0.0,0.9996907711029053,0.9800598621368408,0.1666666716337204,0.23583181202411652,0.9720982313156128,0.12569962441921234,0.727067768573761,0.00023320894979406148,0.04252176731824875
1230,-26.1539,-3.3469,-29.5008,-19.4766,-18.7031,2.0,0.0,0.9990598559379578,0.9753044843673706,0.032258063554763794,0.14479638636112213,0.9375,0.1240282952785492,0.6893656849861145,0.00481965159997344,0.0773087665438652
1235,-26.2191,-3.5129,-29.732,-20.8984,-17.9922,2.0,0.0,0.9980707168579102,0.9635553359985352,0.2916666567325592,0.20916666090488434,0.921875,0.12087997794151306,0.6804260015487671,0.0009328357991762459,0.09328357875347137
1240,-26.5031,-2.9789,-29.482,-21.7891,-16.2344,2.0,0.0,0.9987042546272278,0.9717298746109009,0.0833333358168602,0.2295081913471222,0.9393601417541504,0.11998600512742996,0.7039412260055542,0.00046641789958812296,0.0711287334561348
1245,-27.2352,-1.3824,-28.6176,-29.9219,-0.0391,2.0,0.0,1.0,1.0,0.0,0.0,1.0,0.12472791969776154,0.7707944512367249,0.0,0.0
1250,-27.0672,-1.6105,-28.6777,-28.25,-3.3594,2.0,0.0,1.0,0.9948390126228333,1.0,0.2688172161579132,0.9966517686843872,0.12756529450416565,0.7606498599052429,7.77363165980205e-05,0.007229477632790804
1255,-26.6438,-2.5781,-29.2219,-23.0312,-13.7969,2.0,0.0,0.9993656873703003,0.983182430267334,0.1111111119389534,0.1493212729692459,0.9680059552192688,0.12255130708217621,0.7210820913314819,0.00034981343196704984,0.05153917893767357
1260,-27.2121,-1.4754,-28.6875,-29.0078,-1.8438,2.0,0.0,1.0,0.997215211391449,0.0,0.290909081697464,0.9981398582458496,0.12356188148260117,0.7676461338996887,3.886815829901025e-05,0.004275497514754534
1265,-27.1473,-1.4363,-28.5836,-29.8828,-0.1641,2.0,0.0,1.0,0.9991370439529419,0.0,1.0,1.0,0.12927550077438354,0.7657027244567871,0.0,0.0005441542016342282
1270,-27.1387,-1.4324,-28.5711,-29.9219,-0.0625,2.0,0.0,1.0,0.9998987317085266,0.0,0.5,1.0,0.12791511416435242,0.7675295472145081,0.0,7.77363165980205e-05
1275,-27.1738,-1.4828,-28.6566,-29.1562,-1.5469,2.0,0.0,1.0,0.9968067407608032,0.0,0.49484536051750183,0.9981398582458496,0.12484452873468399,0.7668299078941345,7.77363165980205e-05,0.0037702114786952734
1280,-26.5816,-2.7375,-29.3191,-22.0,-15.8828,2.0,0.0,0.999053955078125,0.9850730299949646,0.1666666716337204,0.09555408358573914,0.9590773582458496,0.12325093150138855,0.7134639024734497,0.00023320894979406148,0.058574315160512924
1285,-26.4977,-2.5855,-29.0832,-22.9844,-13.2344,2.0,0.0,0.9997003078460693,0.9843995571136475,0.06122449040412903,0.16345347464084625,0.9661458134651184,0.12970304489135742,0.7175450921058655,0.0019045397639274597,0.04636971279978752
1290,-26.5934,-2.5184,-29.1117,-23.2109,-13.4375,2.0,0.0,1.0,0.9817750453948975,0.1111111119389534,0.1742100715637207,0.9709821343421936,0.12880907952785492,0.7208488583564758,0.00034981343196704984,0.04551461338996887
1295,-27.1324,-1.5738,-28.7062,-28.3906,-3.125,2.0,0.0,1.0,0.9960790276527405,0.0,0.20000000298023224,0.996279776096344,0.12484452873468399,0.7632929086685181,0.0,0.007384950295090675
1300,-26.0441,-3.6437,-29.6879,-20.5,-18.7188,2.0,0.0,0.9993906021118164,0.9811244010925293,0.17391304671764374,0.07873376458883286,0.9159226417541504,0.12756529450416565,0.6712920069694519,0.0008939676336012781,0.09577114135026932
1305,-25.8988,-4.048,-29.9469,-20.1953,-19.3984,2.0,0.0,1.0,0.9831303954124451,0.1818181872367859,0.05794205889105797,0.8965773582458496,0.12360074371099472,0.6543454527854919,0.0008550995262339711,0.11672107875347137
1310,-26.4809,-2.7492,-29.2301,-22.0859,-15.2656,2.0,0.0,0.9990780353546143,0.9867904186248779,0.08571428805589676,0.09224318712949753,0.9579613208770752,0.12647698819637299,0.7120646834373474,0.0013603855622932315,0.055620335042476654
1315,-27.1441,-1.4625,-28.6066,-29.6172,-0.6953,2.0,0.0,1.0,0.9990870356559753,1.0,0.12765957415103912,1.0,0.12733209133148193,0.7663246393203735,3.886815829901025e-05,0.001826803432777524
1320,-26.9297,-1.7133,-28.643,-28.1016,-3.7031,2.0,0.0,1.0,0.9964890480041504,0.0,0.14785991609096527,0.9944196343421936,0.1326570212841034,0.7527984976768494,7.77363165980205e-05,0.0099891172721982
1325,-27.0895,-1.6258,-28.7152,-28.0781,-3.7266,2.0,0.0,1.0,0.9966762065887451,0.0,0.1171548143029213,0.9951636791229248,0.1260494440793991,0.7601057291030884,7.77363165980205e-05,0.009289490059018135
1330,-27.2648,-1.3852,-28.65,-29.7344,-0.3906,2.0,0.0,1.0,0.9990943670272827,0.0,0.5652173757553101,0.9992559552192688,0.12212375551462173,0.7725046873092651,0.0,0.0008939676336012781
1335,-27.0238,-1.5484,-28.5723,-29.3906,-1.125,2.0,0.0,1.0,0.9981096386909485,0.0,0.261904776096344,0.9992559552192688,0.13141325116157532,0.7607665061950684,7.77363165980205e-05,0.003264925442636013
1340,-26.409,-2.8695,-29.2785,-21.4297,-14.9141,2.0,0.0,0.9990551471710205,0.9867426156997681,0.03875968977808952,0.10931174457073212,0.9464285969734192,0.12340640276670456,0.7094993591308594,0.005013992544263601,0.05760261043906212
1345,-25.9402,-3.7145,-29.6547,-20.0859,-17.9297,2.0,0.0,0.9969437718391418,0.9776361584663391,0.0683760717511177,0.10581346601247787,0.913690447807312,0.12717661261558533,0.6708644032478333,0.004547574557363987,0.0929337665438652
1350,-27.2355,-1.4004,-28.6359,-29.8281,-0.2734,2.0,0.0,1.0,0.9989915490150452,0.0,0.6296296119689941,0.999627947807312,0.12363961338996887,0.7708333134651184,0.0,0.0010494403541088104
1355,-27.2926,-1.4492,-28.7418,-28.9453,-1.9922,2.0,0.0,1.0,0.9981346130371094,0.0,0.16058394312858582,0.9966517686843872,0.11916977912187576,0.7709499597549438,7.77363165980205e-05,0.005324937868863344
1360,-27.0066,-1.6918,-28.6984,-28.1172,-3.5312,2.0,0.0,0.9996968507766724,0.9966080784797668,0.0,0.14855071902275085,0.9910714030265808,0.12822605669498444,0.7562966346740723,0.0002720771008171141,0.010727612301707268
1365,-26.7461,-2.3008,-29.0469,-25.3594,-9.1406,2.0,0.0,0.9990749359130859,0.9916476011276245,0.07692307978868484,0.095238097012043,0.968377947807312,0.1260494440793991,0.7306047677993774,0.0005052860942669213,0.03836287185549736
1370,-26.9094,-2.1348,-29.0441,-25.7812,-8.2266,2.0,0.0,0.9990360140800476,0.992706835269928,0.1111111119389534,0.09534883499145508,0.9709821343421936,0.12095770984888077,0.7407882213592529,0.00034981343196704984,0.033426616340875626
1375,-27.1793,-1.4848,-28.6641,-29.1484,-1.5625,2.0,0.0,1.0,0.9985821843147278,0.0,0.1818181872367859,0.9966517686843872,0.12363961338996887,0.7676072716712952,0.0,0.004275497514754534
1380,-27.168,-1.525,-28.693,-29.0234,-1.8359,2.0,0.0,0.9996915459632874,0.9978617429733276,0.0,0.13725490868091583,0.9970238208770752,0.12601056694984436,0.7634483575820923,0.00011660447489703074,0.00594682851806283
1385,-25.2473,-4.9586,-30.2059,-22.7266,-12.4844,2.0,0.0,0.9901084899902344,0.9626250267028809,0.11285266280174255,0.11123501509428024,0.8857886791229248,0.12181281298398972,0.6218905448913574,0.01239894237369299,0.13942009210586548
1390,-26.4789,-2.7531,-29.232,-29.6484,-0.4688,2.0,0.0,0.9913285970687866,0.9640601277351379,0.5178571343421936,0.36232927441596985,0.9657738208770752,0.12550528347492218,0.7137748599052429,0.002176616806536913,0.05406561121344566
1395,-26.6078,-2.3582,-28.966,-29.3203,-1.0078,2.0,0.0,0.9953051805496216,0.9674256443977356,0.4324324429035187,0.5311827659606934,0.9817708134651184,0.13246268033981323,0.7254741787910461,0.0014381218934431672,0.03614738956093788
1400,-26.0129,-3.5105,-29.5234,-27.6719,-4.3281,2.0,0.0,0.9843937754631042,0.9093825221061707,0.593406617641449,0.6340898275375366,0.9523809552192688,0.12950870394706726,0.6785603165626526,0.0035370024852454662,0.08391635864973068
1405,-26.3203,-2.9473,-29.2676,-27.75,-4.1719,2.0,0.0,0.993766725063324,0.9341447353363037,0.6857143044471741,0.6760048866271973,0.9475446343421936,0.1309468299150467,0.699393630027771,0.0013603855622932315,0.06382151693105698
1410,-27.1477,-1.6582,-28.8059,-29.3984,-1.0859,2.0,0.0,0.9990372061729431,0.9849374294281006,1.0,0.8698225021362305,0.9799107313156128,0.12111318111419678,0.7612329125404358,3.886815829901025e-05,0.013137437403202057
1415,-26.9648,-1.7965,-28.7613,-29.0391,-1.7812,2.0,0.0,0.9990839958190918,0.9798120856285095,0.6666666865348816,0.8401015400886536,0.9933035969734192,0.12729321420192719,0.7527984976768494,0.00011660447489703074,0.015314054675400257
1420,-27.0414,-1.6961,-28.7375,-29.2031,-1.5,2.0,0.0,0.9993846416473389,0.9855630993843079,1.0,0.800000011920929,0.991815447807312,0.12632152438163757,0.7565298676490784,3.886815829901025e-05,0.012632152065634727
1425,-27.257,-1.4055,-28.6625,-29.7734,-0.3828,2.0,0.0,1.0,0.9978824257850647,0.0,0.9821428656578064,0.9944196343421936,0.12243469804525375,0.7709110975265503,0.0,0.002176616806536913
1430,-27.2828,-1.3879,-28.6707,-29.5859,-0.7109,2.0,0.0,1.0,0.9982888698577881,0.0,0.8695651888847351,0.996279776096344,0.1214241310954094,0.7723103165626526,0.0,0.0017879352672025561
1435,-27.3121,-1.3492,-28.6613,-29.9219,-0.0391,2.0,0.0,1.0,0.9999498128890991,0.0,1.0,0.9970238208770752,0.12037468701601028,0.7748367786407471,0.0,0.000310945266392082
1440,-27.1652,-1.4227,-28.5879,-29.8984,-0.1562,2.0,0.0,1.0,0.9998481273651123,0.0,1.0,0.9977678656578064,0.12725435197353363,0.7679182291030884,0.0,0.00034981343196704984
1445,-27.2133,-1.3992,-28.6125,-29.8672,-0.1484,2.0,0.0,1.0,0.9995457530021667,0.0,0.8999999761581421,1.0,0.12503886222839355,0.7700948119163513,0.0,0.0003886815975420177
1450,-27.0719,-1.477,-28.5488,-29.7812,-0.25,2.0,0.0,1.0,0.9988812804222107,0.0,1.0,1.0,0.13032494485378265,0.7643423676490784,0.0,0.0008550995262339711
1455,-27.1867,-1.409,-28.5957,-29.9453,-0.0625,2.0,0.0,1.0,0.9997975826263428,0.0,1.0,1.0,0.12729321420192719,0.7680736780166626,0.0,0.000155472633196041
1460,-27.1965,-1.4141,-28.6105,-29.8516,-0.2266,2.0,0.0,1.0,0.9991912841796875,0.0,0.7894737124443054,0.999627947807312,0.12577736377716064,0.7690065503120422,0.0,0.0007384950295090675
1465,-27.3031,-1.352,-28.6551,-29.8906,-0.0781,2.0,0.0,1.0,0.9997488856315613,0.0,1.0,0.999627947807312,0.1214241310954094,0.7739039063453674,0.0,0.00019434079877100885
1470,-27.2391,-1.3922,-28.6313,-29.8438,-0.2656,2.0,0.0,1.0,0.9992943406105042,0.0,0.6842105388641357,1.0,0.12367848306894302,0.7711054086685181,0.0,0.0007384950295090675
1475,-27.1918,-1.4141,-28.6059,-29.8516,-0.1797,2.0,0.0,0.9996907711029053,0.9995957612991333,0.0,1.0,0.9970238208770752,0.12569962441921234,0.7691619992256165,0.0,0.0006607586983591318
1480,-27.1633,-1.4301,-28.5934,-29.7891,-0.1641,2.0,0.0,1.0,0.9990387558937073,0.0,1.0,0.999627947807312,0.12651586532592773,0.7682680487632751,0.0,0.0007384950295090675
1485,-27.2199,-1.3918,-28.6117,-29.9219,-0.0625,2.0,0.0,1.0,0.9998487830162048,0.0,1.0,1.0,0.12437810748815536,0.7710665464401245,0.0,7.77363165980205e-05
1490,-27.0863,-1.4586,-28.5449,-29.9062,-0.0469,2.0,0.0,1.0,0.999847412109375,0.0,1.0,1.0,0.1312577724456787,0.7641479969024658,0.0,0.00011660447489703074
1495,-27.2063,-1.4016,-28.6078,-29.9375,-0.0312,2.0,0.0,1.0,1.0,0.0,1.0,0.9970238208770752,0.12562188506126404,0.7695895433425903,0.0,0.000310945266392082
1500,-27.173,-1.4152,-28.5883,-29.9141,-0.0781,2.0,0.0,1.0,0.9998484253883362,0.0,1.0,1.0,0.12620490789413452,0.7692397236824036,0.0,7.77363165980205e-05
1505,-27.107,-1.4465,-28.5535,-29.9375,-0.0312,2.0,0.0,1.0,1.0,0.0,0.0,1.0,0.1308690905570984,0.7646533250808716,0.0,0.0
1510,-27.1762,-1.4172,-28.5934,-29.8906,-0.0547,2.0,0.0,0.9996924996376038,0.9995955228805542,0.0,1.0,1.0,0.12639924883842468,0.7688121795654297,0.0,0.000310945266392082
1515,-27.166,-1.4328,-28.5988,-29.7891,-0.3516,2.0,0.0,1.0,0.9993417263031006,0.0,0.4166666567325592,1.0,0.12698227167129517,0.7676072716712952,0.0,0.0009328357991762459
1520,-27.2,-1.4047,-28.6047,-29.8594,-0.1641,2.0,0.0,1.0,0.9995964169502258,0.0,1.0,1.0,0.12480565905570984,0.7704057693481445,0.0,0.000310945266392082
1525,-27.125,-1.4516,-28.5766,-29.7891,-0.2812,2.0,0.0,1.0,0.998833417892456,0.0,0.9333333373069763,1.0,0.12861473858356476,0.7663246393203735,0.0,0.0005830223672091961
1530,-27.1992,-1.4004,-28.5996,-29.9062,-0.0469,2.0,0.0,1.0,1.0,0.0,0.0,1.0,0.1261271834373474,0.7693952322006226,0.0,0.0
1535,-27.232,-1.4344,-28.6664,-29.4922,-0.9453,2.0,0.0,1.0,0.9968226552009583,1.0,0.8970588445663452,0.9940476417541504,0.12216262519359589,0.7706778645515442,3.886815829901025e-05,0.0026430347934365273
1540,-27.2117,-1.3965,-28.6082,-29.9375,-0.0312,2.0,0.0,1.0,0.999798059463501,0.0,1.0,1.0,0.12558302283287048,0.7697839140892029,0.0,0.000155472633196041
1545,-27.2637,-1.3887,-28.6523,-29.9375,-0.0547,2.0,0.0,1.0,0.9982892274856567,0.0,0.9714285731315613,1.0,0.12169620394706726,0.7724658250808716,0.0,0.0013603855622932315
1550,-27.1863,-1.4461,-28.6324,-29.5078,-0.8203,2.0,0.0,1.0,0.9978235363960266,0.0,0.6734693646430969,0.9970238208770752,0.12569962441921234,0.7679182291030884,0.0,0.0019045397639274597
1555,-27.1426,-1.5453,-28.6879,-28.7422,-2.4688,2.0,0.0,1.0,0.9945541620254517,0.0,0.5833333134651184,0.9936755895614624,0.12484452873468399,0.7636815905570984,0.0,0.00699626887217164
1560,-27.232,-1.4098,-28.6418,-29.7266,-0.4766,2.0,0.0,1.0,0.9979314804077148,0.0,0.9090909361839294,1.0,0.12383395433425903,0.7704057693481445,0.0,0.0012826492311432958
1565,-27.175,-1.4125,-28.5875,-29.9531,-0.0234,2.0,0.0,1.0,1.0,0.0,0.0,1.0,0.12706001102924347,0.7684623599052429,0.0,0.0
1570,-27.127,-1.4711,-28.598,-29.7656,-0.3984,2.0,0.0,1.0,0.9976673722267151,0.0,0.8571428656578064,0.9973958134651184,0.12740983068943024,0.7664800882339478,0.0,0.0016324627213180065
1575,-27.1734,-1.4133,-28.5867,-29.9375,-0.0312,2.0,0.0,1.0,1.0,0.0,0.0,1.0,0.12725435197353363,0.7682680487632751,0.0,0.0
1580,-27.3094,-1.3512,-28.6605,-29.9531,-0.0469,2.0,0.0,1.0,0.9994990825653076,0.0,1.0,1.0,0.11916977912187576,0.7759639024734497,0.0,0.0003886815975420177
1585,-27.2254,-1.443,-28.6684,-29.6953,-0.5859,2.0,0.0,1.0,0.9963127374649048,0.0,0.8591549396514893,0.9955357313156128,0.12325093150138855,0.7695118188858032,0.0,0.0027596394065767527
1590,-27.1176,-1.4523,-28.5699,-29.8828,-0.1406,2.0,0.0,1.0,0.9994404911994934,1.0,1.0,0.9970238208770752,0.13063588738441467,0.7641479969024658,7.77363165980205e-05,0.0006607586983591318
1595,-27.2043,-1.4031,-28.6074,-29.8828,-0.1406,2.0,0.0,0.9996879696846008,0.9995965361595154,0.0,1.0,1.0,0.12457244843244553,0.7706778645515442,0.0,0.0002720771008171141
1600,-27.1574,-1.4266,-28.584,-29.9531,-0.0234,2.0,0.0,1.0,0.9995448589324951,0.0,1.0,1.0,0.1266324669122696,0.76854008436203,0.0,0.00034981343196704984
1605,-27.1273,-1.5008,-28.6281,-29.4453,-0.9219,2.0,0.0,0.9996938109397888,0.9961886405944824,1.0,0.6842105388641357,0.9985119104385376,0.1269434094429016,0.7648476362228394,3.886815829901025e-05,0.0036924751475453377
1610,-27.0234,-1.5645,-28.5879,-29.1875,-1.4609,2.0,0.0,0.9997044801712036,0.9957020282745361,0.0,0.625,0.9988839030265808,0.13152985274791718,0.759639322757721,0.0,0.004353233613073826
1615,-27.1285,-1.482,-28.6105,-29.5625,-0.7578,2.0,0.0,1.0,0.9975636005401611,0.0,0.5081967115402222,1.0,0.1273709535598755,0.7657415866851807,3.886815829901025e-05,0.002370957750827074
1620,-27.0934,-1.4633,-28.5566,-29.9375,-0.0547,2.0,0.0,1.0,0.9991343021392822,0.0,1.0,1.0,0.13156871497631073,0.7632929086685181,0.0,0.0006607586983591318
1625,-27.1535,-1.4262,-28.5797,-29.9141,-0.1016,2.0,0.0,1.0,0.9997464418411255,0.0,1.0,1.0,0.12880907952785492,0.7665189504623413,0.0,0.00019434079877100885
1630,-26.6348,-2.5234,-29.1582,-24.5469,-10.6484,2.0,0.0,0.9996915459632874,0.9815713167190552,0.1818181872367859,0.1977217197418213,0.9639136791229248,0.12601056694984436,0.721315324306488,0.00042754976311698556,0.0477689690887928
1635,-27.0902,-1.6758,-28.766,-28.0703,-3.6953,2.0,0.0,0.9993777275085449,0.9927692413330078,0.0,0.33850932121276855,0.9936755895614624,0.1249222606420517,0.7579290866851807,0.000155472633196041,0.012515547685325146
1640,-26.4934,-2.8086,-29.302,-27.0547,-5.7266,2.0,0.0,0.9990686178207397,0.9698828458786011,0.23529411852359772,0.23961038887500763,0.976190447807312,0.12519434094429016,0.7098103165626526,0.0006607586983591318,0.05985696613788605
1645,-26.7445,-2.0578,-28.8023,-26.8047,-6.1562,2.0,0.0,0.9988399147987366,0.9879062175750732,0.0,0.18070174753665924,0.9892113208770752,0.13401740789413452,0.7391946315765381,0.000155472633196041,0.022154850885272026
1650,-27.1727,-1.4195,-28.5922,-29.9062,-0.0469,2.0,0.0,1.0,0.9995449185371399,0.0,0.8999999761581421,1.0,0.12647698819637299,0.7686567306518555,0.0,0.0003886815975420177
1655,-26.8965,-2.0199,-28.9164,-26.8203,-6.1484,2.0,0.0,0.999688446521759,0.9922747611999512,0.0,0.08872180432081223,0.9862351417541504,0.12476678937673569,0.7446361780166626,0.0002720771008171141,0.02584732510149479
1660,-26.4699,-2.8344,-29.3043,-23.0391,-13.4297,2.0,0.0,0.9993838667869568,0.9792009592056274,0.0,0.15572716295719147,0.9575892686843872,0.12616604566574097,0.7082555890083313,0.0006996268639340997,0.06040111929178238
1665,-27.0293,-1.582,-28.6113,-28.9453,-2.0391,2.0,0.0,1.0,0.9963133931159973,0.0,0.28346458077430725,0.9992559552192688,0.13149097561836243,0.7590951323509216,0.0,0.004936256445944309
1670,-26.902,-2.0477,-28.9496,-25.3906,-8.3984,2.0,0.0,0.9996806979179382,0.9931696057319641,0.0,0.055793993175029755,0.9892113208770752,0.12173507362604141,0.7454524040222168,0.0011660447344183922,0.027168843895196915
1675,-25.8313,-4.352,-30.1832,-28.1172,-3.6484,2.0,0.0,0.9979899525642395,0.9643778204917908,0.08474576473236084,0.11653116345405579,0.8950892686843872,0.11602145433425903,0.6481265425682068,0.0022932214196771383,0.12908115983009338
1680,-24.7332,-5.9645,-30.6977,-27.3203,-4.6797,2.0,0.0,0.9946941137313843,0.9387686252593994,0.08445946127176285,0.13946083188056946,0.8381696343421936,0.12453357875347137,0.5763759613037109,0.011504975147545338,0.1831078976392746
1685,-24.6215,-6.3027,-30.9242,-22.3594,-14.3203,2.0,0.0,0.996253490447998,0.9626414775848389,0.03846153989434242,0.06637337058782578,0.800595223903656,0.12449471652507782,0.5597403645515442,0.00808457750827074,0.2032027393579483
1690,-23.9527,-7.7621,-31.7148,-19.7031,-20.0547,2.0,0.0,0.9990448951721191,0.9811053276062012,0.039024390280246735,0.007294050417840481,0.7373511791229248,0.12208488583564758,0.49370336532592773,0.007967972196638584,0.27176615595817566
1695,-24.7879,-6.0367,-30.8246,-19.7344,-20.1328,2.0,0.0,1.0,0.9865225553512573,0.01666666753590107,0.00788022018969059,0.8125,0.12542754411697388,0.5681358575820923,0.004664178937673569,0.19729477167129517
1700,-27.2234,-1.3883,-28.6117,-29.9688,-0.0156,2.0,0.0,1.0,1.0,0.0,0.0,1.0,0.1260494440793991,0.7694729566574097,0.0,0.0
1705,-27.0758,-1.4621,-28.5379,-29.8906,-0.0547,2.0,0.0,1.0,1.0,0.0,0.0,1.0,0.1308690905570984,0.7646533250808716,0.0,0.0
1710,-27.0438,-1.5613,-28.6051,-28.9219,-1.8047,2.0,0.0,1.0,0.9981115460395813,0.0,0.1666666716337204,0.9977678656578064,0.1294698417186737,0.761543869972229,0.0005441542016342282,0.003964552190154791
1715,-27.175,-1.5039,-28.6789,-29.0469,-1.7891,2.0,0.0,1.0,0.9976657032966614,0.0,0.2230769246816635,0.9970238208770752,0.12449471652507782,0.7659359574317932,3.886815829901025e-05,0.005052860826253891
1720,-27.2359,-1.4043,-28.6402,-29.6328,-0.6172,2.0,0.0,1.0,0.9991435408592224,0.0,0.32258063554763794,1.0,0.12282337993383408,0.7714940905570984,0.0,0.00120491289999336
1725,-27.2387,-1.4141,-28.6527,-29.4453,-0.8984,2.0,0.0,1.0,0.9994449019432068,0.0,0.0,1.0,0.12352301180362701,0.7702114582061768,0.0,0.0017879352672025561
1730,-27.2824,-1.3629,-28.6453,-29.9062,-0.0469,2.0,0.0,1.0,0.9996483325958252,0.0,1.0,1.0,0.12161847203969955,0.7736318111419678,0.0,0.0002720771008171141
1735,-27.15,-1.6195,-28.7695,-27.7656,-4.3047,2.0,0.0,0.999681830406189,0.9956198334693909,0.0,0.1235521212220192,0.9947916865348816,0.12216262519359589,0.7631374597549438,0.000155472633196041,0.010066852904856205
1740,-26.5238,-2.6938,-29.2176,-22.4844,-14.2344,2.0,0.0,1.0,0.9903292655944824,0.03999999910593033,0.03235294297337532,0.9668898582458496,0.12531094253063202,0.7154073119163513,0.0019434079295024276,0.052860695868730545
1745,-26.882,-1.9691,-28.8512,-26.3281,-7.1328,2.0,0.0,1.0,0.9943166971206665,0.0,0.033158812671899796,0.9892113208770752,0.12748755514621735,0.7454524040222168,0.000310945266392082,0.022271454334259033
1750,-26.7012,-2.2559,-28.957,-25.6328,-8.2188,2.0,0.0,1.0,0.9946946501731873,0.027027027681469917,0.012910798192024231,0.9784226417541504,0.1283426582813263,0.7326259613037109,0.0014381218934431672,0.03311567008495331
1755,-25.6465,-4.2691,-29.9156,-19.8047,-18.8906,2.0,0.0,1.0,0.9871710538864136,0.011695906519889832,0.009146341122686863,0.902157723903656,0.12577736377716064,0.6483597755432129,0.006646455265581608,0.11473880708217621
1760,-26.3465,-3.0555,-29.402,-22.6875,-13.8281,2.0,0.0,0.9996880888938904,0.9886249899864197,0.028985507786273956,0.02581755630671978,0.953125,0.12461131811141968,0.7004819512367249,0.002681903075426817,0.06774719804525375
1765,-25.2895,-5.1191,-30.4086,-24.2891,-10.4844,2.0,0.0,0.9993616342544556,0.9873949289321899,0.04918032884597778,0.01842629536986351,0.8508184552192688,0.12177394330501556,0.610541045665741,0.007112873252481222,0.1560945212841034
1770,-24.6148,-6.2234,-30.8383,-23.7734,-12.1484,2.0,0.0,0.9987919330596924,0.9823132157325745,0.040697675198316574,0.023672055453062057,0.8028273582458496,0.12869247794151306,0.5581856369972229,0.0066853235475718975,0.20195895433425903
1775,-25.8641,-3.9711,-29.8352,-26.0703,-7.6953,2.0,0.0,0.9996904730796814,0.9761484265327454,0.1764705926179886,0.07163427025079727,0.917782723903656,0.12558302283287048,0.659981369972229,0.0019822760950773954,0.10797574371099472
1780,-25.4941,-4.8176,-30.3117,-21.625,-16.4453,2.0,0.0,0.9996877908706665,0.9865981936454773,0.08888889104127884,0.01830543950200081,0.863467276096344,0.12449471652507782,0.6206467747688293,0.00174906721804291,0.14863184094429016
1785,-24.7809,-5.7988,-30.5797,-22.2031,-14.6562,2.0,0.0,0.9974968433380127,0.9794980883598328,0.04237288236618042,0.030893217772245407,0.8292410969734192,0.12422263622283936,0.5839163661003113,0.013759328052401543,0.17362406849861145
1790,-24.6453,-6.2891,-30.9344,-25.3281,-8.9688,2.0,0.0,0.9987546801567078,0.9746217727661133,0.10734463483095169,0.045968350023031235,0.7864583134651184,0.12484452873468399,0.5574859976768494,0.006879664026200771,0.20631219446659088
1795,-23.4996,-8.4867,-31.9863,-20.7031,-18.2891,2.0,0.0,0.9975542426109314,0.967086911201477,0.09375,0.028086978942155838,0.6919642686843872,0.12713775038719177,0.4593827724456787,0.008706467226147652,0.3002954125404358
1800,-22.1633,-10.6648,-32.8281,-19.625,-19.4844,2.0,0.0,0.9926861524581909,0.9610150456428528,0.04628501832485199,0.020555201917886734,0.5967261791229248,0.11691541969776154,0.37985852360725403,0.03191075846552849,0.36683768033981323
1805,-20.091,-13.4242,-33.5152,-19.6328,-19.375,2.0,0.0,0.9674168825149536,0.9183816313743591,0.06852138042449951,0.030148465186357498,0.5093005895614624,0.11571051180362701,0.27763524651527405,0.0754430964589119,0.42673352360725403
1810,-20.9488,-12.1691,-33.118,-20.1406,-17.9844,2.0,0.0,0.9691475629806519,0.9041062593460083,0.11087866127490997,0.046552740037441254,0.5643601417541504,0.12220149487257004,0.32182836532592773,0.05573694035410881,0.3957555890083313
1815,-22.0617,-11.0016,-33.0633,-19.5156,-20.2422,2.0,0.0,0.9902607798576355,0.9428102970123291,0.08156028389930725,0.03823413327336311,0.5647321343421936,0.12371735274791718,0.3554493188858032,0.021921642124652863,0.3944340944290161
1820,-20.7137,-13.0824,-33.7961,-19.0781,-20.4609,2.0,0.0,0.9847803711891174,0.9496630430221558,0.04701492562890053,0.016380654647946358,0.4914434552192688,0.11236784607172012,0.28261038661003113,0.0520833320915699,0.44846081733703613
1825,-17.898,-17.8195,-35.7176,-19.9844,-19.2578,2.0,0.0,0.9231522083282471,0.8430779576301575,0.07794943451881409,0.01851973868906498,0.277157723903656,0.07940764725208282,0.11567164212465286,0.11069651693105698,0.5897465944290161
1830,-18.7777,-15.8328,-34.6105,-20.4766,-17.3828,2.0,0.0233,0.8968797326087952,0.8179540634155273,0.16734197735786438,0.04546145722270012,0.370907723903656,0.10214552283287048,0.18617847561836243,0.09592662006616592,0.5112717747688293
1835,-18.1805,-17.2734,-35.4539,-19.8516,-19.6406,2.0,0.0713,0.8939393758773804,0.8213675022125244,0.08666666597127914,0.03153153136372566,0.300595223903656,0.08465485274791718,0.13642723858356476,0.10494402796030045,0.5694962739944458
1840,-18.7961,-15.8594,-34.6555,-19.4844,-20.1641,2.0,0.1462,0.8940646052360535,0.8197872042655945,0.22405759990215302,0.04100022464990616,0.340029776096344,0.10346703976392746,0.18268035352230072,0.09176772087812424,0.5176072716712952
1845,-17.2539,-18.2957,-35.5496,-19.4531,-19.7109,2.0,0.3224,0.6618556976318359,0.5099964737892151,0.2863534688949585,0.07040141522884369,0.2176339328289032,0.07540422677993774,0.11081311851739883,0.1389925330877304,0.5703125
1850,-16.7,-17.934,-34.634,-18.6719,-20.3125,2.0,0.4214,0.7455573678016663,0.6603489518165588,0.2212260663509369,0.061008159071207047,0.2663690447807312,0.09623756259679794,0.12919776141643524,0.1604088991880417,0.5096781849861145
1855,-16.1453,-19.266,-35.4113,-18.8281,-20.1641,2.0,0.5046,0.7053325772285461,0.6011092066764832,0.17066895961761475,0.040033772587776184,0.2280505895614624,0.07070118188858032,0.09110696613788605,0.18128108978271484,0.5524331331253052
1860,-18.4828,-14.9883,-33.4711,-19.0,-20.4297,2.0,0.6059,0.8398087024688721,0.7790656089782715,0.2903338074684143,0.07198929786682129,0.4296875,0.1300528645515442,0.21797263622283936,0.11178482323884964,0.435712069272995
1865,-22.5508,-9.9742,-32.525,-19.1094,-20.4219,2.0,0.586,0.9724888205528259,0.9234551191329956,0.2629246711730957,0.06238718330860138,0.636904776096344,0.1215018630027771,0.403179407119751,0.026313744485378265,0.34452736377716064
1870,-24.9855,-5.5875,-30.573,-20.7109,-18.0391,2.0,0.4174,0.9942371845245361,0.9605542421340942,0.12903225421905518,0.09347246587276459,0.8418898582458496,0.12814831733703613,0.5862873196601868,0.006024564616382122,0.17506219446659088
1875,-27.2109,-1.398,-28.609,-29.9844,-0.0078,2.0,0.1119,1.0,0.9996972680091858,0.0,1.0,1.0,0.12496113032102585,0.7703280448913574,0.0,0.00023320894979406148
1880,-27.0492,-1.4754,-28.5246,-29.9219,-0.0391,2.0,0.0,1.0,1.0,0.0,0.0,1.0,0.13250155746936798,0.7630208134651184,0.0,0.0
1885,-27.2703,-1.3648,-28.6352,-29.9062,-0.0469,2.0,0.0,1.0,1.0,0.0,0.0,1.0,0.12278451770544052,0.7727378606796265,0.0,0.0
1890,-27.168,-1.416,-28.584,-29.9688,-0.0156,2.0,0.0,1.0,1.0,0.0,0.0,1.0,0.12682680785655975,0.768695592880249,0.0,0.0
1895,-27.0977,-1.4781,-28.5758,-29.6172,-0.6719,2.0,0.0,1.0,0.998068630695343,0.0,0.8048780560493469,1.0,0.12919776141643524,0.7647310495376587,0.0,0.0015935945557430387
1900,-27.0082,-1.6957,-28.7039,-27.7031,-4.3828,2.0,0.0,1.0,0.9930070042610168,0.0,0.3416370153427124,0.9929315447807312,0.1286536008119583,0.7559079527854919,3.886815829901025e-05,0.010921952314674854
1905,-23.9762,-7.6977,-31.6738,-21.8359,-16.0,2.0,0.0,0.9996868371963501,0.9777585864067078,0.075581394135952,0.016112789511680603,0.734002947807312,0.1241060346364975,0.4945584535598755,0.0066853235475718975,0.2701725661754608
1910,-21.4941,-11.7793,-33.2734,-23.0859,-12.6562,2.0,0.0,0.9944152235984802,0.9415989518165588,0.09469302743673325,0.025422120466828346,0.5580357313156128,0.11831467598676682,0.33010727167129517,0.0373523011803627,0.4097481369972229
1915,-17.3059,-18.2844,-35.5902,-19.2422,-20.2734,2.0,0.0,0.9535464644432068,0.8711901307106018,0.05156753584742546,0.010827897116541862,0.2633928656578064,0.07781405746936798,0.10712064802646637,0.1326570212841034,0.5779306888580322
1920,-16.323,-19.9195,-36.2426,-19.7031,-19.3281,2.0,0.0438,0.8303030133247375,0.6581753492355347,0.08643101155757904,0.01789480447769165,0.1997767835855484,0.051305968314409256,0.06560945510864258,0.17043687403202057,0.6081700921058655
1925,-16.3086,-18.9348,-35.2434,-19.7656,-17.0703,2.0,0.1327,0.7850568294525146,0.6412213444709778,0.1631951928138733,0.034602828323841095,0.2399553507566452,0.07178948819637299,0.10692630708217621,0.18100902438163757,0.5357975959777832
1930,-19.0668,-12.3121,-31.3789,-19.5078,-15.2422,2.0,0.1617,0.8984819650650024,0.8636525273323059,0.2820102572441101,0.07971314340829849,0.558407723903656,0.16386815905570984,0.32839706540107727,0.1214241310954094,0.2818330228328705
1935,-24.193,-6.3055,-30.4984,-28.6172,-1.6406,2.0,0.0571,0.9722930192947388,0.9546534419059753,0.2900107502937317,0.10335063934326172,0.7805059552192688,0.12204602360725403,0.5725668668746948,0.036186255514621735,0.1647232621908188
1940,-25.3891,-5.0289,-30.418,-29.6875,-0.3672,2.0,0.0,0.998062014579773,0.9710869193077087,0.2384105920791626,0.08678203821182251,0.8404017686843872,0.12033581733703613,0.6143501400947571,0.005869091954082251,0.15496735274791718
1945,-26.3887,-3.2008,-29.5895,-22.0859,-15.6641,2.0,0.0,1.0,0.9853467345237732,0.06666667014360428,0.056934308260679245,0.937872052192688,0.12010261416435242,0.6949626803398132,0.0005830223672091961,0.07987406849861145
1950,-27.1828,-1.4801,-28.6629,-29.2734,-1.3594,2.0,0.0,0.9996888637542725,0.9974666833877563,0.0,0.20454545319080353,1.0,0.1249222606420517,0.7671408653259277,3.886815829901025e-05,0.0034203981049358845
1955,-27.2059,-1.4082,-28.6141,-29.8906,-0.1016,2.0,0.0,1.0,0.9990923404693604,0.0,0.8999999761581421,1.0,0.12433923780918121,0.7707944512367249,0.0,0.0003886815975420177
1960,-26.973,-1.5727,-28.5457,-29.4609,-0.9141,2.0,0.0,1.0,0.9971264600753784,1.0,0.5280898809432983,0.9988839030265808,0.13456156849861145,0.7574626803398132,3.886815829901025e-05,0.0034592661540955305
1965,-27.0508,-1.6387,-28.6895,-28.9219,-2.0625,2.0,0.0,1.0,0.9959024786949158,1.0,0.26141080260276794,0.991815447807312,0.12725435197353363,0.7588619589805603,3.886815829901025e-05,0.009367226622998714
1970,-27.2051,-1.432,-28.6371,-29.625,-0.6562,2.0,0.0,1.0,0.9982313513755798,0.0,0.529411792755127,1.0,0.12437810748815536,0.7691619992256165,0.0,0.0019822760950773954
1975,-27.2289,-1.4102,-28.6391,-29.6797,-0.5234,2.0,0.0,1.0,0.9984875917434692,0.0,0.7250000238418579,0.999627947807312,0.12297885864973068,0.7709888219833374,0.0,0.0015547263901680708
1980,-27.1383,-1.4602,-28.5984,-29.6016,-0.7031,2.0,0.0,0.9996959567070007,0.9986805319786072,0.0,0.800000011920929,0.9951636791229248,0.1278373748064041,0.7658970952033997,3.886815829901025e-05,0.00174906721804291
1985,-27.282,-1.3684,-28.6504,-29.9453,-0.0391,2.0,0.0,0.9996808171272278,0.9992458820343018,1.0,1.0,1.0,0.12177394330501556,0.7731265425682068,3.886815829901025e-05,0.0005830223672091961
1990,-27.2387,-1.3813,-28.6199,-29.8828,-0.0703,2.0,0.0,1.0,0.9999496340751648,0.0,1.0,1.0,0.1241060346364975,0.7713775038719177,0.0,3.886815829901025e-05
1995,-27.2492,-1.4223,-28.6715,-29.4688,-0.9453,2.0,0.0,1.0,0.9970775246620178,0.0,0.6111111044883728,0.999627947807312,0.12204602360725403,0.7713775038719177,0.0,0.002098880708217621
2000,-27.143,-1.4613,-28.6043,-29.7109,-0.4141,2.0,0.0,0.9996936321258545,0.9979221820831299,1.0,0.7674418687820435,0.9985119104385376,0.1268656700849533,0.7669464945793152,3.886815829901025e-05,0.0016713308868929744
2005,-27.0629,-1.4715,-28.5344,-29.9141,-0.1016,2.0,0.0,1.0,0.9997454881668091,0.0,1.0,1.0,0.13187965750694275,0.7635261416435242,0.0,0.00011660447489703074
2010,-27.2516,-1.4023,-28.6539,-29.7891,-0.3281,2.0,0.0,1.0,0.9977337121963501,1.0,0.97826087474823,0.9992559552192688,0.12192941457033157,0.771766185760498,3.886815829901025e-05,0.0017879352672025561
2015,-27.2566,-1.3816,-28.6383,-29.9062,-0.1406,2.0,0.0,1.0,0.9991437196731567,0.0,1.0,1.0,0.12352301180362701,0.7716495394706726,0.0,0.00034981343196704984
2020,-27.0863,-1.5219,-28.6082,-29.2422,-1.1641,2.0,0.0,1.0,0.996073842048645,0.0,0.6938775777816772,0.9985119104385376,0.12943096458911896,0.7622823119163513,0.0,0.0038090795278549194
2025,-27.1676,-1.4238,-28.5914,-29.7969,-0.2188,2.0,0.0,1.0,0.9996458888053894,0.0,0.5,1.0,0.1267102062702179,0.7683457732200623,0.0,0.00046641789958812296
2030,-27.2914,-1.3578,-28.6492,-29.9609,-0.0312,2.0,0.0,1.0,0.9996981024742126,0.0,1.0,1.0,0.12286224961280823,0.7724269032478333,0.0,0.00023320894979406148
2035,-27.0562,-1.5973,-28.6535,-28.9531,-1.9766,2.0,0.0,1.0,0.9969331622123718,0.5,0.2209944725036621,0.9955357313156128,0.12799285352230072,0.7604166865348816,7.77363165980205e-05,0.007035136688500643
2040,-27.1324,-1.4801,-28.6125,-29.5156,-0.8281,2.0,0.0,1.0,0.9986292123794556,0.0,0.27272728085517883,0.9988839030265808,0.12733209133148193,0.7655861377716064,3.886815829901025e-05,0.0025652984622865915
2045,-27.2102,-1.4137,-28.6238,-29.8672,-0.2656,2.0,0.0,1.0,0.9984850883483887,0.0,0.9333333373069763,1.0,0.12465018779039383,0.769706130027771,0.0,0.0011660447344183922
2050,-27.0941,-1.5074,-28.6016,-29.3828,-1.0469,2.0,0.0,0.9996972680091858,0.9973041415214539,0.2222222238779068,0.5588235259056091,0.9992559552192688,0.12838153541088104,0.7641479969024658,0.00034981343196704984,0.0026430347934365273
2055,-27.0898,-1.5102,-28.6,-29.3672,-1.1953,2.0,0.0,1.0,0.9989815950393677,0.0,0.28947368264198303,0.9929315447807312,0.1292366236448288,0.7632929086685181,3.886815829901025e-05,0.00295398011803627
2060,-26.9813,-1.9137,-28.8949,-26.8828,-6.0234,2.0,0.0,1.0,0.9927393198013306,0.0,0.13989637792110443,0.9828869104385376,0.12332867085933685,0.7494558691978455,0.00023320894979406148,0.022504664957523346
2065,-26.1887,-3.4344,-29.623,-24.1875,-11.3906,2.0,0.0,0.9996868371963501,0.9852539300918579,0.3636363744735718,0.05926581099629402,0.9226190447807312,0.1241060346364975,0.6826803684234619,0.0008550995262339711,0.08788090944290161
2070,-26.4066,-2.8133,-29.2199,-24.0234,-11.3438,2.0,0.0,0.9993952512741089,0.9895106554031372,0.1458333283662796,0.0630081295967102,0.9561011791229248,0.12853699922561646,0.7077503204345703,0.0018656715983524919,0.057369403541088104
2075,-26.0102,-3.8078,-29.818,-24.8828,-10.0234,2.0,0.0,0.9990551471710205,0.9787346124649048,0.3142857253551483,0.08883155137300491,0.9140625,0.12340640276670456,0.6653062701225281,0.0013603855622932315,0.10544931888580322
2080,-25.7652,-4.0398,-29.8051,-25.1016,-9.5625,2.0,0.0,0.99791419506073,0.9689307808876038,0.2857142984867096,0.15043936669826508,0.8936011791229248,0.1304415464401245,0.6517801880836487,0.002720771124586463,0.11057991534471512
2085,-25.9719,-3.8539,-29.8258,-24.7109,-10.25,2.0,0.0,0.9990463852882385,0.9668127298355103,0.20000000298023224,0.16500553488731384,0.906622052192688,0.12227922677993774,0.665228545665741,0.002720771124586463,0.10529384016990662
2090,-26.573,-2.8098,-29.3828,-23.2031,-13.3359,2.0,0.0,0.9993535876274109,0.9734802842140198,0.1666666716337204,0.20957711338996887,0.9620535969734192,0.12025808542966843,0.7122978568077087,0.00046641789958812296,0.0625
2095,-25.975,-3.9824,-29.9574,-23.4141,-13.0312,2.0,0.0,0.9980695247650146,0.9547812938690186,0.3103448152542114,0.2145528793334961,0.9036458134651184,0.12080223858356476,0.6592817306518555,0.0011271765688434243,0.11431125551462173
2100,-27.2418,-1.4793,-28.7211,-29.2578,-1.4844,2.0,0.0,1.0,0.9926738142967224,0.0,0.8201438784599304,0.999627947807312,0.12084110826253891,0.7692785859107971,0.0,0.005402673967182636
2105,-26.9527,-1.9402,-28.893,-26.8281,-6.2031,2.0,0.0,1.0,0.9790129661560059,0.5,0.5215947031974792,0.9933035969734192,0.12383395433425903,0.7482120394706726,7.77363165980205e-05,0.023398632183670998
2110,-26.882,-2.0898,-28.9719,-25.9688,-7.8984,2.0,0.0,0.9993742108345032,0.9777451157569885,0.625,0.4234693944454193,0.9906994104385376,0.12422263622283936,0.740516185760498,0.000310945266392082,0.030472636222839355
2115,-25.8711,-4.0672,-29.9383,-28.2266,-3.4062,2.0,0.0,0.9993742108345032,0.9611286520957947,0.09375,0.1795552670955658,0.902529776096344,0.12422263622283936,0.6529462337493896,0.001243781065568328,0.1171097606420517
2120,-25.9199,-3.8195,-29.7395,-27.0859,-5.5469,2.0,0.0,0.995078444480896,0.9555568695068359,0.1627907007932663,0.28190475702285767,0.886532723903656,0.12636038661003113,0.6637904047966003,0.0033426617737859488,0.10202892124652863
2125,-25.6512,-4.1625,-29.8137,-24.4844,-10.9375,2.0,0.0,0.9982699155807495,0.955048680305481,0.30000001192092896,0.24493859708309174,0.8705357313156128,0.13479477167129517,0.642451822757721,0.0011660447344183922,0.1171097606420517
2130,-25.7391,-4.1906,-29.9297,-23.9297,-11.9766,2.0,0.0,0.9984676837921143,0.9468456506729126,0.31578946113586426,0.28088802099227905,0.8683035969734192,0.12682680785655975,0.6456778645515442,0.0022154850885272026,0.12080223858356476
2135,-25.7746,-4.2285,-30.0031,-24.5938,-10.5547,2.0,0.0,0.9981279373168945,0.9484958052635193,0.2800000011920929,0.25086888670921326,0.8727678656578064,0.12457244843244553,0.6459888219833374,0.0019434079295024276,0.12301772087812424
2140,-25.6234,-4.4688,-30.0922,-28.7734,-2.1719,2.0,0.0,0.9963325262069702,0.9532314538955688,0.28260868787765503,0.2140565812587738,0.8549107313156128,0.12717661261558533,0.6332789063453674,0.0017879352672025561,0.13327892124652863
2145,-25.2723,-4.8793,-30.1516,-26.4922,-6.0078,2.0,0.0,0.9940606355667114,0.9541049003601074,0.1265822798013687,0.21007928252220154,0.8236607313156128,0.12433923780918121,0.6216184496879578,0.012282337993383408,0.1372823417186737
2150,-25.6039,-4.5371,-30.141,-27.2188,-5.2109,2.0,0.0,0.9959042072296143,0.9501901865005493,0.2916666567325592,0.21453286707401276,0.8604910969734192,0.123367540538311,0.6336287260055542,0.0037313431967049837,0.13479477167129517
2155,-25.8676,-4.2898,-30.1574,-29.4844,-0.8906,2.0,0.0,0.9939939975738525,0.9375564455986023,0.3452380895614624,0.2866944968700409,0.890625,0.11648787558078766,0.6454834938049316,0.003264925442636013,0.1302860677242279
2160,-25.5273,-4.6551,-30.1824,-28.3125,-3.1406,2.0,0.0,0.9968652129173279,0.9479836821556091,0.23076923191547394,0.20570151507854462,0.8679315447807312,0.12398942559957504,0.6284204125404358,0.00404228875413537,0.1390702724456787
2165,-26.2625,-3.1977,-29.4602,-20.375,-17.5156,2.0,0.0,0.9984481930732727,0.9636394381523132,0.05714285746216774,0.27382832765579224,0.937127947807312,0.12523320317268372,0.6937577724456787,0.002720771124586463,0.0738106369972229
2170,-25.5129,-4.5703,-30.0832,-29.2578,-1.25,2.0,0.0,0.9962836503982544,0.952759325504303,0.21830986440181732,0.2149723321199417,0.8563988208770752,0.12550528347492218,0.6310634613037109,0.005519278813153505,0.13343438506126404
2175,-25.7352,-4.3168,-30.052,-29.6172,-0.5312,2.0,0.0,0.9962097406387329,0.95013028383255,0.2830188572406769,0.2549728751182556,0.8575148582458496,0.12305659055709839,0.6414412260055542,0.002060012426227331,0.12896455824375153
2180,-25.8074,-4.1688,-29.9762,-29.4375,-1.0312,2.0,0.0,0.9977650046348572,0.9575014710426331,0.23529411852359772,0.25325098633766174,0.8348214030265808,0.12173507362604141,0.650264322757721,0.003964552190154791,0.11955846101045609
2185,-25.8195,-4.2289,-30.0484,-29.2266,-1.3828,2.0,0.0,0.9980570077896118,0.9596431255340576,0.3214285671710968,0.20000000298023224,0.8601190447807312,0.12002487480640411,0.6491371393203735,0.002176616806536913,0.1241837665438652
2190,-25.8113,-4.1387,-29.95,-29.8594,-0.0703,2.0,0.0,0.9927330017089844,0.9635407328605652,0.31578946113586426,0.2023102343082428,0.8656994104385376,0.12301772087812424,0.6503031849861145,0.004430970177054405,0.11777052283287048
2195,-25.9371,-3.791,-29.7281,-29.8906,-0.0547,2.0,0.0,0.9909685254096985,0.954436719417572,0.43617022037506104,0.288743257522583,0.890252947807312,0.12480565905570984,0.6662391424179077,0.003653606865555048,0.10082400590181351
2200,-25.8973,-3.8801,-29.7773,-29.6094,-0.1953,2.0,0.0,0.9947270750999451,0.9590949416160583,0.38235294818878174,0.24861060082912445,0.8820684552192688,0.12531094253063202,0.6613417267799377,0.003964552190154791,0.1049051582813263
2205,-25.9203,-4.0121,-29.9324,-29.8594,-0.0703,2.0,0.0,0.997759997844696,0.9610773324966431,0.30000001192092896,0.1876721829175949,0.8939732313156128,0.12146300077438354,0.658076822757721,0.0031094527803361416,0.1128731369972229
2210,-25.4988,-4.4473,-29.9461,-22.3906,-13.5547,2.0,0.0,0.9942857027053833,0.9581960439682007,0.11229946464300156,0.18173138797283173,0.8854166865348816,0.1292366236448288,0.636893630027771,0.007268345914781094,0.12212375551462173
2215,-25.5293,-4.5434,-30.0727,-29.7031,-0.5,2.0,0.0,0.9972907900810242,0.9673323631286621,0.2985074520111084,0.12138897180557251,0.8727678656578064,0.12912002205848694,0.6305969953536987,0.0026041667442768812,0.13320118188858032
2220,-25.6766,-4.5477,-30.2242,-26.5781,-6.7969,2.0,0.0,0.9980909824371338,0.9682657122612,0.18421052396297455,0.11642123013734818,0.8738839030265808,0.12216262519359589,0.6319962739944458,0.001476990059018135,0.1398864984512329
2225,-25.8496,-4.0586,-29.9082,-20.375,-19.0156,2.0,0.0,0.9987669587135315,0.9754692316055298,0.1875,0.10006830841302872,0.8857886791229248,0.12608830630779266,0.6543843150138855,0.001243781065568328,0.11380597203969955
2230,-26.5227,-2.5695,-29.0922,-23.1328,-13.1016,2.0,0.0,0.9991028904914856,0.976490318775177,0.07692307978868484,0.23736076056957245,0.9754464030265808,0.1299751251935959,0.7191775441169739,0.0010105721885338426,0.04535914212465286
2235,-25.5086,-4.7313,-30.2398,-28.0391,-3.7812,2.0,0.0,0.994006335735321,0.9727125763893127,0.16239316761493683,0.1025920882821083,0.8523065447807312,0.1232120618224144,0.6253109574317932,0.004547574557363987,0.14245180785655975
2240,-25.6402,-4.6895,-30.3297,-29.3828,-1.0938,2.0,0.0,0.9980236887931824,0.9719163775444031,0.18333333730697632,0.09925886988639832,0.8619791865348816,0.1180037334561348,0.6283426880836487,0.0023320894688367844,0.14684391021728516
2245,-25.6008,-4.6898,-30.2906,-28.3672,-3.1016,2.0,0.0,0.9980738162994385,0.960485577583313,0.27450981736183167,0.1437768191099167,0.859747052192688,0.12107431888580322,0.627565324306488,0.0019822760950773954,0.14490050077438354
2250,-26.0355,-3.6891,-29.7246,-20.2031,-18.4453,2.0,0.0,0.9978049397468567,0.9587736129760742,0.16438356041908264,0.22204148769378662,0.9188988208770752,0.12395056337118149,0.6731576323509216,0.0028373757377266884,0.09557680040597916
2255,-25.9949,-3.8875,-29.8824,-20.7812,-18.2969,2.0,0.0,0.9990406036376953,0.9613111019134521,0.1764705926179886,0.189256489276886,0.9032738208770752,0.12154073268175125,0.6640625,0.0006607586983591318,0.10925839841365814
2260,-25.5738,-4.5785,-30.1523,-22.9922,-13.6406,2.0,0.0,0.9984643459320068,0.9635992646217346,0.2698412835597992,0.1409604549407959,0.867559552192688,0.1265547275543213,0.6289256811141968,0.0024486940819770098,0.13759328424930573
2265,-25.5156,-4.6586,-30.1742,-28.0,-3.7656,2.0,0.0,0.9975239634513855,0.9580385088920593,0.17777778208255768,0.168467715382576,0.8642113208770752,0.12558302283287048,0.626166045665741,0.00349813443608582,0.14027518033981323
2270,-25.4391,-4.8809,-30.3199,-22.8984,-14.0156,2.0,0.0,0.9969059228897095,0.9553807377815247,0.1818181872367859,0.14894166588783264,0.8563988208770752,0.12562188506126404,0.6176150441169739,0.0017101990524679422,0.15057525038719177
2275,-27.1324,-1.5738,-28.7062,-28.5703,-2.8125,2.0,0.0,1.0,0.9899246692657471,1.0,0.7837837934494019,0.999627947807312,0.12441697716712952,0.7638370394706726,7.77363165980205e-05,0.007190609350800514
2280,-25.8855,-4.0488,-29.9344,-20.875,-18.0391,2.0,0.0,0.9981161952018738,0.9703075885772705,0.10526315867900848,0.11888586729764938,0.9017857313156128,0.12379508465528488,0.6558224558830261,0.001476990059018135,0.11442785710096359
2285,-25.6098,-4.543,-30.1527,-24.7188,-10.4453,2.0,0.0,0.9993796348571777,0.9683408141136169,0.1463414579629898,0.10547320544719696,0.8820684552192688,0.12531094253063202,0.6322683691978455,0.0015935945557430387,0.13634949922561646
2290,-25.3695,-5.0281,-30.3977,-22.6875,-14.4609,2.0,0.0,0.999070942401886,0.9645268321037292,0.13636364042758942,0.09815498441457748,0.8638392686843872,0.12550528347492218,0.6103078126907349,0.0017101990524679422,0.15799906849861145
2295,-25.2758,-5.3199,-30.5957,-24.0,-11.6719,2.0,0.0,0.9983974099159241,0.9575969576835632,0.20895522832870483,0.10236041992902756,0.8586309552192688,0.12126865983009338,0.600396454334259,0.0026041667442768812,0.17125311493873596
2300,-25.7539,-4.1281,-29.882,-19.6484,-19.9062,2.0,0.0,0.9984737634658813,0.9700244665145874,0.03846153989434242,0.11806736886501312,0.9077380895614624,0.12733209133148193,0.6509250402450562,0.003031716449186206,0.11423352360725403
2305,-26.2301,-3.3023,-29.5324,-20.5391,-18.4531,2.0,0.0,0.9990689158439636,0.9728540182113647,0.17241379618644714,0.1497584581375122,0.9438244104385376,0.12523320317268372,0.6887049078941345,0.0011271765688434243,0.08045709133148193
2310,-25.898,-4.0367,-29.9348,-20.6562,-18.2891,2.0,0.0,0.9980994462966919,0.9708318710327148,0.03846153989434242,0.11095937341451645,0.9122023582458496,0.12270677834749222,0.6569496393203735,0.002021144377067685,0.1138448417186737
2315,-25.6551,-4.4957,-30.1508,-21.1562,-17.3828,2.0,0.0,0.999365508556366,0.976007342338562,0.09836065769195557,0.06817522644996643,0.8872767686843872,0.12251243740320206,0.6366604566574097,0.002370957750827074,0.13397854566574097
2320,-25.9727,-3.7281,-29.7008,-20.2188,-19.3047,2.0,0.0,0.9996971487998962,0.9835100769996643,0.09090909361839294,0.07668108493089676,0.9017857313156128,0.1283426582813263,0.6670553684234619,0.0012826492311432958,0.09884172677993774
2325,-25.1824,-5.2406,-30.423,-26.4297,-6.5547,2.0,0.0,0.9984662532806396,0.9805925488471985,0.08759123831987381,0.05734767019748688,0.8296130895614624,0.1267102062702179,0.6008239984512329,0.005324937868863344,0.16266325116157532
2330,-23.7301,-7.8113,-31.5414,-23.3203,-13.0781,2.0,0.0,0.9966122508049011,0.9743184447288513,0.15013404190540314,0.032372504472732544,0.7090773582458496,0.12620490789413452,0.4918765425682068,0.01449782308191061,0.2629430890083313
2335,-20.2172,-12.9574,-33.1746,-25.5078,-6.5234,2.0,0.0,0.9344496130943298,0.920992374420166,0.21978984773159027,0.02953711897134781,0.4836309552192688,0.10910291969776154,0.3055037260055542,0.08877487480640411,0.39214086532592773
2340,-22.1742,-9.0211,-31.1953,-28.1719,-1.0547,2.0,0.0,0.9038901329040527,0.9116224050521851,0.4097529947757721,0.10216618329286575,0.6819196343421936,0.13588307797908783,0.4578280448913574,0.061372824013233185,0.24043843150138855
2345,-24.2375,-4.9883,-29.2258,-29.4375,-0.3281,2.0,0.0,0.873530924320221,0.9572128653526306,0.5554528832435608,0.22603383660316467,0.8913690447807312,0.15212997794151306,0.6186256408691406,0.04205534979701042,0.08271144330501556
2350,-24.2758,-4.7699,-29.0457,-29.5312,-0.2344,2.0,0.0,0.8792839050292969,0.9732098579406738,0.5088458061218262,0.21973608434200287,0.8485863208770752,0.15197449922561646,0.6296641826629639,0.04613650590181351,0.06774719804525375
2355,-25.1938,-3.8434,-29.0371,-29.6172,-0.3672,2.0,0.0,0.8834869861602783,0.966995358467102,0.6783555150032043,0.3464849293231964,0.890252947807312,0.13910913467407227,0.6700870394706726,0.0321439690887928,0.05418221279978752
2360,-26.0797,-3.1859,-29.2656,-24.5547,-10.5625,2.0,0.0,0.9440749883651733,0.9739212989807129,0.7472118735313416,0.31053951382637024,0.898065447807312,0.1285758763551712,0.6945351362228394,0.010455534793436527,0.06195584684610367
2365,-26.0141,-3.2445,-29.2586,-28.5781,-2.1641,2.0,0.0,0.981552004814148,0.9874110817909241,0.3991416394710541,0.13945172727108002,0.9010416865348816,0.1327347606420517,0.6885105967521667,0.009056281298398972,0.06522077322006226
2370,-25.9531,-3.507,-29.4602,-29.7656,-0.2578,2.0,0.0,0.9879747033119202,0.9894323945045471,0.20612813532352448,0.09166666865348816,0.8962053656578064,0.12282337993383408,0.6841184496879578,0.013953668996691704,0.0746268630027771
2375,-26.2199,-3.2898,-29.5098,-29.8828,-0.1172,2.0,0.0,0.9987585544586182,0.9889655709266663,0.19117647409439087,0.08325313031673431,0.914434552192688,0.12523320317268372,0.6868780851364136,0.0026430347934365273,0.08076803386211395
2380,-26.5418,-2.6098,-29.1516,-29.9219,-0.0391,2.0,0.0,0.9981701970100403,0.9964147806167603,0.4285714328289032,0.05184072256088257,0.941592276096344,0.1274486929178238,0.7155239582061768,0.0008162313606590033,0.05173351988196373
2385,-26.6523,-2.5574,-29.2098,-25.9219,-8.0156,2.0,0.0,0.9990556836128235,0.9941167235374451,0.23076923191547394,0.038548752665519714,0.9575892686843872,0.12348414212465286,0.7201103568077087,0.0005052860942669213,0.05142257362604141
2390,-27.1086,-1.4809,-28.5895,-29.6562,-0.5938,2.0,0.0,1.0,0.9997463822364807,0.0,0.01923076994717121,0.9985119104385376,0.12717661261558533,0.7663246393203735,0.0,0.002021144377067685
2395,-27.0125,-1.7387,-28.7512,-28.5312,-2.7031,2.0,0.0,1.0,0.9982981085777283,0.0,0.03287671133875847,0.9892113208770752,0.12756529450416565,0.7536535859107971,0.00011660447489703074,0.014186877757310867
2400,-27.0699,-1.652,-28.7219,-27.7031,-4.5,2.0,0.0,1.0,0.9955484867095947,0.0,0.08230452984571457,0.9973958134651184,0.12636038661003113,0.759639322757721,7.77363165980205e-05,0.00944496225565672
2405,-25.7551,-4.0473,-29.8023,-29.4453,-0.7812,2.0,0.0,0.9947836995124817,0.9864664077758789,0.2840236723423004,0.03580470010638237,0.905877947807312,0.12667132914066315,0.6548118591308594,0.0065687187016010284,0.10747046023607254
2410,-23.848,-6.516,-30.3641,-29.3828,-0.3203,2.0,0.0,0.9577682018280029,0.9698678851127625,0.24036094546318054,0.06013362854719162,0.7872023582458496,0.12608830630779266,0.5649875402450562,0.04738028720021248,0.1570662260055542
2415,-23.8352,-5.8844,-29.7195,-28.6484,-1.0625,2.0,0.0,0.8736951947212219,0.9383946657180786,0.5695652365684509,0.20849420130252838,0.8430059552192688,0.14894278347492218,0.5810790061950684,0.044698383659124374,0.12080223858356476
2420,-25.7324,-4.2238,-29.9562,-29.7031,-0.1484,2.0,0.0,0.9848387241363525,0.9672590494155884,0.30188679695129395,0.15236486494541168,0.883184552192688,0.12049129605293274,0.6517412662506104,0.008240049704909325,0.11504974961280823
2425,-23.8594,-5.584,-29.4434,-29.0703,-0.8047,2.0,0.0,0.9201701879501343,0.9588239192962646,0.4374453127384186,0.14084507524967194,0.8571428656578064,0.15531715750694275,0.5909126400947571,0.04442630708217621,0.10486629605293274
2430,-23.257,-5.9555,-29.2125,-29.25,-0.6328,2.0,0.0,0.8658743500709534,0.9653032422065735,0.42803505063056946,0.13722126185894012,0.8470982313156128,0.16025342047214508,0.5825170874595642,0.06211131811141968,0.09064054489135742
2435,-25.1559,-4.1125,-29.2684,-29.2188,-1.0234,2.0,0.0,0.8989479541778564,0.9540305137634277,0.6896024346351624,0.34203654527664185,0.8950892686843872,0.14039179682731628,0.6552783250808716,0.025419775396585464,0.07443252205848694
2440,-26.3238,-2.5805,-28.9043,-27.3281,-4.3359,2.0,0.0,0.9297171235084534,0.9812125563621521,0.8235294222831726,0.36974790692329407,0.9598214030265808,0.13327892124652863,0.7199549078941345,0.00991138070821762,0.032377175986766815
2445,-26.2668,-3.0063,-29.273,-29.5078,-0.4453,2.0,0.0,0.9749388694763184,0.9784612059593201,0.5614035129547119,0.25457990169525146,0.918154776096344,0.12717661261558533,0.7001709938049316,0.006646455265581608,0.061528295278549194
2450,-26.1203,-3.2523,-29.3727,-28.1016,-3.4688,2.0,0.0,0.9802731275558472,0.984762966632843,0.4886363744735718,0.15251487493515015,0.9077380895614624,0.12807057797908783,0.6887437701225281,0.006840796209871769,0.07186722755432129
2455,-24.568,-4.9391,-29.507,-28.9688,-1.1953,2.0,0.0,0.8930334448814392,0.9705385565757751,0.446035236120224,0.190476194024086,0.8485863208770752,0.14171330630779266,0.6213852763175964,0.03529229015111923,0.09713152796030045
2460,-25.0617,-5.0133,-30.075,-29.7969,-0.1016,2.0,0.0,0.9267973899841309,0.959708571434021,0.32866042852401733,0.24908536672592163,0.785342276096344,0.11893656849861145,0.6241449117660522,0.024953357875347137,0.12748755514621735
2465,-25.8195,-3.8328,-29.6523,-29.9062,-0.0469,2.0,0.0,0.9716290235519409,0.9630128145217896,0.46236559748649597,0.2752109169960022,0.8716517686843872,0.12740983068943024,0.6641402244567871,0.007229477632790804,0.09674284607172012
2470,-25.841,-3.6598,-29.5008,-27.8359,-3.9766,2.0,0.0,0.9069838523864746,0.9703472852706909,0.7459806799888611,0.25519847869873047,0.9170386791229248,0.1274486929178238,0.6737406849861145,0.012087997049093246,0.08224502205848694
2475,-23.6148,-6.4188,-30.0336,-29.1562,-0.9844,2.0,0.0,0.8215305805206299,0.9317513704299927,0.4744787812232971,0.26872870326042175,0.7860863208770752,0.13611629605293274,0.5683690905570984,0.05406561121344566,0.1369713991880417
2480,-25.1008,-4.8309,-29.9316,-29.6406,-0.2734,2.0,0.0,0.9198911786079407,0.9468475580215454,0.4856046140193939,0.28339695930480957,0.8422619104385376,0.1285758763551712,0.624494731426239,0.020250311121344566,0.12220149487257004
2485,-26.0137,-3.4609,-29.4746,-29.7656,-0.2109,2.0,0.0,0.9751457571983337,0.9689975380897522,0.42152467370033264,0.2158130258321762,0.9352678656578064,0.12667132914066315,0.6820195913314819,0.00866759940981865,0.07816386967897415
2490,-26.7441,-2.3188,-29.0629,-29.0938,-1.6484,2.0,0.0,0.977408230304718,0.9845761060714722,0.8478260636329651,0.29154229164123535,0.9635416865348816,0.12387282401323318,0.73079913854599,0.0017879352672025561,0.0390625
2495,-26.7414,-2.3418,-29.0832,-28.4453,-2.9219,2.0,0.0,0.9774531722068787,0.9869163036346436,0.7796609997749329,0.2368932068347931,0.9627976417541504,0.1223958358168602,0.73079913854599,0.0022932214196771383,0.040034204721450806
2500,-25.8188,-4.0852,-29.9039,-29.7969,-0.1016,2.0,0.0,0.975375771522522,0.955754816532135,0.30573248863220215,0.2679917812347412,0.874627947807312,0.12154073268175125,0.6544620394706726,0.006102301180362701,0.11341729015111923
2505,-25.5977,-4.4688,-30.0664,-29.8125,-0.0938,2.0,0.0,0.9652755856513977,0.9229409098625183,0.481675386428833,0.42183247208595276,0.8191964030265808,0.12200715392827988,0.637554407119751,0.007423818577080965,0.12853699922561646
2510,-25.616,-4.2316,-29.8477,-29.8281,-0.0859,2.0,0.0,0.9665057063102722,0.9367653131484985,0.44041451811790466,0.38451087474823,0.8508184552192688,0.12880907952785492,0.6447839140892029,0.007501554675400257,0.11442785710096359
2515,-25.4496,-4.5621,-30.0117,-29.8125,-0.0938,2.0,0.0,0.9730392098426819,0.9383603930473328,0.2772277295589447,0.3440339267253876,0.8139880895614624,0.1268656700849533,0.6324626803398132,0.007851367816329002,0.1283426582813263
2520,-25.1031,-5.1145,-30.2176,-29.875,-0.0625,2.0,0.0,0.9497645497322083,0.9349040985107422,0.3357314169406891,0.2938786447048187,0.8210565447807312,0.12379508465528488,0.6120180487632751,0.016208022832870483,0.14350123703479767
2525,-24.832,-5.441,-30.273,-29.5312,-0.2344,2.0,0.0,0.9197148084640503,0.9264772534370422,0.4419475793838501,0.3120349049568176,0.8113839030265808,0.12538868188858032,0.5979089140892029,0.020755596458911896,0.15146921575069427
2530,-25.2902,-4.9148,-30.2051,-29.6875,-0.1562,2.0,0.0,0.9617074728012085,0.9508731961250305,0.3660130798816681,0.22396694123744965,0.8311011791229248,0.12383395433425903,0.6187033653259277,0.01189365703612566,0.14109142124652863
2535,-25.1262,-5.2172,-30.3434,-29.7578,-0.1328,2.0,0.0,0.958834707736969,0.941710352897644,0.353658527135849,0.22517912089824677,0.827752947807312,0.12274564802646637,0.6081312298774719,0.01274875644594431,0.15189675986766815
2540,-24.8012,-5.6105,-30.4117,-29.7031,-0.1484,2.0,0.0,0.9555762410163879,0.9460400938987732,0.24129930138587952,0.18658682703971863,0.831845223903656,0.12511660158634186,0.5913790464401245,0.016752175986766815,0.162274569272995
2545,-24.8293,-5.4172,-30.2465,-29.3125,-1.1172,2.0,0.0,0.9513006806373596,0.9654499292373657,0.2865612506866455,0.1412283033132553,0.8266369104385376,0.1284981369972229,0.5973647236824036,0.019667288288474083,0.1499922275543213
2550,-23.041,-7.257,-30.298,-28.7656,-1.4141,2.0,0.0,0.8295419216156006,0.9488418102264404,0.27898359298706055,0.18588417768478394,0.7511160969734192,0.12472791969776154,0.5470304489135742,0.07342195510864258,0.15034204721450806
2555,-22.841,-7.8234,-30.6645,-28.8828,-1.0859,2.0,0.0,0.8463073968887329,0.9519301652908325,0.2751159071922302,0.1194486990571022,0.7399553656578064,0.11683768779039383,0.5255752205848694,0.0754430964589119,0.17766635119915009
2560,-21.7348,-8.9941,-30.7289,-28.7031,-1.0703,2.0,0.0,0.8110918402671814,0.9376391768455505,0.32406604290008545,0.13681350648403168,0.671502947807312,0.13456156849861145,0.471198707818985,0.08947449922561646,0.2002876251935959
2565,-23.0156,-7.4133,-30.4289,-28.7969,-1.0469,2.0,0.0,0.8334274291992188,0.9366030693054199,0.35926929116249084,0.16281652450561523,0.8031994104385376,0.13767102360725403,0.5254197716712952,0.05744713917374611,0.17498445510864258
2570,-25.207,-4.9805,-30.1875,-29.8125,-0.0938,2.0,0.0,0.9622997045516968,0.9512149095535278,0.3569321632385254,0.19298245012760162,0.8523065447807312,0.12371735274791718,0.6190531849861145,0.013176306150853634,0.1395755559206009
2575,-25.4852,-4.3059,-29.791,-29.5625,-0.4297,2.0,0.0,0.9410146474838257,0.958844780921936,0.5219638347625732,0.21695038676261902,0.898809552192688,0.12717661261558533,0.6459888219833374,0.015041977167129517,0.10731498897075653
2580,-25.0922,-4.875,-29.9672,-29.6406,-0.2734,2.0,0.0,0.9272237420082092,0.9435116648674011,0.43052393198013306,0.2736809551715851,0.8586309552192688,0.12978078424930573,0.6227067708969116,0.017063122242689133,0.1259717047214508
2585,-25.0684,-4.768,-29.8363,-29.4844,-0.2578,2.0,0.0,0.9376499056816101,0.938319742679596,0.4288288354873657,0.2984924614429474,0.8835565447807312,0.12966418266296387,0.6282649040222168,0.021571828052401543,0.11602145433425903
2590,-23.6863,-5.8129,-29.4992,-27.0547,-4.8359,2.0,0.0,0.9134160280227661,0.9169064164161682,0.5151515007019043,0.3045254647731781,0.8798363208770752,0.17238028347492218,0.56739741563797,0.0320662297308445,0.12367848306894302
2595,-22.709,-7.7383,-30.4473,-28.9453,-1.0312,2.0,0.0,0.8905639052391052,0.9138009548187256,0.27964600920677185,0.21091866493225098,0.7637648582458496,0.13922575116157532,0.5131374597549438,0.06588152796030045,0.17727766931056976
2600,-21.791,-8.1316,-29.9227,-27.7266,-1.9219,2.0,0.0,0.8918253183364868,0.8971157073974609,0.3043016493320465,0.2415887862443924,0.792782723903656,0.17354632914066315,0.4824315905570984,0.07318874448537827,0.16635571420192719
2605,-22.2895,-8.1836,-30.473,-28.7734,-0.7891,2.0,0.0,0.8603531122207642,0.9028062224388123,0.34090909361839294,0.2090606838464737,0.7630208134651184,0.14528918266296387,0.4930814802646637,0.07011815905570984,0.18703357875347137
2610,-20.8027,-9.1918,-29.9945,-27.6016,-1.4688,2.0,0.0,0.932899534702301,0.903478741645813,0.25034013390541077,0.15017631649971008,0.7440476417541504,0.1911536008119583,0.43128108978271484,0.08570428937673569,0.18738339841365814
2615,-22.7281,-7.1727,-29.9008,-28.3672,-1.4609,2.0,0.0,0.9429422616958618,0.8920933604240417,0.3512269854545593,0.2688172161579132,0.8080357313156128,0.16962064802646637,0.5161691308021545,0.05068407952785492,0.15904851257801056
2620,-25.2059,-4.1777,-29.3836,-29.3672,-0.6094,2.0,0.0,0.9802191853523254,0.9328146576881409,0.5060827136039734,0.36671000719070435,0.9304315447807312,0.14540578424930573,0.6444729566574097,0.01597481407225132,0.08966884016990662
2625,-24.0465,-4.7855,-28.832,-29.2656,-0.4609,2.0,0.0,0.9866504669189453,0.9370391964912415,0.469348669052124,0.31642189621925354,0.9095982313156128,0.19216418266296387,0.5957322716712952,0.02028917893767357,0.08733675628900528
2630,-22.6309,-6.7109,-29.3418,-27.5078,-3.2969,2.0,0.0,0.9206151366233826,0.8620537519454956,0.6252755522727966,0.3842606842517853,0.8541666865348816,0.18703357875347137,0.5291511416435242,0.0528995655477047,0.12643812596797943
2635,-20.6777,-9.3434,-30.0211,-24.8047,-7.6719,2.0,0.0,0.8475760221481323,0.7229187488555908,0.600173830986023,0.45610368251800537,0.7563244104385376,0.1892102062702179,0.4309312701225281,0.0894356369972229,0.1859452724456787
2640,-20.1922,-10.6414,-30.8336,-24.2812,-8.6484,2.0,0.0,0.8069143891334534,0.5966596603393555,0.551166296005249,0.5291143655776978,0.6808035969734192,0.16526740789413452,0.38864272832870483,0.10331156849861145,0.23830068111419678
2645,-22.3691,-7.8438,-30.2129,-25.6875,-6.2812,2.0,0.0,0.8978016972541809,0.6744665503501892,0.7324531078338623,0.6863077282905579,0.8255208134651184,0.16620025038719177,0.4900108873844147,0.05593128129839897,0.18337997794151306
2650,-25.8012,-3.3973,-29.1984,-29.2812,-1.1328,2.0,0.0,0.9939808249473572,0.885921061038971,0.9728260636329651,0.9006696343421936,0.9910714030265808,0.14206312596797943,0.6766557693481445,0.0071517410688102245,0.06965173780918121
2655,-26.243,-2.5055,-28.7484,-28.7734,-2.3125,2.0,0.0,0.9959742426872253,0.9455800652503967,0.9736841917037964,0.96277916431427,0.9921875,0.14482276141643524,0.7149409055709839,0.004430970177054405,0.031327735632658005
2660,-26.5598,-2.207,-28.7668,-28.1797,-3.3359,2.0,0.0,1.0,0.9575644731521606,1.0,0.9779179692268372,0.9929315447807312,0.13596081733703613,0.7309157252311707,0.004003420472145081,0.02464241348206997
2665,-26.5875,-2.2324,-28.8199,-28.7031,-2.4766,2.0,0.0,0.9997119903564453,0.9528723359107971,1.0,0.9944289922714233,0.9973958134651184,0.13495025038719177,0.7307214140892029,0.0019434079295024276,0.027907337993383408
2670,-26.1977,-2.9898,-29.1875,-28.2578,-3.1328,2.0,0.0,1.0,0.8984344601631165,1.0,0.9824447631835938,0.9970238208770752,0.1346781700849533,0.6976445913314819,0.0034203981049358845,0.05977923050522804
2675,-26.2668,-3.107,-29.3738,-28.5938,-2.7188,2.0,0.0,0.9981828927993774,0.8851733803749084,1.0,0.9814814925193787,0.9899553656578064,0.1283426582813263,0.6939132213592529,0.0019045397639274597,0.07136193662881851
2680,-26.6012,-2.4676,-29.0688,-28.2344,-3.2734,2.0,0.0,0.9996954798698425,0.9349427223205566,0.9285714030265808,0.9336966276168823,0.9914434552192688,0.12764303386211395,0.7229089140892029,0.002176616806536913,0.042793843895196915
2685,-26.0063,-2.9941,-29.0004,-28.1641,-2.9922,2.0,0.0,0.9984122514724731,0.9083526134490967,0.9577465057373047,0.9760109782218933,0.9877232313156128,0.1468827724456787,0.689171314239502,0.0027596394065767527,0.056708645075559616
2690,-26.4004,-2.9582,-29.3586,-28.3281,-2.9922,2.0,0.0,0.9981308579444885,0.8960514068603516,1.0,0.9691681265830994,0.984747052192688,0.12476678937673569,0.7018423676490784,0.002098880708217621,0.0668143630027771
2695,-26.2129,-3.0977,-29.3105,-28.0312,-3.7266,2.0,0.0,0.9991098046302795,0.8914811015129089,0.9473684430122375,0.9674522876739502,0.9791666865348816,0.13098569214344025,0.6930581331253052,0.0022154850885272026,0.06926306337118149
2700,-26.8258,-2.0254,-28.8512,-28.2578,-3.4141,2.0,0.0,1.0,0.9631612300872803,1.0,0.9560605883598328,0.9936755895614624,0.12888681888580322,0.7406716346740723,0.000310945266392082,0.025652984157204628
2705,-26.684,-2.2996,-28.9836,-27.4375,-5.0547,2.0,0.0,0.9991039633750916,0.9447265863418579,0.8333333134651184,0.9683350324630737,0.9903273582458496,0.1301306039094925,0.7271066308021545,0.00023320894979406148,0.03805192932486534
2710,-26.5699,-2.6437,-29.2137,-27.8125,-4.2812,2.0,0.0,0.9987718462944031,0.9247534275054932,0.9090909361839294,0.8877840638160706,0.9851190447807312,0.12659358978271484,0.713347315788269,0.0008550995262339711,0.05472636967897415
2715,-27.2523,-1.5402,-28.7926,-29.0156,-1.875,2.0,0.0,1.0,0.9863117933273315,1.0,0.9637096524238586,0.9981398582458496,0.11913090944290161,0.7666744589805603,7.77363165980205e-05,0.00963930319994688
2720,-26.7848,-2.1109,-28.8957,-27.25,-5.2891,2.0,0.0,0.9994001388549805,0.9592838883399963,0.8571428656578064,0.9030144214630127,0.995907723903656,0.12958644330501556,0.7360074520111084,0.0002720771008171141,0.02965640462934971
2725,-26.8121,-2.3246,-29.1367,-27.5703,-4.7422,2.0,0.0,0.999360203742981,0.9447399377822876,0.8888888955116272,0.849501371383667,0.9854910969734192,0.1215018630027771,0.73079913854599,0.00034981343196704984,0.04287157952785492
2730,-26.823,-2.1773,-29.0004,-28.1094,-3.7578,2.0,0.0,1.0,0.9548519849777222,1.0,0.8789289593696594,0.9836309552192688,0.1241060346364975,0.7377954125404358,0.00023320894979406148,0.03338775038719177
2735,-26.9367,-2.0449,-28.9816,-28.1406,-3.5781,2.0,0.0,0.9993616342544556,0.9604182839393616,1.0,0.8864516019821167,0.9892113208770752,0.12177394330501556,0.743353545665741,0.0002720771008171141,0.030122824013233185
2740,-26.8496,-1.9766,-28.8262,-27.5938,-4.6016,2.0,0.0,0.9993948340415955,0.9683236479759216,1.0,0.8890756368637085,0.995907723903656,0.12845925986766815,0.7435867786407471,0.00034981343196704984,0.02312655560672283
2745,-26.9156,-2.0707,-28.9863,-27.3438,-5.2422,2.0,0.0,0.9990554451942444,0.9575405120849609,1.0,0.9039692878723145,0.9947916865348816,0.12344527244567871,0.7414878606796265,0.00023320894979406148,0.03035603277385235
2750,-26.8785,-2.0793,-28.9578,-27.2656,-5.2344,2.0,0.0,0.9993777275085449,0.9605952501296997,1.0,0.8717598915100098,0.9862351417541504,0.1249222606420517,0.7417599558830261,0.00034981343196704984,0.02849036082625389
2755,-26.7762,-2.1645,-28.9406,-27.6797,-4.5469,2.0,0.0,0.9990825653076172,0.9572198390960693,1.0,0.880095899105072,0.9888392686843872,0.12709887325763702,0.7359297275543213,7.77363165980205e-05,0.03241604566574097
2760,-27.0379,-1.6246,-28.6625,-28.8125,-2.2812,2.0,0.0,1.0,0.989355742931366,1.0,0.9554455280303955,0.9895833134651184,0.12807057797908783,0.7595226764678955,7.77363165980205e-05,0.007851367816329002
2765,-27.0141,-1.9641,-28.9781,-28.0078,-3.7969,2.0,0.0,0.9990338087081909,0.9637594223022461,1.0,0.889502763748169,0.9906994104385376,0.1206856369972229,0.7464630007743835,0.00023320894979406148,0.02814054675400257
2770,-26.9188,-1.8652,-28.784,-28.0234,-3.7891,2.0,0.0,0.9996938109397888,0.9743536710739136,1.0,0.9501991868019104,0.9873511791229248,0.1269434094429016,0.7486785054206848,0.0003886815975420177,0.019511815160512924
2775,-27.0797,-1.752,-28.8316,-28.1953,-3.3516,2.0,0.0,0.9993593692779541,0.977707028388977,1.0,0.9232505559921265,0.9895833134651184,0.12134639173746109,0.7566853165626526,0.0002720771008171141,0.01721859537065029
2780,-27.1414,-1.4867,-28.6281,-29.5938,-0.7656,2.0,0.0,1.0,0.9958322644233704,0.0,0.967391312122345,0.9951636791229248,0.12721548974514008,0.7647310495376587,0.0,0.0035758705344051123
2785,-27.1586,-1.5848,-28.7434,-28.8359,-2.2344,2.0,0.0,1.0,0.9872682690620422,1.0,0.9270386099815369,0.9951636791229248,0.1232120618224144,0.763215184211731,3.886815829901025e-05,0.009056281298398972
2790,-26.7375,-2.3191,-29.0566,-27.0859,-5.7344,2.0,0.0,0.9996926784515381,0.9454758763313293,0.6000000238418579,0.883317232131958,0.9895833134651184,0.12647698819637299,0.7285447716712952,0.00019434079877100885,0.04030628129839897
2795,-26.8781,-2.1094,-28.9875,-27.1719,-5.5391,2.0,0.0,1.0,0.9565308690071106,1.0,0.8822815418243408,0.995907723903656,0.12290111929178238,0.740360677242279,0.00023320894979406148,0.032027363777160645
2800,-26.9238,-1.9734,-28.8973,-27.6016,-4.6797,2.0,0.0,0.9993759989738464,0.9703063368797302,1.0,0.7943485379219055,0.9851190447807312,0.12457244843244553,0.7461131811141968,7.77363165980205e-05,0.024759016931056976
2805,-26.9652,-1.8062,-28.7715,-28.0,-3.8359,2.0,0.0,0.9996982216835022,0.9781888127326965,1.0,0.8699763417243958,0.9940476417541504,0.12880907952785492,0.7502332329750061,3.886815829901025e-05,0.016441231593489647
2810,-27.0199,-1.8352,-28.8551,-28.0859,-3.6641,2.0,0.0,0.9996834397315979,0.9746737480163574,0.800000011920929,0.873210608959198,0.9873511791229248,0.12278451770544052,0.7535369992256165,0.00019434079877100885,0.019006529822945595
2815,-27.1098,-1.5641,-28.6738,-28.9141,-2.0547,2.0,0.0,1.0,0.9907605648040771,1.0,0.889502763748169,0.9992559552192688,0.12702114880084991,0.7614272236824036,3.886815829901025e-05,0.007035136688500643
2820,-27.1914,-1.4465,-28.6379,-29.7031,-0.4766,2.0,0.0,0.9996879696846008,0.996662974357605,0.0,0.9122806787490845,1.0,0.12457244843244553,0.7687344551086426,0.0,0.0022154850885272026
2825,-27.1266,-1.4777,-28.6043,-29.5625,-0.7812,2.0,0.0,1.0,0.9972569346427917,0.0,1.0,0.9940476417541504,0.12877021729946136,0.7651585936546326,0.0,0.0015935945557430387
2830,-27.2551,-1.4035,-28.6586,-29.6953,-0.5156,2.0,0.0,1.0,0.9974307417869568,0.0,0.9800000190734863,0.999627947807312,0.12204602360725403,0.7715329527854919,0.0,0.0019434079295024276
2835,-27.0539,-1.5844,-28.6383,-28.8438,-2.1484,2.0,0.0,0.9996997117996216,0.9913057088851929,1.0,0.8782051205635071,1.0,0.12943096458911896,0.7599891424179077,3.886815829901025e-05,0.006063432898372412
2840,-27.1082,-1.6023,-28.7105,-29.125,-1.6328,2.0,0.0,1.0,0.9872920513153076,1.0,0.9785407781600952,0.9951636791229248,0.12480565905570984,0.7615827322006226,7.77363165980205e-05,0.009056281298398972
2845,-27.148,-1.4594,-28.6074,-29.7422,-0.4453,2.0,0.0,1.0,0.9971088171005249,1.0,1.0,1.0,0.1275264322757721,0.76628577709198,3.886815829901025e-05,0.0016713308868929744
2850,-27.2863,-1.3926,-28.6789,-29.6094,-0.7344,2.0,0.0,1.0,0.997282862663269,0.0,1.0,0.9973958134651184,0.1206856369972229,0.7724658250808716,0.0,0.002370957750827074
2855,-27.1777,-1.4387,-28.6164,-29.7812,-0.3438,2.0,0.0,1.0,0.9976218342781067,0.0,1.0,1.0,0.12577736377716064,0.7681514024734497,0.0,0.0015935945557430387
2860,-27.2297,-1.4016,-28.6313,-29.7422,-0.3984,2.0,0.0,1.0,0.9990415573120117,0.0,0.9629629850387573,0.9970238208770752,0.12395056337118149,0.77052241563797,0.0,0.0010494403541088104
2865,-27.2586,-1.4035,-28.6621,-29.6875,-0.5781,2.0,0.0,1.0,0.9971765875816345,1.0,1.0,1.0,0.12251243740320206,0.7709110975265503,3.886815829901025e-05,0.002060012426227331
2870,-27.0922,-1.5043,-28.5965,-29.6094,-0.6641,2.0,0.0,1.0,0.9961830377578735,0.0,0.9682539701461792,0.9966517686843872,0.12935324013233185,0.7637204527854919,0.0,0.0024486940819770098
2875,-27.1539,-1.4477,-28.6016,-29.6875,-0.5078,2.0,0.0,1.0,0.9979230165481567,0.0,0.9677419066429138,1.0,0.12706001102924347,0.7672574520111084,0.0,0.00120491289999336
2880,-27.1414,-1.441,-28.5824,-29.8203,-0.2422,2.0,0.0,1.0,0.9989858865737915,0.0,1.0,1.0,0.12818719446659088,0.7665578126907349,0.0,0.0007773631950840354
2885,-27.0441,-1.5781,-28.6223,-29.2422,-1.4219,2.0,0.0,0.9997014999389648,0.9924700260162354,1.0,0.9090909361839294,0.9970238208770752,0.1302083283662796,0.7587841749191284,0.00011660447489703074,0.006413246039301157
2890,-27.2555,-1.4344,-28.6898,-29.5391,-0.7812,2.0,0.0,0.9996790885925293,0.9948063492774963,1.0,0.9777777791023254,1.0,0.12111318111419678,0.7708333134651184,7.77363165980205e-05,0.00349813443608582
2895,-27.1199,-1.4746,-28.5945,-29.5703,-0.7188,2.0,0.0,0.99969482421875,0.9976655840873718,0.0,1.0,0.9955357313156128,0.1273709535598755,0.7658970952033997,0.0,0.0022543531376868486
2900,-27.1617,-1.4637,-28.6254,-29.5703,-0.7656,2.0,0.0,1.0,0.9961532354354858,0.0,1.0,1.0,0.12546642124652863,0.7679182291030884,0.0,0.002137748757377267
2905,-27.0293,-1.7355,-28.7648,-28.0938,-3.6953,2.0,0.0,0.9996910691261292,0.9800925850868225,1.0,0.9113573431968689,0.9973958134651184,0.1258162260055542,0.7555969953536987,7.77363165980205e-05,0.014031405560672283
2910,-26.9508,-1.8926,-28.8434,-27.2031,-5.4766,2.0,0.0,1.0,0.9744256138801575,1.0,0.8494623899459839,0.980654776096344,0.12593284249305725,0.7477456331253052,0.000155472633196041,0.0216884333640337
2915,-26.5523,-2.7023,-29.2547,-24.5625,-10.5938,2.0,0.0,0.9987554550170898,0.9415125250816345,0.3888888955116272,0.656862735748291,0.9665178656578064,0.1249222606420517,0.7143967747688293,0.0006996268639340997,0.0555037297308445
2920,-25.6461,-4.3508,-29.9969,-21.3281,-16.8047,2.0,0.0,0.9957945346832275,0.9086647033691406,0.27906978130340576,0.4175654947757721,0.8976934552192688,0.1293921023607254,0.6383317708969116,0.0016713308868929744,0.1261271834373474
2925,-26.077,-3.6637,-29.7406,-22.4844,-14.6797,2.0,0.0,0.9971927404403687,0.9196692109107971,0.5625,0.4859517216682434,0.9252232313156128,0.12461131811141968,0.6720693111419678,0.000621890532784164,0.0982198417186737
2930,-25.1254,-5.5539,-30.6793,-23.4219,-12.875,2.0,0.0,0.9959362149238586,0.8892279267311096,0.3396226465702057,0.3425297141075134,0.812872052192688,0.12433923780918121,0.5859763622283936,0.002060012426227331,0.18314675986766815
2935,-24.6309,-6.3672,-30.998,-24.8047,-10.1328,2.0,0.0,0.9850885272026062,0.8569918274879456,0.36690646409988403,0.35129231214523315,0.793154776096344,0.12511660158634186,0.5514614582061768,0.005402673967182636,0.2135416716337204
2940,-25.5531,-4.6574,-30.2105,-21.4062,-16.9531,2.0,0.0,0.9975054860115051,0.9277467131614685,0.17307692766189575,0.29801145195961,0.8653273582458496,0.12465018779039383,0.626166045665741,0.002021144377067685,0.14268501102924347
2945,-27.1898,-1.4098,-28.5996,-29.9062,-0.0469,2.0,0.0,1.0,0.9995959401130676,0.0,0.0,1.0,0.1259717047214508,0.7695506811141968,0.0,0.0
2950,-27.1645,-1.4512,-28.6156,-29.6641,-0.625,2.0,0.0,1.0,0.9971645474433899,0.0,0.9791666865348816,1.0,0.12601056694984436,0.7676461338996887,0.0,0.0018656715983524919
2955,-27.1797,-1.4664,-28.6461,-29.4688,-0.9922,2.0,0.0,1.0,0.9954911470413208,0.0,0.9876543283462524,0.9977678656578064,0.1251554787158966,0.7672185897827148,0.0,0.0031483208294957876
2960,-27.0492,-1.6172,-28.6664,-28.9141,-2.0547,2.0,0.0,0.9996963143348694,0.9896543025970459,1.0,0.8493150472640991,0.9977678656578064,0.12799285352230072,0.7589008212089539,0.00011660447489703074,0.008512127213180065
2965,-27.1672,-1.5828,-28.75,-28.6875,-2.4844,2.0,0.0,0.9996820092201233,0.9889460802078247,0.0,0.8098859190940857,0.9944196343421936,0.12224035710096359,0.7630208134651184,3.886815829901025e-05,0.010222326032817364
2970,-27.1531,-1.516,-28.6691,-29.1875,-1.5312,2.0,0.0,0.9996890425682068,0.9926384687423706,0.0,0.9527559280395508,0.9977678656578064,0.125,0.7655861377716064,0.0,0.004936256445944309
2975,-27.0816,-1.5066,-28.5883,-29.6641,-0.5078,2.0,0.0,1.0,0.9964833855628967,1.0,0.9508196711540222,0.9966517686843872,0.13048040866851807,0.7626321315765381,3.886815829901025e-05,0.002370957750827074
2980,-27.0676,-1.5664,-28.634,-28.9141,-1.9844,2.0,0.0,0.9993934035301208,0.9930091500282288,0.5,0.7847222089767456,1.0,0.12814831733703613,0.7616993188858032,7.77363165980205e-05,0.005597014911472797
2985,-27.1184,-1.4906,-28.609,-29.5703,-0.6719,2.0,0.0,1.0,0.9959394931793213,0.0,0.9322034120559692,0.999627947807312,0.1274486929178238,0.7657804489135742,0.0,0.0022932214196771383
2990,-27.0609,-1.5422,-28.6031,-29.3828,-1.1641,2.0,0.0,0.999699056148529,0.9941365718841553,1.0,1.0,0.9970238208770752,0.1291588991880417,0.7623212337493896,3.886815829901025e-05,0.004003420472145081
2995,-27.182,-1.5074,-28.6895,-29.2734,-1.3594,2.0,0.0,1.0,0.9932641386985779,0.0,0.8582677245140076,0.9936755895614624,0.12313432991504669,0.767451822757721,0.0,0.004936256445944309
3000,-27.1191,-1.502,-28.6211,-29.3984,-1.1094,2.0,0.0,1.0,0.9952218532562256,0.0,0.9620253443717957,0.9970238208770752,0.12779851257801056,0.7646533250808716,0.0,0.003070584498345852
3005,-27.2695,-1.4391,-28.7086,-29.3047,-1.2734,2.0,0.0,1.0,0.995011568069458,0.0,0.78899085521698,0.9985119104385376,0.11990827322006226,0.7713775038719177,0.0,0.004236629232764244
3010,-27.1336,-1.466,-28.5996,-29.7422,-0.3516,2.0,0.0,0.9996941089630127,0.9972103834152222,0.0,1.0,1.0,0.12706001102924347,0.7663246393203735,0.0,0.002137748757377267
3015,-27.1652,-1.4379,-28.6031,-29.8438,-0.2656,2.0,0.0,0.9996922016143799,0.9982798099517822,0.0,1.0,1.0,0.12628264725208282,0.7682291865348816,0.0,0.0010105721885338426
3020,-27.1898,-1.4191,-28.609,-29.7578,-0.2734,2.0,0.0,1.0,0.9987861514091492,0.0,1.0,1.0,0.12616604566574097,0.7685012221336365,0.0,0.0008550995262339711
3025,-27.082,-1.466,-28.548,-29.8906,-0.1484,2.0,0.0,1.0,0.9994405508041382,0.0,0.9166666865348816,1.0,0.13083022832870483,0.7642257213592529,0.0,0.00046641789958812296
3030,-27.2324,-1.4031,-28.6355,-29.6719,-0.5391,2.0,0.0,1.0,0.99833744764328,0.0,1.0,1.0,0.12340640276670456,0.7714940905570984,0.0,0.000621890532784164
3035,-27.2148,-1.4195,-28.6344,-29.7812,-0.3672,2.0,0.0,1.0,0.9976778030395508,0.0,1.0,1.0,0.12391169369220734,0.7699393630027771,0.0,0.0016713308868929744
3040,-27.1914,-1.4383,-28.6297,-29.5391,-0.7109,2.0,0.0,0.999691903591156,0.9971127510070801,0.0,1.0,1.0,0.12616604566574097,0.7673351764678955,0.0,0.002021144377067685
3045,-27.2164,-1.4199,-28.6363,-29.7422,-0.4219,2.0,0.0,0.9996868371963501,0.9980309009552002,1.0,1.0,0.9970238208770752,0.1241060346364975,0.7698227763175964,3.886815829901025e-05,0.0015547263901680708
3050,-27.2199,-1.4234,-28.6434,-29.6406,-0.6719,2.0,0.0,1.0,0.9975762367248535,0.0,0.9811320900917053,0.9970238208770752,0.12371735274791718,0.7697450518608093,0.0,0.002060012426227331
3055,-27.2855,-1.3719,-28.6574,-29.8281,-0.2969,2.0,0.0,1.0,0.9987436532974243,0.0,1.0,1.0,0.12111318111419678,0.7734375,0.0,0.0009717039647512138
3060,-27.1984,-1.423,-28.6215,-29.75,-0.4766,2.0,0.0,1.0,0.9981819987297058,0.0,0.9473684430122375,1.0,0.12437810748815536,0.7696672677993774,0.0,0.001476990059018135
3065,-27.2457,-1.4023,-28.648,-29.7734,-0.4062,2.0,0.0,1.0,0.9978371262550354,0.0,1.0,1.0,0.12119092047214508,0.7727378606796265,0.0,0.0015935945557430387
3070,-27.1305,-1.4617,-28.5922,-29.7812,-0.3906,2.0,0.0,1.0,0.9977166652679443,0.0,1.0,0.999627947807312,0.12799285352230072,0.7660136818885803,0.0,0.001515858224593103
3075,-27.1516,-1.4324,-28.584,-29.8281,-0.1797,2.0,0.0,1.0,0.9992905855178833,0.0,1.0,1.0,0.12791511416435242,0.7670631408691406,0.0,0.0005441542016342282
3080,-27.2688,-1.3844,-28.6531,-29.7812,-0.2969,2.0,0.0,1.0,0.9987916350364685,1.0,1.0,0.9970238208770752,0.1224735677242279,0.7719993591308594,3.886815829901025e-05,0.0010105721885338426
3085,-27.1391,-1.448,-28.5871,-29.8125,-0.2109,2.0,0.0,1.0,0.998481035232544,0.0,1.0,1.0,0.12729321420192719,0.7676461338996887,0.0,0.0005830223672091961
3090,-27.2055,-1.4113,-28.6168,-29.8594,-0.1641,2.0,0.0,0.9996876120567322,0.9988399147987366,0.0,1.0,1.0,0.12441697716712952,0.7706001400947571,0.0,0.0005052860942669213
3095,-27.3023,-1.3875,-28.6898,-29.6016,-0.6094,2.0,0.0,1.0,0.9967336654663086,1.0,0.9811320900917053,1.0,0.11994714289903641,0.7734763622283936,3.886815829901025e-05,0.002060012426227331
3100,-27.1895,-1.4305,-28.6199,-29.7422,-0.4219,2.0,0.0,1.0,0.997875988483429,0.0,1.0,0.999627947807312,0.12538868188858032,0.7685790061950684,0.0,0.0015547263901680708
3105,-27.1844,-1.4348,-28.6191,-29.6406,-0.5547,2.0,0.0,1.0,0.9977226853370667,1.0,0.96875,1.0,0.12620490789413452,0.768034815788269,3.886815829901025e-05,0.001243781065568328
3110,-27.1316,-1.4594,-28.591,-29.6953,-0.4922,2.0,0.0,1.0,0.9978147149085999,0.0,1.0,1.0,0.12908115983009338,0.7648087739944458,0.0,0.0016324627213180065
3115,-27.2734,-1.3785,-28.652,-29.8203,-0.2188,2.0,0.0,1.0,0.9986916184425354,0.0,1.0,1.0,0.12212375551462173,0.7723880410194397,0.0,0.0010105721885338426
3120,-27.2262,-1.4051,-28.6313,-29.7969,-0.2891,2.0,0.0,1.0,0.9984347224235535,0.0,1.0,1.0,0.12453357875347137,0.7697839140892029,0.0,0.00120491289999336
3125,-27.048,-1.4941,-28.5422,-29.8516,-0.2031,2.0,0.0,1.0,0.9984193444252014,0.0,1.0,1.0,0.13219061493873596,0.7622823119163513,0.0,0.0010494403541088104
3130,-27.2004,-1.4121,-28.6125,-29.8516,-0.2031,2.0,0.0,1.0,0.9989390969276428,0.0,1.0,1.0,0.12569962441921234,0.7693952322006226,0.0,0.00042754976311698556
3135,-27.1617,-1.4367,-28.5984,-29.8281,-0.25,2.0,0.0,1.0,0.9988340139389038,0.0,1.0,0.9973958134651184,0.12764303386211395,0.7667133212089539,0.0,0.0011660447344183922
3140,-27.1738,-1.4383,-28.6121,-29.7344,-0.3906,2.0,0.0,1.0,0.9978214502334595,0.0,1.0,1.0,0.12667132914066315,0.7671797275543213,0.0,0.0016713308868929744
3145,-27.202,-1.3996,-28.6016,-29.9766,-0.0234,2.0,0.0,1.0,0.9999495148658752,0.0,0.0,1.0,0.12534981966018677,0.7701725959777832,0.0,0.0
3150,-27.1539,-1.4324,-28.5863,-29.8594,-0.1641,2.0,0.0,1.0,0.9991887807846069,0.0,1.0,1.0,0.1285758763551712,0.7666355967521667,0.0,0.000310945266392082
3155,-27.102,-1.4719,-28.5738,-29.7812,-0.3672,2.0,0.0,1.0,0.9983735680580139,0.0,1.0,0.9973958134651184,0.1293143630027771,0.7647310495376587,0.0,0.001476990059018135
3160,-27.157,-1.4215,-28.5785,-29.9844,-0.0078,2.0,0.0,1.0,1.0,0.0,0.0,1.0,0.1283426582813263,0.7671797275543213,0.0,0.0
3165,-27.1383,-1.4508,-28.5891,-29.7891,-0.3047,2.0,0.0,1.0,0.9986821413040161,0.0,0.692307710647583,1.0,0.1276818960905075,0.7668299078941345,0.0,0.0010105721885338426
3170,-27.2711,-1.3691,-28.6402,-29.9375,-0.0312,2.0,0.0,1.0,0.9995976686477661,0.0,1.0,1.0,0.1223180964589119,0.7728933691978455,0.0,0.000310945266392082
3175,-27.0617,-1.475,-28.5367,-29.9375,-0.0547,2.0,0.0,1.0,0.9994909167289734,0.0,1.0,1.0,0.13164645433425903,0.7634872794151306,0.0,0.0003886815975420177
3180,-27.2859,-1.357,-28.643,-29.9219,-0.0391,2.0,0.0,1.0,1.0,0.0,0.0,1.0,0.12270677834749222,0.7728155851364136,0.0,0.0
3185,-27.2297,-1.3863,-28.616,-29.9375,-0.0547,2.0,0.0,1.0,0.9998992681503296,0.0,1.0,1.0,0.12371735274791718,0.771766185760498,0.0,3.886815829901025e-05
3190,-27.166,-1.4211,-28.5871,-29.9219,-0.1094,2.0,0.0,1.0,0.9996461272239685,0.0,1.0,1.0,0.12639924883842468,0.7688510417938232,0.0,0.0002720771008171141
3195,-27.1852,-1.4074,-28.5926,-29.8906,-0.0547,2.0,0.0,1.0,1.0,0.0,0.0,1.0,0.1268656700849533,0.7686567306518555,0.0,0.0
3200,-27.125,-1.4457,-28.5707,-29.8438,-0.1484,2.0,0.0,1.0,0.999289333820343,0.0,1.0,1.0,0.12927550077438354,0.7657027244567871,0.0,0.0005441542016342282
3205,-27.1816,-1.4133,-28.5949,-29.9375,-0.0312,2.0,0.0,1.0,0.9996461272239685,0.0,1.0,1.0,0.12639924883842468,0.7688510417938232,0.0,0.0002720771008171141
3210,-27.1906,-1.4141,-28.6047,-29.8125,-0.2109,2.0,0.0,1.0,0.9991921186447144,0.0,1.0,1.0,0.12511660158634186,0.7697839140892029,0.0,0.000621890532784164
3215,-27.1754,-1.4223,-28.5977,-29.9141,-0.1484,2.0,0.0,1.0,0.9991407990455627,0.0,1.0,1.0,0.1258162260055542,0.7690454125404358,0.0,0.0006607586983591318
3220,-27.359,-1.3246,-28.6836,-29.9375,-0.0312,2.0,0.0,1.0,0.9996497631072998,0.0,1.0,1.0,0.11847014725208282,0.7767801880836487,0.0,0.0002720771008171141
3225,-27.1922,-1.4156,-28.6078,-29.7656,-0.2578,2.0,0.0,1.0,0.9989894032478333,0.0,1.0,1.0,0.12554416060447693,0.76920086145401,0.0,0.0007773631950840354
3230,-27.2992,-1.3656,-28.6648,-29.6719,-0.4688,2.0,0.0,1.0,0.9990960359573364,0.0,1.0,0.9970238208770752,0.12064676731824875,0.773942768573761,0.0,0.0009328357991762459
3235,-27.2305,-1.3988,-28.6293,-29.8594,-0.1641,2.0,0.0,1.0,0.9987903237342834,0.0,1.0,1.0,0.12344527244567871,0.7711442708969116,0.0,0.0009328357991762459
3240,-27.1988,-1.4223,-28.6211,-29.9141,-0.125,2.0,0.0,1.0,0.9981275200843811,0.0,1.0,1.0,0.1260494440793991,0.768034815788269,0.0,0.0014381218934431672
3245,-27.141,-1.4406,-28.5816,-29.7734,-0.3359,2.0,0.0,1.0,0.9990358352661133,0.0,1.0,1.0,0.12884794175624847,0.7659359574317932,0.0,0.0007384950295090675
3250,-27.1832,-1.443,-28.6262,-29.6484,-0.5859,2.0,0.0,1.0,0.997016429901123,1.0,1.0,1.0,0.1249222606420517,0.7686178684234619,3.886815829901025e-05,0.0019434079295024276
3255,-27.1953,-1.4398,-28.6352,-29.5781,-0.7734,2.0,0.0,0.9993815422058105,0.997266948223114,0.0,1.0,0.9970238208770752,0.12569962441921234,0.7679570913314819,0.0,0.0018656715983524919
3260,-27.2234,-1.4715,-28.6949,-29.3438,-1.2656,2.0,0.0,1.0,0.9931745529174805,0.0,0.9440000057220459,1.0,0.12189054489135742,0.7687733173370361,0.0,0.00485851988196373
3265,-27.2434,-1.3941,-28.6375,-29.6953,-0.4688,2.0,0.0,1.0,0.9986404776573181,0.0,1.0,1.0,0.12286224961280823,0.7719216346740723,0.0,0.0007384950295090675
3270,-27.1418,-1.4297,-28.5715,-29.9219,-0.0391,2.0,0.0,1.0,0.9999493360519409,0.0,1.0,1.0,0.12830379605293274,0.7671797275543213,0.0,3.886815829901025e-05
3275,-27.0695,-1.5215,-28.591,-29.625,-0.7266,2.0,0.0,1.0,0.9955675601959229,0.0,0.887499988079071,1.0,0.12950870394706726,0.7629042267799377,0.0,0.0031094527803361416
3280,-27.152,-1.4762,-28.6281,-29.375,-1.1328,2.0,0.0,1.0,0.9954907298088074,0.0,1.0,1.0,0.12562188506126404,0.7671408653259277,0.0,0.0027596394065767527
3285,-27.0238,-1.5086,-28.5324,-29.7734,-0.3359,2.0,0.0,1.0,0.9986234307289124,0.0,1.0,0.9970238208770752,0.13180193305015564,0.7623600959777832,0.0,0.0013603855622932315
3290,-27.1844,-1.4242,-28.6086,-29.7969,-0.3359,2.0,0.0,1.0,0.9985834956169128,0.0,1.0,1.0,0.12624378502368927,0.7683069109916687,0.0,0.0009717039647512138
3295,-27.1801,-1.4293,-28.6094,-29.7031,-0.4531,2.0,0.0,1.0,0.9983307123184204,0.0,1.0,1.0,0.12593284249305725,0.7683846354484558,0.0,0.00120491289999336
3300,-27.1992,-1.452,-28.6512,-29.4531,-0.9062,2.0,0.0,1.0,0.9960500597953796,0.0,1.0,0.996279776096344,0.12468905746936798,0.7675295472145081,0.0,0.003303793491795659
3305,-27.2559,-1.4137,-28.6695,-29.7578,-0.4844,2.0,0.0,1.0,0.9964239001274109,0.0,1.0,1.0,0.12138526141643524,0.7716884613037109,0.0,0.0024486940819770098
3310,-27.2855,-1.3578,-28.6434,-29.9141,-0.0547,2.0,0.0,1.0,0.9999497532844543,0.0,1.0,1.0,0.12208488583564758,0.7733986377716064,0.0,3.886815829901025e-05
3315,-27.309,-1.3578,-28.6668,-29.7891,-0.3516,2.0,0.0,1.0,0.9989461302757263,0.0,1.0,1.0,0.12021921575069427,0.7744869589805603,0.0,0.0008162313606590033
3320,-27.1496,-1.4328,-28.5824,-29.8125,-0.1406,2.0,0.0,1.0,0.9994416236877441,1.0,1.0,0.9992559552192688,0.12935324013233185,0.7656638622283936,3.886815829901025e-05,0.00046641789958812296
3325,-27.2188,-1.3965,-28.6152,-29.875,-0.1562,2.0,0.0,1.0,0.9994953274726868,0.0,1.0,1.0,0.12503886222839355,0.7701725959777832,0.0,0.000310945266392082
3330,-27.1844,-1.4078,-28.5922,-29.9531,-0.0234,2.0,0.0,1.0,1.0,0.0,0.0,1.0,0.12632152438163757,0.76920086145401,0.0,0.0
3335,-27.2949,-1.3555,-28.6504,-30.0,0.0,2.0,0.0,1.0,0.9997485280036926,0.0,1.0,1.0,0.12243469804525375,0.7728933691978455,0.0,0.00019434079877100885
3340,-27.2609,-1.3824,-28.6434,-29.8516,-0.25,2.0,0.0,1.0,0.9988927841186523,0.0,1.0,1.0,0.12243469804525375,0.7723103165626526,0.0,0.0007773631950840354
3345,-27.0305,-1.534,-28.5645,-29.3125,-1.1172,2.0,0.0,1.0,0.9956982731819153,1.0,1.0,1.0,0.13327892124652863,0.758978545665741,3.886815829901025e-05,0.0032260571606457233
3350,-27.3316,-1.35,-28.6816,-29.9375,-0.1016,2.0,0.0,1.0,0.9986464977264404,0.0,1.0,1.0,0.11932525038719177,0.7753420472145081,0.0,0.0008550995262339711
3355,-27.125,-1.4855,-28.6105,-29.4766,-0.9766,2.0,0.0,1.0,0.9962452054023743,0.0,0.8709677457809448,1.0,0.12709887325763702,0.7660136818885803,0.0,0.00240982579998672
3360,-27.1176,-1.4875,-28.6051,-29.5781,-0.8438,2.0,0.0,0.9996985197067261,0.9961338639259338,0.0,0.9692307710647583,1.0,0.12892568111419678,0.7640702724456787,0.0,0.0025264304131269455
3365,-27.0836,-1.6094,-28.693,-28.1641,-3.4609,2.0,0.0,0.9996934533119202,0.9896596074104309,0.0,0.806584358215332,0.9970238208770752,0.126787930727005,0.7592895030975342,0.0,0.00944496225565672
3370,-27.093,-1.6551,-28.748,-27.9688,-3.8984,2.0,0.0,0.9996880888938904,0.9865410923957825,0.5,0.7663230299949646,0.995907723903656,0.12461131811141968,0.7595226764678955,7.77363165980205e-05,0.011310634203255177
3375,-26.6996,-2.3527,-29.0523,-24.2969,-11.2891,2.0,0.0,0.9993848204612732,0.969048023223877,0.20000000298023224,0.4728529155254364,0.9709821343421936,0.12636038661003113,0.7295942306518555,0.00019434079877100885,0.03937344625592232
3380,-26.4637,-2.8082,-29.2719,-22.4766,-14.8359,2.0,0.0,0.9987733960151672,0.9626767635345459,0.09090909361839294,0.3705650568008423,0.9546130895614624,0.12674906849861145,0.7091884613037109,0.00042754976311698556,0.05915733799338341
3385,-26.1871,-3.5535,-29.7406,-20.1641,-19.2734,2.0,0.0,0.99967360496521,0.968390941619873,0.1041666641831398,0.17262639105319977,0.9252232313156128,0.11909203976392746,0.6799984574317932,0.0018656715983524919,0.0945662334561348
3390,-26.1102,-3.5504,-29.6605,-20.1328,-19.125,2.0,0.0,0.9987684488296509,0.9633998870849609,0.03125,0.21695342659950256,0.9244791865348816,0.12624378502368927,0.6754119992256165,0.001243781065568328,0.09262282401323318
3395,-25.3145,-5.1359,-30.4504,-21.1641,-17.4609,2.0,0.0,0.9981244206428528,0.9654088020324707,0.10869564861059189,0.11108473688364029,0.8377976417541504,0.12433923780918121,0.605643630027771,0.0017879352672025561,0.16375155746936798
3400,-25.118,-5.6648,-30.7828,-19.9219,-19.9219,2.0,0.0,0.9974026083946228,0.9647489190101624,0.28787878155708313,0.10146120935678482,0.7950148582458496,0.1197139322757721,0.5843827724456787,0.0025652984622865915,0.18886038661003113
3405,-27.1438,-1.5031,-28.6469,-29.1641,-1.5312,2.0,0.0,1.0,0.9976131319999695,0.0,0.34259259700775146,0.9966517686843872,0.12593284249305725,0.7653529047966003,3.886815829901025e-05,0.004197761416435242
3410,-27.2645,-1.3695,-28.634,-30.0,0.0,2.0,0.0,1.0,0.9998490214347839,0.0,0.0,1.0,0.12317319959402084,0.7723491787910461,0.0,0.0
3415,-27.127,-1.4395,-28.5664,-29.9062,-0.0703,2.0,0.0,1.0,0.9997463226318359,0.0,1.0,1.0,0.1292366236448288,0.7660914063453674,0.0,0.00019434079877100885
3420,-27.1637,-1.4539,-28.6176,-29.5781,-0.7031,2.0,0.0,1.0,0.9970150589942932,1.0,0.9821428656578064,0.999627947807312,0.12503886222839355,0.7682680487632751,3.886815829901025e-05,0.002176616806536913
3425,-26.9895,-1.6629,-28.6523,-28.9609,-1.9141,2.0,0.0,0.9997033476829529,0.9893447160720825,1.0,0.8340249061584473,0.9921875,0.131024569272995,0.7550917267799377,3.886815829901025e-05,0.009367226622998714
3430,-27.1977,-1.4398,-28.6375,-29.5234,-0.8594,2.0,0.0,1.0,0.996819794178009,0.0,0.9607843160629272,0.999627947807312,0.12356188148260117,0.7699782252311707,0.0,0.0019822760950773954
3435,-27.1297,-1.4902,-28.6199,-29.3438,-1.2656,2.0,0.0,1.0,0.9962902665138245,0.0,0.8470588326454163,0.9970238208770752,0.1273709535598755,0.7648476362228394,0.0,0.003303793491795659
3440,-27.1281,-1.5109,-28.6391,-29.3594,-1.2344,2.0,0.0,1.0,0.995173990726471,0.0,0.7339449524879456,0.9985119104385376,0.12616604566574097,0.765119731426239,0.0,0.004236629232764244
3445,-27.232,-1.4133,-28.6453,-29.6953,-0.5391,2.0,0.0,1.0,0.9977311491966248,0.0,0.8529411554336548,1.0,0.1232898011803627,0.7709110975265503,0.0,0.0013215173967182636
3450,-27.1805,-1.4625,-28.643,-29.4922,-0.9688,2.0,0.0,0.9996876120567322,0.9960070848464966,0.0,0.9259259104728699,0.9977678656578064,0.12441697716712952,0.7690065503120422,0.0,0.002098880708217621
3455,-27.1543,-1.4832,-28.6375,-29.4922,-0.9453,2.0,0.0,1.0,0.9955817461013794,0.0,0.8399999737739563,1.0,0.12628264725208282,0.7653529047966003,0.0,0.003886815859004855
3460,-27.1688,-1.4695,-28.6383,-29.4375,-0.9844,2.0,0.0,1.0,0.9957968592643738,0.0,0.9428571462631226,0.9981398582458496,0.12527208030223846,0.7675295472145081,0.0,0.002720771124586463
3465,-27.1301,-1.4684,-28.5984,-29.625,-0.5625,2.0,0.0,0.9993939399719238,0.9972072839736938,0.0,1.0,1.0,0.128264918923378,0.7654695510864258,0.0,0.0017879352672025561
3470,-27.2051,-1.4215,-28.6266,-29.7031,-0.5,2.0,0.0,1.0,0.9980812072753906,0.0,0.8928571343421936,1.0,0.12468905746936798,0.7697450518608093,0.0,0.0010883084032684565
3475,-27.2344,-1.4074,-28.6418,-29.7109,-0.5078,2.0,0.0,1.0,0.9978836178779602,0.0,1.0,1.0,0.12282337993383408,0.7713386416435242,0.0,0.0013603855622932315
3480,-27.2391,-1.4191,-28.6582,-29.5625,-0.7812,2.0,0.0,1.0,0.9969232082366943,0.0,0.8979591727256775,1.0,0.12301772087812424,0.7706001400947571,0.0,0.0019045397639274597
3485,-27.1324,-1.459,-28.5914,-29.6562,-0.6172,2.0,0.0,1.0,0.9978181719779968,0.0,1.0,1.0,0.12818719446659088,0.7660136818885803,0.0,0.0013215173967182636
3490,-27.2176,-1.4117,-28.6293,-29.6562,-0.5234,2.0,0.0,0.9996870160102844,0.9983855485916138,0.0,0.9166666865348816,1.0,0.1241837665438652,0.7704057693481445,0.0,0.0009328357991762459
3495,-27.2379,-1.4191,-28.657,-29.7031,-0.5938,2.0,0.0,1.0,0.996823787689209,0.0,0.9428571462631226,1.0,0.1232120618224144,0.7709499597549438,0.0,0.0013603855622932315
3500,-27.084,-1.5277,-28.6117,-29.1094,-1.5938,2.0,0.0,0.9996985197067261,0.9948017597198486,1.0,0.9700000286102295,0.9951636791229248,0.12892568111419678,0.7626709938049316,3.886815829901025e-05,0.003886815859004855
3505,-27.0691,-1.7133,-28.7824,-27.7812,-4.3906,2.0,0.0,1.0,0.9846627116203308,1.0,0.7313019633293152,0.9899553656578064,0.12371735274791718,0.7577347755432129,3.886815829901025e-05,0.014031405560672283
3510,-27.0961,-1.5891,-28.6852,-28.6719,-2.5391,2.0,0.0,1.0,0.9899320006370544,0.0,0.8299999833106995,0.9988839030265808,0.12721548974514008,0.7605332732200623,0.0,0.00777363171800971
3515,-26.9305,-1.891,-28.8215,-26.6641,-6.5547,2.0,0.0,0.9996953010559082,0.9798929691314697,1.0,0.642436146736145,0.9858630895614624,0.12756529450416565,0.7480954527854919,7.77363165980205e-05,0.01978389360010624
3520,-26.5152,-2.7707,-29.2859,-22.3203,-14.9609,2.0,0.0,0.9981302618980408,0.9689587354660034,0.38461539149284363,0.3170890212059021,0.957217276096344,0.12472791969776154,0.7099658250808716,0.0010105721885338426,0.059818096458911896
3525,-25.6176,-4.5062,-30.1238,-26.5703,-6.5547,2.0,0.0,0.9956817030906677,0.9116401672363281,0.5769230723381042,0.36271384358406067,0.8969494104385376,0.12601056694984436,0.6334344148635864,0.002021144377067685,0.13405628502368927
3530,-26.1367,-3.4609,-29.5977,-22.4844,-14.8203,2.0,0.0,0.9984732866287231,0.9530320167541504,0.47999998927116394,0.29955753684043884,0.930059552192688,0.12729321420192719,0.6794154047966003,0.0009717039647512138,0.08784203976392746
3535,-26.3449,-3.2203,-29.5652,-21.0234,-17.4609,2.0,0.0,0.9980909824371338,0.9713708162307739,0.5384615659713745,0.17987360060214996,0.9397321343421936,0.12216262519359589,0.69239741563797,0.0010105721885338426,0.07995180040597916
3540,-25.4738,-4.7996,-30.2734,-20.7578,-17.8984,2.0,0.0,0.9984340667724609,0.9580681324005127,0.3291139304637909,0.1191876009106636,0.8872767686843872,0.1241060346364975,0.6229011416435242,0.003070584498345852,0.14544464647769928
3545,-24.1738,-7.3258,-31.4996,-25.4219,-8.9219,2.0,0.0,0.9933586120605469,0.8935574293136597,0.5833333134651184,0.15859098732471466,0.7901785969734192,0.12290111929178238,0.5134094953536987,0.006529850885272026,0.2526819109916687
3550,-22.5844,-9.2355,-31.8199,-26.3984,-5.6562,2.0,0.0,0.9472230672836304,0.8486968874931335,0.48279157280921936,0.13272154331207275,0.7548363208770752,0.12667132914066315,0.4444185197353363,0.04065609350800514,0.2837764322757721
3555,-23.6426,-6.518,-30.1605,-28.1016,-2.2969,2.0,0.0,0.9244909286499023,0.921652615070343,0.3983805775642395,0.14967061579227448,0.8779761791229248,0.13743780553340912,0.5625777244567871,0.048002175986766815,0.14750465750694275
3560,-26.8809,-2.1016,-28.9824,-28.6641,-2.5547,2.0,0.0,0.9981173276901245,0.9732906818389893,0.75,0.5382652878761292,0.9832589030265808,0.12387282401323318,0.7407104969024658,0.00046641789958812296,0.030472636222839355
3565,-26.7336,-2.3223,-29.0559,-24.2578,-11.3672,2.0,0.0,1.0,0.9779114127159119,1.0,0.25959596037864685,0.9895833134651184,0.1265547275543213,0.7302549481391907,0.00023320894979406148,0.03847947716712952
3570,-27.082,-1.5949,-28.677,-28.2188,-3.4453,2.0,0.0,1.0,0.995254635810852,0.0,0.25,0.9985119104385376,0.126787930727005,0.7617381811141968,0.0,0.00699626887217164
3575,-27.2059,-1.4738,-28.6797,-29.0156,-1.9453,2.0,0.0,1.0,0.9967097043991089,0.0,0.3195876181125641,1.0,0.12391169369220734,0.7678405046463013,0.0,0.0037702114786952734
3580,-26.6117,-2.4137,-29.0254,-22.4453,-14.8516,2.0,0.0,1.0,0.9870833158493042,0.25,0.0954676941037178,0.984002947807312,0.12970304489135742,0.7252021431922913,0.000310945266392082,0.04030628129839897
3585,-26.7125,-2.4277,-29.1402,-22.2812,-15.1094,2.0,0.0,0.999683141708374,0.9878939986228943,0.0,0.06500445306301117,0.9813988208770752,0.12266790866851807,0.7288168668746948,0.0003886815975420177,0.043648943305015564
3590,-23.9242,-7.702,-31.6262,-22.5938,-14.5312,2.0,0.0,0.9967969059944153,0.973791241645813,0.0330033004283905,0.03234304115176201,0.7358630895614624,0.12134639173746109,0.4968128204345703,0.011777052655816078,0.26558613777160645
3595,-21.5352,-10.0191,-31.5543,-28.6641,-0.7031,2.0,0.0,0.9640198349952698,0.9541594386100769,0.12032212316989899,0.038939885795116425,0.6614583134651184,0.12531094253063202,0.42564520239830017,0.08205068111419678,0.2625155448913574
3600,-23.1473,-6.8641,-30.0113,-28.8984,-1.1953,2.0,0.0,0.9545085430145264,0.9657543897628784,0.20830629765987396,0.06158833205699921,0.8058035969734192,0.14354011416435242,0.5481964945793152,0.0598958320915699,0.143889918923378
3605,-23.8559,-5.7867,-29.6426,-28.7344,-1.2891,2.0,0.0,0.9640211462974548,0.9637134075164795,0.2230902761220932,0.12142381817102432,0.8463541865348816,0.14692163467407227,0.5869869589805603,0.04477611929178238,0.11683768779039383
3610,-25.5797,-3.7066,-29.2863,-29.1328,-1.1484,2.0,0.0,0.984417736530304,0.9599159955978394,0.5030487775802612,0.23707571625709534,0.9308035969734192,0.1421797275543213,0.6661613583564758,0.01274875644594431,0.07443252205848694
3615,-27.0414,-1.7043,-28.7457,-27.9141,-4.0781,2.0,0.0,0.999381959438324,0.9919917583465576,0.5,0.3788819909095764,0.9906994104385376,0.12577736377716064,0.75715172290802,7.77363165980205e-05,0.012515547685325146
3620,-25.9039,-4.0004,-29.9043,-19.8594,-20.0234,2.0,0.0,0.9996873140335083,0.9855655431747437,0.07407407462596893,0.03435245528817177,0.906622052192688,0.12430037558078766,0.6570273637771606,0.0010494403541088104,0.11314520984888077
3625,-22.8102,-8.2004,-31.0105,-29.0,-0.5,2.0,0.0,0.971238911151886,0.962870717048645,0.13048933446407318,0.04526218771934509,0.7332589030265808,0.12297885864973068,0.4993392527103424,0.06195584684610367,0.21124844253063202
3630,-22.8551,-7.282,-30.1371,-28.1094,-2.0703,2.0,0.0,0.9741427898406982,0.9703665971755981,0.14113785326480865,0.049584630876779556,0.777157723903656,0.13829290866851807,0.5364583134651184,0.07105099409818649,0.14972014725208282
3635,-24.7887,-5.3602,-30.1488,-29.4531,-0.2969,2.0,0.0,0.9850366115570068,0.9832929372787476,0.16312997043132782,0.03725093975663185,0.8411458134651184,0.12208488583564758,0.6095304489135742,0.029306592419743538,0.134600430727005
3640,-24.527,-5.2438,-29.7707,-28.9141,-1.375,2.0,0.0,0.9885475039482117,0.9808578491210938,0.1815950870513916,0.046942148357629776,0.855282723903656,0.13914801180362701,0.6071206331253052,0.031677551567554474,0.11757618188858032
3645,-24.8809,-5.2238,-30.1047,-29.5469,-0.3438,2.0,0.0,0.9921996593475342,0.9841350317001343,0.15764331817626953,0.03334299847483635,0.847842276096344,0.12457244843244553,0.6124844551086426,0.024409204721450806,0.13405628502368927
3650,-25.2105,-5.216,-30.4266,-29.5469,-0.6953,2.0,0.0,0.9962406158447266,0.9853737354278564,0.22641509771347046,0.03573998436331749,0.8389136791229248,0.12406716495752335,0.603233814239502,0.0061800372786819935,0.16204135119915009
3655,-24.8488,-5.575,-30.4238,-29.5781,-0.4453,2.0,0.0,0.9926447868347168,0.9852505326271057,0.12860892713069916,0.031598955392837524,0.827752947807312,0.12682680785655975,0.5902907252311707,0.014808768406510353,0.16359607875347137
3660,-25.1926,-5.1266,-30.3191,-29.8438,-0.0781,2.0,0.0,0.9984620213508606,0.9876511693000793,0.12135922163724899,0.028072837740182877,0.8418898582458496,0.12636038661003113,0.6074704527854919,0.008006840944290161,0.15368470549583435
3665,-24.809,-5.2539,-30.0629,-29.4844,-0.4922,2.0,0.0,0.9960949420928955,0.9878532290458679,0.08914100378751755,0.023174971342086792,0.851190447807312,0.1293921023607254,0.6079757213592529,0.02398165501654148,0.13417288661003113
3670,-25.0527,-4.9773,-30.0301,-29.7344,-0.1328,2.0,0.0,0.9970639944076538,0.9877277612686157,0.15051020681858063,0.02446126937866211,0.8563988208770752,0.13238495588302612,0.6144278645515442,0.015236318111419678,0.1334732621908188
3675,-25.3664,-4.8094,-30.1758,-29.7812,-0.1094,2.0,0.0,0.9974707365036011,0.9894789457321167,0.1259259283542633,0.022009029984474182,0.8604910969734192,0.12293998897075653,0.62433922290802,0.01049440260976553,0.13774876296520233
3680,-24.9023,-5.3332,-30.2355,-29.5312,-0.2344,2.0,0.0,0.9910438656806946,0.9896275997161865,0.15606936812400818,0.016484977677464485,0.8418898582458496,0.12585510313510895,0.6033115386962891,0.02017257548868656,0.14618314802646637
3685,-24.709,-5.7586,-30.4676,-29.3438,-0.6797,2.0,0.0,0.9919282793998718,0.9832697510719299,0.188916876912117,0.023421354591846466,0.828497052192688,0.13001398742198944,0.5808069109916687,0.015430659055709839,0.1692708283662796
3690,-24.8547,-5.8914,-30.7461,-29.6406,-0.2969,2.0,0.0,0.9940983653068542,0.9861260056495667,0.18465909361839294,0.01504874974489212,0.812127947807312,0.11854788661003113,0.5799129605293274,0.013681592419743538,0.18337997794151306
3695,-24.5152,-6.5914,-31.1066,-29.9531,-0.0234,2.0,0.0,0.9965795874595642,0.9857982993125916,0.18324607610702515,0.015111579559743404,0.777157723903656,0.125,0.5418998599052429,0.007423818577080965,0.2211986929178238
3700,-24.568,-6.5293,-31.0973,-26.0312,-7.3281,2.0,0.0,0.9996722340583801,0.9885552525520325,0.03214285895228386,0.013143680058419704,0.7793898582458496,0.11858675628900528,0.5501787662506104,0.010883084498345852,0.21587376296520233
3705,-25.0297,-5.5988,-30.6285,-20.1875,-19.2734,2.0,0.0,0.9993928074836731,0.9888156652450562,0.06060606241226196,0.009873363189399242,0.8255208134651184,0.12803171575069427,0.5838386416435242,0.0025652984622865915,0.18108674883842468
3710,-25.5047,-4.5773,-30.082,-19.9141,-19.9609,2.0,0.0,1.0,0.9891021847724915,0.021739130839705467,0.007507941219955683,0.8816964030265808,0.13141325116157532,0.6277207732200623,0.0017879352672025561,0.134600430727005
3715,-25.2383,-5.2895,-30.5277,-22.5625,-14.3594,2.0,0.0,0.9996823668479919,0.9893307685852051,0.06400000303983688,0.010925151407718658,0.8415178656578064,0.12235696613788605,0.6010960936546326,0.00485851988196373,0.16721081733703613
3720,-25.0418,-5.4211,-30.4629,-19.7422,-18.8516,2.0,0.0,0.999687671661377,0.9896450638771057,0.0401785708963871,0.00798309501260519,0.843377947807312,0.12445584684610367,0.596820592880249,0.008706467226147652,0.16553948819637299
3725,-25.4758,-4.8777,-30.3535,-19.9922,-19.8984,2.0,0.0,0.9996857047080994,0.9912424683570862,0.0,0.009123162366449833,0.8608630895614624,0.12367848306894302,0.6169154047966003,0.0015547263901680708,0.15337376296520233
3730,-25.8172,-3.5621,-29.3793,-18.75,-20.3672,2.0,0.0,0.999717116355896,0.9928319454193115,0.029069768264889717,0.003441494656726718,0.9289434552192688,0.13739894330501556,0.672380268573761,0.0066853235475718975,0.07905783504247665
3735,-25.9191,-3.875,-29.7941,-19.375,-20.2188,2.0,0.0,0.9993777275085449,0.991732120513916,0.04395604506134987,0.002610966097563505,0.9155505895614624,0.1249222606420517,0.6628575921058655,0.0035370024852454662,0.10420553386211395
3740,-27.0305,-1.834,-28.8645,-26.2812,-7.3203,2.0,0.0,1.0,0.9954081177711487,0.3333333432674408,0.016293279826641083,0.991815447807312,0.12297885864973068,0.7533426880836487,0.00011660447489703074,0.0190842654556036
3745,-27.1785,-1.5004,-28.6789,-28.875,-2.2031,2.0,0.0,1.0,0.9973675012588501,0.0,0.06603773683309555,0.999627947807312,0.12360074371099472,0.7677627205848694,3.886815829901025e-05,0.004120024852454662
3750,-26.891,-1.9207,-28.8117,-25.9141,-7.9609,2.0,0.0,0.9996966123580933,0.9952658414840698,0.2857142984867096,0.013592232950031757,0.992559552192688,0.12810945510864258,0.7471237778663635,0.0002720771008171141,0.020017102360725403
3755,-26.741,-2.434,-29.175,-22.4141,-14.9844,2.0,0.0,0.9996815323829651,0.9922041893005371,0.2222222238779068,0.006878762040287256,0.976190447807312,0.12204602360725403,0.7279228568077087,0.00034981343196704984,0.04520367085933685
3760,-26.5703,-2.4672,-29.0375,-22.2422,-15.2578,2.0,0.0,0.9991168975830078,0.9929341673851013,0.1538461595773697,0.004587155766785145,0.9799107313156128,0.13203513622283936,0.7206156849861145,0.0005052860942669213,0.04236629232764244
3765,-26.5484,-2.7477,-29.2961,-20.4297,-18.1562,2.0,0.0,1.0,0.9927756786346436,0.0181818176060915,0.006206896621733904,0.956845223903656,0.12146300077438354,0.7155628204345703,0.002137748757377267,0.05635882914066315
3770,-26.3555,-2.9145,-29.2699,-20.4609,-18.75,2.0,0.0,0.999701738357544,0.99296635389328,0.0625,0.007430340629070997,0.9561011791229248,0.13032494485378265,0.7018035054206848,0.000621890532784164,0.06277208030223846
3775,-26.418,-2.9723,-29.3902,-21.0625,-17.6641,2.0,0.0,0.9996880888938904,0.9920322895050049,0.1666666716337204,0.006289307959377766,0.9542410969734192,0.12461131811141968,0.70246422290802,0.00046641789958812296,0.06798040866851807
3780,-26.8391,-2.1348,-28.9738,-23.7344,-12.3203,2.0,0.0,1.0,0.994535505771637,0.0,0.0,0.9851190447807312,0.12461131811141968,0.7397388219833374,0.000310945266392082,0.030861318111419678
3785,-25.7531,-4.3629,-30.116,-21.2266,-17.3359,2.0,0.0,1.0,0.9917635917663574,0.07547169923782349,0.008345752954483032,0.8846726417541504,0.12126865983009338,0.641791045665741,0.002060012426227331,0.13040266931056976
3790,-24.784,-5.4809,-30.2648,-26.2969,-6.0469,2.0,0.0,0.9994065165519714,0.9904456734657288,0.08212560415267944,0.006289307959377766,0.8418898582458496,0.13098569214344025,0.5939443111419678,0.016091417521238327,0.15450093150138855
3795,-25.4324,-5.0043,-30.4367,-23.3672,-13.0781,2.0,0.0,1.0,0.9902383089065552,0.20000000298023224,0.010007322765886784,0.8508184552192688,0.12154073268175125,0.6131840944290161,0.0015547263901680708,0.15924285352230072
3800,-25.5848,-4.7078,-30.2926,-20.5703,-18.7188,2.0,0.0,0.9996806979179382,0.9915512204170227,0.07894736528396606,0.0092764375731349,0.8671875,0.12173507362604141,0.62566077709198,0.001476990059018135,0.146649569272995
3805,-24.8922,-5.418,-30.3102,-26.4531,-5.8281,2.0,0.0,0.9978665113449097,0.9915364384651184,0.08454106003046036,0.015558343380689621,0.8329613208770752,0.1275264322757721,0.5970149040222168,0.016091417521238327,0.15488961338996887
3810,-25.2418,-5.1898,-30.4316,-29.6094,-0.5,2.0,0.0,0.9993838667869568,0.9921178221702576,0.1944444477558136,0.01814326085150242,0.8333333134651184,0.12616604566574097,0.6016013622283936,0.0027985074557363987,0.1649564653635025
3815,-25.0508,-5.4113,-30.4621,-25.7656,-8.1641,2.0,0.0,1.0,0.9919407963752747,0.0845070406794548,0.010797151364386082,0.8314732313156128,0.1276041716337204,0.5932058691978455,0.005519278813153505,0.1691931039094925
3820,-24.8371,-5.6723,-30.5094,-29.5859,-0.5469,2.0,0.0,0.9984433650970459,0.9911826848983765,0.10000000149011612,0.015317786484956741,0.8151041865348816,0.12484452873468399,0.5862873196601868,0.014381218701601028,0.1700093299150467
3825,-25.1789,-5.1352,-30.3141,-29.8828,-0.1172,2.0,0.0,0.9984227418899536,0.9926653504371643,0.08185053616762161,0.017391303554177284,0.840029776096344,0.1232120618224144,0.6094138622283936,0.010921952314674854,0.15197449922561646
3830,-25.2078,-5.2121,-30.4199,-26.875,-5.7812,2.0,0.0,1.0,0.9910863041877747,0.1428571492433548,0.006590188015252352,0.8426339030265808,0.12227922677993774,0.6061100959777832,0.00789023656398058,0.15924285352230072
3835,-25.3027,-4.843,-30.1457,-29.1953,-1.3984,2.0,0.0,0.9935670495033264,0.9923692345619202,0.24396783113479614,0.007269555237144232,0.8444940447807312,0.12084110826253891,0.6265158653259277,0.01449782308191061,0.13366760313510895
3840,-24.1129,-5.5422,-29.6551,-26.7188,-4.6406,2.0,0.0,0.9800263047218323,0.9883163571357727,0.25984251499176025,0.004691688809543848,0.8292410969734192,0.14789333939552307,0.5921564102172852,0.039490051567554474,0.11598258465528488
3845,-22.1297,-8.5441,-30.6738,-24.6016,-9.7422,2.0,0.0,0.9603764414787292,0.9715123772621155,0.3083164393901825,0.0073371510952711105,0.7038690447807312,0.15694962441921234,0.46389147639274597,0.05748600885272026,0.2171952724456787
3850,-21.623,-9.0746,-30.6977,-25.5391,-6.6484,2.0,0.0,0.912842869758606,0.9207615256309509,0.4512493908405304,0.05002759024500847,0.7061011791229248,0.15162469446659088,0.45324161648750305,0.07932991534471512,0.21132618188858032
3855,-21.6098,-8.4449,-30.0547,-24.5234,-7.1094,2.0,0.0,0.9278959631919861,0.9362844824790955,0.3830077350139618,0.05416666716337204,0.7317708134651184,0.16441231966018677,0.47765082120895386,0.08554881811141968,0.16791044175624847
3860,-24.6273,-5.4262,-30.0535,-28.0234,-3.2969,2.0,0.0,0.9876223206520081,0.9820951819419861,0.33977454900741577,0.03485777974128723,0.8188244104385376,0.13502798974514008,0.5969760417938232,0.02413712628185749,0.13938121497631073
3865,-24.8531,-5.018,-29.8711,-29.8125,-0.0938,2.0,0.0,0.9961422085762024,0.9931498169898987,0.3136792480945587,0.020493021234869957,0.828125,0.14105254411697388,0.6071206331253052,0.01648009940981865,0.1308690905570984
3870,-22.491,-7.4406,-29.9316,-28.9844,-0.5078,2.0,0.0,0.9645243287086487,0.9758721590042114,0.35064059495925903,0.018562588840723038,0.726190447807312,0.16872668266296387,0.5058302283287048,0.05764148011803627,0.1633239984512329
3875,-20.7617,-9.916,-30.6777,-24.2578,-8.8125,2.0,0.0,0.9108594059944153,0.9380408525466919,0.33013588190078735,0.04274265468120575,0.6450892686843872,0.15784358978271484,0.4221859574317932,0.0972481369972229,0.21824471652507782
3880,-21.5383,-9.7047,-31.243,-25.1172,-8.3359,2.0,0.0,0.8793879151344299,0.9448422193527222,0.3442325294017792,0.03326873481273651,0.6703869104385376,0.129547581076622,0.4397154748439789,0.08558768779039383,0.24067163467407227
3885,-22.2172,-7.7773,-29.9945,-25.9141,-5.3359,2.0,0.0,0.933366596698761,0.9706040024757385,0.3207729458808899,0.029999999329447746,0.7053571343421936,0.15574471652507782,0.5077347755432129,0.08045709133148193,0.15158581733703613
3890,-24.7832,-4.8484,-29.6316,-29.2422,-1.0,2.0,0.0,0.9878324866294861,0.9896437525749207,0.30515190958976746,0.030514705926179886,0.832217276096344,0.137360081076622,0.6230177283287048,0.029423195868730545,0.10572139173746109
3895,-25.9344,-3.4977,-29.432,-29.875,-0.0625,2.0,0.0,0.9982618689537048,0.9942790865898132,0.6058394312858582,0.045200373977422714,0.8913690447807312,0.13417288661003113,0.6726135015487671,0.005324937868863344,0.0834110677242279
3900,-25.9582,-2.973,-28.9313,-29.6328,-0.4062,2.0,0.0,0.9923455715179443,0.9935155510902405,0.4736842215061188,0.06622516363859177,0.9244791865348816,0.1421797275543213,0.6953125,0.011077425442636013,0.046952735632658005
3905,-26.0863,-2.9805,-29.0668,-29.6719,-0.4219,2.0,0.0,0.996302604675293,0.9939725399017334,0.4936170279979706,0.08679796010255814,0.9051339030265808,0.13666044175624847,0.6964396834373474,0.009134017862379551,0.05328824743628502
3910,-26.4195,-2.6281,-29.0477,-28.5078,-2.6797,2.0,0.0,0.9949659705162048,0.9857695698738098,0.8598130941390991,0.21563786268234253,0.9315476417541504,0.1312577724456787,0.7128809094429016,0.004158893134444952,0.04722481220960617
3915,-25.7379,-3.375,-29.1129,-28.9375,-1.3984,2.0,0.0,0.9891936779022217,0.986900806427002,0.5730336904525757,0.09604519605636597,0.902157723903656,0.14027518033981323,0.6794931888580322,0.013837064616382122,0.06191697716712952
3920,-26.032,-3.4559,-29.4879,-29.4062,-0.7188,2.0,0.0,0.9948872327804565,0.9867690205574036,0.5345911979675293,0.07773008942604065,0.9047619104385376,0.1292366236448288,0.6785991787910461,0.0061800372786819935,0.08150652796030045
3925,-26.1699,-3.3793,-29.5492,-29.9609,-0.0312,2.0,0.0,0.9981232285499573,0.9916955828666687,0.5,0.053357865661382675,0.9088541865348816,0.12426150590181351,0.6833410859107971,0.0034203981049358845,0.08449938148260117
3930,-26.0191,-3.4559,-29.475,-29.8516,-0.1094,2.0,0.0,0.9918206334114075,0.9915759563446045,0.6875,0.07412587106227875,0.8898809552192688,0.12830379605293274,0.6782493591308594,0.005597014911472797,0.08337219804525375
3935,-26.2867,-3.0285,-29.3152,-29.8047,-0.2969,2.0,0.0,0.9941067099571228,0.9928277730941772,0.6646341681480408,0.0810324102640152,0.9010416865348816,0.12531094253063202,0.6990827322006226,0.006374378222972155,0.06475435197353363
3940,-26.5387,-2.5785,-29.1172,-29.75,-0.4062,2.0,0.0,0.9963855147361755,0.9921345114707947,0.7254902124404907,0.08346839249134064,0.9460565447807312,0.12904228270053864,0.7165344953536987,0.0019822760950773954,0.04796331003308296
3945,-26.4414,-2.4824,-28.9238,-29.6719,-0.5156,2.0,0.0,0.9971477389335632,0.9935452342033386,0.75,0.10101009905338287,0.9427083134651184,0.13627175986766815,0.7165733575820923,0.004197761416435242,0.03847947716712952
3950,-26.3867,-2.8191,-29.2059,-29.8594,-0.1641,2.0,0.0,0.9978573322296143,0.992800235748291,0.5762711763381958,0.09383561462163925,0.9192708134651184,0.12698227167129517,0.707206130027771,0.004586442839354277,0.05674751102924347
3955,-26.5629,-2.4961,-29.059,-29.5156,-0.7578,2.0,0.0,0.9996939897537231,0.9919224381446838,0.6470588445663452,0.12712623178958893,0.9363839030265808,0.12702114880084991,0.7217817306518555,0.003303793491795659,0.04341573268175125
3960,-26.6383,-2.4777,-29.116,-28.8203,-2.1953,2.0,0.0,0.9993771314620972,0.9931691288948059,0.8035714030265808,0.14309906959533691,0.9226190447807312,0.12480565905570984,0.7226368188858032,0.002176616806536913,0.045903295278549194
3965,-26.9352,-1.8418,-28.777,-28.7266,-2.3359,2.0,0.0,1.0,0.9961586594581604,0.8461538553237915,0.2164009064435959,0.961309552192688,0.12818719446659088,0.7487562298774719,0.001515858224593103,0.017063122242689133
3970,-27.0211,-1.7871,-28.8082,-29.0078,-1.8672,2.0,0.0,0.9990565776824951,0.9948474764823914,0.9599999785423279,0.21779859066009521,0.9739583134651184,0.12360074371099472,0.7543532252311707,0.0009717039647512138,0.016596704721450806
3975,-26.4188,-2.5008,-28.9195,-28.5156,-2.8516,2.0,0.0,0.996850848197937,0.9923515319824219,0.938144326210022,0.15665024518966675,0.9263392686843872,0.13576647639274597,0.7165344953536987,0.0037702114786952734,0.03945118188858032
3980,-26.4922,-2.4547,-28.9469,-29.4062,-0.9062,2.0,0.0,0.9961251616477966,0.9899957180023193,0.8561151027679443,0.20230607688426971,0.9196428656578064,0.13040266931056976,0.7226368188858032,0.005402673967182636,0.037080224603414536
3985,-26.1125,-3.0922,-29.2047,-29.4766,-0.8125,2.0,0.0,0.9964039325714111,0.9877163767814636,0.5589353442192078,0.16078431904315948,0.8779761791229248,0.12970304489135742,0.6961287260055542,0.010222326032817364,0.059468284249305725
3990,-26.1547,-3.0957,-29.2504,-29.6172,-0.5312,2.0,0.0,0.9948233962059021,0.9890594482421875,0.5795918107032776,0.1322055160999298,0.8880208134651184,0.12764303386211395,0.6963230967521667,0.009522698819637299,0.06203358247876167
3995,-25.877,-3.4754,-29.3523,-29.7734,-0.1484,2.0,0.0,0.9965378046035767,0.9883179068565369,0.7056074738502502,0.1114473044872284,0.8612351417541504,0.13471704721450806,0.6754119992256165,0.008317786268889904,0.07707556337118149
4000,-26.3863,-2.848,-29.2344,-29.2656,-1.2578,2.0,0.0,0.9984447956085205,0.9887986183166504,0.6982248425483704,0.15720221400260925,0.8883928656578064,0.12496113032102585,0.707866907119751,0.0065687187016010284,0.05612562224268913
4005,-26.1051,-3.0566,-29.1617,-29.5625,-0.4531,2.0,0.0,0.9976965188980103,0.9919843077659607,0.5477386713027954,0.09751308709383011,0.8984375,0.13498911261558533,0.6934079527854919,0.007734763901680708,0.05939054861664772
4010,-25.9219,-2.9227,-28.8445,-29.6484,-0.1875,2.0,0.0,0.9946552515029907,0.9919053316116333,0.5286624431610107,0.12138188630342484,0.9055059552192688,0.14544464647769928,0.6962453126907349,0.012204602360725403,0.04162779822945595
4015,-25.6492,-3.3695,-29.0188,-29.6797,-0.2891,2.0,0.0,0.9956628084182739,0.9891901016235352,0.5471264123916626,0.07472067326307297,0.8843005895614624,0.1433846354484558,0.6795709133148193,0.016907649114727974,0.055659204721450806
4020,-25.4559,-3.8582,-29.3141,-29.5938,-0.2031,2.0,0.0,0.9944024682044983,0.9905232787132263,0.48148149251937866,0.05151065066456795,0.8612351417541504,0.13887593150138855,0.660331130027771,0.017840484157204628,0.07847481220960617
4025,-25.6281,-3.7902,-29.4184,-29.8438,-0.0781,2.0,0.0,0.9985958933830261,0.9921709299087524,0.6059321761131287,0.05055432394146919,0.8638392686843872,0.13840951025485992,0.6602922677993774,0.009172885678708553,0.0876476988196373
4030,-26.1621,-2.7551,-28.9172,-29.5625,-0.5469,2.0,0.0,0.9980337023735046,0.9947119355201721,0.7581967115402222,0.07763401418924332,0.9006696343421936,0.13837064802646637,0.7056125402450562,0.009483831003308296,0.04205534979701042
4035,-26.1227,-2.6254,-28.748,-29.3281,-0.6172,2.0,0.0,0.9923055768013,0.9917486310005188,0.7492260336875916,0.1401028335094452,0.9095982313156128,0.1414412260055542,0.7112873196601868,0.012554415501654148,0.030239427462220192
4040,-24.5145,-4.623,-29.1375,-28.4922,-1.9609,2.0,0.0,0.9855072498321533,0.9776988625526428,0.48622754216194153,0.07928880304098129,0.8337053656578064,0.15823227167129517,0.6239505410194397,0.03245491161942482,0.08088464289903641
4045,-24.3801,-4.8297,-29.2098,-27.6094,-3.4453,2.0,0.0,0.9909045100212097,0.9830635786056519,0.3636363744735718,0.05999999865889549,0.8177083134651184,0.15384016931056976,0.6196361780166626,0.03847947716712952,0.08356653898954391
4050,-25.4121,-4.1977,-29.6098,-29.6719,-0.3047,2.0,0.0,0.9994176030158997,0.9932712316513062,0.4186602830886841,0.04011010751128197,0.832217276096344,0.1334732621908188,0.6469604969024658,0.016246890649199486,0.09884172677993774
4055,-25.3531,-3.9125,-29.2656,-28.9141,-1.9375,2.0,0.0,0.9971354007720947,0.9910852909088135,0.6677215099334717,0.051152072846889496,0.855654776096344,0.1492537260055542,0.6496424078941345,0.012282337993383408,0.08434390276670456
4060,-24.3684,-4.5449,-28.9133,-28.3047,-1.6797,2.0,0.0,0.9860652089118958,0.9827511310577393,0.41955193877220154,0.0644405409693718,0.8337053656578064,0.16456778347492218,0.6264381408691406,0.0381685309112072,0.06634794920682907
4065,-23.327,-6.6266,-29.9535,-24.9766,-8.8047,2.0,0.0,0.9741851091384888,0.9765138626098633,0.32776162028312683,0.03466016799211502,0.741815447807312,0.14905938506126404,0.549440324306488,0.05348258838057518,0.14354011416435242
4070,-22.441,-6.8551,-29.2961,-23.0312,-9.4141,2.0,0.0,0.9784694314002991,0.9728400707244873,0.31054461002349854,0.020999999716877937,0.7578125,0.18233053386211395,0.5295009613037109,0.06708644330501556,0.11660447716712952
4075,-24.884,-4.5637,-29.4477,-29.1875,-0.8047,2.0,0.0,0.9947354793548584,0.9875441789627075,0.46447139978408813,0.03917688876390457,0.8270089030265808,0.14766013622283936,0.6272155046463013,0.022426927462220192,0.0982198417186737
4080,-24.9602,-4.5918,-29.552,-29.7734,-0.125,2.0,0.0,0.9979204535484314,0.9929189085960388,0.49127182364463806,0.031757231801748276,0.8262648582458496,0.14952580630779266,0.620258092880249,0.015586132183670998,0.11015236377716064
4085,-25.2465,-3.9594,-29.2059,-29.0469,-1.3906,2.0,0.0,0.9992297887802124,0.9941776990890503,0.478723406791687,0.043622568249702454,0.855654776096344,0.15139147639274597,0.6475435495376587,0.014614427462220192,0.08197294920682907
4090,-22.6699,-6.4172,-29.0871,-29.0,-0.6875,2.0,0.0,0.9836671352386475,0.9792461395263672,0.4142259359359741,0.039465099573135376,0.7451636791229248,0.19989894330501556,0.5300062298774719,0.046447448432445526,0.11916977912187576
4095,-19.0832,-11.4297,-30.5129,-22.4062,-9.4688,2.0,0.0,0.9496268630027771,0.9295852780342102,0.2757454514503479,0.036333054304122925,0.543154776096344,0.1875,0.3505130708217621,0.12643812596797943,0.23107120394706726
4100,-16.1961,-15.8633,-32.0594,-21.4453,-12.4219,2.0,0.0,0.9107981324195862,0.8750429749488831,0.19847868382930756,0.02720254845917225,0.3329613208770752,0.13246268033981323,0.22613495588302612,0.2197217047214508,0.3172030448913574
4105,-19.1625,-10.9594,-30.1219,-25.0703,-5.9453,2.0,0.0,0.9754436612129211,0.9681780338287354,0.1901041716337204,0.01952362433075905,0.5498511791229248,0.18835510313510895,0.3737562298774719,0.13432836532592773,0.19908271729946136
4110,-22.7199,-6.9254,-29.6453,-25.7344,-6.3281,2.0,0.0,0.9902224540710449,0.9866435527801514,0.22307272255420685,0.021107371896505356,0.7168898582458496,0.1590096354484558,0.5383628606796265,0.07108986377716064,0.12706001102924347
4115,-24.6633,-4.9242,-29.5875,-29.6562,-0.1719,2.0,0.0,0.9986122846603394,0.994527280330658,0.3439803421497345,0.03705062344670296,0.777157723903656,0.14004197716712952,0.6178871393203735,0.03163868188858032,0.1059546023607254
4120,-24.3574,-5.3344,-29.6918,-29.7031,-0.1953,2.0,0.0,0.998962938785553,0.9942853450775146,0.36965516209602356,0.03741496428847313,0.7663690447807312,0.14991448819637299,0.5917288661003113,0.028179414570331573,0.12569962441921234
4125,-24.9426,-4.1594,-29.102,-29.3125,-0.5781,2.0,0.0,0.9956033229827881,0.9945031404495239,0.4693877696990967,0.04572271555662155,0.8333333134651184,0.15912623703479767,0.63638836145401,0.020949937403202057,0.07905783504247665
4130,-23.7492,-5.7141,-29.4633,-29.1172,-0.5703,2.0,0.0,0.9942168593406677,0.9912298321723938,0.28877004981040955,0.032258063554763794,0.7708333134651184,0.1613028645515442,0.5761427283287048,0.04361007362604141,0.11446672677993774
4135,-22.6578,-7.2195,-29.8773,-29.2266,-0.5625,2.0,0.0,0.9935611486434937,0.9891538619995117,0.20011772215366364,0.023685580119490623,0.7120535969734192,0.15694962441921234,0.5232042670249939,0.06603699922561646,0.1493314653635025
4140,-19.6902,-9.9391,-29.6293,-26.4219,-2.8906,2.0,0.0,0.9803493618965149,0.9665722250938416,0.20899224281311035,0.023883448913693428,0.6004464030265808,0.19581778347492218,0.411613792181015,0.12534981966018677,0.16274097561836243
4145,-18.952,-10.4793,-29.4313,-23.4844,-6.5391,2.0,0.0,0.9606518149375916,0.9582808017730713,0.25157392024993896,0.015281501226127148,0.5595238208770752,0.19558458030223846,0.4006141126155853,0.15434545278549194,0.14497824013233185
4150,-19.6805,-10.0992,-29.7797,-25.0781,-5.5312,2.0,0.0,0.9682375192642212,0.9528989195823669,0.29669031500816345,0.008673230186104774,0.5647321343421936,0.18722791969776154,0.4109530448913574,0.13152985274791718,0.16581156849861145
4155,-20.5719,-8.798,-29.3699,-25.3672,-5.375,2.0,0.0,0.9747916460037231,0.9664649367332458,0.2690389156341553,0.012293852865695953,0.6436011791229248,0.18656715750694275,0.46245336532592773,0.11687655746936798,0.12962530553340912
4160,-22.7371,-6.7516,-29.4887,-28.6641,-0.8906,2.0,0.0,0.9885789752006531,0.9794389605522156,0.3367486298084259,0.03348017483949661,0.7280505895614624,0.17696672677993774,0.5293065905570984,0.05690298601984978,0.13234607875347137
4165,-24.0203,-5.2621,-29.2824,-29.5,-0.3672,2.0,0.0,0.9945892691612244,0.9877375960350037,0.32622799277305603,0.02820306271314621,0.8035714030265808,0.158037930727005,0.5990749597549438,0.041938744485378265,0.09647077322006226
4170,-24.6512,-4.6848,-29.3359,-27.7188,-3.625,2.0,0.0,0.9977962970733643,0.9902500510215759,0.5696202516555786,0.03642638027667999,0.8076636791229248,0.15873755514621735,0.6139225959777832,0.021494092419743538,0.10136815905570984
4175,-22.9742,-6.8844,-29.8586,-27.5,-4.1094,2.0,0.0,0.996200442314148,0.9790318012237549,0.27948909997940063,0.03353814780712128,0.7325148582458496,0.16367381811141968,0.5282959938049316,0.05173351988196373,0.15181903541088104
4180,-21.9656,-8.0578,-30.0234,-24.3359,-8.5625,2.0,0.0,0.9840749502182007,0.9653382301330566,0.26521968841552734,0.039678897708654404,0.6953125,0.16596704721450806,0.4866682291030884,0.07342195510864258,0.16946516931056976
4185,-19.2563,-11.8477,-31.1039,-22.3359,-12.3516,2.0,0.0,0.966015100479126,0.9366584420204163,0.24674880504608154,0.025159010663628578,0.53125,0.17498445510864258,0.33197295665740967,0.11357276141643524,0.2749922275543213
4190,-19.2539,-11.9789,-31.2328,-24.3281,-7.125,2.0,0.0,0.9743403792381287,0.9456722140312195,0.20206120610237122,0.022082917392253876,0.5249255895614624,0.1605643630027771,0.33768656849861145,0.12445584684610367,0.27281561493873596
4195,-21.5625,-8.8676,-30.4301,-24.0625,-10.2578,2.0,0.0,0.9866488575935364,0.9671639204025269,0.27660852670669556,0.02502700686454773,0.6711309552192688,0.17467351257801056,0.4403373897075653,0.06463775038719177,0.21587376296520233
4200,-21.8891,-7.884,-29.773,-24.8594,-8.3125,2.0,0.0,0.9904686212539673,0.9701764583587646,0.3305439352989197,0.02489442005753517,0.7101934552192688,0.19574004411697388,0.4691775441169739,0.05573694035410881,0.17486785352230072
4205,-24.0367,-5.6629,-29.6996,-25.5156,-8.0312,2.0,0.0,0.9920367002487183,0.9784099459648132,0.6291486024856567,0.029073115438222885,0.7786458134651184,0.16106964647769928,0.5724891424179077,0.02693563513457775,0.13502798974514008
4210,-23.473,-6.1293,-29.6023,-26.6328,-6.0781,2.0,0.0,0.9933895468711853,0.9775803685188293,0.45445024967193604,0.0330108143389225,0.7674851417541504,0.17051461338996887,0.5513059496879578,0.03711909055709839,0.13658271729946136
4215,-23.2836,-5.9305,-29.2141,-23.8828,-10.8047,2.0,0.0,0.9923631548881531,0.9808712601661682,0.38792315125465393,0.022344447672367096,0.7890625,0.18322449922561646,0.5567474961280823,0.0424828976392746,0.11306747794151306
4220,-24.0469,-5.0918,-29.1387,-24.1406,-10.9688,2.0,0.0,0.9969074726104736,0.9814218878746033,0.5593451857566833,0.020023556426167488,0.816220223903656,0.17595615983009338,0.592078685760498,0.02849036082625389,0.09899719804525375
4225,-24.5352,-4.0813,-28.6164,-24.0625,-10.9375,2.0,0.0,0.9968071579933167,0.9855446815490723,0.5307443141937256,0.013633265160024166,0.8828125,0.18260261416435242,0.6318796873092651,0.024020522832870483,0.057019591331481934
4230,-25.2129,-3.3141,-28.527,-27.5,-4.3672,2.0,0.0,0.9978545904159546,0.986609935760498,0.591289758682251,0.005903187673538923,0.9095982313156128,0.16305193305015564,0.6763448119163513,0.023204291239380836,0.03292132914066315
4235,-25.3598,-3.1223,-28.482,-29.2266,-1.3594,2.0,0.0,0.9971243739128113,0.9876704812049866,0.5989583134651184,0.04196816310286522,0.9081101417541504,0.1621968299150467,0.6840795874595642,0.02238805964589119,0.026857897639274597
4240,-25.1746,-3.3379,-28.5125,-28.4062,-2.8828,2.0,0.0,0.9981078505516052,0.9877325296401978,0.5222052335739136,0.02638190984725952,0.8991815447807312,0.16433458030223846,0.6748678684234619,0.025380907580256462,0.03093905560672283
4245,-25.2801,-3.0391,-28.3191,-29.1484,-1.375,2.0,0.0,0.996632993221283,0.989205539226532,0.5939394235610962,0.07917384058237076,0.9185267686843872,0.17315764725208282,0.6805425882339478,0.01923973858356476,0.02258240059018135
4250,-25.4621,-2.927,-28.3891,-29.7031,-0.2422,2.0,0.0,0.9973576664924622,0.9888277649879456,0.5779816508293152,0.08653846383094788,0.9226190447807312,0.16180814802646637,0.6923196315765381,0.02118314616382122,0.020211443305015564
4255,-25.3227,-3.0758,-28.3984,-29.4453,-0.8984,2.0,0.0,0.9941588640213013,0.9860123991966248,0.6228070259094238,0.1111111119389534,0.9122023582458496,0.16635571420192719,0.6835743188858032,0.022154850885272026,0.0234375
4260,-25.3957,-3.1359,-28.5316,-28.8906,-1.8203,2.0,0.0,0.9960687756538391,0.9865270256996155,0.4873524308204651,0.09550561755895615,0.917782723903656,0.1581934094429016,0.6866060495376587,0.023048818111419678,0.027674129232764244
4265,-24.6273,-4.0023,-28.6297,-27.3906,-4.8438,2.0,0.0,0.998388946056366,0.9862346649169922,0.35314685106277466,0.038301415741443634,0.8883928656578064,0.16888214647769928,0.646610677242279,0.03334888070821762,0.04668065905570984
4270,-24.7563,-3.6273,-28.3836,-29.6797,-0.2891,2.0,0.0,0.9940239191055298,0.9880692362785339,0.4723294675350189,0.03194103017449379,0.8924851417541504,0.17560634016990662,0.658076822757721,0.03020055964589119,0.03163868188858032
4275,-24.9195,-3.173,-28.0926,-29.75,-0.125,2.0,0.0,0.9952839612960815,0.9879258275032043,0.6996123790740967,0.03976143151521683,0.9211309552192688,0.18956001102924347,0.6663557291030884,0.020055970177054405,0.019550684839487076
4280,-24.757,-3.2273,-27.9844,-29.6484,-0.2344,2.0,0.0,0.9988223910331726,0.9862763285636902,0.7795591354370117,0.03632478788495064,0.9129464030265808,0.19803327322006226,0.6599035859107971,0.019395211711525917,0.018190298229455948
4285,-25.1277,-3.1703,-28.298,-29.7266,-0.1719,2.0,0.0,0.994867205619812,0.987281322479248,0.6492658853530884,0.02982456050813198,0.910342276096344,0.17416821420192719,0.6753731369972229,0.023826181888580322,0.022154850885272026
4290,-24.8406,-3.3145,-28.1551,-29.7422,-0.1641,2.0,0.0,0.9948218464851379,0.9839788675308228,0.729411780834198,0.03639514744281769,0.9110863208770752,0.1876554787158966,0.6623134613037109,0.02312655560672283,0.022426927462220192
4295,-24.9082,-3.2754,-28.1836,-29.7812,-0.1094,2.0,0.0,0.9974726438522339,0.9859360456466675,0.6754385828971863,0.018771331757307053,0.913690447807312,0.18454602360725403,0.6660447716712952,0.022154850885272026,0.022776741534471512
4300,-24.5156,-3.6,-28.1156,-29.8438,-0.0781,2.0,0.0,0.9927681684494019,0.9823458790779114,0.6394850015640259,0.04287901893258095,0.9047619104385376,0.19348569214344025,0.6494869589805603,0.027168843895196915,0.025380907580256462
4305,-24.5301,-3.6613,-28.1914,-29.5859,-0.2188,2.0,0.0,0.991783082485199,0.9804918766021729,0.6425702571868896,0.03641456738114357,0.9032738208770752,0.1892102062702179,0.6495258212089539,0.029034515842795372,0.02775186486542225
4310,-24.7383,-3.3047,-28.043,-29.625,-0.1875,2.0,0.0,0.995422899723053,0.9819920659065247,0.7897526621818542,0.052734375,0.9188988208770752,0.1953125,0.6583099961280823,0.021999377757310867,0.019900497049093246
4315,-25.2914,-2.9039,-28.1953,-29.8281,-0.0859,2.0,0.0,0.9984699487686157,0.98675537109375,0.8574561476707458,0.014388489536941051,0.9174107313156128,0.1778218299150467,0.683768630027771,0.01772388070821762,0.016208022832870483
4320,-24.3938,-3.5977,-27.9914,-29.5156,-0.4062,2.0,0.0,0.9973261952400208,0.9810122847557068,0.7496087551116943,0.03343949094414711,0.9029017686843872,0.20351368188858032,0.6427627205848694,0.02483675442636013,0.024409204721450806
4325,-24.5234,-3.5773,-28.1008,-29.625,-0.1875,2.0,0.0,0.9960340857505798,0.9779045581817627,0.8065966963768005,0.07111111283302307,0.8928571343421936,0.19601212441921234,0.6473491787910461,0.025925062596797943,0.02623600699007511
4330,-24.4457,-3.6145,-28.0602,-29.5703,-0.2266,2.0,0.0,0.997245192527771,0.9785877466201782,0.7768115997314453,0.04205607622861862,0.8921130895614624,0.19752798974514008,0.6462219953536987,0.026819029822945595,0.024953357875347137
4335,-24.3418,-3.6582,-28.0,-29.5156,-0.2422,2.0,0.0,0.9944741129875183,0.9776590466499329,0.8147100210189819,0.05057096108794212,0.886532723903656,0.20398010313510895,0.6402363181114197,0.027479788288474083,0.023826181888580322
4340,-24.4863,-3.4488,-27.9352,-29.5859,-0.2422,2.0,0.0,0.9979249238967896,0.979659378528595,0.8679577708244324,0.06498195230960846,0.9110863208770752,0.20604011416435242,0.645872175693512,0.02207711525261402,0.02153296023607254
4345,-24.6527,-3.3949,-28.0477,-29.4219,-0.2891,2.0,0.0,0.9946343302726746,0.9797044396400452,0.8994889259338379,0.03684210404753685,0.9055059552192688,0.19558458030223846,0.6549673676490784,0.022815609350800514,0.022154850885272026
4350,-24.6508,-3.325,-27.9758,-29.6719,-0.2578,2.0,0.0,0.9970788955688477,0.9802015423774719,0.9273422360420227,0.04296875,0.9133184552192688,0.19958800077438354,0.6557058691978455,0.02032804675400257,0.019900497049093246
4355,-23.977,-3.9016,-27.8785,-29.3828,-0.4141,2.0,0.0,0.9966095685958862,0.9733083844184875,0.8575419187545776,0.056934308260679245,0.8794642686843872,0.21781715750694275,0.6232509613037109,0.027829602360725403,0.026624688878655434
4360,-24.0859,-4.0621,-28.148,-29.6016,-0.2109,2.0,0.0,0.9933359622955322,0.970163106918335,0.7922374606132507,0.03890160098671913,0.870907723903656,0.19830535352230072,0.6291977763175964,0.03404850885272026,0.03397076949477196
4365,-24.4434,-3.5078,-27.9512,-29.625,-0.1875,2.0,0.0,0.9954433441162109,0.9769388437271118,0.9361344575881958,0.05614035204052925,0.902529776096344,0.20471858978271484,0.64552241563797,0.02312655560672283,0.022154850885272026
4370,-24.3516,-3.4852,-27.8367,-29.7422,-0.1641,2.0,0.0,0.9985377192497253,0.98091721534729,0.9867172837257385,0.022429905831813812,0.8976934552192688,0.2126477062702179,0.6415966749191284,0.02048351988196373,0.020794464275240898
4375,-25.0086,-2.9891,-27.9977,-29.4141,-0.3047,2.0,0.0,0.9992027282714844,0.9867672920227051,0.9878048896789551,0.02872062660753727,0.9133184552192688,0.19500155746936798,0.6696983575820923,0.01593594439327717,0.014886504970490932
4380,-24.9133,-3.0941,-28.0074,-29.7188,-0.1406,2.0,0.0,0.9986088871955872,0.9852786660194397,0.9889867901802063,0.013761468231678009,0.9084821343421936,0.19558458030223846,0.6653451323509216,0.017646145075559616,0.016946516931056976
4385,-24.5652,-3.4984,-28.0637,-29.6641,-0.1797,2.0,0.0,0.9946714043617249,0.9725724458694458,0.9795597195625305,0.031561460345983505,0.906622052192688,0.1969449669122696,0.6504586338996887,0.024720149114727974,0.023398632183670998
4390,-23.5648,-4.1363,-27.7012,-29.4844,-0.2812,2.0,0.0,0.996985912322998,0.9662439227104187,0.9397116899490356,0.0317460335791111,0.8861607313156128,0.23212064802646637,0.606809675693512,0.02965640462934971,0.02693563513457775
4395,-24.1664,-3.7945,-27.9609,-29.6875,-0.1562,2.0,0.0,0.9945955872535706,0.9703262448310852,0.949999988079071,0.053175777196884155,0.8850446343421936,0.2085665464401245,0.6326570510864258,0.02798507548868656,0.026313744485378265
4400,-23.4203,-4.2859,-27.7063,-29.375,-0.4531,2.0,0.0,0.9976989030838013,0.9645459055900574,0.9395886659622192,0.03846153989434242,0.8813244104385376,0.23647387325763702,0.597481369972229,0.030239427462220192,0.031327735632658005
4405,-23.3016,-4.5633,-27.8648,-29.3438,-0.3516,2.0,0.0,0.993143618106842,0.9583932757377625,0.8848848938941956,0.02931596152484417,0.8560267686843872,0.22675684094429016,0.5941386818885803,0.03882928937673569,0.03579757362604141
4410,-23.1672,-4.3715,-27.5387,-29.3438,-0.3984,2.0,0.0,0.9973470568656921,0.9627620577812195,0.9426336288452148,0.017426272854208946,0.8984375,0.24906715750694275,0.5876476764678955,0.029811877757310867,0.02899564616382122
4415,-23.8969,-4.0137,-27.9105,-29.5469,-0.2266,2.0,0.0,0.997137725353241,0.9670433402061462,0.9445946216583252,0.03076923079788685,0.886904776096344,0.21727301180362701,0.6191697716712952,0.028762437403202057,0.030317164957523346
4420,-23.8332,-3.9758,-27.809,-29.2578,-0.4297,2.0,0.0,0.9966939091682434,0.9675062894821167,0.9283746480941772,0.03639010339975357,0.898065447807312,0.22337530553340912,0.6172263622283936,0.028218284249305725,0.02670242451131344
4425,-23.8262,-4.1047,-27.9309,-29.5,-0.3203,2.0,0.0,0.9972682595252991,0.9613648056983948,0.9415274262428284,0.04172099009156227,0.8802083134651184,0.21342505514621735,0.6197139024734497,0.032571516931056976,0.029811877757310867
4430,-23.8754,-3.9406,-27.816,-29.5156,-0.3125,2.0,0.0,0.9987796545028687,0.9630187749862671,0.9897360801696777,0.03884892165660858,0.9151785969734192,0.22294776141643524,0.6190531849861145,0.026508085429668427,0.027013370767235756
4435,-23.2363,-4.3586,-27.5949,-29.2109,-0.4297,2.0,0.0,0.9985595345497131,0.9542774558067322,0.9850000143051147,0.022038567811250687,0.9114583134651184,0.2428482621908188,0.5933613181114197,0.03109452687203884,0.028218284249305725
4440,-23.6535,-4.1371,-27.7906,-29.4531,-0.3203,2.0,0.0,0.9996562004089355,0.9561811089515686,0.988664984703064,0.01785714365541935,0.9140625,0.22609607875347137,0.6102689504623413,0.030861318111419678,0.02829601988196373
4445,-23.8715,-4.0844,-27.9559,-29.5703,-0.25,2.0,0.0,0.9976059198379517,0.9576064348220825,0.9664670825004578,0.03964194282889366,0.8991815447807312,0.21105410158634186,0.6216184496879578,0.03245491161942482,0.03039490059018135
4450,-22.6242,-4.8844,-27.5086,-29.0156,-0.8203,2.0,0.0,0.9954676032066345,0.9466767311096191,0.9677419066429138,0.040223464369773865,0.871279776096344,0.25726833939552307,0.564909815788269,0.03855721279978752,0.034787002950906754
4455,-22.4191,-5.0484,-27.4676,-28.7734,-1.0,2.0,0.0,0.9979469180107117,0.943945586681366,0.9689067006111145,0.03814433142542839,0.8623511791229248,0.2650419771671295,0.55402672290802,0.03875155374407768,0.03770211338996887
4460,-22.3684,-5.1195,-27.4879,-29.1016,-0.5078,2.0,0.0,0.9964544177055359,0.9417877793312073,0.9448022246360779,0.014846235513687134,0.8575148582458496,0.2630985677242279,0.553521454334259,0.04224969074130058,0.03665267303586006
4465,-21.5188,-5.7406,-27.2594,-28.6719,-0.8516,2.0,0.0,0.9928475022315979,0.9309642314910889,0.9203065037727356,0.03454715386033058,0.8311011791229248,0.2880130708217621,0.5151585936546326,0.05072294920682907,0.04162779822945595
4470,-21.0461,-6.1457,-27.1918,-28.1562,-1.5078,2.0,0.0,0.9953458309173584,0.9223132729530334,0.9180088043212891,0.015236567705869675,0.8191964030265808,0.30064520239830017,0.4933146834373474,0.05309390649199486,0.04846859350800514
4475,-20.807,-6.1715,-26.9785,-28.2891,-1.1719,2.0,0.0,0.994699239730835,0.9277417063713074,0.8982919454574585,0.015557476319372654,0.824032723903656,0.31529849767684937,0.4851912260055542,0.05006219074130058,0.04497046023607254
4480,-20.6293,-6.3383,-26.9676,-27.75,-2.0391,2.0,0.0,0.991263210773468,0.9150032997131348,0.9272996783256531,0.0456397719681263,0.8359375,0.3203125,0.47512438893318176,0.05239427834749222,0.0476912297308445
4485,-21.3191,-5.9008,-27.2199,-27.8203,-2.0859,2.0,0.0,0.998169481754303,0.9181277751922607,0.9815999865531921,0.043514642864465714,0.8426339030265808,0.2972636818885803,0.5032260417938232,0.0485851988196373,0.046447448432445526
4490,-21.2336,-5.9992,-27.2328,-28.4062,-1.0312,2.0,0.0,0.9916434288024902,0.9243113994598389,0.9507246613502502,0.022413793951272964,0.8095238208770752,0.29302704334259033,0.5037702322006226,0.05363805964589119,0.0450870655477047
4495,-20.9691,-6.1109,-27.0801,-27.8438,-1.7109,2.0,0.0,0.9963663816452026,0.918244481086731,0.9500396251678467,0.023829787969589233,0.831845223903656,0.3102067708969116,0.4906327724456787,0.04901275038719177,0.04567008838057518
4500,-21.5789,-5.768,-27.3469,-28.5703,-0.8438,2.0,0.0,0.9943408966064453,0.9251608848571777,0.9601227045059204,0.02037201076745987,0.8292410969734192,0.28159981966018677,0.519356369972229,0.05068407952785492,0.04388215020298958
4505,-21.175,-6.018,-27.193,-28.6562,-0.9062,2.0,0.0,0.9939743280410767,0.9171702861785889,0.9830007553100586,0.016564952209591866,0.8236607313156128,0.2967195212841034,0.5016324520111084,0.05258861929178238,0.04458177834749222
4510,-20.1672,-6.9027,-27.0699,-27.375,-2.3672,2.0,0.0,0.9887393116950989,0.8940796852111816,0.9610148668289185,0.03511141240596771,0.7920386791229248,0.3175528645515442,0.4575948417186737,0.06281094253063202,0.057563744485378265
4515,-18.2523,-8.6805,-26.9328,-25.1875,-3.6016,2.0,0.0,0.9793366193771362,0.8123025298118591,0.9506860971450806,0.04160475358366966,0.7142857313156128,0.35739272832870483,0.36901429295539856,0.09064054489135742,0.07847481220960617
4520,-9.3398,-21.7359,-31.0758,-8.6094,-25.3203,2.0,0.0,0.6721778512001038,0.04979035630822182,0.3124186396598816,0.00032781509798951447,0.0770089253783226,0.13634949922561646,0.07416044920682907,0.44787779450416565,0.2371346354484558
4525,-10.1766,-20.6438,-30.8203,-11.7031,-20.6562,2.0,0.1172,0.8016867637634277,0.195322647690773,0.31422585248947144,0.00032900148653425276,0.123511902987957,0.1613028645515442,0.08974657952785492,0.4081934094429016,0.23627954721450806
4530,-19.3547,-8.6543,-28.009,-18.0625,-17.4766,2.0,0.0939,0.994071900844574,0.8508185744285583,0.8108605742454529,0.02912292629480362,0.6938244104385376,0.29504820704460144,0.40123599767684937,0.08446051180362701,0.11477767676115036
4535,-21.9211,-5.8992,-27.8203,-23.7266,-10.5312,2.0,0.0,0.997160792350769,0.9306225180625916,0.9308600425720215,0.030267061665654182,0.8125,0.2601057291030884,0.5238261818885803,0.046097636222839355,0.06549284607172012
4540,-23.5402,-4.4082,-27.9484,-29.1641,-0.5234,2.0,0.0,0.994814932346344,0.957333505153656,0.9418483972549438,0.015590200200676918,0.859747052192688,0.21738961338996887,0.60579913854599,0.037430036813020706,0.03490360826253891
4545,-23.0473,-4.9781,-28.0254,-26.9375,-5.0703,2.0,0.0,0.9967381954193115,0.9509817361831665,0.8710900545120239,0.02872670814394951,0.8407738208770752,0.2264070212841034,0.5780472755432129,0.04100590944290161,0.05006219074130058
4550,-23.5484,-4.7961,-28.3445,-24.0,-10.6875,2.0,0.0,0.9977728128433228,0.9546141028404236,0.8916200995445251,0.030026109889149666,0.8534226417541504,0.20942163467407227,0.5917677283287048,0.034787002950906754,0.05954601988196373
4555,-24.0824,-3.8359,-27.9184,-29.3906,-0.5625,2.0,0.0,0.9992706179618835,0.9660398364067078,0.9778085947036743,0.044843047857284546,0.8924851417541504,0.21315298974514008,0.6283426880836487,0.028023943305015564,0.026002798229455948
4560,-23.2711,-4.5668,-27.8379,-28.3359,-2.4844,2.0,0.0,0.997657299041748,0.9588905572891235,0.9009009003639221,0.02306920848786831,0.8690476417541504,0.23227612674236298,0.5899797677993774,0.03451492637395859,0.03875155374407768
4565,-23.0059,-4.6895,-27.6953,-27.9844,-2.9766,2.0,0.0,0.9988847970962524,0.9532245993614197,0.9263038635253906,0.05714285746216774,0.8727678656578064,0.243975430727005,0.5791744589805603,0.034281715750694275,0.038090795278549194
4570,-23.9152,-4.0121,-27.9273,-29.5703,-0.2266,2.0,0.0,1.0,0.9583203196525574,0.9938347935676575,0.06738544255495071,0.8913690447807312,0.21408581733703613,0.6210743188858032,0.031522076576948166,0.02884017489850521
4575,-22.5688,-4.9602,-27.5289,-28.6953,-0.9922,2.0,0.0,0.9980539083480835,0.944452166557312,0.9653061032295227,0.05312500149011612,0.863467276096344,0.25963929295539856,0.5604788661003113,0.038090795278549194,0.03731343150138855
4580,-21.2531,-6.15,-27.4031,-26.9219,-3.6484,2.0,0.0,0.994952917098999,0.9151533842086792,0.9100566506385803,0.063421830534935,0.8139880895614624,0.28494247794151306,0.5029928684234619,0.05488184094429016,0.052705224603414536
4585,-19.0438,-8.8461,-27.8898,-19.375,-16.4688,2.0,0.0,0.9922266602516174,0.8237143754959106,0.8737908601760864,0.03493737801909447,0.722470223903656,0.31001242995262146,0.3832011818885803,0.08438277244567871,0.11792599409818649
4590,-17.0633,-10.5758,-27.6391,-16.5234,-15.8672,2.0,0.0,0.9799319505691528,0.7715996503829956,0.7037603259086609,0.02022838406264782,0.628720223903656,0.331195592880249,0.3180581331253052,0.12713775038719177,0.11913090944290161
4595,-16.4535,-12.4281,-28.8816,-17.7422,-14.3906,2.0,0.0,0.9689810276031494,0.7656926512718201,0.49343594908714294,0.01616254821419716,0.5513392686843872,0.2681514322757721,0.28731343150138855,0.1717195212841034,0.16833800077438354
4600,-15.9801,-12.0227,-28.0027,-19.6719,-9.125,2.0,0.0,0.9714667201042175,0.7532320022583008,0.539222776889801,0.01573716104030609,0.5874255895614624,0.32011815905570984,0.2735929787158966,0.16103078424930573,0.1407804787158966
4605,-17.116,-10.9637,-28.0797,-23.1172,-4.6719,2.0,0.0,0.9649325609207153,0.8137302398681641,0.5308911800384521,0.031185030937194824,0.6529017686843872,0.3025886118412018,0.3198849558830261,0.1421797275543213,0.1308690905570984
4610,-17.5508,-11.1922,-28.743,-24.7656,-3.6016,2.0,0.0,0.9666666388511658,0.8437967896461487,0.41001036763191223,0.04510883986949921,0.6343005895614624,0.2600279748439789,0.3374145030975342,0.14987562596797943,0.14820429682731628
4615,-17.6938,-10.5711,-28.2648,-24.875,-2.8672,2.0,0.0,0.9641504287719727,0.8334845900535583,0.5226806998252869,0.03689604625105858,0.6700148582458496,0.28731343150138855,0.34266167879104614,0.1328125,0.1327347606420517
4620,-18.4434,-9.6848,-28.1281,-26.2656,-2.1953,2.0,0.0,0.9760195016860962,0.8745557069778442,0.4810379147529602,0.04470359534025192,0.7094494104385376,0.2868858873844147,0.3718128204345703,0.11683768779039383,0.11998600512742996
4625,-16.0777,-15.3301,-31.4078,-21.6406,-5.9141,2.0,0.0,0.9388304352760315,0.6844547390937805,0.3594003915786743,0.029395828023552895,0.472842276096344,0.1588541716337204,0.2345304787158966,0.21521300077438354,0.2869247496128082
4630,-15.934,-13.1168,-29.0508,-22.3906,-4.3438,2.0,0.0,0.9809537529945374,0.7477009892463684,0.38072705268859863,0.03269754722714424,0.6067708134651184,0.2673352062702179,0.26204913854599,0.18069806694984436,0.18543998897075653
4635,-14.398,-21.1797,-35.5777,-21.0312,-14.4219,2.0,0.0951,0.7528089880943298,0.19328193366527557,0.1899886280298233,0.012970741838216782,0.2094494104385376,0.024214863777160645,0.07058458030223846,0.27332088351249695,0.5274020433425903
4640,-13.0305,-22.2988,-35.3293,-19.375,-16.6562,2.0,0.2651,0.676982581615448,0.204580157995224,0.11831925064325333,0.0077271307818591595,0.1640625,0.020094837993383408,0.05091729015111923,0.32653141021728516,0.4979788661003113
4645,-14.0102,-21.3543,-35.3645,-20.4609,-14.5547,2.0,0.4039,0.7255474328994751,0.2347494512796402,0.17557047307491302,0.010482821613550186,0.2064732164144516,0.026624688878655434,0.07136193662881851,0.2895677983760834,0.5079679489135742
4650,-14.859,-19.3895,-34.2484,-20.9219,-11.125,2.0,0.6032,0.8959841728210449,0.36867183446884155,0.2773023843765259,0.0178381260484457,0.314360111951828,0.05904073268175125,0.13051928579807281,0.2679959535598755,0.43796640634536743
4655,-14.3094,-19.598,-33.9074,-18.5156,-12.7734,2.0,0.746,0.9274285435676575,0.23868568241596222,0.29245540499687195,0.020697977393865585,0.3430059552192688,0.06801927834749222,0.12538868188858032,0.2833488881587982,0.4187655448913574
4660,-14.2043,-18.3738,-32.5781,-21.3047,-8.5781,2.0,0.8877,0.8962963223457336,0.36648470163345337,0.3270084857940674,0.05922263115644455,0.349702388048172,0.10494402796030045,0.16375155746936798,0.2888292968273163,0.33799752593040466
4665,-11.2797,-20.2738,-31.5535,-8.3438,-22.125,1.9937,1.0133,0.8347755670547485,0.06368400156497955,0.35791918635368347,0.0058234017342329025,0.1569940447807312,0.14373445510864258,0.0964319035410881,0.36835354566574097,0.28700247406959534
4670,-12.3824,-16.4559,-28.8383,-10.5859,-12.3906,1.9467,1.0708,0.9331661462783813,0.0705990195274353,0.6277102828025818,0.010018903762102127,0.3232886791229248,0.3099735677242279,0.12717661261558533,0.2527596354484558,0.20561255514621735
4675,-11.8109,-20.307,-32.118,-14.6562,-14.1406,1.8811,1.1966,0.8437310457229614,0.14191146194934845,0.3330766558647156,0.007776427548378706,0.1380208283662796,0.1283426582813263,0.09394434094429016,0.353350430727005,0.3198849558830261
4680,-13.1031,-17.0137,-30.1168,-11.375,-14.5625,1.853,1.3184,0.9408273696899414,0.12073357403278351,0.5831549167633057,0.02398969605565071,0.3173363208770752,0.2292443960905075,0.1525963991880417,0.27227145433425903,0.24141013622283936
4685,-12.7184,-13.3828,-26.1012,-14.8203,-8.2109,1.8453,1.3273,0.9791111946105957,0.35903680324554443,0.6730813980102539,0.028855720534920692,0.577752947807312,0.4670397937297821,0.14365671575069427,0.1676383763551712,0.1171875
4690,-11.4984,-16.5691,-28.0676,-9.7109,-13.3203,1.8057,1.3291,0.934668779373169,0.012929568067193031,0.6317689418792725,0.001366742653772235,0.2258184552192688,0.3414956331253052,0.11423352360725403,0.26916199922561646,0.17063121497631073
4695,-10.7531,-17.1984,-27.9516,-8.2656,-15.7422,1.7409,1.3878,0.9323649406433105,0.02911846898496151,0.522520124912262,0.0038554216735064983,0.2005208283662796,0.3425062298774719,0.09744247794151306,0.2942708432674408,0.1613028645515442
4700,-12.3008,-15.1355,-27.4363,-9.6406,-13.1562,1.6797,1.4787,0.9649749994277954,0.07810281217098236,0.7183049917221069,0.012600806541740894,0.4051339328289032,0.3806358873844147,0.13685478270053864,0.2238028645515442,0.15422885119915009
4705,-13.7215,-11.8301,-25.5516,-16.5781,-7.9297,1.6987,1.4362,0.9936733841896057,0.4164198040962219,0.8374296426773071,0.08769633620977402,0.6945684552192688,0.49148786067962646,0.18369092047214508,0.1312577724456787,0.08908581733703613
4710,-12.1695,-13.6344,-25.8039,-10.5938,-10.3125,1.6428,1.3935,0.9877756237983704,0.06479481607675552,0.7998190522193909,0.015024458058178425,0.566220223903656,0.4864738881587982,0.1259717047214508,0.17183613777160645,0.11124067008495331
4715,-11.9215,-17.9777,-29.8992,-14.1484,-11.8281,1.6233,1.482,0.9531119465827942,0.32342007756233215,0.35369977355003357,0.017318245023489,0.2942708432674408,0.23293687403202057,0.12546642124652863,0.31043997406959534,0.22667910158634186
4720,-12.2723,-14.65,-26.9223,-12.0312,-11.8672,1.5558,1.5133,0.978885293006897,0.2798559069633484,0.5711688995361328,0.02371194399893284,0.494047611951828,0.40865981578826904,0.14027518033981323,0.21381373703479767,0.13277363777160645
4725,-15.6289,-10.7352,-26.3641,-19.8516,-6.75,1.5895,1.47,0.9958017468452454,0.6082072854042053,0.7724432945251465,0.13276955485343933,0.7570684552192688,0.4258784055709839,0.2595227062702179,0.11819807440042496,0.09192319959402084
4730,-17.0266,-9.2148,-26.2414,-25.0391,-3.4062,1.6842,1.3538,0.998492956161499,0.7531105279922485,0.8089693784713745,0.1400839388370514,0.8013392686843872,0.4126632511615753,0.31864115595817566,0.09013526141643524,0.07408270984888077
4735,-18.0605,-8.3,-26.3605,-25.6562,-2.3359,1.7768,1.2092,0.9995008111000061,0.8094630241394043,0.8733031749725342,0.09877300262451172,0.8292410969734192,0.3893034756183624,0.3655550479888916,0.0773087665438652,0.06335510313510895
4740,-19.3563,-7.2766,-26.6328,-27.2734,-1.6797,1.9161,1.0452,0.9997829794883728,0.8682184815406799,0.8528693318367004,0.09544159471988678,0.8504464030265808,0.3581700921058655,0.4191153645515442,0.06366604566574097,0.054570894688367844
4745,-20.0117,-6.9207,-26.9324,-27.6797,-1.2188,2.0,0.8641,0.9996480941772461,0.8620121479034424,0.9487341642379761,0.13523131608963013,0.851934552192688,0.33135107159614563,0.4481498897075653,0.06141168996691704,0.054609764367341995
4750,-19.1395,-7.3574,-26.4969,-27.2578,-1.4297,2.0,0.6816,0.9996826648712158,0.8571158647537231,0.9620410799980164,0.07439199090003967,0.844122052192688,0.3674207031726837,0.4113028645515442,0.06246113032102585,0.05433768779039383
4755,-17.9887,-8.2246,-26.2133,-26.4844,-1.9453,2.0,0.5191,0.9983430504798889,0.8063651919364929,0.9596690535545349,0.06803170591592789,0.8236607313156128,0.39878731966018677,0.3627176582813263,0.07517102360725403,0.05884639173746109
4760,-16.934,-9.1152,-26.0492,-24.9922,-3.1016,2.0,0.401,0.9983411431312561,0.7357569932937622,0.9593073725700378,0.0903686061501503,0.777157723903656,0.42175838351249695,0.3186022937297821,0.08978544920682907,0.06537624448537827
4765,-16.1914,-9.9371,-26.1285,-24.3281,-3.6797,2.0,0.2934,0.9952062368392944,0.6757534146308899,0.8854008913040161,0.10784313827753067,0.7645089030265808,0.42972636222839355,0.28373757004737854,0.10276741534471512,0.07929104566574097
4770,-14.3785,-10.9098,-25.2883,-18.9062,-6.0391,2.0,0.2078,0.9985835552215576,0.5229771137237549,0.9262981414794922,0.04505005478858948,0.7444196343421936,0.49393656849861145,0.21567942202091217,0.11602145433425903,0.06988494843244553
4775,-14.0797,-10.8371,-24.9168,-19.5234,-5.4609,2.0,0.1234,0.9965953826904297,0.5503342747688293,0.9366381168365479,0.03238636255264282,0.738095223903656,0.5251476764678955,0.1976834535598755,0.10428327322006226,0.06840796023607254
4780,-13.0285,-11.5426,-24.5711,-15.2188,-7.4609,2.0,0.0531,0.9981919527053833,0.4073127210140228,0.909437894821167,0.01124799158424139,0.715029776096344,0.55892413854599,0.1520133763551712,0.11201803386211395,0.07256685197353363
4785,-13.3215,-11.6668,-24.9883,-15.2344,-7.6172,2.0,0.0,0.997664749622345,0.3435294032096863,0.9501485824584961,0.03255587816238403,0.734002947807312,0.5326103568077087,0.1651896834373474,0.11773165315389633,0.07999067008495331
4790,-13.8008,-11.593,-25.3937,-16.9297,-7.0859,1.9866,0.0,0.9974505305290222,0.3810628354549408,0.9482649564743042,0.03434066101908684,0.7317708134651184,0.5031094551086426,0.18431280553340912,0.1232120618224144,0.08488806337118149
4795,-13.4266,-11.5574,-24.984,-15.2188,-7.8125,1.9691,0.0,0.9978731274604797,0.3497716784477234,0.9805280566215515,0.03107769414782524,0.734747052192688,0.5299673676490784,0.1702425330877304,0.11777052283287048,0.07754197716712952
4800,-12.7613,-12.0723,-24.8336,-13.1484,-8.8828,1.9452,0.0,0.9970030188560486,0.22541643679141998,0.944108784198761,0.021564694121479988,0.6904761791229248,0.5446983575820923,0.14466728270053864,0.1286536008119583,0.07750310748815536
4805,-12.0625,-12.243,-24.3055,-11.0078,-9.6484,1.9008,0.0,0.9969977736473083,0.14386554062366486,0.9240705966949463,0.0042060986161231995,0.6796875,0.5825948119163513,0.11563277244567871,0.123367540538311,0.07392723858356476
4810,-11.7426,-14.1414,-25.884,-9.6562,-12.0,1.8528,0.0,0.9790558218955994,0.0519360788166523,0.7469949722290039,0.002696456154808402,0.507440447807312,0.46766167879104614,0.12647698819637299,0.20048196613788605,0.10090173780918121
4815,-12.2336,-22.4266,-34.6602,-17.3438,-21.1172,1.8034,0.1589,0.8123415112495422,0.0,0.17077842354774475,0.0,0.0509672611951828,0.0459810309112072,0.04011194035410881,0.345032662153244,0.46439677476882935
4820,-11.3797,-23.007,-34.3867,-17.1328,-21.0938,1.7521,0.3575,0.8411867618560791,0.0,0.128304585814476,0.0001779201120370999,0.0479910708963871,0.044542908668518066,0.033271145075559616,0.3807913661003113,0.4369169771671295
4825,-12.8762,-22.6426,-35.5187,-18.3203,-20.7812,1.7054,0.571,0.8146666884422302,0.0,0.11620832234621048,0.0,0.0487351194024086,0.02915111929178238,0.025808457285165787,0.3194185197353363,0.5211442708969116
4830,-10.8785,-23.5242,-34.4027,-15.875,-21.8047,1.6951,0.7797,0.8368715047836304,0.0042553190141916275,0.0924660861492157,0.0004526115662883967,0.0665922611951828,0.034787002950906754,0.027402052655816078,0.4039567708969116,0.4293765425682068
4835,-12.9629,-22.3648,-35.3277,-18.8125,-19.7734,1.6279,1.0018,0.7916666865348816,0.0,0.14877450466156006,0.0005343511584214866,0.0784970223903656,0.03264925256371498,0.036536071449518204,0.31716418266296387,0.5091728568077087
4840,-14.4773,-21.4559,-35.9332,-19.0781,-19.1484,1.631,1.1948,0.7869249582290649,0.0,0.22117143869400024,0.0015877399127930403,0.0866815447807312,0.03210509940981865,0.045553483068943024,0.2548196613788605,0.5630441308021545
4845,-11.9703,-21.8773,-33.8477,-17.7734,-18.3828,1.6053,1.3934,0.7748890519142151,0.0024420025292783976,0.24383443593978882,0.0008572245133109391,0.0993303582072258,0.06129508838057518,0.06366604566574097,0.3624844551086426,0.40807679295539856
4850,-11.3406,-22.2191,-33.5598,-16.2969,-19.4844,1.5386,1.5958,0.7669597864151001,0.0012322858674451709,0.22475698590278625,0.00020527558808680624,0.088913694024086,0.06187811121344566,0.06308302283287048,0.3918687701225281,0.37869247794151306
4855,-12.4402,-22.2313,-34.6715,-18.0625,-20.4062,1.4715,1.8152,0.8182552456855774,0.0008703219937160611,0.174324631690979,0.001250938163138926,0.0863095223903656,0.04811878129839897,0.04465951398015022,0.3366760015487671,0.4660680890083313
4860,-12.5262,-22.6758,-35.202,-17.875,-20.6875,1.4124,2.0,0.8042929172515869,0.0012091898825019598,0.12142691016197205,0.000546234892681241,0.0926339253783226,0.030783582478761673,0.0321439690887928,0.33449938893318176,0.49809545278549194
4865,-13.727,-22.3813,-36.1082,-19.0625,-20.1641,1.4325,2.0,0.7255574464797974,0.0,0.10521221905946732,0.0011621547164395452,0.0803571417927742,0.022660136222839355,0.023165423423051834,0.28113338351249695,0.5685634613037109
4870,-14.2285,-22.3766,-36.6051,-19.1953,-20.2266,1.4266,2.0,0.7005494236946106,0.0,0.08299564570188522,0.0005770340212620795,0.0669642835855484,0.014148009940981865,0.01616915501654148,0.25897854566574097,0.6062266826629639
4875,-15.1762,-21.9988,-37.175,-19.6875,-19.7812,1.4421,2.0,0.6214285492897034,0.0,0.08506447076797485,0.0001784333580872044,0.067336305975914,0.010883084498345852,0.014109142124652863,0.2170397937297821,0.6534903645515442
4880,-15.5168,-21.7195,-37.2363,-19.8594,-18.9688,1.4685,2.0,0.5884955525398254,0.0017482517287135124,0.11544227600097656,0.000946409534662962,0.0941220223903656,0.008784203790128231,0.02223258651793003,0.20740050077438354,0.6571050882339478
4885,-15.1551,-22.1066,-37.2617,-19.3281,-20.1719,1.4748,2.0,0.49572649598121643,0.0,0.07096889615058899,0.0002361275110160932,0.0558035708963871,0.009095149114727974,0.010572139173746109,0.21742847561836243,0.6584266424179077
4890,-15.6328,-21.852,-37.4848,-19.6328,-19.9609,1.4957,2.0,0.5846154093742371,0.0,0.08032207190990448,0.0008603877504356205,0.0580357126891613,0.0075792912393808365,0.01239894237369299,0.1979166716337204,0.6776275038719177
4895,-14.4691,-22.3488,-36.818,-19.1953,-19.4531,1.5229,2.0,0.4811320900917053,0.0024271844886243343,0.08758331835269928,0.0003131850971840322,0.0617559514939785,0.008240049704909325,0.016013681888580322,0.2507385015487671,0.6205301880836487
4900,-15.1074,-22.0602,-37.1676,-19.25,-20.0938,1.5441,2.0,0.6025640964508057,0.0,0.08652158826589584,0.0003584229270927608,0.0546875,0.009095149114727974,0.014303482137620449,0.22147077322006226,0.6506530046463013
4905,-14.8961,-22.3293,-37.2254,-19.2578,-20.2891,1.5719,2.0,0.5029239654541016,0.0,0.0432700514793396,0.001069010584615171,0.056175597012043,0.006646455265581608,0.0071517410688102245,0.22726212441921234,0.6544620394706726
4910,-15.5316,-21.9336,-37.4652,-19.6328,-20.1016,1.5936,2.0,0.6399999856948853,0.0,0.06556741148233414,0.00011489630560390651,0.0584077388048172,0.008745335973799229,0.009833644144237041,0.2003653645515442,0.6765780448913574
4915,-14.1164,-22.5785,-36.6949,-18.6016,-20.5703,1.6062,2.0,0.62109375,0.0,0.05873671919107437,0.0002547770563978702,0.0695684552192688,0.009950248524546623,0.011971392668783665,0.2633706331253052,0.6102300882339478
4920,-14.5527,-22.0844,-36.6371,-19.125,-20.3203,1.6121,2.0,0.8037578463554382,0.013592232950031757,0.09573112428188324,0.0008878741646185517,0.0788690447807312,0.018617847934365273,0.020017102360725403,0.24401430785655975,0.6128731369972229
4925,-13.3816,-22.3066,-35.6883,-18.0547,-20.9609,1.589,2.0,0.8525402545928955,0.005390835460275412,0.11738208681344986,0.0010758086573332548,0.0915178582072258,0.031366605311632156,0.02884017489850521,0.2933768630027771,0.5419387221336365
4930,-11.7855,-22.5949,-34.3805,-17.1719,-21.3672,1.5429,2.0,0.8813559412956238,0.015194681473076344,0.12384532392024994,0.002197029534727335,0.1380208283662796,0.05045086890459061,0.04092817008495331,0.36186257004737854,0.44228076934814453
4935,-11.1742,-22.3996,-33.5738,-15.9219,-21.9922,1.4801,2.0,0.9141274094581604,0.019186493009328842,0.13837361335754395,0.0041168793104588985,0.1741071492433548,0.07015702873468399,0.05064520984888077,0.3876321613788605,0.38708800077438354
4940,-12.4418,-22.493,-34.9348,-17.0,-21.5,1.4117,2.0,0.8912621140480042,0.008196720853447914,0.1181943491101265,0.0020279039163142443,0.1276041716337204,0.040034204721450806,0.037935324013233185,0.338386207818985,0.4791666567325592
4945,-12.2156,-22.3359,-34.5516,-17.6953,-21.1172,1.3595,2.0,0.8668754696846008,0.011524822562932968,0.13942094147205353,0.005491205491125584,0.1294642835855484,0.04963463917374611,0.043843284249305725,0.3490360677242279,0.45300838351249695
4950,-11.3527,-22.0027,-33.3555,-16.6406,-21.6797,1.3233,2.0,0.9161877632141113,0.030605455860495567,0.15760082006454468,0.00807853601872921,0.1960565447807312,0.08115671575069427,0.058418843895196915,0.37585508823394775,0.38009172677993774
4955,-10.6504,-21.8605,-32.5109,-13.6172,-23.1562,1.2539,2.0,0.9148351550102234,0.04989035055041313,0.1577688455581665,0.019109055399894714,0.261532723903656,0.0990360677242279,0.07089552283287048,0.40625,0.3193407952785492
4960,-12.0543,-21.3543,-33.4086,-16.8984,-21.5391,1.1749,2.0,0.9412013292312622,0.031231585890054703,0.1694629043340683,0.0121806301176548,0.2570684552192688,0.09188432991504669,0.06595926731824875,0.34518811106681824,0.3924906849861145
4965,-10.0867,-21.8723,-31.959,-13.9844,-22.9609,1.1194,2.0,0.9422535300254822,0.07784120738506317,0.14940546452999115,0.025771774351596832,0.2726934552192688,0.11038557440042496,0.07489894330501556,0.4282104969024658,0.28202736377716064
4970,-11.6391,-21.4875,-33.1266,-15.0625,-22.4688,1.0491,2.0,0.9367457628250122,0.05191873759031296,0.1579282581806183,0.015355289913713932,0.2782738208770752,0.09340018779039383,0.06887438148260117,0.3662157952785492,0.3670320212841034
4975,-10.8562,-20.7598,-31.616,-12.0938,-23.9531,0.9868,2.0,0.9445761442184448,0.16213063895702362,0.16829532384872437,0.05385609716176987,0.353422611951828,0.13114117085933685,0.09996890276670456,0.39377331733703613,0.27063900232315063
4980,-10.9145,-21.1812,-32.0957,-12.6094,-23.6719,0.9277,2.0,0.9525731801986694,0.15520446002483368,0.15444818139076233,0.034522440284490585,0.3236607015132904,0.115555040538311,0.08364427834749222,0.3923352062702179,0.30398786067962646
4985,-11.5699,-20.6215,-32.1914,-13.8438,-23.0781,0.8873,2.0,0.9529085755348206,0.2091304361820221,0.16088975965976715,0.03985419124364853,0.322172611951828,0.12628264725208282,0.08939676731824875,0.3599580228328705,0.3198849558830261
4990,-13.4871,-19.0359,-32.523,-14.875,-22.5625,0.9033,2.0,0.9747924208641052,0.36206895112991333,0.19228146970272064,0.05487341061234474,0.3701636791229248,0.13106343150138855,0.12173507362604141,0.28502020239830017,0.35770365595817566
4995,-13.5285,-19.7793,-33.3078,-15.9844,-22.0078,0.866,2.0,0.9722518920898438,0.295463502407074,0.17744587361812592,0.03741823881864548,0.3203125,0.10925839841365814,0.09853078424930573,0.28365981578826904,0.4040733873844147
5000,-11.4504,-21.2555,-32.7059,-14.2031,-22.8516,0.8293,2.0,0.9347327947616577,0.17037753760814667,0.1541188806295395,0.026243723928928375,0.287202388048172,0.10183458030223846,0.08030162006616592,0.3727456331253052,0.3406405448913574
