it,s,o,w,s20,o20,lam_s,lam_c,pCC,pCD,pDC,pDD,pSTART,vCC,vCD,vDC,vDD
0,-20.7328,-12.3305,-33.0633,-24.9219,-9.5703,0.5,0.5,0.4889964759349823,0.48976147174835205,0.5042084455490112,0.4873734712600708,0.4821428656578064,0.08830846101045609,0.3454602062702179,0.09697605669498444,0.36477768421173096
5,-20.7785,-12.3762,-33.1547,-24.5703,-10.1094,1.0137,0.3611,0.4821034073829651,0.4874523878097534,0.4572991132736206,0.47392866015434265,0.5416666865348816,0.08795864135026932,0.3469371795654297,0.09238961338996887,0.3682369291782379
10,-21.6898,-10.5852,-32.275,-25.0,-9.5312,1.1983,0.3022,0.5845686197280884,0.5800857543945312,0.5690608024597168,0.5571122169494629,0.5881696343421936,0.10226212441921234,0.40792134404182434,0.07738650590181351,0.3079524338245392
15,-23.3359,-7.682,-31.018,-26.9844,-5.7266,1.4092,0.1971,0.7058051824569702,0.7090117931365967,0.703849196434021,0.6965312361717224,0.7633928656578064,0.11850901693105698,0.5179959535598755,0.0494791679084301,0.20953825116157532
20,-23.5609,-7.2391,-30.8,-27.4688,-4.4531,1.6354,0.0452,0.7117834687232971,0.7415426969528198,0.7413355708122253,0.7342531681060791,0.7116815447807312,0.12204602360725403,0.5331156849861145,0.0459810309112072,0.19437965750694275
25,-23.9852,-6.7434,-30.7285,-26.6719,-6.2578,1.8737,0.0,0.7689577341079712,0.7486589550971985,0.7329896688461304,0.751821756362915,0.7589285969734192,0.12045242637395859,0.5506840944290161,0.03770211338996887,0.1866837739944458
30,-22.4703,-9.1625,-31.6328,-25.6719,-8.0703,2.0,0.0,0.6411064267158508,0.6379864811897278,0.6323003768920898,0.6465749144554138,0.6547619104385376,0.111007459461689,0.45942163467407227,0.06522077322006226,0.25987252593040466
35,-21.0625,-11.3898,-32.4523,-24.7969,-9.4453,2.0,0.0,0.5220221877098083,0.5447021722793579,0.5411016941070557,0.5371890664100647,0.5565476417541504,0.1014847606420517,0.38040268421173096,0.09172885864973068,0.32190608978271484
40,-22.3,-9.4469,-31.7469,-26.1562,-7.0781,2.0,0.0,0.6378839612007141,0.6216122508049011,0.6346153616905212,0.6240394115447998,0.6577380895614624,0.11388370394706726,0.44888836145401,0.06467662006616592,0.268073707818985
45,-22.8969,-8.0703,-30.9672,-26.5156,-6.4297,2.0,0.0,0.6883313059806824,0.7008366584777832,0.680115282535553,0.7171916961669922,0.6875,0.1285758763551712,0.4970848858356476,0.05394900590181351,0.2159126251935959
50,-23.2457,-7.9586,-31.2043,-26.5625,-6.4062,2.0,0.0,0.6822969913482666,0.6957845091819763,0.7168811559677124,0.6947106719017029,0.7053571343421936,0.11438899487257004,0.5108053684234619,0.05134483799338341,0.21898320317268372
55,-23.9695,-6.7313,-30.7008,-27.125,-5.1875,2.0,0.0,0.7545573115348816,0.7527859807014465,0.7328094244003296,0.7613160014152527,0.75,0.11940298229455948,0.5510727763175964,0.03956778720021248,0.18547885119915009
60,-23.9742,-6.3762,-30.3504,-27.2656,-4.9297,2.0,0.0,0.7635726928710938,0.7820059657096863,0.7933972477912903,0.7610640525817871,0.7857142686843872,0.13316231966018677,0.5607509613037109,0.03649720177054405,0.1651119440793991
65,-24.2891,-6.3793,-30.6684,-26.9844,-5.6328,2.0,0.0,0.7574539184570312,0.7704280018806458,0.7864406704902649,0.7500553131103516,0.773809552192688,0.11602145433425903,0.5693796873092651,0.03439832106232643,0.17572294175624847
70,-25.023,-5.0004,-30.0234,-28.2656,-3.2109,2.0,0.0,0.8317580223083496,0.8261879086494446,0.8089887499809265,0.8402777910232544,0.875,0.123367540538311,0.6192086338996887,0.024214863777160645,0.12873134016990662
75,-23.8445,-6.7445,-30.5891,-27.5312,-4.5156,2.0,0.0,0.7524045705795288,0.7576014399528503,0.7379830479621887,0.7550753355026245,0.7678571343421936,0.12527208030223846,0.550956130027771,0.041239116340875626,0.1780550330877304
80,-24.3445,-5.6578,-30.0023,-28.2188,-3.0469,2.0,0.0,0.8139402270317078,0.8132502436637878,0.7933094501495361,0.826267659664154,0.7916666865348816,0.13662157952785492,0.5860929489135742,0.03253265097737312,0.14027518033981323
85,-24.7254,-5.5547,-30.2801,-27.9688,-3.8281,2.0,0.0,0.817715048789978,0.804357647895813,0.7863013744354248,0.8054876327514648,0.8125,0.12111318111419678,0.6029617786407471,0.028373755514621735,0.1430736929178238
90,-22.6363,-8.9477,-31.584,-25.8438,-7.8906,2.0,0.0,0.6515570878982544,0.6546234488487244,0.6372924447059631,0.634576678276062,0.6785714030265808,0.11232897639274597,0.471198707818985,0.060867536813020706,0.2511271834373474
95,-23.7805,-6.8867,-30.6672,-27.3281,-4.8047,2.0,0.0,0.7434127926826477,0.7495361566543579,0.6961789131164551,0.7532004117965698,0.7708333134651184,0.12391169369220734,0.5446983575820923,0.04170553386211395,0.18520678579807281
100,-23.4582,-7.4762,-30.9344,-27.0781,-5.2109,2.0,0.0,0.7167854905128479,0.7247685790061951,0.698942244052887,0.7149425148963928,0.7291666865348816,0.11994714289903641,0.5249145030975342,0.0477689690887928,0.20289179682731628
105,-22.1355,-9.9352,-32.0707,-25.6094,-8.0078,2.0,0.0,0.5783358216285706,0.5974960327148438,0.6138888597488403,0.6000000238418579,0.6398809552192688,0.10370025038719177,0.4377332031726837,0.06996268779039383,0.28412625193595886
110,-21.0145,-11.3957,-32.4102,-24.0938,-11.2031,2.0,0.0,0.5452530384063721,0.5298013091087341,0.5616616010665894,0.5490548014640808,0.5446428656578064,0.10521610826253891,0.37562188506126404,0.08982431888580322,0.3248600661754608
115,-21.7125,-10.5586,-32.2711,-25.9531,-7.4609,2.0,0.0,0.591235339641571,0.5617514848709106,0.5621840357780457,0.5775883793830872,0.6071428656578064,0.10288401693105698,0.4056669771671295,0.07688122242689133,0.31009018421173096
120,-20.7352,-12.5168,-33.252,-24.2344,-10.9453,2.0,0.0,0.4591743052005768,0.4741418659687042,0.4859241247177124,0.48143550753593445,0.4765625,0.08473258465528488,0.33970770239830017,0.09526585787534714,0.3758162260055542
125,-19.3402,-14.3047,-33.6449,-22.7188,-13.5781,2.0,0.0,0.41805556416511536,0.4067508280277252,0.412003755569458,0.39200377464294434,0.4296875,0.08395522087812424,0.27405938506126404,0.12433923780918121,0.4131685197353363
130,-17.9016,-17.8547,-35.7563,-21.8281,-15.8984,2.0,0.0091,0.2135627567768097,0.20045731961727142,0.20234070718288422,0.21147781610488892,0.2916666567325592,0.03840174153447151,0.152985081076622,0.14944806694984436,0.5546875
135,-17.4398,-18.6879,-36.1277,-21.1562,-16.7969,2.0,0.117,0.21672555804252625,0.19653543829917908,0.16442377865314484,0.17255006730556488,0.184523805975914,0.03299906849861145,0.12340640276670456,0.1588541716337204,0.5802627205848694
140,-17.7098,-18.5418,-36.2516,-21.1406,-16.9922,2.0,0.235,0.15140844881534576,0.16258351504802704,0.1869257092475891,0.17452086508274078,0.2083333283662796,0.03311567008495331,0.12216262519359589,0.14804881811141968,0.5921952724456787
145,-15.743,-21.1711,-36.9141,-20.0625,-19.0312,2.0,0.3768,0.05833333358168602,0.056876059621572495,0.0648731142282486,0.06284976005554199,0.1160714253783226,0.01399253774434328,0.04578668996691704,0.20370802283287048,0.6320351362228394
150,-15.9484,-21.0754,-37.0238,-19.8438,-19.2344,2.0,0.5532,0.06586826592683792,0.08064515888690948,0.054134443402290344,0.06605426967144012,0.1011904776096344,0.012981965206563473,0.0433768667280674,0.19601212441921234,0.6431514024734497
155,-17.3191,-18.5508,-35.8699,-23.3438,-12.375,2.0,0.6988,0.18459302186965942,0.23978585004806519,0.1067875325679779,0.2100140005350113,0.1595982164144516,0.02674129419028759,0.1379431039094925,0.17580068111419678,0.5550373196601868
160,-16.927,-18.7797,-35.7066,-22.75,-13.375,2.0,0.8271,0.1304347813129425,0.24802803993225098,0.14813269674777985,0.1901257485151291,0.1878720223903656,0.032182835042476654,0.13304570317268372,0.18629509210586548,0.5439987778663635
165,-18.5316,-16.1293,-34.6609,-24.1172,-10.9453,2.0,0.8935,0.26371949911117554,0.371616929769516,0.24540816247463226,0.30654266476631165,0.314360111951828,0.05099502578377724,0.2240360677242279,0.15236318111419678,0.46812811493873596
170,-20.2879,-12.8512,-33.1391,-24.4453,-10.2656,2.0,0.8982,0.43663913011550903,0.48452284932136536,0.42587411403656006,0.4661582410335541,0.5078125,0.08465485274791718,0.3327503204345703,0.1111629381775856,0.3669542968273163
175,-22.1516,-10.066,-32.2176,-25.4062,-8.6719,2.0,0.8234,0.5618515610694885,0.6019687056541443,0.5944322943687439,0.5756609439849854,0.6283482313156128,0.09740360826253891,0.43435168266296387,0.0712064653635025,0.2925606369972229
180,-23.0199,-8.4547,-31.4746,-26.2969,-7.0078,2.0,0.7192,0.6543165445327759,0.6611018180847168,0.6543715596199036,0.6729934215545654,0.7358630895614624,0.10805348306894302,0.4889225661754608,0.05690298601984978,0.24164333939552307
185,-23.1449,-8.3254,-31.4703,-25.5547,-8.5625,2.0,0.5643,0.7088651061058044,0.6710994839668274,0.6891233921051025,0.6449968218803406,0.7213541865348816,0.11267879605293274,0.49102145433425903,0.04788557067513466,0.24393656849861145
190,-21.609,-10.5219,-32.1309,-24.3594,-10.8359,2.0,0.4509,0.6000717282295227,0.5812685489654541,0.6058940887451172,0.559702455997467,0.5970982313156128,0.10836442559957504,0.40628886222839355,0.07781405746936798,0.3030550479888916
195,-22.9223,-8.9125,-31.8348,-25.6641,-8.1562,2.0,0.3487,0.715782105922699,0.6417608261108398,0.681550145149231,0.6030009984970093,0.6651785969734192,0.11131840944290161,0.46089863777160645,0.04613650590181351,0.2771688401699066
200,-23.4586,-8.148,-31.6066,-25.7031,-8.3594,2.0,0.2042,0.7854406237602234,0.6753576993942261,0.7411385774612427,0.6251126527786255,0.6700148582458496,0.11159048229455948,0.48896142840385437,0.036186255514621735,0.2587842047214508
205,-24.3785,-6.3141,-30.6926,-25.2578,-9.0625,2.0,0.041,0.8825654983520508,0.7731413841247559,0.8568421006202698,0.6698869466781616,0.7570684552192688,0.12908115983009338,0.5588852763175964,0.018462374806404114,0.18909358978271484
210,-24.9941,-5.459,-30.4531,-25.3906,-8.9609,2.0,0.0,0.9304187297821045,0.8120251297950745,0.8717948794364929,0.6581980586051941,0.828497052192688,0.12624378502368927,0.5934390425682068,0.010611007921397686,0.16522854566574097
215,-24.2559,-6.4328,-30.6887,-23.3828,-12.5312,2.0,0.0,0.8867924809455872,0.7840597033500671,0.8107526898384094,0.6107164621353149,0.7715773582458496,0.13390080630779266,0.5520444512367249,0.01807369478046894,0.19150342047214508
220,-24.5934,-6.093,-30.6863,-25.1328,-9.5469,2.0,0.0,0.8959627151489258,0.7816460132598877,0.8705583810806274,0.6617523431777954,0.78125,0.1251554787158966,0.5705068111419678,0.015314054675400257,0.18454602360725403
225,-24.6508,-5.902,-30.5527,-23.9766,-11.7656,2.0,0.0,0.92921382188797,0.8025347590446472,0.862500011920929,0.5935428738594055,0.8392857313156128,0.13397854566574097,0.5704290866851807,0.009328357875347137,0.18178637325763702
230,-24.5156,-6.4113,-30.927,-24.2188,-11.1875,2.0,0.0,0.9515539407730103,0.7845494151115417,0.7773109078407288,0.5608235597610474,0.7544642686843872,0.12756529450416565,0.5529384613037109,0.009250622242689133,0.20576803386211395
235,-25.1676,-5.2609,-30.4285,-24.8594,-9.9297,2.0,0.0,0.9560675621032715,0.819340705871582,0.8612716794013977,0.635049045085907,0.8537946343421936,0.12651586532592773,0.6037002205848694,0.0067241913639009,0.15858209133148193
240,-25.1453,-5.159,-30.3043,-25.8281,-8.0859,2.0,0.0,0.9209005236625671,0.8257290720939636,0.8298755288124084,0.6972142457962036,0.8262648582458496,0.1277596354484558,0.6091029047966003,0.009367226622998714,0.14929260313510895
245,-24.5949,-6.2152,-30.8102,-25.0625,-9.4062,2.0,0.0,0.9094065427780151,0.7805904150009155,0.8545454740524292,0.6370013952255249,0.7544642686843872,0.12313432991504669,0.5635105967521667,0.014964241534471512,0.19391325116157532
250,-24.5586,-6.1707,-30.7293,-25.2188,-9.2812,2.0,0.0,0.9018501043319702,0.7670627236366272,0.8666666746139526,0.6940101385116577,0.7633928656578064,0.12395056337118149,0.5626554489135742,0.017490671947598457,0.19142568111419678
255,-24.2281,-6.4672,-30.6953,-25.0625,-9.3828,2.0,0.0,0.8902403712272644,0.7684732675552368,0.8202247023582458,0.6252238154411316,0.8136160969734192,0.13421174883842468,0.5486240386962891,0.017296331003308296,0.1953902393579483
260,-24.2707,-6.4887,-30.7594,-25.0938,-9.4375,2.0,0.0,0.8921539783477783,0.7640985250473022,0.8547215461730957,0.6403474807739258,0.7834821343421936,0.13226833939552307,0.5458644032478333,0.016052549704909325,0.201337069272995
265,-23.9941,-7.1648,-31.159,-24.5703,-10.5312,2.0,0.0,0.88612961769104,0.7378814816474915,0.8057395219802856,0.5908399820327759,0.734375,0.1283426582813263,0.5195895433425903,0.017607275396585464,0.2299828976392746
270,-24.6609,-5.9039,-30.5648,-24.8125,-10.1406,2.0,0.0,0.9131476283073425,0.7875425219535828,0.8653295040130615,0.6675246953964233,0.8095238208770752,0.12978078424930573,0.57097327709198,0.013564987108111382,0.18120336532592773
275,-24.7422,-6.0168,-30.759,-24.4609,-10.75,2.0,0.0,0.91679847240448,0.7820301651954651,0.7980769276618958,0.6621215343475342,0.7793898582458496,0.12286224961280823,0.5666977763175964,0.012126865796744823,0.19383551180362701
280,-24.7371,-5.8547,-30.5918,-24.6953,-10.2812,2.0,0.0,0.9252365231513977,0.7965482473373413,0.849397599697113,0.6275773048400879,0.8266369104385376,0.1273709535598755,0.5742770433425903,0.012904228642582893,0.18097014725208282
285,-23.9551,-7.5289,-31.484,-24.1094,-11.5234,2.0,0.0,0.8889251947402954,0.7270520329475403,0.8111110925674438,0.5424609780311584,0.7157738208770752,0.1189754381775856,0.5123600959777832,0.017490671947598457,0.24669620394706726
290,-24.2824,-6.784,-31.0664,-24.0312,-11.5156,2.0,0.0,0.8979398012161255,0.7378039956092834,0.779904305934906,0.6333273649215698,0.777157723903656,0.12262903898954391,0.5401896834373474,0.016246890649199486,0.21645678579807281
295,-23.5574,-8.0582,-31.6156,-23.6953,-12.3047,2.0,0.0,0.8803872466087341,0.7033843398094177,0.75,0.5359618663787842,0.6830357313156128,0.12445584684610367,0.4823538661003113,0.019589552655816078,0.2691231369972229
300,-23.5473,-7.9719,-31.5191,-23.6641,-12.3672,2.0,0.0,0.8689889311790466,0.6935266852378845,0.7873462438583374,0.5532848834991455,0.726934552192688,0.12608830630779266,0.4905550479888916,0.022115983068943024,0.2567630708217621
305,-24.9852,-5.5941,-30.5793,-25.0703,-9.4141,2.0,0.0,0.8974025845527649,0.7971747517585754,0.8441176414489746,0.7113636136054993,0.7983630895614624,0.1197139322757721,0.5915733575820923,0.013215173967182636,0.17101989686489105
310,-23.9352,-7.3543,-31.2895,-24.3203,-10.9609,2.0,0.0,0.8617021441459656,0.7249811887741089,0.8154761791229248,0.5712396502494812,0.7797619104385376,0.12422263622283936,0.5165578126907349,0.019589552655816078,0.23515236377716064
315,-24.7629,-5.9215,-30.6844,-25.3359,-9.0938,2.0,0.0,0.9074307084083557,0.7821769118309021,0.8841463327407837,0.6914113163948059,0.765997052192688,0.12344527244567871,0.5792133212089539,0.01274875644594431,0.18011504411697388
320,-23.2855,-8.6863,-31.9719,-23.625,-12.4922,2.0,0.0,0.8719632029533386,0.6778895258903503,0.7292358875274658,0.5010443925857544,0.6499255895614624,0.11839241534471512,0.45600125193595886,0.023398632183670998,0.29773008823394775
325,-24.4148,-6.648,-31.0629,-24.1719,-11.3984,2.0,0.0,0.8971061110496521,0.7483457922935486,0.7984293103218079,0.6490078568458557,0.7328869104385376,0.12087997794151306,0.5462920069694519,0.01484763715416193,0.21350279450416565
330,-24.2684,-6.927,-31.1953,-24.2031,-11.3828,2.0,0.0,0.8935199975967407,0.7409337759017944,0.812636137008667,0.626358687877655,0.7064732313156128,0.11936412006616592,0.5294620394706726,0.017840484157204628,0.22885571420192719
335,-24.0121,-7.3059,-31.318,-23.4219,-12.7578,2.0,0.0,0.8905647993087769,0.7129713296890259,0.7851239442825317,0.6085760593414307,0.7436755895614624,0.12111318111419678,0.5153917670249939,0.018812188878655434,0.24020522832870483
340,-22.5496,-9.4797,-32.0293,-22.7656,-13.9766,2.0,0.0,0.8253195285797119,0.6386415958404541,0.6457399129867554,0.4914020299911499,0.6495535969734192,0.12772077322006226,0.42346858978271484,0.0346703976392746,0.3096626102924347
345,-23.2523,-8.6145,-31.8668,-23.7578,-12.1094,2.0,0.0,0.8384491205215454,0.6574997901916504,0.7318952083587646,0.5371149182319641,0.7120535969734192,0.12029695510864258,0.46358054876327515,0.025225434452295303,0.28641945123672485
350,-22.9902,-8.6137,-31.6039,-23.7578,-11.9688,2.0,0.0,0.8184273838996887,0.6651647686958313,0.7168894410133362,0.559855043888092,0.6908482313156128,0.12950870394706726,0.4658348858356476,0.03198849409818649,0.26819029450416565
355,-24.1082,-6.8008,-30.909,-25.5156,-8.5938,2.0,0.0,0.8375855684280396,0.7284777760505676,0.8346839547157288,0.6888158917427063,0.8013392686843872,0.1249222606420517,0.5453979969024658,0.02398165501654148,0.20122045278549194
360,-23.7965,-7.6691,-31.4656,-25.3359,-9.1641,2.0,0.0,0.8250247836112976,0.6859713792800903,0.7735849022865295,0.641456127166748,0.7198660969734192,0.11773165315389633,0.5053638219833374,0.024720149114727974,0.24770678579807281
365,-23.8227,-7.2547,-31.0773,-24.8828,-9.8828,2.0,0.0,0.8241623044013977,0.7037617564201355,0.8365243077278137,0.6728546619415283,0.7805059552192688,0.12643812596797943,0.5207555890083313,0.02639148011803627,0.22193719446659088
370,-24.5297,-6.0539,-30.5836,-25.7891,-7.9531,2.0,0.0,0.8682123422622681,0.7706966996192932,0.8574467897415161,0.7461307048797607,0.7667410969734192,0.12740983068943024,0.5690298676490784,0.018268035724759102,0.1808146834373474
375,-24.6305,-6.2027,-30.8332,-25.8984,-7.9219,2.0,0.0,0.8523778319358826,0.749146044254303,0.8654244542121887,0.754242479801178,0.7700892686843872,0.11769278347492218,0.5689521431922913,0.01877332106232643,0.1901041716337204
380,-24.1324,-6.7934,-30.9258,-26.1094,-7.3828,2.0,0.0,0.8192071914672852,0.7342677116394043,0.8287769556045532,0.71186763048172,0.7485119104385376,0.1206078976392746,0.5435323119163513,0.027013370767235756,0.20436878502368927
385,-24.4535,-5.8594,-30.3129,-26.0391,-7.5938,2.0,0.0,0.8566813468933105,0.7925431728363037,0.8421052694320679,0.7495210766792297,0.792782723903656,0.13234607875347137,0.5764925479888916,0.024370335042476654,0.16231343150138855
390,-25.0621,-5.1063,-30.1684,-27.6328,-4.4062,2.0,0.0,0.8861888647079468,0.8185933828353882,0.8697571754455566,0.8135778903961182,0.796875,0.12636038661003113,0.6095693111419678,0.017607275396585464,0.14198538661003113
395,-25.0066,-5.1246,-30.1313,-26.8984,-5.6875,2.0,0.0,0.8531056046485901,0.8278969526290894,0.8304431438446045,0.8046852946281433,0.8065476417541504,0.1251554787158966,0.6124844551086426,0.02017257548868656,0.13770988583564758
400,-25.143,-4.9539,-30.0969,-27.0234,-5.6953,2.0,0.0,0.85887610912323,0.8267369866371155,0.8320000171661377,0.8166058659553528,0.855654776096344,0.12173507362604141,0.6265547275543213,0.01943407952785492,0.12779851257801056
405,-24.9941,-5.2855,-30.2797,-27.1797,-5.3828,2.0,0.0,0.8355715870857239,0.8098269104957581,0.8526862859725952,0.8093563914299011,0.8255208134651184,0.11866448819637299,0.6106964945793152,0.022426927462220192,0.14373445510864258
410,-24.9145,-5.5668,-30.4813,-26.625,-6.4922,2.0,0.0,0.8284561038017273,0.7886273860931396,0.8269230723381042,0.7775049209594727,0.8563988208770752,0.115555040538311,0.5994636416435242,0.02223258651793003,0.15827114880084991
415,-24.5883,-5.9355,-30.5238,-26.6172,-6.2969,2.0,0.0,0.8025520443916321,0.7805477976799011,0.7900262475013733,0.7787693738937378,0.8061755895614624,0.11574938148260117,0.5846548676490784,0.029617536813020706,0.16550062596797943
420,-23.1602,-8.432,-31.5922,-25.3594,-8.7891,2.0,0.0,0.7476728558540344,0.6402784585952759,0.7367386817932129,0.6442943215370178,0.734375,0.11691541969776154,0.48017725348472595,0.03956778720021248,0.2588619291782379
425,-23.3012,-8.3797,-31.6809,-25.3594,-8.7422,2.0,0.0,0.7465486526489258,0.6692481637001038,0.7059980630874634,0.6305498480796814,0.6439732313156128,0.10980255156755447,0.48180970549583435,0.03952891752123833,0.2643812298774719
430,-22.1664,-10.1992,-32.3656,-24.5469,-10.3906,2.0,0.0,0.7133494019508362,0.5826779007911682,0.631619930267334,0.5302264094352722,0.5859375,0.11267879605293274,0.4101756811141968,0.049906715750694275,0.322761207818985
435,-22.1195,-10.784,-32.9035,-23.2578,-12.9219,2.0,0.0,0.7353050112724304,0.5498877763748169,0.6352313160896301,0.4687001705169678,0.5747767686843872,0.1051383689045906,0.38098570704460144,0.04368780925869942,0.3657104969024658
440,-21.5715,-10.8254,-32.3969,-24.2344,-10.8047,2.0,0.0,0.695364236831665,0.5602226853370667,0.6024691462516785,0.5069248676300049,0.5636160969734192,0.11738184094429016,0.3840174078941345,0.06296642124652863,0.33115673065185547
445,-22.1266,-10.4922,-32.6188,-24.0469,-11.2031,2.0,0.0,0.7209636569023132,0.5694264769554138,0.6215139627456665,0.4979313313961029,0.5851934552192688,0.10809235274791718,0.3910525441169739,0.04877953976392746,0.34759795665740967
450,-22.5797,-9.6715,-32.2512,-23.4688,-12.5234,2.0,0.0,0.7299578189849854,0.6018236875534058,0.6826503872871399,0.537841796875,0.6529017686843872,0.11054104566574097,0.42199161648750305,0.04458177834749222,0.31840795278549194
455,-23.2254,-8.6473,-31.8727,-25.0156,-9.5938,2.0,0.0,0.7423442602157593,0.6307272911071777,0.68568354845047,0.6249825358390808,0.7038690447807312,0.11042443662881851,0.47081002593040466,0.03610851988196373,0.278179407119751
460,-22.6293,-9.5008,-32.1301,-24.7656,-10.2109,2.0,0.0,0.7187827825546265,0.6125353574752808,0.6361233592033386,0.5690457820892334,0.6309523582458496,0.11112406849861145,0.4396766126155853,0.04411536082625389,0.3006063401699066
465,-22.1445,-10.4879,-32.6324,-24.7344,-10.2031,2.0,0.0,0.6607547402381897,0.5642973780632019,0.6177777647972107,0.5199583768844604,0.590029776096344,0.10300061851739883,0.4041122496128082,0.05247201398015022,0.3359375
470,-22.873,-9.0555,-31.9285,-25.3047,-8.875,2.0,0.0,0.674452543258667,0.6269868016242981,0.6771084070205688,0.6168145537376404,0.6655505895614624,0.10649875551462173,0.46462997794151306,0.04839085787534714,0.27600279450416565
475,-22.9699,-8.7891,-31.759,-26.25,-7.125,2.0,0.0,0.6703827381134033,0.6503524780273438,0.641523540019989,0.6432748436927795,0.6502976417541504,0.10459421575069427,0.4796719551086426,0.05204446613788605,0.2592117488384247
480,-23.8121,-7.3238,-31.1359,-25.9766,-7.7891,2.0,0.0,0.7505995035171509,0.7204442620277405,0.734229564666748,0.688917338848114,0.7369791865348816,0.11345615983009338,0.5319496393203735,0.037585511803627014,0.21253108978271484
485,-22.8863,-8.273,-31.1594,-26.3594,-6.8125,2.0,0.0,0.7016128897666931,0.687559187412262,0.6844660043716431,0.6931389570236206,0.6569940447807312,0.12049129605293274,0.49238184094429016,0.05604788661003113,0.22660136222839355
490,-23.4105,-7.766,-31.1766,-26.7734,-6.0078,2.0,0.0,0.7014201879501343,0.7090495824813843,0.6860643029212952,0.6880539059638977,0.718377947807312,0.11221237480640411,0.5132540464401245,0.050761815160512924,0.21929416060447693
495,-23.7859,-7.2625,-31.0484,-27.1016,-5.4922,2.0,0.0,0.721322774887085,0.7250290513038635,0.7134831547737122,0.7239750623703003,0.7291666865348816,0.11283426731824875,0.5354477763175964,0.04151119291782379,0.2057291716337204
500,-23.759,-7.1594,-30.9184,-26.9219,-5.8047,2.0,0.0,0.7533398270606995,0.7308926582336426,0.7315436005592346,0.703987717628479,0.7686011791229248,0.11928638070821762,0.5329601764678955,0.040539488196372986,0.20273631811141968
505,-23.0223,-8.3949,-31.4172,-26.4219,-6.7344,2.0,0.0,0.6507092118263245,0.6830618381500244,0.6570422649383545,0.6841400265693665,0.6469494104385376,0.10960821062326431,0.49863961338996887,0.05519278720021248,0.23208178579807281
510,-22.5039,-9.3484,-31.8523,-25.7109,-8.1328,2.0,0.0,0.6215124726295471,0.6449593901634216,0.6129629611968994,0.6140861511230469,0.609375,0.1058768630027771,0.45957711338996887,0.06296642124652863,0.2671020030975342
515,-22.5328,-9.4746,-32.0074,-25.4766,-8.4141,2.0,0.0,0.6620285511016846,0.6216263175010681,0.6114519238471985,0.593399167060852,0.640252947807312,0.10614894330501556,0.4450015425682068,0.057019591331481934,0.2873522937297821
520,-22.1406,-9.7316,-31.8723,-24.25,-10.5156,2.0,0.0,0.6543456315994263,0.6024667024612427,0.6276124119758606,0.5894896388053894,0.6860119104385376,0.11672107875347137,0.4348958432674408,0.061372824013233185,0.282532662153244
525,-22.4367,-9.5215,-31.9582,-25.125,-8.8594,2.0,0.0,0.6254681944847107,0.6310510039329529,0.6152920126914978,0.6057426929473877,0.6015625,0.10377798229455948,0.4456234574317932,0.06456001102924347,0.2815609574317932
530,-21.7488,-10.6816,-32.4305,-25.9531,-7.8125,2.0,0.0,0.5647749304771423,0.5586559772491455,0.5497967600822449,0.5681372284889221,0.5922619104385376,0.09930814802646637,0.40255752205848694,0.076492540538311,0.31716418266296387
535,-21.6629,-10.7387,-32.4016,-26.3359,-6.7891,2.0,0.0,0.517427384853363,0.5867010354995728,0.5028195381164551,0.5517112612724304,0.6041666865348816,0.0936722606420517,0.4068330228328705,0.08271144330501556,0.31230565905570984
540,-20.5215,-13.0789,-33.6004,-26.2344,-6.6641,2.0,0.0,0.4155276119709015,0.5044310688972473,0.38703563809394836,0.4167161285877228,0.4583333432674408,0.07108986377716064,0.3289412260055542,0.1025342047214508,0.39295709133148193
545,-20.3934,-13.2168,-33.6102,-25.4688,-8.2422,2.0,0.0,0.42909857630729675,0.5305376052856445,0.3391401171684265,0.39748096466064453,0.4527529776096344,0.0737328976392746,0.3188354969024658,0.10486629605293274,0.39808768033981323
550,-19.543,-14.5156,-34.0586,-25.3281,-8.3828,2.0,0.0,0.36309167742729187,0.49013763666152954,0.3159862756729126,0.33693206310272217,0.3939732015132904,0.06487096101045609,0.27390390634536743,0.12472791969776154,0.43201959133148193
555,-18.7156,-15.8762,-34.5918,-25.0781,-8.3906,2.0,0.0066,0.33980581164360046,0.4804955720901489,0.22850318253040314,0.26580268144607544,0.3337053656578064,0.05204446613788605,0.23215951025485992,0.14645522832870483,0.4648631811141968
560,-18.9301,-15.7414,-34.6715,-26.6484,-5.3203,2.0,0.0605,0.3390313386917114,0.5476834774017334,0.18452692031860352,0.24351851642131805,0.339657723903656,0.04092817008495331,0.2441309094429016,0.14870958030223846,0.4617537260055542
565,-19.3148,-14.3648,-33.6797,-26.9766,-4.9219,2.0,0.1065,0.43499648571014404,0.652484118938446,0.20465591549873352,0.278227835893631,0.4088541567325592,0.05530938878655434,0.2996346354484558,0.1519356369972229,0.38864272832870483
570,-20.4098,-12.4082,-32.818,-26.7344,-5.125,2.0,0.101,0.4895615875720978,0.6639509201049805,0.2981806993484497,0.3896797299385071,0.472470223903656,0.07447139173746109,0.3673429787158966,0.1260494440793991,0.32765859365463257
575,-19.5828,-14.4793,-34.0621,-27.4688,-4.0547,2.0,0.0844,0.343319833278656,0.5684196352958679,0.2226775884628296,0.31719517707824707,0.3776041567325592,0.048002175986766815,0.29341572523117065,0.1422574669122696,0.4118470251560211
580,-18.048,-17.5488,-35.5969,-25.875,-7.2656,2.0,0.1385,0.19060774147510529,0.41764575242996216,0.14323800802230835,0.197382852435112,0.247023805975914,0.02814054675400257,0.17533425986766815,0.16037002205848694,0.5316775441169739
585,-17.8922,-17.3309,-35.223,-26.5781,-5.3906,2.0,0.2363,0.27955666184425354,0.5441783666610718,0.13373656570911407,0.18513931334018707,0.234375,0.03156094625592232,0.18827736377716064,0.1735074669122696,0.5021766424179077
590,-16.7934,-19.0422,-35.8355,-23.5859,-11.1641,2.0,0.3619,0.19022317230701447,0.30918195843696594,0.1680240035057068,0.1457958221435547,0.1878720223903656,0.03657493740320206,0.11641013622283936,0.18135882914066315,0.5611785054206848
595,-16.5469,-20.1023,-36.6492,-20.1953,-18.6484,2.0,0.4823,0.14346590638160706,0.10181617736816406,0.15010006725788116,0.09280988574028015,0.1681547611951828,0.027363184839487076,0.07062344253063202,0.17479011416435242,0.6227456331253052
600,-18.4867,-16.8941,-35.3809,-27.3984,-4.4297,2.0,0.6058,0.256296306848526,0.6002293229103088,0.1128913015127182,0.1705544888973236,0.2671130895614624,0.02623600699007511,0.20339708030223846,0.15768812596797943,0.5082011818885803
605,-19.2098,-14.7848,-33.9945,-26.7266,-5.1406,2.0,0.6598,0.3994889259338379,0.6329165101051331,0.16141048073768616,0.2774466574192047,0.3686755895614624,0.04563121870160103,0.2890625,0.15652208030223846,0.4043065905570984
610,-19.309,-14.8547,-34.1637,-26.9062,-5.0156,2.0,0.6687,0.3299899697303772,0.579542338848114,0.16372795403003693,0.30127668380737305,0.3839285671710968,0.03875155374407768,0.28537002205848694,0.1543065905570984,0.41709423065185547
615,-18.8941,-15.3879,-34.282,-26.4219,-5.8906,2.0,0.687,0.30388692021369934,0.5165807008743286,0.19010479748249054,0.31043556332588196,0.332217276096344,0.043998755514621735,0.26372045278549194,0.15947605669498444,0.42832711338996887
620,-18.327,-16.7086,-35.0355,-25.9219,-6.8438,2.0,0.7132,0.2770199477672577,0.4103371500968933,0.16525320708751678,0.260468065738678,0.275297611951828,0.037041354924440384,0.2098103165626526,0.1604088991880417,0.4882618188858032
625,-17.7109,-17.2832,-34.9941,-24.8281,-9.1484,2.0,0.7835,0.19057171046733856,0.3580631613731384,0.16385911405086517,0.2567140460014343,0.2998511791229248,0.03875155374407768,0.18703357875347137,0.17766635119915009,0.49207088351249695
630,-17.1051,-17.3734,-34.4785,-24.1016,-9.9688,2.0,0.8425,0.28117358684539795,0.4075877368450165,0.16901953518390656,0.26509007811546326,0.2782738208770752,0.0476912297308445,0.19158115983009338,0.20098724961280823,0.4552627503871918
635,-18.8262,-15.7336,-34.5598,-25.2891,-8.3672,2.0,0.9009,0.31943127512931824,0.4531078636646271,0.1819313019514084,0.30941277742385864,0.322172611951828,0.04100590944290161,0.24825093150138855,0.1561722606420517,0.45009326934814453
640,-20.4234,-12.7992,-33.2227,-26.2188,-6.7422,2.0,0.9224,0.42581889033317566,0.567496120929718,0.29045894742012024,0.44812411069869995,0.4479166567325592,0.060517724603414536,0.35300061106681824,0.12873134016990662,0.3532727062702179
645,-20.1996,-13.609,-33.8086,-26.1016,-7.1406,2.0,0.8808,0.32523229718208313,0.4979099929332733,0.2844583988189697,0.4156171381473541,0.4330357015132904,0.05437655374407768,0.3161536157131195,0.12379508465528488,0.4011971354484558
650,-19.5367,-14.8188,-34.3555,-26.0391,-6.8438,2.0,0.9006,0.3136320412158966,0.49772632122039795,0.20005503296852112,0.3309909999370575,0.380952388048172,0.0407726988196373,0.2820662260055542,0.14124688506126404,0.43143656849861145
655,-19.1953,-14.6766,-33.8719,-25.5234,-8.1328,2.0,0.9247,0.32341268658638,0.47168517112731934,0.26082366704940796,0.37206852436065674,0.4077380895614624,0.058768656104803085,0.2834654748439789,0.14723259210586548,0.40605565905570984
660,-19.7863,-14.0055,-33.7918,-25.1484,-9.1172,2.0,0.9376,0.32339298725128174,0.4790685772895813,0.27848100662231445,0.4090510904788971,0.423735111951828,0.05865205079317093,0.30546486377716064,0.13203513622283936,0.39937034249305725
665,-19.3711,-14.5207,-33.8918,-24.7969,-9.7969,2.0,0.937,0.28936171531677246,0.4660959243774414,0.2794549763202667,0.39095744490623474,0.3779761791229248,0.054804105311632156,0.28603076934814453,0.14548352360725403,0.40920397639274597
670,-18.8148,-15.4621,-34.277,-23.6875,-11.8047,2.0,0.957,0.2775086462497711,0.36028391122817993,0.24707716703414917,0.3707057237625122,0.3798363208770752,0.056164488196372986,0.25190454721450806,0.14960354566574097,0.43784981966018677
675,-18.6531,-16.9164,-35.5695,-22.4609,-14.4688,2.0,1.0507,0.24658869206905365,0.2644852101802826,0.22000586986541748,0.2612442970275879,0.2459077388048172,0.0398787297308445,0.18648943305015564,0.13250155746936798,0.536652684211731
680,-17.1469,-18.8883,-36.0352,-21.0391,-17.0312,2.0,1.16,0.14567901194095612,0.17766165733337402,0.15093070268630981,0.17900605499744415,0.1830357164144516,0.03148321062326431,0.11901430040597916,0.17331312596797943,0.5717117786407471
685,-17.709,-17.8766,-35.5855,-21.7969,-15.5391,2.0,1.2671,0.2080136388540268,0.22840937972068787,0.21228770911693573,0.21546052396297455,0.265625,0.04559234902262688,0.15076959133148193,0.15562811493873596,0.5435323119163513
690,-16.825,-19.1395,-35.9645,-21.3984,-16.1953,2.0,1.3724,0.11292346566915512,0.12956809997558594,0.1468590795993805,0.17898216843605042,0.1990327388048172,0.030977923423051834,0.11699315905570984,0.18314675986766815,0.5644045472145081
695,-17.168,-19.3734,-36.5414,-21.2812,-16.5234,2.0,1.5108,0.12404287606477737,0.11685667932033539,0.12985146045684814,0.14482451975345612,0.1569940447807312,0.025380907580256462,0.0954601988196373,0.16223569214344025,0.612445592880249
700,-16.6152,-20.0512,-36.6664,-20.4219,-18.0312,2.0,1.6656,0.06497623026371002,0.0838509351015091,0.12344305962324142,0.11494900286197662,0.1242559552192688,0.024525808170437813,0.07509328424930573,0.17475123703479767,0.6211520433425903
705,-17.807,-17.8234,-35.6305,-20.5938,-17.8516,2.0,1.784,0.2540322542190552,0.23486045002937317,0.22609613835811615,0.2056133896112442,0.2708333432674408,0.048196516931056976,0.1476212739944458,0.14715485274791718,0.5525497794151306
710,-17.1098,-18.0367,-35.1465,-21.0156,-16.6328,2.0,1.8745,0.26684820652008057,0.23965874314308167,0.2511180639266968,0.21502532064914703,0.2447916716337204,0.05709732696413994,0.15034204721450806,0.1738184094429016,0.5142646431922913
715,-17.5867,-17.848,-35.4348,-21.3281,-16.1016,2.0,1.969,0.2012578547000885,0.18569603562355042,0.237077534198761,0.23407332599163055,0.2552083432674408,0.04944029822945595,0.15216884016990662,0.1564054787158966,0.5375077724456787
720,-17.6676,-18.2383,-35.9059,-21.6016,-15.8594,2.0,2.0,0.19792865216732025,0.20915216207504272,0.16457872092723846,0.19830788671970367,0.2436755895614624,0.033776428550481796,0.13844838738441467,0.15823227167129517,0.565065324306488
725,-17.4543,-18.2113,-35.6656,-22.3203,-14.3984,2.0,2.0,0.23591212928295135,0.1967523694038391,0.19678334891796112,0.2123667448759079,0.207961305975914,0.040694963186979294,0.14361785352230072,0.16433458030223846,0.546875
730,-17.941,-18.0547,-35.9957,-22.5547,-14.2578,2.0,2.0,0.19614148139953613,0.2181568145751953,0.20176848769187927,0.19972862303256989,0.1979166716337204,0.03626399114727974,0.1412857621908188,0.14505596458911896,0.5729166865348816
735,-17.2211,-18.5066,-35.7277,-21.6406,-15.6875,2.0,2.0,0.21410579979419708,0.180229052901268,0.21408317983150482,0.19120217859745026,0.2064732164144516,0.04629197716712952,0.12896455824375153,0.16449004411697388,0.5557758212089539
740,-17.6047,-17.5402,-35.1449,-20.7891,-17.1328,2.0,2.0,0.33852869272232056,0.24673038721084595,0.2805810272693634,0.23175236582756042,0.2261904776096344,0.06234452873468399,0.1545397937297821,0.15251865983009338,0.5261194109916687
745,-19.1172,-15.6719,-34.7891,-22.4062,-14.4844,2.0,2.0,0.4316396117210388,0.32377275824546814,0.3754954934120178,0.2810249924659729,0.3761160671710968,0.07419931888580322,0.21140392124652863,0.10785914212465286,0.5020599961280823
750,-19.8805,-14.0668,-33.9473,-21.0,-17.1562,2.0,2.0,0.5446280837059021,0.4213235378265381,0.4881209433078766,0.3418513834476471,0.4129464328289032,0.09406094253063202,0.2643034756183624,0.08997979015111923,0.4471781849861145
755,-18.9133,-15.7363,-34.6496,-22.0234,-15.3203,2.0,2.0,0.42864423990249634,0.33400511741638184,0.40422677993774414,0.28467440605163574,0.3218005895614624,0.07625932991504669,0.21214240789413452,0.11586598306894302,0.49125465750694275
760,-20.0555,-13.6395,-33.6949,-21.2656,-16.9297,2.0,2.0,0.5588120222091675,0.4362928867340088,0.5130161643028259,0.3676736652851105,0.4308035671710968,0.09946361929178238,0.27973413467407227,0.08659826219081879,0.42972636222839355
765,-19.8246,-14.1398,-33.9645,-21.1719,-16.7891,2.0,2.0,0.559019148349762,0.4564271867275238,0.4985200762748718,0.31322187185287476,0.4010416567325592,0.09351678937673569,0.2591340243816376,0.09192319959402084,0.4509483873844147
770,-20.15,-13.877,-34.027,-21.8516,-15.5469,2.0,2.0,0.5309653878211975,0.3869955837726593,0.4947916567325592,0.37364450097084045,0.417782723903656,0.08535447716712952,0.27258241176605225,0.08955223858356476,0.44803327322006226
775,-20.0195,-13.8203,-33.8398,-21.5391,-16.1953,2.0,2.0,0.5545302033424377,0.43209877610206604,0.4775668680667877,0.3531130850315094,0.4453125,0.09266169369220734,0.27390390634536743,0.09009639173746109,0.43886038661003113
780,-21.1508,-11.7453,-32.8961,-23.1094,-13.2422,2.0,1.9743,0.615723729133606,0.5022639632225037,0.5944017767906189,0.48628324270248413,0.4970238208770752,0.1057991310954094,0.3519511818885803,0.07081778347492218,0.3669542968273163
785,-20.8559,-12.143,-32.9988,-22.9922,-13.4297,2.0,1.9196,0.5660085082054138,0.5011268854141235,0.5630885362625122,0.4647425711154938,0.4858630895614624,0.10039645433425903,0.34491604566574097,0.08255597203969955,0.36765390634536743
790,-21.266,-11.6285,-32.8945,-22.5703,-14.3906,2.0,1.8543,0.6209268569946289,0.5136457681655884,0.5961981415748596,0.4705190062522888,0.5446428656578064,0.10735385864973068,0.35747045278549194,0.06747512519359589,0.36322295665740967
795,-22.4328,-9.4039,-31.8367,-22.2422,-14.9297,2.0,1.7722,0.7097293734550476,0.6392163634300232,0.6952822804450989,0.5569138526916504,0.640997052192688,0.12064676731824875,0.4384717047214508,0.050256531685590744,0.2861473858356476
800,-23.0508,-8.7223,-31.773,-23.0312,-13.6797,2.0,1.6386,0.7611539959907532,0.674335241317749,0.7175648808479309,0.547733724117279,0.6796875,0.11586598306894302,0.466301292181015,0.038945894688367844,0.2744092047214508
805,-23.6648,-7.4871,-31.152,-22.7969,-14.0312,2.0,1.4655,0.8026600480079651,0.7327842712402344,0.8274967670440674,0.5855140686035156,0.7611607313156128,0.1256607621908188,0.5096781849861145,0.029967350885272026,0.2302161008119583
810,-24.0855,-6.7406,-30.8262,-23.6016,-12.5156,2.0,1.2815,0.823854923248291,0.7684218287467957,0.8041542768478394,0.6440116763114929,0.7444196343421936,0.12643812596797943,0.54329913854599,0.02619713917374611,0.19958800077438354
815,-23.0746,-8.7402,-31.8148,-22.3438,-14.9844,2.0,1.1246,0.7775229215621948,0.6875629425048828,0.7403188943862915,0.5065332055091858,0.6923363208770752,0.11862561851739883,0.4631529748439789,0.034126244485378265,0.2796175479888916
820,-24.0164,-7.0969,-31.1133,-22.7188,-14.2109,2.0,0.9702,0.8413507342338562,0.7643745541572571,0.8280254602432251,0.56219881772995,0.7299107313156128,0.12200715392827988,0.5313277244567871,0.024409204721450806,0.2177782952785492
825,-24.2488,-6.4727,-30.7215,-22.3984,-14.9922,2.0,0.7837,0.8555924296379089,0.7935196757316589,0.8265682458877563,0.5914257168769836,0.7797619104385376,0.12892568111419678,0.550606369972229,0.021066542714834213,0.19492381811141968
830,-24.0117,-7.2867,-31.2984,-22.1953,-15.3281,2.0,0.5986,0.896971583366394,0.7790477871894836,0.811274528503418,0.46108072996139526,0.7585565447807312,0.12449471652507782,0.5134872794151306,0.015858208760619164,0.24168221652507782
835,-22.3504,-10.2051,-32.5555,-20.7188,-17.7422,2.0,0.4827,0.8639774918556213,0.72841477394104,0.5574866533279419,0.3003089129924774,0.6067708134651184,0.12430037558078766,0.38984763622283936,0.029073383659124374,0.3523010015487671
840,-21.6461,-11.2973,-32.9434,-21.1797,-17.0312,2.0,0.408,0.8348339200019836,0.6662184596061707,0.581993579864502,0.29334405064582825,0.5491071343421936,0.12519434094429016,0.34689831733703613,0.03626399114727974,0.38716572523117065
845,-21.2324,-12.4434,-33.6758,-20.7031,-17.8672,2.0,0.3514,0.7699429988861084,0.5820112228393555,0.567889928817749,0.28203287720680237,0.5178571343421936,0.10914178937673569,0.31113961338996887,0.04236629232764244,0.4328746795654297
850,-22.4566,-9.7734,-32.2301,-22.0,-15.4141,2.0,0.2689,0.834140419960022,0.6501132845878601,0.6941176652908325,0.43358394503593445,0.624627947807312,0.1284203976392746,0.4116915464401245,0.029734142124652863,0.325676292181015
855,-23.0203,-9.0293,-32.0496,-21.8359,-15.7188,2.0,0.1382,0.8463265895843506,0.6744409799575806,0.7518463730812073,0.47948190569877625,0.6201636791229248,0.12115205079317093,0.44496268033981323,0.026313744485378265,0.30309391021728516
860,-22.3609,-10.1078,-32.4688,-21.5391,-16.5234,2.0,0.0209,0.8351964354515076,0.644868016242981,0.6429391503334045,0.41371479630470276,0.5877976417541504,0.12169620394706726,0.3976212739944458,0.0338541679084301,0.3423507511615753
865,-21.5867,-10.8898,-32.4766,-22.1016,-15.4688,2.0,0.0,0.7964816689491272,0.6089892387390137,0.5976095795631409,0.40843507647514343,0.5558035969734192,0.12814831733703613,0.3683924078941345,0.04877953976392746,0.35020211338996887
870,-22.802,-9.2867,-32.0887,-23.2578,-13.0625,2.0,0.0,0.8097204566001892,0.6531487107276917,0.7407407164573669,0.4867323637008667,0.6428571343421936,0.12235696613788605,0.4351290464401245,0.030433768406510353,0.3076026141643524
875,-21.9516,-10.9066,-32.8582,-22.7422,-14.0703,2.0,0.0,0.7652204632759094,0.5838502645492554,0.6186291575431824,0.4239223301410675,0.547247052192688,0.1110851988196373,0.37593284249305725,0.04423196613788605,0.3642723858356476
880,-21.0465,-12.2551,-33.3016,-21.375,-16.7812,2.0,0.0,0.6625468134880066,0.5125871896743774,0.5797545909881592,0.40247106552124023,0.470610111951828,0.10377798229455948,0.3288635015487671,0.06335510313510895,0.39952582120895386
885,-19.943,-13.5633,-33.5062,-21.875,-15.4297,2.0,0.0,0.5317091941833496,0.43518519401550293,0.5012510418891907,0.3846580386161804,0.4739583432674408,0.10051306337118149,0.28125,0.09320584684610367,0.4205534756183624
890,-20.0426,-13.2281,-33.2707,-22.5312,-13.9062,2.0,0.0,0.5638766288757324,0.4390147924423218,0.4900166392326355,0.42873820662498474,0.4378720223903656,0.1058768630027771,0.29668065905570984,0.09343905746936798,0.39952582120895386
895,-20.9262,-12.2496,-33.1758,-23.0469,-13.3906,2.0,0.0,0.5826364159584045,0.48901546001434326,0.5107125043869019,0.456094354391098,0.5007440447807312,0.09759794920682907,0.3343827724456787,0.07800839841365814,0.38553327322006226
900,-21.7797,-10.8813,-32.6609,-24.1641,-11.0625,2.0,0.0,0.6069386005401611,0.5319610238075256,0.6040024161338806,0.5406848788261414,0.5673363208770752,0.10195118188858032,0.3946284055709839,0.06409359723329544,0.33484917879104614
905,-18.6699,-15.3406,-34.0105,-22.8359,-13.0391,2.0,0.0,0.35758736729621887,0.33875739574432373,0.3718421757221222,0.3617771565914154,0.3694196343421936,0.08119558542966843,0.23647387325763702,0.13693252205848694,0.4409204125404358
910,-20.1516,-13.9629,-34.1145,-23.4844,-12.5391,2.0,0.0,0.43833333253860474,0.39173710346221924,0.38346153497695923,0.39253494143486023,0.4482886791229248,0.06996268779039383,0.2850590944290161,0.10105721652507782,0.4394434094429016
915,-20.0215,-13.7625,-33.784,-24.1172,-11.0859,2.0,0.0,0.41479936242103577,0.4139094352722168,0.38475051522254944,0.4388720691204071,0.3854166567325592,0.07458800077438354,0.2995569109916687,0.11061877757310867,0.41075870394706726
920,-18.5715,-16.4105,-34.982,-22.3047,-14.6406,2.0,0.043,0.3172268867492676,0.2688480615615845,0.2990280091762543,0.2931409180164337,0.2942708432674408,0.0555037297308445,0.203125,0.13596081733703613,0.5009328126907349
925,-18.4066,-16.5527,-34.9594,-22.1172,-15.2734,2.0,0.1072,0.30133146047592163,0.2869972586631775,0.28516799211502075,0.28316447138786316,0.2953869104385376,0.055464863777160645,0.19908271729946136,0.14229632914066315,0.4986784756183624
930,-18.3742,-15.9684,-34.3426,-23.2344,-12.7812,2.0,0.1532,0.3076923191547394,0.3208167552947998,0.30015674233436584,0.3356117606163025,0.3470982015132904,0.06720304489135742,0.2246190905570984,0.14878731966018677,0.454912930727005
935,-18.7574,-15.4363,-34.1937,-22.8125,-13.6484,2.0,0.1967,0.33131203055381775,0.3378532826900482,0.33991655707359314,0.3636837601661682,0.3348214328289032,0.07050684094429016,0.23791199922561646,0.1397310346364975,0.44737252593040466
940,-18.568,-16.0848,-34.6527,-23.5938,-12.2031,2.0,0.2419,0.2538678050041199,0.3263583481311798,0.2737371027469635,0.313497930765152,0.361235111951828,0.05527052283287048,0.22104321420192719,0.14696051180362701,0.4722481369972229
945,-19.6668,-14.173,-33.8398,-24.2188,-10.7422,2.0,0.269,0.3818082809448242,0.4221261739730835,0.3493128716945648,0.3936469256877899,0.4601934552192688,0.07136193662881851,0.2877409756183624,0.12161847203969955,0.4148010015487671
950,-19.1094,-14.8637,-33.973,-23.7031,-11.6094,2.0,0.2882,0.332245796918869,0.3881155550479889,0.3194202780723572,0.37922313809394836,0.427827388048172,0.07147854566574097,0.2596781849861145,0.13409514725208282,0.4302705228328705
955,-18.6293,-16.2188,-34.848,-23.4922,-12.3594,2.0,0.3247,0.2920289933681488,0.29395604133605957,0.28224918246269226,0.31434935331344604,0.285342276096344,0.05363805964589119,0.21222014725208282,0.14101368188858032,0.48865050077438354
960,-17.4371,-16.973,-34.4102,-21.7031,-15.1406,2.0,0.3713,0.30103209614753723,0.28371134400367737,0.2739757001399994,0.2955681383609772,0.3031994104385376,0.0677860677242279,0.18851056694984436,0.17265236377716064,0.4665733873844147
965,-17.7449,-17.7906,-35.5355,-22.0078,-14.5781,2.0,0.465,0.23222322762012482,0.2080853134393692,0.22238695621490479,0.22382672131061554,0.2700892984867096,0.04318252578377724,0.15671642124652863,0.1572994440793991,0.5383239984512329
970,-17.3777,-18.8191,-36.1969,-21.2734,-16.3047,2.0,0.59,0.16645489633083344,0.17762048542499542,0.1540718972682953,0.1656906008720398,0.213913694024086,0.030589241534471512,0.11532182991504669,0.1589318960905075,0.590679407119751
975,-17.2121,-19.1598,-36.3719,-21.2734,-16.7969,2.0,0.7117,0.13797634840011597,0.12481481581926346,0.16161616146564484,0.1497308909893036,0.1927083283662796,0.029578668996691704,0.10494402796030045,0.1616138070821762,0.5993858575820923
980,-17.2859,-18.6699,-35.9559,-21.8984,-15.1719,2.0,0.8336,0.17790697515010834,0.189911887049675,0.14979195594787598,0.18512669205665588,0.2202380895614624,0.033426616340875626,0.12791511416435242,0.16814365983009338,0.5660369992256165
985,-17.2559,-19.1742,-36.4301,-21.8281,-15.7109,2.0,0.9586,0.10785824060440063,0.1429089605808258,0.15095694363117218,0.1462404578924179,0.1949404776096344,0.025225434452295303,0.10715951770544052,0.16246891021728516,0.6006685495376587
990,-17.1605,-18.7637,-35.9242,-22.1016,-14.7656,2.0,1.0906,0.18463611602783203,0.20333333313465118,0.1360229253768921,0.18420688807964325,0.212797611951828,0.02884017489850521,0.128264918923378,0.17630596458911896,0.5621113181114197
995,-17.6187,-17.1535,-34.7723,-22.4922,-13.9609,2.0,1.1874,0.25147491693496704,0.27626699209213257,0.22274774312973022,0.28103309869766235,0.3218005895614624,0.052705224603414536,0.18866604566574097,0.17257462441921234,0.48157650232315063
1000,-18.3664,-16.4012,-34.7676,-22.4453,-14.0312,2.0,1.2297,0.24566088616847992,0.3215554356575012,0.2601476013660431,0.2930881381034851,0.355282723903656,0.058224502950906754,0.20790578424930573,0.1474657952785492,0.481926292181015
1005,-18.8488,-15.6355,-34.4844,-23.4297,-12.1094,2.0,1.293,0.27379310131073,0.351675420999527,0.27093595266342163,0.3423362672328949,0.3627232015132904,0.05635882914066315,0.23662935197353363,0.14202424883842468,0.4605099558830261
1010,-18.827,-15.2902,-34.1172,-23.5938,-11.5,2.0,1.3334,0.29404309391975403,0.40253588557243347,0.29314419627189636,0.361958771944046,0.3463541567325592,0.06133395433425903,0.25443097949028015,0.14797107875347137,0.4317863881587982
1015,-21.2676,-11.1449,-32.4125,-25.6172,-8.2031,2.0,1.3072,0.46718305349349976,0.5752730369567871,0.4780610203742981,0.5587049722671509,0.570684552192688,0.09534359723329544,0.39863184094429016,0.09301150590181351,0.30853545665740967
1020,-21.3434,-10.875,-32.2184,-26.1641,-6.9688,2.0,1.2083,0.500203013420105,0.5901514887809753,0.48152610659599304,0.58296799659729,0.5595238208770752,0.09573227912187576,0.41044774651527405,0.09678171575069427,0.2925606369972229
1025,-21.1508,-11.4336,-32.5844,-25.3594,-8.5078,2.0,1.1209,0.4964507520198822,0.571771502494812,0.4390912652015686,0.5275619029998779,0.5450148582458496,0.08760882914066315,0.38856497406959534,0.09923040866851807,0.32011815905570984
1030,-19.4109,-13.9688,-33.3797,-24.8047,-9.6172,2.0,1.0937,0.35845500230789185,0.44876885414123535,0.36084625124931335,0.4467872381210327,0.4058779776096344,0.0825171023607254,0.2936100661754608,0.1304415464401245,0.38895365595817566
1035,-18.2934,-15.8781,-34.1715,-22.7812,-13.1016,2.0,1.1278,0.2855450212955475,0.3784651756286621,0.2991913855075836,0.33703213930130005,0.316220223903656,0.06560945510864258,0.22994403541088104,0.1586209535598755,0.44134795665740967
1040,-17.775,-17.1785,-34.9535,-23.0938,-12.7578,2.0,1.2005,0.23096026480197906,0.3146251440048218,0.19796720147132874,0.2658267915248871,0.3031994104385376,0.046952735632658005,0.18975435197353363,0.16826026141643524,0.4905550479888916
1045,-19.1332,-15.5813,-34.7145,-24.625,-10.0469,2.0,1.2679,0.24577860534191132,0.3882853090763092,0.2196056991815567,0.33221954107284546,0.3355654776096344,0.04143345728516579,0.24685168266296387,0.14194652438163757,0.46529072523117065
1050,-20.543,-11.5043,-32.0473,-27.2656,-4.4844,2.0,1.242,0.5084189176559448,0.6533648371696472,0.37196260690689087,0.5069003701210022,0.53125,0.0946439653635025,0.39447295665740967,0.12476678937673569,0.2816386818885803
1055,-19.3086,-14.9434,-34.252,-24.8359,-9.5781,2.0,1.232,0.2943262457847595,0.44965454936027527,0.28952598571777344,0.3400566279888153,0.3757440447807312,0.054804105311632156,0.2644200921058655,0.13693252205848694,0.4393656849861145
1060,-19.3508,-13.8219,-33.1727,-25.5859,-7.9375,2.0,1.2493,0.3737218677997589,0.5444471836090088,0.3164956569671631,0.39001187682151794,0.4877232015132904,0.07602611929178238,0.3121890425682068,0.14773787558078766,0.35956934094429016
1065,-18.4184,-16.5703,-34.9887,-23.5234,-12.1094,2.0,1.2864,0.22992391884326935,0.35735568404197693,0.2250322550535202,0.27275609970092773,0.3080357015132904,0.0459810309112072,0.20872201025485992,0.15061411261558533,0.49020522832870483
1070,-16.9527,-19.5402,-36.493,-21.2031,-16.6328,2.0,1.4139,0.11627907305955887,0.1954304426908493,0.13069841265678406,0.12383642792701721,0.1703869104385376,0.0217273011803627,0.09526585787534714,0.17307990789413452,0.6054493188858032
1075,-16.2277,-20.9809,-37.2086,-20.3125,-18.8594,2.0,1.586,0.05673758685588837,0.06221821531653404,0.06148320436477661,0.0585244745016098,0.114211305975914,0.010960821062326431,0.04310479015111923,0.18396300077438354,0.6574937701225281
1080,-15.5813,-21.443,-37.0242,-19.8438,-19.2344,2.0,1.7548,0.05090909078717232,0.056008145213127136,0.05774962902069092,0.04532440006732941,0.1164434552192688,0.01068874355405569,0.0381685309112072,0.20864428579807281,0.6380208134651184
1085,-15.2816,-21.8195,-37.1012,-19.4141,-19.8359,2.0,1.9382,0.04878048598766327,0.07248764485120773,0.038731761276721954,0.03339929133653641,0.082961305975914,0.007967972196638584,0.02359297312796116,0.21575714647769928,0.6482042670249939
1090,-16.066,-21.5281,-37.5941,-19.7656,-19.4609,2.0,2.0,0.0,0.0019267823081463575,0.03664477914571762,0.025311438366770744,0.095238097012043,0.005441542249172926,0.02017257548868656,0.18349657952785492,0.6864116787910461
1095,-15.7207,-21.6867,-37.4074,-19.5781,-19.8359,2.0,2.0,0.04597701132297516,0.03724394738674164,0.034775737673044205,0.02785499207675457,0.0803571417927742,0.00676305964589119,0.020872201770544052,0.19671174883842468,0.6711753606796265
1100,-15.6055,-21.234,-36.8395,-19.6484,-19.6016,2.0,2.0,0.061181433498859406,0.08919722586870193,0.0763588473200798,0.05406403914093971,0.1372767835855484,0.01842350699007511,0.03921797126531601,0.20666199922561646,0.6312189102172852
1105,-16.1543,-21.0949,-37.2492,-19.8281,-19.5234,2.0,2.0,0.07017543911933899,0.06332138925790787,0.07944915443658829,0.048013534396886826,0.0989583358168602,0.013292910531163216,0.03253265097737312,0.18345771729946136,0.6662391424179077
1110,-16.6691,-20.4238,-37.093,-20.2578,-19.1328,2.0,2.0,0.08039215952157974,0.09908536821603775,0.134112149477005,0.06582831591367722,0.1439732164144516,0.01982276141643524,0.05099502578377724,0.16635571420192719,0.6583488583564758
1115,-16.2633,-20.373,-36.6363,-19.9609,-19.1172,2.0,2.0,0.1074964627623558,0.10585305094718933,0.14620253443717957,0.07975229620933533,0.1733630895614624,0.027479788288474083,0.062422264367341995,0.184235081076622,0.6213852763175964
1120,-16.4418,-19.5215,-35.9633,-19.9609,-18.5078,2.0,2.0,0.1965029090642929,0.19888794422149658,0.2011319100856781,0.12155362963676453,0.2023809552192688,0.04668065905570984,0.09087375551462173,0.1785603165626526,0.5794076323509216
1125,-16.3727,-19.8578,-36.2305,-19.9062,-19.2734,2.0,2.0,0.16015252470970154,0.17705242335796356,0.19892357289791107,0.09990864247083664,0.1804315447807312,0.0407726988196373,0.07859142124652863,0.18054260313510895,0.5956156849861145
1130,-16.8055,-19.3473,-36.1527,-19.9922,-19.0312,2.0,2.0,0.17883211374282837,0.21002086997032166,0.21263158321380615,0.11418095976114273,0.2291666716337204,0.042599502950906754,0.09308923780918121,0.16616137325763702,0.5936722755432129
1135,-17.1625,-19.0633,-36.2258,-19.9453,-18.7266,2.0,2.0,0.1835206001996994,0.1770390421152115,0.22013051807880402,0.13421206176280975,0.2046130895614624,0.04151119291782379,0.10055192559957504,0.15485075116157532,0.5986084938049316
1140,-16.527,-19.7309,-36.2578,-19.7656,-19.3906,2.0,2.0,0.16098080575466156,0.17668825387954712,0.17639344930648804,0.11448096483945847,0.1681547611951828,0.0364583320915699,0.08403296023607254,0.1778218299150467,0.5972092747688293
1145,-16.0316,-20.3605,-36.3922,-19.8047,-19.1484,2.0,2.0,0.12309496104717255,0.1484794318675995,0.161685049533844,0.08573269098997116,0.1517857164144516,0.03315453976392746,0.0651819035410881,0.1937577724456787,0.6034281849861145
1150,-16.0543,-20.6527,-36.707,-19.5781,-19.6484,2.0,2.0,0.08370702713727951,0.1101813092827797,0.1288267970085144,0.07237087935209274,0.1402529776096344,0.026002798229455948,0.05573694035410881,0.18917132914066315,0.6246113181114197
1155,-16.3539,-20.5281,-36.882,-19.8984,-19.5,2.0,2.0,0.13322368264198303,0.1316363662481308,0.12560175359249115,0.06829623132944107,0.1398809552192688,0.02363184094429016,0.05344371870160103,0.17762748897075653,0.6408193111419678
1160,-16.2609,-20.7176,-36.9785,-20.0234,-19.1094,2.0,2.0,0.10535405576229095,0.10140148550271988,0.10760587453842163,0.06474127620458603,0.125,0.022504664957523346,0.047147076576948166,0.17988184094429016,0.6459888219833374
1165,-16.3383,-20.5125,-36.8508,-19.8594,-19.6016,2.0,2.0,0.17883755266666412,0.16424418985843658,0.13100244104862213,0.06549714505672455,0.1343005895614624,0.026080535724759102,0.05348258838057518,0.17564521729946136,0.6403140425682068
1170,-15.9746,-20.852,-36.8266,-19.6719,-19.4609,2.0,2.0,0.1459016352891922,0.11951848864555359,0.11099795997142792,0.055633675307035446,0.1584821492433548,0.023709576576948166,0.04520367085933685,0.1908426582813263,0.6357665061950684
1175,-15.9328,-20.5523,-36.4852,-19.8828,-18.9453,2.0,2.0,0.19087137281894684,0.14968152344226837,0.13535912334918976,0.07564257830381393,0.1529017835855484,0.02810167893767357,0.061023011803627014,0.19698382914066315,0.6094138622283936
1180,-16.7262,-20.1,-36.8262,-19.6016,-19.7188,2.0,2.0,0.1627907007932663,0.19230769574642181,0.15639923512935638,0.07609488815069199,0.150297611951828,0.030083954334259033,0.06366604566574097,0.16277985274791718,0.6389925479888916
1185,-15.9563,-20.9918,-36.948,-19.2734,-20.0938,2.0,2.0,0.14973261952400208,0.1078244298696518,0.10446538031101227,0.049368541687726974,0.134672611951828,0.021805036813020706,0.04073382914066315,0.18975435197353363,0.6432291865348816
1190,-16.3152,-20.6957,-37.0109,-19.8594,-19.3906,2.0,2.0,0.11861614137887955,0.11535336822271347,0.1178167313337326,0.05289008840918541,0.170014888048172,0.02359297312796116,0.047846704721450806,0.17517879605293274,0.6489039063453674
1195,-15.7918,-21.193,-36.9848,-19.4531,-19.8516,2.0,2.0,0.12645913660526276,0.10874439775943756,0.09623514860868454,0.04829903319478035,0.0885416641831398,0.0199782345443964,0.0346703976392746,0.19305814802646637,0.6478155851364136
1200,-15.2707,-21.825,-37.0957,-19.4531,-20.0859,2.0,2.0,0.0917721539735794,0.08097928762435913,0.04771335795521736,0.024881303310394287,0.110863097012043,0.012282337993383408,0.02063899300992489,0.21587376296520233,0.6467273235321045
1205,-15.7426,-21.1391,-36.8816,-19.4609,-20.0703,2.0,2.0,0.12998266518115997,0.13721413910388947,0.09081973880529404,0.05196783319115639,0.1097470223903656,0.022426927462220192,0.03739117085933685,0.19772233068943024,0.6379819512367249
1210,-16.3719,-20.5965,-36.9684,-19.6406,-19.875,2.0,2.0,0.19082839787006378,0.2182985544204712,0.11116121709346771,0.05802313610911369,0.127976194024086,0.026274874806404114,0.04842972755432129,0.17238028347492218,0.6484375
1215,-16.4824,-19.575,-36.0574,-20.3984,-17.7734,2.0,2.0,0.25183629989624023,0.25819671154022217,0.1426759660243988,0.10887637734413147,0.2552083432674408,0.037041354924440384,0.09483830630779266,0.18388526141643524,0.5797574520111084
1220,-16.6594,-20.0613,-36.7207,-19.5469,-19.9453,2.0,2.0,0.22411693632602692,0.19506321847438812,0.13988304138183594,0.08204875886440277,0.1607142835855484,0.03191075846552849,0.06456001102924347,0.16616137325763702,0.6328902244567871
1225,-16.4754,-20.2195,-36.6949,-19.8047,-19.1484,2.0,2.0,0.1979166716337204,0.1626168191432953,0.13299061357975006,0.08417217433452606,0.1450892835855484,0.02985074557363987,0.062383394688367844,0.17389614880084991,0.6293920874595642
1230,-17.1766,-19.5941,-36.7707,-20.4375,-18.3047,2.0,2.0,0.2257668673992157,0.1966966986656189,0.15460696816444397,0.09807751327753067,0.1681547611951828,0.031677551567554474,0.07765857875347137,0.1493314653635025,0.6368547677993774
1235,-16.7387,-19.6121,-36.3508,-19.6328,-19.6094,2.0,2.0,0.2530009150505066,0.21768707036972046,0.1804136037826538,0.09826663136482239,0.2046130895614624,0.042094215750694275,0.07999067008495331,0.16351833939552307,0.6099191308021545
1240,-16.5629,-20.5098,-37.0727,-19.6562,-19.9609,2.0,2.0,0.29076921939849854,0.20581114292144775,0.0935506746172905,0.053256887942552567,0.1674107164144516,0.025264304131269455,0.04815765097737312,0.16452892124652863,0.6575714945793152
1245,-16.1508,-20.2254,-36.3762,-19.7812,-19.4766,2.0,2.0,0.2063157856464386,0.2053140103816986,0.15321563184261322,0.08069660514593124,0.1852678507566452,0.03692474961280823,0.06436567008495331,0.18493470549583435,0.6092972755432129
1250,-17.4176,-18.9047,-36.3223,-20.0391,-19.125,2.0,2.0,0.3114602565765381,0.24470588564872742,0.19736133515834808,0.11838919669389725,0.2414434552192688,0.04205534979701042,0.09911380708217621,0.14435634016990662,0.6099969148635864
1255,-17.2,-18.6086,-35.8086,-20.2188,-18.5781,2.0,2.0,0.26225680112838745,0.2770964503288269,0.23378212749958038,0.14317886531352997,0.2477678507566452,0.049945585429668427,0.1172652393579483,0.1587764322757721,0.5695351362228394
1260,-18.6973,-16.5129,-35.2102,-21.9375,-15.4922,2.0,2.0,0.34741783142089844,0.3438568413257599,0.30954617261886597,0.22651520371437073,0.3508184552192688,0.05795242637395859,0.19329135119915009,0.1241837665438652,0.5200948119163513
1265,-19.8816,-14.3879,-34.2695,-23.0391,-13.3594,2.0,2.0,0.4146706461906433,0.5043084621429443,0.43291446566581726,0.2659955620765686,0.4973958432674408,0.07789178937673569,0.2661302983760834,0.09588775038719177,0.45561257004737854
1270,-17.7445,-18.2613,-36.0059,-21.0625,-17.0781,2.0,2.0,0.2378600835800171,0.2212885171175003,0.23048849403858185,0.16106311976909637,0.2883184552192688,0.04722481220960617,0.12488339841365814,0.13844838738441467,0.5849658250808716
1275,-16.2227,-20.8785,-37.1012,-19.8047,-19.4297,2.0,2.0,0.11691022664308548,0.08408679813146591,0.09621179848909378,0.05693378672003746,0.1112351194024086,0.018617847934365273,0.042988184839487076,0.1805814653635025,0.65333491563797
1280,-15.4531,-21.1684,-36.6215,-19.3203,-20.0,2.0,2.0,0.1457364410161972,0.12866604328155518,0.10110700875520706,0.054340995848178864,0.1380208283662796,0.025069963186979294,0.041083645075559616,0.21066541969776154,0.6187033653259277
1285,-16.3359,-20.4973,-36.8332,-19.875,-19.2656,2.0,2.0,0.09731543809175491,0.12525808811187744,0.11398963630199432,0.07781649380922318,0.135788694024086,0.023165423423051834,0.0564754344522953,0.18003731966018677,0.6358442306518555
1290,-15.9684,-20.5258,-36.4941,-20.0859,-18.8906,2.0,2.0,0.10068026930093765,0.10318949073553085,0.11355528980493546,0.09821200370788574,0.1194196417927742,0.028568096458911896,0.06215018779039383,0.1961287260055542,0.6086753606796265
1295,-16.6941,-20.2953,-36.9895,-20.1875,-19.0859,2.0,2.0,0.09157509356737137,0.07204803079366684,0.11591493338346481,0.08937545120716095,0.1104910746216774,0.021222015842795372,0.05826336890459061,0.16631685197353363,0.6497201323509216
1300,-16.3289,-20.8453,-37.1742,-19.6172,-19.8984,2.0,2.0,0.07798165082931519,0.038599640130996704,0.08859089761972427,0.06475414335727692,0.0896577388048172,0.016946516931056976,0.04329913109540939,0.17681126296520233,0.6584655046463013
1305,-16.1781,-21.1223,-37.3004,-20.0547,-19.2344,2.0,2.0,0.1284916251897812,0.09489051252603531,0.06683915108442307,0.049413539469242096,0.0703125,0.013914801180362701,0.03194962814450264,0.18027052283287048,0.6693874597549438
1310,-16.8262,-20.0195,-36.8457,-20.0859,-18.9844,2.0,2.0,0.18051576614379883,0.08981693536043167,0.1297764927148819,0.09906894713640213,0.130952388048172,0.027129974216222763,0.06794153898954391,0.16173040866851807,0.6387204527854919
1315,-16.8371,-20.0,-36.8371,-20.1016,-19.0469,2.0,2.0,0.12121212482452393,0.0813424363732338,0.14446529746055603,0.09942767024040222,0.1350446492433548,0.02308768592774868,0.06833022087812424,0.16573382914066315,0.6383706331253052
1320,-16.2914,-19.4871,-35.7785,-19.6719,-18.9219,2.0,2.0,0.21525885164737701,0.16934189200401306,0.1909906268119812,0.1425624042749405,0.185639888048172,0.042793843895196915,0.09685945510864258,0.19068719446659088,0.5651819109916687
1325,-16.941,-18.925,-35.866,-20.3594,-17.8047,2.0,2.0,0.18872986733913422,0.10910330712795258,0.20197837054729462,0.18638163805007935,0.1618303507566452,0.0434546023607254,0.11400031298398972,0.16895988583564758,0.5691075921058655
1330,-18.0367,-17.2164,-35.2531,-20.5625,-18.0781,2.0,2.0,0.24886877834796906,0.14973261952400208,0.3032490909099579,0.28268706798553467,0.2198660671710968,0.06012904271483421,0.16717195510864258,0.1399642378091812,0.5282571315765381
1335,-17.7824,-18.0941,-35.8766,-20.4453,-18.3125,2.0,2.0,0.23248882591724396,0.1401197612285614,0.2996872365474701,0.1983020007610321,0.184523805975914,0.052161071449518204,0.12981964647769928,0.13669931888580322,0.5768423676490784
1340,-17.1371,-18.1074,-35.2445,-20.7578,-17.3594,2.0,2.0,0.2584541141986847,0.16266974806785583,0.31454721093177795,0.2084815949201584,0.2354910671710968,0.06436567008495331,0.1345227062702179,0.1613806039094925,0.5352534055709839
1345,-17.916,-17.5762,-35.4922,-20.375,-18.1953,2.0,2.0,0.33372920751571655,0.2001093477010727,0.3748520612716675,0.20596452057361603,0.198288694024086,0.06545397639274597,0.1421797275543213,0.13137437403202057,0.556514322757721
1350,-16.6633,-19.3141,-35.9773,-19.7031,-19.3281,2.0,2.0,0.26951950788497925,0.18138936161994934,0.25435540080070496,0.11757680028676987,0.1848958283662796,0.05177238956093788,0.09064054489135742,0.167327418923378,0.5857820510864258
1355,-15.7875,-20.8207,-36.6082,-19.3281,-20.1484,2.0,2.0,0.17976190149784088,0.1372896432876587,0.15103021264076233,0.057802390307188034,0.123511902987957,0.03264925256371498,0.04388215020298958,0.19430193305015564,0.6246890425682068
1360,-15.9688,-20.7512,-36.7199,-19.4219,-20.2891,2.0,2.0,0.1929382085800171,0.14748507738113403,0.15703673660755157,0.052193738520145416,0.130952388048172,0.030822450295090675,0.04559234902262688,0.18835510313510895,0.6307525038719177
1365,-15.7297,-21.0043,-36.734,-18.9609,-20.5078,2.0,2.0,0.1816958338022232,0.134765625,0.13873295485973358,0.04844949394464493,0.1130952388048172,0.028879042714834213,0.03980099409818649,0.19387437403202057,0.6329679489135742
1370,-14.7398,-21.9047,-36.6445,-19.0938,-20.3594,2.0,2.0,0.10973084717988968,0.09478673338890076,0.08107224851846695,0.030115146189928055,0.104538694024086,0.01877332106232643,0.024603545665740967,0.2377953976392746,0.6143501400947571
1375,-15.6062,-21.2957,-36.902,-19.2812,-20.1719,2.0,2.0,0.15948963165283203,0.11853720247745514,0.11242837458848953,0.0351470485329628,0.1194196417927742,0.024370335042476654,0.030822450295090675,0.19671174883842468,0.6436178684234619
1380,-15.6109,-21.25,-36.8609,-19.1797,-20.3047,2.0,2.0,0.23076923191547394,0.14233577251434326,0.12061276286840439,0.03352193161845207,0.1138392835855484,0.024253731593489647,0.03194962814450264,0.2004431039094925,0.6388759613037109
1385,-16.4285,-20.9813,-37.4098,-19.6875,-20.1562,2.0,2.0,0.22682446241378784,0.1605263203382492,0.11061426252126694,0.028361104428768158,0.1104910746216774,0.019706156104803085,0.0295398011803627,0.16515080630779266,0.6811256408691406
1390,-15.7445,-21.1609,-36.9055,-19.25,-20.2812,2.0,2.0,0.2266666740179062,0.15795454382896423,0.12013706564903259,0.036310821771621704,0.107886902987957,0.02623600699007511,0.03420398011803627,0.19282494485378265,0.6422574520111084
1395,-16.2176,-20.6426,-36.8602,-19.625,-20.0,2.0,2.0,0.20645160973072052,0.14347825944423676,0.15957681834697723,0.05187597870826721,0.1302083283662796,0.030122824013233185,0.044698383659124374,0.1763448417186737,0.644356369972229
1400,-15.8883,-21.2074,-37.0957,-19.3828,-20.1797,2.0,2.0,0.1167002022266388,0.078125,0.11765913665294647,0.03877441957592964,0.084449402987957,0.019317474216222763,0.03233831003308296,0.189287930727005,0.654578685760498
1405,-15.6906,-21.0215,-36.7121,-19.2656,-20.3672,2.0,2.0,0.19756098091602325,0.12096773833036423,0.1496189385652542,0.04248245432972908,0.127976194024086,0.03187188878655434,0.03855721279978752,0.19379663467407227,0.6312966346740723
1410,-16.4676,-20.2527,-36.7203,-19.5547,-19.7891,2.0,2.0,0.2288888841867447,0.14480873942375183,0.20304568111896515,0.06608738005161285,0.1238839253783226,0.034981343895196915,0.05690298601984978,0.1684546023607254,0.6351834535598755
1415,-16.3934,-20.0648,-36.4582,-19.2812,-20.125,2.0,2.0,0.24676616489887238,0.17132659256458282,0.23346827924251556,0.07650239020586014,0.1130952388048172,0.0390625,0.06533737480640411,0.17280784249305725,0.6183146834373474
1420,-15.7707,-20.9996,-36.7703,-19.4531,-20.1094,2.0,2.0,0.2128777951002121,0.14049586653709412,0.1602681279182434,0.03899194672703743,0.1134672611951828,0.029578668996691704,0.03762437775731087,0.19134794175624847,0.6369714140892029
1425,-15.3742,-20.2902,-35.6645,-18.5469,-20.6562,2.0,2.0,0.282951295375824,0.2026635855436325,0.23658087849617004,0.07480831444263458,0.1729910671710968,0.054259948432445526,0.06712531298398972,0.21144278347492218,0.5626943111419678
1430,-17.0562,-18.9148,-35.9711,-19.6953,-19.5078,2.0,2.0,0.30098360776901245,0.20365950465202332,0.35894790291786194,0.10130265355110168,0.2220982164144516,0.059273943305015564,0.09771455079317093,0.15073071420192719,0.5878031849861145
1435,-15.7453,-20.5816,-36.327,-19.4844,-20.1172,2.0,2.0,0.2414800375699997,0.16175413131713867,0.21780604124069214,0.05182809382677078,0.1447172611951828,0.03991759940981865,0.05406561121344566,0.19558458030223846,0.6059545874595642
1440,-16.2008,-19.025,-35.2258,-18.9062,-19.8672,2.0,2.0,0.3372093141078949,0.20841087400913239,0.37688758969306946,0.10748240351676941,0.2183779776096344,0.07019589841365814,0.10443874448537827,0.18532338738441467,0.5355643630027771
1445,-16.3578,-19.3859,-35.7438,-19.0,-20.3828,2.0,2.0,0.3774665892124176,0.27788102626800537,0.3273172974586487,0.07256052643060684,0.2038690447807312,0.06106187775731087,0.08364427834749222,0.17444029450416565,0.5763759613037109
1450,-16.3141,-18.1738,-34.4879,-18.3359,-20.0,2.0,2.0,0.4158371090888977,0.27666375041007996,0.4884639382362366,0.12331054359674454,0.2299107164144516,0.08589863032102585,0.13374534249305725,0.18699471652507782,0.48888370394706726
1455,-16.891,-16.5453,-33.4363,-16.9922,-19.7344,2.0,2.0,0.5138696432113647,0.3319476246833801,0.6736080646514893,0.15459519624710083,0.3191964328289032,0.11209577322006226,0.18699471652507782,0.1773165464401245,0.4191153645515442
1460,-18.659,-13.9152,-32.5742,-17.7969,-17.7266,2.0,2.0,0.6715388894081116,0.4660079777240753,0.8233774900436401,0.2340604066848755,0.4761904776096344,0.14093594253063202,0.26356497406959534,0.12037468701601028,0.37064677476882935
1465,-16.4281,-15.6066,-32.0348,-15.3906,-18.9766,2.0,2.0,0.5311192274093628,0.43115752935409546,0.749151885509491,0.13947990536689758,0.4583333432674408,0.14863184094429016,0.223297581076622,0.19476833939552307,0.32882463932037354
1470,-17.5965,-13.2852,-30.8816,-14.625,-17.625,2.0,2.0,0.6486430764198303,0.5658549666404724,0.8864932060241699,0.18295033276081085,0.5546875,0.18761660158634186,0.2889070212841034,0.15683302283287048,0.26216572523117065
1475,-19.127,-12.1379,-31.2648,-17.4453,-14.4922,2.0,2.0,0.6939675211906433,0.6099224090576172,0.9027732610702515,0.24933649599552155,0.5803571343421936,0.16752175986766815,0.33061257004737854,0.11913090944290161,0.2782571613788605
1480,-18.0973,-12.2566,-30.3539,-15.2969,-15.6953,2.0,1.9599,0.7146494388580322,0.6070911884307861,0.8962113261222839,0.2517814636230469,0.5360863208770752,0.19846081733703613,0.32229477167129517,0.1456778645515442,0.2290889322757721
1485,-20.2297,-11.0375,-31.2672,-19.1875,-13.9609,2.0,1.9067,0.8207525014877319,0.6055281758308411,0.9282275438308716,0.3457014858722687,0.5483630895614624,0.16631685197353363,0.3627954125404358,0.08881374448537827,0.2775963842868805
1490,-17.9992,-12.3531,-30.3523,-15.75,-15.0469,2.0,1.8477,0.7870547771453857,0.4959612190723419,0.9253811240196228,0.35427719354629517,0.4419642984867096,0.2029695212841034,0.31277206540107727,0.14532804489135742,0.2344527393579483
1495,-19.3289,-10.9664,-30.2953,-16.7344,-14.4375,2.0,1.7991,0.870359480381012,0.5954840779304504,0.9481611251831055,0.3886064887046814,0.4360119104385376,0.19787779450416565,0.3649331331253052,0.11096859723329544,0.22174285352230072
1500,-18.9863,-11.6293,-30.6156,-15.0859,-15.7188,2.0,1.7158,0.8545069098472595,0.6118472218513489,0.9378617405891418,0.24979376792907715,0.4322916567325592,0.1832633763551712,0.34907492995262146,0.1276041716337204,0.23557990789413452
1505,-19.2613,-11.2516,-30.5129,-17.625,-13.9688,2.0,1.6516,0.8352916836738586,0.6405057907104492,0.9347826242446899,0.30188995599746704,0.415922611951828,0.1885494440793991,0.35657650232315063,0.1180037334561348,0.23239272832870483
1510,-17.8152,-11.5586,-29.3738,-15.6328,-12.8438,2.0,1.6057,0.8648648858070374,0.6380752921104431,0.9462393522262573,0.2537477910518646,0.3277529776096344,0.23441386222839355,0.33442163467407227,0.1503809094429016,0.17630596458911896
1515,-18.4156,-11.0762,-29.4918,-16.0234,-13.2344,2.0,1.5285,0.8874049186706543,0.6736794710159302,0.9340982437133789,0.3123173415660858,0.2864583432674408,0.2299051582813263,0.34732586145401,0.13211287558078766,0.18617847561836243
1520,-18.7496,-10.9098,-29.6594,-15.9688,-12.8047,2.0,1.4597,0.888237476348877,0.6920444965362549,0.9271900057792664,0.2931692898273468,0.2779017984867096,0.21214240789413452,0.36349502205848694,0.13666044175624847,0.18322449922561646
1525,-19.8137,-10.3555,-30.1691,-17.125,-13.4922,2.0,1.3938,0.8988023996353149,0.7285385131835938,0.9461033940315247,0.28881344199180603,0.3132440447807312,0.19472947716712952,0.3880208432674408,0.10673196613788605,0.20604011416435242
1530,-20.2168,-9.7602,-29.977,-16.6484,-13.625,2.0,1.299,0.8993762731552124,0.7705636024475098,0.9388201236724854,0.2507896423339844,0.3913690447807312,0.18695583939552307,0.4172496795654297,0.10673196613788605,0.18458488583564758
1535,-21.1141,-8.8328,-29.9469,-18.1172,-13.2188,2.0,1.1773,0.9069263935089111,0.8245132565498352,0.926348090171814,0.2511160671710968,0.4445684552192688,0.17957089841365814,0.45316386222839355,0.08865827322006226,0.17412935197353363
1540,-19.5867,-10.0805,-29.6672,-17.1562,-13.2891,2.0,1.043,0.8917685747146606,0.752140998840332,0.9311087131500244,0.25507184863090515,0.4348958432674408,0.21295864880084991,0.3903140425682068,0.10832556337118149,0.1839241236448288
1545,-19.7219,-10.2402,-29.9621,-17.0703,-13.6484,2.0,0.935,0.8887417316436768,0.7281848788261414,0.9333333373069763,0.3057851195335388,0.3880208432674408,0.20541821420192719,0.38351213932037354,0.10436100512742996,0.2022310346364975
1550,-20.1402,-9.2594,-29.3996,-18.6953,-12.25,2.0,0.8421,0.9163711071014404,0.782529890537262,0.9301134347915649,0.2751660645008087,0.4371279776096344,0.20821672677993774,0.4289489984512329,0.10622668266296387,0.15212997794151306
1555,-20.484,-9.0477,-29.5316,-19.6406,-11.8125,2.0,0.7064,0.9082757234573364,0.8054999113082886,0.8993603587150574,0.2690367102622986,0.527157723903656,0.20806126296520233,0.4268501102924347,0.0911458358168602,0.16946516931056976
1560,-21.3309,-8.5188,-29.8496,-22.3984,-10.8203,2.0,0.5742,0.9148852825164795,0.8250885009765625,0.9198830127716064,0.27345094084739685,0.5658482313156128,0.19818873703479767,0.4502098858356476,0.06646455079317093,0.1806592047214508
1565,-20.9203,-8.4832,-29.4035,-22.3672,-9.0781,2.0,0.4582,0.8959267735481262,0.7976913452148438,0.8826789855957031,0.315047025680542,0.6536458134651184,0.20802238583564758,0.45456311106681824,0.0841495618224144,0.14878731966018677
1570,-20.6371,-8.8047,-29.4418,-21.4219,-9.7031,2.0,0.3276,0.8814618587493896,0.8038854002952576,0.9096665382385254,0.29347285628318787,0.5796130895614624,0.20526275038719177,0.44216418266296387,0.09207867085933685,0.15601679682731628
1575,-18.2234,-10.8863,-29.1098,-18.6016,-11.2422,2.0,0.2188,0.844244122505188,0.7312604188919067,0.8768219351768494,0.2143874615430832,0.4847470223903656,0.24580223858356476,0.3500077724456787,0.13599969446659088,0.16371268033981323
1580,-18.7805,-10.5773,-29.3578,-19.3438,-11.8438,2.0,0.1233,0.855654239654541,0.7426385879516602,0.8726133704185486,0.2262875735759735,0.4680059552192688,0.2275342047214508,0.3709188401699066,0.1302860677242279,0.16678327322006226
1585,-19.1773,-10.3977,-29.575,-18.75,-11.8828,2.0,0.0173,0.861373782157898,0.7664886116981506,0.8685246109962463,0.22016771137714386,0.4672619104385376,0.2178560346364975,0.3783426582813263,0.11854788661003113,0.18077580630779266
1590,-19.7117,-9.6629,-29.3746,-17.6641,-12.5078,2.0,0.0,0.8934338092803955,0.7861023545265198,0.9105775952339172,0.22726164758205414,0.4613095223903656,0.21665112674236298,0.40776586532592773,0.11170709133148193,0.15939831733703613
1595,-18.9855,-10.1109,-29.0965,-19.2188,-11.3203,2.0,0.0,0.9036652445793152,0.778231143951416,0.8664034008979797,0.1679067462682724,0.5059523582458496,0.2396610677242279,0.381024569272995,0.11812033504247665,0.15671642124652863
1600,-19.1094,-10.0074,-29.1168,-20.0547,-9.5547,2.0,0.0,0.8704859018325806,0.7902154326438904,0.863095223903656,0.15814536809921265,0.5758928656578064,0.23678483068943024,0.38611629605293274,0.11753731220960617,0.15508395433425903
1605,-19.2223,-9.7184,-28.9406,-20.0703,-10.0625,2.0,0.0,0.8819311857223511,0.8150920867919922,0.8466171026229858,0.14089709520339966,0.597470223903656,0.24393656849861145,0.3945506811141968,0.10972481220960617,0.1473103165626526
1610,-17.7129,-11.2781,-28.991,-17.9297,-12.375,2.0,0.0,0.8334883451461792,0.7400205731391907,0.8338582515716553,0.1357443630695343,0.5186011791229248,0.25069963932037354,0.3398243188858032,0.14808768033981323,0.1569107621908188
1615,-18.0879,-10.773,-28.8609,-17.3594,-12.7656,2.0,0.0,0.8812916874885559,0.7520105838775635,0.8719477653503418,0.12223666906356812,0.4936755895614624,0.25637438893318176,0.3528062701225281,0.13689365983009338,0.14944806694984436
1620,-19.9145,-9.0301,-28.9445,-18.9219,-9.9453,2.0,0.0,0.9209433794021606,0.8137218952178955,0.8991564512252808,0.15266954898834229,0.594122052192688,0.23402518033981323,0.42545086145401,0.10136815905570984,0.1346781700849533
1625,-21.8793,-8.1074,-29.9867,-21.2969,-10.2578,2.0,0.0,0.9382715821266174,0.8525620102882385,0.8751399517059326,0.16776840388774872,0.6547619104385376,0.17315764725208282,0.4824315905570984,0.0694185346364975,0.17051461338996887
1630,-19.9902,-9.2453,-29.2355,-18.9531,-9.9766,2.0,0.0,0.9378105401992798,0.799237847328186,0.8333333134651184,0.16362714767456055,0.6294642686843872,0.22687344253063202,0.41818252205848694,0.09701492637395859,0.15345148742198944
1635,-20.0066,-9.0191,-29.0258,-18.0469,-10.1953,2.0,0.0,0.9332324266433716,0.8075309991836548,0.8439260125160217,0.14560440182685852,0.6804315447807312,0.231110081076622,0.42630597949028015,0.09662624448537827,0.14148010313510895
1640,-18.693,-10.2895,-28.9824,-16.9609,-10.4219,2.0,0.0,0.9177910089492798,0.7649812698364258,0.8027189373970032,0.13826780021190643,0.5714285969734192,0.24774564802646637,0.3736007511615753,0.12293998897075653,0.15123601257801056
1645,-19.1496,-9.8297,-28.9793,-16.9688,-10.0547,2.0,0.0,0.9352206587791443,0.8051592707633972,0.7861398458480835,0.08250276744365692,0.5766369104385376,0.2334032952785492,0.3977767527103424,0.12395056337118149,0.14039179682731628
1650,-19.484,-9.6754,-29.1594,-17.7422,-10.7812,2.0,0.0,0.939700186252594,0.8163087368011475,0.8201413154602051,0.08640406280755997,0.5617559552192688,0.23076026141643524,0.40181902050971985,0.10999689251184464,0.15294620394706726
1655,-18.8891,-9.5539,-28.443,-18.3984,-8.4375,2.0,0.0,0.9331623315811157,0.8160954117774963,0.810010552406311,0.11745068430900574,0.5948660969734192,0.27273786067962646,0.3844449520111084,0.1102689653635025,0.12807057797908783
1660,-18.1242,-10.0945,-28.2188,-17.5078,-8.3672,2.0,0.0,0.9353460073471069,0.7830260992050171,0.824768602848053,0.10325752943754196,0.570684552192688,0.29096704721450806,0.356304407119751,0.12177394330501556,0.12647698819637299
1665,-17.1027,-10.4781,-27.5809,-16.6953,-9.125,2.0,0.0,0.9277446269989014,0.7705726623535156,0.8031755685806274,0.12054987996816635,0.5535714030265808,0.3324393630027771,0.3230721354484558,0.12974192202091217,0.1102689653635025
1670,-17.573,-9.9535,-27.5266,-16.9531,-9.9688,2.0,0.0,0.9328465461730957,0.8004046082496643,0.8275862336158752,0.09584295749664307,0.5732886791229248,0.3247045874595642,0.3458488881587982,0.12398942559957504,0.10097947716712952
1675,-17.2484,-10.2805,-27.5289,-16.3047,-10.1875,2.0,0.0,0.9436653256416321,0.7687129974365234,0.8246501684188843,0.10754717141389847,0.5375744104385376,0.32703667879104614,0.33492693305015564,0.13055814802646637,0.10300061851739883
1680,-17.7707,-10.2613,-28.032,-17.0312,-9.9062,2.0,0.0,0.9219672083854675,0.7834606170654297,0.7947118282318115,0.125,0.555059552192688,0.2963697016239166,0.35109609365463257,0.13083022832870483,0.11722636967897415
1685,-18.1871,-10.7926,-28.9797,-16.8203,-10.2109,2.0,0.0,0.8945912718772888,0.772996723651886,0.8019971251487732,0.12560632824897766,0.4546130895614624,0.25295397639274597,0.3540889322757721,0.1362328976392746,0.15224657952785492
1690,-18.8121,-9.668,-28.4801,-17.5312,-9.8438,2.0,0.0,0.9234964847564697,0.7971822619438171,0.8346154093742371,0.13175977766513824,0.613095223903656,0.27079445123672485,0.3834732472896576,0.1111629381775856,0.13009172677993774
1695,-18.1223,-10.593,-28.7152,-16.6719,-10.0391,2.0,0.0,0.9077585935592651,0.749298632144928,0.8379299640655518,0.1539827436208725,0.5502232313156128,0.2705223858356476,0.3463541567325592,0.12542754411697388,0.15321828424930573
1700,-19.743,-9.0473,-28.7902,-17.9688,-9.5078,2.0,0.0,0.9255924224853516,0.8105722665786743,0.8774795532226562,0.16859258711338043,0.6067708134651184,0.24603544175624847,0.4183768630027771,0.099930040538311,0.1311800330877304
1705,-19.2547,-9.7121,-28.9668,-18.6797,-9.1406,2.0,0.0,0.9006379842758179,0.8019165992736816,0.8248944878578186,0.12776024639606476,0.6421130895614624,0.24370336532592773,0.39342349767684937,0.11054104566574097,0.14785447716712952
1710,-18.7582,-9.5883,-28.3465,-18.3516,-7.8984,2.0,0.0,0.9104252457618713,0.7958803176879883,0.8448918461799622,0.14969180524349213,0.6901041865348816,0.2833488881587982,0.3755052983760834,0.1042444035410881,0.13242381811141968
1715,-18.741,-9.243,-27.984,-18.7969,-8.4141,2.0,0.0,0.9339989423751831,0.8058823347091675,0.8417770862579346,0.10889042168855667,0.7202380895614624,0.29975125193595886,0.3832400441169739,0.09973569959402084,0.1127953976392746
1720,-18.7797,-9.0848,-27.8645,-18.6797,-7.6875,2.0,0.0,0.9379575848579407,0.8124183416366577,0.8712716102600098,0.11074800044298172,0.7012648582458496,0.3025886118412018,0.38685479760169983,0.0990360677242279,0.10704290866851807
1725,-18.3488,-9.6723,-28.0211,-18.3203,-10.0469,2.0,0.0,0.9456450343132019,0.7865796089172363,0.8347135782241821,0.09124087542295456,0.6629464030265808,0.29675838351249695,0.368975430727005,0.11263992637395859,0.11714863032102585
1730,-17.2555,-10.0273,-27.2828,-17.3984,-9.3828,2.0,0.0,0.9408117532730103,0.7589713335037231,0.8433774709701538,0.10481695830821991,0.6819196343421936,0.34476056694984436,0.3325170874595642,0.11738184094429016,0.10086287558078766
1735,-17.5852,-9.8578,-27.443,-18.7109,-7.7656,2.0,0.0,0.9342913627624512,0.765654981136322,0.8522348403930664,0.10470588505268097,0.680059552192688,0.33539333939552307,0.3444885015487671,0.11652673780918121,0.09911380708217621
1740,-17.0203,-10.2844,-27.3047,-17.3047,-8.4219,2.0,0.0,0.9262120723724365,0.7487577199935913,0.8577274084091187,0.1409921646118164,0.6320684552192688,0.34713152050971985,0.3207011818885803,0.12348414212465286,0.10420553386211395
1745,-17.4879,-9.7875,-27.2754,-17.4688,-9.6172,2.0,0.0,0.9419608116149902,0.7898184061050415,0.8566408753395081,0.12621738016605377,0.6171875,0.34689831733703613,0.3382307291030884,0.11061877757310867,0.0997745618224144
1750,-16.4949,-10.8113,-27.3063,-17.3281,-9.7109,2.0,0.0,0.925824761390686,0.7574924826622009,0.7715321779251099,0.07697547972202301,0.6543898582458496,0.35579913854599,0.29699161648750305,0.12861473858356476,0.11411691457033157
1755,-16.9207,-10.9816,-27.9023,-18.4922,-8.7656,2.0,0.0,0.8839091658592224,0.7857053279876709,0.7176098823547363,0.08718104660511017,0.6577380895614624,0.32175061106681824,0.31051772832870483,0.13530005514621735,0.12795397639274597
1760,-16.1723,-12.5195,-28.6918,-16.4062,-10.3594,2.0,0.0,0.8363685011863708,0.7067314386367798,0.7342607975006104,0.07544992864131927,0.5688244104385376,0.2902674078941345,0.2719604969024658,0.16483986377716064,0.1684546023607254
1765,-17.2281,-10.6305,-27.8586,-19.1172,-8.3828,2.0,0.0,0.873241126537323,0.8061038851737976,0.7414484024047852,0.09215017408132553,0.6934523582458496,0.32318875193595886,0.32093438506126404,0.1261271834373474,0.12527208030223846
1770,-16.934,-10.8742,-27.8082,-16.9922,-10.2188,2.0,0.0,0.86574786901474,0.7957887053489685,0.7514688372612,0.08048857003450394,0.6808035969734192,0.3271532952785492,0.31195583939552307,0.13230721652507782,0.1241060346364975
1775,-15.5129,-12.6781,-28.191,-17.5938,-9.1328,2.0,0.0,0.8394644856452942,0.7183952927589417,0.6777393221855164,0.06829023361206055,0.6186755895614624,0.3222559094429016,0.24996113777160645,0.16849346458911896,0.15481187403202057
1780,-15.1062,-13.0613,-28.1676,-16.6094,-8.8984,2.0,0.0,0.8734354972839355,0.7073380351066589,0.6249716281890869,0.050621043890714645,0.5930059552192688,0.3322838842868805,0.22617381811141968,0.1712142378091812,0.165850430727005
1785,-14.323,-14.725,-29.048,-15.2734,-10.0,2.0,0.0,0.8302152752876282,0.5865851044654846,0.6054702997207642,0.04433770477771759,0.5200892686843872,0.30332711338996887,0.18427394330501556,0.19752798974514008,0.21039333939552307
1790,-15.0684,-12.7445,-27.8129,-15.3828,-10.0859,2.0,0.0,0.8880515694618225,0.696394681930542,0.6724264025688171,0.05279034748673439,0.5870535969734192,0.3558768630027771,0.22531871497631073,0.15970925986766815,0.1546175330877304
1795,-14.6695,-14.0578,-28.7273,-14.5781,-9.8438,2.0,0.0,0.8193971514701843,0.6233031749725342,0.6913605332374573,0.051074180752038956,0.5186011791229248,0.3081856369972229,0.20615671575069427,0.18940454721450806,0.19177550077438354
1800,-14.3605,-14.6512,-29.0117,-14.8203,-9.6172,2.0,0.0,0.806293785572052,0.5833669900894165,0.6757365465164185,0.041008856147527695,0.4713541567325592,0.2939598858356476,0.1925528645515442,0.20712842047214508,0.20188121497631073
1805,-13.973,-15.9746,-29.9477,-14.7891,-11.6719,2.0,0.0305,0.7992641925811768,0.5717126727104187,0.5588339567184448,0.029411764815449715,0.3988095223903656,0.26410913467407227,0.15636660158634186,0.2186722606420517,0.25637438893318176
1810,-12.6328,-16.834,-29.4668,-12.9609,-10.4062,2.0,0.129,0.7997782826423645,0.5098098516464233,0.483846515417099,0.027209734544157982,0.3742559552192688,0.2805114984512329,0.12877021729946136,0.2562577724456787,0.2299828976392746
1815,-13.3754,-15.3734,-28.7488,-13.9844,-10.2109,1.9915,0.1433,0.8446931838989258,0.6016806960105896,0.5239644050598145,0.0340484157204628,0.4538690447807312,0.3090795874595642,0.16188588738441467,0.22706778347492218,0.19748911261558533
1820,-15.0195,-12.1836,-27.2031,-15.2656,-10.2031,1.9996,0.1359,0.8863730430603027,0.7210424542427063,0.6822407245635986,0.08942558616399765,0.5952380895614624,0.37593284249305725,0.24160447716712952,0.15889303386211395,0.11909203976392746
1825,-15.5805,-11.9125,-27.493,-16.1875,-10.6094,2.0,0.0924,0.8821708559989929,0.7392139434814453,0.7047012448310852,0.07959248870611191,0.5915178656578064,0.3516402244567871,0.26305970549583435,0.15873755514621735,0.12208488583564758
1830,-16.1082,-11.6234,-27.7316,-16.4766,-10.125,2.0,0.0309,0.8890157341957092,0.7511841654777527,0.7193769812583923,0.07358262687921524,0.5944940447807312,0.3404073417186737,0.2789956331253052,0.14723259210586548,0.12888681888580322
1835,-14.5855,-13.716,-28.3016,-15.8203,-9.0469,2.0,0.0,0.8785372972488403,0.6795485019683838,0.6077883243560791,0.034294452518224716,0.5189732313156128,0.3337608873844147,0.20316386222839355,0.1806592047214508,0.17793843150138855
1840,-14.7441,-13.7094,-28.4535,-16.7109,-9.3516,2.0,0.0,0.8707768321037292,0.669658899307251,0.6322778463363647,0.032250840216875076,0.490327388048172,0.31522077322006226,0.21649564802646637,0.1902596354484558,0.17354632914066315
1845,-17.0004,-10.6828,-27.6832,-17.0625,-9.2344,2.0,0.0,0.9183364510536194,0.7921544313430786,0.7317950129508972,0.06765943765640259,0.6302083134651184,0.3336442708969116,0.3121113181114197,0.12970304489135742,0.12006374448537827
1850,-16.3367,-11.532,-27.8688,-17.7812,-9.8828,2.0,0.0,0.9112884402275085,0.7687056064605713,0.6830146908760071,0.03880266100168228,0.6343005895614624,0.33605411648750305,0.2789567708969116,0.14027518033981323,0.14023631811141968
1855,-15.7113,-11.9449,-27.6562,-17.7422,-8.2031,2.0,0.0,0.9200941324234009,0.7425212264060974,0.6770545244216919,0.026323486119508743,0.5773809552192688,0.346820592880249,0.2611551582813263,0.15465641021728516,0.1328902393579483
1860,-15.1059,-11.8773,-26.9832,-16.3281,-8.9219,2.0,0.0,0.9179574251174927,0.7172927260398865,0.708224892616272,0.0291873961687088,0.648065447807312,0.38895365595817566,0.24004974961280823,0.1493314653635025,0.1171875
1865,-15.3844,-11.7563,-27.1406,-17.6328,-8.7266,2.0,0.0,0.9151744842529297,0.7335823178291321,0.7216993570327759,0.03651505336165428,0.625,0.37985852360725403,0.24976679682731628,0.14455068111419678,0.12134639173746109
1870,-14.682,-13.843,-28.525,-15.5078,-9.0391,2.0,0.0,0.8920107483863831,0.618639349937439,0.6757431030273438,0.025224454700946808,0.4404761791229248,0.3181747496128082,0.20852766931056976,0.18699471652507782,0.18182525038719177
1875,-15.4406,-11.509,-26.9496,-17.8516,-8.125,2.0,0.0,0.9443947076797485,0.7384044528007507,0.7175679206848145,0.02508474513888359,0.5970982313156128,0.39074161648750305,0.2513992488384247,0.13872045278549194,0.1146610677242279
1880,-14.3223,-13.2617,-27.584,-15.7812,-8.8438,2.0,0.0,0.917251467704773,0.6223176121711731,0.6893116235733032,0.03467476740479469,0.500372052192688,0.3710743188858032,0.19923818111419678,0.17164179682731628,0.1535681039094925
1885,-13.4328,-13.5922,-27.025,-13.9141,-9.9766,2.0,0.0,0.9135193824768066,0.5917972922325134,0.7023593187332153,0.028632348403334618,0.3984375,0.39416199922561646,0.18100902438163757,0.19274720549583435,0.1276041716337204
1890,-12.5848,-17.1715,-29.7562,-11.9297,-12.1641,1.9971,0.0,0.8222787976264954,0.3449768126010895,0.5796224474906921,0.021496687084436417,0.193452388048172,0.259600430727005,0.1257385015487671,0.2697061598300934,0.2404772937297821
1895,-12.682,-18.4676,-31.1496,-11.5156,-13.7188,1.9631,0.0655,0.8418270945549011,0.21969111263751984,0.48656216263771057,0.012237762100994587,0.1432291716337204,0.20592351257801056,0.1006685346364975,0.27767413854599,0.3112562298774719
1900,-12.9617,-20.1711,-33.1328,-14.5078,-17.7188,1.9416,0.2368,0.8500871658325195,0.16765402257442474,0.31316041946411133,0.0071542877703905106,0.1023065447807312,0.1337842047214508,0.06560945510864258,0.28323227167129517,0.41289645433425903
1905,-11.357,-16.4359,-27.793,-10.2344,-11.5469,1.8901,0.2921,0.9298704266548157,0.29907867312431335,0.5300838947296143,0.01625818945467472,0.1752232164144516,0.356926292181015,0.10968594253063202,0.2687344551086426,0.16017568111419678
1910,-11.9531,-14.3133,-26.2664,-11.0469,-10.5781,1.8219,0.3433,0.9613216519355774,0.3955706059932709,0.6716446280479431,0.0286388136446476,0.2570684552192688,0.44818875193595886,0.12636038661003113,0.20561255514621735,0.11536069959402084
1915,-12.2316,-16.5301,-28.7617,-11.2891,-12.9062,1.7779,0.3382,0.9169184565544128,0.33203125,0.5251954197883606,0.020303701981902122,0.2459077388048172,0.33449938893318176,0.09950248897075653,0.2337142378091812,0.22780628502368927
1920,-12.977,-18.7484,-31.7254,-12.9062,-15.5078,1.7417,0.4083,0.9100877046585083,0.25661730766296387,0.396393746137619,0.01162919495254755,0.1238839253783226,0.19496268033981323,0.08663712441921234,0.26298195123672485,0.35094061493873596
1925,-12.1621,-19.7383,-31.9004,-12.75,-15.5625,1.6924,0.5588,0.898525595664978,0.21362048387527466,0.31529533863067627,0.006083397660404444,0.1037946417927742,0.17925995588302612,0.06677550077438354,0.2980799078941345,0.3514070212841034
1930,-12.2359,-14.2094,-26.4453,-11.6172,-10.6797,1.6488,0.6355,0.9703319072723389,0.46529024839401245,0.6265438199043274,0.022853612899780273,0.2935267984867096,0.4415034055709839,0.12989738583564758,0.19826647639274597,0.12585510313510895
1935,-12.123,-13.5094,-25.6324,-10.8203,-11.0078,1.6156,0.6117,0.9684951305389404,0.4941912293434143,0.6868863105773926,0.03932151198387146,0.3370535671710968,0.4860852062702179,0.13048040866851807,0.1781327724456787,0.10082400590181351
1940,-14.1422,-12.2402,-26.3824,-14.3438,-10.125,1.5842,0.5961,0.9758870601654053,0.62623131275177,0.7671363949775696,0.053165584802627563,0.353422611951828,0.42393502593040466,0.21307525038719177,0.16274097561836243,0.09577114135026932
1945,-14.4414,-11.6676,-26.109,-14.9297,-10.1016,1.5845,0.5441,0.9795736074447632,0.6653358936309814,0.786137580871582,0.05486968532204628,0.4114583432674408,0.43575093150138855,0.22391946613788605,0.15084733068943024,0.08500466495752335
1950,-13.8801,-12.2945,-26.1746,-14.5859,-10.25,1.5659,0.4988,0.9723547101020813,0.6289370059967041,0.7672560214996338,0.053407732397317886,0.3701636791229248,0.44006529450416565,0.19745025038719177,0.1604866236448288,0.09752020984888077
1955,-13.6137,-12.368,-25.9816,-14.8516,-8.8281,1.5519,0.4602,0.9763813018798828,0.6237188577651978,0.7522255182266235,0.05307599529623985,0.3705357015132904,0.45584577322006226,0.18582867085933685,0.15718284249305725,0.09666511416435242
1960,-13.4344,-12.8836,-26.318,-14.5781,-10.3359,1.5486,0.4242,0.9621178507804871,0.6124030947685242,0.7066097259521484,0.030780505388975143,0.3761160671710968,0.43606188893318176,0.1805037260055542,0.17288556694984436,0.10607120394706726
1965,-13.7609,-12.9535,-26.7145,-14.6797,-9.8281,1.5438,0.389,0.9678843021392822,0.6058048605918884,0.7180910110473633,0.032694846391677856,0.3325892984867096,0.4139070212841034,0.18882152438163757,0.17510105669498444,0.11769278347492218
1970,-14.0004,-11.9379,-25.9383,-14.8828,-9.7031,1.5447,0.3424,0.973539412021637,0.6383490562438965,0.8169774413108826,0.059241704642772675,0.355282723903656,0.4450792968273163,0.21000465750694275,0.15842661261558533,0.08201181888580322
1975,-14.3559,-11.6641,-26.0199,-14.6094,-11.0469,1.5497,0.289,0.9756075739860535,0.6587204337120056,0.8173374533653259,0.06483209133148193,0.3969494104385376,0.4397932291030884,0.22174285352230072,0.15065298974514008,0.0833333358168602
1980,-14.4762,-11.7469,-26.223,-15.1641,-10.1953,1.5464,0.2377,0.9714832305908203,0.6898084878921509,0.8028169274330139,0.04642857238650322,0.347470223903656,0.426616907119751,0.2273010015487671,0.1545397937297821,0.08706467598676682
1985,-13.3035,-12.4867,-25.7902,-13.8281,-9.5156,1.5466,0.1843,0.9688715934753418,0.6089186072349548,0.7642857432365417,0.04263244941830635,0.3813244104385376,0.4694885015487671,0.1743236929178238,0.1578047275543213,0.09390547126531601
1990,-12.6816,-13.6531,-26.3348,-12.625,-10.0,1.5267,0.1523,0.9539909362792969,0.5035818815231323,0.6949297189712524,0.03224766254425049,0.370907723903656,0.4460510015487671,0.1464940905570984,0.1824471354484558,0.1205301582813263
1995,-12.202,-13.4723,-25.6742,-11.3672,-10.5,1.4807,0.1515,0.9606356620788574,0.450732558965683,0.7366609573364258,0.04295942559838295,0.339657723903656,0.4818485677242279,0.13530005514621735,0.1806592047214508,0.09771455079317093
2000,-12.4227,-13.6004,-26.023,-11.0703,-10.8828,1.4364,0.1352,0.9616765379905701,0.420511394739151,0.7491940855979919,0.03805121034383774,0.331845223903656,0.46552392840385437,0.13984763622283936,0.18085354566574097,0.1092972606420517
2005,-11.8992,-14.7563,-26.6555,-10.875,-11.1094,1.3873,0.1267,0.9432239532470703,0.33773767948150635,0.6837124824523926,0.02661934308707714,0.2462797611951828,0.4299207031726837,0.1206078976392746,0.21358053386211395,0.13141325116157532
2010,-12.2254,-12.6566,-24.882,-11.4062,-10.1172,1.3433,0.1155,0.9730477929115295,0.46697837114334106,0.7959079146385193,0.049494948238134384,0.420014888048172,0.5335820913314819,0.13300684094429016,0.15197449922561646,0.07695895433425903
2015,-11.8719,-13.8512,-25.723,-10.375,-10.9844,1.2971,0.088,0.9560288190841675,0.3641781806945801,0.7416394948959351,0.040784917771816254,0.3154761791229248,0.4799829125404358,0.12391169369220734,0.19060945510864258,0.10101834684610367
2020,-12.6996,-12.2941,-24.9938,-11.9688,-10.9609,1.2523,0.0744,0.9770734906196594,0.5011343359947205,0.8334195613861084,0.040860213339328766,0.4397321343421936,0.5187733173370361,0.15418998897075653,0.15026430785655975,0.07229477912187576
2025,-13.4074,-11.5078,-24.9152,-12.9766,-10.6562,1.2424,0.0171,0.9844645261764526,0.5933417677879333,0.8760856986045837,0.08101265877485275,0.454985111951828,0.5153917670249939,0.18446828424930573,0.13425062596797943,0.06141168996691704
2030,-13.2086,-11.95,-25.1586,-12.3359,-10.625,1.2139,0.0,0.9851126074790955,0.5292671918869019,0.8658761382102966,0.06869806349277496,0.4136904776096344,0.5038868188858032,0.17397387325763702,0.14750465750694275,0.07015702873468399
2035,-12.6371,-12.9488,-25.5859,-11.3125,-11.125,1.191,0.0,0.9762038588523865,0.43721285462379456,0.8286834359169006,0.04433077573776245,0.3314732015132904,0.4834810197353363,0.15228544175624847,0.16857120394706726,0.09118469804525375
2040,-12.6215,-12.3848,-25.0063,-11.3281,-10.9062,1.1545,0.0,0.9796268939971924,0.47715604305267334,0.8710756301879883,0.052206672728061676,0.3545386791229248,0.5208333134651184,0.15143035352230072,0.1510416716337204,0.07221703976392746
2045,-12.4258,-12.7949,-25.2207,-11.0547,-10.6562,1.1182,0.0,0.9790499806404114,0.44567567110061646,0.8353356719017029,0.035368215292692184,0.3206845223903656,0.5064910054206848,0.14381219446659088,0.16499534249305725,0.08022388070821762
2050,-12.4605,-12.716,-25.1766,-11.1328,-10.5,1.0723,0.0,0.9766054749488831,0.4702286124229431,0.8102084994316101,0.034074075520038605,0.3720238208770752,0.5083954930305481,0.14622201025485992,0.1621968299150467,0.07870802283287048
2055,-12.9199,-11.9613,-24.8813,-11.6875,-10.7969,1.0392,0.0,0.9845471382141113,0.5234337449073792,0.8895073533058167,0.06494253128767014,0.3999255895614624,0.5256918668746948,0.16254663467407227,0.1396532952785492,0.0676305964589119
2060,-13.1176,-11.6762,-24.7938,-12.2812,-10.6172,1.0163,0.0,0.9886136651039124,0.5561848878860474,0.9256930351257324,0.06491885334253311,0.3861607015132904,0.5256918668746948,0.17156405746936798,0.13599969446659088,0.06226678937673569
2065,-12.9082,-11.9098,-24.818,-11.25,-11.0391,0.9958,0.0,0.98837810754776,0.5085106492042542,0.9219170808792114,0.06742280721664429,0.3545386791229248,0.5250699520111084,0.16441231966018677,0.14435634016990662,0.0616837702691555
2070,-12.3918,-12.8301,-25.2219,-10.4453,-11.1016,0.9608,0.0,0.9827015995979309,0.3807620704174042,0.8860103487968445,0.04916420951485634,0.2916666567325592,0.5055581331253052,0.14587220549583435,0.1650342047214508,0.07905783504247665
2075,-11.666,-13.7484,-25.4145,-9.3438,-12.0391,0.9068,0.0,0.9777355194091797,0.23069767653942108,0.8479567170143127,0.03678474202752113,0.1901041716337204,0.4905550479888916,0.12534981966018677,0.19402985274791718,0.08558768779039383
2080,-11.0535,-14.132,-25.1855,-9.4062,-11.8438,0.8465,0.0,0.9716061949729919,0.1648106873035431,0.8204637169837952,0.039599236100912094,0.114211305975914,0.5064910054206848,0.10471081733703613,0.20285291969776154,0.0814676582813263
2085,-10.7891,-15.5188,-26.3078,-9.1016,-12.7812,0.7702,0.0126,0.939608633518219,0.08054772764444351,0.7154871225357056,0.01958136446774006,0.0959821417927742,0.43893811106681824,0.09650964289903641,0.2449471354484558,0.11512748897075653
2090,-11.1188,-15.5426,-26.6613,-8.9922,-12.9766,0.6927,0.0471,0.9321408271789551,0.125777468085289,0.7243284583091736,0.022838499397039413,0.1160714253783226,0.41068097949028015,0.11248445510864258,0.25322607159614563,0.11913090944290161
2095,-10.3969,-16.0031,-26.4,-8.75,-13.4375,0.6087,0.0961,0.8867855072021484,0.11195521801710129,0.7047524452209473,0.038777031004428864,0.0758928582072258,0.4209032952785492,0.09720926731824875,0.27316543459892273,0.1042444035410881
2100,-11.4797,-15.2016,-26.6813,-9.1328,-13.2578,0.5238,0.1178,0.939556360244751,0.1592140942811966,0.7771399617195129,0.02032884955406189,0.104538694024086,0.4205534756183624,0.11473880708217621,0.2302161008119583,0.13001398742198944
2105,-11.5656,-14.3125,-25.8781,-9.2656,-12.4297,0.462,0.1261,0.942058265209198,0.21317589282989502,0.8597806096076965,0.04075867682695389,0.1324404776096344,0.4615205228328705,0.1250777393579483,0.21260882914066315,0.09631530195474625
2110,-11.9266,-13.3211,-25.2477,-9.3516,-12.0938,0.4084,0.1168,0.9710888266563416,0.3069364130496979,0.9141575694084167,0.04975369572639465,0.1774553507566452,0.5001165866851807,0.13448382914066315,0.18201959133148193,0.07890236377716064
2115,-11.652,-13.3875,-25.0395,-9.5078,-12.3672,0.35,0.1136,0.9670588374137878,0.27272728085517883,0.9111018180847168,0.039459459483623505,0.177827388048172,0.5120880007743835,0.12527208030223846,0.18625621497631073,0.07190609723329544
2120,-12.0355,-13.2871,-25.3227,-9.75,-12.0234,0.2964,0.0897,0.9713278412818909,0.31226977705955505,0.9093789458274841,0.042743537575006485,0.1819196492433548,0.49615204334259033,0.13716574013233185,0.1840018630027771,0.0782027393579483
2125,-12.1152,-13.0645,-25.1797,-9.6484,-11.9688,0.2481,0.0685,0.9758259057998657,0.3355013430118561,0.9214840531349182,0.056246619671583176,0.1953125,0.5000388622283936,0.14342351257801056,0.18019278347492218,0.07186722755432129
2130,-12.2531,-12.5156,-24.7687,-10.0781,-11.9062,0.2008,0.0433,0.9872738122940063,0.41582536697387695,0.9328449368476868,0.06820877641439438,0.2351190447807312,0.5283737778663635,0.14245180785655975,0.15916511416435242,0.06553171575069427
2135,-12.5109,-12.7922,-25.3031,-10.1484,-12.0,0.1518,0.0133,0.9862819314002991,0.4042929410934448,0.9181141257286072,0.044829342514276505,0.204985111951828,0.4930037260055542,0.15391790866851807,0.17230254411697388,0.07629819959402084
2140,-12.9746,-11.8121,-24.7867,-10.9297,-11.7266,0.1253,0.0,0.9930586814880371,0.538999080657959,0.9517497420310974,0.08647140860557556,0.2555803656578064,0.5207555890083313,0.17241916060447693,0.14661069214344025,0.05573694035410881
2145,-12.4543,-12.5281,-24.9824,-10.4766,-11.2969,0.0965,0.0,0.9887741804122925,0.4149238169193268,0.9349710941314697,0.039609644562006,0.2369791716337204,0.5158970952033997,0.15053637325763702,0.1613806039094925,0.0677083358168602
2150,-12.5055,-12.3426,-24.848,-10.5547,-11.3047,0.0516,0.0,0.9907885193824768,0.4354417026042938,0.9323327541351318,0.04495038092136383,0.2749255895614624,0.5274409055709839,0.14870958030223846,0.15279074013233185,0.06658115983009338
2155,-12.4047,-12.5008,-24.9055,-10.2188,-11.7891,0.0182,0.0,0.9875571727752686,0.46015626192092896,0.9176157116889954,0.05427251756191254,0.2176339328289032,0.51854008436203,0.1492537260055542,0.1604088991880417,0.06731965392827988
2160,-11.8082,-12.843,-24.6512,-10.0312,-11.625,0.0,0.0,0.9827089309692383,0.378353089094162,0.8884688019752502,0.03948896750807762,0.2425595223903656,0.5394900441169739,0.12461131811141968,0.16449004411697388,0.06693097203969955
2165,-12.377,-13.0684,-25.4453,-10.6953,-11.7031,0.0,0.0,0.9794504642486572,0.3908296823501587,0.8678907155990601,0.03802625462412834,0.2347470223903656,0.4936645030975342,0.142412930727005,0.1735852062702179,0.0858597606420517
2170,-12.3238,-12.6602,-24.984,-10.2812,-11.4766,0.0,0.0,0.9830470085144043,0.4517269432544708,0.8734390139579773,0.04978586733341217,0.263764888048172,0.5181514024734497,0.14291821420192719,0.16184701025485992,0.07260572165250778
2175,-12.9891,-11.9379,-24.927,-11.7031,-11.1406,0.0,0.0,0.9844337701797485,0.505229651927948,0.9171722531318665,0.06696715950965881,0.363095223903656,0.5168687701225281,0.17094215750694275,0.14734919369220734,0.06036224961280823
2180,-12.3387,-13.0008,-25.3395,-10.2422,-11.4609,0.0,0.0,0.9789664149284363,0.3928476870059967,0.8590767979621887,0.05714285746216774,0.2648809552192688,0.4933924078941345,0.1467272937297821,0.175139918923378,0.08026275038719177
2185,-12.3609,-12.2602,-24.6211,-10.9219,-10.8984,0.0,0.0,0.9835156798362732,0.4726583659648895,0.8872802257537842,0.05926860123872757,0.3426339328289032,0.5399564504623413,0.14357897639274597,0.15034204721450806,0.06164490059018135
2190,-12.6418,-12.2656,-24.9074,-11.0703,-11.4922,0.0,0.0,0.9816838502883911,0.4824836850166321,0.9073339700698853,0.06883604824542999,0.302827388048172,0.5156638622283936,0.16087530553340912,0.15687188506126404,0.06211131811141968
2195,-12.1762,-12.5008,-24.677,-10.1328,-11.7031,0.0,0.0,0.9826964735984802,0.43512746691703796,0.8662291765213013,0.05244338512420654,0.3411458432674408,0.5391013622283936,0.1372046023607254,0.15399564802646637,0.06522077322006226
2200,-12.3469,-12.6773,-25.0242,-10.9062,-10.6484,0.0,0.0,0.9796984791755676,0.400820791721344,0.8631449341773987,0.0511215440928936,0.3549107015132904,0.5207555890083313,0.14206312596797943,0.1581934094429016,0.07451026141643524
2205,-11.9324,-13.1559,-25.0883,-9.9062,-11.7109,0.0,0.0,0.9710812568664551,0.34063926339149475,0.8486217856407166,0.044124700129032135,0.3218005895614624,0.5147699117660522,0.1276818960905075,0.1720304787158966,0.08104011416435242
2210,-11.6211,-13.7902,-25.4113,-9.5078,-11.8516,0.0,0.0,0.9704869389533997,0.2972434461116791,0.8103412985801697,0.04022015258669853,0.1949404776096344,0.4965018630027771,0.11703202873468399,0.1901818960905075,0.09180659055709839
2215,-11.2312,-14.2289,-25.4602,-9.2344,-12.5859,0.0,0.0,0.9561368823051453,0.21329541504383087,0.7851318120956421,0.044763147830963135,0.1930803507566452,0.4917988181114197,0.10933613032102585,0.20495180785655975,0.0894356369972229
2220,-11.4723,-14.1148,-25.5871,-9.6172,-11.6562,0.0,0.0,0.9632217288017273,0.25964441895484924,0.7725009322166443,0.03397651016712189,0.2101934552192688,0.48402518033981323,0.11586598306894302,0.2029695212841034,0.09266169369220734
2225,-11.7934,-13.1551,-24.9484,-9.7188,-11.7578,0.0,0.0,0.9730335474014282,0.3551459312438965,0.8497580289840698,0.04805615544319153,0.2526041567325592,0.5203280448913574,0.12651586532592773,0.17669464647769928,0.07198382914066315
2230,-12.7121,-12.4707,-25.1828,-10.3594,-11.6719,0.0,0.0,0.984336256980896,0.437785804271698,0.9092432856559753,0.05736348778009415,0.2912946343421936,0.5012437701225281,0.16149720549583435,0.16231343150138855,0.07046797126531601
2235,-13.2109,-11.9172,-25.1281,-10.7109,-11.3906,0.0,0.0,0.9797799587249756,0.5154327750205994,0.9366622567176819,0.08382526785135269,0.3627232015132904,0.5017101764678955,0.18007618188858032,0.14789333939552307,0.0658426582813263
2240,-12.3531,-11.9852,-24.3383,-10.3359,-11.5078,0.0,0.0,0.9805513024330139,0.4955465495586395,0.9148525595664978,0.06161472946405411,0.3991815447807312,0.5555814504623413,0.14400653541088104,0.14105254411697388,0.05488184094429016
2245,-13.816,-11.4148,-25.2309,-11.6016,-11.1797,0.0,0.0,0.9814111590385437,0.5957568883895874,0.9177966117858887,0.08364083617925644,0.4270833432674408,0.4913712739944458,0.20335820317268372,0.13759328424930573,0.06319962441921234
2250,-13.3414,-11.5437,-24.8852,-11.5469,-10.9609,0.0,0.0,0.9809637069702148,0.5811816453933716,0.9056047201156616,0.08639705926179886,0.4401041567325592,0.5226989984512329,0.17762748897075653,0.1317630559206009,0.06343283504247665
2255,-12.7645,-12.073,-24.8375,-10.625,-11.5391,0.0,0.0,0.9774324893951416,0.5093017816543579,0.8954317569732666,0.07254534214735031,0.3742559552192688,0.5253031849861145,0.16087530553340912,0.14719371497631073,0.06215018779039383
2260,-12.384,-12.3641,-24.748,-10.1406,-11.5234,0.0,0.0,0.9787420034408569,0.46096256375312805,0.890421450138092,0.05821710079908371,0.3381696343421936,0.5338930487632751,0.14536692202091217,0.15216884016990662,0.06409359723329544
2265,-13.4008,-11.6219,-25.0227,-11.3906,-11.2969,0.0,0.0,0.9832431674003601,0.5602790713310242,0.8984051942825317,0.056850481778383255,0.4691220223903656,0.5172574520111084,0.17828825116157532,0.13160759210586548,0.06836909055709839
2270,-12.5512,-12.1035,-24.6547,-11.0469,-10.7422,0.0,0.0,0.9794505834579468,0.4704972803592682,0.883067786693573,0.061121612787246704,0.4404761791229248,0.5390625,0.15084733068943024,0.14392879605293274,0.0616837702691555
2275,-12.1969,-12.9422,-25.1391,-10.7031,-10.9609,0.0,0.0,0.9633539319038391,0.4009634554386139,0.81041419506073,0.04199604690074921,0.4211309552192688,0.5154695510864258,0.13716574013233185,0.1642179787158966,0.07866915315389633
2280,-11.9328,-14.0141,-25.9469,-10.1797,-11.9609,0.0,0.0,0.935594379901886,0.3473810851573944,0.7521249055862427,0.0509672611951828,0.3467261791229248,0.46529072523117065,0.12912002205848694,0.19663402438163757,0.10447761416435242
2285,-11.857,-13.868,-25.725,-9.7891,-11.7344,0.0,0.0,0.924558699131012,0.36543211340904236,0.7675366997718811,0.044997990131378174,0.3761160671710968,0.4822372496128082,0.12593284249305725,0.19060945510864258,0.09674284607172012
2290,-11.1789,-15.891,-27.0699,-9.625,-12.3672,0.0,0.001,0.8916509747505188,0.24895396828651428,0.6298184990882874,0.026701878756284714,0.2459077388048172,0.39245179295539856,0.11147388070821762,0.2591340243816376,0.13246268033981323
2295,-10.7348,-17.4602,-28.1949,-10.3984,-12.9297,0.0,0.0871,0.8828859925270081,0.15601252019405365,0.4962366223335266,0.01351950317621231,0.1875,0.3388526141643524,0.08694807440042496,0.2943485677242279,0.1753731369972229
2300,-11.7715,-18.4898,-30.2613,-11.8672,-14.5859,0.0,0.2032,0.8969579339027405,0.17882226407527924,0.4007579982280731,0.00937627349048853,0.170014888048172,0.2606498897075653,0.071944959461689,0.27689677476882935,0.28603076934814453
2305,-11.8254,-13.8012,-25.6266,-10.5859,-10.9609,0.0,0.2175,0.9568649530410767,0.4002533257007599,0.6825889348983765,0.0243610218167305,0.3928571343421936,0.4874844551086426,0.12274564802646637,0.18796642124652863,0.0973258689045906
2310,-11.5613,-14.6668,-26.2281,-10.2891,-10.875,0.0,0.2155,0.9355992674827576,0.31269675493240356,0.6755200624465942,0.017004577443003654,0.3218005895614624,0.45627331733703613,0.11112406849861145,0.20926617085933685,0.11885882914066315
2315,-11.618,-15.7184,-27.3363,-10.3906,-12.3828,0.0,0.2261,0.9226369261741638,0.23395204544067383,0.6156207323074341,0.017076022922992706,0.2912946343421936,0.40092507004737854,0.10051306337118149,0.22792288661003113,0.16616137325763702
2320,-10.9582,-15.5156,-26.4738,-9.7891,-11.5703,0.0,0.2794,0.9004484415054321,0.2552621364593506,0.6307888627052307,0.030845770612359047,0.2779017984867096,0.43337997794151306,0.1015625,0.24339240789413452,0.1171875
2325,-11.4957,-14.2391,-25.7348,-9.8281,-11.8906,0.0,0.3121,0.9351070523262024,0.36166611313819885,0.6917438507080078,0.02990291267633438,0.3563988208770752,0.4791666567325592,0.11477767676115036,0.2014925330877304,0.10008551180362701
2330,-11.9008,-13.6152,-25.516,-10.625,-10.9766,0.0,0.3204,0.9470104575157166,0.4071911573410034,0.7195353507995605,0.03323639556765556,0.427827388048172,0.4914489984512329,0.12647698819637299,0.18404074013233185,0.09355565905570984
2335,-13.2922,-11.4172,-24.7094,-11.7344,-10.5156,0.0,0.2844,0.9691358208656311,0.6065022349357605,0.8723602294921875,0.07232704758644104,0.5677083134651184,0.5352145433425903,0.17335198819637299,0.1251554787158966,0.06180037185549736
2340,-12.5203,-12.7664,-25.2867,-10.6875,-11.4375,0.0,0.2248,0.9495183229446411,0.47445061802864075,0.8345341086387634,0.0451977401971817,0.4363839328289032,0.5043143630027771,0.1468050330877304,0.16184701025485992,0.08255597203969955
2345,-11.927,-13.7246,-25.6516,-9.9844,-11.6016,0.0,0.2087,0.928905725479126,0.3704471290111542,0.7832993865013123,0.0580262616276741,0.365327388048172,0.48165422677993774,0.1312577724456787,0.1908426582813263,0.09176772087812424
2350,-11.6059,-13.8148,-25.4207,-9.8281,-11.6094,0.0,0.2114,0.9296006560325623,0.35973814129829407,0.7609228491783142,0.04704359173774719,0.3872767984867096,0.4963463842868805,0.11874222755432129,0.19037623703479767,0.09005752205848694
2355,-11.4883,-15.0051,-26.4934,-9.2812,-13.0781,0.0,0.2173,0.8891078233718872,0.30421480536460876,0.718015193939209,0.04380952566862106,0.2991071343421936,0.43392413854599,0.11435012519359589,0.22481343150138855,0.12243469804525375
2360,-12.2629,-12.9766,-25.2395,-9.8594,-11.6641,0.0,0.2018,0.9302682876586914,0.43157607316970825,0.8687008619308472,0.05816226825118065,0.431547611951828,0.5055581331253052,0.14229632914066315,0.16814365983009338,0.07952425628900528
2365,-12.4566,-12.9395,-25.3961,-10.0859,-12.1484,0.0,0.1849,0.9269556999206543,0.43283969163894653,0.8580527901649475,0.07028599083423615,0.4575892984867096,0.4948694109916687,0.14960354566574097,0.17086443305015564,0.08018501102924347
2370,-11.9895,-13.2375,-25.227,-9.4375,-12.0156,0.0,0.1566,0.9143990278244019,0.39621591567993164,0.8623188138008118,0.08086680620908737,0.4170386791229248,0.4999222755432129,0.13969215750694275,0.1823693960905075,0.07353855669498444
2375,-12.1633,-12.9027,-25.066,-9.7266,-11.7422,0.0,0.1472,0.9328696727752686,0.41363003849983215,0.8200323581695557,0.08447729796171188,0.519345223903656,0.5141479969024658,0.1397310346364975,0.16802705824375153,0.07361629605293274
2380,-11.6242,-14.1648,-25.7891,-9.625,-11.9688,0.0,0.1295,0.904094934463501,0.3256177604198456,0.7528833150863647,0.042614810168743134,0.4222470223903656,0.4717428386211395,0.12426150590181351,0.2055736929178238,0.09394434094429016
2385,-12.4402,-12.2,-24.6402,-10.2891,-11.4609,0.0,0.1114,0.9576398134231567,0.44644296169281006,0.8509888648986816,0.05661538615822792,0.5911458134651184,0.5441153645515442,0.1447838991880417,0.1434623748064041,0.06316076219081879
2390,-13.3199,-11.3582,-24.6781,-11.3438,-11.2734,0.0,0.0537,0.968582272529602,0.5556308031082153,0.85924232006073,0.05463786423206329,0.6934523582458496,0.5431047677993774,0.17222481966018677,0.11901430040597916,0.061178483068943024
2395,-13.4195,-11.0113,-24.4309,-10.8984,-10.4062,0.0,0.0,0.9767882227897644,0.5639294385910034,0.8893572092056274,0.07898658514022827,0.7172619104385376,0.5542599558830261,0.17844371497631073,0.11065764725208282,0.052161071449518204
2400,-13.7086,-10.8738,-24.5824,-11.3984,-11.1406,0.0,0.0,0.974243700504303,0.5939555764198303,0.8911786079406738,0.09469153732061386,0.718377947807312,0.5447761416435242,0.1890547275543213,0.10750932991504669,0.05418221279978752
2405,-13.5105,-10.7379,-24.2484,-11.8047,-10.2578,0.0,0.0,0.9789299964904785,0.6002143621444702,0.8972346782684326,0.08418367058038712,0.7276785969734192,0.5644822716712952,0.1813199669122696,0.10401119291782379,0.04570895433425903
2410,-12.9563,-11.7234,-24.6797,-11.0391,-10.4531,0.0,0.0,0.9634853601455688,0.5152616500854492,0.8488512635231018,0.07391569763422012,0.6514136791229248,0.5428715944290161,0.16044776141643524,0.1285758763551712,0.06362717598676682
2415,-12.3508,-12.1949,-24.5457,-10.0,-11.2656,0.0,0.0,0.9545166492462158,0.4457063674926758,0.8274111747741699,0.04818560555577278,0.667782723903656,0.5520444512367249,0.14031405746936798,0.13782648742198944,0.06533737480640411
2420,-11.6168,-13.5703,-25.1871,-8.9453,-13.0,0.0,0.0,0.9270139336585999,0.3250814378261566,0.7679107785224915,0.03285714238882065,0.507440447807312,0.5133706331253052,0.11932525038719177,0.18120336532592773,0.0816231369972229
2425,-11.4273,-13.7066,-25.134,-8.9453,-12.8125,0.0,0.0,0.9342705011367798,0.28974443674087524,0.7463205456733704,0.048101264983415604,0.472470223903656,0.5115049481391907,0.1171097606420517,0.19014303386211395,0.07676461338996887
2430,-11.5859,-13.366,-24.952,-8.9531,-12.9844,0.0,0.0,0.9457151293754578,0.3157380223274231,0.7660590410232544,0.044807590544223785,0.4877232015132904,0.5233986377716064,0.11928638070821762,0.17910447716712952,0.0737328976392746
2435,-12.3547,-11.8766,-24.2313,-9.4922,-12.2812,0.0,0.0,0.9659923911094666,0.4755927622318268,0.8423764705657959,0.06109550595283508,0.6376488208770752,0.5726057291030884,0.13934235274791718,0.12822605669498444,0.05534825846552849
2440,-12.2348,-12.0742,-24.309,-9.7188,-11.5234,0.0,0.0,0.9609187245368958,0.455043226480484,0.8290005922317505,0.05646749958395958,0.6439732313156128,0.5668920874595642,0.13487251102924347,0.13456156849861145,0.05919620767235756
2445,-11.6598,-13.2781,-24.9379,-9.7969,-11.4141,0.0,0.0,0.9462697505950928,0.34046000242233276,0.737246036529541,0.04900938645005226,0.5327380895614624,0.5288013219833374,0.11998600512742996,0.17218594253063202,0.0745491310954094
2450,-11.3742,-13.9125,-25.2867,-8.6953,-13.125,0.0,0.0,0.9366551041603088,0.28484848141670227,0.7010412216186523,0.03847958520054817,0.4925595223903656,0.5031483173370361,0.11543843150138855,0.19410759210586548,0.08282804489135742
2455,-10.0684,-16.4035,-26.4719,-6.8438,-17.1562,0.0,0.014,0.8572235703468323,0.18880534172058105,0.5829199552536011,0.03425457328557968,0.279389888048172,0.41270211338996887,0.09305037558078766,0.28991758823394775,0.0998523011803627
2460,-10.4426,-16.2879,-26.7305,-7.0781,-16.6875,0.0,0.0473,0.8930658102035522,0.16754916310310364,0.5720714330673218,0.024686941877007484,0.2760416567325592,0.3990982472896576,0.10276741534471512,0.28502020239830017,0.10863650590181351
2465,-11.4395,-13.2805,-24.7199,-8.5625,-13.4141,0.0,0.0665,0.9501678347587585,0.32706645131111145,0.7382176518440247,0.06578115373849869,0.4906994104385376,0.5327270030975342,0.11990827322006226,0.18143656849861145,0.06145055964589119
2470,-11.9727,-12.9066,-24.8793,-9.1094,-12.6016,0.0,0.0306,0.9542284607887268,0.37750428915023804,0.7804483771324158,0.06152961403131485,0.527529776096344,0.523942768573761,0.13580535352230072,0.16818252205848694,0.06759172677993774
2475,-11.4324,-13.2406,-24.673,-8.7422,-13.3359,0.0,0.0181,0.9390712380409241,0.34586217999458313,0.7573926448822021,0.06874602288007736,0.5011160969734192,0.536497175693512,0.11788712441921234,0.18007618188858032,0.06106187775731087
2480,-11.9848,-13.193,-25.1777,-9.1953,-12.5703,0.0,0.0,0.9503940939903259,0.3500281274318695,0.7717062830924988,0.10501567274332047,0.4713541567325592,0.5030317306518555,0.13813744485378265,0.17995958030223846,0.07439365983009338
2485,-11.3531,-14.3297,-25.6828,-7.9531,-15.0078,0.0,0.0,0.9211884140968323,0.31287190318107605,0.7081560492515564,0.08215426653623581,0.3504464328289032,0.4670397937297821,0.1241060346364975,0.21921642124652863,0.08516013622283936
2490,-11.5871,-13.2254,-24.8125,-7.5859,-15.6016,0.0,0.0,0.9371517896652222,0.3648897111415863,0.7724588513374329,0.07755880802869797,0.4754464328289032,0.5232042670249939,0.1268656700849533,0.18431280553340912,0.06113961338996887
2495,-11.1859,-13.7137,-24.8996,-7.1562,-16.0625,0.0,0.0,0.9350776672363281,0.36069896817207336,0.7147310972213745,0.0880347192287445,0.3991815447807312,0.5154695510864258,0.11788712441921234,0.1994713991880417,0.06269434094429016
2500,-11.6066,-13.5297,-25.1363,-8.0625,-14.4609,0.0,0.0068,0.9383583068847656,0.3714025914669037,0.7376217246055603,0.09626825153827667,0.4207589328289032,0.5038090944290161,0.12830379605293274,0.19154228270053864,0.07186722755432129
2505,-10.8172,-15.7496,-26.5668,-6.3984,-18.1875,0.0,0.0389,0.9012696743011475,0.23746518790721893,0.6079404354095459,0.06333695352077484,0.2544642984867096,0.41021454334259033,0.11162935197353363,0.2662857472896576,0.10739272087812424
2510,-10.4805,-15.523,-26.0035,-7.0469,-16.3281,0.0,0.0912,0.894490122795105,0.22599704563617706,0.6456310749053955,0.06106870248913765,0.2384672611951828,0.43948227167129517,0.10525497794151306,0.2642257511615753,0.08655939251184464
2515,-10.9867,-14.2727,-25.2594,-7.6172,-15.2812,0.0,0.0979,0.9311410188674927,0.28981107473373413,0.7065698504447937,0.08347152918577194,0.3136160671710968,0.49051615595817566,0.11520522087812424,0.2194885015487671,0.0703125
2520,-12.0801,-12.4316,-24.5117,-9.4688,-11.9062,0.0,0.0819,0.9685472249984741,0.44776979088783264,0.8109309673309326,0.07367072254419327,0.482514888048172,0.5511505007743835,0.13506685197353363,0.14863184094429016,0.060673195868730545
2525,-12.3473,-12.6426,-24.9898,-9.6953,-11.7812,0.0,0.0441,0.9625696539878845,0.4348958432674408,0.7974833846092224,0.08421052992343903,0.4691220223903656,0.5160914063453674,0.1492537260055542,0.16371268033981323,0.06646455079317093
2530,-12.2098,-12.5109,-24.7207,-9.4688,-12.1406,0.0,0.005,0.9589210152626038,0.4715581238269806,0.7826842069625854,0.0798267349600792,0.5089285969734192,0.5345926880836487,0.1414412260055542,0.15667754411697388,0.06281094253063202
2535,-12.3406,-12.1672,-24.5078,-9.7734,-11.4609,0.0,0.0,0.9717981219291687,0.46390917897224426,0.8147448301315308,0.10335570573806763,0.519345223903656,0.5499067306518555,0.14377331733703613,0.14392879605293274,0.057913556694984436
2540,-11.9254,-12.8137,-24.7391,-9.3438,-12.1094,0.0,0.0,0.9656292796134949,0.40271493792533875,0.7581077814102173,0.07718309760093689,0.4944196343421936,0.5382851362228394,0.12884794175624847,0.15939831733703613,0.06899098306894302
2545,-12.5352,-12.2914,-24.8266,-10.1406,-11.0547,0.0,0.0,0.976578414440155,0.4431757926940918,0.7964912056922913,0.0785282775759697,0.5450148582458496,0.5343594551086426,0.14637748897075653,0.14400653541088104,0.07077892124652863
2550,-13.1988,-10.9395,-24.1383,-10.9219,-10.4062,0.0,0.0,0.9868689775466919,0.5537803769111633,0.870248556137085,0.14716006815433502,0.6982886791229248,0.5712841749191284,0.17273010313510895,0.10634328424930573,0.0451648011803627
2555,-13.9285,-11.3773,-25.3059,-11.4375,-10.125,0.0,0.0,0.9839771389961243,0.5279303193092346,0.8758131265640259,0.1322033852338791,0.6086309552192688,0.4900108873844147,0.20526275038719177,0.13145211338996887,0.06879664212465286
2560,-13.4305,-11.3691,-24.7996,-11.1406,-10.7656,0.0,0.0,0.9856399893760681,0.514211893081665,0.8439306616783142,0.1120636835694313,0.6741071343421936,0.5305114984512329,0.1805037260055542,0.12103544920682907,0.0634717047214508
2565,-12.8172,-11.0582,-23.8754,-10.4531,-10.8047,0.0,0.0,0.9853823781013489,0.5434504151344299,0.8589164614677429,0.09680207073688507,0.7079613208770752,0.5956156849861145,0.15162469446659088,0.10331156849861145,0.04497046023607254
2570,-12.7309,-11.7746,-24.5055,-10.7109,-10.4531,0.0,0.0,0.9795604348182678,0.46348315477371216,0.811589777469635,0.07522697746753693,0.6581101417541504,0.5552704930305481,0.15220771729946136,0.12810945510864258,0.05993470177054405
2575,-11.9059,-12.65,-24.5559,-9.6953,-11.2656,0.0,0.0,0.9706705808639526,0.35734596848487854,0.7720820307731628,0.06666667014360428,0.5673363208770752,0.5552704930305481,0.12301772087812424,0.14785447716712952,0.06937966495752335
2580,-12.127,-12.6566,-24.7836,-10.2422,-10.7578,0.0,0.0,0.9708737730979919,0.3467884361743927,0.7451332211494446,0.07403375208377838,0.6164434552192688,0.5404617786407471,0.1319185346364975,0.15174129605293274,0.07140080630779266
2585,-11.9738,-12.8527,-24.8266,-9.8984,-10.9766,0.0,0.0,0.9696815013885498,0.3189046084880829,0.7780441045761108,0.06502242386341095,0.5420386791229248,0.5320273637771606,0.1319962739944458,0.16215795278549194,0.0693407952785492
2590,-12.6371,-11.4125,-24.0496,-10.0234,-11.2656,0.0,0.0,0.9824163913726807,0.4732683598995209,0.8681726455688477,0.10451306402683258,0.6744791865348816,0.5835665464401245,0.14758239686489105,0.11528296023607254,0.04909048601984978
2595,-12.85,-11.1133,-23.9633,-10.4141,-10.8125,0.0,0.0,0.9889249801635742,0.5109049677848816,0.8831169009208679,0.10750000178813934,0.6953125,0.5860929489135742,0.15504509210586548,0.107742540538311,0.04664178937673569
2600,-12.9023,-11.032,-23.9344,-10.5781,-10.7656,0.0,0.0,0.9868412613868713,0.5323456525802612,0.8908424973487854,0.1152154803276062,0.687127947807312,0.5878031849861145,0.15741604566574097,0.10611007362604141,0.044193096458911896
2605,-12.9051,-11.6875,-24.5926,-10.3984,-11.7344,0.0,0.0,0.9808048009872437,0.47948840260505676,0.8408955335617065,0.08851351588964462,0.609375,0.5467195510864258,0.16106964647769928,0.1302083283662796,0.057524874806404114
2610,-12.3945,-12.0594,-24.4539,-10.0625,-10.8828,0.0,0.0,0.9807491302490234,0.4001629948616028,0.8177650570869446,0.09268929809331894,0.6101190447807312,0.557252824306488,0.1430736929178238,0.1356498748064041,0.05954601988196373
2615,-13.4051,-11.673,-25.0781,-10.875,-10.4531,0.0,0.0,0.9810035824775696,0.49298813939094543,0.8320862054824829,0.07077255845069885,0.6729910969734192,0.5135650038719177,0.18015392124652863,0.12985852360725403,0.071944959461689
2620,-14.3789,-10.5352,-24.9141,-12.2422,-10.7188,0.0,0.0,0.9857586622238159,0.6048755049705505,0.8970640301704407,0.11679389327764511,0.7168898582458496,0.5130985975265503,0.22162623703479767,0.10988028347492218,0.05091729015111923
2625,-13.5887,-10.5348,-24.1234,-11.1094,-10.3594,0.0,0.0,0.9923830032348633,0.5826821327209473,0.8852525353431702,0.11634103208780289,0.773809552192688,0.5715174078941345,0.18404074013233185,0.09619869291782379,0.04376554861664772
2630,-13.1133,-11.2875,-24.4008,-10.8828,-10.6016,0.0,0.0,0.9866246581077576,0.5102786421775818,0.8551201820373535,0.09070631861686707,0.6815476417541504,0.5550373196601868,0.1701647937297821,0.11804260313510895,0.05227767303586006
2635,-12.1098,-12.2047,-24.3145,-9.9453,-10.8359,0.0,0.0,0.9813686013221741,0.3531131148338318,0.8093208074569702,0.06395736336708069,0.6272321343421936,0.5674362778663635,0.1329679787158966,0.13677705824375153,0.05834110826253891
2640,-12.307,-11.7012,-24.0082,-10.3906,-10.6953,0.0,0.0,0.9815975427627563,0.4302052855491638,0.8146231174468994,0.07547169923782349,0.7012648582458496,0.5892801880836487,0.13254041969776154,0.12014147639274597,0.053560324013233185
2645,-12.8609,-11.1652,-24.0262,-10.8828,-11.1875,0.0,0.0,0.985943615436554,0.5171046257019043,0.8528475165367126,0.07962328940629959,0.7098214030265808,0.5834499597549438,0.15679416060447693,0.10988028347492218,0.045398011803627014
2650,-13.3703,-10.8379,-24.2082,-10.7188,-10.7188,0.0,0.0,0.9849397540092468,0.5633399486541748,0.861876368522644,0.0687655359506607,0.7734375,0.5677860975265503,0.176422581076622,0.10439987480640411,0.04691386967897415
2655,-14.2488,-10.3488,-24.5977,-12.3438,-9.9062,0.0,0.0,0.9873354434967041,0.6222927570343018,0.8689883947372437,0.10570987313985825,0.796875,0.5432214140892029,0.2081778645515442,0.09375,0.0503731332719326
2660,-13.75,-10.2484,-23.9984,-11.9609,-10.1562,0.0,0.0,0.9868385791778564,0.6393951773643494,0.87800532579422,0.13426853716373444,0.7961309552192688,0.5817785859107971,0.1876554787158966,0.08729788661003113,0.038790423423051834
2665,-14.0359,-10.2742,-24.3102,-12.8359,-10.5391,0.0,0.0,0.982324481010437,0.6322605013847351,0.8686746954917908,0.10652591288089752,0.8247767686843872,0.5541433691978455,0.2040967047214508,0.09678171575069427,0.04050062224268913
2670,-14.3297,-10.0395,-24.3691,-12.8906,-10.0547,0.0,0.0,0.9893850684165955,0.6508907675743103,0.902583658695221,0.11301715672016144,0.7905505895614624,0.5492459535598755,0.2159903645515442,0.09176772087812424,0.03851834684610367
2675,-14.0879,-10.3566,-24.4445,-11.7969,-9.8984,0.0049,0.0,0.9859753251075745,0.6176636815071106,0.8702811002731323,0.0776699036359787,0.812127947807312,0.5487406849861145,0.2059623748064041,0.09678171575069427,0.044037625193595886
2680,-14.0781,-10.5391,-24.6172,-12.3672,-10.0234,0.0088,0.0,0.9847580790519714,0.6095219850540161,0.8681318759918213,0.09197194129228592,0.761532723903656,0.5406172275543213,0.2024642378091812,0.10257307440042496,0.04986784979701042
2685,-14.0332,-10.5445,-24.5777,-12.7812,-10.0391,0.0048,0.0,0.9820001721382141,0.6226922869682312,0.8835565447807312,0.08471892029047012,0.7433035969734192,0.5398398637771606,0.20211443305015564,0.10447761416435242,0.04909048601984978
2690,-13.2703,-11.107,-24.3773,-11.4844,-10.7344,0.0,0.0,0.9818509221076965,0.5454339981079102,0.8484740853309631,0.05873715132474899,0.7403273582458496,0.5611007213592529,0.1719527393579483,0.10953047126531601,0.05293843150138855
2695,-12.6574,-11.8043,-24.4617,-10.6406,-10.3125,0.0,0.0,0.9779146909713745,0.46113166213035583,0.8090342879295349,0.060473814606666565,0.6763392686843872,0.5614116787910461,0.14699937403202057,0.12476678937673569,0.06234452873468399
2700,-12.4414,-12.4438,-24.8852,-9.8984,-11.1172,0.0,0.0,0.9756456613540649,0.3868938386440277,0.7825524210929871,0.05590062215924263,0.601190447807312,0.5282571315765381,0.1482820212841034,0.1501477062702179,0.06883551180362701
2705,-12.3148,-11.8578,-24.1727,-9.9375,-11.3203,0.0,0.0,0.9784793853759766,0.3997206687927246,0.8337438702583313,0.06335493177175522,0.6886160969734192,0.5761427283287048,0.13914801180362701,0.12624378502368927,0.05398787185549736
2710,-12.473,-11.518,-23.991,-9.6562,-11.4844,0.0,0.0,0.9830124378204346,0.44147247076034546,0.8702861070632935,0.08411215245723724,0.680059552192688,0.5834499597549438,0.14676617085933685,0.11955846101045609,0.045747824013233185
2715,-12.3473,-11.5797,-23.927,-9.8047,-11.2109,0.0,0.0,0.9842420816421509,0.3962952494621277,0.8793495893478394,0.08663967251777649,0.6986607313156128,0.58951336145401,0.13848724961280823,0.11951959133148193,0.048002175986766815
2720,-11.9418,-12.2324,-24.1742,-9.25,-12.0859,0.0,0.0,0.9770317077636719,0.3167739808559418,0.8571829199790955,0.06161472946405411,0.6037946343421936,0.5753653645515442,0.12674906849861145,0.13852612674236298,0.05488184094429016
2725,-11.8418,-12.4266,-24.2684,-9.6641,-11.1875,0.0,0.0,0.975011944770813,0.27238336205482483,0.8747622966766357,0.06623376905918121,0.5758928656578064,0.5693019032478333,0.1232898011803627,0.1430736929178238,0.05985696613788605
2730,-12.0758,-12.6992,-24.775,-9.4922,-11.7656,0.0,0.0,0.9779459834098816,0.2589743733406067,0.871706485748291,0.034682080149650574,0.5226934552192688,0.5340096354484558,0.13642723858356476,0.15784358978271484,0.06724191457033157
2735,-12.1293,-12.1316,-24.2609,-9.2578,-12.1875,0.0,0.0,0.9804623126983643,0.30354610085487366,0.9106801152229309,0.07132018357515335,0.566592276096344,0.5649875402450562,0.13701026141643524,0.14229632914066315,0.05122823268175125
2740,-12.3895,-11.6652,-24.0547,-9.4219,-11.5547,0.0,0.0,0.9877837300300598,0.36652836203575134,0.9326707124710083,0.07164404541254044,0.640252947807312,0.5822450518608093,0.14050839841365814,0.12122979015111923,0.05153917893767357
2745,-11.8773,-12.8406,-24.718,-9.4297,-11.5391,0.0,0.0,0.980093777179718,0.21475903689861298,0.8675512671470642,0.05087719112634659,0.4810267984867096,0.5389070510864258,0.12904228270053864,0.16110852360725403,0.06646455079317093
2750,-11.8188,-12.4867,-24.3055,-9.4219,-11.6484,0.0,0.0,0.9874425530433655,0.2389659583568573,0.9075741767883301,0.059249505400657654,0.4713541567325592,0.5664256811141968,0.1232898011803627,0.14676617085933685,0.05904073268175125
2755,-11.6234,-13.2465,-24.8699,-8.4062,-13.7031,0.0,0.0,0.9639846086502075,0.18714909255504608,0.8599171042442322,0.03238866478204727,0.4352678656578064,0.5255752205848694,0.12461131811141968,0.1781327724456787,0.06720304489135742
2760,-11.7484,-13.0715,-24.8199,-9.0781,-12.5,0.0,0.0,0.9811834096908569,0.18280543386936188,0.8715513348579407,0.05300353467464447,0.4073660671710968,0.5288013219833374,0.12884794175624847,0.171875,0.0659981369972229
2765,-11.5324,-12.8203,-24.3527,-8.8984,-12.6484,0.0,0.0,0.9765772223472595,0.21561580896377563,0.8725537061691284,0.054709140211343765,0.4475446343421936,0.5575637221336365,0.1189754381775856,0.16285759210586548,0.05612562224268913
2770,-11.2391,-13.2148,-24.4539,-8.3359,-13.6328,0.0,0.0,0.9539622068405151,0.22596491873264313,0.8607397675514221,0.06653491407632828,0.388764888048172,0.5513059496879578,0.11077425628900528,0.17444029450416565,0.0590018667280674
2775,-11.1191,-13.8344,-24.9535,-8.75,-12.9453,0.0,0.0,0.9604689478874207,0.15854085981845856,0.8335303664207458,0.05146652087569237,0.2503720223903656,0.5171797275543213,0.11081311851739883,0.19729477167129517,0.0702347606420517
2780,-11.1633,-13.793,-24.9562,-8.0625,-14.5312,0.0,0.0,0.9503620862960815,0.15643027424812317,0.8451964259147644,0.029498524963855743,0.3002232015132904,0.5152363181114197,0.11454446613788605,0.199860081076622,0.06588152796030045
2785,-11.548,-13.607,-25.1551,-8.0703,-14.375,0.0,0.0,0.9594396948814392,0.16635629534721375,0.8670040369033813,0.06259947270154953,0.3154761791229248,0.5050140023231506,0.12523320317268372,0.19200870394706726,0.07326647639274597
2790,-11.0887,-14.3289,-25.4176,-8.3906,-13.5938,0.0,0.0,0.9452853202819824,0.11614364385604858,0.8380269408226013,0.03889184817671776,0.189360111951828,0.4802161157131195,0.12014147639274597,0.22220925986766815,0.07295553386211395
2795,-11.7086,-12.8301,-24.5387,-9.0234,-12.3516,0.0,0.0,0.990333080291748,0.20109044015407562,0.9103750586509705,0.04927007481455803,0.3567708432674408,0.5508395433425903,0.12119092047214508,0.1595926582813263,0.06389925628900528
2800,-11.7426,-12.782,-24.5246,-9.3438,-11.7578,0.0,0.0,0.9929068088531494,0.15147624909877777,0.9181476831436157,0.03846153989434242,0.427827388048172,0.5534437298774719,0.12111318111419678,0.1552782952785492,0.06568718701601028
2805,-12.075,-12.6809,-24.7559,-9.6172,-11.4688,0.0,0.0,0.9940927624702454,0.17668746411800385,0.9375452399253845,0.049546826630830765,0.4308035671710968,0.5329601764678955,0.1370491236448288,0.16118626296520233,0.06432680040597916
2810,-12.5707,-11.6051,-24.1758,-10.1172,-10.8672,0.0,0.0,0.9971621632575989,0.3384820222854614,0.9634067416191101,0.08876163512468338,0.6201636791229248,0.5752487778663635,0.14594994485378265,0.12002487480640411,0.05429881811141968
2815,-13.2637,-10.9281,-24.1918,-10.8359,-10.5078,0.0,0.0,0.9981542229652405,0.4423942267894745,0.9756097793579102,0.08559322357177734,0.7332589030265808,0.5685634613037109,0.17273010313510895,0.10836442559957504,0.04586442932486534
2820,-12.4777,-10.9754,-23.4531,-10.1172,-10.4688,0.0,0.0,0.9986326694488525,0.3722710609436035,0.9750103950500488,0.08219178020954132,0.797247052192688,0.6253886818885803,0.13708800077438354,0.09332244843244553,0.03972325846552849
2825,-12.6664,-11.3258,-23.9922,-10.4453,-10.2344,0.0,0.0,0.9968526363372803,0.3026706278324127,0.9618597626686096,0.05568096414208412,0.797247052192688,0.5927783250808716,0.14408425986766815,0.10700403898954391,0.051655784249305725
2830,-12.5859,-10.9758,-23.5617,-10.6484,-10.0859,0.0,0.0,0.9978725910186768,0.3523836135864258,0.9644945859909058,0.05756731703877449,0.8456101417541504,0.6211909055709839,0.13942009210586548,0.09305037558078766,0.04186100885272026
2835,-12.2125,-11.732,-23.9445,-9.8906,-10.5938,0.0,0.0,0.9977239966392517,0.1911407709121704,0.9474570751190186,0.045096635818481445,0.7570684552192688,0.5977145433425903,0.12810945510864258,0.1153995618224144,0.05429881811141968
2840,-11.9527,-12.2504,-24.2031,-10.0078,-10.5469,0.0,0.0,0.9954072833061218,0.13031423091888428,0.9298694133758545,0.03342428430914879,0.6458333134651184,0.5754819512367249,0.12616604566574097,0.13689365983009338,0.05698072165250778
2845,-12.1836,-12.0102,-24.1938,-10.1641,-10.3047,0.0,0.0,0.9964371919631958,0.15527401864528656,0.932584285736084,0.038591738790273666,0.7276785969734192,0.5782027244567871,0.1319185346364975,0.12799285352230072,0.05740826949477196
2850,-12.2086,-11.9355,-24.1441,-10.1328,-10.4844,0.0,0.0,0.9977315068244934,0.15416298806667328,0.9336686730384827,0.03192934766411781,0.7607886791229248,0.5825559496879578,0.13211287558078766,0.12363961338996887,0.057213928550481796
2855,-12.6148,-11.8824,-24.4973,-10.2266,-10.2969,0.0,0.0,0.9969587922096252,0.19766810536384583,0.9434796571731567,0.02446126937866211,0.781622052192688,0.5623445510864258,0.14334577322006226,0.12309546023607254,0.0667366310954094
2860,-12.6031,-11.2004,-23.8035,-10.2422,-10.2891,0.0,0.0,0.9985173940658569,0.30084171891212463,0.9578154683113098,0.050462573766708374,0.839657723903656,0.6029617786407471,0.1431514322757721,0.103194959461689,0.04621424153447151
2865,-12.1906,-11.5543,-23.7449,-9.875,-10.7656,0.0,0.0,0.9968847632408142,0.22239311039447784,0.9275309443473816,0.0502283088862896,0.8147321343421936,0.6113572716712952,0.12636038661003113,0.10673196613788605,0.05107276141643524
2870,-12.198,-11.5477,-23.7457,-10.25,-10.3672,0.0,0.0,0.9984682202339172,0.19786910712718964,0.9504045248031616,0.040192924439907074,0.8054315447807312,0.6089863181114197,0.1276818960905075,0.11050217598676682,0.048351988196372986
2875,-12.6262,-11.398,-24.0242,-10.1719,-10.4531,0.0,0.0,0.9972917437553406,0.2404559850692749,0.9618979096412659,0.07423905283212662,0.863095223903656,0.5884250402450562,0.14661069214344025,0.10813122242689133,0.052355408668518066
2880,-13.0738,-10.6199,-23.6938,-10.4531,-10.1953,0.0,0.0,0.9989087581634521,0.40281420946121216,0.9754062294960022,0.1220988929271698,0.9129464030265808,0.6055270433425903,0.16297419369220734,0.08850280195474625,0.03851834684610367
2885,-12.9375,-10.6723,-23.6098,-10.375,-10.1172,0.0,0.0,0.9986712336540222,0.39421382546424866,0.9713277220726013,0.10764587670564651,0.8984375,0.61427241563797,0.15450093150138855,0.08811412006616592,0.038634948432445526
2890,-13.4762,-10.5816,-24.0578,-10.5781,-10.25,0.0,0.0,0.9985252022743225,0.44045040011405945,0.9683333039283752,0.1230769231915474,0.8854166865348816,0.579796314239502,0.17949315905570984,0.09328357875347137,0.042949315160512924
2895,-14.2102,-9.9152,-24.1254,-11.3281,-10.4609,0.0,0.0,0.998976469039917,0.5539783239364624,0.9868357181549072,0.18571428954601288,0.918154776096344,0.5696128606796265,0.2081001251935959,0.07971859723329544,0.038090795278549194
2900,-13.8723,-10.2594,-24.1316,-10.9219,-10.125,0.0,0.0,0.9989103674888611,0.4894084632396698,0.9776217341423035,0.15191052854061127,0.9200148582458496,0.5707400441169739,0.1944962739944458,0.08858053386211395,0.04170553386211395
2905,-14.1164,-10.5316,-24.648,-11.0078,-10.1641,0.0,0.0,0.998485803604126,0.43868640065193176,0.9797939658164978,0.17186367511749268,0.9073660969734192,0.5390625,0.2047574669122696,0.09810323268175125,0.05359918996691704
2910,-13.4066,-10.3211,-23.7277,-11.2734,-9.7734,0.0,0.0,0.9962729811668396,0.4599863886833191,0.9778092503547668,0.14646996557712555,0.941220223903656,0.6048662662506104,0.17144745588302612,0.08232276141643524,0.036885883659124374
2915,-13.1555,-10.6266,-23.782,-10.5,-10.0547,0.0,0.0,0.9990298748016357,0.38976189494132996,0.9768760800361633,0.15101289749145508,0.922247052192688,0.6009795069694519,0.1632462739944458,0.08908581733703613,0.04221082106232643
2920,-13.7266,-10.0164,-23.743,-11.2656,-10.0,0.0,0.0,0.9986965656280518,0.5008261203765869,0.9892104268074036,0.23312883079051971,0.9538690447807312,0.5963930487632751,0.18819962441921234,0.07925217598676682,0.031677551567554474
2925,-13.8285,-10.2391,-24.0676,-10.9453,-10.0078,0.0,0.0,0.9987170696258545,0.47520744800567627,0.9798334240913391,0.1686507910490036,0.933407723903656,0.5756374597549438,0.192047581076622,0.08865827322006226,0.039179105311632156
2930,-13.0012,-10.7125,-23.7137,-10.3203,-10.0625,0.0,0.0,0.9992296099662781,0.3652900755405426,0.9786507487297058,0.1557454913854599,0.9092261791229248,0.6054493188858032,0.1581156700849533,0.09102922677993774,0.04092817008495331
2935,-13.1738,-10.9871,-24.1609,-10.8203,-10.0938,0.0,0.0,0.9988515973091125,0.32870370149612427,0.966326117515564,0.10204081982374191,0.9095982313156128,0.5753653645515442,0.16791044175624847,0.10272854566574097,0.04951803386211395
2940,-13.1707,-10.6781,-23.8488,-10.5469,-10.2188,0.0,0.0,0.9983699321746826,0.3578454256057739,0.980566143989563,0.200750470161438,0.9263392686843872,0.5961209535598755,0.16596704721450806,0.09200093150138855,0.04143345728516579
2945,-12.6672,-10.7512,-23.4184,-10.4609,-10.2969,0.0,0.0,0.999383807182312,0.31203320622444153,0.9789280891418457,0.14610068500041962,0.9441964030265808,0.6307913661003113,0.14050839841365814,0.08484919369220734,0.03937344625592232
2950,-12.8156,-10.6816,-23.4973,-10.3828,-10.1016,0.0,0.0,0.9988774061203003,0.3479844033718109,0.9824236631393433,0.14014014601707458,0.9464285969734192,0.6232120394706726,0.14944806694984436,0.08403296023607254,0.03882928937673569
2955,-13.0496,-10.5324,-23.582,-10.3672,-10.2031,0.0,0.0,0.9991142749786377,0.3820500373840332,0.9858188629150391,0.14226804673671722,0.9575892686843872,0.6143501400947571,0.15850435197353363,0.0849657952785492,0.03770211338996887
2960,-13.25,-10.5676,-23.8176,-10.7734,-10.1406,0.0,0.0,0.9985743761062622,0.38393890857696533,0.9860861897468567,0.157695934176445,0.9497767686843872,0.5998134613037109,0.16794931888580322,0.08659826219081879,0.04116138070821762
2965,-12.9801,-10.9691,-23.9492,-10.2734,-10.1328,0.0,0.0,0.9982910752296448,0.28329238295555115,0.976338267326355,0.12903225421905518,0.937872052192688,0.591340184211731,0.1581934094429016,0.10020211338996887,0.04578668996691704
2970,-12.7629,-10.9887,-23.7516,-10.3906,-10.2734,0.0,0.0,0.9991689324378967,0.2521534860134125,0.9838056564331055,0.13309024274349213,0.9345238208770752,0.6079757213592529,0.14890392124652863,0.09600435197353363,0.04263836890459061
2975,-12.6273,-11.432,-24.0594,-10.2812,-10.1406,0.0,0.0,0.9982917308807373,0.18149563670158386,0.962509274482727,0.0868673026561737,0.9162946343421936,0.5915733575820923,0.142412930727005,0.10471081733703613,0.05682525038719177
2980,-12.9293,-11.2734,-24.2027,-10.3438,-10.1328,0.0,0.0,0.9986465573310852,0.21303501725196838,0.9827160239219666,0.11702127754688263,0.9233630895614624,0.5743547677993774,0.1598258763551712,0.1101912334561348,0.051150497049093246
2985,-12.7734,-11.107,-23.8805,-10.3438,-10.0859,0.0,0.0,0.9993486404418945,0.2314600944519043,0.9810174703598022,0.13396716117858887,0.925967276096344,0.5967040061950684,0.15146921575069427,0.1023787334561348,0.04497046023607254
2990,-12.3988,-11.4496,-23.8484,-10.2109,-10.1875,0.0,0.0,0.9987746477127075,0.15431208908557892,0.9740259647369385,0.09034749120473862,0.8809523582458496,0.6026896834373474,0.1347559094429016,0.107742540538311,0.05033426731824875
2995,-12.6813,-11.6043,-24.2855,-10.2109,-10.2812,0.0,0.0,0.998634934425354,0.16114960610866547,0.9693011045455933,0.0783216804265976,0.879092276096344,0.5694574117660522,0.15146921575069427,0.11901430040597916,0.0555814690887928
3000,-12.5477,-11.4145,-23.9621,-10.2734,-10.2266,0.0,0.0,0.9993447065353394,0.16912752389907837,0.9749193787574768,0.08471892029047012,0.9043898582458496,0.5931670069694519,0.1447838991880417,0.1084810346364975,0.04909048601984978
3005,-12.5801,-11.2148,-23.7949,-10.25,-10.0859,0.0,0.0,0.9992901682853699,0.20315003395080566,0.9747169613838196,0.074912890791893,0.9441964030265808,0.6023010015487671,0.1456001251935959,0.10300061851739883,0.04462064802646637
3010,-12.5488,-11.0711,-23.6199,-10.1406,-10.2344,0.0,0.0,0.9994996786117554,0.23576538264751434,0.9812925457954407,0.09468438476324081,0.929315447807312,0.6214630007743835,0.13584421575069427,0.09141790866851807,0.046797264367341995
3015,-12.8637,-10.977,-23.8406,-10.7812,-10.125,0.0,0.0,0.9992917776107788,0.2817922830581665,0.9831345081329346,0.08634868264198303,0.9348958134651184,0.6037002205848694,0.1500699669122696,0.09448849409818649,0.04726368188858032
3020,-12.7266,-11.1047,-23.8312,-10.3594,-10.1484,0.0,0.0,0.9993525147438049,0.22954663634300232,0.9886763095855713,0.10953177511692047,0.9438244104385376,0.6003187298774719,0.1491760015487671,0.09954135864973068,0.04648631811141968
3025,-12.648,-10.923,-23.5711,-10.3203,-10.2266,0.0,0.0,0.9991828203201294,0.2564864754676819,0.988544762134552,0.1460465043783188,0.953125,0.6183146834373474,0.14381219446659088,0.09161224961280823,0.04178326949477196
3030,-13.3309,-10.5008,-23.8316,-10.4688,-10.1641,0.0,0.0,0.9990900158882141,0.39042821526527405,0.9922551512718201,0.18298262357711792,0.9587053656578064,0.59798663854599,0.16973724961280823,0.08531560748815536,0.0424828976392746
3035,-13.1016,-10.8152,-23.9168,-10.3594,-10.1016,0.0,0.0,0.9992797374725342,0.30045270919799805,0.9912317395210266,0.22959183156490326,0.9389880895614624,0.5935945510864258,0.16312965750694275,0.09308923780918121,0.04570895433425903
3040,-13.3664,-10.6746,-24.041,-10.5312,-9.9922,0.0,0.0,0.9990043044090271,0.31701207160949707,0.995387852191925,0.25437864661216736,0.9609375,0.5855488181114197,0.17067009210586548,0.09270056337118149,0.046602923423051834
3045,-13.8281,-10.2305,-24.0586,-10.9219,-10.125,0.0,0.0,0.9997979998588562,0.4178564250469208,0.9967948794364929,0.3617846667766571,0.9639136791229248,0.5772699117660522,0.19329135119915009,0.08488806337118149,0.04007307067513466
3050,-14.0109,-10.3453,-24.3563,-10.9062,-10.0156,0.0,0.0,0.9997889399528503,0.4158434569835663,0.9979541897773743,0.25044721364974976,0.9661458134651184,0.5524719953536987,0.20460198819637299,0.09499377757310867,0.0434546023607254
3055,-14.5074,-10.3238,-24.8313,-11.5391,-10.2969,0.0,0.0,0.9998513460159302,0.43211397528648376,0.9935871958732605,0.24822190403938293,0.964657723903656,0.5228933691978455,0.22100435197353363,0.09697605669498444,0.05464863032102585
3060,-14.4863,-10.1797,-24.666,-11.3047,-9.875,0.0,0.0,0.9997820258140564,0.458229660987854,0.9965262413024902,0.2640949487686157,0.96875,0.5349424481391907,0.2186722606420517,0.0895133689045906,0.05239427834749222
3065,-13.9172,-10.5996,-24.5168,-10.7656,-10.1562,0.0,0.0,0.9992956519126892,0.3718542456626892,0.9946191906929016,0.24126113951206207,0.956845223903656,0.5518501400947571,0.19305814802646637,0.09390547126531601,0.056708645075559616
3070,-13.5227,-10.409,-23.9316,-10.75,-9.9766,0.0,0.0,0.9995373487472534,0.3940833508968353,0.9960247278213501,0.20216962695121765,0.972842276096344,0.5881141424179077,0.17999844253063202,0.08799751102924347,0.03941231220960617
3075,-13.3703,-10.8016,-24.1719,-10.5781,-10.0625,0.0,0.0,0.9995934367179871,0.31473660469055176,0.9952681660652161,0.1794871836900711,0.9557291865348816,0.5735774040222168,0.17486785352230072,0.09856965392827988,0.048507463186979294
3080,-12.8277,-11.1027,-23.9305,-10.3828,-10.1484,0.0,0.0,0.9986945390701294,0.23384615778923035,0.989251434803009,0.12345679104328156,0.9278273582458496,0.5954601764678955,0.15158581733703613,0.10125155746936798,0.04722481220960617
3085,-12.7602,-11.0059,-23.766,-10.3828,-10.0078,0.0,0.0,0.9986008405685425,0.2473527044057846,0.9885008335113525,0.14552529156208038,0.9430803656578064,0.6111629605293274,0.1431514322757721,0.09126243740320206,0.049945585429668427
3090,-12.9098,-10.9328,-23.8426,-10.5312,-10.1328,0.0,0.0,0.9987702965736389,0.2798479199409485,0.9918699264526367,0.09712837636470795,0.953125,0.6005519032478333,0.15333488583564758,0.09561567008495331,0.04601990059018135
3095,-13.1938,-10.7844,-23.9781,-10.6562,-10.0703,0.0,0.0,0.9993419051170349,0.33584195375442505,0.9881806373596191,0.12919051945209503,0.949032723903656,0.5906405448913574,0.16526740789413452,0.09207867085933685,0.04753575846552849
3100,-13.4367,-10.5129,-23.9496,-11.0391,-9.8672,0.0,0.0,0.9976943135261536,0.39281755685806274,0.9889331459999084,0.16972477734088898,0.961309552192688,0.590018630027771,0.17533425986766815,0.08780317008495331,0.04236629232764244
3105,-13.9391,-10.0965,-24.0355,-11.5078,-10.0312,0.0,0.0,0.9987176656723022,0.48611384630203247,0.9908758997917175,0.18343815207481384,0.9631696343421936,0.5759094953536987,0.19733364880084991,0.08519900590181351,0.037080224603414536
3110,-14.9809,-9.5352,-24.516,-12.4375,-9.7422,0.0,0.0,0.9988412261009216,0.5866795778274536,0.9925925731658936,0.21371769905090332,0.9732142686843872,0.5366915464401245,0.24102145433425903,0.07870802283287048,0.03910136967897415
3115,-15.1449,-9.5199,-24.6648,-12.4766,-9.4297,0.0047,0.0,0.9988853335380554,0.6036909818649292,0.9895238280296326,0.17539027333259583,0.9620535969734192,0.5230488181114197,0.24852301180362701,0.0816231369972229,0.04232742637395859
3120,-14.5344,-9.6781,-24.2125,-12.6016,-10.0938,0.028,0.0,0.9986177086830139,0.5787241458892822,0.9896747469902039,0.16923077404499054,0.9680059552192688,0.5623834133148193,0.21995490789413452,0.07528762519359589,0.03789645433425903
3125,-14.1051,-9.9203,-24.0254,-12.0078,-9.8047,0.0311,0.0,0.9991926550865173,0.5355840921401978,0.9921606779098511,0.16594360768795013,0.9445684552192688,0.5777363181114197,0.20261971652507782,0.07932991534471512,0.035836443305015564
3130,-14.5211,-9.9391,-24.4602,-11.9062,-9.6562,0.045,0.0,0.9985755085945129,0.5503578186035156,0.984883189201355,0.11029411852359772,0.941592276096344,0.545708954334259,0.22267568111419678,0.08484919369220734,0.042288556694984436
3135,-14.7836,-9.6191,-24.4027,-12.3281,-9.6328,0.0569,0.0,0.9993608593940735,0.5912926197052002,0.9899849891662598,0.16521738469600677,0.9564732313156128,0.5473414063453674,0.23033271729946136,0.07761971652507782,0.04022854566574097
3140,-14.8609,-9.6918,-24.5527,-11.9922,-9.6484,0.078,0.0,0.998763382434845,0.5783588290214539,0.9895833134651184,0.18909090757369995,0.952752947807312,0.534320592880249,0.23635727167129517,0.08208955079317093,0.04275497421622276
3145,-14.0555,-9.8016,-23.857,-12.0859,-9.5547,0.0882,0.0,0.9987429976463318,0.5629268288612366,0.9906590580940247,0.14432989060878754,0.9635416865348816,0.5874922275543213,0.19919931888580322,0.07489894330501556,0.033931903541088104
3150,-13.7691,-9.8223,-23.5914,-11.75,-9.4062,0.0949,0.0,0.9990430474281311,0.5551839470863342,0.9911012053489685,0.16985951364040375,0.961309552192688,0.6092584133148193,0.1859452724456787,0.06988494843244553,0.030433768406510353
3155,-13.2891,-10.1695,-23.4586,-11.75,-9.7578,0.0911,0.0,0.9990028738975525,0.4814379811286926,0.9896907210350037,0.14636871218681335,0.9665178656578064,0.6236785054206848,0.16542288661003113,0.07163401693105698,0.034787002950906754
3160,-13.6004,-10.2219,-23.8223,-12.2344,-9.4688,0.0758,0.0,0.9987614154815674,0.46620601415634155,0.991908609867096,0.12603305280208588,0.9639136791229248,0.5962375402450562,0.17999844253063202,0.08166199922561646,0.03762437775731087
3165,-14.1309,-9.9391,-24.0699,-12.2266,-9.6719,0.0687,0.0,0.9979713559150696,0.5246782898902893,0.9899135231971741,0.1703011393547058,0.9642857313156128,0.5747823119163513,0.2023864984512329,0.08092350512742996,0.037430036813020706
3170,-12.7715,-11.2059,-23.9773,-10.4844,-10.0391,0.0499,0.0,0.9982246160507202,0.24675661325454712,0.9811391830444336,0.09721175581216812,0.9088541865348816,0.5911069512367249,0.14979788661003113,0.10303948819637299,0.05157804861664772
3175,-12.7664,-11.2711,-24.0375,-10.6484,-9.9922,0.0117,0.0,0.9986177086830139,0.23703113198280334,0.9701046347618103,0.05095541477203369,0.918154776096344,0.5904850959777832,0.14610540866851807,0.10401119291782379,0.05492071062326431
3180,-12.8484,-10.8199,-23.6684,-10.5312,-10.1094,0.0,0.0,0.9989799857139587,0.33139240741729736,0.9817796349525452,0.04885057359933853,0.949032723903656,0.6096859574317932,0.15352922677993774,0.09172885864973068,0.04057835787534714
3185,-13.3063,-10.3074,-23.6137,-11.1562,-10.0781,0.0,0.0,0.9982289671897888,0.4524312913417816,0.9873225092887878,0.1118881106376648,0.972842276096344,0.6145055890083313,0.16546174883842468,0.07664801180362701,0.03890702873468399
3190,-13.2688,-10.5723,-23.841,-11.1016,-9.9297,0.0,0.0,0.9989690780639648,0.4030064344406128,0.9838337302207947,0.09621993452310562,0.9401041865348816,0.603233814239502,0.16289645433425903,0.0841495618224144,0.045242536813020706
3195,-12.775,-10.7242,-23.4992,-10.9531,-10.0156,0.0,0.0,0.9986382126808167,0.3295113146305084,0.9864359498023987,0.09409593790769577,0.957217276096344,0.62791508436203,0.14237406849861145,0.08310012519359589,0.042133085429668427
3200,-12.652,-10.7336,-23.3855,-10.4375,-10.0391,0.0,0.0,0.9985230565071106,0.32697027921676636,0.9795538783073425,0.07621008902788162,0.9694940447807312,0.6316075921058655,0.14252954721450806,0.08364427834749222,0.037740983068943024
3205,-13.0344,-10.6836,-23.718,-10.8203,-9.9297,0.0,0.0,0.9989799857139587,0.3544999957084656,0.9883564710617065,0.06690455228090286,0.9680059552192688,0.6096859574317932,0.15547263622283936,0.08679260313510895,0.04357120767235756
3210,-13.0488,-10.616,-23.6648,-10.9844,-10.1172,0.0,0.0,0.9992417693138123,0.3711571991443634,0.9874125719070435,0.07584269344806671,0.9587053656578064,0.6151275038719177,0.1555114984512329,0.08337219804525375,0.04151119291782379
3215,-12.8277,-11.1156,-23.9434,-10.3438,-10.1562,0.0,0.0,0.9992163777351379,0.2475528120994568,0.986258327960968,0.062451813369989395,0.9505208134651184,0.5952270030975342,0.1508861929178238,0.09899719804525375,0.050412002950906754
3220,-12.5406,-10.8977,-23.4383,-10.5312,-10.0625,0.0,0.0,0.9984614253044128,0.2708451449871063,0.9842342138290405,0.06602870672941208,0.9654017686843872,0.6315687298774719,0.1370491236448288,0.08628731220960617,0.04061722755432129
3225,-12.7961,-11.1109,-23.907,-10.3203,-10.1094,0.0,0.0,0.9988998770713806,0.24914675951004028,0.9860613346099854,0.05840568244457245,0.9341517686843872,0.6006296873092651,0.14804881811141968,0.09759794920682907,0.04924595728516579
3230,-12.782,-10.8086,-23.5906,-10.2344,-10.1172,0.0,0.0,0.9991805553436279,0.3076721727848053,0.9921087026596069,0.07620818167924881,0.968377947807312,0.6166045069694519,0.1484375,0.08865827322006226,0.04182213917374611
3235,-13.2828,-10.2758,-23.5586,-10.6484,-10.0156,0.0,0.0,0.9993695020675659,0.4201817810535431,0.9920477271080017,0.15867580473423004,0.9921875,0.6164878606796265,0.16678327322006226,0.0782027393579483,0.03404850885272026
3240,-13.7176,-10.5277,-24.2453,-10.5312,-10.0625,0.0,0.0,0.9988323450088501,0.38794341683387756,0.9904524683952332,0.1866108775138855,0.9717261791229248,0.5658815503120422,0.18956001102924347,0.09363339841365814,0.046447448432445526
3245,-14.2082,-10.4102,-24.6184,-10.5625,-10.1172,0.0,0.0,0.9997124075889587,0.4244002103805542,0.9884536266326904,0.18058690428733826,0.9720982313156128,0.5406172275543213,0.2089940905570984,0.09425528347492218,0.051655784249305725
3250,-14.5809,-9.6848,-24.2656,-12.0625,-9.9766,0.0013,0.0,0.9992986917495728,0.5737873911857605,0.9931873679161072,0.12390350550413132,0.9739583134651184,0.5542210936546326,0.22597947716712952,0.07987406849861145,0.03544776141643524
3255,-14.6684,-9.5602,-24.2285,-11.3984,-9.8984,0.0216,0.0,0.9987426400184631,0.5920761823654175,0.9892966151237488,0.1441543698310852,0.984747052192688,0.5564365386962891,0.22858364880084991,0.07625932991504669,0.03424284979701042
3260,-15.7902,-8.9992,-24.7895,-13.6875,-9.0,0.0519,0.0,0.9986968040466309,0.6578323245048523,0.9919759035110474,0.13942307233810425,0.988467276096344,0.5070351362228394,0.2786458432674408,0.07750310748815536,0.03233831003308296
3265,-16.1008,-9.2066,-25.3074,-12.9766,-9.1797,0.0999,0.0,0.9984419941902161,0.6478570699691772,0.9884098172187805,0.0891566276550293,0.980282723903656,0.47399720549583435,0.2892957031726837,0.08383861929178238,0.04839085787534714
3270,-14.6102,-9.7199,-24.3301,-11.6953,-9.8438,0.1198,0.0,0.9978265166282654,0.5744311213493347,0.990138053894043,0.0947580635547638,0.9787946343421936,0.5543765425682068,0.22376398742198944,0.07882462441921234,0.03855721279978752
3275,-14.6,-9.8199,-24.4199,-11.9062,-9.6797,0.1351,0.0,0.9987961053848267,0.5694444179534912,0.9840964078903198,0.08579336106777191,0.9639136791229248,0.5488572716712952,0.2238806039094925,0.0806514322757721,0.042133085429668427
3280,-15.45,-9.2438,-24.6938,-12.9688,-9.3359,0.1624,0.0,0.9988775849342346,0.6408157348632812,0.9903553128242493,0.11437246948480606,0.9858630895614624,0.5194340944290161,0.26111629605293274,0.07657027244567871,0.03840174153447151
3285,-15.852,-8.9695,-24.8215,-14.4844,-9.375,0.2069,0.0,0.9992383718490601,0.6726425886154175,0.9950494766235352,0.1597222238779068,0.9813988208770752,0.5103389024734497,0.27534204721450806,0.07066231220960617,0.039179105311632156
3290,-16.8125,-8.4781,-25.2906,-15.4297,-9.0547,0.2805,0.0,0.9989060759544373,0.710898220539093,0.9941551685333252,0.18290042877197266,0.9914434552192688,0.4619092047214508,0.32454913854599,0.07314987480640411,0.03591417893767357
3295,-16.8973,-8.5254,-25.4227,-14.8594,-8.6484,0.3522,0.0,0.9985635876655579,0.7027091979980469,0.9940444231033325,0.19373218715190887,0.9914434552192688,0.46000465750694275,0.32280007004737854,0.07178948819637299,0.04092817008495331
3300,-16.157,-8.827,-24.984,-14.1562,-8.7188,0.4022,0.0,0.9990509152412415,0.6795448660850525,0.9932291507720947,0.15795207023620605,0.988095223903656,0.4914489984512329,0.2937655448913574,0.0746268630027771,0.035680968314409256
3305,-17.4141,-8.1609,-25.575,-16.4609,-7.9531,0.4556,0.0,0.9993852376937866,0.7382913827896118,0.9944289922714233,0.17835670709609985,0.988095223903656,0.4425528645515442,0.3444107472896576,0.06976834684610367,0.038790423423051834
3310,-17.7527,-7.95,-25.7027,-16.1875,-8.2188,0.5512,0.0,0.9994575381278992,0.7534617185592651,0.9947856068611145,0.20911793410778046,0.9906994104385376,0.4299207031726837,0.3592972755432129,0.06708644330501556,0.03921797126531601
3315,-16.6695,-8.2508,-24.9203,-15.1875,-8.3438,0.6302,0.0,0.9984233379364014,0.7598947882652283,0.9889824986457825,0.14371980726718903,0.984002947807312,0.49304258823394775,0.3103233873844147,0.059973571449518204,0.032182835042476654
3320,-17.4629,-7.9777,-25.4406,-16.1562,-7.7422,0.7112,0.0,0.9988762140274048,0.7697544693946838,0.9864531755447388,0.1272522509098053,0.9836309552192688,0.4496268630027771,0.34825870394706726,0.06312189251184464,0.03451492637395859
3325,-17.9328,-7.9004,-25.8332,-16.4219,-8.2422,0.7976,0.0,0.9986885190010071,0.7654321193695068,0.9885495901107788,0.12538540363311768,0.9784226417541504,0.41491758823394775,0.3715018630027771,0.0712842047214508,0.03781871870160103
3330,-16.6418,-8.4164,-25.0582,-15.3047,-8.3203,0.8833,0.0,0.9990290999412537,0.7415549159049988,0.9868195056915283,0.0928652286529541,0.9821428656578064,0.48041045665740967,0.31296640634536743,0.06782493740320206,0.034320585429668427
3335,-17.4809,-8.1586,-25.6395,-16.6484,-8.4453,0.9601,0.0,0.9983984231948853,0.7470561861991882,0.9840921759605408,0.10450819879770279,0.984002947807312,0.4368392527103424,0.34989115595817566,0.07085665315389633,0.037935324013233185
3340,-16.9371,-8.1691,-25.1063,-16.5391,-8.1484,1.0341,0.0,0.997304379940033,0.7674307823181152,0.9863945841789246,0.08198757469654083,0.980282723903656,0.4758239984512329,0.32555970549583435,0.06284981220960617,0.03128886967897415
3345,-17.6988,-7.8539,-25.5527,-17.6406,-7.2344,1.1216,0.0,0.9986690282821655,0.7811214327812195,0.9821958541870117,0.07319952547550201,0.9795386791229248,0.43804416060447693,0.3590640425682068,0.06549284607172012,0.03292132914066315
3350,-18.1625,-7.4164,-25.5789,-18.2891,-6.5938,1.2238,0.0,0.9981966018676758,0.8205472230911255,0.9842249751091003,0.1214374229311943,0.9754464030265808,0.43104788661003113,0.37643811106681824,0.056669775396585464,0.031366605311632156
3355,-18.8547,-7.0645,-25.9191,-18.8438,-6.3281,1.3386,0.0,0.9974327087402344,0.8455624580383301,0.9833597540855408,0.1309644728899002,0.9795386791229248,0.4087764322757721,0.3994092047214508,0.049051616340875626,0.038285136222839355
3360,-17.757,-7.8172,-25.5742,-18.5156,-6.9141,1.4428,0.0,0.9939982295036316,0.806416392326355,0.9628400802612305,0.11164581030607224,0.972842276096344,0.44037625193595886,0.3561878204345703,0.058574315160512924,0.040384016931056976
3365,-18.2566,-7.4344,-25.691,-19.1094,-6.125,1.5466,0.0,0.9937454462051392,0.8288930058479309,0.9645389914512634,0.1126914694905281,0.9702380895614624,0.4287935197353363,0.3763992488384247,0.054804105311632156,0.035525497049093246
3370,-17.1738,-8.3988,-25.5727,-18.4453,-6.6328,1.6459,0.0,0.993302047252655,0.7768139839172363,0.9368250370025635,0.05684754624962807,0.9270833134651184,0.44682836532592773,0.33158427476882935,0.07198382914066315,0.04512593150138855
3375,-16.4164,-8.6457,-25.0621,-17.3828,-7.1172,1.7136,0.0,0.9963893294334412,0.7419396042823792,0.9518599510192871,0.07572614401578903,0.9512648582458496,0.48441386222839355,0.3025886118412018,0.07105099409818649,0.03746890649199486
3380,-17.8508,-7.9332,-25.784,-18.25,-7.1875,1.7841,0.0,0.9938483834266663,0.7968936562538147,0.9673243165016174,0.08556611835956573,0.9542410969734192,0.42964863777160645,0.35785913467407227,0.06304415315389633,0.04497046023607254
3385,-16.5109,-9.0813,-25.5922,-18.0234,-7.9219,1.8692,0.0,0.9914500713348389,0.7067074775695801,0.9431235194206238,0.06411201506853104,0.9270833134651184,0.4546020030975342,0.30480411648750305,0.08337219804525375,0.05274409055709839
3390,-16.2273,-9.1199,-25.3473,-17.5625,-7.5781,1.9284,0.0,0.9911023378372192,0.7116841673851013,0.9426960945129395,0.05040000006556511,0.9159226417541504,0.47178173065185547,0.2924051582813263,0.08275031298398972,0.0485851988196373
3395,-16.8074,-8.8434,-25.6508,-18.1328,-8.0547,1.9908,0.0,0.9876373410224915,0.7669200897216797,0.8856848478317261,0.04484933242201805,0.9122023582458496,0.4527363181114197,0.3118392527103424,0.07548196613788605,0.055464863777160645
3400,-16.7469,-8.9727,-25.7195,-18.7188,-7.4688,2.0,0.0,0.9825566411018372,0.7744285464286804,0.8674113750457764,0.041443850845098495,0.8883928656578064,0.44787779450416565,0.30946826934814453,0.08002953976392746,0.05814676731824875
3405,-16.457,-9.3332,-25.7902,-18.4922,-6.9844,2.0,0.0,0.9835469126701355,0.7510172128677368,0.8449682593345642,0.032393522560596466,0.8772321343421936,0.44884949922561646,0.2961364984512329,0.08574315905570984,0.06479322165250778
3410,-15.5793,-9.8805,-25.4598,-18.4219,-8.1094,2.0,0.0,0.977436900138855,0.7199820280075073,0.8321199417114258,0.021599533036351204,0.8723958134651184,0.47889459133148193,0.2592895030975342,0.09075715392827988,0.06658115983009338
3415,-15.4637,-10.4234,-25.8871,-17.875,-7.4688,2.0,0.0,0.9747292399406433,0.6920146346092224,0.8067615628242493,0.008849557489156723,0.8098958134651184,0.45219215750694275,0.2550528645515442,0.10921952873468399,0.07905783504247665
3420,-15.0441,-10.8594,-25.9035,-17.4297,-8.2188,2.0,0.0,0.9683254361152649,0.6593442559242249,0.7659859657287598,0.009186954237520695,0.8273809552192688,0.45771142840385437,0.23709577322006226,0.11609919369220734,0.08461598306894302
3425,-15.2484,-10.7672,-26.0156,-18.1484,-7.5781,2.0,0.0,0.9697664380073547,0.7044527530670166,0.7290676236152649,0.010837849229574203,0.8117559552192688,0.4576725661754608,0.23830068111419678,0.10630441457033157,0.09324471652507782
3430,-15.2922,-10.8602,-26.1523,-18.1016,-7.2266,2.0,0.0,0.952296793460846,0.6901960968971252,0.7398241758346558,0.011873350478708744,0.8426339030265808,0.43998757004737854,0.24778451025485992,0.11936412006616592,0.08838619291782379
3435,-15.625,-10.1336,-25.7586,-18.7891,-7.1406,2.0,0.0,0.9670628309249878,0.737612783908844,0.7838582396507263,0.008167432621121407,0.8608630895614624,0.457866907119751,0.2627876102924347,0.09872512519359589,0.07614272087812424
3440,-15.1457,-10.8461,-25.9918,-17.7422,-7.6641,2.0,0.0,0.9531856179237366,0.6825039982795715,0.7639960050582886,0.018850987777113914,0.8422619104385376,0.4508317708969116,0.24214863777160645,0.11594372242689133,0.08659826219081879
3445,-15.2543,-10.9523,-26.2066,-18.8125,-7.9141,2.0,0.0,0.9559451937675476,0.7243286967277527,0.6734342575073242,0.011876484379172325,0.8270089030265808,0.4455457031726837,0.2388448417186737,0.1129508689045906,0.09818097203969955
3450,-16.3977,-10.6156,-27.0133,-20.0547,-6.0391,2.0,0.0,0.9501325488090515,0.7695821523666382,0.6523761749267578,0.007907980121672153,0.8139880895614624,0.38114115595817566,0.2892957031726837,0.11695428937673569,0.10813122242689133
3455,-16.6926,-10.1277,-26.8203,-20.2578,-5.8672,2.0,0.0,0.954322338104248,0.7960031032562256,0.6749460101127625,0.006607073359191418,0.835565447807312,0.3880208432674408,0.29951804876327515,0.10797574371099472,0.10000777244567871
3460,-17.1969,-9.3324,-26.5293,-20.6172,-6.2969,2.0,0.0,0.9544519782066345,0.8038351535797119,0.7677230834960938,0.024054983630776405,0.8716517686843872,0.3968050479888916,0.326337069272995,0.09320584684610367,0.07917443662881851
3465,-17.2953,-9.016,-26.3113,-20.7109,-6.625,2.0,0.0,0.9670130610466003,0.8189115524291992,0.7734627723693848,0.022952530533075333,0.8872767686843872,0.40768811106681824,0.3292521834373474,0.08407182991504669,0.07451026141643524
3470,-17.6332,-9.2145,-26.8477,-21.1641,-6.3984,2.0,0.0,0.9625557661056519,0.8087351322174072,0.7628559470176697,0.013446885161101818,0.863467276096344,0.37472793459892273,0.3426228165626526,0.09145677834749222,0.08671486377716064
3475,-16.748,-10.1375,-26.8855,-20.4375,-6.6328,2.0,0.0,0.9511364698410034,0.7944741249084473,0.7295957207679749,0.009789702482521534,0.8184523582458496,0.388176292181015,0.29823538661003113,0.10191231220960617,0.10719837993383408
3480,-16.0312,-10.125,-26.1562,-19.4688,-6.3672,2.0,0.0,0.9503648281097412,0.783079981803894,0.7371172308921814,0.006954102776944637,0.8430059552192688,0.431475430727005,0.2761194109916687,0.1040889322757721,0.08383861929178238
3485,-16.0781,-9.8953,-25.9734,-19.6719,-6.8516,2.0,0.0,0.9624712467193604,0.748521089553833,0.8143641948699951,0.006233766209334135,0.8623511791229248,0.4391324520111084,0.282532662153244,0.0990360677242279,0.07482120394706726
3490,-16.4785,-10.1773,-26.6559,-20.3047,-6.0781,2.0,0.0,0.9579492807388306,0.7537986040115356,0.7859315872192383,0.003910833038389683,0.831845223903656,0.4048507511615753,0.2890625,0.10222326219081879,0.09938587993383408
3495,-16.9766,-9.7426,-26.7191,-20.3203,-6.75,2.0,0.0,0.9579342603683472,0.7696042060852051,0.7937076687812805,0.006334459409117699,0.8638392686843872,0.3936178386211395,0.3122667968273163,0.09759794920682907,0.0920398011803627
3500,-15.4672,-11.0645,-26.5316,-18.8203,-6.3516,2.0,0.0,0.9472329616546631,0.6905359029769897,0.7470035552978516,0.0029706647619605064,0.8262648582458496,0.42280784249305725,0.2480565905570984,0.11998600512742996,0.10467195510864258
3505,-15.8117,-10.6625,-26.4742,-19.7812,-6.1641,2.0,0.0,0.940832793712616,0.7135936617851257,0.7722298502922058,0.0007933359593153,0.882440447807312,0.4191153645515442,0.26476991176605225,0.11365050077438354,0.0979866310954094
3510,-14.7594,-11.9984,-26.7578,-17.4219,-7.0156,2.0,0.0,0.9203407168388367,0.5818662047386169,0.7992669939994812,0.002236421685665846,0.8470982313156128,0.41522854566574097,0.22077114880084991,0.1378653645515442,0.1216573417186737
3515,-15.4043,-10.6863,-26.0906,-19.125,-6.9375,2.0,0.0,0.9254790544509888,0.7101823687553406,0.8298587799072266,0.006323396693915129,0.8772321343421936,0.43812188506126404,0.25575247406959534,0.11559390276670456,0.08605410158634186
3520,-17.4367,-9.1223,-26.559,-21.6094,-6.6797,2.0,0.0,0.9435643553733826,0.8090213537216187,0.8593819737434387,0.005760921631008387,0.9084821343421936,0.3925684094429016,0.3351989984512329,0.08679260313510895,0.08096237480640411
3525,-16.8176,-9.4043,-26.2219,-20.4844,-6.1406,2.0,0.0,0.9526088833808899,0.7595500349998474,0.8833878636360168,0.008103727363049984,0.914434552192688,0.41417911648750305,0.31440454721450806,0.09499377757310867,0.071944959461689
3530,-16.7973,-9.8,-26.5973,-20.7031,-6.125,2.0,0.0,0.9383468627929688,0.7686936855316162,0.837579607963562,0.007330745924264193,0.8921130895614624,0.40158581733703613,0.3061645030975342,0.09763681888580322,0.09013526141643524
3535,-16.0602,-10.284,-26.3441,-19.5469,-6.1875,2.0,0.0,0.9512936472892761,0.7190583348274231,0.8345481157302856,0.0064075179398059845,0.8683035969734192,0.42214706540107727,0.2757307291030884,0.10665422677993774,0.09099035710096359
3540,-16.4691,-9.9125,-26.3816,-20.9219,-6.7656,2.0,0.0,0.9543843269348145,0.758708119392395,0.8147138953208923,0.0017714791465550661,0.8720238208770752,0.4166666567325592,0.2912391126155853,0.0998523011803627,0.08776430040597916
3545,-16.9512,-9.798,-26.7492,-20.8047,-6.0625,2.0,0.0,0.9525086879730225,0.7436186075210571,0.8613899350166321,0.005432511679828167,0.8805803656578064,0.3912080228328705,0.3106343150138855,0.1006685346364975,0.09301150590181351
3550,-16.5836,-9.6496,-26.2332,-20.1641,-6.8281,2.0,0.0,0.9602429866790771,0.7553966045379639,0.866332471370697,0.0014354067388921976,0.8883928656578064,0.42234140634536743,0.2988961338996887,0.09305037558078766,0.08123445510864258
3555,-16.5332,-9.85,-26.3832,-20.6328,-5.9844,2.0,0.0,0.9576437473297119,0.7508906126022339,0.8525691628456116,0.001788908732123673,0.8612351417541504,0.4156949520111084,0.2945817708969116,0.09833644330501556,0.0869092047214508
3560,-15.7746,-10.6805,-26.4551,-19.4766,-6.7969,2.0,0.0,0.9377942085266113,0.7029864192008972,0.8316763639450073,0.00039619652670808136,0.8541666865348816,0.4211364984512329,0.26290422677993774,0.11337842047214508,0.09810323268175125
3565,-14.9676,-10.9445,-25.9121,-19.0,-6.3672,2.0,0.0,0.9366232752799988,0.7043814063072205,0.7993150949478149,0.0038643195293843746,0.8385416865348816,0.4599657952785492,0.2315376251935959,0.11349502205848694,0.09052394330501556
3570,-14.4816,-12.3313,-26.8129,-18.4766,-6.4297,2.0,0.0,0.8933747410774231,0.6184307932853699,0.7840879559516907,0.0018814675277099013,0.7767857313156128,0.4130130708217621,0.2100435346364975,0.1485152393579483,0.12395056337118149
3575,-13.8703,-13.459,-27.3293,-16.2422,-7.2891,2.0,0.0,0.8551682829856873,0.5079564452171326,0.7796758413314819,0.0013462573988363147,0.7414434552192688,0.38805970549583435,0.1856343299150467,0.17747201025485992,0.14435634016990662
3580,-13.6988,-13.8418,-27.5406,-15.4766,-8.1406,2.0,0.0,0.871212899684906,0.5113533139228821,0.7109562158584595,0.0007183908019214869,0.7061011791229248,0.38358986377716064,0.17117537558078766,0.17844371497631073,0.16231343150138855
3585,-13.7996,-13.802,-27.6016,-15.9844,-7.4297,2.0,0.003,0.8919360041618347,0.5393816232681274,0.6577151417732239,0.001644350471906364,0.6930803656578064,0.3812577724456787,0.17222481966018677,0.17657804489135742,0.16546174883842468
3590,-13.1016,-15.1535,-28.2551,-13.6797,-8.6172,1.9924,0.025,0.8076105117797852,0.3274545967578888,0.7599188089370728,0.00040924904169514775,0.6346726417541504,0.34728699922561646,0.14766013622283936,0.21062655746936798,0.1899486929178238
3595,-13.6293,-15.8348,-29.4641,-14.125,-8.9688,1.971,0.062,0.7612625360488892,0.31873777508735657,0.7348330020904541,0.0006788866012357175,0.5874255895614624,0.2795397937297821,0.15889303386211395,0.22807836532592773,0.2290111929178238
3600,-13.3648,-17.7992,-31.1641,-13.8281,-12.0,1.9518,0.1481,0.6959187388420105,0.2149566411972046,0.6022489666938782,0.0001199328398797661,0.456845223903656,0.22189831733703613,0.1075870618224144,0.24195429682731628,0.32408270239830017
3605,-13.184,-18.5875,-31.7715,-13.5,-14.4375,1.9318,0.2526,0.4289599061012268,0.10384870320558548,0.6870833039283752,0.00011886366701219231,0.4468005895614624,0.17152518033981323,0.11714863032102585,0.2798507511615753,0.3269978165626526
3610,-13.1297,-17.5734,-30.7031,-13.1016,-12.1875,1.9088,0.3506,0.5611940026283264,0.16483817994594574,0.7202640175819397,0.00014465500134974718,0.5182291865348816,0.2083333283662796,0.14171330630779266,0.2767801582813263,0.268695592880249
3615,-13.2875,-17.8109,-31.0984,-13.75,-12.8125,1.8831,0.4145,0.5688819885253906,0.15733958780765533,0.701998233795166,0.0009259259095415473,0.4702380895614624,0.2005985677242279,0.1326570212841034,0.26842349767684937,0.29384326934814453
3620,-13.0098,-18.4086,-31.4184,-14.1406,-13.25,1.8601,0.5327,0.5756933689117432,0.16314199566841125,0.6163217425346375,0.0002384642866672948,0.441592276096344,0.20180347561836243,0.10292288661003113,0.2648087739944458,0.3259872496128082
3625,-14.5832,-19.668,-34.2512,-16.4766,-16.7578,1.8425,0.649,0.6416465044021606,0.13075196743011475,0.43829113245010376,0.0,0.2738095223903656,0.11236784607172012,0.06926306337118149,0.22108209133148193,0.49280938506126404
3630,-14.3309,-19.9406,-34.2715,-15.9062,-15.4844,1.8461,0.8037,0.4862833619117737,0.11560045182704926,0.459213525056839,0.0,0.2756696343421936,0.10342817008495331,0.06926306337118149,0.23919464647769928,0.4836364984512329
3635,-12.5094,-17.8449,-30.3543,-12.9922,-11.375,1.8167,0.9087,0.5685026049613953,0.1827957034111023,0.6607649922370911,0.0010644769063219428,0.5223214030265808,0.2258239984512329,0.12651586532592773,0.2875854969024658,0.2555970251560211
3640,-13.9879,-18.7914,-32.7793,-14.9062,-13.4531,1.7952,1.008,0.6347067952156067,0.1499631553888321,0.5459333658218384,0.0002974715025629848,0.3660714328289032,0.14715485274791718,0.10548818111419678,0.2508939802646637,0.39198538661003113
3645,-13.5727,-18.6117,-32.1844,-14.4766,-13.7734,1.8103,1.1458,0.7292864918708801,0.1908557116985321,0.4930366575717926,0.00020588841289281845,0.3798363208770752,0.18248601257801056,0.09266169369220734,0.24280938506126404,0.37756529450416565
3650,-13.0785,-17.6793,-30.7578,-13.5938,-11.7891,1.7785,1.2394,0.7662153840065002,0.2198105752468109,0.5643694996833801,0.00037023326149210334,0.4289434552192688,0.24689054489135742,0.09849191457033157,0.2351912260055542,0.314948707818985
3655,-12.2797,-15.6547,-27.9344,-12.7812,-8.9375,1.7467,1.3079,0.8113407492637634,0.2858966290950775,0.6920826435089111,0.00042909246985800564,0.5796130895614624,0.36672109365463257,0.12181281298398972,0.2258239984512329,0.18116448819637299
3660,-12.8035,-15.9066,-28.7102,-13.1406,-8.8984,1.7147,1.3552,0.7909305095672607,0.2884615361690521,0.7053400874137878,0.00036543028545565903,0.566592276096344,0.3299906849861145,0.12935324013233185,0.22345304489135742,0.212725430727005
3665,-12.8059,-15.1086,-27.9145,-13.8828,-8.3281,1.6863,1.4091,0.8316821455955505,0.3452952802181244,0.7168652415275574,0.0008618832216598094,0.6127232313156128,0.36878108978271484,0.13755442202091217,0.20879974961280823,0.18038712441921234
3670,-13.4148,-15.0789,-28.4937,-14.3828,-9.4609,1.6623,1.4322,0.8385722637176514,0.3384458124637604,0.7428679466247559,0.0017475727945566177,0.5944940447807312,0.3375699520111084,0.15205223858356476,0.2057291716337204,0.20017102360725403
3675,-13.5414,-13.7816,-27.323,-15.3672,-7.9375,1.651,1.4551,0.9141330718994141,0.46092090010643005,0.7061442732810974,0.001742160296998918,0.6361607313156128,0.4001477062702179,0.16460666060447693,0.17459577322006226,0.1561722606420517
3680,-13.5379,-12.9039,-26.4418,-15.8516,-7.7188,1.6449,1.4452,0.9302205443382263,0.5169511437416077,0.7247730493545532,0.001818181830458343,0.7232142686843872,0.4511815905570984,0.16623911261558533,0.14983674883842468,0.128264918923378
3685,-14.0418,-11.5949,-25.6367,-17.2812,-7.9062,1.6424,1.4029,0.956092894077301,0.5846496820449829,0.7823622226715088,0.002123142359778285,0.8039434552192688,0.48865050077438354,0.19193096458911896,0.12340640276670456,0.09153451770544052
3690,-14.2629,-10.9934,-25.2563,-17.2344,-7.3203,1.6432,1.3391,0.9634541273117065,0.6255941987037659,0.8264375925064087,0.0035732516553252935,0.8351934552192688,0.5041200518608093,0.20440764725208282,0.11085198819637299,0.07614272087812424
3695,-14.8809,-10.5789,-25.4598,-17.7578,-7.8438,1.6624,1.2609,0.9779640436172485,0.6330508589744568,0.8582677245140076,0.006673511117696762,0.8515625,0.486823707818985,0.2293221354484558,0.10366138070821762,0.07571517676115036
3700,-15.3051,-10.8227,-26.1277,-18.1094,-7.1406,1.6933,1.1684,0.9824105501174927,0.6103770732879639,0.8677568435668945,0.001209677429869771,0.828497052192688,0.4485774338245392,0.2412157952785492,0.10933613032102585,0.09639303386211395
3705,-16.0887,-9.5754,-25.6641,-18.4453,-7.3125,1.7327,1.0745,0.9864349365234375,0.7186464071273804,0.8861964344978333,0.011216056533157825,0.875,0.45844992995262146,0.2814054787158966,0.08982431888580322,0.0658426582813263
3710,-15.6672,-9.618,-25.2852,-17.9375,-8.1172,1.7779,0.9636,0.9902881979942322,0.7079765796661377,0.9046478271484375,0.010423053056001663,0.886904776096344,0.4922652244567871,0.25874534249305725,0.08111784607172012,0.0633939653635025
3715,-15.3668,-9.941,-25.3078,-17.7422,-7.5234,1.8173,0.853,0.9906319379806519,0.6596174836158752,0.8890749216079712,0.005541871767491102,0.8913690447807312,0.4895833432674408,0.24996113777160645,0.0928560346364975,0.06312189251184464
3720,-14.6918,-10.227,-24.9188,-17.3828,-7.6328,1.8444,0.754,0.9888997077941895,0.6259080171585083,0.9095519781112671,0.007055805064737797,0.8816964030265808,0.5182291865348816,0.22473569214344025,0.0919620618224144,0.06059546023607254
3725,-14.8695,-10.3766,-25.2461,-16.9766,-8.2578,1.8597,0.6714,0.9888594746589661,0.6046000123023987,0.9049115777015686,0.006872852332890034,0.8731398582458496,0.49891167879104614,0.229827418923378,0.09891946613788605,0.06786380708217621
3730,-14.8684,-10.318,-25.1863,-17.2969,-8.1328,1.8833,0.5882,0.9834254384040833,0.6581950187683105,0.8555008172988892,0.011744966730475426,0.8567708134651184,0.5065298676490784,0.22481343150138855,0.09468283504247665,0.0694962665438652
3735,-14.2941,-11.007,-25.3012,-16.7656,-8.4688,1.9038,0.5003,0.9787168502807617,0.5966290235519409,0.836383581161499,0.0038610037881881,0.8180803656578064,0.5058690905570984,0.20293065905570984,0.10618781298398972,0.08053482323884964
3740,-13.8465,-11.702,-25.5484,-15.2734,-7.9141,1.9044,0.4363,0.9736780524253845,0.5022222399711609,0.8261284232139587,0.0074875205755233765,0.789434552192688,0.49615204334259033,0.18365205824375153,0.12227922677993774,0.09343905746936798
3745,-14.1699,-11.5789,-25.7488,-17.4375,-7.5,1.9,0.4026,0.9747810363769531,0.5458480715751648,0.7865098714828491,0.00459482055157423,0.7912946343421936,0.4793221354484558,0.19752798974514008,0.12562188506126404,0.09305037558078766
3750,-13.4723,-11.5902,-25.0625,-15.8438,-7.8047,1.8875,0.3333,0.9761887192726135,0.49305233359336853,0.8016694784164429,0.0033018868416547775,0.8299851417541504,0.5288790464401245,0.16783271729946136,0.11641013622283936,0.08240050077438354
3755,-13.2137,-12.343,-25.5566,-14.3594,-8.1953,1.872,0.2788,0.9756022095680237,0.41547709703445435,0.7600115537643433,0.007621951401233673,0.7566964030265808,0.5034204125404358,0.1552005559206009,0.13491137325763702,0.10199005156755447
3760,-12.9258,-12.6117,-25.5375,-14.1562,-8.2969,1.8526,0.2389,0.9721709489822388,0.41688793897628784,0.6979310512542725,0.0041650887578725815,0.750372052192688,0.5055969953536987,0.14637748897075653,0.14089708030223846,0.10265080630779266
3765,-13.4801,-12.8508,-26.3309,-14.6484,-8.3203,1.8262,0.2059,0.9756221175193787,0.41184869408607483,0.7133421301841736,0.00401482405140996,0.7154017686843872,0.45918843150138855,0.16336287558078766,0.14711597561836243,0.12585510313510895
3770,-12.6922,-12.568,-25.2602,-13.3359,-9.1875,1.8007,0.1809,0.9779559373855591,0.3713163137435913,0.713638961315155,0.0008097165846265852,0.7533482313156128,0.5236707329750061,0.13848724961280823,0.137360081076622,0.09600435197353363
3775,-12.2992,-13.5121,-25.8113,-12.2344,-9.0703,1.7686,0.1538,0.9767841696739197,0.29967427253723145,0.6300321221351624,0.0015984654892235994,0.6696428656578064,0.4972403645515442,0.11932525038719177,0.1573771834373474,0.1215796023607254
3780,-12.0965,-13.402,-25.4984,-11.4609,-9.5156,1.7296,0.1396,0.9797521829605103,0.2721134424209595,0.638951301574707,0.002114910166710615,0.6674107313156128,0.514458954334259,0.11512748897075653,0.15566697716712952,0.1102689653635025
3785,-12.5152,-13.6016,-26.1168,-12.2891,-9.0781,1.6882,0.1203,0.9759408235549927,0.2592366337776184,0.676337718963623,0.0,0.6454613208770752,0.4781949520111084,0.12729321420192719,0.16344061493873596,0.12659358978271484
3790,-12.3301,-13.025,-25.3551,-12.0938,-9.1641,1.65,0.098,0.9825976490974426,0.30677542090415955,0.6778770089149475,0.0026345502119511366,0.6904761791229248,0.5204057693481445,0.12391169369220734,0.14793221652507782,0.1032726988196373
3795,-12.2227,-14.1141,-26.3367,-11.5703,-9.5312,1.6049,0.0943,0.9767519235610962,0.18792173266410828,0.6319661140441895,0.0005640158196911216,0.6145833134651184,0.46812811493873596,0.11520522087812424,0.17436255514621735,0.13782648742198944
3800,-11.7965,-13.6645,-25.4609,-10.625,-9.8984,1.559,0.0985,0.9816949367523193,0.11516035348176956,0.687858521938324,0.0010574550833553076,0.636904776096344,0.5159748196601868,0.10665422677993774,0.16262437403202057,0.1102689653635025
3805,-11.9113,-12.8195,-24.7309,-10.8438,-9.8359,1.5062,0.0822,0.9882738590240479,0.1205357164144516,0.7872980833053589,0.001396648003719747,0.7053571343421936,0.5568641424179077,0.11318407952785492,0.14198538661003113,0.08348880708217621
3810,-12.0898,-12.7063,-24.7961,-10.6406,-9.8906,1.4547,0.0455,0.9935515522956848,0.11249999701976776,0.8151834011077881,0.0004512635350693017,0.7220982313156128,0.5545320510864258,0.1181592047214508,0.13669931888580322,0.08613184094429016
3815,-11.9602,-12.7641,-24.7242,-10.4688,-10.1172,1.4052,0.0173,0.9901705980300903,0.07357307523488998,0.8499458432197571,0.002410800429061055,0.6953125,0.5535991787910461,0.11780939251184464,0.14350123703479767,0.08061256259679794
3820,-12.2258,-12.6934,-24.9191,-10.4609,-9.9688,1.3556,0.0,0.9931590557098389,0.07408536225557327,0.888079822063446,0.0018475750694051385,0.706845223903656,0.5397621393203735,0.12748755514621735,0.1441231369972229,0.0841495618224144
3825,-11.9625,-12.6492,-24.6117,-10.5156,-9.8828,1.3081,0.0,0.9932937026023865,0.08363878726959229,0.8603383898735046,0.0014367816038429737,0.7109375,0.5621890425682068,0.11664334684610367,0.13553327322006226,0.08115671575069427
3830,-12.0309,-12.6203,-24.6512,-10.5859,-9.7891,1.2652,0.0,0.9895334839820862,0.08801313489675522,0.8784325122833252,0.000965250947047025,0.7090773582458496,0.5607509613037109,0.11835354566574097,0.13588307797908783,0.08053482323884964
3835,-12.0188,-12.5109,-24.5297,-10.3672,-9.9688,1.2163,0.0,0.9913627505302429,0.06879525631666183,0.9040418863296509,0.0030379747040569782,0.7194940447807312,0.5670087337493896,0.1180814653635025,0.13366760313510895,0.07676461338996887
3840,-11.9398,-12.7039,-24.6437,-10.4766,-10.0781,1.1664,0.0,0.9906232953071594,0.05773913115262985,0.8747486472129822,0.0009174311999231577,0.6982886791229248,0.5637437701225281,0.11174596101045609,0.13530005514621735,0.08473258465528488
3845,-11.9254,-12.693,-24.6184,-10.3594,-9.9609,1.1153,0.0,0.990902841091156,0.059952039271593094,0.8598635792732239,0.0028666984289884567,0.7087053656578064,0.5639770030975342,0.11345615983009338,0.13673818111419678,0.08135105669498444
3850,-12.0793,-12.7016,-24.7809,-10.5547,-9.9219,1.0671,0.0,0.9911990165710449,0.05872756987810135,0.8758277893066406,0.0009310987079516053,0.7101934552192688,0.5520444512367249,0.11913090944290161,0.14085820317268372,0.08348880708217621
3855,-12.482,-13.3,-25.782,-10.625,-9.9688,1.0147,0.0,0.9872995615005493,0.062210649251937866,0.8746073842048645,0.0017562346765771508,0.632440447807312,0.4896610677242279,0.13432836532592773,0.16087530553340912,0.11065764725208282
3860,-11.7699,-12.8809,-24.6508,-10.25,-10.1562,0.9662,0.0,0.9882793426513672,0.034285712987184525,0.8645972609519958,0.00047984643606469035,0.640997052192688,0.5604400038719177,0.10883084684610367,0.14525030553340912,0.08100124448537827
3865,-11.7879,-12.6844,-24.4723,-10.4219,-10.0703,0.9158,0.0,0.9898369908332825,0.04489218816161156,0.8862810730934143,0.0030441400595009327,0.6711309552192688,0.5698460936546326,0.10995802283287048,0.13910913467407227,0.07660914212465286
3870,-11.8164,-12.7762,-24.5926,-10.4141,-9.9688,0.8642,0.0,0.9888241291046143,0.06037599593400955,0.8546625375747681,0.002360717626288533,0.6674107313156128,0.5668920874595642,0.10750932991504669,0.13879819214344025,0.08232276141643524
3875,-11.5824,-13.1891,-24.7715,-10.3672,-10.0156,0.8076,0.0,0.9838924407958984,0.03375527262687683,0.7995925545692444,0.0017961383564397693,0.6153273582458496,0.5549984574317932,0.10132928937673569,0.15263526141643524,0.08655939251184464
3880,-11.7965,-13.5332,-25.3297,-10.3125,-10.125,0.7514,0.0,0.9816555380821228,0.04619096964597702,0.7901754379272461,0.002341006649658084,0.5915178656578064,0.5169853568077087,0.11275652796030045,0.16616137325763702,0.09961909055709839
3885,-11.8941,-12.6406,-24.5348,-10.375,-9.9062,0.6978,0.0,0.9880627393722534,0.09151943773031235,0.8587554097175598,0.0052505964413285255,0.7005208134651184,0.569807231426239,0.10999689251184464,0.13428948819637299,0.08142879605293274
3890,-12.1086,-13.2371,-25.3457,-10.6328,-9.8359,0.6496,0.0,0.9826054573059082,0.1001964658498764,0.8100177049636841,0.0022744503803551197,0.6428571343421936,0.5206390023231506,0.11870335787534714,0.1536458283662796,0.1025342047214508
3895,-12.1953,-12.0488,-24.2441,-10.8672,-9.7188,0.602,0.0,0.9927343130111694,0.20919974148273468,0.886681854724884,0.00278862239792943,0.7712053656578064,0.5831001400947571,0.123367540538311,0.11936412006616592,0.06969060748815536
3900,-12.2707,-12.2297,-24.5004,-11.4219,-9.5703,0.5631,0.0,0.9901367425918579,0.21623314917087555,0.8537499904632568,0.005133470054715872,0.7429315447807312,0.5714008212089539,0.1240282952785492,0.12437810748815536,0.07571517676115036
3905,-12.15,-12.6,-24.75,-11.1016,-9.5781,0.5221,0.0,0.9900188446044922,0.16579119861125946,0.8373027443885803,0.0022914756555110216,0.6860119104385376,0.5568641424179077,0.11839241534471512,0.13545553386211395,0.08481032401323318
3910,-11.827,-12.7445,-24.5715,-10.6406,-9.8906,0.4723,0.0,0.9858593940734863,0.12321428209543228,0.822841227054596,0.0033621517941355705,0.675967276096344,0.566231369972229,0.10883084684610367,0.13953669369220734,0.08092350512742996
3915,-11.966,-13.4473,-25.4133,-10.6094,-9.9062,0.4209,0.0,0.9762791991233826,0.08325139433145523,0.8103529214859009,0.0038669761270284653,0.601934552192688,0.5112329125404358,0.11858675628900528,0.1651896834373474,0.10051306337118149
3920,-11.7824,-13.4898,-25.2723,-10.5312,-9.9453,0.3672,0.0,0.9716064929962158,0.07569721341133118,0.797676682472229,0.0015048908535391092,0.6086309552192688,0.5242925882339478,0.10731498897075653,0.16060324013233185,0.10331156849861145
3925,-12.3926,-13.0418,-25.4344,-11.0859,-9.7031,0.3227,0.0,0.9790061712265015,0.138203963637352,0.8644958138465881,0.0025878003798425198,0.6614583134651184,0.5146921873092651,0.1276818960905075,0.14800995588302612,0.1051383689045906
3930,-12.0379,-12.4656,-24.5035,-10.4297,-9.9609,0.2744,0.0,0.9860445857048035,0.11943253129720688,0.9032257795333862,0.003076923079788685,0.703497052192688,0.5681747794151306,0.11780939251184464,0.13374534249305725,0.07579290866851807
3935,-11.8758,-12.5859,-24.4617,-10.6797,-9.8125,0.2256,0.0,0.9832189679145813,0.13060224056243896,0.8754305243492126,0.00454316008836031,0.6733630895614624,0.5721004605293274,0.111007459461689,0.1354166716337204,0.07699782401323318
3940,-11.873,-13.2418,-25.1148,-10.3359,-9.9844,0.1791,0.0,0.9781770706176758,0.06520985066890717,0.8265589475631714,0.002449979539960623,0.6257440447807312,0.534320592880249,0.1120569035410881,0.15395678579807281,0.09518811851739883
3945,-11.8773,-12.7,-24.5773,-10.4219,-9.8594,0.1266,0.0,0.9860020279884338,0.10218716412782669,0.8550014495849609,0.0014038371155038476,0.6785714030265808,0.5692241787910461,0.1084032952785492,0.13483364880084991,0.08306125551462173
3950,-11.9457,-13.0168,-24.9625,-10.4219,-9.9062,0.0733,0.0,0.9842984676361084,0.07264245301485062,0.8574021458625793,0.0034812879748642445,0.6398809552192688,0.5396454930305481,0.11664334684610367,0.14991448819637299,0.08931902796030045
3955,-12.3266,-12.6734,-25.0,-10.9375,-9.7891,0.024,0.0,0.9926000237464905,0.14080099761486053,0.8707520961761475,0.005995717365294695,0.659970223903656,0.5410059094429016,0.12422263622283936,0.13953669369220734,0.09075715392827988
3960,-12.3102,-12.541,-24.8512,-11.2812,-9.6172,0.0,0.0,0.992665708065033,0.1813308149576187,0.8413994312286377,0.00841080117970705,0.6934523582458496,0.5511505007743835,0.12325093150138855,0.13331778347492218,0.08780317008495331
3965,-12.2672,-12.0223,-24.2895,-11.4922,-9.5,0.0,0.0,0.9943544268608093,0.23673206567764282,0.86711186170578,0.007978723384439945,0.7526041865348816,0.5851989984512329,0.12084110826253891,0.11641013622283936,0.07307214289903641
3970,-12.6199,-11.7082,-24.3281,-12.3281,-9.2578,0.0,0.0,0.9938950538635254,0.31625643372535706,0.9152364134788513,0.012324930168688297,0.7522321343421936,0.5793687701225281,0.13580535352230072,0.11096859723329544,0.06937966495752335
3975,-12.9062,-11.4285,-24.3348,-12.9688,-9.1953,0.0,0.0,0.9964070320129395,0.34036532044410706,0.9369940161705017,0.018577834591269493,0.7805059552192688,0.5733442306518555,0.15108053386211395,0.11042443662881851,0.060673195868730545
3980,-13.2594,-11.3129,-24.5723,-14.2109,-9.125,0.0,0.0,0.9958141446113586,0.39947593212127686,0.9433139562606812,0.013097950257360935,0.7946428656578064,0.5571361780166626,0.1631685346364975,0.10696517676115036,0.06825248897075653
3985,-12.9426,-11.4613,-24.4039,-12.9766,-9.2969,0.0,0.0,0.9961758852005005,0.3589349687099457,0.9306543469429016,0.006555423140525818,0.7831101417541504,0.5691853165626526,0.15181903541088104,0.1092972606420517,0.06522077322006226
3990,-12.5773,-11.6844,-24.2617,-11.8828,-9.2812,0.0,0.0,0.9928519129753113,0.28685712814331055,0.9348353743553162,0.010083036497235298,0.7715773582458496,0.5818174481391907,0.13603855669498444,0.11213464289903641,0.06553171575069427
3995,-12.6867,-11.5676,-24.2543,-11.9844,-9.4766,0.0,0.0,0.9973986148834229,0.2820155918598175,0.9511760473251343,0.010303030721843243,0.7842261791229248,0.5827114582061768,0.13961443305015564,0.10906405746936798,0.064132459461689
4000,-12.2641,-11.6055,-23.8695,-11.3047,-9.5703,0.0,0.0,0.9961599707603455,0.21341653168201447,0.9636563658714294,0.012786002829670906,0.8046875,0.6073150038719177,0.12457244843244553,0.1058768630027771,0.057758085429668427
4005,-12.2297,-12.0188,-24.2484,-10.7969,-9.8125,0.0,0.0,0.994598925113678,0.14775560796260834,0.9466493129730225,0.011357183568179607,0.7663690447807312,0.5829057693481445,0.12468905746936798,0.11948072165250778,0.06844682991504669
4010,-12.1703,-12.3449,-24.5152,-10.6328,-9.9531,0.0,0.0,0.994290828704834,0.09816142171621323,0.9157401919364929,0.00853333342820406,0.7284226417541504,0.565065324306488,0.12472791969776154,0.13285136222839355,0.07287780195474625
4015,-12.1625,-13.0156,-25.1781,-10.6172,-10.2656,0.0,0.0,0.9908597469329834,0.046918123960494995,0.8886392116546631,0.004747518338263035,0.624627947807312,0.5230488181114197,0.12674906849861145,0.15566697716712952,0.09005752205848694
4020,-11.782,-13.2422,-25.0242,-10.3047,-10.1641,0.0,0.0,0.9835149049758911,0.021887825801968575,0.8590752482414246,0.00657894741743803,0.5799851417541504,0.5352145433425903,0.11365050077438354,0.158037930727005,0.0886194035410881
4025,-11.502,-14.4984,-26.0004,-10.2656,-10.3594,0.0,0.0,0.9691680073738098,0.00930059514939785,0.7275786995887756,0.0023018743377178907,0.4389880895614624,0.47652363777160645,0.10447761416435242,0.19632306694984436,0.11819807440042496
4030,-11.7297,-13.9762,-25.7059,-10.4453,-10.1875,0.0,0.0,0.9735141396522522,0.015099519863724709,0.794899046421051,0.0021937843412160873,0.4933035671710968,0.4930814802646637,0.11326181888580322,0.18287469446659088,0.10630441457033157
4035,-11.4379,-13.4535,-24.8914,-10.1719,-10.1953,0.0,0.0,0.9806135296821594,0.021353747695684433,0.7798787951469421,0.005529562011361122,0.5636160969734192,0.5473414063453674,0.09647077322006226,0.16033115983009338,0.09137903898954391
4040,-11.5305,-14.1098,-25.6402,-10.2969,-10.5312,0.0,0.0,0.9749805927276611,0.00874524749815464,0.7627659440040588,0.0031690141186118126,0.4624255895614624,0.5002332329750061,0.10222326219081879,0.18268035352230072,0.11038557440042496
4045,-11.5605,-13.9957,-25.5563,-10.0703,-10.4688,0.0,0.0,0.9776813387870789,0.010989011265337467,0.8003413081169128,0.002207505516707897,0.4363839328289032,0.5015547275543213,0.10611007362604141,0.1822139322757721,0.10564365983009338
4050,-11.5488,-13.6207,-25.1695,-10.2812,-10.3281,0.0,0.0,0.9818900227546692,0.007809726521372795,0.8688085675239563,0.0030133447144180536,0.420014888048172,0.5215329527854919,0.10949160158634186,0.17420709133148193,0.09029073268175125
4055,-11.5648,-13.0273,-24.5922,-10.2031,-10.2734,0.0,0.0,0.9868230223655701,0.014970059506595135,0.8854166865348816,0.008362026885151863,0.5450148582458496,0.5633939504623413,0.10385572165250778,0.1492537260055542,0.0790189653635025
4060,-11.8766,-12.9277,-24.8043,-10.3516,-10.3047,0.0,0.0,0.9906283020973206,0.02858092449605465,0.8969634175300598,0.010511227883398533,0.6000744104385376,0.5474579930305481,0.11695428937673569,0.14975902438163757,0.08135105669498444
4065,-11.8918,-12.8762,-24.768,-10.2344,-10.3516,0.0,0.0,0.9918727874755859,0.028807947412133217,0.9026712775230408,0.005744375288486481,0.616815447807312,0.5499844551086426,0.11738184094429016,0.14696051180362701,0.08119558542966843
4070,-11.8949,-13.1523,-25.0473,-10.4453,-10.2344,0.0,0.0,0.9920768737792969,0.024294156581163406,0.8921353816986084,0.005319148767739534,0.5424107313156128,0.5298118591308594,0.11839241534471512,0.15963153541088104,0.08768656849861145
4075,-11.7895,-12.9672,-24.7566,-10.2578,-10.1875,0.0,0.0,0.9906126260757446,0.028551772236824036,0.8728682398796082,0.0052505964413285255,0.6063988208770752,0.5506840944290161,0.11298973858356476,0.15041977167129517,0.08142879605293274
4080,-11.9938,-13.0637,-25.0574,-10.3516,-10.3281,0.0,0.0,0.9899402260780334,0.024723486974835396,0.8835443258285522,0.006527415011078119,0.609002947807312,0.5331934094429016,0.11948072165250778,0.15352922677993774,0.08931902796030045
4085,-12.1113,-12.8953,-25.0066,-10.5391,-10.1172,0.0,0.0,0.9911085367202759,0.0503397174179554,0.9003850817680359,0.009149130433797836,0.6309523582458496,0.5333099961280823,0.12585510313510895,0.15139147639274597,0.0849657952785492
4090,-11.8711,-12.4664,-24.3375,-10.2891,-10.1953,0.0,0.0,0.9941563606262207,0.058399174362421036,0.9072437882423401,0.010298103094100952,0.6886160969734192,0.5786691308021545,0.11314520984888077,0.1319962739944458,0.07171175628900528
4095,-12.1551,-12.9461,-25.1012,-10.3203,-10.2969,0.0,0.0,0.9913113713264465,0.06537753343582153,0.8867247700691223,0.01696389727294445,0.6272321343421936,0.5278684496879578,0.1266324669122696,0.15166355669498444,0.0893578976392746
4100,-12.2832,-11.8625,-24.1457,-10.5391,-10.0234,0.0,0.0,0.9969661235809326,0.15897278487682343,0.9473861455917358,0.02679658867418766,0.7857142686843872,0.5893190503120422,0.12713775038719177,0.11524409055709839,0.06382151693105698
4105,-12.5188,-12.084,-24.6027,-10.6328,-9.9531,0.0,0.0,0.9955425262451172,0.15168538689613342,0.9431468844413757,0.03426124155521393,0.7645089030265808,0.5580690503120422,0.13837064802646637,0.12647698819637299,0.07260572165250778
4110,-12.1277,-12.4969,-24.6246,-10.4922,-10.0469,0.0,0.0,0.993581235408783,0.09870848804712296,0.9058690071105957,0.013485477305948734,0.694940447807312,0.557097315788269,0.12639924883842468,0.13708800077438354,0.07493781298398972
4115,-11.8391,-12.2773,-24.1164,-10.2656,-10.1719,0.0,0.0,0.9927393794059753,0.09508431702852249,0.8929463028907776,0.015332197770476341,0.722470223903656,0.5942164063453674,0.10832556337118149,0.12453357875347137,0.06844682991504669
4120,-11.957,-12.2242,-24.1813,-10.1953,-10.0547,0.0,0.0,0.9950416684150696,0.09648823738098145,0.9166925549507141,0.01984127052128315,0.7232142686843872,0.5879197716712952,0.11400031298398972,0.12503886222839355,0.06856343150138855
4125,-12.2539,-12.2844,-24.5383,-10.3594,-10.125,0.0,0.0,0.993310809135437,0.10408472269773483,0.92022705078125,0.01748807542026043,0.7607886791229248,0.5636271834373474,0.12845925986766815,0.13009172677993774,0.07334421575069427
4130,-12.4148,-11.9156,-24.3305,-10.4609,-10.0859,0.0,0.0,0.996763288974762,0.15890569984912872,0.9444805383682251,0.03187721222639084,0.7838541865348816,0.5764148235321045,0.1335510015487671,0.1197139322757721,0.0658426582813263
4135,-12.6551,-11.4094,-24.0645,-11.0391,-10.0078,0.0,0.0,0.9971838593482971,0.26598110795021057,0.9616101384162903,0.03288590535521507,0.8351934552192688,0.5934779047966003,0.13984763622283936,0.10428327322006226,0.057913556694984436
4140,-12.8742,-11.2559,-24.1301,-11.2266,-9.7031,0.0,0.0,0.9984073042869568,0.3169032335281372,0.9701149463653564,0.04104979708790779,0.8430059552192688,0.5857042670249939,0.15061411261558533,0.10144589841365814,0.057758085429668427
4145,-13.0535,-10.9969,-24.0504,-11.8594,-9.5859,0.0,0.0,0.9980924725532532,0.36104869842529297,0.9693455100059509,0.030324401333928108,0.8995535969734192,0.5909126400947571,0.15566697716712952,0.0938277393579483,0.055115051567554474
4150,-12.7566,-11.1723,-23.9289,-11.3906,-9.6328,0.0,0.0,0.9978650212287903,0.29931971430778503,0.9706591367721558,0.03873239457607269,0.8857886791229248,0.6007851362228394,0.14284048974514008,0.09670397639274597,0.05519278720021248
4155,-12.9703,-11.0648,-24.0352,-10.8516,-9.9375,0.0,0.0,0.9996722340583801,0.304537296295166,0.985582709312439,0.0525936596095562,0.894717276096344,0.5928949117660522,0.15162469446659088,0.09705379605293274,0.05394900590181351
4160,-12.9242,-11.3246,-24.2488,-11.0234,-9.8047,0.0,0.0,0.9984571933746338,0.2769588828086853,0.9750000238418579,0.05552050471305847,0.8612351417541504,0.5794464945793152,0.1503031700849533,0.1041666641831398,0.0616060309112072
4165,-12.7152,-11.207,-23.9223,-10.5469,-9.9609,0.0,0.0,0.9989555478096008,0.27729085087776184,0.9756190180778503,0.058602552860975266,0.8798363208770752,0.595421314239502,0.14633862674236298,0.10202892124652863,0.05173351988196373
4170,-12.7859,-11.4277,-24.2137,-10.5547,-9.9688,0.0,0.0,0.9983338713645935,0.22772543132305145,0.9776310920715332,0.057124920189380646,0.8671875,0.5832167267799377,0.14439521729946136,0.10599347203969955,0.06191697716712952
4175,-12.8164,-10.9508,-23.7672,-10.9844,-9.8828,0.0,0.0,0.99764484167099,0.3251139223575592,0.972091019153595,0.05748031660914421,0.922247052192688,0.6106187701225281,0.1450171023607254,0.09052394330501556,0.04936256259679794
4180,-12.7156,-10.8852,-23.6008,-10.6953,-9.9688,0.0,0.0,0.9984302520751953,0.30485808849334717,0.9757680892944336,0.07199297845363617,0.9468005895614624,0.619014322757721,0.142412930727005,0.08982431888580322,0.0442708320915699
4185,-12.5578,-11.0227,-23.5805,-10.6953,-10.1094,0.0,0.0,0.9979367256164551,0.2697555422782898,0.9752665162086487,0.056635670363903046,0.9434523582458496,0.6216573119163513,0.13673818111419678,0.0911458358168602,0.0459810309112072
4190,-12.7781,-11.0191,-23.7973,-10.6406,-10.0078,0.0,0.0,0.9987245798110962,0.292802631855011,0.9685508012771606,0.047832585871219635,0.944940447807312,0.6094915866851807,0.1425684094429016,0.09145677834749222,0.052005596458911896
4195,-12.3465,-11.6176,-23.9641,-10.2969,-10.1094,0.0,0.0,0.9961974620819092,0.17612764239311218,0.9566826820373535,0.01662404090166092,0.8645833134651184,0.6030783653259277,0.12667132914066315,0.1049828976392746,0.0607898011803627
4200,-12.6711,-11.1195,-23.7906,-10.7031,-9.9062,0.0,0.0,0.9989753365516663,0.2852044999599457,0.975288987159729,0.045561663806438446,0.890997052192688,0.6069263219833374,0.1415967047214508,0.09752020984888077,0.0494791679084301
4205,-12.8754,-11.1562,-24.0316,-10.8125,-9.9453,0.0,0.0,0.9977020621299744,0.3000520169734955,0.9830173850059509,0.04961565509438515,0.8895089030265808,0.5920009613037109,0.1494869440793991,0.09841418266296387,0.055620335042476654
4210,-12.7824,-11.0164,-23.7988,-11.0312,-9.9531,0.0,0.0,0.9982109665870667,0.2957219183444977,0.9847359657287598,0.0636734664440155,0.902157723903656,0.6083255410194397,0.14536692202091217,0.09421642124652863,0.04761349409818649
4215,-13.0656,-10.641,-23.7066,-11.0703,-10.0859,0.0,0.0,0.9988483190536499,0.3815014660358429,0.9919750094413757,0.11721611768007278,0.9296875,0.6074704527854919,0.15842661261558533,0.08718127757310867,0.042444031685590744
4220,-13.9684,-10.2816,-24.25,-12.1172,-9.9844,0.0,0.0,0.9993850588798523,0.46758702397346497,0.9932462573051453,0.17215189337730408,0.9252232313156128,0.5688743591308594,0.1942630559206009,0.08632618188858032,0.0460587702691555
4225,-13.1637,-10.7367,-23.9004,-10.6953,-10.1328,0.0,0.0,0.9985642433166504,0.36311376094818115,0.9927101135253906,0.16363635659217834,0.9081101417541504,0.595576822757721,0.162274569272995,0.09064054489135742,0.04703047126531601
4230,-12.5332,-11.1023,-23.6355,-10.2656,-10.1016,0.0,0.0,0.9982394576072693,0.23729297518730164,0.9858096837997437,0.13812601566314697,0.9095982313156128,0.6181591749191284,0.13611629605293274,0.09312810748815536,0.04811878129839897
4235,-12.9836,-11.3758,-24.3594,-10.4141,-10.1797,0.0,0.0,0.9975890517234802,0.2387951761484146,0.9811643958091736,0.1245698556303978,0.8612351417541504,0.5642490386962891,0.1613028645515442,0.11349502205848694,0.0564754344522953
4240,-12.9988,-11.3148,-24.3137,-10.5469,-10.1484,0.0,0.0,0.9969121217727661,0.24886009097099304,0.9808961153030396,0.14567206799983978,0.8664434552192688,0.5664256811141968,0.16196362674236298,0.1119014322757721,0.05523165315389633
4245,-12.6281,-10.9266,-23.5547,-10.4766,-10.0312,0.0,0.0,0.9975522756576538,0.3055403232574463,0.9825828671455383,0.13550135493278503,0.9051339030265808,0.6192863583564758,0.14171330630779266,0.09149564802646637,0.04302705079317093
4250,-12.6539,-11.6672,-24.3211,-10.3672,-10.2031,0.0,0.0,0.9948400855064392,0.1836083084344864,0.966766357421875,0.09261658042669296,0.8270089030265808,0.5724891424179077,0.1460665464401245,0.11695428937673569,0.06001243740320206
4255,-12.85,-10.9258,-23.7758,-10.5234,-10.0547,0.0,0.0,0.9974409937858582,0.3135879337787628,0.9789827466011047,0.1193903461098671,0.9107142686843872,0.607548177242279,0.14960354566574097,0.09246735274791718,0.045903295278549194
4260,-12.9922,-10.7574,-23.7496,-10.7422,-10.1562,0.0,0.0,0.9974665641784668,0.3672936260700226,0.9797608256340027,0.1289031207561493,0.90625,0.6136893630027771,0.14878731966018677,0.08449938148260117,0.04854632914066315
4265,-13.0984,-10.968,-24.0664,-10.5391,-10.1406,0.0,0.0,0.9973195791244507,0.31381845474243164,0.9848599433898926,0.12022293359041214,0.9196428656578064,0.5800295472145081,0.1639847606420517,0.10268967598676682,0.04881840944290161
4270,-12.5312,-11.5305,-24.0617,-10.2031,-10.25,0.0,0.0,0.9920833706855774,0.20038749277591705,0.9554770588874817,0.07157748192548752,0.8880208134651184,0.5891635417938232,0.14043065905570984,0.10999689251184464,0.05593128129839897
4275,-12.2926,-12.0793,-24.3719,-10.2812,-10.4219,0.0,0.0,0.9930216670036316,0.12714369595050812,0.927135705947876,0.03442240506410599,0.7905505895614624,0.5736940503120422,0.13145211338996887,0.12375622242689133,0.06662002205848694
4280,-12.4449,-11.3844,-23.8293,-10.1406,-10.1406,0.0,0.0,0.9957493543624878,0.20337527990341187,0.9691290259361267,0.046296294778585434,0.8965773582458496,0.6035059094429016,0.13588307797908783,0.10576026141643524,0.0503731332719326
4285,-12.473,-11.2906,-23.7637,-10.4609,-10.0859,0.0,0.0,0.9948232769966125,0.24524012207984924,0.9661597013473511,0.04983922839164734,0.886532723903656,0.6081700921058655,0.13677705824375153,0.10222326219081879,0.048351988196372986
4290,-12.5266,-11.316,-23.8426,-10.2969,-10.0859,0.0,0.0,0.9932929277420044,0.2653631269931793,0.9590840935707092,0.040310077369213104,0.8805803656578064,0.6026896834373474,0.13914801180362701,0.10354477912187576,0.05013992637395859
4295,-12.3148,-11.7078,-24.0227,-10.3047,-10.3281,0.0,0.0,0.9891006350517273,0.2029806226491928,0.9387052059173584,0.023989032953977585,0.8337053656578064,0.5955379605293274,0.13040266931056976,0.1128731369972229,0.056708645075559616
4300,-12.482,-11.459,-23.941,-10.4844,-10.1797,0.0,0.0,0.990346372127533,0.2550934851169586,0.9456754922866821,0.016566265374422073,0.8761160969734192,0.5958877205848694,0.13926461338996887,0.10875310748815536,0.051616914570331573
4305,-12.4996,-11.3078,-23.8074,-10.4609,-10.0859,0.0,0.0,0.9936085939407349,0.28807759284973145,0.9418423175811768,0.021870287135243416,0.8798363208770752,0.6081312298774719,0.13627175986766815,0.09958022087812424,0.05153917893767357
4310,-12.5734,-11.5199,-24.0934,-10.4453,-10.2812,0.0,0.0,0.9872535467147827,0.28330156207084656,0.9355732798576355,0.019027484580874443,0.855282723903656,0.5854710936546326,0.14268501102924347,0.11221237480640411,0.05515391752123833
4315,-13.3582,-11.1,-24.4582,-11.0469,-10.2266,0.0,0.0,0.9916166067123413,0.35291510820388794,0.9694058895111084,0.03490028530359268,0.902157723903656,0.556358814239502,0.17533425986766815,0.10925839841365814,0.054570894688367844
4320,-13.0727,-10.8391,-23.9117,-11.0,-10.0625,0.0,0.0,0.992078959941864,0.39742955565452576,0.9563941359519958,0.05468102917075157,0.9073660969734192,0.59864741563797,0.15726056694984436,0.09270056337118149,0.04691386967897415
4325,-12.9434,-10.8445,-23.7879,-11.0,-10.1328,0.0,0.0,0.9896689057350159,0.40702110528945923,0.9539890289306641,0.04757785424590111,0.906622052192688,0.6057214140892029,0.15279074013233185,0.09207867085933685,0.04493159055709839
4330,-12.5621,-11.1395,-23.7016,-10.3281,-10.1641,0.0,0.0,0.9913551807403564,0.31747356057167053,0.9504716992378235,0.028205128386616707,0.8962053656578064,0.6114738583564758,0.13969215750694275,0.0988805964589119,0.04547574743628502
4335,-12.6391,-10.9926,-23.6316,-10.5234,-10.1016,0.0,0.0,0.9934574961662292,0.3444936275482178,0.9527592062950134,0.021968364715576172,0.9081101417541504,0.61784827709198,0.1404695212841034,0.09297263622283936,0.04423196613788605
4340,-12.8074,-11.2359,-24.0434,-10.4141,-10.1328,0.0,0.0,0.9910075664520264,0.3153223693370819,0.9432079792022705,0.030701754614710808,0.8991815447807312,0.5921564102172852,0.14890392124652863,0.10129041969776154,0.05317164212465286
4345,-12.6848,-11.0219,-23.7066,-10.5547,-10.2031,0.0,0.0,0.9907999038696289,0.34217506647109985,0.95315021276474,0.03152364119887352,0.9296875,0.6083644032478333,0.14653295278549194,0.09623756259679794,0.04438743740320206
4350,-12.5777,-11.0578,-23.6355,-10.3359,-10.1953,0.0,0.0,0.9859243631362915,0.3536383807659149,0.9331991672515869,0.053505536168813705,0.9088541865348816,0.6157882213592529,0.14101368188858032,0.09658737480640411,0.042133085429668427
4355,-13.4711,-10.5273,-23.9984,-10.6797,-10.0234,0.0,0.0,0.9943745732307434,0.46721312403678894,0.9644917845726013,0.03955288231372833,0.9348958134651184,0.5872978568077087,0.1754508763551712,0.087569959461689,0.04520367085933685
4360,-14.3586,-9.8902,-24.2488,-12.0156,-10.1172,0.0,0.0,0.9962559938430786,0.5668478012084961,0.9835526347160339,0.05366357043385506,0.9497767686843872,0.5605954527854919,0.21455223858356476,0.08271144330501556,0.03766324743628502
4365,-13.7078,-10.0656,-23.7734,-11.2656,-10.0234,0.0,0.0,0.9935697317123413,0.540227472782135,0.9722642302513123,0.07009857892990112,0.9665178656578064,0.5984141826629639,0.18454602360725403,0.07707556337118149,0.03548663109540939
4370,-13.9363,-9.9965,-23.9328,-11.6328,-10.0391,0.0,0.0,0.9942320585250854,0.5444853901863098,0.9829221963882446,0.07647740095853806,0.96875,0.5795242786407471,0.2005208283662796,0.08193407952785492,0.03354322165250778
4375,-12.7926,-10.8578,-23.6504,-10.2812,-10.4219,0.0,0.0,0.9887969493865967,0.3628409802913666,0.9714285731315613,0.03790087625384331,0.949404776096344,0.6106187701225281,0.1510416716337204,0.09386660158634186,0.039995335042476654
4380,-13.0984,-10.5836,-23.682,-10.4453,-10.2109,0.0,0.0,0.9964212775230408,0.3975498378276825,0.9833931922912598,0.04895104840397835,0.9676339030265808,0.608208954334259,0.16180814802646637,0.08659826219081879,0.03890702873468399
4385,-13.0246,-10.566,-23.5906,-10.3828,-10.3594,0.0,0.0,0.9951126575469971,0.4095330834388733,0.979083240032196,0.04103671759366989,0.9601934552192688,0.6123678684234619,0.1598258763551712,0.08733675628900528,0.035991914570331573
4390,-12.4891,-10.9281,-23.4172,-10.1797,-10.2734,0.0,0.0,0.9914799332618713,0.33009985089302063,0.9587805867195129,0.04459861293435097,0.9397321343421936,0.6295475959777832,0.1362328976392746,0.09052394330501556,0.03921797126531601
4395,-12.8063,-11.0766,-23.8828,-10.3672,-10.2031,0.0,0.0,0.9882475137710571,0.32812100648880005,0.9632846713066101,0.029045643284916878,0.937872052192688,0.5986084938049316,0.15162469446659088,0.09845304489135742,0.04683613032102585
4400,-12.6527,-11.2535,-23.9062,-10.1094,-10.3906,0.0,0.0,0.9879447817802429,0.2760752737522125,0.951619029045105,0.030015798285603523,0.937127947807312,0.5996968150138855,0.14458955824375153,0.10202892124652863,0.049207091331481934
4405,-12.3141,-11.6906,-24.0047,-10.0156,-10.5312,0.0,0.0,0.9794309139251709,0.2158314287662506,0.9371196627616882,0.022912047803401947,0.8939732313156128,0.5914567708969116,0.13650497794151306,0.11497201770544052,0.05258861929178238
4410,-11.9113,-12.2148,-24.1262,-9.75,-10.875,0.0,0.0,0.9667264223098755,0.1511479616165161,0.9014167785644531,0.010966415517032146,0.8247767686843872,0.5852378606796265,0.12189054489135742,0.1316853165626526,0.056708645075559616
4415,-11.9398,-12.3699,-24.3098,-9.7656,-11.0547,0.0,0.0,0.9580952525138855,0.1534358263015747,0.894560694694519,0.010841837152838707,0.8299851417541504,0.5713619589805603,0.12387282401323318,0.13934235274791718,0.06094527244567871
4420,-11.9777,-12.0938,-24.0715,-9.8672,-10.5469,0.0,0.0,0.9709611535072327,0.1400950849056244,0.9044209122657776,0.00895316805690527,0.8660714030265808,0.5916122794151306,0.12262903898954391,0.12484452873468399,0.05643656849861145
4425,-12.4766,-11.2824,-23.759,-10.1797,-10.1328,0.0,0.0,0.9894904494285583,0.24045583605766296,0.959386944770813,0.02295081876218319,0.9356398582458496,0.6102300882339478,0.13642723858356476,0.10144589841365814,0.04741915315389633
4430,-12.7078,-11.3379,-24.0457,-10.1875,-10.2109,0.0,0.0,0.9916414618492126,0.25484469532966614,0.9618120789527893,0.027698863297700882,0.9296875,0.5905628204345703,0.14641635119915009,0.10381685197353363,0.05472636967897415
4435,-12.1316,-11.841,-23.9727,-10.1641,-10.4219,0.0,0.0,0.9879981875419617,0.13044802844524384,0.9533644318580627,0.018232818692922592,0.8571428656578064,0.5958877205848694,0.1275264322757721,0.11668221652507782,0.05542599409818649
4440,-11.9613,-12.0504,-24.0117,-9.9766,-10.5156,0.0,0.0,0.9806569814682007,0.10299212485551834,0.938102662563324,0.020014295354485512,0.8288690447807312,0.5927783250808716,0.12340640276670456,0.12496113032102585,0.05437655374407768
4445,-12.466,-11.5437,-24.0098,-10.1328,-10.2031,0.0,0.0,0.9937242865562439,0.17217788100242615,0.9668547511100769,0.024303073063492775,0.8958333134651184,0.5945662260055542,0.13634949922561646,0.11023010313510895,0.05437655374407768
4450,-12.1707,-11.6445,-23.8152,-10.0938,-10.4688,0.0,0.0,0.9890857934951782,0.16310323774814606,0.9459365010261536,0.03930461034178734,0.8798363208770752,0.6054104566574097,0.12725435197353363,0.11143501102924347,0.05142257362604141
4455,-12.1801,-12.1625,-24.3426,-10.2734,-10.25,0.0,0.0,0.9797016382217407,0.12198706716299057,0.9066353440284729,0.023855576291680336,0.8385416865348816,0.5706234574317932,0.13222947716712952,0.13238495588302612,0.06028451398015022
4460,-12.2715,-11.6645,-23.9359,-10.125,-10.3359,0.0,0.0,0.9895690679550171,0.18126094341278076,0.9405003190040588,0.015186028555035591,0.8731398582458496,0.5961986780166626,0.13316231966018677,0.11497201770544052,0.0511893667280674
4465,-11.8133,-12.5691,-24.3824,-9.8125,-10.7969,0.0,0.0,0.9640440344810486,0.11385014653205872,0.8727915287017822,0.011522134765982628,0.7857142686843872,0.5686023235321045,0.11983053386211395,0.1429959535598755,0.06409359723329544
4470,-12.073,-11.8855,-23.9586,-9.9531,-10.5391,0.0,0.0,0.9770278930664062,0.16738995909690857,0.9250330328941345,0.009447674266994,0.8671875,0.5989583134651184,0.12538868188858032,0.11769278347492218,0.05348258838057518
4475,-12.0488,-12.0336,-24.0824,-9.9922,-10.625,0.0,0.0,0.9715267419815063,0.16207003593444824,0.8957433700561523,0.008368200622498989,0.8794642686843872,0.588347315788269,0.12542754411697388,0.12601056694984436,0.05573694035410881
4480,-12.3656,-11.7117,-24.0773,-10.1719,-10.2891,0.0,0.0,0.9816611409187317,0.19426482915878296,0.9209924936294556,0.021167883649468422,0.9200148582458496,0.5849658250808716,0.1382540464401245,0.11905317008495331,0.05324937775731087
4485,-12.1242,-11.5559,-23.6801,-10.0234,-10.3281,0.0,0.0,0.9817420840263367,0.20212766528129578,0.9366045594215393,0.01182432472705841,0.9226190447807312,0.613106369972229,0.12787623703479767,0.10851989686489105,0.04601990059018135
4490,-12.2176,-11.3996,-23.6172,-10.1484,-10.1719,0.0,0.0,0.9807910323143005,0.2512774169445038,0.9476401209831238,0.009795191697776318,0.9140625,0.6171486377716064,0.1293143630027771,0.10541044920682907,0.043648943305015564
4495,-12.332,-11.5773,-23.9094,-10.1953,-10.4766,0.0,0.0,0.9832617044448853,0.21929332613945007,0.9320923686027527,0.009023790247738361,0.9122023582458496,0.5967817306518555,0.13860385119915009,0.11275652796030045,0.04738028720021248
4500,-12.6867,-11.0906,-23.7773,-10.375,-10.0703,0.0,0.0,0.9946937561035156,0.2936593294143677,0.952593207359314,0.009933775290846825,0.9520089030265808,0.6079757213592529,0.14466728270053864,0.09592662006616592,0.046952735632658005
4505,-12.0836,-11.725,-23.8086,-9.9297,-10.5391,0.0,0.0,0.9829196333885193,0.16661427915096283,0.9170648455619812,0.009252120740711689,0.8973214030265808,0.6075870394706726,0.12363961338996887,0.11388370394706726,0.050412002950906754
4510,-12.5301,-11.4391,-23.9691,-10.2266,-10.1328,0.0,0.0,0.9899647831916809,0.2091212421655655,0.9452303051948547,0.014168530702590942,0.9464285969734192,0.5964707732200623,0.13976989686489105,0.10715951770544052,0.05212220177054405
4515,-12.5066,-11.8246,-24.3312,-10.3281,-10.3281,0.0,0.0,0.9843193888664246,0.17231261730194092,0.9334365129470825,0.012354152277112007,0.9006696343421936,0.5676305890083313,0.14571672677993774,0.12554416060447693,0.05663090944290161
4520,-12.602,-11.1324,-23.7344,-10.2891,-10.2891,0.0,0.0,0.9879418015480042,0.30908599495887756,0.948657214641571,0.026408450677990913,0.9356398582458496,0.6092195510864258,0.14373445510864258,0.09841418266296387,0.04415423050522804
4525,-12.5238,-11.427,-23.9508,-10.2344,-10.3516,0.0,0.0,0.9883033037185669,0.24651287496089935,0.9539588689804077,0.008149959146976471,0.905877947807312,0.5914956331253052,0.14490050077438354,0.11143501102924347,0.0476912297308445
4530,-13.0164,-10.8063,-23.8227,-10.3281,-10.0469,0.0,0.0,0.9920774102210999,0.38067492842674255,0.9588984847068787,0.024793388321995735,0.957217276096344,0.5985307693481445,0.16009794175624847,0.0945662334561348,0.04232742637395859
4535,-12.9289,-10.7105,-23.6395,-10.5469,-10.0781,0.0,0.0,0.9926937818527222,0.39739739894866943,0.9587451815605164,0.04503582417964935,0.9404761791229248,0.611784815788269,0.15531715750694275,0.09044620394706726,0.03797418996691704
4540,-13.0766,-10.5629,-23.6395,-10.3203,-10.1562,0.0,0.0,0.9925742745399475,0.4536811411380768,0.9596287608146667,0.041869521141052246,0.941592276096344,0.6124067306518555,0.15943719446659088,0.08376087993383408,0.03991759940981865
4545,-13.4668,-10.591,-24.0578,-10.7422,-10.1797,0.0,0.0,0.9930546283721924,0.4560282230377197,0.9574915766716003,0.04163052886724472,0.9296875,0.5820118188858032,0.1763448417186737,0.09235074371099472,0.04481498897075653
4550,-14.1895,-9.9555,-24.1449,-12.3281,-10.0078,0.0,0.0,0.9954285025596619,0.5718336701393127,0.967803955078125,0.054294176399707794,0.9471726417541504,0.56965172290802,0.20561255514621735,0.08088464289903641,0.03937344625592232
4555,-13.802,-10.4855,-24.2875,-11.125,-10.0703,0.0,0.0,0.9933634400367737,0.48240894079208374,0.9643929600715637,0.05075336992740631,0.9274553656578064,0.5680969953536987,0.18781094253063202,0.09060168266296387,0.04901275038719177
4560,-13.1652,-10.5543,-23.7195,-10.8516,-9.9844,0.0,0.0,0.9930698275566101,0.44102442264556885,0.9781249761581421,0.02604166604578495,0.9345238208770752,0.6057214140892029,0.16542288661003113,0.08706467598676682,0.03731343150138855
4565,-12.2547,-11.6746,-23.9293,-10.1875,-10.1875,0.0,0.0,0.9806954860687256,0.23525942862033844,0.9196217656135559,0.016897082328796387,0.8612351417541504,0.59798663854599,0.1318407952785492,0.11508861929178238,0.050606343895196915
4570,-12.4203,-11.2215,-23.6418,-10.25,-10.1797,0.0,0.0,0.9888536930084229,0.29994308948516846,0.9403157234191895,0.018437225371599197,0.910342276096344,0.6137282252311707,0.13658271729946136,0.10094060748815536,0.0442708320915699
4575,-12.4742,-11.2883,-23.7625,-10.25,-10.0625,0.0,0.0,0.9819895029067993,0.29960981011390686,0.9565379023551941,0.016407599672675133,0.9032738208770752,0.6064209938049316,0.13945895433425903,0.10463308542966843,0.04500932991504669
4580,-13.0379,-10.7762,-23.8141,-10.4609,-10.0156,0.0,0.0,0.9883052110671997,0.41983795166015625,0.9667802453041077,0.014886165037751198,0.9367559552192688,0.6015625,0.15831001102924347,0.09126243740320206,0.04438743740320206
4585,-13.0457,-10.6199,-23.6656,-10.6094,-10.3516,0.0,0.0,0.9894729852676392,0.43939027190208435,0.9743929505348206,0.01859504170715809,0.937872052192688,0.6092195510864258,0.1606421023607254,0.08803638070821762,0.03762437775731087
4590,-13.0953,-10.5395,-23.6348,-10.8594,-10.1094,0.0,0.0,0.9913683533668518,0.45975345373153687,0.9552170038223267,0.037716615945100784,0.9441964030265808,0.6124067306518555,0.160797581076622,0.08418843150138855,0.038129664957523346
4595,-12.7066,-10.6746,-23.3813,-10.6875,-10.1719,0.0,0.0,0.9928137063980103,0.40426105260849,0.966946005821228,0.009966777637600899,0.9367559552192688,0.6328125,0.1441231369972229,0.08348880708217621,0.03509794920682907
4600,-12.2445,-11.6141,-23.8586,-10.2109,-10.2578,0.0,0.0,0.9787371754646301,0.27617648243904114,0.9189189076423645,0.005464480724185705,0.8616071343421936,0.6014070510864258,0.1321517378091812,0.11217350512742996,0.04979011043906212
4605,-12.25,-11.6172,-23.8672,-10.1172,-10.3281,0.0,0.0,0.9753630757331848,0.2811046540737152,0.9196428656578064,0.019778480753302574,0.8683035969734192,0.5995025038719177,0.1337064653635025,0.11318407952785492,0.04912935197353363
4610,-12.1574,-11.9254,-24.0828,-10.0938,-10.5391,0.0,0.0,0.9669817686080933,0.2508782148361206,0.9110974669456482,0.01716417819261551,0.8270089030265808,0.5838775038719177,0.13277363777160645,0.126787930727005,0.0520833320915699
4615,-11.641,-12.3207,-23.9617,-9.9297,-10.6562,0.0,0.0,0.9549137353897095,0.1883029043674469,0.8832370042800903,0.012139605358242989,0.7901785969734192,0.5948383212089539,0.11497201770544052,0.13448382914066315,0.05122823268175125
4620,-12.1699,-11.6637,-23.8336,-10.0234,-10.3984,0.0,0.0,0.9786123633384705,0.25915834307670593,0.924853503704071,0.012947448529303074,0.851934552192688,0.6033504605293274,0.12838153541088104,0.11275652796030045,0.05103389173746109
4625,-12.1793,-11.6332,-23.8125,-10.2109,-10.1641,0.0,0.0,0.9799551963806152,0.24832826852798462,0.9263306260108948,0.010015408508479595,0.863467276096344,0.6069263219833374,0.12787623703479767,0.1102689653635025,0.05045086890459061
4630,-12.441,-11.4848,-23.9258,-10.3047,-10.4453,0.0,0.0,0.9823072552680969,0.29587283730506897,0.9225156307220459,0.009531374089419842,0.8694196343421936,0.5953435897827148,0.13938121497631073,0.11186256259679794,0.04893501102924347
4635,-12.4684,-11.2332,-23.7016,-10.7656,-10.1328,0.0,0.0,0.9875835180282593,0.3239355683326721,0.9148252606391907,0.012406948022544384,0.9040178656578064,0.616682231426239,0.13510571420192719,0.09674284607172012,0.046991605311632156
4640,-12.4953,-11.2977,-23.793,-10.4453,-10.2109,0.0,0.0,0.9857463836669922,0.324805349111557,0.9212628602981567,0.020967742428183556,0.8984375,0.6053715944290161,0.13976989686489105,0.10218439251184464,0.048196516931056976
4645,-12.6508,-11.0371,-23.6879,-10.2734,-10.3203,0.0,0.0,0.9896573424339294,0.3584652543067932,0.9395061731338501,0.0169189665466547,0.9155505895614624,0.6125621795654297,0.1448616236448288,0.09444962441921234,0.043648943305015564
4650,-12.5012,-11.0035,-23.5047,-10.4688,-10.0703,0.0,0.0,0.9894730448722839,0.34907251596450806,0.9411277174949646,0.021653544157743454,0.9159226417541504,0.6239894032478333,0.13829290866851807,0.09375,0.039490051567554474
4655,-12.732,-11.0527,-23.7848,-10.2656,-10.125,0.0,0.0,0.9886621236801147,0.3721286356449127,0.9404125213623047,0.030869971960783005,0.8880208134651184,0.5999300479888916,0.15228544175624847,0.10175684094429016,0.04155006259679794
4660,-12.4109,-11.3621,-23.773,-10.3984,-10.2812,0.0,0.0,0.9807131290435791,0.33097344636917114,0.9053796529769897,0.01104972418397665,0.8850446343421936,0.6126399040222168,0.1317630559206009,0.10187344253063202,0.04924595728516579
4665,-13.5316,-10.2844,-23.816,-11.7422,-9.9141,0.0,0.0,0.9937980771064758,0.5174763798713684,0.9573643207550049,0.013713080435991287,0.9311755895614624,0.6016402244567871,0.17681126296520233,0.08022388070821762,0.03684701398015022
4670,-13.9023,-10.1406,-24.043,-12.3047,-10.0547,0.0,0.0,0.9951658248901367,0.5375273823738098,0.9692307710647583,0.023517383262515068,0.9427083134651184,0.5789023637771606,0.1952347606420517,0.08337219804525375,0.03801305964589119
4675,-12.8074,-10.807,-23.6145,-10.4609,-10.1094,0.0,0.0,0.9934863448143005,0.37745603919029236,0.9602053761482239,0.016634050756692886,0.9389880895614624,0.614622175693512,0.15034204721450806,0.09083488583564758,0.03972325846552849
4680,-12.9859,-10.573,-23.559,-10.8828,-10.0859,0.0,0.0,0.9941652417182922,0.43878576159477234,0.9565014243125916,0.025588536635041237,0.9438244104385376,0.6195195913314819,0.15492847561836243,0.08310012519359589,0.03797418996691704
4685,-12.7531,-10.9918,-23.7449,-10.375,-10.1406,0.0,0.0,0.9916988611221313,0.36242640018463135,0.944731593132019,0.025974025949835777,0.9133184552192688,0.6040111780166626,0.1518578976392746,0.09775342047214508,0.041899874806404114
4690,-12.4742,-11.1184,-23.5926,-10.2891,-10.125,0.0,0.0,0.9907676577568054,0.30813634395599365,0.9376934766769409,0.018924303352832794,0.921502947807312,0.6146610975265503,0.14140236377716064,0.10043532401323318,0.03902363032102585
4695,-13.0945,-10.473,-23.5676,-10.4062,-10.125,0.0,0.0,0.9947811961174011,0.4667810797691345,0.9611650705337524,0.028084252029657364,0.9475446343421936,0.6181591749191284,0.15854321420192719,0.08006840944290161,0.03875155374407768
4700,-14.0207,-9.898,-23.9188,-11.7656,-9.7266,0.0,0.0,0.9969226717948914,0.5680723786354065,0.9810851216316223,0.05056179687380791,0.968377947807312,0.5810012221336365,0.20184235274791718,0.07808613032102585,0.03459266200661659
4705,-13.8844,-10.1578,-24.0422,-11.4531,-10.0234,0.0,0.0,0.9969187378883362,0.5290650129318237,0.9730380177497864,0.03590664267539978,0.9661458134651184,0.5802627205848694,0.19123134016990662,0.0807291641831398,0.04329913109540939
4710,-13.609,-10.125,-23.734,-11.6484,-9.7969,0.0,0.0,0.9963123798370361,0.5325117111206055,0.9701641201972961,0.01963048428297043,0.952752947807312,0.6007851362228394,0.18291355669498444,0.07816386967897415,0.03365982696413994
4715,-12.852,-10.6172,-23.4691,-10.7188,-10.0156,0.0,0.0,0.994049072265625,0.4129132926464081,0.9612873196601868,0.00975081231445074,0.9482886791229248,0.6270211338996887,0.14929260313510895,0.0833333358168602,0.03587530925869942
4720,-13.2141,-10.2926,-23.5066,-11.3281,-10.0156,0.0,0.0,0.9955101013183594,0.5007232427597046,0.9609375,0.021367521956562996,0.9598214030265808,0.6232898235321045,0.1612251251935959,0.0746268630027771,0.036380596458911896
4725,-12.7535,-10.602,-23.3555,-10.5938,-10.125,0.0,0.0,0.9944219589233398,0.4279957115650177,0.9598432779312134,0.014553014189004898,0.952752947807312,0.6340951323509216,0.14466728270053864,0.07936877757310867,0.03739117085933685
4730,-13.1594,-10.4559,-23.6152,-10.7812,-10.125,0.0,0.0,0.9915603995323181,0.47638359665870667,0.9545667171478271,0.03668763116002083,0.9516369104385376,0.6125233173370361,0.1629353165626526,0.08298352360725403,0.037080224603414536
4735,-13.2141,-10.6289,-23.843,-10.7812,-10.1953,0.0,0.0,0.9898450970649719,0.455265611410141,0.9549198150634766,0.02687673829495907,0.9375,0.5970926880836487,0.1668221354484558,0.08966884016990662,0.041938744485378265
4740,-12.8926,-11.0809,-23.9734,-10.6094,-10.4922,0.0,0.0,0.9871001839637756,0.3572675287723541,0.9430524110794067,0.01998334750533104,0.9211309552192688,0.5905628204345703,0.15590018033981323,0.1023787334561348,0.04668065905570984
4745,-12.5953,-11.0402,-23.6355,-10.3984,-10.2344,0.0,0.0,0.9894066452980042,0.34239429235458374,0.9402862787246704,0.00822669081389904,0.9270833134651184,0.6164101362228394,0.14155784249305725,0.09503264725208282,0.04252176731824875
4750,-12.8113,-10.6785,-23.4898,-10.5234,-10.0781,0.0,0.0,0.9947774410247803,0.41598737239837646,0.9503047466278076,0.013725490309298038,0.9479166865348816,0.6251554489135742,0.14781561493873596,0.08290578424930573,0.03964552283287048
4755,-12.8855,-10.7516,-23.6371,-10.8516,-9.9141,0.0,0.0,0.9935377836227417,0.40061554312705994,0.9546247720718384,0.01690140925347805,0.9423363208770752,0.6134950518608093,0.15154695510864258,0.08908581733703613,0.041394591331481934
4760,-13.0473,-10.4727,-23.5199,-11.2266,-10.1484,0.0,0.0,0.9938662052154541,0.44969096779823303,0.9779058694839478,0.020299145951867104,0.9553571343421936,0.6209965944290161,0.1572217047214508,0.08092350512742996,0.036380596458911896
4765,-13.1613,-10.6699,-23.8312,-10.7891,-9.9688,0.0,0.0,0.9925445914268494,0.42370474338531494,0.9557099342346191,0.02396313287317753,0.9520089030265808,0.5995413661003113,0.16429570317268372,0.0895133689045906,0.04217195138335228
4770,-13.0184,-10.7086,-23.727,-10.6406,-10.1016,0.0,0.0,0.9919739961624146,0.42882204055786133,0.961835503578186,0.02086956612765789,0.9367559552192688,0.6101912260055542,0.15508395433425903,0.08554881811141968,0.044698383659124374
4775,-13.2293,-10.6242,-23.8535,-10.6641,-9.9609,0.0,0.0,0.9900912642478943,0.44650301337242126,0.9539982676506042,0.02556818164885044,0.9468005895614624,0.5962375402450562,0.16783271729946136,0.0904073417186737,0.041044775396585464
4780,-13.5309,-10.3656,-23.8965,-11.0703,-10.1094,0.0,0.0,0.9932721853256226,0.47443366050720215,0.9782028198242188,0.027108434587717056,0.9698660969734192,0.5892801880836487,0.18015392124652863,0.08737561851739883,0.03871268779039383
4785,-12.9348,-10.6555,-23.5902,-10.3594,-10.2188,0.0,0.0,0.9900434613227844,0.42087966203689575,0.9701627492904663,0.02093718759715557,0.953125,0.6167988181114197,0.15376244485378265,0.08597636967897415,0.038984764367341995
4790,-12.852,-10.8902,-23.7422,-10.3516,-10.2578,0.0,0.0,0.9798782467842102,0.43286624550819397,0.950507640838623,0.014834205619990826,0.937872052192688,0.6065376400947571,0.15255752205848694,0.09188432991504669,0.044542908668518066
4795,-12.9902,-11.0684,-24.0586,-10.6719,-10.3906,0.0,0.0,0.9682645797729492,0.428234726190567,0.9436103701591492,0.016814159229397774,0.921875,0.580534815788269,0.16491760313510895,0.10614894330501556,0.04392101988196373
4800,-12.427,-11.6887,-24.1156,-10.1875,-10.6094,0.0,0.0,0.9524380564689636,0.35520175099372864,0.9174820780754089,0.018195603042840958,0.8727678656578064,0.5834888219833374,0.1415967047214508,0.11916977912187576,0.0512671023607254
4805,-12.1898,-11.898,-24.0879,-9.8906,-10.9688,0.0,0.0,0.9403740167617798,0.3290155529975891,0.9235275983810425,0.016203703358769417,0.866815447807312,0.5840718150138855,0.13502798974514008,0.1260494440793991,0.0503731332719326
4810,-12.1199,-12.2336,-24.3535,-9.3906,-11.8281,0.0,0.0,0.9101358652114868,0.34457236528396606,0.9275323748588562,0.019108280539512634,0.8385416865348816,0.5579524040222168,0.14179104566574097,0.14696051180362701,0.04881840944290161
4815,-12.0844,-12.0984,-24.1828,-9.4531,-11.7031,0.0,0.0,0.9121695160865784,0.3372681140899658,0.9423448443412781,0.033022861927747726,0.8653273582458496,0.5704290866851807,0.13829290866851807,0.14089708030223846,0.045903295278549194
4820,-12.0355,-12.6613,-24.6969,-9.1953,-12.1719,0.0,0.0,0.8923808932304382,0.3337041139602661,0.9127181768417358,0.010890454985201359,0.8154761791229248,0.5392179489135742,0.13976989686489105,0.15586131811141968,0.060673195868730545
4825,-12.5559,-12.3086,-24.8645,-9.4375,-12.2266,0.0,0.0,0.9191709756851196,0.335049033164978,0.9304414987564087,0.012226512655615807,0.8102678656578064,0.525108814239502,0.15858209133148193,0.15143035352230072,0.06040111929178238
4830,-12.4453,-11.6918,-24.1371,-9.8594,-11.3594,0.0,0.0,0.9424426555633545,0.3791281282901764,0.9313572645187378,0.010569105856120586,0.8757440447807312,0.5760261416435242,0.14711597561836243,0.12457244843244553,0.047807835042476654
4835,-12.8879,-11.1336,-24.0215,-10.4062,-10.4297,0.0,0.0,0.9587373733520508,0.46269726753234863,0.9299749732017517,0.028933092951774597,0.9014136791229248,0.581195592880249,0.16254663467407227,0.10879197716712952,0.042988184839487076
4840,-12.702,-11.8242,-24.5262,-10.1484,-11.0156,0.0,0.0,0.9385289549827576,0.4154186248779297,0.9032738208770752,0.015818431973457336,0.8467261791229248,0.5501010417938232,0.15831001102924347,0.13059701025485992,0.056514304131269455
4845,-12.0359,-12.1707,-24.2066,-9.8281,-10.9531,0.0,0.0,0.9314281940460205,0.36832740902900696,0.8840993642807007,0.012472487054765224,0.797247052192688,0.5753265023231506,0.13106343150138855,0.1361551582813263,0.0529773011803627
4850,-12.2098,-12.4664,-24.6762,-9.8281,-11.1172,0.0,0.0,0.9292256832122803,0.34064409136772156,0.8454193472862244,0.013215859420597553,0.7901785969734192,0.543143630027771,0.14000311493873596,0.15061411261558533,0.06176150590181351
4855,-12.2867,-12.2141,-24.5008,-10.0078,-11.1797,0.0,0.0,0.9412255883216858,0.37037035822868347,0.8314120769500732,0.014732965268194675,0.832217276096344,0.5588075518608093,0.13852612674236298,0.13487251102924347,0.0633162334561348
4860,-12.6363,-11.3684,-24.0047,-10.4766,-10.5234,0.0,0.0,0.9546770453453064,0.45456939935684204,0.8806918263435364,0.01821191981434822,0.8880208134651184,0.5908737778663635,0.14758239686489105,0.11011349409818649,0.046952735632658005
4865,-13.6977,-11.7852,-25.4828,-10.8984,-10.8281,0.0,0.0,0.935017466545105,0.48101767897605896,0.8643187284469604,0.011241696774959564,0.863095223903656,0.4892723858356476,0.19554570317268372,0.13463930785655975,0.07606498897075653
4870,-11.8258,-12.9332,-24.759,-9.2422,-12.3125,0.0,0.0,0.8666229248046875,0.33773693442344666,0.8900717496871948,0.014435695484280586,0.831845223903656,0.5329990386962891,0.1353389322757721,0.16794931888580322,0.05923507362604141
4875,-11.1949,-15.627,-26.8219,-8.5547,-14.6016,0.0,0.0,0.7399024367332458,0.17856039106845856,0.7761727571487427,0.007399577181786299,0.6361607313156128,0.39839863777160645,0.1258162260055542,0.2609996795654297,0.11030783504247665
4880,-10.1332,-16.4801,-26.6133,-7.375,-16.2109,0.0,0.0156,0.6827005743980408,0.1276513636112213,0.7384387254714966,0.0027205597143620253,0.5956101417541504,0.40644434094429016,0.10078513622283936,0.28828513622283936,0.10000777244567871
4885,-9.8309,-18.6375,-28.4684,-6.9219,-18.3125,0.0,0.1095,0.5984995365142822,0.07999999821186066,0.5844758749008179,0.0007425742805935442,0.3857886791229248,0.30048975348472595,0.08648165315389633,0.35152363777160645,0.15702736377716064
4890,-9.8051,-20.3941,-30.1992,-9.0078,-19.8594,0.0,0.274,0.5289327502250671,0.04511784389615059,0.45184800028800964,0.0003237293567508459,0.2578125,0.22434701025485992,0.057719215750694275,0.37332865595817566,0.24012748897075653
4895,-10.9547,-21.2824,-32.2371,-11.2422,-20.1016,0.0,0.4146,0.4984254240989685,0.0520421601831913,0.34913110733032227,0.00046871337690390646,0.1930803507566452,0.13576647639274597,0.0590018667280674,0.3690531849861145,0.33170086145401
4900,-10.1137,-22.0645,-32.1781,-12.0703,-20.9297,0.0,0.6135,0.5292516946792603,0.052309781312942505,0.26547110080718994,0.0020340706687420607,0.1990327388048172,0.11427238583564758,0.057213928550481796,0.41829913854599,0.3057369291782379
4905,-10.2508,-21.5219,-31.7727,-10.5859,-20.5234,0.0,0.8114,0.5215082168579102,0.057939913123846054,0.3213469684123993,0.0014086310984566808,0.207961305975914,0.14637748897075653,0.05433768779039383,0.3912857472896576,0.30352145433425903
4910,-12.4613,-21.8867,-34.348,-15.0547,-20.75,0.0,1.0099,0.49668875336647034,0.054595086723566055,0.23999522626399994,0.0003401939175091684,0.1369047611951828,0.07042910158634186,0.04271610826253891,0.3253653645515442,0.4570118188858032
4915,-9.7289,-22.3863,-32.1152,-10.0391,-21.6875,0.0,1.2132,0.4171696901321411,0.02758077159523964,0.28637856245040894,0.0008950261981226504,0.1462053507566452,0.11590485274791718,0.04932369291782379,0.42630597949028015,0.30398786067962646
4920,-11.0211,-22.4199,-33.441,-13.6016,-21.5469,0.0,1.4128,0.3956204354763031,0.034574467688798904,0.2433006316423416,0.0008025682182051241,0.146577388048172,0.07987406849861145,0.043843284249305725,0.3843672275543213,0.3874378204345703
4925,-11.8668,-22.5391,-34.4059,-16.0,-21.5312,0.0,1.627,0.4068388044834137,0.046171169728040695,0.1929207444190979,0.0012906556949019432,0.126860111951828,0.05569807067513466,0.03451492637395859,0.3535836338996887,0.4517257511615753
4930,-13.7836,-22.1156,-35.8992,-18.5625,-20.7188,0.0,1.8373,0.5151515007019043,0.07001321017742157,0.14389190077781677,0.0010480715427547693,0.1164434552192688,0.030783582478761673,0.029423195868730545,0.2790345251560211,0.5562810897827148
4935,-13.4996,-22.3086,-35.8082,-18.6016,-20.6875,0.0,2.0,0.4566623568534851,0.03125,0.13895246386528015,0.0007074137101881206,0.1183035746216774,0.03004508651793003,0.027363184839487076,0.2886738181114197,0.549440324306488
4940,-13.2172,-22.4598,-35.677,-18.3984,-20.7891,0.0,2.0,0.5012626051902771,0.059090908616781235,0.1219167560338974,0.0015937408898025751,0.115699402987957,0.030783582478761673,0.025652984157204628,0.3025497496128082,0.5365360975265503
4945,-12.2312,-22.8848,-35.116,-17.1719,-21.4141,0.0,2.0,0.518159806728363,0.052998606115579605,0.1190260499715805,0.0015789058525115252,0.1104910746216774,0.03210509940981865,0.027868470177054405,0.34320583939552307,0.4923429787158966
4950,-11.3242,-22.9879,-34.3121,-14.9766,-22.1484,0.0,2.0,0.38181817531585693,0.04983748495578766,0.16041918098926544,0.0020837108604609966,0.1227678582072258,0.044892724603414536,0.03587530925869942,0.3857276141643524,0.4290267527103424
4955,-12.132,-22.7867,-34.9188,-16.0469,-21.8125,0.0,2.0,0.4166666567325592,0.03491271659731865,0.14818954467773438,0.0013800942106172442,0.1153273805975914,0.03777984902262688,0.031172264367341995,0.34779229760169983,0.4787779748439789
4960,-11.1781,-22.4129,-33.591,-13.6172,-22.3828,0.0,2.0,0.3782631754875183,0.06532663106918335,0.24100792407989502,0.002962377853691578,0.1294642835855484,0.07295553386211395,0.04640858247876167,0.38254043459892273,0.3936178386211395
4965,-11.5523,-21.9633,-33.5156,-13.8047,-22.125,0.0,2.0,0.38209816813468933,0.04098939895629883,0.2869766354560852,0.0031869334634393454,0.1391369104385376,0.08076803386211395,0.05499844625592232,0.3694807291030884,0.39027518033981323
4970,-10.0246,-22.8953,-32.9199,-12.5078,-22.6797,0.0,2.0,0.40735068917274475,0.05106048658490181,0.2148088663816452,0.002902926178649068,0.1510416716337204,0.07614272087812424,0.0494791679084301,0.43516790866851807,0.3347325921058655
4975,-11.3234,-22.3145,-33.6379,-13.5234,-22.5,0.0,2.0,0.413870245218277,0.05917603150010109,0.24331769347190857,0.0019772613886743784,0.1331845223903656,0.0694962665438652,0.05188899114727974,0.38098570704460144,0.3931514322757721
4980,-10.1508,-20.6449,-30.7957,-8.5078,-22.4766,0.0,2.0,0.4333406984806061,0.08011724799871445,0.46470820903778076,0.007113500032573938,0.2042410671710968,0.17580068111419678,0.07956311851739883,0.3942786157131195,0.24587997794151306
4985,-9.7398,-20.0195,-29.7594,-6.4219,-21.9375,0.0,2.0,0.4850814640522003,0.08173477649688721,0.5054500102996826,0.017040731385350227,0.253720223903656,0.21233674883842468,0.09320584684610367,0.40294620394706726,0.18703357875347137
4990,-10.7453,-15.3074,-26.0527,-8.2188,-14.6875,0.0,2.0,0.7911441922187805,0.1596728265285492,0.7988923788070679,0.03283582255244255,0.4877232015132904,0.44943252205848694,0.1092972606420517,0.24564675986766815,0.0911458358168602
4995,-12.2344,-11.9637,-24.198,-10.1875,-10.1875,0.0,2.0,0.966711163520813,0.27383068203926086,0.9073718190193176,0.037371132522821426,0.8054315447807312,0.5826337337493896,0.13129663467407227,0.12126865983009338,0.060323383659124374
5000,-14.0586,-9.8938,-23.9523,-12.4531,-9.1953,0.0,2.0,0.9957579374313354,0.5690672993659973,0.9829015731811523,0.0733262449502945,0.9542410969734192,0.5864039063453674,0.19752798974514008,0.07501554489135742,0.03657493740320206
