it,s,o,w,s20,o20,lam_s,lam_c,pCC,pCD,pDC,pDD,pSTART,vCC,vCD,vDC,vDD
0,-21.0164,-12.0199,-33.0363,-24.9531,-9.6484,0.5,0.5,0.4775474965572357,0.48771390318870544,0.5160439610481262,0.5102325081825256,0.5178571343421936,0.09001865983009338,0.3543221354484558,0.08842506259679794,0.36275652050971985
5,-20.9535,-12.0086,-32.9621,-24.2344,-10.9219,1.0202,0.3566,0.5343959927558899,0.5007103085517883,0.5004393458366394,0.4977787435054779,0.507440447807312,0.09266169369220734,0.35568252205848694,0.0884639322757721,0.3587142527103424
10,-19.7586,-14.068,-33.8266,-23.7031,-12.0547,1.1726,0.3529,0.4135148823261261,0.3920619487762451,0.40163654088974,0.4052143692970276,0.4505208432674408,0.07707556337118149,0.28105565905570984,0.11400031298398972,0.42339086532592773
15,-20.4012,-13.0512,-33.4523,-24.5469,-10.6016,1.32,0.3267,0.44944363832473755,0.4580318331718445,0.4271734952926636,0.44882282614707947,0.4776785671710968,0.08034048229455948,0.32229477167129517,0.1032726988196373,0.38961443305015564
20,-20.041,-13.3895,-33.4305,-24.0312,-11.2109,1.4808,0.2958,0.44388455152511597,0.4334629476070404,0.4126248359680176,0.4362103044986725,0.519345223903656,0.08484919369220734,0.3098958432674408,0.10898631811141968,0.39179104566574097
25,-20.2652,-12.7676,-33.0328,-24.2031,-10.7734,1.6332,0.2737,0.444721519947052,0.4581257402896881,0.4652928411960602,0.4881330728530884,0.5279017686843872,0.09351678937673569,0.32765859365463257,0.10750932991504669,0.36683768033981323
30,-21.2668,-11.3105,-32.5773,-24.9688,-9.5469,1.8085,0.2262,0.5279250144958496,0.5469490885734558,0.5332446694374084,0.5381416082382202,0.530877947807312,0.09534359723329544,0.38537779450416565,0.08768656849861145,0.32711443305015564
35,-21.9934,-10.1691,-32.1625,-25.3906,-8.7734,2.0,0.127,0.5760703086853027,0.5761926174163818,0.6150134205818176,0.6024622917175293,0.6171875,0.10167910158634186,0.4277440905570984,0.07248912006616592,0.2936100661754608
40,-21.775,-9.8793,-31.6543,-26.0938,-7.0156,2.0,0.0107,0.5971956849098206,0.6030054688453674,0.6193753480911255,0.6433954238891602,0.6309523582458496,0.12196828424930573,0.4267723858356476,0.07342195510864258,0.2733597755432129
45,-23.3848,-7.8785,-31.2633,-26.0156,-7.3359,2.0,0.0,0.7111567258834839,0.6887903213500977,0.7168067097663879,0.6981196403503418,0.7083333134651184,0.11357276141643524,0.508317768573761,0.04625311121344566,0.2273787260055542
50,-22.8227,-8.2094,-31.032,-26.5781,-6.0234,2.0,0.0,0.6856352090835571,0.7063722610473633,0.7053205966949463,0.6756612062454224,0.6726190447807312,0.12636038661003113,0.49467507004737854,0.05698072165250778,0.21750621497631073
55,-24.3703,-5.9449,-30.3152,-28.1875,-3.3438,2.0,0.0,0.798337459564209,0.7900870442390442,0.7568862438201904,0.789918065071106,0.8125,0.12624378502368927,0.5803016424179077,0.03245491161942482,0.15652208030223846
60,-23.6793,-7.1055,-30.7848,-27.0625,-5.2188,2.0,0.0,0.722977340221405,0.7435268759727478,0.7103040814399719,0.7400530576705933,0.738095223903656,0.12010261416435242,0.5389070510864258,0.04601990059018135,0.19049285352230072
65,-24.7855,-5.425,-30.2105,-27.9688,-3.8281,2.0,0.0,0.8220206499099731,0.8100680708885193,0.8259541988372803,0.8184836506843567,0.8095238208770752,0.12426150590181351,0.6053327322006226,0.025458645075559616,0.1404695212841034
70,-24.1703,-6.3484,-30.5188,-27.3594,-4.9766,2.0,0.0,0.7619955539703369,0.7820346355438232,0.7847965955734253,0.7542607188224792,0.7555803656578064,0.1223180964589119,0.5681358575820923,0.03630286082625389,0.16876554489135742
75,-24.8465,-5.4484,-30.2949,-27.9531,-3.7422,2.0,0.0,0.793834924697876,0.8021226525306702,0.8149171471595764,0.8004373908042908,0.8809523582458496,0.1172652393579483,0.6079368591308594,0.02814054675400257,0.1421797275543213
80,-24.8539,-5.0199,-29.8738,-28.4844,-2.7266,2.0,0.0,0.8241758346557617,0.8392689228057861,0.7901591658592224,0.840599000453949,0.8541666865348816,0.1308690905570984,0.6209965944290161,0.026857897639274597,0.11679881811141968
85,-25.4488,-4.1406,-29.5895,-28.4688,-2.8281,2.0,0.0,0.8832696080207825,0.8685088157653809,0.8831775784492493,0.9007854461669922,0.8928571343421936,0.13219061493873596,0.65267413854599,0.016635572537779808,0.09402208030223846
90,-24.9539,-5.2125,-30.1664,-28.0781,-3.6797,2.0,0.0,0.8223598599433899,0.8221757411956787,0.8264580368995667,0.8174535036087036,0.8214285969734192,0.11924751102924347,0.613106369972229,0.027324315160512924,0.13584421575069427
95,-24.0836,-6.557,-30.6406,-27.9219,-3.8516,2.0,0.0,0.7595269680023193,0.7572378516197205,0.7396449446678162,0.7568221688270569,0.800595223903656,0.11831467598676682,0.5611785054206848,0.03941231220960617,0.17661692202091217
100,-24.7457,-5.4461,-30.1918,-27.875,-3.875,2.0,0.0,0.8192657828330994,0.8107411861419678,0.8105117678642273,0.8203276991844177,0.8095238208770752,0.12387282401323318,0.6035836338996887,0.02810167893767357,0.1399642378091812
105,-25.6953,-3.5891,-29.2844,-28.375,-2.9688,2.0,0.0,0.8839619755744934,0.904017984867096,0.9512194991111755,0.9182320237159729,0.9196428656578064,0.13498911261558533,0.6742459535598755,0.01593594439327717,0.07035136967897415
110,-26.177,-2.9152,-29.0922,-29.3906,-0.9609,2.0,0.0,0.935785174369812,0.9338418245315552,0.9176954627037048,0.9217527508735657,0.9345238208770752,0.13316231966018677,0.7032415866851807,0.00944496225565672,0.04967350885272026
115,-26.757,-2.0762,-28.8332,-29.7031,-0.5234,2.0,0.0,0.968702495098114,0.968049943447113,1.0,0.9727891087532043,0.9821428656578064,0.12791511416435242,0.7408660054206848,0.003886815859004855,0.022854477167129517
120,-26.7191,-2.1777,-28.8969,-29.4062,-0.9531,2.0,0.0,0.9671132564544678,0.9618901610374451,0.9797979593276978,0.9593495726585388,0.9791666865348816,0.12764303386211395,0.7353466749191284,0.003847947809845209,0.028684701770544052
125,-26.3008,-2.848,-29.1488,-29.2031,-1.4297,2.0,0.0,0.940339207649231,0.9346437454223633,0.9230769276618958,0.9298245906829834,0.9226190447807312,0.1283426582813263,0.7059234976768494,0.00808457750827074,0.05317164212465286
130,-26.2965,-2.8215,-29.118,-29.0781,-1.6797,2.0,0.0,0.9334757328033447,0.9340953826904297,0.9725490212440491,0.9272875785827637,0.949404776096344,0.1273709535598755,0.7106654047966003,0.00991138070821762,0.04757462814450264
135,-25.427,-4.1586,-29.5855,-28.5312,-2.6797,2.0,0.0,0.8925260901451111,0.8698564767837524,0.8512820601463318,0.8805488348007202,0.890625,0.13417288661003113,0.6498756408691406,0.015158582478761673,0.09631530195474625
140,-24.4727,-6.0098,-30.4824,-27.3125,-4.9531,2.0,0.0,0.8177100419998169,0.7693240642547607,0.8144329786300659,0.8017042875289917,0.7953869104385376,0.11983053386211395,0.5767646431922913,0.030161691829562187,0.16876554489135742
145,-23.327,-7.9262,-31.2531,-25.4375,-8.5391,2.0,0.0,0.744516134262085,0.6591032147407532,0.7408071756362915,0.712508499622345,0.7589285969734192,0.12049129605293274,0.5036147236824036,0.043337997049093246,0.22807836532592773
150,-23.5871,-7.748,-31.3352,-24.8281,-9.9219,2.0,0.0,0.8097826242446899,0.7038759589195251,0.7910827994346619,0.6049461960792542,0.7351190447807312,0.1215796023607254,0.5013992786407471,0.030511505901813507,0.2420320212841034
155,-21.0824,-11.6477,-32.7301,-23.4609,-12.2812,2.0,0.0,0.6115466952323914,0.5107945203781128,0.5901808738708496,0.49073469638824463,0.534970223903656,0.10906405746936798,0.3546719551086426,0.07520988583564758,0.35657650232315063
160,-19.2902,-14.6695,-33.9598,-22.3281,-14.4531,2.0,0.0,0.3723404109477997,0.35983946919441223,0.4355570077896118,0.3749551773071289,0.4136904776096344,0.08037935197353363,0.26150497794151306,0.12002487480640411,0.4336131811141968
165,-19.4547,-14.6348,-34.0895,-22.4453,-13.8906,2.0,0.0,0.41458824276924133,0.3677429258823395,0.42365217208862305,0.34973347187042236,0.454985111951828,0.0825948417186737,0.2564132511615753,0.11174596101045609,0.44476833939552307
170,-18.8883,-15.218,-34.1063,-21.7969,-15.375,2.0,0.0,0.4217812716960907,0.32705843448638916,0.4375390410423279,0.33177649974823,0.4051339328289032,0.0842273011803627,0.23744557797908783,0.12445584684610367,0.4493936598300934
175,-18.734,-15.8102,-34.5441,-22.8203,-13.6094,2.0,0.0217,0.36592337489128113,0.3345220983028412,0.3403880000114441,0.31365522742271423,0.3098958432674408,0.06798040866851807,0.21797263622283936,0.13222947716712952,0.47733986377716064
180,-17.8578,-17.7055,-35.5633,-21.0156,-16.8672,2.0,0.102,0.2795180678367615,0.22730739414691925,0.2634223699569702,0.2062353491783142,0.271577388048172,0.04839085787534714,0.15286846458911896,0.14696051180362701,0.5473025441169739
185,-17.8883,-17.5355,-35.4238,-21.4375,-15.9766,2.0,0.1845,0.29115745425224304,0.22753016650676727,0.2825559377670288,0.209669291973114,0.3158482015132904,0.05406561121344566,0.15784358978271484,0.14416199922561646,0.5394511818885803
190,-17.3996,-18.6078,-36.0074,-21.8047,-15.4766,2.0,0.2805,0.17420066893100739,0.17732468247413635,0.18743938207626343,0.17607636749744415,0.229538694024086,0.03525342047214508,0.1258162260055542,0.16029228270053864,0.5741604566574097
195,-17.1945,-18.323,-35.5176,-20.8828,-16.7578,2.0,0.3982,0.23688393831253052,0.19764435291290283,0.23892773687839508,0.19820141792297363,0.221726194024086,0.048896145075559616,0.13530005514621735,0.1667443960905075,0.5445817708969116
200,-17.2098,-19.1094,-36.3191,-20.8672,-17.4922,2.0,0.5048,0.22727273404598236,0.185761958360672,0.15519309043884277,0.13945312798023224,0.206101194024086,0.03163868188858032,0.10482742637395859,0.16204135119915009,0.5970149040222168
205,-17.432,-18.5957,-36.0277,-21.2031,-16.6562,2.0,0.626,0.1979057639837265,0.16242848336696625,0.196511909365654,0.17709174752235413,0.216889888048172,0.03711909055709839,0.12227922677993774,0.15823227167129517,0.5778917670249939
210,-17.6008,-18.2113,-35.8121,-22.2344,-14.5938,2.0,0.7432,0.24230387806892395,0.19801707565784454,0.2012406885623932,0.2022683024406433,0.2034970223903656,0.039140235632658005,0.14113028347492218,0.15663868188858032,0.5586131811141968
215,-17.6586,-17.3586,-35.0172,-21.2969,-16.0469,2.0,0.8423,0.27630728483200073,0.2649289071559906,0.2780093252658844,0.23938751220703125,0.2961309552192688,0.06020677834749222,0.16402363777160645,0.15854321420192719,0.5127487778663635
220,-18.1793,-16.8703,-35.0496,-21.4297,-16.1797,2.0,0.925,0.35242289304733276,0.2454468458890915,0.2848048806190491,0.2582342028617859,0.3303571343421936,0.06176150590181351,0.18353544175624847,0.14043065905570984,0.5097947716712952
225,-18.6699,-16.298,-34.968,-22.1406,-15.2031,2.0,1.009,0.3799999952316284,0.2993184030056,0.31868794560432434,0.2690300941467285,0.3311011791229248,0.06024564802646637,0.19958800077438354,0.1291588991880417,0.5065298676490784
230,-18.5457,-15.493,-34.0387,-22.0469,-14.8281,2.0,1.0628,0.45450663566589355,0.35560983419418335,0.3862401843070984,0.30667582154273987,0.4110863208770752,0.09099035710096359,0.22275342047214508,0.12880907952785492,0.4529695212841034
235,-18.5125,-15.9355,-34.448,-21.2734,-16.4688,2.0,1.0836,0.42507204413414,0.3296036422252655,0.3627067804336548,0.2764562964439392,0.4047619104385376,0.08092350512742996,0.20495180785655975,0.1292366236448288,0.48041045665740967
240,-18.1305,-17.1836,-35.3141,-20.75,-17.4453,2.0,1.1155,0.3909091055393219,0.2638452351093292,0.32601600885391235,0.21103428304195404,0.2845982015132904,0.064132459461689,0.1607198417186737,0.131024569272995,0.5396454930305481
245,-18.384,-15.8633,-34.2473,-20.25,-17.9766,2.0,1.1702,0.5594817399978638,0.3903690576553345,0.38908621668815613,0.2432476282119751,0.3571428656578064,0.09899719804525375,0.1969449669122696,0.12037468701601028,0.47920554876327515
250,-20.0438,-13.6453,-33.6891,-21.2266,-16.5391,2.0,1.1625,0.650602400302887,0.46419328451156616,0.519920289516449,0.320095956325531,0.4557291567325592,0.10968594253063202,0.27028918266296387,0.0780472606420517,0.4375
255,-19.0297,-15.3055,-34.3352,-20.7344,-17.8516,2.0,1.181,0.5271158814430237,0.39766496419906616,0.4404672086238861,0.2545735538005829,0.4229910671710968,0.09460510313510895,0.2197217047214508,0.10315609723329544,0.4780395030975342
260,-17.9996,-16.652,-34.6516,-20.0469,-18.1953,2.0,1.2105,0.5079161524772644,0.3654365539550781,0.37164634466171265,0.20070883631706238,0.340029776096344,0.09083488583564758,0.17273010313510895,0.12748755514621735,0.5044698119163513
265,-19.9629,-14.2207,-34.1836,-20.8438,-17.5156,2.0,1.2622,0.6160032153129578,0.4591708481311798,0.5160642862319946,0.2762240767478943,0.435639888048172,0.09666511416435242,0.24751244485378265,0.07742537558078766,0.47391945123672485
270,-18.3184,-16.5934,-34.9117,-20.2891,-18.4609,2.0,1.2878,0.5109228491783142,0.37413233518600464,0.3502366542816162,0.19064880907535553,0.3723958432674408,0.08718127757310867,0.16798818111419678,0.11497201770544052,0.5253809094429016
275,-18.4953,-16.4574,-34.9527,-20.4453,-18.0547,2.0,1.3493,0.4839857518672943,0.33669745922088623,0.3426017761230469,0.21582679450511932,0.3764880895614624,0.07645367085933685,0.18100902438163757,0.11742071062326431,0.5206390023231506
280,-19.4984,-15.0816,-34.5801,-20.5703,-18.0859,2.0,1.4052,0.5984153747558594,0.4083051085472107,0.4661017060279846,0.2459130734205246,0.394345223903656,0.09320584684610367,0.2180892378091812,0.08255597203969955,0.501671314239502
285,-18.8969,-16.0059,-34.9027,-20.6484,-18.0234,2.0,1.4479,0.5317972302436829,0.3915562927722931,0.38728323578834534,0.21691586077213287,0.341889888048172,0.08434390276670456,0.18781094253063202,0.10086287558078766,0.5225046873092651
290,-18.8391,-16.043,-34.882,-20.3906,-18.6797,2.0,1.4915,0.5400540232658386,0.36784684658050537,0.38625776767730713,0.21316497027873993,0.3857886791229248,0.08636505156755447,0.18882152438163757,0.10012438148260117,0.5202114582061768
295,-18.4102,-16.3137,-34.7238,-19.9453,-18.8906,2.0,1.5242,0.6030473113059998,0.42729106545448303,0.36031803488731384,0.178206667304039,0.3701636791229248,0.09693718701601028,0.17346858978271484,0.10754819959402084,0.5175684094429016
300,-18.2008,-17.2891,-35.4898,-19.6875,-19.6406,2.0,1.606,0.5315650105476379,0.3953680694103241,0.3194866478443146,0.14766252040863037,0.2816220223903656,0.07326647639274597,0.14097481966018677,0.11508861929178238,0.5661924481391907
305,-17.7527,-17.7809,-35.5336,-20.3828,-18.625,2.0,1.6834,0.41911765933036804,0.32679930329322815,0.3071385622024536,0.1515151560306549,0.279389888048172,0.06871890276670456,0.13285136222839355,0.12958644330501556,0.5643656849861145
310,-18.0734,-17.5801,-35.6535,-20.2578,-18.8516,2.0,1.7781,0.4584980309009552,0.3362118601799011,0.31097158789634705,0.1549190878868103,0.2578125,0.06883551180362701,0.13502798974514008,0.11761505156755447,0.574043869972229
315,-17.0969,-19.6094,-36.7063,-20.0469,-19.4141,2.0,1.8887,0.31945890188217163,0.2124735713005066,0.17030222713947296,0.08790135383605957,0.176711305975914,0.0373523011803627,0.07353855669498444,0.14789333939552307,0.6367381811141968
320,-17.2617,-19.4918,-36.7535,-19.6094,-19.9141,2.0,2.0,0.29358717799186707,0.2122030258178711,0.1989966481924057,0.08450789004564285,0.1968005895614624,0.038790423423051834,0.07198382914066315,0.13945895433425903,0.6452891826629639
325,-16.916,-19.8258,-36.7418,-19.4531,-20.1797,2.0,2.0,0.26499998569488525,0.19976218044757843,0.16606217622756958,0.07879742980003357,0.1915922611951828,0.03886815905570984,0.06537624448537827,0.15003108978271484,0.6412469148635864
330,-16.8598,-19.841,-36.7008,-19.9141,-19.4688,2.0,2.0,0.219590961933136,0.16213275492191315,0.17015445232391357,0.08782827854156494,0.1733630895614624,0.03610851988196373,0.07143967598676682,0.15601679682731628,0.6319574117660522
335,-16.6824,-19.8359,-36.5184,-19.625,-19.9062,2.0,2.0,0.32162660360336304,0.25729599595069885,0.176997572183609,0.07610378414392471,0.185639888048172,0.04205534979701042,0.06525964289903641,0.16052550077438354,0.6276819109916687
340,-16.0059,-20.4695,-36.4754,-19.3594,-20.2266,2.0,2.0,0.30204081535339355,0.21190644800662994,0.13555416464805603,0.06752330809831619,0.1566220223903656,0.038090795278549194,0.05484297126531601,0.18551772832870483,0.6170709133148193
345,-16.2402,-20.1508,-36.391,-19.5234,-19.9219,2.0,2.0,0.30696797370910645,0.22893773019313812,0.14671899378299713,0.07788992673158646,0.177827388048172,0.04127798601984978,0.06366604566574097,0.17828825116157532,0.61229008436203
350,-16.7875,-20.0758,-36.8633,-20.1328,-19.0078,2.0,2.0,0.3101482391357422,0.22266139090061188,0.15025252103805542,0.06634701788425446,0.159226194024086,0.034087374806404114,0.0590018667280674,0.15391790866851807,0.6485152244567871
355,-16.8473,-19.4453,-36.2926,-19.5469,-19.9453,2.0,2.0,0.3793911039829254,0.26267749071121216,0.19357268512248993,0.0937737300992012,0.1889880895614624,0.04979011043906212,0.07664801180362701,0.15481187403202057,0.61427241563797
360,-17.973,-18.1395,-36.1125,-19.8906,-19.7734,2.0,2.0,0.5385078191757202,0.4024604558944702,0.276838093996048,0.10386288166046143,0.2109375,0.06459888070821762,0.11057991534471512,0.11260105669498444,0.6077425479888916
365,-17.5605,-18.2355,-35.7961,-19.8047,-19.5938,2.0,2.0,0.5155061483383179,0.36632001399993896,0.2523031234741211,0.11651651561260223,0.2429315447807312,0.06642568111419678,0.11586598306894302,0.13079135119915009,0.5824393630027771
370,-17.8414,-17.9211,-35.7625,-20.2969,-18.6328,2.0,2.0,0.46052631735801697,0.33238548040390015,0.2917454242706299,0.13743062317371368,0.2529761791229248,0.06794153898954391,0.12301772087812424,0.123367540538311,0.581195592880249
375,-18.3598,-17.1117,-35.4715,-20.3672,-18.5391,2.0,2.0,0.48359787464141846,0.34627410769462585,0.3294655382633209,0.16933922469615936,0.3076636791229248,0.07346081733703613,0.1491760015487671,0.11054104566574097,0.5623445510864258
380,-19.5957,-15.2246,-34.8203,-20.6953,-18.1641,2.0,2.0,0.5784269571304321,0.39580264687538147,0.40785646438598633,0.2453269213438034,0.4006696343421936,0.08648165315389633,0.21113184094429016,0.08014614135026932,0.5177627205848694
385,-20.0621,-14.2684,-34.3305,-21.125,-17.1172,2.0,2.0,0.6399168372154236,0.42576590180397034,0.48130595684051514,0.283566415309906,0.441220223903656,0.09347791969776154,0.2473958283662796,0.0738106369972229,0.48083800077438354
390,-18.5793,-16.9305,-35.5098,-19.9062,-19.2969,2.0,2.0,0.5240837931632996,0.352514386177063,0.32738998532295227,0.1713458001613617,0.3058035671710968,0.07423818111419678,0.1553560346364975,0.1024564653635025,0.5634716749191284
395,-17.4363,-18.8227,-36.259,-19.6328,-19.7969,2.0,2.0,0.3592906594276428,0.2430090606212616,0.21764706075191498,0.12108225375413895,0.212797611951828,0.050412002950906754,0.09868625551462173,0.1387593299150467,0.6076648235321045
400,-17.1027,-19.4488,-36.5516,-20.0312,-19.1406,2.0,2.0,0.30069929361343384,0.20110701024532318,0.17777778208255768,0.10149365663528442,0.1830357164144516,0.03890702873468399,0.08426617085933685,0.15041977167129517,0.621929407119751
405,-16.509,-20.3504,-36.8594,-19.5156,-19.7734,2.0,2.0,0.16413792967796326,0.11712329089641571,0.13399218022823334,0.07598157972097397,0.1421130895614624,0.028179414570331573,0.05674751102924347,0.1691153645515442,0.6414800882339478
410,-15.8914,-20.9363,-36.8277,-19.3906,-20.0234,2.0,2.0,0.13893653452396393,0.11120689660310745,0.1006024107336998,0.05963106080889702,0.130952388048172,0.022660136222839355,0.0450870655477047,0.19356343150138855,0.6342117786407471
415,-16.3383,-20.7621,-37.1004,-19.6328,-19.8438,2.0,2.0,0.1884816735982895,0.09549549221992493,0.10069835186004639,0.055975884199142456,0.127976194024086,0.022271454334259033,0.043143656104803085,0.1725357621908188,0.6575714945793152
420,-15.9242,-21.3148,-37.2391,-19.3594,-20.0391,2.0,2.0,0.0829145759344101,0.07468879967927933,0.06898694485425949,0.0400187224149704,0.0959821417927742,0.015469527803361416,0.02810167893767357,0.18761660158634186,0.6643345952033997
425,-16.3043,-21.15,-37.4543,-19.4844,-20.2578,2.0,2.0,0.14249363541603088,0.09956075996160507,0.07739725708961487,0.03497497737407684,0.0896577388048172,0.015275186859071255,0.02654695324599743,0.1702425330877304,0.6834577322006226
430,-15.982,-21.4043,-37.3863,-19.5156,-19.9609,2.0,2.0,0.08130080997943878,0.06304728239774704,0.07070493698120117,0.027646584436297417,0.1037946417927742,0.014342350885272026,0.02219371870160103,0.1841573417186737,0.6748290061950684
435,-15.8531,-21.5836,-37.4367,-19.7188,-19.8594,2.0,2.0,0.08741258829832077,0.0649087205529213,0.052905645221471786,0.024226803332567215,0.0855654776096344,0.011116293258965015,0.019162002950906754,0.1866060346364975,0.6786380410194397
440,-15.7055,-21.5871,-37.2926,-19.6094,-20.0078,2.0,2.0,0.09482758492231369,0.09437386691570282,0.05590062215924263,0.027813410386443138,0.0904017835855484,0.01352611929178238,0.021416354924440384,0.19399097561836243,0.6665889024734497
445,-16.0309,-21.4426,-37.4734,-19.3594,-20.2266,2.0,2.0,0.09495548903942108,0.06425702571868896,0.06833910197019577,0.024742620065808296,0.0885416641831398,0.013098569586873055,0.019356343895196915,0.17972636222839355,0.6833410859107971
450,-15.9863,-21.3301,-37.3164,-20.2188,-19.0469,2.0,2.0,0.1348973661661148,0.07250341773033142,0.06212089583277702,0.03799383342266083,0.0870535746216774,0.013254042714834213,0.028412625193595886,0.18582867085933685,0.6680270433425903
455,-15.9008,-21.2527,-37.1535,-19.9922,-19.2656,2.0,2.0,0.17123287916183472,0.09720534831285477,0.07243707776069641,0.041143737733364105,0.1056547611951828,0.01702425442636013,0.03198849409818649,0.1899486929178238,0.6565609574317932
460,-15.3332,-21.8969,-37.2301,-19.3594,-20.2266,2.0,2.0,0.08407079428434372,0.01138952188193798,0.039719194173812866,0.025586605072021484,0.0744047611951828,0.008784203790128231,0.017063122242689133,0.21039333939552307,0.6592817306518555
465,-15.6262,-21.7422,-37.3684,-19.5078,-19.9062,2.0,2.0,0.08196721225976944,0.044742729514837265,0.03884638100862503,0.0244609322398901,0.084449402987957,0.009483831003308296,0.0173740666359663,0.19811101257801056,0.6705535054206848
470,-16.1387,-21.5,-37.6387,-19.3906,-20.2109,2.0,2.0,0.08713693171739578,0.04794520512223244,0.04609929025173187,0.021962014958262444,0.0822172611951828,0.009367226622998714,0.01702425442636013,0.1753731369972229,0.6937577724456787
475,-15.9551,-21.6035,-37.5586,-19.5469,-20.1328,2.0,2.0,0.054054055362939835,0.05104408413171768,0.04495567828416824,0.022664174437522888,0.0729166641831398,0.008628731593489647,0.016752175986766815,0.1841573417186737,0.6859841346740723
480,-15.8633,-21.6652,-37.5285,-19.8984,-19.5,2.0,2.0,0.05945945903658867,0.04849884659051895,0.044526901096105576,0.02202492766082287,0.067336305975914,0.007190609350800514,0.01682991348206997,0.1885494440793991,0.6829524040222168
485,-15.702,-21.8297,-37.5316,-19.2969,-20.0234,2.0,2.0,0.0569620244204998,0.04411764815449715,0.0284294243901968,0.017873458564281464,0.071800597012043,0.006141168996691704,0.013215173967182636,0.19550684094429016,0.6806591749191284
490,-15.7973,-21.8371,-37.6344,-19.2734,-20.2812,2.0,2.0,0.08024691045284271,0.027559055015444756,0.023785114288330078,0.01262185163795948,0.0814732164144516,0.006296641658991575,0.009872512891888618,0.18956001102924347,0.6897932291030884
495,-14.8742,-22.2992,-37.1734,-19.3125,-20.0625,2.0,2.0,0.033898305147886276,0.043478261679410934,0.01902356930077076,0.015862563624978065,0.0684523805975914,0.004586442839354277,0.010727612301707268,0.2308768630027771,0.6493314504623413
500,-16.1602,-21.5789,-37.7391,-19.6953,-19.5781,2.0,2.0,0.08843537420034409,0.023598819971084595,0.031456224620342255,0.018991559743881226,0.0758928582072258,0.005713619291782379,0.013176306150853634,0.17669464647769928,0.6999378204345703
505,-15.6043,-21.7695,-37.3738,-19.4844,-20.0703,2.0,2.0,0.032786883413791656,0.0379146933555603,0.04385794699192047,0.023227455094456673,0.0777529776096344,0.009483831003308296,0.016402363777160645,0.2002876251935959,0.6693485975265503
510,-15.8473,-21.6012,-37.4484,-19.5469,-20.0625,2.0,2.0,0.18852458894252777,0.08704882860183716,0.04518381506204605,0.024003207683563232,0.0792410746216774,0.009483831003308296,0.018306903541088104,0.18924906849861145,0.6784825921058655
515,-15.618,-21.6695,-37.2875,-19.6328,-19.7969,2.0,2.0,0.12844036519527435,0.049701787531375885,0.0591704361140728,0.026747649535536766,0.0714285746216774,0.012709887698292732,0.019550684839487076,0.19772233068943024,0.6655395030975342
520,-15.3527,-21.8438,-37.1965,-19.3125,-20.25,2.0,2.0,0.12411347776651382,0.09210526198148727,0.04593443125486374,0.024965982884168625,0.0744047611951828,0.010960821062326431,0.01772388070821762,0.20984919369220734,0.6569885015487671
525,-16.0465,-21.4617,-37.5082,-19.6719,-20.1641,2.0,2.0,0.1324041783809662,0.08208955079317093,0.05155746638774872,0.02425691857933998,0.0963541641831398,0.011155162006616592,0.02083333395421505,0.18093128502368927,0.68260258436203
530,-15.8352,-21.6734,-37.5086,-19.5938,-19.8281,2.0,2.0,0.06077348068356514,0.02921348251402378,0.03986981138586998,0.0230312030762434,0.0755208358168602,0.007035136688500643,0.017296331003308296,0.1910758763551712,0.6801150441169739
535,-15.6727,-21.6949,-37.3676,-19.4219,-20.1016,2.0,2.0,0.16835017502307892,0.10810811072587967,0.04855721443891525,0.019871758297085762,0.0915178582072258,0.01154384296387434,0.01581934094429016,0.1953125,0.6728466749191284
540,-16.6672,-21.0055,-37.6727,-19.7344,-19.6641,2.0,2.0,0.10334346443414688,0.04992867261171341,0.07565953582525253,0.03479324281215668,0.0956101194024086,0.012787624262273312,0.02724657952785492,0.1561722606420517,0.6993159055709839
545,-16.325,-20.8109,-37.1359,-20.2891,-18.8125,2.0,2.0,0.17704279720783234,0.09148550778627396,0.09665924310684204,0.05356720834970474,0.1290922611951828,0.0199782345443964,0.04291044920682907,0.17451803386211395,0.6581156849861145
550,-16.627,-20.4742,-37.1012,-19.9141,-19.5859,2.0,2.0,0.18493150174617767,0.09904153645038605,0.1195652186870575,0.06428235024213791,0.1369047611951828,0.022699005901813507,0.0486629344522953,0.16449004411697388,0.6596704125404358
555,-17.0539,-19.7715,-36.8254,-20.5703,-17.9219,2.0,2.0,0.15918958187103271,0.0922587513923645,0.1352778524160385,0.11003275215625763,0.1473214328289032,0.026857897639274597,0.07330534607172012,0.15457867085933685,0.6407804489135742
560,-16.8449,-19.8871,-36.732,-21.2266,-17.0547,2.0,2.0,0.11278195679187775,0.07834549993276596,0.11153846234083176,0.12143703550100327,0.130952388048172,0.02067786082625389,0.07987406849861145,0.1717972606420517,0.623173177242279
565,-18.3637,-17.4672,-35.8309,-24.2344,-10.8984,2.0,2.0,0.16803278028964996,0.24668990075588226,0.14595608413219452,0.25096362829208374,0.1994047611951828,0.02845149300992489,0.167327418923378,0.14513370394706726,0.5546097755432129
570,-17.8926,-17.875,-35.7676,-23.4531,-12.4844,2.0,2.0,0.14499424397945404,0.1558964103460312,0.17283019423484802,0.24291440844535828,0.2477678507566452,0.033776428550481796,0.15457867085933685,0.15450093150138855,0.5526663661003113
575,-16.4973,-19.9262,-36.4234,-21.2422,-16.4375,2.0,2.0,0.09267563372850418,0.071856290102005,0.11819332838058472,0.1373043656349182,0.1272321492433548,0.026002798229455948,0.08438277244567871,0.1841573417186737,0.6009795069694519
580,-16.2926,-19.7848,-36.0773,-20.7422,-17.25,2.0,2.0,0.14077669382095337,0.08715789765119553,0.13409045338630676,0.1476183980703354,0.176711305975914,0.032027363777160645,0.09231188148260117,0.19507929682731628,0.5761038661003113
585,-18.3648,-16.498,-34.8629,-23.7266,-11.9375,2.0,2.0,0.25479063391685486,0.22288461029529572,0.27304208278656006,0.3226315379142761,0.3225446343421936,0.054765235632658005,0.20211443305015564,0.1459110677242279,0.49273166060447693
590,-17.9062,-17.4398,-35.3461,-22.5078,-14.2344,2.0,2.0,0.2563718259334564,0.19082525372505188,0.2343667894601822,0.25806450843811035,0.2659970223903656,0.051850125193595886,0.16437344253063202,0.14793221652507782,0.5313665866851807
595,-17.0809,-18.5082,-35.5891,-21.4688,-15.75,2.0,2.0,0.24519230425357819,0.1572827398777008,0.19755929708480835,0.1974472850561142,0.2555803656578064,0.048507463186979294,0.12702114880084991,0.16880442202091217,0.5511893630027771
600,-18.5234,-16.7563,-35.2797,-22.7266,-13.6328,2.0,2.0,0.2937685549259186,0.19026359915733337,0.27278071641921997,0.2891947627067566,0.2886904776096344,0.05239427834749222,0.18283581733703613,0.13222947716712952,0.5280628204345703
605,-19.0348,-16.0254,-35.0602,-22.5078,-14.5156,2.0,2.0,0.3056856095790863,0.22905342280864716,0.3260509669780731,0.3258017897605896,0.2879464328289032,0.0581078976392746,0.2073616236448288,0.11742071062326431,0.5126321315765381
610,-20.3297,-12.8215,-33.1512,-24.5859,-10.1016,2.0,2.0,0.5016821026802063,0.36492154002189636,0.4786292016506195,0.5398229956626892,0.5096726417541504,0.09242848306894302,0.32443252205848694,0.10094060748815536,0.37772077322006226
615,-21.6711,-10.9145,-32.5855,-25.9844,-7.6797,2.0,2.0,0.5452983975410461,0.4640820026397705,0.5621699690818787,0.656125545501709,0.5695684552192688,0.09052394330501556,0.40201336145401,0.08096237480640411,0.3220227062702179
620,-20.3738,-12.8938,-33.2676,-25.4688,-8.2422,2.0,1.978,0.4614278972148895,0.4036208689212799,0.4149635136127472,0.526019275188446,0.480282723903656,0.08111784607172012,0.32847481966018677,0.10649875551462173,0.37943097949028015
625,-19.5961,-14.0977,-33.6937,-24.3359,-10.8125,2.0,1.9546,0.44070208072662354,0.3317221403121948,0.4123847186565399,0.45039886236190796,0.4330357015132904,0.08193407952785492,0.28144434094429016,0.1180037334561348,0.4141402244567871
630,-18.7125,-15.6855,-34.398,-22.5469,-14.2969,2.0,1.9963,0.3880208432674408,0.2514224648475647,0.3566686809062958,0.352651447057724,0.3545386791229248,0.0746268630027771,0.2185945212841034,0.12880907952785492,0.473491907119751
635,-19.8559,-14.1137,-33.9695,-24.2344,-11.1094,2.0,2.0,0.4490509629249573,0.30586081743240356,0.4026597738265991,0.4468975365161896,0.4155505895614624,0.07781405746936798,0.275886207818985,0.10521610826253891,0.4366060197353363
640,-20.9891,-11.7371,-32.7262,-25.4062,-8.5078,2.0,2.0,0.5459223985671997,0.4102203845977783,0.5571616291999817,0.6288579106330872,0.4813988208770752,0.09818097203969955,0.3597636818885803,0.08873600512742996,0.34884172677993774
645,-20.977,-11.4145,-32.3914,-25.3672,-8.6797,2.0,1.9143,0.5667883157730103,0.47287625074386597,0.5643350481987,0.6180031299591064,0.5104166865348816,0.10649875551462173,0.37472793459892273,0.09001865983009338,0.32427704334259033
650,-21.5453,-11.2598,-32.8051,-24.2109,-11.0625,2.0,1.8526,0.6017628312110901,0.4685855805873871,0.5967123508453369,0.5769997835159302,0.515252947807312,0.09701492637395859,0.37674906849861145,0.07093439251184464,0.3508239984512329
655,-22.9734,-8.3766,-31.35,-26.6406,-6.1562,2.0,1.7747,0.6727656722068787,0.6644866466522217,0.6664469242095947,0.7200334072113037,0.6543898582458496,0.11046330630779266,0.49327582120895386,0.058962997049093246,0.2328202724456787
660,-24.3324,-6.3547,-30.6871,-27.7969,-4.1484,2.0,1.5925,0.7412811517715454,0.7575247287750244,0.7605082988739014,0.8044077157974243,0.7827380895614624,0.10921952873468399,0.5772310495376587,0.03976212814450264,0.16930970549583435
665,-24.3516,-5.8746,-30.2262,-28.0312,-3.6094,2.0,1.4005,0.7808988690376282,0.805740237236023,0.7709611654281616,0.794927716255188,0.785342276096344,0.12453357875347137,0.5904462337493896,0.03801305964589119,0.14252954721450806
670,-25.9516,-3.4984,-29.45,-28.5781,-2.6328,2.0,1.1558,0.8720125555992126,0.902850329875946,0.9256198406219482,0.9183024168014526,0.9192708134651184,0.12360074371099472,0.6845459938049316,0.014109142124652863,0.07326647639274597
675,-25.7793,-3.7598,-29.5391,-28.5,-2.7891,2.0,0.8887,0.8790347576141357,0.8939814567565918,0.8915094137191772,0.8745920658111572,0.8950892686843872,0.1240282952785492,0.6716417670249939,0.01648009940981865,0.08337219804525375
680,-25.3191,-4.4082,-29.7273,-27.8516,-4.0391,2.0,0.644,0.8620585799217224,0.8618460893630981,0.9080459475517273,0.8608072400093079,0.863095223903656,0.12877021729946136,0.6434234976768494,0.02028917893767357,0.10303948819637299
685,-25.2996,-4.5457,-29.8453,-26.6172,-6.4375,2.0,0.411,0.8778486847877502,0.8476748466491699,0.8488121032714844,0.845862090587616,0.8764880895614624,0.12791511416435242,0.636893630027771,0.017995957285165787,0.1127176582813263
690,-25.9375,-3.4492,-29.3867,-28.2969,-3.1719,2.0,0.1616,0.921180784702301,0.9106269478797913,0.8659793734550476,0.8806366324424744,0.878720223903656,0.12772077322006226,0.6832244992256165,0.011310634203255177,0.07326647639274597
695,-26.2207,-3.027,-29.2477,-28.3828,-2.9297,2.0,0.0,0.9377491474151611,0.922057032585144,0.963302731513977,0.9270358085632324,0.9207589030265808,0.12674906849861145,0.7006374597549438,0.008473258465528488,0.059662625193595886
700,-26.5668,-2.4133,-28.9801,-28.8594,-2.1172,2.0,0.0,0.9519927501678467,0.9529045820236206,0.9851852059364319,0.969473659992218,0.9549851417541504,0.12873134016990662,0.7246190905570984,0.005247201304882765,0.03692474961280823
705,-26.818,-2.1395,-28.9574,-29.0,-1.8594,2.0,0.0,0.9782334566116333,0.9615223407745361,0.9375,0.9495798349380493,0.9657738208770752,0.1232120618224144,0.7414489984512329,0.0031094527803361416,0.02775186486542225
710,-26.6387,-2.4336,-29.0723,-28.8047,-2.1797,2.0,0.0,0.9792569875717163,0.948522686958313,0.9888888597488403,0.9047619104385376,0.9423363208770752,0.12554416060447693,0.7248523235321045,0.00349813443608582,0.04162779822945595
715,-26.2246,-3.1891,-29.4137,-28.0391,-3.6641,2.0,0.0,0.9559999704360962,0.90821772813797,0.969924807548523,0.8872707486152649,0.9140625,0.12632152438163757,0.6919698119163513,0.005169465206563473,0.07206156849861145
720,-25.9691,-3.6484,-29.6176,-26.8594,-6.0703,2.0,0.0,0.9541284441947937,0.8885877132415771,0.9527027010917664,0.7930732369422913,0.9159226417541504,0.12709887325763702,0.6740127205848694,0.005752487573772669,0.08865827322006226
725,-26.0098,-3.4547,-29.4645,-27.9141,-3.7969,2.0,0.0,0.9388566017150879,0.8944815397262573,0.9541284441947937,0.875246524810791,0.933407723903656,0.12713775038719177,0.6810867786407471,0.008473258465528488,0.07882462441921234
730,-26.2684,-3.0805,-29.3488,-28.4375,-3.0078,2.0,0.0,0.9599499106407166,0.9139689803123474,0.9426751732826233,0.8943533897399902,0.921875,0.12422263622283936,0.7011815905570984,0.006102301180362701,0.06401585787534714
735,-25.6234,-4.0668,-29.6902,-27.6406,-4.4844,2.0,0.0,0.9084787368774414,0.8681702613830566,0.9080118536949158,0.857255220413208,0.8936011791229248,0.12698227167129517,0.6565998196601868,0.013098569586873055,0.09884172677993774
740,-25.473,-4.2316,-29.7047,-27.0,-5.7188,2.0,0.0,0.9293078184127808,0.8599736094474792,0.909375011920929,0.8435043096542358,0.8735119104385376,0.13195739686489105,0.6473103165626526,0.012437811121344566,0.10381685197353363
745,-25.5395,-4.3168,-29.8563,-27.2109,-5.3906,2.0,0.0,0.9078100919723511,0.8581444621086121,0.9285714030265808,0.8049281239509583,0.8805803656578064,0.12690454721450806,0.6430736780166626,0.011971392668783665,0.11357276141643524
750,-24.5273,-5.9719,-30.4992,-26.3984,-6.6641,2.0,0.0,0.8231802582740784,0.7694894671440125,0.8511627912521362,0.7862260341644287,0.8110119104385376,0.12441697716712952,0.5778529047966003,0.025069963186979294,0.16818252205848694
755,-22.3117,-9.1586,-31.4703,-25.0625,-8.9844,2.0,0.0,0.682452917098999,0.6207460761070251,0.68138587474823,0.6560671925544739,0.680059552192688,0.12803171575069427,0.45114272832870483,0.057213928550481796,0.2591340243816376
760,-18.8023,-15.6641,-34.4664,-22.8672,-13.1875,2.0,0.0,0.340583860874176,0.28163963556289673,0.336645245552063,0.32972702383995056,0.443452388048172,0.06790267676115036,0.22757306694984436,0.13300684094429016,0.4670397937297821
765,-17.0355,-19.3746,-36.4102,-20.7891,-17.4844,2.0,0.0,0.11780104786157608,0.12088783085346222,0.15996235609054565,0.1377241611480713,0.1915922611951828,0.02969527430832386,0.0980643630027771,0.16522854566574097,0.6025341749191284
770,-15.8742,-20.6309,-36.5051,-20.3281,-18.1719,2.0,0.1307,0.11036789417266846,0.10507674515247345,0.09759846329689026,0.09296789765357971,0.1395089328289032,0.02324315905570984,0.0658426582813263,0.2023087739944458,0.604127824306488
775,-16.4191,-20.7844,-37.2035,-20.1406,-18.6406,2.0,0.2906,0.11403508484363556,0.08842974901199341,0.058368340134620667,0.06648983061313629,0.114211305975914,0.013292910531163216,0.04703047126531601,0.17580068111419678,0.6593983173370361
780,-15.3867,-21.5379,-36.9246,-19.8828,-18.7812,2.0,0.4614,0.09615384787321091,0.08198489993810654,0.03846153989434242,0.04937588423490524,0.1194196417927742,0.010105721652507782,0.036030784249305725,0.21727301180362701,0.6321128606796265
785,-15.9387,-21.0668,-37.0055,-20.8203,-17.5625,2.0,0.6384,0.04651162773370743,0.048020217567682266,0.04654332995414734,0.070595383644104,0.1127232164144516,0.010027985088527203,0.04613650590181351,0.19958800077438354,0.6397699117660522
790,-17.0391,-19.8152,-36.8543,-21.0781,-16.8828,2.0,0.7998,0.07756232470273972,0.11639492958784103,0.06793857365846634,0.12347739934921265,0.1473214328289032,0.014031405560672283,0.08582089841365814,0.16705535352230072,0.6286147236824036
795,-16.4254,-20.4062,-36.8316,-20.8516,-17.1016,2.0,0.9412,0.09657321125268936,0.13063062727451324,0.05956566706299782,0.09690836817026138,0.138764888048172,0.012476678937673569,0.06902985274791718,0.18792754411697388,0.6260883212089539
800,-16.7301,-19.9727,-36.7027,-22.2109,-14.4766,2.0,1.1182,0.09967845678329468,0.1702997237443924,0.04972492530941963,0.12011898308992386,0.1584821492433548,0.012087997049093246,0.08558768779039383,0.18369092047214508,0.6141557693481445
805,-16.0301,-21.225,-37.2551,-20.2812,-18.6172,2.0,1.2802,0.041860464960336685,0.044375643134117126,0.03371242806315422,0.0568154975771904,0.0911458358168602,0.008356654085218906,0.03766324743628502,0.19138681888580322,0.6581156849861145
810,-16.4012,-20.5836,-36.9848,-20.9453,-17.0547,2.0,1.458,0.07547169923782349,0.1006024107336998,0.04049332067370415,0.09531988203525543,0.100074402987957,0.008240049704909325,0.06452114135026932,0.18909358978271484,0.6336675882339478
815,-15.7703,-21.7164,-37.4867,-19.8438,-19.2578,2.0,1.6386,0.011904762126505375,0.046468403190374374,0.0128560122102499,0.03069922886788845,0.0684523805975914,0.003264925442636013,0.020911069586873055,0.19651740789413452,0.6748290061950684
820,-15.7074,-21.7344,-37.4418,-20.1562,-18.3984,2.0,1.8345,0.07894736528396606,0.07180385291576385,0.011454086750745773,0.032768819481134415,0.0595238097012043,0.00295398011803627,0.02219371870160103,0.20020988583564758,0.6701648235321045
825,-15.5859,-21.6867,-37.2727,-20.2812,-18.2188,2.0,2.0,0.03361344709992409,0.06544901430606842,0.01902630180120468,0.03892800211906433,0.0777529776096344,0.004625311121344566,0.02553638070821762,0.20837220549583435,0.6569885015487671
830,-15.5684,-21.757,-37.3254,-20.1094,-18.6562,2.0,2.0,0.008928571827709675,0.03494176268577576,0.017365043982863426,0.03300252556800842,0.087425597012043,0.004353233613073826,0.023359764367341995,0.20592351257801056,0.6618858575820923
835,-15.8836,-21.6516,-37.5352,-20.1562,-18.9844,2.0,2.0,0.037383176386356354,0.054054055362939835,0.017937220633029938,0.03021303378045559,0.0643601194024086,0.004158893134444952,0.02013370580971241,0.19068719446659088,0.6805425882339478
840,-15.8094,-21.3383,-37.1477,-20.6562,-17.5859,2.0,2.0,0.06164383515715599,0.11381322890520096,0.023335229605436325,0.059475746005773544,0.0684523805975914,0.005674751475453377,0.0399564690887928,0.20487406849861145,0.6450170874595642
845,-15.8293,-21.8844,-37.7137,-19.8906,-19.7734,2.0,2.0,0.0,0.011320754885673523,0.00737402681261301,0.015688911080360413,0.0565476194024086,0.0017879352672025561,0.010300062596797943,0.18975435197353363,0.6936800479888916
850,-15.9207,-21.6945,-37.6152,-19.9844,-18.8359,2.0,2.0,0.0,0.0,0.013494173064827919,0.025994664058089256,0.071800597012043,0.0022932214196771383,0.018306903541088104,0.1901041716337204,0.6848180890083313
855,-15.4359,-22.0676,-37.5035,-19.5,-19.9219,2.0,2.0,0.01923076994717121,0.02166065014898777,0.010477080941200256,0.015605205669999123,0.0595238097012043,0.002021144377067685,0.01076648011803627,0.20775030553340912,0.6749844551086426
860,-15.5965,-21.9809,-37.5773,-19.5,-19.9688,2.0,2.0,0.0,0.0,0.01025343406945467,0.01614006981253624,0.0628720223903656,0.0019434079295024276,0.011155162006616592,0.20090951025485992,0.681514322757721
865,-15.9586,-21.5379,-37.4965,-20.0391,-18.9141,2.0,2.0,0.06060606241226196,0.06990881264209747,0.01684253290295601,0.0354364737868309,0.075148805975914,0.003847947809845209,0.025575248524546623,0.19154228270053864,0.6745569109916687
870,-15.9141,-21.4887,-37.4027,-20.7344,-17.8047,2.0,2.0,0.04098360612988472,0.0558583103120327,0.019845208153128624,0.03937007859349251,0.0941220223903656,0.004741915501654148,0.028529228642582893,0.19585666060447693,0.6663945913314819
875,-15.009,-22.1926,-37.2016,-19.1016,-20.0156,2.0,2.0,0.0,0.01794871874153614,0.011037527583539486,0.024014852941036224,0.063988097012043,0.0024486940819770098,0.015158582478761673,0.22889459133148193,0.6490204930305481
880,-15.2949,-21.9359,-37.2309,-19.7109,-19.0312,2.0,2.0,0.0,0.07079645991325378,0.01566951535642147,0.03167124092578888,0.0669642835855484,0.003614738816395402,0.021960509940981865,0.21828357875347137,0.6516635417938232
885,-15.6266,-21.2574,-36.884,-21.4766,-15.8984,2.0,2.0,0.059139784425497055,0.12785016000270844,0.024579793214797974,0.06996830552816391,0.1056547611951828,0.007229477632790804,0.04773009940981865,0.21505752205848694,0.625505268573761
890,-16.2469,-21.2836,-37.5305,-20.3047,-18.5469,2.0,2.0,0.02666666731238365,0.06535948067903519,0.02226545661687851,0.04525972902774811,0.0710565447807312,0.005830223672091961,0.029734142124652863,0.17980410158634186,0.6801539063453674
895,-16.2344,-20.5773,-36.8117,-21.7578,-15.5,2.0,2.0,0.08609271794557571,0.11480186134576797,0.044880785048007965,0.09899569302797318,0.1197916641831398,0.011738183908164501,0.06669776141643524,0.19399097561836243,0.6230954527854919
900,-16.1465,-20.4836,-36.6301,-22.1406,-14.9688,2.0,2.0,0.04126984253525734,0.11210057884454727,0.044861964881420135,0.11320512741804123,0.1354166716337204,0.012243470177054405,0.07419931888580322,0.20273631811141968,0.6063432693481445
905,-17.2867,-18.9461,-36.2328,-22.5469,-13.9922,2.0,2.0,0.14232902228832245,0.17808672785758972,0.08742676675319672,0.18351063132286072,0.1781994104385376,0.02102767489850521,0.11742071062326431,0.17249688506126404,0.5845771431922913
910,-16.9855,-19.2051,-36.1906,-21.7969,-15.3516,2.0,2.0,0.11666666716337204,0.16036772727966309,0.0840120017528534,0.1839296519756317,0.145461305975914,0.02098880521953106,0.11415578424930573,0.18135882914066315,0.5790189504623413
915,-17.384,-18.5805,-35.9645,-23.1328,-12.7734,2.0,2.0,0.16520467400550842,0.1984356939792633,0.09719370305538177,0.20969630777835846,0.1912202388048172,0.02658582106232643,0.13417288661003113,0.17035913467407227,0.5644045472145081
920,-16.516,-20.5063,-37.0223,-21.5469,-15.7578,2.0,2.0,0.02800000086426735,0.09445460140705109,0.04380182921886444,0.09868661314249039,0.0915178582072258,0.00971703976392746,0.06378264725208282,0.18279695510864258,0.6392257213592529
925,-16.5055,-20.1113,-36.6168,-21.7734,-15.5391,2.0,2.0,0.07878787815570831,0.13627639412879944,0.06061220169067383,0.12942075729370117,0.1041666641831398,0.012826492078602314,0.08100124448537827,0.1917366236448288,0.6099579930305481
930,-17.1625,-19.9328,-37.0953,-21.7031,-15.8672,2.0,2.0,0.053956832736730576,0.130587637424469,0.05073335021734238,0.11148567497730255,0.1212797611951828,0.010805347934365273,0.07738650590181351,0.16165266931056976,0.6456778645515442
935,-16.852,-20.0945,-36.9465,-22.1562,-14.8438,2.0,2.0,0.07011070102453232,0.14264413714408875,0.0449988879263401,0.11150725185871124,0.1231398805975914,0.010533271357417107,0.0782027393579483,0.1744791716337204,0.632307231426239
940,-16.8691,-20.0578,-36.927,-22.1797,-15.125,2.0,2.0,0.07228915393352509,0.14983083307743073,0.03885435312986374,0.11197435110807419,0.1421130895614624,0.009678171947598457,0.08041822165250778,0.17506219446659088,0.6303638219833374
945,-17.1699,-19.9613,-37.1312,-22.2891,-14.7188,2.0,2.0,0.11428571492433548,0.15414825081825256,0.03757225349545479,0.10912805795669556,0.1112351194024086,0.008162313140928745,0.07917443662881851,0.1613806039094925,0.6468050479888916
950,-15.7359,-21.0281,-36.7641,-20.8281,-17.2422,2.0,2.0,0.0401785708963871,0.1169837936758995,0.037598103284835815,0.08418142795562744,0.1082589253783226,0.008706467226147652,0.05515391752123833,0.21295864880084991,0.6187033653259277
955,-16.8867,-19.6922,-36.5789,-23.1328,-12.75,2.0,2.0,0.09119496494531631,0.1913183331489563,0.060072947293519974,0.13844475150108337,0.1372767835855484,0.012360074557363987,0.09670397639274597,0.18116448819637299,0.605293869972229
960,-17.1531,-19.1395,-36.2926,-22.7422,-13.6719,2.0,2.0,0.10619468986988068,0.1760026514530182,0.09003286063671112,0.17532986402511597,0.1506696492433548,0.017568407580256462,0.1172652393579483,0.17743314802646637,0.5832555890083313
965,-16.2152,-20.5172,-36.7324,-21.3906,-16.0,2.0,2.0,0.11585365980863571,0.1414027214050293,0.051958274096250534,0.1034482792019844,0.1049107164144516,0.01274875644594431,0.06871890276670456,0.19748911261558533,0.6165655851364136
970,-16.6629,-19.4449,-36.1078,-23.0703,-12.7109,2.0,2.0,0.12845849990844727,0.20162932574748993,0.06366521120071411,0.16733121871948242,0.189360111951828,0.019667288288474083,0.1145055964589119,0.1959732621908188,0.5653762221336365
975,-17.8258,-17.7988,-35.6246,-23.6484,-11.8828,2.0,2.0,0.21511627733707428,0.3093508183956146,0.09439665079116821,0.24013349413871765,0.2068452388048172,0.02674129419028759,0.165850430727005,0.16717195510864258,0.5357587337493896
980,-18.6734,-16.1141,-34.7875,-24.9922,-9.3125,2.0,2.0,0.29940712451934814,0.3706679940223694,0.15452483296394348,0.331485778093338,0.2808779776096344,0.039334576576948166,0.23215951025485992,0.15418998897075653,0.46983832120895386
985,-21.9141,-9.8789,-31.793,-26.75,-5.8438,2.0,2.0,0.548127293586731,0.660374104976654,0.4215938448905945,0.6242568492889404,0.6071428656578064,0.09650964289903641,0.4467895030975342,0.09071828424930573,0.26150497794151306
990,-23.8156,-6.7906,-30.6063,-27.9062,-3.6953,2.0,1.9453,0.723739504814148,0.8030991554260254,0.5453920364379883,0.7600950002670288,0.6305803656578064,0.111007459461689,0.5643656849861145,0.056514304131269455,0.16363495588302612
995,-24.5086,-5.5793,-30.0879,-27.0156,-5.4062,2.0,1.7358,0.8380386233329773,0.8309528231620789,0.7264851331710815,0.7923033237457275,0.7232142686843872,0.13079135119915009,0.5959655046463013,0.03140547126531601,0.137360081076622
1000,-22.8828,-8.1488,-31.0316,-26.125,-7.1641,2.0,1.545,0.7314140796661377,0.7134580612182617,0.5906354784965515,0.6973801255226135,0.6223958134651184,0.12286224961280823,0.49646300077438354,0.0581078976392746,0.2180892378091812
1005,-24.3898,-5.6785,-30.0684,-27.8516,-3.9922,2.0,1.3911,0.820746123790741,0.8220306038856506,0.7417012453079224,0.8085228800773621,0.7488839030265808,0.12814831733703613,0.594916045665741,0.03746890649199486,0.13498911261558533
1010,-24.8852,-4.7148,-29.6,-27.8203,-3.8672,2.0,1.1577,0.8712184429168701,0.8646047115325928,0.7978883981704712,0.8417508602142334,0.8210565447807312,0.14004197716712952,0.6258162260055542,0.025769589468836784,0.10389459133148193
1015,-25.3547,-4.193,-29.5477,-28.0,-3.6484,2.0,0.916,0.8572285771369934,0.8841673731803894,0.8544194102287292,0.8688666820526123,0.8582589030265808,0.12958644330501556,0.6539956331253052,0.022426927462220192,0.0895133689045906
1020,-25.9117,-3.4914,-29.4031,-28.4531,-2.8125,2.0,0.6596,0.9034653306007385,0.9136358499526978,0.8694517016410828,0.8890069127082825,0.8571428656578064,0.12562188506126404,0.6818252205848694,0.014886504970490932,0.07318874448537827
1025,-26.1621,-2.7938,-28.9559,-29.3516,-1.1797,2.0,0.3911,0.9425878524780273,0.9465497136116028,0.9285714030265808,0.9527971744537354,0.9069940447807312,0.136077418923378,0.7046408653259277,0.010338930413126945,0.04446517303586006
1030,-26.3828,-2.5234,-28.9062,-28.9453,-1.6875,2.0,0.0991,0.9497092962265015,0.9599265456199646,0.8374384045600891,0.9205448627471924,0.9248511791229248,0.1337064653635025,0.7196828126907349,0.00789023656398058,0.03424284979701042
1035,-26.8047,-2.1625,-28.9672,-29.4688,-1.0156,2.0,0.0,0.9777919054031372,0.9612019062042236,0.947826087474823,0.936488151550293,0.9624255895614624,0.12251243740320206,0.7373290061950684,0.004469838459044695,0.031211132183670998
1040,-26.6117,-2.2672,-28.8789,-29.4297,-0.9297,2.0,0.0,0.9569305181503296,0.9656253457069397,0.886904776096344,0.9428951144218445,0.952752947807312,0.12814831733703613,0.7315765023231506,0.006529850885272026,0.029267724603414536
1045,-26.6641,-2.3441,-29.0082,-29.4922,-0.9453,2.0,0.0,0.9642301797866821,0.9589164853096008,0.8692810535430908,0.9353007674217224,0.929315447807312,0.12496113032102585,0.7303715944290161,0.00594682851806283,0.03424284979701042
1050,-26.7262,-2.2656,-28.9918,-29.4219,-1.0391,2.0,0.0,0.9642400741577148,0.9613615870475769,0.9415584206581116,0.9245508909225464,0.941220223903656,0.12173507362604141,0.7353466749191284,0.005985696334391832,0.03245491161942482
1055,-26.5324,-2.4211,-28.9535,-29.4531,-0.9531,2.0,0.0,0.9487412571907043,0.9571015238761902,0.9388889074325562,0.9506173133850098,0.944940447807312,0.12814831733703613,0.7257462739944458,0.00699626887217164,0.034631531685590744
1060,-26.8754,-2.0363,-28.9117,-29.6797,-0.5938,2.0,0.0,0.9629155993461609,0.9681094288825989,0.931034505367279,0.9756097793579102,0.9784226417541504,0.1215796023607254,0.7471237778663635,0.004508706275373697,0.022310324013233185
1065,-26.7855,-2.0063,-28.7918,-29.2969,-0.9609,2.0,0.0,0.9747596383094788,0.974774956703186,0.9537037014961243,0.9435483813285828,0.9694940447807312,0.12935324013233185,0.742692768573761,0.004197761416435242,0.01927860639989376
1070,-26.7793,-2.0176,-28.7969,-29.6641,-0.5312,2.0,0.0,0.977053165435791,0.9749449491500854,0.9367088675498962,0.9387040138244629,0.9624255895614624,0.12873134016990662,0.74152672290802,0.003070584498345852,0.02219371870160103
1075,-26.6641,-2.0406,-28.7047,-29.7188,-0.4219,2.0,0.0,0.9720541834831238,0.9796906113624573,0.9083969593048096,0.9537037014961243,0.9549851417541504,0.13491137325763702,0.7387282252311707,0.005091728642582893,0.016791045665740967
1080,-26.7828,-2.0434,-28.8262,-29.4062,-1.1406,2.0,0.0,0.9733090400695801,0.9701946973800659,0.9759036302566528,0.9734659790992737,0.9747023582458496,0.12814831733703613,0.7407104969024658,0.0032260571606457233,0.0234375
1085,-26.8723,-1.9816,-28.8539,-29.8281,-0.2734,2.0,0.0,0.973724901676178,0.9719943404197693,0.9726027250289917,0.9865092635154724,0.9694940447807312,0.1257385015487671,0.7438976764678955,0.0028373757377266884,0.023048818111419678
1090,-26.6191,-2.2781,-28.8973,-29.0469,-1.7422,2.0,0.0,0.973456621170044,0.9588501453399658,1.0,0.9402241706848145,0.9654017686843872,0.13032494485378265,0.73013836145401,0.003847947809845209,0.031211132183670998
1095,-26.2633,-2.9781,-29.2414,-28.7969,-2.2422,2.0,0.0,0.9449569582939148,0.923501193523407,0.8926829099655151,0.9256198406219482,0.9263392686843872,0.12639924883842468,0.7047185897827148,0.007967972196638584,0.05643656849861145
1100,-26.4637,-2.6125,-29.0762,-28.8594,-2.1406,2.0,0.0,0.9578404426574707,0.938144862651825,0.9851852059364319,0.9589790105819702,0.9590773582458496,0.12814831733703613,0.7194885015487671,0.005247201304882765,0.04263836890459061
1105,-26.2613,-3.1379,-29.3992,-28.6797,-2.4062,2.0,0.0,0.951547384262085,0.9110652208328247,0.9746835231781006,0.8757764101028442,0.9281994104385376,0.12433923780918121,0.6962064504623413,0.006141168996691704,0.06883551180362701
1110,-26.0195,-3.4492,-29.4688,-28.2188,-3.2812,2.0,0.0,0.9354540109634399,0.8920350670814514,0.9292035102844238,0.9145256876945496,0.9267113208770752,0.12585510313510895,0.6822139024734497,0.008784203790128231,0.07866915315389633
1115,-26.3043,-2.8563,-29.1605,-29.0,-1.8125,2.0,0.0,0.9436363577842712,0.9286223649978638,0.9142857193946838,0.9293937087059021,0.9538690447807312,0.128264918923378,0.7084499597549438,0.008162313140928745,0.05064520984888077
1120,-25.7012,-3.8902,-29.5914,-27.9531,-3.7422,2.0,0.0,0.9252364039421082,0.8791608214378357,0.8978102207183838,0.8731665015220642,0.8757440447807312,0.13152985274791718,0.6632462739944458,0.010649875737726688,0.09009639173746109
1125,-24.4074,-6.2727,-30.6801,-26.9609,-5.7969,2.0,0.0,0.8251634240150452,0.7507652640342712,0.7920792102813721,0.7891513705253601,0.7682291865348816,0.11893656849861145,0.5714008212089539,0.027479788288474083,0.17770522832870483
1130,-23.4195,-7.5359,-30.9555,-27.3516,-4.8984,2.0,0.0,0.7290991544723511,0.7062485814094543,0.6863527297973633,0.7422264814376831,0.7354910969734192,0.11994714289903641,0.5243703126907349,0.048701804131269455,0.20250311493873596
1135,-24.141,-6.4434,-30.5844,-27.9219,-3.8516,2.0,0.0,0.7746431231498718,0.781793475151062,0.6964448690414429,0.7736510038375854,0.694940447807312,0.11435012519359589,0.572139322757721,0.04263836890459061,0.16639459133148193
1140,-23.2922,-7.766,-31.0582,-27.2344,-5.0156,2.0,0.0,0.6771300435066223,0.7091642618179321,0.6362369060516357,0.7201429605484009,0.7433035969734192,0.11267879605293274,0.5204057693481445,0.05577581003308296,0.20666199922561646
1145,-23.1531,-8.2516,-31.4047,-26.9531,-5.7891,2.0,0.0,0.687299907207489,0.6807734370231628,0.6372905969619751,0.6830043196678162,0.6811755895614624,0.10925839841365814,0.5005441308021545,0.053365983068943024,0.23235385119915009
1150,-21.1371,-11.7867,-32.9238,-25.5078,-8.6328,2.0,0.0,0.5350537896156311,0.49807116389274597,0.4545454680919647,0.5362951755523682,0.5059523582458496,0.09036847203969955,0.3627176582813263,0.08636505156755447,0.35607120394706726
1155,-18.8148,-16.0914,-34.9062,-23.8828,-11.4844,2.0,0.0,0.29075881838798523,0.26132214069366455,0.2670631408691406,0.3267989158630371,0.334077388048172,0.05173351988196373,0.21284204721450806,0.13724346458911896,0.49370336532592773
1160,-16.8266,-19.2816,-36.1082,-22.4531,-13.7578,2.0,0.0286,0.16500000655651093,0.19795222580432892,0.09313826262950897,0.1688612997531891,0.1696428507566452,0.023320894688367844,0.11388370394706726,0.1886271834373474,0.5696905851364136
1165,-16.0668,-20.466,-36.5328,-21.6875,-15.2422,2.0,0.16,0.11176470667123795,0.1232394352555275,0.045996591448783875,0.1168578639626503,0.1339285671710968,0.013215173967182636,0.07726989686489105,0.20534048974514008,0.5996968150138855
1170,-16.7285,-20.1738,-36.9023,-22.6484,-14.0938,2.0,0.3034,0.06926406919956207,0.11994002759456635,0.04506252706050873,0.10661718994379044,0.1614583283662796,0.008978544734418392,0.07777518779039383,0.18027052283287048,0.6284981369972229
1175,-17.8617,-18.1992,-36.0609,-25.0781,-8.9766,2.0,0.4742,0.263610303401947,0.31345176696777344,0.055362518876791,0.19696550071239471,0.229538694024086,0.013564987108111382,0.15314054489135742,0.16779384016990662,0.5610229969024658
1180,-17.8617,-17.4258,-35.2875,-24.9062,-9.0156,2.0,0.5765,0.3333333432674408,0.3858761489391327,0.07284767925739288,0.24261093139648438,0.2935267984867096,0.02308768592774868,0.19208644330501556,0.18194185197353363,0.49840641021728516
1185,-18.7445,-15.5629,-34.3074,-26.2734,-6.4688,2.0,0.6209,0.3451015055179596,0.44817760586738586,0.1444154679775238,0.33856481313705444,0.3913690447807312,0.044037625193595886,0.2591340243816376,0.1639070212841034,0.4284437298774719
1190,-18.8414,-15.9996,-34.841,-25.8203,-7.6328,2.0,0.6716,0.30049875378608704,0.4018961787223816,0.10791543871164322,0.3179040849208832,0.3590029776096344,0.031172264367341995,0.24187655746936798,0.1581156700849533,0.4643579125404358
1195,-18.1488,-17.1094,-35.2582,-25.1016,-8.7188,2.0,0.7858,0.331240177154541,0.3741418719291687,0.08399727195501328,0.2603791356086731,0.2883184552192688,0.024759016931056976,0.20382462441921234,0.1707478165626526,0.4961909055709839
1200,-17.3324,-18.6391,-35.9715,-23.7422,-11.3672,2.0,0.865,0.20523138344287872,0.24079629778862,0.06656581163406372,0.20506702363491058,0.190476194024086,0.019317474216222763,0.14252954721450806,0.1798429787158966,0.5538324117660522
1205,-17.4309,-19.1172,-36.548,-23.6484,-12.0703,2.0,1.0157,0.17578125,0.2007122039794922,0.039503905922174454,0.16987158358097076,0.1428571492433548,0.009950248524546623,0.12006374448537827,0.16923196613788605,0.5962764024734497
1210,-15.9383,-20.7207,-36.659,-21.0625,-16.8906,2.0,1.1591,0.0749063640832901,0.08981001377105713,0.032911863178014755,0.1067824736237526,0.1261160671710968,0.010377798229455948,0.06751399487257004,0.20903295278549194,0.6085976362228394
1215,-15.4484,-21.1004,-36.5488,-21.5312,-15.0859,2.0,1.3303,0.15086206793785095,0.1310126632452011,0.02368064969778061,0.09610864520072937,0.1041666641831398,0.009017412550747395,0.06141168996691704,0.22978855669498444,0.5953047275543213
1220,-16.3883,-19.8746,-36.2629,-23.2656,-12.1797,2.0,1.4816,0.16625916957855225,0.1826809048652649,0.04503464326262474,0.15336106717586517,0.1391369104385376,0.015897076576948166,0.09829757362604141,0.20195895433425903,0.5793687701225281
1225,-17.4156,-19.1887,-36.6043,-23.0234,-13.3438,2.0,1.589,0.15161290764808655,0.17653027176856995,0.051486074924468994,0.16200000047683716,0.1555059552192688,0.012049129232764244,0.11493314802646637,0.16608364880084991,0.6024564504623413
1230,-19.3781,-15.4148,-34.793,-25.4844,-8.4922,2.0,1.6606,0.32658228278160095,0.38310644030570984,0.12176518887281418,0.3689989745616913,0.3076636791229248,0.03070584498345852,0.26550838351249695,0.14268501102924347,0.4566231369972229
1235,-18.3605,-16.4375,-34.798,-25.7266,-7.2109,2.0,1.7032,0.33142855763435364,0.3840692639350891,0.10427623987197876,0.3277856409549713,0.261904776096344,0.03400963917374611,0.22446362674236298,0.16997045278549194,0.46707865595817566
1240,-20.1285,-13.1148,-33.2434,-26.7656,-5.3906,2.0,1.7284,0.48126232624053955,0.5011754035949707,0.20142246782779694,0.5110792517662048,0.4523809552192688,0.059118468314409256,0.34720927476882935,0.13662157952785492,0.35257306694984436
1245,-21.7563,-9.8641,-31.6203,-27.9219,-3.5,2.0,1.6643,0.6511808037757874,0.6144100427627563,0.4420289993286133,0.7144427299499512,0.5461309552192688,0.10039645433425903,0.4509872496128082,0.09654850512742996,0.24759016931056976
1250,-23.0344,-7.5457,-30.5801,-28.4375,-2.4453,2.0,1.5315,0.7771807909011841,0.7110736966133118,0.5954023003578186,0.822400689125061,0.7083333134651184,0.12297885864973068,0.5307058691978455,0.0676305964589119,0.17420709133148193
1255,-24.5461,-5.5418,-30.0879,-28.5234,-2.4844,2.0,1.3485,0.8470436930656433,0.8001149892807007,0.7444120645523071,0.8782742619514465,0.7987351417541504,0.12095770984888077,0.6084421873092651,0.039995335042476654,0.1261271834373474
1260,-25.9926,-3.3273,-29.3199,-29.3359,-1.0703,2.0,1.1012,0.9096347689628601,0.9169741868972778,0.8021978139877319,0.9297439455986023,0.8921130895614624,0.12344527244567871,0.6951959133148193,0.01768501289188862,0.05919620767235756
1265,-26.3742,-2.7305,-29.1047,-29.3438,-1.125,2.0,0.8175,0.9393845200538635,0.9344671964645386,0.9626556038856506,0.9703138470649719,0.9549851417541504,0.12503886222839355,0.7152907252311707,0.009367226622998714,0.04582555964589119
1270,-25.1746,-4.9152,-30.0898,-28.2969,-3.125,2.0,0.5577,0.8682847619056702,0.8222346305847168,0.8057041168212891,0.8966574668884277,0.7950148582458496,0.12010261416435242,0.6268656849861145,0.021805036813020706,0.12674906849861145
1275,-24.1859,-6.5469,-30.7328,-28.4453,-2.8281,2.0,0.3823,0.7729083895683289,0.7573859691619873,0.6481481194496155,0.7946127653121948,0.7369791865348816,0.10731498897075653,0.57097327709198,0.04407649114727974,0.17315764725208282
1280,-23.2512,-7.7707,-31.0219,-28.2188,-3.0703,2.0,0.1984,0.6772525906562805,0.728084921836853,0.5537993907928467,0.7148250937461853,0.7220982313156128,0.10525497794151306,0.530744731426239,0.06393811851739883,0.19558458030223846
1285,-23.6625,-7.1004,-30.7629,-28.8984,-1.6641,2.0,0.0257,0.6559340953826904,0.7617952227592468,0.5452842116355896,0.763521134853363,0.7767857313156128,0.10381685197353363,0.5577192306518555,0.062227923423051834,0.17175839841365814
1290,-24.2406,-6.4258,-30.6664,-29.0391,-1.5,2.0,0.0,0.6597575545310974,0.7828681468963623,0.6425912380218506,0.7843233942985535,0.7946428656578064,0.09938587993383408,0.5862484574317932,0.05219993740320206,0.15768812596797943
1295,-22.3121,-9.5504,-31.8625,-28.8047,-1.875,2.0,0.0,0.4754924476146698,0.6856415271759033,0.37074679136276245,0.6241433024406433,0.6540178656578064,0.08484919369220734,0.47318097949028015,0.08795864135026932,0.24953357875347137
1300,-20.5367,-12.4262,-32.9629,-28.5703,-2.25,2.0,0.0,0.3613024353981018,0.5937987565994263,0.23076923191547394,0.4826076626777649,0.5405505895614624,0.062072448432445526,0.37356188893318176,0.13137437403202057,0.3285136818885803
1305,-20.8086,-12.6289,-33.4375,-27.2109,-5.0625,2.0,0.0,0.30078965425491333,0.5335449576377869,0.22500824928283691,0.4744708836078644,0.5677083134651184,0.05414334684610367,0.36730411648750305,0.11780939251184464,0.3562655448913574
1310,-17.9105,-17.8332,-35.7438,-25.9219,-7.3828,2.0,0.0,0.16885964572429657,0.3658810257911682,0.06779274344444275,0.21763165295124054,0.2280505895614624,0.01772388070821762,0.17315764725208282,0.17028141021728516,0.5343594551086426
1315,-17.6867,-18.4859,-36.1727,-24.9062,-9.2031,2.0,0.1082,0.1894736886024475,0.3540772497653961,0.029617905616760254,0.17906053364276886,0.2105654776096344,0.011077425442636013,0.14490050077438354,0.17191386222839355,0.5676305890083313
1320,-16.9023,-20.0031,-36.9055,-23.0234,-12.9453,2.0,0.2472,0.1428571492433548,0.19749070703983307,0.02911558747291565,0.11238319426774979,0.1372767835855484,0.006257773842662573,0.08364427834749222,0.17754974961280823,0.628070592880249
1325,-16.6293,-20.227,-36.8563,-22.9844,-13.0469,2.0,0.3722,0.03723404183983803,0.15351299941539764,0.025982124730944633,0.11182108521461487,0.1417410671710968,0.007307213731110096,0.08076803386211395,0.18699471652507782,0.6204524040222168
1330,-16.6004,-20.368,-36.9684,-22.0,-14.9922,2.0,0.5266,0.0765027329325676,0.15309973061084747,0.030886396765708923,0.10107526928186417,0.1160714253783226,0.007112873252481222,0.0721004381775856,0.18372978270053864,0.6325792670249939
1335,-16.1164,-21.241,-37.3574,-21.1328,-16.6797,2.0,0.6752,0.015384615398943424,0.05932203307747841,0.023384615778923035,0.05336141958832741,0.0892857164144516,0.005052860826253891,0.03669154271483421,0.18948227167129517,0.6642957329750061
1340,-16.1855,-20.2906,-36.4762,-22.4688,-13.9609,2.0,0.8193,0.07942238450050354,0.20759031176567078,0.04096974432468414,0.11589642614126205,0.158110111951828,0.01076648011803627,0.08500466495752335,0.20681747794151306,0.5929337739944458
1345,-16.6148,-19.7543,-36.3691,-22.9609,-12.9297,2.0,0.9638,0.10662823915481567,0.22018349170684814,0.0516141876578331,0.14170928299427032,0.1599702388048172,0.013487251475453377,0.10167910158634186,0.19504041969776154,0.5853155851364136
1350,-16.3039,-20.8191,-37.123,-22.6328,-13.5625,2.0,1.1393,0.09708737581968307,0.19018404185771942,0.01582150161266327,0.07013300806283951,0.1328125,0.004003420472145081,0.057019591331481934,0.19162002205848694,0.6428793668746948
1355,-16.0617,-21.4969,-37.5586,-20.7422,-17.4375,2.0,1.3323,0.0555555559694767,0.09756097197532654,0.010959470644593239,0.03435463458299637,0.0792410746216774,0.002098880708217621,0.02549751289188862,0.18796642124652863,0.6799595952033997
1360,-16.2047,-21.157,-37.3617,-21.5234,-15.4297,2.0,1.5231,0.08045977354049683,0.13135187327861786,0.014471779577434063,0.05406196787953377,0.0948660746216774,0.003381529822945595,0.040539488196372986,0.18800528347492218,0.6635960936546326
1365,-16.6934,-20.9719,-37.6652,-21.0078,-17.0234,2.0,1.7014,0.03076923079788685,0.08846918493509293,0.012192262336611748,0.050497062504291534,0.0944940447807312,0.0025264304131269455,0.03910136967897415,0.1657727062702179,0.6881219148635864
1370,-16.5512,-20.6844,-37.2355,-22.4375,-14.1406,2.0,1.8874,0.1090909093618393,0.1845637559890747,0.020090732723474503,0.07310689240694046,0.109375,0.004275497514754534,0.057913556694984436,0.17992070317268372,0.6534126400947571
1375,-15.382,-21.0199,-36.402,-22.8984,-12.6328,2.0,2.0,0.20218579471111298,0.21876734495162964,0.022247668355703354,0.09415780007839203,0.1316964328289032,0.007112873252481222,0.07000155746936798,0.23760105669498444,0.5808069109916687
1380,-16.3984,-20.6172,-37.0156,-22.4609,-13.9062,2.0,2.0,0.08666666597127914,0.18336369097232819,0.026685679331421852,0.08760867267847061,0.1008184552192688,0.005830223672091961,0.06401585787534714,0.19080379605293274,0.6348724961280823
1385,-16.1176,-21.2246,-37.3422,-21.5156,-16.1016,2.0,2.0,0.03076923079788685,0.10288065671920776,0.01356549933552742,0.05737224593758583,0.0755208358168602,0.0025264304131269455,0.03777984902262688,0.1919698417186737,0.6632462739944458
1390,-16.3523,-21.0586,-37.4109,-22.0312,-15.1406,2.0,2.0,0.04918032884597778,0.12221231311559677,0.013395705260336399,0.05263771489262581,0.122023805975914,0.002370957750827074,0.04357120767235756,0.18279695510864258,0.6667832732200623
1395,-16.4496,-20.7223,-37.1719,-23.9766,-11.0156,2.0,2.0,0.14942528307437897,0.2676701545715332,0.01461072824895382,0.06396537274122238,0.1372767835855484,0.003381529822945595,0.05939054861664772,0.18621735274791718,0.6465329527854919
1400,-16.0012,-21.5277,-37.5289,-21.6016,-15.6953,2.0,2.0,0.0181818176060915,0.09104704111814499,0.010028652846813202,0.03417431190609932,0.084449402987957,0.002137748757377267,0.025614116340875626,0.18990983068943024,0.677860677242279
1405,-15.873,-21.8121,-37.6852,-20.3047,-18.3828,2.0,2.0,0.0,0.014970059506595135,0.003278016811236739,0.018760882318019867,0.075148805975914,0.0008550995262339711,0.012981965206563473,0.18971548974514008,0.6919698119163513
1410,-15.423,-21.5414,-36.9645,-22.2422,-13.3359,2.0,2.0,0.12359550595283508,0.21161048114299774,0.011004366911947727,0.04920163378119469,0.1145833358168602,0.0034592661540955305,0.04151119291782379,0.22252021729946136,0.6280317306518555
1415,-15.8379,-21.2672,-37.1051,-22.2969,-13.8125,2.0,2.0,0.11627907305955887,0.16869565844535828,0.013298370875418186,0.06012754142284393,0.09375,0.0033426617737859488,0.044698383659124374,0.2075171023607254,0.63996422290802
1420,-15.9852,-21.5738,-37.559,-21.4609,-16.2578,2.0,2.0,0.1666666716337204,0.10217755287885666,0.008140007965266705,0.03340757265686989,0.0665922611951828,0.0006996268639340997,0.023204291239380836,0.1909981369972229,0.6806203126907349
1425,-15.2223,-22.216,-37.4383,-19.6328,-19.5156,2.0,2.0,0.0476190485060215,0.029914529994130135,0.0054239737801253796,0.01408369094133377,0.0528273805975914,0.0008162313606590033,0.009095149114727974,0.21497978270053864,0.6706312298774719
1430,-15.9023,-21.8965,-37.7988,-19.6406,-19.8516,2.0,2.0,0.0625,0.02283105067908764,0.00249791843816638,0.012888172641396523,0.0513392873108387,0.000621890532784164,0.008512127213180065,0.18672263622283936,0.6996657252311707
1435,-15.7617,-22.0137,-37.7754,-19.6953,-19.7656,2.0,2.0,0.0,0.0,0.006300813052803278,0.00735130300745368,0.0539434514939785,0.0009328357991762459,0.005441542249172926,0.19123134016990662,0.6979166865348816
1440,-15.3887,-22.1715,-37.5602,-19.75,-19.4219,2.0,2.0,0.0,0.0,0.00372370146214962,0.0119702173396945,0.0476190485060215,0.0006996268639340997,0.007423818577080965,0.20876088738441467,0.6786380410194397
1445,-16.1098,-21.8555,-37.9652,-19.8125,-19.4844,2.0,2.0,0.0,0.0683760717511177,0.0039787800051271915,0.005820911843329668,0.0550595223903656,0.0006607586983591318,0.004547574557363987,0.17583955824375153,0.7144744992256165
1450,-15.5504,-22.1434,-37.6938,-19.3984,-20.0078,2.0,2.0,0.0,0.0,0.005253940355032682,0.006080054212361574,0.0491071417927742,0.0008162313606590033,0.004547574557363987,0.19974346458911896,0.69041508436203
1455,-15.6027,-22.0844,-37.6871,-19.7656,-19.4844,2.0,2.0,0.0,0.0,0.0043128798715770245,0.007939188741147518,0.0595238097012043,0.0009328357991762459,0.006024564616382122,0.19826647639274597,0.6902984976768494
1460,-15.516,-22.1383,-37.6543,-19.4844,-19.9297,2.0,2.0,0.0,0.0,0.00408480828627944,0.007896666415035725,0.0535714291036129,0.0010883084032684565,0.005519278813153505,0.19982120394706726,0.6890935897827148
1465,-15.7602,-22.052,-37.8121,-19.6797,-19.9609,2.0,2.0,0.0,0.0,0.0018401144770905375,0.004601907450705767,0.0565476194024086,0.00042754976311698556,0.003964552190154791,0.1901041716337204,0.7010261416435242
1470,-15.4883,-22.1926,-37.6809,-19.7891,-19.8125,2.0,2.0,0.0,0.0,0.0023041474632918835,0.00462649529799819,0.0528273805975914,0.0006607586983591318,0.0035370024852454662,0.20242537558078766,0.6888992786407471
1475,-16.0473,-21.9055,-37.9527,-19.7031,-19.8672,2.0,2.0,0.0,0.0,0.0032751092221587896,0.005281785968691111,0.0509672611951828,0.0006607586983591318,0.003031716449186206,0.17801617085933685,0.7138137221336365
1480,-15.4738,-22.0867,-37.5605,-19.9609,-19.0703,2.0,2.0,0.0,0.0,0.00337774446234107,0.013821977190673351,0.0632440447807312,0.0009717039647512138,0.00971703976392746,0.20712842047214508,0.6777052283287048
1485,-16.2715,-21.8449,-38.1164,-19.4688,-20.2656,2.0,2.0,0.0,0.0,0.0013950243592262268,0.0010152827017009258,0.0505952388048172,0.00023320894979406148,0.0007384950295090675,0.16717195510864258,0.7273787260055542
1490,-15.9074,-22.0316,-37.9391,-19.5156,-20.2422,2.0,2.0,0.0,0.0,0.0006396588287316263,0.0007639836403541267,0.0505952388048172,0.00034981343196704984,0.000621890532784164,0.1822916716337204,0.7122589945793152
1495,-15.7246,-22.0926,-37.8172,-19.5625,-20.0781,2.0,2.0,0.0,0.0,0.0030506406910717487,0.0034341420978307724,0.0476190485060215,0.00046641789958812296,0.0022154850885272026,0.19111473858356476,0.7017257213592529
1500,-16.0969,-21.9105,-38.0074,-19.6094,-20.1953,2.0,2.0,0.0,0.0,0.0064775520004332066,0.0022170550655573606,0.0476190485060215,0.0008550995262339711,0.0018656715983524919,0.17401275038719177,0.7187888622283936
1505,-15.6453,-22.1293,-37.7746,-19.4531,-20.0391,2.0,2.0,0.0,0.0,0.0038190954364836216,0.002613579388707876,0.0535714291036129,0.0005441542016342282,0.0026430347934365273,0.1933690905570984,0.6989660859107971
1510,-15.8047,-22.0625,-37.8672,-19.375,-20.3125,2.0,2.0,0.0,0.0,0.0025136154145002365,0.00219551008194685,0.0505952388048172,0.00034981343196704984,0.001476990059018135,0.1855565905570984,0.7081390023231506
1515,-15.5711,-22.2004,-37.7715,-19.4062,-20.2969,2.0,2.0,0.0,0.0,0.003513566218316555,0.00033517679548822343,0.0476190485060215,0.0003886815975420177,0.00023320894979406148,0.19912157952785492,0.6957789063453674
1520,-15.5813,-22.1906,-37.7719,-19.3594,-20.3203,2.0,2.0,0.0,0.0,0.002573238220065832,0.0010581421665847301,0.0476190485060215,0.0005052860942669213,0.0007384950295090675,0.1963619440793991,0.6979166865348816
1525,-15.6906,-22.1406,-37.8312,-19.4688,-20.2656,2.0,2.0,0.0,0.0,0.003219963749870658,0.0004430905682966113,0.0476190485060215,0.0003886815975420177,0.00023320894979406148,0.19313588738441467,0.7017646431922913
1530,-15.2727,-22.3602,-37.6328,-19.3438,-20.3281,2.0,2.0,0.0,0.0,0.0,0.0,0.0498511902987957,0.000155472633196041,7.77363165980205e-05,0.20992693305015564,0.6853622794151306
1535,-15.1156,-22.4422,-37.5578,-19.0,-20.5,2.0,2.0,0.0,0.0,0.0,0.0,0.0476190485060215,0.0,0.0,0.21707867085933685,0.6784437298774719
1540,-15.7762,-22.0984,-37.8746,-19.375,-20.3125,2.0,2.0,0.0,0.0,0.0014382576337084174,0.0004407713422551751,0.0505952388048172,0.000310945266392082,0.0005830223672091961,0.18917132914066315,0.7054570913314819
1545,-15.4953,-22.2477,-37.743,-19.5156,-20.2422,2.0,2.0,0.0,0.0,0.0011492051417008042,0.00011223974433960393,0.0476190485060215,0.0,0.0,0.20293065905570984,0.6925917267799377
1550,-15.1734,-22.3852,-37.5586,-19.25,-20.375,2.0,2.0,0.0,0.0,0.0010781671153381467,0.0024089475627988577,0.0476190485060215,0.000155472633196041,0.0013992537278681993,0.2163013070821762,0.6776663661003113
1555,-15.2066,-22.3891,-37.5957,-19.3438,-20.3281,2.0,2.0,0.0,0.0,0.0005434782360680401,0.0005712001002393663,0.0476190485060215,7.77363165980205e-05,0.00042754976311698556,0.21455223858356476,0.6804648637771606
1560,-15.5969,-22.1828,-37.7797,-19.5,-20.1562,2.0,2.0,0.0,0.0,0.0019751135259866714,0.0012259682407602668,0.0476190485060215,0.00023320894979406148,0.0010105721885338426,0.19678948819637299,0.6974891424179077
1565,-15.6883,-22.1465,-37.8348,-19.5781,-20.2109,2.0,2.0,0.0,0.0,0.0,0.00044211107888258994,0.0505952388048172,0.000155472633196041,0.000155472633196041,0.1918921023607254,0.7033193111419678
1570,-14.4855,-22.7496,-37.2352,-18.6094,-20.6953,2.0,2.0,0.0,0.0,0.0007942811935208738,0.00047812575940042734,0.0476190485060215,0.00019434079877100885,0.000310945266392082,0.24467505514621735,0.6503420472145081
1575,-15.4016,-22.2992,-37.7008,-19.4844,-20.2578,2.0,2.0,0.0,0.0,0.0,0.0,0.0476190485060215,0.0,0.0,0.20584577322006226,0.6896766424179077
1580,-15.4969,-22.241,-37.7379,-19.3906,-20.3047,2.0,2.0,0.0,0.0,0.0017351070418953896,0.000504625728353858,0.0476190485060215,0.00034981343196704984,0.00034981343196704984,0.20160913467407227,0.6932136416435242
1585,-16.0117,-21.9754,-37.9871,-19.5469,-20.2266,2.0,2.0,0.0,0.0,0.0019693654030561447,0.0012474238174036145,0.0476190485060215,0.00019434079877100885,0.0010494403541088104,0.17762748897075653,0.7166511416435242
1590,-15.7953,-22.0789,-37.8742,-19.3594,-20.3203,2.0,2.0,0.0,0.0,0.000829359341878444,0.0015404082369059324,0.0505952388048172,0.00023320894979406148,0.0013215173967182636,0.18746113777160645,0.7065065503120422
1595,-15.3023,-22.3336,-37.6359,-19.375,-20.3125,2.0,2.0,0.0,0.0,0.0014880952658131719,0.0007368361111730337,0.0494791679084301,0.0002720771008171141,0.0005441542016342282,0.20895522832870483,0.6857509613037109
1600,-15.6977,-22.1418,-37.8395,-19.5156,-20.2422,2.0,2.0,0.0,0.0,0.000804667070042342,0.00022156981867738068,0.0505952388048172,0.000155472633196041,0.00046641789958812296,0.19321362674236298,0.7016868591308594
1605,-15.9441,-22.0133,-37.9574,-19.5156,-20.2422,2.0,2.0,0.0,0.0,0.0008521516574546695,0.000709258543793112,0.0505952388048172,0.000155472633196041,0.0005052860942669213,0.1824471354484558,0.7124145030975342
1610,-15.1141,-22.4348,-37.5488,-19.1719,-20.3203,2.0,2.0,0.0,0.0,0.0010741138830780983,0.00045871559996157885,0.0476190485060215,0.000155472633196041,0.0003886815975420177,0.2171175330877304,0.677860677242279
1615,-15.7859,-22.0977,-37.8836,-19.4375,-20.2812,2.0,2.0,0.0,0.0,0.0006204756791703403,0.0002748914121184498,0.0505952388048172,0.000310945266392082,0.000310945266392082,0.18792754411697388,0.7069729566574097
1620,-15.6828,-22.1586,-37.8414,-19.5156,-20.2422,2.0,2.0,0.0,0.0,0.0,0.0,0.0476190485060215,0.0,0.0,0.19154228270053864,0.7039800882339478
1625,-15.0746,-22.4563,-37.5309,-19.125,-20.4375,2.0,2.0,0.0,0.0,0.0,0.0006319659878499806,0.0476190485060215,3.886815829901025e-05,0.0003886815975420177,0.21855565905570984,0.6765391826629639
1630,-15.6102,-22.1809,-37.791,-19.3438,-20.2344,2.0,2.0,0.0,0.0,0.0021982414182275534,0.000277592713246122,0.0505952388048172,0.000155472633196041,0.0007773631950840354,0.1944962739944458,0.7000932693481445
1635,-15.5195,-22.2379,-37.7574,-19.4844,-20.2578,2.0,2.0,0.0,0.0,0.0007777561550028622,0.0,0.0476190485060215,7.77363165980205e-05,7.77363165980205e-05,0.19989894330501556,0.6954679489135742
1640,-15.6582,-22.1457,-37.8039,-19.4688,-20.2656,2.0,2.0,0.0,0.0,0.004420333541929722,0.0011653718538582325,0.0476190485060215,0.0007384950295090675,0.0009328357991762459,0.1934468299150467,0.7004042267799377
1645,-15.5172,-22.2227,-37.7398,-19.4531,-20.2734,2.0,2.0,0.0,0.0,0.003293297253549099,0.0008401478407904506,0.0476190485060215,0.00023320894979406148,0.0006996268639340997,0.20063744485378265,0.6939521431922913
1650,-15.5984,-22.1914,-37.7898,-19.6406,-20.0859,2.0,2.0,0.0,0.0,0.0,0.000444567936938256,0.0505952388048172,3.886815829901025e-05,0.0005830223672091961,0.1954679787158966,0.6994325518608093
1655,-15.393,-22.2988,-37.6918,-19.3906,-20.3047,2.0,2.0,0.0,0.0,0.0005656108842231333,0.00028203972033225,0.0476190485060215,3.886815829901025e-05,0.0002720771008171141,0.20615671575069427,0.6890547275543213
1660,-14.9797,-22.5008,-37.4805,-18.8281,-20.4922,2.0,2.0,0.0,0.0,0.0001756851706886664,0.0004038772312924266,0.0505952388048172,0.00011660447489703074,0.0005052860942669213,0.22123755514621735,0.6736629605293274
1665,-14.3742,-22.8082,-37.1824,-18.8594,-20.5703,2.0,2.0,0.0,0.0,0.0003117692831438035,0.0003610760031733662,0.0476190485060215,0.000155472633196041,0.000155472633196041,0.2493392378091812,0.645872175693512
1670,-15.6859,-22.1383,-37.8242,-19.4531,-20.2734,2.0,2.0,0.0,0.0,0.0018115942366421223,0.0008311170386150479,0.0505952388048172,0.00023320894979406148,0.0006996268639340997,0.19309701025485992,0.7014925479888916
1675,-14.6773,-22.632,-37.3094,-19.1875,-20.4062,2.0,2.0,0.0,0.0,0.003937653731554747,0.0015380975091829896,0.0476190485060215,0.0007384950295090675,0.0008550995262339711,0.2369014322757721,0.6570273637771606
1680,-14.9086,-22.5363,-37.4449,-19.25,-20.375,2.0,2.0,0.0,0.0,0.0006824773736298084,0.0006988527020439506,0.0476190485060215,3.886815829901025e-05,0.0002720771008171141,0.22780628502368927,0.6674051880836487
1685,-15.5332,-22.2211,-37.7543,-19.5625,-20.2188,2.0,2.0,0.0,0.0,0.0007773027755320072,0.0009511553798802197,0.0476190485060215,0.000155472633196041,0.0006607586983591318,0.20001554489135742,0.6946905851364136
1690,-14.491,-22.7375,-37.2285,-18.8203,-20.4844,2.0,2.0,0.0,0.0,0.0017405063845217228,0.0010784254409372807,0.0476190485060215,0.0005052860942669213,0.000621890532784164,0.24564675986766815,0.6487484574317932
1695,-15.3887,-22.2746,-37.6633,-19.4531,-20.2734,2.0,2.0,0.0,0.0,0.006106870248913765,0.0011832985328510404,0.0476190485060215,0.0009328357991762459,0.0011271765688434243,0.20366916060447693,0.6897932291030884
1700,-15.4648,-22.2418,-37.7066,-19.0781,-20.4609,2.0,2.0,0.0,0.0,0.004038461484014988,0.0008428860455751419,0.0505952388048172,0.0007384950295090675,0.0009717039647512138,0.20211443305015564,0.6916977763175964
1705,-15.7387,-22.1277,-37.8664,-19.4844,-20.2578,2.0,2.0,0.0,0.0,0.0008174944086931646,5.5120715842349455e-05,0.0476190485060215,0.00011660447489703074,7.77363165980205e-05,0.1901818960905075,0.7051461338996887
1710,-15.4074,-22.2875,-37.6949,-19.4688,-20.2656,2.0,2.0,0.0,0.0,0.0017032551113516092,0.0003381996648386121,0.0476190485060215,0.0002720771008171141,0.000310945266392082,0.20537935197353363,0.6895599961280823
1715,-15.6941,-22.1371,-37.8312,-19.3594,-20.3203,2.0,2.0,0.0,0.0,0.0016356572741642594,0.0010484494268894196,0.0476190485060215,0.00011660447489703074,0.0009328357991762459,0.1901041716337204,0.7043687701225281
1720,-16.125,-21.9328,-38.0578,-19.6406,-20.1797,2.0,2.0,0.0,0.0,0.0008972633513621986,0.0002153547975467518,0.0476190485060215,7.77363165980205e-05,0.00023320894979406148,0.17327424883842468,0.7219371795654297
1725,-16.1609,-21.8996,-38.0605,-19.5625,-20.2188,2.0,2.0,0.0,0.0,0.0020403536036610603,0.0013444474898278713,0.0476190485060215,0.00034981343196704984,0.0009717039647512138,0.17144745588302612,0.7227534055709839
1730,-15.6477,-22.1434,-37.791,-19.4531,-20.2734,2.0,2.0,0.0,0.0,0.005398920271545649,0.001612634165212512,0.0476190485060215,0.0008550995262339711,0.0013215173967182636,0.19437965750694275,0.6989660859107971
1735,-15.468,-22.2332,-37.7012,-19.3281,-20.3359,2.0,2.0,0.0,0.0,0.0030798844527453184,0.0008994322270154953,0.0565476194024086,0.00120491289999336,0.0009717039647512138,0.20192009210586548,0.6914256811141968
1740,-15.9477,-21.9746,-37.9223,-19.4375,-20.2812,2.0,2.0,0.0,0.0,0.010318142361938953,0.002184956567361951,0.0476190485060215,0.0015547263901680708,0.0015935945557430387,0.1808146834373474,0.7115594148635864
1745,-15.0383,-22.4457,-37.484,-19.2812,-20.3594,2.0,2.0,0.0,0.0,0.005605184938758612,0.0016197141958400607,0.0476190485060215,0.0009328357991762459,0.0007773631950840354,0.22189831733703613,0.6719138622283936
1750,-15.834,-22.0461,-37.8801,-19.5312,-20.2344,2.0,2.0,0.0,0.0,0.006469115149229765,0.0013197690714150667,0.0505952388048172,0.0009328357991762459,0.001515858224593103,0.18625621497631073,0.7068174481391907
1755,-15.3738,-22.2691,-37.643,-19.3594,-20.3203,2.0,2.0,0.0,0.0,0.006225240416824818,0.0019248188473284245,0.0505952388048172,0.0012826492311432958,0.0016324627213180065,0.20604011416435242,0.6865671873092651
1760,-15.9,-22.0324,-37.9324,-19.5625,-20.2188,2.0,2.0,0.0,0.0,0.003829787252470851,0.0006553795537911355,0.0476190485060215,0.0005830223672091961,0.0005830223672091961,0.18268035352230072,0.7116760015487671
1765,-15.7477,-22.0828,-37.8305,-19.3438,-20.3281,2.0,2.0,0.0,0.0,0.007794871926307678,0.0015477308770641685,0.0505952388048172,0.0011660447344183922,0.0017101990524679422,0.18948227167129517,0.7031638622283936
1770,-16.1586,-21.8832,-38.0418,-19.5781,-20.2109,2.0,2.0,0.0,0.03125,0.0056280954740941525,0.0010251429630443454,0.0546875,0.001243781065568328,0.001243781065568328,0.17265236377716064,0.7203824520111084
1775,-15.1863,-22.3781,-37.5645,-19.2188,-20.3906,2.0,2.0,0.0,0.0,0.005430847406387329,0.0010877655586227775,0.0476190485060215,0.0009717039647512138,0.0009328357991762459,0.21470771729946136,0.6789101362228394
1780,-15.4375,-22.2508,-37.6883,-19.6094,-20.1953,2.0,2.0,0.0,0.0,0.00439098896458745,0.001182565581984818,0.0505952388048172,0.0006607586983591318,0.0010494403541088104,0.20359142124652863,0.6902207732200623
1785,-15.7395,-22.1191,-37.8586,-19.4844,-20.2578,2.0,2.0,0.0,0.0,0.0020325202494859695,0.0004972100723534822,0.0476190485060215,0.00019434079877100885,0.0005441542016342282,0.19123134016990662,0.7035525441169739
1790,-15.3109,-22.3211,-37.632,-19.2656,-20.3672,2.0,2.0,0.0,0.0,0.0026099926326423883,0.0010206395527347922,0.0505952388048172,0.0005052860942669213,0.0010494403541088104,0.2084888070821762,0.6854788661003113
1795,-15.2379,-22.3582,-37.5961,-19.2188,-20.3906,2.0,2.0,0.0,0.0,0.0032973072957247496,0.0011971269268542528,0.0476190485060215,0.0008162313606590033,0.0006996268639340997,0.21218128502368927,0.6818252205848694
1800,-14.9715,-22.4891,-37.4605,-19.3906,-20.3047,2.0,2.0,0.0,0.0,0.0031147256959229708,0.001451968913897872,0.0476190485060215,0.0005052860942669213,0.0011660447344183922,0.2246190905570984,0.6692319512367249
1805,-15.3098,-22.3223,-37.632,-19.7188,-20.0,2.0,2.0,0.0,0.0,0.0012994245626032352,0.0009083683253265917,0.0535714291036129,0.000310945266392082,0.00120491289999336,0.2093827724456787,0.6846237778663635
1810,-15.2648,-22.3371,-37.602,-19.2188,-20.3906,2.0,2.0,0.0,0.0,0.0029662589076906443,0.0015907282941043377,0.0505952388048172,0.0006996268639340997,0.0010105721885338426,0.20965485274791718,0.6841573119163513
1815,-15.7348,-22.0992,-37.834,-19.4844,-20.2578,2.0,2.0,0.0,0.0,0.006515984423458576,0.0013825903879478574,0.0476190485060215,0.0006996268639340997,0.0011271765688434243,0.19088153541088104,0.7028140425682068
1820,-15.9289,-21.9957,-37.9246,-19.4219,-20.2891,2.0,2.0,0.0,0.0,0.006621101871132851,0.0020220789592713118,0.0476190485060215,0.0009717039647512138,0.0013603855622932315,0.18198071420192719,0.7112095952033997
1825,-15.8965,-22.0312,-37.9277,-19.4844,-20.2578,2.0,2.0,0.0,0.0,0.004669921472668648,0.00043730184552259743,0.0494791679084301,0.0003886815975420177,0.0009717039647512138,0.1831078976392746,0.7110540866851807
1830,-15.8598,-22.025,-37.8848,-19.3906,-20.3047,2.0,2.0,0.0,0.0,0.008608019910752773,0.0015384615398943424,0.0505952388048172,0.0014381218934431672,0.0015547263901680708,0.1851290464401245,0.7074005007743835
1835,-15.5848,-22.1719,-37.7566,-19.2031,-20.3984,2.0,2.0,0.0,0.0,0.007900454103946686,0.0011721366317942739,0.0476190485060215,0.0010883084032684565,0.0012826492311432958,0.19678948819637299,0.6963619589805603
1840,-15.3426,-22.3047,-37.6473,-19.3906,-20.3047,2.0,2.0,0.05882352963089943,0.1666666716337204,0.0026143791619688272,0.0007934708846732974,0.0505952388048172,0.0006607586983591318,0.0009328357991762459,0.20813898742198944,0.6857898235321045
1845,-15.5227,-22.2035,-37.7262,-19.1875,-20.4062,2.0,2.0,0.0,0.0,0.00717749772593379,0.0008413259056396782,0.0505952388048172,0.0011660447344183922,0.0010105721885338426,0.2003653645515442,0.6929804086685181
1850,-15.0625,-22.4477,-37.5102,-19.1875,-20.4062,2.0,2.0,0.0,0.0,0.0035161743871867657,0.0009231479489244521,0.0476190485060215,0.00042754976311698556,0.00034981343196704984,0.22108209133148193,0.6736629605293274
1855,-15.2504,-22.3438,-37.5941,-19.5,-20.25,2.0,2.0,0.07407407462596893,0.23076923191547394,0.0038638454861938953,0.0,0.0565476194024086,0.0010494403541088104,0.0010105721885338426,0.21124844253063202,0.6822139024734497
1860,-15.6414,-22.1348,-37.7762,-19.2031,-20.3984,2.0,2.0,0.15625,0.0833333358168602,0.006972111761569977,0.0013926024548709393,0.0505952388048172,0.001243781065568328,0.0013992537278681993,0.19511815905570984,0.6977611780166626
1865,-15.9738,-21.9223,-37.8961,-19.5938,-20.2031,2.0,2.0,0.03614457696676254,0.0555555559694767,0.01684301532804966,0.002410430693998933,0.0572916679084301,0.0032260571606457233,0.0027985074557363987,0.17999844253063202,0.7094993591308594
1870,-15.9191,-21.9531,-37.8723,-19.5469,-20.2266,2.0,2.0,0.0,0.0,0.016509434208273888,0.002193944761529565,0.0595238097012043,0.0026430347934365273,0.00295398011803627,0.18128108978271484,0.7086442708969116
1875,-15.8852,-21.9402,-37.8254,-19.6094,-20.1016,2.0,2.0,0.06818182021379471,0.09009008854627609,0.018632225692272186,0.0030908489134162664,0.0625,0.0034203981049358845,0.0043143657967448235,0.18357431888580322,0.7042133212089539
1880,-14.907,-22.4727,-37.3797,-19.2031,-20.3984,2.0,2.0,0.0,0.016393441706895828,0.014462810009717941,0.002396819880232215,0.0476190485060215,0.0025264304131269455,0.002370957750827074,0.2257462739944458,0.6648787260055542
1885,-15.8648,-21.9715,-37.8363,-19.5156,-20.2422,2.0,2.0,0.0416666679084301,0.0416666679084301,0.017676766961812973,0.004078483209013939,0.0476190485060215,0.0027985074557363987,0.0027985074557363987,0.18470148742198944,0.7052238583564758
1890,-15.782,-21.8875,-37.6695,-19.3594,-20.3203,2.0,2.0,0.15555556118488312,0.11235955357551575,0.045671578496694565,0.005709487944841385,0.0505952388048172,0.00699626887217164,0.006918532308191061,0.18722791969776154,0.6943796873092651
1895,-16.1086,-21.859,-37.9676,-19.5156,-20.2422,2.0,2.0,0.0,0.0,0.015134654007852077,0.003040999174118042,0.0565476194024086,0.0024486940819770098,0.002681903075426817,0.1746346354484558,0.7157571315765381
1900,-14.8152,-22.4418,-37.257,-19.0625,-20.4688,2.0,2.0,0.08411215245723724,0.1367521435022354,0.0244925357401371,0.004449718166142702,0.0517113097012043,0.004158893134444952,0.004547574557363987,0.2316931039094925,0.6551228165626526
1905,-15.7945,-22.0066,-37.8012,-19.5938,-20.2031,2.0,2.0,0.0694444477558136,0.12820513546466827,0.017704645171761513,0.0028746752068400383,0.0520833320915699,0.0027985074557363987,0.003031716449186206,0.1866060346364975,0.7030861377716064
1910,-14.934,-22.4586,-37.3926,-19.3125,-20.3438,2.0,2.0,0.0476190485060215,0.109375,0.013637147843837738,0.001752336393110454,0.0505952388048172,0.0024486940819770098,0.002487562131136656,0.22516325116157532,0.6654228568077087
1915,-14.9656,-22.3988,-37.3645,-19.25,-20.375,2.0,2.0,0.012345679104328156,0.0882352963089943,0.020654045045375824,0.003461019601672888,0.0524553582072258,0.0031483208294957876,0.003964552190154791,0.2258239984512329,0.6625854969024658
1920,-16.1609,-21.8129,-37.9738,-19.7031,-20.1484,2.0,2.0,0.013513513840734959,0.17241379618644714,0.024578971788287163,0.002272112527862191,0.0535714291036129,0.0028762437868863344,0.003381529822945595,0.17078669369220734,0.7184779047966003
1925,-15.5344,-22.0852,-37.6195,-19.125,-20.4375,2.0,2.0,0.09482758492231369,0.1171875,0.023291924968361855,0.005100884009152651,0.0535714291036129,0.004508706275373697,0.004975124262273312,0.20024876296520233,0.6857898235321045
1930,-15.6723,-22.0695,-37.7418,-19.5156,-20.2422,2.0,2.0,0.0,0.0117647061124444,0.01735270395874977,0.003847440704703331,0.0494791679084301,0.0025264304131269455,0.003303793491795659,0.1926306039094925,0.6970615386962891
1935,-15.3637,-22.2789,-37.6426,-19.125,-20.4375,2.0,2.0,0.0,0.0,0.009099526330828667,0.0006214338354766369,0.0505952388048172,0.001243781065568328,0.001243781065568328,0.20502954721450806,0.688005268573761
1940,-15.8129,-22.0566,-37.8695,-19.6094,-20.1953,2.0,2.0,0.0,0.0,0.004987531341612339,0.001265613827854395,0.0535714291036129,0.0011271765688434243,0.0010105721885338426,0.18703357875347137,0.7063510417938232
1945,-14.866,-22.5031,-37.3691,-18.7031,-20.6484,2.0,2.0,0.0,0.06779661029577255,0.011028164066374302,0.002347417874261737,0.0476190485060215,0.001826803432777524,0.0022932214196771383,0.2290889322757721,0.6623134613037109
1950,-15.1863,-22.3535,-37.5398,-19.125,-20.4375,2.0,2.0,0.0,0.02083333395421505,0.010537791065871716,0.0013751217629760504,0.0505952388048172,0.0013603855622932315,0.0018656715983524919,0.21393035352230072,0.6783660054206848
1955,-15.3672,-22.273,-37.6402,-19.2969,-20.3516,2.0,2.0,0.0,0.0,0.005836942233145237,0.0015293117612600327,0.0535714291036129,0.0011660447344183922,0.0017101990524679422,0.20642879605293274,0.6862173676490784
1960,-15.375,-22.2691,-37.6441,-19.4219,-20.2891,2.0,2.0,0.0,0.0,0.008136234246194363,0.0013007578672841191,0.0505952388048172,0.0010494403541088104,0.0017879352672025561,0.20541821420192719,0.6872667670249939
1965,-15.4922,-22.1859,-37.6781,-19.2969,-20.2578,2.0,2.0,0.0,0.04615384712815285,0.011394361034035683,0.003041568212211132,0.0476190485060215,0.0016713308868929744,0.0025264304131269455,0.2012593299150467,0.690065324306488
1970,-16.1652,-21.8406,-38.0059,-19.6719,-20.1641,2.0,2.0,0.0,0.0,0.017719218507409096,0.0028637812938541174,0.0476190485060215,0.00240982579998672,0.002681903075426817,0.17109763622283936,0.7193329930305481
1975,-15.5887,-22.1734,-37.7621,-19.4219,-20.2891,2.0,2.0,0.190476194024086,0.12903225421905518,0.006919730920344591,0.0006692693568766117,0.0476190485060215,0.0008162313606590033,0.00120491289999336,0.19659514725208282,0.6969060897827148
1980,-15.8813,-21.9633,-37.8445,-19.5938,-20.1094,2.0,2.0,0.03999999910593033,0.09859155118465424,0.019649270921945572,0.0033588458318263292,0.0476190485060215,0.0029151118360459805,0.0027596394065767527,0.18396300077438354,0.7058846354484558
1985,-15.6875,-22.0426,-37.7301,-19.4219,-20.2891,2.0,2.0,0.010989011265337467,0.0729166641831398,0.025198129937052727,0.003457506187260151,0.0476190485060215,0.0035370024852454662,0.0037313431967049837,0.19127021729946136,0.696983814239502
1990,-15.35,-22.2547,-37.6047,-19.2969,-20.3516,2.0,2.0,0.0,0.0,0.014903130009770393,0.0013653429923579097,0.0535714291036129,0.0017879352672025561,0.0018656715983524919,0.20864428579807281,0.6832244992256165
1995,-15.2094,-22.2793,-37.4887,-19.1719,-20.4141,2.0,2.0,0.010309278033673763,0.024096384644508362,0.022959183901548386,0.0030508865602314472,0.0535714291036129,0.0037702114786952734,0.0032260571606457233,0.2133084535598755,0.6752176880836487
2000,-15.4414,-22.1668,-37.6082,-19.3906,-20.3047,2.0,2.0,0.05494505539536476,0.032258063554763794,0.024809161201119423,0.0022138964850455523,0.053199402987957,0.0035370024852454662,0.003614738816395402,0.20366916060447693,0.6847015023231506
2005,-15.7539,-22.0504,-37.8043,-19.4688,-20.2422,2.0,2.0,0.0,0.014925372786819935,0.01648804545402527,0.001937340828590095,0.0505952388048172,0.002137748757377267,0.0026041667442768812,0.18858830630779266,0.7021921873092651
2010,-15.5492,-22.0309,-37.5801,-19.3438,-20.3281,2.0,2.0,0.072727270424366,0.1192052960395813,0.03855940327048302,0.005563440266996622,0.0502232126891613,0.006413246039301157,0.005869091954082251,0.198577418923378,0.6846626400947571
2015,-16.0453,-21.8684,-37.9137,-19.4219,-20.2891,2.0,2.0,0.0,0.0520833320915699,0.026985520496964455,0.002130216220393777,0.0546875,0.003031716449186206,0.0037313431967049837,0.1771610677242279,0.71159827709198
2020,-15.2328,-22.318,-37.5508,-19.2344,-20.3828,2.0,2.0,0.0,0.0,0.010271459817886353,0.0027466239407658577,0.0505952388048172,0.0019045397639274597,0.0024486940819770098,0.2119092047214508,0.6792599558830261
2025,-15.232,-22.3605,-37.5926,-19.3281,-20.3359,2.0,2.0,0.0,0.0,0.003853210946545005,0.0010826210491359234,0.0476190485060215,0.0005830223672091961,0.0009717039647512138,0.2118314653635025,0.6821361780166626
2030,-14.9793,-22.484,-37.4633,-19.4688,-20.2656,2.0,2.0,0.1599999964237213,0.20000000298023224,0.0034812879748642445,0.0009855072712525725,0.0476190485060215,0.0009717039647512138,0.0007773631950840354,0.223297581076622,0.6704757213592529
2035,-16.0203,-21.9664,-37.9867,-19.4375,-20.2812,2.0,2.0,0.0,0.0,0.002390784677118063,0.0007065601530484855,0.0535714291036129,0.0007384950295090675,0.0008162313606590033,0.17883239686489105,0.7151352763175964
2040,-15.8297,-22.0781,-37.9078,-19.25,-20.375,2.0,2.0,0.0,0.0,0.0008373456075787544,0.00043833215022459626,0.0476190485060215,0.000155472633196041,0.000310945266392082,0.18567319214344025,0.7093827724456787
2045,-15.4668,-22.2602,-37.727,-19.5469,-20.2266,2.0,2.0,0.0,0.0,0.001345119089819491,0.00022440392058342695,0.0476190485060215,3.886815829901025e-05,0.0003886815975420177,0.20226989686489105,0.6928249597549438
2050,-15.3961,-22.2832,-37.6793,-19.4531,-20.2734,2.0,2.0,0.0,0.0,0.0017077799420803785,0.0012966512003913522,0.0476190485060215,0.0007384950295090675,0.0005052860942669213,0.2048352062702179,0.6894434094429016
2055,-16.0211,-21.966,-37.9871,-19.7031,-20.0547,2.0,2.0,0.0,0.0,0.002853380050510168,0.0010301453294232488,0.0505952388048172,0.0005052860942669213,0.0010494403541088104,0.1770833283662796,0.7168843150138855
2060,-15.6379,-22.1641,-37.802,-19.6094,-20.1953,2.0,2.0,0.0,0.0,0.0042304592207074165,0.00044328696094453335,0.0476190485060215,0.0006996268639340997,0.00042754976311698556,0.1929415464401245,0.701453685760498
2065,-15.3926,-22.2961,-37.6887,-19.25,-20.375,2.0,2.0,0.0,0.0,0.0013307984918355942,0.00033770472509786487,0.0476190485060215,0.00023320894979406148,0.0002720771008171141,0.20444652438163757,0.690570592880249
2070,-15.7852,-22.0875,-37.8727,-19.7188,-20.1406,2.0,2.0,0.0,0.0,0.003528435016050935,5.498130485648289e-05,0.0535714291036129,0.000621890532784164,0.0006996268639340997,0.18726679682731628,0.7069340944290161
2075,-15.691,-22.1117,-37.8027,-19.4688,-20.2656,2.0,2.0,0.0,0.0,0.00937627349048853,0.0010519904317334294,0.0505952388048172,0.0013215173967182636,0.001515858224593103,0.19068719446659088,0.7019978165626526
2080,-15.1914,-22.3656,-37.557,-19.1406,-20.4297,2.0,2.0,0.0,0.0,0.008196720853447914,0.0012005488388240337,0.0476190485060215,0.0010105721885338426,0.001243781065568328,0.2133861929178238,0.6798818111419678
2085,-15.1816,-22.3617,-37.5434,-19.2344,-20.3828,2.0,2.0,0.0,0.0,0.00891882088035345,0.001831397064961493,0.0476190485060215,0.001476990059018135,0.0013603855622932315,0.2135416716337204,0.6791433691978455
2090,-15.6949,-22.0934,-37.7883,-19.4531,-20.2734,2.0,2.0,0.0,0.0,0.014389947056770325,0.0012211367720738053,0.0505952388048172,0.0018656715983524919,0.0016324627213180065,0.19177550077438354,0.7002487778663635
2095,-16.032,-21.923,-37.9551,-19.4844,-20.2578,2.0,2.0,0.1315789520740509,0.08620689809322357,0.012245790101587772,0.001633008592762053,0.0505952388048172,0.001476990059018135,0.0022543531376868486,0.1777440905570984,0.7140469551086426
2100,-15.4961,-22.1957,-37.6918,-19.4844,-20.2578,2.0,2.0,0.0833333358168602,0.08695652335882187,0.013377278111875057,0.0010681358398869634,0.0476190485060215,0.0018656715983524919,0.0017879352672025561,0.20048196613788605,0.6913868188858032
2105,-15.3379,-22.2496,-37.5875,-19.4375,-20.2812,2.0,2.0,0.0,0.078125,0.016737958416342735,0.0013690815540030599,0.0550595223903656,0.002681903075426817,0.002487562131136656,0.2089940905570984,0.681358814239502
2110,-15.9246,-22.0078,-37.9324,-19.6406,-20.1797,2.0,2.0,0.10000000149011612,0.13333334028720856,0.005368262995034456,0.0010909289121627808,0.0476190485060215,0.0007773631950840354,0.0011660447344183922,0.18100902438163757,0.7125699520111084
2115,-15.7672,-22.0402,-37.8074,-19.5469,-20.2266,2.0,2.0,0.09259258955717087,0.05000000074505806,0.01368743646889925,0.002162941498681903,0.0535714291036129,0.002098880708217621,0.0023320894688367844,0.1902596354484558,0.7008317708969116
2120,-16.184,-21.8723,-38.0563,-19.5,-20.25,2.0,2.0,0.03448275849223137,0.09677419066429138,0.00958029180765152,0.0003764250432141125,0.0505952388048172,0.0011271765688434243,0.00120491289999336,0.17039801180362701,0.7227922677993774
2125,-15.1348,-22.418,-37.5527,-19.5781,-20.2109,2.0,2.0,0.0,0.0,0.003934895154088736,0.0001721269218251109,0.0476190485060215,0.00034981343196704984,0.00042754976311698556,0.21731187403202057,0.6774331331253052
2130,-15.8422,-22.0578,-37.9,-19.4844,-20.2578,2.0,2.0,0.0,0.0,0.002510460326448083,0.0008779631461948156,0.0505952388048172,0.0006607586983591318,0.0007384950295090675,0.1857897937297821,0.7083333134651184
2135,-15.4844,-22.2344,-37.7188,-19.4375,-20.2812,2.0,2.0,0.0,0.0,0.004836525302380323,0.0008408543071709573,0.0476190485060215,0.0007384950295090675,0.0005052860942669213,0.20090951025485992,0.6933690905570984
2140,-15.8934,-22.0422,-37.9355,-19.5312,-20.2344,2.0,2.0,0.0,0.0,0.0014739945763722062,0.0006567425443790853,0.0476190485060215,0.00023320894979406148,0.0005052860942669213,0.18458488583564758,0.7101989984512329
2145,-15.6262,-22.1523,-37.7785,-19.4688,-20.2656,2.0,2.0,0.0,0.0,0.008893280290067196,0.000780509551987052,0.0476190485060215,0.0008162313606590033,0.0008550995262339711,0.19667288661003113,0.6971781849861145
2150,-15.5645,-22.1809,-37.7453,-19.5781,-20.2109,2.0,2.0,0.09375,0.12903225421905518,0.007877117022871971,0.0008939047111198306,0.0476190485060215,0.001243781065568328,0.00120491289999336,0.19737251102924347,0.6957011818885803
2155,-15.6531,-22.1418,-37.7949,-19.2188,-20.3906,2.0,2.0,0.0,0.0,0.007633587811142206,0.0008884940179996192,0.0476190485060215,0.0010105721885338426,0.0010883084032684565,0.19348569214344025,0.6999378204345703
2160,-15.0031,-22.475,-37.4781,-19.3438,-20.3281,2.0,2.0,0.0,0.0,0.004565408453345299,0.000808781071100384,0.0476190485060215,0.00042754976311698556,0.0009328357991762459,0.2213541716337204,0.6728078126907349
2165,-15.2691,-22.3227,-37.5918,-19.4688,-20.2656,2.0,2.0,0.0,0.0,0.009432217106223106,0.0007970849401317537,0.0505952388048172,0.0013992537278681993,0.0012826492311432958,0.21016013622283936,0.6826803684234619
2170,-15.509,-22.1852,-37.6941,-19.2812,-20.2656,2.0,2.0,0.0,0.03846153989434242,0.012008522637188435,0.0017433359753340483,0.0505952388048172,0.0016713308868929744,0.002021144377067685,0.2006763070821762,0.6911535859107971
2175,-15.3695,-22.198,-37.5676,-19.375,-20.3125,2.0,2.0,0.042553190141916275,0.03030303120613098,0.022731542587280273,0.002739100717008114,0.0565476194024086,0.003653606865555048,0.003847947809845209,0.20689521729946136,0.6811256408691406
2180,-15.5738,-22.1328,-37.7066,-19.5625,-20.2188,2.0,2.0,0.0,0.04477611929178238,0.0185660682618618,0.0022421525791287422,0.0476190485060215,0.002720771124586463,0.0026041667442768812,0.19678948819637299,0.6934079527854919
2185,-15.248,-22.3062,-37.5543,-19.3438,-20.3281,2.0,2.0,0.0,0.0,0.014695077203214169,0.0017157563706859946,0.0509672611951828,0.0019822760950773954,0.0023320894688367844,0.2115982621908188,0.6796097755432129
2190,-15.8324,-22.041,-37.8734,-19.5625,-20.2188,2.0,2.0,0.0,0.0,0.00924563966691494,0.0015927065396681428,0.0476190485060215,0.0013992537278681993,0.0014381218934431672,0.1849735677242279,0.7077114582061768
2195,-15.648,-22.1039,-37.752,-19.2188,-20.3906,2.0,2.0,0.017241379246115685,0.017543859779834747,0.01694573275744915,0.0016139803919941187,0.0505952388048172,0.0022543531376868486,0.0022154850885272026,0.19266946613788605,0.698383092880249
2200,-15.6918,-22.0703,-37.7621,-19.4062,-20.2969,2.0,2.0,0.20588235557079315,0.02666666731238365,0.015243902802467346,0.0022806921042501926,0.0517113097012043,0.0026430347934365273,0.0029151118360459805,0.19123134016990662,0.6987329125404358
2205,-15.5734,-22.2004,-37.7738,-19.3281,-20.3359,2.0,2.0,0.0,0.0,0.003755682846531272,0.00016700995911378413,0.0476190485060215,0.000310945266392082,0.0003886815975420177,0.19663402438163757,0.6981887221336365
2210,-15.4297,-22.257,-37.6867,-19.0781,-20.4609,2.0,2.0,0.0,0.0,0.007497116457670927,0.0005059021641500294,0.0476190485060215,0.0010883084032684565,0.0007773631950840354,0.20219215750694275,0.6914645433425903
2215,-15.393,-22.2707,-37.6637,-19.3281,-20.3359,2.0,2.0,0.029411764815449715,0.0,0.006441833917051554,0.000790692400187254,0.0502232126891613,0.0013215173967182636,0.0008550995262339711,0.20514614880084991,0.6881996393203735
2220,-15.6359,-22.1457,-37.7816,-19.4375,-20.2812,2.0,2.0,0.0,0.0,0.007556174416095018,0.0013371218228712678,0.0476190485060215,0.001243781065568328,0.0011660447344183922,0.1954679787158966,0.6976445913314819
2225,-15.032,-22.4641,-37.4961,-19.25,-20.375,2.0,2.0,0.0,0.0,0.003189792623743415,0.00046074987039901316,0.0505952388048172,0.0005052860942669213,0.0008162313606590033,0.21933302283287048,0.6748678684234619
2230,-15.7895,-22.0859,-37.8754,-19.5625,-20.2188,2.0,2.0,0.0,0.0,0.0033243298530578613,0.0004946685512550175,0.0505952388048172,0.0007384950295090675,0.0005441542016342282,0.18707245588302612,0.7071672677993774
2235,-15.4953,-22.2102,-37.7055,-19.3906,-20.3047,2.0,2.0,0.0,0.0,0.00848765391856432,0.001574448891915381,0.0476190485060215,0.0010883084032684565,0.0017101990524679422,0.2014925330877304,0.691231369972229
2240,-16.3238,-21.8129,-38.1367,-19.6094,-20.1953,2.0,2.0,0.0,0.0,0.007038949057459831,0.0006938884616829455,0.0476190485060215,0.0008939676336012781,0.0007773631950840354,0.16565608978271484,0.7281949520111084
2245,-15.807,-22.0895,-37.8965,-19.4844,-20.2578,2.0,2.0,0.0,0.0,0.001251303474418819,0.00032907366403378546,0.0476190485060215,0.00011660447489703074,0.00034981343196704984,0.1863728165626526,0.7086831331253052
2250,-15.5523,-22.1758,-37.7281,-19.4062,-20.2969,2.0,2.0,0.0,0.02500000037252903,0.010103011503815651,0.0016748548950999975,0.0476190485060215,0.0015547263901680708,0.0015547263901680708,0.1962064653635025,0.6962064504623413
2255,-15.6215,-22.0715,-37.693,-19.4844,-20.2578,2.0,2.0,0.06382978707551956,0.09708737581968307,0.02335246466100216,0.0035413154400885105,0.0491071417927742,0.003653606865555048,0.004003420472145081,0.19640080630779266,0.6914645433425903
2260,-15.5266,-22.0457,-37.5723,-19.2812,-20.3594,2.0,2.0,0.06395348906517029,0.06766917556524277,0.048346057534217834,0.0028934527654200792,0.0505952388048172,0.0066853235475718975,0.005169465206563473,0.198577418923378,0.685090184211731
2265,-15.3516,-22.0102,-37.3617,-19.3281,-20.3359,2.0,2.0,0.0912698432803154,0.019685039296746254,0.06901697814464569,0.007570022717118263,0.0505952388048172,0.009794776327908039,0.009872512891888618,0.20837220549583435,0.6674829125404358
2270,-14.5828,-22.4977,-37.0805,-19.1875,-20.4062,2.0,2.0,0.03144654259085655,0.02247191034257412,0.04693548381328583,0.0027267769910395145,0.053199402987957,0.0061800372786819935,0.006918532308191061,0.24098259210586548,0.6414412260055542
2275,-14.6625,-22.316,-36.9785,-19.0312,-20.4844,2.0,2.0,0.10033445060253143,0.06818182021379471,0.05743910372257233,0.011035912670195103,0.0565476194024086,0.01162157952785492,0.010261193849146366,0.236162930727005,0.6374766826629639
2280,-15.5348,-21.8137,-37.3484,-19.5625,-20.2188,2.0,2.0,0.16422288119792938,0.1036585345864296,0.087828628718853,0.00951496884226799,0.0513392873108387,0.013254042714834213,0.01274875644594431,0.19958800077438354,0.6699315905570984
2285,-15.5918,-21.8625,-37.4543,-19.5312,-20.2344,2.0,2.0,0.0683453232049942,0.04528301954269409,0.0723801925778389,0.010075566358864307,0.0520833320915699,0.010805347934365273,0.010300062596797943,0.1954679787158966,0.6789489984512329
2290,-15.8324,-21.7,-37.5324,-19.6875,-20.1562,2.0,2.0,0.07443365454673767,0.10248447209596634,0.07979166507720947,0.009994888678193092,0.0625,0.012010261416435242,0.012515547685325146,0.18656715750694275,0.684429407119751
2295,-15.5746,-21.8254,-37.4,-19.1562,-20.4219,2.0,2.0,0.0451388880610466,0.056716419756412506,0.08084185421466827,0.010327121242880821,0.0621279776096344,0.011194029822945595,0.013020833022892475,0.19760571420192719,0.673701822757721
2300,-16.1355,-21.5625,-37.698,-19.6094,-20.1953,2.0,2.0,0.016835017129778862,0.03928571566939354,0.09964093565940857,0.008996501564979553,0.0509672611951828,0.01154384296387434,0.010883084498345852,0.17319652438163757,0.6998989582061768
2305,-15.9996,-21.6562,-37.6559,-19.5625,-20.2188,2.0,2.0,0.024096384644508362,0.13029316067695618,0.08090614527463913,0.008908062241971493,0.0502232126891613,0.009678171947598457,0.011932524852454662,0.18015392124652863,0.6937577724456787
2310,-14.0523,-22.6797,-36.732,-18.9062,-20.5469,2.0,2.0,0.026200873777270317,0.03913043439388275,0.05595429986715317,0.00514155114069581,0.0565476194024086,0.008900808170437813,0.00893967691808939,0.26535293459892273,0.6123290061950684
2315,-14.9738,-22.2746,-37.2484,-19.125,-20.4375,2.0,2.0,0.011173184029757977,0.010471204295754433,0.05815161019563675,0.003670376492664218,0.0494791679084301,0.006957400590181351,0.007423818577080965,0.22458022832870483,0.6565609574317932
2320,-15.323,-22.0988,-37.4219,-19.4844,-20.2578,2.0,2.0,0.006172839552164078,0.0,0.0599181242287159,0.003875520545989275,0.0546875,0.006296641658991575,0.008395522832870483,0.20887748897075653,0.6719527244567871
2325,-14.9859,-22.3125,-37.2984,-19.1875,-20.4062,2.0,2.0,0.006896551698446274,0.011976048350334167,0.04962693154811859,0.0018272914458066225,0.0520833320915699,0.005635883193463087,0.006490982603281736,0.22399720549583435,0.6593983173370361
2330,-15.7066,-21.8941,-37.6008,-19.6094,-20.1953,2.0,2.0,0.035353533923625946,0.04477611929178238,0.07017543911933899,0.0032801718916743994,0.0509672611951828,0.007695895619690418,0.0078125,0.19274720549583435,0.6872667670249939
2335,-14.8176,-22.402,-37.2195,-19.1719,-20.4141,2.0,2.0,0.01342281885445118,0.018987340852618217,0.03844856843352318,0.0026780932676047087,0.0643601194024086,0.0057913558557629585,0.006141168996691704,0.23048818111419678,0.6531016826629639
2340,-15.7785,-21.9977,-37.7762,-19.5,-20.25,2.0,2.0,0.010526316240429878,0.020618556067347527,0.030804216861724854,0.001388040604069829,0.0535714291036129,0.0036924751475453377,0.0037702114786952734,0.18800528347492218,0.700054407119751
2345,-15.3145,-22.2496,-37.5641,-19.4062,-20.2969,2.0,2.0,0.06666667014360428,0.03750000149011612,0.022098422050476074,0.0017714286223053932,0.0479910708963871,0.0029151118360459805,0.0031094527803361416,0.2093050330877304,0.680192768573761
2350,-15.3426,-22.2871,-37.6297,-19.4688,-20.2656,2.0,2.0,0.0,0.0,0.010881801135838032,0.0007369614322669804,0.0476190485060215,0.0010883084032684565,0.0016324627213180065,0.20716728270053864,0.6856343150138855
2355,-15.1031,-22.3957,-37.4988,-19.3281,-20.3359,2.0,2.0,0.0,0.0,0.013544823043048382,0.0007494523306377232,0.0479910708963871,0.001476990059018135,0.00174906721804291,0.2180892378091812,0.6742070913314819
2360,-15.473,-22.202,-37.675,-19.3438,-20.3281,2.0,2.0,0.0,0.0,0.013328182511031628,0.0011262529296800494,0.0535714291036129,0.0019822760950773954,0.002098880708217621,0.20122045278549194,0.6902207732200623
2365,-15.334,-22.1625,-37.4965,-19.25,-20.375,2.0,2.0,0.02158273383975029,0.006666666828095913,0.034218400716781616,0.003734988160431385,0.0621279776096344,0.005402673967182636,0.005830223672091961,0.20786692202091217,0.6764225959777832
2370,-14.7336,-22.4691,-37.2027,-19.1719,-20.4141,2.0,2.0,0.02142857201397419,0.029629629105329514,0.03522990271449089,0.002751360647380352,0.0528273805975914,0.005441542249172926,0.005247201304882765,0.23499688506126404,0.6498367786407471
2375,-15.4613,-22.1281,-37.5895,-19.5156,-20.2422,2.0,2.0,0.0,0.016129031777381897,0.032702237367630005,0.0036388447042554617,0.0491071417927742,0.003847947809845209,0.00481965159997344,0.20324160158634186,0.6836131811141968
2380,-15.1055,-22.1438,-37.2492,-19.2656,-20.3672,2.0,2.0,0.0936170220375061,0.06923077255487442,0.06073521450161934,0.0060896300710737705,0.0598958320915699,0.009134017862379551,0.010105721652507782,0.21886660158634186,0.657416045665741
2385,-15.2023,-22.3074,-37.5098,-19.5781,-20.2109,2.0,2.0,0.125,0.07594936341047287,0.02128046564757824,0.0009775171056389809,0.0502232126891613,0.0027985074557363987,0.003070584498345852,0.2136971354484558,0.675956130027771
2390,-15.3445,-22.2527,-37.5973,-19.375,-20.3125,2.0,2.0,0.01886792480945587,0.013333333656191826,0.019259536638855934,0.0008540195995010436,0.0505952388048172,0.002060012426227331,0.0029151118360459805,0.20786692202091217,0.6826803684234619
2395,-15.4609,-22.1617,-37.6227,-19.4375,-20.2812,2.0,2.0,0.03125,0.0476190485060215,0.02766570635139942,0.0014160294085741043,0.0505952388048172,0.0037313431967049837,0.003264925442636013,0.2023087739944458,0.6862173676490784
2400,-15.5719,-22.1086,-37.6805,-19.375,-20.3125,2.0,2.0,0.06849315017461777,0.019607843831181526,0.025656206533312798,0.0024160018656402826,0.0476190485060215,0.0028373757377266884,0.003964552190154791,0.1969449669122696,0.6917755007743835
2405,-14.7188,-22.5305,-37.2492,-18.8125,-20.5938,2.0,2.0,0.033707864582538605,0.02083333395421505,0.024357913061976433,0.0018430439522489905,0.0494791679084301,0.0034592661540955305,0.0037313431967049837,0.23456934094429016,0.6537624597549438
2410,-15.6102,-22.1281,-37.7383,-19.375,-20.3125,2.0,2.0,0.0,0.0,0.018890434876084328,0.0010616304352879524,0.0476190485060215,0.002060012426227331,0.002370957750827074,0.1954679787158966,0.6956234574317932
2415,-14.9797,-22.4422,-37.4219,-19.1719,-20.4141,2.0,2.0,0.0,0.0,0.016978517174720764,0.0010489510605111718,0.0476190485060215,0.0019434079295024276,0.0022543531376868486,0.22434701025485992,0.66697758436203
2420,-14.8281,-22.4254,-37.2535,-19.0625,-20.4688,2.0,2.0,0.05263157933950424,0.07299269735813141,0.038357093930244446,0.0017182130832225084,0.048363097012043,0.005169465206563473,0.005324937868863344,0.2290111929178238,0.6560167670249939
2425,-15.0,-22.3055,-37.3055,-19.3438,-20.3281,2.0,2.0,0.03773584961891174,0.07999999821186066,0.04339491203427315,0.0024716060142964125,0.056175597012043,0.0061800372786819935,0.005830223672091961,0.22302550077438354,0.66048663854599
2430,-15.0902,-22.1379,-37.2281,-19.2969,-20.3516,2.0,2.0,0.16877637803554535,0.15613383054733276,0.059515323489904404,0.004845763090997934,0.0636160746216774,0.009211753495037556,0.010455534793436527,0.21812811493873596,0.6577270030975342
2435,-15.7734,-21.6363,-37.4098,-19.5312,-20.2344,2.0,2.0,0.1639784872531891,0.25313282012939453,0.08254813402891159,0.009777420200407505,0.0770089253783226,0.014458955265581608,0.015508395619690418,0.18975435197353363,0.6758006811141968
2440,-15.491,-21.6211,-37.1121,-19.2188,-20.3906,2.0,2.0,0.3080260157585144,0.4611110985279083,0.07825751602649689,0.01044448371976614,0.0877976194024086,0.017918221652507782,0.02098880521953106,0.20164801180362701,0.6549673676490784
2445,-15.8234,-21.5855,-37.409,-19.3906,-20.3047,2.0,2.0,0.2331606149673462,0.40714284777641296,0.07916666567325592,0.007800848688930273,0.0777529776096344,0.015003109350800514,0.01632462628185749,0.18656715750694275,0.6776275038719177
2450,-15.209,-21.9836,-37.1926,-19.1094,-20.4453,2.0,2.0,0.24035608768463135,0.3682539761066437,0.06659368425607681,0.005500680301338434,0.065476194024086,0.013098569586873055,0.012243470177054405,0.21303637325763702,0.6571439504623413
2455,-14.8016,-22.141,-36.9426,-18.5469,-20.7266,2.0,2.0,0.15041783452033997,0.14814814925193787,0.07373889535665512,0.00801909901201725,0.0851934552192688,0.013953668996691704,0.014692164026200771,0.2319263070821762,0.6349502205848694
2460,-15.4656,-21.8559,-37.3215,-19.4688,-20.2656,2.0,2.0,0.19875776767730713,0.20668692886829376,0.08175378292798996,0.005009903106838465,0.068824402987957,0.012515547685325146,0.012787624262273312,0.20300839841365814,0.6672108173370361
2465,-15.2848,-22.0113,-37.2961,-19.3438,-20.3281,2.0,2.0,0.24354243278503418,0.14946618676185608,0.06395995616912842,0.005733005702495575,0.0625,0.010533271357417107,0.010921952314674854,0.20965485274791718,0.6644123196601868
2470,-15.3754,-21.823,-37.1984,-19.375,-20.3125,2.0,2.0,0.4010152220726013,0.27139365673065186,0.07424900680780411,0.007731350138783455,0.0632440447807312,0.015314054675400257,0.015897076576948166,0.2057291716337204,0.6585820913314819
2475,-14.6387,-22.3426,-36.9813,-19.0625,-20.4688,2.0,2.0,0.15037593245506287,0.06106870248913765,0.05812244862318039,0.007261854130774736,0.0647321417927742,0.010338930413126945,0.010183457285165787,0.23806747794151306,0.6369325518608093
2480,-14.7777,-22.2203,-36.998,-19.1719,-20.4141,2.0,2.0,0.18000000715255737,0.17378048598766327,0.06178184971213341,0.008289145305752754,0.0658482164144516,0.011660447344183922,0.01274875644594431,0.2334032952785492,0.63770991563797
2485,-15.4004,-21.9512,-37.3516,-19.375,-20.3125,2.0,2.0,0.19475655257701874,0.12925170361995697,0.06382575631141663,0.00843072310090065,0.056175597012043,0.010377798229455948,0.011427238583564758,0.20522387325763702,0.6684934496879578
2490,-14.0977,-22.6418,-36.7395,-19.1406,-20.4297,2.0,2.0,0.2151394486427307,0.14344261586666107,0.04559585452079773,0.005256491247564554,0.065476194024086,0.009755907580256462,0.009483831003308296,0.262554407119751,0.6137282252311707
2495,-15.6023,-21.8051,-37.4074,-19.4531,-20.2734,2.0,2.0,0.349056601524353,0.25999999046325684,0.06297029554843903,0.007022795267403126,0.0636160746216774,0.012360074557363987,0.011660447344183922,0.1962842047214508,0.6752176880836487
2500,-14.9711,-22.1277,-37.0988,-19.2031,-20.3984,2.0,2.0,0.415335476398468,0.14900662004947662,0.06293342262506485,0.00612355163320899,0.0550595223903656,0.012165733613073826,0.011738183908164501,0.2241915464401245,0.6474269032478333
2505,-15.1309,-22.1387,-37.2695,-19.1875,-20.4062,2.0,2.0,0.2530120611190796,0.1090909093618393,0.05071286857128143,0.005284791346639395,0.0651041641831398,0.009678171947598457,0.008550995029509068,0.21536846458911896,0.6619247794151306
2510,-14.684,-22.368,-37.052,-18.9375,-20.5312,2.0,2.0,0.3262711763381958,0.22173912823200226,0.04119666665792465,0.006076441612094641,0.053199402987957,0.009172885678708553,0.00893967691808939,0.23775653541088104,0.6396533250808716
2515,-14.4906,-22.3645,-36.8551,-19.0469,-20.4766,2.0,2.0,0.45512819290161133,0.375,0.045733146369457245,0.005167797673493624,0.061011902987957,0.012126865796744823,0.01181592047214508,0.2473181039094925,0.6242614984512329
2520,-14.0641,-22.3996,-36.4637,-18.8594,-20.5703,2.0,2.0,0.5859728455543518,0.46681922674179077,0.050366032868623734,0.006457504350692034,0.0714285746216774,0.01717972569167614,0.01698538474738598,0.2654695212841034,0.5958877205848694
2525,-14.3793,-21.8102,-36.1895,-18.9062,-20.5469,2.0,2.0,0.7456575632095337,0.5765379071235657,0.06287937611341476,0.009331568144261837,0.106398805975914,0.031327735632658005,0.027168843895196915,0.24972791969776154,0.5872978568077087
2530,-15.3293,-21.5648,-36.8941,-19.2031,-20.3984,2.0,2.0,0.6198347210884094,0.48852458596229553,0.06790123134851456,0.009223860688507557,0.0948660746216774,0.023515235632658005,0.023709576576948166,0.20778918266296387,0.6405084133148193
2535,-14.816,-21.9328,-36.7488,-19.0469,-20.4766,2.0,2.0,0.6810035705566406,0.46370968222618103,0.04374261200428009,0.007843137718737125,0.0959821417927742,0.0216884333640337,0.01927860639989376,0.2301383763551712,0.6244170069694519
2540,-15.05,-22.0719,-37.1219,-19.3281,-20.3359,2.0,2.0,0.6763753890991211,0.23642171919345856,0.04340216889977455,0.005028735846281052,0.0747767835855484,0.012010261416435242,0.012165733613073826,0.2220926582813263,0.6492537260055542
2545,-15.1898,-22.0324,-37.2223,-19.5469,-20.2266,2.0,2.0,0.6509090662002563,0.3097642958164215,0.04214697331190109,0.005675100721418858,0.0606398805975914,0.01068874355405569,0.01154384296387434,0.21579602360725403,0.6574937701225281
2550,-14.9016,-21.8543,-36.7559,-18.8594,-20.5703,2.0,2.0,0.6036697030067444,0.44569289684295654,0.054591838270425797,0.010820223018527031,0.09375,0.02118314616382122,0.020755596458911896,0.22854477167129517,0.6250388622283936
2555,-15.416,-21.259,-36.675,-19.4219,-20.2891,2.0,2.0,0.7424242496490479,0.6446078419685364,0.06512762606143951,0.010059612803161144,0.0997023805975914,0.030783582478761673,0.03171641752123833,0.20708955824375153,0.6259328126907349
2560,-14.9008,-21.5605,-36.4613,-18.9375,-20.5312,2.0,2.0,0.7458064556121826,0.5869017839431763,0.04901456832885742,0.00972115620970726,0.1242559552192688,0.030122824013233185,0.030861318111419678,0.22679570317268372,0.6077425479888916
2565,-16.359,-21.166,-37.525,-19.5312,-20.2344,2.0,2.0,0.5299806594848633,0.4341846704483032,0.06593143194913864,0.01081656664609909,0.1049107164144516,0.020094837993383408,0.01978389360010624,0.1621190905570984,0.6935245394706726
2570,-14.8836,-22.0297,-36.9133,-19.0781,-20.4609,2.0,2.0,0.5,0.45537757873535156,0.04010282829403877,0.007596177514642477,0.0933779776096344,0.017257463186979294,0.01698538474738598,0.22679570317268372,0.634483814239502
2575,-14.4395,-22.4117,-36.8512,-19.375,-20.3125,2.0,2.0,0.46206897497177124,0.24482758343219757,0.042466823011636734,0.005730302073061466,0.0699404776096344,0.011271766386926174,0.011271766386926174,0.2489505559206009,0.6240283250808716
2580,-14.6445,-22.2992,-36.9437,-19.2344,-20.3828,2.0,2.0,0.4752475321292877,0.17000000178813934,0.04152362421154976,0.005637255031615496,0.0866815447807312,0.011777052655816078,0.011660447344183922,0.23775653541088104,0.6343283653259277
2585,-15.3145,-22.0211,-37.3355,-19.2031,-20.3984,2.0,2.0,0.4416961073875427,0.19685038924217224,0.045657847076654434,0.005485207308083773,0.0606398805975914,0.010999688878655434,0.009872512891888618,0.2085665464401245,0.6660836338996887
2590,-14.6813,-22.0629,-36.7441,-18.9688,-20.5156,2.0,2.0,0.7014925479888916,0.2579185664653778,0.053886350244283676,0.006872852332890034,0.0978422611951828,0.01822916604578495,0.01717972569167614,0.2380286008119583,0.62208491563797
2595,-15.7523,-21.2449,-36.9973,-19.4531,-20.2734,2.0,2.0,0.7195122241973877,0.5698478817939758,0.06040816381573677,0.009903944097459316,0.1049107164144516,0.02549751289188862,0.02810167893767357,0.19045397639274597,0.6514692306518555
2600,-14.9207,-21.6051,-36.5258,-18.75,-20.625,2.0,2.0,0.7378223538398743,0.5349143743515015,0.047940582036972046,0.011878153309226036,0.123511902987957,0.027129974216222763,0.0295009333640337,0.23025497794151306,0.6086364984512329
2605,-15.4129,-21.3191,-36.732,-19.0312,-20.4844,2.0,2.0,0.7758620977401733,0.5083013772964478,0.05295354500412941,0.010570304468274117,0.1335565447807312,0.029306592419743538,0.030433768406510353,0.20331934094429016,0.6324626803398132
2610,-14.8988,-21.8727,-36.7715,-18.9688,-20.5156,2.0,2.0,0.6500920653343201,0.2641509473323822,0.05923643335700035,0.011844227090477943,0.0948660746216774,0.021105410531163216,0.020600125193595886,0.22702892124652863,0.6267879605293274
2615,-14.8391,-21.7578,-36.5969,-19.2969,-20.3516,2.0,2.0,0.704049825668335,0.2897473871707916,0.06229069083929062,0.01282295398414135,0.115699402987957,0.024953357875347137,0.026158271357417107,0.23212064802646637,0.61229008436203
2620,-14.4988,-21.7516,-36.2504,-18.7969,-20.6016,2.0,2.0,0.690773069858551,0.40283140540122986,0.06356269121170044,0.016679853200912476,0.1164434552192688,0.031172264367341995,0.03020055964589119,0.24459733068943024,0.5895522236824036
2625,-15.1945,-21.5262,-36.7207,-19.0625,-20.4688,2.0,2.0,0.6681614518165588,0.39886847138404846,0.06953521817922592,0.017207229509949684,0.0870535746216774,0.026002798229455948,0.027479788288474083,0.21408581733703613,0.6279540061950684
2630,-15.2059,-21.2902,-36.4961,-19.0938,-20.4531,2.0,2.0,0.7808219194412231,0.4475524425506592,0.0693589299917221,0.01590218022465706,0.1171875,0.03404850885272026,0.03334888070821762,0.21462997794151306,0.6134950518608093
2635,-15.2184,-21.3402,-36.5586,-19.1094,-20.4453,2.0,2.0,0.7777777910232544,0.41988304257392883,0.07036633789539337,0.0140045415610075,0.1171875,0.03183302283287048,0.033232275396585464,0.21431903541088104,0.6161380410194397
2640,-14.9133,-21.5613,-36.4746,-18.6875,-20.6562,2.0,2.0,0.7276315689086914,0.4582814574241638,0.055307455360889435,0.013861386105418205,0.127976194024086,0.0295398011803627,0.031211132183670998,0.22629041969776154,0.6084810495376587
2645,-15.2121,-21.273,-36.4852,-19.3125,-20.3438,2.0,2.0,0.757777750492096,0.36471861600875854,0.07810499519109726,0.014350117184221745,0.1372767835855484,0.034981343895196915,0.03591417893767357,0.2124922275543213,0.6121346354484558
2650,-16.2977,-20.5949,-36.8926,-19.3438,-20.3281,2.0,2.0,0.7037037014961243,0.508804440498352,0.1048065647482872,0.01528267003595829,0.1320684552192688,0.036730408668518066,0.041938744485378265,0.1657727062702179,0.6510805487632751
2655,-15.9633,-20.6848,-36.648,-19.1562,-20.4219,2.0,2.0,0.693359375,0.5234590768814087,0.09987085312604904,0.015476263128221035,0.1521577388048172,0.03980099409818649,0.04224969074130058,0.1805814653635025,0.6328902244567871
2660,-16.8301,-19.9414,-36.7715,-19.5312,-20.2344,2.0,2.0,0.7754415273666382,0.6150568127632141,0.1090124100446701,0.01882057636976242,0.1584821492433548,0.04621424153447151,0.05472636967897415,0.1440453976392746,0.6505363583564758
2665,-15.6219,-21.3113,-36.9332,-19.1406,-20.4297,2.0,2.0,0.5963020324707031,0.4254446029663086,0.07979458570480347,0.013496414758265018,0.1116071417927742,0.025225434452295303,0.028412625193595886,0.19678948819637299,0.6450948119163513
2670,-15.4703,-21.55,-37.0203,-19.3438,-20.3281,2.0,2.0,0.5432098507881165,0.2765217423439026,0.07995409518480301,0.011817636899650097,0.0989583358168602,0.02203824557363987,0.022349191829562187,0.2032027393579483,0.647932231426239
2675,-15.75,-21.1875,-36.9375,-19.4219,-20.2891,2.0,2.0,0.6591511964797974,0.37037035822868347,0.08776978403329849,0.013696991838514805,0.1171875,0.029306592419743538,0.027285447344183922,0.18909358978271484,0.6498367786407471
2680,-15.2656,-21.3277,-36.5934,-19.2656,-20.3672,2.0,2.0,0.6716417670249939,0.3596698045730591,0.08061844110488892,0.01322469487786293,0.1517857164144516,0.03125,0.0329601988196373,0.21117070317268372,0.6201415061950684
2685,-13.9793,-21.8977,-35.877,-18.5156,-20.7422,2.0,2.0,0.6699134111404419,0.39929741621017456,0.07253582775592804,0.013865779154002666,0.1380208283662796,0.03591417893767357,0.03319340944290161,0.2657804787158966,0.5606343150138855
2690,-13.1066,-22.1512,-35.2578,-17.5938,-21.2031,2.0,2.0,0.7086092829704285,0.48615384101867676,0.06751430034637451,0.01476070936769247,0.145461305975914,0.041083645075559616,0.03789645433425903,0.30569806694984436,0.5108442306518555
2695,-14.9031,-21.107,-36.0102,-18.5781,-20.7109,2.0,2.0,0.6985940337181091,0.4749104082584381,0.0936695858836174,0.020726080983877182,0.151413694024086,0.04423196613788605,0.0433768667280674,0.2265625,0.5813510417938232
2700,-14.1598,-21.8332,-35.993,-18.7969,-20.6016,2.0,2.0,0.7117437720298767,0.3023809492588043,0.07148153334856033,0.01943342015147209,0.1350446492433548,0.03276585787534714,0.03264925256371498,0.26208800077438354,0.5680192708969116
2705,-14.943,-21.5031,-36.4461,-18.9531,-20.5234,2.0,2.0,0.6716049313545227,0.324644535779953,0.07247123122215271,0.014971406199038029,0.1506696492433548,0.03148321062326431,0.03280472755432129,0.22632929682731628,0.6049051880836487
2710,-14.8004,-21.7484,-36.5488,-19.0469,-20.4766,2.0,2.0,0.625,0.3318648934364319,0.06160026788711548,0.01362623367458582,0.1294642835855484,0.026430347934365273,0.026469215750694275,0.23219838738441467,0.6104244589805603
2715,-15.327,-21.6621,-36.9891,-19.3281,-20.3359,2.0,2.0,0.6252427101135254,0.28647688031196594,0.0661587044596672,0.009226872585713863,0.1067708358168602,0.020017102360725403,0.02184390462934971,0.209149569272995,0.6445118188858032
2720,-15.0734,-20.5508,-35.6242,-18.9531,-20.5234,2.0,2.0,0.7876901626586914,0.5551282167434692,0.10131233930587769,0.018716391175985336,0.2008928507566452,0.05620335787534714,0.06063432991504669,0.22213153541088104,0.5565531849861145
2725,-14.8734,-21.4688,-36.3422,-18.8906,-20.5547,2.0,2.0,0.6302816867828369,0.35217902064323425,0.09359689056873322,0.015239948406815529,0.1380208283662796,0.03311567008495331,0.03299906849861145,0.2300606369972229,0.5993469953536987
2730,-14.5551,-21.9344,-36.4895,-19.2656,-20.3672,2.0,2.0,0.5835913419723511,0.2836538553237915,0.07864265143871307,0.00938786007463932,0.1056547611951828,0.025108831003308296,0.024253731593489647,0.24168221652507782,0.60447758436203
2735,-14.9977,-21.2355,-36.2332,-19.0156,-20.4922,2.0,2.0,0.7184959053993225,0.40120968222618103,0.11293954402208328,0.013275783509016037,0.122023805975914,0.0382462702691555,0.03855721279978752,0.22438588738441467,0.5943329930305481
2740,-14.1754,-22.0188,-36.1941,-18.7812,-20.6094,2.0,2.0,0.6041666865348816,0.20950965583324432,0.0804838016629219,0.01304347813129425,0.1276041716337204,0.02798507548868656,0.026158271357417107,0.26030007004737854,0.5810790061950684
2745,-14.6867,-21.4695,-36.1562,-18.9844,-20.5078,2.0,2.0,0.6620469093322754,0.30752915143966675,0.09037037193775177,0.017104215919971466,0.162202388048172,0.0364583320915699,0.03665267303586006,0.23612406849861145,0.5862873196601868
2750,-14.348,-21.6559,-36.0039,-18.9062,-20.5469,2.0,2.0,0.6965588927268982,0.3385826647281647,0.08993972837924957,0.015216358006000519,0.1302083283662796,0.0372745655477047,0.03455379232764244,0.25151586532592773,0.5721781849861145
2755,-15.2078,-20.6441,-35.852,-18.9688,-20.5156,2.0,2.0,0.7341587543487549,0.4754335284233093,0.11084862798452377,0.02144790254533291,0.1953125,0.053365983068943024,0.0537935309112072,0.21389147639274597,0.5744714140892029
2760,-14.2855,-20.8926,-35.1781,-17.9688,-21.0156,2.0,2.0,0.8242462873458862,0.5929847955703735,0.08142922818660736,0.016655514016747475,0.2027529776096344,0.06059546023607254,0.05872979015111923,0.25345927476882935,0.5227378606796265
2765,-15.9031,-19.7691,-35.6723,-19.0938,-20.4531,2.0,2.0,0.8562570214271545,0.61328125,0.09705445915460587,0.0184344295412302,0.2492559552192688,0.06895211338996887,0.06965173780918121,0.18341884016990662,0.5734996795654297
2770,-14.7457,-20.3883,-35.134,-18.5469,-20.7266,2.0,2.0,0.8034482598304749,0.5445146560668945,0.11268767714500427,0.021188324317336082,0.2358630895614624,0.0676305964589119,0.06766946613788605,0.23557990789413452,0.5246424078941345
2775,-15.1297,-20.7184,-35.848,-18.8594,-20.5703,2.0,2.0,0.7633181214332581,0.4913419783115387,0.1103583499789238,0.016767362132668495,0.1889880895614624,0.05107276141643524,0.0538712702691555,0.2180114984512329,0.5725668668746948
2780,-14.1098,-21.4164,-35.5262,-18.3438,-20.8281,2.0,2.0,0.7510040402412415,0.4852941036224365,0.08859818428754807,0.01416043657809496,0.1666666716337204,0.04839085787534714,0.04493159055709839,0.2614661157131195,0.540733814239502
2785,-14.3844,-21.0184,-35.4027,-18.7031,-20.6484,2.0,2.0,0.7549800872802734,0.4416086673736572,0.11830322444438934,0.01916978880763054,0.1692708283662796,0.05853544920682907,0.050256531685590744,0.2473958283662796,0.5393345952033997
2790,-13.9305,-20.3992,-34.3297,-17.7344,-21.1328,2.0,2.0,0.8180529475212097,0.6199299097061157,0.10690455138683319,0.021690351888537407,0.245163694024086,0.08224502205848694,0.07761971652507782,0.26795709133148193,0.4677005708217621
2795,-12.6199,-22.0406,-34.6605,-16.9688,-21.5156,2.0,2.0,0.7483540773391724,0.4690553843975067,0.08100023865699768,0.016794903203845024,0.1726190447807312,0.05313277244567871,0.04773009940981865,0.3248600661754608,0.4697994291782379
2800,-13.9102,-21.3891,-35.2992,-18.0938,-20.9531,2.0,2.0,0.800000011920929,0.3952922224998474,0.0982576385140419,0.010990642942488194,0.207961305975914,0.0520833320915699,0.04788557067513466,0.272154837846756,0.5233986377716064
2805,-13.5504,-20.727,-34.2773,-17.9844,-21.0078,1.9747,2.0,0.8495491147041321,0.4683038294315338,0.14195756614208221,0.01161909569054842,0.2254464328289032,0.08189520984888077,0.06805814802646637,0.2839319109916687,0.46163713932037354
2810,-14.7297,-16.0012,-30.7309,-14.4766,-20.5703,1.9898,2.0,0.9695776700973511,0.7297355532646179,0.1933404952287674,0.030907830223441124,0.4966517984867096,0.2171952724456787,0.18077580630779266,0.2171175330877304,0.2804337739944458
2815,-15.491,-15.0715,-30.5625,-15.5391,-20.25,2.0,2.0,0.9841184616088867,0.7693012952804565,0.2180655151605606,0.026817116886377335,0.5093005895614624,0.21781715750694275,0.21194806694984436,0.2005208283662796,0.2652363181114197
2820,-19.748,-8.4172,-28.1652,-19.2891,-9.7734,2.0,2.0,0.9960773587226868,0.8300788402557373,0.6469994783401489,0.13047808408737183,0.8292410969734192,0.2873522937297821,0.41402363777160645,0.07707556337118149,0.11707089841365814
2825,-18.082,-10.9195,-29.0016,-20.1562,-12.5625,2.0,1.9249,0.9968482851982117,0.8653802871704102,0.28289273381233215,0.026278408244252205,0.7101934552192688,0.25897854566574097,0.34444963932037354,0.12791511416435242,0.16417910158634186
2830,-17.3773,-10.8523,-28.2297,-21.2891,-10.1562,2.0,1.8466,0.9979164004325867,0.8853003978729248,0.23782990872859955,0.03655426576733589,0.7139136791229248,0.29846858978271484,0.32734763622283936,0.13254041969776154,0.13716574013233185
2835,-15.2156,-11.291,-26.5066,-18.7422,-9.3906,2.0,1.809,0.9957085847854614,0.8167760968208313,0.3013100326061249,0.045610591769218445,0.7440476417541504,0.3985152244567871,0.2664412260055542,0.15131373703479767,0.07925217598676682
2840,-13.7004,-12.491,-26.1914,-12.5938,-14.4453,2.0,1.6877,0.9867543578147888,0.7077642679214478,0.3606047034263611,0.04335397854447365,0.6964285969734192,0.43135884404182434,0.20775030553340912,0.17482897639274597,0.08158426731824875
2845,-17.273,-8.4254,-25.6984,-17.7734,-7.1562,2.0,1.5974,0.9931780099868774,0.8107762336730957,0.7924720048904419,0.15242880582809448,0.8526785969734192,0.4387049078941345,0.3339940905570984,0.0764148011803627,0.04640858247876167
2850,-20.384,-6.7645,-27.1484,-21.3516,-5.5312,2.0,1.4409,0.9986881613731384,0.8817987442016602,0.8037453293800354,0.2091185450553894,0.8567708134651184,0.3259095251560211,0.4537857472896576,0.05188899114727974,0.06393811851739883
2855,-22.032,-5.9398,-27.9719,-24.5312,-6.9297,2.0,1.2434,0.9980605840682983,0.8963190913200378,0.733594536781311,0.3222053647041321,0.8772321343421936,0.26053327322006226,0.5184623599052429,0.03968438878655434,0.07684235274791718
2860,-18.0992,-9.2539,-27.3531,-23.8516,-5.6406,2.0,1.0983,0.9904705882072449,0.8790186047554016,0.3839055001735687,0.1031578928232193,0.7715773582458496,0.3303793668746948,0.36753731966018677,0.10529384016990662,0.09231188148260117
2865,-15.0754,-14.0488,-29.1242,-19.8594,-10.2734,2.0,1.1326,0.9927700161933899,0.888020396232605,0.1384866088628769,0.0128038190305233,0.5598958134651184,0.2580457031726837,0.24366448819637299,0.21470771729946136,0.17910447716712952
2870,-20.1668,-7.0793,-27.2461,-27.0859,-2.4531,2.0,1.0312,0.9939905405044556,0.9293464422225952,0.4540199637413025,0.06377014517784119,0.8404017686843872,0.30398786067962646,0.46210354566574097,0.07396610826253891,0.055464863777160645
2875,-15.7766,-11.3703,-27.1469,-21.0703,-7.3359,2.0,0.9015,0.9920669198036194,0.8724341988563538,0.2629096210002899,0.02352018840610981,0.699032723903656,0.3576647937297821,0.2821439802646637,0.15656094253063202,0.09915267676115036
2880,-18.0328,-9.4348,-27.4676,-24.4531,-4.9297,2.0,0.774,0.9893458485603333,0.8888765573501587,0.42339831590652466,0.03739316388964653,0.7596726417541504,0.3392801582813263,0.3494247496128082,0.09767568111419678,0.10914178937673569
2885,-16.0309,-12.3313,-28.3621,-21.7734,-8.0391,2.0,0.6722,0.9860361218452454,0.8671550750732422,0.2372957170009613,0.021878335624933243,0.6335565447807312,0.29504820704460144,0.2811722755432129,0.17362406849861145,0.1456778645515442
2890,-15.807,-11.7828,-27.5898,-22.5078,-7.2969,2.0,0.6043,0.9882339835166931,0.8763764500617981,0.26074498891830444,0.015084294602274895,0.671875,0.3501632511615753,0.2647310197353363,0.14921486377716064,0.13141325116157532
2895,-13.2934,-18.0805,-31.3738,-19.1875,-14.0781,2.0,0.664,0.9696462750434875,0.8020460605621338,0.1232912689447403,0.007904061116278172,0.3489583432674408,0.16262437403202057,0.15197449922561646,0.29570895433425903,0.28521454334259033
2900,-12.9258,-22.9359,-35.8617,-18.6406,-20.6797,2.0,0.876,0.7930327653884888,0.18510158360004425,0.06029411777853966,0.0015054842224344611,0.063988097012043,0.018967662006616592,0.01721859537065029,0.31716418266296387,0.5421719551086426
2905,-13.4531,-22.6781,-36.1312,-18.4219,-20.7891,2.0,1.0739,0.817427396774292,0.15856236219406128,0.05925530567765236,0.0019188596634194255,0.0755208358168602,0.01873445324599743,0.01838463917374611,0.2912391126155853,0.5671641826629639
2910,-13.998,-22.3664,-36.3645,-18.7812,-20.6094,2.0,1.2836,0.7836257219314575,0.2594810426235199,0.061158955097198486,0.003953871317207813,0.0744047611951828,0.01993936486542225,0.019472947344183922,0.2662857472896576,0.5898243188858032
2915,-13.3414,-22.7961,-36.1375,-18.3906,-20.8047,1.9836,1.4976,0.7990430593490601,0.21014492213726044,0.05246712639927864,0.00302884285338223,0.0632440447807312,0.016246890649199486,0.016091417521238327,0.29854634404182434,0.5646377205848694
2920,-13.4086,-22.6781,-36.0867,-18.5156,-20.7422,1.9796,1.7059,0.7433808445930481,0.24897119402885437,0.0592661052942276,0.002277904422953725,0.079613097012043,0.0190842654556036,0.01888992451131344,0.29446518421173096,0.5630829930305481
2925,-14.5527,-22.1184,-36.6711,-19.0781,-20.4609,1.9781,1.9166,0.8012170195579529,0.3115789592266083,0.05332265794277191,0.004170089028775692,0.0814732164144516,0.019162002950906754,0.018462374806404114,0.24273166060447693,0.6151663661003113
2930,-13.6047,-22.6223,-36.227,-18.5781,-20.7109,1.9602,2.0,0.7946428656578064,0.269565224647522,0.053515784442424774,0.003660768736153841,0.067336305975914,0.017412934452295303,0.01787935383617878,0.2868858873844147,0.5733442306518555
2935,-13.6375,-22.4992,-36.1367,-18.7812,-20.6094,1.9573,2.0,0.7946902513504028,0.3733333349227905,0.05367657169699669,0.004574315622448921,0.0699404776096344,0.021960509940981865,0.020405784249305725,0.2838541567325592,0.5693019032478333
2940,-13.9336,-22.3816,-36.3152,-18.9062,-20.5469,1.939,2.0,0.7773512601852417,0.3519230782985687,0.05284435302019119,0.0036489085759967566,0.0859375,0.020250311121344566,0.020211443305015564,0.26920086145401,0.5858597755432129
2945,-13.8863,-22.4668,-36.3531,-18.875,-20.5625,1.9301,2.0,0.761904776096344,0.30176210403442383,0.05508112907409668,0.0043775285594165325,0.0658482164144516,0.01877332106232643,0.017646145075559616,0.27308768033981323,0.5860152244567871
2950,-13.9191,-22.3742,-36.2934,-19.0781,-20.4609,1.9272,2.0,0.7172675728797913,0.3864077627658844,0.05984251946210861,0.005528541747480631,0.0695684552192688,0.02048351988196373,0.020017102360725403,0.2714940905570984,0.583527684211731
2955,-13.3102,-22.6535,-35.9637,-18.625,-20.6875,1.9332,2.0,0.7184300422668457,0.3835616409778595,0.0522952526807785,0.0038528896402567625,0.087425597012043,0.022776741534471512,0.019861629232764244,0.29804104566574097,0.5548429489135742
2960,-13.634,-22.1652,-35.7992,-18.5781,-20.7109,1.9128,2.0,0.8022670149803162,0.4699999988079071,0.06382687389850616,0.007281724829226732,0.1052827388048172,0.030861318111419678,0.03109452687203884,0.2837764322757721,0.54979008436203
2965,-14.2902,-21.9918,-36.282,-19.0625,-20.4688,1.9112,2.0,0.8398133516311646,0.5301724076271057,0.058415092527866364,0.004908463917672634,0.0859375,0.02499222569167614,0.02705223858356476,0.2575015425682068,0.5859763622283936
2970,-12.5445,-22.8453,-35.3898,-17.7344,-21.1328,1.9078,2.0,0.7492877244949341,0.4502924084663391,0.05247271806001663,0.007131902035325766,0.0948660746216774,0.027285447344183922,0.02658582106232643,0.3348103165626526,0.5068408250808716
2975,-14.5094,-21.9273,-36.4367,-19.2031,-20.3984,1.8997,2.0,0.7767441868782043,0.4534161388874054,0.06399115175008774,0.004409285262227058,0.0959821417927742,0.025069963186979294,0.02503109537065029,0.24599657952785492,0.5994247794151306
2980,-14.1367,-21.6332,-35.7699,-18.7969,-20.6016,1.9028,2.0,0.8407959938049316,0.6325535774230957,0.061367012560367584,0.00581273203715682,0.1316964328289032,0.0390625,0.0398787297308445,0.26158270239830017,0.5549984574317932
2985,-13.55,-22.0871,-35.6371,-18.4688,-20.7656,1.9007,2.0,0.8296459913253784,0.5192307829856873,0.06129075959324837,0.006853762548416853,0.1164434552192688,0.035136815160512924,0.03435945138335228,0.287274569272995,0.5387515425682068
2990,-13.3773,-22.2719,-35.6492,-18.3125,-20.8438,1.8888,2.0,0.7971014380455017,0.5087282061576843,0.060578424483537674,0.005315275862812996,0.1101190447807312,0.032182835042476654,0.031172264367341995,0.2983520030975342,0.533815324306488
2995,-13.0234,-21.891,-34.9145,-17.9688,-21.0156,1.8693,2.0,0.8500000238418579,0.6296928524971008,0.06985802203416824,0.006582599598914385,0.1383928507566452,0.05052860826253891,0.045553483068943024,0.30935168266296387,0.4900886118412018
3000,-12.4867,-22.0094,-34.4961,-16.7969,-21.4844,1.8883,2.0,0.8584442734718323,0.5463108420372009,0.07755718380212784,0.011427597142755985,0.1439732164144516,0.055464863777160645,0.04951803386211395,0.33477145433425903,0.45576804876327515
3005,-14.0074,-19.5211,-33.5285,-18.3438,-19.1875,1.951,2.0,0.9521360993385315,0.7829728126525879,0.08161536604166031,0.011170011013746262,0.2648809552192688,0.09825870394706726,0.11139614135026932,0.27526429295539856,0.41060322523117065
3010,-15.8328,-14.4207,-30.2535,-20.3906,-12.2109,1.9752,2.0,0.9575405120849609,0.8649134039878845,0.17900748550891876,0.023361453786492348,0.5293898582458496,0.2206156700849533,0.2379508763551712,0.19737251102924347,0.2395833283662796
3015,-16.0715,-13.7945,-29.866,-19.9141,-11.9688,2.0,2.0,0.9724206924438477,0.8680018186569214,0.18194842338562012,0.025613276287913322,0.5453869104385376,0.23394745588302612,0.2561800479888916,0.18990983068943024,0.215485081076622
3020,-19.5699,-9.4379,-29.0078,-24.8438,-6.6797,2.0,1.9945,0.992851197719574,0.9431904554367065,0.20899280905723572,0.02945149876177311,0.7120535969734192,0.23379197716712952,0.40982586145401,0.10805348306894302,0.14385105669498444
3025,-17.9766,-12.5918,-30.5684,-22.9688,-10.0781,2.0,1.9278,0.9845105409622192,0.9324591755867004,0.14877493679523468,0.013809910975396633,0.5651041865348816,0.18819962441921234,0.3142102062702179,0.1538790464401245,0.23923352360725403
3030,-18.6688,-10.0578,-28.7266,-24.5625,-6.4688,2.0,1.8813,0.9773899912834167,0.9016966819763184,0.28346458077430725,0.06450704485177994,0.7042410969734192,0.25614115595817566,0.3779928386211395,0.12340640276670456,0.13798196613788605
3035,-19.9832,-8.609,-28.5922,-25.25,-5.1875,2.0,1.7472,0.9826058149337769,0.9229555726051331,0.27328741550445557,0.10871130228042603,0.7473958134651184,0.23686255514621735,0.4434468150138855,0.10723724961280823,0.10797574371099472
3040,-23.0336,-5.0664,-28.1,-27.375,-2.1328,2.0,1.5729,0.9828401207923889,0.9564837217330933,0.4816666543483734,0.20539253950119019,0.8761160969734192,0.22197605669498444,0.5778917670249939,0.04664178937673569,0.04901275038719177
3045,-23.0652,-5.1285,-28.1938,-28.1406,-1.6328,2.0,1.3379,0.9756487607955933,0.9276240468025208,0.6528268456459045,0.36599019169807434,0.8794642686843872,0.2186722606420517,0.5773087739944458,0.043998755514621735,0.05554259940981865
3050,-23.9578,-4.3535,-28.3113,-28.5469,-1.5469,2.0,1.1105,0.9806725978851318,0.9694593548774719,0.5624227523803711,0.16183574497699738,0.8898809552192688,0.20110385119915009,0.6146999597549438,0.03144434094429016,0.04827425256371498
3055,-23.1551,-5.3836,-28.5387,-27.7812,-2.75,2.0,0.8907,0.9854249358177185,0.9752717614173889,0.32815200090408325,0.0792974978685379,0.851934552192688,0.20534048974514008,0.572139322757721,0.04500932991504669,0.07303327322006226
3060,-20.6891,-9.0277,-29.7168,-25.5156,-6.3438,2.0,0.8349,0.9805194735527039,0.955064058303833,0.20843471586704254,0.0397460013628006,0.6953125,0.19154228270053864,0.442863792181015,0.09584888070821762,0.16526740789413452
3065,-19.0824,-10.0543,-29.1367,-24.4219,-7.0078,2.0,0.6527,0.9765863418579102,0.925362765789032,0.22972972691059113,0.06355714797973633,0.6841517686843872,0.2290889322757721,0.39109140634536743,0.12367848306894302,0.15166355669498444
3070,-13.048,-21.9555,-35.0035,-18.25,-20.4062,2.0,0.77,0.8203883767127991,0.3575221300125122,0.09818409383296967,0.013633856549859047,0.1294642835855484,0.04804104566574097,0.04392101988196373,0.3103622496128082,0.49319806694984436
3075,-12.3066,-22.8793,-35.1859,-16.8281,-21.5859,2.0,0.9844,0.7662500143051147,0.16436463594436646,0.07506824284791946,0.011002829298377037,0.0918898805975914,0.03109452687203884,0.02814054675400257,0.3417288661003113,0.4945584535598755
3080,-13.6121,-22.475,-36.0871,-18.7969,-20.6016,2.0,1.1816,0.7504425048828125,0.10215053707361221,0.07589589804410934,0.009191933088004589,0.0680803582072258,0.021960509940981865,0.0216884333640337,0.2852534055709839,0.5666200518608093
3085,-14.5148,-22.0066,-36.5215,-18.9531,-20.5234,2.0,1.3792,0.7553017735481262,0.12932604551315308,0.08191506564617157,0.008722981438040733,0.0740327388048172,0.023826181888580322,0.02133861929178238,0.24436411261558533,0.6059934496879578
3090,-13.7449,-22.4613,-36.2062,-18.4219,-20.7891,2.0,1.583,0.7114337682723999,0.1091269850730896,0.06997742503881454,0.007451164536178112,0.0784970223903656,0.021416354924440384,0.019589552655816078,0.27549752593040466,0.5790189504623413
3095,-13.8027,-22.6176,-36.4203,-18.9844,-20.5078,2.0,1.7888,0.6815789341926575,0.05994550511240959,0.05846971645951271,0.00574484933167696,0.0606398805975914,0.01476990059018135,0.014264614321291447,0.27786847949028015,0.5886194109916687
3100,-14.909,-21.9367,-36.8457,-19.2031,-20.3984,1.9943,2.0,0.7358490824699402,0.09716599434614182,0.07739515602588654,0.007899771444499493,0.0691964253783226,0.018540112301707268,0.019200870767235756,0.22800062596797943,0.6297807693481445
3105,-14.1641,-22.3789,-36.543,-18.875,-20.5625,2.0,2.0,0.6751739978790283,0.08177570253610611,0.06433796137571335,0.0071050249971449375,0.067336305975914,0.016752175986766815,0.016635572537779808,0.26037779450416565,0.6017568111419678
3110,-13.4801,-22.5504,-36.0305,-18.6406,-20.6797,2.0,2.0,0.7012302279472351,0.18821293115615845,0.061789486557245255,0.011197124607861042,0.0807291641831398,0.022115983068943024,0.020444652065634727,0.2906172275543213,0.5623445510864258
3115,-14.2176,-21.7797,-35.9973,-18.6094,-20.6953,1.9971,2.0,0.7983682751655579,0.2943143844604492,0.07875678688287735,0.017807191237807274,0.1090029776096344,0.03334888070821762,0.03486473858356476,0.25761815905570984,0.5696905851364136
3120,-13.677,-22.1766,-35.8535,-18.7188,-20.6406,1.9948,2.0,0.7800776362419128,0.22611036896705627,0.0778360441327095,0.013657375238835812,0.1037946417927742,0.03004508651793003,0.028879042714834213,0.2816386818885803,0.5549595952033997
3125,-13.9949,-21.8805,-35.8754,-18.8906,-20.5547,1.9938,2.0,0.8046875,0.2730538845062256,0.08571843802928925,0.016636628657579422,0.0982142835855484,0.03482586890459061,0.03245491161942482,0.26752954721450806,0.5607120394706726
3130,-13.2051,-22.2801,-35.4852,-18.1094,-20.9453,1.9858,2.0,0.8138478994369507,0.29976850748062134,0.06804467737674713,0.017103509977459908,0.110863097012043,0.03424284979701042,0.033582091331481934,0.3027440905570984,0.5249533653259277
3135,-13.1098,-22.3664,-35.4762,-18.3906,-20.8047,1.9609,2.0,0.7990430593490601,0.3361445665359497,0.06548069417476654,0.016954194754362106,0.1023065447807312,0.03249378129839897,0.03226057067513466,0.30806902050971985,0.5226989984512329
3140,-13.3586,-22.2074,-35.566,-18.3438,-20.8281,1.9561,2.0,0.8169013857841492,0.32418951392173767,0.06721915304660797,0.016480712220072746,0.103050597012043,0.03587530925869942,0.031172264367341995,0.2954757511615753,0.5329990386962891
3145,-13.2074,-22.4102,-35.6176,-17.9531,-21.0234,1.953,2.0,0.8100128173828125,0.30474933981895447,0.069556325674057,0.01315597165375948,0.0837053582072258,0.030278295278549194,0.029462065547704697,0.30398786067962646,0.5317941308021545
3150,-13.4348,-22.709,-36.1437,-18.6719,-20.6641,1.9341,2.0,0.7327394485473633,0.1346578299999237,0.0586991012096405,0.0063812267035245895,0.0669642835855484,0.017451804131269455,0.017607275396585464,0.29399874806404114,0.5664645433425903
3155,-13.9504,-22.2801,-36.2305,-18.8125,-20.5938,1.9291,2.0,0.8390804529190063,0.2867647111415863,0.05973801761865616,0.006492637097835541,0.0818452388048172,0.023670708760619164,0.021144278347492218,0.2700170874595642,0.580690324306488
3160,-13.8113,-22.502,-36.3133,-18.9219,-20.5391,1.9166,2.0,0.8067061305046082,0.20952381193637848,0.055079385638237,0.004534542560577393,0.0677083358168602,0.019706156104803085,0.01632462628185749,0.2766246795654297,0.582866907119751
3165,-13.9039,-22.1445,-36.0484,-18.625,-20.6875,1.912,2.0,0.8071428537368774,0.3407202363014221,0.06974417716264725,0.008617741987109184,0.0911458358168602,0.027207711711525917,0.028062811121344566,0.2719604969024658,0.5682913661003113
3170,-14.4832,-21.4969,-35.9801,-18.9531,-20.5234,1.9198,2.0,0.8735868334770203,0.5009940266609192,0.0704624131321907,0.01176630612462759,0.1138392835855484,0.03781871870160103,0.03910136967897415,0.24712376296520233,0.571478545665741
3175,-13.5695,-21.666,-35.2355,-18.0312,-20.9844,1.9156,2.0,0.8680781722068787,0.5593220591545105,0.06944632530212402,0.014647036790847778,0.1261160671710968,0.04773009940981865,0.04586442932486534,0.2871190905570984,0.5148087739944458
3180,-15.3766,-20.1016,-35.4781,-18.875,-20.5625,1.9431,2.0,0.936640739440918,0.7130534648895264,0.08379888534545898,0.011852994561195374,0.1763392835855484,0.0650264322757721,0.06759172677993774,0.20872201025485992,0.554182231426239
3185,-15.0508,-19.1887,-34.2395,-17.7188,-20.9062,2.0,2.0,0.9710448980331421,0.8328391313552856,0.07197943329811096,0.0100626852363348,0.2354910671710968,0.09262282401323318,0.10486629605293274,0.22679570317268372,0.47123757004737854
3190,-15.5637,-19.3301,-34.8937,-18.9688,-20.5156,2.0,2.0,0.9645222425460815,0.7948063015937805,0.08709055930376053,0.009561514481902122,0.2124255895614624,0.08216729015111923,0.09130130708217621,0.20172575116157532,0.5203280448913574
3195,-15.0867,-20.2148,-35.3016,-18.5156,-20.7422,2.0,2.0,0.9536112546920776,0.7341986298561096,0.07919391989707947,0.009131435304880142,0.168898805975914,0.06619247794151306,0.06887438148260117,0.2198771834373474,0.5405783653259277
3200,-15.2434,-19.7117,-34.9551,-18.5781,-20.7109,2.0,2.0,0.9535588026046753,0.746835470199585,0.08969980478286743,0.012347526848316193,0.198288694024086,0.07699782401323318,0.08290578424930573,0.2162235677242279,0.5193952322006226
3205,-13.8129,-21.1359,-34.9488,-17.8906,-21.0547,2.0,2.0,0.9207596778869629,0.6771860718727112,0.06968249380588531,0.0092434361577034,0.1555059552192688,0.05935167893767357,0.059118468314409256,0.27666357159614563,0.5003886818885803
3210,-15.6574,-19.7203,-35.3777,-18.7188,-20.6406,2.0,2.0,0.9606837630271912,0.7654802799224854,0.08006218075752258,0.009156729094684124,0.1912202388048172,0.06821361929178238,0.07971859723329544,0.20001554489135742,0.5475746393203735
3215,-14.7297,-20.1918,-34.9215,-18.2344,-20.8828,2.0,2.0,0.9470927119255066,0.7432072162628174,0.0806666687130928,0.009808359667658806,0.1789434552192688,0.07419931888580322,0.07295553386211395,0.23320895433425903,0.5151585936546326
3220,-16.5109,-19.1172,-35.6281,-19.0,-20.5,2.0,2.0,0.963835597038269,0.7855855822563171,0.10161827504634857,0.010545528493821621,0.1956845223903656,0.07093439251184464,0.08628731220960617,0.1633239984512329,0.5749766826629639
3225,-15.8426,-19.7121,-35.5547,-18.875,-20.5625,2.0,2.0,0.9368241429328918,0.7176656126976013,0.10377553105354309,0.011903123930096626,0.1785714328289032,0.06829135864973068,0.07392723858356476,0.1883939653635025,0.564909815788269
3230,-14.6531,-20.5746,-35.2277,-18.1719,-20.9141,2.0,2.0,0.9176980257034302,0.6646378636360168,0.08493641763925552,0.012456949800252914,0.1651785671710968,0.06281094253063202,0.06386038661003113,0.23841728270053864,0.5304337739944458
3235,-14.652,-20.4012,-35.0531,-18.4375,-20.7812,2.0,2.0,0.9001673460006714,0.7009889483451843,0.08652273565530777,0.014835246838629246,0.1711309552192688,0.06969060748815536,0.0668143630027771,0.237639918923378,0.5213775038719177
3240,-15.5063,-19.3348,-34.841,-18.625,-20.6875,2.0,2.0,0.9484200477600098,0.8026371598243713,0.08669201284646988,0.010770505294203758,0.2124255895614624,0.08364427834749222,0.09137903898954391,0.20444652438163757,0.5160525441169739
3245,-15.7793,-19.2832,-35.0625,-18.4844,-20.7578,2.0,2.0,0.9415650367736816,0.7896494269371033,0.0863095223903656,0.01547374576330185,0.209077388048172,0.076492540538311,0.09312810748815536,0.19589552283287048,0.5300062298774719
3250,-17.2039,-18.1086,-35.3125,-19.3281,-20.3359,2.0,2.0,0.9531742334365845,0.8131523728370667,0.10734463483095169,0.017702186480164528,0.2429315447807312,0.08632618188858032,0.11170709133148193,0.13759328424930573,0.5598958134651184
3255,-17.1727,-18.1055,-35.2781,-19.2969,-20.3516,2.0,2.0,0.9581395387649536,0.8338378667831421,0.10293319076299667,0.014120126143097878,0.2436755895614624,0.08356653898954391,0.115555040538311,0.14311255514621735,0.5532882213592529
3260,-16.125,-18.9809,-35.1059,-18.9219,-20.5391,2.0,2.0,0.9332706928253174,0.8082752823829651,0.09447799623012543,0.014889772050082684,0.2124255895614624,0.08271144330501556,0.09487717598676682,0.18019278347492218,0.5377410054206848
3265,-16.0176,-19.2742,-35.2918,-18.9219,-20.5391,2.0,2.0,0.9316675066947937,0.7581641674041748,0.097878597676754,0.01551380567252636,0.1994047611951828,0.07622046023607254,0.08807525038719177,0.1850513070821762,0.5461753606796265
3270,-16.4395,-18.652,-35.0914,-18.8594,-20.5703,2.0,2.0,0.9497392177581787,0.7903579473495483,0.10739476978778839,0.015581968240439892,0.2280505895614624,0.08197294920682907,0.10642102360725403,0.1708255559206009,0.5363028645515442
3275,-16.7816,-18.6438,-35.4254,-19.2188,-20.3906,2.0,2.0,0.9453313946723938,0.8178233504295349,0.10638833045959473,0.010787636041641235,0.2165178507566452,0.08034048229455948,0.09856965392827988,0.1545397937297821,0.5620724558830261
3280,-15.9488,-19.3906,-35.3395,-19.0,-20.5,2.0,2.0,0.9377308487892151,0.8151183724403381,0.07755016535520554,0.010871867649257183,0.198288694024086,0.0736551582813263,0.08535447716712952,0.1859452724456787,0.5505674481391907
3285,-16.5051,-19.0867,-35.5918,-19.3438,-20.3281,2.0,2.0,0.9373024106025696,0.8264840245246887,0.09683605283498764,0.01028416771441698,0.1949404776096344,0.07377176731824875,0.0851212665438652,0.16215795278549194,0.5744714140892029
3290,-15.082,-20.5254,-35.6074,-18.75,-20.625,2.0,2.0,0.892211377620697,0.7442010045051575,0.07793807238340378,0.009536405093967915,0.1525297611951828,0.05589241161942482,0.060323383659124374,0.22092661261558533,0.5583799481391907
3295,-15.9867,-19.7098,-35.6965,-18.9531,-20.5234,2.0,2.0,0.9209215641021729,0.7742946743965149,0.08958029001951218,0.011811825446784496,0.1800595223903656,0.062422264367341995,0.07439365983009338,0.18613961338996887,0.5725668668746948
3300,-16.082,-19.252,-35.334,-18.75,-20.625,2.0,2.0,0.9233502745628357,0.8061454892158508,0.09059534221887589,0.011321285739541054,0.2098214328289032,0.07657027244567871,0.0860152393579483,0.18019278347492218,0.5527440905570984
3305,-15.2824,-20.1199,-35.4023,-18.2656,-20.8672,2.0,2.0,0.9021608829498291,0.768539309501648,0.0787658765912056,0.011502414010465145,0.1793154776096344,0.06475435197353363,0.06918532401323318,0.21416355669498444,0.5474191308021545
3310,-15.7434,-19.6387,-35.382,-18.8125,-20.5938,2.0,2.0,0.9212812185287476,0.7908011674880981,0.08166103810071945,0.009050413966178894,0.2016369104385376,0.07159514725208282,0.07859142124652863,0.19562344253063202,0.5497123599052429
3315,-16.4254,-19.2051,-35.6305,-18.9531,-20.5234,2.0,2.0,0.9389228224754333,0.8103290796279907,0.08283340930938721,0.012298702262341976,0.1975446492433548,0.07000155746936798,0.0850435346364975,0.1684546023607254,0.5720226764678955
3320,-16.2551,-19.1555,-35.4105,-19.0625,-20.4688,2.0,2.0,0.9375991821289062,0.8210251927375793,0.08581513166427612,0.011108006350696087,0.206101194024086,0.07349968701601028,0.08947449922561646,0.1761893630027771,0.556358814239502
3325,-13.8934,-21.1367,-35.0301,-18.0312,-20.9844,2.0,2.0,0.9258489012718201,0.7126666903495789,0.06016421318054199,0.011202332563698292,0.1573660671710968,0.05608675256371498,0.05830223858356476,0.2745646834373474,0.5065687298774719
3330,-15.3973,-20.0719,-35.4691,-18.8906,-20.5547,2.0,2.0,0.9200000166893005,0.7218767404556274,0.09008003026247025,0.011882162652909756,0.171875,0.0651041641831398,0.06875777244567871,0.20883862674236298,0.5528218150138855
3335,-15.1668,-19.7254,-34.8922,-18.8594,-20.5703,2.0,2.0,0.9371515512466431,0.7781335711479187,0.07731416821479797,0.012901267036795616,0.2083333283662796,0.07668688148260117,0.0849657952785492,0.22170397639274597,0.5121657252311707
3340,-13.5109,-21.202,-34.7129,-17.8359,-21.0703,2.0,2.0,0.9211180210113525,0.6831169128417969,0.06460750102996826,0.013626161962747574,0.1599702388048172,0.0625777393579483,0.05985696613788605,0.2881685197353363,0.48491916060447693
3345,-14.8484,-20.2789,-35.1273,-18.6406,-20.6797,2.0,2.0,0.9401993155479431,0.7710496187210083,0.06656452268362045,0.010714810341596603,0.1770833283662796,0.07019589841365814,0.06739738583564758,0.22831156849861145,0.5296175479888916
3350,-15.0773,-20.6121,-35.6895,-18.8438,-20.5781,2.0,2.0,0.9155617356300354,0.6481099724769592,0.08472172915935516,0.011233631521463394,0.1443452388048172,0.05569807067513466,0.05655317008495331,0.21929416060447693,0.5639770030975342
3355,-13.3488,-22.057,-35.4059,-18.25,-20.875,2.0,2.0,0.8595988750457764,0.5621562004089355,0.06558885425329208,0.0073463935405015945,0.1056547611951828,0.040694963186979294,0.035331156104803085,0.29570895433425903,0.5237873196601868
3360,-14.6578,-21.1184,-35.7762,-18.8281,-20.5859,2.0,2.0,0.8877968788146973,0.6030795574188232,0.08145976066589355,0.008820286951959133,0.1343005895614624,0.04745802283287048,0.04543687775731087,0.23857276141643524,0.5640547275543213
3365,-13.8324,-21.9066,-35.7391,-18.3594,-20.8203,1.9958,2.0,0.8734739422798157,0.4923076927661896,0.07211875170469284,0.0070982398465275764,0.1067708358168602,0.03502020984888077,0.03537002578377724,0.27755752205848694,0.5475746393203735
3370,-14.0063,-21.116,-35.1223,-17.8359,-20.4375,1.9664,2.0,0.8703114986419678,0.581845223903656,0.09900263696908951,0.011048478074371815,0.135788694024086,0.06113961338996887,0.05223880708217621,0.26500311493873596,0.5171408653259277
3375,-13.6375,-21.7914,-35.4289,-17.8203,-20.7734,1.955,2.0,0.7815577387809753,0.451171875,0.10574018210172653,0.008371887728571892,0.104538694024086,0.04341573268175125,0.03980099409818649,0.283037930727005,0.5292677283287048
3380,-12.7492,-20.8938,-33.643,-16.1641,-21.0625,1.9411,2.0,0.8411045670509338,0.5316455960273743,0.14335918426513672,0.022632969543337822,0.1707589328289032,0.0858597606420517,0.07676461338996887,0.3207400441169739,0.41215795278549194
3385,-13.5434,-16.5504,-30.0938,-15.0625,-15.6953,1.9255,2.0,0.9461378455162048,0.6796006560325623,0.25959137082099915,0.04194187745451927,0.3895089328289032,0.22442474961280823,0.17129197716712952,0.2644200921058655,0.23538556694984436
3390,-13.9219,-14.2441,-28.166,-14.5781,-12.2578,1.9313,2.0,0.9751358032226562,0.6709007024765015,0.35653895139694214,0.04324999824166298,0.527529776096344,0.3220227062702179,0.20195895433425903,0.2160681039094925,0.15547263622283936
3395,-13.3242,-17.6484,-30.9727,-15.7422,-14.5,1.9138,2.0,0.9647602438926697,0.6104406118392944,0.2359907627105713,0.013315217569470406,0.3426339328289032,0.20184235274791718,0.13848724961280823,0.2691231369972229,0.2860696613788605
3400,-13.5934,-16.7621,-30.3555,-17.7422,-12.3516,1.9062,2.0,0.955289900302887,0.6423416137695312,0.2834233045578003,0.012617838568985462,0.376860111951828,0.23732897639274597,0.14540578424930573,0.2447916716337204,0.2679959535598755
3405,-13.3484,-16.3531,-29.7016,-17.4609,-9.2109,1.8834,2.0,0.9594765305519104,0.6752946376800537,0.2859034836292267,0.013094170019030571,0.3738839328289032,0.2465018630027771,0.16818252205848694,0.2641479969024658,0.21668998897075653
3410,-13.1645,-13.9801,-27.1445,-16.2109,-7.1406,1.865,2.0,0.9732115864753723,0.5590397715568542,0.4730819761753082,0.032198142260313034,0.5331101417541504,0.3830457031726837,0.17972636222839355,0.20720615983009338,0.12554416060447693
3415,-13.8469,-13.3008,-27.1477,-18.0234,-8.4375,1.8724,2.0,0.960620641708374,0.6050747036933899,0.526668131351471,0.04012611135840416,0.5851934552192688,0.39579445123672485,0.1899486929178238,0.17416821420192719,0.13561101257801056
3420,-14.3141,-12.4613,-26.7754,-18.9688,-5.7266,1.8848,2.0,0.9650925993919373,0.6750979423522949,0.539556622505188,0.056577086448669434,0.6067708134651184,0.40084731578826904,0.21820583939552307,0.16655005514621735,0.10991915315389633
3425,-14.393,-12.7758,-27.1688,-18.8438,-6.2344,1.8919,1.9687,0.9621805548667908,0.6426200866699219,0.5218825340270996,0.0724543109536171,0.6067708134651184,0.3771766126155853,0.22252021729946136,0.17673352360725403,0.11909203976392746
3430,-15.1566,-12.2563,-27.4129,-19.2266,-7.6953,1.9129,1.9374,0.9607211351394653,0.6819302439689636,0.5867418646812439,0.05941358208656311,0.6529017686843872,0.3859219551086426,0.2206934094429016,0.1377876251935959,0.1511193960905075
3435,-14.7086,-14.807,-29.5156,-17.875,-10.1406,1.927,1.9042,0.9393982291221619,0.5926074981689453,0.4181309938430786,0.052339278161525726,0.546875,0.2764303386211395,0.19348569214344025,0.1946517378091812,0.2309546023607254
3440,-13.4621,-17.1746,-30.6367,-17.4297,-11.9219,1.9397,1.9656,0.9414938688278198,0.5658352375030518,0.260677695274353,0.022416621446609497,0.4375,0.23052705824375153,0.13401740789413452,0.24661846458911896,0.2843594551086426
3445,-13.8078,-19.0543,-32.8621,-17.7188,-14.7891,1.937,2.0,0.9505538940429688,0.5378314852714539,0.1680365353822708,0.011073003523051739,0.3392857015132904,0.14385105669498444,0.09965796023607254,0.255363792181015,0.396649569272995
3450,-14.2203,-17.4617,-31.682,-19.6094,-11.8047,1.9415,2.0,0.9684684872627258,0.6862547397613525,0.16920684278011322,0.014625228941440582,0.4326636791229248,0.17257462441921234,0.15411224961280823,0.2499222606420517,0.3189132511615753
3455,-13.2965,-18.4035,-31.7,-18.2422,-13.5312,1.9378,2.0,0.9811758995056152,0.6546483635902405,0.1347566843032837,0.017140058800578117,0.3876488208770752,0.16724969446659088,0.1304415464401245,0.2803560197353363,0.3174751102924347
3460,-15.8219,-13.4957,-29.3176,-22.5391,-6.3203,1.9797,2.0,0.9899850487709045,0.8071790337562561,0.23020218312740326,0.046035803854465485,0.5885416865348816,0.2600279748439789,0.25338152050971985,0.18454602360725403,0.19756685197353363
3465,-13.8668,-18.041,-31.9078,-19.1406,-12.6719,1.9972,2.0,0.9859386086463928,0.6044431328773499,0.16487133502960205,0.03525455296039581,0.370907723903656,0.165850430727005,0.13471704721450806,0.25979477167129517,0.33516013622283936
3470,-14.3711,-17.902,-32.273,-20.125,-12.8359,2.0,2.0,0.9713024497032166,0.6470440030097961,0.17324495315551758,0.03044416755437851,0.3727678656578064,0.14085820317268372,0.15450093150138855,0.25800684094429016,0.34215641021728516
3475,-14.2738,-15.1645,-29.4383,-18.6719,-8.4297,2.0,2.0,0.9850187301635742,0.6233062148094177,0.2636224627494812,0.07328560948371887,0.5691964030265808,0.2594449520111084,0.20079290866851807,0.22897233068943024,0.20631219446659088
3480,-14.3914,-16.8313,-31.2227,-18.8125,-11.0078,2.0,2.0,0.9774375557899475,0.6177704930305481,0.2032226175069809,0.04295354336500168,0.4665178656578064,0.1929415464401245,0.1666666716337204,0.23639614880084991,0.29951804876327515
3485,-16.5625,-13.2508,-29.8133,-23.8438,-5.3281,2.0,2.0,0.9821310639381409,0.7597941160202026,0.3090223968029022,0.0668366402387619,0.5837053656578064,0.23491916060447693,0.27184391021728516,0.17533425986766815,0.21342505514621735
3490,-13.6523,-18.5555,-32.2078,-17.7031,-14.9609,2.0,2.0,0.9759472012519836,0.5077868700027466,0.1744280308485031,0.017660951241850853,0.3493303656578064,0.18260261416435242,0.09483830630779266,0.23954446613788605,0.37853699922561646
3495,-14.3781,-14.8938,-29.2719,-21.0391,-7.7734,2.0,2.0,0.9603844881057739,0.728004515171051,0.24314473569393158,0.054240632802248,0.550967276096344,0.2668687701225281,0.20763370394706726,0.2239583283662796,0.19706156849861145
3500,-13.8941,-20.1391,-34.0332,-18.7109,-16.7656,2.0,2.0,0.9523190259933472,0.5282074809074402,0.13039760291576385,0.022660184651613235,0.2109375,0.08966884016990662,0.08543221652507782,0.27273786067962646,0.4476834535598755
3505,-14.2016,-19.2277,-33.4293,-18.5234,-15.7344,2.0,2.0,0.941897988319397,0.595943808555603,0.16564898192882538,0.018924575299024582,0.253720223903656,0.12041355669498444,0.09965796023607254,0.24825093150138855,0.42719992995262146
3510,-14.9949,-17.2004,-32.1953,-21.1328,-11.4062,2.0,2.0,0.9488809108734131,0.6976180076599121,0.17814992368221283,0.05535569041967392,0.3668154776096344,0.14066386222839355,0.17622824013233185,0.24370336532592773,0.33492693305015564
3515,-12.9793,-18.9723,-31.9516,-17.5234,-14.0781,2.0,2.0,0.9515970349311829,0.5003420114517212,0.1553025245666504,0.0563993863761425,0.3292410671710968,0.1581934094429016,0.11365050077438354,0.29357120394706726,0.33010727167129517
3520,-14.1352,-18.2074,-32.3426,-19.5156,-13.1406,2.0,2.0,0.9680672287940979,0.6549865007400513,0.1461583822965622,0.04751282557845116,0.329985111951828,0.1387593299150467,0.1442008763551712,0.2640702724456787,0.348491907119751
3525,-14.5203,-18.2563,-32.7766,-19.4609,-13.8594,2.0,2.0,0.9769737124443054,0.6399433612823486,0.12564222514629364,0.060145746916532516,0.3203125,0.1299751251935959,0.1372046023607254,0.24965018033981323,0.37869247794151306
3530,-13.8699,-21.3582,-35.2281,-18.6875,-18.875,2.0,2.0,0.9626497626304626,0.41993463039398193,0.08335728943347931,0.016072625294327736,0.135788694024086,0.05515391752123833,0.04757462814450264,0.2704446613788605,0.5223491787910461
3535,-13.6133,-22.4305,-36.0438,-18.5469,-20.7266,2.0,2.0,0.8836833834648132,0.17815126478672028,0.057443033903837204,0.010277988389134407,0.0770089253783226,0.024059390649199486,0.02312655560672283,0.28486475348472595,0.5634716749191284
3540,-13.9598,-21.6063,-35.566,-18.5,-18.875,2.0,2.0,0.9358333349227905,0.43693238496780396,0.07977952063083649,0.009602293372154236,0.1119791641831398,0.04664178937673569,0.03851834684610367,0.26795709133148193,0.5424051880836487
3545,-14.5527,-22.191,-36.7438,-18.8281,-20.3984,2.0,2.0,0.8376963138580322,0.3135964870452881,0.05154150351881981,0.0039050199557095766,0.0691964253783226,0.01484763715416193,0.01772388070821762,0.2458411008119583,0.6171097755432129
3550,-13.6859,-22.5617,-36.2477,-18.3281,-20.6953,2.0,2.0,0.9118329286575317,0.3567362427711487,0.04083869978785515,0.004328711424022913,0.0747767835855484,0.016752175986766815,0.02048351988196373,0.2836209535598755,0.5746657252311707
3555,-13.9777,-22.6098,-36.5875,-18.9219,-20.5391,2.0,2.0,0.8708708882331848,0.33876222372055054,0.033435091376304626,0.0016751497751101851,0.0606398805975914,0.01294309739023447,0.011932524852454662,0.26737406849861145,0.6032726764678955
3560,-13.777,-22.7875,-36.5645,-18.9219,-20.5391,2.0,2.0,0.9306122660636902,0.40942028164863586,0.024672428146004677,0.0008471814799122512,0.0558035708963871,0.009522698819637299,0.010727612301707268,0.27884018421173096,0.5964319109916687
3565,-13.9008,-22.602,-36.5027,-18.5703,-20.6562,1.993,2.0,0.8727810382843018,0.4031830132007599,0.03824200853705406,0.0013057386968284845,0.0584077388048172,0.013137437403202057,0.014653296209871769,0.2723880708217621,0.5953435897827148
3570,-13.4895,-22.3078,-35.7973,-18.1406,-20.3906,1.987,2.0,0.8725212216377258,0.4693094491958618,0.06311323493719101,0.002783725969493389,0.0918898805975914,0.02744092047214508,0.03039490059018135,0.2931436598300934,0.5445429086685181
3575,-13.757,-21.5898,-35.3469,-19.0312,-18.6797,1.9897,2.0,0.9213602542877197,0.6916608214378357,0.06654120236635208,0.005440942943096161,0.1194196417927742,0.03657493740320206,0.055464863777160645,0.2891402244567871,0.5143423676490784
3580,-13.2102,-21.1965,-34.4066,-17.9844,-17.4922,1.9809,2.0,0.9610609412193298,0.7346177697181702,0.06627906858921051,0.004194982815533876,0.1607142835855484,0.06887438148260117,0.06253886967897415,0.30083954334259033,0.46326959133148193
3585,-13.2164,-22.4156,-35.632,-18.1562,-20.3594,1.9647,2.0,0.9110512137413025,0.48114433884620667,0.06218079850077629,0.0021902606822550297,0.0859375,0.02884017489850521,0.02988961525261402,0.30441543459892273,0.5323771834373474
3590,-13.134,-21.6266,-34.7605,-16.7422,-19.8828,1.9521,2.0,0.9442508816719055,0.5127643942832947,0.09228422492742538,0.006387968081980944,0.1294642835855484,0.05577581003308296,0.05328824743628502,0.30577582120895386,0.48068252205848694
3595,-13.7328,-21.7227,-35.4555,-18.3125,-19.2734,1.9393,2.0,0.9491046071052551,0.5267778635025024,0.07717705518007278,0.004347505513578653,0.1149553582072258,0.041239116340875626,0.0442708320915699,0.282532662153244,0.5274797677993774
3600,-14.402,-21.9828,-36.3848,-19.0156,-20.4922,1.9244,2.0,0.9466248154640198,0.2952815890312195,0.06865763664245605,0.0027540982700884342,0.0877976194024086,0.024759016931056976,0.02553638070821762,0.25248757004737854,0.5927394032478333
3605,-14.4602,-22.0551,-36.5152,-19.2188,-20.3906,1.9082,2.0,0.9420289993286133,0.2655971348285675,0.06345256417989731,0.004775117617100477,0.073288694024086,0.021455224603414536,0.021805036813020706,0.2499222606420517,0.6023398637771606
3610,-13.9344,-22.5863,-36.5207,-18.6094,-20.6953,1.896,2.0,0.8952096104621887,0.08179419487714767,0.047975797206163406,0.0033796958159655333,0.0651041641831398,0.012981965206563473,0.014731032773852348,0.2697838842868805,0.5980255007743835
3615,-14.216,-22.3664,-36.5824,-18.9219,-20.5391,1.9036,2.0,0.8729411959648132,0.1163366362452507,0.055079005658626556,0.0033406142611056566,0.0703125,0.01651896722614765,0.015702735632658005,0.25827890634536743,0.6050217747688293
3620,-13.0887,-22.8645,-35.9531,-18.0703,-20.9531,1.9056,2.0,0.8685969114303589,0.1181434616446495,0.05561847239732742,0.0034580097999423742,0.0744047611951828,0.017451804131269455,0.01842350699007511,0.30888524651527405,0.5507618188858032
3625,-13.9906,-22.4516,-36.4422,-18.8281,-20.5859,1.8811,2.0,0.8568329811096191,0.09389671683311462,0.060235705226659775,0.0027486910112202168,0.067336305975914,0.017918221652507782,0.016557835042476654,0.26714086532592773,0.5939054489135742
3630,-14.2488,-22.4297,-36.6785,-18.875,-20.5625,1.8852,2.0,0.8416886329650879,0.06306306272745132,0.053628239780664444,0.0016532078152522445,0.0628720223903656,0.014731032773852348,0.01294309739023447,0.2565687298774719,0.6112795472145081
3635,-14.418,-22.4289,-36.8469,-19.2344,-20.3828,1.8887,2.0,0.7743055820465088,0.051369864493608475,0.05299251899123192,0.0010595861822366714,0.056175597012043,0.011194029822945595,0.011349502950906754,0.24937811493873596,0.6236007213592529
3640,-13.8375,-22.8234,-36.6609,-18.7188,-20.6406,1.8962,2.0,0.6801801919937134,0.02985074557363987,0.0355222187936306,0.0010288727935403585,0.0535714291036129,0.008628731593489647,0.0078125,0.2746424078941345,0.6044387221336365
3645,-14.8133,-22.332,-37.1453,-19.2188,-20.3906,1.9017,2.0,0.7236841917037964,0.014925372786819935,0.04099462181329727,0.0012605799129232764,0.0524553582072258,0.00886194035410881,0.0078125,0.23134328424930573,0.6475046873092651
3650,-15.252,-22.1297,-37.3816,-19.2656,-20.3672,1.9132,2.0,0.692307710647583,0.009950248524546623,0.04673413187265396,0.0007554186740890145,0.0524553582072258,0.0075792912393808365,0.0078125,0.21124844253063202,0.6688821315765381
3655,-13.2242,-23.0598,-36.284,-17.5938,-21.2031,1.9257,2.0,0.7445255517959595,0.023622047156095505,0.03945682942867279,0.0011559907579794526,0.0569196417927742,0.010649875737726688,0.009872512891888618,0.303404837846756,0.5715951323509216
3660,-13.4969,-22.45,-35.9469,-18.2109,-20.8828,1.9174,2.0,0.8464000225067139,0.12559618055820465,0.07864868640899658,0.00545568997040391,0.0822172611951828,0.02429259940981865,0.024448072537779808,0.2910836338996887,0.5556980967521667
3665,-13.2891,-22.3172,-35.6063,-17.6562,-20.7734,1.8912,2.0,0.9186440706253052,0.27609890699386597,0.0700819119811058,0.0064793243072927,0.0959821417927742,0.03439832106232643,0.02829601988196373,0.29893502593040466,0.5338930487632751
3670,-14.0586,-22.1691,-36.2277,-18.9219,-20.5391,1.8853,2.0,0.930708646774292,0.1825525015592575,0.07081199437379837,0.005283927544951439,0.0851934552192688,0.02468128129839897,0.024059390649199486,0.26566386222839355,0.5811178684234619
3675,-13.8586,-22.4766,-36.3352,-18.4062,-20.7969,1.8793,2.0,0.8925233483314514,0.12450592964887619,0.06368257850408554,0.003727369476109743,0.0706845223903656,0.016635572537779808,0.019667288288474083,0.27526429295539856,0.5839552283287048
3680,-13.468,-21.773,-35.241,-17.7344,-20.9688,1.8593,2.0,0.9498725533485413,0.3796460032463074,0.09164348989725113,0.010013654828071594,0.1134672611951828,0.045747824013233185,0.04392101988196373,0.29349347949028015,0.5123600959777832
3685,-13.7906,-22.5141,-36.3047,-18.625,-20.6875,1.8491,2.0,0.9474790096282959,0.23399558663368225,0.05156512185931206,0.0024740889202803373,0.0643601194024086,0.018501244485378265,0.017607275396585464,0.2781405448913574,0.5812733173370361
3690,-13.0395,-22.7168,-35.7562,-18.0781,-20.9609,1.8321,2.0,0.9269841313362122,0.2993079721927643,0.054185960441827774,0.003540206700563431,0.0714285746216774,0.02448694035410881,0.022465795278549194,0.31059545278549194,0.5379741787910461
3695,-13.618,-22.7504,-36.3684,-18.625,-20.6875,1.8295,2.0,0.9067055583000183,0.2603878080844879,0.03981519117951393,0.0012018427951261401,0.061011902987957,0.013331778347492218,0.014031405560672283,0.28603076934814453,0.5821284055709839
3700,-14.2926,-22.4418,-36.7344,-19.25,-20.375,1.8419,2.0,0.9205882549285889,0.2874999940395355,0.03634411841630936,0.0017025033012032509,0.0602678582072258,0.013215173967182636,0.012437811121344566,0.25345927476882935,0.6164101362228394
3705,-12.7703,-22.9445,-35.7148,-18.0781,-20.9609,1.8246,2.0,0.8717948794364929,0.3229813575744629,0.04288829490542412,0.003790640039369464,0.0744047611951828,0.02273787371814251,0.01877332106232643,0.3208177983760834,0.5331934094429016
3710,-13.2164,-22.6031,-35.8195,-18.5938,-20.7031,1.8112,2.0,0.9198113083839417,0.5,0.04332222416996956,0.0031415107659995556,0.0777529776096344,0.024720149114727974,0.023165423423051834,0.30324938893318176,0.5443874597549438
3715,-13.5793,-22.3777,-35.957,-18.7344,-20.6328,1.8073,2.0,0.878654956817627,0.433993399143219,0.056475698947906494,0.003754171309992671,0.0799851194024086,0.02658582106232643,0.023554105311632156,0.2863028645515442,0.5590795874595642
3720,-14.0766,-21.8566,-35.9332,-18.6406,-20.6797,1.7953,2.0,0.9449438452720642,0.5838287472724915,0.05274074152112007,0.005563568789511919,0.0911458358168602,0.03459266200661659,0.03268812224268913,0.2623600661754608,0.5658815503120422
3725,-13.818,-21.3414,-35.1594,-17.9219,-21.0391,1.7981,2.0,0.937816321849823,0.7174077033996582,0.060670044273138046,0.005443822592496872,0.134672611951828,0.053754664957523346,0.05157804861664772,0.2761194109916687,0.5140702724456787
3730,-14.4078,-21.2633,-35.6711,-18.4844,-20.7578,1.7966,2.0,0.9573770761489868,0.6770921349525452,0.05207359045743942,0.004359136801213026,0.1409970223903656,0.04741915315389633,0.0459810309112072,0.24930037558078766,0.5528218150138855
3735,-14.457,-21.3441,-35.8012,-18.9375,-20.5312,1.7737,2.0,0.9371633529663086,0.6627272963523865,0.06567398458719254,0.003322719130665064,0.1205357164144516,0.04329913109540939,0.04275497421622276,0.24797885119915009,0.5614894032478333
3740,-12.3738,-22.5457,-34.9195,-17.7344,-21.1328,1.7824,2.0,0.8920726180076599,0.5281767845153809,0.05624142661690712,0.005834683775901794,0.1171875,0.040694963186979294,0.035175684839487076,0.3400186598300934,0.479633092880249
3745,-14.2328,-21.4246,-35.6574,-18.75,-20.625,1.7549,2.0,0.9554196000099182,0.6180679798126221,0.061990950256586075,0.00537178386002779,0.1290922611951828,0.04446517303586006,0.0434546023607254,0.25769588351249695,0.5499067306518555
3750,-13.7352,-20.8191,-34.5543,-17.8438,-21.0781,1.7464,2.0,0.9582887887954712,0.7108362913131714,0.07389716058969498,0.006313744466751814,0.1759672611951828,0.07268346101045609,0.0659981369972229,0.27666357159614563,0.48017725348472595
3755,-14.0664,-20.2492,-34.3156,-17.6406,-21.1797,1.7366,2.0,0.972792387008667,0.7471482753753662,0.07540500909090042,0.008795950561761856,0.200148805975914,0.08142879605293274,0.08177860826253891,0.2639147937297821,0.46840018033981323
3760,-13.5762,-18.8648,-32.441,-13.8516,-21.8203,1.7274,2.0,0.9591484665870667,0.7168114185333252,0.12957900762557983,0.020390070974826813,0.2864583432674408,0.13510571420192719,0.12531094253063202,0.2843594551086426,0.3507462739944458
3765,-14.9488,-17.8855,-32.8344,-17.3438,-21.3281,1.7369,2.0,0.9912577271461487,0.8109232187271118,0.09993190318346024,0.014680914580821991,0.3247767984867096,0.13782648742198944,0.14019745588302612,0.22831156849861145,0.38918688893318176
3770,-12.6621,-19.4543,-32.1164,-14.3359,-21.7422,1.765,2.0,0.9828913807868958,0.704912543296814,0.10405536741018295,0.017057057470083237,0.2901785671710968,0.1363106369972229,0.11551617085933685,0.32011815905570984,0.3235774338245392
3775,-13.527,-17.502,-31.0289,-12.6719,-23.2891,1.7375,2.0,0.9854479432106018,0.7703468799591064,0.13027793169021606,0.024603527039289474,0.3876488208770752,0.17094215750694275,0.17144745588302612,0.29088929295539856,0.26224347949028015
3780,-13.8145,-17.0324,-30.8469,-12.6797,-21.3984,1.7433,2.0,0.9764658808708191,0.7105755805969238,0.18453682959079742,0.03189792484045029,0.3917410671710968,0.19488495588302612,0.16612251102924347,0.2664412260055542,0.268073707818985
3785,-12.882,-17.9105,-30.7926,-13.4766,-20.0859,1.7151,2.0,0.9886406660079956,0.6648920178413391,0.15379385650157928,0.023351844400167465,0.373139888048172,0.20530161261558533,0.13141325116157532,0.28583642840385437,0.27297109365463257
3790,-12.8195,-19.9551,-32.7746,-14.8359,-22.1016,1.675,2.0,0.9831113815307617,0.6504389643669128,0.10399211198091507,0.01509797666221857,0.2566964328289032,0.11967506259679794,0.09740360826253891,0.31545397639274597,0.36298975348472595
3795,-13.5605,-20.1547,-33.7152,-16.3438,-21.8281,1.6568,2.0,0.9896124601364136,0.629112184047699,0.10659205913543701,0.012373760342597961,0.2116815447807312,0.09728699922561646,0.08624844253063202,0.28478699922561646,0.42719992995262146
3800,-14.3672,-18.259,-32.6262,-16.6094,-19.5625,1.6265,2.0,0.991148054599762,0.7135003209114075,0.13778340816497803,0.020347343757748604,0.300595223903656,0.14490050077438354,0.12725435197353363,0.24514147639274597,0.37822607159614563
3805,-12.6777,-20.1613,-32.8391,-16.5,-21.75,1.6032,2.0,0.9909487366676331,0.6199832558631897,0.10607545077800751,0.013998526148498058,0.2466517835855484,0.11594372242689133,0.09297263622283936,0.3173196613788605,0.3692863881587982
3810,-14.484,-17.4277,-31.9117,-15.5,-22.25,1.5817,2.0,0.9952117204666138,0.7545968890190125,0.13047444820404053,0.031863339245319366,0.3549107015132904,0.15422885119915009,0.1648787260055542,0.2555970251560211,0.3208177983760834
3815,-14.4359,-17.4582,-31.8941,-14.5391,-22.0625,1.5604,2.0,0.9893912672996521,0.7451911568641663,0.14574532210826874,0.030211113393306732,0.3511904776096344,0.1538790464401245,0.16367381811141968,0.25761815905570984,0.32035136222839355
3820,-15.1348,-16.0242,-31.159,-14.6328,-21.9453,1.5545,2.0,0.9917303919792175,0.7889597415924072,0.1597043126821518,0.036102063953876495,0.4144345223903656,0.18800528347492218,0.19504041969776154,0.22609607875347137,0.2863805890083313
3825,-14.5492,-15.8887,-30.4379,-13.7734,-20.1016,1.5451,2.0,0.9903647899627686,0.698113203048706,0.22560137510299683,0.041249439120292664,0.4308035671710968,0.2259017378091812,0.1833411008119583,0.22621268033981323,0.2600668668746948
3830,-12.0027,-17.8926,-29.8953,-11.125,-23.125,1.5399,2.0,0.9940329790115356,0.5866376757621765,0.1809455305337906,0.03942921385169029,0.3746279776096344,0.22147077322006226,0.14311255514621735,0.32392725348472595,0.20701181888580322
3835,-13.7078,-18.8125,-32.5203,-15.7812,-22.1094,1.5077,2.0,0.9922658205032349,0.6516818404197693,0.14476428925991058,0.020377028733491898,0.2823660671710968,0.13568873703479767,0.12363961338996887,0.27950093150138855,0.3566930890083313
3840,-14.027,-16.7879,-30.8148,-14.3828,-20.8516,1.5101,2.0,0.992559552192688,0.6750902533531189,0.18900614976882935,0.03868715092539787,0.4051339328289032,0.20895522832870483,0.16149720549583435,0.24677394330501556,0.27829602360725403
3845,-15.4273,-14.293,-29.7203,-13.6016,-20.4453,1.4906,2.0,0.992057204246521,0.733934223651886,0.27628082036972046,0.05032822862267494,0.519345223903656,0.24467505514621735,0.23285913467407227,0.2048352062702179,0.21315298974514008
3850,-14.6867,-13.0613,-27.748,-12.7656,-15.0625,1.526,2.0,0.9940669536590576,0.6540586948394775,0.40119633078575134,0.07315731793642044,0.6298363208770752,0.34720927476882935,0.22504663467407227,0.18194185197353363,0.14132462441921234
3855,-14.6996,-14.6469,-29.3465,-12.7734,-19.7344,1.5142,2.0,0.9961703419685364,0.7124826908111572,0.24032865464687347,0.05935325473546982,0.546502947807312,0.2537313401699066,0.22481343150138855,0.22706778347492218,0.18990983068943024
3860,-13.0195,-16.2398,-29.2594,-12.3672,-19.0469,1.525,2.0,0.9958860278129578,0.6546997427940369,0.2070939838886261,0.03686440736055374,0.4836309552192688,0.25509172677993774,0.1786380559206009,0.2783348858356476,0.18345771729946136
3865,-14.7781,-13.4012,-28.1793,-13.5547,-15.125,1.508,2.0,0.9970979690551758,0.7045959234237671,0.3342083990573883,0.055989909917116165,0.5948660969734192,0.3214396834373474,0.22749534249305725,0.1924751251935959,0.15411224961280823
3870,-13.5289,-12.7227,-26.2516,-13.5781,-10.0859,1.5061,2.0,0.9964471459388733,0.5796735286712646,0.472469300031662,0.08246013522148132,0.6462053656578064,0.42665576934814453,0.20001554489135742,0.18353544175624847,0.08531560748815536
3875,-13.9801,-12.1215,-26.1016,-15.0,-9.7031,1.5022,1.9692,0.9973264336585999,0.6317616701126099,0.4851531386375427,0.08309178799390793,0.675595223903656,0.43613961338996887,0.21268656849861145,0.16623911261558533,0.08045709133148193
3880,-12.3117,-14.8336,-27.1453,-13.6641,-11.5781,1.5122,1.9105,0.996533989906311,0.5948174595832825,0.29087182879447937,0.04503582417964935,0.5639880895614624,0.37006375193595886,0.16499534249305725,0.24654074013233185,0.11392257362604141
3885,-13.4996,-12.5938,-26.0934,-16.9062,-8.3281,1.507,1.8871,0.9972692131996155,0.6351160407066345,0.4369710385799408,0.061078913509845734,0.6502976417541504,0.4412313401699066,0.19259172677993774,0.17451803386211395,0.08718127757310867
3890,-13.4809,-13.7328,-27.2137,-16.0,-11.0312,1.5398,1.8018,0.9972013831138611,0.6016967296600342,0.3799999952316284,0.05475917458534241,0.5848214030265808,0.38887593150138855,0.17867693305015564,0.19239738583564758,0.1355721354484558
3895,-14.8227,-10.9273,-25.75,-19.2656,-6.7969,1.5386,1.7426,0.9981346726417542,0.6655121445655823,0.5971376299858093,0.14270669221878052,0.7406994104385376,0.4584110677242279,0.23565764725208282,0.12764303386211395,0.0738106369972229
3900,-13.2949,-13.418,-26.7129,-15.9453,-11.2812,1.5491,1.7018,0.9958077669143677,0.6290000081062317,0.3648570775985718,0.08599221706390381,0.5956101417541504,0.3986707031726837,0.1943407952785492,0.20261971652507782,0.09989117085933685
3905,-13.1727,-13.0684,-26.241,-15.0156,-8.9453,1.5668,1.6193,0.9953745603561401,0.5819672346115112,0.45368853211402893,0.07617845386266708,0.6119791865348816,0.4285603165626526,0.18493470549583435,0.18967661261558533,0.09235074371099472
3910,-14.6254,-10.9785,-25.6039,-17.1016,-8.0547,1.5736,1.5671,0.996262788772583,0.6488911509513855,0.6396562457084656,0.13685932755470276,0.7243303656578064,0.4680114984512329,0.22959421575069427,0.1266324669122696,0.0712842047214508
3915,-14.0418,-10.498,-24.5398,-15.3828,-8.2578,1.5949,1.4911,0.9988598823547363,0.5648511052131653,0.8428173661231995,0.17998559772968292,0.8035714030265808,0.5454757213592529,0.19838307797908783,0.09767568111419678,0.05398787185549736
3920,-15.5145,-10.207,-25.7215,-19.2344,-5.9219,1.6256,1.3922,0.9977011680603027,0.6812956929206848,0.7223816514015198,0.15984512865543365,0.7752976417541504,0.45650652050971985,0.26037779450416565,0.10836442559957504,0.07027363032102585
3925,-13.8934,-10.6953,-24.5887,-17.0703,-6.4766,1.6692,1.2979,0.9975917339324951,0.5436614155769348,0.8357563614845276,0.1450331062078476,0.797247052192688,0.5487406849861145,0.18917132914066315,0.09891946613788605,0.05869092047214508
3930,-14.6254,-10.6082,-25.2336,-20.4375,-5.1797,1.6851,1.2064,0.9958016276359558,0.6901840567588806,0.646291196346283,0.1069682165980339,0.7682291865348816,0.49067163467407227,0.22807836532592773,0.11318407952785492,0.06358830630779266
3935,-11.7754,-14.6957,-26.4711,-14.625,-9.0234,1.6766,1.1703,0.9850869178771973,0.4018091559410095,0.4319456219673157,0.047533951699733734,0.5133928656578064,0.42482897639274597,0.13320118188858032,0.22873911261558533,0.10875310748815536
3940,-14.252,-11.9516,-26.2035,-19.125,-8.9297,1.6305,1.167,0.9939076900482178,0.5844766497612,0.6005139946937561,0.10531991720199585,0.6726190447807312,0.4529695212841034,0.19830535352230072,0.13611629605293274,0.10813122242689133
3945,-12.2785,-12.9852,-25.2637,-13.6797,-8.2891,1.615,1.1394,0.9918386340141296,0.3693058490753174,0.6069218516349792,0.08495751768350601,0.605282723903656,0.5048196315765381,0.14334577322006226,0.16958178579807281,0.07777518779039383
3950,-13.4348,-13.3422,-26.777,-16.6719,-8.6797,1.5918,1.1275,0.9899437427520752,0.5194063782691956,0.5167443156242371,0.0555555559694767,0.585565447807312,0.4212919771671295,0.1702425330877304,0.17525653541088104,0.12873134016990662
3955,-14.8449,-10.7691,-25.6141,-20.5156,-6.0312,1.5953,1.0425,0.9964962005615234,0.6238786578178406,0.7110062837600708,0.1578645259141922,0.734747052192688,0.4659126102924347,0.23830068111419678,0.12360074371099472,0.0677083358168602
3960,-13.5004,-11.6453,-25.1457,-16.6562,-6.7656,1.6157,0.9679,0.995097279548645,0.4687294363975525,0.7730711102485657,0.10000000149011612,0.6908482313156128,0.5153140425682068,0.17712220549583435,0.12845925986766815,0.0746268630027771
3965,-15.3332,-9.4961,-24.8293,-21.0703,-4.5938,1.6339,0.8778,0.9981989860534668,0.7059471607208252,0.8943798542022705,0.16460587084293365,0.8143601417541504,0.5179570913314819,0.24704602360725403,0.08022388070821762,0.0502953976392746
3970,-17.7008,-8.2297,-25.9305,-25.2422,-2.6719,1.6735,0.7702,0.9979619979858398,0.8110655546188354,0.8629994988441467,0.16628175973892212,0.8225446343421936,0.4195817708969116,0.35055193305015564,0.07489894330501556,0.05048973858356476
3975,-15.1305,-9.8207,-24.9512,-21.8047,-4.3203,1.7228,0.6548,0.9975550174713135,0.6873695850372314,0.8588692545890808,0.14458689093589783,0.7901785969734192,0.5087064504623413,0.2421875,0.09005752205848694,0.054570894688367844
3980,-15.9316,-9.8496,-25.7812,-22.2578,-4.0234,1.7746,0.5493,0.9967932105064392,0.6651773452758789,0.8804100155830383,0.15474794805049896,0.7719494104385376,0.44846081733703613,0.27837374806404114,0.1023787334561348,0.06630907952785492
3985,-15.7281,-9.6496,-25.3777,-22.375,-4.0,1.8017,0.4525,0.9969972372055054,0.6846345663070679,0.8794295787811279,0.1864299327135086,0.7998511791229248,0.4789334535598755,0.26535293459892273,0.08994092047214508,0.06129508838057518
3990,-15.9473,-9.3602,-25.3074,-22.7812,-3.9375,1.8503,0.341,0.9976514577865601,0.6922423839569092,0.9240274429321289,0.21067221462726593,0.8232886791229248,0.47994402050971985,0.2745646834373474,0.08492692559957504,0.05608675256371498
3995,-16.0945,-9.4031,-25.4977,-23.1797,-3.4688,1.883,0.2457,0.9981883764266968,0.671054482460022,0.9214350581169128,0.21442370116710663,0.8444940447807312,0.4720149338245392,0.27755752205848694,0.08558768779039383,0.06036224961280823
4000,-17.0922,-8.548,-25.6402,-23.8047,-3.2734,1.9559,0.1149,0.9978259205818176,0.7356944680213928,0.9600409865379333,0.2678571343421936,0.8757440447807312,0.4469449520111084,0.32264459133148193,0.07587064802646637,0.05006219074130058
4005,-16.3699,-9.7629,-26.1328,-21.6172,-4.25,2.0,0.0,0.9978110194206238,0.6287727952003479,0.9193973541259766,0.220526322722435,0.8065476417541504,0.42615050077438354,0.2923274338245392,0.103194959461689,0.07384949922561646
4010,-17.452,-8.4098,-25.8617,-24.6016,-2.8516,2.0,0.0,0.9988277554512024,0.7471131682395935,0.9445910453796387,0.2688172161579132,0.8820684552192688,0.43104788661003113,0.3365982472896576,0.0736551582813263,0.05422108247876167
4015,-17.1969,-8.6668,-25.8637,-22.8516,-3.6562,2.0,0.0,0.9992027878761292,0.6980448961257935,0.9777294993400574,0.3571428656578064,0.8995535969734192,0.438782662153244,0.32206156849861145,0.07155627757310867,0.06312189251184464
4020,-18.6242,-7.925,-26.5492,-26.1406,-2.1172,2.0,0.0,0.9987643957138062,0.7461585402488708,0.9783573746681213,0.40942472219467163,0.8917410969734192,0.37748757004737854,0.38448384404182434,0.07004041969776154,0.06351057440042496
4025,-17.0973,-8.6023,-25.6996,-24.0078,-3.0547,2.0,0.0,0.9988664388656616,0.7220067977905273,0.9599573016166687,0.3476157486438751,0.8716517686843872,0.4457400441169739,0.3207400441169739,0.07280006259679794,0.05624222755432129
4030,-17.9652,-8.452,-26.4172,-24.8906,-2.5547,2.0,0.0,0.9989047050476074,0.7276761531829834,0.9525391459465027,0.2931556701660156,0.8656994104385376,0.39035293459892273,0.35910293459892273,0.08189520984888077,0.06417132914066315
4035,-17.4566,-8.5973,-26.0539,-24.125,-3.0312,2.0,0.0,0.9991656541824341,0.7283223867416382,0.9584584832191467,0.34316185116767883,0.8225446343421936,0.4192708432674408,0.33663713932037354,0.07765857875347137,0.06195584684610367
4040,-17.7246,-8.6648,-26.3895,-23.9453,-3.5078,2.0,0.0,0.9982414841651917,0.7237048745155334,0.9548944234848022,0.3263041079044342,0.8054315447807312,0.3978544771671295,0.34662625193595886,0.08100124448537827,0.07004041969776154
4045,-17.0438,-8.9121,-25.9559,-24.0469,-3.6094,2.0,0.0,0.9979146122932434,0.6975870132446289,0.9664179086685181,0.2993827164173126,0.840029776096344,0.42867693305015564,0.3205457031726837,0.0833333358168602,0.06296642124652863
4050,-14.9691,-9.8105,-24.7797,-19.8516,-5.25,2.0,0.0,0.9965753555297852,0.629340410232544,0.9575045108795166,0.24255628883838654,0.812872052192688,0.5220771431922913,0.23394745588302612,0.08597636967897415,0.05352145433425903
4055,-15.8863,-10.116,-26.0023,-21.0156,-4.8203,2.0,0.0,0.9932861924171448,0.6540817618370056,0.8386029601097107,0.1898031234741211,0.749627947807312,0.43998757004737854,0.27281561493873596,0.10572139173746109,0.07699782401323318
4060,-16.5289,-9.6395,-26.1684,-22.6719,-3.9219,2.0,0.0,0.9925891757011414,0.6695833802223206,0.8721715211868286,0.26577043533325195,0.7756696343421936,0.42482897639274597,0.2976135015487671,0.09790889173746109,0.07517102360725403
4065,-14.5445,-11.0699,-25.6145,-18.9922,-5.6562,2.0,0.0,0.9902739524841309,0.5653977990150452,0.7981407642364502,0.16441546380519867,0.7124255895614624,0.4795553386211395,0.21544620394706726,0.11707089841365814,0.08344993740320206
4070,-15.5082,-10.7164,-26.2246,-21.5234,-5.0,2.0,0.0,0.9846452474594116,0.6359393000602722,0.7577565908432007,0.16823354363441467,0.7142857313156128,0.42020365595817566,0.26648008823394775,0.1302860677242279,0.07855255156755447
4075,-14.5508,-11.3023,-25.8531,-17.6641,-6.2266,2.0,0.0,0.9878100156784058,0.5221317410469055,0.8113856911659241,0.2047826051712036,0.691220223903656,0.4623367488384247,0.21952736377716064,0.12426150590181351,0.08939676731824875
4080,-16.3156,-9.882,-26.1977,-22.4297,-4.8281,2.0,0.0,0.9940136075019836,0.6453813910484314,0.8727858066558838,0.2720254361629486,0.7752976417541504,0.42852145433425903,0.28486475348472595,0.09654850512742996,0.08558768779039383
4085,-15.5754,-9.9176,-25.493,-21.4453,-5.9297,2.0,0.0,0.9956766366958618,0.5905393362045288,0.9040867686271667,0.3455587327480316,0.8236607313156128,0.4764847755432129,0.25800684094429016,0.09320584684610367,0.06782493740320206
4090,-15.9102,-9.8328,-25.743,-20.625,-5.4141,2.0,0.0,0.9916002154350281,0.6153090000152588,0.893203854560852,0.281883180141449,0.8359375,0.45347481966018677,0.27674129605293274,0.10008551180362701,0.06522077322006226
4095,-16.7379,-9.6703,-26.4082,-22.3125,-5.5078,2.0,0.0,0.9905651211738586,0.6584646701812744,0.8472846150398254,0.2645043432712555,0.8370535969734192,0.4119636118412018,0.3032882511615753,0.09518811851739883,0.08508239686489105
4100,-15.4,-9.8477,-25.2477,-20.3047,-5.1875,2.0,0.0,0.9921656250953674,0.6530211567878723,0.8682684302330017,0.1897127628326416,0.8430059552192688,0.48620179295539856,0.2573072016239166,0.0938277393579483,0.0581856332719326
4105,-16.6398,-10.627,-27.2668,-20.4375,-7.4766,2.0,0.0,0.9879428744316101,0.6377022862434387,0.7473447322845459,0.18333333730697632,0.7377232313156128,0.3674984574317932,0.2929881811141968,0.1207633689045906,0.11427238583564758
4110,-14.3707,-11.5043,-25.875,-18.1406,-6.5391,2.0,0.0,0.9805569648742676,0.5494170188903809,0.7295903563499451,0.13661202788352966,0.7336309552192688,0.45778918266296387,0.21668998897075653,0.13568873703479767,0.08535447716712952
4115,-13.8293,-12.9141,-26.7434,-18.1953,-8.0234,2.0,0.0,0.965143084526062,0.5527175068855286,0.5356989502906799,0.1061755120754242,0.6595982313156128,0.4047729969024658,0.2023864984512329,0.1807369440793991,0.10762593150138855
4120,-14.725,-10.941,-25.666,-19.9766,-6.2656,2.0,0.0,0.980584979057312,0.6567590236663818,0.6624445915222168,0.17912772297859192,0.734375,0.4664567708969116,0.23145988583564758,0.12274564802646637,0.07486007362604141
4125,-15.1645,-11.9863,-27.1508,-20.8516,-7.8672,2.0,0.0,0.981286883354187,0.6825054287910461,0.5280777812004089,0.08483754843473434,0.6618303656578064,0.3884095251560211,0.23394745588302612,0.1439676582813263,0.12919776141643524
4130,-12.6859,-18.1598,-30.8457,-16.2109,-14.9688,2.0,0.0,0.954130232334137,0.3699788451194763,0.30075088143348694,0.025597024708986282,0.340029776096344,0.19997668266296387,0.12869247794151306,0.29504820704460144,0.2718050479888916
4135,-14.4945,-12.4016,-26.8961,-19.5156,-7.8203,2.0,0.0,0.9873442649841309,0.6608385443687439,0.48514607548713684,0.07087378948926926,0.652157723903656,0.3992537260055542,0.2178560346364975,0.15831001102924347,0.12010261416435242
4140,-13.9887,-13.8645,-27.8531,-19.875,-9.1172,1.9901,0.0,0.9827399253845215,0.6368148922920227,0.38719573616981506,0.05263157933950424,0.5535714030265808,0.3580534756183624,0.18792754411697388,0.1900264322757721,0.159514918923378
4145,-13.248,-14.9777,-28.2258,-17.9062,-10.8047,1.9893,0.0,0.9814320206642151,0.6667384505271912,0.2971775531768799,0.028564393520355225,0.5022321343421936,0.32027363777160645,0.18054260313510895,0.23686255514621735,0.15784358978271484
4150,-12.5582,-15.9496,-28.5078,-16.2109,-12.7891,1.9669,0.0418,0.9851498007774353,0.6470305323600769,0.25527578592300415,0.020159399136900902,0.4579613208770752,0.30099502205848694,0.16165266931056976,0.26706311106681824,0.16581156849861145
4155,-13.2668,-14.7539,-28.0207,-17.8828,-10.4297,1.933,0.0906,0.9883648753166199,0.7615894079208374,0.22001563012599945,0.032634031027555466,0.5256696343421936,0.31401586532592773,0.1995491236448288,0.24856187403202057,0.13339552283287048
4160,-12.818,-15.6258,-28.4438,-16.7188,-12.4766,1.9069,0.1318,0.9833289384841919,0.678135871887207,0.2394859790802002,0.032395780086517334,0.5014880895614624,0.29609763622283936,0.17848259210586548,0.26616916060447693,0.15477301180362701
4165,-12.6824,-16.5473,-29.2297,-18.1094,-11.6172,1.8864,0.1769,0.9873339533805847,0.6966953277587891,0.19056428968906403,0.024448810145258904,0.4616815447807312,0.2516324520111084,0.1717195212841034,0.2941153645515442,0.1780550330877304
4170,-12.8004,-16.3734,-29.1738,-16.2891,-13.5,1.861,0.2297,0.9869363903999329,0.6215671300888062,0.23734833300113678,0.023488640785217285,0.4620535671710968,0.2767024338245392,0.15426772832870483,0.26267102360725403,0.20188121497631073
4175,-13.5125,-17.6012,-31.1137,-19.3438,-12.9453,1.8242,0.3242,0.9885478615760803,0.6864663362503052,0.1818302869796753,0.021530404686927795,0.365327388048172,0.16969838738441467,0.16686101257801056,0.29178327322006226,0.2671797275543213
4180,-13.0332,-20.4312,-33.4645,-17.7891,-18.1172,1.7942,0.4955,0.9747018218040466,0.44971635937690735,0.1449560523033142,0.010363178327679634,0.2053571492433548,0.10754819959402084,0.07536535710096359,0.2962919771671295,0.4163168668746948
4185,-13.5281,-17.891,-31.4191,-18.3203,-14.6406,1.7507,0.6299,0.9799038767814636,0.5782703757286072,0.21168091893196106,0.028762198984622955,0.3500744104385376,0.17793843150138855,0.14202424883842468,0.2728544771671295,0.30270522832870483
4190,-13.5207,-15.4285,-28.9492,-19.3203,-11.0469,1.7268,0.7231,0.9907962083816528,0.6802800297737122,0.22961309552192688,0.06392799317836761,0.5055803656578064,0.2660525441169739,0.199860081076622,0.26119402050971985,0.16841574013233185
4195,-12.843,-19.0574,-31.9004,-17.875,-16.3281,1.6904,0.8109,0.9839431643486023,0.5697489380836487,0.1647883802652359,0.02516033500432968,0.295014888048172,0.14766013622283936,0.1223180964589119,0.3104011118412018,0.31514304876327515
4200,-14.0348,-15.1023,-29.1371,-17.9062,-11.8125,1.6658,0.9068,0.9913349747657776,0.7355605959892273,0.21349772810935974,0.04613126441836357,0.5186011791229248,0.2646532952785492,0.20592351257801056,0.2395833283662796,0.18536224961280823
4205,-12.3109,-17.1332,-29.4441,-15.4844,-14.4766,1.6903,0.927,0.9915189146995544,0.6329647302627563,0.18556156754493713,0.02992277964949608,0.441592276096344,0.25206002593040466,0.1476212739944458,0.2945040464401245,0.201337069272995
4210,-14.4949,-15.4148,-29.9098,-19.1094,-12.0547,1.6478,1.0213,0.9932214617729187,0.7322394251823425,0.21670173108577728,0.03323208913207054,0.4977678656578064,0.22936101257801056,0.20844994485378265,0.24016635119915009,0.21754509210586548
4215,-14.457,-15.7473,-30.2043,-19.1016,-12.8438,1.6516,1.0484,0.9885550737380981,0.6981964707374573,0.23172084987163544,0.030854830518364906,0.4854910671710968,0.21735075116157532,0.20258083939552307,0.24506373703479767,0.23052705824375153
4220,-15.052,-14.7859,-29.8379,-20.0078,-11.5938,1.6679,1.0823,0.9928489923477173,0.7442477941513062,0.2488245964050293,0.03294200077652931,0.5100446343421936,0.23915578424930573,0.21960510313510895,0.21494092047214508,0.22182057797908783
4225,-17.5113,-10.5188,-28.0301,-22.2969,-6.7109,1.7258,1.0451,0.9934483170509338,0.8487685322761536,0.33890870213508606,0.10132607817649841,0.6893601417541504,0.2906949520111084,0.34876400232315063,0.1417521834373474,0.11431125551462173
4230,-18.0473,-9.4551,-27.5023,-23.8984,-4.5859,1.8311,0.9441,0.9939246773719788,0.8327858448028564,0.49318256974220276,0.1022823303937912,0.754092276096344,0.3198849558830261,0.3667988181114197,0.11687655746936798,0.0919620618224144
4235,-18.0547,-8.8871,-26.9418,-24.3672,-4.1406,1.9213,0.8302,0.9940578937530518,0.7984954118728638,0.6654151082038879,0.16522574424743652,0.8125,0.3597636818885803,0.3616682291030884,0.09316697716712952,0.08092350512742996
4240,-18.7582,-8.5969,-27.3551,-25.1406,-4.5156,2.0,0.6912,0.9927448630332947,0.8127270936965942,0.5894357562065125,0.24425287544727325,0.8110119104385376,0.3214396834373474,0.39579445123672485,0.09713152796030045,0.08115671575069427
4245,-17.1504,-10.1262,-27.2766,-24.9531,-3.7422,2.0,0.5584,0.9911150336265564,0.8212223052978516,0.5115672945976257,0.047080978751182556,0.7313988208770752,0.34996891021728516,0.3230721354484558,0.11928638070821762,0.103194959461689
4250,-18.3918,-8.4004,-26.7922,-25.8906,-2.4531,2.0,0.4575,0.9948729276657104,0.8615931272506714,0.5675213932991028,0.09654350578784943,0.8169642686843872,0.356304407119751,0.3830457031726837,0.09095149487257004,0.06522077322006226
4255,-16.7047,-10.8195,-27.5242,-23.8906,-4.1328,2.0,0.3323,0.990333616733551,0.823239803314209,0.41312432289123535,0.03709254413843155,0.6938244104385376,0.32971858978271484,0.3157649338245392,0.14629974961280823,0.10373912006616592
4260,-15.9441,-12.3324,-28.2766,-22.6953,-6.4297,2.0,0.279,0.9940236210823059,0.8254079222679138,0.2970340847969055,0.023262178525328636,0.6242559552192688,0.2991682291030884,0.2787235677242279,0.17560634016990662,0.14202424883842468
4265,-15.7836,-12.0453,-27.8289,-21.6172,-7.7656,2.0,0.2041,0.9965673685073853,0.8399834632873535,0.28126391768455505,0.024030759930610657,0.6432291865348816,0.3170475661754608,0.2824937701225281,0.17467351257801056,0.12130752205848694
4270,-16.1785,-12.2527,-28.4313,-21.7812,-7.3906,2.0,0.1844,0.9951980710029602,0.8373560309410095,0.3045465052127838,0.021683014929294586,0.605282723903656,0.29139459133148193,0.2834266126155853,0.17012593150138855,0.15057525038719177
4275,-16.0711,-11.0344,-27.1055,-22.3828,-6.0234,2.0,0.1264,0.9960474371910095,0.8164896965026855,0.3972357213497162,0.033806342631578445,0.6875,0.354011207818985,0.29652518033981323,0.1518578976392746,0.09312810748815536
4280,-13.7113,-14.3277,-28.0391,-17.5547,-11.0391,2.0,0.1279,0.9908455014228821,0.7796670198440552,0.22850678861141205,0.023346303030848503,0.5535714030265808,0.30569806694984436,0.21944962441921234,0.24051617085933685,0.12985852360725403
4285,-14.0891,-15.5152,-29.6043,-19.1172,-12.0391,2.0,0.1733,0.9891287088394165,0.7616416811943054,0.21166479587554932,0.018759286031126976,0.4709821343421936,0.24669620394706726,0.19698382914066315,0.24257618188858032,0.20926617085933685
4290,-14.9781,-13.627,-28.6051,-20.1719,-9.7891,2.0,0.1983,0.9920634627342224,0.7753554582595825,0.2859259247779846,0.025737131014466286,0.5524553656578064,0.28404849767684937,0.24603544175624847,0.2098880559206009,0.15555037558078766
4295,-14.9859,-14.2711,-29.257,-19.3828,-11.0859,2.0,0.1995,0.9921886324882507,0.7712340354919434,0.25176122784614563,0.028479743748903275,0.5286458134651184,0.26372045278549194,0.228350430727005,0.20965485274791718,0.19379663467407227
4300,-15.3637,-14.0043,-29.368,-20.8203,-10.6016,2.0,0.2179,0.9940364360809326,0.8093074560165405,0.2275083363056183,0.023136772215366364,0.5491071343421936,0.24766790866851807,0.2480565905570984,0.2099657952785492,0.18983209133148193
4305,-13.441,-18.5902,-32.0312,-18.4844,-16.0,2.0,0.2812,0.994282603263855,0.7434881329536438,0.13062700629234314,0.0051367818377912045,0.310639888048172,0.14276275038719177,0.1372823417186737,0.2901119291782379,0.3253653645515442
4310,-13.9887,-20.1164,-34.1051,-19.0234,-17.9453,2.0,0.4138,0.9872727394104004,0.604434609413147,0.12983860075473785,0.005438535939902067,0.2053571492433548,0.08550994843244553,0.0876476988196373,0.2721159756183624,0.45024874806404114
4315,-14.1367,-21.8969,-36.0336,-18.8984,-20.2109,1.9904,0.5926,0.9729397296905518,0.1867852658033371,0.09917110949754715,0.0019749386701732874,0.0956101194024086,0.03159981220960617,0.030589241534471512,0.26259326934814453,0.5707400441169739
4320,-13.9086,-22.2102,-36.1188,-18.8359,-20.3594,1.9763,0.8032,0.9684684872627258,0.221374049782753,0.07269859313964844,0.0020345880184322596,0.084449402987957,0.02588619478046894,0.025458645075559616,0.2710665464401245,0.5731109976768494
4325,-13.4676,-22.7148,-36.1824,-18.5938,-20.7031,1.9757,1.0126,0.9116997718811035,0.0973871722817421,0.05654841288924217,0.0008862830582074821,0.0662202388048172,0.017607275396585464,0.016363494098186493,0.2914334535598755,0.5701181888580322
4330,-13.3445,-22.7102,-36.0547,-18.5312,-20.7344,1.973,1.2225,0.9085487127304077,0.14660830795764923,0.0597447045147419,0.001104896073229611,0.0699404776096344,0.019550684839487076,0.017762748524546623,0.29535913467407227,0.5628498196601868
4335,-13.9156,-22.434,-36.3496,-18.3594,-20.8203,1.9755,1.4264,0.8588235378265381,0.08791209012269974,0.06762177497148514,0.0024511427618563175,0.0665922611951828,0.01982276141643524,0.01768501289188862,0.2712997496128082,0.5867148637771606
4340,-14.2695,-22.407,-36.6766,-19.1094,-20.4453,1.9658,1.6419,0.8298429250717163,0.041055720299482346,0.059606656432151794,0.0014006494311615825,0.0606398805975914,0.01484763715416193,0.013254042714834213,0.2569185197353363,0.6105021834373474
4345,-13.0496,-23.0375,-36.0871,-18.375,-20.8125,1.9687,1.8539,0.8717948794364929,0.05230769142508507,0.04807572439312935,0.0008371119620278478,0.0572916679084301,0.013642723672091961,0.012632152065634727,0.3120724558830261,0.5571750402450562
4350,-14.2793,-22.4016,-36.6809,-19.1875,-20.3828,1.9622,2.0,0.83423912525177,0.06868132203817368,0.05988389998674393,0.0024743052199482918,0.0550595223903656,0.014303482137620449,0.014148009940981865,0.25443097949028015,0.6126399040222168
4355,-13.2242,-22.898,-36.1223,-18.3906,-20.8047,1.9649,2.0,0.8645319938659668,0.09065934270620346,0.05215595290064812,0.0013081795768812299,0.0584077388048172,0.01578047312796116,0.014148009940981865,0.30107274651527405,0.5645211338996887
4360,-15.068,-22.1508,-37.2188,-19.2656,-20.3672,1.9659,2.0,0.83984375,0.02489626593887806,0.051806166768074036,0.0007706900360062718,0.0513392873108387,0.009950248524546623,0.009367226622998714,0.22057680785655975,0.6556280851364136
4365,-14.8469,-22.1676,-37.0145,-19.0938,-20.4531,1.9693,2.0,0.8825215101242065,0.09215017408132553,0.05238095298409462,0.0018767404835671186,0.0565476194024086,0.013564987108111382,0.011388370767235756,0.22854477167129517,0.6420242786407471
4370,-14.5102,-22.4449,-36.9551,-19.0938,-20.4531,1.987,2.0,0.8099173307418823,0.0833333358168602,0.042206764221191406,0.000924100517295301,0.0528273805975914,0.009406094439327717,0.009328357875347137,0.24587997794151306,0.6309079527854919
4375,-13.9875,-22.7285,-36.716,-18.2969,-20.8516,1.9859,2.0,0.8478260636329651,0.08071748912334442,0.03579191491007805,0.00031875557033345103,0.0509672611951828,0.00893967691808939,0.00866759940981865,0.2682291567325592,0.6096859574317932
4380,-14.2937,-22.5566,-36.8504,-19.1719,-20.4141,2.0,2.0,0.7982832789421082,0.0367346927523613,0.044801224023103714,0.0008113843505270779,0.0494791679084301,0.009056281298398972,0.009522698819637299,0.25419774651527405,0.6227456331253052
4385,-13.7121,-22.6242,-36.3363,-18.7969,-20.6016,2.0,2.0,0.7512953281402588,0.08749999850988388,0.06776632368564606,0.002670405199751258,0.0584077388048172,0.015003109350800514,0.01554726343601942,0.28276586532592773,0.582206130027771
4390,-13.707,-22.4551,-36.1621,-18.5938,-20.7031,2.0,2.0,0.7710622549057007,0.12546125054359436,0.08160711824893951,0.00325225293636322,0.0684523805975914,0.021222015842795372,0.021066542714834213,0.27957865595817566,0.5736551880836487
4395,-12.8914,-22.7809,-35.6723,-18.0469,-20.9531,1.9875,2.0,0.7466063499450684,0.10720887035131454,0.08181370049715042,0.005029154475778341,0.0602678582072258,0.025769589468836784,0.02102767489850521,0.31545397639274597,0.5332711338996887
4400,-13.4699,-22.7313,-36.2012,-18.5156,-20.7422,1.9648,2.0,0.774117648601532,0.062034741044044495,0.06869309395551682,0.001695604994893074,0.0546875,0.01651896722614765,0.015663867816329002,0.2902674078941345,0.5730721354484558
4405,-13.0234,-22.8145,-35.8379,-18.125,-20.9375,1.9449,2.0,0.7329843044281006,0.09780438989400864,0.07692307978868484,0.004000857472419739,0.0520833320915699,0.022271454334259033,0.019472947344183922,0.3097403645515442,0.5440376400947571
4410,-11.6055,-23.1297,-34.7352,-16.0234,-21.9531,1.9387,2.0,0.6540948152542114,0.11576011031866074,0.09761979430913925,0.008686118759214878,0.0840773805975914,0.03606965020298958,0.027868470177054405,0.3706856369972229,0.46089863777160645
4415,-13.3441,-22.6875,-36.0316,-18.625,-20.6875,1.8959,2.0,0.6996268630027771,0.07775378227233887,0.07647831737995148,0.004434897098690271,0.061011902987957,0.02083333395421505,0.017995957285165787,0.29578667879104614,0.5609064102172852
4420,-14.4301,-22.3191,-36.7492,-19.1094,-20.4453,1.8923,2.0,0.7617800831794739,0.1532033383846283,0.06244160607457161,0.0015116205904632807,0.0565476194024086,0.01484763715416193,0.013953668996691704,0.24961131811141968,0.6171097755432129
4425,-13.6297,-22.2488,-35.8785,-18.4375,-20.7812,1.8856,2.0,0.7946210503578186,0.1748466193675995,0.09352616965770721,0.005101327784359455,0.078125,0.03179415315389633,0.02534203976392746,0.28218284249305725,0.5562033653259277
4430,-14.0977,-22.0172,-36.1148,-18.7656,-20.6172,1.8461,2.0,0.777208685874939,0.17930029332637787,0.1055983379483223,0.006747182924300432,0.0665922611951828,0.03035603277385235,0.026663556694984436,0.2624378204345703,0.5760650038719177
4435,-11.7613,-23.0523,-34.8137,-16.8828,-21.5234,1.8289,2.0,0.7309812307357788,0.14227086305618286,0.09135539084672928,0.009308510459959507,0.079613097012043,0.03525342047214508,0.028412625193595886,0.3641946613788605,0.46766167879104614
4440,-12.982,-22.5902,-35.5723,-18.0391,-20.9688,1.8048,2.0,0.7898832559585571,0.14048337936401367,0.08962088078260422,0.005898835137486458,0.071800597012043,0.029967350885272026,0.025730721652507782,0.31269434094429016,0.5271299481391907
4445,-12.725,-22.9062,-35.6312,-17.75,-21.125,1.7836,2.0,0.7791095972061157,0.14388489723205566,0.07769663631916046,0.0027312319725751877,0.0576636902987957,0.022699005901813507,0.021610695868730545,0.32466572523117065,0.5265469551086426
4450,-13.1293,-22.7715,-35.9008,-18.3906,-20.8047,1.7549,2.0,0.8090909123420715,0.1437246948480606,0.06867225468158722,0.004037398844957352,0.0546875,0.02137748710811138,0.019200870767235756,0.30620336532592773,0.5487406849861145
4455,-14.0496,-22.4461,-36.4957,-18.9688,-20.5156,1.759,2.0,0.7981220483779907,0.07194244861602783,0.06869781762361526,0.002732595894485712,0.0558035708963871,0.016557835042476654,0.016208022832870483,0.26535293459892273,0.5974035859107971
4460,-13.6203,-22.7211,-36.3414,-18.5312,-20.7344,1.7426,2.0,0.7763819098472595,0.03757225349545479,0.058269649744033813,0.002204703399911523,0.0543154776096344,0.015469527803361416,0.0134483827278018,0.28482586145401,0.5817785859107971
4465,-13.3543,-22.5406,-35.8949,-18.2812,-20.8594,1.7346,2.0,0.8003246784210205,0.07792207598686218,0.09037405252456665,0.005437084939330816,0.0572916679084301,0.02394278533756733,0.02394278533756733,0.2971859574317932,0.55045086145401
4470,-13.9168,-22.5395,-36.4562,-19.0469,-20.4766,1.7196,2.0,0.8475452065467834,0.05735660716891289,0.06392432004213333,0.0022913257125765085,0.0569196417927742,0.015041977167129517,0.015586132183670998,0.2711831331253052,0.5937111377716064
4475,-13.8238,-22.4242,-36.248,-18.7031,-20.6484,1.7046,2.0,0.8763440847396851,0.06776180863380432,0.07473862916231155,0.003552993293851614,0.0584077388048172,0.0216884333640337,0.01892879419028759,0.27510884404182434,0.579796314239502
4480,-12.152,-22.7328,-34.8848,-17.375,-21.2188,1.6836,2.0,0.8264379501342773,0.050827424973249435,0.11190211027860641,0.010480635799467564,0.0613839291036129,0.03851834684610367,0.032882463186979294,0.3494247496128082,0.4746968150138855
4485,-12.4582,-22.3102,-34.7684,-17.0156,-21.4688,1.6331,2.0,0.8768352270126343,0.06699029356241226,0.13132837414741516,0.01150180771946907,0.076636902987957,0.047652363777160645,0.040034204721450806,0.3347325921058655,0.47310322523117065
4490,-9.4711,-21.0738,-30.5449,-8.3281,-22.4141,1.5278,2.0,0.878145694732666,0.07447382807731628,0.25333333015441895,0.029574541375041008,0.0885416641831398,0.17607276141643524,0.0720226988196373,0.4226912260055542,0.22473569214344025
4495,-9.0754,-20.902,-29.9773,-6.7734,-22.7109,1.3979,2.0,0.8885664343833923,0.03607333078980446,0.2656850218772888,0.02459016442298889,0.082961305975914,0.20090951025485992,0.06572605669498444,0.4249844551086426,0.20390236377716064
4500,-9.6398,-17.6285,-27.2684,-6.3125,-18.8984,1.2958,2.0,0.9716981053352356,0.07106124609708786,0.41258740425109863,0.038722168654203415,0.0904017835855484,0.35844215750694275,0.08313899487257004,0.333488792181015,0.12045242637395859
4505,-10.4035,-15.4848,-25.8883,-6.9219,-16.8828,1.2063,2.0,0.977760374546051,0.12345679104328156,0.5607656836509705,0.06505914777517319,0.1956845223903656,0.4474113881587982,0.1007462665438652,0.26193252205848694,0.08543221652507782
4510,-11.2984,-13.8367,-25.1352,-9.5,-11.6328,1.127,2.0,0.9971634745597839,0.2165883183479309,0.6334316730499268,0.07811691612005234,0.3898809552192688,0.5069962739944458,0.11574938148260117,0.19764459133148193,0.07513215392827988
4515,-10.941,-17.1859,-28.127,-8.4688,-18.4062,1.046,2.0,0.991454005241394,0.15381604433059692,0.4073537290096283,0.03811710700392723,0.2016369104385376,0.3320118188858032,0.09930814802646637,0.2949315905570984,0.1692708283662796
4520,-9.7438,-17.3445,-27.0883,-6.2891,-18.3594,0.9367,2.0,0.989595890045166,0.10726643353700638,0.38614317774772644,0.07477341592311859,0.2064732164144516,0.3549051582813263,0.10109607875347137,0.3365982472896576,0.10292288661003113
4525,-10.948,-14.6875,-25.6355,-8.3516,-14.0469,0.8355,2.0,0.9940680265426636,0.24405166506767273,0.5248016119003296,0.09466602653265,0.3467261791229248,0.46521300077438354,0.11435012519359589,0.23507462441921234,0.08088464289903641
4530,-11.2855,-14.6148,-25.9004,-8.9297,-14.0156,0.7613,2.0,0.996853232383728,0.26889392733573914,0.4920390248298645,0.08227311074733734,0.4229910671710968,0.4570118188858032,0.11983053386211395,0.22702892124652863,0.09165111929178238
4535,-15.3887,-10.3871,-25.7758,-15.8906,-9.4688,0.78,2.0,0.9992315173149109,0.6016408205032349,0.8586694002151489,0.22426868975162506,0.7075892686843872,0.45518502593040466,0.25583022832870483,0.11275652796030045,0.07175061851739883
4540,-17.257,-9.0609,-26.318,-21.3828,-7.4609,0.8328,1.9137,0.9999054074287415,0.6765585541725159,0.9312359690666199,0.31001588702201843,0.839657723903656,0.4108753204345703,0.32482120394706726,0.08648165315389633,0.07334421575069427
4545,-16.6508,-8.818,-25.4688,-20.7891,-6.375,0.915,1.7826,1.0,0.7173309922218323,0.9541330933570862,0.2533632218837738,0.8783482313156128,0.4582555890083313,0.30814677476882935,0.07711442559957504,0.052005596458911896
4550,-16.9848,-9.0125,-25.9973,-21.2422,-6.7344,0.9654,1.6573,1.0,0.7189421653747559,0.883159875869751,0.21562866866588593,0.8482142686843872,0.43120336532592773,0.3159981369972229,0.08216729015111923,0.06615360826253891
4555,-18.0344,-8.3582,-26.3926,-21.8594,-6.1562,1.0555,1.5234,1.0,0.7338206768035889,0.9709241986274719,0.26857811212539673,0.898809552192688,0.39268502593040466,0.3615516126155853,0.07486007362604141,0.06642568111419678
4560,-15.7074,-9.7086,-25.416,-18.2578,-7.9219,1.1316,1.3895,0.9998354315757751,0.646957278251648,0.9244663119316101,0.13524317741394043,0.8381696343421936,0.47232586145401,0.2701725661754608,0.09468283504247665,0.05834110826253891
4565,-17.8859,-8.4195,-26.3055,-22.1406,-6.25,1.1835,1.2786,1.0,0.759222686290741,0.9099646210670471,0.21843208372592926,0.8679315447807312,0.399720162153244,0.354011207818985,0.07684235274791718,0.06494869291782379
4570,-16.7117,-9.2691,-25.9809,-21.9297,-5.8281,1.2746,1.1486,1.0,0.7084663510322571,0.8990406394004822,0.1285162717103958,0.8526785969734192,0.43559545278549194,0.3043765425682068,0.08508239686489105,0.07046797126531601
4575,-16.723,-8.9371,-25.6602,-22.5312,-5.3516,1.3162,1.0414,1.0,0.6931832432746887,0.9869083762168884,0.22207875549793243,0.890997052192688,0.45421332120895386,0.30391013622283936,0.07719216495752335,0.06020677834749222
4580,-15.2949,-9.8,-25.0949,-20.2578,-5.6328,1.3679,0.9304,0.999846339225769,0.5755555629730225,0.9886724352836609,0.1658986210823059,0.922247052192688,0.5058302283287048,0.2448693960905075,0.08578202873468399,0.05904073268175125
4585,-15.4375,-9.6895,-25.127,-20.7266,-5.7031,1.417,0.8098,1.0,0.5932829976081848,0.9940285086631775,0.1582830250263214,0.9248511791229248,0.50066077709198,0.2522932291030884,0.08461598306894302,0.05795242637395859
4590,-15.8219,-9.141,-24.9629,-22.0859,-4.7188,1.4826,0.6833,1.0,0.6606262922286987,0.9989680051803589,0.19032257795333862,0.9423363208770752,0.5038868188858032,0.26811257004737854,0.07532649487257004,0.048196516931056976
4595,-14.9609,-9.6453,-24.6063,-19.7422,-5.7031,1.5293,0.5603,1.0,0.5892494916915894,1.0,0.18484145402908325,0.9464285969734192,0.5389847755432129,0.22994403541088104,0.0763370618224144,0.050256531685590744
4600,-15.3215,-9.5172,-24.8387,-20.6406,-5.2422,1.5684,0.4539,0.9999251961708069,0.6165745854377747,0.9989811778068542,0.1726147085428238,0.9445684552192688,0.5196284055709839,0.24622978270053864,0.07629819959402084,0.053365983068943024
4605,-13.7234,-10.209,-23.9324,-16.1406,-7.1875,1.5758,0.36,1.0,0.4865793287754059,0.9990074634552002,0.15811966359615326,0.9419642686843872,0.5907182693481445,0.18100902438163757,0.07831934094429016,0.04547574743628502
4610,-14.4512,-10.1152,-24.5664,-19.0156,-5.7969,1.5828,0.2545,1.0,0.5169475674629211,0.9968624114990234,0.11479029059410095,0.9341517686843872,0.5461364984512329,0.20984919369220734,0.08671486377716064,0.05282182991504669
4615,-12.8445,-10.9285,-23.773,-12.4219,-9.1406,1.5586,0.1896,1.0,0.2491961419582367,0.9987002015113831,0.15835312008857727,0.9464285969734192,0.6116682291030884,0.14505596458911896,0.08970770984888077,0.04909048601984978
4620,-12.5879,-11.4605,-24.0484,-10.2969,-9.9453,1.5218,0.1196,1.0,0.10490883886814117,0.9984923005104065,0.09966997057199478,0.9471726417541504,0.5949549078941345,0.13856498897075653,0.10311722755432129,0.05888526141643524
4625,-12.2227,-11.6379,-23.8605,-10.1641,-10.1641,1.4807,0.0628,1.0,0.028349746018648148,0.9975335001945496,0.05522388219833374,0.9393601417541504,0.6028839945793152,0.13024720549583435,0.11030783504247665,0.0520833320915699
4630,-12.5719,-11.8477,-24.4195,-10.3906,-10.2031,1.4371,0.0048,1.0,0.02794196642935276,0.992111086845398,0.05204461142420769,0.9348958134651184,0.5649486780166626,0.14466728270053864,0.12317319959402084,0.06273321062326431
4635,-12.2625,-11.7574,-24.0199,-10.2891,-10.2891,1.3981,0.0,1.0,0.01580066792666912,0.9889158010482788,0.029139073565602303,0.9281994104385376,0.5967040061950684,0.12791511416435242,0.11221237480640411,0.05869092047214508
4640,-12.5094,-11.8777,-24.3871,-10.2656,-10.1953,1.3535,0.0,0.9999321103096008,0.026920920237898827,0.9904824495315552,0.03934233635663986,0.921875,0.5722947716712952,0.13860385119915009,0.11843127757310867,0.06619247794151306
4645,-12.4031,-11.9133,-24.3164,-10.2344,-10.1641,1.316,0.0,1.0,0.012208972126245499,0.9821542501449585,0.02915632724761963,0.9196428656578064,0.5740049481391907,0.13689365983009338,0.12196828424930573,0.06265547126531601
4650,-12.4,-11.8855,-24.2855,-10.2266,-10.2031,1.2731,0.0,1.0,0.011808755807578564,0.9882550239562988,0.03421368449926376,0.9289434552192688,0.5799906849861145,0.13495025038719177,0.11582711338996887,0.06475435197353363
4655,-12.3199,-11.809,-24.1289,-10.3203,-10.2031,1.2317,0.0,0.9997360706329346,0.010989011265337467,0.991150438785553,0.024081114679574966,0.937872052192688,0.5891246795654297,0.1308690905570984,0.11419465392827988,0.06133395433425903
4660,-12.2613,-11.7,-23.9613,-10.2578,-10.2109,1.1934,0.0,1.0,0.018960244953632355,0.9899280667304993,0.04183535650372505,0.9348958134651184,0.6027674078941345,0.12709887325763702,0.10805348306894302,0.05760261043906212
4665,-12.5895,-11.952,-24.5414,-10.3906,-10.2266,1.1513,0.0,1.0,0.02652447298169136,0.9877458810806274,0.034292034804821014,0.9267113208770752,0.5625777244567871,0.14214086532592773,0.1205301582813263,0.07027363032102585
4670,-12.5688,-11.698,-24.2668,-10.3281,-10.1875,1.1115,0.0,1.0,0.04040404036641121,0.9958748817443848,0.05842138081789017,0.9468005895614624,0.5813899040222168,0.13852612674236298,0.11306747794151306,0.06253886967897415
4675,-12.4832,-11.9207,-24.4039,-10.2891,-10.1484,1.0712,0.0,1.0,0.014635519124567509,0.9895322322845459,0.019163763150572777,0.9348958134651184,0.5716728568077087,0.1380985677242279,0.118819959461689,0.06693097203969955
4680,-12.2672,-11.591,-23.8582,-10.2188,-10.125,1.0303,0.0,1.0,0.03242269530892372,0.9953621029853821,0.0308734942227602,0.952752947807312,0.6054881811141968,0.1294698417186737,0.10894744843244553,0.051616914570331573
4685,-12.4898,-11.5758,-24.0656,-10.2109,-10.1641,0.9919,0.0,1.0,0.03924376890063286,0.9971140027046204,0.04265403002500534,0.9858630895614624,0.5946828126907349,0.13568873703479767,0.107742540538311,0.05740826949477196
4690,-12.443,-11.502,-23.9449,-10.3516,-10.1172,0.9531,0.0,1.0,0.06535178422927856,0.997724711894989,0.05280974879860878,0.9747023582458496,0.6035836338996887,0.13203513622283936,0.10249533504247665,0.05740826949477196
4695,-12.4504,-11.527,-23.9773,-10.3984,-10.0,0.9155,0.0,1.0,0.09196050465106964,0.9989300966262817,0.025974025949835777,0.953497052192688,0.5948771834373474,0.1377876251935959,0.10898631811141968,0.0538712702691555
4700,-12.5891,-11.5777,-24.1668,-10.5703,-9.9141,0.8806,0.0,1.0,0.08168385922908783,0.9978540539741516,0.030670925974845886,0.968377947807312,0.58659827709198,0.13942009210586548,0.10867537558078766,0.06082867085933685
4705,-12.3391,-11.7484,-24.0875,-10.2812,-10.0938,0.8373,0.0,0.9997366070747375,0.03029411844909191,0.9802787899971008,0.016523463651537895,0.9505208134651184,0.5902518630027771,0.1321517378091812,0.11431125551462173,0.05880752578377724
4710,-12.2191,-11.5008,-23.7199,-10.25,-9.9453,0.7974,0.0,0.9996870756149292,0.06003210321068764,0.9744094610214233,0.017045455053448677,0.972842276096344,0.6209965944290161,0.12107431888580322,0.09872512519359589,0.05472636967897415
4715,-12.3566,-12.0227,-24.3793,-10.3672,-10.2266,0.7518,0.0,0.9989082217216492,0.020333239808678627,0.9247211813926697,0.013613861054182053,0.9475446343421936,0.5696128606796265,0.13763214647769928,0.12546642124652863,0.06281094253063202
4720,-11.9113,-12.3684,-24.2797,-10.1484,-10.3359,0.702,0.0,0.9980522394180298,0.01777634210884571,0.7917277812957764,0.004247572738677263,0.9055059552192688,0.5787079930305481,0.12025808542966843,0.13250155746936798,0.06405472755432129
4725,-11.7629,-12.6641,-24.427,-10.125,-10.1719,0.6482,0.0,0.9983542561531067,0.03248633071780205,0.6920172572135925,0.013414634391665459,0.9036458134651184,0.5668143630027771,0.12084110826253891,0.1441231369972229,0.06374377757310867
4730,-11.932,-12.2566,-24.1887,-10.1328,-10.1328,0.5911,0.0,0.9988013505935669,0.031982265412807465,0.757440447807312,0.013289036229252815,0.953497052192688,0.5836831331253052,0.12274564802646637,0.13059701025485992,0.05849657952785492
4735,-11.8223,-12.6121,-24.4344,-10.0391,-10.2266,0.5386,0.0,0.9995208382606506,0.02719326689839363,0.6663010716438293,0.008849557489156723,0.961309552192688,0.5678249597549438,0.12006374448537827,0.1417521834373474,0.06588152796030045
4740,-11.9152,-12.6348,-24.55,-10.1172,-10.1641,0.4851,0.0,0.9993106722831726,0.01894669234752655,0.6973647475242615,0.008820286951959133,0.9341517686843872,0.5638603568077087,0.12103544920682907,0.14011971652507782,0.07050684094429016
4745,-11.9773,-12.6313,-24.6086,-10.1719,-10.2188,0.4327,0.0,0.9996511340141296,0.023853210732340813,0.7126123905181885,0.007361268624663353,0.9356398582458496,0.557097315788269,0.12709887325763702,0.14268501102924347,0.06864117085933685
4750,-11.9617,-11.8211,-23.7828,-10.2656,-9.9844,0.3799,0.0,0.9998102784156799,0.06150726601481438,0.8315602540969849,0.017253277823328972,0.9616815447807312,0.6145833134651184,0.11501087993383408,0.10960821062326431,0.056319963186979294
4755,-12.1207,-12.2625,-24.3832,-10.1719,-10.125,0.341,0.0,0.9985706210136414,0.04216867312788963,0.7979646921157837,0.01007706020027399,0.953497052192688,0.5710510015487671,0.12904228270053864,0.12985852360725403,0.06557058542966843
4760,-11.8723,-12.4887,-24.3609,-10.1406,-10.1406,0.282,0.0,0.9999318718910217,0.038242731243371964,0.7288752198219299,0.01233806274831295,0.9140625,0.5706234574317932,0.12297885864973068,0.1389147937297821,0.06300528347492218
4765,-11.7379,-13.273,-25.0109,-10.3438,-10.2969,0.2241,0.0,0.9986831545829773,0.027849741280078888,0.6068457365036011,0.013005780056118965,0.871279776096344,0.5312888622283936,0.12002487480640411,0.16351833939552307,0.08069030195474625
4770,-11.1664,-13.9332,-25.0996,-10.0625,-10.3438,0.1638,0.0,0.9952103495597839,0.016923654824495316,0.49042144417762756,0.004734848625957966,0.8017113208770752,0.5274797677993774,0.1033504381775856,0.18260261416435242,0.08208955079317093
4775,-10.9699,-14.0191,-24.9891,-10.1562,-10.2969,0.0935,0.0,0.9959915280342102,0.01821061037480831,0.46556416153907776,0.004960317630320787,0.7793898582458496,0.5333099961280823,0.09818097203969955,0.18567319214344025,0.07835821062326431
4780,-11.4074,-13.7547,-25.1621,-10.1797,-10.1797,0.0339,0.0,0.9950801134109497,0.022632312029600143,0.5282449126243591,0.009456264786422253,0.8314732313156128,0.5214163661003113,0.11162935197353363,0.18027052283287048,0.08220615983009338
4785,-10.9887,-14.1305,-25.1191,-10.0078,-10.3828,0.0,0.0,0.9944940209388733,0.028415726497769356,0.453509658575058,0.007561436854302883,0.8002232313156128,0.5223880410194397,0.0998523011803627,0.19103699922561646,0.08224502205848694
4790,-11.4867,-12.9867,-24.4734,-10.1406,-10.0938,0.0,0.0,0.9978209137916565,0.0530218780040741,0.583968460559845,0.006475985050201416,0.867559552192688,0.5707789063453674,0.10482742637395859,0.14789333939552307,0.0720226988196373
4795,-11.5699,-16.2363,-27.8063,-11.3281,-11.6094,0.0,0.0,0.9925565719604492,0.014623655937612057,0.33476248383522034,0.0024958401918411255,0.6495535969734192,0.39163556694984436,0.09036847203969955,0.2266402393579483,0.18687811493873596
4800,-12.218,-19.0816,-31.2996,-12.2188,-16.8828,0.0,0.0889,0.9917415976524353,0.011412268504500389,0.22297848761081696,0.0018422992434352636,0.466889888048172,0.21179260313510895,0.08173973858356476,0.28552550077438354,0.31646454334259033
4805,-10.7535,-18.0484,-28.802,-10.2891,-14.0391,0.0,0.2181,0.9872807860374451,0.01075268816202879,0.24433740973472595,0.001562194898724556,0.5379464030265808,0.3147543668746948,0.08313899487257004,0.2985852062702179,0.19904384016990662
4810,-11.0605,-14.9594,-26.0199,-10.1562,-10.5078,0.0,0.2597,0.9953086376190186,0.012369539588689804,0.39884182810783386,0.0032409075647592545,0.7518601417541504,0.4722481369972229,0.10055192559957504,0.21478544175624847,0.10793688148260117
4815,-11.3512,-15.5969,-26.948,-10.5938,-10.5703,0.0,0.3076,0.9953112006187439,0.02187260240316391,0.38967055082321167,0.0010726735927164555,0.6938244104385376,0.4227689802646637,0.10129041969776154,0.22652363777160645,0.1449393630027771
4820,-11.7789,-17.1367,-28.9156,-11.8594,-11.7422,0.0,0.3249,0.9931026101112366,0.03338334709405899,0.33229997754096985,0.0016420361353084445,0.601934552192688,0.315570592880249,0.10362251102924347,0.26329290866851807,0.21303637325763702
4825,-11.2379,-17.6445,-28.8824,-12.2656,-13.1328,0.0,0.3957,0.9892822504043579,0.016989145427942276,0.2623881995677948,0.0010764262406155467,0.5654761791229248,0.322761207818985,0.0823616310954094,0.2737484574317932,0.21665112674236298
4830,-12.027,-18.0809,-30.1078,-12.6484,-12.8828,0.0,0.4989,0.9951264262199402,0.01893354021012783,0.2949110269546509,0.002838362706825137,0.5520833134651184,0.2552083432674408,0.1005907952785492,0.2795397937297821,0.2601834535598755
4835,-11.3637,-18.9867,-30.3504,-11.9531,-12.5859,0.0,0.597,0.9880775213241577,0.012992831878364086,0.235139861702919,0.0007395355496555567,0.4996279776096344,0.23472481966018677,0.0867537334561348,0.3112562298774719,0.2627876102924347
4840,-12.9496,-21.4,-34.3496,-16.6797,-17.875,0.0,0.7659,0.9790675640106201,0.015187849290668964,0.13587449491024017,0.0005845999694429338,0.2317708283662796,0.0817008689045906,0.04862406849861145,0.2997901141643524,0.4654073417186737
4845,-14.1211,-22.4602,-36.5813,-19.125,-20.4375,0.0,0.9784,0.8986666798591614,0.015789473429322243,0.05755925178527832,0.000322747218888253,0.0770089253783226,0.01457555964589119,0.01476990059018135,0.26403141021728516,0.6021454930305481
4850,-13.7914,-21.2609,-35.0523,-18.3359,-17.6562,0.0,1.1642,0.9672130942344666,0.1796875,0.13426192104816437,0.007797123398631811,0.1755952388048172,0.06164490059018135,0.049751244485378265,0.2706778645515442,0.5134483575820923
4855,-14.6723,-21.8418,-36.5141,-18.9219,-20.0469,0.0,1.3483,0.887417197227478,0.02749638259410858,0.10870978236198425,0.00019241870904807,0.1130952388048172,0.023476367816329002,0.026857897639274597,0.23919464647769928,0.6059934496879578
4860,-13.7922,-21.9988,-35.791,-17.875,-19.1172,0.0,1.5483,0.9254278540611267,0.019780220463871956,0.12924790382385254,0.0009198980988003314,0.110863097012043,0.03179415315389633,0.03537002578377724,0.2790733873844147,0.549284815788269
4865,-13.5957,-21.8961,-35.4918,-18.2812,-19.125,0.0,1.7368,0.9203540086746216,0.008823529817163944,0.14432431757450104,0.00029405279201455414,0.1264880895614624,0.03952891752123833,0.03964552283287048,0.28762438893318176,0.5287235975265503
4870,-13.3363,-21.6602,-34.9965,-17.7109,-18.0859,0.0,1.9256,0.9559471607208252,0.02923976629972458,0.16476602852344513,0.001478369114920497,0.1369047611951828,0.05293843150138855,0.04652518779039383,0.29652518033981323,0.49953359365463257
4875,-11.973,-20.7727,-32.7457,-14.8203,-14.9844,0.0,2.0,0.9757775068283081,0.028151774778962135,0.2104196399450302,0.0013438081368803978,0.212797611951828,0.1299751251935959,0.06351057440042496,0.3260261118412018,0.37601056694984436
4880,-12.6047,-19.6676,-32.2723,-14.8828,-14.8359,0.0,2.0,0.988095223903656,0.07612833380699158,0.24520491063594818,0.0013561443192884326,0.2827380895614624,0.16977612674236298,0.07147854566574097,0.2816775441169739,0.37259018421173096
4885,-13.3016,-18.4719,-31.7734,-14.9531,-13.4062,0.0,2.0,0.9938039779663086,0.14576731622219086,0.2939271330833435,0.0035369775723665953,0.3679315447807312,0.20701181888580322,0.0858597606420517,0.24001088738441467,0.3626399338245392
4890,-12.9121,-18.8523,-31.7645,-14.7266,-13.8359,0.0,2.0,0.9964115023612976,0.052585452795028687,0.27635037899017334,0.0020242915488779545,0.4114583432674408,0.19496268033981323,0.08869714289903641,0.26624688506126404,0.3456156849861145
4895,-11.2012,-16.2098,-27.4109,-11.2031,-9.9609,0.0,2.0,0.9958682060241699,0.08453373610973358,0.3725251257419586,0.003833375871181488,0.5725446343421936,0.38568875193595886,0.1025342047214508,0.2552083432674408,0.1520911008119583
4900,-11.4438,-17.8422,-29.2859,-12.3906,-12.0625,0.0,2.0,0.9951425194740295,0.0240679569542408,0.30473750829696655,0.0004943153471685946,0.4207589328289032,0.30406561493873596,0.0823616310954094,0.2732042968273163,0.23589086532592773
4905,-11.1203,-17.6453,-28.7656,-11.5078,-11.5547,0.0,2.0,0.9954144358634949,0.009595959447324276,0.2876909673213959,0.00035606196615844965,0.4616815447807312,0.330573707818985,0.07695895433425903,0.26966729760169983,0.21832245588302612
4910,-11.8707,-17.0352,-28.9059,-11.9453,-11.4766,0.0,2.0,0.9957056045532227,0.06945572793483734,0.34695151448249817,0.0027672084979712963,0.508184552192688,0.3258317708969116,0.09569340944290161,0.2492614984512329,0.22473569214344025
4915,-11.6434,-16.8699,-28.5133,-11.8203,-11.8203,0.0,2.0,0.9957707524299622,0.033376678824424744,0.33211737871170044,0.0007348888320848346,0.5502232313156128,0.34923040866851807,0.08966884016990662,0.24506373703479767,0.21155938506126404
4920,-11.534,-13.3645,-24.8984,-10.5,-9.8438,0.0,2.0,0.9998580813407898,0.09902108460664749,0.5167332887649536,0.010061242617666721,0.8296130895614624,0.5478078126907349,0.10323382914066315,0.15562811493873596,0.08885261416435242
4925,-12.123,-14.3496,-26.4727,-11.0703,-9.7812,0.0,2.0,0.9994074106216431,0.10879629850387573,0.4768112897872925,0.006526674143970013,0.7827380895614624,0.459149569272995,0.11753731220960617,0.18186411261558533,0.1369713991880417
4930,-12.3375,-12.1723,-24.5098,-11.8906,-9.2188,0.0,2.0,0.9993826150894165,0.2322995960712433,0.6808379292488098,0.02056698128581047,0.8991815447807312,0.566581130027771,0.13285136222839355,0.12616604566574097,0.06992381811141968
4935,-12.9508,-11.5844,-24.5352,-13.7188,-8.2109,0.0,1.9817,0.999792754650116,0.3290783762931824,0.7737430334091187,0.035874441266059875,0.9170386791229248,0.5626165866851807,0.15224657952785492,0.11131840944290161,0.0693407952785492
4940,-12.6687,-11.5637,-24.2324,-11.9844,-9.3125,0.0,1.9222,0.9996657371520996,0.2633442282676697,0.8328651785850525,0.018565941601991653,0.9155505895614624,0.5813899040222168,0.14272387325763702,0.11069651693105698,0.0607120655477047
4945,-12.9598,-10.9148,-23.8746,-13.0547,-8.7656,0.0,1.8634,1.0,0.3751949965953827,0.8965221047401428,0.04006046801805496,0.9356398582458496,0.6040889024734497,0.1494869440793991,0.09052394330501556,0.05142257362604141
4950,-12.3582,-11.7383,-24.0965,-10.5391,-9.8594,0.0,1.7843,0.9995399117469788,0.19063052535057068,0.83467036485672,0.016613418236374855,0.9211309552192688,0.591340184211731,0.1319185346364975,0.11143501102924347,0.06082867085933685
4955,-12.759,-10.8793,-23.6383,-11.0625,-9.5859,0.0,1.703,0.9996852874755859,0.4009241759777069,0.8762704133987427,0.024793388321995735,0.9308035969734192,0.6175373196601868,0.1429959535598755,0.08795864135026932,0.04703047126531601
4960,-12.8414,-10.9137,-23.7551,-12.2891,-9.2422,0.0,1.6203,0.9993636012077332,0.39114195108413696,0.8807576298713684,0.031075697392225266,0.925967276096344,0.6107742786407471,0.1456778645515442,0.09029073268175125,0.04877953976392746
4965,-12.4102,-11.4973,-23.9074,-10.8438,-9.8359,0.0,1.5538,0.9994824528694153,0.25173211097717285,0.8443952798843384,0.02275960147380829,0.9196428656578064,0.6008239984512329,0.13463930785655975,0.10541044920682907,0.05464863032102585
4970,-13.0246,-10.9574,-23.982,-11.4297,-9.4844,0.0,1.4764,0.9999343752861023,0.37770670652389526,0.9035159349441528,0.043913714587688446,0.9226190447807312,0.5920398235321045,0.1579602062702179,0.09507151693105698,0.05045086890459061
4975,-13.3367,-10.5852,-23.9219,-13.25,-8.9141,0.0,1.3855,0.9998693466186523,0.446561336517334,0.9332138299942017,0.056020066142082214,0.9315476417541504,0.5950326323509216,0.16728855669498444,0.08671486377716064,0.04648631811141968
4980,-13.8445,-10.2492,-24.0938,-15.1328,-7.8672,0.0,1.293,0.9995937943458557,0.5331858396530151,0.9240506291389465,0.048802945762872696,0.933779776096344,0.5740827322006226,0.19325248897075653,0.08597636967897415,0.04221082106232643
4985,-13.2563,-10.6816,-23.9379,-13.8125,-8.6094,0.0,1.2103,0.9997389316558838,0.4257729649543762,0.9202803373336792,0.04503753036260605,0.933779776096344,0.5954990386962891,0.16468438506126404,0.08873600512742996,0.046602923423051834
4990,-13.3914,-10.6832,-24.0746,-12.9531,-9.1328,0.0,1.121,0.9993978142738342,0.42700648307800293,0.9236483573913574,0.055879898369312286,0.9363839030265808,0.5808846354484558,0.17385727167129517,0.09417755156755447,0.046602923423051834
4995,-12.4602,-11.0434,-23.5035,-10.5938,-9.8203,0.0,1.0376,0.99863600730896,0.31914278864860535,0.889124870300293,0.036231882870197296,0.9322916865348816,0.6269045472145081,0.13421174883842468,0.09149564802646637,0.04291044920682907
5000,-12.6777,-11.309,-23.9867,-10.6875,-9.75,0.0,0.9766,0.9997380971908569,0.2810492515563965,0.8783382773399353,0.029985006898641586,0.9229910969734192,0.5936722755432129,0.14521144330501556,0.10478855669498444,0.051850125193595886
