it,s,o,w,s20,o20,lam_s,lam_c,pCC,pCD,pDC,pDD,pSTART,vCC,vCD,vDC,vDD
0,-20.9305,-12.0488,-32.9793,-24.875,-9.6875,0.5,0.5,0.4738219976425171,0.5021710991859436,0.47984886169433594,0.5148568749427795,0.4970238208770752,0.08908581733703613,0.3580534756183624,0.09258395433425903,0.35579913854599
5,-21.6488,-10.6367,-32.2855,-25.0781,-9.3984,1.0325,0.3435,0.553584635257721,0.5439286231994629,0.6247443556785583,0.6129275560379028,0.5342261791229248,0.10517723858356476,0.40523943305015564,0.07602611929178238,0.3090795874595642
10,-20.9055,-11.7051,-32.6105,-24.9062,-9.3672,1.2117,0.2691,0.489876925945282,0.5020986199378967,0.5354394316673279,0.5374325513839722,0.5918898582458496,0.09790889173746109,0.37041357159614563,0.09596548229455948,0.3312344551086426
15,-19.8105,-13.9289,-33.7395,-23.2969,-12.4922,1.3633,0.2645,0.39570102095603943,0.4074628949165344,0.4329861104488373,0.4175487458705902,0.4110863208770752,0.07956311851739883,0.2854088842868805,0.11194030195474625,0.4186100661754608
20,-18.4629,-15.9645,-34.4273,-23.6094,-11.8203,1.4953,0.2912,0.30471381545066833,0.32529693841934204,0.3384488821029663,0.3283756673336029,0.2916666567325592,0.06926306337118149,0.21925528347492218,0.14182990789413452,0.46517413854599
25,-20.1266,-13.5676,-33.6941,-24.25,-10.8438,1.6208,0.3099,0.38561075925827026,0.39879271388053894,0.43887487053871155,0.44762536883354187,0.4497767984867096,0.07509328424930573,0.30262747406959534,0.10778140276670456,0.41002020239830017
30,-22.1582,-9.6086,-31.7668,-25.625,-8.0938,1.8107,0.2445,0.602642297744751,0.6060499548912048,0.6462180018424988,0.649200439453125,0.6316964030265808,0.11473880708217621,0.4432913661003113,0.06525964289903641,0.2722325921058655
35,-23.277,-7.4273,-30.7043,-27.1562,-5.1719,2.0,0.1008,0.7201807498931885,0.7243223190307617,0.725335419178009,0.7429831624031067,0.7514880895614624,0.12904228270053864,0.5233597755432129,0.04924595728516579,0.19387437403202057
40,-24.3129,-6.0059,-30.3188,-27.6406,-3.9688,2.0,0.0,0.7761743664741516,0.7856382131576538,0.7596471905708313,0.8033766150474548,0.824404776096344,0.12659358978271484,0.5840329527854919,0.03525342047214508,0.14964240789413452
45,-24.8324,-5.2223,-30.0547,-28.0781,-3.4922,2.0,0.0,0.8268628716468811,0.8298329710960388,0.80027174949646,0.8204118609428406,0.8065476417541504,0.12414489686489105,0.6144278645515442,0.028606964275240898,0.1283426582813263
50,-25.0746,-5.0355,-30.1102,-27.8281,-4.1797,2.0,0.0,0.8341968655586243,0.823628306388855,0.8419354557991028,0.8348091840744019,0.8482142686843872,0.12002487480640411,0.6241060495376587,0.024098258465528488,0.12729321420192719
55,-24.6766,-5.4648,-30.1414,-28.0,-3.7188,2.0,0.0,0.8056768774986267,0.8097538948059082,0.803108811378479,0.8327683806419373,0.8273809552192688,0.12461131811141968,0.6033115386962891,0.03000621870160103,0.13759328424930573
60,-24.8457,-5.5625,-30.4082,-28.0156,-3.7109,2.0,0.0,0.7934080958366394,0.8006024956703186,0.7963224649429321,0.7951425313949585,0.8303571343421936,0.11438899487257004,0.6064209938049316,0.027479788288474083,0.14723259210586548
65,-23.7238,-6.8488,-30.5727,-27.1406,-5.3672,2.0,0.0,0.7584657073020935,0.7491833567619324,0.75,0.7502723932266235,0.7801339030265808,0.12970304489135742,0.5473414063453674,0.04011194035410881,0.17836597561836243
70,-23.6348,-7.2848,-30.9195,-27.0938,-5.3906,2.0,0.0,0.7010443806648254,0.7182891964912415,0.7173144817352295,0.7488970160484314,0.7708333134651184,0.11909203976392746,0.5298118591308594,0.043998755514621735,0.20261971652507782
75,-23.1211,-8.0742,-31.1953,-26.8281,-5.8984,2.0,0.0,0.6945358514785767,0.696556031703949,0.6897866129875183,0.6783373355865479,0.703125,0.1180814653635025,0.5010883212089539,0.05099502578377724,0.22535759210586548
80,-23.2055,-7.7215,-30.927,-27.2969,-4.8203,2.0,0.0,0.7057704329490662,0.7074670195579529,0.6860551834106445,0.733184278011322,0.7232142686843872,0.12259017676115036,0.5122045874595642,0.05212220177054405,0.20860540866851807
85,-24.6691,-5.1973,-29.8664,-27.8594,-3.9766,2.0,0.0,0.8115984797477722,0.8314183354377747,0.8518041372299194,0.8484848737716675,0.836309552192688,0.13203513622283936,0.6089085936546326,0.030161691829562187,0.12441697716712952
90,-25.5605,-3.916,-29.4766,-28.5469,-2.6953,2.0,0.0,0.8810811042785645,0.8904951214790344,0.8803245425224304,0.8606287837028503,0.898809552192688,0.12943096458911896,0.6641013622283936,0.019162002950906754,0.08282804489135742
95,-25.3051,-4.5523,-29.8574,-28.2656,-3.0234,2.0,0.0,0.8490269780158997,0.8444930911064148,0.8642857074737549,0.8835496306419373,0.8820684552192688,0.12383395433425903,0.6391091346740723,0.021766168996691704,0.11081311851739883
100,-26.002,-3.4609,-29.4629,-28.7812,-2.2031,2.0,0.0,0.9025641083717346,0.9080251455307007,0.9035812616348267,0.8968421220779419,0.875,0.12126865983009338,0.6862950921058655,0.014109142124652863,0.07384949922561646
105,-26.3516,-2.7219,-29.0734,-29.2969,-1.0078,2.0,0.0,0.9544501304626465,0.9377831220626831,0.9438202381134033,0.961730420589447,0.9315476417541504,0.12970304489135742,0.7121812701225281,0.006918532308191061,0.04671952873468399
110,-26.2621,-2.9559,-29.218,-29.0,-1.7188,2.0,0.0,0.9293087124824524,0.9250938296318054,0.927756667137146,0.9528688788414001,0.9315476417541504,0.12426150590181351,0.7041355967521667,0.010222326032817364,0.05690298601984978
115,-25.8707,-3.6531,-29.5238,-28.3594,-3.0703,2.0,0.0,0.9002813100814819,0.8997816443443298,0.8410958647727966,0.869816780090332,0.8809523582458496,0.12433923780918121,0.6763837337493896,0.014186877757310867,0.08061256259679794
120,-26.1566,-2.9992,-29.1559,-29.3125,-1.1875,2.0,0.0,0.9207409620285034,0.9264217615127563,0.9678456783294678,0.966176450252533,0.9285714030265808,0.12799285352230072,0.7025808691978455,0.012087997049093246,0.052860695868730545
125,-26.1684,-3.0672,-29.2355,-29.0312,-1.7031,2.0,0.0,0.9303951263427734,0.9197739362716675,0.9586777091026306,0.9520219564437866,0.9226190447807312,0.12787623703479767,0.7015314102172852,0.009406094439327717,0.056708645075559616
130,-25.7703,-3.6195,-29.3898,-28.7031,-2.3359,2.0,0.0,0.9067822098731995,0.8964386582374573,0.8927614092826843,0.8886023759841919,0.925595223903656,0.13009172677993774,0.6755674481391907,0.01449782308191061,0.07536535710096359
135,-24.9773,-4.8633,-29.8406,-28.4219,-2.6641,2.0,0.0,0.8222021460533142,0.8333955407142639,0.8878923654556274,0.8794897794723511,0.8839285969734192,0.12919776141643524,0.6245335936546326,0.026002798229455948,0.11578824371099472
140,-25.8813,-3.7375,-29.6187,-28.3906,-3.0547,2.0,0.0,0.9078737497329712,0.8819875717163086,0.9473684430122375,0.9094772338867188,0.8839285969734192,0.12192941457033157,0.6695817708969116,0.012554415501654148,0.09145677834749222
145,-24.6914,-5.4715,-30.1629,-27.4219,-4.7578,2.0,0.0,0.8491603136062622,0.7877455949783325,0.8547655344009399,0.8334251046180725,0.8776041865348816,0.12729321420192719,0.6013681888580322,0.02569185383617878,0.14116916060447693
150,-24.5312,-6.0613,-30.5926,-26.4609,-6.7266,2.0,0.0,0.8568274974822998,0.7585114240646362,0.8756476640701294,0.7473636865615845,0.8348214030265808,0.12325093150138855,0.5765314102172852,0.022504664957523346,0.17323538661003113
155,-23.2602,-8.2684,-31.5285,-24.8516,-9.6172,2.0,0.0,0.7939615249633789,0.6540420055389404,0.7755101919174194,0.6236492991447449,0.7273065447807312,0.11714863032102585,0.48849502205848694,0.038090795278549194,0.251787930727005
160,-23.6637,-7.4133,-31.077,-24.8047,-9.8047,2.0,0.0,0.8409227132797241,0.7193669676780701,0.8167155385017395,0.6318261027336121,0.7217261791229248,0.12974192202091217,0.5157804489135742,0.026508085429668427,0.22349192202091217
165,-24.4062,-6.2117,-30.618,-25.3047,-9.1094,2.0,0.0,0.8729397654533386,0.7599422335624695,0.8895833492279053,0.7178502678871155,0.7994791865348816,0.12970304489135742,0.564909815788269,0.018656715750694275,0.18225279450416565
170,-24.5223,-5.7816,-30.3039,-25.7734,-8.0547,2.0,0.0,0.9036110043525696,0.787874698638916,0.8414096832275391,0.7253788113594055,0.824032723903656,0.13669931888580322,0.5769978165626526,0.017646145075559616,0.16417910158634186
175,-24.6223,-5.918,-30.5402,-26.2578,-7.0625,2.0,0.0,0.9136711955070496,0.7786969542503357,0.8531855940818787,0.6723915934562683,0.8504464030265808,0.1319185346364975,0.5685245394706726,0.014031405560672283,0.18104788661003113
180,-23.684,-7.5695,-31.2535,-24.3984,-10.6172,2.0,0.0,0.8860759735107422,0.7169739007949829,0.7396825551986694,0.5890099406242371,0.7087053656578064,0.1258939653635025,0.5060634613037109,0.02448694035410881,0.23907804489135742
185,-23.2695,-8.0844,-31.3539,-23.5547,-12.1641,2.0,0.0,0.8450497984886169,0.6791893839836121,0.7738896608352661,0.5864979028701782,0.7373511791229248,0.13269589841365814,0.48523008823394775,0.028879042714834213,0.24871735274791718
190,-23.3617,-8.2258,-31.5875,-23.9141,-11.8672,2.0,0.0,0.8321051001548767,0.688524603843689,0.7785235047340393,0.5593042373657227,0.683407723903656,0.12130752205848694,0.48604634404182434,0.028956778347492218,0.2592117488384247
195,-23.0414,-8.959,-32.0004,-23.1953,-13.0,2.0,0.0,0.8352591395378113,0.6392697691917419,0.7209876775741577,0.529669463634491,0.6744791865348816,0.11773165315389633,0.4535136818885803,0.03148321062326431,0.2927938401699066
200,-22.3102,-9.8051,-32.1152,-22.7031,-13.9609,2.0,0.0,0.8350762128829956,0.6275771856307983,0.6677384972572327,0.4511876702308655,0.6633184552192688,0.13009172677993774,0.41662779450416565,0.03626399114727974,0.31253886222839355
205,-23.4563,-8.0988,-31.5551,-23.5391,-12.1719,2.0,0.0,0.8580931425094604,0.6765734553337097,0.8148148059844971,0.5707412362098694,0.722842276096344,0.12270677834749222,0.489116907119751,0.0251865666359663,0.25851213932037354
210,-20.4027,-13.1266,-33.5293,-21.1328,-16.8438,2.0,0.0,0.7298482060432434,0.5180186033248901,0.5190249681472778,0.2967042922973633,0.5137648582458496,0.11524409055709839,0.28797417879104614,0.06537624448537827,0.4269278645515442
215,-20.0914,-13.7176,-33.809,-21.0078,-17.3281,2.0,0.0,0.6703770160675049,0.4902220368385315,0.5246684551239014,0.29250583052635193,0.4456845223903656,0.10824782401323318,0.264342337846756,0.07326647639274597,0.44966572523117065
220,-21.0531,-12.2887,-33.3418,-21.5938,-16.2734,2.0,0.0,0.7571094036102295,0.5540673136711121,0.5871492028236389,0.3328913748264313,0.4866071343421936,0.11617692559957504,0.3163090944290161,0.05262748897075653,0.4104088842868805
225,-22.7949,-9.3746,-32.1695,-22.25,-14.7734,2.0,0.0,0.8334386944770813,0.6388235092163086,0.7696629166603088,0.4784323275089264,0.6514136791229248,0.12297885864973068,0.42949315905570984,0.027674129232764244,0.31537625193595886
230,-23.0359,-8.6418,-31.6777,-23.0547,-12.9531,2.0,0.0,0.8346222639083862,0.6517110466957092,0.7986486554145813,0.5697592496871948,0.656622052192688,0.13067474961280823,0.46000465750694275,0.028762437403202057,0.27608054876327515
235,-23.4176,-8.1199,-31.5375,-24.1094,-11.4766,2.0,0.0,0.8424953818321228,0.6515272855758667,0.8307692408561707,0.6236833930015564,0.7165178656578064,0.12585510313510895,0.4860852062702179,0.025264304131269455,0.2583177983760834
240,-22.7359,-9.1328,-31.8687,-23.0234,-12.8047,2.0,0.0,0.8166311383247375,0.6106492280960083,0.7637614607810974,0.5624752640724182,0.679315447807312,0.1276041716337204,0.4394434094429016,0.03389303386211395,0.2945817708969116
245,-23.452,-8.2105,-31.6625,-24.1875,-11.1562,2.0,0.0,0.8565953373908997,0.6202634572982788,0.8132045269012451,0.6623747944831848,0.691220223903656,0.12169620394706726,0.47800061106681824,0.02413712628185749,0.27168843150138855
250,-22.7879,-9.0113,-31.7992,-23.8203,-11.7266,2.0,0.0,0.8297936916351318,0.5953018665313721,0.7431629300117493,0.6111414432525635,0.659970223903656,0.12810945510864258,0.450054407119751,0.03268812224268913,0.2846704125404358
255,-23.9758,-7.2004,-31.1762,-24.8438,-9.8672,2.0,0.0,0.875432550907135,0.6745279431343079,0.8308550119400024,0.7130317091941833,0.7767857313156128,0.12356188148260117,0.5207944512367249,0.020911069586873055,0.23025497794151306
260,-25.2473,-4.6117,-29.859,-26.875,-5.875,2.0,0.0,0.9301990270614624,0.8245559930801392,0.9391891956329346,0.8758819699287415,0.8761160969734192,0.1347559094429016,0.628070592880249,0.011504975147545338,0.12119092047214508
265,-24.7191,-6.0535,-30.7727,-26.1797,-7.4062,2.0,0.0,0.9058974981307983,0.7354790568351746,0.8729729652404785,0.8275429010391235,0.7209821343421936,0.1206078976392746,0.5748212337493896,0.014381218701601028,0.185712069272995
270,-23.2434,-8.548,-31.7914,-23.6875,-12.0859,2.0,0.0,0.8662519454956055,0.6078332662582397,0.7615131735801697,0.6543243527412415,0.6086309552192688,0.12496113032102585,0.46245336532592773,0.02363184094429016,0.28447607159614563
275,-23.0531,-8.6578,-31.7109,-24.1328,-11.2188,2.0,0.0,0.8574923276901245,0.5810765027999878,0.8040000200271606,0.6852157115936279,0.6186755895614624,0.12709887325763702,0.4563899338245392,0.02915111929178238,0.2828824520111084
280,-22.6734,-9.4043,-32.0777,-23.1719,-12.7891,2.0,0.0,0.8255923986434937,0.5500938296318054,0.768278956413269,0.6392202377319336,0.5561755895614624,0.12301772087812424,0.4348958432674408,0.03455379232764244,0.3030550479888916
285,-23.0199,-8.5461,-31.566,-24.7188,-9.8594,2.0,0.0,0.8245509266853333,0.570833683013916,0.8281829357147217,0.75755375623703,0.597470223903656,0.12981964647769928,0.46668997406959534,0.03144434094429016,0.2675684094429016
290,-22.9621,-8.6887,-31.6508,-24.6484,-10.2344,2.0,0.0,0.8406810760498047,0.554224967956543,0.8186101317405701,0.7328222393989563,0.636532723903656,0.1278373748064041,0.46089863777160645,0.03299906849861145,0.27378731966018677
295,-22.9129,-9.1867,-32.0996,-24.4766,-10.5547,2.0,0.0,0.8126064538955688,0.518703043460846,0.7972545027732849,0.7337998747825623,0.5059523582458496,0.11407804489135742,0.4447294771671295,0.03680814802646637,0.29990673065185547
300,-22.4441,-9.7656,-32.2098,-23.7344,-11.3828,2.0,0.0,0.7820807099342346,0.448888897895813,0.748113214969635,0.7607278823852539,0.4828869104385376,0.11843127757310867,0.4197761118412018,0.04120025038719177,0.31611475348472595
305,-22.1164,-10.1375,-32.2539,-24.0625,-10.9609,2.0,0.0,0.7847735285758972,0.3817557990550995,0.7822185754776001,0.7914738059043884,0.464657723903656,0.12099657952785492,0.40776586532592773,0.047652363777160645,0.3191075921058655
310,-22.6371,-9.6094,-32.2465,-23.5859,-12.4531,2.0,0.0,0.8175393342971802,0.4682372212409973,0.7568862438201904,0.7393376231193542,0.474702388048172,0.12099657952785492,0.4240127503871918,0.03245491161942482,0.3180581331253052
315,-22.118,-10.132,-32.25,-23.2969,-12.75,2.0,0.0,0.7945420145988464,0.42665767669677734,0.7359500527381897,0.7376421093940735,0.4516369104385376,0.12391169369220734,0.40329602360725403,0.04357120767235756,0.32474347949028015
320,-22.6684,-9.4426,-32.1109,-24.2344,-11.1328,2.0,0.0,0.8074694275856018,0.41795581579208374,0.828478991985321,0.8369120359420776,0.5100446343421936,0.12072449922561646,0.4346626102924347,0.036030784249305725,0.3041044771671295
325,-22.4094,-9.9242,-32.3336,-23.5938,-12.25,2.0,0.0,0.813629150390625,0.41737309098243713,0.7459105849266052,0.7586491703987122,0.4501488208770752,0.12262903898954391,0.40807679295539856,0.0356421023607254,0.3291744291782379
330,-22.6195,-9.2297,-31.8492,-24.7578,-10.0625,2.0,0.0,0.8086727261543274,0.4442743957042694,0.8049353957176208,0.8548513054847717,0.498139888048172,0.1326570212841034,0.43174752593040466,0.033076804131269455,0.29804104566574097
335,-22.4902,-9.6289,-32.1191,-24.1719,-10.9531,2.0,0.0,0.7834828495979309,0.3829510509967804,0.8325942158699036,0.8770895004272461,0.4311755895614624,0.1256607621908188,0.41857120394706726,0.03505907952785492,0.3162313401699066
340,-22.75,-9.3707,-32.1207,-24.5781,-10.4922,2.0,0.0,0.8108280301094055,0.38774585723876953,0.8621951341629028,0.891139566898346,0.4538690447807312,0.12204602360725403,0.42883241176605225,0.03187188878655434,0.31277206540107727
345,-22.8238,-9.3215,-32.1453,-24.3594,-10.8594,2.0,0.0,0.837890625,0.3965440094470978,0.8523985147476196,0.8825444579124451,0.4460565447807312,0.11940298229455948,0.43411847949028015,0.03159981220960617,0.3104011118412018
350,-22.493,-9.4008,-31.8938,-23.9062,-11.3672,2.0,0.0,0.8278713822364807,0.4086438715457916,0.8632478713989258,0.8676528334617615,0.4914434552192688,0.12690454721450806,0.43077582120895386,0.04092817008495331,0.29691386222839355
355,-22.8484,-9.2793,-32.1277,-24.0703,-11.4609,2.0,0.0,0.8387728333473206,0.3932342827320099,0.881936252117157,0.8671275973320007,0.515252947807312,0.11909203976392746,0.4343128204345703,0.03292132914066315,0.30919620394706726
360,-22.4254,-9.7492,-32.1746,-24.0938,-11.4609,2.0,0.0,0.8316861987113953,0.38470953702926636,0.8405640125274658,0.8267344832420349,0.435639888048172,0.12585510313510895,0.4128187298774719,0.035836443305015564,0.32101213932037354
365,-22.4832,-9.7168,-32.2,-24.0859,-11.4531,2.0,0.0,0.81632000207901,0.38138025999069214,0.8153200149536133,0.844006359577179,0.4542410671710968,0.12146300077438354,0.4195817708969116,0.037041354924440384,0.31743624806404114
370,-22.325,-10.0625,-32.3875,-23.6562,-12.2422,2.0,0.0,0.776506245136261,0.3796384334564209,0.7845149040222168,0.7982797026634216,0.4430803656578064,0.1154773011803627,0.4085043668746948,0.0416666679084301,0.32987406849861145
375,-22.4234,-9.6254,-32.0488,-24.0781,-11.4688,2.0,0.0,0.8001227974891663,0.3952886760234833,0.8144927620887756,0.8445033431053162,0.5011160969734192,0.12659358978271484,0.4207478165626526,0.04022854566574097,0.3079524338245392
380,-22.8895,-9.1996,-32.0891,-24.1484,-11.1172,2.0,0.0,0.8282368183135986,0.4175560176372528,0.8470149040222168,0.8715584874153137,0.4732142984867096,0.11948072165250778,0.43703359365463257,0.03125,0.307758092880249
385,-22.8586,-9.0188,-31.8773,-24.5312,-10.5859,2.0,0.0,0.8557077646255493,0.4111885726451874,0.885750949382782,0.9057961702346802,0.5007440447807312,0.1276818960905075,0.4404928386211395,0.030278295278549194,0.29706934094429016
390,-23.2258,-8.6734,-31.8992,-24.7656,-10.1172,2.0,0.0,0.8579804301261902,0.4077984094619751,0.9127218723297119,0.9618442058563232,0.5226934552192688,0.11932525038719177,0.4565454125404358,0.026274874806404114,0.2933768630027771
395,-22.6004,-9.2891,-31.8895,-24.5078,-10.5391,2.0,0.0,0.8606042265892029,0.335164338350296,0.9266155362129211,0.9651443958282471,0.453125,0.12993626296520233,0.4245569109916687,0.03548663109540939,0.30554258823394775
400,-22.957,-9.0117,-31.9688,-24.6172,-10.4141,2.0,0.0,0.8314926028251648,0.3521844148635864,0.9259259104728699,0.9763948321342468,0.5007440447807312,0.12317319959402084,0.435051292181015,0.029384328052401543,0.30791357159614563
405,-22.7574,-9.4039,-32.1613,-24.3828,-10.8594,2.0,0.0,0.8356823921203613,0.3344191014766693,0.8973842859268188,0.9518862366676331,0.425595223903656,0.11306747794151306,0.42957088351249695,0.038634948432445526,0.31424906849861145
410,-23.093,-8.673,-31.766,-24.4609,-10.5156,2.0,0.0,0.8642922639846802,0.40827539563179016,0.9270976781845093,0.9632779955863953,0.5357142686843872,0.12659358978271484,0.45277518033981323,0.028257152065634727,0.28789645433425903
415,-23.1355,-8.5797,-31.7152,-24.4844,-10.5391,2.0,0.0,0.8799754977226257,0.42322733998298645,0.9530386924743652,0.9696761965751648,0.496279776096344,0.1269434094429016,0.45716729760169983,0.02814054675400257,0.2832711338996887
420,-22.7898,-9.2137,-32.0035,-24.2891,-10.7422,2.0,0.0,0.8451882600784302,0.3629801273345947,0.9014084339141846,0.9505712985992432,0.4542410671710968,0.1207633689045906,0.43613961338996887,0.03587530925869942,0.3027440905570984
425,-23.0172,-8.8609,-31.8781,-24.4297,-10.6484,2.0,0.0,0.8659601211547852,0.38349899649620056,0.9233817458152771,0.9718401432037354,0.4605654776096344,0.12468905746936798,0.4418920874595642,0.029423195868730545,0.29951804876327515
430,-22.9488,-9.143,-32.0918,-24.4453,-10.8047,2.0,0.0,0.8450148105621338,0.36492133140563965,0.910780668258667,0.949779748916626,0.441592276096344,0.11812033504247665,0.43722793459892273,0.031366605311632156,0.30880752205848694
435,-22.9469,-8.9969,-31.9437,-24.4688,-10.5703,2.0,0.0,0.8596209287643433,0.3959190845489502,0.924411416053772,0.947409451007843,0.4289434552192688,0.12099657952785492,0.4438354969024658,0.031366605311632156,0.299323707818985
440,-22.9254,-8.8758,-31.8012,-24.6406,-10.4609,2.0,0.0,0.8652912378311157,0.3919650614261627,0.925000011920929,0.9633660912513733,0.4895833432674408,0.12810945510864258,0.44504043459892273,0.0295398011803627,0.29283270239830017
445,-22.3453,-9.6844,-32.0297,-24.4609,-10.7031,2.0,0.0,0.7988165616989136,0.31012481451034546,0.8922101259231567,0.9630639553070068,0.4118303656578064,0.12480565905570984,0.4142179787158966,0.04291044920682907,0.31358832120895386
450,-22.2715,-9.8555,-32.127,-24.7031,-10.2656,2.0,0.0,0.7945773601531982,0.27999231219291687,0.8756388425827026,0.9703124761581421,0.3705357015132904,0.12185168266296387,0.40465641021728516,0.04563121870160103,0.323383092880249
455,-21.7941,-10.5945,-32.3887,-24.5859,-10.2656,2.0,0.0,0.6507128477096558,0.23060540854930878,0.7990559935569763,0.947771430015564,0.3645833432674408,0.1145055964589119,0.38327890634536743,0.05764148011803627,0.3400963842868805
460,-21.6445,-11.0262,-32.6707,-24.5234,-10.5312,2.0,0.0,0.6161395907402039,0.19880840182304382,0.753948986530304,0.9135081768035889,0.3389136791229248,0.10692630708217621,0.37185168266296387,0.06397698819637299,0.3527674078941345
465,-21.1617,-11.7457,-32.9074,-24.4844,-10.6562,2.0,0.0,0.4967194199562073,0.12974433600902557,0.7261601090431213,0.9094598889350891,0.231398805975914,0.10070739686489105,0.34511038661003113,0.07622046023607254,0.37348413467407227
470,-21.0215,-11.5867,-32.6082,-24.3516,-10.5938,2.0,0.0,0.48807018995285034,0.1818181872367859,0.7663230299949646,0.907341480255127,0.3125,0.11077425628900528,0.35614892840385437,0.07917443662881851,0.3494247496128082
475,-21.902,-10.6297,-32.5316,-24.6094,-10.4766,2.0,0.0,0.6039885878562927,0.21817263960838318,0.8367347121238708,0.9462571740150452,0.3828125,0.10914178937673569,0.3849891126155853,0.05713619291782379,0.3442552983760834
480,-21.7902,-10.4805,-32.2707,-24.6719,-10.2344,2.0,0.0,0.6383988857269287,0.21788537502288818,0.8718108534812927,0.969037652015686,0.4661458432674408,0.1145833358168602,0.39334577322006226,0.06246113032102585,0.3251321613788605
485,-21.6684,-10.6867,-32.3551,-24.6562,-10.2422,2.0,0.0,0.5984951853752136,0.23047465085983276,0.828519880771637,0.9552221298217773,0.3854166567325592,0.11365050077438354,0.38568875193595886,0.06459888070821762,0.33158427476882935
490,-21.6879,-10.8023,-32.4902,-24.6797,-10.2422,2.0,0.0,0.5669957399368286,0.23303326964378357,0.8234212398529053,0.9481924772262573,0.3325892984867096,0.11023010313510895,0.3842895030975342,0.0633939653635025,0.33760884404182434
495,-21.6789,-10.818,-32.4969,-24.625,-10.3047,2.0,0.0,0.5665732026100159,0.22309818863868713,0.8224592208862305,0.9571671485900879,0.3020833432674408,0.11092972755432129,0.3796253204345703,0.06195584684610367,0.3430114984512329
500,-21.5645,-11.0996,-32.6641,-24.5938,-10.4141,2.0,0.0,0.5319693088531494,0.20522110164165497,0.7625814080238342,0.916567325592041,0.3177083432674408,0.10638215392827988,0.36477768421173096,0.06564831733703613,0.3587142527103424
505,-21.5609,-11.15,-32.7109,-24.7578,-10.1562,2.0,0.0,0.5417138338088989,0.20400041341781616,0.782484233379364,0.9229246973991394,0.28125,0.10296175628900528,0.37115204334259033,0.06790267676115036,0.3535059094429016
510,-21.3246,-11.4117,-32.7363,-24.3047,-10.9219,2.0,0.0,0.519509494304657,0.19815470278263092,0.7830802798271179,0.8923127055168152,0.2868303656578064,0.10459421575069427,0.3622901141643524,0.07167288661003113,0.35696518421173096
515,-21.3676,-11.5098,-32.8773,-24.1016,-11.0703,2.0,0.0,0.5205108523368835,0.18283501267433167,0.7569031119346619,0.8957147598266602,0.2485119104385376,0.10043532401323318,0.3613961338996887,0.07178948819637299,0.3619014322757721
520,-21.352,-11.2422,-32.5941,-24.4922,-10.5469,2.0,0.0,0.531478762626648,0.23241271078586578,0.7645844221115112,0.902233362197876,0.3125,0.10618781298398972,0.37293997406959534,0.07528762519359589,0.34110695123672485
525,-21.5863,-10.9527,-32.5391,-24.7734,-10.0078,2.0,0.0,0.544194757938385,0.2706463634967804,0.7970858216285706,0.9030232429504395,0.310639888048172,0.10377798229455948,0.38545554876327515,0.0720226988196373,0.33426615595817566
530,-21.5059,-11.0164,-32.5223,-24.6797,-9.9609,2.0,0.0,0.540361225605011,0.22166599333286285,0.7962382435798645,0.919881284236908,0.4542410671710968,0.10544931888580322,0.38821518421173096,0.07439365983009338,0.3274642527103424
535,-20.2789,-12.8586,-33.1375,-24.3438,-10.75,2.0,0.0,0.35122570395469666,0.13514168560504913,0.6191187500953674,0.8055042028427124,0.2340029776096344,0.0919620618224144,0.3209732472896576,0.1040889322757721,0.3784981369972229
540,-19.4789,-14.059,-33.5379,-23.4766,-12.0156,2.0,0.0,0.2980044484138489,0.0996563583612442,0.5258536338806152,0.6909439563751221,0.181547611951828,0.0876476988196373,0.28276586532592773,0.11951959133148193,0.4055892527103424
545,-19.7512,-14.0066,-33.7578,-23.8125,-11.6719,2.0,0.0,0.308816134929657,0.11171885579824448,0.4813457727432251,0.6689013242721558,0.1897321492433548,0.0771532952785492,0.2842428386211395,0.11668221652507782,0.41744402050971985
550,-19.9078,-13.7824,-33.6902,-24.3828,-10.7188,2.0,0.0,0.2435515820980072,0.08146179467439651,0.5024204850196838,0.7327236533164978,0.1819196492433548,0.07835821062326431,0.2924829125404358,0.11240671575069427,0.412274569272995
555,-19.957,-13.8762,-33.8332,-24.4609,-10.5859,2.0,0.0,0.21797101199626923,0.09470642358064651,0.47818902134895325,0.7084113955497742,0.189360111951828,0.06704757362604141,0.2959032952785492,0.11761505156755447,0.4149564802646637
560,-18.8684,-14.85,-33.7184,-23.8281,-11.4062,2.0,0.0068,0.21502836048603058,0.0972098559141159,0.4132581055164337,0.6323654055595398,0.2154017835855484,0.08224502205848694,0.2618936598300934,0.1377876251935959,0.41359609365463257
565,-18.8047,-15.5176,-34.3223,-23.9922,-11.3594,2.0,0.0323,0.16869787871837616,0.05852172523736954,0.329833060503006,0.5669557452201843,0.1517857164144516,0.06059546023607254,0.24242070317268372,0.14435634016990662,0.4481498897075653
570,-19.1695,-14.8465,-34.016,-23.9922,-11.2891,2.0,0.0529,0.220122292637825,0.07338493317365646,0.3742331266403198,0.6248648762702942,0.1956845223903656,0.06992381811141968,0.26111629605293274,0.13304570317268372,0.43143656849861145
575,-19.0391,-14.8602,-33.8992,-24.1641,-10.8984,2.0,0.0595,0.17274799942970276,0.050014711916446686,0.3887370228767395,0.6639889478683472,0.1726190447807312,0.06817474961280823,0.2642257511615753,0.1421797275543213,0.42094215750694275
580,-19.1676,-14.5434,-33.7109,-24.1875,-10.6172,2.0,0.073,0.1933225691318512,0.05432482063770294,0.42817527055740356,0.7114394903182983,0.1488095223903656,0.07217817008495331,0.2754586338996887,0.14015857875347137,0.4077270030975342
585,-19.4574,-14.4301,-33.8875,-24.4922,-10.2656,2.0,0.082,0.1631079465150833,0.043782345950603485,0.39906102418899536,0.7133463025093079,0.1662946492433548,0.06553171575069427,0.27786847949028015,0.13246268033981323,0.4196595251560211
590,-18.9184,-15.4566,-34.375,-24.4922,-10.3594,2.0,0.1249,0.06739811599254608,0.010006455704569817,0.22840145230293274,0.6459579467773438,0.0799851194024086,0.04959576949477196,0.24082711338996887,0.15026430785655975,0.4548352062702179
595,-19.7094,-14.4172,-34.1266,-24.5391,-10.4062,2.0,0.137,0.10872576385736465,0.024993058294057846,0.3383527994155884,0.7306104302406311,0.1216517835855484,0.05612562224268913,0.2799284756183624,0.12647698819637299,0.43299129605293274
600,-20.082,-13.802,-33.884,-24.6484,-10.2344,2.0,0.1427,0.14060530066490173,0.030884478241205215,0.4311140477657318,0.7833687663078308,0.1491815447807312,0.06164490059018135,0.2957478165626526,0.11792599409818649,0.42020365595817566
605,-20.4699,-13.0742,-33.5441,-24.6562,-10.3594,2.0,0.1321,0.18297402560710907,0.03633452579379082,0.5608351230621338,0.8624927401542664,0.1674107164144516,0.0703125,0.315570592880249,0.10797574371099472,0.40166357159614563
610,-19.3891,-14.4941,-33.8832,-24.5156,-10.3594,2.0,0.1223,0.11293260753154755,0.02630830556154251,0.3697575032711029,0.741433322429657,0.1227678582072258,0.06401585787534714,0.27332088351249695,0.1362328976392746,0.4219527244567871
615,-19.3973,-14.282,-33.6793,-24.6172,-10.2031,2.0,0.1404,0.11046171933412552,0.014412886463105679,0.4163150489330292,0.7776947021484375,0.115699402987957,0.06650342047214508,0.2750699520111084,0.1381763070821762,0.4157727062702179
620,-19.8672,-14.1309,-33.998,-24.5625,-10.3828,2.0,0.1441,0.08973487466573715,0.01888064667582512,0.379214346408844,0.7693434953689575,0.1331845223903656,0.05717506259679794,0.28820741176605225,0.1256607621908188,0.4244791567325592
625,-19.3383,-14.5922,-33.9305,-24.4219,-10.5,2.0,0.1592,0.07888040691614151,0.022331075742840767,0.3318410813808441,0.7463708519935608,0.1049107164144516,0.06110074743628502,0.2697838842868805,0.1389147937297821,0.42572295665740967
630,-20.0129,-13.8688,-33.8816,-24.6719,-10.3516,2.0,0.1658,0.09308338910341263,0.017407605424523354,0.35534289479255676,0.8125803470611572,0.127976194024086,0.06012904271483421,0.2902674078941345,0.12185168266296387,0.4232742488384247
635,-19.6398,-14.0453,-33.6852,-24.5781,-10.2109,2.0,0.1641,0.09611940383911133,0.01975308731198311,0.3729556202888489,0.8174819350242615,0.1149553582072258,0.0651041641831398,0.2833488881587982,0.13308458030223846,0.4139847755432129
640,-20.1617,-13.7516,-33.9133,-24.7656,-10.0234,2.0,0.1662,0.1080000028014183,0.021044325083494186,0.4085667133331299,0.8016877770423889,0.130952388048172,0.05830223858356476,0.29551461338996887,0.11796486377716064,0.4237406849861145
645,-19.6621,-13.634,-33.2961,-24.3125,-10.3438,2.0,0.1559,0.12525562942028046,0.025373518466949463,0.5508005619049072,0.8474456071853638,0.2120535671710968,0.07602611929178238,0.3017723858356476,0.13351212441921234,0.3842117488384247
650,-20.3527,-13.5148,-33.8676,-24.625,-10.2812,2.0,0.1504,0.07409925013780594,0.013789515011012554,0.48022979497909546,0.8217522501945496,0.1052827388048172,0.05717506259679794,0.29877954721450806,0.11501087993383408,0.4245569109916687
655,-19.9738,-13.8074,-33.7812,-24.7188,-10.1406,2.0,0.1511,0.0477386936545372,0.009738942608237267,0.4553990662097931,0.8214548826217651,0.0725446417927742,0.06187811121344566,0.2873522937297821,0.1241837665438652,0.4221082031726837
660,-20.2484,-13.3145,-33.5629,-24.7031,-10.1484,2.0,0.1392,0.06880466639995575,0.011439588852226734,0.5492348670959473,0.8714299201965332,0.1056547611951828,0.06665889173746109,0.3023942708969116,0.11683768779039383,0.40963152050971985
665,-19.741,-13.2957,-33.0367,-24.375,-10.4062,2.0,0.1191,0.11494775116443634,0.020183486863970757,0.6496240496635437,0.8977134823799133,0.1305803507566452,0.08554881811141968,0.2965640425682068,0.1292366236448288,0.38417288661003113
670,-20.6066,-12.6309,-33.2375,-24.6719,-10.1641,2.0,0.0922,0.12649165093898773,0.024911031126976013,0.728890597820282,0.928803563117981,0.134672611951828,0.08142879605293274,0.31673663854599,0.10265080630779266,0.3947061598300934
675,-20.6883,-12.7781,-33.4664,-24.7109,-10.1562,2.0,0.0578,0.12779901921749115,0.029440507292747498,0.631639301776886,0.9058235883712769,0.1160714253783226,0.07116760313510895,0.3181747496128082,0.10171797126531601,0.404462069272995
680,-20.4453,-13.0238,-33.4691,-24.5469,-10.2266,2.0,0.0398,0.11519473046064377,0.027469096705317497,0.5977951884269714,0.8834167122840881,0.1335565447807312,0.07085665315389633,0.3112950921058655,0.1092972606420517,0.4040733873844147
685,-20.3809,-13.1867,-33.5676,-24.625,-10.1875,2.0,0.0137,0.15484969317913055,0.037125296890735626,0.5531988739967346,0.8496356010437012,0.1529017835855484,0.0685245618224144,0.3098958432674408,0.11178482323884964,0.40531715750694275
690,-20.7645,-12.6223,-33.3867,-24.5156,-10.3359,2.0,0.0,0.1879265159368515,0.0401216521859169,0.6542164087295532,0.9028931856155396,0.2410714328289032,0.07404384016990662,0.3322838842868805,0.10094060748815536,0.3882540464401245
695,-20.0852,-13.4816,-33.5668,-24.6172,-10.0859,2.0,0.0,0.11287578195333481,0.020135067403316498,0.5271391868591309,0.8381121158599854,0.2466517835855484,0.0685245618224144,0.3107897937297821,0.12173507362604141,0.39447295665740967
700,-20.3121,-12.9656,-33.2777,-24.5312,-10.2344,2.0,0.0,0.2096608430147171,0.039440955966711044,0.6028724312782288,0.8711815476417542,0.337797611951828,0.07563743740320206,0.32816386222839355,0.1163712665438652,0.37534981966018677
705,-20.0242,-12.9449,-32.9691,-24.5078,-10.2344,2.0,0.0,0.23564954102039337,0.03584657609462738,0.6844006776809692,0.8951552510261536,0.3292410671710968,0.09005752205848694,0.3252876102924347,0.11835354566574097,0.361823707818985
710,-20.4965,-12.9742,-33.4707,-24.7656,-10.1172,2.0,0.0,0.17167139053344727,0.03393881395459175,0.5705779194831848,0.865200936794281,0.290922611951828,0.0686023011803627,0.32524874806404114,0.11096859723329544,0.3907027244567871
715,-20.4547,-12.8117,-33.2664,-24.6719,-10.1641,2.0,0.0,0.21176470816135406,0.04186265170574188,0.6475893259048462,0.8849247097969055,0.2935267984867096,0.07598724961280823,0.33053481578826904,0.1120569035410881,0.3769434094429016
720,-20.2258,-12.666,-32.8918,-24.5312,-10.1875,2.0,0.0,0.2824171185493469,0.052299052476882935,0.7067039012908936,0.9085009694099426,0.337797611951828,0.09262282401323318,0.3322061598300934,0.11131840944290161,0.359375
725,-19.9945,-13.2867,-33.2812,-24.6562,-10.1719,2.0,0.0,0.13023951649665833,0.020888054743409157,0.6144040822982788,0.8695344924926758,0.2317708283662796,0.07789178937673569,0.31075093150138855,0.12196828424930573,0.3849113881587982
730,-19.9105,-13.4395,-33.35,-24.4219,-10.2891,2.0,0.0,0.10969387739896774,0.02194114588201046,0.5954702496528625,0.8612232804298401,0.1409970223903656,0.07618159055709839,0.30115050077438354,0.12356188148260117,0.3946284055709839
735,-20.3012,-13.1375,-33.4387,-24.6875,-10.1562,2.0,0.0,0.12233752012252808,0.017899611964821815,0.6200931668281555,0.8813393115997314,0.1302083283662796,0.07116760313510895,0.31051772832870483,0.11683768779039383,0.39699938893318176
740,-20.3398,-12.9359,-33.2758,-24.625,-10.375,2.0,0.0,0.11941796541213989,0.02168586105108261,0.6908583641052246,0.9025850892066956,0.1696428507566452,0.07746423780918121,0.317241907119751,0.11139614135026932,0.3894200921058655
745,-20.373,-12.7137,-33.0867,-24.3438,-10.4688,2.0,0.0,0.167142853140831,0.023992322385311127,0.7631034255027771,0.9148804545402527,0.2243303507566452,0.0816231369972229,0.32400497794151306,0.1127176582813263,0.3771766126155853
750,-20.2609,-12.8137,-33.0746,-24.6094,-10.0781,2.0,0.0,0.17879891395568848,0.03302730247378349,0.699999988079071,0.8988999724388123,0.3284970223903656,0.08543221652507782,0.3259872496128082,0.11310634016990662,0.3709965944290161
755,-20.243,-12.7734,-33.0164,-24.5938,-10.0391,2.0,0.0,0.18304172158241272,0.036848340183496475,0.7302904725074768,0.9056862592697144,0.3117559552192688,0.08663712441921234,0.3280472755432129,0.11240671575069427,0.3684312701225281
760,-20.152,-13.0363,-33.1883,-24.5938,-10.1094,2.0,0.0,0.1613704115152359,0.04004824906587601,0.65761399269104,0.8751425743103027,0.2801339328289032,0.07828047126531601,0.32221704721450806,0.12021921575069427,0.37480565905570984
765,-20.132,-13.0398,-33.1719,-24.6484,-10.0703,2.0,0.0,0.2066267877817154,0.05684413015842438,0.6142423152923584,0.8527600765228271,0.3645833432674408,0.08446051180362701,0.3234219551086426,0.11516635864973068,0.3724735677242279
770,-20.702,-12.5129,-33.2148,-24.75,-9.7969,2.0,0.0,0.270512193441391,0.05514787510037422,0.6382899880409241,0.8738362789154053,0.5148809552192688,0.07816386967897415,0.34958022832870483,0.10455534607172012,0.36322295665740967
775,-20.3594,-12.7586,-33.118,-24.5781,-10.0938,2.0,0.0,0.20384255051612854,0.03720930218696594,0.6708551645278931,0.8816388249397278,0.5063244104385376,0.08294465392827988,0.3426228165626526,0.11135727912187576,0.35859763622283936
780,-20.141,-12.6715,-32.8125,-24.7578,-9.9219,2.0,0.0,0.2655849754810333,0.0675143450498581,0.6957949995994568,0.8847952485084534,0.527529776096344,0.09102922677993774,0.34542134404182434,0.11831467598676682,0.3407571613788605
785,-20.8719,-11.9879,-32.8598,-24.75,-9.9141,2.0,0.0,0.3571428656578064,0.08467355370521545,0.7388560175895691,0.9148743748664856,0.5554315447807312,0.08869714289903641,0.3649331331253052,0.09853078424930573,0.3433613181114197
790,-20.273,-12.8129,-33.0859,-24.6328,-10.1484,2.0,0.0,0.2225237488746643,0.028144745156168938,0.6813337802886963,0.8811720013618469,0.4918154776096344,0.0859375,0.33834731578826904,0.11306747794151306,0.3581700921058655
795,-20.3188,-13.3508,-33.6695,-24.7266,-10.0781,2.0,0.0,0.16760475933551788,0.024681249633431435,0.517069935798645,0.8054683804512024,0.4505208432674408,0.06215018779039383,0.3322838842868805,0.1172652393579483,0.38382306694984436
800,-19.2223,-14.4691,-33.6914,-24.3594,-10.25,2.0,0.0,0.08143121749162674,0.015677794814109802,0.4367390275001526,0.718707263469696,0.3616071343421936,0.06300528347492218,0.2875854969024658,0.14684391021728516,0.39808768033981323
805,-18.7102,-15.5918,-34.302,-24.5156,-10.0547,2.0,0.0045,0.06095406413078308,0.011462206020951271,0.29260143637657166,0.59660804271698,0.247023805975914,0.043998755514621735,0.25093284249305725,0.16285759210586548,0.4377332031726837
810,-18.8758,-15.5617,-34.4375,-24.4688,-10.2656,2.0,0.0558,0.04420432075858116,0.005469462368637323,0.27512839436531067,0.5956303477287292,0.2585565447807312,0.03956778720021248,0.25583022832870483,0.1589318960905075,0.44119247794151306
815,-18.5426,-15.5836,-34.1262,-24.4375,-10.3281,2.0,0.0859,0.08744939416646957,0.014210919849574566,0.2714942395687103,0.604178249835968,0.378720223903656,0.048002175986766815,0.2598336338996887,0.16907648742198944,0.4186100661754608
820,-19.1934,-15.3379,-34.5312,-24.6172,-10.2734,2.0,0.1253,0.07950727641582489,0.009153993800282478,0.2549668848514557,0.5940775871276855,0.3117559552192688,0.03470926731824875,0.2632540464401245,0.1525963991880417,0.44496268033981323
825,-19.1656,-14.5496,-33.7152,-24.5547,-10.0469,2.0,0.1507,0.10159744322299957,0.02388019487261772,0.41034215688705444,0.7141312956809998,0.3511904776096344,0.06082867085933685,0.2880907952785492,0.15108053386211395,0.3955223858356476
830,-19.1504,-14.743,-33.8934,-24.6875,-10.1328,2.0,0.1667,0.0644276887178421,0.014757065102458,0.3780551254749298,0.7019522190093994,0.2842261791229248,0.056708645075559616,0.27918997406959534,0.1494869440793991,0.4101368188858032
835,-19.3902,-14.4391,-33.8293,-24.4141,-10.3516,2.0,0.1779,0.10622462630271912,0.011626371182501316,0.4161507487297058,0.7218330502510071,0.345610111951828,0.05744713917374611,0.2941930890083313,0.14439521729946136,0.3994869291782379
840,-19.7664,-14.3406,-34.107,-24.5391,-10.2188,2.0,0.1973,0.07061688601970673,0.012611177749931812,0.3867787718772888,0.7142989039421082,0.2741815447807312,0.04788557067513466,0.2927938401699066,0.13405628502368927,0.42078667879104614
845,-19.6141,-14.2902,-33.9043,-24.6797,-10.1484,2.0,0.2057,0.09050445258617401,0.009025506675243378,0.4152684509754181,0.7224715948104858,0.357514888048172,0.05239427834749222,0.29714706540107727,0.1389925330877304,0.4069885015487671
850,-19.4125,-14.5023,-33.9148,-24.4531,-10.2734,2.0,0.2132,0.06268011778593063,0.004608294926583767,0.4075167775154114,0.7183619141578674,0.2957589328289032,0.05394900590181351,0.2867692708969116,0.1447838991880417,0.41002020239830017
855,-18.8734,-14.8023,-33.6758,-24.375,-10.4062,2.0,0.233,0.04276729375123978,0.007136614993214607,0.43665048480033875,0.7339449524879456,0.1354166716337204,0.06180037185549736,0.2668687701225281,0.16013681888580322,0.40671640634536743
860,-19.0195,-15.0949,-34.1145,-24.7031,-10.1484,2.0,0.2454,0.03205128386616707,0.0050959233194589615,0.3262764513492584,0.685907244682312,0.1246279776096344,0.048507463186979294,0.25932836532592773,0.15605565905570984,0.4316309094429016
865,-17.9953,-15.5461,-33.5414,-24.1484,-10.5312,2.0,0.2832,0.0329732820391655,0.002271989593282342,0.4277813136577606,0.6847763657569885,0.082961305975914,0.06836909055709839,0.2395056039094925,0.18271921575069427,0.4049284756183624
870,-19.2598,-14.7023,-33.9621,-24.5391,-10.2422,2.0,0.3043,0.03014705888926983,0.0013058618642389774,0.4324040114879608,0.7182778120040894,0.0803571417927742,0.052860695868730545,0.2678793668746948,0.1477767378091812,0.4270055890083313
875,-18.723,-15.1805,-33.9035,-24.2031,-10.5391,2.0,0.3157,0.01898305118083954,0.0020018478389829397,0.40191158652305603,0.6833547949790955,0.104538694024086,0.05733053386211395,0.25240981578826904,0.16266325116157532,0.4231187701225281
880,-19.5297,-14.9207,-34.4504,-24.3438,-10.4453,2.0,0.3508,0.01342281885445118,0.0008873114711605012,0.3670033812522888,0.6556422114372253,0.081101194024086,0.040539488196372986,0.26282650232315063,0.13852612674236298,0.4536302983760834
885,-18.691,-15.1602,-33.8512,-24.1094,-11.0078,2.0,0.3787,0.04914150387048721,0.008685052394866943,0.45531490445137024,0.6727323532104492,0.107886902987957,0.06564831733703613,0.25509172677993774,0.15613339841365814,0.41864892840385437
890,-19.2109,-15.0754,-34.2863,-24.3594,-10.4141,2.0,0.4022,0.03791821375489235,0.006227217614650726,0.4203454852104187,0.6379972100257874,0.0993303582072258,0.05227767303586006,0.25590795278549194,0.1417521834373474,0.44558456540107727
895,-18.2074,-16.7203,-34.9277,-23.8203,-11.4922,2.0,0.4618,0.03574788197875023,0.005122367758303881,0.3181384205818176,0.44758710265159607,0.0948660746216774,0.04131685197353363,0.20487406849861145,0.16285759210586548,0.4864738881587982
900,-17.6066,-16.9223,-34.5289,-23.5859,-11.7266,2.0,0.5142,0.030030030757188797,0.004657480865716934,0.343723326921463,0.46390363574028015,0.0900297611951828,0.05177238956093788,0.2002876251935959,0.1820584535598755,0.46140390634536743
905,-18.7602,-15.5141,-34.2742,-24.0938,-10.9688,2.0,0.5769,0.047216348350048065,0.007603358011692762,0.4421052634716034,0.5886269807815552,0.1067708358168602,0.05515391752123833,0.24537469446659088,0.15139147639274597,0.4436022937297821
910,-18.6109,-15.6039,-34.2148,-24.0625,-10.9141,2.0,0.6055,0.025695931166410446,0.006375518161803484,0.4171202480792999,0.6025788187980652,0.0859375,0.05445428937673569,0.24385882914066315,0.15710510313510895,0.4401041567325592
915,-18.1957,-16.7203,-34.916,-23.8438,-11.6328,2.0,0.6802,0.019547324627637863,0.0028126758988946676,0.3192477226257324,0.4538944363594055,0.0799851194024086,0.03777984902262688,0.2072838991880417,0.1674051582813263,0.4830534756183624
920,-17.6,-16.9262,-34.5262,-23.5469,-11.2891,2.0,0.752,0.016976555809378624,0.0009552923147566617,0.3148186504840851,0.48467302322387695,0.068824402987957,0.04807991161942482,0.20343594253063202,0.18753886222839355,0.4564676582813263
925,-17.6957,-17.0992,-34.7949,-24.0234,-10.9453,2.0,0.8313,0.00455580884590745,0.001168907037936151,0.23636363446712494,0.46925991773605347,0.0684523805975914,0.034126244485378265,0.19951026141643524,0.1902596354484558,0.47162625193595886
930,-17.7957,-16.9836,-34.7793,-23.7031,-11.1641,2.0,0.8869,0.02270381897687912,0.0043868012726306915,0.21885018050670624,0.48448431491851807,0.075148805975914,0.03766324743628502,0.2037857621908188,0.18186411261558533,0.47220927476882935
935,-18.6664,-16.2008,-34.8672,-24.5,-10.25,2.0,0.954,0.016455696895718575,0.001027045538648963,0.22520561516284943,0.5368258357048035,0.0784970223903656,0.03070584498345852,0.22706778347492218,0.16068096458911896,0.4770677983760834
940,-17.7645,-17.1844,-34.9488,-24.125,-10.625,2.0,1.0194,0.022727273404598236,0.0,0.19676724076271057,0.4549503028392792,0.0695684552192688,0.03420398011803627,0.19220304489135742,0.1803482621908188,0.4887670874595642
945,-18.3586,-16.4566,-34.8152,-24.2891,-10.7422,2.0,1.0922,0.019296254962682724,0.002463921206071973,0.24170507490634918,0.519156277179718,0.0725446417927742,0.03424284979701042,0.22084887325763702,0.16868780553340912,0.4717428386211395
950,-18.343,-16.127,-34.4699,-24.0469,-10.7578,2.0,1.1335,0.03113553114235401,0.0023644655011594296,0.25386011600494385,0.5813473463058472,0.0851934552192688,0.042444031685590744,0.2301383763551712,0.17117537558078766,0.45176461338996887
955,-18.9969,-15.091,-34.0879,-24.3672,-10.4219,2.0,1.172,0.03440702706575394,0.006823351141065359,0.373164564371109,0.6751729846000671,0.1049107164144516,0.05309390649199486,0.2563354969024658,0.15352922677993774,0.43256375193595886
960,-18.5523,-15.3637,-33.916,-24.3047,-10.4766,2.0,1.2012,0.03912148252129555,0.005732879042625427,0.3697362244129181,0.6672527194023132,0.138764888048172,0.05663090944290161,0.25085508823394775,0.16798818111419678,0.42004820704460144
965,-18.3703,-15.3762,-33.7465,-24.1016,-10.625,2.0,1.2287,0.04806491732597351,0.00401606410741806,0.42203694581985474,0.6711951494216919,0.1372767835855484,0.06226678937673569,0.2516324520111084,0.17249688506126404,0.40912625193595886
970,-19.2125,-15.0371,-34.2496,-24.5234,-10.3438,2.0,1.2591,0.04268292710185051,0.008588775061070919,0.372437059879303,0.6576288938522339,0.1138392835855484,0.04462064802646637,0.26247668266296387,0.14975902438163757,0.43866604566574097
975,-18.6281,-15.3516,-33.9797,-24.3594,-10.3203,2.0,1.2912,0.03228070214390755,0.008150084875524044,0.4020691215991974,0.6450870037078857,0.1555059552192688,0.05538712814450264,0.2527596354484558,0.16530628502368927,0.42206934094429016
980,-18.0297,-16.3352,-34.3648,-24.2344,-10.4766,2.0,1.3461,0.036974791437387466,0.004558204673230648,0.30903980135917664,0.5505988597869873,0.0822172611951828,0.04625311121344566,0.22170397639274597,0.17972636222839355,0.4478389322757721
985,-17.7375,-17.0215,-34.759,-23.9922,-10.8438,2.0,1.4038,0.012591815553605556,0.0025228022132068872,0.25047120451927185,0.46648573875427246,0.0926339253783226,0.037041354924440384,0.2002876251935959,0.18559545278549194,0.47259795665740967
990,-17.9059,-16.8582,-34.7641,-24.2344,-10.5703,2.0,1.4753,0.02330508455634117,0.0009389671613462269,0.24725157022476196,0.4843389391899109,0.084449402987957,0.03669154271483421,0.20697294175624847,0.18030938506126404,0.47154849767684937
995,-19.3285,-14.9574,-34.2859,-24.625,-10.1875,2.0,1.5287,0.0339721255004406,0.0031404218170791864,0.3542780876159668,0.6626253724098206,0.1209077388048172,0.04462064802646637,0.2599113881587982,0.14536692202091217,0.4456234574317932
1000,-19.4887,-14.5902,-34.0789,-24.5234,-10.2266,2.0,1.5489,0.03875968977808952,0.004855755716562271,0.4121379256248474,0.718511164188385,0.084449402987957,0.05013992637395859,0.272154837846756,0.14089708030223846,0.43233054876327515
1005,-18.3746,-15.4238,-33.7984,-24.2734,-10.3516,2.0,1.5665,0.04965859651565552,0.0048219007439911366,0.4099773168563843,0.6637393832206726,0.1402529776096344,0.06261660158634186,0.24988339841365814,0.17140857875347137,0.411613792181015
1010,-19.0961,-14.7309,-33.827,-24.2656,-10.6719,2.0,1.5959,0.061959654092788696,0.006572367623448372,0.41523951292037964,0.7157379388809204,0.1796875,0.05394900590181351,0.2720382511615753,0.15659981966018677,0.4129353165626526
1015,-19.5266,-14.348,-33.8746,-24.6094,-10.1953,2.0,1.6065,0.07617051154375076,0.013947764411568642,0.4471432566642761,0.7306286692619324,0.2042410671710968,0.055620335042476654,0.2842428386211395,0.14081934094429016,0.41483986377716064
1020,-19.2754,-14.3641,-33.6395,-24.5391,-10.1953,2.0,1.6132,0.08553016930818558,0.01424657553434372,0.48523885011672974,0.7540506720542908,0.1990327388048172,0.06634794920682907,0.28373757004737854,0.14482276141643524,0.4006141126155853
1025,-19.7469,-14.2836,-34.0305,-24.7109,-10.25,2.0,1.6176,0.04733283072710037,0.008474576286971569,0.4614934027194977,0.7283658385276794,0.1499255895614624,0.05173351988196373,0.2843594551086426,0.1327347606420517,0.4266946613788605
1030,-19.4816,-14.3629,-33.8445,-24.6094,-10.1953,2.0,1.622,0.05092592537403107,0.006122164893895388,0.4689578711986542,0.7372589111328125,0.1729910671710968,0.058768656104803085,0.27934545278549194,0.14023631811141968,0.4171719551086426
1035,-19.5766,-14.3688,-33.9453,-24.375,-10.4062,2.0,1.64,0.04789977893233299,0.0038519741501659155,0.45477110147476196,0.7356321811676025,0.1569940447807312,0.05274409055709839,0.282532662153244,0.14093594253063202,0.41930970549583435
1040,-19.6914,-14.3172,-34.0086,-24.5781,-10.3047,2.0,1.6481,0.04722638800740242,0.009665124118328094,0.44469979405403137,0.730765700340271,0.1703869104385376,0.051850125193595886,0.28552550077438354,0.13530005514621735,0.4228467047214508
1045,-19.8215,-13.7125,-33.534,-24.6641,-10.1562,2.0,1.6529,0.0759056955575943,0.010372099466621876,0.5557863712310791,0.8160109519958496,0.21875,0.06759172677993774,0.2997901141643524,0.13098569214344025,0.397154837846756
1050,-19.1008,-14.4379,-33.5387,-24.2969,-10.4453,2.0,1.653,0.05355249345302582,0.005022962111979723,0.5180371403694153,0.7576804757118225,0.151413694024086,0.07330534607172012,0.2708333432674408,0.14653295278549194,0.4048507511615753
1055,-19.0816,-14.7656,-33.8473,-24.5,-10.25,2.0,1.6703,0.03490627184510231,0.009592680260539055,0.44057217240333557,0.712932288646698,0.104538694024086,0.06012904271483421,0.2633706331253052,0.14944806694984436,0.42257463932037354
1060,-19.3672,-13.9777,-33.3449,-24.4844,-10.3516,2.0,1.6691,0.07197161763906479,0.01429149229079485,0.6089246273040771,0.8019318580627441,0.1666666716337204,0.07668688148260117,0.28828513622283936,0.14023631811141968,0.3903140425682068
1065,-19.7344,-13.718,-33.4523,-24.5156,-10.3359,2.0,1.662,0.07667386531829834,0.015402843244373798,0.6105854511260986,0.8126346468925476,0.1692708283662796,0.07198382914066315,0.2952425479888916,0.13145211338996887,0.39684391021728516
1070,-20.2426,-13.3613,-33.6039,-24.5,-10.3438,2.0,1.6498,0.04102878272533417,0.007827537134289742,0.6240208745002747,0.8434123396873474,0.1164434552192688,0.0634717047214508,0.302899569272995,0.11909203976392746,0.4100590944290161
1075,-19.648,-13.6023,-33.2504,-24.4531,-10.3672,2.0,1.6363,0.062062062323093414,0.013372169807553291,0.6616714596748352,0.8461922407150269,0.1294642835855484,0.07765857875347137,0.29357120394706726,0.13487251102924347,0.3894200921058655
1080,-20.2898,-13.0688,-33.3586,-24.5469,-10.2266,2.0,1.6189,0.06007442995905876,0.010155466385185719,0.7188025712966919,0.878256618976593,0.153273805975914,0.07311100512742996,0.31001242995262146,0.115555040538311,0.39684391021728516
1085,-20.2105,-13.1207,-33.3312,-24.6094,-10.1953,2.0,1.5945,0.07009346038103104,0.012283780612051487,0.6991497874259949,0.8797380328178406,0.1681547611951828,0.07486007362604141,0.31009018421173096,0.11885882914066315,0.39171332120895386
1090,-20.2855,-12.8418,-33.1273,-24.6328,-10.1719,2.0,1.5673,0.10753197222948074,0.015651335939764977,0.7850307822227478,0.9090440273284912,0.2351190447807312,0.08205068111419678,0.3228389322757721,0.11372823268175125,0.37690454721450806
1095,-20.8813,-12.4426,-33.3238,-24.7031,-10.1484,2.0,1.5322,0.11349372565746307,0.016658900305628777,0.7980315089225769,0.9255297780036926,0.2336309552192688,0.07431592047214508,0.3336442708969116,0.09872512519359589,0.388837069272995
1100,-19.943,-12.9551,-32.898,-24.5,-10.25,2.0,1.4966,0.11433447152376175,0.017152024433016777,0.7923742532730103,0.9125752449035645,0.251860111951828,0.09110696613788605,0.31498757004737854,0.12130752205848694,0.36812034249305725
1105,-20.4848,-12.7164,-33.2012,-24.7656,-10.1172,2.0,1.463,0.11267605423927307,0.026035502552986145,0.7437062859535217,0.905666172504425,0.279389888048172,0.07726989686489105,0.3284359574317932,0.1111629381775856,0.3786536157131195
1110,-20.316,-13.0094,-33.3254,-24.3984,-10.2891,2.0,1.4383,0.06581059098243713,0.016216885298490524,0.7012726068496704,0.8877015709877014,0.1744791716337204,0.07264459133148193,0.3139770030975342,0.11606032401323318,0.3928404748439789
1115,-20.4977,-12.666,-33.1637,-24.5938,-10.2031,2.0,1.4084,0.09505520761013031,0.018908828496932983,0.7735103964805603,0.921057939529419,0.2310267835855484,0.08096237480640411,0.32272231578826904,0.10828669369220734,0.3835510015487671
1120,-20.143,-12.9957,-33.1387,-24.4688,-10.3594,2.0,1.3773,0.05318615213036537,0.011443661525845528,0.7481670379638672,0.9118297100067139,0.125,0.07746423780918121,0.3090795874595642,0.12192941457033157,0.38704913854599
1125,-20.9004,-12.4043,-33.3047,-24.6562,-10.1719,2.0,1.3469,0.0981818214058876,0.01652214676141739,0.7998417615890503,0.936934232711792,0.2053571492433548,0.07482120394706726,0.33170086145401,0.09825870394706726,0.39074161648750305
1130,-20.4195,-12.6711,-33.0906,-24.5469,-10.2266,2.0,1.3097,0.0531378835439682,0.00972906406968832,0.8273381590843201,0.9417495131492615,0.1510416716337204,0.08484919369220734,0.3156094551086426,0.10805348306894302,0.38701024651527405
1135,-20.1621,-12.9129,-33.075,-24.4922,-10.2656,2.0,1.2758,0.042995840311050415,0.010056008584797382,0.7801441550254822,0.9257698655128479,0.1127232164144516,0.08407182991504669,0.3053482472896576,0.11862561851739883,0.38747668266296387
1140,-20.3199,-12.7203,-33.0402,-24.7344,-10.1328,2.0,1.2433,0.05714285746216774,0.01232859492301941,0.8333910703659058,0.9399839639663696,0.104538694024086,0.08706467598676682,0.30896300077438354,0.11221237480640411,0.3872823417186737
1145,-20.6484,-12.484,-33.1324,-24.5625,-10.3125,2.0,1.2082,0.07035928219556808,0.012558870017528534,0.8554701805114746,0.9456196427345276,0.1272321492433548,0.07789178937673569,0.3218672275543213,0.10622668266296387,0.38953667879104614
1150,-20.4012,-12.798,-33.1992,-24.6406,-10.1797,2.0,1.1743,0.03180914372205734,0.0042000762186944485,0.7754047513008118,0.9238410592079163,0.0904017835855484,0.0782027393579483,0.30538713932037354,0.11283426731824875,0.3990982472896576
1155,-20.4867,-12.6504,-33.1371,-24.6719,-10.1641,2.0,1.1422,0.035542748868465424,0.006545820739120245,0.8135290145874023,0.942270040512085,0.084449402987957,0.08092350512742996,0.3087686598300934,0.10859763622283936,0.3972325921058655
1160,-20.4305,-12.7805,-33.2109,-24.4844,-10.2578,2.0,1.1133,0.03976143151521683,0.00644998112693429,0.7837370038032532,0.9214153289794922,0.0963541641831398,0.0782027393579483,0.30733054876327515,0.11232897639274597,0.39766013622283936
1165,-21.0648,-12.3074,-33.3723,-24.75,-10.125,2.0,1.0818,0.06320299953222275,0.009307385422289371,0.8260330557823181,0.9454198479652405,0.0915178582072258,0.07256685197353363,0.3215562701225281,0.09406094253063202,0.40733832120895386
1170,-20.559,-12.7168,-33.2758,-24.6875,-10.1562,2.0,1.0432,0.04327176883816719,0.007320099044591188,0.7674012184143066,0.9259729981422424,0.103050597012043,0.0736551582813263,0.31327736377716064,0.11112406849861145,0.3974657952785492
1175,-20.7473,-12.448,-33.1953,-24.6562,-10.1719,2.0,1.0095,0.08130080997943878,0.01506865955889225,0.8465327620506287,0.9415915608406067,0.0941220223903656,0.076492540538311,0.31984609365463257,0.10257307440042496,0.39661070704460144
1180,-20.5723,-12.4664,-33.0387,-24.5938,-10.2031,2.0,0.9685,0.07362240552902222,0.011231794953346252,0.8671380877494812,0.9499850273132324,0.140625,0.08605410158634186,0.31490981578826904,0.10443874448537827,0.3901197016239166
1185,-20.6984,-12.2668,-32.9652,-24.7344,-10.1328,2.0,0.9292,0.09205208718776703,0.017494836822152138,0.9109588861465454,0.971267819404602,0.118675597012043,0.08655939251184464,0.3199238181114197,0.10214552283287048,0.3868936598300934
1190,-20.9598,-11.9316,-32.8914,-24.6094,-10.1953,2.0,0.8814,0.192242830991745,0.044517725706100464,0.9442299604415894,0.9799918532371521,0.1469494104385376,0.09219527244567871,0.33002954721450806,0.09060168266296387,0.38269588351249695
1195,-21.3992,-11.4945,-32.8938,-24.7656,-10.1172,2.0,0.8255,0.29448622465133667,0.06478555500507355,0.9627360701560974,0.9864658713340759,0.2198660671710968,0.09305037558078766,0.34437188506126404,0.07614272087812424,0.38195741176605225
1200,-20.9957,-11.5844,-32.5801,-24.7344,-10.1328,2.0,0.7634,0.3548855781555176,0.08210574090480804,0.9664368033409119,0.9881346821784973,0.2228422611951828,0.10700403898954391,0.34036847949028015,0.08453824371099472,0.36361163854599
1205,-21.334,-11.6555,-32.9895,-24.8281,-10.0859,2.0,0.7028,0.26769229769706726,0.04969930648803711,0.9359961748123169,0.9817702770233154,0.2027529776096344,0.08842506259679794,0.3425450921058655,0.08076803386211395,0.3837842047214508
1210,-20.9164,-12.0078,-32.9242,-24.5938,-10.2031,2.0,0.6459,0.16905829310417175,0.028709260746836662,0.9385858774185181,0.9800732135772705,0.1495535671710968,0.08667599409818649,0.3303404748439789,0.09619869291782379,0.3823072016239166
1215,-20.9738,-11.9059,-32.8797,-24.6875,-10.1562,2.0,0.5986,0.20452675223350525,0.03121783956885338,0.9420731663703918,0.9810847640037537,0.2938988208770752,0.09444962441921234,0.33990204334259033,0.08924129605293274,0.371929407119751
1220,-20.9422,-12.057,-32.9992,-24.6094,-10.1953,2.0,0.5457,0.1629563719034195,0.023166023194789886,0.9157326817512512,0.9748932719230652,0.1930803507566452,0.08729788661003113,0.3322061598300934,0.09363339841365814,0.3823849558830261
1225,-21.2406,-11.7332,-32.9738,-24.6562,-10.1719,2.0,0.4991,0.2598039209842682,0.0404767245054245,0.9538745284080505,0.9786316156387329,0.2384672611951828,0.08722014725208282,0.3456934094429016,0.08426617085933685,0.3783426582813263
1230,-21.2676,-11.5574,-32.825,-24.6875,-10.1562,2.0,0.4416,0.32169267535209656,0.044297732412815094,0.967228889465332,0.9884026050567627,0.4520089328289032,0.09460510313510895,0.3650108873844147,0.0806514322757721,0.35525497794151306
1235,-20.7945,-11.7523,-32.5469,-24.6875,-10.1562,2.0,0.3816,0.306830495595932,0.040827203541994095,0.9510846734046936,0.9819692969322205,0.6216517686843872,0.10754819959402084,0.36462220549583435,0.09137903898954391,0.33197295665740967
1240,-21.4145,-11.1629,-32.5773,-24.6172,-10.1562,2.0,0.321,0.4494219720363617,0.05932287871837616,0.9643835425376892,0.9912260174751282,0.7607886791229248,0.1075870618224144,0.38918688893318176,0.07093439251184464,0.3278140425682068
1245,-21.3449,-11.2094,-32.5543,-24.5859,-10.1719,2.0,0.2511,0.4316781461238861,0.05124407634139061,0.9763407111167908,0.9888498187065125,0.839657723903656,0.10723724961280823,0.39365673065185547,0.07392723858356476,0.3207011818885803
1250,-21.2996,-11.4512,-32.7508,-24.7812,-10.1094,2.0,0.1863,0.3646690249443054,0.0424954779446125,0.9435998201370239,0.9838709831237793,0.734375,0.09923040866851807,0.3868936598300934,0.07925217598676682,0.3301461338996887
1255,-20.9227,-11.6484,-32.5711,-24.5469,-10.2266,2.0,0.1275,0.3207547068595886,0.043823469430208206,0.9367417693138123,0.9785139560699463,0.7395833134651184,0.1050606369972229,0.3769434094429016,0.08970770984888077,0.3238106369972229
1260,-21.1445,-11.7672,-32.9117,-24.6875,-10.1562,2.0,0.073,0.253473699092865,0.03267235308885574,0.9016697406768799,0.9684366583824158,0.6841517686843872,0.09231188148260117,0.37830379605293274,0.08379974961280823,0.34110695123672485
1265,-20.9809,-11.9539,-32.9348,-24.6328,-10.1719,2.0,0.0185,0.2039199322462082,0.02599436230957508,0.8849015235900879,0.9651401042938232,0.6662946343421936,0.09320584684610367,0.3723180890083313,0.08881374448537827,0.34118470549583435
1270,-20.452,-12.3906,-32.8426,-24.7422,-10.0938,2.0,0.0,0.1456310749053955,0.0139369061216712,0.8508079648017883,0.9416252374649048,0.6808035969734192,0.09608209133148193,0.3597636818885803,0.10342817008495331,0.3362484574317932
1275,-20.4906,-12.5934,-33.084,-24.7266,-10.125,2.0,0.0,0.07645968347787857,0.006273661274462938,0.807860255241394,0.9304758906364441,0.6086309552192688,0.08387748897075653,0.35933613777160645,0.10680969804525375,0.34549906849861145
1280,-20.5328,-12.5629,-33.0957,-24.6406,-10.1797,2.0,0.0,0.11511789262294769,0.011473300866782665,0.7860805988311768,0.9072667360305786,0.6923363208770752,0.08407182991504669,0.3624844551086426,0.10611007362604141,0.3428560197353363
1285,-20.368,-12.7438,-33.1117,-24.6719,-10.0234,2.0,0.0,0.09982094913721085,0.010696354322135448,0.7458288669586182,0.8963407874107361,0.6934523582458496,0.0868314653635025,0.3561100661754608,0.10949160158634186,0.3430892527103424
1290,-20.443,-12.834,-33.277,-24.7578,-10.0859,2.0,0.0,0.07451181858778,0.012987012974917889,0.707958459854126,0.8792498111724854,0.6153273582458496,0.07563743740320206,0.35315608978271484,0.11232897639274597,0.3543998897075653
1295,-20.5043,-12.6199,-33.1242,-24.8203,-10.0781,2.0,0.0,0.08155523985624313,0.013203463517129421,0.7898158431053162,0.9144810438156128,0.6149553656578064,0.08197294920682907,0.3591417968273163,0.10762593150138855,0.34678173065185547
1300,-20.418,-12.5102,-32.9281,-24.5625,-10.1719,2.0,0.0,0.11764705926179886,0.016496380791068077,0.8332114219665527,0.9282532334327698,0.7154017686843872,0.09250622242689133,0.36520522832870483,0.10626554489135742,0.3315454125404358
1305,-20.1719,-12.4387,-32.6105,-24.3516,-10.3125,2.0,0.0,0.19140483438968658,0.03381434455513954,0.8404062390327454,0.9252552390098572,0.7857142686843872,0.10762593150138855,0.3609297275543213,0.10715951770544052,0.3198072016239166
1310,-20.4418,-12.1039,-32.5457,-24.625,-10.0703,2.0,0.0,0.23269988596439362,0.031158816069364548,0.901922345161438,0.9528744220733643,0.8392857313156128,0.1084032952785492,0.3729788661003113,0.09907493740320206,0.31506529450416565
1315,-20.7398,-11.8969,-32.6367,-24.6406,-10.0859,2.0,0.0,0.2598075568675995,0.03340618312358856,0.9158603549003601,0.9614463448524475,0.7797619104385376,0.10502176731824875,0.37348413467407227,0.09238961338996887,0.3246268630027771
1320,-20.7809,-11.9742,-32.7551,-24.7734,-9.8672,2.0,0.0,0.2525610625743866,0.048363711684942245,0.8544485569000244,0.9434994459152222,0.7570684552192688,0.09864738583564758,0.3753109574317932,0.09479943662881851,0.32676461338996887
1325,-20.4465,-12.2129,-32.6594,-24.6484,-9.8125,2.0,0.0,0.33411306142807007,0.035113539546728134,0.8030973672866821,0.9122530817985535,0.796502947807312,0.09969682991504669,0.3697139322757721,0.10541044920682907,0.3207011818885803
1330,-20.9129,-11.552,-32.4648,-24.6094,-9.9609,2.0,0.0,0.5340540409088135,0.050581689924001694,0.8519148826599121,0.9410958886146545,0.828125,0.10785914212465286,0.3842117488384247,0.09134017676115036,0.3121113181114197
1335,-21.2453,-10.7184,-31.9637,-24.3047,-9.7734,2.0,0.0,0.7312830090522766,0.11259431391954422,0.8944748640060425,0.9579876661300659,0.9043898582458496,0.12511660158634186,0.40181902050971985,0.07808613032102585,0.29050061106681824
1340,-20.6828,-10.2754,-30.9582,-23.875,-10.0938,2.0,0.0,0.8512488603591919,0.16289682686328888,0.9326530694961548,0.9683855175971985,0.9468005895614624,0.17428483068943024,0.39179104566574097,0.07618159055709839,0.2532649338245392
1345,-21.0082,-10.5188,-31.527,-23.9922,-9.9062,2.0,0.0,0.8396055102348328,0.09286422282457352,0.9364743232727051,0.9704495072364807,0.9348958134651184,0.14975902438163757,0.3921797275543213,0.07342195510864258,0.28016167879104614
1350,-20.6863,-11.2492,-31.9355,-23.8828,-10.0547,2.0,0.0,0.7218813896179199,0.030624870210886,0.9050936102867126,0.9526370763778687,0.8813244104385376,0.13304570317268372,0.3769434094429016,0.0892801582813263,0.29625311493873596
1355,-20.7191,-11.016,-31.7352,-23.9531,-10.125,2.0,0.0,0.7625237107276917,0.0553363673388958,0.9320018887519836,0.9657562375068665,0.8991815447807312,0.14354011416435242,0.3842117488384247,0.08173973858356476,0.28603076934814453
1360,-21.1613,-10.8055,-31.9668,-24.4141,-10.1641,2.0,0.0,0.7591436505317688,0.06741242110729218,0.9388917684555054,0.9760423302650452,0.8936011791229248,0.13071362674236298,0.39610540866851807,0.07505441457033157,0.29364892840385437
1365,-21.1391,-10.0918,-31.2309,-23.0625,-10.1484,2.0,0.0,0.8666666746139526,0.1465642899274826,0.9693576693534851,0.9854418635368347,0.9363839030265808,0.16266325116157532,0.3999145030975342,0.06595926731824875,0.26698538661003113
1370,-21.9418,-9.4684,-31.4102,-24.1484,-10.0625,2.0,0.0,0.8873618841171265,0.2365063726902008,0.9681390523910522,0.9879804253578186,0.9322916865348816,0.14423973858356476,0.43567320704460144,0.05367692932486534,0.26193252205848694
1375,-22.3297,-9.4191,-31.7488,-24.4062,-9.9453,2.0,0.0,0.8758886456489563,0.2280825525522232,0.9352088570594788,0.9853208661079407,0.933779776096344,0.13121891021728516,0.4406871795654297,0.04559234902262688,0.27802392840385437
1380,-20.6133,-10.2949,-30.9082,-23.1328,-10.125,2.0,0.0,0.8609760999679565,0.11665817350149155,0.9735099077224731,0.9893712401390076,0.9579613208770752,0.18396300077438354,0.3814909756183624,0.07042910158634186,0.25963929295539856
1385,-20.5867,-10.8273,-31.4141,-23.8672,-9.8984,2.0,0.0,0.8504950404167175,0.04676332324743271,0.9622463583946228,0.9717792868614197,0.9159226417541504,0.15702736377716064,0.3806747496128082,0.0823616310954094,0.2754586338996887
1390,-20.1074,-10.6246,-30.732,-22.9062,-9.9922,2.0,0.0,0.9000977277755737,0.05103566125035286,0.987679660320282,0.9916805028915405,0.9207589030265808,0.1988106369972229,0.36403918266296387,0.07571517676115036,0.25695741176605225
1395,-20.0699,-10.7266,-30.7965,-23.0234,-9.9688,2.0,0.0,0.8697739839553833,0.05703870579600334,0.9648609161376953,0.9821455478668213,0.9270833134651184,0.19430193305015564,0.36252331733703613,0.07964085787534714,0.2590562701225281
1400,-19.6402,-10.7633,-30.4035,-22.4375,-10.1562,2.0,0.0,0.8844452500343323,0.04824512451887131,0.9795719981193542,0.986788272857666,0.9226190447807312,0.2196439653635025,0.34884172677993774,0.0799129381775856,0.24712376296520233
1405,-20.0863,-10.9176,-31.0039,-22.5469,-10.2891,2.0,0.0,0.8505671620368958,0.036217302083969116,0.9779929518699646,0.9839786291122437,0.9148065447807312,0.17817163467407227,0.3670320212841034,0.08830846101045609,0.26201024651527405
1410,-20.4336,-10.8184,-31.252,-23.2188,-10.0469,2.0,0.0,0.8465997576713562,0.026887932792305946,0.9640657305717468,0.9847586750984192,0.937127947807312,0.1743236929178238,0.37006375193595886,0.07571517676115036,0.27541977167129517
1415,-20.1625,-11.1332,-31.2957,-23.4766,-10.1406,2.0,0.0,0.7920313477516174,0.01588486135005951,0.9662672281265259,0.975654661655426,0.9166666865348816,0.16876554489135742,0.3645833432674408,0.087569959461689,0.27460354566574097
1420,-20.3703,-11.1641,-31.5344,-23.6328,-9.875,2.0,0.0,0.7746548056602478,0.01202255580574274,0.9330582022666931,0.9636682868003845,0.917782723903656,0.15764924883842468,0.3653218150138855,0.08477145433425903,0.287779837846756
1425,-19.9438,-11.3961,-31.3398,-23.5859,-10.1562,2.0,0.0,0.7701741456985474,0.012806829996407032,0.9363671541213989,0.9649999737739563,0.8991815447807312,0.15846548974514008,0.3641946613788605,0.10078513622283936,0.27207711338996887
1430,-19.209,-11.4934,-30.7023,-22.1719,-10.3359,2.0,0.0,0.7822849154472351,0.008986175060272217,0.9419525265693665,0.9666868448257446,0.8809523582458496,0.19834421575069427,0.33737561106681824,0.10311722755432129,0.2566853165626526
1435,-20.4,-11.2371,-31.6371,-23.8047,-10.1172,2.0,0.0,0.7438894510269165,0.015410245396196842,0.94921875,0.9784201979637146,0.8921130895614624,0.14629974961280823,0.3732897937297821,0.08955223858356476,0.2863805890083313
1440,-19.909,-11.3543,-31.2633,-23.9219,-10.1172,2.0,0.0,0.7527906894683838,0.016090713441371918,0.9627530574798584,0.9783166646957397,0.8701636791229248,0.16713307797908783,0.35991916060447693,0.09600435197353363,0.2724657952785492
1445,-19.7664,-10.9023,-30.6688,-23.0859,-10.0547,2.0,0.0,0.8840292692184448,0.03550936281681061,0.9707933664321899,0.9807930588722229,0.930059552192688,0.19640080630779266,0.35902518033981323,0.08916355669498444,0.25093284249305725
1450,-20.4824,-10.368,-30.8504,-23.0625,-9.8672,2.0,0.0,0.9303604364395142,0.06680498272180557,0.9719789624214172,0.987308144569397,0.9624255895614624,0.19088153541088104,0.3746890425682068,0.06658115983009338,0.2633706331253052
1455,-20.5477,-10.6008,-31.1484,-23.5469,-10.0,2.0,0.0,0.9121973514556885,0.03765090927481651,0.9734287261962891,0.9869375824928284,0.9665178656578064,0.17175839841365814,0.3798973858356476,0.07606498897075653,0.2678016126155853
1460,-20.4039,-10.9738,-31.3777,-23.5156,-10.0859,2.0,0.0,0.8398104310035706,0.022564318031072617,0.9674872159957886,0.9792565703392029,0.8604910969734192,0.16402363777160645,0.36862561106681824,0.08368314802646637,0.27918997406959534
1465,-20.1867,-11.7492,-31.9359,-24.0156,-10.1875,2.0,0.0,0.6968339085578918,0.008040308952331543,0.8999627828598022,0.9375895857810974,0.753720223903656,0.1301306039094925,0.3625621795654297,0.10451647639274597,0.29831311106681824
1470,-19.9738,-12.1809,-32.1547,-23.9688,-10.2344,2.0,0.0,0.603308379650116,0.00266400258988142,0.833214521408081,0.9137264490127563,0.6960565447807312,0.12453357875347137,0.3501632511615753,0.10906405746936798,0.3117614984512329
1475,-20.3258,-12.0078,-32.3336,-24.3203,-10.1172,2.0,0.0,0.6533287167549133,0.007447382435202599,0.8473895788192749,0.9140961170196533,0.6577380895614624,0.11267879605293274,0.3601135015487671,0.10645988583564758,0.31627020239830017
1480,-19.2,-12.1371,-31.3371,-23.5625,-10.0625,2.0,0.0,0.747591495513916,0.006176436319947243,0.8498098850250244,0.8966578245162964,0.7362351417541504,0.1613806039094925,0.33352768421173096,0.12266790866851807,0.27794620394706726
1485,-18.7016,-11.8848,-30.5863,-21.5469,-10.2266,2.0,0.0,0.8308506608009338,0.006767184939235449,0.8926734924316406,0.8886459469795227,0.8638392686843872,0.19830535352230072,0.3273864984512329,0.12095770984888077,0.2488728165626526
1490,-19.8609,-11.6309,-31.4918,-23.9297,-9.9141,2.0,0.0,0.8340762853622437,0.002542841248214245,0.8825987577438354,0.904300332069397,0.8154761791229248,0.15694962441921234,0.3515625,0.10230099409818649,0.28470927476882935
1495,-20.2473,-11.5414,-31.7887,-23.9219,-10.0469,2.0,0.0,0.8420318365097046,0.005004792008548975,0.8751956224441528,0.9025299549102783,0.8459821343421936,0.13926461338996887,0.3650108873844147,0.09934701770544052,0.2918998897075653
1500,-19.3184,-11.0602,-30.3785,-21.6094,-10.0547,2.0,0.0,0.923022449016571,0.009251856245100498,0.9527971744537354,0.9470532536506653,0.9226190447807312,0.2196439653635025,0.34029072523117065,0.08893034607172012,0.2466573417186737
1505,-18.9738,-11.3473,-30.3211,-22.2891,-10.2422,2.0,0.0,0.8758707046508789,0.008431900292634964,0.9598028063774109,0.9439744353294373,0.8742559552192688,0.2176228165626526,0.33189520239830017,0.10249533504247665,0.24350902438163757
1510,-19.7461,-11.2547,-31.0008,-22.7266,-9.7656,2.0,0.0,0.8612909913063049,0.009884309023618698,0.9376325607299805,0.9317889213562012,0.8679315447807312,0.18606187403202057,0.3460432291030884,0.09161224961280823,0.2718050479888916
1515,-19.7875,-11.4754,-31.2629,-23.4609,-10.0547,2.0,0.0,0.8630551099777222,0.005160865373909473,0.9247856736183167,0.9135295748710632,0.8448660969734192,0.16717195510864258,0.35397231578826904,0.09973569959402084,0.2746424078941345
1520,-19.9547,-11.2805,-31.2352,-23.5859,-9.8281,2.0,0.0,0.8622437119483948,0.007719908840954304,0.939754068851471,0.9391107559204102,0.859002947807312,0.16872668266296387,0.35747045278549194,0.09483830630779266,0.2744869291782379
1525,-19.2297,-11.5211,-30.7508,-22.25,-10.1094,2.0,0.0,0.8772627711296082,0.006775379180908203,0.9111276865005493,0.9203259348869324,0.836309552192688,0.1953902393579483,0.3384639322757721,0.1040889322757721,0.2575792968273163
1530,-19.4883,-11.3297,-30.818,-22.4844,-10.0156,2.0,0.0,0.8883553147315979,0.007224291563034058,0.9397293925285339,0.9297152757644653,0.8541666865348816,0.1942630559206009,0.3443330228328705,0.09479943662881851,0.2621268630027771
1535,-18.7031,-11.1762,-29.8793,-21.7188,-10.1875,2.0,0.0,0.935269296169281,0.009306160733103752,0.973896324634552,0.948114812374115,0.9043898582458496,0.2395833283662796,0.32995179295539856,0.10125155746936798,0.22473569214344025
1540,-18.6313,-11.0785,-29.7098,-21.1172,-9.9609,2.0,0.0,0.9467055797576904,0.010719017125666142,0.9736950397491455,0.9378560185432434,0.917782723903656,0.253070592880249,0.32272231578826904,0.0945662334561348,0.22516325116157532
1545,-18.5852,-11.0336,-29.6188,-20.8047,-10.0234,2.0,0.0,0.944696307182312,0.011125891469419003,0.9751449823379517,0.945460855960846,0.9352678656578064,0.2572294771671295,0.32140082120895386,0.0938277393579483,0.2230643630027771
1550,-19.377,-10.9184,-30.2953,-22.2891,-9.7734,2.0,0.0,0.9389824867248535,0.011918537318706512,0.9535324573516846,0.9369494915008545,0.937127947807312,0.22613495588302612,0.33589863777160645,0.08197294920682907,0.25151586532592773
1555,-18.4766,-11.034,-29.5105,-21.3516,-9.8906,2.0,0.0,0.9589589834213257,0.013590313494205475,0.9566929340362549,0.9248279333114624,0.9248511791229248,0.2718050479888916,0.3145988881587982,0.08885261416435242,0.22026586532592773
1560,-17.6469,-11.7207,-29.3676,-21.1484,-10.25,2.0,0.0,0.9303669333457947,0.007184846326708794,0.9120310544967651,0.8478868007659912,0.8917410969734192,0.2690454125404358,0.2975357472896576,0.12018034607172012,0.20876088738441467
1565,-18.3633,-11.6777,-30.041,-21.8594,-9.8828,2.0,0.0,0.9151383638381958,0.011137235909700394,0.9114565849304199,0.8655447959899902,0.839657723903656,0.23313121497631073,0.31409358978271484,0.11501087993383408,0.23328669369220734
1570,-17.9359,-11.1988,-29.1348,-20.2109,-10.2031,2.0,0.0,0.9533252120018005,0.024259448051452637,0.9482418298721313,0.9065349698066711,0.9229910969734192,0.28812965750694275,0.30441543459892273,0.09837531298398972,0.20460198819637299
1575,-18.9859,-10.7863,-29.7723,-22.2109,-9.7891,2.0,0.0,0.9656534790992737,0.04687315970659256,0.9536423683166504,0.9294620156288147,0.9330357313156128,0.25575247406959534,0.33002954721450806,0.08216729015111923,0.22757306694984436
1580,-17.9902,-11.0715,-29.0617,-19.8906,-10.1172,2.0,0.0,0.9651084542274475,0.038277510553598404,0.9672642350196838,0.9117243885993958,0.9200148582458496,0.28851833939552307,0.3086909055709839,0.09973569959402084,0.198577418923378
1585,-16.7594,-11.2762,-28.0355,-18.4766,-10.0625,2.0,0.0,0.969724178314209,0.031330473721027374,0.9633526802062988,0.8740859031677246,0.905877947807312,0.34662625193595886,0.27168843150138855,0.10712064802646637,0.170087069272995
1590,-17.3684,-11.0777,-28.4461,-18.4453,-9.9141,2.0,0.0,0.980233371257782,0.030241388827562332,0.9574052095413208,0.889360785484314,0.9330357313156128,0.3264147937297821,0.286613792181015,0.09946361929178238,0.1830301582813263
1595,-18.7617,-10.8621,-29.6238,-20.4062,-9.7422,2.0,0.0,0.9792038202285767,0.03421052545309067,0.9765757918357849,0.9055356979370117,0.9441964030265808,0.26166045665740967,0.3249378204345703,0.09126243740320206,0.21766169369220734
1600,-16.8906,-11.2023,-28.093,-19.1328,-9.9922,2.0,0.0,0.9780219793319702,0.03231776878237724,0.9601489901542664,0.8486290574073792,0.9389880895614624,0.34662625193595886,0.2730099558830261,0.10436100512742996,0.17152518033981323
1605,-16.8152,-11.509,-28.3242,-18.7734,-10.0078,2.0,0.0,0.9724941849708557,0.014191513881087303,0.9455597400665283,0.8030803203582764,0.9170386791229248,0.333488792181015,0.2711442708969116,0.11423352360725403,0.17665578424930573
1610,-17.3734,-11.6629,-29.0363,-19.7734,-10.0234,2.0,0.0,0.9622464179992676,0.007521826773881912,0.9621657133102417,0.793157696723938,0.8913690447807312,0.2892957031726837,0.2893734574317932,0.11916977912187576,0.1976834535598755
1615,-15.498,-11.4621,-26.9602,-15.5,-10.3672,2.0,0.0,0.9761500954627991,0.01274834480136633,0.9807562232017517,0.7932944893836975,0.9237351417541504,0.41231343150138855,0.23476368188858032,0.11512748897075653,0.13331778347492218
1620,-16.0832,-11.4273,-27.5105,-16.7188,-10.1797,2.0,0.0,0.9750151634216309,0.018492398783564568,0.97489994764328,0.7862823009490967,0.930059552192688,0.38425061106681824,0.24801772832870483,0.1068485677242279,0.1564054787158966
1625,-14.7473,-11.3102,-26.0574,-15.375,-10.2656,2.0,0.0,0.9866101145744324,0.0436866357922554,0.9856476783752441,0.7286019921302795,0.949032723903656,0.4673507511615753,0.2108597606420517,0.10832556337118149,0.10898631811141968
1630,-14.5879,-11.9219,-26.5098,-13.9141,-10.4688,2.0,0.0,0.9763393998146057,0.02781740389764309,0.9704973101615906,0.5876143574714661,0.9237351417541504,0.42875465750694275,0.21797263622283936,0.13833178579807281,0.11046330630779266
1635,-13.3031,-11.8348,-25.1379,-11.5938,-10.2344,2.0,0.0,0.9777384400367737,0.03222726285457611,0.9422950744628906,0.48769575357437134,0.8984375,0.5272854566574097,0.16281871497631073,0.11854788661003113,0.08687033504247665
1640,-13.0602,-11.8285,-24.8887,-11.6953,-10.1953,2.0,0.0,0.9849863052368164,0.02073676511645317,0.9683564901351929,0.39949747920036316,0.9192708134651184,0.5384795069694519,0.15932057797908783,0.12037468701601028,0.07734763622283936
1645,-13.907,-11.6324,-25.5395,-12.9297,-10.2344,2.0,0.0,0.9859133362770081,0.04621392861008644,0.9657511115074158,0.5158571004867554,0.9129464030265808,0.5049362778663635,0.17914333939552307,0.11462219804525375,0.09682058542966843
1650,-13.1828,-11.7227,-24.9055,-11.2734,-10.1953,1.992,0.0,0.9874683022499084,0.07367922365665436,0.966178834438324,0.3269726634025574,0.9389880895614624,0.5365749597549438,0.1640625,0.11951959133148193,0.07536535710096359
1655,-13.5773,-11.4563,-25.0336,-12.0391,-10.0938,1.9779,0.0,0.9924795627593994,0.07690627127885818,0.9822801947593689,0.4536406397819519,0.957217276096344,0.527168869972229,0.177899569272995,0.11625466495752335,0.07419931888580322
1660,-13.7973,-11.593,-25.3902,-11.6016,-10.1016,1.9788,0.0,0.990288257598877,0.04530201479792595,0.977022647857666,0.49637681245803833,0.9635416865348816,0.5042755007743835,0.18532338738441467,0.12010261416435242,0.08582089841365814
1665,-14.2633,-11.8,-26.0633,-12.8984,-10.3438,1.9621,0.0,0.9866689443588257,0.033397313207387924,0.9822396039962769,0.5210843086242676,0.9311755895614624,0.46066543459892273,0.20250311493873596,0.12912002205848694,0.10323382914066315
1670,-13.0191,-12.084,-25.1031,-11.0547,-10.2344,1.9485,0.0,0.9845303297042847,0.03453237563371658,0.9707161784172058,0.2705882489681244,0.8843005895614624,0.5200948119163513,0.16208022832870483,0.13405628502368927,0.07929104566574097
1675,-13.2988,-11.6313,-24.9301,-11.7188,-10.4297,1.929,0.0,0.9894230365753174,0.07556382566690445,0.9762369990348816,0.375893771648407,0.9319196343421936,0.5328435897827148,0.16717195510864258,0.11940298229455948,0.07610385864973068
1680,-12.7516,-11.4871,-24.2387,-10.7891,-10.0625,1.9055,0.0,0.9948515892028809,0.06531049311161041,0.9838709831237793,0.2777777910232544,0.9616815447807312,0.5813121795654297,0.14521144330501556,0.1060323417186737,0.06296642124652863
1685,-13.316,-11.5488,-24.8648,-11.2109,-10.1797,1.8805,0.0,0.9955089688301086,0.06748756766319275,0.9811386466026306,0.33281412720680237,0.9505208134651184,0.5452425479888916,0.1641402393579483,0.11127953976392746,0.07486007362604141
1690,-13.084,-11.3883,-24.4723,-11.3672,-10.2422,1.855,0.0,0.9941744804382324,0.0668979212641716,0.988950252532959,0.39634865522384644,0.964657723903656,0.5671253204345703,0.15687188506126404,0.10552705079317093,0.0659981369972229
1695,-12.934,-11.7094,-24.6434,-10.9688,-10.1719,1.8382,0.0,0.9928913116455078,0.02711442857980728,0.983492910861969,0.3011777997016907,0.9579613208770752,0.5522388219833374,0.15625,0.11773165315389633,0.06930192559957504
1700,-12.9246,-11.8008,-24.7254,-10.7266,-10.2812,1.8097,0.0,0.993062436580658,0.025866398587822914,0.9838709831237793,0.24781659245491028,0.9389880895614624,0.5490516424179077,0.15477301180362701,0.12049129605293274,0.0712064653635025
1705,-12.857,-11.9125,-24.7695,-10.6562,-10.3047,1.7799,0.0,0.9917072057723999,0.01908109523355961,0.9821867346763611,0.1991174817085266,0.937127947807312,0.5436878204345703,0.15481187403202057,0.1265547275543213,0.07046797126531601
1710,-12.4957,-11.6602,-24.1559,-10.3516,-10.2344,1.7513,0.0,0.9941458106040955,0.015380313619971275,0.988304078578949,0.1954098343849182,0.9654017686843872,0.584266185760498,0.1389925330877304,0.11298973858356476,0.059273943305015564
1715,-13.0879,-11.8199,-24.9078,-11.2188,-10.3516,1.7171,0.0,0.9953940510749817,0.015114578418433666,0.98562091588974,0.24810892343521118,0.9620535969734192,0.5400730967521667,0.15943719446659088,0.11893656849861145,0.07707556337118149
1720,-12.6258,-11.8688,-24.4945,-10.5234,-10.3359,1.683,0.0,0.9938591122627258,0.010825439356267452,0.9847797751426697,0.15022675693035126,0.9479166865348816,0.5633162260055542,0.14361785352230072,0.12002487480640411,0.06856343150138855
1725,-12.7117,-12.3191,-25.0309,-10.4922,-10.1172,1.6497,0.0,0.9850022196769714,0.0064850845374166965,0.9682585000991821,0.09443911910057068,0.9114583134651184,0.528684675693512,0.14983674883842468,0.13592195510864258,0.08107897639274597
1730,-12.4754,-12.2996,-24.775,-10.3906,-10.25,1.6157,0.0,0.9841471910476685,0.008460236713290215,0.9702328443527222,0.04718416929244995,0.8816964030265808,0.5492070913314819,0.13782648742198944,0.13187965750694275,0.07660914212465286
1735,-12.8875,-13.075,-25.9625,-10.8438,-10.4922,1.5764,0.0,0.9719335436820984,0.004039383959025145,0.9475498795509338,0.026456918567419052,0.8184523582458496,0.4750077724456787,0.15395678579807281,0.15784358978271484,0.10871423780918121
1740,-12.4977,-12.5785,-25.0762,-10.3516,-10.375,1.5404,0.0,0.9759625792503357,0.003990877885371447,0.9639059901237488,0.04667547345161438,0.8456101417541504,0.5319885015487671,0.13634949922561646,0.1389147937297821,0.08826959133148193
1745,-12.3043,-12.0688,-24.373,-10.3516,-10.1641,1.5023,0.0,0.9855929613113403,0.007044320460408926,0.9745025038719177,0.052291423082351685,0.9229910969734192,0.5719449520111084,0.13242381811141968,0.125,0.06615360826253891
1750,-12.5902,-12.1438,-24.734,-10.4609,-10.3438,1.4629,0.0,0.9884092807769775,0.005622489843517542,0.9771377444267273,0.07257203757762909,0.9341517686843872,0.5466029047966003,0.145172581076622,0.13090795278549194,0.0728389322757721
1755,-12.4199,-11.9254,-24.3453,-10.3359,-10.2656,1.4254,0.0,0.9905552268028259,0.009537572041153908,0.9794050455093384,0.10659599304199219,0.9241071343421936,0.5761427283287048,0.13448382914066315,0.1188976988196373,0.0659981369972229
1760,-12.3977,-11.902,-24.2996,-10.4062,-10.2188,1.388,0.0,0.9864609837532043,0.008006863296031952,0.9812963604927063,0.12781955301761627,0.9360119104385376,0.5770366787910461,0.13592195510864258,0.1205301582813263,0.06203358247876167
1765,-12.7102,-11.9309,-24.641,-10.7422,-10.3672,1.3498,0.0,0.9869056940078735,0.02037576027214527,0.9782813787460327,0.15529672801494598,0.952752947807312,0.5550761818885803,0.1468827724456787,0.12348414212465286,0.07007928937673569
1770,-12.7047,-11.8832,-24.5879,-10.4219,-10.3281,1.3204,0.0,0.9921618103981018,0.014587132260203362,0.9841219186782837,0.18888258934020996,0.9453125,0.5553871393203735,0.14921486377716064,0.1223958358168602,0.0685245618224144
1775,-12.7844,-11.8668,-24.6512,-10.5859,-10.2344,1.2868,0.0,0.9923071265220642,0.02083333395421505,0.9775317311286926,0.17759563028812408,0.9561011791229248,0.5557758212089539,0.1492537260055542,0.11936412006616592,0.0711287334561348
1780,-12.6348,-11.7957,-24.4305,-10.4688,-10.2109,1.255,0.0,0.9921050667762756,0.014725933782756329,0.9813874959945679,0.17971014976501465,0.9575892686843872,0.5710898637771606,0.14252954721450806,0.11485540866851807,0.06704757362604141
1785,-12.5887,-11.9301,-24.5187,-10.7656,-10.2734,1.2253,0.0,0.991709291934967,0.022683793678879738,0.9793281555175781,0.12479293346405029,0.941220223903656,0.5625777244567871,0.14221858978271484,0.12033581733703613,0.0703902393579483
1790,-12.4879,-11.9406,-24.4285,-10.6172,-10.3828,1.189,0.0,0.9921687245368958,0.009887393563985825,0.9737089276313782,0.12750455737113953,0.9274553656578064,0.5658037662506104,0.1415189653635025,0.1241837665438652,0.06401585787534714
1795,-12.8488,-11.8914,-24.7402,-10.6953,-10.2031,1.153,0.0,0.9951357245445251,0.016848107799887657,0.9801496863365173,0.15956340730190277,0.9557291865348816,0.5513448119163513,0.14995336532592773,0.11944185197353363,0.0747823417186737
1800,-12.6789,-11.6734,-24.3523,-10.5781,-10.3438,1.1156,0.0,0.9953716397285461,0.02714097499847412,0.9903010129928589,0.16698656976222992,0.9810267686843872,0.5710510015487671,0.14750465750694275,0.1162157952785492,0.06075093150138855
1805,-12.8574,-11.9902,-24.8477,-10.5156,-10.4922,1.0788,0.0,0.9924541711807251,0.01741105131804943,0.985498309135437,0.14627797901630402,0.9445684552192688,0.5408504605293274,0.15403451025485992,0.1259717047214508,0.07466573268175125
1810,-12.5437,-11.7398,-24.2836,-10.3906,-10.25,1.0469,0.0,0.9958831071853638,0.016313213855028152,0.9856618642807007,0.12936609983444214,0.9732142686843872,0.5759094953536987,0.14295709133148193,0.11656560748815536,0.06009017303586006
1815,-12.718,-11.7242,-24.4422,-10.4688,-10.1875,1.0115,0.0,0.9953325390815735,0.017168516293168068,0.990622878074646,0.21306650340557098,0.9598214030265808,0.5662702322006226,0.14715485274791718,0.11606032401323318,0.06603699922561646
1820,-12.35,-11.4371,-23.7871,-10.3281,-10.1172,0.9788,0.0,0.9949917793273926,0.040290821343660355,0.9867446422576904,0.19357143342494965,0.9821428656578064,0.613106369972229,0.12830379605293274,0.09969682991504669,0.054415423423051834
1825,-12.6285,-11.643,-24.2715,-10.4297,-10.3125,0.952,0.0,0.9930121898651123,0.029700271785259247,0.988161563873291,0.20433436334133148,0.9765625,0.5784748196601868,0.14264614880084991,0.11162935197353363,0.06277208030223846
1830,-12.6328,-11.5664,-24.1992,-10.4062,-10.1719,0.9159,0.0,0.9962671399116516,0.0416441336274147,0.9899964332580566,0.2024659365415573,0.9765625,0.5831001400947571,0.14373445510864258,0.10879197716712952,0.0598958320915699
1835,-12.848,-11.7172,-24.5652,-10.5469,-10.1953,0.8794,0.0,0.9953054785728455,0.053664594888687134,0.9890357851982117,0.15103532373905182,0.9787946343421936,0.5547263622283936,0.15644434094429016,0.1205301582813263,0.06382151693105698
1840,-12.9043,-11.8262,-24.7305,-10.7031,-10.2344,0.8483,0.0,0.9949992895126343,0.03415753319859505,0.9868680238723755,0.14575546979904175,0.964657723903656,0.5518501400947571,0.15247978270053864,0.11839241534471512,0.07280006259679794
1845,-12.4492,-11.6465,-24.0957,-10.2422,-10.3359,0.8138,0.0,0.9922444820404053,0.0722961276769638,0.975652813911438,0.12067840993404388,0.941592276096344,0.5913790464401245,0.13440608978271484,0.11015236377716064,0.05958488956093788
1850,-12.682,-11.8723,-24.5543,-10.6797,-10.2109,0.7795,0.0,0.9924675822257996,0.060566335916519165,0.9718888401985168,0.13066202402114868,0.9229910969734192,0.5572916865348816,0.14824315905570984,0.12305659055709839,0.06693097203969955
1855,-12.9633,-12.0035,-24.9668,-10.7109,-10.2656,0.7478,0.0,0.9904253482818604,0.06194690242409706,0.9676828980445862,0.14328357577323914,0.9356398582458496,0.5317941308021545,0.1581156700849533,0.12748755514621735,0.078125
1860,-12.8484,-11.816,-24.6645,-10.7734,-10.2578,0.7196,0.0,0.9903792142868042,0.06253190338611603,0.9754661321640015,0.1747945249080658,0.9482886791229248,0.5534825921058655,0.15228544175624847,0.118819959461689,0.07093439251184464
1865,-12.9258,-11.7809,-24.7066,-10.8047,-10.3828,0.6883,0.0,0.9905929565429688,0.052184466272592545,0.9806067943572998,0.20283855497837067,0.9668898582458496,0.5453979969024658,0.16013681888580322,0.12426150590181351,0.06572605669498444
1870,-12.3895,-12.1375,-24.527,-10.4609,-10.1562,0.6563,0.0,0.9828240275382996,0.05560407415032387,0.9432166814804077,0.074054054915905,0.8898809552192688,0.5634716749191284,0.13351212441921234,0.1266324669122696,0.07190609723329544
1875,-12.8383,-12.3238,-25.1621,-10.6328,-10.1875,0.6218,0.0,0.9824444055557251,0.04512820392847061,0.9382821321487427,0.1187528669834137,0.8924851417541504,0.5225046873092651,0.15158581733703613,0.13666044175624847,0.08477145433425903
1880,-12.6039,-11.6313,-24.2352,-10.4297,-10.2188,0.5935,0.0,0.9921576380729675,0.07096424698829651,0.9742160439491272,0.18409237265586853,0.9579613208770752,0.5798740386962891,0.14350123703479767,0.11155162006616592,0.06059546023607254
1885,-12.8984,-12.125,-25.0234,-10.8984,-10.2656,0.5595,0.0,0.9879686236381531,0.04185577481985092,0.9671543836593628,0.13276027143001556,0.921875,0.5298118591308594,0.15415112674236298,0.13016946613788605,0.08138992637395859
1890,-12.6297,-12.1094,-24.7391,-10.5078,-10.2266,0.5266,0.0,0.9828885197639465,0.04173576459288597,0.9452812671661377,0.11026422679424286,0.9237351417541504,0.5519667267799377,0.140625,0.12643812596797943,0.076492540538311
1895,-12.3141,-11.9027,-24.2168,-10.4375,-10.1328,0.4878,0.0,0.9865232706069946,0.037533510476350784,0.9661073684692383,0.07256097346544266,0.9382440447807312,0.5854710936546326,0.13048040866851807,0.11582711338996887,0.06374377757310867
1900,-12.4844,-12.0379,-24.5223,-10.3516,-10.1875,0.4497,0.0,0.9866409301757812,0.030890200287103653,0.955974817276001,0.09566685557365417,0.9233630895614624,0.5644434094429016,0.13840951025485992,0.12360074371099472,0.06906872242689133
1905,-12.3395,-12.0957,-24.4352,-10.3203,-10.2734,0.4198,0.0,0.9820600152015686,0.051109813153743744,0.919812798500061,0.07367219030857086,0.9322916865348816,0.569807231426239,0.13308458030223846,0.12457244843244553,0.06805814802646637
1910,-12.6246,-11.6789,-24.3035,-10.3828,-10.1719,0.3841,0.0,0.9890021085739136,0.12772925198078156,0.9609187245368958,0.10866910964250565,0.9360119104385376,0.5760650038719177,0.142412930727005,0.11337842047214508,0.06366604566574097
1915,-12.7398,-11.6148,-24.3547,-10.75,-9.9297,0.3556,0.0,0.9887093305587769,0.16742688417434692,0.9468716979026794,0.10234798491001129,0.9326636791229248,0.5748989582061768,0.1448616236448288,0.11120180040597916,0.06456001102924347
1920,-12.6602,-11.8152,-24.4754,-11.1016,-9.9766,0.3187,0.0,0.9812988042831421,0.1631147563457489,0.8937994837760925,0.12628571689128876,0.9326636791229248,0.56739741563797,0.1422574669122696,0.11784826219081879,0.06801927834749222
1925,-12.4094,-12.4551,-24.8645,-10.8125,-10.1562,0.2823,0.0,0.9715690612792969,0.15717606246471405,0.8147503137588501,0.07688679546117783,0.8694196343421936,0.5454757213592529,0.1337842047214508,0.1338619440793991,0.08240050077438354
1930,-12.1199,-12.1188,-24.2387,-10.4062,-10.0781,0.253,0.0,0.9786838293075562,0.1261889636516571,0.8596091270446777,0.07228229939937592,0.8932291865348816,0.5853155851364136,0.12259017676115036,0.11932525038719177,0.06829135864973068
1935,-12.7164,-12.4949,-25.2113,-11.0156,-10.0312,0.2127,0.0,0.9781206250190735,0.1340150684118271,0.8347131013870239,0.08511548489332199,0.8716517686843872,0.5240594148635864,0.14443407952785492,0.1361551582813263,0.09087375551462173
1940,-12.3457,-12.9375,-25.2832,-10.5547,-10.1562,0.1763,0.0,0.9709484577178955,0.0796150490641594,0.7969158291816711,0.05762004107236862,0.8377976417541504,0.5204446315765381,0.13327892124652863,0.14870958030223846,0.09308923780918121
1945,-12.6723,-13.8254,-26.4977,-11.2188,-10.375,0.1438,0.0,0.9530097842216492,0.10047847032546997,0.7063636183738708,0.05167883262038231,0.8046875,0.4532804787158966,0.1380985677242279,0.17101989686489105,0.13312344253063202
1950,-12.8699,-12.6918,-25.5617,-11.0078,-10.0234,0.109,0.0,0.9763851761817932,0.15433911979198456,0.7792134881019592,0.08150943368673325,0.870907723903656,0.5085898637771606,0.14556126296520233,0.13837064802646637,0.10300061851739883
1955,-12.9473,-11.882,-24.8293,-11.2109,-10.0391,0.077,0.0,0.9838559627532959,0.2018049657344818,0.8568246960639954,0.12886327505111694,0.9241071343421936,0.5441153645515442,0.15504509210586548,0.12216262519359589,0.07419931888580322
1960,-12.9621,-12.0738,-25.0359,-11.0078,-9.9766,0.0483,0.0,0.9876804351806641,0.14483627676963806,0.857714831829071,0.10356294363737106,0.9427083134651184,0.5331934094429016,0.1543065905570984,0.12620490789413452,0.08181747794151306
1965,-12.5402,-11.4012,-23.9414,-10.6094,-10.1641,0.0151,0.0,0.9905868768692017,0.17256636917591095,0.9312546849250793,0.1450662761926651,0.9709821343421936,0.5987251400947571,0.1405472606420517,0.10346703976392746,0.05278296023607254
1970,-12.6148,-11.5883,-24.2031,-10.5703,-10.0312,0.0,0.0,0.9887617826461792,0.15898554027080536,0.9163089990615845,0.10006497800350189,0.9739583134651184,0.5844993591308594,0.14252954721450806,0.10867537558078766,0.059818096458911896
1975,-12.6629,-12.0359,-24.6988,-10.7969,-10.2109,0.0,0.0,0.9866939187049866,0.11012861877679825,0.9097674489021301,0.06865353882312775,0.9270833134651184,0.5520833134651184,0.14505596458911896,0.12534981966018677,0.07303327322006226
1980,-12.5996,-11.9879,-24.5875,-10.5391,-10.1406,0.0,0.0,0.9887009859085083,0.06803962588310242,0.9343175888061523,0.06907090544700623,0.9501488208770752,0.5538324117660522,0.1490982621908188,0.12900342047214508,0.06358830630779266
1985,-12.3367,-11.9629,-24.2996,-10.3203,-10.2969,0.0,0.0,0.9832638502120972,0.08033888041973114,0.9105769395828247,0.03953057527542114,0.9579613208770752,0.5782804489135742,0.13304570317268372,0.12126865983009338,0.06292755156755447
1990,-12.482,-11.732,-24.2141,-10.2578,-10.0938,0.0,0.0,0.9883191585540771,0.11963816732168198,0.9383291602134705,0.05266307666897774,0.953497052192688,0.5889692306518555,0.13320118188858032,0.1084032952785492,0.06494869291782379
1995,-12.5539,-11.7969,-24.3508,-10.2031,-10.2734,0.0,0.0,0.985981285572052,0.1334056407213211,0.9246483445167542,0.048124998807907104,0.964657723903656,0.5739272236824036,0.14334577322006226,0.11606032401323318,0.06218905374407768
2000,-13.0477,-11.8289,-24.8766,-10.6172,-10.2656,0.0,0.0,0.9829688668251038,0.1866120845079422,0.9447107911109924,0.046291425824165344,0.9546130895614624,0.5385960936546326,0.16141946613788605,0.12161847203969955,0.0738883689045906
2005,-12.9301,-11.1371,-24.0672,-10.6641,-10.0781,0.0,0.0,0.9908103942871094,0.26458385586738586,0.9608728289604187,0.09463722258806229,0.9858630895614624,0.5836831331253052,0.15924285352230072,0.10331156849861145,0.04928482696413994
2010,-13.998,-10.7168,-24.7148,-12.625,-10.0,0.0,0.0,0.9916245341300964,0.40042826533317566,0.9733646512031555,0.17599999904632568,0.9497767686843872,0.5383239984512329,0.19966574013233185,0.09923040866851807,0.05830223858356476
2015,-13.6285,-10.7188,-24.3473,-12.2344,-9.75,0.0,0.0,0.988953709602356,0.4231181740760803,0.9263114333152771,0.12142857164144516,0.9758184552192688,0.5665034055709839,0.1812422275543213,0.09336131811141968,0.054415423423051834
2020,-13.7219,-10.9516,-24.6734,-11.9609,-9.8984,0.0,0.0,0.9903901219367981,0.3446860909461975,0.9465842843055725,0.15238095819950104,0.9706101417541504,0.54197758436203,0.1894434094429016,0.10696517676115036,0.05713619291782379
2025,-12.9184,-11.8766,-24.7949,-10.6172,-10.0547,0.0,0.0,0.986500084400177,0.15529468655586243,0.9300093054771423,0.06458797305822372,0.9460565447807312,0.5412780046463013,0.1589318960905075,0.12550528347492218,0.06980721652507782
2030,-13.4285,-11.3836,-24.8121,-11.6406,-9.9297,0.0,0.0,0.9832137823104858,0.30124223232269287,0.9160545468330383,0.08770917356014252,0.9694940447807312,0.5418221354484558,0.1752176582813263,0.11112406849861145,0.06735852360725403
2035,-14.0559,-10.6012,-24.657,-14.8203,-9.0547,0.0,0.0,0.9850384593009949,0.48456427454948425,0.8906699419021606,0.10598760843276978,0.972470223903656,0.5455535054206848,0.19892723858356476,0.0945662334561348,0.0564754344522953
2040,-13.8137,-10.7352,-24.5488,-12.5078,-9.4375,0.0,0.0,0.9871235489845276,0.4687947630882263,0.9126726388931274,0.05814739689230919,0.9546130895614624,0.5523942708969116,0.1899486929178238,0.09569340944290161,0.05748600885272026
2045,-12.709,-11.4984,-24.2074,-10.5,-10.0781,0.0,0.0,0.983918309211731,0.2565045952796936,0.9109163880348206,0.0245033111423254,0.9694940447807312,0.5824782252311707,0.14789333939552307,0.10645988583564758,0.05869092047214508
2050,-12.7328,-11.357,-24.0898,-10.9453,-9.8672,0.0,0.0,0.985090434551239,0.29648759961128235,0.9026613235473633,0.040479760617017746,0.9434523582458496,0.5865594148635864,0.15049751102924347,0.10661535710096359,0.051850125193595886
2055,-12.6488,-11.832,-24.4809,-10.6562,-9.9766,0.0,0.0,0.9812222719192505,0.19979296624660492,0.8880527019500732,0.03215434029698372,0.9397321343421936,0.5609452724456787,0.15018656849861145,0.12395056337118149,0.06043998897075653
2060,-12.8254,-11.841,-24.6664,-10.6641,-10.0078,0.0,0.0,0.9839275479316711,0.20315682888031006,0.8992500901222229,0.03116304986178875,0.9464285969734192,0.5537935495376587,0.1526741236448288,0.11920864135026932,0.06984607875347137
2065,-12.8457,-11.6809,-24.5266,-10.6484,-10.2031,0.0,0.0,0.9825388193130493,0.2151801735162735,0.9242933988571167,0.06210098788142204,0.9505208134651184,0.5609452724456787,0.1520911008119583,0.11551617085933685,0.0669698417186737
2070,-13.6902,-10.8824,-24.5727,-11.3984,-10.1094,0.0,0.0,0.9902809858322144,0.361335813999176,0.9600155353546143,0.10941828042268753,0.9817708134651184,0.5518890023231506,0.18738339841365814,0.10012438148260117,0.05612562224268913
2075,-13.8977,-10.2203,-24.118,-11.0078,-9.9766,0.0,0.0,0.9935426712036133,0.4783379137516022,0.9814898371696472,0.17971014976501465,0.9747023582458496,0.5718283653259277,0.19737251102924347,0.08609297126531601,0.04022854566574097
2080,-13.4281,-11.0926,-24.5207,-10.8828,-10.0625,0.0,0.0,0.9905067682266235,0.30134865641593933,0.9684802889823914,0.11467889696359634,0.9780505895614624,0.5568252205848694,0.17580068111419678,0.10358364135026932,0.05931280925869942
2085,-14.5895,-10.3883,-24.9777,-11.7266,-10.0625,0.0,0.0,0.9903017282485962,0.4520319700241089,0.9834680557250977,0.18986384570598602,0.9825148582458496,0.5049751400947571,0.23336443305015564,0.1057991310954094,0.05138370767235756
2090,-13.6445,-10.8543,-24.4988,-10.3516,-10.1875,0.0,0.0,0.9933552742004395,0.32695943117141724,0.9868943691253662,0.18076398968696594,0.9866071343421936,0.5556980967521667,0.1849735677242279,0.09787002205848694,0.05698072165250778
2095,-13.0617,-10.909,-23.9707,-10.3984,-10.5391,0.0,0.0,0.9869743585586548,0.3060885965824127,0.9826566576957703,0.19430051743984222,0.9773065447807312,0.5878420472145081,0.1640625,0.09860852360725403,0.04500932991504669
2100,-12.8613,-11.209,-24.0703,-10.7656,-10.25,0.0,0.0,0.9865275621414185,0.2153414934873581,0.9758805632591248,0.2033773809671402,0.972470223903656,0.5885416865348816,0.15251865983009338,0.10152363032102585,0.05293843150138855
2105,-13.1883,-11.5172,-24.7055,-10.8906,-10.7266,0.0,0.0,0.9866249561309814,0.12938192486763,0.9800131320953369,0.2631579041481018,0.9590773582458496,0.5463308691978455,0.1685323417186737,0.11862561851739883,0.06203358247876167
2110,-12.7539,-11.643,-24.3969,-10.3359,-10.2891,0.0,0.0,0.983176052570343,0.12765957415103912,0.9739652872085571,0.1383928507566452,0.9564732313156128,0.5683302283287048,0.14979788661003113,0.11644900590181351,0.06094527244567871
2115,-13.316,-11.748,-25.0641,-11.0391,-10.4766,0.0,0.0,0.9863788485527039,0.10412441194057465,0.9852625131607056,0.20722134411334991,0.9657738208770752,0.5221937298774719,0.17245802283287048,0.12659358978271484,0.07427705079317093
2120,-12.5121,-11.4738,-23.9859,-10.2188,-10.2422,0.0,0.0,0.9872146248817444,0.1475728154182434,0.972834050655365,0.11006516963243484,0.9676339030265808,0.5958488583564758,0.14011971652507782,0.1058768630027771,0.05367692932486534
2125,-12.6336,-11.3715,-24.0051,-10.3047,-10.3516,0.0,0.0,0.9890868663787842,0.1642461121082306,0.9800724387168884,0.13494539260864258,0.9654017686843872,0.5912235975265503,0.14719371497631073,0.10727611929178238,0.04982898011803627
2130,-12.5938,-11.5227,-24.1164,-10.4688,-10.3516,0.0,0.0,0.9894917607307434,0.0947970598936081,0.9803711771965027,0.15389971435070038,0.9776785969734192,0.5881141424179077,0.14268501102924347,0.10890857875347137,0.055814675986766815
2135,-12.9273,-11.7648,-24.6922,-10.4688,-10.3516,0.0,0.0,0.9875632524490356,0.09668438136577606,0.9746328592300415,0.14132186770439148,0.9665178656578064,0.5531716346740723,0.1535681039094925,0.11644900590181351,0.07233364135026932
2140,-12.6273,-11.4191,-24.0465,-10.5781,-10.1797,0.0,0.0,0.9839228391647339,0.19795037806034088,0.9489158391952515,0.13702623546123505,0.9546130895614624,0.5923118591308594,0.1441231369972229,0.10576026141643524,0.05332711338996887
2145,-12.6773,-11.3871,-24.0645,-10.2266,-10.3906,0.0,0.0,0.9843214750289917,0.21683195233345032,0.9492833614349365,0.13920454680919647,0.9471726417541504,0.590018630027771,0.1450171023607254,0.10576026141643524,0.05472636967897415
2150,-12.9855,-11.9145,-24.9,-10.7188,-10.3672,0.0,0.0,0.9796762466430664,0.18252427875995636,0.9269628524780273,0.08077544718980789,0.918154776096344,0.53548663854599,0.16013681888580322,0.12772077322006226,0.07217817008495331
2155,-12.9566,-11.4859,-24.4426,-10.7578,-10.4062,0.0,0.0,0.9888820052146912,0.1905461698770523,0.9591205716133118,0.1405750811100006,0.9520089030265808,0.5628498196601868,0.1586986929178238,0.11314520984888077,0.06082867085933685
2160,-12.5508,-11.6484,-24.1992,-10.3984,-10.3516,0.0,0.0,0.983613133430481,0.1417687088251114,0.954079806804657,0.13272009789943695,0.9479166865348816,0.5834888219833374,0.14284048974514008,0.11003576219081879,0.05915733799338341
2165,-13.302,-11.1926,-24.4945,-10.8281,-10.125,0.0,0.0,0.9903612732887268,0.23010262846946716,0.9702933430671692,0.2310188263654709,0.972842276096344,0.5605177283287048,0.17043687403202057,0.10467195510864258,0.0598958320915699
2170,-13.1398,-11.2109,-24.3508,-11.3047,-10.2031,0.0,0.0,0.9881049990653992,0.22905820608139038,0.9682883024215698,0.23883770406246185,0.9434523582458496,0.5685634613037109,0.16425684094429016,0.10785914212465286,0.05484297126531601
2175,-13.3488,-11.0016,-24.3504,-10.8672,-10.2344,0.0,0.0,0.9890668988227844,0.2609761655330658,0.9890400767326355,0.2815249264240265,0.969122052192688,0.5652596354484558,0.1744014322757721,0.10284514725208282,0.05301617085933685
2180,-13.0594,-11.0672,-24.1266,-10.7188,-10.2031,0.0,0.0,0.988164484500885,0.2295081913471222,0.9884482026100159,0.2759968638420105,0.9791666865348816,0.5812733173370361,0.16359607875347137,0.10094060748815536,0.049712374806404114
2185,-12.3883,-11.6277,-24.016,-10.3125,-10.3828,0.0,0.0,0.9820654392242432,0.12978602945804596,0.9654457569122314,0.10932944715023041,0.9516369104385376,0.5916511416435242,0.13805970549583435,0.11248445510864258,0.05332711338996887
2190,-12.3898,-12.0184,-24.4082,-10.3672,-10.2969,0.0,0.0,0.973361611366272,0.08216489106416702,0.949999988079071,0.09687308222055435,0.9304315447807312,0.5675917267799377,0.13860385119915009,0.12593284249305725,0.0633939653635025
2195,-12.5309,-12.7207,-25.2516,-10.4688,-10.3516,0.0,0.0,0.9591882824897766,0.055837564170360565,0.9328567981719971,0.03819604218006134,0.859747052192688,0.5133317708969116,0.14548352360725403,0.15224657952785492,0.08446051180362701
2200,-12.9371,-12.6395,-25.5766,-10.5625,-10.6328,0.0,0.0,0.9548507928848267,0.06387719511985779,0.9387808442115784,0.08357709646224976,0.9159226417541504,0.49759018421173096,0.1569885015487671,0.14793221652507782,0.09301150590181351
2205,-12.6363,-11.7551,-24.3914,-10.6562,-10.4453,0.0,0.0,0.9724814891815186,0.14099673926830292,0.9771446585655212,0.11510791629552841,0.9575892686843872,0.5621501803398132,0.1552005559206009,0.12414489686489105,0.05402674153447151
2210,-12.8926,-11.45,-24.3426,-10.3984,-10.2812,0.0,0.0,0.988921582698822,0.16911764442920685,0.9816925525665283,0.15603329241275787,0.9549851417541504,0.5683690905570984,0.15858209133148193,0.11252331733703613,0.05604788661003113
2215,-12.9844,-11.5887,-24.573,-10.2109,-10.7266,0.0,0.0,0.9794607758522034,0.18629297614097595,0.9800578951835632,0.13183915615081787,0.9505208134651184,0.5506840944290161,0.1650342047214508,0.12084110826253891,0.058962997049093246
2220,-13.5457,-11.3402,-24.8859,-10.4141,-10.8359,0.0,0.0,0.9823334813117981,0.24336744844913483,0.9852990508079529,0.20895522832870483,0.9694940447807312,0.5280239582061768,0.18606187403202057,0.11633239686489105,0.0651041641831398
2225,-14.143,-11.0352,-25.1781,-10.8125,-10.6484,0.0,0.0,0.9874383211135864,0.3398416042327881,0.9928106665611267,0.14644107222557068,0.9735863208770752,0.5043532252311707,0.2110152393579483,0.11353389173746109,0.06662002205848694
2230,-12.8414,-10.9758,-23.8172,-10.2188,-10.4297,0.0,0.0,0.9900951385498047,0.2901696562767029,0.9927826523780823,0.07607699185609818,0.9754464030265808,0.600396454334259,0.15578357875347137,0.09693718701601028,0.04240516200661659
2235,-12.5809,-11.4031,-23.984,-10.0391,-10.4609,0.0,0.0,0.9866840839385986,0.19545823335647583,0.9870466589927673,0.042456407099962234,0.9557291865348816,0.5954601764678955,0.14377331733703613,0.10502176731824875,0.0512671023607254
2240,-12.7262,-11.375,-24.1012,-10.1641,-10.0703,0.0,0.0,0.989872932434082,0.20712228119373322,0.9926226735115051,0.06348074227571487,0.9408482313156128,0.5872201323509216,0.1484375,0.10537157952785492,0.05449315905570984
2245,-12.9426,-11.1461,-24.0887,-10.2188,-10.1719,0.0,0.0,0.9887715578079224,0.2865721881389618,0.9840622544288635,0.05751848965883255,0.9482886791229248,0.5815454125404358,0.16180814802646637,0.10486629605293274,0.047302551567554474
2250,-13.2523,-10.7445,-23.9969,-10.25,-10.1328,0.0,0.0,0.9902744293212891,0.3691827952861786,0.9907741546630859,0.07279693335294724,0.9717261791229248,0.5834888219833374,0.1745568960905075,0.09689831733703613,0.04057835787534714
2255,-14.4109,-10.3727,-24.7836,-10.4922,-10.4922,0.0,0.0,0.99305659532547,0.46323275566101074,0.99190753698349,0.11750973016023636,0.9787946343421936,0.5206001400947571,0.2241138070821762,0.10086287558078766,0.049945585429668427
2260,-13.8051,-10.7781,-24.5832,-10.625,-10.4141,0.0,0.0,0.9947769045829773,0.35836827754974365,0.9943721294403076,0.07032590359449387,0.9862351417541504,0.5357975959777832,0.20390236377716064,0.11050217598676682,0.04532027244567871
2265,-12.8637,-11.0098,-23.8734,-10.2344,-10.3281,0.0,0.0,0.99166339635849,0.29179179668426514,0.9867342710494995,0.03992901369929314,0.9654017686843872,0.5967817306518555,0.15531715750694275,0.09961909055709839,0.043804414570331573
2270,-13.027,-11.4238,-24.4508,-10.4297,-10.3828,0.0,0.0,0.9861178994178772,0.23659159243106842,0.9883060455322266,0.0398576520383358,0.9471726417541504,0.5571750402450562,0.1674051582813263,0.11633239686489105,0.054609764367341995
2275,-12.8332,-10.9887,-23.8219,-10.3359,-10.1953,0.0,0.0,0.9915803074836731,0.28160199522972107,0.9889065027236938,0.05735430121421814,0.9784226417541504,0.6001243591308594,0.1552782952785492,0.09810323268175125,0.04201648011803627
2280,-13.4563,-11.1219,-24.5781,-10.2188,-10.4531,0.0,0.0,0.9907361268997192,0.3088575601577759,0.9930410385131836,0.041304346174001694,0.960565447807312,0.5454368591308594,0.1847403645515442,0.11170709133148193,0.05363805964589119
2285,-13.2828,-10.9789,-24.2617,-10.3281,-10.3516,0.0,0.0,0.9925945997238159,0.29852715134620667,0.9881525635719299,0.11525704711675644,0.972470223903656,0.5668532252311707,0.17681126296520233,0.1049828976392746,0.046875
2290,-13.3457,-10.3035,-23.6492,-10.3672,-10.25,0.0,0.0,0.9929609298706055,0.44627732038497925,0.9947941303253174,0.11302211135625839,0.9828869104385376,0.6073927283287048,0.17436255514621735,0.08212842047214508,0.03163868188858032
2295,-13.5793,-10.4352,-24.0145,-10.6719,-10.2734,0.0,0.0,0.9948204159736633,0.4142388105392456,0.9940677881240845,0.12553191184997559,0.9892113208770752,0.5778140425682068,0.1894434094429016,0.09172885864973068,0.036536071449518204
2300,-12.9145,-10.7816,-23.6961,-10.5156,-10.2578,0.0,0.0,0.994991660118103,0.3100097179412842,0.9938246011734009,0.0933767631649971,0.980282723903656,0.6053327322006226,0.15998134016990662,0.09441076219081879,0.03579757362604141
2305,-12.8813,-10.8598,-23.741,-10.2188,-10.1719,0.0,0.0,0.9927703142166138,0.3013078570365906,0.9905821681022644,0.09562841802835464,0.992559552192688,0.6075093150138855,0.1545397937297821,0.09079602360725403,0.04267723858356476
2310,-13.0789,-10.7059,-23.7848,-10.4062,-10.2891,0.0,0.0,0.9952113032341003,0.3235853612422943,0.9894022941589355,0.15068493783473969,0.992559552192688,0.6006296873092651,0.16347947716712952,0.09168998897075653,0.03972325846552849
2315,-13.0582,-11.0168,-24.075,-10.3359,-10.1016,0.0,0.0,0.9931840896606445,0.2555346190929413,0.9950476288795471,0.1229235902428627,0.9951636791229248,0.5816619992256165,0.1650342047214508,0.10202892124652863,0.046797264367341995
2320,-12.9699,-10.6977,-23.6676,-10.4531,-10.1719,0.0,0.0,0.997324526309967,0.30812394618988037,0.9969485402107239,0.12855637073516846,0.9951636791229248,0.6101523637771606,0.15932057797908783,0.08916355669498444,0.036885883659124374
2325,-12.8703,-10.598,-23.4684,-10.3359,-10.1719,0.0,0.0,0.9976286888122559,0.32896724343299866,0.9995389580726624,0.14726027846336365,0.992559552192688,0.6228622794151306,0.1543065905570984,0.084305040538311,0.03404850885272026
2330,-13.4621,-10.318,-23.7801,-10.6719,-10.3672,0.0,0.0,0.9966816306114197,0.42124542593955994,0.9944751262664795,0.1515151560306549,0.992559552192688,0.5973647236824036,0.18038712441921234,0.08442164212465286,0.03334888070821762
2335,-12.698,-10.7797,-23.4777,-10.3281,-10.2109,0.0,0.0,0.9967148303985596,0.3013007640838623,0.9893813729286194,0.07084188610315323,0.992559552192688,0.6270599961280823,0.14641635119915009,0.08418843150138855,0.03785758838057518
2340,-12.8238,-10.6043,-23.4281,-10.2969,-10.0625,0.0,0.0,0.9990099668502808,0.32911065220832825,0.9976269602775574,0.1150442510843277,0.9906994104385376,0.6281483173370361,0.15034204721450806,0.08189520984888077,0.035136815160512924
2345,-13.9723,-10.1531,-24.1254,-10.6562,-10.2109,0.0,0.0,0.9969260096549988,0.4630163311958313,0.9977355003356934,0.19838055968284607,0.9947916865348816,0.5689910054206848,0.2023087739944458,0.08582089841365814,0.03840174153447151
2350,-14.6387,-10.0719,-24.7105,-11.25,-10.6172,0.0,0.0,0.9985857605934143,0.4539441168308258,0.9991932511329651,0.3039851784706116,0.9973958134651184,0.5221937298774719,0.2350357621908188,0.0963541641831398,0.041938744485378265
2355,-13.532,-10.3223,-23.8543,-10.6172,-10.2188,0.0095,0.0,0.9968637824058533,0.40197551250457764,0.9938737154006958,0.2562761604785919,0.9973958134651184,0.5948771834373474,0.18100902438163757,0.08247823268175125,0.03715796023607254
2360,-12.7086,-10.8066,-23.5152,-10.3047,-10.1406,0.0,0.0,0.995501697063446,0.27424484491348267,0.9951944351196289,0.14006179571151733,0.988467276096344,0.6221237778663635,0.14668843150138855,0.08896921575069427,0.037740983068943024
2365,-12.8895,-10.6359,-23.5254,-10.3125,-10.1016,0.0,0.0,0.9940405488014221,0.3507462739944458,0.99216228723526,0.1120879128575325,0.9921875,0.619597315788269,0.15625,0.084305040538311,0.03537002578377724
2370,-13.248,-10.2152,-23.4633,-10.4609,-10.1797,0.0,0.0,0.9982316493988037,0.4434430003166199,0.9951527118682861,0.12340425699949265,0.9951636791229248,0.6154384613037109,0.17249688506126404,0.08018501102924347,0.027402052655816078
2375,-14.2102,-10.0512,-24.2613,-10.7344,-10.3125,0.0,0.0,0.9976439476013184,0.4963988959789276,0.9971962571144104,0.15464895963668823,0.991815447807312,0.5609064102172852,0.21047107875347137,0.08317785710096359,0.04096703976392746
2380,-13.1813,-10.6957,-23.877,-10.3203,-10.1562,0.0,0.0,0.9950990080833435,0.3472602665424347,0.9944586753845215,0.0830860510468483,0.9895833134651184,0.5947994589805603,0.1702425330877304,0.09118469804525375,0.03929571062326431
2385,-12.8402,-10.5586,-23.3988,-10.1953,-10.1484,0.0,0.0,0.9958037734031677,0.3527892529964447,0.993740975856781,0.1331828385591507,0.991815447807312,0.6298584938049316,0.15049751102924347,0.0807291641831398,0.03443719074130058
2390,-12.5844,-10.8629,-23.4473,-10.25,-10.1094,0.0,0.0,0.9948577880859375,0.28448042273521423,0.9907488822937012,0.048701297491788864,0.9836309552192688,0.6273709535598755,0.14400653541088104,0.08823072165250778,0.03591417893767357
2395,-12.548,-11.0715,-23.6195,-10.2578,-10.1875,0.0,0.0,0.9938886165618896,0.23898166418075562,0.9853121042251587,0.050751879811286926,0.9702380895614624,0.6169154047966003,0.14198538661003113,0.09526585787534714,0.04135572165250778
2400,-12.5523,-11.3055,-23.8578,-10.1719,-10.4531,0.0,0.0,0.9923846125602722,0.17051316797733307,0.9778361916542053,0.0716666653752327,0.9776785969734192,0.6022621393203735,0.1431514322757721,0.10346703976392746,0.04664178937673569
2405,-12.6473,-11.4168,-24.0641,-10.0312,-10.5234,0.0,0.0,0.990865170955658,0.17276528477668762,0.9818311333656311,0.045384615659713745,0.9694940447807312,0.5871812701225281,0.14870958030223846,0.10910291969776154,0.05052860826253891
2410,-12.5219,-11.7965,-24.3184,-10.3359,-10.2656,0.0,0.0,0.9793793559074402,0.1546141356229782,0.9746875762939453,0.05859117954969406,0.8984375,0.5711287260055542,0.1440453976392746,0.12130752205848694,0.05904073268175125
2415,-12.5359,-11.8141,-24.35,-10.3438,-10.25,0.0,0.0,0.9693989753723145,0.1801096349954605,0.9803860783576965,0.04673539474606514,0.9166666865348816,0.5652207732200623,0.14890392124652863,0.12484452873468399,0.05655317008495331
2420,-13.0563,-11.3734,-24.4297,-10.2422,-10.7344,0.0,0.0,0.9653743505477905,0.32855865359306335,0.9779363870620728,0.0822683721780777,0.909970223903656,0.5534048676490784,0.173662930727005,0.1197916641831398,0.0486629344522953
2425,-13.2848,-11.7531,-25.0379,-10.4688,-10.5156,0.0,0.0,0.9566145539283752,0.30805981159210205,0.9657190442085266,0.07419566810131073,0.8653273582458496,0.5097559094429016,0.18711131811141968,0.13945895433425903,0.05919620767235756
2430,-13.2484,-11.8223,-25.0707,-10.3594,-10.7109,0.0,0.0,0.9582328200340271,0.27537819743156433,0.9797475934028625,0.07411504536867142,0.8958333134651184,0.5155472755432129,0.17727766931056976,0.13242381811141968,0.07027363032102585
2435,-14.4812,-11.1215,-25.6027,-10.6562,-10.7969,0.0,0.0,0.9674059152603149,0.41802066564559937,0.9791849851608276,0.08762254565954208,0.9092261791229248,0.46268656849861145,0.2368236929178238,0.13257929682731628,0.06343283504247665
2440,-15.5691,-11.1125,-26.6816,-11.0469,-11.6094,0.008,0.0,0.9586809873580933,0.4656434953212738,0.9876126050949097,0.07247627526521683,0.9084821343421936,0.39132463932037354,0.2760416567325592,0.13805970549583435,0.09009639173746109
2445,-14.0148,-11.6324,-25.6473,-10.6406,-11.1562,0.0171,0.0,0.9563888907432556,0.33406391739845276,0.9895005822181702,0.1023784875869751,0.9014136791229248,0.47057679295539856,0.2128031700849533,0.1369713991880417,0.07517102360725403
2450,-13.2137,-11.0211,-24.2348,-10.2969,-10.5781,0.0091,0.0,0.9837693572044373,0.31077471375465393,0.9884434938430786,0.13084112107753754,0.9639136791229248,0.5675528645515442,0.17459577322006226,0.10762593150138855,0.045747824013233185
2455,-13.027,-10.9293,-23.9563,-10.4297,-10.2891,0.0,0.0,0.9909381866455078,0.28945571184158325,0.9947407841682434,0.1848825365304947,0.9624255895614624,0.5833333134651184,0.17067009210586548,0.10346703976392746,0.03805192932486534
2460,-12.9703,-11.1562,-24.1266,-10.1484,-10.5469,0.0,0.0,0.9883533120155334,0.24040067195892334,0.9927849769592285,0.1728091686964035,0.9553571343421936,0.5773476362228394,0.16297419369220734,0.107742540538311,0.04745802283287048
2465,-12.4926,-11.4156,-23.9082,-10.3125,-10.2422,0.0,0.0,0.9869557023048401,0.17184492945671082,0.9865747690200806,0.12358643114566803,0.9226190447807312,0.5989194512367249,0.1413635015487671,0.10712064802646637,0.04811878129839897
2470,-12.9984,-11.1527,-24.1512,-10.3281,-10.5156,0.0,0.0,0.9882731437683105,0.23518118262290955,0.9948186278343201,0.23076923191547394,0.929315447807312,0.5800295472145081,0.16196362674236298,0.10502176731824875,0.048507463186979294
2475,-12.848,-11.0926,-23.9406,-10.2734,-10.2266,0.0,0.0,0.9939295053482056,0.2545408606529236,0.9862204790115356,0.13240131735801697,0.941592276096344,0.5954601764678955,0.15407338738441467,0.09872512519359589,0.04726368188858032
2480,-12.6301,-11.2602,-23.8902,-10.4688,-10.2109,0.0,0.0,0.9935618042945862,0.1848917007446289,0.9944629073143005,0.09589041024446487,0.9482886791229248,0.5976756811141968,0.14715485274791718,0.10529384016990662,0.045398011803627014
2485,-12.2543,-11.2113,-23.4656,-10.1797,-10.0859,0.0,0.0,0.9911308288574219,0.2009132355451584,0.9792429804801941,0.08097928762435913,0.9274553656578064,0.6310634613037109,0.1276818960905075,0.09549906849861145,0.04127798601984978
2490,-12.2691,-11.559,-23.8281,-10.2891,-10.2422,0.0,0.0,0.9860488772392273,0.14161676168441772,0.9827462434768677,0.05804953724145889,0.9081101417541504,0.6073538661003113,0.12981964647769928,0.10813122242689133,0.05021766200661659
2495,-12.5559,-11.8867,-24.4426,-10.3438,-10.4844,0.0,0.0,0.9802545309066772,0.11572226881980896,0.9821542501449585,0.03482586890459061,0.9322916865348816,0.5649486780166626,0.14610540866851807,0.12196828424930573,0.0625
2500,-12.2129,-12.3992,-24.6121,-10.2734,-10.5078,0.0,0.0,0.9640714526176453,0.08161536604166031,0.9578976631164551,0.02355712652206421,0.8470982313156128,0.5506452322006226,0.13763214647769928,0.14124688506126404,0.0659981369972229
2505,-12.2574,-12.8902,-25.1477,-9.9297,-10.9375,0.0,0.0,0.9569916725158691,0.07956448942422867,0.9486673474311829,0.015362458303570747,0.7284226417541504,0.5178405046463013,0.13922575116157532,0.15749378502368927,0.08096237480640411
2510,-11.8953,-13.3309,-25.2262,-10.2656,-10.8984,0.0,0.0,0.9322175979614258,0.07446808367967606,0.9400673508644104,0.018968870863318443,0.6298363208770752,0.5109219551086426,0.13152985274791718,0.17315764725208282,0.0799129381775856
2515,-11.4187,-13.357,-24.7758,-9.8047,-11.2109,0.0,0.0,0.9195646047592163,0.09084967523813248,0.9368942379951477,0.008489994332194328,0.5799851417541504,0.5320273637771606,0.11893656849861145,0.18046486377716064,0.06409359723329544
2520,-11.907,-12.9137,-24.8207,-10.1875,-10.75,0.0,0.0,0.9503867030143738,0.09271326661109924,0.9646946787834167,0.014722537249326706,0.6395089030265808,0.5327270030975342,0.13121891021728516,0.1629353165626526,0.06864117085933685
2525,-11.9352,-12.6523,-24.5875,-9.8906,-10.9922,0.0,0.0,0.9636873602867126,0.08651162683963776,0.9570177793502808,0.015721505507826805,0.702752947807312,0.5544542670249939,0.12534981966018677,0.1464940905570984,0.06922419369220734
2530,-12.007,-13.1004,-25.1074,-9.9375,-11.0156,0.0,0.0,0.9501494765281677,0.07000000029802322,0.948409914970398,0.017369726672768593,0.636904776096344,0.5200559496879578,0.1321517378091812,0.16499534249305725,0.07831934094429016
2535,-11.9707,-13.1602,-25.1309,-10.0,-10.8906,0.0,0.0,0.947384238243103,0.09982383996248245,0.9629715085029602,0.012327415868639946,0.5732886791229248,0.5163635015487671,0.13238495588302612,0.16794931888580322,0.07882462441921234
2540,-12.0824,-12.4586,-24.541,-9.6641,-11.4453,0.0,0.0,0.9738897681236267,0.11983828991651535,0.9831357002258301,0.015893198549747467,0.6495535969734192,0.552277684211731,0.134600430727005,0.14750465750694275,0.06113961338996887
2545,-12.2855,-12.398,-24.6836,-9.8359,-11.0781,0.0,0.0,0.9782438278198242,0.09977640956640244,0.9878015518188477,0.0404789038002491,0.7064732313156128,0.5448927283287048,0.1390702724456787,0.1433846354484558,0.06817474961280823
2550,-12.127,-11.9945,-24.1215,-9.9766,-10.5156,0.0,0.0,0.981675922870636,0.11287945508956909,0.9878824353218079,0.020818376913666725,0.8024553656578064,0.581195592880249,0.13187965750694275,0.12830379605293274,0.05414334684610367
2555,-12.491,-11.8324,-24.3234,-10.0938,-10.9609,0.0,0.0,0.9879980683326721,0.13493530452251434,0.9898989796638489,0.0256227757781744,0.851190447807312,0.56673663854599,0.14719371497631073,0.12698227167129517,0.054609764367341995
2560,-12.5004,-11.6098,-24.1102,-10.2812,-10.2109,0.0,0.0,0.9929002523422241,0.1288987100124359,0.9900820851325989,0.04781997203826904,0.9125744104385376,0.5857820510864258,0.14081934094429016,0.11365050077438354,0.05527052283287048
2565,-12.1039,-11.7699,-23.8738,-10.0938,-10.6094,0.0,0.0,0.9936725497245789,0.05802886188030243,0.9925524592399597,0.01864280365407467,0.8839285969734192,0.6019900441169739,0.12659358978271484,0.11481653898954391,0.05212220177054405
2570,-12.0785,-11.8477,-23.9262,-10.0078,-10.5,0.0,0.0,0.9904761910438538,0.0443740077316761,0.9817178249359131,0.0131396958604455,0.894345223903656,0.6040111780166626,0.12262903898954391,0.11267879605293274,0.05620335787534714
2575,-12.0391,-12.3684,-24.4074,-10.1094,-10.4609,0.0,0.0,0.9791110157966614,0.0389690101146698,0.9636783003807068,0.013442431576550007,0.8024553656578064,0.5675140023231506,0.12667132914066315,0.13483364880084991,0.06650342047214508
2580,-11.9305,-12.0348,-23.9652,-10.1797,-10.1094,0.0,0.0,0.9892021417617798,0.027135677635669708,0.9739073514938354,0.011818778701126575,0.8273809552192688,0.6011349558830261,0.11602145433425903,0.11916977912187576,0.05919620767235756
2585,-12.2566,-12.2988,-24.5555,-10.2031,-10.6953,0.0,0.0,0.984805166721344,0.04631517454981804,0.9755465984344482,0.01905829645693302,0.8058035969734192,0.5576415061950684,0.13343438506126404,0.13510571420192719,0.0693407952785492
2590,-12.2645,-12.084,-24.3484,-10.1953,-10.3594,0.0,0.0,0.9946877360343933,0.04030153527855873,0.9777242541313171,0.017654476687312126,0.8255208134651184,0.5707011818885803,0.13405628502368927,0.12912002205848694,0.06164490059018135
2595,-12.1582,-12.2238,-24.382,-10.2188,-10.1016,0.0,0.0,0.9895515441894531,0.03214941918849945,0.9667673707008362,0.0255072470754385,0.8024553656578064,0.572877824306488,0.1269434094429016,0.1286536008119583,0.06704757362604141
2600,-12.6539,-12.1078,-24.7617,-10.5312,-10.2266,0.0,0.0,0.9941674470901489,0.037447258830070496,0.9788902401924133,0.041644420474767685,0.9014136791229248,0.5464474558830261,0.1473880559206009,0.12888681888580322,0.07280006259679794
2605,-12.3023,-12.1102,-24.4125,-10.1719,-10.2656,0.0,0.0,0.992877185344696,0.055111363530159,0.9718267321586609,0.029339853674173355,0.824404776096344,0.5675140023231506,0.13611629605293274,0.12830379605293274,0.06358830630779266
2610,-12.2297,-12.0234,-24.2531,-10.2734,-10.2031,0.0,0.0,0.9915134310722351,0.08401880413293839,0.9526445269584656,0.024723486974835396,0.8292410969734192,0.5770755410194397,0.13230721652507782,0.12639924883842468,0.05974036082625389
2615,-12.3422,-11.6262,-23.9684,-10.2734,-10.1328,0.0,0.0,0.9963008761405945,0.14449003338813782,0.96732497215271,0.028591353446245193,0.883184552192688,0.5989194512367249,0.13261815905570984,0.10824782401323318,0.05573694035410881
2620,-12.5137,-11.4438,-23.9574,-10.2344,-10.3281,0.0,0.0,0.9956331849098206,0.1861628293991089,0.9740970730781555,0.028002947568893433,0.9170386791229248,0.5963541865348816,0.1398864984512329,0.10653762519359589,0.05274409055709839
2625,-12.2242,-11.8738,-24.098,-10.2812,-10.2344,0.0,0.0,0.9934932589530945,0.07865168899297714,0.9623458981513977,0.023514043539762497,0.8679315447807312,0.5913790464401245,0.12799285352230072,0.11664334684610367,0.05950715020298958
2630,-12.0996,-11.9109,-24.0105,-10.2422,-10.125,0.0,0.0,0.9924361109733582,0.07651301473379135,0.9618194103240967,0.015302727930247784,0.8523065447807312,0.5960820913314819,0.12395056337118149,0.11707089841365814,0.058418843895196915
2635,-12.0504,-11.9883,-24.0387,-10.1875,-10.1406,0.0,0.0,0.9897733330726624,0.06788931787014008,0.9695061445236206,0.019833652302622795,0.8270089030265808,0.5967040061950684,0.12080223858356476,0.1172652393579483,0.06075093150138855
2640,-12.148,-12.2945,-24.4426,-10.3281,-10.2344,0.0,0.0,0.9863959550857544,0.044871795922517776,0.9668912887573242,0.017991874366998672,0.7708333134651184,0.5685634613037109,0.12733209133148193,0.1326570212841034,0.0669698417186737
2645,-12.175,-12.8465,-25.0215,-10.3281,-10.3984,0.0,0.0,0.9824921488761902,0.03032979927957058,0.9414920806884766,0.005772005766630173,0.6703869104385376,0.53058922290802,0.1319962739944458,0.15212997794151306,0.0808069035410881
2650,-12.2602,-12.2063,-24.4664,-10.2578,-10.4219,0.0,0.0,0.9872528314590454,0.09888497740030289,0.9590694904327393,0.01741149090230465,0.7745535969734192,0.5640935897827148,0.13246268033981323,0.1319962739944458,0.0669698417186737
2655,-12.0148,-12.1227,-24.1375,-10.2031,-10.1328,0.0,0.0,0.9892287254333496,0.11807304620742798,0.9566676616668701,0.01228183601051569,0.7362351417541504,0.5845771431922913,0.12344527244567871,0.1273709535598755,0.06012904271483421
2660,-11.9965,-12.3949,-24.3914,-10.1328,-10.2734,0.0,0.0,0.9899497628211975,0.06492679566144943,0.943941593170166,0.010875786654651165,0.7079613208770752,0.5723724961280823,0.12212375551462173,0.13312344253063202,0.06790267676115036
2665,-12.0047,-12.9973,-25.002,-10.3906,-10.25,0.0,0.0,0.9820550084114075,0.03185955807566643,0.8997944593429565,0.015097690746188164,0.6309523582458496,0.5371579527854919,0.11955846101045609,0.1512748748064041,0.08753109723329544
2670,-12.0504,-12.3645,-24.4148,-10.2031,-10.0859,0.0,0.0,0.9915770888328552,0.050773993134498596,0.9414466023445129,0.01741149090230465,0.7399553656578064,0.5675917267799377,0.12554416060447693,0.1354166716337204,0.0669698417186737
2675,-11.9484,-12.5977,-24.5461,-10.3438,-10.1797,0.0,0.0,0.9933062195777893,0.04651930183172226,0.9088358879089355,0.009728622622787952,0.683779776096344,0.5632385015487671,0.11780939251184464,0.13856498897075653,0.07590951770544052
2680,-12.1309,-12.5293,-24.6602,-10.2031,-10.1328,0.0,0.0,0.9942564964294434,0.03031240403652191,0.92438143491745,0.010863942094147205,0.726934552192688,0.5549207329750061,0.1256607621908188,0.1398087739944458,0.07513215392827988
2685,-12.1609,-12.1996,-24.3605,-10.1172,-10.1172,0.0,0.0,0.9941880106925964,0.08969996869564056,0.9425778985023499,0.012096773833036423,0.7522321343421936,0.5751321315765381,0.1256607621908188,0.12725435197353363,0.06747512519359589
2690,-12.1961,-11.8352,-24.0312,-10.2266,-10.1797,0.0,0.0,0.9964202046394348,0.10180012136697769,0.9688029885292053,0.01860465109348297,0.8184523582458496,0.5971704125404358,0.12523320317268372,0.11462219804525375,0.05849657952785492
2695,-12.2332,-11.6473,-23.8805,-10.2578,-10.1641,0.0,0.0,0.9964612126350403,0.10476768761873245,0.9828431606292725,0.02149740606546402,0.8716517686843872,0.6040889024734497,0.12799285352230072,0.111007459461689,0.05243314802646637
2700,-12.2945,-11.8363,-24.1309,-10.3047,-10.1406,0.0,0.0,0.9953709840774536,0.1440853774547577,0.9684986472129822,0.019859064370393753,0.8098958134651184,0.587764322757721,0.1311022937297821,0.11598258465528488,0.060673195868730545
2705,-12.2645,-11.5051,-23.7695,-10.2656,-10.2188,0.0,0.0,0.9950324892997742,0.161579892039299,0.9742836356163025,0.0282574575394392,0.8835565447807312,0.6103078126907349,0.12989738583564758,0.1057991310954094,0.04951803386211395
2710,-12.616,-11.4406,-24.0566,-10.2734,-10.1797,0.0,0.0,0.9977668523788452,0.16128157079219818,0.9934186339378357,0.04223335534334183,0.9211309552192688,0.5917677283287048,0.1431514322757721,0.10630441457033157,0.05429881811141968
2715,-12.5941,-11.3672,-23.9613,-10.3047,-10.1875,0.0,0.0,0.996350109577179,0.2389867901802063,0.9798461198806763,0.03368263319134712,0.8582589030265808,0.5963541865348816,0.14116916060447693,0.10607120394706726,0.05192786082625389
2720,-13.1035,-10.9637,-24.0672,-10.3828,-10.2188,0.0,0.0,0.9949340224266052,0.34747570753097534,0.9945757389068604,0.05492730066180229,0.8958333134651184,0.5831001400947571,0.1639847606420517,0.10031872242689133,0.04811878129839897
2725,-12.7527,-11.5176,-24.2703,-10.4688,-10.3984,0.0,0.0,0.9946466088294983,0.17714431881904602,0.9942411780357361,0.06704707443714142,0.8876488208770752,0.5735774040222168,0.15271300077438354,0.11473880708217621,0.05449315905570984
2730,-12.7707,-11.0129,-23.7836,-10.2188,-10.1719,0.0,0.0,0.9962297677993774,0.31200212240219116,0.9850684404373169,0.051070839166641235,0.9051339030265808,0.6082478165626526,0.14637748897075653,0.09371113032102585,0.04718594625592232
2735,-12.4902,-11.6441,-24.1344,-10.2266,-10.2969,0.0,0.0,0.9932979345321655,0.1186721995472908,0.9914442300796509,0.052337754517793655,0.9029017686843872,0.5857431888580322,0.14050839841365814,0.11357276141643524,0.05569807067513466
2740,-12.3582,-11.682,-24.0402,-10.1172,-10.2344,0.0,0.0,0.9925280213356018,0.12445855885744095,0.9878175854682922,0.0283344853669405,0.8898809552192688,0.5930114984512329,0.134600430727005,0.11166822165250778,0.05624222755432129
2745,-12.1852,-11.9027,-24.0879,-10.25,-10.2266,0.0,0.0,0.9845552444458008,0.1137777790427208,0.982300877571106,0.024028267711400986,0.832217276096344,0.5863650441169739,0.1311800330877304,0.12297885864973068,0.05499844625592232
2750,-12.3125,-12.466,-24.7785,-10.1562,-10.7656,0.0,0.0,0.9754109978675842,0.0979367271065712,0.9699763059616089,0.015517241321504116,0.7265625,0.5390236377716064,0.1412857621908188,0.14758239686489105,0.0676305964589119
2755,-12.0254,-12.0875,-24.1129,-9.5234,-11.3516,0.0,0.0,0.9761186242103577,0.18742479383945465,0.9624277353286743,0.022979985922574997,0.7075892686843872,0.5794076323509216,0.12919776141643524,0.13448382914066315,0.05243314802646637
2760,-12.6117,-11.6918,-24.3035,-10.2266,-10.5547,0.0,0.0,0.9878015518188477,0.22538124024868011,0.9735331535339355,0.04227304086089134,0.8229166865348816,0.5671641826629639,0.1503809094429016,0.12189054489135742,0.05608675256371498
2765,-12.077,-11.9527,-24.0297,-10.25,-10.1328,0.0,0.0,0.977939248085022,0.1634264886379242,0.9863861203193665,0.02252906933426857,0.7663690447807312,0.5884639024734497,0.12795397639274597,0.12562188506126404,0.05348258838057518
2770,-12.6266,-11.8754,-24.502,-10.125,-10.5938,0.0,0.0,0.9861101508140564,0.20905660092830658,0.9893961548805237,0.026899797841906548,0.7700892686843872,0.5512670874595642,0.15450093150138855,0.13195739686489105,0.05779695138335228
2775,-12.9797,-10.923,-23.9027,-10.2344,-10.2812,0.0,0.0,0.9946808218955994,0.3384800851345062,0.9934083223342896,0.04227941110730171,0.9122023582458496,0.5918843150138855,0.16110852360725403,0.10024098306894302,0.042288556694984436
2780,-13.1836,-10.8598,-24.0434,-10.3047,-10.2344,0.0,0.0,0.9939649701118469,0.36400818824768066,0.9953792691230774,0.04428698122501373,0.9241071343421936,0.5796408653259277,0.1710587739944458,0.10094060748815536,0.04388215020298958
2785,-14.1922,-11.0434,-25.2355,-10.5547,-10.6016,0.0,0.0,0.9922016263008118,0.37749868631362915,0.994946300983429,0.0458715595304966,0.9002976417541504,0.4934312701225281,0.2197217047214508,0.12305659055709839,0.05931280925869942
2790,-14.0195,-11.0453,-25.0648,-10.3125,-10.3594,0.0,0.0,0.9925757646560669,0.3523355722427368,0.9979352951049805,0.05743043124675751,0.9549851417541504,0.513059675693512,0.2038635015487671,0.1129508689045906,0.06564831733703613
2795,-13.5258,-10.5516,-24.0773,-10.2969,-10.2031,0.0,0.0,0.9966945648193359,0.42630910873413086,0.9958106279373169,0.05032021924853325,0.949404776096344,0.5761815905570984,0.1840796023607254,0.0927782952785492,0.0424828976392746
2800,-13.5707,-10.5684,-24.1391,-10.3281,-10.1641,0.0,0.0,0.9972267150878906,0.4157995283603668,0.9970426559448242,0.04576271027326584,0.9657738208770752,0.5746268630027771,0.1830301582813263,0.09200093150138855,0.04586442932486534
2805,-12.943,-11.143,-24.0859,-10.2578,-10.2578,0.0,0.0,0.9938292503356934,0.2586788833141327,0.9967822432518005,0.04806070774793625,0.941592276096344,0.5794853568077087,0.1612251251935959,0.10871423780918121,0.046097636222839355
2810,-12.757,-11.0602,-23.8172,-10.0469,-10.5156,0.0,0.0,0.9945298433303833,0.2713060975074768,0.9981002807617188,0.057090237736701965,0.9408482313156128,0.5968594551086426,0.15415112674236298,0.10230099409818649,0.04221082106232643
2815,-13.0074,-11.1523,-24.1598,-10.3047,-10.3047,0.0,0.0,0.9933008551597595,0.28871577978134155,0.9909486174583435,0.0625,0.921502947807312,0.574393630027771,0.16464552283287048,0.10735385864973068,0.04912935197353363
2820,-12.4348,-11.0648,-23.4996,-10.1562,-10.0859,0.0,0.0,0.9929563999176025,0.28977271914482117,0.9868637323379517,0.061479344964027405,0.8984375,0.6235618591308594,0.13681592047214508,0.09468283504247665,0.04046175256371498
2825,-13.7637,-11.1422,-24.9059,-10.6797,-10.3984,0.0,0.0,0.9929215312004089,0.35159361362457275,0.9884144067764282,0.07731305807828903,0.8809523582458496,0.5216495394706726,0.19511815905570984,0.11742071062326431,0.06133395433425903
2830,-13.4836,-10.6723,-24.1559,-10.2422,-10.3359,0.0,0.0,0.9917237758636475,0.402470201253891,0.9870235323905945,0.10026384890079498,0.949032723903656,0.5729555487632751,0.1825248748064041,0.09584888070821762,0.044193096458911896
2835,-13.1543,-10.9863,-24.1406,-10.2031,-10.2734,0.0,0.0,0.9966259598731995,0.3160538971424103,0.9924499988555908,0.08214584738016129,0.9200148582458496,0.5759872794151306,0.17020367085933685,0.10296175628900528,0.04636971279978752
2840,-13.0152,-10.7641,-23.7793,-10.2812,-10.1641,0.0,0.0,0.9965172410011292,0.36649471521377563,0.992443323135376,0.07948244363069534,0.914434552192688,0.6026508212089539,0.15823227167129517,0.09258395433425903,0.04205534979701042
2845,-12.6652,-11.6375,-24.3027,-10.375,-10.3047,0.0,0.0,0.9946491718292236,0.18508724868297577,0.9893012642860413,0.028609447181224823,0.8452380895614624,0.5738494992256165,0.14699937403202057,0.11625466495752335,0.058418843895196915
2850,-12.6281,-11.8043,-24.4324,-10.2266,-10.3906,0.0,0.0,0.9946505427360535,0.18470196425914764,0.9851760268211365,0.04202801734209061,0.7864583134651184,0.5594682693481445,0.1519356369972229,0.12585510313510895,0.05826336890459061
2855,-12.3289,-11.5695,-23.8984,-10.2656,-10.2188,0.0,0.0,0.990111231803894,0.21783584356307983,0.9767522811889648,0.06082148477435112,0.8125,0.5974424481391907,0.13685478270053864,0.11201803386211395,0.049207091331481934
2860,-12.366,-12.3297,-24.6957,-10.1016,-10.9922,0.0,0.0,0.9844518899917603,0.15335902571678162,0.9596510529518127,0.027923211455345154,0.671502947807312,0.5449704527854919,0.14116916060447693,0.1425684094429016,0.0668143630027771
2865,-12.4535,-11.7469,-24.2004,-10.0547,-10.6641,0.0,0.0,0.9801230430603027,0.24233458936214447,0.9688987731933594,0.060144927352666855,0.7883184552192688,0.5748989582061768,0.14451181888580322,0.1224735677242279,0.05363805964589119
2870,-12.3551,-11.9742,-24.3293,-10.1875,-10.6094,0.0,0.0,0.9746861457824707,0.172527477145195,0.9796528816223145,0.042538825422525406,0.8095238208770752,0.566581130027771,0.14148010313510895,0.12989738583564758,0.057563744485378265
2875,-12.5539,-11.273,-23.827,-10.5,-10.5234,0.0,0.0,0.9925968647003174,0.232899472117424,0.9768413305282593,0.078509122133255,0.9092261791229248,0.6037780046463013,0.14035291969776154,0.1023787334561348,0.04901275038719177
2880,-12.2965,-11.5277,-23.8242,-10.1641,-10.2578,0.0,0.0,0.992485523223877,0.18438880145549774,0.9647862315177917,0.03792569786310196,0.8735119104385376,0.6051772236824036,0.13195739686489105,0.10817008465528488,0.05021766200661659
2885,-12.5492,-11.2684,-23.8176,-9.9688,-10.625,0.0,0.0,0.9879393577575684,0.29423025250434875,0.9452157616615295,0.044517725706100464,0.9006696343421936,0.6026508212089539,0.14214086532592773,0.10358364135026932,0.047147076576948166
2890,-12.9098,-10.975,-23.8848,-10.2578,-10.1641,0.0,0.0,0.9916454553604126,0.3779975175857544,0.9608938694000244,0.05736301466822624,0.886904776096344,0.5954990386962891,0.1572217047214508,0.09740360826253891,0.045398011803627014
2895,-13.3613,-10.7035,-24.0648,-10.0703,-10.5859,0.0,0.0,0.9890955090522766,0.449420690536499,0.9669967293739319,0.0584745779633522,0.9092261791229248,0.5810012221336365,0.17444029450416565,0.09421642124652863,0.04586442932486534
2900,-12.9895,-10.8461,-23.8355,-10.1797,-10.2734,0.0,0.0,0.9947388768196106,0.3600292205810547,0.9753492474555969,0.06261342763900757,0.9285714030265808,0.5984141826629639,0.1596703976392746,0.09460510313510895,0.04283270984888077
2905,-12.7824,-11.3586,-24.141,-10.2031,-10.3672,0.0,0.0,0.9906112551689148,0.23705792427062988,0.9720229506492615,0.051051050424575806,0.9133184552192688,0.5837219953536987,0.15166355669498444,0.10836442559957504,0.05177238956093788
2910,-12.2633,-12.0348,-24.298,-10.2109,-10.1641,0.0,0.0,0.9897546768188477,0.1276150643825531,0.949921727180481,0.027059530839323997,0.7935267686843872,0.5766479969024658,0.1300528645515442,0.1241837665438652,0.06463775038719177
2915,-12.7777,-11.5063,-24.284,-10.3359,-10.5469,0.0,0.0,0.9823287725448608,0.3281327486038208,0.9349326491355896,0.04120676964521408,0.8255208134651184,0.5674751400947571,0.15694962441921234,0.11827580630779266,0.05282182991504669
2920,-13.7844,-10.8512,-24.6355,-10.3984,-10.4453,0.0,0.0,0.9896862506866455,0.41084665060043335,0.9774647951126099,0.0696784108877182,0.910342276096344,0.5351368188858032,0.19923818111419678,0.11038557440042496,0.050761815160512924
2925,-13.9383,-11.0414,-24.9797,-10.4766,-10.8047,0.0,0.0,0.9903561472892761,0.3718961477279663,0.9879400134086609,0.048419635742902756,0.918154776096344,0.5118547677993774,0.2066231369972229,0.11924751102924347,0.05779695138335228
2930,-13.8379,-10.5215,-24.3594,-10.4844,-10.4844,0.0,0.0,0.9950852990150452,0.4373040795326233,0.9904988408088684,0.06598114967346191,0.9594494104385376,0.5535991787910461,0.19838307797908783,0.09818097203969955,0.04535914212465286
2935,-15.2859,-10.0734,-25.3594,-11.0938,-10.6953,0.0,0.0,0.9961018562316895,0.5165582299232483,0.9939458966255188,0.1071428582072258,0.961309552192688,0.46863338351249695,0.26877331733703613,0.10914178937673569,0.04897388070821762
2940,-15.8773,-9.9898,-25.8672,-11.25,-10.7344,0.022,0.0,0.9948599934577942,0.5323829054832458,0.9960417151451111,0.1352357268333435,0.9661458134651184,0.43858832120895386,0.28626400232315063,0.10801461338996887,0.06265547126531601
2945,-16.134,-9.65,-25.784,-11.6562,-10.4844,0.0751,0.0,0.9951931834220886,0.5563443899154663,0.9959721565246582,0.21234939992427826,0.9668898582458496,0.43664491176605225,0.30111163854599,0.10614894330501556,0.051616914570331573
2950,-15.7828,-10.1391,-25.9219,-11.9297,-10.6406,0.1356,0.0,0.9961289167404175,0.49010100960731506,0.9986680150032043,0.1529255360364914,0.9758184552192688,0.43174752593040466,0.28859609365463257,0.11672107875347137,0.05845770984888077
2955,-16.4898,-9.3848,-25.8746,-12.4062,-10.6484,0.2118,0.0,0.9960557818412781,0.5986137986183167,0.9992573261260986,0.1482391506433487,0.9620535969734192,0.4237406849861145,0.3196517527103424,0.10467195510864258,0.04745802283287048
2960,-16.9746,-9.6773,-26.652,-12.1094,-11.1719,0.2597,0.0,0.99622642993927,0.5672240257263184,0.9983782172203064,0.10504451394081116,0.972842276096344,0.37080225348472595,0.33939677476882935,0.11983053386211395,0.06549284607172012
2965,-16.6605,-9.9492,-26.6098,-12.2812,-11.2734,0.3311,0.0,0.9961053729057312,0.540016770362854,0.9952275156974792,0.09489051252603531,0.9676339030265808,0.37923663854599,0.32489892840385437,0.12216262519359589,0.06922419369220734
2970,-16.6586,-9.6508,-26.3094,-11.8359,-10.9688,0.3934,0.0,0.9946854710578918,0.582868218421936,0.9937933683395386,0.1304093599319458,0.9668898582458496,0.4022465944290161,0.32035136222839355,0.10645988583564758,0.06646455079317093
2975,-16.2949,-9.6387,-25.9336,-11.3438,-10.3125,0.4528,0.0,0.9935187697410583,0.5880979895591736,0.9964747428894043,0.15435434877872467,0.9668898582458496,0.4317863881587982,0.2997901141643524,0.09923040866851807,0.06471548229455948
2980,-17.3438,-8.9379,-26.2816,-12.75,-10.5,0.5263,0.0,0.9939370155334473,0.6462554335594177,0.9970464110374451,0.22104565799236298,0.9821428656578064,0.3974657952785492,0.34720927476882935,0.092117540538311,0.05872979015111923
2985,-14.3586,-9.8867,-24.2453,-10.5156,-10.2344,0.5891,0.0,0.997541606426239,0.5353748798370361,0.9924174547195435,0.13879407942295074,0.9713541865348816,0.5533660054206848,0.22084887325763702,0.08714241534471512,0.03416511043906212
2990,-13.4758,-10.709,-24.1848,-10.3828,-10.5703,0.5836,0.0,0.9948098063468933,0.3806478977203369,0.9879564642906189,0.0954907163977623,0.9479166865348816,0.569146454334259,0.1823693960905075,0.10004664212465286,0.04395988956093788
2995,-14.8973,-9.9332,-24.8305,-10.8906,-10.6094,0.5878,0.0,0.9949878454208374,0.5282238721847534,0.9987643957138062,0.18354977667331696,0.9680059552192688,0.5118159055709839,0.24444185197353363,0.09437189251184464,0.044892724603414536
3000,-14.4812,-10.2402,-24.7215,-10.9766,-10.7656,0.5937,0.0,0.9963457584381104,0.48945578932762146,0.9911538362503052,0.11989574134349823,0.9453125,0.5211831331253052,0.22854477167129517,0.10105721652507782,0.04473724961280823
3005,-14.2367,-10.052,-24.2887,-10.6094,-10.4219,0.5984,0.0,0.9947669506072998,0.5286577343940735,0.991525411605835,0.0835820883512497,0.957217276096344,0.5570584535598755,0.21225902438163757,0.08714241534471512,0.0390625
3010,-14.1746,-10.2125,-24.3871,-10.625,-10.4141,0.6036,0.0,0.9946206212043762,0.4975441098213196,0.993686854839325,0.08662175387144089,0.9542410969734192,0.5491293668746948,0.21365827322006226,0.09235074371099472,0.040384016931056976
3015,-12.7891,-10.8813,-23.6703,-10.2109,-10.3516,0.5992,0.0,0.9907083511352539,0.34208494424819946,0.9903966784477234,0.08022922277450562,0.9270833134651184,0.6107353568077087,0.15100279450416565,0.09308923780918121,0.040694963186979294
3020,-13.6355,-10.3824,-24.018,-10.5469,-10.3125,0.5777,0.0,0.9965289235115051,0.4805825352668762,0.9874383211135864,0.07600732892751694,0.9237351417541504,0.5822839140892029,0.1841573417186737,0.08663712441921234,0.042444031685590744
3025,-12.6387,-10.7707,-23.4094,-10.0938,-10.6328,0.5609,0.0,0.9924956560134888,0.4173164963722229,0.9727069139480591,0.06756756454706192,0.8805803656578064,0.6267101764678955,0.14455068111419678,0.08687033504247665,0.03739117085933685
3030,-14.134,-10.1145,-24.2484,-10.8906,-10.6797,0.5455,0.0,0.994825541973114,0.5158454179763794,0.9906660914421082,0.11809317767620087,0.9367559552192688,0.555853545665741,0.21218128502368927,0.09161224961280823,0.03587530925869942
3035,-14.2348,-10.234,-24.4688,-10.6562,-10.4922,0.5612,0.0,0.9958052039146423,0.4983486235141754,0.9906183481216431,0.11186441034078598,0.9441964030265808,0.5466806888580322,0.2118314653635025,0.0911458358168602,0.04586442932486534
3040,-13.8691,-10.1965,-24.0656,-10.5547,-10.3906,0.5585,0.0,0.9933972954750061,0.517315149307251,0.9881004691123962,0.08404255658388138,0.9363839030265808,0.5710121393203735,0.1997823417186737,0.08819185197353363,0.036536071449518204
3045,-13.6004,-10.7891,-24.3895,-10.3516,-10.6094,0.5483,0.0,0.995693027973175,0.3847549855709076,0.9895420074462891,0.0393013097345829,0.933779776096344,0.5504897236824036,0.19274720549583435,0.10778140276670456,0.04450404271483421
3050,-12.8547,-11.2645,-24.1191,-10.1016,-10.8516,0.5277,0.0,0.9872821569442749,0.3211212158203125,0.9727914929389954,0.025741029530763626,0.8816964030265808,0.577619731426239,0.15807680785655975,0.10999689251184464,0.04982898011803627
3055,-12.6914,-11.5242,-24.2156,-9.6562,-11.3203,0.5057,0.0,0.9735463857650757,0.26776233315467834,0.9817826747894287,0.06661561876535416,0.8742559552192688,0.5715562701225281,0.1537235677242279,0.11948072165250778,0.050761815160512924
3060,-12.9004,-11.2832,-24.1836,-9.9297,-10.6797,0.4747,0.0,0.9853329062461853,0.28415167331695557,0.9700176119804382,0.0416666679084301,0.9345238208770752,0.575054407119751,0.1599036008119583,0.1101912334561348,0.0503731332719326
3065,-13.8699,-10.6309,-24.5008,-10.5,-10.3125,0.4458,0.0,0.9922309517860413,0.40754351019859314,0.9886749982833862,0.08816120773553848,0.9661458134651184,0.5453202724456787,0.20094838738441467,0.10296175628900528,0.04629197716712952
3070,-13.9293,-10.1723,-24.1016,-10.3203,-10.5078,0.4522,0.0,0.995296835899353,0.4955649971961975,0.9889575839042664,0.06093579903244972,0.972470223903656,0.5702347755432129,0.2015702724456787,0.08799751102924347,0.03571983799338341
3075,-13.6086,-10.5465,-24.1551,-10.0312,-10.9688,0.4379,0.0,0.9913292527198792,0.4286595284938812,0.9931396245956421,0.06184586137533188,0.9616815447807312,0.5693019032478333,0.1890547275543213,0.09631530195474625,0.0408504344522953
3080,-13.0031,-10.5352,-23.5383,-10.1484,-10.3594,0.4205,0.0,0.9930621385574341,0.4251266121864319,0.975970447063446,0.032036613672971725,0.96875,0.6162546873092651,0.16118626296520233,0.08411069959402084,0.03397076949477196
3085,-12.5508,-10.9746,-23.5254,-10.0703,-10.4219,0.3949,0.0,0.9941008687019348,0.2920554280281067,0.9754923582077026,0.02962297946214676,0.961309552192688,0.6259328126907349,0.13747668266296387,0.08881374448537827,0.04329913109540939
3090,-12.4578,-11.293,-23.7508,-10.0703,-10.4453,0.3577,0.0,0.9916142821311951,0.2522392272949219,0.9542432427406311,0.018735362216830254,0.921875,0.6118236780166626,0.1345227062702179,0.09938587993383408,0.04979011043906212
3095,-12.3051,-11.5234,-23.8285,-10.125,-10.3594,0.3184,0.0,0.9902665615081787,0.17992137372493744,0.9406427145004272,0.01680058427155018,0.925967276096344,0.6109685897827148,0.12853699922561646,0.10280627757310867,0.053210511803627014
3100,-12.5082,-11.7102,-24.2184,-10.2266,-10.4844,0.2788,0.0,0.9939847588539124,0.14753639698028564,0.9410756826400757,0.018903592601418495,0.9274553656578064,0.5815454125404358,0.138837069272995,0.11345615983009338,0.0616837702691555
3105,-12.232,-12.409,-24.641,-10.3359,-10.2422,0.2347,0.0,0.9842662215232849,0.10538922250270844,0.8744550943374634,0.008970975875854492,0.8169642686843872,0.5583022236824036,0.12981964647769928,0.13374534249305725,0.0736551582813263
3110,-12.1277,-12.102,-24.2297,-10.0625,-10.3438,0.1878,0.0,0.9838516116142273,0.08904746919870377,0.912253201007843,0.007317073177546263,0.8820684552192688,0.5824782252311707,0.12527208030223846,0.1240282952785492,0.06374377757310867
3115,-12.0883,-12.7398,-24.8281,-9.8828,-10.8438,0.1419,0.0,0.9798782467842102,0.041616037487983704,0.9223096966743469,0.005068423692137003,0.7161458134651184,0.542793869972229,0.12795397639274597,0.14808768033981323,0.07668688148260117
3120,-12.1434,-12.6742,-24.8176,-9.8516,-11.0469,0.0911,0.0,0.9727540016174316,0.0887240320444107,0.9249669909477234,0.012383900582790375,0.7232142686843872,0.5420942306518555,0.13098569214344025,0.14711597561836243,0.07532649487257004
3125,-12.0,-13.009,-25.009,-10.1484,-10.5469,0.0397,0.0,0.9758425951004028,0.0424937978386879,0.8799700140953064,0.0031847134232521057,0.719122052192688,0.5293454527854919,0.12531094253063202,0.1554337739944458,0.08543221652507782
3130,-12.3809,-12.2613,-24.6422,-10.1797,-10.4609,0.0,0.0,0.9818156361579895,0.06988492608070374,0.9456079006195068,0.013919821940362453,0.8660714030265808,0.5535991787910461,0.13848724961280823,0.1336287260055542,0.06980721652507782
3135,-11.9328,-11.9867,-23.9195,-10.1484,-10.1484,0.0,0.0,0.9872444272041321,0.10797962546348572,0.8874149918556213,0.00193050189409405,0.8764880895614624,0.6063821315765381,0.11446672677993774,0.11427238583564758,0.06040111929178238
3140,-12.357,-12.1309,-24.4879,-10.2969,-10.3672,0.0,0.0,0.9886613488197327,0.10461094975471497,0.906038224697113,0.006207674741744995,0.8846726417541504,0.5656094551086426,0.13487251102924347,0.12616604566574097,0.06887438148260117
3145,-12.3438,-11.4098,-23.7535,-10.2031,-10.1562,0.0,0.0,0.992422342300415,0.1845657229423523,0.9617691040039062,0.014285714365541935,0.9389880895614624,0.6103855967521667,0.13246268033981323,0.10370025038719177,0.04897388070821762
3150,-12.6777,-11.5902,-24.268,-10.1719,-10.2891,0.0,0.0,0.9886155724525452,0.21663643419742584,0.9499659538269043,0.01211305521428585,0.9281994104385376,0.5735774040222168,0.1499922275543213,0.11419465392827988,0.057758085429668427
3155,-12.2508,-11.6824,-23.9332,-9.7891,-10.8203,0.0,0.0,0.9795031547546387,0.151988223195076,0.9606819748878479,0.01846381090581417,0.9423363208770752,0.5992304086685181,0.13195739686489105,0.11170709133148193,0.05262748897075653
3160,-12.3281,-11.9848,-24.3129,-10.0703,-10.8438,0.0,0.0,0.9749282598495483,0.11912751942873001,0.9685515761375427,0.014483212493360043,0.9047619104385376,0.5689521431922913,0.1389925330877304,0.12853699922561646,0.05904073268175125
3165,-12.527,-11.2836,-23.8105,-10.0859,-10.3906,0.0,0.0,0.9901740550994873,0.26915574073791504,0.9431514739990234,0.024622716009616852,0.9278273582458496,0.6052160859107971,0.1394978165626526,0.10187344253063202,0.04893501102924347
3170,-12.9313,-11.0176,-23.9488,-10.125,-10.3594,0.0,0.0,0.9932084679603577,0.3143552243709564,0.9739463329315186,0.028596187010407448,0.9523809552192688,0.5894744992256165,0.1597481369972229,0.10144589841365814,0.044853854924440384
3175,-12.7074,-10.9109,-23.6184,-10.125,-10.2891,0.0,0.0,0.989557147026062,0.37316226959228516,0.9463203549385071,0.01738334819674492,0.9419642686843872,0.61784827709198,0.14540578424930573,0.08978544920682907,0.0424828976392746
3180,-12.516,-11.8938,-24.4098,-9.9922,-11.0938,0.0,0.0,0.9805434346199036,0.18304431438446045,0.9252157211303711,0.009815950877964497,0.8965773582458496,0.5693408250808716,0.14120802283287048,0.12161847203969955,0.06335510313510895
3185,-12.5535,-11.3934,-23.9469,-9.9609,-10.7109,0.0,0.0,0.9830430746078491,0.2742108106613159,0.945789635181427,0.021411577239632607,0.9252232313156128,0.5936722755432129,0.14528918266296387,0.10754819959402084,0.04901275038719177
3190,-12.7004,-11.5672,-24.2676,-10.1406,-10.6094,0.0,0.0,0.981709361076355,0.2293577939271927,0.9649004340171814,0.016597511246800423,0.9404761791229248,0.5716339945793152,0.15251865983009338,0.11516635864973068,0.05620335787534714
3195,-13.2035,-10.732,-23.9355,-10.2578,-10.3984,0.0,0.0,0.9946130514144897,0.38899168372154236,0.9685929417610168,0.028028933331370354,0.9594494104385376,0.5916511416435242,0.16806592047214508,0.09281716495752335,0.042988184839487076
3200,-12.8527,-10.9965,-23.8492,-10.1641,-10.4219,0.0,0.0,0.9932599067687988,0.3028470575809479,0.9771634340286255,0.027074236422777176,0.9654017686843872,0.599735677242279,0.15426772832870483,0.09701492637395859,0.04450404271483421
3205,-13.8383,-10.4691,-24.3074,-10.3672,-10.5312,0.0,0.0,0.9934508204460144,0.45813095569610596,0.9846588373184204,0.013170273043215275,0.960565447807312,0.5578746795654297,0.20005442202091217,0.0962764322757721,0.04131685197353363
3210,-13.2563,-10.6172,-23.8734,-10.0938,-10.5156,0.0,0.0,0.9911822080612183,0.4458874464035034,0.9629466533660889,0.01862197369337082,0.952752947807312,0.5950714945793152,0.17059235274791718,0.08811412006616592,0.041744403541088104
3215,-13.3789,-10.3297,-23.7086,-10.3047,-10.1172,0.0,0.0,0.9943834543228149,0.4846325218677521,0.9758293628692627,0.024210525676608086,0.9750744104385376,0.602067768573761,0.17451803386211395,0.08201181888580322,0.03692474961280823
3220,-13.2508,-10.6773,-23.9281,-10.125,-10.4531,0.0,0.0,0.994207501411438,0.406942218542099,0.9733840227127075,0.029945554211735725,0.9579613208770752,0.5904850959777832,0.17020367085933685,0.09200093150138855,0.04283270984888077
3225,-13.5031,-10.6062,-24.1094,-10.25,-10.1328,0.0,0.0,0.996902585029602,0.41677364706993103,0.9771309494972229,0.013513513840734959,0.9620535969734192,0.5772310495376587,0.18166977167129517,0.09347791969776154,0.043143656104803085
3230,-13.2797,-10.8352,-24.1148,-10.2109,-10.4219,0.0,0.0,0.9923241138458252,0.40504586696624756,0.9613487124443054,0.009478673338890076,0.937872052192688,0.5823227763175964,0.16946516931056976,0.09452736377716064,0.049207091331481934
3235,-13.3047,-10.4699,-23.7746,-10.5781,-10.1562,0.0,0.0,0.9954768419265747,0.46466711163520813,0.9637947082519531,0.008154943585395813,0.9464285969734192,0.6015236377716064,0.1710587739944458,0.08481032401323318,0.038129664957523346
3240,-12.9492,-10.6359,-23.5852,-10.3047,-10.2578,0.0,0.0,0.9943922758102417,0.41269049048423767,0.9584086537361145,0.013626834377646446,0.9520089030265808,0.6168765425682068,0.1555892378091812,0.08597636967897415,0.037080224603414536
3245,-12.4434,-11.4051,-23.8484,-10.2109,-10.3281,0.0,0.0,0.9883996844291687,0.2667052447795868,0.9283512830734253,0.016618497669696808,0.918154776096344,0.60645991563797,0.1343672275543213,0.10090173780918121,0.0537935309112072
3250,-12.948,-10.7355,-23.6836,-10.2422,-10.0312,0.0,0.0,0.9919847249984741,0.4104308485984802,0.95782071352005,0.004651162773370743,0.9482886791229248,0.6110074520111084,0.15426772832870483,0.0884639322757721,0.04178326949477196
3255,-12.6699,-11.2355,-23.9055,-10.1094,-10.3203,0.0,0.0,0.9898197650909424,0.3006483018398285,0.9324375987052917,0.008390541188418865,0.9386160969734192,0.5994247794151306,0.143889918923378,0.10125155746936798,0.050956156104803085
3260,-12.4898,-11.8207,-24.3105,-10.3828,-10.4297,0.0,0.0,0.986538827419281,0.15197403728961945,0.9403128027915955,0.009333333000540733,0.9162946343421936,0.5717117786407471,0.14373445510864258,0.12177394330501556,0.05830223858356476
3265,-12.3445,-11.7902,-24.1348,-10.1797,-10.6016,0.0,0.0,0.9831013679504395,0.15010026097297668,0.9476127028465271,0.011088010855019093,0.9073660969734192,0.5865204930305481,0.13568873703479767,0.11722636967897415,0.05608675256371498
3270,-12.5719,-10.9688,-23.5406,-10.2109,-10.2578,0.0,0.0,0.9903405904769897,0.30789971351623535,0.9770928621292114,0.012158054858446121,0.9639136791229248,0.6196750402450562,0.14416199922561646,0.09332244843244553,0.03836287185549736
3275,-13.4168,-10.193,-23.6098,-10.2031,-10.1328,0.0,0.0,0.9960436224937439,0.4962455928325653,0.9770458936691284,0.02747909165918827,0.984375,0.6091029047966003,0.17599502205848694,0.07789178937673569,0.03253265097737312
3280,-14.4332,-9.9215,-24.3547,-10.5234,-10.4297,0.0,0.0,0.9960198998451233,0.5505890250205994,0.9861730337142944,0.0407949797809124,0.9810267686843872,0.546875,0.22434701025485992,0.08714241534471512,0.03715796023607254
3285,-14.2836,-10.284,-24.5676,-10.4922,-10.3984,0.0,0.0,0.9973204135894775,0.4759100675582886,0.9947916865348816,0.035335689783096313,0.9773065447807312,0.5366915464401245,0.21781715750694275,0.09701492637395859,0.043998755514621735
3290,-13.4781,-10.4605,-23.9387,-10.5469,-10.3125,0.0,0.0,0.996962308883667,0.41686487197875977,0.9850942492485046,0.05045408755540848,0.9866071343421936,0.5885805487632751,0.1797652393579483,0.08865827322006226,0.03851834684610367
3295,-14.0703,-10.0801,-24.1504,-10.9297,-10.2969,0.0,0.0,0.9986988306045532,0.49642184376716614,0.9884898662567139,0.09100418537855148,0.9914434552192688,0.5675528645515442,0.206389918923378,0.08442164212465286,0.03715796023607254
3300,-14.5039,-9.7191,-24.223,-10.8828,-10.0859,0.0,0.0,0.9987419843673706,0.5608875155448914,0.9980860948562622,0.07367149740457535,0.991815447807312,0.5561256408691406,0.22597947716712952,0.08123445510864258,0.032182835042476654
3305,-14.2352,-9.6027,-23.8379,-10.8281,-9.9609,0.0078,0.0,0.9992716312408447,0.598852276802063,0.9913544654846191,0.08739075809717178,0.9955357313156128,0.5869869589805603,0.2099657952785492,0.06743625551462173,0.031133394688367844
3310,-13.477,-10.2215,-23.6984,-10.4844,-10.0156,0.0017,0.0,0.9975022673606873,0.46313926577568054,0.9929364323616028,0.08198489993810654,0.9940476417541504,0.6068874597549438,0.17556747794151306,0.07703669369220734,0.036030784249305725
3315,-14.8418,-9.5379,-24.3797,-11.9844,-9.5938,0.0005,0.0,0.997811496257782,0.6016396284103394,0.9921711683273315,0.07841140776872635,0.995907723903656,0.5505674481391907,0.23231498897075653,0.07447139173746109,0.0381685309112072
3320,-15.3879,-8.9859,-24.3738,-12.6016,-9.3906,0.0466,0.0,0.9982046484947205,0.6755582094192505,0.9936120510101318,0.08194444328546524,0.9981398582458496,0.5412391424179077,0.2593672275543213,0.06693097203969955,0.02798507548868656
3325,-14.4254,-9.6043,-24.0297,-11.0469,-9.7109,0.0615,0.0,0.9995282888412476,0.596906304359436,0.9954904317855835,0.09022556245326996,0.9910714030265808,0.5768035054206848,0.21358053386211395,0.06895211338996887,0.036186255514621735
3330,-13.6645,-9.8102,-23.4746,-10.8906,-10.1875,0.0617,0.0,0.9978694319725037,0.5758288502693176,0.995708167552948,0.05025773122906685,0.984375,0.620258092880249,0.18170864880084991,0.0633939653635025,0.030161691829562187
3335,-12.9711,-10.6906,-23.6617,-10.3516,-10.0703,0.0494,0.0,0.9985352158546448,0.35336124897003174,0.9905447959899902,0.022727273404598236,0.9955357313156128,0.6103078126907349,0.15784358978271484,0.08632618188858032,0.041044775396585464
3340,-13.2871,-10.0305,-23.3176,-10.7188,-10.0625,0.0247,0.0,0.9995083212852478,0.5120355486869812,0.9918652176856995,0.06371911615133286,0.9899553656578064,0.6324238181114197,0.16631685197353363,0.0668921023607254,0.02988961525261402
3345,-13.0633,-10.3832,-23.4465,-10.4297,-10.0078,0.0019,0.0,0.9991937279701233,0.41317811608314514,0.9934243559837341,0.04208194836974144,0.9970238208770752,0.626671314239502,0.1569107621908188,0.07684235274791718,0.03509794920682907
3350,-13.2531,-10.0035,-23.2566,-10.625,-10.0156,0.0,0.0,0.9992080330848694,0.511699378490448,0.9935218095779419,0.027298850938677788,0.9944196343421936,0.6380208134651184,0.16445118188858032,0.0659981369972229,0.02705223858356476
3355,-14.2344,-9.507,-23.7414,-11.9844,-9.5938,0.0,0.0,0.9980475306510925,0.6194908618927002,0.990459144115448,0.04904632270336151,0.9906994104385376,0.5972092747688293,0.20460198819637299,0.0651819035410881,0.028529228642582893
3360,-13.0703,-10.5695,-23.6398,-10.3984,-10.1406,0.0,0.0,0.997965931892395,0.3758711814880371,0.9926874041557312,0.030239833518862724,0.9936755895614624,0.6114738583564758,0.16173040866851807,0.0850435346364975,0.0372745655477047
3365,-13.6512,-10.0301,-23.6812,-10.9297,-10.0156,0.0,0.0,0.998717725276947,0.5019132494926453,0.9973753094673157,0.06474819779396057,0.9929315447807312,0.6062266826629639,0.18283581733703613,0.07404384016990662,0.03241604566574097
3370,-13.5844,-10.275,-23.8594,-10.9922,-10.0547,0.0,0.0,0.9990270733833313,0.45892661809921265,0.9934476017951965,0.04841713234782219,0.9970238208770752,0.5992304086685181,0.17743314802646637,0.07711442559957504,0.041744403541088104
3375,-13.648,-10.1957,-23.8438,-10.8672,-10.1406,0.0,0.0,0.9988886713981628,0.47555556893348694,0.9912408590316772,0.05503634363412857,0.9910714030265808,0.5945662260055542,0.18365205824375153,0.07987406849861145,0.037430036813020706
3380,-14.5672,-9.5656,-24.1328,-11.5312,-9.9141,0.0,0.0,0.9983457326889038,0.5968992114067078,0.9947534203529358,0.062119368463754654,0.9955357313156128,0.5638992786407471,0.22562965750694275,0.07408270984888077,0.03191075846552849
3385,-13.2355,-10.1113,-23.3469,-10.7109,-10.0078,0.0,0.0,0.9995052814483643,0.4857742488384247,0.9886547923088074,0.05616438388824463,0.9895833134651184,0.6285369992256165,0.1666666716337204,0.071944959461689,0.028373755514621735
3390,-14.3699,-9.8371,-24.207,-11.6875,-10.0234,0.0,0.0,0.9990411400794983,0.5453547835350037,0.9964194297790527,0.07578740268945694,0.9981398582458496,0.5675140023231506,0.21253108978271484,0.07598724961280823,0.039490051567554474
3395,-14.0512,-9.8172,-23.8684,-11.6875,-9.9766,0.0029,0.0,0.9991446137428284,0.5468689203262329,0.993537962436676,0.07117437571287155,0.9973958134651184,0.5907182693481445,0.199860081076622,0.07217817008495331,0.03276585787534714
3400,-13.5406,-10.0027,-23.5434,-11.1484,-9.9766,0.0,0.0,0.9987450838088989,0.5283187627792358,0.9885910153388977,0.02491506189107895,0.9933035969734192,0.6194418668746948,0.17362406849861145,0.06813587993383408,0.034320585429668427
3405,-13.1031,-10.0891,-23.1922,-10.6562,-9.9766,0.0,0.0,0.9990370869636536,0.5074478387832642,0.9889025688171387,0.02454780414700508,0.9899553656578064,0.6458333134651184,0.15656094253063202,0.06304415315389633,0.030083954334259033
3410,-14.4461,-9.6391,-24.0852,-11.9297,-9.5859,0.0,0.0,0.9980897903442383,0.5871576070785522,0.9885476231575012,0.07747318595647812,0.9877232313156128,0.5697295069694519,0.21851679682731628,0.07466573268175125,0.03261038661003113
3415,-13.6672,-10.1059,-23.773,-11.0156,-9.9609,0.0,0.0,0.9976692795753479,0.5067368149757385,0.9869655966758728,0.055075593292713165,0.988467276096344,0.6003575921058655,0.18462376296520233,0.0745491310954094,0.035991914570331573
3420,-14.048,-9.848,-23.8961,-11.7344,-9.7188,0.0,0.0,0.9981480240821838,0.5587209463119507,0.9892991185188293,0.057174887508153915,0.9892113208770752,0.5876476764678955,0.20055970549583435,0.07264459133148193,0.0346703976392746
3425,-15.1715,-9.2277,-24.3992,-13.1719,-9.1641,0.0224,0.0,0.9986416101455688,0.6531156897544861,0.9944071769714355,0.0760626420378685,0.9888392686843872,0.5436489582061768,0.2476290464401245,0.0694962665438652,0.0347481332719326
3430,-14.2855,-9.8547,-24.1402,-12.3125,-9.8047,0.0343,0.0,0.998440682888031,0.5431244373321533,0.9928241968154907,0.0744466781616211,0.996279776096344,0.5733053684234619,0.20775030553340912,0.07583177834749222,0.038634948432445526
3435,-14.2566,-9.7391,-23.9957,-11.6719,-9.7266,0.0434,0.0,0.9981977343559265,0.5796476602554321,0.9943757057189941,0.05608465522527695,0.9944196343421936,0.5822839140892029,0.20740050077438354,0.06910758465528488,0.036730408668518066
3440,-13.9383,-9.6516,-23.5898,-11.2188,-9.7891,0.0524,0.0,0.999679684638977,0.5898406505584717,0.9976415038108826,0.054621849209070206,0.9914434552192688,0.6067319512367249,0.19511815905570984,0.0659203976392746,0.02775186486542225
3445,-14.3691,-9.4355,-23.8047,-12.0703,-9.5859,0.0532,0.0,0.9987472891807556,0.6312419772148132,0.9927448630332947,0.08377659320831299,0.9892113208770752,0.58951336145401,0.2124922275543213,0.0642879381775856,0.029228854924440384
3450,-15.343,-8.9422,-24.2852,-13.6719,-9.1953,0.0863,0.0,0.9985145330429077,0.6836547255516052,0.9951807260513306,0.08603667467832565,0.996279776096344,0.5494791865348816,0.25396454334259033,0.06452114135026932,0.027557525783777237
3455,-15.184,-9.0609,-24.2449,-13.0625,-9.125,0.1172,0.0,0.9985949397087097,0.6768245100975037,0.9879372715950012,0.07076101750135422,0.9936755895614624,0.5532493591308594,0.24871735274791718,0.06444340944290161,0.029112251475453377
3460,-14.6641,-9.2676,-23.9316,-12.7891,-9.6484,0.1355,0.0,0.9997308850288391,0.647916316986084,0.9969715476036072,0.04460431635379791,0.9985119104385376,0.5776974558830261,0.2266402393579483,0.06417132914066315,0.027013370767235756
3465,-14.8891,-9.1375,-24.0266,-13.0391,-9.2188,0.1467,0.0,0.9997294545173645,0.668851912021637,0.9929260611534119,0.07066666334867477,0.9933035969734192,0.5747045874595642,0.23122668266296387,0.06043998897075653,0.02915111929178238
3470,-14.2082,-9.6004,-23.8086,-12.9297,-9.5312,0.1641,0.0,0.9998036623001099,0.593306839466095,0.9988088011741638,0.05800756439566612,0.9977678656578064,0.5938665866851807,0.2055736929178238,0.06525964289903641,0.030822450295090675
3475,-14.2965,-9.5387,-23.8352,-12.9688,-9.5469,0.1735,0.0,0.998748242855072,0.6128433346748352,0.9911242723464966,0.07279693335294724,0.9877232313156128,0.5899797677993774,0.20942163467407227,0.06568718701601028,0.030433768406510353
3480,-13.6039,-10.0684,-23.6723,-11.7734,-9.7344,0.1775,0.0,0.9994233846664429,0.5180540680885315,0.9924242496490479,0.037578288465738297,0.9933035969734192,0.6066930890083313,0.1797652393579483,0.07182835787534714,0.037235695868730545
3485,-13.852,-9.9016,-23.7535,-12.6641,-9.2656,0.1734,0.0,0.9992287158966064,0.5337613821029663,0.9920499920845032,0.07847533375024796,0.992559552192688,0.6047496795654297,0.1876554787158966,0.06844682991504669,0.0346703976392746
3490,-13.9535,-9.6363,-23.5898,-13.5547,-9.2188,0.173,0.0,0.9990481734275818,0.598292350769043,0.9955413937568665,0.07449495047330856,0.991815447807312,0.6125233173370361,0.19119247794151306,0.061023011803627014,0.030783582478761673
3495,-14.8477,-9.191,-24.0387,-14.1875,-9.0078,0.2003,0.0,0.9992544054985046,0.660575270652771,0.9931120872497559,0.09102564305067062,0.9929315447807312,0.5734219551086426,0.22971081733703613,0.062072448432445526,0.030317164957523346
3500,-14.9512,-8.9594,-23.9105,-14.7188,-8.8594,0.2156,0.0,0.9995980858802795,0.7056867480278015,0.9942362904548645,0.07746478915214539,0.996279776096344,0.5802238583564758,0.23375311493873596,0.05394900590181351,0.02759639360010624
3505,-15.5684,-8.7996,-24.368,-15.6719,-8.4766,0.2612,0.0,0.9983635544776917,0.7131098508834839,0.9907161593437195,0.06540880352258682,0.9977678656578064,0.5462920069694519,0.25971704721450806,0.058613184839487076,0.03090018592774868
3510,-15.4684,-8.8625,-24.3309,-15.1484,-8.2812,0.2936,0.0,0.998790979385376,0.7069635391235352,0.9875327944755554,0.05242463946342468,0.9981398582458496,0.5465251803398132,0.2601057291030884,0.05923507362604141,0.02965640462934971
3515,-16.1961,-8.2051,-24.4012,-16.1484,-7.8281,0.3511,0.0,0.999854326248169,0.785473644733429,0.9967923164367676,0.04496124014258385,0.996279776096344,0.5335432291030884,0.28844061493873596,0.04846859350800514,0.025069963186979294
3520,-16.007,-8.4836,-24.4906,-15.2344,-8.3438,0.4025,0.0,0.9996324777603149,0.7402188777923584,0.9959100484848022,0.05167173221707344,0.9985119104385376,0.5288013219833374,0.28412625193595886,0.057019591331481934,0.025575248524546623
3525,-15.5055,-8.8223,-24.3277,-15.4219,-8.2969,0.4438,0.0,0.9995039105415344,0.7106766700744629,0.9926568865776062,0.04993597790598869,0.9985119104385376,0.5484685897827148,0.2584732472896576,0.058224502950906754,0.03035603277385235
3530,-14.8438,-9.2328,-24.0766,-15.0703,-8.625,0.4739,0.0,0.9993860125541687,0.6563441753387451,0.9938080310821533,0.06557376682758331,0.995907723903656,0.5697295069694519,0.23219838738441467,0.06277208030223846,0.030822450295090675
3535,-14.9875,-9.1738,-24.1613,-14.625,-8.7188,0.4959,0.0,0.9986917972564697,0.6739920973777771,0.993073046207428,0.0502283088862896,0.995907723903656,0.5645211338996887,0.23523010313510895,0.061722636222839355,0.03404850885272026
3540,-14.6621,-9.3945,-24.0566,-14.3984,-9.0781,0.5155,0.0,0.9991937279701233,0.628909707069397,0.9945255517959595,0.05503512918949127,0.9936755895614624,0.5784748196601868,0.21995490789413452,0.06389925628900528,0.03319340944290161
3545,-15.3609,-8.9484,-24.3094,-14.5391,-8.8438,0.5256,0.0,0.9993619918823242,0.6800731420516968,0.9945322275161743,0.08713693171739578,0.9992559552192688,0.5483131408691406,0.2551305890083313,0.06397698819637299,0.02810167893767357
3550,-15.359,-8.991,-24.35,-14.0469,-8.4922,0.5679,0.0,0.9995760917663574,0.683123767375946,0.9944238066673279,0.07099879533052444,0.9914434552192688,0.5501399040222168,0.25034981966018677,0.06273321062326431,0.03229944035410881
3555,-14.8348,-9.082,-23.9168,-14.2734,-8.4375,0.5964,0.0,0.9992642402648926,0.6861611604690552,0.9966078400611877,0.05457025766372681,0.9985119104385376,0.5811178684234619,0.22862251102924347,0.0572916679084301,0.02849036082625389
3560,-13.8574,-9.9223,-23.7797,-12.9844,-9.6797,0.6048,0.0,0.9988345503807068,0.5378031134605408,0.9912424683570862,0.024390242993831635,0.9936755895614624,0.6003187298774719,0.19072605669498444,0.07101212441921234,0.03346548601984978
3565,-14.3125,-9.441,-23.7535,-13.9844,-9.0859,0.6021,0.0,0.99941486120224,0.636808454990387,0.9922879338264465,0.026615969836711884,0.9973958134651184,0.597831130027771,0.2065453976392746,0.060478854924440384,0.030666977167129517
3570,-13.7941,-9.7629,-23.557,-12.25,-9.3203,0.599,0.0,0.9997482299804688,0.5726787447929382,0.9957186579704285,0.025179855525493622,0.9973958134651184,0.6174595952033997,0.18209733068943024,0.06354943662881851,0.03241604566574097
3575,-13.1023,-10.3121,-23.4145,-10.7344,-9.9375,0.584,0.0,0.9973409175872803,0.45951220393180847,0.9915478229522705,0.00913241971284151,0.9862351417541504,0.6285369992256165,0.15935945510864258,0.07357742637395859,0.03404850885272026
3580,-13.1781,-10.1559,-23.334,-11.25,-9.9375,0.5597,0.0,0.9985359311103821,0.4950714707374573,0.9900932312011719,0.018327606841921806,0.988467276096344,0.6371657252311707,0.15772698819637299,0.06669776141643524,0.033931903541088104
3585,-13.5059,-10.0254,-23.5312,-11.2109,-9.8281,0.5391,0.0,0.9983633160591125,0.5151582360267639,0.991252064704895,0.017369726672768593,0.996279776096344,0.6174595952033997,0.17564521729946136,0.07108986377716064,0.031327735632658005
3590,-13.784,-9.8219,-23.6059,-11.1562,-9.75,0.5349,0.0,0.9996161460876465,0.5601065158843994,0.9960227012634277,0.016949152573943138,0.996279776096344,0.6075093150138855,0.18979321420192719,0.06840796023607254,0.029811877757310867
3595,-13.4527,-10.5617,-24.0145,-10.9141,-9.8125,0.5205,0.0,0.9990097880363464,0.41054031252861023,0.9927239418029785,0.0033984705805778503,0.9854910969734192,0.5887748599052429,0.1755286008119583,0.08547107875347137,0.045747824013233185
3600,-14.0137,-9.6707,-23.6844,-11.2266,-9.6328,0.5071,0.0,0.9993533492088318,0.5913660526275635,0.9947977066040039,0.012936610728502274,0.9970238208770752,0.601057231426239,0.1971781700849533,0.06724191457033157,0.03004508651793003
3605,-13.3871,-10.3039,-23.691,-10.8125,-9.875,0.5008,0.0,0.9989715814590454,0.44316163659095764,0.9962049126625061,0.01149425283074379,0.9936755895614624,0.6047108173370361,0.17506219446659088,0.08193407952785492,0.03381529822945595
3610,-13.8199,-9.8461,-23.666,-11.4375,-9.5625,0.488,0.0,0.9998069405555725,0.556304931640625,0.9956019520759583,0.01013941690325737,0.9873511791229248,0.603972315788269,0.1901818960905075,0.07070118188858032,0.030666977167129517
3615,-14.232,-9.616,-23.848,-11.5938,-9.5781,0.4904,0.0,0.9994711875915527,0.5973154306411743,0.9960784316062927,0.019685039296746254,0.9873511791229248,0.5880363583564758,0.2084888070821762,0.06937966495752335,0.029617536813020706
3620,-14.5484,-9.7273,-24.2758,-11.5938,-9.7656,0.5123,0.0,0.9982561469078064,0.584308922290802,0.9959575533866882,0.01796407252550125,0.992559552192688,0.5572139024734497,0.22244247794151306,0.07692008465528488,0.038945894688367844
3625,-14.9703,-9.643,-24.6133,-11.8594,-9.6328,0.5314,0.0,0.9995667338371277,0.6035366058349609,0.9964047074317932,0.007537688594311476,0.9869791865348816,0.5382462739944458,0.2351912260055542,0.07567630708217621,0.04640858247876167
3630,-14.0191,-10.0137,-24.0328,-11.2969,-9.5859,0.5409,0.0,0.999129056930542,0.5303683280944824,0.996990978717804,0.011811023578047752,0.9877232313156128,0.5801461338996887,0.19838307797908783,0.07750310748815536,0.039490051567554474
3635,-13.5547,-10.3098,-23.8645,-10.8984,-9.7266,0.5353,0.0,0.9994799494743347,0.4561827480792999,0.9985243678092957,0.009345794096589088,0.9944196343421936,0.5979477763175964,0.17696672677993774,0.0790189653635025,0.041588928550481796
3640,-13.0023,-10.5191,-23.5215,-10.9531,-9.9219,0.5118,0.0,0.9993152618408203,0.39498987793922424,0.9925410151481628,0.010869565419852734,0.9888392686843872,0.6244170069694519,0.15360696613788605,0.07816386967897415,0.039334576576948166
3645,-13.1195,-10.5648,-23.6844,-10.9922,-9.7969,0.487,0.0,0.9989206790924072,0.38504764437675476,0.9939166903495789,0.009442870505154133,0.9888392686843872,0.6122123599052429,0.1590873748064041,0.08306125551462173,0.04116138070821762
3650,-12.5531,-11.1199,-23.673,-10.3594,-10.0312,0.4532,0.0,0.9968376159667969,0.2266407161951065,0.9894093871116638,0.003395585808902979,0.9780505895614624,0.6145444512367249,0.13976989686489105,0.09542132914066315,0.04578668996691704
3655,-12.4395,-10.8492,-23.2887,-10.3438,-9.9922,0.4138,0.0,0.9981814622879028,0.2798018157482147,0.9906498193740845,0.0051387459971010685,0.984375,0.6412079930305481,0.13335666060447693,0.08313899487257004,0.03781871870160103
3660,-12.7906,-10.7504,-23.541,-10.4844,-9.8984,0.3803,0.0,0.9992535710334778,0.3212379813194275,0.9967396259307861,0.0065481760539114475,0.9862351417541504,0.6248445510864258,0.1456778645515442,0.08344993740320206,0.04155006259679794
3665,-12.6117,-10.7742,-23.3859,-10.2891,-9.9844,0.3464,0.0,0.9987755417823792,0.307735413312912,0.9886147975921631,0.006796116475015879,0.9951636791229248,0.6348724961280823,0.1386815905570984,0.08193407952785492,0.040034204721450806
3670,-12.7078,-10.8047,-23.5125,-10.4453,-9.9297,0.3132,0.0,0.9979495406150818,0.31794872879981995,0.9858834147453308,0.009569377638399601,0.9784226417541504,0.6255441308021545,0.14400653541088104,0.08535447716712952,0.04061722755432129
3675,-12.8785,-10.6637,-23.5422,-10.4141,-10.1094,0.2845,0.0,0.9981252551078796,0.35965821146965027,0.9934883713722229,0.011695906519889832,0.9784226417541504,0.6219682693481445,0.15010882914066315,0.08356653898954391,0.0398787297308445
3680,-12.6039,-10.6398,-23.2438,-10.5703,-9.9141,0.2541,0.0,0.9990361928939819,0.3456577956676483,0.9950075149536133,0.005279831122606993,0.9765625,0.6452503204345703,0.13561101257801056,0.07785291969776154,0.03680814802646637
3685,-12.9172,-10.7645,-23.6816,-10.4531,-9.9844,0.224,0.0,0.9988605380058289,0.33563393354415894,0.9954338073730469,0.010517090559005737,0.9858630895614624,0.6140003204345703,0.15205223858356476,0.0851212665438652,0.044348571449518204
3690,-12.8445,-11.0129,-23.8574,-10.2812,-10.1172,0.1971,0.0,0.9962483644485474,0.28800609707832336,0.9890244007110596,0.010058675892651081,0.965029776096344,0.60090172290802,0.15263526141643524,0.09561567008495331,0.04636971279978752
3695,-12.6344,-11.0066,-23.641,-10.3984,-10.0234,0.1653,0.0,0.9939203858375549,0.293608695268631,0.9778628945350647,0.008673027157783508,0.9468005895614624,0.6201415061950684,0.13926461338996887,0.09130130708217621,0.04481498897075653
3700,-12.748,-10.9832,-23.7313,-10.4453,-10.1172,0.129,0.0,0.9934961199760437,0.30099111795425415,0.9862728714942932,0.010723860934376717,0.9624255895614624,0.6095693111419678,0.14902052283287048,0.09343905746936798,0.043493468314409256
3705,-12.5496,-11.0602,-23.6098,-10.3516,-10.0469,0.0972,0.0,0.9943626523017883,0.2588960528373718,0.9869473576545715,0.005305039696395397,0.965029776096344,0.6205301880836487,0.13872045278549194,0.09231188148260117,0.04395988956093788
3710,-12.4816,-11.2008,-23.6824,-10.2578,-10.2344,0.0589,0.0,0.9937413334846497,0.22187677025794983,0.9817894101142883,0.009499136358499527,0.9546130895614624,0.6148165464401245,0.13751554489135742,0.09818097203969955,0.04500932991504669
3715,-12.627,-11.441,-24.068,-10.2266,-10.2031,0.0204,0.0,0.9932551980018616,0.16877754032611847,0.9758453965187073,0.0027662517968565226,0.9732142686843872,0.5935556888580322,0.14116916060447693,0.10459421575069427,0.05620335787534714
3720,-12.7879,-10.8883,-23.6762,-10.3359,-10.0781,0.0,0.0,0.9943585395812988,0.32288968563079834,0.9853194952011108,0.018416205421090126,0.9661458134651184,0.6131840944290161,0.15010882914066315,0.09001865983009338,0.04221082106232643
3725,-13.2809,-10.3863,-23.6672,-10.4297,-10.1016,0.0,0.0,0.9960259199142456,0.44947415590286255,0.9870069622993469,0.018681319430470467,0.9747023582458496,0.6063821315765381,0.1700093299150467,0.08376087993383408,0.03537002578377724
3730,-13.432,-10.2598,-23.6918,-10.8672,-9.9766,0.0,0.0,0.9959762692451477,0.49808427691459656,0.9866048693656921,0.01890547201037407,0.9739583134651184,0.6085587739944458,0.17245802283287048,0.0754430964589119,0.0390625
3735,-13.6426,-10.0988,-23.7414,-11.9688,-9.7891,0.0,0.0,0.9946167469024658,0.5359392166137695,0.9803504943847656,0.024261603131890297,0.965029776096344,0.6064987778663635,0.17898787558078766,0.07318874448537827,0.03684701398015022
3740,-13.7082,-10.1938,-23.902,-11.8125,-9.5156,0.0,0.0,0.994682252407074,0.506929874420166,0.9860711097717285,0.015560165978968143,0.9672619104385376,0.5920398235321045,0.18509016931056976,0.08092350512742996,0.03746890649199486
3745,-13.9141,-10.0844,-23.9984,-11.8906,-9.8047,0.0,0.0,0.9943913817405701,0.5435087084770203,0.9863547682762146,0.017786560580134392,0.9642857313156128,0.5821284055709839,0.19430193305015564,0.079757459461689,0.039334576576948166
3750,-13.6242,-10.1121,-23.7363,-11.8047,-9.5781,0.0,0.0,0.995478630065918,0.5157827138900757,0.9905707240104675,0.010158013552427292,0.9765625,0.6017568111419678,0.18100902438163757,0.07831934094429016,0.03443719074130058
3755,-13.1914,-10.6941,-23.8855,-10.7969,-9.8594,0.0,0.0,0.9949442744255066,0.3881815969944,0.9851333498954773,0.011187607422471046,0.9627976417541504,0.5996579527854919,0.16180814802646637,0.08889147639274597,0.0451648011803627
3760,-12.8898,-10.8801,-23.7699,-10.5859,-10.0234,0.0,0.0,0.9934088587760925,0.359039843082428,0.9673451781272888,0.005267778877168894,0.9460565447807312,0.6073927283287048,0.15220771729946136,0.09165111929178238,0.0442708320915699
3765,-12.5625,-11.0109,-23.5734,-10.5234,-9.8672,0.0,0.0,0.9950018525123596,0.2867913842201233,0.9640743732452393,0.007359705399721861,0.9575892686843872,0.6221237778663635,0.13918687403202057,0.0919620618224144,0.04224969074130058
3770,-12.9273,-10.5707,-23.498,-10.9766,-9.7578,0.0,0.0,0.9950298070907593,0.41426363587379456,0.9800680875778198,0.011964107863605022,0.968377947807312,0.6256219148635864,0.1509639322757721,0.07995180040597916,0.038984764367341995
3775,-13.7191,-10.0641,-23.7832,-12.125,-9.5,0.0,0.0,0.9949599504470825,0.5357903838157654,0.9844961166381836,0.014973262324929237,0.9720982313156128,0.6015236377716064,0.1824471354484558,0.07520988583564758,0.03634173050522804
3780,-13.0441,-10.3184,-23.3625,-11.2344,-9.7812,0.0,0.0,0.9953320026397705,0.4908360540866852,0.9702759981155396,0.01905829645693302,0.960565447807312,0.6328125,0.15481187403202057,0.07322761416435242,0.0346703976392746
3785,-13.491,-10.3844,-23.8754,-11.4141,-9.9375,0.0,0.0,0.9953376650810242,0.4738035798072815,0.9876968264579773,0.012110726907849312,0.9717261791229248,0.6002410054206848,0.17136971652507782,0.07898010313510895,0.04493159055709839
3790,-12.7891,-10.668,-23.457,-10.375,-10.1172,0.0,0.0,0.9944310188293457,0.38459503650665283,0.9839167594909668,0.007092198356986046,0.9661458134651184,0.6281483173370361,0.14684391021728516,0.08216729015111923,0.03836287185549736
3795,-13.3598,-10.109,-23.4688,-11.1484,-10.0234,0.0,0.0,0.9949479103088379,0.540184736251831,0.9721293449401855,0.014722537249326706,0.9773065447807312,0.623173177242279,0.1682991236448288,0.06972947716712952,0.034320585429668427
3800,-13.1871,-10.6184,-23.8055,-11.0391,-9.9141,0.0,0.0,0.9967206716537476,0.40511471033096313,0.9855465292930603,0.01284403633326292,0.952752947807312,0.60447758436203,0.16262437403202057,0.08605410158634186,0.04236629232764244
3805,-13.1281,-10.4012,-23.5293,-11.1484,-9.7891,0.0,0.0,0.9964357018470764,0.4532550275325775,0.9830508232116699,0.01046025101095438,0.969122052192688,0.6215795874595642,0.15881529450416565,0.07796952873468399,0.03715796023607254
3810,-13.034,-10.641,-23.675,-10.5312,-10.1797,0.0,0.0,0.9946591854095459,0.3868916630744934,0.9892037510871887,0.010999999940395355,0.9706101417541504,0.6113184094429016,0.1589318960905075,0.08640392124652863,0.03886815905570984
3815,-12.3637,-10.8273,-23.191,-10.1484,-10.1953,0.0,0.0,0.9968246221542358,0.29390573501586914,0.9898794889450073,0.011664899066090584,0.9735863208770752,0.6487484574317932,0.1294698417186737,0.0806514322757721,0.03665267303586006
3820,-12.7898,-10.8656,-23.6555,-10.4141,-10.2266,0.0,0.0,0.9952507615089417,0.3232826292514801,0.986626386642456,0.030465949326753616,0.9668898582458496,0.6138059496879578,0.14824315905570984,0.09009639173746109,0.0433768667280674
3825,-12.4676,-11.1422,-23.6098,-10.2734,-10.1094,0.0,0.0,0.9945935606956482,0.2344983071088791,0.9877750873565674,0.014146773144602776,0.9598214030265808,0.6182758212089539,0.13790422677993774,0.095382459461689,0.04395988956093788
3830,-12.1934,-11.3543,-23.5477,-10.2422,-10.125,0.0,0.0,0.99223792552948,0.21287284791469574,0.9697572588920593,0.016962843015789986,0.9040178656578064,0.6259328126907349,0.12379508465528488,0.09767568111419678,0.04811878129839897
3835,-12.2695,-11.4352,-23.7047,-10.2031,-10.0859,0.0,0.0,0.991889476776123,0.19191309809684753,0.9782445430755615,0.02269170619547367,0.8984375,0.6134172677993774,0.12880907952785492,0.10362251102924347,0.04967350885272026
3840,-12.2598,-12.6934,-24.9531,-10.1016,-10.7812,0.0,0.0,0.9717309474945068,0.09048787504434586,0.9511465430259705,0.01083423662930727,0.7083333134651184,0.5252254605293274,0.14260727167129517,0.15593905746936798,0.07175061851739883
3845,-12.2312,-12.2031,-24.4344,-9.9844,-10.7812,0.0,0.0,0.9824946522712708,0.12610489130020142,0.9694207310676575,0.023837901651859283,0.7392113208770752,0.5661924481391907,0.1319185346364975,0.13219061493873596,0.06522077322006226
3850,-11.9215,-12.3773,-24.2988,-9.9844,-10.5938,0.0,0.0,0.9794799089431763,0.10437817126512527,0.9528248310089111,0.013274336233735085,0.6863839030265808,0.5739272236824036,0.12251243740320206,0.13759328424930573,0.06148942932486534
3855,-12.2945,-12.0906,-24.3852,-10.2344,-10.3047,0.0,0.0,0.9844591617584229,0.18205805122852325,0.9301190376281738,0.016061868518590927,0.7674851417541504,0.5702347755432129,0.13257929682731628,0.1273709535598755,0.06533737480640411
3860,-12.2156,-12.1734,-24.3891,-10.2344,-10.1406,0.0,0.0,0.9842724204063416,0.170256108045578,0.9359388947486877,0.01648700051009655,0.7209821343421936,0.5684079527854919,0.1335510015487671,0.13226833939552307,0.06129508838057518
3865,-11.7414,-13.0855,-24.827,-10.0156,-10.7891,0.0,0.0,0.9497097134590149,0.1905526965856552,0.8469001650810242,0.03017689846456051,0.6171875,0.5356032252311707,0.12095770984888077,0.16425684094429016,0.0747046023607254
3870,-11.6293,-12.732,-24.3613,-9.6641,-11.2578,0.0,0.0,0.9427144527435303,0.18741977214813232,0.9582712650299072,0.03515889123082161,0.5907738208770752,0.5604400038719177,0.12111318111419678,0.15648320317268372,0.05748600885272026
3875,-12.1348,-11.6859,-23.8207,-10.1562,-10.1562,0.0,0.0,0.9820901155471802,0.20690718293190002,0.9628610610961914,0.03356216475367546,0.824032723903656,0.6054881811141968,0.1260494440793991,0.11302860826253891,0.050956156104803085
3880,-12.2277,-11.384,-23.6117,-10.2188,-10.2891,0.0,0.0,0.9851940274238586,0.20877817273139954,0.9727713465690613,0.02869955077767372,0.9241071343421936,0.6169154047966003,0.13106343150138855,0.10420553386211395,0.043337997049093246
3885,-12.7414,-11.1957,-23.9371,-10.2656,-10.1953,0.0,0.0,0.9945557117462158,0.2701103091239929,0.9805940389633179,0.013878743164241314,0.9315476417541504,0.5996968150138855,0.14447294175624847,0.0981421023607254,0.053210511803627014
3890,-12.2555,-11.6625,-23.918,-10.125,-10.0781,0.0,0.0,0.9906361103057861,0.13267147541046143,0.9723582863807678,0.017479971051216125,0.8861607313156128,0.6018734574317932,0.12919776141643524,0.1110851988196373,0.053365983068943024
3895,-12.6562,-10.8773,-23.5336,-10.3516,-10.1875,0.0,0.0,0.9975181221961975,0.3077990710735321,0.9791855216026306,0.04144144058227539,0.9553571343421936,0.6264381408691406,0.14004197716712952,0.08589863032102585,0.043143656104803085
3900,-12.2164,-11.5039,-23.7203,-10.1641,-10.1172,0.0,0.0,0.9949190020561218,0.13233081996440887,0.9759123921394348,0.02276422828435898,0.9162946343421936,0.6119791865348816,0.1292366236448288,0.10649875551462173,0.047807835042476654
3905,-12.2152,-11.3398,-23.5551,-10.2422,-10.1484,0.0,0.0,0.9978336095809937,0.1389322578907013,0.9837728142738342,0.01151315774768591,0.9471726417541504,0.6279540061950684,0.12449471652507782,0.09581001102924347,0.04726368188858032
3910,-12.3793,-11.2203,-23.5996,-10.1719,-10.125,0.0,0.0,0.9978093504905701,0.18949837982654572,0.9902399182319641,0.022594142705202103,0.9542410969734192,0.6209965944290161,0.13250155746936798,0.09557680040597916,0.046447448432445526
3915,-12.3887,-11.259,-23.6477,-10.1953,-10.125,0.0,0.0,0.9976704716682434,0.16911977529525757,0.9937057495117188,0.016521738842129707,0.9538690447807312,0.6173429489135742,0.1346781700849533,0.09880285710096359,0.044698383659124374
3920,-12.4016,-11.1594,-23.5609,-10.2578,-10.1641,0.0,0.0,0.9993771314620972,0.17329047620296478,0.9925834536552429,0.02022867277264595,0.9787946343421936,0.6239894032478333,0.13300684094429016,0.09433302283287048,0.044193096458911896
3925,-12.566,-11.3074,-23.8734,-10.1719,-10.1016,0.0,0.0,0.9993560314178467,0.1798839420080185,0.9857583045959473,0.02239382266998291,0.9479166865348816,0.6035447716712952,0.14066386222839355,0.10097947716712952,0.05033426731824875
3930,-12.7316,-11.6418,-24.3734,-10.3906,-10.2969,0.0,0.0,0.9987712502479553,0.12101411074399948,0.9926100373268127,0.005667506251484156,0.9438244104385376,0.5693796873092651,0.14870958030223846,0.11571051180362701,0.061722636222839355
3935,-12.5141,-11.3387,-23.8527,-10.2812,-10.1406,0.0,0.0,0.9973561763763428,0.1667582392692566,0.9896678924560547,0.018612520769238472,0.9375,0.6027674078941345,0.14148010313510895,0.10533270984888077,0.045942164957523346
3940,-12.7398,-10.8016,-23.5414,-10.3828,-10.125,0.0,0.0,0.9990664124488831,0.3251284956932068,0.9894785284996033,0.02110091783106327,0.960565447807312,0.624494731426239,0.14369557797908783,0.0849657952785492,0.04236629232764244
3945,-12.3695,-11.1203,-23.4898,-10.2266,-10.0859,0.0,0.0,0.9985705614089966,0.19897814095020294,0.9926888942718506,0.008290155790746212,0.9575892686843872,0.6253886818885803,0.13693252205848694,0.09569340944290161,0.03750777244567871
3950,-12.4469,-11.1707,-23.6176,-10.2344,-10.1875,0.0,0.0,0.9988043308258057,0.20368793606758118,0.9857029318809509,0.014466546475887299,0.9501488208770752,0.6176539063453674,0.13701026141643524,0.09787002205848694,0.042988184839487076
3955,-12.1949,-11.4379,-23.6328,-10.2734,-10.1797,0.0,0.0,0.9987525939941406,0.14919735491275787,0.9759274125099182,0.010030863806605339,0.9032738208770752,0.623173177242279,0.12348414212465286,0.09849191457033157,0.0503731332719326
3960,-12.5219,-11.8715,-24.3934,-10.2812,-10.1875,0.0,0.0,0.9970067739486694,0.11359196156263351,0.9792275428771973,0.005966586992144585,0.8526785969734192,0.5713619589805603,0.13926461338996887,0.11975280195474625,0.06514303386211395
3965,-12.2137,-11.6336,-23.8473,-10.1328,-10.1562,0.0,0.0,0.9980180263519287,0.10108191519975662,0.9798561334609985,0.006502890028059483,0.8857886791229248,0.6079368591308594,0.1257385015487671,0.10805348306894302,0.0537935309112072
3970,-12.152,-11.8391,-23.991,-10.1328,-10.1328,0.0,0.0,0.9955735206604004,0.06003694608807564,0.9738255143165588,0.004827586002647877,0.8761160969734192,0.5970926880836487,0.12624378502368927,0.11582711338996887,0.05635882914066315
3975,-12.2012,-12.1473,-24.3484,-10.3281,-10.1875,0.0,0.0,0.9937085509300232,0.05154010280966759,0.9640791416168213,0.009445100091397762,0.7976190447807312,0.57454913854599,0.1274486929178238,0.1276818960905075,0.0658426582813263
3980,-11.7398,-12.4125,-24.1523,-10.1641,-10.1172,0.0,0.0,0.9898916482925415,0.027027027681469917,0.9107457399368286,0.004244997166097164,0.7280505895614624,0.5883084535598755,0.11073538661003113,0.13238495588302612,0.06409359723329544
3985,-11.8426,-12.4871,-24.3297,-10.1562,-10.2266,0.0,0.0,0.9858766794204712,0.02912954054772854,0.9136481881141663,0.009433962404727936,0.7429315447807312,0.5779306888580322,0.11341729015111923,0.13413402438163757,0.07004041969776154
3990,-11.8105,-12.7926,-24.6031,-10.2188,-10.3359,0.0,0.0,0.9769209027290344,0.03133333474397659,0.9320744872093201,0.00477453600615263,0.6506696343421936,0.5574471354484558,0.11660447716712952,0.14820429682731628,0.07326647639274597
3995,-11.716,-12.8398,-24.5559,-10.1328,-10.1094,0.0,0.0,0.9787693023681641,0.037250254303216934,0.9282950758934021,0.011388286016881466,0.6049107313156128,0.5583799481391907,0.11477767676115036,0.15069185197353363,0.07167288661003113
4000,-11.8699,-13.2152,-25.0852,-10.3594,-10.2656,0.0,0.0,0.9764341711997986,0.046248383820056915,0.9014730453491211,0.00807899422943592,0.555059552192688,0.5277907252311707,0.12018034607172012,0.16095304489135742,0.08659826219081879
4005,-11.5387,-13.0797,-24.6184,-10.1094,-10.4844,0.0,0.0,0.9676466584205627,0.06668982654809952,0.8864639401435852,0.013941018842160702,0.5833333134651184,0.5526275038719177,0.1119014322757721,0.15850435197353363,0.07248912006616592
4010,-11.7855,-13.4859,-25.2715,-10.0938,-10.7031,0.0,0.0,0.965679943561554,0.07853071391582489,0.8863435983657837,0.010449795983731747,0.472470223903656,0.5107665061950684,0.12274564802646637,0.17646144330501556,0.08554881811141968
4015,-11.3289,-13.7324,-25.0613,-10.0312,-10.6172,0.0,0.0,0.9352707266807556,0.10526315867900848,0.8616690635681152,0.01744484342634678,0.4702380895614624,0.5176072716712952,0.11446672677993774,0.18769434094429016,0.07575403898954391
4020,-11.3504,-13.5512,-24.9016,-9.9609,-10.9219,0.0,0.0,0.9485234618186951,0.111266128718853,0.8515691161155701,0.024494143202900887,0.4665178656578064,0.5277907252311707,0.11143501102924347,0.18330223858356476,0.0729944035410881
4025,-11.2742,-14.1172,-25.3914,-9.5625,-11.5078,0.0,0.0,0.9180392026901245,0.12944763898849487,0.8364126086235046,0.010732618160545826,0.4308035671710968,0.49556902050971985,0.11469993740320206,0.20195895433425903,0.08329446613788605
4030,-10.8121,-14.8738,-25.6859,-9.2344,-12.0703,0.0,0.0136,0.8995672464370728,0.09212537854909897,0.7839143872261047,0.014267729595303535,0.3284970223903656,0.47601833939552307,0.10167910158634186,0.22520211338996887,0.09262282401323318
4035,-11.102,-14.3434,-25.4453,-9.4453,-11.8828,0.0,0.0102,0.9183882474899292,0.1132616475224495,0.8240534663200378,0.011009174399077892,0.3526785671710968,0.4929260015487671,0.10844216495752335,0.20942163467407227,0.08473258465528488
4040,-11.975,-13.1656,-25.1406,-10.1641,-10.5156,0.0,0.0091,0.9745155572891235,0.11477339267730713,0.8972241282463074,0.010891089215874672,0.5178571343421936,0.5155084133148193,0.1320739984512329,0.1694263070821762,0.07851368188858032
4045,-11.3176,-13.3402,-24.6578,-9.5781,-11.3359,0.0,0.0109,0.9505978226661682,0.1542372852563858,0.8214524984359741,0.024878641590476036,0.5409226417541504,0.5428715944290161,0.1146610677242279,0.17393501102924347,0.06405472755432129
4050,-11.6055,-13.2777,-24.8832,-9.6328,-11.3203,0.0,0.0,0.9488749504089355,0.11395566910505295,0.8896781206130981,0.019133370369672775,0.5561755895614624,0.5268579125404358,0.12449471652507782,0.17510105669498444,0.06906872242689133
4055,-12.0543,-11.9957,-24.05,-10.1641,-10.3516,0.0,0.0,0.9927083849906921,0.10164749622344971,0.9639924168586731,0.014644351787865162,0.765252947807312,0.5916900038719177,0.12503886222839355,0.12305659055709839,0.05573694035410881
4060,-12.109,-12.1805,-24.2895,-10.2031,-10.2266,0.0,0.0,0.9917048811912537,0.07610024511814117,0.954409122467041,0.009339975193142891,0.7648809552192688,0.5763370394706726,0.12717661261558533,0.12958644330501556,0.062422264367341995
4065,-12.1277,-11.9672,-24.0949,-10.1484,-10.125,0.0,0.0,0.9945228695869446,0.11534883826971054,0.9507042169570923,0.015614833682775497,0.7879464030265808,0.589008092880249,0.12534981966018677,0.1214241310954094,0.05974036082625389
4070,-11.9688,-12.4129,-24.3816,-10.0859,-10.625,0.0,0.0,0.9821171760559082,0.09658385068178177,0.9614847898483276,0.009135200642049313,0.6789434552192688,0.5672807693481445,0.1251554787158966,0.13926461338996887,0.06382151693105698
4075,-12.0387,-11.8723,-23.9109,-10.1094,-10.2969,0.0,0.0,0.9906529784202576,0.1239103376865387,0.9625080823898315,0.012048192322254181,0.7957589030265808,0.5988028645515442,0.12484452873468399,0.12025808542966843,0.051616914570331573
4080,-12.1141,-11.6852,-23.7992,-10.0859,-10.6016,0.0,0.0,0.9902294874191284,0.1679389327764511,0.9664654731750488,0.02202283777296543,0.8125,0.6046719551086426,0.12729321420192719,0.11590485274791718,0.047652363777160645
4085,-12.1484,-12.023,-24.1715,-10.1172,-10.2812,0.0,0.0,0.9898853898048401,0.13275612890720367,0.9718518257141113,0.013138686306774616,0.7455357313156128,0.5764148235321045,0.1346781700849533,0.1311800330877304,0.05324937775731087
4090,-12.2738,-11.7793,-24.0531,-10.0469,-10.4922,0.0,0.0,0.9904539585113525,0.18156108260154724,0.9863903522491455,0.017815647646784782,0.7663690447807312,0.5822450518608093,0.13743780553340912,0.1256607621908188,0.05017879232764244
4095,-12.1,-11.8973,-23.9973,-9.9844,-10.5703,0.0,0.0,0.9843118786811829,0.19636577367782593,0.9738863110542297,0.016587678343057632,0.7317708134651184,0.5871812701225281,0.13261815905570984,0.12651586532592773,0.049207091331481934
4100,-12.0113,-12.4145,-24.4258,-9.75,-11.3438,0.0,0.0,0.9751639366149902,0.18160651624202728,0.9537556767463684,0.012426422908902168,0.633184552192688,0.5571361780166626,0.1335510015487671,0.14540578424930573,0.059429414570331573
4105,-11.9313,-13.4922,-25.4234,-9.5156,-11.8594,0.0,0.0,0.9449208974838257,0.10949529707431793,0.9552682042121887,0.003796867560595274,0.451264888048172,0.493975430727005,0.1363106369972229,0.1833411008119583,0.08189520984888077
4110,-11.0648,-13.882,-24.9469,-8.8984,-12.7422,0.0,0.0,0.9311455488204956,0.0921836644411087,0.9410134553909302,0.011744966730475426,0.2708333432674408,0.5187733173370361,0.11089085787534714,0.1963619440793991,0.0694962665438652
4115,-11.3973,-14.0281,-25.4254,-8.9844,-12.7344,0.0,0.0,0.9300355911254883,0.0716623067855835,0.9634404182434082,0.007899628020823002,0.248139888048172,0.49109917879104614,0.11878109723329544,0.2019978165626526,0.08364427834749222
4120,-11.2672,-14.3469,-25.6141,-9.0469,-13.1719,0.0,0.0015,0.9143252968788147,0.0874461755156517,0.9426705241203308,0.013004484586417675,0.190476194024086,0.47726213932037354,0.11734297126531601,0.21424129605293274,0.08667599409818649
4125,-11.1375,-14.2805,-25.418,-8.0391,-14.6484,0.0,0.0147,0.8627707362174988,0.1317162960767746,0.9784073233604431,0.01819215528666973,0.2868303656578064,0.47555193305015564,0.12659358978271484,0.2250077724456787,0.06836909055709839
4130,-11.3188,-14.0762,-25.3949,-7.9453,-15.3047,0.0,0.0114,0.8690176606178284,0.16637010872364044,0.9825778007507324,0.03052995353937149,0.3013392984867096,0.478350430727005,0.13106343150138855,0.21863339841365814,0.06747512519359589
4135,-11.1465,-13.9871,-25.1336,-8.3594,-14.0781,0.0,0.0099,0.8894166946411133,0.13812857866287231,0.9918879270553589,0.012247397564351559,0.2566964328289032,0.4991060197353363,0.12212375551462173,0.21082089841365814,0.0634717047214508
4140,-11.6375,-13.6191,-25.2566,-7.8281,-15.4453,0.0,0.021,0.8854150176048279,0.2209717333316803,0.9884644746780396,0.019338740035891533,0.378720223903656,0.4860852062702179,0.1415967047214508,0.20553483068943024,0.06230565905570984
4145,-11.2797,-14.1156,-25.3953,-7.6016,-16.1328,0.0,0.0433,0.8470752239227295,0.20417501032352448,0.9878281950950623,0.018091078847646713,0.3210565447807312,0.47376400232315063,0.13592195510864258,0.22353078424930573,0.06230565905570984
4150,-11.184,-15.0887,-26.2727,-7.0625,-17.75,0.0,0.0609,0.7546835541725159,0.1908632218837738,0.9835247993469238,0.011753643862903118,0.2689732015132904,0.41701647639274597,0.1386815905570984,0.2571517527103424,0.08267257362604141
4155,-12.0996,-12.8063,-24.9059,-8.6172,-13.8438,0.0,0.0594,0.9481431245803833,0.25190240144729614,0.9947608113288879,0.020113136619329453,0.4564732015132904,0.5149253606796265,0.14812655746936798,0.17063121497631073,0.06183924153447151
4160,-11.6793,-13.191,-24.8703,-8.3594,-14.1953,0.0,0.03,0.9176976680755615,0.2339949607849121,0.9968665242195129,0.0211267601698637,0.388764888048172,0.5152363181114197,0.13903141021728516,0.18606187403202057,0.05519278720021248
4165,-11.1395,-13.8289,-24.9684,-7.3047,-15.8828,0.0,0.0175,0.8679580092430115,0.19591090083122253,0.996489942073822,0.01508620660752058,0.3411458432674408,0.5036535859107971,0.1273709535598755,0.21039333939552307,0.05410447716712952
4170,-10.918,-14.4758,-25.3937,-7.2266,-16.6484,0.0,0.008,0.8047693967819214,0.16966189444065094,0.9955868124961853,0.01315789483487606,0.3292410671710968,0.4710432291030884,0.1276041716337204,0.2377953976392746,0.0590796023607254
4175,-11.2992,-13.7859,-25.0852,-7.6562,-15.4141,0.0,0.0042,0.8669279217720032,0.18248604238033295,0.9966542720794678,0.010020039975643158,0.4084821343421936,0.49595770239830017,0.13226833939552307,0.20911069214344025,0.0581856332719326
4180,-11.9141,-12.1414,-24.0555,-8.9766,-12.7734,0.0,0.0,0.9710702300071716,0.22640958428382874,0.9975550174713135,0.015356820076704025,0.586309552192688,0.5763759613037109,0.13304570317268372,0.1430736929178238,0.04302705079317093
4185,-12.2469,-11.7969,-24.0438,-9.2344,-12.2109,0.0,0.0,0.9806782603263855,0.2706040143966675,0.9973630309104919,0.010909090749919415,0.6711309552192688,0.5753265023231506,0.1447838991880417,0.1326570212841034,0.04275497421622276
4190,-12.4422,-11.6945,-24.1367,-9.6562,-11.4141,0.0,0.0,0.99048912525177,0.2505202889442444,0.9984760880470276,0.013389121741056442,0.7131696343421936,0.572139322757721,0.1494092047214508,0.1275264322757721,0.046447448432445526
4195,-12.0941,-12.3121,-24.4062,-9.0625,-12.4375,0.0,0.0,0.9717406630516052,0.22645074129104614,0.997689962387085,0.011208967305719852,0.5453869104385376,0.5515391826629639,0.14400653541088104,0.15143035352230072,0.04854632914066315
4200,-12.3344,-11.9523,-24.2867,-9.2891,-12.1016,0.0,0.0,0.9847111701965332,0.2777926027774811,0.9983046054840088,0.01621621660888195,0.585565447807312,0.56183922290802,0.14579446613788605,0.13755442202091217,0.05033426731824875
4205,-12.4527,-12.2359,-24.6887,-9.3828,-12.0547,0.0,0.0,0.9794149398803711,0.2621208131313324,0.9978734850883484,0.017766498029232025,0.5453869104385376,0.5381296873092651,0.14991448819637299,0.14622201025485992,0.06125621870160103
4210,-12.5723,-11.9313,-24.5035,-9.8984,-11.0703,0.0,0.0,0.9911259412765503,0.2645225524902344,0.996639609336853,0.0225947517901659,0.6045386791229248,0.5474969148635864,0.15590018033981323,0.13879819214344025,0.05332711338996887
4215,-12.2363,-12.3266,-24.5629,-9.2344,-12.1875,0.0,0.0,0.9830803871154785,0.2398674488067627,0.99456387758255,0.01308699045330286,0.494047611951828,0.5352534055709839,0.15247978270053864,0.1572994440793991,0.05048973858356476
4220,-11.7707,-13.0457,-24.8164,-8.7422,-13.2188,0.0,0.0,0.9584585428237915,0.21065708994865417,0.9995707869529724,0.0131396958604455,0.3050595223903656,0.5174129605293274,0.1407804787158966,0.18112562596797943,0.05620335787534714
4225,-11.9445,-12.6781,-24.6227,-9.2266,-12.5312,0.0,0.0,0.9764765501022339,0.1975795030593872,0.9964200258255005,0.008777853101491928,0.4155505895614624,0.5370025038719177,0.1380985677242279,0.16285759210586548,0.057563744485378265
4230,-12.3543,-11.7484,-24.1027,-9.6016,-11.6172,0.0,0.0,0.9919697642326355,0.26580575108528137,0.9982008934020996,0.006843456067144871,0.6361607313156128,0.5759872794151306,0.14447294175624847,0.12962530553340912,0.04543687775731087
4235,-12.7535,-11.141,-23.8945,-9.8984,-10.8125,0.0,0.0,0.9975582361221313,0.35302916169166565,0.9992897510528564,0.008490566164255142,0.7723214030265808,0.5889692306518555,0.15590018033981323,0.1094527393579483,0.04120025038719177
4240,-12.3539,-11.898,-24.252,-9.4922,-11.5547,0.0,0.0,0.9922614693641663,0.28164225816726685,1.0,0.009016393683850765,0.5610119104385376,0.5625388622283936,0.14863184094429016,0.13693252205848694,0.04741915315389633
4245,-12.1527,-12.1668,-24.3195,-9.3203,-11.8281,0.0,0.0,0.9889736771583557,0.2461794912815094,0.9989136457443237,0.012696041725575924,0.5026041865348816,0.5604788661003113,0.1398864984512329,0.14311255514621735,0.05204446613788605
4250,-12.4539,-11.575,-24.0289,-9.9219,-10.9297,0.0,0.0,0.9978001713752747,0.25649958848953247,0.9996775984764099,0.012437811121344566,0.7087053656578064,0.5830612778663635,0.1450171023607254,0.12056902796030045,0.046875
4255,-12.2777,-11.6754,-23.9531,-9.7734,-11.0391,0.0,0.0,0.9961655139923096,0.2414756864309311,0.9993610382080078,0.01326699834316969,0.687872052192688,0.5879197716712952,0.1390702724456787,0.1216573417186737,0.046875
4260,-12.1617,-11.9637,-24.1254,-9.5703,-11.2812,0.0,0.0,0.9931890368461609,0.2133447825908661,0.9991163611412048,0.0052870092913508415,0.617559552192688,0.5763759613037109,0.13572761416435242,0.13195739686489105,0.051461443305015564
4265,-12.1281,-11.8621,-23.9902,-9.9297,-10.6797,0.0,0.0,0.9990780353546143,0.19124700129032135,1.0,0.005397070199251175,0.6309523582458496,0.5902130007743835,0.12966418266296387,0.12523320317268372,0.050412002950906754
4270,-12.609,-11.8461,-24.4551,-10.0078,-10.7578,0.0,0.0,0.9979602098464966,0.19341152906417847,0.9973738193511963,0.008639308623969555,0.7284226417541504,0.5525886416435242,0.15574471652507782,0.13320118188858032,0.05398787185549736
4275,-12.5121,-11.816,-24.3281,-9.9375,-10.8047,0.0,0.0,0.9973194003105164,0.20222340524196625,0.9996943473815918,0.008327550254762173,0.7172619104385376,0.5654928684234619,0.14684391021728516,0.12717661261558533,0.056009016931056976
4280,-12.2055,-11.7215,-23.927,-9.9688,-10.5781,0.0,0.0,0.9977062940597534,0.16367323696613312,0.9980607628822327,0.0024291498120874166,0.7544642686843872,0.59308922290802,0.13417288661003113,0.12025808542966843,0.048002175986766815
4285,-12.0418,-11.4641,-23.5059,-10.1406,-10.1406,0.0,0.0,0.9990672469139099,0.1618441939353943,0.9988834857940674,0.0044365571811795235,0.8270089030265808,0.6250388622283936,0.12224035710096359,0.10443874448537827,0.043804414570331573
4290,-12.307,-11.4586,-23.7656,-9.9922,-10.2734,0.0,0.0,0.9980131983757019,0.1820809245109558,1.0,0.0076530613005161285,0.840029776096344,0.60645991563797,0.13448382914066315,0.10886971652507782,0.04570895433425903
4295,-12.3727,-11.4012,-23.7738,-10.1406,-10.1641,0.0,0.0,0.99948650598526,0.19027180969715118,0.9989079236984253,0.008210180327296257,0.863467276096344,0.6055659055709839,0.13584421575069427,0.1067708358168602,0.04734141752123833
4300,-12.3984,-11.2465,-23.6449,-10.1719,-10.1484,0.0,0.0,0.9999369382858276,0.21521174907684326,1.0,0.01850220188498497,0.875372052192688,0.6164101362228394,0.13491137325763702,0.10008551180362701,0.04411536082625389
4305,-12.1453,-11.5816,-23.727,-10.1797,-10.1328,0.0,0.0,0.9992372989654541,0.16512346267700195,0.9989297389984131,0.009493670426309109,0.7924107313156128,0.6115127205848694,0.12593284249305725,0.10894744843244553,0.04912935197353363
4310,-12.4914,-11.8375,-24.3289,-10.2344,-10.3281,0.0,0.0,0.9993808269500732,0.1544758379459381,0.9996945858001709,0.011080332100391388,0.7686011791229248,0.5649486780166626,0.14719371497631073,0.12725435197353363,0.05612562224268913
4315,-12.4258,-11.7086,-24.1344,-10.1875,-10.2109,0.0,0.0,0.9985891580581665,0.1855388879776001,1.0,0.016491753980517387,0.7514880895614624,0.5785525441169739,0.14245180785655975,0.12266790866851807,0.051850125193595886
4320,-12.2078,-11.8973,-24.1051,-10.0156,-10.4141,0.0,0.0,0.9981265664100647,0.19682539999485016,0.9966493844985962,0.022288260981440544,0.6339285969734192,0.5809234976768494,0.1346781700849533,0.1276041716337204,0.05231654271483421
4325,-12.3848,-11.841,-24.2258,-10.0703,-10.4219,0.0,0.0,0.9972000122070312,0.21104589104652405,0.9975997805595398,0.028875380754470825,0.667782723903656,0.569146454334259,0.1456778645515442,0.129547581076622,0.051150497049093246
4330,-12.4016,-11.7441,-24.1457,-10.2031,-10.3203,0.0,0.0,0.9966967701911926,0.22551928460597992,0.9950217604637146,0.02879377454519272,0.6867559552192688,0.5765702724456787,0.14408425986766815,0.1249222606420517,0.049945585429668427
4335,-12.6102,-11.9773,-24.5875,-10.2031,-10.3672,0.0,0.0,0.9978827238082886,0.20718593895435333,0.9979363083839417,0.01620648242533207,0.6640625,0.5507229566574097,0.14820429682731628,0.1318407952785492,0.06475435197353363
4340,-12.3199,-12.3387,-24.6586,-10.0859,-10.4141,0.0,0.0,0.9944005608558655,0.1885775923728943,0.9986886978149414,0.023974763229489326,0.5055803656578064,0.5414334535598755,0.1442786008119583,0.14820429682731628,0.0616060309112072
4345,-12.2984,-12.5176,-24.816,-10.1172,-10.6094,0.0,0.0,0.9887706637382507,0.17348302900791168,0.9980040192604065,0.012004802003502846,0.4944196343421936,0.529578685760498,0.14540578424930573,0.15578357875347137,0.06475435197353363
4350,-12.6594,-12.0969,-24.7563,-10.0156,-10.4609,0.0,0.0,0.9897305369377136,0.23137642443180084,0.9972714781761169,0.015713388100266457,0.6223958134651184,0.533659815788269,0.15757152438163757,0.14245180785655975,0.06183924153447151
4355,-12.4859,-11.7078,-24.1938,-10.125,-10.3359,0.0,0.0,0.9943637251853943,0.2495369166135788,0.9962928891181946,0.03235747292637825,0.6841517686843872,0.5723724961280823,0.1468827724456787,0.1258162260055542,0.05045086890459061
4360,-12.475,-11.8305,-24.3055,-9.9609,-10.875,0.0,0.0,0.9934839606285095,0.268368124961853,0.9982507228851318,0.015325670130550861,0.6231398582458496,0.5607120394706726,0.15076959133148193,0.13331778347492218,0.05072294920682907
4365,-12.1766,-11.784,-23.9605,-9.9297,-10.5391,0.0,0.0,0.9944978356361389,0.25403112173080444,0.9987661838531494,0.009337861090898514,0.6238839030265808,0.5863261818885803,0.13739894330501556,0.12601056694984436,0.04578668996691704
4370,-12.7953,-11.6082,-24.4035,-10.1719,-10.6172,0.0,0.0,0.99482262134552,0.2831427752971649,0.9993823170661926,0.017882689833641052,0.726934552192688,0.5555425882339478,0.15978699922561646,0.12585510313510895,0.05433768779039383
4375,-12.752,-11.8602,-24.6121,-10.3516,-10.375,0.0,0.0,0.9982145428657532,0.23335771262645721,0.998234748840332,0.009102731011807919,0.6934523582458496,0.5442319512367249,0.15939831733703613,0.13211287558078766,0.05977923050522804
4380,-12.5484,-12.1816,-24.7301,-10.1875,-10.7969,0.0,0.0,0.9913113117218018,0.21740208566188812,0.9963216185569763,0.017287233844399452,0.5796130895614624,0.5323383212089539,0.15679416060447693,0.14793221652507782,0.05845770984888077
4385,-12.3734,-11.9949,-24.3684,-10.0781,-10.5234,0.0,0.0,0.9892427921295166,0.26083487272262573,0.9974803924560547,0.015815960243344307,0.5840773582458496,0.5564365386962891,0.14618314802646637,0.138837069272995,0.05406561121344566
4390,-12.2973,-12.275,-24.5723,-9.5,-11.5625,0.0,0.0,0.9922391772270203,0.24731464684009552,0.9994840025901794,0.010482179932296276,0.462797611951828,0.540889322757721,0.1483597606420517,0.15065298974514008,0.055620335042476654
4395,-12.3023,-12.5484,-24.8508,-9.875,-11.0234,0.0,0.0,0.989401638507843,0.22626152634620667,0.9972222447395325,0.008854455314576626,0.4360119104385376,0.5281016826629639,0.14326803386211395,0.15391790866851807,0.0702347606420517
4400,-12.0648,-12.543,-24.6078,-9.7109,-11.4219,0.0,0.0,0.9917749166488647,0.18302828073501587,0.9995083808898926,0.005312085151672363,0.4263392984867096,0.5387126803398132,0.14015857875347137,0.1581156700849533,0.05853544920682907
4405,-12.4645,-12.7879,-25.2523,-9.8594,-11.0781,0.0,0.0,0.9937465786933899,0.1437346488237381,0.9970319867134094,0.006121313199400902,0.4430803656578064,0.4972403645515442,0.1581934094429016,0.1702425330877304,0.06984607875347137
4410,-12.091,-12.7742,-24.8652,-10.0312,-10.6875,0.0,0.0,0.9888677597045898,0.15902495384216309,0.9975375533103943,0.005854177754372358,0.408110111951828,0.5307058691978455,0.1339396834373474,0.15784358978271484,0.07303327322006226
4415,-11.8383,-13.1508,-24.9891,-9.9062,-10.8672,0.0,0.0,0.9760804772377014,0.13270573318004608,0.9909563660621643,0.006302521098405123,0.316592276096344,0.521610677242279,0.12799285352230072,0.17191386222839355,0.07400497794151306
4420,-11.7648,-13.1723,-24.9371,-9.8828,-10.9375,0.0,0.0,0.9757517576217651,0.10950282961130142,0.9784384965896606,0.012182203121483326,0.329985111951828,0.5273631811141968,0.12352301180362701,0.17125311493873596,0.07338308542966843
4425,-11.9777,-12.8777,-24.8555,-10.0156,-10.7891,0.0,0.0,0.9944424033164978,0.13505491614341736,0.9912748336791992,0.01122994627803564,0.3586309552192688,0.5315220952033997,0.1309468299150467,0.16037002205848694,0.07268346101045609
4430,-11.9824,-13.2305,-25.2129,-9.8359,-11.1953,0.0,0.0,0.9894444942474365,0.12322139739990234,0.9950162768363953,0.007246376946568489,0.2388392835855484,0.5044698119163513,0.13658271729946136,0.17937655746936798,0.07509328424930573
4435,-11.5461,-13.066,-24.6121,-9.8359,-10.9375,0.0,0.0,0.981945812702179,0.15062761306762695,0.9894325733184814,0.011713933199644089,0.2514880895614624,0.5425217747688293,0.1207633689045906,0.1691931039094925,0.06304415315389633
4440,-11.6793,-13.4676,-25.1469,-9.5781,-11.6406,0.0,0.0,0.9762464761734009,0.12385755032300949,0.9918993711471558,0.009504752233624458,0.1666666716337204,0.5121657252311707,0.12332867085933685,0.18233053386211395,0.07769744843244553
4445,-11.5402,-13.5383,-25.0785,-9.3438,-11.9688,0.0,0.0,0.9730821847915649,0.12280701845884323,0.9905369281768799,0.008290155790746212,0.1480654776096344,0.5097170472145081,0.12185168266296387,0.18893812596797943,0.07501554489135742
4450,-11.5953,-13.5242,-25.1195,-9.3281,-11.8594,0.0,0.0,0.975215494632721,0.13027633726596832,0.9886202216148376,0.01254089456051588,0.135788694024086,0.5049751400947571,0.12799285352230072,0.19127021729946136,0.0712842047214508
4455,-11.8102,-13.4543,-25.2645,-9.5938,-11.8672,0.0,0.0,0.9822396636009216,0.142123281955719,0.9929121136665344,0.00961025059223175,0.137648805975914,0.49459731578826904,0.13619403541088104,0.19193096458911896,0.07280006259679794
4460,-11.884,-13.1109,-24.9949,-9.7812,-11.3281,0.0,0.0,0.9901295900344849,0.14533177018165588,0.9878560304641724,0.010365520603954792,0.253720223903656,0.5158582329750061,0.13238495588302612,0.1760338991880417,0.07124533504247665
4465,-11.6176,-13.468,-25.0855,-9.3984,-12.0,0.0,0.0,0.9862992763519287,0.11618132889270782,0.9877426028251648,0.012074642814695835,0.1380208283662796,0.5049751400947571,0.1294698417186737,0.1902596354484558,0.07081778347492218
4470,-11.3477,-13.5109,-24.8586,-9.2656,-12.0312,0.0,0.0,0.9790989756584167,0.10443685948848724,0.9790576100349426,0.009470752440392971,0.1231398805975914,0.5262748599052429,0.11388370394706726,0.18559545278549194,0.06976834684610367
4475,-11.4977,-13.6105,-25.1082,-9.4922,-11.5547,0.0,0.0,0.9863846302032471,0.08142493665218353,0.9814366698265076,0.00463917525485158,0.125,0.5052860975265503,0.12220149487257004,0.1926306039094925,0.07540422677993774
4480,-11.6109,-13.6137,-25.2246,-9.5859,-11.3906,0.0,0.0,0.9900913834571838,0.05922330170869827,0.9800747036933899,0.0023663039319217205,0.143601194024086,0.5060245394706726,0.12010261416435242,0.18726679682731628,0.08212842047214508
4485,-11.4965,-13.5414,-25.0379,-9.4922,-12.0234,0.0,0.0,0.9936407208442688,0.07306083291769028,0.9670917391777039,0.00644468329846859,0.126860111951828,0.5134094953536987,0.1207633689045906,0.18897698819637299,0.07237251102924347
4490,-11.9352,-13.2371,-25.1723,-9.7031,-11.4375,0.0,0.0,0.9983764886856079,0.11375357955694199,0.9916879534721375,0.01040041632950306,0.2113095223903656,0.5027596354484558,0.1356498748064041,0.1823693960905075,0.07474347203969955
4495,-11.8406,-12.9012,-24.7418,-9.8984,-10.6484,0.0,0.0,0.9990511536598206,0.15152420103549957,0.9946734309196472,0.007164178881794214,0.261904776096344,0.5325326323509216,0.1300528645515442,0.16783271729946136,0.0651041641831398
4500,-11.8195,-13.2715,-25.091,-9.7734,-11.3672,0.0,0.0,0.997713565826416,0.11385255306959152,0.9958945512771606,0.005708354990929365,0.1852678507566452,0.5099891424179077,0.13075248897075653,0.17988184094429016,0.07489894330501556
4505,-11.8188,-12.6695,-24.4883,-10.1094,-10.2969,0.0,0.0,0.9979745745658875,0.1488683521747589,0.9906019568443298,0.007888349704444408,0.3537946343421936,0.556514322757721,0.12192941457033157,0.15302394330501556,0.06405472755432129
4510,-12.1,-12.6777,-24.7777,-10.1328,-10.4375,0.0,0.0,0.9992762804031372,0.14549721777439117,0.9975000023841858,0.009928295388817787,0.3921130895614624,0.5370802283287048,0.13250155746936798,0.15547263622283936,0.07046797126531601
4515,-11.8727,-12.8477,-24.7203,-9.8672,-10.8047,0.0,0.0,0.9993484616279602,0.12613430619239807,0.9983372688293457,0.004675628151744604,0.3117559552192688,0.5368858575820923,0.1284981369972229,0.16363495588302612,0.06650342047214508
4520,-11.8148,-12.6223,-24.4371,-10.0547,-10.6406,0.0,0.0,0.9998598694801331,0.15499533712863922,0.9990000128746033,0.005138086155056953,0.347470223903656,0.5546486377716064,0.12488339841365814,0.15547263622283936,0.060517724603414536
4525,-11.952,-12.6422,-24.5941,-9.8359,-11.0781,0.0,0.0,0.9994998574256897,0.17235293984413147,0.9972670674324036,0.0043236566707491875,0.3560267984867096,0.5439987778663635,0.1321517378091812,0.15644434094429016,0.06292755156755447
4530,-11.9512,-12.7105,-24.6617,-10.3359,-10.2891,0.0,0.0,0.9992799758911133,0.13044758141040802,0.9990229606628418,0.003610108280554414,0.3794642984867096,0.5398010015487671,0.1319962739944458,0.15912623703479767,0.06459888070821762
4535,-12.0613,-12.6953,-24.7566,-10.1875,-10.2578,0.0,0.0,0.9995694160461426,0.14667066931724548,0.9966777563095093,0.005917159840464592,0.3872767984867096,0.5415889024734497,0.12958644330501556,0.1520911008119583,0.07225590944290161
4540,-12.0895,-12.5113,-24.6008,-10.2578,-10.3516,0.0,0.0,0.999430239200592,0.16291160881519318,0.9987212419509888,0.005531653296202421,0.4270833432674408,0.5457478165626526,0.13456156849861145,0.15197449922561646,0.06323849409818649
4545,-12.1207,-12.0363,-24.157,-10.25,-10.2734,0.0,0.0,0.9998648762702942,0.23470881581306458,0.9994160532951355,0.008589834906160831,0.5234375,0.5752876400947571,0.1328125,0.13312344253063202,0.05429881811141968
4550,-12.4652,-11.8723,-24.3375,-10.2734,-10.2969,0.0,0.0,0.9999305605888367,0.29428720474243164,0.9991230368614197,0.0071530756540596485,0.5483630895614624,0.5598958134651184,0.14832089841365814,0.1329679787158966,0.05433768779039383
4555,-13.0855,-11.5281,-24.6137,-10.8359,-10.1094,0.0,0.0,0.9999285340309143,0.39592498540878296,0.9993706941604614,0.009646302089095116,0.5948660969734192,0.5436878204345703,0.16787157952785492,0.12352301180362701,0.06043998897075653
4560,-13.3215,-12.0535,-25.375,-10.3984,-10.2578,0.0,0.0,0.9994396567344666,0.3450073003768921,0.998711347579956,0.008556149899959564,0.5048363208770752,0.4855799078941345,0.1864505559206009,0.1508084535598755,0.07268346101045609
4565,-13.0219,-11.7691,-24.791,-10.6797,-10.0469,0.0,0.0,0.9998535513877869,0.3465116322040558,0.9994162321090698,0.003017501439899206,0.5788690447807312,0.5308224558830261,0.16713307797908783,0.13316231966018677,0.06440453976392746
4570,-13.0059,-11.8059,-24.8117,-11.0234,-9.875,0.0,0.0,0.9999266862869263,0.3472900688648224,0.9997107982635498,0.008515815250575542,0.5502232313156128,0.5301228165626526,0.16709421575069427,0.13440608978271484,0.06389925628900528
4575,-12.9789,-11.2797,-24.2586,-11.0,-9.7812,0.0,0.0,0.9997940063476562,0.4198271632194519,0.9986292123794556,0.01293103490024805,0.6547619104385376,0.56607586145401,0.16192474961280823,0.11341729015111923,0.05410447716712952
4580,-12.8965,-11.7891,-24.6855,-10.6406,-10.1719,0.0,0.0,0.9999278783798218,0.3391784727573395,1.0,0.010259505361318588,0.578497052192688,0.5389459133148193,0.16180814802646637,0.1303638070821762,0.06440453976392746
4585,-13.209,-11.8602,-25.0691,-10.7734,-9.8828,0.0,0.0,1.0,0.3432601988315582,0.9994272589683533,0.004305704962462187,0.5803571343421936,0.5139925479888916,0.1735852062702179,0.13572761416435242,0.07221703976392746
4590,-14.0469,-10.4609,-24.5078,-12.7891,-9.1094,0.0,0.0,0.9997856616973877,0.5657415986061096,1.0,0.010212097316980362,0.7366071343421936,0.5440376400947571,0.20308613777160645,0.09891946613788605,0.0494791679084301
4595,-13.7141,-10.6566,-24.3707,-11.4531,-9.7422,0.0,0.0,1.0,0.5265946388244629,1.0,0.013856813311576843,0.7447916865348816,0.5555425882339478,0.19072605669498444,0.09876399487257004,0.05048973858356476
4600,-14.3262,-10.1766,-24.5027,-13.4453,-9.5312,0.0,0.0,0.9997149705886841,0.5924223065376282,0.9987179636955261,0.013821138069033623,0.792782723903656,0.5454368591308594,0.21132618188858032,0.09095149487257004,0.047807835042476654
4605,-14.1969,-10.2184,-24.4152,-13.1953,-9.2578,0.0,0.0,1.0,0.5608662962913513,0.9995667338371277,0.006902502384036779,0.8325892686843872,0.5525886416435242,0.2081778645515442,0.08970770984888077,0.045048195868730545
4610,-13.527,-10.4953,-24.0223,-12.0781,-9.2422,0.0039,0.0,1.0,0.5289524793624878,1.0,0.0051282052882015705,0.8069196343421936,0.5822839140892029,0.17922107875347137,0.0885416641831398,0.04547574743628502
4615,-14.1691,-11.0203,-25.1895,-12.0,-9.6562,0.0053,0.0,0.9998468160629272,0.48678159713745117,1.0,0.010052910074591637,0.7220982313156128,0.5074238181114197,0.20289179682731628,0.11174596101045609,0.07346081733703613
4620,-13.1285,-10.766,-23.8945,-10.9609,-9.8359,0.0039,0.0,0.9999344348907471,0.48424822092056274,0.9995864629745483,0.0042553190141916275,0.7604166865348816,0.5930114984512329,0.16285759210586548,0.09398321062326431,0.04567008838057518
4625,-13.4852,-10.9,-24.3852,-12.9609,-9.4688,0.0,0.0,0.9997910261154175,0.5244060754776001,0.9988970756530762,0.004501125309616327,0.6372767686843872,0.5580301880836487,0.17995958030223846,0.10572139173746109,0.051811255514621735
4630,-13.2492,-10.6828,-23.932,-12.1719,-9.2422,0.0,0.0,1.0,0.5275774002075195,0.9954563975334167,0.003439381020143628,0.7254464030265808,0.5892024040222168,0.16701647639274597,0.09409981220960617,0.04520367085933685
4635,-13.1898,-10.8707,-24.0605,-11.8516,-9.3672,0.0,0.0,0.9997328519821167,0.5105375051498413,0.9972386360168457,0.005343511234968901,0.6923363208770752,0.5819340944290161,0.1641402393579483,0.09853078424930573,0.05091729015111923
4640,-12.6945,-11.341,-24.0355,-10.7812,-9.8438,0.0,0.0,0.999801516532898,0.4080657958984375,1.0,0.0007326007471419871,0.6316964030265808,0.5874922275543213,0.1464940905570984,0.1084810346364975,0.053055036813020706
4645,-13.4926,-11.3199,-24.8125,-12.25,-9.2969,0.0,0.0,1.0,0.4651905596256256,0.9983886480331421,0.0031347961630672216,0.5811011791229248,0.5303560495376587,0.18256373703479767,0.1206078976392746,0.06199471279978752
4650,-14.4578,-10.3398,-24.7977,-14.2266,-8.4141,0.0,0.0,0.9997015595436096,0.6201400756835938,0.9977169036865234,0.007698229514062405,0.6592261791229248,0.5209499597549438,0.22193719446659088,0.10214552283287048,0.05048973858356476
4655,-15.566,-9.8039,-25.3699,-15.1797,-8.1484,0.0163,0.0,0.999596357345581,0.6924570798873901,0.9975031018257141,0.0038610037881881,0.703497052192688,0.48149874806404114,0.26022231578826904,0.09340018779039383,0.06040111929178238
4660,-14.875,-10.3879,-25.2629,-14.2031,-8.5312,0.0482,0.0,0.9991308450698853,0.6398809552192688,0.997405469417572,0.0024420025292783976,0.6309523582458496,0.49191543459892273,0.23507462441921234,0.10486629605293274,0.06366604566574097
4665,-13.9703,-10.4945,-24.4648,-14.1953,-9.2969,0.0501,0.0,0.9989362359046936,0.5892996191978455,0.9980930685997009,0.004248088225722313,0.6543898582458496,0.5480799078941345,0.1997823417186737,0.10191231220960617,0.045747824013233185
4670,-14.2844,-10.4254,-24.7098,-13.6719,-9.0781,0.0495,0.0,0.9997037649154663,0.6058158278465271,0.9985195994377136,0.011075949296355247,0.6547619104385376,0.5248367786407471,0.21653451025485992,0.10502176731824875,0.04912935197353363
4675,-14.5992,-10.5855,-25.1848,-14.1328,-9.375,0.0551,0.0,0.9998443722724915,0.6068761944770813,0.9968376755714417,0.006321112625300884,0.5993303656578064,0.4995724558830261,0.22384172677993774,0.11061877757310867,0.06148942932486534
4680,-14.6379,-10.6324,-25.2703,-13.4062,-8.9531,0.0762,0.0,0.9996045231819153,0.5947197079658508,1.0,0.009478673338890076,0.6294642686843872,0.49141013622283936,0.2267179787158966,0.11178482323884964,0.06560945510864258
4685,-14.2723,-10.752,-25.0242,-13.4375,-9.3359,0.0825,0.0,0.9994682669639587,0.5900552272796631,0.9989323616027832,0.007334963418543339,0.6023065447807312,0.5116604566574097,0.21105410158634186,0.10921952873468399,0.06358830630779266
4690,-14.7418,-10.6426,-25.3844,-13.75,-8.8047,0.097,0.0,0.9992799162864685,0.6159322261810303,0.9992987513542175,0.006707658059895039,0.5948660969734192,0.48581311106681824,0.2293221354484558,0.11085198819637299,0.06953513622283936
4695,-13.4004,-11.175,-24.5754,-12.3516,-9.7969,0.093,0.0,0.9997842907905579,0.511622965335846,0.9987000226974487,0.004385964944958687,0.5357142686843872,0.5405006408691406,0.18225279450416565,0.11959732323884964,0.05317164212465286
4700,-13.8164,-10.5867,-24.4031,-12.7891,-9.4141,0.0785,0.0,0.9997881054878235,0.6166899800300598,0.9965818524360657,0.004035512451082468,0.59375,0.5503342747688293,0.19469061493873596,0.10233986377716064,0.04815765097737312
4705,-14.4477,-10.6156,-25.0633,-13.3984,-9.625,0.0941,0.0,0.9996150135993958,0.6442988514900208,0.998939573764801,0.0012698412174358964,0.5327380895614624,0.5048196315765381,0.21952736377716064,0.10995802283287048,0.06121734902262688
4710,-13.9094,-11.0547,-24.9641,-12.8203,-9.4453,0.0955,0.0,0.9997734427452087,0.5751518607139587,0.99967360496521,0.007352941203862429,0.5,0.5146533250808716,0.19834421575069427,0.11909203976392746,0.06343283504247665
4715,-15.4969,-10.2375,-25.7344,-13.9766,-8.9141,0.1217,0.0,0.999483585357666,0.696965217590332,0.995503306388855,0.00918484479188919,0.5186011791229248,0.45160913467407227,0.263837069272995,0.11236784607172012,0.0677083358168602
4720,-14.6246,-10.5289,-25.1535,-13.8359,-9.3594,0.1368,0.0,0.9991260766983032,0.6743453741073608,0.9970030188560486,0.007768361363559961,0.457217276096344,0.48923352360725403,0.2345304787158966,0.11672107875347137,0.05503731220960617
4725,-13.1953,-11.7891,-24.9844,-12.0078,-9.6875,0.1361,0.0,0.9987114667892456,0.4469614326953888,0.9969478249549866,0.006053268909454346,0.4155505895614624,0.5127876400947571,0.17844371497631073,0.14008083939552307,0.0642101988196373
4730,-13.5461,-11.4742,-25.0203,-12.0859,-9.8594,0.1173,0.0,0.9993894100189209,0.5247687697410583,0.9976952075958252,0.0031210987363010645,0.3984375,0.5092506408691406,0.18909358978271484,0.13491137325763702,0.06226678937673569
4735,-13.4816,-11.4613,-24.943,-12.0391,-9.5312,0.1022,0.0,0.99940025806427,0.5116279125213623,0.9972997307777405,0.0024420025292783976,0.4404761791229248,0.5184623599052429,0.1838463991880417,0.129547581076622,0.06366604566574097
4740,-13.1738,-11.8438,-25.0176,-11.6094,-9.6875,0.0755,0.0,0.997580885887146,0.44173017144203186,0.9946629405021667,0.004469273611903191,0.4304315447807312,0.5141479969024658,0.1734297275543213,0.13837064802646637,0.06957400590181351
4745,-13.2605,-11.2695,-24.5301,-13.3203,-9.5469,0.0559,0.0,0.9992213249206543,0.5385144352912903,0.9878688454627991,0.0093271154910326,0.4787946343421936,0.5490905046463013,0.16954290866851807,0.11854788661003113,0.05834110826253891
4750,-13.0285,-11.4746,-24.5031,-11.9766,-9.5625,0.0419,0.0,0.9983779788017273,0.48735687136650085,0.993064284324646,0.004679144360125065,0.472470223903656,0.5511505007743835,0.1629353165626526,0.1232898011803627,0.05814676731824875
4755,-13.0211,-11.6664,-24.6875,-11.8047,-9.5078,0.0155,0.0,0.9982526302337646,0.46657508611679077,0.9900000095367432,0.003253090428188443,0.441220223903656,0.5338541865348816,0.16977612674236298,0.1321517378091812,0.05974036082625389
4760,-12.8141,-11.3645,-24.1785,-13.0625,-9.1484,0.0,0.0,0.9972240924835205,0.502034604549408,0.9767598509788513,0.005113221239298582,0.5163690447807312,0.5740827322006226,0.1528296023607254,0.1153995618224144,0.053210511803627014
4765,-11.9508,-12.266,-24.2168,-10.8203,-9.7188,0.0,0.0,0.9957558512687683,0.3097773492336273,0.9677233695983887,0.0012292562751099467,0.4073660671710968,0.576958954334259,0.12045242637395859,0.13487251102924347,0.06323849409818649
4770,-12.1164,-12.3859,-24.5023,-10.8672,-9.8125,0.0,0.0,0.9936510324478149,0.29472407698631287,0.9736054539680481,0.002883506240323186,0.3917410671710968,0.557097315788269,0.12818719446659088,0.14284048974514008,0.06739738583564758
4775,-12.0898,-13.0168,-25.1066,-11.1484,-9.7188,0.0,0.0,0.9872235655784607,0.2420324683189392,0.8999761343002319,0.005137786269187927,0.370907723903656,0.5202114582061768,0.12927550077438354,0.16281871497631073,0.08321672677993774
4780,-11.9129,-12.698,-24.6109,-10.9141,-9.7422,0.0,0.0,0.99370276927948,0.2523731589317322,0.9131467938423157,0.0036745406687259674,0.3913690447807312,0.5555037260055542,0.11874222755432129,0.14723259210586548,0.07404384016990662
4785,-12.5188,-11.7969,-24.3156,-12.9922,-9.0781,0.0,0.0,0.9960993528366089,0.4684239327907562,0.9204087853431702,0.005141388159245253,0.472470223903656,0.5679804086685181,0.14155784249305725,0.12550528347492218,0.060478854924440384
4790,-12.2941,-12.0563,-24.3504,-12.0547,-9.2656,0.0,0.0,0.9937858581542969,0.4274786710739136,0.8931777477264404,0.0072507550939917564,0.4680059552192688,0.5691853165626526,0.13211287558078766,0.12989738583564758,0.06432680040597916
4795,-12.4094,-11.9594,-24.3688,-13.1328,-8.8438,0.0,0.0,0.9946870803833008,0.4494539201259613,0.9080936908721924,0.0037429819349199533,0.4605654776096344,0.5633162260055542,0.13879819214344025,0.1311022937297821,0.06230565905570984
4800,-12.3797,-12.634,-25.0137,-11.2734,-9.5625,0.0,0.0,0.9965006113052368,0.28272828459739685,0.9567621946334839,0.002506265649572015,0.3642113208770752,0.5220382213592529,0.14132462441921234,0.1546175330877304,0.07754197716712952
4805,-11.8789,-12.5961,-24.475,-10.5078,-10.0859,0.0,0.0,0.9949188828468323,0.2661341726779938,0.9517532587051392,0.0022857142612338066,0.3545386791229248,0.558418869972229,0.1216573417186737,0.14742693305015564,0.06801927834749222
4810,-12.0805,-12.7156,-24.7961,-11.0625,-9.9141,0.0,0.0,0.9932247400283813,0.29019609093666077,0.9041549563407898,0.002074688905850053,0.3813244104385376,0.5392568111419678,0.12884794175624847,0.15247978270053864,0.07493781298398972
4815,-12.2176,-12.3453,-24.5629,-10.7812,-9.6797,0.0,0.0,0.9952853322029114,0.2962532639503479,0.954719066619873,0.004651162773370743,0.4319196343421936,0.5523554086685181,0.13382306694984436,0.1424906700849533,0.06685323268175125
4820,-12.3938,-12.1172,-24.5109,-11.6875,-9.3203,0.0,0.0,0.9970213174819946,0.36406204104423523,0.946391761302948,0.00390625,0.4520089328289032,0.5611007213592529,0.1328125,0.13195739686489105,0.06965173780918121
4825,-11.8422,-12.7,-24.5422,-10.6641,-9.9375,0.0,0.0,0.9926660656929016,0.24554583430290222,0.9419270753860474,0.0027839643880724907,0.355654776096344,0.5564754605293274,0.11998600512742996,0.1492537260055542,0.06980721652507782
4830,-11.891,-12.7207,-24.6117,-10.5703,-9.9844,0.0,0.0,0.9941614866256714,0.18540051579475403,0.9718345999717712,0.0021528524812310934,0.3716517984867096,0.5525497794151306,0.12033581733703613,0.15041977167129517,0.07221703976392746
4835,-11.9711,-12.8148,-24.7859,-11.1484,-9.5781,0.0,0.0,0.9947515726089478,0.2198823094367981,0.9370752573013306,0.002073613228276372,0.3604910671710968,0.5406172275543213,0.12550528347492218,0.15442319214344025,0.07497668266296387
4840,-11.825,-12.8129,-24.6379,-10.9297,-9.7578,0.0,0.0,0.9925726652145386,0.20556814968585968,0.9417108297348022,0.0037817396223545074,0.3586309552192688,0.5494791865348816,0.12006374448537827,0.15403451025485992,0.071944959461689
4845,-11.8172,-12.6234,-24.4406,-11.3125,-9.4609,0.0,0.0,0.9927277565002441,0.2399463802576065,0.9224743247032166,0.003374578198418021,0.4066220223903656,0.5665422677993774,0.11598258465528488,0.143889918923378,0.06910758465528488
4850,-11.9523,-12.4961,-24.4484,-10.9375,-9.6484,0.0,0.0,0.9961229562759399,0.24359379708766937,0.9532179832458496,0.0034542314242571592,0.4140625,0.5614116787910461,0.12286224961280823,0.14373445510864258,0.06751399487257004
4855,-11.9633,-12.6336,-24.5969,-11.7422,-9.5859,0.0,0.0,0.99367755651474,0.24616368114948273,0.9352649450302124,0.0016251354245468974,0.3932291567325592,0.5532882213592529,0.1215796023607254,0.14890392124652863,0.07175061851739883
4860,-12.2602,-12.4488,-24.709,-11.4453,-9.5703,0.0,0.0,0.9950220584869385,0.31617864966392517,0.9255115985870361,0.0025879917666316032,0.4322916567325592,0.5465640425682068,0.13141325116157532,0.14245180785655975,0.07509328424930573
4865,-12.0516,-12.593,-24.6445,-11.1641,-9.6406,0.0,0.0,0.9952606558799744,0.22074714303016663,0.9690207242965698,0.0010781671153381467,0.3995535671710968,0.5494791865348816,0.1258939653635025,0.14804881811141968,0.0721004381775856
4870,-12.0316,-12.716,-24.7477,-11.2109,-9.5234,0.0,0.0,0.9897828102111816,0.2388664036989212,0.9437596201896667,0.002062919083982706,0.394345223903656,0.5439987778663635,0.12480565905570984,0.15135261416435242,0.07536535710096359
4875,-11.55,-13.2117,-24.7617,-10.5,-9.8203,0.0,0.0,0.9834063649177551,0.18374435603618622,0.8992990851402283,0.0025510203558951616,0.316592276096344,0.5410836338996887,0.1119014322757721,0.16635571420192719,0.07618159055709839
4880,-11.4457,-13.1883,-24.634,-10.4219,-10.2109,0.0,0.0,0.9866619110107422,0.17123530805110931,0.9168413877487183,0.002170374384149909,0.269717276096344,0.5478466749191284,0.10918065905570984,0.16686101257801056,0.07163401693105698
4885,-12.0258,-12.7945,-24.8203,-10.7578,-9.75,0.0,0.0,0.9947201013565063,0.22572815418243408,0.9566517472267151,0.004726890940219164,0.3288690447807312,0.537391185760498,0.12810945510864258,0.15601679682731628,0.07400497794151306
4890,-11.568,-13.1066,-24.6746,-10.5859,-9.9297,0.0,0.0,0.9933920502662659,0.2166900485754013,0.8907663226127625,0.0010460250778123736,0.2767857015132904,0.5470304489135742,0.11085198819637299,0.1633239984512329,0.07431592047214508
4895,-11.2301,-13.5902,-24.8203,-10.2812,-10.0938,0.0,0.0,0.9878551363945007,0.21668598055839539,0.7667975425720215,0.005899704992771149,0.296875,0.5376632213592529,0.10062966495752335,0.17817163467407227,0.07905783504247665
4900,-11.366,-13.3617,-24.7277,-10.5391,-10.0,0.0,0.0,0.9891645312309265,0.2240295708179474,0.7931662797927856,0.006781429518014193,0.3154761791229248,0.5452425479888916,0.1051383689045906,0.17063121497631073,0.07451026141643524
4905,-11.3711,-13.9762,-25.3473,-11.0391,-9.75,0.0,0.0,0.9836403727531433,0.22419533133506775,0.7305463552474976,0.005363036412745714,0.28125,0.5084344148635864,0.1050606369972229,0.18781094253063202,0.09421642124652863
4910,-11.7371,-14.3387,-26.0758,-11.4531,-9.5781,0.0,0.006,0.9880622029304504,0.2359178215265274,0.689470648765564,0.0013821700122207403,0.2842261791229248,0.4623367488384247,0.11730410158634186,0.20339708030223846,0.11248445510864258
4915,-10.8785,-14.8605,-25.7391,-10.2266,-10.3203,0.0,0.0162,0.9708894491195679,0.11380042135715485,0.6963649392127991,0.003368263365700841,0.1703869104385376,0.4820040464401245,0.09153451770544052,0.21812811493873596,0.10385572165250778
4920,-11.4438,-13.8543,-25.298,-10.7891,-9.8281,0.0,0.0172,0.9861037135124207,0.16363635659217834,0.7931823134422302,0.0017189513891935349,0.269345223903656,0.5090562701225281,0.10902518779039383,0.18699471652507782,0.09044620394706726
4925,-11.1969,-13.9332,-25.1301,-10.3203,-10.1797,0.0,0.0062,0.985400915145874,0.15307305753231049,0.7678089141845703,0.0008768084226176143,0.2741815447807312,0.5191619992256165,0.10055192559957504,0.18715018033981323,0.08865827322006226
4930,-11.1887,-13.816,-25.0047,-10.4375,-10.0391,0.0,0.0012,0.9835584163665771,0.1458415389060974,0.7925010919570923,0.0,0.2645089328289032,0.5295398235321045,0.09860852360725403,0.1824471354484558,0.08492692559957504
4935,-10.775,-15.1883,-25.9633,-9.9297,-10.9141,0.0,0.0349,0.9760825634002686,0.10474226623773575,0.6510111689567566,0.0014727540547028184,0.159226194024086,0.4631529748439789,0.09425528347492218,0.23254819214344025,0.10556592047214508
4940,-10.573,-15.3145,-25.8875,-9.9531,-10.75,0.0,0.0668,0.9795374870300293,0.08835341036319733,0.6199080348014832,0.0037188546266406775,0.1529017835855484,0.4672729969024658,0.08710354566574097,0.23662935197353363,0.10451647639274597
4945,-10.6609,-14.9184,-25.5793,-9.9531,-11.0547,0.0,0.0909,0.9855822920799255,0.09106984734535217,0.6617002487182617,0.0039698295295238495,0.1510416716337204,0.48795086145401,0.08791977912187576,0.22174285352230072,0.09790889173746109
4950,-10.6258,-15.4398,-26.0656,-10.1953,-10.5938,0.0,0.1359,0.9799364805221558,0.057333968579769135,0.6201785206794739,0.001312335953116417,0.1421130895614624,0.4649409055709839,0.08135105669498444,0.23076026141643524,0.11847014725208282
4955,-11.0594,-15.1727,-26.232,-10.1719,-10.5469,0.0,0.1612,0.9851455092430115,0.07587016373872757,0.6682456731796265,0.0023387905675917864,0.1629464328289032,0.450054407119751,0.09938587993383408,0.22974969446659088,0.11633239686489105
4960,-10.9598,-15.0508,-26.0105,-10.4531,-10.4062,0.0,0.1933,0.9924336671829224,0.11202635616064072,0.6212121248245239,0.002750085899606347,0.2034970223903656,0.467467337846756,0.09437189251184464,0.2206156700849533,0.11306747794151306
4965,-10.6516,-16.3668,-27.0184,-10.0234,-11.1016,0.0,0.2411,0.9880375862121582,0.053033921867609024,0.516646683216095,0.00026695142150856555,0.1272321492433548,0.40939831733703613,0.08135105669498444,0.25917288661003113,0.1456001251935959
4970,-10.825,-15.5195,-26.3445,-10.4922,-10.3047,0.0,0.2851,0.9933425784111023,0.1478300243616104,0.5364271402359009,0.004307692404836416,0.2042410671710968,0.44954913854599,0.08597636967897415,0.23367537558078766,0.12632152438163757
4975,-10.8168,-16.0316,-26.8484,-10.25,-11.0703,0.0,0.3365,0.99178546667099,0.1254139095544815,0.5404345393180847,0.0035242291633039713,0.125,0.41165268421173096,0.09390547126531601,0.25761815905570984,0.13234607875347137
4980,-10.8035,-15.348,-26.1516,-10.3438,-10.2031,0.0,0.4051,0.9946845173835754,0.16236162185668945,0.5510936975479126,0.004624688532203436,0.1964285671710968,0.4533582031726837,0.09479943662881851,0.23810634016990662,0.10925839841365814
4985,-10.6973,-15.8535,-26.5508,-9.875,-10.7656,0.0,0.4172,0.9915475249290466,0.08886933326721191,0.5477386713027954,0.0015253203455358744,0.1566220223903656,0.43225279450416565,0.08834732323884964,0.24751244485378265,0.12740983068943024
4990,-11.1746,-16.1363,-27.3109,-10.5156,-10.6094,0.0,0.4864,0.9928613305091858,0.12837837636470795,0.524675726890564,0.0026673132088035345,0.1741071492433548,0.3974657952785492,0.0920398011803627,0.24572449922561646,0.16029228270053864
4995,-11.3383,-15.7422,-27.0805,-11.1797,-9.7969,0.0,0.5467,0.9920303821563721,0.1794670820236206,0.5303949117660522,0.0010403121123090386,0.2347470223903656,0.4096704125404358,0.09919153898954391,0.2372123748064041,0.14944806694984436
5000,-10.6492,-15.7551,-26.4043,-10.3906,-10.3203,0.0,0.5986,0.9921107888221741,0.15782122313976288,0.49364644289016724,0.005815733224153519,0.2258184552192688,0.44340795278549194,0.08348880708217621,0.24164333939552307,0.12698227167129517
