it,s,o,w,s20,o20,lam_s,lam_c,pCC,pCD,pDC,pDD,pSTART,vCC,vCD,vDC,vDD
0,-21.0422,-11.9039,-32.9461,-24.1719,-10.7891,0.5,0.5,0.5194132924079895,0.4882568418979645,0.5219123363494873,0.5146498084068298,0.5267857313156128,0.09009639173746109,0.3607742488384247,0.08780317008495331,0.3568485677242279
5,-20.7898,-12.5059,-33.2957,-24.1719,-11.0703,1.0201,0.366,0.4873831868171692,0.4799954295158386,0.49163880944252014,0.4614754021167755,0.4918154776096344,0.08317785710096359,0.3400186598300934,0.09297263622283936,0.37935322523117065
10,-20.2141,-13.259,-33.473,-23.5,-12.1562,1.1811,0.3392,0.4456721842288971,0.467966228723526,0.4394166171550751,0.4137080907821655,0.4996279776096344,0.08442164212465286,0.31304416060447693,0.10393346101045609,0.3941231369972229
15,-19.3695,-14.2508,-33.6203,-23.0,-12.9688,1.3356,0.3195,0.4158686697483063,0.4097388982772827,0.38691413402557373,0.397713303565979,0.4553571343421936,0.08523787558078766,0.2753809094429016,0.12356188148260117,0.41134172677993774
20,-18.5266,-16.6117,-35.1383,-22.4688,-14.1719,1.4637,0.3711,0.3078034818172455,0.2900485396385193,0.2837330102920532,0.2660931348800659,0.2976190447807312,0.0537935309112072,0.19216418266296387,0.1345227062702179,0.5150420069694519
25,-18.3918,-16.4535,-34.8453,-22.7188,-13.5781,1.5727,0.4267,0.27218934893608093,0.2872907221317291,0.28043776750564575,0.2877538204193115,0.363095223903656,0.059118468314409256,0.20429104566574097,0.14206312596797943,0.4900497496128082
30,-17.6977,-17.3754,-35.073,-21.9688,-15.3594,1.6741,0.5022,0.24338982999324799,0.23949190974235535,0.2650062143802643,0.2483358532190323,0.308407723903656,0.05733053386211395,0.1682991236448288,0.15605565905570984,0.5138370394706726
35,-18.2285,-16.8223,-35.0508,-21.6562,-15.6094,1.776,0.5729,0.284773051738739,0.26375672221183777,0.2604663372039795,0.2733812928199768,0.3139880895614624,0.05309390649199486,0.18788868188858032,0.14668843150138855,0.5078513622283936
40,-19.034,-15.7047,-34.7387,-23.0781,-13.0234,1.8841,0.637,0.3250168561935425,0.33050990104675293,0.33018869161605835,0.3147639036178589,0.324404776096344,0.05764148011803627,0.22943873703479767,0.12772077322006226,0.4807213842868805
45,-17.8922,-17.2266,-35.1188,-22.5,-14.0625,2.0,0.6874,0.21048574149608612,0.2566644549369812,0.26032137870788574,0.24933505058288574,0.3303571343421936,0.050412002950906754,0.176422581076622,0.1572217047214508,0.5114660859107971
50,-17.4344,-18.8336,-36.268,-20.8125,-17.5312,2.0,0.803,0.1473812460899353,0.17627233266830444,0.15663252770900726,0.161387637257576,0.2142857164144516,0.03191075846552849,0.11532182991504669,0.1555892378091812,0.5927005410194397
55,-17.1309,-19.2391,-36.3699,-20.5156,-17.9609,2.0,0.9238,0.1710691750049591,0.15135134756565094,0.156167671084404,0.1363695114850998,0.2172619104385376,0.03090018592774868,0.1006685346364975,0.162274569272995,0.6016790866851807
60,-17.8082,-18.298,-36.1063,-21.1719,-17.0703,2.0,1.0473,0.16852539777755737,0.1670588254928589,0.18158435821533203,0.19411174952983856,0.2202380895614624,0.031366605311632156,0.1321517378091812,0.1511193960905075,0.5808846354484558
65,-17.2891,-19.0305,-36.3195,-21.0781,-17.0234,2.0,1.1609,0.14021164178848267,0.14722616970539093,0.16570188105106354,0.15666188299655914,0.181547611951828,0.029384328052401543,0.1092972606420517,0.16114738583564758,0.5956934094429016
70,-17.6301,-17.8105,-35.4406,-21.1875,-16.5,2.0,1.2574,0.2308984100818634,0.215773805975914,0.22515413165092468,0.23114372789859772,0.2410714328289032,0.04629197716712952,0.15671642124652863,0.15761038661003113,0.5349035859107971
75,-17.2051,-18.473,-35.6781,-21.6094,-15.9141,2.0,1.3458,0.16294227540493011,0.16583651304244995,0.21456287801265717,0.20138300955295563,0.2172619104385376,0.041744403541088104,0.1326570212841034,0.17028141021728516,0.5508395433425903
80,-16.2742,-20.6617,-36.9359,-20.5781,-17.8359,2.0,1.5101,0.09576837718486786,0.06970324367284775,0.08411801606416702,0.07853083312511444,0.1290922611951828,0.017451804131269455,0.056319963186979294,0.18575093150138855,0.6359996795654297
85,-14.8992,-21.3375,-36.2367,-19.4375,-19.1562,2.0,1.6825,0.10536044090986252,0.08686131238937378,0.07805267721414566,0.08160656690597534,0.1190476194024086,0.02102767489850521,0.05324937775731087,0.24350902438163757,0.5777363181114197
90,-16.3992,-20.3836,-36.7828,-20.0938,-18.6406,2.0,1.8368,0.08189655095338821,0.10751444846391678,0.09536842256784439,0.09424702078104019,0.130952388048172,0.01803482510149479,0.06724191457033157,0.18462376296520233,0.6256219148635864
95,-16.1184,-20.4262,-36.5445,-20.0312,-18.6719,2.0,1.9885,0.11774744093418121,0.1188732385635376,0.10341405123472214,0.10018540918827057,0.1283482164144516,0.022776741534471512,0.06899098306894302,0.19581778347492218,0.6079368591308594
100,-16.5203,-20.3055,-36.8258,-20.1875,-18.5938,2.0,2.0,0.11713665723800659,0.09315698593854904,0.09887250512838364,0.09613014757633209,0.127976194024086,0.017918221652507782,0.06759172677993774,0.17925995588302612,0.6307525038719177
105,-16.6395,-20.3801,-37.0195,-20.8906,-17.5859,2.0,2.0,0.036363635212183,0.07955936342477798,0.07617977261543274,0.08979542553424835,0.1398809552192688,0.014964241534471512,0.06351057440042496,0.17296330630779266,0.6440842747688293
110,-16.6027,-19.6484,-36.2512,-20.2969,-18.2578,2.0,2.0,0.1426592767238617,0.13167858123779297,0.14243260025978088,0.13736046850681305,0.1666666716337204,0.028062811121344566,0.09238961338996887,0.1831078976392746,0.5919620394706726
115,-16.9816,-19.6863,-36.668,-21.1719,-16.7891,2.0,2.0,0.09479553997516632,0.09684787690639496,0.11315971612930298,0.12751972675323486,0.1666666716337204,0.020911069586873055,0.08508239686489105,0.16864894330501556,0.6208799481391907
120,-17.0797,-18.4086,-35.4883,-21.1562,-16.3281,2.0,2.0,0.18729372322559357,0.19114285707473755,0.21236379444599152,0.20511893928050995,0.2410714328289032,0.04710821062326431,0.13603855669498444,0.17479011416435242,0.5375854969024658
125,-16.8816,-19.918,-36.7996,-20.5469,-18.2266,2.0,2.0,0.08974359184503555,0.1024189367890358,0.1241283118724823,0.10702197253704071,0.1517857164144516,0.021222015842795372,0.0755208358168602,0.16721081733703613,0.6315687298774719
130,-15.4422,-21.4867,-36.9289,-19.6406,-19.4297,2.0,2.0,0.04823151230812073,0.0792616754770279,0.05558573082089424,0.04943199083209038,0.1041666641831398,0.012087997049093246,0.03579757362604141,0.21466884016990662,0.6329679489135742
135,-16.2238,-20.8492,-37.073,-20.25,-18.6562,2.0,2.0,0.11918604373931885,0.08505367487668991,0.07074490189552307,0.0691288411617279,0.0982142835855484,0.013370647095143795,0.04706934094429016,0.18680037558078766,0.6482820510864258
140,-16.0547,-21.3094,-37.3641,-19.9375,-19.2812,2.0,2.0,0.04545454680919647,0.05612244829535484,0.044462911784648895,0.04412703961133957,0.0863095223903656,0.008550995029509068,0.030472636222839355,0.18707245588302612,0.6694263219833374
145,-16.1699,-21.5172,-37.6871,-20.0,-19.3438,2.0,2.0,0.04385964944958687,0.02208835259079933,0.023488473147153854,0.028827818110585213,0.0628720223903656,0.004430970177054405,0.019356343895196915,0.1787157952785492,0.6930192708969116
150,-15.4359,-21.8285,-37.2645,-19.9375,-19.0234,2.0,2.0,0.02222222276031971,0.061666667461395264,0.012217359617352486,0.03551523759961128,0.073288694024086,0.00349813443608582,0.023320894688367844,0.21315298974514008,0.6555503606796265
155,-16.134,-21.1344,-37.2684,-21.0781,-17.0938,2.0,2.0,0.050847455859184265,0.1291448473930359,0.015004055574536324,0.05954642593860626,0.096726194024086,0.004586442839354277,0.044542908668518066,0.19169776141643524,0.6546952724456787
160,-15.082,-22.1344,-37.2164,-19.5625,-19.2344,2.0,2.0,0.020408162847161293,0.08142493665218353,0.012560220435261726,0.024496624246239662,0.0613839291036129,0.0038090795278549194,0.015275186859071255,0.2259017378091812,0.6505363583564758
165,-15.9543,-21.4152,-37.3695,-20.6484,-17.7656,2.0,2.0,0.04395604506134987,0.1111111119389534,0.015130399726331234,0.04619437828660011,0.075148805975914,0.0035370024852454662,0.032882463186979294,0.1952347606420517,0.6638681888580322
170,-16.2477,-21.6195,-37.8672,-20.0859,-19.2422,2.0,2.0,0.07407407462596893,0.06906907260417938,0.009203142486512661,0.017969006672501564,0.0636160746216774,0.002098880708217621,0.01294309739023447,0.17315764725208282,0.7073227763175964
175,-15.8195,-21.8453,-37.6648,-19.8281,-19.6875,2.0,2.0,0.0181818176060915,0.02958579920232296,0.016540739685297012,0.017577465623617172,0.0528273805975914,0.002137748757377267,0.013137437403202057,0.1903373748064041,0.689909815788269
180,-15.55,-21.7984,-37.3484,-20.1797,-18.3516,2.0,2.0,0.0,0.04615384712815285,0.012962615117430687,0.03204452246427536,0.0792410746216774,0.00240982579998672,0.02273787371814251,0.20689521729946136,0.6634795069694519
185,-15.4406,-21.8695,-37.3102,-20.2344,-18.4062,2.0,2.0,0.024390242993831635,0.10934744030237198,0.011053794994950294,0.029004303738474846,0.0788690447807312,0.0031871891114860773,0.02203824557363987,0.21097636222839355,0.659320592880249
190,-14.7617,-22.3203,-37.082,-19.9609,-18.6484,2.0,2.0,0.0,0.07792207598686218,0.009637373499572277,0.02251213602721691,0.0662202388048172,0.002060012426227331,0.014964241534471512,0.2379508763551712,0.6405472755432129
195,-15.7852,-21.3375,-37.1227,-20.6094,-17.5156,2.0,2.0,0.07236842066049576,0.11409395933151245,0.020473932847380638,0.05630657821893692,0.1008184552192688,0.00590796023607254,0.040539488196372986,0.20502954721450806,0.6440454125404358
200,-16.0227,-21.4695,-37.4922,-20.1797,-18.7969,2.0,2.0,0.015384615398943424,0.06240487098693848,0.027961889281868935,0.03403156250715256,0.0904017835855484,0.005052860826253891,0.02553638070821762,0.1876554787158966,0.677277684211731
205,-16.5219,-20.6199,-37.1418,-21.3672,-16.1641,2.0,2.0,0.05699481815099716,0.12179065495729446,0.03363324701786041,0.0841536596417427,0.1052827388048172,0.007501554675400257,0.05904073268175125,0.18143656849861145,0.6475435495376587
210,-15.559,-21.0,-36.559,-20.7344,-16.9609,2.0,2.0,0.11330049484968185,0.18308080732822418,0.030006859451532364,0.09305492788553238,0.1071428582072258,0.00789023656398058,0.061567164957523346,0.22667910158634186,0.5993858575820923
215,-16.4902,-20.8461,-37.3363,-21.4141,-16.3047,2.0,2.0,0.04964539036154747,0.14650766551494598,0.025529129430651665,0.06387819349765778,0.1071428582072258,0.005480410531163216,0.04563121870160103,0.1781327724456787,0.6662780046463013
220,-15.8422,-21.5223,-37.3645,-20.6719,-17.5781,2.0,2.0,0.0,0.08525034040212631,0.01907196268439293,0.04277544468641281,0.068824402987957,0.003070584498345852,0.028723569586873055,0.1976834535598755,0.6660447716712952
225,-15.8047,-21.4566,-37.2613,-20.5234,-17.9453,2.0,2.0,0.02857142873108387,0.07191011309623718,0.019758297130465508,0.04527091234922409,0.107886902987957,0.004081156570464373,0.03459266200661659,0.20261971652507782,0.6542288661003113
230,-15.5434,-21.7086,-37.252,-20.4453,-17.9375,2.0,2.0,0.03191489353775978,0.08096590638160706,0.015251745469868183,0.040238093584775925,0.0729166641831398,0.003653606865555048,0.027363184839487076,0.21152052283287048,0.6529850959777832
235,-16.0199,-21.6637,-37.6836,-20.0859,-18.9609,2.0,2.0,0.0,0.057692307978868484,0.00877559557557106,0.0244122464209795,0.0680803582072258,0.0019045397639274597,0.018190298229455948,0.18602301180362701,0.6894045472145081
240,-15.9715,-21.7699,-37.7414,-20.1172,-19.0156,2.0,2.0,0.0,0.06725145876407623,0.010341916233301163,0.016407165676355362,0.0665922611951828,0.0015935945557430387,0.013292910531163216,0.1841573417186737,0.696478545665741
245,-15.9539,-21.6891,-37.643,-20.2031,-18.7969,2.0,2.0,0.0,0.027227722108364105,0.01506276149302721,0.024712903425097466,0.065476194024086,0.0035758705344051123,0.015702735632658005,0.1857897937297821,0.6904540061950684
250,-15.5148,-22.0492,-37.5641,-19.3984,-19.9844,2.0,2.0,0.0,0.01149425283074379,0.007442748174071312,0.014636935666203499,0.0595238097012043,0.0019045397639274597,0.010144589468836784,0.20366916060447693,0.6798040866851807
255,-15.0844,-22.241,-37.3254,-19.6953,-19.5312,2.0,2.0,0.021276595070958138,0.05517241358757019,0.009056078270077705,0.016331585124135017,0.0565476194024086,0.001826803432777524,0.011271766386926174,0.22318096458911896,0.6592428684234619
260,-15.3531,-22.1043,-37.4574,-19.6562,-19.5859,2.0,2.0,0.0,0.0,0.008684405125677586,0.017536751925945282,0.0565476194024086,0.002098880708217621,0.011504975147545338,0.21035447716712952,0.6715640425682068
265,-16.0316,-21.8219,-37.8535,-19.875,-19.5234,2.0,2.0,0.0,0.0,0.0044843051582574844,0.0134172597900033,0.0524553582072258,0.0009717039647512138,0.00858986284583807,0.18201959133148193,0.7039412260055542
270,-15.7125,-21.948,-37.6605,-19.5078,-19.9297,2.0,2.0,0.02857142873108387,0.007299270015209913,0.006384676788002253,0.015407189726829529,0.0572916679084301,0.0013603855622932315,0.010649875737726688,0.19480721652507782,0.6887049078941345
275,-15.1133,-22.2266,-37.3398,-19.5938,-19.6406,2.0,2.0,0.09090909361839294,0.04560260474681854,0.004335761535912752,0.01593390293419361,0.0695684552192688,0.0008550995262339711,0.011932524852454662,0.2241138070821762,0.6586209535598755
280,-15.7188,-22.0012,-37.7199,-19.6797,-19.8906,2.0,2.0,0.0,0.005681818351149559,0.0038275583647191525,0.01130006741732359,0.0535714291036129,0.0009328357991762459,0.006840796209871769,0.1929415464401245,0.694807231426239
285,-15.3637,-22.2109,-37.5746,-19.5938,-19.7578,2.0,2.0,0.0,0.0,0.004993526730686426,0.008751858957111835,0.0487351194024086,0.0005441542016342282,0.005324937868863344,0.21016013622283936,0.6794931888580322
290,-15.207,-22.2711,-37.4781,-19.2891,-19.9922,2.0,2.0,0.0,0.065476194024086,0.005052327644079924,0.009075669571757317,0.0543154776096344,0.00120491289999336,0.006529850885272026,0.2154073417186737,0.672380268573761
295,-15.3734,-22.1668,-37.5402,-19.4766,-19.8516,2.0,2.0,0.0,0.0,0.007657825946807861,0.011385741643607616,0.0513392873108387,0.001243781065568328,0.006840796209871769,0.2081001251935959,0.6793376803398132
300,-15.8211,-21.9242,-37.7453,-19.9922,-19.2656,2.0,2.0,0.0,0.0,0.0032646397594362497,0.01184092927724123,0.0677083358168602,0.0007384950295090675,0.008395522832870483,0.19049285352230072,0.6958954930305481
305,-15.6691,-21.9867,-37.6559,-19.6406,-19.8047,2.0,2.0,0.0,0.0,0.007520284969359636,0.01287262886762619,0.0621279776096344,0.0009717039647512138,0.00971703976392746,0.19640080630779266,0.6884328126907349
310,-15.6238,-21.9848,-37.6086,-19.8984,-19.2188,2.0,2.0,0.0,0.02846975065767765,0.005842259153723717,0.015512244775891304,0.061011902987957,0.0009717039647512138,0.010921952314674854,0.19958800077438354,0.6840407252311707
315,-16.0906,-21.6383,-37.7289,-20.3672,-18.3047,2.0,2.0,0.03999999910593033,0.10652174055576324,0.006585936062037945,0.020871907472610474,0.079613097012043,0.0019434079295024276,0.01787935383617878,0.182952418923378,0.692747175693512
320,-15.9746,-21.8762,-37.8508,-19.7188,-19.8594,2.0,2.0,0.0,0.0055555556900799274,0.0033812341280281544,0.01076812669634819,0.0554315485060215,0.0007384950295090675,0.00699626887217164,0.1839241236448288,0.7038635015487671
325,-15.5746,-21.898,-37.4727,-19.7031,-19.2578,2.0,2.0,0.019999999552965164,0.024336284026503563,0.010999430902302265,0.02450043521821499,0.063988097012043,0.0019434079295024276,0.017568407580256462,0.20495180785655975,0.6710587739944458
330,-14.7844,-22.4613,-37.2457,-19.7188,-19.2031,2.0,2.0,0.0,0.02427184395492077,0.004155585076659918,0.011670834384858608,0.0565476194024086,0.0009328357991762459,0.008006840944290161,0.23383083939552307,0.6527518630027771
335,-15.5609,-22.0238,-37.5848,-19.7656,-19.3438,2.0,2.0,0.0,0.02826855145394802,0.005002886056900024,0.01573815383017063,0.0565476194024086,0.0008939676336012781,0.010999688878655434,0.2019978165626526,0.6816309094429016
340,-14.7996,-22.2961,-37.0957,-19.8516,-18.5156,2.0,2.0,0.03773584961891174,0.057553958147764206,0.006861623842269182,0.025047115981578827,0.0621279776096344,0.002060012426227331,0.016208022832870483,0.23791199922561646,0.6393423676490784
345,-15.7766,-21.8609,-37.6375,-20.1328,-18.7734,2.0,2.0,0.0,0.038997214287519455,0.005633802618831396,0.019574563950300217,0.0625,0.0013603855622932315,0.013953668996691704,0.19317474961280823,0.6870335936546326
350,-15.7188,-21.9578,-37.6766,-19.7031,-19.5859,2.0,2.0,0.0,0.01600000075995922,0.004988028667867184,0.014647887088358402,0.056175597012043,0.0010883084032684565,0.00971703976392746,0.19480721652507782,0.689909815788269
355,-15.9977,-21.8594,-37.857,-19.8359,-19.25,2.0,2.0,0.0,0.07339449226856232,0.0012698412174358964,0.011335987597703934,0.053199402987957,0.0005052860942669213,0.008473258465528488,0.18365205824375153,0.7028917670249939
360,-15.5762,-22.0004,-37.5766,-19.7812,-19.1953,2.0,2.0,0.0,0.024561403319239616,0.006504687014967203,0.01576782390475273,0.063988097012043,0.0009328357991762459,0.011077425442636013,0.20316386222839355,0.68034827709198
365,-15.9219,-21.7051,-37.627,-20.3594,-18.3906,2.0,2.0,0.0,0.06292134523391724,0.007818929851055145,0.027468489482998848,0.0543154776096344,0.0016324627213180065,0.017296331003308296,0.18889924883842468,0.6876943111419678
370,-15.2199,-21.9113,-37.1313,-20.3906,-17.5781,2.0,2.0,0.09302325546741486,0.09360374510288239,0.012079832144081593,0.03547979146242142,0.0814732164144516,0.0033426617737859488,0.024914490059018135,0.222014918923378,0.6452503204345703
375,-15.1996,-21.932,-37.1316,-20.0625,-17.2734,2.0,2.0,0.06329113990068436,0.15629984438419342,0.010053735226392746,0.033564746379852295,0.078125,0.003070584498345852,0.024370335042476654,0.22423040866851807,0.6438510417938232
380,-16.1617,-21.4211,-37.5828,-20.8047,-17.1953,2.0,2.0,0.016949152573943138,0.060258250683546066,0.011188516393303871,0.037784237414598465,0.0814732164144516,0.0022932214196771383,0.02709110639989376,0.18411846458911896,0.6820195913314819
385,-15.1957,-22.2656,-37.4613,-19.4453,-19.7031,2.0,2.0,0.0,0.043478261679410934,0.0037858302239328623,0.010064784437417984,0.0587797611951828,0.0008162313606590033,0.0071517410688102245,0.21560168266296387,0.6719527244567871
390,-14.6434,-22.4691,-37.1125,-19.2656,-19.0547,2.0,2.0,0.032786883413791656,0.18677042424678802,0.005129849538207054,0.013285609893500805,0.0684523805975914,0.002370957750827074,0.0099891172721982,0.24245958030223846,0.6407027244567871
395,-16.1676,-21.7387,-37.9062,-19.9688,-19.3594,2.0,2.0,0.0,0.03041825070977211,0.0019893900025635958,0.012337555177509785,0.0703125,0.000621890532784164,0.010222326032817364,0.17583955824375153,0.7088386416435242
400,-16.1566,-21.648,-37.8047,-20.7578,-17.9219,2.0,2.0,0.0,0.04176904261112213,0.004338394850492477,0.021052047610282898,0.0665922611951828,0.0007773631950840354,0.01581934094429016,0.17918221652507782,0.6997434496879578
405,-15.0082,-22.3828,-37.391,-19.5,-19.5,2.0,2.0,0.0,0.034285712987184525,0.003463203553110361,0.009313495829701424,0.0505952388048172,0.0006996268639340997,0.006801927927881479,0.22446362674236298,0.663557231426239
410,-15.452,-22.0977,-37.5496,-20.0391,-18.7266,2.0,2.0,0.0,0.06716418266296387,0.002813731087371707,0.01394468080252409,0.0569196417927742,0.0005830223672091961,0.010416666977107525,0.20720615983009338,0.6773165464401245
415,-15.4012,-22.1313,-37.5324,-20.3125,-18.4375,2.0,2.0,0.0,0.05833333358168602,0.0024118737783282995,0.013283496722579002,0.0584077388048172,0.0007773631950840354,0.009328357875347137,0.20949937403202057,0.6759172677993774
420,-16.1035,-21.848,-37.9516,-19.6094,-19.7969,2.0,2.0,0.0,0.014814814552664757,0.0035288927610963583,0.007737154606729746,0.0517113097012043,0.0006996268639340997,0.005247201304882765,0.17622824013233185,0.713347315788269
425,-15.3637,-22.2613,-37.625,-19.2734,-20.2344,2.0,2.0,0.0,0.0,0.0018811136251315475,0.004022890701889992,0.0535714291036129,0.00046641789958812296,0.0024486940819770098,0.2066231369972229,0.6859841346740723
430,-14.6082,-22.3648,-36.973,-21.2266,-15.7422,2.0,2.0,0.1666666716337204,0.4941451847553253,0.005174035672098398,0.017236053943634033,0.0602678582072258,0.0018656715983524919,0.016596704721450806,0.24790112674236298,0.6291589140892029
435,-15.5203,-22.1555,-37.6758,-19.5547,-19.8828,2.0,2.0,0.0,0.05042016878724098,0.003275529947131872,0.005927514750510454,0.0535714291036129,0.0006607586983591318,0.004625311121344566,0.20172575116157532,0.6885105967521667
440,-15.8258,-21.9137,-37.7395,-20.2656,-18.2734,2.0,2.0,0.07692307978868484,0.1576763540506363,0.0022504092194139957,0.012068387120962143,0.0587797611951828,0.0005052860942669213,0.009367226622998714,0.18998755514621735,0.6956623196601868
445,-15.7023,-22.0621,-37.7645,-19.9609,-19.2812,2.0,2.0,0.1111111119389534,0.1328125,0.0016057807952165604,0.005914848297834396,0.0535714291036129,0.00034981343196704984,0.004975124262273312,0.19364117085933685,0.6965562701225281
450,-15.9906,-21.5605,-37.5512,-21.9688,-14.4453,2.0,2.0,0.2432432472705841,0.499133437871933,0.00450358260422945,0.023316800594329834,0.0587797611951828,0.0014381218934431672,0.022426927462220192,0.1898709535598755,0.6817863583564758
455,-15.666,-22.1008,-37.7668,-19.3984,-19.9844,2.0,2.0,0.0,0.0,0.0009978048037737608,0.005522396415472031,0.0509672611951828,0.00042754976311698556,0.0035370024852454662,0.19476833939552307,0.6967895030975342
460,-15.2066,-22.1195,-37.3262,-21.3125,-16.2031,2.0,2.0,0.0882352963089943,0.37717121839523315,0.003007784951478243,0.015102353878319263,0.0643601194024086,0.0013215173967182636,0.015663867816329002,0.21968284249305725,0.6588541865348816
465,-15.5836,-22.098,-37.6816,-20.0156,-18.7031,2.0,2.0,0.1428571492433548,0.08571428805589676,0.0015594542492181063,0.007558664306998253,0.0587797611951828,0.0002720771008171141,0.006801927927881479,0.19939365983009338,0.6890547275543213
470,-15.8066,-21.9145,-37.7211,-20.5703,-17.5,2.0,2.0,0.07692307978868484,0.28205129504203796,0.0028606457635760307,0.01162920705974102,0.0554315485060215,0.0010105721885338426,0.009095149114727974,0.19022077322006226,0.6951959133148193
475,-15.2953,-22.1168,-37.4121,-20.1562,-18.3047,2.0,2.0,0.05000000074505806,0.2620481848716736,0.005563532002270222,0.014974262565374374,0.0572916679084301,0.0015547263901680708,0.012904228642582893,0.21657338738441467,0.6644900441169739
480,-15.4219,-22.098,-37.5199,-20.6172,-17.3594,2.0,2.0,0.23076923191547394,0.35877862572669983,0.001855976297520101,0.012200034223496914,0.0502232126891613,0.0005052860942669213,0.010183457285165787,0.20942163467407227,0.6754119992256165
485,-15.5766,-22.0641,-37.6406,-20.1797,-18.4922,2.0,2.0,0.043478261679410934,0.22674418985843658,0.0034796055406332016,0.01035536453127861,0.0517113097012043,0.0008939676336012781,0.0066853235475718975,0.20106498897075653,0.6868780851364136
490,-15.0738,-21.7477,-36.8215,-23.25,-11.0859,2.0,2.0,0.5328466892242432,0.6680942177772522,0.006803850177675486,0.024775763973593712,0.0803571417927742,0.005324937868863344,0.03630286082625389,0.2342195212841034,0.6196750402450562
495,-15.6805,-21.8586,-37.5391,-21.2578,-16.2188,2.0,2.0,0.08695652335882187,0.2716895043849945,0.003489048220217228,0.019977038726210594,0.0576636902987957,0.0008939676336012781,0.01702425442636013,0.2005208283662796,0.6770833134651184
500,-15.5707,-21.8227,-37.3934,-21.5469,-15.6172,2.0,2.0,0.2666666805744171,0.37821781635284424,0.006036596838384867,0.023465704172849655,0.0576636902987957,0.0023320894688367844,0.01962842047214508,0.20604011416435242,0.6675217747688293
505,-15.6594,-21.732,-37.3914,-21.7656,-15.0859,2.0,2.0,0.1428571492433548,0.28733766078948975,0.006483600474894047,0.028311248868703842,0.0643601194024086,0.0019045397639274597,0.02394278533756733,0.20382462441921234,0.6658504605293274
510,-15.8375,-21.9535,-37.791,-19.9219,-19.1484,2.0,2.0,0.1111111119389534,0.012345679104328156,0.0026622978039085865,0.009896586649119854,0.0565476194024086,0.00034981343196704984,0.006296641658991575,0.18979321420192719,0.6990827322006226
515,-15.9453,-21.9453,-37.8906,-19.7578,-19.7109,2.0,2.0,0.0,0.07692307978868484,0.0025472298730164766,0.005707699805498123,0.0535714291036129,0.000155472633196041,0.00404228875413537,0.1831078976392746,0.7082167267799377
520,-15.8,-21.9898,-37.7898,-19.9688,-19.125,2.0,2.0,0.0,0.026490066200494766,0.0026422764640301466,0.008963366970419884,0.0513392873108387,0.0002720771008171141,0.005869091954082251,0.19123134016990662,0.6981498599052429
525,-15.6391,-22.0352,-37.6742,-19.8906,-19.1875,2.0,2.0,0.0,0.02631578966975212,0.0031508468091487885,0.012217092327773571,0.0513392873108387,0.0003886815975420177,0.007384950295090675,0.19737251102924347,0.6903762221336365
530,-15.6848,-21.5078,-37.1926,-22.4062,-13.2656,2.0,2.0,0.23469388484954834,0.367251455783844,0.01031701359897852,0.03759847208857536,0.0799851194024086,0.0038090795278549194,0.033232275396585464,0.20720615983009338,0.6512748599052429
535,-15.802,-21.9648,-37.7668,-20.0703,-19.1094,2.0,2.0,0.0,0.016574585810303688,0.0028635712806135416,0.00974658876657486,0.0613839291036129,0.0005830223672091961,0.007035136688500643,0.1900264322757721,0.697877824306488
540,-15.3926,-22.1543,-37.5469,-20.2969,-18.3047,2.0,2.0,0.1428571492433548,0.20796459913253784,0.0009302325779572129,0.009124821051955223,0.0632440447807312,0.0005441542016342282,0.008784203790128231,0.20891635119915009,0.677277684211731
545,-15.6137,-21.2867,-36.9004,-24.3828,-8.75,2.0,2.0,0.55474454164505,0.6044408082962036,0.010522495955228806,0.03709428012371063,0.076636902987957,0.005324937868863344,0.04726368188858032,0.21424129605293274,0.6286924481391907
550,-15.8832,-21.4508,-37.334,-23.1484,-12.3906,2.0,2.0,0.32692307233810425,0.43364930152893066,0.006865437608212233,0.032910946756601334,0.0691964253783226,0.002021144377067685,0.03280472755432129,0.1981498748064041,0.6625466346740723
555,-15.6402,-22.048,-37.6883,-19.8516,-19.3359,2.0,2.0,0.0,0.02923976629972458,0.00294811325147748,0.009283222258090973,0.0625,0.0002720771008171141,0.006646455265581608,0.1977611929178238,0.6908426880836487
560,-15.5395,-21.8723,-37.4117,-21.2188,-16.1328,2.0,2.0,0.24074074625968933,0.277542382478714,0.008439609780907631,0.02258177101612091,0.0602678582072258,0.002098880708217621,0.018345771357417107,0.20724502205848694,0.6678327322006226
565,-15.2613,-22.2973,-37.5586,-19.8359,-19.6016,2.0,2.0,0.0,0.072727270424366,0.0010948905255645514,0.005791616626083851,0.0505952388048172,0.00042754976311698556,0.004275497514754534,0.21299751102924347,0.6778218150138855
570,-15.7055,-21.5672,-37.2727,-23.2266,-12.0703,2.0,2.0,0.47999998927116394,0.48659002780914307,0.004703668877482414,0.02888941578567028,0.0744047611951828,0.0019434079295024276,0.030433768406510353,0.20658425986766815,0.6565609574317932
575,-16.0887,-21.082,-37.1707,-24.0078,-10.6953,2.0,2.0,0.4931506812572479,0.5818337798118591,0.008058176375925541,0.037996649742126465,0.0848214253783226,0.0028373757377266884,0.04535914212465286,0.1977611929178238,0.6495646834373474
580,-15.5273,-22.0406,-37.568,-20.6016,-17.6016,2.0,2.0,0.1666666716337204,0.27402135729789734,0.004514672793447971,0.011990132741630077,0.0558035708963871,0.00046641789958812296,0.010921952314674854,0.2066231369972229,0.6775108575820923
585,-15.3152,-22.2832,-37.5984,-19.2344,-20.1484,2.0,2.0,0.0,0.0,0.002217704663053155,0.0050752735696733,0.0476190485060215,0.0003886815975420177,0.0032260571606457233,0.21031561493873596,0.6815920472145081
590,-15.498,-22.1777,-37.6758,-19.8594,-19.4844,2.0,2.0,0.0,0.0,0.002114164875820279,0.005812641233205795,0.0517113097012043,0.0006996268639340997,0.003847947809845209,0.2022310346364975,0.6887437701225281
595,-16.1012,-21.8738,-37.975,-19.7656,-19.7188,2.0,2.0,0.0,0.009615384973585606,0.0011013215407729149,0.006634761579334736,0.0479910708963871,0.000310945266392082,0.00404228875413537,0.17646144330501556,0.7147077322006226
600,-15.5293,-22.1645,-37.6937,-19.375,-19.6094,2.0,2.0,0.1666666716337204,0.13333334028720856,0.002120277611538768,0.004903894849121571,0.0505952388048172,0.00023320894979406148,0.004081156570464373,0.20164801180362701,0.6895599961280823
605,-15.5496,-22.1754,-37.725,-19.625,-19.7656,2.0,2.0,0.0,0.08474576473236084,0.001167088164947927,0.003702041693031788,0.0505952388048172,0.00046641789958812296,0.0022932214196771383,0.19982120394706726,0.6929415464401245
610,-15.8703,-22.0461,-37.9164,-19.5469,-19.9453,2.0,2.0,0.0,0.0,0.0004202563432045281,0.001642395742237568,0.0476190485060215,7.77363165980205e-05,0.0005052860942669213,0.1849735677242279,0.7099658250808716
615,-16.009,-21.8297,-37.8387,-20.9609,-17.3047,2.0,2.0,0.0,0.17050690948963165,0.001497326185926795,0.012181006371974945,0.0543154776096344,0.00019434079877100885,0.008434390649199486,0.18170864880084991,0.7051849961280823
620,-15.7441,-22.0805,-37.8246,-19.6953,-19.6484,2.0,2.0,0.0,0.0,0.001831874600611627,0.0035464921966195107,0.0505952388048172,0.00011660447489703074,0.003031716449186206,0.19095925986766815,0.7014148235321045
625,-15.5594,-22.1887,-37.748,-19.5938,-19.7812,2.0,2.0,0.0,0.10000000149011612,0.00039277298492379487,0.002624965040013194,0.0479910708963871,0.00011660447489703074,0.0015547263901680708,0.1979166716337204,0.6959344148635864
630,-15.257,-22.2648,-37.5219,-20.2266,-18.5859,2.0,2.0,0.2857142984867096,0.23026315867900848,0.0012745811836794019,0.007706020958721638,0.0491071417927742,0.0002720771008171141,0.00590796023607254,0.2134639322757721,0.6758784055709839
635,-15.05,-22.4434,-37.4934,-19.3594,-20.1562,2.0,2.0,0.0,0.0476190485060215,0.00017599436978343874,0.002772323088720441,0.0487351194024086,7.77363165980205e-05,0.0016324627213180065,0.22084887325763702,0.6729633212089539
640,-15.4047,-22.2777,-37.6824,-19.375,-20.1953,2.0,2.0,0.0,0.0,0.00037742970744147897,0.0013553196331486106,0.0505952388048172,7.77363165980205e-05,0.00120491289999336,0.2059623748064041,0.6882773637771606
645,-15.8305,-21.9102,-37.7406,-20.6797,-17.8438,2.0,2.0,0.6000000238418579,0.6869918704032898,0.0020424837712198496,0.0051445504650473595,0.0543154776096344,0.0005830223672091961,0.009561567567288876,0.19029851257801056,0.6950792670249939
650,-16.1645,-21.6922,-37.8566,-21.0234,-17.1797,2.0,2.0,0.23076923191547394,0.5612903237342834,0.0015364354476332664,0.009746159426867962,0.0565476194024086,0.0005052860942669213,0.012049129232764244,0.1770833283662796,0.7058846354484558
655,-15.7266,-20.4223,-36.1488,-25.4375,-6.3594,2.0,2.0,0.5658363103866577,0.7713656425476074,0.012658228166401386,0.04703378304839134,0.1428571492433548,0.010921952314674854,0.08823072165250778,0.23029384016990662,0.56607586145401
660,-16.0223,-21.2594,-37.2816,-23.5859,-11.375,2.0,2.0,0.4000000059604645,0.6611810326576233,0.0037690934259444475,0.02568655274808407,0.0777529776096344,0.002720771124586463,0.04015081003308296,0.19593438506126404,0.6567164063453674
665,-15.3234,-22.2246,-37.548,-19.5156,-20.0547,2.0,2.0,0.050847455859184265,0.145454540848732,0.008351893164217472,0.007149802520871162,0.0494791679084301,0.0022932214196771383,0.004275497514754534,0.20942163467407227,0.6795320510864258
670,-24.9691,-4.6688,-29.6379,-29.0547,-1.6094,2.0,2.0,0.6612589359283447,0.9351439476013184,0.5100864768028259,0.7330160140991211,0.8411458134651184,0.1197916641831398,0.6454446315765381,0.04046175256371498,0.08982431888580322
675,-24.7855,-4.7852,-29.5707,-29.5391,-0.7109,2.0,1.8063,0.6181938648223877,0.9634102582931519,0.40311282873153687,0.632682204246521,0.84375,0.11707089841365814,0.6469216346740723,0.049945585429668427,0.08158426731824875
680,-24.2797,-5.9656,-30.2453,-29.2891,-1.1641,2.0,1.5879,0.43869003653526306,0.9392421245574951,0.3808010220527649,0.6264139413833618,0.7455357313156128,0.10206778347492218,0.6051772236824036,0.06113961338996887,0.12713775038719177
685,-16.8055,-20.2461,-37.0516,-19.5078,-20.2344,2.0,1.5891,0.08615819364786148,0.6314176321029663,0.0846693366765976,0.05054299905896187,0.1302083283662796,0.027518656104803085,0.05072294920682907,0.15516169369220734,0.6621190905570984
690,-16.2691,-19.9477,-36.2168,-19.7656,-19.4141,2.0,1.7616,0.18290598690509796,0.6213847398757935,0.05999999865889549,0.08273980021476746,0.1205357164144516,0.02273787371814251,0.08869714289903641,0.20017102360725403,0.5839163661003113
695,-15.8711,-21.9824,-37.8535,-19.8203,-19.6797,2.0,1.9038,0.0,0.0,0.0024968788493424654,0.007061679381877184,0.0476190485060215,0.000310945266392082,0.003886815859004855,0.18680037558078766,0.7045242786407471
700,-19.0535,-14.5184,-33.5719,-28.2188,-2.8828,2.0,1.9706,0.43980100750923157,0.8532856702804565,0.05275675654411316,0.175395205616951,0.3917410671710968,0.0390625,0.3152596354484558,0.1797652393579483,0.36143502593040466
705,-23.7254,-6.6148,-30.3402,-29.8359,-0.0938,2.0,1.9408,0.5672960877418518,0.9454100728034973,0.2467343956232071,0.44050103425979614,0.777157723903656,0.09674284607172012,0.5881141424179077,0.08034048229455948,0.13032494485378265
710,-21.0895,-11.6125,-32.702,-28.9688,-1.5,2.0,1.7977,0.332561731338501,0.7859635949134827,0.15424761176109314,0.3828957676887512,0.4732142984867096,0.0503731332719326,0.4120413661003113,0.13405628502368927,0.2990516126155853
715,-16.5316,-20.4082,-36.9398,-23.3984,-11.8438,2.0,1.8059,0.2292993664741516,0.48540541529655457,0.019599752500653267,0.06684789061546326,0.1041666641831398,0.006102301180362701,0.07190609723329544,0.1883939653635025,0.6291200518608093
720,-15.4707,-22.25,-37.7207,-19.5312,-20.1172,2.0,2.0,0.0,0.0,0.00019105846877209842,0.001349148340523243,0.0476190485060215,0.0,0.0006607586983591318,0.20343594253063202,0.6914256811141968
725,-15.7121,-21.6207,-37.3328,-22.8672,-12.8359,2.0,2.0,0.2586206793785095,0.3567493259906769,0.004738438408821821,0.03133097663521767,0.0706845223903656,0.0022543531376868486,0.028218284249305725,0.2050684094429016,0.659981369972229
730,-15.3363,-22.1848,-37.5211,-20.4844,-18.0938,2.0,2.0,0.20000000298023224,0.14778324961662292,0.0010984987020492554,0.010305123403668404,0.0606398805975914,0.00019434079877100885,0.00789023656398058,0.21229788661003113,0.6751399040222168
735,-15.8133,-21.9902,-37.8035,-19.875,-19.5,2.0,2.0,0.0,0.0,0.001224239938892424,0.007620001211762428,0.0598958320915699,0.0003886815975420177,0.005830223672091961,0.19049285352230072,0.6988106369972229
740,-15.6313,-22.1668,-37.798,-19.6328,-19.9375,2.0,2.0,0.0,0.0,0.0001990445889532566,0.0016122754896059632,0.0476190485060215,3.886815829901025e-05,0.0010883084032684565,0.19527363777160645,0.6991215944290161
745,-15.416,-22.2457,-37.6617,-19.5625,-20.0781,2.0,2.0,0.0,0.0,0.0007565726991742849,0.0037326093297451735,0.0509672611951828,0.00011660447489703074,0.0026430347934365273,0.2054959535598755,0.6872667670249939
750,-15.543,-22.218,-37.7609,-19.5469,-20.1094,2.0,2.0,0.0,0.0,0.0,0.00011181930312886834,0.0535714291036129,0.00011660447489703074,0.0005830223672091961,0.1996268630027771,0.6951959133148193
755,-15.5555,-22.2047,-37.7602,-19.5781,-20.1172,2.0,2.0,0.0,0.0,0.0,0.0016759776044636965,0.0476190485060215,3.886815829901025e-05,0.0011271765688434243,0.19861629605293274,0.6957400441169739
760,-15.9887,-21.9816,-37.9703,-19.6953,-19.9062,2.0,2.0,0.0,0.0,0.0002164970792364329,0.002176278503611684,0.0476190485060215,3.886815829901025e-05,0.0015547263901680708,0.1795320212841034,0.7143967747688293
765,-15.1297,-22.4211,-37.5508,-19.2969,-20.1641,2.0,2.0,0.0,0.0,0.000179500988451764,0.0013178250519558787,0.0476190485060215,0.0,0.000621890532784164,0.21653451025485992,0.6783660054206848
770,-15.9633,-22.0148,-37.9781,-19.5156,-20.2422,2.0,2.0,0.0,0.0,0.0004295532708056271,0.00021765154087916017,0.0476190485060215,0.0,0.00023320894979406148,0.18097014725208282,0.7143190503120422
775,-15.9176,-22.0312,-37.9488,-19.375,-20.3125,2.0,2.0,0.0,0.0,0.00021276595361996442,0.0008732194546610117,0.0476190485060215,0.0,0.0006607586983591318,0.18268035352230072,0.7121812701225281
780,-15.2051,-22.3957,-37.6008,-19.3125,-20.3438,2.0,2.0,0.0,0.0,0.00018168604583479464,5.703530405298807e-05,0.0479910708963871,3.886815829901025e-05,7.77363165980205e-05,0.21393035352230072,0.6814754605293274
785,-15.1891,-22.4008,-37.5898,-19.0469,-20.4766,2.0,2.0,0.0,0.0,0.00018109381198883057,0.00039977155392989516,0.0476190485060215,3.886815829901025e-05,0.0002720771008171141,0.21462997794151306,0.6805814504623413
790,-15.5563,-22.202,-37.7582,-19.6719,-19.9062,2.0,2.0,0.0,0.0,0.0001955798943527043,0.0018428547773510218,0.0476190485060215,0.0,0.0007773631950840354,0.1987328976392746,0.6960121393203735
795,-15.6219,-22.168,-37.7898,-19.5312,-20.1406,2.0,2.0,0.0,0.0,0.0,0.002003338886424899,0.0476190485060215,0.000155472633196041,0.001243781065568328,0.19566231966018677,0.6984608173370361
800,-15.743,-22.0652,-37.8082,-19.8906,-19.5625,2.0,2.0,0.0,0.0,0.0018018018454313278,0.005069073289632797,0.0505952388048172,0.0002720771008171141,0.0033426617737859488,0.19414645433425903,0.6977611780166626
805,-14.8398,-22.4934,-37.3332,-19.5547,-19.625,2.0,2.0,0.0,0.008196720853447914,0.001849672058597207,0.006724870298057795,0.0558035708963871,0.0007384950295090675,0.004741915501654148,0.23114894330501556,0.6588930487632751
810,-15.8098,-22.0594,-37.8691,-19.6406,-19.8984,2.0,2.0,0.0,0.0,0.00020725389185827225,0.0028631207533180714,0.0505952388048172,0.00011660447489703074,0.0019434079295024276,0.18753886222839355,0.7059234976768494
815,-15.4008,-22.2855,-37.6863,-19.3594,-20.3203,2.0,2.0,0.0,0.0,0.00018953753169625998,0.0012965050991624594,0.0476190485060215,0.00011660447489703074,0.0008162313606590033,0.2050684094429016,0.6895211338996887
820,-15.5402,-22.1566,-37.6969,-19.6094,-19.6328,2.0,2.0,0.0,0.009259259328246117,0.0021367522422224283,0.005907837767153978,0.0505952388048172,0.00042754976311698556,0.004197761416435242,0.20009328424930573,0.6908037662506104
825,-15.4605,-22.2609,-37.7215,-19.5469,-20.2266,2.0,2.0,0.0,0.0,0.00019186492136213928,0.0007859428296796978,0.0476190485060215,0.0,0.0005830223672091961,0.20258083939552307,0.6923584938049316
830,-15.3016,-22.3211,-37.6227,-19.4062,-20.2031,2.0,2.0,0.0,0.0,0.0009331839974038303,0.001983002759516239,0.0505952388048172,3.886815829901025e-05,0.00120491289999336,0.2082556039094925,0.6860229969024658
835,-15.4727,-22.1746,-37.6473,-19.5547,-19.5547,2.0,2.0,0.0,0.13084112107753754,0.0009494872647337615,0.007474095560610294,0.0479910708963871,0.00023320894979406148,0.004158893134444952,0.2046797275543213,0.6864505410194397
840,-15.8082,-22.0859,-37.8941,-19.6953,-19.9531,2.0,2.0,0.0,0.0,0.0,0.000933706818614155,0.0476190485060215,0.0,0.0006607586983591318,0.18718905746936798,0.7076725959777832
845,-15.2125,-22.3914,-37.6039,-19.375,-20.2656,2.0,2.0,0.0,0.0,0.00018244846432935447,0.00017088174354285002,0.0476190485060215,0.0,0.00011660447489703074,0.21303637325763702,0.6823694109916687
850,-15.9367,-22.0129,-37.9496,-19.7031,-19.8672,2.0,2.0,0.0,0.0,0.00021358393132686615,0.0016915857559069991,0.0476190485060215,3.886815829901025e-05,0.00120491289999336,0.18198071420192719,0.7122978568077087
855,-15.7145,-22.1281,-37.8426,-19.5156,-20.1484,2.0,2.0,0.0,0.0,0.0006067961221560836,0.0012174202129244804,0.0476190485060215,7.77363165980205e-05,0.0008939676336012781,0.19216418266296387,0.7023864984512329
860,-15.6508,-22.1453,-37.7961,-19.5859,-19.9844,2.0,2.0,0.0,0.0,0.0005967774195596576,0.0021711294539272785,0.0505952388048172,0.000155472633196041,0.0017879352672025561,0.1953902393579483,0.6981887221336365
865,-15.4359,-22.2691,-37.7051,-19.4062,-20.1797,2.0,2.0,0.0,0.0,0.0005725190858356655,0.001068195910193026,0.0476190485060215,0.0,0.0005052860942669213,0.20366916060447693,0.6913479566574097
870,-14.6301,-22.6656,-37.2957,-19.2969,-20.1641,2.0,2.0,0.0,0.0,0.00016241676348727196,0.0009491042583249509,0.0535714291036129,3.886815829901025e-05,0.0009328357991762459,0.23931126296520233,0.6552394032478333
875,-15.7273,-22.1246,-37.852,-19.5312,-20.2344,2.0,2.0,0.0,0.0,0.000610873568803072,0.0009387597092427313,0.0476190485060215,7.77363165980205e-05,0.0006996268639340997,0.19088153541088104,0.7038635015487671
880,-15.0945,-22.4445,-37.5391,-19.1094,-20.2812,2.0,2.0,0.0,0.0,0.0,0.0008039508247748017,0.0476190485060215,7.77363165980205e-05,0.00046641789958812296,0.21812811493873596,0.6768501400947571
885,-15.4098,-22.2711,-37.6809,-19.5469,-19.7578,2.0,2.0,0.0,0.0,0.0001909125567181036,0.0022521254140883684,0.0476190485060215,3.886815829901025e-05,0.0015547263901680708,0.20359142124652863,0.6903373599052429
890,-15.0453,-22.4727,-37.518,-19.2031,-20.3984,2.0,2.0,0.0,0.0,0.0005292872083373368,0.0002879520761780441,0.0476190485060215,7.77363165980205e-05,0.00023320894979406148,0.2203047275543213,0.6749067306518555
895,-15.1082,-22.4371,-37.5453,-19.2656,-20.3672,2.0,2.0,0.0,0.0,0.0005326704704202712,0.0006324383430182934,0.0479910708963871,0.000155472633196041,0.00042754976311698556,0.2189054787158966,0.6760339140892029
900,-15.4359,-22.2727,-37.7086,-19.5938,-20.1094,2.0,2.0,0.0,0.0,0.00019098549091722816,0.0008432650938630104,0.0476190485060215,3.886815829901025e-05,0.0005830223672091961,0.20351368188858032,0.6913868188858032
905,-16.0156,-21.9875,-38.0031,-19.5469,-20.1328,2.0,2.0,0.0,0.0,0.0,0.0004332990210969001,0.0476190485060215,0.0,0.000310945266392082,0.17758862674236298,0.7176228165626526
910,-15.6723,-22.1527,-37.825,-19.5156,-20.2422,2.0,2.0,0.0,0.0,0.0,0.0009982807096093893,0.0479910708963871,0.0,0.0007384950295090675,0.19395211338996887,0.7008317708969116
915,-15.3715,-22.2996,-37.6711,-19.5078,-20.1406,2.0,2.0,0.0,0.0,0.0,0.0009595845476724207,0.0505952388048172,0.0,0.0006607586983591318,0.20627331733703613,0.6885883212089539
920,-16.018,-21.9676,-37.9855,-19.3906,-20.1172,2.0,2.0,0.0,0.0,0.0,0.002173440530896187,0.0476190485060215,0.0,0.001243781065568328,0.1789489984512329,0.7153295874595642
925,-15.4496,-22.2582,-37.7078,-19.3594,-20.2266,2.0,2.0,0.0,0.0,0.0,0.0016304958844557405,0.0476190485060215,7.77363165980205e-05,0.0010494403541088104,0.20308613777160645,0.6913090944290161
930,-15.4867,-22.252,-37.7387,-19.4531,-20.1797,2.0,2.0,0.0,0.0,0.0,0.0004477528273127973,0.0476190485060215,0.0,0.000310945266392082,0.2007540464401245,0.6944574117660522
935,-15.1328,-22.3914,-37.5242,-19.4688,-20.0547,2.0,2.0,0.0,0.1355932205915451,0.001240694778971374,0.003230458591133356,0.0479910708963871,0.000155472633196041,0.0022932214196771383,0.21929416060447693,0.6737795472145081
940,-15.4797,-22.2508,-37.7305,-19.5469,-20.1328,2.0,2.0,0.0,0.0,0.00038284840411506593,0.0007865168736316264,0.0476190485060215,0.0,0.000621890532784164,0.2030472606420517,0.6918532252311707
945,-15.7793,-22.0734,-37.8527,-19.6953,-19.8828,2.0,2.0,0.0,0.0,0.0004105090338271111,0.0024853639770299196,0.0535714291036129,7.77363165980205e-05,0.0023320894688367844,0.1893656700849533,0.7037469148635864
950,-15.2406,-22.3609,-37.6016,-19.1875,-20.3828,2.0,2.0,0.0,0.0,0.0001836547307902947,0.0010248818434774876,0.0524553582072258,7.77363165980205e-05,0.0011660447344183922,0.21163712441921234,0.6826415061950684
955,-15.4633,-22.2637,-37.727,-19.2656,-20.3672,2.0,2.0,0.0,0.0,0.0,0.0004483802185859531,0.0476190485060215,0.0,0.0,0.20203669369220734,0.693485677242279
960,-15.9645,-21.9949,-37.9594,-19.6406,-20.1094,2.0,2.0,0.0,0.0,0.0006423983140848577,0.0019078768091276288,0.0479910708963871,0.0,0.0009717039647512138,0.18151430785655975,0.7130363583564758
965,-15.8461,-22.0453,-37.8914,-19.6484,-19.9766,2.0,2.0,0.0,0.0,0.00021039343846496195,0.002465888625010848,0.0505952388048172,0.0,0.001476990059018135,0.1847403645515442,0.7093050479888916
970,-15.1297,-22.427,-37.5566,-19.2188,-20.3203,2.0,2.0,0.0,0.0,0.0,0.0008014196646399796,0.0476190485060215,7.77363165980205e-05,0.00046641789958812296,0.2159903645515442,0.6789878606796265
975,-15.9078,-22.0063,-37.9141,-19.8359,-19.5312,2.0,2.0,0.0,0.0,0.0006327778683044016,0.002687729662284255,0.0535714291036129,0.00011660447489703074,0.0025264304131269455,0.18427394330501556,0.7086054086685181
980,-16.1066,-21.3613,-37.468,-23.9453,-10.6328,2.0,2.0,0.1794871836900711,0.502439022064209,0.006531945429742336,0.03060988336801529,0.0546875,0.001515858224593103,0.03187188878655434,0.19041511416435242,0.6717195510864258
985,-15.3164,-22.1262,-37.4426,-20.7109,-16.6562,2.0,2.0,0.15000000596046448,0.36734694242477417,0.004179538227617741,0.014011116698384285,0.0513392873108387,0.0007773631950840354,0.009522698819637299,0.21389147639274597,0.6713308691978455
990,-15.2305,-22.1785,-37.409,-20.3438,-17.6016,2.0,2.0,0.06896551698446274,0.28985506296157837,0.002501786919310689,0.013302993029356003,0.0580357126891613,0.0011271765688434243,0.010727612301707268,0.21750621497631073,0.6661613583564758
995,-16.5262,-20.0641,-36.5902,-27.8594,-2.1484,2.0,2.0,0.7083333134651184,0.8470085263252258,0.005369928199797869,0.03494831919670105,0.1104910746216774,0.007462686393409967,0.09095149487257004,0.19542910158634186,0.6016790866851807
1000,-16.1047,-20.6258,-36.7305,-26.875,-3.9062,2.0,2.0,0.5732483863830566,0.7956929802894592,0.008295626379549503,0.03462709113955498,0.0978422611951828,0.006102301180362701,0.0703902393579483,0.20615671575069427,0.6128731369972229
1005,-16.4164,-20.9961,-37.4125,-25.0859,-8.4688,2.0,2.0,0.3928571343421936,0.633952260017395,0.0051369862630963326,0.029800361022353172,0.0784970223903656,0.002176616806536913,0.04395988956093788,0.18159204721450806,0.667793869972229
1010,-15.9242,-21.9559,-37.8801,-19.6484,-19.3906,2.0,2.0,0.0,0.02255639061331749,0.0021181954070925713,0.006434935610741377,0.0513392873108387,0.000155472633196041,0.005169465206563473,0.18349657952785492,0.70670086145401
1015,-15.6879,-22.0816,-37.7695,-19.9375,-19.1641,2.0,2.0,0.0,0.05000000074505806,0.0013941446086391807,0.005581914447247982,0.053199402987957,0.000155472633196041,0.003886815859004855,0.1951570212841034,0.6963230967521667
1020,-16.8922,-19.5184,-36.4105,-28.4531,-1.0547,2.0,2.0,0.738095223903656,0.9078714847564697,0.006309790536761284,0.02963404916226864,0.1476934552192688,0.008162313140928745,0.11011349409818649,0.19095925986766815,0.5862873196601868
1025,-16.6656,-20.6945,-37.3602,-25.3281,-6.2734,2.0,2.0,0.5441176295280457,0.7607843279838562,0.006791940424591303,0.029514292255043983,0.076636902987957,0.0052860695868730545,0.049556903541088104,0.17168065905570984,0.6689987778663635
1030,-16.1102,-21.5207,-37.6309,-22.4375,-13.9766,2.0,2.0,0.3235294222831726,0.512499988079071,0.0036032216157764196,0.022224729880690575,0.053199402987957,0.0013215173967182636,0.021766168996691704,0.18337997794151306,0.6890547275543213
1035,-16.2051,-21.7059,-37.9109,-21.1094,-17.1484,2.0,2.0,0.0,0.20802919566631317,0.0024417315144091845,0.013038238510489464,0.0554315485060215,0.0002720771008171141,0.010649875737726688,0.17510105669498444,0.7094993591308594
1040,-15.0578,-21.7188,-36.7766,-23.8359,-8.9531,2.0,2.0,0.46399998664855957,0.7058212161064148,0.006598482374101877,0.027751557528972626,0.0721726194024086,0.00485851988196373,0.03739117085933685,0.23561878502368927,0.6176539063453674
1045,-16.8027,-19.1781,-35.9809,-28.125,-1.5469,2.0,2.0,0.696864128112793,0.8485302925109863,0.011717249639332294,0.048406388610601425,0.1789434552192688,0.011155162006616592,0.12958644330501556,0.20234763622283936,0.5524331331253052
1050,-15.9578,-21.5793,-37.5371,-22.2578,-14.0312,2.0,2.0,0.375,0.4777594804763794,0.004823151044547558,0.022621575742959976,0.0591517873108387,0.0015547263901680708,0.02359297312796116,0.19340795278549194,0.6769667267799377
1055,-15.9488,-21.7766,-37.7254,-21.8281,-15.3594,2.0,2.0,0.09090909361839294,0.561253547668457,0.002689284272491932,0.011600538156926632,0.0502232126891613,0.00042754976311698556,0.013642723672091961,0.18788868188858032,0.6935634613037109
1060,-15.6023,-21.9926,-37.5949,-20.7734,-17.6094,2.0,2.0,0.13333334028720856,0.2266666740179062,0.0023174970410764217,0.013962500728666782,0.0569196417927742,0.0005830223672091961,0.011660447344183922,0.2012593299150467,0.6820195913314819
1065,-15.9609,-21.2941,-37.2551,-24.0547,-8.5859,2.0,2.0,0.4789915978908539,0.6494192481040955,0.006331618409603834,0.026241134852170944,0.081101194024086,0.004625311121344566,0.03680814802646637,0.1964396834373474,0.6576492786407471
1070,-16.0984,-21.6836,-37.782,-21.8984,-15.3125,2.0,2.0,0.40909090638160706,0.5762711763381958,0.0025756601244211197,0.012274368666112423,0.0513392873108387,0.0008550995262339711,0.013759328052401543,0.18108674883842468,0.6998212337493896
1075,-16.0191,-21.1109,-37.1301,-25.6797,-7.2344,2.0,2.0,0.5476190447807312,0.8005029559135437,0.005229517817497253,0.023975903168320656,0.0755208358168602,0.003264925442636013,0.04636971279978752,0.2006763070821762,0.6452114582061768
1080,-15.7633,-22.0762,-37.8395,-19.7344,-19.6875,2.0,2.0,0.0,0.2916666567325592,0.0010307152988389134,0.0029217200353741646,0.0476190485060215,3.886815829901025e-05,0.0018656715983524919,0.1885494440793991,0.7050684094429016
1085,-16.8473,-19.3844,-36.2316,-27.3984,-1.7109,2.0,2.0,0.7810384035110474,0.9174824953079224,0.009347735904157162,0.028479527682065964,0.1595982164144516,0.01721859537065029,0.1111629381775856,0.18711131811141968,0.5800295472145081
1090,-16.1543,-21.2672,-37.4215,-23.7969,-10.1094,2.0,2.0,0.5161290168762207,0.7181817889213562,0.005418924614787102,0.021020324900746346,0.0662202388048172,0.003614738816395402,0.03420398011803627,0.18648943305015564,0.67121422290802
1095,-15.5449,-21.8438,-37.3887,-21.9609,-14.2734,2.0,2.0,0.4193548262119293,0.7294589281082153,0.005455229431390762,0.012119092978537083,0.0580357126891613,0.00240982579998672,0.019395211711525917,0.2066231369972229,0.6670942306518555
1100,-16.8656,-19.5492,-36.4148,-27.0234,-2.0156,2.0,2.0,0.7296587824821472,0.8852707147598267,0.011334474198520184,0.033242080360651016,0.1462053507566452,0.014808768406510353,0.10265080630779266,0.18174751102924347,0.596315324306488
1105,-16.148,-20.8848,-37.0328,-25.2812,-7.3047,2.0,2.0,0.6212121248245239,0.8571428656578064,0.006331618409603834,0.021402079612016678,0.0866815447807312,0.005130596924573183,0.0546875,0.1964396834373474,0.6392646431922913
1110,-15.8582,-21.4914,-37.3496,-22.0938,-13.8438,2.0,2.0,0.7428571581840515,0.8920764923095703,0.004881858825683594,0.010361784137785435,0.0684523805975914,0.004081156570464373,0.02845149300992489,0.19904384016990662,0.6639459133148193
1115,-15.8805,-21.7961,-37.6766,-21.6641,-15.4766,2.0,2.0,0.5384615659713745,0.7365438938140869,0.001222992199473083,0.00861729122698307,0.0539434514939785,0.0010105721885338426,0.01372046023607254,0.19068719446659088,0.6901041865348816
1120,-16.9738,-18.9953,-35.9691,-27.8047,-1.4844,2.0,2.0,0.8786126971244812,0.9454545378684998,0.0079665407538414,0.025056306272745132,0.167038694024086,0.0134483827278018,0.1346781700849533,0.1951570212841034,0.5522388219833374
1125,-15.4246,-21.8289,-37.2535,-22.3984,-13.8906,2.0,2.0,0.37931033968925476,0.7632850408554077,0.004332912154495716,0.013732017949223518,0.0595238097012043,0.0022543531376868486,0.02413712628185749,0.21529074013233185,0.653840184211731
1130,-16.1441,-21.6379,-37.782,-21.25,-16.4922,2.0,2.0,0.6764705777168274,0.7893333435058594,0.0017379969358444214,0.008930552750825882,0.0502232126891613,0.0013215173967182636,0.01457555964589119,0.17891013622283936,0.700715184211731
1135,-16.9402,-19.7926,-36.7328,-28.4219,-1.5156,2.0,2.0,0.8503401279449463,0.9455062747001648,0.004934563301503658,0.017942052334547043,0.1253720223903656,0.005713619291782379,0.09557680040597916,0.18116448819637299,0.6130674481391907
1140,-16.2586,-20.127,-36.3855,-26.5156,-3.1953,2.0,2.0,0.8984615206718445,0.9548443555831909,0.0064272210001945496,0.01848917081952095,0.1190476194024086,0.012632152065634727,0.08865827322006226,0.20561255514621735,0.5886194109916687
1145,-16.159,-20.25,-36.409,-26.0547,-4.75,2.0,2.0,0.800000011920929,0.9287658929824829,0.005192878190428019,0.02283979207277298,0.1197916641831398,0.011466107331216335,0.08566541969776154,0.20957711338996887,0.5888137221336365
1150,-16.048,-20.7637,-36.8117,-24.4609,-7.9375,2.0,2.0,0.8225806355476379,0.8830564618110657,0.006426484789699316,0.019639527425169945,0.0982142835855484,0.012049129232764244,0.05849657952785492,0.19958800077438354,0.6253886818885803
1155,-16.1098,-19.7473,-35.857,-27.2188,-2.5625,2.0,2.0,0.8982758522033691,0.9508437514305115,0.008822469972074032,0.022143865004181862,0.1499255895614624,0.02254353277385235,0.1059546023607254,0.21587376296520233,0.5511505007743835
1160,-17.3293,-18.4766,-35.8059,-28.1797,-1.0156,2.0,2.0,0.8730853199958801,0.9583225846290588,0.008995816111564636,0.024288589134812355,0.1867559552192688,0.017762748524546623,0.15108053386211395,0.1857897937297821,0.540889322757721
1165,-16.0008,-21.2437,-37.2445,-23.5391,-10.2266,2.0,2.0,0.8045112490653992,0.84833163022995,0.003822168568149209,0.014279813505709171,0.0784970223903656,0.005169465206563473,0.03844061121344566,0.19321362674236298,0.6586986780166626
1170,-16.0238,-21.8188,-37.8426,-20.6172,-17.8516,2.0,2.0,0.699999988079071,0.5107296109199524,0.0017160017741844058,0.007944827899336815,0.0491071417927742,0.0007773631950840354,0.009056281298398972,0.18120336532592773,0.7044853568077087
1175,-16.432,-20.6719,-37.1039,-25.4453,-7.1641,2.0,2.0,0.6589147448539734,0.8562048673629761,0.0054450263269245625,0.022452296689152718,0.0885416641831398,0.005013992544263601,0.05919620767235756,0.18559545278549194,0.6457167267799377
1180,-16.1277,-20.8867,-37.0145,-24.3906,-8.5234,2.0,2.0,0.7455621361732483,0.8883321285247803,0.004161712247878313,0.01753104478120804,0.0904017835855484,0.0065687187016010284,0.05429881811141968,0.1961287260055542,0.6385261416435242
1185,-15.9008,-21.316,-37.2168,-23.6562,-10.4375,2.0,2.0,0.8031495809555054,0.9021052718162537,0.002960331505164504,0.01278409082442522,0.0706845223903656,0.004936256445944309,0.03692474961280823,0.1969449669122696,0.6567164063453674
1190,-16.0055,-20.8195,-36.825,-24.1328,-9.0156,2.0,2.0,0.8868501782417297,0.9469964504241943,0.007005253806710243,0.013057738542556763,0.0970982164144516,0.012709887698292732,0.05499844625592232,0.19974346458911896,0.628070592880249
1195,-16.9059,-19.3914,-36.2973,-27.3047,-1.8516,2.0,2.0,0.9097561240196228,0.9718111157417297,0.0035602094139903784,0.016714390367269516,0.1517857164144516,0.01593594439327717,0.11030783504247665,0.18559545278549194,0.5836831331253052
1200,-16.4805,-19.3363,-35.8168,-26.9219,-2.3594,2.0,2.0,0.8790322542190552,0.9561486840248108,0.00782268587499857,0.024308525025844574,0.162202388048172,0.01927860639989376,0.1223180964589119,0.20868314802646637,0.5452425479888916
1205,-16.6656,-18.3754,-35.041,-27.6484,-1.4453,2.0,2.0,0.8633193969726562,0.9631185531616211,0.012061205692589283,0.027234859764575958,0.2209821492433548,0.027868470177054405,0.1665111929178238,0.2159126251935959,0.48523008823394775
1210,-16.5836,-18.9145,-35.498,-26.1562,-2.5547,2.0,2.0,0.8779284954071045,0.9714705944061279,0.014453652314841747,0.022653959691524506,0.1848958283662796,0.031522076576948166,0.1321517378091812,0.20168687403202057,0.5301616787910461
1215,-16.1027,-21.2508,-37.3535,-23.3438,-11.1094,2.0,2.0,0.7676767706871033,0.8392282724380493,0.0032908269204199314,0.014813951216638088,0.0706845223903656,0.003847947809845209,0.03626399114727974,0.18897698819637299,0.6664334535598755
1220,-15.3352,-22.1191,-37.4543,-20.9688,-16.3047,2.0,2.0,0.692307710647583,0.8109090924263,0.0016577638452872634,0.00485633360221982,0.0554315485060215,0.001515858224593103,0.01068874355405569,0.2110152393579483,0.6723025441169739
1225,-16.2828,-20.7359,-37.0187,-25.0859,-5.9375,2.0,2.0,0.863070547580719,0.9289198517799377,0.004696753341704607,0.01475678663700819,0.0881696417927742,0.009367226622998714,0.05577581003308296,0.1903373748064041,0.6400420069694519
1230,-15.741,-21.6555,-37.3965,-21.3203,-15.1562,2.0,2.0,0.8984375,0.8921738862991333,0.003913894295692444,0.005920938216149807,0.0695684552192688,0.004975124262273312,0.022349191829562187,0.19861629605293274,0.6695817708969116
1235,-15.5477,-21.9895,-37.5371,-20.7188,-17.2031,2.0,2.0,0.9047619104385376,0.8881579041481018,0.0005762581713497639,0.004002744797617197,0.056175597012043,0.0016324627213180065,0.01181592047214508,0.20234763622283936,0.6797263622283936
1240,-15.9422,-21.0281,-36.9703,-25.2812,-7.6562,2.0,2.0,0.9193548560142517,0.9420821070671082,0.0018953753169625998,0.011243549175560474,0.090773805975914,0.00481965159997344,0.05301617085933685,0.2050684094429016,0.6326181888580322
1245,-15.766,-22.0941,-37.8602,-19.4766,-19.8281,2.0,2.0,0.6000000238418579,0.7857142686843872,0.0004097521014045924,0.0006620324566029012,0.0476190485060215,0.00019434079877100885,0.0010883084032684565,0.18971548974514008,0.7045242786407471
1250,-15.3227,-21.7234,-37.0461,-23.4453,-11.0234,2.0,2.0,0.9469026327133179,0.9664515852928162,0.002088045934215188,0.007436756975948811,0.0699404776096344,0.0043921018950641155,0.030122824013233185,0.22337530553340912,0.6376321315765381
1255,-15.4625,-22.0133,-37.4758,-20.6172,-17.0078,2.0,2.0,0.8795180916786194,0.9590443968772888,0.0014961661072447896,0.0023676156997680664,0.0598958320915699,0.0032260571606457233,0.011388370767235756,0.20782804489135742,0.6730799078941345
1260,-16.509,-21.0148,-37.5238,-24.8672,-8.4844,2.0,2.0,0.9223300814628601,0.9605399966239929,0.0011223345063626766,0.008904618211090565,0.0721726194024086,0.004003420472145081,0.037430036813020706,0.17315764725208282,0.6809312701225281
1265,-15.9398,-21.7148,-37.6547,-21.9062,-14.3359,2.0,2.0,0.9516128897666931,0.9770408272743225,0.0008255934226326644,0.004058395978063345,0.0550595223903656,0.00240982579998672,0.015236318111419678,0.1883162260055542,0.6895599961280823
1270,-16.3109,-20.7137,-37.0246,-25.1328,-6.0078,2.0,2.0,0.9735973477363586,0.9703543186187744,0.0027236538007855415,0.009709908626973629,0.0918898805975914,0.011777052655816078,0.053754664957523346,0.18551772832870483,0.6444729566574097
1275,-16.6281,-19.7688,-36.3969,-26.8047,-1.9141,2.0,2.0,0.9568345546722412,0.9825416207313538,0.003271314548328519,0.012312528677284718,0.1402529776096344,0.016208022832870483,0.09573227912187576,0.1901041716337204,0.5934779047966003
1280,-16.273,-21.4316,-37.7047,-23.2656,-11.6641,2.0,2.0,0.843137264251709,0.9500890970230103,0.0024106947239488363,0.007108872290700674,0.056175597012043,0.0019822760950773954,0.021805036813020706,0.17735540866851807,0.6943796873092651
1285,-15.8406,-21.775,-37.6156,-21.875,-15.1719,2.0,2.0,0.90625,0.9347826242446899,0.0006054490222595632,0.004138556774705648,0.0580357126891613,0.001243781065568328,0.016091417521238327,0.19259172677993774,0.6855954527854919
1290,-16.3734,-20.9215,-37.2949,-24.7422,-7.0469,2.0,2.0,0.9351351261138916,0.988444447517395,0.0017171066720038652,0.007908148691058159,0.0825892835855484,0.007190609350800514,0.04372667893767357,0.18108674883842468,0.6635183691978455
1295,-16.4895,-19.6676,-36.157,-27.0,-2.1797,2.0,2.0,0.9402298927307129,0.992965579032898,0.0048694973811507225,0.011306703090667725,0.1517857164144516,0.016907649114727974,0.1049828976392746,0.1995491236448288,0.5740827322006226
1300,-16.2465,-21.1625,-37.409,-24.3984,-9.5625,2.0,2.0,0.9487179517745972,0.9775967597961426,0.0018927444471046329,0.00539912935346365,0.0784970223903656,0.003031716449186206,0.0381685309112072,0.1848181039094925,0.6695040464401245
1305,-16.9813,-19.4234,-36.4047,-27.2734,-1.8203,2.0,2.0,0.927318274974823,0.9909256100654602,0.004962243605405092,0.009704281575977802,0.1551339328289032,0.015508395619690418,0.10708177834749222,0.18015392124652863,0.5927783250808716
1310,-17.968,-16.8078,-34.7758,-27.1094,-3.2969,2.0,2.0,0.963203489780426,0.9918196797370911,0.007755277678370476,0.012611709535121918,0.2890625,0.03591417893767357,0.21381373703479767,0.1804260015487671,0.46536847949028015
1315,-17.7676,-16.7539,-34.5215,-27.6406,-1.1797,2.0,2.0,0.9535865187644958,0.989495038986206,0.007269617170095444,0.021443158388137817,0.293154776096344,0.0460587702691555,0.21089863777160645,0.18178637325763702,0.4567786157131195
1320,-19.6148,-12.8848,-32.4996,-28.8438,-0.5781,2.0,2.0,0.9088457226753235,0.9890475869178772,0.027684159576892853,0.0389946885406971,0.4791666567325592,0.07206156849861145,0.3619791567325592,0.1614583283662796,0.30002331733703613
1325,-19.2809,-14.0719,-33.3527,-29.0,-0.5,2.0,2.0,0.8100078105926514,0.9769629836082458,0.02519066259264946,0.05917095020413399,0.3991815447807312,0.049712374806404114,0.3222559094429016,0.16818252205848694,0.3553715944290161
1330,-16.191,-20.902,-37.093,-24.9922,-6.0547,2.0,2.0,0.7982062697410583,0.9475357532501221,0.00245348596945405,0.014458843506872654,0.0803571417927742,0.00866759940981865,0.048896145075559616,0.1901041716337204,0.6478545069694519
1335,-15.2727,-22.3602,-37.6328,-19.375,-20.2422,2.0,2.0,0.0,0.0,0.0,0.0003405994502827525,0.0476190485060215,0.0,0.0,0.21082089841365814,0.6847015023231506
1340,-15.4375,-22.2027,-37.6402,-19.9141,-19.0703,2.0,2.0,0.5,0.6936936974525452,0.00075944559648633,0.002662286162376404,0.048363097012043,0.000310945266392082,0.0043143657967448235,0.20471858978271484,0.6861785054206848
1345,-14.9289,-22.1793,-37.1082,-21.9219,-14.4453,2.0,2.0,0.7090908885002136,0.9122806787490845,0.0031671945471316576,0.005747126415371895,0.0621279776096344,0.002137748757377267,0.01772388070821762,0.23317009210586548,0.6424906849861145
1350,-15.573,-22.2094,-37.7824,-19.3594,-20.2969,2.0,2.0,0.0,0.0,0.0,0.0003902982862200588,0.0476190485060215,7.77363165980205e-05,0.00019434079877100885,0.1981498748064041,0.6971004605293274
1355,-15.3828,-21.9441,-37.327,-22.2656,-13.6172,2.0,2.0,0.7936508059501648,0.9704017043113708,0.0010922992369160056,0.004702839534729719,0.0576636902987957,0.0024486940819770098,0.01838463917374611,0.21350279450416565,0.6611862778663635
1360,-15.3734,-22.0754,-37.4488,-20.8203,-15.8281,2.0,2.0,0.9032257795333862,0.9505300521850586,0.0007415647269226611,0.003236807184293866,0.0554315485060215,0.00240982579998672,0.010999688878655434,0.20965485274791718,0.6724579930305481
1365,-15.584,-21.7258,-37.3098,-23.2578,-11.6797,2.0,2.0,0.8529411554336548,0.9571428298950195,0.0013059701304882765,0.0070074195973575115,0.061011902987957,0.0026430347934365273,0.02448694035410881,0.2083333283662796,0.6600590944290161
1370,-15.6941,-22.1465,-37.8406,-19.7031,-20.0312,2.0,2.0,1.0,0.875,0.0,0.00016568177670706064,0.0476190485060215,3.886815829901025e-05,0.000310945266392082,0.19138681888580322,0.70378577709198
1375,-15.9457,-21.4992,-37.4449,-24.0391,-10.2109,2.0,2.0,0.8888888955116272,0.9943661689758301,0.0020040080416947603,0.005319456569850445,0.067336305975914,0.00174906721804291,0.02759639360010624,0.19395211338996887,0.6722248196601868
1380,-16.3461,-21.7766,-38.1227,-20.2344,-18.9688,2.0,2.0,0.8571428656578064,0.8983050584793091,0.0009471939411014318,0.0007999573135748506,0.0505952388048172,0.0002720771008171141,0.0022932214196771383,0.1641402393579483,0.7288168668746948
1385,-15.3617,-22.2523,-37.6141,-19.7812,-19.3125,2.0,2.0,0.625,0.7906976938247681,0.0011160714784637094,0.0018782014958560467,0.048363097012043,0.000310945266392082,0.0033426617737859488,0.20895522832870483,0.6829135417938232
1390,-15.759,-22.066,-37.825,-20.1719,-18.9766,2.0,2.0,0.6666666865348816,0.9726027250289917,0.0006124948849901557,0.0006642311345785856,0.0494791679084301,0.00011660447489703074,0.0028373757377266884,0.19037623703479767,0.7021921873092651
1395,-15.7836,-21.5609,-37.3445,-22.8672,-12.2266,2.0,2.0,0.9080459475517273,0.9901960492134094,0.002529675140976906,0.004444444552063942,0.0695684552192688,0.003381529822945595,0.02775186486542225,0.19974346458911896,0.6646454930305481
1400,-15.5211,-22.2043,-37.7254,-19.6328,-19.6094,2.0,2.0,0.6666666865348816,0.875,0.0005813953466713428,0.00033658702159300447,0.0494791679084301,0.00023320894979406148,0.0018656715983524919,0.20055970549583435,0.6928638219833374
1405,-15.7234,-22.1383,-37.8617,-19.4688,-20.2656,2.0,2.0,0.0,0.0,0.0,0.0,0.0476190485060215,0.0,0.0,0.19134794175624847,0.7041744589805603
1410,-15.118,-22.2652,-37.3832,-20.6328,-17.3047,2.0,2.0,0.8518518805503845,0.8853210806846619,0.0017556180246174335,0.003041113493964076,0.0558035708963871,0.0010494403541088104,0.008473258465528488,0.22139303386211395,0.6646066308021545
1415,-15.8797,-22.0543,-37.934,-19.6094,-20.1719,2.0,2.0,0.0,0.0,0.0,0.0005455537466332316,0.0476190485060215,0.0,0.0,0.18306903541088104,0.7124533653259277
1420,-16.1734,-20.3441,-36.5176,-27.0312,-2.3984,2.0,2.0,0.9571428298950195,0.9908212423324585,0.004950494971126318,0.007319600787013769,0.1294642835855484,0.010883084498345852,0.08045709133148193,0.20413556694984436,0.6000466346740723
1425,-15.5379,-21.2379,-36.7758,-25.5547,-5.8906,2.0,2.0,0.9256756901741028,0.9879518151283264,0.004903677850961685,0.006244481075555086,0.0918898805975914,0.005752487573772669,0.051616914570331573,0.22193719446659088,0.6162158250808716
1430,-16.2809,-21.6762,-37.957,-21.4844,-16.3516,2.0,2.0,0.7692307829856873,0.9883268475532532,0.00045361759839579463,0.0017972877249121666,0.0528273805975914,0.0005052860942669213,0.0099891172721982,0.17136971652507782,0.7136582732200623
1435,-15.5953,-22.1836,-37.7789,-19.5938,-19.8984,2.0,2.0,0.0,0.6785714030265808,0.0001985308772418648,0.0005563591839745641,0.048363097012043,3.886815829901025e-05,0.0010883084032684565,0.19577892124652863,0.6986162662506104
1440,-15.9711,-21.5668,-37.5379,-23.2344,-12.0312,2.0,2.0,0.8269230723381042,0.9493243098258972,0.0026167472824454308,0.005336240399628878,0.067336305975914,0.002021144377067685,0.023009950295090675,0.19309701025485992,0.6773942708969116
1445,-15.6773,-21.791,-37.4684,-22.7109,-12.8438,2.0,2.0,0.9130434989929199,0.9748427867889404,0.0017424975521862507,0.00518672214820981,0.0572916679084301,0.0017879352672025561,0.018540112301707268,0.2007540464401245,0.674440324306488
1450,-16.2797,-20.1762,-36.4559,-27.5469,-1.6484,2.0,2.0,0.9405204653739929,0.9938271641731262,0.0030546009074896574,0.008516213856637478,0.129836305975914,0.010455534793436527,0.08815298229455948,0.20359142124652863,0.5933224558830261
1455,-16.7043,-19.5848,-36.2891,-27.0,-1.6875,2.0,2.0,0.9793814420700073,0.9920121431350708,0.0051759835332632065,0.008147853426635265,0.1555059552192688,0.018851056694984436,0.10218439251184464,0.18773320317268372,0.5867537260055542
1460,-15.7324,-21.2449,-36.9773,-26.0078,-6.3672,2.0,2.0,0.9318181872367859,0.9742558598518372,0.002921840874478221,0.007084334269165993,0.0822172611951828,0.0034203981049358845,0.04831312224268913,0.21284204721450806,0.6309468150138855
1465,-15.5465,-22.2074,-37.7539,-19.6016,-19.9062,2.0,2.0,0.0,0.4000000059604645,0.00039001560071483254,0.0013411567779257894,0.0479910708963871,7.77363165980205e-05,0.0005830223672091961,0.19931592047214508,0.6955457329750061
1470,-16.1121,-21.8977,-38.0098,-20.1172,-19.1328,2.0,2.0,0.5,0.9038461446762085,0.00022286605963017792,0.001459853956475854,0.0479910708963871,0.00023320894979406148,0.002021144377067685,0.1744014322757721,0.7188665866851807
1475,-16.3699,-20.857,-37.227,-26.4453,-5.0938,2.0,2.0,0.9266055226325989,0.9846271872520447,0.0027151210233569145,0.008787554688751698,0.0818452388048172,0.004236629232764244,0.05056747421622276,0.18610075116157532,0.6546175479888916
1480,-15.6793,-21.0758,-36.7551,-26.2422,-4.6797,2.0,2.0,0.9200000166893005,0.988811194896698,0.002870985073968768,0.009393518790602684,0.088913694024086,0.006801927927881479,0.0555814690887928,0.21661224961280823,0.61652672290802
1485,-14.8453,-22.227,-37.0723,-21.875,-13.9531,2.0,2.0,0.9558823704719543,0.9771689772605896,0.0014768624678254128,0.004379562102258205,0.0565476194024086,0.0026430347934365273,0.01702425442636013,0.23686255514621735,0.6389925479888916
1490,-16.2852,-19.8758,-36.1609,-27.1016,-1.6953,2.0,2.0,0.9541984796524048,0.9984615445137024,0.00409759720787406,0.008516146801412106,0.1458333283662796,0.015275186859071255,0.10105721652507782,0.20868314802646637,0.5705068111419678
1495,-15.7215,-20.4641,-36.1855,-25.6719,-3.9688,2.0,2.0,0.9393258690834045,0.9902533888816833,0.006468531675636768,0.011266275309026241,0.1238839253783226,0.017296331003308296,0.079757459461689,0.2223258763551712,0.5761427283287048
1500,-16.4133,-20.4574,-36.8707,-25.9688,-3.7969,2.0,2.0,0.9230769276618958,0.9910394549369812,0.00561797758564353,0.010093550197780132,0.1004464253783226,0.012126865796744823,0.06506530195474625,0.18680037558078766,0.6315298676490784
1505,-15.2844,-22.2828,-37.5672,-20.0391,-18.6797,2.0,2.0,0.7142857313156128,0.8965517282485962,0.0011041590478271246,0.0018280490767210722,0.048363097012043,0.0005441542016342282,0.003381529822945595,0.21120958030223846,0.6803871393203735
1510,-16.4668,-19.6367,-36.1035,-27.9453,-1.0391,2.0,2.0,0.9375,0.9958506226539612,0.0031865041237324476,0.01041882298886776,0.154389888048172,0.012437811121344566,0.11240671575069427,0.2073616236448288,0.5633162260055542
1515,-16.4742,-20.1645,-36.6387,-27.1797,-2.7812,2.0,2.0,0.9506173133850098,0.9897435903549194,0.004186602775007486,0.00920951645821333,0.1253720223903656,0.00944496225565672,0.08337219804525375,0.19496268033981323,0.6077425479888916
1520,-16.4926,-20.9,-37.3926,-25.6328,-7.1875,2.0,2.0,0.9090909361839294,0.9898819327354431,0.0030594405252486467,0.0063368408009409904,0.081101194024086,0.002992848167195916,0.046097636222839355,0.17786069214344025,0.6685712337493896
1525,-15.4547,-21.8941,-37.3488,-22.7188,-12.5938,2.0,2.0,0.8245614171028137,0.9627329111099243,0.001291989698074758,0.006088280119001865,0.056175597012043,0.0022154850885272026,0.01877332106232643,0.21058768033981323,0.6639459133148193
1530,-17.5902,-17.4168,-35.007,-26.9219,-2.2188,2.0,2.0,0.9623430967330933,0.9952540993690491,0.007535641547292471,0.011168663389980793,0.2585565447807312,0.027868470177054405,0.19655628502368927,0.1908426582813263,0.48025497794151306
1535,-15.6457,-21.7805,-37.4262,-23.25,-12.0234,2.0,2.0,0.7368420958518982,0.9864341020584106,0.0015305146807804704,0.00637348648160696,0.0558035708963871,0.001476990059018135,0.020055970177054405,0.20316386222839355,0.6708255410194397
1540,-16.9832,-17.5457,-34.5289,-25.0547,-6.3516,2.0,2.0,0.9076923131942749,0.9668639302253723,0.015390252694487572,0.0280835572630167,0.2589285671710968,0.03789645433425903,0.19706156849861145,0.21214240789413452,0.4484219551086426
1545,-16.166,-20.0168,-36.1828,-27.5,-1.3906,2.0,2.0,0.895061731338501,0.9897476434707642,0.004163649398833513,0.011394650675356388,0.1417410671710968,0.01259328331798315,0.09856965392827988,0.21470771729946136,0.56965172290802
1550,-16.9609,-18.5055,-35.4664,-27.5703,-1.2734,2.0,2.0,0.9293680191040039,0.9888087511062622,0.004207305610179901,0.01584666408598423,0.2098214328289032,0.020911069586873055,0.15628886222839355,0.20324160158634186,0.5150808691978455
1555,-15.9844,-21.4828,-37.4672,-23.3047,-11.0703,2.0,2.0,0.8804348111152649,0.9548872113227844,0.0018356108339503407,0.007307249587029219,0.063988097012043,0.0035758705344051123,0.02584732510149479,0.19057057797908783,0.6755285859107971
1560,-15.2238,-21.4371,-36.6609,-25.8125,-5.5859,2.0,2.0,0.8246753215789795,0.9770023822784424,0.002338399877771735,0.009272285737097263,0.0866815447807312,0.005985696334391832,0.04901275038719177,0.23270367085933685,0.6078202724456787
1565,-17.577,-17.516,-35.093,-27.125,-2.0469,2.0,2.0,0.878581166267395,0.9850746393203735,0.009543568827211857,0.01984756998717785,0.251860111951828,0.02849036082625389,0.1901041716337204,0.1873445212841034,0.4895833432674408
1570,-16.6387,-19.4793,-36.118,-26.3594,-1.8672,2.0,2.0,0.9406307935714722,0.9889008402824402,0.0036108323838561773,0.011682401411235332,0.1584821492433548,0.020949937403202057,0.1085587665438652,0.1937577724456787,0.5722559094429016
1575,-16.7285,-19.8176,-36.5461,-27.8438,-1.2656,2.0,2.0,0.8594771027565002,0.9851852059364319,0.00351894018240273,0.011439281515777111,0.1413690447807312,0.01189365703612566,0.09444962441921234,0.18777208030223846,0.6014070510864258
1580,-17.7449,-17.6723,-35.4172,-28.0859,-1.3203,2.0,2.0,0.9058084487915039,0.9873858094215393,0.00830419547855854,0.016781313344836235,0.2410714328289032,0.024759016931056976,0.1787157952785492,0.17786069214344025,0.5141868591308594
1585,-16.8551,-19.9031,-36.7582,-28.0234,-1.7031,2.0,2.0,0.9189189076423645,0.9872415065765381,0.003877638839185238,0.010438282042741776,0.1283482164144516,0.008628731593489647,0.08834732323884964,0.1804260015487671,0.6181203126907349
1590,-17.7418,-17.3609,-35.1027,-26.8047,-3.1797,2.0,2.0,0.9228611588478088,0.9871031641960144,0.006990044377744198,0.014244787395000458,0.265625,0.027712997049093246,0.19589552283287048,0.18349657952785492,0.48841729760169983
1595,-16.8574,-20.0742,-36.9316,-26.9922,-2.8984,2.0,2.0,0.8743961453437805,0.977667510509491,0.0026315790601074696,0.013101242482662201,0.114211305975914,0.008045708760619164,0.07831934094429016,0.1772388070821762,0.6319185495376587
1600,-16.8559,-19.1234,-35.9793,-27.8047,-1.1328,2.0,2.0,0.9070904850959778,0.9875795245170593,0.003994407597929239,0.012776653282344341,0.1759672611951828,0.015897076576948166,0.12830379605293274,0.19461287558078766,0.5567086338996887
1605,-17.091,-19.1148,-36.2059,-27.9219,-1.5078,2.0,2.0,0.93113774061203,0.9953139424324036,0.00398573512211442,0.010109920054674149,0.1696428507566452,0.012981965206563473,0.12441697716712952,0.18528451025485992,0.5728389024734497
1610,-16.2055,-21.6453,-37.8508,-21.6094,-15.5391,2.0,2.0,0.7647058963775635,0.949404776096344,0.001550387591123581,0.0031947121024131775,0.0550595223903656,0.0013215173967182636,0.013059701770544052,0.17548973858356476,0.7056514024734497
1615,-17.0816,-17.7473,-34.8289,-27.4219,-2.3438,2.0,2.0,0.9016990065574646,0.9917029738426208,0.01073446311056614,0.01671493612229824,0.2529761791229248,0.032027363777160645,0.18738339841365814,0.206389918923378,0.4697217047214508
1620,-17.4328,-17.7797,-35.2125,-27.8594,-1.5625,2.0,2.0,0.8602693676948547,0.9898670315742493,0.012190247885882854,0.017237307503819466,0.2336309552192688,0.02308768592774868,0.18411846458911896,0.1944962739944458,0.4938199520111084
1625,-17.1602,-18.0613,-35.2215,-26.4062,-2.0078,2.0,2.0,0.8874092102050781,0.9944003820419312,0.00906344410032034,0.013808531686663628,0.2384672611951828,0.03210509940981865,0.1665889322757721,0.19298040866851807,0.5038479566574097
1630,-17.5695,-16.918,-34.4875,-27.5312,-1.6328,2.0,2.0,0.8546679615974426,0.9860431551933289,0.017379144206643105,0.02125805802643299,0.298735111951828,0.040384016931056976,0.2144356369972229,0.1945739984512329,0.4461287260055542
1635,-17.4047,-16.6875,-34.0922,-27.0625,-2.9922,2.0,2.0,0.910815954208374,0.9891030788421631,0.013293391093611717,0.021254681050777435,0.3117559552192688,0.04096703976392746,0.2318485677242279,0.2075948417186737,0.4151119291782379
1640,-18.523,-16.1605,-34.6836,-28.7891,-0.6406,2.0,2.0,0.9604591727256775,0.9944930076599121,0.006610440090298653,0.016246259212493896,0.308407723903656,0.030472636222839355,0.23997201025485992,0.17051461338996887,0.45456311106681824
1645,-19.0551,-14.8035,-33.8586,-28.7031,-0.7891,2.0,2.0,0.9455066919326782,0.9940836429595947,0.009199632331728935,0.019920319318771362,0.376860111951828,0.04065609350800514,0.2956312298774719,0.16899876296520233,0.3902363181114197
1650,-18.407,-16.1324,-34.5395,-27.7734,-1.2891,2.0,2.0,0.9770318269729614,0.9971557855606079,0.0052083334885537624,0.011019048281013966,0.324032723903656,0.043998755514621735,0.23231498897075653,0.16417910158634186,0.45502954721450806
1655,-17.9488,-16.4863,-34.4352,-28.0703,-1.2109,2.0,2.0,0.9783783555030823,0.9978318810462952,0.00350443203933537,0.011714589782059193,0.3117559552192688,0.03595304861664772,0.23305347561836243,0.1885494440793991,0.43796640634536743
1660,-18.3793,-15.8258,-34.2051,-28.1094,-1.0391,2.0,2.0,0.9616613388061523,0.9984980225563049,0.005314625799655914,0.013315951451659203,0.3407738208770752,0.03649720177054405,0.2587842047214508,0.18283581733703613,0.4174051582813263
1665,-18.0773,-17.0355,-35.1129,-28.2344,-0.8828,2.0,2.0,0.9664633870124817,0.9996235370635986,0.004190560430288315,0.010449070483446121,0.2726934552192688,0.02549751289188862,0.20650653541088104,0.17622824013233185,0.4872901141643524
1670,-17.0508,-17.066,-34.1168,-27.25,-1.5859,2.0,2.0,0.974418580532074,0.998525083065033,0.006605504546314478,0.011401250027120113,0.3046875,0.05013992637395859,0.21082089841365814,0.2118314653635025,0.42273008823394775
1675,-18.432,-15.459,-33.891,-28.6328,-0.6953,2.0,2.0,0.9661563038825989,0.9981085658073425,0.009812472388148308,0.014700192958116531,0.3571428656578064,0.04823538661003113,0.26714086532592773,0.17824937403202057,0.40189677476882935
1680,-17.4586,-16.923,-34.3816,-27.4062,-1.2969,2.0,2.0,0.9829867482185364,0.9991024732589722,0.004111198242753744,0.010174290277063847,0.2998511791229248,0.04112251102924347,0.21653451025485992,0.19853855669498444,0.43932679295539856
1685,-17.4477,-17.2789,-34.7266,-27.9844,-1.0078,2.0,2.0,0.974388837814331,0.9984665513038635,0.005504226312041283,0.010861328803002834,0.2779017984867096,0.03338775038719177,0.20277518033981323,0.19772233068943024,0.46163713932037354
1690,-17.7273,-17.3148,-35.0422,-28.4219,-0.7891,2.0,2.0,0.9712991118431091,0.9931906461715698,0.0066047473810613155,0.013959493488073349,0.2593005895614624,0.025730721652507782,0.1997823417186737,0.1883162260055542,0.4816930890083313
1695,-16.5922,-19.1035,-35.6957,-27.9062,-1.0469,2.0,2.0,0.9768518805503845,0.9974387884140015,0.0024159078020602465,0.009698825888335705,0.1834077388048172,0.016791045665740967,0.13658271729946136,0.209149569272995,0.5329990386962891
1700,-16.5406,-19.9977,-36.5383,-28.0703,-1.2344,2.0,2.0,0.9740259647369385,0.9991532564163208,0.0023947316221892834,0.008551438339054585,0.1320684552192688,0.008978544734418392,0.09180659055709839,0.19476833939552307,0.5999689102172852
1705,-16.4836,-18.6387,-35.1223,-26.875,-1.5625,2.0,2.0,0.9895470142364502,0.9984427690505981,0.005829841364175081,0.0110617745667696,0.2154017835855484,0.03346548601984978,0.14975902438163757,0.21334733068943024,0.4989505708217621
1710,-16.6566,-18.6523,-35.309,-27.6719,-1.1641,2.0,2.0,0.9910233616828918,0.9982569813728333,0.003944773226976395,0.009154383093118668,0.215773805975914,0.021649565547704697,0.1560945212841034,0.21676772832870483,0.5010105967521667
1715,-17.0902,-18.575,-35.6652,-27.8438,-1.0781,2.0,2.0,0.9902152419090271,1.0,0.002796085551381111,0.008191325701773167,0.209077388048172,0.019861629232764244,0.14960354566574097,0.19461287558078766,0.5314443111419678
1720,-16.9387,-19.1828,-36.1215,-28.0781,-1.0781,2.0,2.0,0.9869791865348816,0.9939968585968018,0.00245348596945405,0.00938356202095747,0.1715029776096344,0.014925372786819935,0.12301772087812424,0.1901041716337204,0.5674751400947571
1725,-16.6387,-18.0098,-34.6484,-27.1094,-1.4453,2.0,2.0,0.9928644299507141,1.0,0.004278074949979782,0.01004049926996231,0.2526041567325592,0.038129664957523346,0.17867693305015564,0.21805037558078766,0.46066543459892273
1730,-18.2801,-16.5574,-34.8375,-28.4922,-0.8359,2.0,2.0,0.9816901683807373,0.9993166923522949,0.003091872902587056,0.008871777914464474,0.2991071343421936,0.02759639360010624,0.2275342047214508,0.17599502205848694,0.46439677476882935
1735,-16.9965,-17.0398,-34.0363,-26.875,-1.7734,2.0,2.0,0.9881982803344727,0.9971056580543518,0.004524067975580692,0.011012598872184753,0.3095238208770752,0.049401428550481796,0.21486318111419678,0.21478544175624847,0.41647231578826904
1740,-17.777,-15.6676,-33.4445,-27.625,-1.4922,2.0,2.0,0.9859693646430969,0.9986634850502014,0.00603465037420392,0.011873763054609299,0.373139888048172,0.06094527244567871,0.2617381811141968,0.19966574013233185,0.37317320704460144
1745,-18.5434,-15.2727,-33.816,-28.6172,-0.9844,2.0,2.0,0.991603672504425,0.9980356097221375,0.005013077519834042,0.013222814537584782,0.3675595223903656,0.04629197716712952,0.27701336145401,0.17832711338996887,0.3938899338245392
1750,-18.2609,-15.473,-33.734,-27.875,-1.0859,2.0,2.0,0.980629563331604,0.9977139830589294,0.007071547210216522,0.010906543582677841,0.370907723903656,0.04815765097737312,0.2720382511615753,0.18687811493873596,0.3884483873844147
1755,-18.9539,-14.8816,-33.8355,-28.2734,-1.2969,2.0,2.0,0.988161027431488,0.9949783086776733,0.0028510335832834244,0.014809729531407356,0.3757440447807312,0.04924595728516579,0.2863805890083313,0.16359607875347137,0.3962997496128082
1760,-17.7863,-15.7285,-33.5148,-28.4688,-0.8125,2.0,2.0,0.9788321256637573,0.996049165725708,0.007243614178150892,0.01407716330140829,0.3668154776096344,0.05324937775731087,0.265625,0.20390236377716064,0.3727456331253052
1765,-18.3062,-16.0633,-34.3695,-28.6562,-0.7656,2.0,2.0,0.9805936217308044,0.9959533214569092,0.004863607697188854,0.009264305233955383,0.3381696343421936,0.03404850885272026,0.24972791969776154,0.18380752205848694,0.42793843150138855
1770,-18.4477,-15.5402,-33.9879,-28.6172,-0.9375,2.0,2.0,0.9945105314254761,0.9956464767456055,0.004516128916293383,0.01143570989370346,0.363095223903656,0.0424828976392746,0.2678404748439789,0.1807369440793991,0.404462069272995
1775,-17.875,-15.5348,-33.4098,-28.0625,-1.0391,2.0,2.0,0.9855471253395081,0.9988502264022827,0.008453410118818283,0.014431239105761051,0.3720238208770752,0.0564754344522953,0.2704446613788605,0.2023087739944458,0.3662935197353363
1780,-17.6375,-16.9039,-34.5414,-27.8125,-1.0938,2.0,2.0,0.98735511302948,0.9982017874717712,0.0060192616656422615,0.009007448330521584,0.2998511791229248,0.036885883659124374,0.2161458283662796,0.19371891021728516,0.44877177476882935
1785,-17.7941,-16.9305,-34.7246,-27.3672,-1.3281,2.0,2.0,0.9940357804298401,0.9992501139640808,0.0052966102957725525,0.00901502463966608,0.2924107015132904,0.03910136967897415,0.20732276141643524,0.18345771729946136,0.4656405448913574
1790,-17.998,-16.4031,-34.4012,-27.8906,-1.1016,2.0,2.0,0.990774929523468,0.997802197933197,0.005973970517516136,0.010657037608325481,0.316220223903656,0.042133085429668427,0.2299051582813263,0.18217505514621735,0.4413090944290161
1795,-17.3559,-17.5832,-34.9391,-27.4844,-1.2578,2.0,2.0,0.9876998662948608,0.9975389838218689,0.00375865469686687,0.008702017366886139,0.2663690447807312,0.03159981220960617,0.18952114880084991,0.19647854566574097,0.47792288661003113
1800,-17.4066,-18.0008,-35.4074,-27.9844,-1.0078,2.0,2.0,0.9899497628211975,0.9993195533752441,0.003278016811236739,0.007982969284057617,0.236235111951828,0.023204291239380836,0.17136971652507782,0.18971548974514008,0.5112329125404358
1805,-17.6477,-18.2746,-35.9223,-28.2344,-0.8828,2.0,2.0,0.9952152967453003,0.998993456363678,0.003567446954548359,0.007554896641522646,0.2124255895614624,0.016246890649199486,0.154462069272995,0.1743236929178238,0.5504897236824036
1810,-16.4617,-18.6309,-35.0926,-26.6406,-1.6797,2.0,2.0,0.9921568632125854,0.9992499947547913,0.004397537559270859,0.007704527582973242,0.2254464328289032,0.029734142124652863,0.15547263622283936,0.22096548974514008,0.4893501102924347
1815,-17.1398,-17.8289,-34.9688,-27.6562,-1.1719,2.0,2.0,0.9850574731826782,0.9984789490699768,0.005660745780915022,0.00899959821254015,0.2533482015132904,0.03381529822945595,0.1788712739944458,0.19912157952785492,0.4837142527103424
1820,-18.3844,-15.8133,-34.1977,-27.9844,-1.125,2.0,2.0,0.9896907210350037,0.9984508156776428,0.006644518114626408,0.007793874945491552,0.349702388048172,0.045242536813020706,0.2508939802646637,0.17548973858356476,0.4238961338996887
1825,-18.6941,-15.4516,-34.1457,-28.8203,-0.6484,2.0,2.0,0.9842519760131836,0.9991475939750671,0.004386927001178265,0.010613095946609974,0.3590029776096344,0.03455379232764244,0.2735929787158966,0.17719994485378265,0.4101756811141968
1830,-18.7816,-15.3738,-34.1555,-28.3359,-0.9141,2.0,2.0,0.9898242354393005,0.9988430738449097,0.00602130638435483,0.008763751946389675,0.359375,0.04201648011803627,0.26877331733703613,0.16783271729946136,0.4168998897075653
1835,-18.0941,-16.0562,-34.1504,-28.5312,-0.7344,2.0,2.0,0.991631805896759,0.9998465776443481,0.002417405368760228,0.007829450070858002,0.34375,0.03715796023607254,0.25338152050971985,0.1929415464401245,0.4120413661003113
1840,-18.1004,-16.1164,-34.2168,-28.0781,-1.1484,2.0,2.0,0.9889807105064392,0.9976125955581665,0.004409911576658487,0.008527415804564953,0.3415178656578064,0.04232742637395859,0.24420864880084991,0.18509016931056976,0.4238961338996887
1845,-19.1074,-14.6508,-33.7582,-28.8047,-0.7734,2.0,2.0,0.9860464930534363,0.9984573721885681,0.003908046055585146,0.010573403909802437,0.3984375,0.04178326949477196,0.30235540866851807,0.16907648742198944,0.3823072016239166
1850,-19.1605,-14.1883,-33.3488,-28.7656,-0.8516,2.0,2.0,0.9765051603317261,0.9980452060699463,0.0039026630111038685,0.007770603056997061,0.4375,0.05293843150138855,0.3181358873844147,0.16930970549583435,0.35513836145401
1855,-19.4246,-13.4129,-32.8375,-27.6406,-3.1016,2.0,2.0,0.8999494910240173,0.9869494438171387,0.011746680364012718,0.028144342824816704,0.4921875,0.07692008465528488,0.3335665464401245,0.15220771729946136,0.3328280448913574
1860,-17.9461,-16.3043,-34.2504,-19.1953,-19.9922,2.0,2.0,0.7780487537384033,0.9645439982414246,0.014169570058584213,0.028793979436159134,0.3921130895614624,0.06374377757310867,0.22034358978271484,0.167327418923378,0.4441075921058655
1865,-17.7383,-18.6734,-36.4117,-20.6406,-18.2969,2.0,2.0,0.663914144039154,0.8859286904335022,0.013125763274729252,0.023980362340807915,0.2726934552192688,0.04706934094429016,0.10358364135026932,0.12733209133148193,0.6175373196601868
1870,-16.7129,-20.2168,-36.9297,-19.3516,-20.2422,2.0,2.0,0.6294307112693787,0.89629065990448,0.012787723913788795,0.013093968853354454,0.1941964328289032,0.036186255514621735,0.05134483799338341,0.15197449922561646,0.6560167670249939
1875,-15.9734,-21.6688,-37.6422,-19.6406,-19.8984,2.0,2.0,0.2888889014720917,0.5703324675559998,0.00021353832562454045,0.00725289573892951,0.115699402987957,0.00699626887217164,0.015197450295090675,0.18201959133148193,0.6913090944290161
1880,-15.4563,-22.0633,-37.5195,-19.2812,-20.3594,2.0,2.0,0.19148936867713928,0.8081632852554321,0.0003809523768723011,0.0023494355846196413,0.0837053582072258,0.003653606865555048,0.009522698819637299,0.20405784249305725,0.6782882213592529
1885,-16.2148,-20.8004,-37.0152,-19.6406,-20.0859,2.0,2.0,0.46052631735801697,0.8187874555587769,0.0024276755284518003,0.015579178929328918,0.145461305975914,0.00886194035410881,0.05834110826253891,0.19212530553340912,0.6361940503120422
1890,-17.509,-17.557,-35.066,-19.2031,-20.0469,2.0,2.0,0.8660801649093628,0.9286169409751892,0.006097560748457909,0.024846674874424934,0.3058035671710968,0.03976212814450264,0.182952418923378,0.17848259210586548,0.4943252503871918
1895,-17.848,-16.6457,-34.4938,-19.7109,-19.1016,2.0,2.0,0.9075067043304443,0.9712793827056885,0.004382929764688015,0.014091637916862965,0.3500744104385376,0.05799129232764244,0.2084110677242279,0.16849346458911896,0.4606265425682068
1900,-18.4027,-15.8293,-34.232,-22.125,-14.3438,2.0,2.0,0.917664647102356,0.9840467572212219,0.0035014005843549967,0.011182252317667007,0.3772321343421936,0.05192786082625389,0.24607431888580322,0.1665111929178238,0.4310090243816376
1905,-16.7355,-19.3418,-36.0773,-19.3281,-20.2656,2.0,2.0,0.8331360816955566,0.9768126606941223,0.002802327973768115,0.003639059141278267,0.2276785671710968,0.03284359350800514,0.10560479015111923,0.18030938506126404,0.5767646431922913
1910,-16.1621,-20.5004,-36.6625,-19.2031,-20.3984,2.0,2.0,0.7549909353256226,0.9661720991134644,0.0010121457744389772,0.0036560767330229282,0.1644345223903656,0.021416354924440384,0.06549284607172012,0.19200870394706726,0.6166045069694519
1915,-16.875,-20.0625,-36.9375,-19.2734,-20.3516,2.0,2.0,0.7382978796958923,0.9432360529899597,0.0018717828206717968,0.005910669453442097,0.1703869104385376,0.018268035724759102,0.07326647639274597,0.16612251102924347,0.6378653645515442
1920,-16.2926,-21.7184,-38.0109,-19.7734,-20.1016,2.0,2.0,0.460317462682724,0.9032257795333862,0.0018454440869390965,0.0004327365313656628,0.0647321417927742,0.0024486940819770098,0.006024564616382122,0.16849346458911896,0.7185556888580322
1925,-15.9656,-21.259,-37.2246,-19.5156,-20.2422,2.0,2.0,0.5953307151794434,0.9077568054199219,0.00020153164223302156,0.004209402948617935,0.1231398805975914,0.0099891172721982,0.037080224603414536,0.1928638070821762,0.65558922290802
1930,-15.9168,-21.5863,-37.5031,-19.4375,-20.2812,2.0,2.0,0.3581395447254181,0.8961538672447205,0.0010373444529250264,0.002688018372282386,0.1153273805975914,0.008356654085218906,0.020211443305015564,0.1873445212841034,0.6796097755432129
1935,-15.0809,-22.3922,-37.473,-19.1562,-20.4219,2.0,2.0,0.1764705926179886,0.688524603843689,0.00035254715476185083,0.00017386264516972005,0.0695684552192688,0.0019822760950773954,0.002370957750827074,0.22049906849861145,0.6706700921058655
1940,-16.0137,-21.8414,-37.8551,-19.625,-20.1875,2.0,2.0,0.17894737422466278,0.5679012537002563,0.0008703219937160611,0.00027492165099829435,0.100074402987957,0.0036924751475453377,0.006296641658991575,0.1786380559206009,0.7068952322006226
1945,-15.2375,-22.3438,-37.5812,-19.4766,-20.1094,2.0,2.0,0.04545454680919647,0.1190476194024086,0.00018188431567978114,0.0008582217851653695,0.0632440447807312,0.0008550995262339711,0.0016324627213180065,0.2136971354484558,0.6793376803398132
1950,-15.5711,-22.1805,-37.7516,-19.5469,-20.1328,2.0,2.0,0.0,0.0,0.00019554165191948414,0.0014551152708008885,0.0591517873108387,0.00042754976311698556,0.001826803432777524,0.19877175986766815,0.6944962739944458
1955,-15.8648,-22.0559,-37.9207,-19.6484,-20.1172,2.0,2.0,0.0,0.0,0.0,0.00032869508140720427,0.0528273805975914,7.77363165980205e-05,0.0006996268639340997,0.18524564802646637,0.7094993591308594
1960,-15.6605,-22.1562,-37.8168,-19.5,-20.25,2.0,2.0,0.0,0.0,0.0,0.0,0.056175597012043,0.0003886815975420177,0.0005052860942669213,0.1927083283662796,0.7019200921058655
1965,-15.5383,-22.2133,-37.7516,-19.3125,-20.2734,2.0,2.0,0.0,0.0,0.0,0.000781206414103508,0.0535714291036129,0.0003886815975420177,0.0007773631950840354,0.19780005514621735,0.6965562701225281
1970,-15.2184,-22.2578,-37.4762,-19.4375,-19.4375,2.0,2.0,0.0,0.036269430071115494,0.001616960158571601,0.009968125261366367,0.0621279776096344,0.0010105721885338426,0.007501554675400257,0.21634016931056976,0.6706700921058655
1975,-15.9285,-21.9555,-37.884,-19.9922,-19.5,2.0,2.0,0.0,0.0,0.0,0.004397054202854633,0.068824402987957,0.00034981343196704984,0.004508706275373697,0.18349657952785492,0.7071672677993774
1980,-15.6895,-22.0246,-37.7141,-19.7422,-19.3672,2.0,2.0,0.0,0.13265305757522583,0.0005965400487184525,0.008481716737151146,0.0636160746216774,0.00046641789958812296,0.007618159055709839,0.1954679787158966,0.6919698119163513
1985,-15.7121,-22.134,-37.8461,-19.5,-20.2031,2.0,2.0,0.0,0.0,0.0,0.00038703970494680107,0.0513392873108387,7.77363165980205e-05,0.0005830223672091961,0.1918921023607254,0.7029695510864258
1990,-15.0469,-22.3957,-37.4426,-19.5234,-19.6875,2.0,2.0,0.0,0.0873015895485878,0.0010482179932296276,0.0043660495430231094,0.0647321417927742,0.00046641789958812296,0.0048973881639540195,0.22248134016990662,0.6676772236824036
1995,-14.9777,-22.4813,-37.459,-19.5703,-19.9453,2.0,2.0,0.0,0.0,0.0001738223509164527,0.0024357710499316454,0.0505952388048172,3.886815829901025e-05,0.0016713308868929744,0.22360852360725403,0.670203685760498
2000,-15.8465,-22.0023,-37.8488,-19.9922,-19.3594,2.0,2.0,0.0,0.042016807943582535,0.0006226649857126176,0.004697170574218035,0.0602678582072258,0.0002720771008171141,0.004625311121344566,0.18726679682731628,0.7033582329750061
2005,-15.7797,-22.0961,-37.8758,-19.4453,-20.1484,2.0,2.0,0.0,0.0,0.0,0.0009359687101095915,0.0502232126891613,0.0,0.0009328357991762459,0.1886271834373474,0.7059623599052429
2010,-15.7797,-22.0621,-37.8418,-19.4375,-19.9531,2.0,2.0,0.1428571492433548,0.15625,0.0006189395789988339,0.0033660742919892073,0.0502232126891613,0.0002720771008171141,0.002487562131136656,0.1883939653635025,0.7043687701225281
2015,-15.057,-22.393,-37.45,-19.7656,-19.4141,2.0,2.0,0.0,0.0416666679084301,0.0005228302325122058,0.004948765505105257,0.0628720223903656,0.00023320894979406148,0.004664178937673569,0.22302550077438354,0.6675994992256165
2020,-15.7551,-21.8664,-37.6215,-20.3047,-18.2188,2.0,2.0,0.03030303120613098,0.16569767892360687,0.0007982438546605408,0.01727849617600441,0.0736607164144516,0.0012826492311432958,0.013370647095143795,0.19476833939552307,0.6861007213592529
2025,-15.4133,-22.2688,-37.682,-19.2578,-20.1719,2.0,2.0,0.0,0.10000000149011612,0.0,0.0011850347509607673,0.0539434514939785,7.77363165980205e-05,0.0015547263901680708,0.20510727167129517,0.6887826323509216
2030,-15.8016,-21.8379,-37.6395,-20.5781,-17.7891,2.0,2.0,0.11764705926179886,0.3050314486026764,0.00159203982912004,0.016459276899695396,0.065476194024086,0.0006607586983591318,0.012360074557363987,0.1953125,0.6871890425682068
2035,-16.225,-21.1141,-37.3391,-22.0234,-14.5938,2.0,2.0,0.2461538463830948,0.36512261629104614,0.004756980575621128,0.03668055683374405,0.1421130895614624,0.0025264304131269455,0.042793843895196915,0.18792754411697388,0.6622745394706726
2040,-15.3691,-22.2492,-37.6184,-19.5234,-19.875,2.0,2.0,0.0,0.09900990128517151,0.0,0.004611968528479338,0.0558035708963871,0.000155472633196041,0.003925683908164501,0.20879974961280823,0.6826415061950684
2045,-16.4043,-20.6336,-37.0379,-23.5078,-11.3906,2.0,2.0,0.24786324799060822,0.47200942039489746,0.006542629096657038,0.05154576152563095,0.1529017835855484,0.004547574557363987,0.06595926731824875,0.1901041716337204,0.6349113583564758
2050,-15.2809,-22.2043,-37.4852,-20.1719,-18.5078,2.0,2.0,0.2142857164144516,0.190265491604805,0.00109349365811795,0.00941489078104496,0.0662202388048172,0.0005441542016342282,0.008784203790128231,0.21326959133148193,0.6729244589805603
2055,-15.6227,-22.1266,-37.7492,-19.5938,-19.9453,2.0,2.0,0.0,0.06896551698446274,0.00019766752666328102,0.0041920519433915615,0.0565476194024086,0.00011660447489703074,0.003381529822945595,0.19663402438163757,0.6953902244567871
2060,-16.4387,-21.2879,-37.7266,-21.5,-15.5938,2.0,2.0,0.25925925374031067,0.22868742048740387,0.0022573363967239857,0.033400584012269974,0.0695684552192688,0.0010494403541088104,0.028723569586873055,0.17218594253063202,0.6935634613037109
2065,-15.7293,-22.1184,-37.8477,-19.6484,-20.0,2.0,2.0,0.0,0.0,0.0,0.0013278007972985506,0.0494791679084301,3.886815829901025e-05,0.0010494403541088104,0.1918921023607254,0.7025420069694519
2070,-15.2879,-22.332,-37.6199,-19.1797,-20.2344,2.0,2.0,0.20000000298023224,0.0,0.0,0.0015935348346829414,0.0520833320915699,0.00019434079877100885,0.0010494403541088104,0.21132618188858032,0.6829524040222168
2075,-15.6313,-21.7941,-37.4254,-21.125,-16.7891,2.0,2.0,0.03448275849223137,0.09793814271688461,0.0011415524641051888,0.031211785972118378,0.0721726194024086,0.0011271765688434243,0.022621268406510353,0.20429104566574097,0.6674829125404358
2080,-15.8402,-22.077,-37.9172,-19.6875,-20.1094,2.0,2.0,0.0,0.0,0.0,0.0002737176255322993,0.0476190485060215,0.0,0.000155472633196041,0.18536224961280823,0.7100046873092651
2085,-15.6133,-21.8711,-37.4844,-20.6641,-17.6641,2.0,2.0,0.21052631735801697,0.08624230325222015,0.0009562057675793767,0.024039294570684433,0.0784970223903656,0.0007384950295090675,0.01892879419028759,0.20324160158634186,0.6726135015487671
2090,-15.8754,-22.0184,-37.8938,-19.7109,-19.875,2.0,2.0,0.0,0.1230769231915474,0.0,0.003238022094592452,0.0505952388048172,7.77363165980205e-05,0.0025264304131269455,0.18470148742198944,0.7082167267799377
2095,-15.4945,-21.9082,-37.4027,-21.3125,-16.0156,2.0,2.0,0.1428571492433548,0.13572853803634644,0.0011127596953883767,0.02476780116558075,0.079613097012043,0.0010883084032684565,0.019472947344183922,0.20957711338996887,0.6653839945793152
2100,-15.55,-22.2121,-37.7621,-19.4219,-20.1719,2.0,2.0,0.0,0.0,0.0,0.0007280465797521174,0.0509672611951828,0.0,0.0008550995262339711,0.20063744485378265,0.6940298676490784
2105,-15.7227,-21.759,-37.4816,-21.5156,-15.9609,2.0,2.0,0.375,0.23247233033180237,0.0019379844889044762,0.02414231188595295,0.0792410746216774,0.0009328357991762459,0.021066542714834213,0.20055970549583435,0.6729633212089539
2110,-15.941,-21.2156,-37.1566,-24.4688,-10.1484,2.0,2.0,0.44736841320991516,0.3657331168651581,0.0028620492666959763,0.04453979432582855,0.1130952388048172,0.001476990059018135,0.04718594625592232,0.20370802283287048,0.6431514024734497
2115,-15.5004,-22.2305,-37.7309,-19.3984,-20.0547,2.0,2.0,0.0,0.0,0.0,0.0006174572044983506,0.0558035708963871,0.000155472633196041,0.0010883084032684565,0.20184235274791718,0.6924362778663635
2120,-15.6457,-22.0289,-37.6746,-20.75,-17.6562,2.0,2.0,0.1666666716337204,0.15121951699256897,0.0007866273517720401,0.008400045335292816,0.0725446417927742,0.00046641789958812296,0.007967972196638584,0.19764459133148193,0.6894434094429016
2125,-15.9867,-22.0066,-37.9934,-19.7188,-20.1406,2.0,2.0,0.0,0.0,0.0,0.0,0.0476190485060215,0.0,0.0,0.17995958030223846,0.7155628204345703
2130,-16.0238,-21.4707,-37.4945,-22.7578,-13.5234,2.0,2.0,0.25806450843811035,0.23027166724205017,0.0010158471995964646,0.031015362590551376,0.1052827388048172,0.00120491289999336,0.03004508651793003,0.19130907952785492,0.6729633212089539
2135,-15.9621,-21.443,-37.4051,-22.6719,-13.25,2.0,2.0,0.3571428656578064,0.19544364511966705,0.004165013786405325,0.03580189123749733,0.1112351194024086,0.0016324627213180065,0.03241604566574097,0.1959732621908188,0.6655006408691406
2140,-16.0664,-20.9543,-37.0207,-24.5391,-8.3906,2.0,2.0,0.5412843823432922,0.4219653308391571,0.007931902073323727,0.048052266240119934,0.1432291716337204,0.004236629232764244,0.0537935309112072,0.20090951025485992,0.6365827322006226
2145,-15.9656,-21.9937,-37.9594,-19.5312,-20.0703,2.0,2.0,0.0,0.0,0.00021505376207642257,0.0016347883502021432,0.0509672611951828,0.00011660447489703074,0.0013992537278681993,0.1807369440793991,0.7132695913314819
2150,-14.9906,-22.5023,-37.493,-19.2812,-20.3359,2.0,2.0,0.0,0.0,0.0,0.00023125397274270654,0.0476190485060215,0.0,0.000155472633196041,0.2230643630027771,0.6723025441169739
2155,-15.6738,-21.9855,-37.6594,-20.7109,-17.3125,2.0,2.0,0.30000001192092896,0.14414414763450623,0.0005867396830581129,0.013789205811917782,0.0554315485060215,0.0003886815975420177,0.008628731593489647,0.1987328976392746,0.6877720952033997
2160,-16.6227,-19.9238,-36.5465,-27.3125,-3.6875,2.0,2.0,0.6836158037185669,0.597122311592102,0.008341608569025993,0.06505285203456879,0.1808035671710968,0.006879664026200771,0.0972481369972229,0.19570118188858032,0.5956934094429016
2165,-17.8273,-17.2016,-35.0289,-28.5391,-1.0,2.0,2.0,0.6998012065887451,0.780809223651886,0.0184621624648571,0.09950900077819824,0.331845223903656,0.019550684839487076,0.20942163467407227,0.19158115983009338,0.47496891021728516
2170,-17.5223,-18.3039,-35.8262,-27.7969,-2.2969,2.0,2.0,0.7303370833396912,0.6500974893569946,0.016057468950748444,0.09893839806318283,0.2838541567325592,0.013837064616382122,0.159514918923378,0.18396300077438354,0.5382074117660522
2175,-18.991,-15.7285,-34.7195,-28.4297,-0.8906,2.0,2.0,0.7510373592376709,0.8293014764785767,0.02495107613503933,0.09539388865232468,0.3872767984867096,0.02810167893767357,0.2570739984512329,0.15889303386211395,0.45145365595817566
2180,-18.2023,-16.0883,-34.2906,-28.4531,-1.4062,2.0,2.0,0.7209876775741577,0.8772464394569397,0.019987761974334717,0.07183347642421722,0.417782723903656,0.03148321062326431,0.2552083432674408,0.19057057797908783,0.41826024651527405
2185,-19.6723,-13.5727,-33.2449,-28.9688,-0.7969,2.0,2.0,0.799565851688385,0.9043368697166443,0.028945380821824074,0.09769729524850845,0.5133928656578064,0.053715795278549194,0.3396688401699066,0.15442319214344025,0.34771454334259033
2190,-18.2391,-16.4965,-34.7355,-28.8359,-0.6172,2.0,2.0,0.7543035745620728,0.8675311803817749,0.015093537047505379,0.06299009174108505,0.3872767984867096,0.02483675442636013,0.23678483068943024,0.18283581733703613,0.45106497406959534
2195,-16.8191,-19.4641,-36.2832,-27.2734,-2.1953,2.0,2.0,0.7821782231330872,0.7578626871109009,0.008292879909276962,0.04185764491558075,0.229538694024086,0.011777052655816078,0.11493314802646637,0.19216418266296387,0.5766479969024658
2200,-16.1711,-19.8555,-36.0266,-27.75,-2.0625,2.0,2.0,0.7490909099578857,0.7464936971664429,0.004981319885700941,0.04603974148631096,0.2310267835855484,0.01068874355405569,0.11085198819637299,0.21847791969776154,0.5555037260055542
2205,-15.4348,-22.2375,-37.6723,-19.7188,-19.4609,2.0,2.0,0.0,0.0,0.0,0.0036141856107860804,0.0524553582072258,0.00011660447489703074,0.0027596394065767527,0.20436878502368927,0.6882773637771606
2210,-15.3059,-22.2152,-37.5211,-20.1641,-18.4766,2.0,2.0,0.25,0.0890052393078804,0.0009127418743446469,0.007778738159686327,0.0714285746216774,0.000621890532784164,0.007423818577080965,0.21291977167129517,0.6745569109916687
2215,-15.6922,-22.1504,-37.8426,-19.4375,-20.2344,2.0,2.0,0.0,0.0,0.0,0.00016565433179493994,0.0487351194024086,0.0,0.00023320894979406148,0.19138681888580322,0.7039023637771606
2220,-15.3875,-22.3004,-37.6879,-19.6641,-20.0859,2.0,2.0,0.0,0.0,0.00037957867607474327,0.00045039973338134587,0.0476190485060215,0.00011660447489703074,0.00023320894979406148,0.20479632914066315,0.6903762221336365
2225,-15.7855,-22.102,-37.8875,-19.5234,-20.2266,2.0,2.0,0.0,0.0,0.0,5.4902822739677504e-05,0.0505952388048172,0.00011660447489703074,0.00023320894979406148,0.18722791969776154,0.7079446315765381
2230,-15.0594,-22.4703,-37.5297,-19.5156,-20.2422,2.0,2.0,0.0,0.0,0.0,0.0,0.0476190485060215,0.0,0.0,0.2203047275543213,0.6752176880836487
2235,-15.6703,-22.159,-37.8293,-19.5078,-20.1875,2.0,2.0,0.0,0.0,0.0,0.0004991127061657608,0.0479910708963871,3.886815829901025e-05,0.00034981343196704984,0.1942630559206009,0.7008706331253052
2240,-15.1516,-22.4195,-37.5711,-19.0938,-20.4531,2.0,2.0,0.0,0.0,0.0,0.0,0.0505952388048172,0.000155472633196041,0.000155472633196041,0.21731187403202057,0.6778995394706726
2245,-15.4609,-22.266,-37.727,-19.4062,-20.2969,2.0,2.0,0.0,0.0,0.0,0.00033632287522777915,0.0476190485060215,0.0,0.00019434079877100885,0.20192009210586548,0.6934079527854919
2250,-15.3594,-22.3203,-37.6797,-19.3906,-20.3047,2.0,2.0,0.0,0.0,0.0,0.0,0.0476190485060215,0.0,0.0,0.20545709133148193,0.690065324306488
2255,-15.5594,-22.2203,-37.7797,-19.625,-20.1875,2.0,2.0,0.0,0.0,0.0,0.0,0.0476190485060215,0.0,0.0,0.1980721354484558,0.6974502205848694
2260,-15.8617,-22.0691,-37.9309,-19.4844,-20.2578,2.0,2.0,0.0,0.0,0.0,0.0,0.0476190485060215,0.0,0.0,0.1848958283662796,0.7106265425682068
2265,-15.2266,-22.382,-37.6086,-19.5469,-20.2266,2.0,2.0,0.0,0.0,0.0,0.0,0.0505952388048172,7.77363165980205e-05,0.00023320894979406148,0.21295864880084991,0.682252824306488
2270,-15.318,-22.341,-37.659,-19.1875,-20.4062,2.0,2.0,0.0,0.0,0.0,0.0,0.0476190485060215,0.0,0.0,0.20926617085933685,0.6862562298774719
2275,-15.5219,-22.2391,-37.7609,-19.5,-20.25,2.0,2.0,0.0,0.0,0.0,0.0,0.0476190485060215,0.0,0.0,0.20032648742198944,0.6951959133148193
2280,-15.2875,-22.3516,-37.6391,-19.2656,-20.3672,2.0,2.0,0.0,0.0,0.0,0.0004542357346508652,0.0476190485060215,0.0,0.000310945266392082,0.21066541969776154,0.6845459938049316
2285,-15.957,-22.0215,-37.9785,-19.3906,-20.3047,2.0,2.0,0.0,0.0,0.0,0.0,0.0476190485060215,0.0,0.0,0.1803482621908188,0.71517413854599
2290,-15.7484,-22.1258,-37.8742,-19.4375,-20.2812,2.0,2.0,0.0,0.0,0.0,0.0,0.0476190485060215,0.0,0.0,0.19080379605293274,0.7047185897827148
2295,-15.8164,-22.0918,-37.9082,-19.4062,-20.2969,2.0,2.0,0.0,0.0,0.0,0.0,0.0476190485060215,0.0,0.0,0.18718905746936798,0.7083333134651184
2300,-15.8328,-22.0789,-37.9117,-19.375,-20.3125,2.0,2.0,0.0,0.0,0.0,0.0,0.0505952388048172,0.000155472633196041,0.000155472633196041,0.1858675330877304,0.7093439102172852
2305,-16.0391,-21.9805,-38.0195,-19.4844,-20.2578,2.0,2.0,0.0,0.0,0.0,0.0,0.0476190485060215,0.0,0.0,0.17650030553340912,0.7190220952033997
2310,-15.2383,-22.3809,-37.6191,-18.9062,-20.5469,2.0,2.0,0.0,0.0,0.0,0.0,0.0476190485060215,0.0,0.0,0.212725430727005,0.6827969551086426
2315,-15.6219,-22.1891,-37.8109,-19.4375,-20.2812,2.0,2.0,0.0,0.0,0.0,0.0,0.0476190485060215,0.0,0.0,0.19379663467407227,0.7017257213592529
2320,-15.782,-22.109,-37.891,-19.5,-20.25,2.0,2.0,0.0,0.0,0.0,0.0,0.0476190485060215,0.0,0.0,0.18746113777160645,0.7080612778663635
2325,-15.8047,-22.0977,-37.9023,-19.6562,-20.1719,2.0,2.0,0.0,0.0,0.0,0.0,0.0476190485060215,0.0,0.0,0.18711131811141968,0.7084110975265503
2330,-15.7281,-22.1359,-37.8641,-19.4688,-20.2656,2.0,2.0,0.0,0.0,0.0,0.0,0.0476190485060215,0.0,0.0,0.19006529450416565,0.7054570913314819
2335,-15.3578,-22.3164,-37.6742,-19.375,-20.3125,2.0,2.0,0.0,0.0,0.0,0.0,0.0505952388048172,0.00019434079877100885,0.00011660447489703074,0.20627331733703613,0.6889381408691406
2340,-15.6086,-22.1957,-37.8043,-19.4844,-20.2578,2.0,2.0,0.0,0.0,0.0,0.0,0.0476190485060215,0.0,0.0,0.19422419369220734,0.701298177242279
2345,-15.1797,-22.4102,-37.5898,-19.125,-20.4375,2.0,2.0,0.0,0.0,0.0,0.0,0.0476190485060215,0.0,0.0,0.21497978270053864,0.6805425882339478
2350,-15.7164,-22.1418,-37.8582,-19.375,-20.3125,2.0,2.0,0.0,0.0,0.0,0.0,0.0476190485060215,0.0,0.0,0.19068719446659088,0.7048351764678955
2355,-15.3137,-22.3426,-37.6562,-19.4453,-20.2656,2.0,2.0,0.0,0.0,0.0,0.0,0.0479910708963871,0.0,3.886815829901025e-05,0.20961597561836243,0.6858675479888916
2360,-15.7168,-22.141,-37.8578,-19.5,-20.25,2.0,2.0,0.0,0.0,0.0,5.510552728082985e-05,0.0476190485060215,0.0,3.886815829901025e-05,0.19014303386211395,0.7053405046463013
2365,-15.5301,-22.2133,-37.7434,-19.4688,-19.9844,2.0,2.0,1.0,0.14814814925193787,0.0003899395524058491,0.00123021868057549,0.0505952388048172,3.886815829901025e-05,0.0010494403541088104,0.19935478270053864,0.6950792670249939
2370,-15.3211,-22.3348,-37.6559,-19.2969,-20.2578,2.0,2.0,0.0,0.0,0.0,0.00045251427218317986,0.0476190485060215,0.0,0.000310945266392082,0.20806126296520233,0.6871501803398132
2375,-14.6254,-22.4828,-37.1082,-19.5781,-18.875,2.0,2.0,0.8518518805503845,0.9082125425338745,0.002424438251182437,0.0010884024668484926,0.061011902987957,0.004197761416435242,0.008045708760619164,0.2404772937297821,0.6428016424179077
2380,-16.3125,-21.8344,-38.1469,-19.6719,-20.1641,2.0,2.0,0.0,0.0,0.00023512814368586987,0.0003729156742338091,0.0505952388048172,0.0002720771008171141,0.00034981343196704984,0.16530628502368927,0.7295942306518555
2385,-15.7367,-22.1305,-37.8672,-19.4844,-20.2578,2.0,2.0,0.0,0.0,0.0,0.00011025965795852244,0.0476190485060215,0.0,7.77363165980205e-05,0.19041511416435242,0.7050295472145081
2390,-15.2949,-21.9312,-37.2262,-20.6875,-17.2656,2.0,2.0,0.8461538553237915,0.9307832717895508,0.002312344266101718,0.002741685602813959,0.0744047611951828,0.0035370024852454662,0.02133861929178238,0.21851679682731628,0.6521299481391907
2395,-15.641,-20.9168,-36.5578,-21.7031,-14.1094,2.0,2.0,0.932330846786499,0.9284164905548096,0.0077893175184726715,0.006673870142549276,0.1324404776096344,0.02067786082625389,0.053754664957523346,0.20957711338996887,0.6115127205848694
2400,-17.0398,-18.507,-35.5469,-27.5078,-3.2266,2.0,2.0,0.7201492786407471,0.8166081309318542,0.021887825801968575,0.059398550540208817,0.2429315447807312,0.02083333395421505,0.15492847561836243,0.1988883763551712,0.520872175693512
2405,-17.157,-18.3664,-35.5234,-27.0156,-2.875,2.0,2.0,0.8325281739234924,0.9179141521453857,0.012530315667390823,0.031048057600855827,0.2477678507566452,0.02413712628185749,0.15578357875347137,0.19231964647769928,0.5232820510864258
2410,-17.2105,-18.3473,-35.5578,-27.8125,-1.9844,2.0,2.0,0.8097826242446899,0.9179086089134216,0.017681334167718887,0.02839469350874424,0.244047611951828,0.021455224603414536,0.1590873748064041,0.1934468299150467,0.5215329527854919
2415,-17.6727,-17.1699,-34.8426,-27.0703,-2.6484,2.0,2.0,0.8721461296081543,0.9307799935340881,0.025119099766016006,0.031265225261449814,0.3058035671710968,0.0425606332719326,0.19484607875347137,0.17949315905570984,0.47862252593040466
2420,-18.0793,-16.6566,-34.7359,-28.125,-1.4531,2.0,2.0,0.8597402572631836,0.9400929808616638,0.019053736701607704,0.03341815248131752,0.3225446343421936,0.029928483068943024,0.22578513622283936,0.1815531700849533,0.4582555890083313
2425,-18.0941,-17.1379,-35.232,-27.6484,-2.3594,2.0,2.0,0.7749999761581421,0.8238223195075989,0.029193801805377007,0.06750491261482239,0.3169642984867096,0.024875622242689133,0.2029695212841034,0.17307990789413452,0.49459731578826904
2430,-17.3836,-17.5652,-34.9488,-26.3438,-3.8672,2.0,2.0,0.7465145587921143,0.7548685073852539,0.03704437240958214,0.08550155162811279,0.347842276096344,0.030666977167129517,0.1936022937297821,0.1962064653635025,0.47504663467407227
2435,-18.957,-14.6879,-33.6449,-28.4219,-1.3984,2.0,2.0,0.8192552328109741,0.8684514164924622,0.03651561960577965,0.09795535355806351,0.482514888048172,0.042793843895196915,0.3034437298774719,0.17669464647769928,0.37259018421173096
2440,-18.5309,-14.4281,-32.959,-27.7969,-1.4766,2.0,2.0,0.8312849402427673,0.8885931372642517,0.05318240076303482,0.0796266421675682,0.5401785969734192,0.06957400590181351,0.30666977167129517,0.18198071420192719,0.33729788661003113
2445,-18.9176,-14.9789,-33.8965,-28.3906,-1.7422,2.0,2.0,0.7021883726119995,0.7707720994949341,0.05351922661066055,0.1454852819442749,0.5252976417541504,0.0408504344522953,0.29096704721450806,0.1728467047214508,0.3908582031726837
2450,-18.3641,-15.5082,-33.8723,-28.1172,-1.6562,2.0,2.0,0.7879799604415894,0.8070628643035889,0.04763912409543991,0.10343465954065323,0.5022321343421936,0.04656405374407768,0.2707555890083313,0.18439054489135742,0.3938121795654297
2455,-18.2211,-17.2531,-35.4742,-27.5859,-2.7656,2.0,2.0,0.7358871102333069,0.7156035304069519,0.03070884384214878,0.0881994217634201,0.3843005895614624,0.01927860639989376,0.19803327322006226,0.16833800077438354,0.5098724961280823
2460,-18.7566,-16.0227,-34.7793,-27.8047,-3.1484,2.0,2.0,0.6600000262260437,0.6826848387718201,0.050970304757356644,0.13659749925136566,0.495907723903656,0.025264304131269455,0.2507385015487671,0.16623911261558533,0.4532804787158966
2465,-18.0359,-17.1383,-35.1742,-25.3672,-8.1406,2.0,2.0,0.44097694754600525,0.40708133578300476,0.06511523574590683,0.18074391782283783,0.6197916865348816,0.02864583395421505,0.20308613777160645,0.17370180785655975,0.4900886118412018
2470,-18.5969,-15.3039,-33.9008,-25.75,-6.6484,2.0,2.0,0.6202263236045837,0.5115000605583191,0.10599398612976074,0.25173211097717285,0.6893601417541504,0.054959576576948166,0.268695592880249,0.16794931888580322,0.40391790866851807
2475,-18.0789,-17.1707,-35.2496,-25.8438,-6.8125,2.0,2.0,0.5629522204399109,0.3972264528274536,0.04169483855366707,0.178605318069458,0.6220238208770752,0.026857897639274597,0.20460198819637299,0.17245802283287048,0.4916044771671295
2480,-18.5188,-15.6441,-34.1629,-26.4375,-4.875,2.0,2.0,0.6676587462425232,0.5351718068122864,0.06940817832946777,0.2339746654033661,0.636904776096344,0.039179105311632156,0.26356497406959534,0.1786380559206009,0.4141402244567871
2485,-18.4281,-15.5664,-33.9945,-27.8906,-2.2031,2.0,2.0,0.7891682982444763,0.7217893004417419,0.051589809358119965,0.15290015935897827,0.5186011791229248,0.040189675986766815,0.2693563401699066,0.18458488583564758,0.40139147639274597
2490,-18.4043,-15.5391,-33.9434,-28.125,-1.9922,2.0,2.0,0.8291873931884766,0.7338286638259888,0.055256932973861694,0.1387731432914734,0.5122767686843872,0.046875,0.26679104566574097,0.18077580630779266,0.40108054876327515
2495,-17.4867,-16.275,-33.7617,-27.7734,-1.8047,2.0,2.0,0.811475396156311,0.7672016620635986,0.050439007580280304,0.11689215898513794,0.4717261791229248,0.052161071449518204,0.24459733068943024,0.20806126296520233,0.3907027244567871
2500,-18.7871,-15.9629,-34.75,-28.4922,-1.5859,2.0,2.0,0.7978723645210266,0.7691704630851746,0.04110559821128845,0.09933207929134369,0.4516369104385376,0.029228854924440384,0.24786224961280823,0.16452892124652863,0.45390236377716064
2505,-18.2324,-15.816,-34.0484,-28.375,-1.0469,2.0,2.0,0.8667935132980347,0.8409566283226013,0.03570687025785446,0.082427017390728,0.4479166567325592,0.0408504344522953,0.2600279748439789,0.18722791969776154,0.40741604566574097
2510,-17.8262,-17.0504,-34.8766,-27.6562,-1.9219,2.0,2.0,0.8278580904006958,0.73485267162323,0.03443983569741249,0.0970817431807518,0.4032738208770752,0.029578668996691704,0.20977145433425903,0.1873445212841034,0.4688277244567871
2515,-17.5562,-17.3664,-34.9227,-27.4062,-2.9141,2.0,2.0,0.803328275680542,0.6602368354797363,0.042667195200920105,0.11872108280658722,0.3973214328289032,0.02569185383617878,0.20351368188858032,0.19585666060447693,0.4704602062702179
2520,-16.5754,-19.0492,-35.6246,-26.0703,-4.7891,2.0,2.0,0.6799163222312927,0.548271119594574,0.02617609314620495,0.09789379686117172,0.3359375,0.01857898011803627,0.14050839841365814,0.21233674883842468,0.52409827709198
2525,-16.9512,-19.0418,-35.993,-26.2344,-5.375,2.0,2.0,0.616314172744751,0.49799540638923645,0.026195673272013664,0.10043729841709137,0.322172611951828,0.012865360826253891,0.13572761416435242,0.19585666060447693,0.5510727763175964
2530,-17.3527,-18.1379,-35.4906,-27.6406,-2.1172,2.0,2.0,0.8183556199073792,0.6845389604568481,0.02673688530921936,0.08888553828001022,0.3218005895614624,0.02032804675400257,0.16818252205848694,0.1918921023607254,0.515119731426239
2535,-17.9691,-17.4465,-35.4156,-27.7656,-1.7266,2.0,2.0,0.8206185698509216,0.6984416246414185,0.02825229987502098,0.09557019919157028,0.3697916567325592,0.018851056694984436,0.192047581076622,0.17747201025485992,0.50715172290802
2540,-18.0832,-16.0359,-34.1191,-28.7656,-0.6172,2.0,2.0,0.9306532740592957,0.8382105231285095,0.03486015275120735,0.07662509381771088,0.4274553656578064,0.03867381811141968,0.25369247794151306,0.19177550077438354,0.4113805890083313
2545,-17.3379,-18.9375,-36.2754,-26.9609,-3.6641,2.0,2.0,0.8133333325386047,0.5685508251190186,0.017880506813526154,0.08254653215408325,0.287202388048172,0.011660447344183922,0.12927550077438354,0.17824937403202057,0.5763370394706726
2550,-16.8988,-18.168,-35.0668,-26.9531,-2.6016,2.0,2.0,0.8696158528327942,0.7223121523857117,0.02961275540292263,0.07618366926908493,0.3404017984867096,0.03338775038719177,0.16810478270053864,0.2047574669122696,0.4892723858356476
2555,-17.3109,-17.6367,-34.9477,-28.0859,-1.4844,2.0,2.0,0.8724672198295593,0.760612964630127,0.030995430424809456,0.07909879088401794,0.341889888048172,0.03261038661003113,0.18769434094429016,0.19562344253063202,0.47959423065185547
2560,-18.0484,-17.1355,-35.184,-28.2656,-0.8906,2.0,2.0,0.8160291314125061,0.7729945182800293,0.021626297384500504,0.08337303251028061,0.375,0.02133861929178238,0.20495180785655975,0.17972636222839355,0.4895055890083313
2565,-17.5023,-17.3371,-34.8395,-28.3359,-1.125,2.0,2.0,0.9015795588493347,0.7938664555549622,0.028219396248459816,0.07047286629676819,0.365327388048172,0.03198849409818649,0.20024876296520233,0.19558458030223846,0.4677005708217621
2570,-17.1008,-18.0219,-35.1227,-27.2734,-2.2891,2.0,2.0,0.8189189434051514,0.705409049987793,0.03674337640404701,0.08945080637931824,0.3325892984867096,0.028762437403202057,0.17389614880084991,0.20098724961280823,0.4918765425682068
2575,-16.9285,-17.375,-34.3035,-28.0625,-1.1797,2.0,2.0,0.8079602122306824,0.7744656801223755,0.03760984167456627,0.0922713652253151,0.3928571343421936,0.0390625,0.20732276141643524,0.22115983068943024,0.4279772937297821
2580,-17.2969,-18.5344,-35.8313,-28.5547,-1.2969,2.0,2.0,0.7097792029380798,0.6913642287254333,0.019215211272239685,0.07682820409536362,0.2957589328289032,0.012321206741034985,0.1552782952785492,0.19216418266296387,0.5357587337493896
2585,-17.9969,-16.5801,-34.577,-28.2734,-1.1094,2.0,2.0,0.8236074447631836,0.8046169281005859,0.037059661000967026,0.0831797868013382,0.4140625,0.029306592419743538,0.23235385119915009,0.19088153541088104,0.44298040866851807
2590,-17.3344,-16.6313,-33.9656,-28.0078,-1.0781,2.0,2.0,0.8114035129547119,0.8174328804016113,0.042016807943582535,0.08767017722129822,0.4196428656578064,0.04430970177054405,0.23589086532592773,0.21276430785655975,0.40255752205848694
2595,-18.2465,-16.2801,-34.5266,-28.1875,-0.9297,2.0,2.0,0.800000011920929,0.8004866242408752,0.03272027522325516,0.09450414031744003,0.4226190447807312,0.03284359350800514,0.23962220549583435,0.18174751102924347,0.4413090944290161
2600,-18.2699,-15.9496,-34.2195,-28.25,-0.875,2.0,2.0,0.8297872543334961,0.8397132754325867,0.03140046074986458,0.08731190860271454,0.4244791567325592,0.036536071449518204,0.25485852360725403,0.18567319214344025,0.4184545874595642
2605,-18.3418,-15.4777,-33.8195,-28.375,-0.8125,2.0,2.0,0.8794435858726501,0.8772799968719482,0.03477140888571739,0.07670509815216064,0.4330357015132904,0.0502953976392746,0.2663635015487671,0.18108674883842468,0.3977767527103424
2610,-18.0156,-15.7023,-33.718,-28.1094,-1.0391,2.0,2.0,0.8797224164009094,0.8775088787078857,0.03161498159170151,0.07259274274110794,0.441220223903656,0.050412002950906754,0.2633706331253052,0.19301928579807281,0.38872045278549194
2615,-18.4836,-15.4824,-33.966,-28.5,-0.75,2.0,2.0,0.8596171140670776,0.885979950428009,0.025427350774407387,0.06813978403806686,0.4378720223903656,0.04263836890459061,0.27168843150138855,0.18190298974514008,0.39929258823394775
2620,-19.5117,-13.8434,-33.3551,-29.0781,-0.4609,2.0,2.0,0.8769742250442505,0.9212973713874817,0.03041018359363079,0.059379518032073975,0.5241815447807312,0.046758394688367844,0.33434391021728516,0.1648787260055542,0.3495413661003113
2625,-17.2711,-18.5801,-35.8512,-27.8984,-1.9766,2.0,2.0,0.8353808522224426,0.7817752361297607,0.012839097529649734,0.052657902240753174,0.2842261791229248,0.01581934094429016,0.14800995588302612,0.18769434094429016,0.5439987778663635
2630,-18.1574,-16.0949,-34.2523,-28.4453,-0.7891,2.0,2.0,0.7917121052742004,0.8411200642585754,0.03196535259485245,0.07650323957204819,0.4538690447807312,0.0356421023607254,0.2512437701225281,0.1884717047214508,0.4201647937297821
2635,-18.307,-15.3398,-33.6469,-27.8594,-1.0703,2.0,2.0,0.8309078216552734,0.8687731027603149,0.02924102358520031,0.06481854617595673,0.5372023582458496,0.05608675256371498,0.27308768033981323,0.18077580630779266,0.3855721354484558
2640,-18.4133,-15.7016,-34.1148,-28.6562,-0.6719,2.0,2.0,0.8829588294029236,0.9073054790496826,0.021000215783715248,0.0419488325715065,0.459077388048172,0.04151119291782379,0.2612329125404358,0.1795320212841034,0.4132462739944458
2645,-17.607,-17.9762,-35.5832,-28.7578,-0.6562,2.0,2.0,0.8122171759605408,0.8457756042480469,0.011969760991632938,0.03876665234565735,0.3370535671710968,0.01717972569167614,0.17389614880084991,0.18509016931056976,0.519356369972229
2650,-18.1051,-16.4809,-34.5859,-27.7344,-1.1328,2.0,2.0,0.8725868463516235,0.8926290273666382,0.01448629330843687,0.039918117225170135,0.4252232015132904,0.04026741161942482,0.22516325116157532,0.1744014322757721,0.45569029450416565
2655,-16.866,-18.775,-35.641,-27.8438,-2.25,2.0,2.0,0.8635607361793518,0.8290551900863647,0.012665627524256706,0.034738000482320786,0.2972470223903656,0.023359764367341995,0.1423352062702179,0.1994713991880417,0.5303560495376587
2660,-17.1398,-19.4531,-36.593,-27.3359,-3.8047,2.0,2.0,0.8294931054115295,0.7830763459205627,0.0058606467209756374,0.03208659961819649,0.2291666716337204,0.008434390649199486,0.1084032952785492,0.17906561493873596,0.5996190905570984
2665,-17.3086,-17.7246,-35.0332,-28.1406,-1.0234,2.0,2.0,0.8585433959960938,0.8689169883728027,0.012478065676987171,0.04422703757882118,0.3303571343421936,0.02775186486542225,0.18769434094429016,0.19935478270053864,0.4807213842868805
2670,-15.7309,-20.8578,-36.5887,-23.2422,-10.3281,2.0,2.0,0.7965116500854492,0.6791277527809143,0.010178117081522942,0.02745525725185871,0.1707589328289032,0.013370647095143795,0.062383394688367844,0.21385261416435242,0.6059157252311707
2675,-15.95,-21.3324,-37.2824,-22.875,-12.5859,2.0,2.0,0.8214285969734192,0.5663532018661499,0.004326450172811747,0.021106775850057602,0.1190476194024086,0.003264925442636013,0.03719682991504669,0.19764459133148193,0.657416045665741
2680,-16.0859,-20.7043,-36.7902,-23.7656,-9.1875,2.0,2.0,0.7948718070983887,0.6195244193077087,0.008209538646042347,0.029349319636821747,0.1919642835855484,0.012126865796744823,0.06211131811141968,0.19884949922561646,0.622434675693512
2685,-16.1605,-18.4668,-34.6273,-26.125,-3.3672,2.0,2.0,0.8689075708389282,0.8537539839744568,0.020226260647177696,0.04083172604441643,0.3314732015132904,0.04625311121344566,0.1589318960905075,0.22675684094429016,0.46358054876327515
2690,-16.8941,-20.1836,-37.0777,-25.6094,-7.0,2.0,2.0,0.7319587469100952,0.715634822845459,0.005207153968513012,0.027234762907028198,0.1808035671710968,0.007540422957390547,0.07408270984888077,0.17168065905570984,0.6422185897827148
2695,-15.877,-21.2605,-37.1375,-23.0,-12.1484,2.0,2.0,0.5902777910232544,0.660764217376709,0.006008916534483433,0.016862697899341583,0.1447172611951828,0.005597014911472797,0.04170553386211395,0.2005208283662796,0.6476989984512329
2700,-16.0273,-20.6832,-36.7105,-23.7109,-10.6797,2.0,2.0,0.700421929359436,0.7629925608634949,0.0052552553825080395,0.021940981969237328,0.1774553507566452,0.009211753495037556,0.06805814802646637,0.20708955824375153,0.6111629605293274
2705,-17.0953,-19.2902,-36.3855,-27.7109,-2.6562,2.0,2.0,0.803389847278595,0.7981988191604614,0.008289054036140442,0.032442495226860046,0.2459077388048172,0.011466107331216335,0.11652673780918121,0.18287469446659088,0.5846548676490784
2710,-16.0523,-21.5156,-37.568,-21.3672,-15.8828,2.0,2.0,0.6829268336296082,0.5657894611358643,0.0018695471808314323,0.012260492891073227,0.106398805975914,0.0031871891114860773,0.02363184094429016,0.18711131811141968,0.6815920472145081
2715,-16.241,-21.1523,-37.3934,-23.1016,-11.875,2.0,2.0,0.7181817889213562,0.5647773146629333,0.00565681979060173,0.021725201979279518,0.123511902987957,0.004275497514754534,0.03840174153447151,0.18551772832870483,0.6673274040222168
2720,-16.4449,-19.9582,-36.4031,-25.9375,-3.8594,2.0,2.0,0.905370831489563,0.7863463759422302,0.010111022740602493,0.028952205553650856,0.1938244104385376,0.015197450295090675,0.09223414212465286,0.1960510015487671,0.5920398235321045
2725,-15.8352,-21.8504,-37.6855,-21.3125,-16.2734,2.0,2.0,0.52173912525177,0.3072289228439331,0.0010137874633073807,0.010815073736011982,0.0792410746216774,0.0008939676336012781,0.012904228642582893,0.19169776141643524,0.6900264024734497
2730,-16.1066,-20.043,-36.1496,-25.7422,-5.5859,2.0,2.0,0.8666666746139526,0.7912402749061584,0.009557066485285759,0.03046375699341297,0.206101194024086,0.017490671947598457,0.09495491534471512,0.21148166060447693,0.5715951323509216
2735,-16.2578,-20.302,-36.5598,-25.5234,-6.0234,2.0,2.0,0.7736486196517944,0.7586042284965515,0.008369015529751778,0.026750031858682632,0.1979166716337204,0.011504975147545338,0.08131218701601028,0.1997046023607254,0.6030006408691406
2740,-16.2145,-20.7285,-36.943,-25.4688,-7.0703,2.0,2.0,0.7555555701255798,0.6731984615325928,0.004563492257148027,0.02463357523083687,0.182663694024086,0.00699626887217164,0.06148942932486534,0.19589552283287048,0.631141185760498
2745,-15.9199,-21.6187,-37.5387,-22.0859,-13.4141,2.0,2.0,0.484375,0.4343971610069275,0.004463380202651024,0.01464279554784298,0.1090029776096344,0.002487562131136656,0.021921642124652863,0.19158115983009338,0.6795320510864258
2750,-15.4031,-22.2703,-37.6734,-19.5078,-20.0938,2.0,2.0,0.25,0.625,0.0,0.0005087907775305212,0.0524553582072258,0.000155472633196041,0.0015547263901680708,0.20627331733703613,0.6875388622283936
2755,-15.6625,-21.9602,-37.6227,-20.25,-18.0234,2.0,2.0,0.5806451439857483,0.4642857015132904,0.0011804052628576756,0.007253768388181925,0.075148805975914,0.00120491289999336,0.010883084498345852,0.19756685197353363,0.6858675479888916
2760,-15.3609,-21.3668,-36.7277,-22.4531,-12.8906,2.0,2.0,0.7876448035240173,0.7573964595794678,0.007980569265782833,0.016609827056527138,0.1283482164144516,0.010066852904856205,0.0459810309112072,0.2240360677242279,0.6154384613037109
2765,-15.4168,-21.5785,-36.9953,-21.6094,-14.8828,2.0,2.0,0.8367347121238708,0.714970052242279,0.008102268911898136,0.012922101654112339,0.106398805975914,0.009522698819637299,0.03245491161942482,0.21587376296520233,0.6376709938049316
2770,-16.7188,-20.0645,-36.7832,-27.25,-2.3125,2.0,2.0,0.9246861934661865,0.8082975745201111,0.009601023979485035,0.02846975065767765,0.1491815447807312,0.009289490059018135,0.08150652796030045,0.18217505514621735,0.6225513219833374
2775,-16.6656,-20.6465,-37.3121,-25.8125,-6.0781,2.0,2.0,0.75,0.7408963441848755,0.005139664746820927,0.020856589078903198,0.1290922611951828,0.004508706275373697,0.0555037297308445,0.17393501102924347,0.6615749597549438
2780,-17.0266,-18.7926,-35.8191,-27.8906,-1.1484,2.0,2.0,0.9485596418380737,0.9109266996383667,0.006223649717867374,0.02328413724899292,0.2291666716337204,0.01888992451131344,0.14050839841365814,0.1936022937297821,0.5425217747688293
2785,-15.8879,-21.3746,-37.2625,-23.75,-11.2344,2.0,2.0,0.6455696225166321,0.6548386812210083,0.0038782237097620964,0.01771956868469715,0.1160714253783226,0.003070584498345852,0.03614738956093788,0.2004431039094925,0.6558613181114197
2790,-16.1797,-21.4273,-37.607,-21.9688,-14.3047,2.0,2.0,0.6219512224197388,0.6236391663551331,0.00256739417091012,0.010940423235297203,0.1097470223903656,0.0031871891114860773,0.02499222569167614,0.18166977167129517,0.685673177242279
2795,-16.8039,-19.8391,-36.643,-28.0234,-1.1172,2.0,2.0,0.9227467775344849,0.8451986908912659,0.0037878789007663727,0.025641025975346565,0.168898805975914,0.009056281298398972,0.09390547126531601,0.18470148742198944,0.6078591346740723
2800,-15.7652,-21.9645,-37.7297,-20.25,-18.1875,2.0,2.0,0.625,0.4716981053352356,0.0008077544625848532,0.00487340334802866,0.0680803582072258,0.0009328357991762459,0.008240049704909325,0.1924751251935959,0.6938743591308594
2805,-15.7316,-21.3051,-37.0367,-24.2344,-9.6328,2.0,2.0,0.7862595319747925,0.7223719954490662,0.004448563326150179,0.019571976736187935,0.1082589253783226,0.005091728642582893,0.04326026141643524,0.20969371497631073,0.6374766826629639
2810,-15.741,-21.8336,-37.5746,-21.0859,-16.8906,2.0,2.0,0.5333333611488342,0.6097561120986938,0.0017685203347355127,0.008394723758101463,0.0784970223903656,0.0011660447344183922,0.01593594439327717,0.19780005514621735,0.6806203126907349
2815,-15.4375,-21.2945,-36.732,-24.9922,-7.2031,2.0,2.0,0.8359788656234741,0.7433489561080933,0.00624241353943944,0.021763887256383896,0.1205357164144516,0.007346082013100386,0.04967350885272026,0.22415266931056976,0.6143501400947571
2820,-15.4293,-22.0352,-37.4645,-21.0,-16.8047,2.0,2.0,0.5,0.5586419701576233,0.0016803584294393659,0.007509242277592421,0.0784970223903656,0.0018656715983524919,0.01259328331798315,0.2081778645515442,0.6728855967521667
2825,-16.4992,-21.0813,-37.5805,-24.0391,-10.6094,2.0,2.0,0.625,0.6209850311279297,0.0038125140126794577,0.018475357443094254,0.1164434552192688,0.002176616806536913,0.03630286082625389,0.17331312596797943,0.6837297677993774
2830,-15.6113,-21.691,-37.3023,-21.3359,-14.9141,2.0,2.0,0.8260869383811951,0.6710036993026733,0.006702412851154804,0.010308674536645412,0.090773805975914,0.008045708760619164,0.020911069586873055,0.2029695212841034,0.6635960936546326
2835,-16.2055,-21.2328,-37.4383,-23.4531,-10.8906,2.0,2.0,0.8684210777282715,0.7704728841781616,0.004025423899292946,0.01193840429186821,0.100074402987957,0.004430970177054405,0.03369869291782379,0.18345771729946136,0.6739349961280823
2840,-16.325,-20.1957,-36.5207,-26.4766,-3.0625,2.0,2.0,0.909967839717865,0.8728029727935791,0.004673807416111231,0.018273716792464256,0.168898805975914,0.012087997049093246,0.08403296023607254,0.19958800077438354,0.5998134613037109
2845,-15.5199,-21.5293,-37.0492,-22.9219,-11.6953,2.0,2.0,0.8131313323974609,0.7941860556602478,0.0040285661816596985,0.012650566175580025,0.0989583358168602,0.007695895619690418,0.033426616340875626,0.21225902438163757,0.6421408653259277
2850,-16.3734,-19.4133,-35.7867,-27.2109,-1.4297,2.0,2.0,0.9337016344070435,0.9382076859474182,0.004797933157533407,0.017087295651435852,0.2053571492433548,0.021105410531163216,0.12014147639274597,0.21062655746936798,0.5436489582061768
2855,-16.8816,-20.0703,-36.952,-27.2031,-2.1484,2.0,2.0,0.954954981803894,0.902270495891571,0.0031152646988630295,0.013989446684718132,0.1439732164144516,0.008628731593489647,0.07874689251184464,0.17467351257801056,0.63347327709198
2860,-15.0848,-22.2719,-37.3566,-20.3516,-17.8672,2.0,2.0,0.5714285969734192,0.6798245906829834,0.001743679167702794,0.005402865819633007,0.0595238097012043,0.0019045397639274597,0.00886194035410881,0.2229088991880417,0.6618469953536987
2865,-16.243,-21.1109,-37.3539,-25.1328,-7.1797,2.0,2.0,0.7876105904579163,0.7658349275588989,0.0027088976930826902,0.015041554346680641,0.104538694024086,0.0043921018950641155,0.04050062224268913,0.1865282952785492,0.6641013622283936
2870,-15.8848,-21.6703,-37.5551,-22.2031,-13.7422,2.0,2.0,0.8653846383094788,0.6833977103233337,0.0028322881553322077,0.0096993213519454,0.076636902987957,0.002021144377067685,0.02013370580971241,0.19212530553340912,0.6812422275543213
2875,-16.2656,-21.1125,-37.3781,-24.0703,-9.0469,2.0,2.0,0.8758620619773865,0.8302658200263977,0.0033819489181041718,0.011346444487571716,0.0989583358168602,0.005635883193463087,0.03801305964589119,0.18388526141643524,0.6679881811141968
2880,-15.4172,-21.9645,-37.3816,-21.3906,-15.0391,2.0,2.0,0.7599999904632568,0.6790123581886292,0.003130178665742278,0.007064043544232845,0.0803571417927742,0.0029151118360459805,0.015741605311632156,0.2110929787158966,0.6657726764678955
2885,-15.5277,-21.6812,-37.209,-22.7891,-11.8203,2.0,2.0,0.8849557638168335,0.6938202381134033,0.003704389790073037,0.012666507624089718,0.092261902987957,0.0043921018950641155,0.027674129232764244,0.20984919369220734,0.6536069512367249
2890,-15.5367,-20.9309,-36.4676,-25.5703,-4.7344,2.0,2.0,0.9533169269561768,0.8780012726783752,0.006020896136760712,0.016963418573141098,0.115699402987957,0.01581934094429016,0.0598958320915699,0.2194885015487671,0.6003187298774719
2895,-15.9941,-21.8219,-37.816,-20.9453,-17.1484,2.0,2.0,0.5,0.5265486836433411,0.0012782275443896651,0.00663129985332489,0.0669642835855484,0.0009328357991762459,0.008784203790128231,0.1824471354484558,0.7033582329750061
2900,-15.7199,-21.8266,-37.5465,-21.4141,-15.2734,2.0,2.0,0.6944444179534912,0.6597402691841125,0.003138485597446561,0.008407206274569035,0.0729166641831398,0.0027985074557363987,0.014964241534471512,0.1981498748064041,0.6796097755432129
2905,-16.1156,-21.0527,-37.1684,-26.8047,-4.2578,2.0,2.0,0.8399999737739563,0.8391376733779907,0.003986446186900139,0.015792306512594223,0.0989583358168602,0.003886815859004855,0.046875,0.19500155746936798,0.6497589945793152
2910,-15.6691,-22.0711,-37.7402,-20.4375,-18.0234,2.0,2.0,0.4285714328289032,0.23140496015548706,0.0006002400768920779,0.0066986712627112865,0.0502232126891613,0.0002720771008171141,0.004703047219663858,0.1942630559206009,0.6962841749191284
2915,-16.0555,-20.9703,-37.0258,-27.1953,-3.6641,2.0,2.0,0.9142857193946838,0.8556925058364868,0.002305475529283285,0.016023484990000725,0.1071428582072258,0.004081156570464373,0.05359918996691704,0.2023087739944458,0.6355332732200623
2920,-15.8785,-21.9957,-37.8742,-20.1406,-18.875,2.0,2.0,1.0,0.4886363744735718,0.0,0.0024202419444918633,0.0546875,0.00019434079877100885,0.0034203981049358845,0.18528451025485992,0.7066231369972229
2925,-16.193,-20.1879,-36.3809,-26.5312,-1.8281,2.0,2.0,0.9624413251876831,0.9337931275367737,0.004205696750432253,0.013019463047385216,0.1469494104385376,0.016557835042476654,0.08453824371099472,0.20331934094429016,0.5911069512367249
2930,-15.9227,-21.4539,-37.3766,-24.5469,-8.8438,2.0,2.0,0.9420289993286133,0.7799227833747864,0.0035813767462968826,0.014154240489006042,0.0721726194024086,0.002681903075426817,0.03020055964589119,0.19535136222839355,0.6672885417938232
2935,-15.3777,-22.0645,-37.4422,-21.5859,-14.9531,2.0,2.0,0.8888888955116272,0.6686747074127197,0.0020205730106681585,0.007193827070295811,0.0625,0.0010494403541088104,0.012904228642582893,0.2115982621908188,0.6699704527854919
2940,-15.9563,-21.4734,-37.4297,-24.1641,-9.4453,2.0,2.0,0.8720930218696594,0.7856135368347168,0.002008838811889291,0.011119476519525051,0.0855654776096344,0.0033426617737859488,0.027557525783777237,0.19348569214344025,0.6711364984512329
2945,-15.6738,-21.0715,-36.7453,-26.5938,-3.5781,2.0,2.0,0.8826815485954285,0.8564593195915222,0.0023276633583009243,0.015556820668280125,0.1194196417927742,0.006957400590181351,0.056864116340875626,0.21707867085933685,0.614622175693512
2950,-15.8977,-21.4277,-37.3254,-24.0469,-10.0547,2.0,2.0,0.6551724076271057,0.7372176051139832,0.003132954705506563,0.01317259669303894,0.1023065447807312,0.003381529822945595,0.03268812224268913,0.19849969446659088,0.6609530448913574
2955,-15.9652,-21.6699,-37.6352,-23.2109,-12.2891,2.0,2.0,0.7931034564971924,0.676025927066803,0.002244439907371998,0.011276704259216785,0.0651041641831398,0.0011271765688434243,0.017995957285165787,0.19049285352230072,0.6859064102172852
2960,-15.7613,-21.6875,-37.4488,-23.5156,-11.2344,2.0,2.0,0.8936170339584351,0.6660839319229126,0.0017499513924121857,0.013022340834140778,0.0773809552192688,0.001826803432777524,0.02223258651793003,0.19989894330501556,0.6715640425682068
2965,-16.3074,-20.6211,-36.9285,-27.2344,-2.7188,2.0,2.0,0.9375,0.8657518029212952,0.002597921760752797,0.016728395596146584,0.1242559552192688,0.006218905560672283,0.06514303386211395,0.1944962739944458,0.6296641826629639
2970,-15.675,-21.5648,-37.2398,-24.3984,-8.6016,2.0,2.0,0.875,0.6286764740943909,0.0034058657474815845,0.017913280054926872,0.0911458358168602,0.0031094527803361416,0.03171641752123833,0.20541821420192719,0.6552783250808716
2975,-15.8578,-21.5215,-37.3793,-24.3906,-8.6641,2.0,2.0,0.8918918967247009,0.6905405521392822,0.002786069642752409,0.014127085916697979,0.0863095223903656,0.0028762437868863344,0.028762437403202057,0.1953125,0.6685712337493896
2980,-16.2715,-21.5004,-37.7719,-22.875,-12.7031,2.0,2.0,0.8809523582458496,0.6129707098007202,0.0008851515594869852,0.011888228356838226,0.0747767835855484,0.0016324627213180065,0.01857898011803627,0.17564521729946136,0.6996657252311707
2985,-15.6238,-21.7,-37.3238,-23.2578,-10.9531,2.0,2.0,0.8904109597206116,0.7248427867889404,0.001875468879006803,0.013589034788310528,0.0721726194024086,0.0028373757377266884,0.024720149114727974,0.20724502205848694,0.6607198119163513
2990,-15.1926,-22.3691,-37.5617,-19.6797,-19.5859,2.0,2.0,0.0,0.2199999988079071,0.0003612716682255268,0.002291738288477063,0.0498511902987957,0.0,0.0019434079295024276,0.2151741236448288,0.6784048676490784
2995,-16.1078,-21.8289,-37.9367,-20.875,-17.5234,2.0,2.0,0.6666666865348816,0.31410256028175354,0.0002198768634116277,0.0072546773590147495,0.053199402987957,0.00011660447489703074,0.006063432898372412,0.17677238583564758,0.7125699520111084
3000,-15.7332,-21.8352,-37.5684,-22.7969,-13.2344,2.0,2.0,0.8636363744735718,0.6202531456947327,0.0013706677127629519,0.012388673610985279,0.0554315485060215,0.0008550995262339711,0.01535292249172926,0.19849969446659088,0.6808146834373474
3005,-15.9699,-21.7578,-37.7277,-22.0938,-14.3359,2.0,2.0,0.931034505367279,0.545171320438385,0.0012499999720603228,0.01168250385671854,0.0558035708963871,0.0011271765688434243,0.012476678937673569,0.18656715750694275,0.6953513622283936
3010,-16.3734,-20.9332,-37.3066,-26.9375,-4.1562,2.0,2.0,0.9176470637321472,0.8231349587440491,0.0027391486801207066,0.017865538597106934,0.0941220223903656,0.003303793491795659,0.04636971279978752,0.18446828424930573,0.6613805890083313
3015,-15.8191,-21.3621,-37.1813,-25.4844,-6.4766,2.0,2.0,0.9318181872367859,0.7957317233085632,0.0011389522114768624,0.015988023951649666,0.0866815447807312,0.0034203981049358845,0.0382462702691555,0.2047574669122696,0.64909827709198
3020,-15.6352,-21.7301,-37.3652,-23.4766,-10.8203,2.0,2.0,0.8909090757369995,0.6907563209533691,0.002455146284773946,0.013454226776957512,0.073288694024086,0.002137748757377267,0.02312655560672283,0.2058068960905075,0.6644511818885803
3025,-16.1457,-21.4496,-37.5953,-23.7422,-10.3125,2.0,2.0,0.8852459192276001,0.7147384881973267,0.0012663571396842599,0.0125496881082654,0.0784970223903656,0.002370957750827074,0.024525808170437813,0.1841573417186737,0.6844682693481445
3030,-16.0801,-21.1988,-37.2789,-25.3438,-6.0078,2.0,2.0,0.8960000276565552,0.7751004099845886,0.003041979391127825,0.017188603058457375,0.0877976194024086,0.00485851988196373,0.03871268779039383,0.1916588991880417,0.6602922677993774
3035,-16.2168,-21.5113,-37.7281,-22.9688,-12.2812,2.0,2.0,0.7407407164573669,0.5492957830429077,0.0015250544529408216,0.014525950886309147,0.073288694024086,0.002098880708217621,0.019317474216222763,0.17840485274791718,0.6957011818885803
3040,-15.6168,-21.5664,-37.1832,-25.3906,-7.7188,2.0,2.0,0.8269230723381042,0.7473806738853455,0.002201834926381707,0.01786677911877632,0.0744047611951828,0.002021144377067685,0.03338775038719177,0.2118314653635025,0.6482820510864258
3045,-15.2027,-22.3582,-37.5609,-19.6719,-19.5078,2.0,2.0,0.5,0.12727272510528564,0.0,0.002857796149328351,0.0509672611951828,0.00023320894979406148,0.002137748757377267,0.21311411261558533,0.6800373196601868
3050,-16.0375,-21.7609,-37.7984,-21.6562,-15.6797,2.0,2.0,0.6428571343421936,0.5053763389587402,0.0010624733986333013,0.009866415522992611,0.0636160746216774,0.0005441542016342282,0.01084421668201685,0.18291355669498444,0.7012204527854919
3055,-17.0391,-20.1926,-37.2316,-28.4688,-1.0703,2.0,2.0,0.9416666626930237,0.8734177350997925,0.002114164875820279,0.01656179502606392,0.1257440447807312,0.004664178937673569,0.07062344253063202,0.16546174883842468,0.6547729969024658
3060,-15.6738,-21.9398,-37.6137,-21.9453,-15.2656,2.0,2.0,0.3333333432674408,0.3887147307395935,0.0009710623417049646,0.011556415818631649,0.0651041641831398,0.00023320894979406148,0.01239894237369299,0.20013214647769928,0.682758092880249
3065,-15.3695,-22.0996,-37.4691,-21.2812,-15.9844,2.0,2.0,0.5714285969734192,0.40714284777641296,0.0014601204311475158,0.012340672314167023,0.0554315485060215,0.0008162313606590033,0.010883084498345852,0.21295864880084991,0.6708644032478333
3070,-16.0012,-21.434,-37.4352,-23.7422,-10.1953,2.0,2.0,0.8554216623306274,0.6511628031730652,0.0028374544344842434,0.018621327355504036,0.078125,0.0032260571606457233,0.028412625193595886,0.19177550077438354,0.6721082329750061
3075,-16.1301,-21.332,-37.4621,-25.0078,-8.4141,2.0,2.0,0.7777777910232544,0.6589806079864502,0.002277904422953725,0.02127782255411148,0.0740327388048172,0.00174906721804291,0.032027363777160645,0.18769434094429016,0.6740516424179077
3080,-15.4629,-21.675,-37.1379,-23.9688,-9.3906,2.0,2.0,0.8611111044883728,0.5846354365348816,0.0037681679241359234,0.02532026171684265,0.0699404776096344,0.0027985074557363987,0.02985074557363987,0.21661224961280823,0.6462608575820923
3085,-16.273,-21.5723,-37.8453,-22.2734,-14.0,2.0,2.0,0.6296296119689941,0.38031914830207825,0.0017977528041228652,0.01550558116286993,0.0651041641831398,0.0010494403541088104,0.014614427462220192,0.17296330630779266,0.7068952322006226
3090,-16.3469,-20.4449,-36.7918,-27.6797,-2.0859,2.0,2.0,0.8777777552604675,0.8083421587944031,0.004530234262347221,0.02706274762749672,0.127976194024086,0.00699626887217164,0.07361629605293274,0.19733364880084991,0.6175761818885803
3095,-16.666,-20.0129,-36.6789,-27.1797,-1.4922,2.0,2.0,0.9446367025375366,0.8351351618766785,0.0052170283161103725,0.026494694873690605,0.1421130895614624,0.011232897639274597,0.08628731220960617,0.18625621497631073,0.6117459535598755
3100,-16.8848,-17.9184,-34.8031,-26.5938,-1.7031,2.0,2.0,0.9664268493652344,0.9524920582771301,0.005355494096875191,0.024925472214818,0.2648809552192688,0.03241604566574097,0.1832633763551712,0.21047107875347137,0.46937188506126404
3105,-17.102,-18.459,-35.5609,-27.7031,-1.1484,2.0,2.0,0.9748653769493103,0.9169169068336487,0.003397282212972641,0.028702810406684875,0.2306547611951828,0.021649565547704697,0.15531715750694275,0.1944962739944458,0.5240594148635864
3110,-16.5332,-19.0938,-35.627,-28.1094,-0.9453,2.0,2.0,0.950236976146698,0.8750349283218384,0.005236547440290451,0.03406650200486183,0.2280505895614624,0.016402363777160645,0.13903141021728516,0.2152518630027771,0.5248367786407471
3115,-15.5098,-21.8215,-37.3313,-23.0859,-11.4844,2.0,2.0,0.918367326259613,0.517958402633667,0.0033191959373652935,0.02059980109333992,0.0606398805975914,0.0019045397639274597,0.020561255514621735,0.2107820212841034,0.6622745394706726
3120,-15.843,-21.1598,-37.0027,-26.0703,-5.9609,2.0,2.0,0.9322034120559692,0.7179693579673767,0.0022535212337970734,0.0280630961060524,0.0833333358168602,0.004586442839354277,0.04823538661003113,0.20697294175624847,0.63572758436203
3125,-15.6477,-20.7242,-36.3719,-26.8516,-1.8203,2.0,2.0,0.96875,0.8601174354553223,0.0031375284306705,0.025954298675060272,0.1134672611951828,0.011194029822945595,0.07280006259679794,0.2229866236448288,0.5885416865348816
3130,-15.6645,-21.6516,-37.316,-24.3047,-9.8438,2.0,2.0,0.8571428656578064,0.7172011733055115,0.0016904582735151052,0.01719568856060505,0.0647321417927742,0.0019045397639274597,0.026663556694984436,0.20693407952785492,0.6600202322006226
3135,-14.7242,-21.7379,-36.4621,-25.2109,-5.2891,2.0,2.0,0.9493087530136108,0.8215246796607971,0.0024691359139978886,0.019175203517079353,0.0870535746216774,0.008434390649199486,0.043337997049093246,0.2518656849861145,0.5918843150138855
3140,-15.7984,-21.6648,-37.4633,-23.7812,-11.3594,2.0,2.0,0.8148148059844971,0.7035775184631348,0.0009714397019706666,0.01441055629402399,0.0680803582072258,0.0010494403541088104,0.022815609350800514,0.20005442202091217,0.6716029047966003
3145,-15.9422,-20.9918,-36.934,-26.5,-4.0703,2.0,2.0,0.970059871673584,0.819242000579834,0.003421402769163251,0.021551724523305893,0.090773805975914,0.006490982603281736,0.05332711338996887,0.20448538661003113,0.6312189102172852
3150,-15.568,-21.909,-37.477,-22.0859,-14.1641,2.0,2.0,0.8974359035491943,0.5979381203651428,0.0009529254748485982,0.012841183692216873,0.0584077388048172,0.001515858224593103,0.015080845914781094,0.2039412260055542,0.6749844551086426
3155,-16.2273,-20.6875,-36.9148,-27.0859,-2.3828,2.0,2.0,1.0,0.9024234414100647,0.001196888042613864,0.015506737865507603,0.1090029776096344,0.00808457750827074,0.06094527244567871,0.19484607875347137,0.631646454334259
3160,-16.2355,-21.748,-37.9836,-20.8047,-17.1953,2.0,2.0,0.5714285969734192,0.550000011920929,0.00045116172987036407,0.006241180934011936,0.0520833320915699,0.0008162313606590033,0.006218905560672283,0.17230254411697388,0.716184675693512
3165,-16.3488,-20.3719,-36.7207,-26.3672,-2.7891,2.0,2.0,0.9904153347015381,0.9388740062713623,0.0030108389910310507,0.013224181719124317,0.120163694024086,0.012165733613073826,0.07248912006616592,0.19364117085933685,0.6172263622283936
3170,-15.7504,-21.4996,-37.25,-24.5391,-8.0391,2.0,2.0,0.9519230723381042,0.796954333782196,0.0032585777807980776,0.014824877493083477,0.0744047611951828,0.00404228875413537,0.030628109350800514,0.20277518033981323,0.658076822757721
3175,-15.4777,-21.9957,-37.4734,-21.1406,-15.9609,2.0,2.0,0.875,0.7963525652885437,0.0018723085522651672,0.006581226363778114,0.0569196417927742,0.0018656715983524919,0.012787624262273312,0.2075948417186737,0.6732742786407471
3180,-16.1145,-21.252,-37.3664,-25.7422,-6.4062,2.0,2.0,0.98591548204422,0.8251599073410034,0.0032460945658385754,0.014852063730359077,0.071800597012043,0.0027596394065767527,0.0364583320915699,0.19158115983009338,0.66472327709198
3185,-16.0113,-21.5285,-37.5398,-24.0234,-9.8906,2.0,2.0,0.9508196711540222,0.8003246784210205,0.0016450750408694148,0.011028571054339409,0.0636160746216774,0.002370957750827074,0.02394278533756733,0.18901586532592773,0.680192768573761
3190,-16.4449,-20.6016,-37.0465,-27.0,-2.4609,2.0,2.0,0.9796954393386841,0.903205156326294,0.0035424046218395233,0.01371026411652565,0.107886902987957,0.0076570273377001286,0.06063432991504669,0.1865282952785492,0.6407027244567871
3195,-16.5465,-20.934,-37.4805,-26.0156,-5.25,2.0,2.0,0.9345794320106506,0.8512628674507141,0.0008994828094728291,0.014238961972296238,0.0814732164144516,0.004158893134444952,0.04155006259679794,0.1728467047214508,0.6769667267799377
3200,-16.4117,-20.4324,-36.8441,-27.9766,-1.2344,2.0,2.0,0.9753694534301758,0.9608269929885864,0.0012205045204609632,0.011129763908684254,0.1127232164144516,0.00789023656398058,0.07143967598676682,0.1910758763551712,0.6251165866851807
3205,-16.0215,-20.9621,-36.9836,-26.2969,-4.2656,2.0,2.0,0.9890710115432739,0.9675716161727905,0.0005843397229909897,0.010062816552817822,0.0926339253783226,0.007112873252481222,0.05153917893767357,0.1995491236448288,0.6373212337493896
3210,-16.4457,-20.1102,-36.5559,-26.2812,-2.0234,2.0,2.0,0.9866666793823242,0.9765967726707458,0.0030637255404144526,0.009780732914805412,0.1331845223903656,0.017490671947598457,0.07971859723329544,0.19029851257801056,0.6080146431922913
3215,-16.134,-21.2891,-37.423,-24.1094,-8.8047,2.0,2.0,0.9491525292396545,0.8775510191917419,0.001045368961058557,0.010516583919525146,0.073288694024086,0.004586442839354277,0.032377175986766815,0.18590641021728516,0.6726523637771606
3220,-16.6676,-20.0918,-36.7594,-27.4141,-1.6797,2.0,2.0,0.9860140085220337,0.9465575218200684,0.001896333764307201,0.014060636050999165,0.1242559552192688,0.011116293258965015,0.0807291641831398,0.18446828424930573,0.6192086338996887
3225,-16.5797,-19.5504,-36.1301,-27.0078,-1.5078,2.0,2.0,0.9855371713638306,0.9758645296096802,0.0019829466473311186,0.011467734351754189,0.167038694024086,0.018812188878655434,0.10789801180362701,0.19601212441921234,0.5728000402450562
3230,-17.1625,-17.9641,-35.1266,-27.75,-1.125,2.0,2.0,0.9846547245979309,0.9789473414421082,0.0035573123022913933,0.015471609309315681,0.2485119104385376,0.03039490059018135,0.17354632914066315,0.19667288661003113,0.49490827322006226
3235,-16.8746,-19.8969,-36.7715,-27.9375,-1.4297,2.0,2.0,0.9854369163513184,0.9718309640884399,0.002384048653766513,0.01241534948348999,0.1305803507566452,0.008006840944290161,0.08830846101045609,0.17933768033981323,0.6198694109916687
3240,-17.4918,-16.8871,-34.3789,-27.625,-1.1875,2.0,2.0,0.9849690794944763,0.9898348450660706,0.005117102991789579,0.014223871752619743,0.3076636791229248,0.04395988956093788,0.21412469446659088,0.19748911261558533,0.439948707818985
3245,-16.5945,-19.5582,-36.1527,-27.3125,-2.1172,2.0,2.0,0.9780488014221191,0.961061954498291,0.002938871504738927,0.014760900288820267,0.1636904776096344,0.01593594439327717,0.10980255156755447,0.19838307797908783,0.5714008212089539
3250,-19.9238,-12.452,-32.3758,-29.0781,-0.4609,2.0,2.0,0.9895068407058716,0.9946303367614746,0.007262709550559521,0.022797372192144394,0.5052083134651184,0.07408270984888077,0.3763992488384247,0.1552005559206009,0.28983986377716064
3255,-23.3957,-5.5691,-28.9648,-29.5312,-0.2344,2.0,2.0,0.940682053565979,0.9949042797088623,0.1061224490404129,0.13807982206344604,0.8463541865348816,0.16184701025485992,0.5949549078941345,0.06665889173746109,0.07206156849861145
3260,-25.4688,-3.475,-28.9438,-29.8125,-0.0938,2.0,1.7379,0.8993766903877258,0.9892830848693848,0.31416401267051697,0.3978065848350525,0.8932291865348816,0.1309468299150467,0.6890935897827148,0.03649720177054405,0.038984764367341995
3265,-24.7992,-4.0359,-28.8352,-29.7344,-0.1328,2.0,1.4864,0.8770661354064941,0.9618478417396545,0.5211267471313477,0.5922712683677673,0.875,0.15049751102924347,0.6571050882339478,0.038634948432445526,0.04928482696413994
3270,-22.1691,-7.3742,-29.5434,-29.2812,-0.3594,2.0,1.2604,0.8481044173240662,0.9330442547798157,0.3319309949874878,0.33864670991897583,0.715029776096344,0.15481187403202057,0.528840184211731,0.09238961338996887,0.11948072165250778
3275,-21.5344,-8.3754,-29.9098,-29.1719,-0.4141,2.0,1.0633,0.7917001247406006,0.8890778422355652,0.35732367634773254,0.36164307594299316,0.7098214030265808,0.145172581076622,0.5028373599052429,0.10747046023607254,0.14004197716712952
3280,-20.2918,-10.0063,-30.298,-28.6562,-0.6719,2.0,0.9751,0.8946385979652405,0.9243630766868591,0.21803420782089233,0.15359188616275787,0.6261160969734192,0.14571672677993774,0.4393656849861145,0.13405628502368927,0.17638370394706726
3285,-20.2984,-9.2535,-29.552,-28.9219,-0.5391,2.0,0.8698,0.8769088387489319,0.9336829781532288,0.29524919390678406,0.19163058698177338,0.6357886791229248,0.16798818111419678,0.45949938893318176,0.13335666060447693,0.1346781700849533
3290,-16.248,-21.0434,-37.2914,-21.4688,-15.7266,2.0,0.9525,0.45962733030319214,0.5031560063362122,0.03842940554022789,0.03067954257130623,0.0788690447807312,0.006257773842662573,0.04310479015111923,0.18610075116157532,0.6600590944290161
3295,-14.7957,-22.591,-37.3867,-18.7422,-20.6172,2.0,1.158,0.0,0.0,0.0016792610986158252,0.0,0.0509672611951828,0.00019434079877100885,0.0005441542016342282,0.23145988583564758,0.6633239984512329
3300,-16.0695,-21.9594,-38.0289,-19.5156,-20.2422,2.0,1.3482,0.0,0.0,0.0,0.00010788650251924992,0.0505952388048172,0.00019434079877100885,0.00011660447489703074,0.17467351257801056,0.7205379605293274
3305,-15.2945,-22.3527,-37.6473,-19.25,-20.375,2.0,1.5431,0.0,0.0,0.0,0.0,0.0476190485060215,0.0,0.0,0.20887748897075653,0.6866449117660522
3310,-15.632,-22.184,-37.816,-19.3125,-20.3438,2.0,1.7456,0.0,0.0,0.0,0.0,0.0476190485060215,0.0,0.0,0.19430193305015564,0.7012204527854919
3315,-15.4078,-22.2961,-37.7039,-19.3125,-20.3438,2.0,1.9463,0.0,0.0,0.0,0.0,0.0476190485060215,0.0,0.0,0.20444652438163757,0.69107586145401
3320,-15.0211,-22.4895,-37.5105,-19.2188,-20.3906,2.0,2.0,0.0,0.0,0.0,0.0,0.0476190485060215,0.0,0.0,0.222014918923378,0.6735074520111084
3325,-15.1246,-22.4371,-37.5617,-19.2031,-20.3984,2.0,2.0,0.0,0.0,0.0001785395434126258,0.0,0.0476190485060215,0.0,3.886815829901025e-05,0.2177005559206009,0.6777829527854919
3330,-15.1594,-22.4145,-37.5738,-19.4531,-20.2734,2.0,2.0,0.0,0.0,0.0,0.0005715918960049748,0.0476190485060215,3.886815829901025e-05,0.00034981343196704984,0.21513526141643524,0.6799984574317932
3335,-15.7422,-21.9086,-37.6508,-21.5625,-15.7734,2.0,2.0,0.75,0.5938566327095032,0.0027882892172783613,0.009264489635825157,0.0498511902987957,0.0009328357991762459,0.011388370767235756,0.1951570212841034,0.6880441308021545
3340,-16.0426,-21.8527,-37.8953,-20.5781,-17.8828,2.0,2.0,0.6000000238418579,0.6380367875099182,0.0025985275860875845,0.004767384380102158,0.0498511902987957,0.0003886815975420177,0.006335509940981865,0.17949315905570984,0.7093050479888916
3345,-15.45,-22.0793,-37.5293,-21.0781,-16.6484,2.0,2.0,0.8518518805503845,0.63671875,0.0011250702664256096,0.007575757801532745,0.0513392873108387,0.0010494403541088104,0.009950248524546623,0.2072838991880417,0.6772388219833374
3350,-15.7875,-21.6023,-37.3898,-23.0938,-11.8672,2.0,2.0,0.9838709831237793,0.7717717885971069,0.0031176928896456957,0.013678696006536484,0.0602678582072258,0.00240982579998672,0.02588619478046894,0.1994713991880417,0.6677549481391907
3355,-16.3949,-21.1715,-37.5664,-24.5156,-9.2109,2.0,2.0,0.939393937587738,0.8054892420768738,0.0035110819153487682,0.015416121110320091,0.067336305975914,0.0025652984622865915,0.032571516931056976,0.17712220549583435,0.68326336145401
3360,-15.7266,-21.7277,-37.4543,-22.3438,-13.5078,2.0,2.0,0.8529411554336548,0.6902173757553101,0.0032958511728793383,0.013818223960697651,0.0595238097012043,0.0013215173967182636,0.021455224603414536,0.20048196613788605,0.6722636818885803
3365,-15.4051,-21.8586,-37.2637,-22.2422,-13.5234,2.0,2.0,0.8863636255264282,0.681654691696167,0.0032409075647592545,0.017470093443989754,0.0543154776096344,0.0017101990524679422,0.021610695868730545,0.21587376296520233,0.6563277244567871
3370,-16.6234,-20.0852,-36.7086,-27.6719,-2.3594,2.0,2.0,0.9265536665916443,0.8171064853668213,0.00736045790836215,0.035311270505189896,0.115699402987957,0.006879664026200771,0.08543221652507782,0.1901041716337204,0.613106369972229
3375,-15.775,-21.3332,-37.1082,-25.0312,-7.6875,2.0,2.0,0.954023003578186,0.7821011543273926,0.003937007859349251,0.022180700674653053,0.0677083358168602,0.003381529822945595,0.0399564690887928,0.20732276141643524,0.64486163854599
3380,-15.6199,-21.9797,-37.5996,-21.3281,-16.5234,2.0,2.0,0.800000011920929,0.40425533056259155,0.0011609906796365976,0.012457338161766529,0.0520833320915699,0.0003886815975420177,0.010960821062326431,0.20087064802646637,0.6833022236824036
3385,-15.5215,-21.9492,-37.4707,-21.3828,-15.2656,2.0,2.0,0.9555555582046509,0.6172506809234619,0.0026605853345245123,0.01134661864489317,0.0520833320915699,0.00174906721804291,0.014420087449252605,0.20452424883842468,0.6748290061950684
3390,-15.7953,-21.7109,-37.5062,-22.7422,-12.9453,2.0,2.0,0.9032257795333862,0.6810506582260132,0.0025570415891706944,0.01339696440845728,0.0591517873108387,0.00120491289999336,0.020716728642582893,0.19760571420192719,0.6759950518608093
3395,-15.9324,-20.1781,-36.1105,-27.3672,-1.7969,2.0,2.0,0.9590643048286438,0.878068745136261,0.011457782238721848,0.028118785470724106,0.1287202388048172,0.013292910531163216,0.09499377757310867,0.22049906849861145,0.56673663854599
3400,-16.6168,-19.0449,-35.6617,-27.8516,-1.0859,2.0,2.0,0.946886420249939,0.900116503238678,0.014111006632447243,0.03666787967085838,0.1703869104385376,0.021222015842795372,0.1334732621908188,0.20658425986766815,0.5342428684234619
3405,-16.8195,-19.6438,-36.4633,-27.5156,-1.4766,2.0,2.0,0.9729729890823364,0.8859416246414185,0.006404958665370941,0.028950463980436325,0.143601194024086,0.010066852904856205,0.10257307440042496,0.18812188506126404,0.5947605967521667
3410,-17.8824,-14.798,-32.6805,-28.0156,-0.9922,2.0,2.0,0.9896039366722107,0.9821333289146423,0.024631496518850327,0.02893352508544922,0.4014136791229248,0.07851368188858032,0.291511207818985,0.20040422677993774,0.32509326934814453
3415,-18.3977,-15.1867,-33.5844,-28.4688,-0.7656,2.0,2.0,0.9714946150779724,0.9552010893821716,0.039950061589479446,0.048838164657354355,0.3329613208770752,0.05045086890459061,0.28023943305015564,0.18680037558078766,0.37803173065185547
3420,-19.5188,-12.5285,-32.0473,-28.5938,-0.7031,2.0,2.0,0.9605609178543091,0.9578135013580322,0.06857825815677643,0.0671820119023323,0.4739583432674408,0.08869714289903641,0.3676150441169739,0.16266325116157532,0.2765469551086426
3425,-21.3625,-9.3883,-30.7508,-29.2656,-0.3672,2.0,1.9954,0.9727961421012878,0.9773615598678589,0.06664520502090454,0.07705263048410416,0.6235119104385376,0.1128731369972229,0.4773010015487671,0.12072449922561646,0.18462376296520233
3430,-23.2145,-6.0805,-29.2949,-29.625,-0.1875,2.0,1.8378,0.9537542462348938,0.9746708273887634,0.18303342163562775,0.16338151693344116,0.8024553656578064,0.14960354566574097,0.5815842747688293,0.0755985677242279,0.08873600512742996
3435,-24.3336,-4.5863,-28.9199,-29.7031,-0.1484,2.0,1.6089,0.9355171322822571,0.9730555415153503,0.3150579035282135,0.30579614639282227,0.8616071343421936,0.15069185197353363,0.6361551880836487,0.05033426731824875,0.05834110826253891
3440,-25.3859,-3.5012,-28.8871,-29.8594,-0.0703,2.0,1.3791,0.9268929362297058,0.9851261377334595,0.30588236451148987,0.2704918086528778,0.9397321343421936,0.13397854566574097,0.6872667670249939,0.03634173050522804,0.037935324013233185
3445,-23.4984,-5.8406,-29.3391,-29.6719,-0.1641,2.0,1.1373,0.8480365872383118,0.9512513279914856,0.3333333432674408,0.28785812854766846,0.8679315447807312,0.14451181888580322,0.5963930487632751,0.06914645433425903,0.08547107875347137
3450,-22.5477,-7.3648,-29.9125,-29.5156,-0.2422,2.0,0.9695,0.8609000444412231,0.9345191121101379,0.25441548228263855,0.2499241679906845,0.7860863208770752,0.13300684094429016,0.5419387221336365,0.09242848306894302,0.12814831733703613
3455,-23.8219,-5.6672,-29.4891,-29.6406,-0.1797,2.0,0.7867,0.8335724472999573,0.9333676099777222,0.40673887729644775,0.39317697286605835,0.8604910969734192,0.13545553386211395,0.6043221354484558,0.06459888070821762,0.0911458358168602
3460,-23.4574,-5.6262,-29.0836,-29.4219,-0.2891,2.0,0.5717,0.8534985184669495,0.9295220375061035,0.5068492889404297,0.3903147578239441,0.8921130895614624,0.15998134016990662,0.5928560495376587,0.062422264367341995,0.08026275038719177
3465,-23.6582,-5.4309,-29.0891,-29.5938,-0.2031,2.0,0.3845,0.8564920425415039,0.9428792595863342,0.46013811230659485,0.3717884123325348,0.8895089030265808,0.1535681039094925,0.6028839945793152,0.06191697716712952,0.0771532952785492
3470,-24.0762,-4.8246,-28.9008,-29.5312,-0.2344,2.0,0.1595,0.8824386596679688,0.9494564533233643,0.5116459727287292,0.39840394258499146,0.8969494104385376,0.16002021729946136,0.6221237778663635,0.05006219074130058,0.0633162334561348
3475,-25.2988,-3.3391,-28.6379,-29.7188,-0.1406,2.0,0.0,0.9135260581970215,0.9818047285079956,0.5219638347625732,0.32795029878616333,0.9549851417541504,0.15057525038719177,0.6835743188858032,0.030083954334259033,0.03128886967897415
3480,-24.2895,-4.9184,-29.2078,-29.7188,-0.1406,2.0,0.0,0.8471428751945496,0.960103452205658,0.4617449641227722,0.35287609696388245,0.8638392686843872,0.13603855669498444,0.6312966346740723,0.057913556694984436,0.07027363032102585
3485,-23.7047,-5.7305,-29.4352,-29.5938,-0.2031,2.0,0.0,0.8530176281929016,0.9531481862068176,0.4014238715171814,0.24574753642082214,0.8534226417541504,0.134600430727005,0.6031172275543213,0.07097326219081879,0.0868314653635025
3490,-20.3035,-10.9496,-31.2531,-28.8984,-0.6094,2.0,0.0,0.8046958446502686,0.9083410501480103,0.20388349890708923,0.1566678136587143,0.5963541865348816,0.10925839841365814,0.41938742995262146,0.14011971652507782,0.22675684094429016
3495,-15.9422,-21.2836,-37.2258,-20.8203,-16.6484,2.0,0.0,0.6060606241226196,0.6035751700401306,0.02536873146891594,0.019062889739871025,0.1026785746216774,0.006413246039301157,0.03696361929178238,0.19764459133148193,0.6545009613037109
3500,-15.0625,-22.4629,-37.5254,-19.2656,-20.3672,2.0,0.156,0.0,0.0,0.00035473573370836675,0.00011496895604068413,0.0498511902987957,3.886815829901025e-05,0.00019434079877100885,0.21913868188858032,0.6761505007743835
3505,-15.3746,-22.3121,-37.6867,-19.5156,-20.2422,2.0,0.3455,0.0,0.0,0.0,5.644296470563859e-05,0.0476190485060215,0.0,3.886815829901025e-05,0.20685634016990662,0.6886271834373474
3510,-15.5969,-22.1969,-37.7938,-19.5781,-20.2109,2.0,0.5433,0.0,0.0,0.0009960159659385681,0.0001665556337684393,0.0476190485060215,0.00019434079877100885,0.00011660447489703074,0.19511815905570984,0.7000932693481445
3515,-15.9078,-22.0414,-37.9492,-19.5,-20.25,2.0,0.7419,0.0,0.0,0.0,0.0,0.0505952388048172,0.000155472633196041,0.000155472633196041,0.18135882914066315,0.71385258436203
3520,-15.7547,-22.1227,-37.8773,-19.5,-20.25,2.0,0.9448,0.0,0.0,0.0,0.0,0.0476190485060215,0.0,0.0,0.18889924883842468,0.7066231369972229
3525,-15.8387,-22.0754,-37.9141,-19.6406,-20.1797,2.0,1.1468,0.0,0.0,0.00020977553504053503,0.0,0.0505952388048172,0.00019434079877100885,0.000155472633196041,0.18528451025485992,0.7098880410194397
3530,-15.0898,-22.4551,-37.5449,-19.2969,-20.3516,2.0,1.3479,0.0,0.0,0.0,0.0,0.0476190485060215,0.0,0.0,0.21816697716712952,0.6773554086685181
3535,-15.6977,-22.1465,-37.8441,-19.4688,-20.2656,2.0,1.554,0.0,0.0,0.0006080259336158633,0.000276273611234501,0.0476190485060215,0.000155472633196041,0.000155472633196041,0.19177550077438354,0.7034359574317932
3540,-15.9609,-22.0195,-37.9805,-19.5312,-20.2344,2.0,1.7609,0.0,0.0,0.0,0.0,0.0476190485060215,0.0,0.0,0.1806592047214508,0.7148631811141968
3545,-15.9035,-22.0477,-37.9512,-19.4531,-20.2734,2.0,1.9607,0.0,0.0,0.0,5.45553739357274e-05,0.0476190485060215,0.0,3.886815829901025e-05,0.1830301582813263,0.7124533653259277
3550,-15.3117,-22.3441,-37.6559,-19.375,-20.3125,2.0,2.0,0.0,0.0,0.0,0.0,0.0476190485060215,0.0,0.0,0.20829446613788605,0.6872279047966003
3555,-14.9836,-22.4988,-37.4824,-18.9844,-20.5078,2.0,2.0,0.0,0.0,0.0005217391299083829,0.00028945234953425825,0.0505952388048172,0.00023320894979406148,0.0003886815975420177,0.22349192202091217,0.6714085936546326
3560,-15.5813,-22.2094,-37.7906,-19.4219,-20.2891,2.0,2.0,0.0,0.0,0.0,0.0,0.0476190485060215,0.0,0.0,0.19737251102924347,0.6981498599052429
3565,-14.5836,-22.7082,-37.2918,-18.8125,-20.5938,2.0,2.0,0.0,0.0,0.0,0.0,0.0476190485060215,0.0,0.0,0.24253731966018677,0.6529850959777832
3570,-15.3586,-22.3148,-37.6734,-19.3281,-20.3359,2.0,2.0,0.0,0.0,0.0003746019792743027,0.0,0.0505952388048172,0.00019434079877100885,0.00019434079877100885,0.2075171023607254,0.6876165866851807
3575,-15.7164,-22.1371,-37.8535,-19.625,-20.0938,2.0,2.0,0.0,0.0,0.0,0.0,0.0505952388048172,3.886815829901025e-05,0.0002720771008171141,0.19169776141643524,0.7035136818885803
3580,-15.2109,-22.3852,-37.5961,-19.2812,-20.3594,2.0,2.0,0.0,0.0,0.0001817851298255846,0.00039947498589754105,0.0505952388048172,0.00019434079877100885,0.00042754976311698556,0.21381373703479767,0.6810867786407471
3585,-15.2375,-22.3801,-37.6176,-19.2969,-20.3516,2.0,2.0,0.0,0.0,0.00036643460043706,0.0,0.0476190485060215,0.0,0.0,0.21214240789413452,0.6833799481391907
3590,-15.4078,-22.2961,-37.7039,-19.2656,-20.3672,2.0,2.0,0.0,0.0,0.0,0.0,0.0476190485060215,0.0,0.0,0.2047574669122696,0.6907649040222168
3595,-15.2547,-22.3727,-37.6273,-19.3125,-20.3438,2.0,2.0,0.0,0.0,0.0,0.0,0.0476190485060215,0.0,0.0,0.21128731966018677,0.6842350959777832
3600,-15.2551,-22.3672,-37.6223,-19.3281,-20.3359,2.0,2.0,0.0,0.0,0.00018443378212396055,0.0,0.0505952388048172,7.77363165980205e-05,0.0002720771008171141,0.21074315905570984,0.684429407119751
3605,-15.609,-22.1949,-37.8039,-19.4688,-20.2656,2.0,2.0,0.0,0.0,0.0001981375098694116,0.0,0.0476190485060215,0.0,3.886815829901025e-05,0.19616760313510895,0.6993159055709839
3610,-15.5582,-22.2074,-37.7656,-19.5156,-20.0547,2.0,2.0,0.0,0.0,0.0,0.0008378952043130994,0.0505952388048172,0.0,0.0008939676336012781,0.1988106369972229,0.695817768573761
3615,-15.7066,-22.1332,-37.8398,-19.5547,-20.0469,2.0,2.0,0.0,0.0,0.0004020100459456444,0.0007205409347079694,0.0505952388048172,7.77363165980205e-05,0.0008162313606590033,0.1933690905570984,0.7012593150138855
3620,-15.3102,-22.332,-37.6422,-19.2344,-20.3828,2.0,2.0,0.0,0.0,0.0,0.0007937857881188393,0.0505952388048172,0.0002720771008171141,0.0005830223672091961,0.209149569272995,0.6855177283287048
3625,-15.6641,-22.1398,-37.8039,-19.5312,-20.1406,2.0,2.0,0.0,0.0,0.001606748322956264,0.00044412369607016444,0.0595238097012043,0.00034981343196704984,0.001515858224593103,0.193524569272995,0.7001321315765381
3630,-15.3684,-22.2859,-37.6543,-19.0781,-20.4609,2.0,2.0,0.0,0.0,0.001698433654382825,0.0019201445393264294,0.0505952388048172,0.00019434079877100885,0.0011271765688434243,0.2059623748064041,0.6882385015487671
3635,-14.9434,-22.4961,-37.4395,-19.2031,-20.2109,2.0,2.0,0.0,0.0,0.002415458904579282,0.0023852463345974684,0.0476190485060215,0.00034981343196704984,0.0017879352672025561,0.22527985274791718,0.6681047677993774
3640,-15.3008,-22.3262,-37.627,-19.3828,-20.2969,2.0,2.0,0.0,0.0,0.001116486731916666,0.0010212186025455594,0.0535714291036129,0.00019434079877100885,0.0013603855622932315,0.20887748897075653,0.685090184211731
3645,-15.6129,-22.152,-37.7648,-19.4219,-20.125,2.0,2.0,0.0,0.0,0.0005919495015405118,0.0023462376557290554,0.0572916679084301,0.00011660447489703074,0.0026430347934365273,0.19698382914066315,0.6957789063453674
3650,-15.5711,-22.1605,-37.7316,-19.4688,-20.2656,2.0,2.0,0.0,0.0,0.002537080319598317,0.0026361546479165554,0.0595238097012043,0.0005052860942669213,0.0028762437868863344,0.19916044175624847,0.6929804086685181
3655,-15.7797,-22.0621,-37.8418,-19.6719,-20.0703,2.0,2.0,0.0,0.0,0.0026677611749619246,0.0025988388806581497,0.0558035708963871,0.00023320894979406148,0.00295398011803627,0.18940454721450806,0.7029306888580322
3660,-15.4129,-22.2719,-37.6848,-19.3438,-20.3281,2.0,2.0,0.0,0.0,0.001516875228844583,0.0013531036674976349,0.0494791679084301,0.00023320894979406148,0.0008939676336012781,0.2049906700849533,0.6894045472145081
3665,-15.5773,-22.2078,-37.7852,-19.5938,-20.2031,2.0,2.0,0.0,0.0,0.0009873617673292756,5.564830280491151e-05,0.0476190485060215,7.77363165980205e-05,0.000155472633196041,0.19682836532592773,0.6984608173370361
3670,-15.6687,-22.1398,-37.8086,-19.4922,-20.1719,2.0,2.0,0.0,0.0,0.002426693681627512,0.0008863774710334837,0.0535714291036129,0.0003886815975420177,0.0013215173967182636,0.19220304489135742,0.7016091346740723
3675,-15.2801,-22.3348,-37.6148,-19.2422,-20.2734,2.0,2.0,0.0,0.0,0.0009245562250725925,0.0007959520444273949,0.0565476194024086,0.0002720771008171141,0.0013992537278681993,0.2101989984512329,0.6836520433425903
3680,-15.2621,-22.3578,-37.6199,-19.3438,-20.3281,2.0,2.0,0.0,0.0,0.000368324137525633,0.0009664032841101289,0.0476190485060215,0.00011660447489703074,0.000621890532784164,0.21105410158634186,0.6837297677993774
3685,-15.8504,-22.0531,-37.9035,-19.4062,-20.2969,2.0,2.0,0.0,0.0,0.0012539185117930174,0.0012616566382348537,0.0505952388048172,7.77363165980205e-05,0.0008939676336012781,0.18598413467407227,0.7085665464401245
3690,-15.8676,-22.0305,-37.898,-19.4922,-20.2188,2.0,2.0,0.0,0.0,0.003348681377246976,0.002471033949404955,0.0476190485060215,0.0003886815975420177,0.0015935945557430387,0.185712069272995,0.7078280448913574
3695,-15.184,-22.3617,-37.5457,-19.5469,-20.2266,2.0,2.0,0.0833333358168602,0.10169491171836853,0.0016316170804202557,0.0032086174469441175,0.0502232126891613,0.00046641789958812296,0.0022932214196771383,0.21439675986766815,0.6783660054206848
3700,-16.1016,-21.9398,-38.0414,-19.5312,-20.2344,2.0,2.0,0.0,0.0,0.00044732721289619803,0.0007545949192717671,0.0476190485060215,3.886815829901025e-05,0.0005830223672091961,0.17377954721450806,0.7211209535598755
3705,-16.073,-21.9488,-38.0219,-19.6719,-20.1641,2.0,2.0,0.0,0.0,0.0,5.4103769798530266e-05,0.0565476194024086,0.0,0.0009717039647512138,0.17615050077438354,0.7184001803398132
3710,-15.1926,-22.382,-37.5746,-19.375,-20.3125,2.0,2.0,0.0,0.0,0.0009100837050937116,0.0013707235921174288,0.0505952388048172,0.0003886815975420177,0.0010494403541088104,0.2135416716337204,0.6805425882339478
3715,-15.1055,-22.4297,-37.5352,-19.3281,-20.2188,2.0,2.0,0.0,0.0,0.0008885729475878179,0.0005177472485229373,0.0535714291036129,0.00011660447489703074,0.0010494403541088104,0.21871113777160645,0.6756452322006226
3720,-15.7785,-22.082,-37.8605,-19.6406,-20.0859,2.0,2.0,0.0,0.0,0.002468627877533436,0.0020399161148816347,0.0476190485060215,0.00042754976311698556,0.0011660447344183922,0.18893812596797943,0.7049906849861145
3725,-15.5164,-22.2125,-37.7289,-19.6094,-20.0078,2.0,2.0,0.0,0.029411764815449715,0.0027242654468864202,0.001512350863777101,0.0505952388048172,0.0005441542016342282,0.0013215173967182636,0.19974346458911896,0.6939132213592529
3730,-15.341,-22.3148,-37.6559,-19.3906,-20.2109,2.0,2.0,0.0,0.0,0.00037376192631199956,0.0007925275713205338,0.0509672611951828,3.886815829901025e-05,0.0008939676336012781,0.20798352360725403,0.6866060495376587
3735,-14.8027,-22.5688,-37.3715,-19.1875,-20.2188,2.0,2.0,0.0,0.0,0.001342732459306717,0.002055075950920582,0.0505952388048172,0.00034981343196704984,0.0016324627213180065,0.23157648742198944,0.6619636416435242
3740,-15.7992,-22.0781,-37.8773,-19.4844,-20.2578,2.0,2.0,0.0,0.0,0.002673796843737364,0.0013775622937828302,0.0476190485060215,0.00011660447489703074,0.0010494403541088104,0.18897698819637299,0.7053793668746948
3745,-15.0262,-22.4195,-37.4457,-19.5156,-19.9375,2.0,2.0,0.0,0.0,0.005059316288679838,0.00453277537599206,0.0505952388048172,0.0009328357991762459,0.00295398011803627,0.22279228270053864,0.6688432693481445
3750,-15.066,-22.4336,-37.4996,-19.3359,-20.3203,2.0,2.0,0.0,0.0,0.001583113451488316,0.0013868022942915559,0.0565476194024086,0.00042754976311698556,0.001476990059018135,0.22096548974514008,0.6726523637771606
3755,-15.477,-22.1812,-37.6582,-19.4141,-20.2812,2.0,2.0,0.0,0.0,0.005787036847323179,0.004794945474714041,0.0558035708963871,0.0006607586983591318,0.004353233613073826,0.2014925330877304,0.6890158653259277
3760,-15.6297,-22.0926,-37.7223,-19.6172,-19.9688,2.0,2.0,0.0,0.0,0.006728676147758961,0.004932182375341654,0.061011902987957,0.0007384950295090675,0.0048973881639540195,0.19640080630779266,0.693485677242279
3765,-15.7203,-22.0402,-37.7605,-19.7031,-19.6562,2.0,2.0,0.0,0.007194244768470526,0.006416683550924063,0.0045810057781636715,0.0680803582072258,0.0005441542016342282,0.005402673967182636,0.19383551180362701,0.6957400441169739
3770,-15.3063,-22.3082,-37.6145,-19.5859,-20.1016,2.0,2.0,0.0,0.08888889104127884,0.005913879256695509,0.0011384983081370592,0.0513392873108387,0.0006607586983591318,0.00174906721804291,0.21031561493873596,0.6827969551086426
3775,-15.4453,-22.1461,-37.5914,-19.8828,-19.4375,2.0,2.0,0.10256410390138626,0.12408759444952011,0.008658008649945259,0.005412796977907419,0.0706845223903656,0.001515858224593103,0.005324937868863344,0.20650653541088104,0.6821750402450562
3780,-14.9973,-22.3684,-37.3656,-19.2969,-20.0234,2.0,2.0,0.09090909361839294,0.04430379718542099,0.009344177320599556,0.0070930300280451775,0.0628720223903656,0.0017101990524679422,0.006141168996691704,0.2246190905570984,0.6630519032478333
3785,-15.7184,-22.0805,-37.7988,-19.6094,-20.1016,2.0,2.0,0.0,0.01315789483487606,0.006832797545939684,0.0023934098426252604,0.0569196417927742,0.0008550995262339711,0.00295398011803627,0.19340795278549194,0.6983053684234619
3790,-16.2,-21.8309,-38.0309,-19.6484,-20.0469,2.0,2.0,0.0,0.0,0.005893019028007984,0.002808382036164403,0.0625,0.0013603855622932315,0.002992848167195916,0.17148631811141968,0.7196828126907349
3795,-14.7809,-22.5727,-37.3535,-19.1406,-20.4062,2.0,2.0,0.0,0.02083333395421505,0.0018447090405970812,0.0018802514532580972,0.0546875,0.0003886815975420177,0.0018656715983524919,0.2317708283662796,0.661497175693512
3800,-15.0168,-22.4312,-37.448,-19.6016,-19.9766,2.0,2.0,0.0,0.012500000186264515,0.006450488232076168,0.002382889622822404,0.0565476194024086,0.0006996268639340997,0.0031094527803361416,0.22294776141643524,0.6687655448913574
3805,-15.7719,-22.0766,-37.8484,-19.9062,-19.5547,2.0,2.0,0.0,0.0,0.0016443987842649221,0.002097246004268527,0.0543154776096344,0.00011660447489703074,0.002060012426227331,0.18909358978271484,0.7042521834373474
3810,-16.0906,-21.9277,-38.0184,-19.625,-20.0938,2.0,2.0,0.0,0.0,0.0019982238300144672,0.0015683305682614446,0.0505952388048172,7.77363165980205e-05,0.0016713308868929744,0.17506219446659088,0.7187111377716064
3815,-15.6035,-22.1684,-37.7719,-19.4531,-20.2031,2.0,2.0,0.0,0.0,0.0033484341111034155,0.0007815553108230233,0.0550595223903656,0.0003886815975420177,0.0015547263901680708,0.19733364880084991,0.6962453126907349
3820,-15.3961,-22.268,-37.6641,-19.375,-20.3125,2.0,2.0,0.0,0.0,0.0020908573642373085,0.001749336952343583,0.0535714291036129,0.0005052860942669213,0.00174906721804291,0.20448538661003113,0.6887826323509216
3825,-15.6566,-22.1594,-37.816,-19.1953,-20.3906,2.0,2.0,0.0,0.0,0.0010028078686445951,0.0005545389140024781,0.0498511902987957,0.0003886815975420177,0.00042754976311698556,0.19379663467407227,0.7009094953536987
3830,-15.4246,-22.2801,-37.7047,-19.3281,-20.3125,2.0,2.0,0.0,0.0,0.0017188693163916469,0.00022483278007712215,0.0476190485060215,0.00019434079877100885,0.000310945266392082,0.20351368188858032,0.6915034055709839
3835,-15.7453,-22.1086,-37.8539,-19.625,-20.1172,2.0,2.0,0.0,0.0476190485060215,0.0,0.000770628044847399,0.0539434514939785,0.00011660447489703074,0.0008162313606590033,0.1884717047214508,0.7061178684234619
3840,-15.5875,-22.1887,-37.7762,-19.2969,-20.3516,2.0,2.0,0.0,0.0,0.0017643598839640617,0.0011725948425009847,0.0476190485060215,0.00019434079877100885,0.0009717039647512138,0.19826647639274597,0.6960898637771606
3845,-15.8824,-22.0312,-37.9137,-19.6953,-20.0234,2.0,2.0,0.0,0.0,0.0019083969527855515,0.0010942715452983975,0.0543154776096344,0.0005441542016342282,0.0012826492311432958,0.18330223858356476,0.7103933691978455
3850,-15.4496,-22.2453,-37.6949,-19.4531,-20.1562,2.0,2.0,0.0,0.0,0.0032510997261852026,0.0005630630766972899,0.0565476194024086,0.00042754976311698556,0.0015547263901680708,0.20324160158634186,0.6902984976768494
3855,-15.5625,-22.1766,-37.7391,-19.5781,-20.1172,2.0,2.0,0.0,0.0,0.005495584104210138,0.002459337003529072,0.0476190485060215,0.0010105721885338426,0.0010883084032684565,0.19803327322006226,0.6953902244567871
3860,-15.5602,-22.1883,-37.7484,-19.5781,-19.8594,2.0,2.0,0.3333333432674408,0.08163265138864517,0.000783852650783956,0.0013978193746879697,0.0550595223903656,0.00011660447489703074,0.0019045397639274597,0.19834421575069427,0.6951570510864258
3865,-15.3918,-22.2543,-37.6461,-19.6953,-19.7188,2.0,2.0,0.05000000074505806,0.18867924809455872,0.005080918315798044,0.002039313316345215,0.0517113097012043,0.0007773631950840354,0.002060012426227331,0.2065453976392746,0.6861396431922913
3870,-15.5746,-22.1441,-37.7188,-19.6641,-19.5,2.0,2.0,0.3076923191547394,0.2857142984867096,0.004118454642593861,0.003250392386689782,0.0513392873108387,0.0005052860942669213,0.003264925442636013,0.19818873703479767,0.6935634613037109
3875,-15.4453,-22.2398,-37.6852,-19.3906,-20.1641,2.0,2.0,0.0,0.095238097012043,0.0036301107611507177,0.00230933865532279,0.0476190485060215,0.0003886815975420177,0.0016324627213180065,0.20343594253063202,0.690065324306488
3880,-15.7879,-22.068,-37.8559,-19.5859,-19.8906,2.0,2.0,0.0,0.2083333283662796,0.0028806584887206554,0.0017100617988035083,0.0513392873108387,0.000155472633196041,0.0018656715983524919,0.18889924883842468,0.7046020030975342
3885,-15.7469,-22.109,-37.8559,-19.7109,-19.9922,2.0,2.0,0.0,0.0,0.0016376663697883487,0.0012132575502619147,0.0476190485060215,7.77363165980205e-05,0.0007773631950840354,0.1898709535598755,0.704796314239502
3890,-15.009,-22.4328,-37.4418,-19.6172,-19.5703,2.0,2.0,0.25,0.3291139304637909,0.002081887563690543,0.0031408132053911686,0.0528273805975914,0.000155472633196041,0.003070584498345852,0.2240360677242279,0.6682602763175964
3895,-14.884,-22.5422,-37.4262,-18.9922,-20.2812,2.0,2.0,0.3333333432674408,0.3181818127632141,0.0015437392285093665,0.00046552225830964744,0.048363097012043,0.00011660447489703074,0.0008550995262339711,0.22660136222839355,0.6679493188858032
3900,-14.7711,-22.5887,-37.3598,-19.3047,-20.2422,2.0,2.0,0.0,0.06060606241226196,0.0020212228409945965,0.0016413623234257102,0.048363097012043,0.00042754976311698556,0.0012826492311432958,0.23076026141643524,0.6630519032478333
3905,-15.866,-22.0301,-37.8961,-19.6406,-19.8516,2.0,2.0,0.5,0.3137255012989044,0.0010469012195244431,0.0014280221657827497,0.0524553582072258,0.00023320894979406148,0.0019822760950773954,0.1856343299150467,0.7076725959777832
3910,-16.1246,-21.8844,-38.009,-19.7578,-19.7109,2.0,2.0,0.2857142984867096,0.4000000059604645,0.0011180680012330413,0.0019474197179079056,0.0543154776096344,0.0002720771008171141,0.0029151118360459805,0.1738184094429016,0.7185167670249939
3915,-15.9516,-21.9762,-37.9277,-19.9531,-19.4844,2.0,2.0,0.0,0.3333333432674408,0.002788502722978592,0.0016936188330873847,0.0535714291036129,0.000310945266392082,0.0025652984622865915,0.18120336532592773,0.711442768573761
3920,-15.3965,-22.2578,-37.6543,-19.5547,-19.6953,2.0,2.0,0.15789473056793213,0.5370370149612427,0.0030395137146115303,0.0009602892096154392,0.0513392873108387,0.0007384950295090675,0.002098880708217621,0.20460198819637299,0.6880829930305481
3925,-15.0918,-22.382,-37.4738,-19.4766,-19.5469,2.0,2.0,0.4285714328289032,0.4375,0.004430267494171858,0.0031221092212945223,0.0476190485060215,0.0008162313606590033,0.0031094527803361416,0.21933302283287048,0.6722636818885803
3930,-15.8953,-22.016,-37.9113,-20.0469,-19.4609,2.0,2.0,0.0,0.2884615361690521,0.0027403035201132298,0.0016997477505356073,0.0487351194024086,0.00023320894979406148,0.002021144377067685,0.18439054489135742,0.7088775038719177
3935,-15.4934,-22.2234,-37.7168,-19.5234,-19.9688,2.0,2.0,0.0,0.4285714328289032,0.0007713073864579201,0.0016281158896163106,0.0476190485060215,0.0,0.0016324627213180065,0.2015702724456787,0.6923196315765381
3940,-15.5281,-22.223,-37.7512,-19.2266,-20.3281,2.0,2.0,0.0,0.0,0.0,0.0007820355240255594,0.0505952388048172,0.000310945266392082,0.00042754976311698556,0.1989661008119583,0.695817768573761
3945,-14.8801,-22.5547,-37.4348,-19.2344,-20.3828,2.0,2.0,0.0,0.0,0.0005119453999213874,0.0003494263510219753,0.0476190485060215,3.886815829901025e-05,0.000310945266392082,0.22776740789413452,0.6674051880836487
3950,-15.7195,-22.1262,-37.8457,-19.4844,-20.2344,2.0,2.0,0.0,0.0,0.0008154943934641778,0.0005520592094399035,0.0513392873108387,0.00023320894979406148,0.0005830223672091961,0.19064831733703613,0.7040578126907349
3955,-15.7707,-22.0777,-37.8484,-19.5156,-20.125,2.0,2.0,0.0,0.06060606241226196,0.0020656888373196125,0.0022030069958418608,0.0517113097012043,0.00034981343196704984,0.0012826492311432958,0.1881607621908188,0.7057291865348816
3960,-15.6656,-22.1566,-37.8223,-19.5781,-20.0938,2.0,2.0,0.0,0.0,0.0003992015845142305,0.00016650940233375877,0.0524553582072258,0.0,0.0005052860942669213,0.19472947716712952,0.7002876400947571
3965,-15.9613,-22.0117,-37.973,-19.4609,-20.2578,2.0,2.0,0.0,0.0,0.0010752688394859433,0.0003809109330177307,0.0479910708963871,3.886815829901025e-05,0.00046641789958812296,0.1807369440793991,0.7142801880836487
3970,-15.7402,-22.1234,-37.8637,-19.3281,-20.3359,2.0,2.0,0.0,0.0,0.0006087662186473608,0.0,0.0505952388048172,0.000155472633196041,0.000155472633196041,0.19154228270053864,0.7036691308021545
3975,-15.9523,-22.0203,-37.9727,-19.4453,-20.2656,2.0,2.0,0.0,0.0,0.001069976482540369,0.0,0.0479910708963871,0.0,3.886815829901025e-05,0.1816309094429016,0.71385258436203
3980,-15.5246,-22.2277,-37.7523,-19.3281,-20.3359,2.0,2.0,0.0,0.0,0.000585251662414521,0.0007822540355846286,0.0476190485060215,0.00019434079877100885,0.00046641789958812296,0.19923818111419678,0.6956234574317932
3985,-15.7074,-22.1363,-37.8438,-19.4844,-20.2578,2.0,2.0,0.0,0.0,0.00040444894693791866,0.00038721098098903894,0.0505952388048172,0.00011660447489703074,0.0005441542016342282,0.19220304489135742,0.7026585936546326
3990,-15.6813,-22.1523,-37.8336,-19.3594,-20.3203,2.0,2.0,0.0,0.0,0.0014129995834082365,0.00027664046501740813,0.0476190485060215,0.0002720771008171141,0.00019434079877100885,0.1925528645515442,0.7025030851364136
3995,-16.2594,-21.8703,-38.1297,-19.5,-20.25,2.0,2.0,0.0,0.0,0.0,0.0,0.0476190485060215,0.0,0.0,0.167327418923378,0.7281949520111084
4000,-15.2367,-22.3816,-37.6184,-19.2031,-20.3984,2.0,2.0,0.0,0.0,0.0,0.0,0.0476190485060215,0.0,0.0,0.21152052283287048,0.6840018630027771
4005,-15.0098,-22.4875,-37.4973,-19.0938,-20.4531,2.0,2.0,0.0,0.0,0.0017670966917648911,0.00017272151308134198,0.0476190485060215,0.0003886815975420177,7.77363165980205e-05,0.21995490789413452,0.6751010417938232
4010,-15.7414,-22.1293,-37.8707,-19.5312,-20.2344,2.0,2.0,0.0,0.0,0.0,0.0,0.0476190485060215,0.0,0.0,0.1901818960905075,0.7053405046463013
4015,-15.6828,-22.1574,-37.8402,-19.4062,-20.2969,2.0,2.0,0.0,0.0,0.00040298205567523837,0.0,0.0476190485060215,3.886815829901025e-05,3.886815829901025e-05,0.19290266931056976,0.7025420069694519
4020,-15.632,-22.1746,-37.8066,-19.3438,-20.2344,2.0,2.0,0.0,0.0,0.0012016823748126626,0.0005546004395000637,0.0476190485060215,0.00019434079877100885,0.00042754976311698556,0.19406871497631073,0.7008317708969116
4025,-15.9105,-22.0441,-37.9547,-19.4609,-20.2578,2.0,2.0,0.0,0.0,0.0,5.441288521979004e-05,0.0476190485060215,0.0,3.886815829901025e-05,0.18116448819637299,0.7143190503120422
4030,-15.7285,-22.134,-37.8625,-19.375,-20.3125,2.0,2.0,0.0,0.0,0.00020525451691355556,0.0001101018424378708,0.0476190485060215,7.77363165980205e-05,3.886815829901025e-05,0.1893656700849533,0.70604008436203
4035,-15.3344,-22.3234,-37.6578,-19.2344,-20.3828,2.0,2.0,0.0,0.0,0.000933706818614155,0.00016978889470919967,0.0505952388048172,0.000155472633196041,0.00046641789958812296,0.20813898742198944,0.6867614984512329
4040,-15.2129,-22.393,-37.6059,-19.1719,-20.4141,2.0,2.0,0.0,0.0,0.0,0.0,0.0479910708963871,0.0,3.886815829901025e-05,0.21284204721450806,0.6826415061950684
4045,-15.4641,-22.2633,-37.7273,-19.4219,-20.2891,2.0,2.0,0.0,0.0,0.0,0.0,0.0505952388048172,7.77363165980205e-05,0.00023320894979406148,0.201337069272995,0.6938743591308594
4050,-15.7508,-22.1246,-37.8754,-19.375,-20.3125,2.0,2.0,0.0,0.0,0.0,0.0,0.0476190485060215,0.0,0.0,0.18917132914066315,0.7063510417938232
4055,-15.7398,-22.1301,-37.8699,-19.5312,-20.2344,2.0,2.0,0.0,0.0,0.0,0.0,0.0476190485060215,0.0,0.0,0.19127021729946136,0.7042521834373474
4060,-15.8309,-22.0746,-37.9055,-19.6719,-20.1641,2.0,2.0,0.0,0.0,0.0025204787962138653,0.00027379256789572537,0.0476190485060215,0.00023320894979406148,0.00042754976311698556,0.1850513070821762,0.7098103165626526
4065,-15.4914,-22.2508,-37.7422,-19.5938,-20.1562,2.0,2.0,0.0,0.0,0.0003869220381602645,0.0,0.0491071417927742,0.0,0.00023320894979406148,0.20090951025485992,0.6943796873092651
4070,-15.7059,-22.1441,-37.85,-19.3672,-20.3047,2.0,2.0,0.0,0.0,0.00020275749557185918,0.0,0.0491071417927742,0.0,0.000155472633196041,0.19169776141643524,0.7036691308021545
4075,-15.9277,-22.0262,-37.9539,-19.5469,-20.1328,2.0,2.0,0.0,0.0,0.00021376657241489738,0.0008721722406335175,0.0476190485060215,3.886815829901025e-05,0.000621890532784164,0.18182525038719177,0.7130363583564758
4080,-15.666,-22.1629,-37.8289,-19.25,-20.375,2.0,2.0,0.0,0.0,0.0014115748926997185,0.0,0.0476190485060215,7.77363165980205e-05,0.00019434079877100885,0.19274720549583435,0.7025030851364136
4085,-15.509,-22.2437,-37.7527,-19.2969,-20.3516,2.0,2.0,0.0,0.0,0.0001943256938830018,0.00011178805289091542,0.0476190485060215,0.0,0.00011660447489703074,0.20001554489135742,0.6953902244567871
4090,-15.2961,-22.352,-37.648,-19.2031,-20.3984,2.0,2.0,0.0,0.0,0.0,0.0,0.0476190485060215,0.0,0.0,0.20860540866851807,0.6869170069694519
4095,-15.2656,-22.3637,-37.6293,-19.2344,-20.3828,2.0,2.0,0.0,0.0,0.0011117287212982774,0.0,0.0476190485060215,0.000155472633196041,7.77363165980205e-05,0.20977145433425903,0.6855177283287048
4100,-15.0758,-22.4621,-37.5379,-19.2656,-20.3672,2.0,2.0,0.0,0.0,0.0,0.0,0.0476190485060215,0.0,0.0,0.21976056694984436,0.6757618188858032
4105,-15.6766,-22.1617,-37.8383,-19.3438,-20.3281,2.0,2.0,0.0,0.0,0.0,0.0,0.0476190485060215,0.0,0.0,0.19333022832870483,0.7021921873092651
4110,-15.8617,-22.068,-37.9297,-19.4922,-20.2422,2.0,2.0,0.0,0.0,0.00041990343015640974,0.0,0.0476190485060215,0.0,7.77363165980205e-05,0.1851290464401245,0.7103155851364136
4115,-15.5293,-22.2348,-37.7641,-19.3359,-20.3203,2.0,2.0,0.0,0.0,0.00019391118257772177,0.0,0.0476190485060215,0.0,3.886815829901025e-05,0.2004431039094925,0.6950404047966003
4120,-15.1297,-22.4328,-37.5625,-19.3594,-20.3203,2.0,2.0,0.0,0.0,0.0007163324044086039,0.0,0.0476190485060215,7.77363165980205e-05,7.77363165980205e-05,0.2170397937297821,0.6783271431922913
4125,-15.4074,-22.2875,-37.6949,-19.3125,-20.2969,2.0,2.0,0.0,0.0,0.0013267627218738198,0.00045072962529957294,0.0476190485060215,0.00019434079877100885,0.0003886815975420177,0.2050684094429016,0.6898709535598755
4130,-15.0328,-22.4836,-37.5164,-19.2656,-20.3672,2.0,2.0,0.0,0.0,0.0,0.0,0.0476190485060215,0.0,0.0,0.22220925986766815,0.6733131408691406
4135,-16.1055,-21.9414,-38.0469,-19.5625,-20.2188,2.0,2.0,0.0,0.0,0.001993797020986676,5.40073451702483e-05,0.0476190485060215,0.000155472633196041,0.00023320894979406148,0.1754508763551712,0.7196828126907349
4140,-15.7758,-22.1086,-37.8844,-19.2812,-20.3594,2.0,2.0,0.0,0.0,0.001236348645761609,0.0,0.0476190485060215,0.00011660447489703074,0.00011660447489703074,0.1886271834373474,0.7066619992256165
4145,-15.4754,-22.2477,-37.723,-19.4531,-20.2734,2.0,2.0,0.0,0.0,0.0005792623851448298,0.0007845774525776505,0.0505952388048172,0.00011660447489703074,0.0005441542016342282,0.20129819214344025,0.6935634613037109
4150,-15.4605,-22.2633,-37.7238,-19.3438,-20.3281,2.0,2.0,0.0,1.0,0.0001926782279042527,0.0005042299162596464,0.0476190485060215,0.0,3.886815829901025e-05,0.20172575116157532,0.6937577724456787
4155,-15.3496,-22.3141,-37.6637,-19.4688,-20.1016,2.0,2.0,0.0,0.0,0.0009382623247802258,0.0007911839638836682,0.0476190485060215,0.0,0.000621890532784164,0.20712842047214508,0.6877720952033997
4160,-15.484,-22.2504,-37.7344,-19.2969,-20.3516,2.0,2.0,0.0,0.0,0.0003869968932121992,0.00033596507273614407,0.0494791679084301,0.00011660447489703074,0.0003886815975420177,0.20087064802646637,0.694146454334259
4165,-15.432,-22.2758,-37.7078,-19.4531,-20.2734,2.0,2.0,0.0,0.0,0.0007616146467626095,0.00011252391414018348,0.0505952388048172,3.886815829901025e-05,0.0005052860942669213,0.20413556694984436,0.6908426880836487
4170,-15.9258,-22.0242,-37.95,-19.5156,-20.2422,2.0,2.0,0.0,0.0,0.000425894366344437,0.001091583864763379,0.0476190485060215,7.77363165980205e-05,0.0007773631950840354,0.1825248748064041,0.7121424078941345
4175,-15.6863,-22.1516,-37.8379,-19.4219,-20.2891,2.0,2.0,0.0,0.0,0.00040543280192650855,0.0003867830673698336,0.0476190485060215,0.0,0.00034981343196704984,0.1917366236448288,0.7034359574317932
4180,-15.3051,-22.3188,-37.6238,-19.3594,-20.1328,2.0,2.0,0.1428571492433548,0.125,0.0014867124846205115,0.001305334852077067,0.0524553582072258,0.0002720771008171141,0.001243781065568328,0.209149569272995,0.6848569512367249
4185,-14.6633,-22.6344,-37.2977,-19.1953,-20.3438,2.0,2.0,0.0,0.0,0.0034229829907417297,0.0019562512170523405,0.0491071417927742,0.00023320894979406148,0.0011660447344183922,0.23845615983009338,0.6556670069694519
4190,-15.6637,-22.1348,-37.7984,-19.7266,-20.0781,2.0,2.0,0.0,0.0,0.0012050612131133676,0.002276133978739381,0.0513392873108387,3.886815829901025e-05,0.001826803432777524,0.193524569272995,0.7001321315765381
4195,-15.384,-22.3027,-37.6867,-19.3047,-20.3359,2.0,2.0,0.0,0.0,0.00037907506339251995,0.00039412194746546447,0.0476190485060215,0.0,0.00011660447489703074,0.2050684094429016,0.6903373599052429
4200,-15.4957,-22.2375,-37.7332,-19.5781,-20.1172,2.0,2.0,0.0,0.0,0.0011618899879977107,0.0006162119680084288,0.0505952388048172,0.000155472633196041,0.0008162313606590033,0.20071516931056976,0.6938354969024658
4205,-14.6039,-22.6969,-37.3008,-18.9219,-20.5391,2.0,2.0,0.0,0.0,0.00016199579113163054,5.9294397942721844e-05,0.0476190485060215,0.0,7.77363165980205e-05,0.23993314802646637,0.6555114984512329
4210,-15.341,-22.3242,-37.6652,-19.3828,-20.2969,2.0,2.0,0.0,0.0,0.00018828845350071788,0.00045146726188249886,0.0476190485060215,7.77363165980205e-05,0.0002720771008171141,0.20642879605293274,0.6887437701225281
4215,-15.4977,-22.243,-37.7406,-19.3281,-20.1953,2.0,2.0,0.0,0.0,0.0005842259270139039,0.000614799908362329,0.0476190485060215,3.886815829901025e-05,0.00046641789958812296,0.19958800077438354,0.6954290866851807
4220,-15.6391,-22.1805,-37.8195,-19.3594,-20.3203,2.0,2.0,0.0,0.0,0.0,0.0,0.0476190485060215,0.0,0.0,0.1941853165626526,0.7013370394706726
4225,-16.2703,-21.8648,-38.1352,-19.625,-20.1875,2.0,2.0,0.0,0.0,0.0,0.0,0.0476190485060215,0.0,0.0,0.16744403541088104,0.7280783653259277
4230,-15.9008,-22.0496,-37.9504,-19.5938,-20.2031,2.0,2.0,0.0,0.0,0.0,0.0,0.0476190485060215,0.0,0.0,0.18322449922561646,0.7122978568077087
4235,-15.3891,-22.2996,-37.6887,-19.1953,-20.3906,2.0,2.0,0.0,0.0,0.0009478672873228788,0.0002816108171828091,0.0476190485060215,7.77363165980205e-05,0.000310945266392082,0.20502954721450806,0.6901041865348816
4240,-15.9379,-22.0234,-37.9613,-19.5781,-20.2109,2.0,2.0,0.0,0.0,0.0004262574657332152,0.00032711809035390615,0.0494791679084301,7.77363165980205e-05,0.000155472633196041,0.1823693960905075,0.7129197716712952
4245,-16.0484,-21.957,-38.0055,-19.5547,-20.1172,2.0,2.0,0.0,0.10000000149011612,0.001312335953116417,0.0008135372772812843,0.0505952388048172,0.0,0.0011660447344183922,0.17770522832870483,0.7166511416435242
4250,-14.8582,-22.5492,-37.4074,-18.875,-20.4453,2.0,2.0,0.0,0.0,0.0013610071036964655,0.0012251327279955149,0.0505952388048172,0.00011660447489703074,0.0006996268639340997,0.22846704721450806,0.6662391424179077
4255,-15.7812,-22.0941,-37.8754,-19.4688,-20.1016,2.0,2.0,0.0,0.11764705926179886,0.0012391573982313275,0.0009351449552923441,0.0479910708963871,7.77363165980205e-05,0.0006607586983591318,0.18819962441921234,0.7065842747688293
4260,-15.6832,-22.1578,-37.841,-19.5859,-20.1953,2.0,2.0,0.0,0.0,0.00020052136096637696,0.0,0.0476190485060215,0.0,3.886815829901025e-05,0.19383551180362701,0.7016479969024658
4265,-15.2664,-22.3574,-37.6238,-19.3594,-20.2266,2.0,2.0,0.0,0.25,0.0007367839571088552,0.00045467462041415274,0.0476190485060215,0.0,0.000621890532784164,0.2110152393579483,0.6838852763175964
4270,-15.6828,-22.1492,-37.832,-19.5625,-20.2188,2.0,2.0,0.0,0.0,0.00040128410910256207,0.0004988913424313068,0.0494791679084301,0.0,0.000621890532784164,0.19371891021728516,0.7011815905570984
4275,-15.2152,-22.366,-37.5813,-19.3203,-20.3281,2.0,2.0,0.3333333432674408,0.1666666716337204,0.0005475451471284032,0.001427266513928771,0.0505952388048172,0.00034981343196704984,0.0013992537278681993,0.21295864880084991,0.6808146834373474
4280,-15.6758,-22.1234,-37.7992,-19.5938,-19.7109,2.0,2.0,0.5454545617103577,0.3333333432674408,0.001405340270139277,0.0018892037915065885,0.048363097012043,0.00042754976311698556,0.0019822760950773954,0.1936022937297821,0.6995102763175964
4285,-15.5719,-22.1789,-37.7508,-19.6094,-19.8438,2.0,2.0,0.0,0.5,0.0017595307435840368,0.001622196170501411,0.0476190485060215,0.000155472633196041,0.0017101990524679422,0.1988106369972229,0.6948460936546326
4290,-15.7684,-22.0941,-37.8625,-19.6875,-19.875,2.0,2.0,0.0,0.39393940567970276,0.0006189395789988339,0.0006608293624594808,0.0509672611951828,3.886815829901025e-05,0.0012826492311432958,0.1883939653635025,0.7058069109916687
4295,-15.991,-21.9852,-37.9762,-19.5312,-20.1172,2.0,2.0,0.0,0.36666667461395264,0.0008671146933920681,0.000978420372121036,0.0476190485060215,0.0,0.0011660447344183922,0.17929881811141968,0.7150575518608093
4300,-15.4445,-22.2637,-37.7082,-19.4375,-20.2109,2.0,2.0,0.0,0.04545454680919647,0.001340739312581718,0.00044956448255106807,0.0505952388048172,7.77363165980205e-05,0.0008550995262339711,0.20293065905570984,0.6916589140892029
4305,-16.0305,-21.9156,-37.9461,-19.9375,-19.2812,2.0,2.0,0.7692307829856873,0.8095238208770752,0.0019480519695207477,0.0014735577860847116,0.0491071417927742,0.0005052860942669213,0.003264925442636013,0.17957089841365814,0.7121812701225281
4310,-15.7063,-22.1117,-37.818,-19.7031,-19.9141,2.0,2.0,0.25,0.8510638475418091,0.0010123506654053926,0.00077562325168401,0.0476190485060215,0.000155472633196041,0.001826803432777524,0.1919698417186737,0.7015702724456787
4315,-15.6012,-22.1672,-37.7684,-19.7812,-19.5469,2.0,2.0,1.0,0.6938775777816772,0.0009863878367468715,0.000390603207051754,0.0505952388048172,3.886815829901025e-05,0.0019045397639274597,0.1970227062702179,0.6965562701225281
4320,-15.6,-22.1883,-37.7883,-19.3516,-20.3125,2.0,2.0,0.0,0.11764705926179886,0.0005970149068161845,0.00038895371835678816,0.0505952388048172,3.886815829901025e-05,0.0006607586983591318,0.1953125,0.6995102763175964
4325,-15.0746,-22.4492,-37.5238,-19.3828,-20.0859,2.0,2.0,0.0,0.625,0.00017755682347342372,0.0002300304768141359,0.0505952388048172,0.00011660447489703074,0.000621890532784164,0.2189054787158966,0.6758784055709839
4330,-15.4914,-22.2543,-37.7457,-19.5938,-20.2031,2.0,2.0,0.0,0.0,0.0,0.0,0.0476190485060215,0.0,0.0,0.20172575116157532,0.6937966346740723
4335,-16.0422,-21.9648,-38.007,-19.5156,-20.0781,2.0,2.0,0.0,0.5714285969734192,0.0006615215097554028,0.0007030827691778541,0.0476190485060215,3.886815829901025e-05,0.0005441542016342282,0.1762671023607254,0.7186722755432129
4340,-15.6914,-22.1168,-37.8082,-19.5391,-20.1953,2.0,2.0,0.6666666865348816,0.97826087474823,0.0014087341260164976,0.0004439757904037833,0.0476190485060215,0.00023320894979406148,0.0017879352672025561,0.19313588738441467,0.7003653645515442
4345,-15.4145,-22.2852,-37.6996,-19.3359,-20.2734,2.0,2.0,0.0,0.0,0.0,0.0007305012550204992,0.0476190485060215,0.0,0.0005052860942669213,0.20331934094429016,0.6916977763175964
4350,-15.7941,-22.1,-37.8941,-19.6484,-20.1172,2.0,2.0,0.0,0.0,0.00041597336530685425,0.0001645909942453727,0.0476190485060215,0.0,0.00019434079877100885,0.18687811493873596,0.7084499597549438
4355,-16.0621,-21.9402,-38.0023,-19.5781,-19.9766,2.0,2.0,0.5,0.3571428656578064,0.000883977918419987,0.0014619091525673866,0.0479910708963871,0.000155472633196041,0.0016324627213180065,0.17587842047214508,0.7178560495376587
4360,-15.6039,-22.1102,-37.7141,-19.5859,-19.2109,2.0,2.0,0.5555555820465088,0.8217821717262268,0.0023631351068615913,0.00246595311909914,0.0479910708963871,0.0006996268639340997,0.003925683908164501,0.19737251102924347,0.6935245394706726
4365,-15.9543,-22.0199,-37.9742,-19.5156,-20.2422,2.0,2.0,0.0,0.0,0.0,0.00027156202122569084,0.0476190485060215,0.0,0.00019434079877100885,0.1796875,0.7156405448913574
4370,-16.0668,-21.9426,-38.0094,-19.7109,-19.875,2.0,2.0,0.25,0.21212121844291687,0.0010969723807647824,0.0013553808676078916,0.0487351194024086,0.000155472633196041,0.0012826492311432958,0.1771610677242279,0.716923177242279
4375,-15.373,-22.2859,-37.659,-19.3047,-20.1016,2.0,2.0,0.0,0.47058823704719543,0.0009475080296397209,0.0008462623227387667,0.0517113097012043,0.000155472633196041,0.0013215173967182636,0.20510727167129517,0.6889381408691406
4380,-15.9426,-21.9883,-37.9309,-19.8594,-19.6719,2.0,2.0,0.0,0.3606557250022888,0.0006417112308554351,0.0010927170515060425,0.0565476194024086,3.886815829901025e-05,0.002370957750827074,0.18170864880084991,0.7114039063453674
4385,-15.2969,-22.2484,-37.5453,-20.2031,-18.6328,2.0,2.0,0.27272728085517883,0.7161290049552917,0.000547145726159215,0.0019550342112779617,0.0569196417927742,0.00042754976311698556,0.006024564616382122,0.21311411261558533,0.675956130027771
4390,-14.943,-22.5227,-37.4656,-19.3281,-20.3359,2.0,2.0,0.0,0.0,0.0001717327832011506,0.0004068111884407699,0.048363097012043,3.886815829901025e-05,0.00034981343196704984,0.22632929682731628,0.668804407119751
4395,-16.0352,-21.9824,-38.0176,-19.5938,-20.2031,2.0,2.0,0.0,0.0,0.0,0.0,0.0476190485060215,0.0,0.0,0.17665578424930573,0.7188665866851807
4400,-15.2445,-22.3098,-37.5543,-19.3594,-19.7578,2.0,2.0,0.3888888955116272,0.8390804529190063,0.000728199549484998,0.0013186561409384012,0.0509672611951828,0.0006996268639340997,0.003381529822945595,0.21350279450416565,0.6779384613037109
4405,-15.327,-22.3336,-37.6605,-19.5,-20.25,2.0,2.0,0.0,0.0,0.0,0.0,0.0494791679084301,0.0,0.00019434079877100885,0.20829446613788605,0.6870335936546326
4410,-15.3434,-22.282,-37.6254,-19.3516,-20.0547,2.0,2.0,0.3333333432674408,0.7758620977401733,0.0009335324866697192,0.0013620884856209159,0.0487351194024086,0.00023320894979406148,0.0022543531376868486,0.2081778645515442,0.6848569512367249
4415,-15.3926,-22.282,-37.6746,-19.6562,-20.125,2.0,2.0,0.0,0.11764705926179886,0.00018871485372073948,0.0005648441147059202,0.0558035708963871,0.00011660447489703074,0.0013215173967182636,0.2059623748064041,0.6881219148635864
4420,-15.5609,-22.1938,-37.7547,-19.7031,-19.75,2.0,2.0,0.5,0.4523809552192688,0.00019516002794262022,0.00039167414070107043,0.0535714291036129,7.77363165980205e-05,0.0016324627213180065,0.19916044175624847,0.69465172290802
4425,-15.0664,-22.4527,-37.5191,-18.9688,-20.3281,2.0,2.0,0.0,0.2916666567325592,0.0003516174328979105,0.0008656509453430772,0.0476190485060215,0.0,0.0009328357991762459,0.22108209133148193,0.6735074520111084
4430,-15.7961,-22.0633,-37.8594,-19.7266,-19.7969,2.0,2.0,0.0,0.13333334028720856,0.0006188118713907897,0.0022614451590925455,0.0528273805975914,7.77363165980205e-05,0.0023320894688367844,0.18843284249305725,0.7046797275543213
4435,-15.8922,-22.0234,-37.9156,-19.5078,-19.9297,2.0,2.0,0.0,0.12195122241973877,0.0,0.00219058059155941,0.0502232126891613,3.886815829901025e-05,0.0015935945557430387,0.1841573417186737,0.7097325921058655
4440,-15.2781,-22.3539,-37.632,-19.3359,-20.2734,2.0,2.0,0.0,0.0,0.0,0.000680773810017854,0.0476190485060215,0.0,0.00046641789958812296,0.20992693305015564,0.6851290464401245
4445,-14.9,-22.5137,-37.4137,-19.5703,-20.0156,2.0,2.0,0.0,0.0181818176060915,0.00051264523062855,0.0029774068389087915,0.0502232126891613,0.000155472633196041,0.002137748757377267,0.2274564653635025,0.6657726764678955
4450,-15.6215,-22.1605,-37.782,-19.8281,-19.7578,2.0,2.0,0.0,0.1315789520740509,0.0005977286491543055,0.0022245703730732203,0.0479910708963871,7.77363165980205e-05,0.001476990059018135,0.19507929682731628,0.69888836145401
4455,-16.2156,-21.6063,-37.8219,-20.6719,-17.4844,2.0,2.0,0.21875,0.6117936372756958,0.002201188588514924,0.00985712744295597,0.063988097012043,0.001243781065568328,0.01581934094429016,0.17657804489135742,0.7018812298774719
4460,-15.8637,-21.6914,-37.5551,-21.1797,-16.4922,2.0,2.0,0.1621621549129486,0.5231316685676575,0.0018105008639395237,0.014367487281560898,0.0784970223903656,0.0014381218934431672,0.02184390462934971,0.19321362674236298,0.67902672290802
4465,-16.3551,-19.4992,-35.8543,-24.375,-9.1406,2.0,2.0,0.5857142806053162,0.8159375190734863,0.007855740375816822,0.04867161065340042,0.2072172611951828,0.013603855855762959,0.12437810748815536,0.2177005559206009,0.5398398637771606
4470,-16.5707,-20.5363,-37.107,-23.2578,-12.7109,2.0,2.0,0.6170212626457214,0.6708482503890991,0.005272036883980036,0.03635813668370247,0.123511902987957,0.003653606865555048,0.06506530195474625,0.18431280553340912,0.6424906849861145
4475,-15.9367,-21.6484,-37.5852,-21.7109,-14.8203,2.0,2.0,0.6481481194496155,0.6775431632995605,0.0008259343449026346,0.010271252132952213,0.0777529776096344,0.002098880708217621,0.020250311121344566,0.1882385015487671,0.684934675693512
4480,-15.0969,-22.4316,-37.5285,-19.4453,-20.1719,2.0,2.0,0.0,0.36666667461395264,0.0,0.000860585190821439,0.0505952388048172,0.000155472633196041,0.0011660447344183922,0.21672885119915009,0.6774719953536987
4485,-15.7684,-22.0285,-37.7969,-19.875,-19.4297,2.0,2.0,0.0,0.44329896569252014,0.00020214270625729114,0.004113396164029837,0.0591517873108387,0.00023320894979406148,0.0037702114786952734,0.19228078424930573,0.6992381811141968
4490,-15.8711,-21.6426,-37.5137,-22.0547,-14.8828,2.0,2.0,0.47999998927116394,0.8659611940383911,0.0007974481559358537,0.008215085603296757,0.0691964253783226,0.0019434079295024276,0.02203824557363987,0.19496268033981323,0.6765780448913574
4495,-15.8113,-22.0023,-37.8137,-19.6953,-19.4375,2.0,2.0,0.30000001192092896,0.7079645991325378,0.0006165227969177067,0.003711705794557929,0.0491071417927742,0.0003886815975420177,0.0043921018950641155,0.1891324669122696,0.7016091346740723
4500,-15.6867,-22.1039,-37.7906,-19.7266,-19.5391,2.0,2.0,0.5,0.3513513505458832,0.0006000000284984708,0.002059674821794033,0.056175597012043,7.77363165980205e-05,0.0028762437868863344,0.1943407952785492,0.69822758436203
4505,-15.4844,-22.2566,-37.741,-19.3594,-20.2969,2.0,2.0,0.0,0.0,0.0,0.00011198208085261285,0.0476190485060215,0.0,7.77363165980205e-05,0.2012593299150467,0.6941853165626526
4510,-16.0813,-21.602,-37.6832,-22.2656,-14.1094,2.0,2.0,0.4117647111415863,0.9256899952888489,0.0006331785698421299,0.007754115853458643,0.0546875,0.0013215173967182636,0.018306903541088104,0.1841573417186737,0.69173663854599
4515,-15.7992,-21.3375,-37.1367,-22.8672,-13.0703,2.0,2.0,0.5,0.8852913975715637,0.0011337868636474013,0.010682599619030952,0.0896577388048172,0.0038090795278549194,0.04201648011803627,0.20569029450416565,0.6440065503120422
4520,-15.9156,-21.9016,-37.8172,-20.0078,-19.1172,2.0,2.0,0.125,0.5515695214271545,0.0010458063334226608,0.004825826268643141,0.0565476194024086,0.000310945266392082,0.00866759940981865,0.18582867085933685,0.700715184211731
4525,-15.2625,-22.3277,-37.5902,-19.4688,-19.5859,2.0,2.0,0.20000000298023224,0.8214285969734192,0.00018348623416386545,0.000570483214687556,0.0520833320915699,0.00019434079877100885,0.002176616806536913,0.2118314653635025,0.6813199520111084
4530,-15.75,-22.1086,-37.8586,-19.3984,-20.1719,2.0,2.0,0.0,0.03846153989434242,0.0004121162055525929,0.0012665896210819483,0.048363097012043,7.77363165980205e-05,0.0010105721885338426,0.1886271834373474,0.7058069109916687
4535,-15.3438,-22.1852,-37.5289,-20.5391,-17.9844,2.0,2.0,0.1875,0.5656565427780151,0.000918105011805892,0.003912542946636677,0.0684523805975914,0.000621890532784164,0.007695895619690418,0.2116760015487671,0.6755285859107971
4540,-16.1238,-21.8168,-37.9406,-20.5859,-17.75,2.0,2.0,0.5,0.9679487347602844,0.0,0.0025085892993956804,0.0487351194024086,0.0005441542016342282,0.006063432898372412,0.1761893630027771,0.7127254605293274
4545,-15.1941,-22.3871,-37.5812,-19.3516,-20.0078,2.0,2.0,0.0,0.47999998927116394,0.0001817190641304478,0.0005711022531613708,0.0491071417927742,7.77363165980205e-05,0.0009717039647512138,0.21389147639274597,0.6805814504623413
4550,-15.7055,-22.1473,-37.8527,-19.25,-20.375,2.0,2.0,0.0,0.0,0.0,0.0,0.0476190485060215,0.0,0.0,0.19095925986766815,0.7045631408691406
4555,-15.6254,-22.1668,-37.7922,-19.4453,-19.9609,2.0,2.0,0.0,0.375,0.0,0.0008337502367794514,0.0505952388048172,3.886815829901025e-05,0.001243781065568328,0.19496268033981323,0.6992770433425903
4560,-15.6164,-22.152,-37.7684,-19.7344,-19.8516,2.0,2.0,0.6666666865348816,0.5964912176132202,0.00019762845477089286,0.00128369708545506,0.0498511902987957,0.00023320894979406148,0.0022154850885272026,0.19667288661003113,0.6964008212089539
4565,-15.7168,-22.107,-37.8238,-19.7812,-19.6875,2.0,2.0,0.0,0.43396225571632385,0.0,0.001497006043791771,0.0509672611951828,0.00011660447489703074,0.002060012426227331,0.19231964647769928,0.7010261416435242
4570,-15.6723,-22.0988,-37.7711,-19.75,-19.4688,2.0,2.0,0.1428571492433548,0.7419354915618896,0.0006019261782057583,0.0018935174448415637,0.0491071417927742,0.0002720771008171141,0.003614738816395402,0.19371891021728516,0.6979166865348816
4575,-15.5273,-22.2352,-37.7625,-19.5469,-20.2031,2.0,2.0,0.0,0.0,0.0,0.00011180054571013898,0.0476190485060215,3.886815829901025e-05,3.886815829901025e-05,0.20013214647769928,0.6953125
4580,-15.532,-22.2293,-37.7613,-19.5938,-20.2031,2.0,2.0,0.0,0.0,0.00019485580560285598,0.00039106144686229527,0.0476190485060215,0.0,0.000310945266392082,0.1994713991880417,0.6957400441169739
4585,-15.291,-22.3047,-37.5957,-19.7188,-19.4375,2.0,2.0,0.0,0.42105263471603394,0.0007339449366554618,0.0023419202771037817,0.0505952388048172,0.0002720771008171141,0.00295398011803627,0.2118314653635025,0.6804648637771606
4590,-15.8625,-22.0137,-37.8762,-19.7812,-19.6406,2.0,2.0,0.3333333432674408,0.4871794879436493,0.0006265664123930037,0.0021466314792633057,0.0520833320915699,0.00023320894979406148,0.003031716449186206,0.18610075116157532,0.7061567306518555
4595,-15.6742,-22.1512,-37.8254,-19.5938,-20.1562,2.0,2.0,0.0,0.125,0.00020032051543239504,0.0004991680616512895,0.0505952388048172,7.77363165980205e-05,0.000621890532784164,0.19402985274791718,0.7007929086685181
4600,-14.5336,-22.384,-36.9176,-20.1016,-17.6875,2.0,2.0,0.4583333432674408,0.7122302055358887,0.00390502973459661,0.010108526796102524,0.0725446417927742,0.0037313431967049837,0.016208022832870483,0.24883395433425903,0.6267490386962891
4605,-15.7824,-21.8445,-37.627,-21.2344,-16.3359,2.0,2.0,0.2068965584039688,0.8935574293136597,0.0014002800453454256,0.003908241167664528,0.0662202388048172,0.0011271765688434243,0.013875932432711124,0.19430193305015564,0.6862173676490784
4610,-15.852,-20.4902,-36.3422,-25.9922,-5.6484,2.0,2.0,0.7290836572647095,0.9873060584068298,0.003147953888401389,0.012379550375044346,0.1283482164144516,0.009755907580256462,0.08267257362604141,0.2222481369972229,0.5808457732200623
4615,-15.202,-22.3809,-37.5828,-19.2188,-20.2969,2.0,2.0,0.0,0.761904776096344,0.0,0.0004557365900836885,0.0502232126891613,7.77363165980205e-05,0.0008162313606590033,0.21233674883842468,0.6822916865348816
4620,-17.0453,-19.3328,-36.3781,-26.2031,-5.4844,2.0,2.0,0.8819188475608826,0.9959785342216492,0.0018991348333656788,0.007643227465450764,0.1685267835855484,0.010533271357417107,0.11598258465528488,0.18419620394706726,0.5848103165626526
4625,-16.8328,-19.0852,-35.918,-22.2812,-13.9141,2.0,2.0,0.9048316478729248,0.9772581458091736,0.0047111837193369865,0.012540931813418865,0.193452388048172,0.02654695324599743,0.12134639173746109,0.18975435197353363,0.5578746795654297
4630,-16.2437,-19.4559,-35.6996,-21.9062,-14.4531,2.0,2.0,0.8543123602867126,0.9661614298820496,0.00740459468215704,0.015556187368929386,0.197172611951828,0.03334888070821762,0.1102689653635025,0.20471858978271484,0.5471859574317932
4635,-16.2313,-20.8473,-37.0785,-19.6406,-19.6875,2.0,2.0,0.421875,0.8653576374053955,0.003055612090975046,0.01701689511537552,0.1067708358168602,0.007462686393409967,0.05542599409818649,0.19080379605293274,0.6418299078941345
4640,-15.6641,-21.8281,-37.4922,-19.5469,-20.0625,2.0,2.0,0.36000001430511475,0.9104166626930237,0.0007745933253318071,0.003459010738879442,0.0703125,0.0019434079295024276,0.018656715750694275,0.20071516931056976,0.6742070913314819
4645,-16.0434,-21.8277,-37.8711,-20.2031,-18.6328,2.0,2.0,0.31578946113586426,0.9902912378311157,0.0008594756945967674,0.0011563239386305213,0.0558035708963871,0.0007384950295090675,0.008006840944290161,0.18089240789413452,0.7058846354484558
4650,-15.8539,-21.9219,-37.7758,-19.5703,-19.9453,2.0,2.0,0.43589743971824646,0.8298969268798828,0.000830909819342196,0.0027788584120571613,0.0572916679084301,0.001515858224593103,0.007540422957390547,0.18711131811141968,0.6993547677993774
4655,-15.5629,-22.1734,-37.7363,-19.3125,-20.2031,2.0,2.0,0.6666666865348816,0.9322034120559692,0.00019561815133783966,0.0005039193783886731,0.0498511902987957,0.00034981343196704984,0.0022932214196771383,0.19869403541088104,0.6941853165626526
4660,-15.2242,-22.3879,-37.6121,-19.25,-20.375,2.0,2.0,0.0,0.0,0.0,0.0,0.0476190485060215,0.0,0.0,0.21218128502368927,0.6833410859107971
4665,-15.3008,-22.3496,-37.6504,-19.3125,-20.3438,2.0,2.0,0.0,0.0,0.0,0.0,0.0476190485060215,0.0,0.0,0.20891635119915009,0.6866060495376587
4670,-15.1883,-22.4059,-37.5941,-19.3594,-20.3203,2.0,2.0,0.0,0.0,0.0,0.0,0.0476190485060215,0.0,0.0,0.21210354566574097,0.683418869972229
4675,-15.6125,-22.1879,-37.8004,-19.5234,-20.2266,2.0,2.0,0.0,0.0,0.00019908421381842345,0.0004998056101612747,0.0476190485060215,3.886815829901025e-05,0.00034981343196704984,0.1952347606420517,0.6998989582061768
4680,-15.4082,-22.2871,-37.6953,-19.5312,-20.1406,2.0,2.0,0.0,0.0,0.00019043991051148623,0.000787667406257242,0.0476190485060215,0.0,0.0005830223672091961,0.2040967047214508,0.6908426880836487
4685,-14.9258,-22.5113,-37.4371,-19.4219,-19.9609,2.0,2.0,0.0,0.0731707289814949,0.00017298044986091554,0.0022072491701692343,0.048363097012043,7.77363165980205e-05,0.0015935945557430387,0.2246968299150467,0.6691542267799377
4690,-15.3297,-22.3223,-37.652,-19.4062,-20.2031,2.0,2.0,0.0,0.2222222238779068,0.00018656716565601528,0.0009625729289837182,0.0476190485060215,3.886815829901025e-05,0.0006996268639340997,0.2083333283662796,0.6864505410194397
4695,-15.282,-22.3367,-37.6188,-19.4844,-20.2578,2.0,2.0,0.0,0.11538461595773697,0.0003687995485961437,0.0018760659731924534,0.0476190485060215,3.886815829901025e-05,0.0010105721885338426,0.2107820212841034,0.6836909055709839
4700,-15.9633,-22.0184,-37.9816,-19.5781,-20.2109,2.0,2.0,0.0,0.0,0.0,0.0,0.0476190485060215,0.0,0.0,0.18046486377716064,0.7150575518608093
4705,-15.1227,-22.4328,-37.5555,-19.2578,-20.3594,2.0,2.0,0.0,0.0,0.0,0.0005145503673702478,0.0479910708963871,7.77363165980205e-05,0.000310945266392082,0.21529074013233185,0.6798429489135742
4710,-15.3461,-22.327,-37.673,-19.4688,-20.2656,2.0,2.0,0.0,0.0,0.0,0.0,0.0476190485060215,0.0,0.0,0.2067786008119583,0.6887437701225281
4715,-15.1363,-22.4254,-37.5617,-19.2656,-20.3438,2.0,2.0,0.0,0.0,0.00017892288451548666,0.000516055035404861,0.0479910708963871,3.886815829901025e-05,0.0003886815975420177,0.21723413467407227,0.677860677242279
4720,-14.8555,-22.5594,-37.4148,-19.0625,-20.3984,2.0,2.0,0.0,0.1764705926179886,0.0003387533943168819,0.0008763218065723777,0.048363097012043,7.77363165980205e-05,0.0006607586983591318,0.22947761416435242,0.6653062701225281
4725,-15.268,-22.3613,-37.6293,-19.4375,-20.1875,2.0,2.0,0.0,0.0,0.0,0.0,0.0505952388048172,0.0,0.000310945266392082,0.2116760015487671,0.6835354566574097
4730,-15.3387,-22.3195,-37.6582,-19.3359,-20.25,2.0,2.0,0.0,0.0,0.0,0.000905592052731663,0.0487351194024086,3.886815829901025e-05,0.0006996268639340997,0.20806126296520233,0.6867226362228394
4735,-15.0926,-22.4379,-37.5305,-19.1875,-20.3359,2.0,2.0,0.0,0.0,0.00017724210920277983,0.0014389317948371172,0.0479910708963871,0.000155472633196041,0.0007773631950840354,0.21929416060447693,0.6752954125404358
4740,-15.834,-22.0824,-37.9164,-19.5859,-20.1953,2.0,2.0,0.0,0.0,0.0,5.478551611304283e-05,0.0476190485060215,0.0,0.0,0.18606187403202057,0.7094604969024658
4745,-15.8414,-22.0723,-37.9137,-19.5703,-20.2031,2.0,2.0,0.0,0.0,0.0,0.00021943057072348893,0.0505952388048172,0.0,0.00046641789958812296,0.1865282952785492,0.708527684211731
4750,-15.7473,-22.1164,-37.8637,-19.4297,-20.2031,2.0,2.0,0.0,0.0,0.0,0.0007169644813984632,0.0491071417927742,0.0,0.0005830223672091961,0.1901818960905075,0.7047574520111084
4755,-15.5184,-22.1828,-37.7012,-19.6641,-19.8984,2.0,2.0,0.0,0.02083333395421505,0.0003865481121465564,0.005346389953047037,0.0476190485060215,3.886815829901025e-05,0.0037313431967049837,0.20110385119915009,0.6906483173370361
4760,-15.3918,-22.232,-37.6238,-19.7578,-19.6641,2.0,2.0,0.20000000298023224,0.029702970758080482,0.0009354536887258291,0.006481323391199112,0.0476190485060215,0.00019434079877100885,0.003925683908164501,0.20775030553340912,0.6836520433425903
4765,-15.532,-22.2281,-37.7602,-19.3594,-20.2734,2.0,2.0,0.0,0.0,0.0001950838923221454,0.0005025406135246158,0.0476190485060215,0.0,0.00019434079877100885,0.19923818111419678,0.6960898637771606
4770,-15.8953,-22.0137,-37.909,-19.5,-19.9219,2.0,2.0,0.0,0.016949152573943138,0.0004229223995935172,0.003452054690569639,0.0476190485060215,7.77363165980205e-05,0.0022932214196771383,0.18380752205848694,0.7093439102172852
4775,-16.0121,-21.9078,-37.9199,-19.8438,-19.2109,2.0,2.0,0.0,0.27419355511665344,0.0010773540707305074,0.0053657470270991325,0.0513392873108387,0.00042754976311698556,0.00481965159997344,0.18038712441921234,0.7098880410194397
4780,-15.1145,-22.2301,-37.3445,-20.4688,-17.6797,2.0,2.0,0.09090909361839294,0.35087719559669495,0.002795248059555888,0.013581044971942902,0.0528273805975914,0.0008550995262339711,0.011077425442636013,0.22248134016990662,0.6611084938049316
4785,-15.7797,-21.8535,-37.6332,-20.9453,-17.0547,2.0,2.0,0.0,0.3478260934352875,0.003582089440897107,0.015793660655617714,0.0498511902987957,0.0008550995262339711,0.015197450295090675,0.1953125,0.6841573119163513
4790,-16.0586,-21.0555,-37.1141,-24.0859,-10.2344,2.0,2.0,0.3732394278049469,0.8001618385314941,0.00511609623208642,0.024065138772130013,0.082961305975914,0.005519278813153505,0.04804104566574097,0.19752798974514008,0.6444340944290161
4795,-17.4828,-18.2738,-35.7566,-26.5547,-5.1562,2.0,2.0,0.42227980494499207,0.6791676878929138,0.029652995988726616,0.11317739635705948,0.2057291716337204,0.015003109350800514,0.1606421023607254,0.1848181039094925,0.5350590944290161
4800,-16.9184,-19.2434,-36.1617,-27.0312,-4.4375,2.0,2.0,0.3433476388454437,0.6762701272964478,0.017207277938723564,0.07464022934436798,0.2287946492433548,0.009056281298398972,0.12546642124652863,0.19651740789413452,0.5644822716712952
4805,-17.9254,-16.2016,-34.127,-27.8203,-2.0859,2.0,2.0,0.5540229678153992,0.7970902323722839,0.06169269233942032,0.14531457424163818,0.3348214328289032,0.03381529822945595,0.2511271834373474,0.20160913467407227,0.40897077322006226
4810,-18.7066,-15.3199,-34.0266,-28.6172,-0.8906,2.0,2.0,0.6677454113960266,0.8575984239578247,0.0390625,0.11930438131093979,0.3746279776096344,0.036030784249305725,0.28031715750694275,0.17910447716712952,0.4000699520111084
4815,-17.593,-17.8004,-35.3934,-28.1641,-1.4688,2.0,2.0,0.5754716992378235,0.7759423851966858,0.02280130237340927,0.09713449329137802,0.2436755895614624,0.01648009940981865,0.18353544175624847,0.1909203976392746,0.5045864582061768
4820,-17.6559,-17.2762,-34.932,-28.6172,-0.8203,2.0,2.0,0.6166394948959351,0.8335532546043396,0.030019881203770638,0.08964604884386063,0.2760416567325592,0.023826181888580322,0.20619557797908783,0.19550684094429016,0.4699937701225281
4825,-17.6426,-18.0727,-35.7152,-28.4609,-1.0625,2.0,2.0,0.6624365448951721,0.8252606987953186,0.013841567561030388,0.06321965157985687,0.2529761791229248,0.015314054675400257,0.1677161008119583,0.1825248748064041,0.5299673676490784
4830,-19.941,-13.327,-33.268,-28.9219,-0.6328,2.0,2.0,0.7704347968101501,0.9225671291351318,0.041779305785894394,0.10686587542295456,0.4546130895614624,0.044698383659124374,0.3518734574317932,0.15815454721450806,0.34079602360725403
4835,-20.3172,-12.2008,-32.518,-29.3828,-0.3438,2.0,2.0,0.6310043931007385,0.8795750737190247,0.09095330536365509,0.18002499639987946,0.566592276096344,0.05340484902262688,0.40247979760169983,0.1598258763551712,0.27981188893318176
4840,-18.1832,-17.091,-35.2742,-28.3828,-1.2188,2.0,2.0,0.5234375,0.8099925518035889,0.018035637214779854,0.09171270579099655,0.3110119104385376,0.014925372786819935,0.20926617085933685,0.1788712739944458,0.49245956540107727
4845,-17.8559,-17.0648,-34.9207,-28.2422,-1.2422,2.0,2.0,0.6387434601783752,0.7975191473960876,0.02804877981543541,0.10343970358371735,0.3136160671710968,0.022271454334259033,0.21307525038719177,0.19123134016990662,0.46894434094429016
4850,-18.8105,-15.2832,-34.0938,-28.8438,-0.6719,2.0,2.0,0.6991434693336487,0.8487265706062317,0.03974101319909096,0.11907260864973068,0.3902529776096344,0.03630286082625389,0.2777518630027771,0.17409048974514008,0.4073771834373474
4855,-19.1688,-14.8164,-33.9852,-28.8281,-0.6797,2.0,2.0,0.70010906457901,0.8364730477333069,0.040712468326091766,0.1338125318288803,0.4140625,0.0356421023607254,0.2971082031726837,0.16802705824375153,0.39474502205848694
4860,-17.5414,-18.1367,-35.6781,-27.9297,-2.5469,2.0,2.0,0.46666666865348816,0.6548490524291992,0.01923076994717121,0.11578165739774704,0.2764136791229248,0.012243470177054405,0.1699315905570984,0.18998755514621735,0.5233597755432129
4865,-16.3375,-20.2609,-36.5984,-25.7188,-6.6406,2.0,2.0,0.385185182094574,0.4471689760684967,0.010428517125546932,0.08331166952848434,0.1547619104385376,0.005247201304882765,0.08718127757310867,0.2049906700849533,0.5981032252311707
4870,-15.3762,-21.7512,-37.1273,-22.3203,-14.0234,2.0,2.0,0.10869564861059189,0.2212817370891571,0.004746001213788986,0.03890035301446915,0.0851934552192688,0.0017879352672025561,0.0321439690887928,0.2211209535598755,0.6404695510864258
4875,-15.6867,-22.1531,-37.8398,-19.3047,-20.3359,2.0,2.0,0.0,0.0,0.0,0.00033154667471535504,0.0476190485060215,0.0,0.00023320894979406148,0.1918921023607254,0.7033970952033997
4880,-15.7949,-22.102,-37.8969,-19.4688,-20.2656,2.0,2.0,0.0,0.0,0.0,0.0,0.0479910708963871,3.886815829901025e-05,0.0,0.1890547275543213,0.7064287662506104
4885,-16.7766,-19.3934,-36.1699,-19.9531,-19.1094,2.0,2.0,0.6995153427124023,0.9624329209327698,0.005048380233347416,0.020037654787302017,0.1744791716337204,0.024059390649199486,0.10863650590181351,0.18477922677993774,0.5780472755432129
4890,-16.0512,-20.6133,-36.6645,-21.0,-16.6406,2.0,2.0,0.43145161867141724,0.9496753215789795,0.00397802609950304,0.016278328374028206,0.1164434552192688,0.00963930319994688,0.07182835787534714,0.20518501102924347,0.608869731426239
4895,-15.3805,-22.3098,-37.6902,-19.2812,-20.3594,2.0,2.0,0.0,0.0,0.0,0.0,0.0476190485060215,0.0,0.0,0.20518501102924347,0.6903373599052429
4900,-16.109,-21.5277,-37.6367,-20.8438,-17.3984,2.0,2.0,0.03773584961891174,0.7450658082962036,0.001897933310829103,0.008845041505992413,0.0822172611951828,0.002060012426227331,0.02363184094429016,0.18431280553340912,0.6855177283287048
4905,-16.5602,-19.5426,-36.1027,-21.8906,-14.9062,2.0,2.0,0.3142857253551483,0.7736043930053711,0.014199571684002876,0.06106450408697128,0.1841517835855484,0.01768501289188862,0.1127953976392746,0.19982120394706726,0.5652207732200623
4910,-15.302,-22.3449,-37.6469,-19.5078,-20.1641,2.0,2.0,0.0,0.0,0.0001854599395301193,0.0003401167632546276,0.0476190485060215,0.0,0.0002720771008171141,0.20957711338996887,0.685673177242279
4915,-15.9621,-21.2297,-37.1918,-23.2344,-11.9844,2.0,2.0,0.3486238420009613,0.9044995307922363,0.0025257430970668793,0.011740041896700859,0.0904017835855484,0.004236629232764244,0.04232742637395859,0.20005442202091217,0.6489039063453674
4920,-16.2875,-20.5004,-36.7879,-25.1406,-7.7031,2.0,2.0,0.6388888955116272,0.9712460041046143,0.0011890606256201863,0.009977409616112709,0.1257440447807312,0.00699626887217164,0.0729944035410881,0.1961287260055542,0.6194030046463013
4925,-15.8242,-21.9965,-37.8207,-20.0547,-19.1875,2.0,2.0,0.0,0.13571429252624512,0.0006216328474693,0.005477784667164087,0.0606398805975914,3.886815829901025e-05,0.005441542249172926,0.1875777393579483,0.70246422290802
4930,-17.1172,-19.4715,-36.5887,-26.4453,-3.8984,2.0,2.0,0.7301136255264282,0.9710034132003784,0.00538357999175787,0.017361778765916824,0.1462053507566452,0.013681592419743538,0.10187344253063202,0.17327424883842468,0.6066930890083313
4935,-14.9242,-22.3832,-37.3074,-20.0,-18.3359,2.0,2.0,0.0,0.803108811378479,0.0013515796745195985,0.005203405860811472,0.0524553582072258,0.000621890532784164,0.007501554675400257,0.2300606369972229,0.6573383212089539
4940,-17.284,-19.2879,-36.5719,-27.1875,-4.125,2.0,2.0,0.5221238732337952,0.9769124984741211,0.0024575514253228903,0.01826898194849491,0.154389888048172,0.008784203790128231,0.1127953976392746,0.17397387325763702,0.5999689102172852
4945,-15.3742,-22.2977,-37.6719,-19.3359,-20.2266,2.0,2.0,0.0,0.1304347813129425,0.0,0.0001694436650723219,0.0550595223903656,0.00011660447489703074,0.0008939676336012781,0.20635105669498444,0.68816077709198
4950,-16.8176,-19.1707,-35.9883,-23.3203,-12.0,2.0,2.0,0.24705882370471954,0.8536063432693481,0.011831985786557198,0.052270177751779556,0.2064732164144516,0.01651896722614765,0.12717661261558533,0.197100430727005,0.5547263622283936
4955,-15.1664,-22.4086,-37.575,-19.4375,-20.2109,2.0,2.0,0.0,0.1538461595773697,0.0007207207381725311,0.00045774446334689856,0.0476190485060215,0.0,0.0005052860942669213,0.21571828424930573,0.6792988181114197
4960,-16.4977,-20.2336,-36.7313,-22.5625,-13.8438,2.0,2.0,0.2142857164144516,0.8796816468238831,0.007258064579218626,0.02958015352487564,0.107886902987957,0.008706467226147652,0.08302238583564758,0.1927860677242279,0.6110074520111084
4965,-15.7336,-21.8156,-37.5492,-20.75,-17.375,2.0,2.0,0.07999999821186066,0.8322147727012634,0.0049212598241865635,0.005898184608668089,0.0617559514939785,0.0019434079295024276,0.0173740666359663,0.19745025038719177,0.6787546873092651
4970,-16.3313,-20.2898,-36.6211,-21.0078,-16.8828,2.0,2.0,0.19471153616905212,0.8262646794319153,0.01958804577589035,0.040343619883060455,0.1246279776096344,0.01616915501654148,0.07606498897075653,0.1924751251935959,0.6108131408691406
4975,-16.534,-19.6266,-36.1605,-23.6953,-10.5,2.0,2.0,0.6271186470985413,0.9476345181465149,0.010102972388267517,0.028278158977627754,0.1383928507566452,0.016052549704909325,0.10762593150138855,0.20005442202091217,0.5717895030975342
4980,-15.9988,-21.0074,-37.0062,-21.0938,-16.5234,2.0,2.0,0.26771652698516846,0.8570306301116943,0.011998426169157028,0.01941688545048237,0.1056547611951828,0.009872512891888618,0.0494791679084301,0.19760571420192719,0.6385650038719177
4985,-15.6922,-20.5566,-36.2488,-20.7188,-16.2656,2.0,2.0,0.5783132314682007,0.9250269532203674,0.015492703765630722,0.02537531591951847,0.1246279776096344,0.02258240059018135,0.07206156849861145,0.21575714647769928,0.5851212739944458
4990,-16.427,-21.0887,-37.5156,-21.9766,-14.9453,2.0,2.0,0.17894737422466278,0.8823529481887817,0.008370043709874153,0.013693921267986298,0.068824402987957,0.0036924751475453377,0.03700248897075653,0.17646144330501556,0.6783660054206848
4995,-16.4285,-21.157,-37.5855,-21.625,-15.4609,2.0,2.0,0.12987013161182404,0.8531390428543091,0.003777777776122093,0.012179158627986908,0.0740327388048172,0.002992848167195916,0.0346703976392746,0.17490671575069427,0.6829524040222168
5000,-16.1254,-20.8516,-36.977,-21.4688,-16.0312,2.0,2.0,0.23076923191547394,0.8818781971931458,0.015784215182065964,0.023050185292959213,0.0963541641831398,0.010611007921397686,0.0529773011803627,0.19453513622283936,0.6373989582061768
