it,s,o,w,s20,o20,lam_s,lam_c,pCC,pCD,pDC,pDD,pSTART,vCC,vCD,vDC,vDD
0,-21.0633,-11.9262,-32.9895,-24.6094,-10.3828,0.5,0.5,0.5073627829551697,0.5155185461044312,0.4924340546131134,0.4828444719314575,0.5565476417541504,0.08710354566574097,0.35941386222839355,0.08990205079317093,0.35910293459892273
5,-20.7156,-12.7598,-33.4754,-24.1875,-10.875,0.575,0.0,0.4345032274723053,0.4376451373100281,0.46175986528396606,0.4815000593662262,0.4840029776096344,0.07863028347492218,0.3347325921058655,0.09452736377716064,0.3876321613788605
10,-20.4781,-12.6746,-33.1527,-23.2578,-12.4766,0.5811,0.0,0.5150085687637329,0.4658428430557251,0.4551181197166443,0.48706987500190735,0.4456845223903656,0.09064054489135742,0.3334110677242279,0.09872512519359589,0.3727456331253052
15,-20.4879,-12.259,-32.7469,-24.75,-9.5625,0.6143,0.0,0.48637819290161133,0.49058297276496887,0.5080409646034241,0.5114761590957642,0.519717276096344,0.09701492637395859,0.34670397639274597,0.10634328424930573,0.3454602062702179
20,-20.0508,-13.3125,-33.3633,-24.3281,-10.6172,0.6241,0.0,0.44508928060531616,0.42494285106658936,0.46212396025657654,0.45087045431137085,0.4821428656578064,0.08706467598676682,0.30604788661003113,0.10723724961280823,0.3951725661754608
25,-19.7461,-13.2094,-32.9555,-24.1484,-10.7891,0.638,0.0,0.4820171892642975,0.45595091581344604,0.468183308839798,0.46800732612609863,0.451264888048172,0.09942474961280823,0.31677550077438354,0.11788712441921234,0.36143502593040466
30,-19.8203,-13.9457,-33.766,-24.125,-11.0938,0.6288,0.0,0.4581890106201172,0.4092133641242981,0.3846949338912964,0.4075182378292084,0.4375,0.07855255156755447,0.2885572016239166,0.11275652796030045,0.41565608978271484
35,-21.2621,-11.4664,-32.7285,-24.625,-10.1875,0.631,0.0,0.5352563858032227,0.5156537890434265,0.5305164456367493,0.5362268686294556,0.5491071343421936,0.09701492637395859,0.3798973858356476,0.08278918266296387,0.33582088351249695
40,-22.3188,-9.4961,-31.8148,-26.1719,-7.0703,0.678,0.0,0.6057692170143127,0.6193559765815735,0.6280307769775391,0.6450129151344299,0.6142113208770752,0.10914178937673569,0.4502098858356476,0.06572605669498444,0.2704446613788605
45,-22.6215,-8.9762,-31.5977,-26.1875,-7.1562,0.738,0.0,0.6351304054260254,0.6495598554611206,0.619233250617981,0.6477825045585632,0.6841517686843872,0.11174596101045609,0.46805036067962646,0.059818096458911896,0.25590795278549194
50,-23.7918,-7.0656,-30.8574,-26.7656,-5.8359,0.8308,0.0,0.7472745180130005,0.7361631393432617,0.7275204062461853,0.7309372425079346,0.7470238208770752,0.11765392124652863,0.5393345952033997,0.042793843895196915,0.19574004411697388
55,-22.7844,-8.8941,-31.6785,-25.9062,-7.5781,0.8883,0.0,0.642276406288147,0.6438935399055481,0.6916666626930237,0.6497764587402344,0.6573660969734192,0.10995802283287048,0.46878886222839355,0.05597015097737312,0.2608053386211395
60,-22.3285,-9.4098,-31.7383,-25.3281,-8.7109,0.9504,0.0,0.6444056034088135,0.6286524534225464,0.6484420895576477,0.6289638876914978,0.6138392686843872,0.1111629381775856,0.45226991176605225,0.06611473858356476,0.26597481966018677
65,-21.043,-11.4348,-32.4777,-24.8281,-9.6172,0.9916,0.0,0.5131876468658447,0.5242627263069153,0.5652928352355957,0.5561685562133789,0.5357142686843872,0.10315609723329544,0.3716573417186737,0.08959110826253891,0.3311178386211395
70,-20.2422,-12.8582,-33.1004,-24.2344,-10.8516,1.0044,0.0,0.4649307131767273,0.4658653736114502,0.47789549827575684,0.47354719042778015,0.4732142984867096,0.09254508465528488,0.323383092880249,0.10638215392827988,0.373212069272995
75,-20.5793,-12.6609,-33.2402,-23.8906,-11.3984,1.0146,0.0,0.4542141258716583,0.4698697030544281,0.4703819155693054,0.4729939103126526,0.4970238208770752,0.08531560748815536,0.33411070704460144,0.09973569959402084,0.37636038661003113
80,-20.375,-12.7496,-33.1246,-23.7031,-11.7734,1.0197,0.0,0.4767879545688629,0.47594520449638367,0.4627556800842285,0.46169206500053406,0.5148809552192688,0.0929337665438652,0.3320506811141968,0.10070739686489105,0.36983054876327515
85,-23.0375,-8.2367,-31.2742,-25.7188,-7.9531,1.0546,0.0,0.6769078373908997,0.6768720746040344,0.7048327326774597,0.701417863368988,0.6815476417541504,0.11765392124652863,0.4925761818885803,0.05227767303586006,0.23301461338996887
90,-24.1742,-6.384,-30.5582,-28.0312,-3.6094,1.1486,0.0,0.7814207673072815,0.7632681131362915,0.7875816822052002,0.7768781185150146,0.7734375,0.12091884016990662,0.5661147236824036,0.035680968314409256,0.17280784249305725
95,-22.8637,-8.6137,-31.4773,-26.8359,-6.0,1.2206,0.0,0.6715502738952637,0.6618123054504395,0.6694796085357666,0.6626601219177246,0.6785714030265808,0.11407804489135742,0.48041045665740967,0.05527052283287048,0.2457633763551712
100,-22.4465,-9.4855,-31.932,-25.4219,-8.5703,1.2827,0.0,0.6289576888084412,0.608615517616272,0.6149802803993225,0.6162265539169312,0.6845238208770752,0.10925839841365814,0.4430192708969116,0.05915733799338341,0.2840873897075653
105,-21.4824,-10.7246,-32.207,-24.7344,-9.6641,1.3299,0.0,0.5769093036651611,0.57124924659729,0.576884925365448,0.5560492277145386,0.6041666865348816,0.1084032952785492,0.4025963842868805,0.07835821062326431,0.3061645030975342
110,-21.7434,-10.4617,-32.2051,-25.7031,-8.0547,1.36,0.0,0.5870722532272339,0.5831242203712463,0.532608687877655,0.5778360366821289,0.601190447807312,0.10222326219081879,0.41826024651527405,0.07866915315389633,0.2963697016239166
115,-22.0566,-9.7648,-31.8215,-26.0,-7.25,1.4114,0.0,0.5913344621658325,0.6205182671546936,0.6328475475311279,0.5996057987213135,0.6529017686843872,0.11213464289903641,0.43796640634536743,0.0693407952785492,0.27608054876327515
120,-23.2922,-7.8035,-31.0957,-26.5469,-6.3203,1.4864,0.0,0.7036073803901672,0.7062305808067322,0.6897394061088562,0.6851385235786438,0.7470238208770752,0.11959732323884964,0.5121657252311707,0.04773009940981865,0.21602922677993774
125,-25.5961,-3.9691,-29.5652,-28.625,-2.6562,1.6125,0.0,0.8826609253883362,0.8796432018280029,0.8827160596847534,0.9121800661087036,0.8779761791229248,0.12620490789413452,0.6623523235321045,0.01888992451131344,0.08807525038719177
130,-25.6277,-4.1121,-29.7398,-28.0781,-3.5156,1.7496,0.0,0.9038759469985962,0.8670414090156555,0.9216867685317993,0.83042973279953,0.9010416865348816,0.12534981966018677,0.6568719148635864,0.012904228642582893,0.10039645433425903
135,-26.3813,-2.7117,-29.093,-28.9297,-2.0469,1.9001,0.0,0.9505129456520081,0.9366826415061951,0.9041916131973267,0.9212924838066101,0.9616815447807312,0.12880907952785492,0.7133084535598755,0.006490982603281736,0.04691386967897415
140,-25.7027,-4.125,-29.8277,-27.3516,-4.875,2.0,0.0,0.9415990114212036,0.8646013140678406,0.9285714030265808,0.8030902147293091,0.8720238208770752,0.12445584684610367,0.6536458134651184,0.009250622242689133,0.10817008465528488
145,-24.8836,-5.4551,-30.3387,-26.8047,-6.1328,2.0,0.0,0.8625311851501465,0.8009132146835327,0.8364388942718506,0.78303062915802,0.8139880895614624,0.12468905746936798,0.5958488583564758,0.01877332106232643,0.15621113777160645
150,-25.7359,-3.8641,-29.6,-27.5781,-4.6094,2.0,0.0,0.9295774698257446,0.8743277788162231,0.9479553699493408,0.8791917562484741,0.8973214030265808,0.12970304489135742,0.6649564504623413,0.010455534793436527,0.0904073417186737
155,-25.4141,-4.4703,-29.8844,-27.0703,-5.5312,2.0,0.0,0.9214456677436829,0.8427749872207642,0.9411764740943909,0.8155497908592224,0.8883928656578064,0.1301306039094925,0.6353389024734497,0.010572139173746109,0.11948072165250778
160,-25.9656,-3.7738,-29.7395,-27.4844,-4.8438,2.0,0.0,0.9380245208740234,0.876593291759491,0.9629629850387573,0.8434712290763855,0.8950892686843872,0.12041355669498444,0.6708644032478333,0.008395522832870483,0.09584888070821762
165,-26.2648,-2.9141,-29.1789,-28.7656,-2.2812,2.0,0.0,0.9508888125419617,0.9227839708328247,0.9840425252914429,0.9356890320777893,0.9516369104385376,0.12900342047214508,0.7042133212089539,0.007307213731110096,0.05499844625592232
170,-26.5258,-2.5668,-29.0926,-29.1641,-1.4844,2.0,0.0,0.9585780501365662,0.9390934109687805,0.9910714030265808,0.9640350937843323,0.9590773582458496,0.1257385015487671,0.7211209535598755,0.004353233613073826,0.04430970177054405
175,-25.7043,-3.8395,-29.5438,-26.9766,-5.7422,2.0,0.0,0.9505746960639954,0.8799054622650146,0.9825581312179565,0.8233387470245361,0.9092261791229248,0.1352611929178238,0.6576492786407471,0.0066853235475718975,0.09592662006616592
180,-26.3086,-3.1148,-29.4234,-27.1641,-5.4844,2.0,0.0,0.9710873961448669,0.9075968265533447,0.9107142686843872,0.8578352332115173,0.9453125,0.12367848306894302,0.6953125,0.004353233613073826,0.07217817008495331
185,-25.8191,-4.0305,-29.8496,-24.2344,-11.0156,2.0,0.0,0.9836369156837463,0.8841604590415955,0.8979591727256775,0.6341209411621094,0.9084821343421936,0.1258939653635025,0.6539567708969116,0.0038090795278549194,0.11186256259679794
190,-25.9352,-3.9016,-29.8367,-25.5703,-8.625,2.0,0.0,0.9797979593276978,0.8862489461898804,0.9743589758872986,0.6717612743377686,0.894717276096344,0.12313432991504669,0.6625466346740723,0.003031716449186206,0.10680969804525375
195,-25.9102,-3.5145,-29.4246,-27.3906,-4.7031,2.0,0.0,0.9809929132461548,0.8925729990005493,0.9139785170555115,0.8209904432296753,0.9296875,0.13701026141643524,0.6693485975265503,0.003614738816395402,0.08554881811141968
200,-26.4547,-2.8074,-29.2621,-27.3125,-5.2578,2.0,0.0,0.9870210289955139,0.9257330894470215,0.9487179517745972,0.8269736766815186,0.961309552192688,0.12577736377716064,0.7091495394706726,0.001515858224593103,0.0590796023607254
205,-26.0359,-3.6719,-29.7078,-24.9453,-9.8281,2.0,0.0,0.9838559627532959,0.8993005156517029,0.9259259104728699,0.6573398113250732,0.910342276096344,0.12519434094429016,0.672380268573761,0.002098880708217621,0.09584888070821762
210,-26.1918,-3.148,-29.3398,-26.5625,-5.9844,2.0,0.0,0.9860740900039673,0.9113453030586243,0.939393937587738,0.8356680870056152,0.9278273582458496,0.1311800330877304,0.6896377205848694,0.0025652984622865915,0.07213930040597916
215,-25.7641,-4.1969,-29.9609,-25.3984,-9.0156,2.0,0.0,0.974715530872345,0.8670489192008972,0.8390804529190063,0.6851608753204346,0.8999255895614624,0.12297885864973068,0.6507695913314819,0.003381529822945595,0.11839241534471512
220,-25.6328,-4.3082,-29.941,-24.9297,-9.9062,2.0,0.0,0.9741090536117554,0.8622294664382935,0.848739504814148,0.7083333134651184,0.8731398582458496,0.1276041716337204,0.6429570913314819,0.004625311121344566,0.12033581733703613
225,-25.4707,-4.8656,-30.3363,-24.2109,-11.3438,2.0,0.0,0.9729990363121033,0.8621772527694702,0.8333333134651184,0.5573183298110962,0.8459821343421936,0.12091884016990662,0.6187422275543213,0.003964552190154791,0.15189675986766815
230,-24.9969,-5.5742,-30.5711,-23.7578,-12.1094,2.0,0.0,0.9621489644050598,0.8136988282203674,0.7602739930152893,0.575258195400238,0.8716517686843872,0.12733209133148193,0.5856265425682068,0.005674751475453377,0.17688898742198944
235,-24.8742,-5.7328,-30.607,-23.2422,-12.7422,2.0,0.0,0.95595383644104,0.8224868178367615,0.7180616855621338,0.5496717691421509,0.8180803656578064,0.12795397639274597,0.5811178684234619,0.008823072537779808,0.17762748897075653
240,-24.6699,-6.0805,-30.7504,-23.5312,-12.5625,2.0,0.0,0.9635980725288391,0.8112286925315857,0.746268630027771,0.5121902227401733,0.8180803656578064,0.12919776141643524,0.5656094551086426,0.0078125,0.19290266931056976
245,-24.5711,-6.4305,-31.0016,-22.9766,-13.8359,2.0,0.0,0.9478124976158142,0.7896371483802795,0.8053097128868103,0.5130323171615601,0.8147321343421936,0.12437810748815536,0.550606369972229,0.008784203790128231,0.2117537260055542
250,-23.4578,-8.4555,-31.9133,-21.2344,-16.8516,2.0,0.0,0.9497206807136536,0.7672139406204224,0.6141975522041321,0.3489941656589508,0.6789434552192688,0.12523320317268372,0.464008092880249,0.01259328331798315,0.2936878204345703
255,-23.1309,-9.0121,-32.143,-21.2031,-17.0781,2.0,0.0,0.9297416806221008,0.7501553893089294,0.5679012537002563,0.33054083585739136,0.6882440447807312,0.123367540538311,0.43777206540107727,0.01888992451131344,0.3154928386211395
260,-23.2867,-9.107,-32.3937,-21.1172,-17.3672,2.0,0.0,0.9281376600265503,0.7353752851486206,0.6526610851287842,0.3477851152420044,0.6395089030265808,0.11520522087812424,0.4365282952785492,0.013875932432711124,0.329912930727005
265,-22.9199,-9.3367,-32.2566,-20.8281,-17.8516,2.0,0.0,0.9142944812774658,0.7542731165885925,0.5622406601905823,0.30098703503608704,0.683779776096344,0.12698227167129517,0.42296332120895386,0.01873445324599743,0.326842337846756
270,-23.8582,-7.6945,-31.5527,-21.7031,-16.2422,2.0,0.0,0.9460288286209106,0.7719367742538452,0.7239057421684265,0.40076112747192383,0.7566964030265808,0.12674906849861145,0.4916822016239166,0.01154384296387434,0.2655472755432129
275,-23.102,-9.1848,-32.2867,-20.5,-18.625,2.0,0.0,0.9347894787788391,0.7986148595809937,0.4932975769042969,0.26054826378822327,0.6462053656578064,0.12278451770544052,0.432136207818985,0.01449782308191061,0.3261038661003113
280,-25.0949,-5.6816,-30.7766,-23.3906,-12.8906,2.0,0.0,0.9665024876594543,0.8150159120559692,0.7323943376541138,0.5386397242546082,0.8563988208770752,0.11835354566574097,0.5870646834373474,0.005519278813153505,0.18458488583564758
285,-24.5254,-6.6203,-31.1457,-21.875,-16.0156,2.0,0.0,0.9641185402870178,0.8231738209724426,0.7037037014961243,0.412080317735672,0.773065447807312,0.12457244843244553,0.5400730967521667,0.006296641658991575,0.22458022832870483
290,-24.1199,-7.4195,-31.5395,-21.8984,-15.8984,2.0,0.0,0.9651346802711487,0.806152880191803,0.578125,0.36145487427711487,0.7433035969734192,0.12262903898954391,0.5078902244567871,0.007462686393409967,0.25754043459892273
295,-23.0707,-9.3949,-32.4656,-20.2188,-19.1406,2.0,0.0,0.9506213068962097,0.7517555952072144,0.5577464699745178,0.29057955741882324,0.648065447807312,0.11885882914066315,0.4261893630027771,0.01379819680005312,0.3366760015487671
300,-22.4984,-10.3109,-32.8094,-20.5156,-18.4062,2.0,0.0,0.9260439872741699,0.7292444109916687,0.5226824283599854,0.25540441274642944,0.636532723903656,0.12192941457033157,0.38530007004737854,0.019706156104803085,0.3685867488384247
305,-22.1801,-11.1281,-33.3082,-20.7734,-18.1016,2.0,0.0,0.9090909361839294,0.712149977684021,0.5482695698738098,0.24120983481407166,0.5554315447807312,0.1145833358168602,0.3483753204345703,0.02133861929178238,0.4112251102924347
310,-22.2766,-10.8988,-33.1754,-20.4062,-18.6016,2.0,0.0,0.9308724999427795,0.7516545653343201,0.466292142868042,0.2124357372522354,0.5866815447807312,0.11582711338996887,0.3582478165626526,0.020755596458911896,0.4006918668746948
315,-22.7918,-9.6645,-32.4563,-20.8047,-17.6172,2.0,0.0,0.9299561977386475,0.7575814723968506,0.4781659245491028,0.28650984168052673,0.6145833134651184,0.12430037558078766,0.41141945123672485,0.017801616340875626,0.34200093150138855
320,-22.543,-10.3508,-32.8937,-20.4219,-18.6172,2.0,0.0,0.9281749725341797,0.7491899728775024,0.4617021381855011,0.2453535497188568,0.5967261791229248,0.11905317008495331,0.3838619291782379,0.018268035724759102,0.3743392527103424
325,-22.7742,-9.4043,-32.1785,-20.7344,-17.4766,2.0,0.0,0.898034393787384,0.7202925086021423,0.529411792755127,0.3509475290775299,0.6796875,0.1265547275543213,0.4252176582813263,0.02378731407225132,0.31996268033981323
330,-22.4605,-10.4957,-32.9562,-20.4688,-18.5469,2.0,0.0,0.9044628143310547,0.7158716917037964,0.5572815537452698,0.2723086476325989,0.5956101417541504,0.11757618188858032,0.3781094551086426,0.020017102360725403,0.3798196613788605
335,-21.516,-12.2723,-33.7883,-20.2422,-18.9766,2.0,0.0,0.8902778029441833,0.6902473568916321,0.4414168894290924,0.1994321644306183,0.5323660969734192,0.11194030195474625,0.3032882511615753,0.028529228642582893,0.45176461338996887
340,-21.3625,-12.4387,-33.8012,-20.3359,-18.8828,2.0,0.0,0.8610051870346069,0.6767676472663879,0.49401915073394775,0.20884712040424347,0.4929315447807312,0.11213464289903641,0.3001399338245392,0.03249378129839897,0.4507540464401245
345,-19.9715,-14.5926,-34.5641,-19.8906,-19.5625,2.0,0.0,0.7897643446922302,0.5982000827789307,0.3947019875049591,0.15767855942249298,0.4378720223903656,0.10556592047214508,0.22026586532592773,0.05869092047214508,0.5109996795654297
350,-20.068,-14.4922,-34.5602,-19.7188,-19.9062,2.0,0.0,0.8142695426940918,0.6212407350540161,0.38735708594322205,0.15613298118114471,0.4014136791229248,0.10296175628900528,0.22617381811141968,0.05779695138335228,0.5085898637771606
355,-18.7234,-16.566,-35.2895,-19.6719,-20.0703,2.0,0.0,0.742724597454071,0.564168393611908,0.30503857135772705,0.10672614723443985,0.331845223903656,0.09215640276670456,0.15143035352230072,0.08562655746936798,0.5663090944290161
360,-18.3859,-17.4355,-35.8215,-19.8984,-19.6172,1.9653,0.0,0.6953243017196655,0.557237446308136,0.2663666009902954,0.08525525033473969,0.2845982015132904,0.0773087665438652,0.12325093150138855,0.09499377757310867,0.5999689102172852
365,-18.1734,-17.3707,-35.5441,-19.4688,-20.2656,1.9108,0.0,0.7158836722373962,0.5858493447303772,0.24817518889904022,0.08135093748569489,0.295014888048172,0.08687033504247665,0.1274486929178238,0.10117381811141968,0.5800295472145081
370,-18.0027,-17.6629,-35.6656,-19.7031,-20.0781,1.8597,0.0,0.6474074125289917,0.5125529766082764,0.2827078104019165,0.0897529274225235,0.2890625,0.07870802283287048,0.11920864135026932,0.11081311851739883,0.5867925882339478
375,-19.3703,-15.4199,-34.7902,-19.7734,-19.75,1.8512,0.0,0.8112990260124207,0.6575954556465149,0.29907557368278503,0.11378427594900131,0.3820684552192688,0.10113494843244553,0.19138681888580322,0.07147854566574097,0.5315220952033997
380,-19.4348,-15.3766,-34.8113,-19.6875,-19.9688,1.8281,0.0,0.8221541047096252,0.6485499739646912,0.29729729890823364,0.11887191981077194,0.369047611951828,0.10140702873468399,0.1916588991880417,0.07046797126531601,0.5319885015487671
385,-18.5539,-16.6063,-35.1602,-19.7969,-19.9375,1.8137,0.0,0.7158154845237732,0.5688050389289856,0.30753225088119507,0.10594351589679718,0.337797611951828,0.09437189251184464,0.15450093150138855,0.09340018779039383,0.5532493591308594
390,-17.9449,-17.4621,-35.407,-19.5625,-20.0078,1.7667,0.0,0.7023534774780273,0.566716194152832,0.25548696517944336,0.08751370757818222,0.2834821343421936,0.0842273011803627,0.13079135119915009,0.11333955079317093,0.5671641826629639
395,-16.7277,-19.2074,-35.9352,-19.5156,-20.0312,1.7056,0.0,0.6149181127548218,0.49648383259773254,0.17548257112503052,0.059139434248209,0.2220982164144516,0.06409359723329544,0.08290578424930573,0.15504509210586548,0.5934779047966003
400,-16.3074,-20.2074,-36.5148,-19.1406,-20.1719,1.6179,0.0,0.5370866656303406,0.4134615361690521,0.1380908191204071,0.04266517981886864,0.1625744104385376,0.043493468314409256,0.05659203976392746,0.16775497794151306,0.6276819109916687
405,-15.7984,-20.5469,-36.3453,-19.3594,-20.0391,1.5217,0.0,0.5301094651222229,0.38995569944381714,0.11655817925930023,0.04159754887223244,0.165922611951828,0.042599502950906754,0.05262748897075653,0.1910758763551712,0.6092195510864258
410,-16.7137,-19.8121,-36.5258,-19.5156,-20.0547,1.4362,0.0,0.5246165990829468,0.43536585569381714,0.15705209970474243,0.0487489216029644,0.1785714328289032,0.04815765097737312,0.06374377757310867,0.15294620394706726,0.6306747794151306
415,-16.5211,-19.6512,-36.1723,-19.2656,-20.3672,1.3507,0.0,0.6129476428031921,0.5041643381118774,0.16574186086654663,0.04251374676823616,0.2016369104385376,0.05643656849861145,0.07000155746936798,0.16110852360725403,0.6079757213592529
420,-17.2492,-18.7609,-36.0102,-19.625,-20.1875,1.2835,0.0,0.6601719260215759,0.5194748640060425,0.20960569381713867,0.05698023736476898,0.2429315447807312,0.06782493740320206,0.08881374448537827,0.1311022937297821,0.6077814102172852
425,-15.7082,-20.3559,-36.0641,-18.8281,-20.5859,1.1851,0.0,0.4946727454662323,0.3895231783390045,0.15509957075119019,0.04336433857679367,0.193452388048172,0.05107276141643524,0.05787469074130058,0.19321362674236298,0.5933613181114197
430,-16.4934,-19.0504,-35.5438,-19.2344,-20.3828,1.0915,0.0,0.6193211674690247,0.533909261226654,0.20391595363616943,0.054164957255125046,0.2503720223903656,0.07443252205848694,0.08997979015111923,0.16277985274791718,0.5683302283287048
435,-15.1305,-21.0262,-36.1566,-19.125,-20.3438,0.9804,0.0069,0.4488416910171509,0.3553647994995117,0.12486640363931656,0.038686372339725494,0.1350446492433548,0.04026741161942482,0.04528140649199486,0.21820583939552307,0.5917677283287048
440,-15.75,-19.9371,-35.6871,-19.3594,-19.8516,0.8766,0.0003,0.6090850830078125,0.4771460294723511,0.1619521975517273,0.04562504217028618,0.212797611951828,0.06075093150138855,0.06972947716712952,0.19511815905570984,0.5699238181114197
445,-16.3273,-19.4727,-35.8,-19.3125,-20.1328,0.7757,0.0,0.6118267178535461,0.49284252524375916,0.19150899350643158,0.04819837957620621,0.2224702388048172,0.06638681888580322,0.07602611929178238,0.1684546023607254,0.5846548676490784
450,-17.7691,-18.218,-35.9871,-19.5703,-20.1797,0.7002,0.0,0.6829924583435059,0.5462504625320435,0.23559321463108063,0.06036526709794998,0.2723214328289032,0.07221703976392746,0.10210665315389633,0.1146610677242279,0.6065376400947571
455,-18.1199,-17.6594,-35.7793,-19.6641,-19.9219,0.6445,0.0,0.7542533278465271,0.6501516699790955,0.23368503153324127,0.05818937346339226,0.2633928656578064,0.08224502205848694,0.11532182991504669,0.09946361929178238,0.598491907119751
460,-16.1699,-19.9914,-36.1613,-19.5625,-19.5859,0.5709,0.0,0.4987035393714905,0.3789299428462982,0.17259635031223297,0.05681522190570831,0.1711309552192688,0.04497046023607254,0.07046797126531601,0.18353544175624847,0.5965484976768494
465,-15.5578,-19.9594,-35.5172,-18.9141,-20.2031,0.4803,0.0,0.5609296560287476,0.4417426586151123,0.1716133952140808,0.05521170422434807,0.1994047611951828,0.06187811121344566,0.07672574371099472,0.20429104566574097,0.5526275038719177
470,-17.307,-17.2508,-34.5578,-19.875,-18.7266,0.3866,0.0,0.6570723652839661,0.5810775756835938,0.28077125549316406,0.10615777224302292,0.308407723903656,0.09452736377716064,0.15076959133148193,0.14715485274791718,0.503070592880249
475,-21.6117,-10.1496,-31.7613,-22.1406,-14.0781,0.4187,0.0,0.8917445540428162,0.8531426787376404,0.44062501192092896,0.1704733967781067,0.609002947807312,0.14972014725208282,0.3914412260055542,0.049751244485378265,0.3046097755432129
480,-26.1535,-2.5016,-28.6551,-29.7266,-0.4297,0.5155,0.0,0.9522275924682617,0.9704875349998474,0.9270073175430298,0.8829953074455261,0.9363839030265808,0.14482276141643524,0.7151352763175964,0.010649875737726688,0.024914490059018135
485,-26.9727,-1.7023,-28.675,-29.8906,-0.0547,0.6881,0.0,0.9750462174415588,0.9906599521636963,0.9893617033958435,0.9906542301177979,0.9791666865348816,0.12616604566574097,0.7573849558830261,0.003653606865555048,0.008317786268889904
490,-19.793,-14.9402,-34.7332,-19.3906,-20.3047,0.7742,0.0,0.8281722068786621,0.7455877065658569,0.32546266913414,0.09548855572938919,0.363467276096344,0.10292288661003113,0.20701181888580322,0.06090640649199486,0.5246812701225281
495,-18.0602,-17.4754,-35.5355,-19.7031,-19.9609,0.7695,0.0,0.7914273142814636,0.6373451948165894,0.2215951830148697,0.05437541753053665,0.3314732015132904,0.08795864135026932,0.1223958358168602,0.10331156849861145,0.581856369972229
500,-16.6051,-19.3203,-35.9254,-19.25,-20.1875,0.678,0.0,0.5306525826454163,0.38767948746681213,0.19767718017101288,0.0637834295630455,0.2764136791229248,0.058962997049093246,0.08391635864973068,0.1639847606420517,0.5886582732200623
505,-17.5141,-19.0938,-36.6078,-19.6719,-20.0703,0.5899,0.0,0.5115070343017578,0.37832412123680115,0.24792596697807312,0.0610286146402359,0.2101934552192688,0.052355408668518066,0.07746423780918121,0.12181281298398972,0.6438899040222168
510,-17.1125,-18.909,-36.0215,-19.5,-20.25,0.5194,0.0,0.5345036387443542,0.4349522888660431,0.22351959347724915,0.06632224470376968,0.2741815447807312,0.0642101988196373,0.08962997794151306,0.1398087739944458,0.6018734574317932
515,-18.6176,-17.0906,-35.7082,-19.8828,-19.7422,0.4465,0.0,0.6487142443656921,0.49772727489471436,0.3520814776420593,0.10117755085229874,0.316592276096344,0.08010727912187576,0.13681592047214508,0.08776430040597916,0.59083491563797
520,-17.1277,-19.0637,-36.1914,-19.4297,-20.1797,0.3886,0.0,0.616083025932312,0.4714086353778839,0.1935754120349884,0.05942792072892189,0.216889888048172,0.05993470177054405,0.08360540866851807,0.13914801180362701,0.6128342747688293
525,-17.9273,-17.8477,-35.775,-19.7266,-19.9141,0.3285,0.0,0.6130732893943787,0.49065878987312317,0.27055612206459045,0.09009959548711777,0.279389888048172,0.0737328976392746,0.11858675628900528,0.11392257362604141,0.5892801880836487
530,-17.9719,-17.7398,-35.7117,-19.5625,-20.0312,0.291,0.0,0.6293569207191467,0.4900941848754883,0.2589413523674011,0.09208090603351593,0.300595223903656,0.07917443662881851,0.11967506259679794,0.10867537558078766,0.5879974961280823
535,-18.6156,-17.1566,-35.7723,-19.6406,-20.0859,0.2401,0.0,0.6661661863327026,0.5150982141494751,0.32729625701904297,0.09391327202320099,0.326264888048172,0.07765857875347137,0.13257929682731628,0.09013526141643524,0.5951492786407471
540,-18.1215,-17.784,-35.9055,-19.8594,-19.7891,0.1878,0.0,0.6236616969108582,0.4993211030960083,0.29140767455101013,0.0889548733830452,0.2611607015132904,0.07260572165250778,0.1145055964589119,0.10630441457033157,0.6021066308021545
545,-17.9266,-18.3508,-36.2773,-19.6875,-19.875,0.1333,0.0,0.6132132411003113,0.5035771131515503,0.23146148025989532,0.06952303647994995,0.2466517835855484,0.06471548229455948,0.09779229015111923,0.10797574371099472,0.6250388622283936
550,-17.732,-18.5312,-36.2633,-19.6719,-19.9766,0.0775,0.0,0.5811648368835449,0.4615071415901184,0.23130841553211212,0.07242566347122192,0.2414434552192688,0.06273321062326431,0.09542132914066315,0.11644900590181351,0.620918869972229
555,-17.5141,-18.5688,-36.0828,-19.7812,-19.9219,0.0184,0.0,0.531862735748291,0.4164648950099945,0.2529016435146332,0.08137455582618713,0.2566964328289032,0.06343283504247665,0.09631530195474625,0.12725435197353363,0.6085199117660522
560,-17.6289,-18.2605,-35.8895,-19.5938,-19.7578,0.0,0.0,0.6330777406692505,0.5,0.23890675604343414,0.07780960947275162,0.2429315447807312,0.07097326219081879,0.10673196613788605,0.12087997794151306,0.5969371795654297
565,-18.0809,-17.802,-35.8828,-19.5078,-20.0,0.0,0.0,0.6162134408950806,0.4884105920791626,0.28904780745506287,0.08511742204427719,0.283110111951828,0.07575403898954391,0.11738184094429016,0.1032726988196373,0.5991138219833374
570,-17.7754,-18.2406,-36.016,-19.7969,-19.6328,0.0,0.0,0.5835164785385132,0.46671679615974426,0.2503443658351898,0.07913393527269363,0.2827380895614624,0.07074005156755447,0.1033504381775856,0.1128731369972229,0.6085587739944458
575,-19.0852,-16.4367,-35.5219,-19.8594,-19.8594,0.0,0.0,0.6835954785346985,0.5257298350334167,0.3955067992210388,0.11380308121442795,0.3333333432674408,0.08648165315389633,0.15710510313510895,0.07439365983009338,0.5775420069694519
580,-18.6688,-16.7516,-35.4203,-19.7031,-20.0547,0.0,0.0,0.7396145462989807,0.5953094959259033,0.3095890283584595,0.09004579484462738,0.3284970223903656,0.09075715392827988,0.14252954721450806,0.0851212665438652,0.5771144032478333
585,-19.8484,-15.0191,-34.8676,-19.8203,-19.75,0.0,0.0,0.7771202921867371,0.5955504775047302,0.44132986664772034,0.13557468354701996,0.4166666567325592,0.09853078424930573,0.20440764725208282,0.059623755514621735,0.5329601764678955
590,-20.5109,-13.8125,-34.3234,-19.875,-19.6641,0.0,0.0,0.7929403185844421,0.6098502278327942,0.48808544874191284,0.1842355877161026,0.449404776096344,0.10680969804525375,0.25174906849861145,0.047302551567554474,0.4896610677242279
595,-20.7172,-13.4586,-34.1758,-19.8281,-19.6875,0.0,0.0,0.7997835278511047,0.6260804533958435,0.5178719758987427,0.1951436698436737,0.456845223903656,0.107742540538311,0.2608053386211395,0.046758394688367844,0.4802161157131195
600,-19.7996,-15.1109,-34.9105,-20.0391,-19.4766,0.0001,0.0,0.7621493339538574,0.5958316922187805,0.46143704652786255,0.1353009045124054,0.4017857015132904,0.09837531298398972,0.1995491236448288,0.058962997049093246,0.5386349558830261
605,-19.0766,-16.1961,-35.2727,-19.6094,-20.1719,0.0,0.0,0.7180270552635193,0.5545056462287903,0.34708738327026367,0.11268292367458344,0.3813244104385376,0.08904695510864258,0.16864894330501556,0.08006840944290161,0.557758092880249
610,-17.8047,-18.1469,-35.9516,-19.5312,-20.1406,0.0,0.0,0.6235553026199341,0.4963741898536682,0.25653207302093506,0.07771620154380798,0.2604166567325592,0.07062344253063202,0.10719837993383408,0.11454446613788605,0.6031560897827148
615,-17.9125,-17.957,-35.8695,-19.7812,-20.0156,0.0,0.0,0.632496178150177,0.5100246071815491,0.2857653796672821,0.0807119756937027,0.2477678507566452,0.07583177834749222,0.11050217598676682,0.10867537558078766,0.6005130410194397
620,-17.2711,-18.9059,-36.177,-19.5156,-20.125,0.0,0.0,0.555831253528595,0.4376155138015747,0.21853147447109222,0.07200606167316437,0.2198660671710968,0.06265547126531601,0.08411069959402084,0.13339552283287048,0.615360677242279
625,-18.0707,-17.2398,-35.3105,-19.3281,-20.2188,0.0,0.0,0.581534206867218,0.46978724002838135,0.33275744318962097,0.12288839370012283,0.3069196343421936,0.08461598306894302,0.13701026141643524,0.11248445510864258,0.5614116787910461
630,-18.0801,-17.507,-35.5871,-19.7891,-19.7656,0.0,0.0,0.5800589323043823,0.4417344033718109,0.3250266909599304,0.1107301339507103,0.3024553656578064,0.07913557440042496,0.12908115983009338,0.10918065905570984,0.578125
635,-18.8313,-16.7137,-35.5449,-19.8672,-19.7031,0.0,0.0,0.642380952835083,0.46114256978034973,0.3479427695274353,0.13848023116588593,0.2838541567325592,0.0816231369972229,0.1510416716337204,0.0869092047214508,0.5759483575820923
640,-20.0047,-14.252,-34.2566,-20.6016,-18.3047,0.0,0.0,0.7007407546043396,0.5200325846672058,0.5117748379707336,0.23003451526165009,0.40625,0.10494402796030045,0.23865050077438354,0.06766946613788605,0.48425838351249695
645,-20.3207,-13.9996,-34.3203,-20.6406,-18.2031,0.0,0.0,0.7222434282302856,0.5133145451545715,0.5312916040420532,0.2402457445859909,0.4151785671710968,0.10187344253063202,0.2481343299150467,0.05837997421622276,0.4871346354484558
650,-19.993,-14.8109,-34.8039,-20.2344,-19.0391,0.0,0.0,0.6941566467285156,0.5181850790977478,0.49566832184791565,0.19409972429275513,0.380952388048172,0.09378886967897415,0.21587376296520233,0.06281094253063202,0.5230488181114197
655,-17.9859,-17.4691,-35.4551,-19.9219,-19.4766,0.0,0.0,0.6013578772544861,0.4560840427875519,0.31873059272766113,0.11657111346721649,0.2719494104385376,0.08014614135026932,0.13320118188858032,0.11267879605293274,0.5694962739944458
660,-18.3062,-17.6559,-35.9621,-19.8125,-19.9062,0.0,0.0,0.573136031627655,0.41527822613716125,0.3045977056026459,0.11728633940219879,0.2358630895614624,0.06829135864973068,0.12363961338996887,0.10144589841365814,0.6021454930305481
665,-18.168,-17.4391,-35.607,-19.7188,-19.9297,0.0,0.0,0.6010230183601379,0.4446386992931366,0.3273703157901764,0.1218871995806694,0.236235111951828,0.07598724961280823,0.13339552283287048,0.10863650590181351,0.5775030851364136
670,-18.4688,-17.1844,-35.6531,-19.6016,-20.0938,0.0,0.0,0.5573347210884094,0.4166198670864105,0.36335644125938416,0.12660600244998932,0.3128720223903656,0.07524875551462173,0.13844838738441467,0.10097947716712952,0.5808457732200623
675,-17.3391,-18.9352,-36.2742,-19.9219,-19.4766,0.0,0.0,0.4614325165748596,0.3530973494052887,0.24195435643196106,0.08793211728334427,0.1941964328289032,0.05643656849861145,0.08784203976392746,0.13285136222839355,0.6183924078941345
680,-17.9211,-17.6598,-35.5809,-19.8906,-19.3984,0.0,0.0,0.586891770362854,0.4294045567512512,0.29775092005729675,0.11941307783126831,0.2462797611951828,0.07828047126531601,0.1266324669122696,0.11578824371099472,0.5748212337493896
685,-18.7477,-16.9242,-35.6719,-20.0156,-19.4531,0.0,0.0,0.6215813159942627,0.4481569826602936,0.3314606845378876,0.12680675089359283,0.3139880895614624,0.07816386967897415,0.1465718299150467,0.08994092047214508,0.5808457732200623
690,-18.8672,-16.159,-35.0262,-20.1641,-19.1562,0.0,0.0,0.6213760375976562,0.4578959047794342,0.3877207636833191,0.169237419962883,0.3325892984867096,0.08982431888580322,0.17401275038719177,0.09242848306894302,0.5392568111419678
695,-19.1625,-15.968,-35.1305,-20.4141,-18.8672,0.0,0.0,0.6749131679534912,0.5015507340431213,0.4082324504852295,0.15744860470294952,0.3098958432674408,0.08955223858356476,0.1754508763551712,0.08026275038719177,0.5502565503120422
700,-19.168,-15.8305,-34.9984,-20.0078,-19.4922,0.0,0.0,0.6479897499084473,0.4733489155769348,0.3849411904811859,0.1734929382801056,0.3668154776096344,0.09087375551462173,0.1830301582813263,0.0825948417186737,0.5390236377716064
705,-18.0258,-17.9941,-36.0199,-19.6719,-20.1641,0.0,0.0,0.5528312921524048,0.3818308413028717,0.28696873784065247,0.10476068407297134,0.275297611951828,0.06658115983009338,0.11166822165250778,0.11065764725208282,0.6066153645515442
710,-18.0633,-17.8922,-35.9555,-19.7969,-19.9141,0.0,0.0,0.6434273719787598,0.48175927996635437,0.27255916595458984,0.08715537190437317,0.2477678507566452,0.07303327322006226,0.11400031298398972,0.10509949922561646,0.603389322757721
715,-19.1332,-15.9926,-35.1258,-19.7344,-19.875,0.0,0.0,0.6707211136817932,0.5307692289352417,0.392185240983963,0.14048884809017181,0.3541666567325592,0.08947449922561646,0.1768501251935959,0.08057369291782379,0.5486240386962891
720,-19.209,-15.718,-34.927,-19.7656,-19.9297,0.0,0.0,0.7115461230278015,0.5610068440437317,0.3871449828147888,0.13935847580432892,0.3697916567325592,0.09728699922561646,0.1822139322757721,0.07800839841365814,0.5380130410194397
725,-19.0012,-16.4875,-35.4887,-19.7344,-19.9453,0.0,0.0,0.6643677949905396,0.5238916277885437,0.37274059653282166,0.1183764711022377,0.332217276096344,0.08453824371099472,0.1578047275543213,0.07956311851739883,0.5736162662506104
730,-18.4016,-17.3973,-35.7988,-19.625,-19.9062,0.0,0.0,0.6735000014305115,0.5157540440559387,0.2968299686908722,0.08773302286863327,0.3102678656578064,0.07773631811141968,0.12706001102924347,0.09441076219081879,0.596315324306488
735,-17.3426,-18.7582,-36.1008,-19.4609,-20.2344,0.0,0.0,0.5808600783348083,0.48943662643432617,0.22042377293109894,0.06603473424911499,0.2444196492433548,0.06417132914066315,0.08830846101045609,0.1320739984512329,0.6109685897827148
740,-19.366,-15.8785,-35.2445,-19.6406,-20.0859,0.0,0.0,0.7195070385932922,0.5652270317077637,0.40280112624168396,0.12768471240997314,0.3355654776096344,0.09145677834749222,0.17548973858356476,0.06937966495752335,0.5591962337493896
745,-18.3934,-17.3234,-35.7168,-19.5938,-19.9219,0.0,0.0,0.5813953280448914,0.4675174057483673,0.32714805006980896,0.10727537423372269,0.316220223903656,0.07855255156755447,0.13401740789413452,0.0963541641831398,0.58659827709198
750,-16.3988,-19.8523,-36.2512,-19.375,-20.3125,0.0,0.0,0.5370231866836548,0.4504005014896393,0.16495327651500702,0.05303797498345375,0.1711309552192688,0.05196673050522804,0.06308302283287048,0.16635571420192719,0.614116907119751
755,-16.5613,-20.002,-36.5633,-19.5781,-20.1172,0.0,0.0,0.4616013169288635,0.3698444962501526,0.1648189276456833,0.04957611486315727,0.1752232164144516,0.04757462814450264,0.05748600885272026,0.15776586532592773,0.6326959133148193
760,-16.0219,-20.5992,-36.6211,-19.2031,-20.3984,0.0,0.0,0.38598325848579407,0.3315926790237427,0.1447761207818985,0.041982147842645645,0.1447172611951828,0.03715796023607254,0.04465951398015022,0.1822916716337204,0.6314132213592529
765,-16.1801,-20.3473,-36.5273,-19.3125,-20.1562,0.0,0.0,0.37889909744262695,0.307634174823761,0.15847966074943542,0.0488591268658638,0.1763392835855484,0.04236629232764244,0.05142257362604141,0.17486785352230072,0.6268656849861145
770,-17.0375,-19.318,-36.3555,-19.6406,-19.8984,0.0,0.0,0.5502833127975464,0.45558440685272217,0.2023121416568756,0.05532047152519226,0.2016369104385376,0.05488184094429016,0.07482120394706726,0.14120802283287048,0.6246113181114197
775,-17.5195,-18.6398,-36.1594,-19.4844,-20.2578,0.0,0.0,0.6274393796920776,0.5152155756950378,0.23910297453403473,0.060757413506507874,0.2113095223903656,0.06572605669498444,0.0919620618224144,0.12305659055709839,0.614777684211731
780,-17.8871,-18.1918,-36.0789,-19.6406,-20.0859,0.0,0.0,0.6059250831604004,0.4637846052646637,0.28280702233314514,0.08132454007863998,0.231398805975914,0.06953513622283936,0.10249533504247665,0.11077425628900528,0.6127176880836487
785,-17.3637,-18.709,-36.0727,-19.4609,-20.2578,0.0,0.0,0.5562757849693298,0.4156678020954132,0.2509710192680359,0.0795019119977951,0.2161458283662796,0.06595926731824875,0.09079602360725403,0.13009172677993774,0.6086753606796265
790,-16.6934,-19.623,-36.3164,-19.5469,-20.1328,0.0,0.0,0.5080527067184448,0.39209040999412537,0.18482932448387146,0.06395385414361954,0.168898805975914,0.05309390649199486,0.06879664212465286,0.1537235677242279,0.6199082732200623
795,-17.2719,-18.909,-36.1809,-19.6328,-20.1484,0.0,0.0,0.5223692655563354,0.40676456689834595,0.22558823227882385,0.0790838897228241,0.2075892835855484,0.0616837702691555,0.08733675628900528,0.1321517378091812,0.6143501400947571
800,-17.1648,-19.4547,-36.6195,-19.5469,-20.2266,0.0,0.0004,0.41341257095336914,0.29021739959716797,0.22212837636470795,0.07887067645788193,0.1372767835855484,0.04578668996691704,0.07151741534471512,0.13805970549583435,0.6401585936546326
805,-16.1895,-20.4035,-36.593,-19.2812,-20.3594,0.0,0.0197,0.36538460850715637,0.28243669867515564,0.16510066390037537,0.052809540182352066,0.1328125,0.04042288661003113,0.04912935197353363,0.1737406700849533,0.6322295069694519
810,-16.1254,-21.1891,-37.3145,-19.6406,-20.1797,0.0,0.037,0.27877697348594666,0.23615634441375732,0.0983496904373169,0.025422753766179085,0.0825892835855484,0.021610695868730545,0.023865049704909325,0.17428483068943024,0.6757618188858032
815,-15.1746,-21.6926,-36.8672,-19.1562,-20.4219,0.0,0.0617,0.2714025378227234,0.19006849825382233,0.0792737752199173,0.021842878311872482,0.1112351194024086,0.02133861929178238,0.022699005901813507,0.2162235677242279,0.6352611780166626
820,-15.4242,-21.7547,-37.1789,-19.2031,-20.3984,0.0,0.1055,0.30129870772361755,0.24942263960838318,0.05469341576099396,0.017239343374967575,0.0866815447807312,0.014964241534471512,0.01682991348206997,0.20537935197353363,0.6583488583564758
825,-15.2285,-22.0031,-37.2316,-19.4531,-20.0859,0.0,0.1506,0.17625899612903595,0.14779874682426453,0.04661325737833977,0.014216611161828041,0.0699404776096344,0.010805347934365273,0.012360074557363987,0.2134639322757721,0.6588930487632751
830,-15.6871,-21.4328,-37.1199,-19.4141,-20.2109,0.0,0.1983,0.23170731961727142,0.1593959778547287,0.08066122233867645,0.02876380644738674,0.0974702388048172,0.01912313513457775,0.023165423423051834,0.1951570212841034,0.658076822757721
835,-15.4434,-21.9754,-37.4188,-19.4688,-20.1719,0.0,0.2322,0.23557692766189575,0.15447154641151428,0.03772865980863571,0.010785557329654694,0.0643601194024086,0.00808457750827074,0.009561567567288876,0.20398010313510895,0.6738961338996887
840,-15.0844,-22.2,-37.2844,-19.2969,-20.3516,0.0,0.2834,0.21287128329277039,0.09389671683311462,0.02772347629070282,0.00958936382085085,0.0691964253783226,0.007851367816329002,0.008278917521238327,0.21871113777160645,0.6606809496879578
845,-16.0242,-21.5262,-37.5504,-19.3438,-20.2344,0.0,0.3344,0.1834319531917572,0.1489361673593521,0.06129102408885956,0.016981665045022964,0.0799851194024086,0.013137437403202057,0.014614427462220192,0.17883239686489105,0.6889381408691406
850,-15.1434,-21.8711,-37.0145,-19.3281,-20.3359,0.0,0.3751,0.2600472867488861,0.2232142835855484,0.056024421006441116,0.018192771822214127,0.0948660746216774,0.016441231593489647,0.017412934452295303,0.21645678579807281,0.6452114582061768
855,-16.0641,-21.4383,-37.5023,-19.3828,-20.2969,0.0,0.419,0.20643430948257446,0.1551724076271057,0.06981339305639267,0.019378965720534325,0.082961305975914,0.01449782308191061,0.01803482510149479,0.17704446613788605,0.6859452724456787
860,-16.3352,-21.1691,-37.5043,-19.5156,-20.2422,0.0,0.4605,0.2687224745750427,0.16753022372722626,0.08444444090127945,0.025998195633292198,0.0814732164144516,0.017646145075559616,0.022504664957523346,0.16616137325763702,0.6892101764678955
865,-15.6609,-21.525,-37.1859,-19.3438,-20.1406,0.0,0.5002,0.2180616706609726,0.18117229640483856,0.07804781943559647,0.024584364145994186,0.0799851194024086,0.017646145075559616,0.02188277430832386,0.19671174883842468,0.6592817306518555
870,-15.8199,-21.3992,-37.2191,-19.4844,-20.2578,0.0,0.5364,0.26487523317337036,0.1799628883600235,0.08429752290248871,0.02479579858481884,0.088913694024086,0.020250311121344566,0.020949937403202057,0.18812188506126404,0.6662002205848694
875,-16.2156,-21.2254,-37.441,-19.2188,-20.3906,0.0,0.5722,0.2302771806716919,0.2112436145544052,0.08474189043045044,0.02425309643149376,0.0877976194024086,0.01822916604578495,0.022815609350800514,0.1701647937297821,0.6843128204345703
880,-15.9863,-21.0512,-37.0375,-19.4062,-20.2969,0.0,0.607,0.25339367985725403,0.24472050368785858,0.12123142182826996,0.03083857148885727,0.1127232164144516,0.025769589468836784,0.03128886967897415,0.18306903541088104,0.6553949117660522
885,-15.8883,-20.9414,-36.8297,-19.3594,-20.2266,0.0,0.6362,0.3501228392124176,0.3372717499732971,0.11888112127780914,0.028957528993487358,0.1450892835855484,0.03163868188858032,0.036186255514621735,0.18341884016990662,0.6442785859107971
890,-15.4922,-21.3926,-36.8848,-19.3125,-20.1562,0.0,0.6715,0.321156769990921,0.28840580582618713,0.09323017299175262,0.0267505906522274,0.0982142835855484,0.02553638070821762,0.026819029822945595,0.20094838738441467,0.6422185897827148
895,-15.9727,-21.1523,-37.125,-19.5469,-20.2266,0.0,0.7059,0.2700348496437073,0.2454545497894287,0.10928616672754288,0.02861863374710083,0.0930059552192688,0.022310324013233185,0.029928483068943024,0.18458488583564758,0.6586986780166626
900,-15.5633,-20.6773,-36.2406,-19.0938,-20.4531,0.0,0.7352,0.4354986250400543,0.38632872700691223,0.1470474749803543,0.03880230337381363,0.1551339328289032,0.0424828976392746,0.050606343895196915,0.2014147937297821,0.6010183691978455
905,-15.7781,-21.4043,-37.1824,-19.375,-20.2188,0.0,0.7623,0.2689938545227051,0.2455858737230301,0.08033353835344315,0.021395403891801834,0.1082589253783226,0.01892879419028759,0.024214863777160645,0.19111473858356476,0.6612640023231506
910,-15.4871,-21.2902,-36.7773,-19.1562,-20.4219,0.0,0.7942,0.32280218601226807,0.3138231635093689,0.10558530688285828,0.030403537675738335,0.0904017835855484,0.02829601988196373,0.031211132183670998,0.2032027393579483,0.6328125
915,-16.5867,-20.3531,-36.9398,-19.7344,-20.0391,0.0,0.8039,0.4049409329891205,0.3777589201927185,0.15350224077701569,0.03839100897312164,0.129836305975914,0.036186255514621735,0.04578668996691704,0.15648320317268372,0.6570662260055542
920,-15.4684,-21.2773,-36.7457,-19.2031,-20.3984,0.0,0.8193,0.30000001192092896,0.2680797874927521,0.10897927731275558,0.031599655747413635,0.107886902987957,0.0295398011803627,0.031172264367341995,0.20258083939552307,0.6322295069694519
925,-16.0746,-20.9367,-37.0113,-19.2969,-20.3516,0.0,0.8441,0.3118421137332916,0.30832356214523315,0.12797357141971588,0.027239888906478882,0.1257440447807312,0.0295398011803627,0.03315453976392746,0.17646144330501556,0.6563665866851807
930,-16.168,-20.9844,-37.1523,-19.4688,-20.2656,0.0,0.8662,0.3007633686065674,0.28934624791145325,0.11091234534978867,0.028735294938087463,0.1097470223903656,0.025458645075559616,0.03210509940981865,0.1738184094429016,0.6641402244567871
935,-17.0551,-19.7293,-36.7844,-19.6562,-20.1719,0.0,0.8827,0.4162348806858063,0.33678755164146423,0.18965516984462738,0.06032732129096985,0.1521577388048172,0.04500932991504669,0.06001243740320206,0.13976989686489105,0.6507307291030884
940,-16.9004,-19.6402,-36.5406,-19.5,-20.0625,0.0,0.8804,0.3886536955833435,0.35983750224113464,0.20113754272460938,0.06540447473526001,0.1733630895614624,0.045903295278549194,0.0669698417186737,0.15034204721450806,0.632307231426239
945,-16.9969,-19.8434,-36.8402,-19.7422,-19.625,0.0,0.8733,0.32058823108673096,0.30095237493515015,0.1899486631155014,0.06187291070818901,0.1555059552192688,0.03964552283287048,0.06121734902262688,0.14385105669498444,0.6508084535598755
950,-16.2688,-20.0551,-36.3238,-19.3594,-20.1328,0.0,0.8714,0.4134536385536194,0.35832273960113525,0.16737908124923706,0.05524617061018944,0.198288694024086,0.04738028720021248,0.061178483068943024,0.1727689653635025,0.6141946315765381
955,-17.5293,-18.4645,-35.9938,-19.6406,-19.9922,0.0,0.8579,0.4742743968963623,0.4061923921108246,0.28492432832717896,0.10133333504199982,0.185639888048172,0.05892413109540939,0.10544931888580322,0.1335510015487671,0.5975979566574097
960,-17.4418,-18.3816,-35.8234,-19.5156,-19.9609,0.0,0.8293,0.5129982829093933,0.42665213346481323,0.26340600848197937,0.10533606261014938,0.1930803507566452,0.06728078424930573,0.10704290866851807,0.1319185346364975,0.5892801880836487
965,-19.225,-16.0281,-35.2531,-19.9375,-19.6094,0.0,0.766,0.6233530044555664,0.48965057730674744,0.4167478084564209,0.16743633151054382,0.2779017984867096,0.08554881811141968,0.1746346354484558,0.0798351988196373,0.5555037260055542
970,-20.0531,-14.3813,-34.4344,-21.375,-16.7812,0.0,0.6559,0.5932773351669312,0.4448198080062866,0.5221432447433472,0.28838685154914856,0.3355654776096344,0.09250622242689133,0.24160447716712952,0.07108986377716064,0.4903218150138855
975,-20.3441,-14.0652,-34.4094,-20.9688,-17.6641,0.0,0.4929,0.6056876182556152,0.47628459334373474,0.5430076122283936,0.28103572130203247,0.3686755895614624,0.09157337993383408,0.2556747496128082,0.06642568111419678,0.4818485677242279
980,-19.8391,-14.9043,-34.7434,-20.625,-18.375,0.0,0.3606,0.6183304786682129,0.47855857014656067,0.4956379532814026,0.23237323760986328,0.3206845223903656,0.0903296023607254,0.21571828424930573,0.0712842047214508,0.518190324306488
985,-19.8965,-14.5551,-34.4516,-20.7031,-17.9375,0.0,0.2274,0.6330543756484985,0.48991256952285767,0.5111111402511597,0.24900132417678833,0.340029776096344,0.09289489686489105,0.23118780553340912,0.07520988583564758,0.49622979760169983
990,-21.9793,-10.9602,-32.9395,-22.4766,-14.5547,0.0125,0.0582,0.7316561937332153,0.5641534924507141,0.6552053689956665,0.4529682397842407,0.5052083134651184,0.11124067008495331,0.37169620394706726,0.040694963186979294,0.3718905448913574
995,-26.4672,-2.677,-29.1441,-29.3672,-1.1016,0.1828,0.0,0.9020237922668457,0.9472148418426514,0.8864468932151794,0.9589519500732422,0.9278273582458496,0.12099657952785492,0.71941077709198,0.010611007921397686,0.04450404271483421
1000,-26.2949,-2.7449,-29.0398,-29.3594,-1.1406,0.3301,0.0,0.9131736755371094,0.9496831297874451,0.9367088675498962,0.9551337361335754,0.9088541865348816,0.12981964647769928,0.711442768573761,0.009211753495037556,0.045048195868730545
1005,-26.2957,-2.9578,-29.2535,-29.375,-1.0625,0.4769,0.0,0.893156886100769,0.9354627132415771,0.9408283829689026,0.9387121796607971,0.8976934552192688,0.12041355669498444,0.7118703126907349,0.013137437403202057,0.050101056694984436
1010,-26.2723,-2.7527,-29.025,-29.0781,-1.5859,0.6303,0.0,0.9199643135070801,0.9459857940673828,0.9820788502693176,0.963302731513977,0.9203869104385376,0.13063588738441467,0.7116760015487671,0.01084421668201685,0.04236629232764244
1015,-25.9477,-3.5063,-29.4539,-28.9688,-1.8984,0.7824,0.0,0.8464274406433105,0.9112335443496704,0.9052863717079163,0.9442970752716064,0.8735119104385376,0.12021921575069427,0.6843905448913574,0.017646145075559616,0.07326647639274597
1020,-25.002,-4.7098,-29.7117,-27.9844,-3.9141,0.9206,0.0,0.829072117805481,0.8546209335327148,0.8665511012077332,0.8812543749809265,0.8448660969734192,0.13530005514621735,0.6274875402450562,0.022426927462220192,0.11030783504247665
1025,-24.9766,-5.0605,-30.0371,-28.2812,-3.0391,1.0474,0.0,0.7832914590835571,0.829789936542511,0.9233176708221436,0.9053931832313538,0.7801339030265808,0.12375622242689133,0.6179260015487671,0.02483675442636013,0.12900342047214508
1030,-22.8313,-8.3668,-31.198,-26.4141,-6.6562,1.1331,0.0,0.6077149510383606,0.6614529490470886,0.7418060302734375,0.7552198171615601,0.6763392686843872,0.1188976988196373,0.48954445123672485,0.0581078976392746,0.22897233068943024
1035,-24.1387,-6.5031,-30.6418,-27.3984,-4.9219,1.2216,0.0,0.7167685627937317,0.7586876749992371,0.8006500601768494,0.8079686760902405,0.75,0.1207633689045906,0.5603622794151306,0.03587530925869942,0.17852145433425903
1040,-22.5461,-9.216,-31.7621,-25.9609,-7.6797,1.3148,0.0,0.5924621224403381,0.6098989844322205,0.7097203731536865,0.6966763138771057,0.597842276096344,0.1103467047214508,0.4578280448913574,0.05837997421622276,0.2689676582813263
1045,-21.2832,-11.1652,-32.4484,-24.8594,-9.7422,1.3419,0.0,0.4901376962661743,0.5154420733451843,0.6077321767807007,0.6138875484466553,0.4791666567325592,0.10443874448537827,0.3851057291030884,0.0824393630027771,0.32353857159614563
1050,-22.5301,-9.1484,-31.6785,-26.3984,-6.7109,1.386,0.0,0.572833240032196,0.6127021312713623,0.6843658089637756,0.6971904039382935,0.6666666865348816,0.10673196613788605,0.4614427983760834,0.06588152796030045,0.2614661157131195
1055,-22.5398,-9.3352,-31.875,-26.1484,-7.3984,1.4333,0.0,0.556235671043396,0.6251909732818604,0.633870005607605,0.6659968495368958,0.609747052192688,0.10160136967897415,0.4579446613788605,0.0651819035410881,0.27079445123672485
1060,-23.1562,-7.5152,-30.6715,-27.0234,-5.3203,1.5117,0.0,0.6694787740707397,0.7239853143692017,0.7227179408073425,0.7773049473762512,0.7369791865348816,0.12900342047214508,0.5180736780166626,0.05663090944290161,0.1918143630027771
1065,-22.9301,-8.4598,-31.3898,-26.8906,-5.75,1.6008,0.0,0.6128571629524231,0.6624466180801392,0.6610824465751648,0.7500826716423035,0.6216517686843872,0.10883084684610367,0.4912157952785492,0.060323383659124374,0.23515236377716064
1070,-19.7437,-13.4531,-33.1969,-24.1094,-10.8438,1.6323,0.0,0.36862409114837646,0.40102794766426086,0.4404800534248352,0.5204727053642273,0.402529776096344,0.09067941457033157,0.310051292181015,0.11983053386211395,0.37496113777160645
1075,-18.4867,-16.2063,-34.693,-21.9375,-14.9297,1.6111,0.0,0.21741893887519836,0.22548304498195648,0.32814207673072815,0.3641749918460846,0.2332589328289032,0.06113961338996887,0.21323071420192719,0.1422574669122696,0.47889459133148193
1080,-18.4305,-16.3832,-34.8137,-21.4062,-16.0625,1.5627,0.0,0.258440762758255,0.2344987392425537,0.32819634675979614,0.3279654383659363,0.2529761791229248,0.0633162334561348,0.20122045278549194,0.13619403541088104,0.4947916567325592
1085,-19.6945,-14.3719,-34.0664,-21.4688,-16.1719,1.5479,0.0,0.4246108829975128,0.3551523983478546,0.44420289993286133,0.39994704723358154,0.3404017984867096,0.0799129381775856,0.2678016126155853,0.10727611929178238,0.44053173065185547
1090,-20.4863,-12.698,-33.1844,-22.3906,-14.8438,1.5619,0.0,0.47799697518348694,0.4241354167461395,0.5732311606407166,0.5070691108703613,0.410342276096344,0.1024564653635025,0.3191853165626526,0.08624844253063202,0.3876321613788605
1095,-21.9285,-10.1395,-32.068,-24.1562,-10.8672,1.6278,0.0,0.5709855556488037,0.5586181282997131,0.7161773443222046,0.661837637424469,0.4985119104385376,0.1127953976392746,0.4174051582813263,0.06751399487257004,0.29780784249305725
1100,-20.8887,-12.4559,-33.3445,-21.6094,-15.9141,1.638,0.0,0.5608028173446655,0.4843151271343231,0.6130732893943787,0.4399999976158142,0.409970223903656,0.09876399487257004,0.3246268630027771,0.0737328976392746,0.39839863777160645
1105,-22.4109,-9.6574,-32.0684,-23.3594,-12.9062,1.683,0.0,0.6706004738807678,0.6264414191246033,0.7531692981719971,0.5784301161766052,0.5052083134651184,0.1119791641831398,0.4348180890083313,0.05212220177054405,0.29660293459892273
1110,-23.0449,-7.9828,-31.0277,-26.0781,-7.3516,1.7711,0.0,0.6897096037864685,0.6923195719718933,0.716472327709198,0.7697002291679382,0.6071428656578064,0.12313432991504669,0.5025264024734497,0.05332711338996887,0.21653451025485992
1115,-20.3102,-13.498,-33.8082,-21.6719,-16.2578,1.8041,0.0,0.4471004903316498,0.39235788583755493,0.5403726696968079,0.4470769762992859,0.3199404776096344,0.08780317008495331,0.29193875193595886,0.08760882914066315,0.42817163467407227
1120,-19.5605,-14.5813,-34.1418,-20.8516,-17.4062,1.7976,0.0,0.4346085488796234,0.3759762644767761,0.4941634237766266,0.356429785490036,0.3288690447807312,0.08737561851739883,0.24883395433425903,0.09989117085933685,0.45942163467407227
1125,-18.6742,-16.0246,-34.6988,-21.3281,-16.7109,1.7764,0.0,0.3402426838874817,0.2983606457710266,0.390830397605896,0.3060040771961212,0.2607886791229248,0.07688122242689133,0.20153141021728516,0.12122979015111923,0.49587997794151306
1130,-20.123,-13.9039,-34.027,-22.1562,-15.1016,1.7554,0.0,0.39384040236473083,0.35465359687805176,0.5145140886306763,0.43498900532722473,0.3266369104385376,0.08329446613788605,0.27771300077438354,0.09238961338996887,0.4421253204345703
1135,-21.3258,-11.4656,-32.7914,-24.1406,-10.9219,1.7649,0.0,0.4784708321094513,0.48857682943344116,0.5934119820594788,0.616104245185852,0.3616071343421936,0.09658737480640411,0.37087997794151306,0.07905783504247665,0.34899720549583435
1140,-20.0785,-13.2664,-33.3449,-23.5078,-12.2812,1.7881,0.0,0.3919270932674408,0.38905930519104004,0.448635071516037,0.5459123253822327,0.3080357015132904,0.08955223858356476,0.3041044771671295,0.10820895433425903,0.39365673065185547
1145,-18.6609,-16.0172,-34.6781,-22.2422,-14.5781,1.7785,0.0,0.2285527139902115,0.23125909268856049,0.2888146936893463,0.3933027386665344,0.1949404776096344,0.05935167893767357,0.2136193960905075,0.13969215750694275,0.48285913467407227
1150,-20.5281,-12.7785,-33.3066,-24.375,-10.5,1.7577,0.0,0.3762649595737457,0.4162472188472748,0.4558650553226471,0.5696746706962585,0.334077388048172,0.08449938148260117,0.3320506811141968,0.09907493740320206,0.3798973858356476
1155,-20.0047,-13.5113,-33.516,-24.2344,-10.9453,1.7792,0.0,0.3346043825149536,0.3641897141933441,0.4246239960193634,0.5445719361305237,0.3188244104385376,0.0815453976392746,0.30651429295539856,0.11112406849861145,0.3963386118412018
1160,-18.5594,-16.7301,-35.2895,-21.5625,-15.9609,1.7592,0.0,0.2089783251285553,0.20236612856388092,0.26943308115005493,0.3181077837944031,0.1763392835855484,0.05021766200661659,0.18726679682731628,0.13300684094429016,0.5250310897827148
1165,-17.4625,-17.8855,-35.348,-21.2891,-16.3906,1.7117,0.0,0.14900153875350952,0.1417774260044098,0.233269602060318,0.27732011675834656,0.1428571492433548,0.050606343895196915,0.14913712441921234,0.16262437403202057,0.5331545472145081
1170,-18.3699,-16.9848,-35.3547,-21.3125,-16.5781,1.6542,0.0,0.15701824426651,0.17165455222129822,0.2523997724056244,0.3130761981010437,0.1953125,0.04901275038719177,0.18182525038719177,0.13767102360725403,0.52701336145401
1175,-18.6676,-15.8609,-34.5285,-22.3125,-14.5547,1.6187,0.0,0.22789116203784943,0.24969206750392914,0.3147720694541931,0.4049641191959381,0.1882440447807312,0.06856343150138855,0.22088775038719177,0.13471704721450806,0.4713541567325592
1180,-19.2707,-14.684,-33.9547,-22.8438,-13.5156,1.6003,0.0,0.28622087836265564,0.29296526312828064,0.3610767424106598,0.4904470145702362,0.2511160671710968,0.07672574371099472,0.2618936598300934,0.12562188506126404,0.43128108978271484
1185,-19.1996,-15.5984,-34.798,-22.0234,-15.2969,1.5791,0.0,0.21065831184387207,0.21506305038928986,0.34778258204460144,0.41242000460624695,0.1781994104385376,0.06199471279978752,0.2250077724456787,0.11656560748815536,0.4919542968273163
1190,-19.773,-14.223,-33.9961,-22.6953,-14.0703,1.5775,0.0,0.35055723786354065,0.32442641258239746,0.45179855823516846,0.4776441156864166,0.2209821492433548,0.07672574371099472,0.2778295874595642,0.10805348306894302,0.43291357159614563
1195,-21.2984,-11.2883,-32.5867,-24.3281,-10.6406,1.585,0.0,0.4546525180339813,0.4945421516895294,0.580690324306488,0.6613838076591492,0.3720238208770752,0.09899719804525375,0.38456156849861145,0.0833333358168602,0.3286302983760834
1200,-22.8406,-8.5496,-31.3902,-26.6406,-6.2969,1.6435,0.0,0.5830606818199158,0.6820938587188721,0.6106246113777161,0.771343469619751,0.515625,0.10692630708217621,0.48709577322006226,0.06658115983009338,0.23491916060447693
1205,-21.7422,-10.5191,-32.2613,-26.0078,-7.6328,1.7061,0.0,0.40136364102363586,0.5810366868972778,0.4790520668029785,0.7082058787345886,0.4148065447807312,0.08550994843244553,0.42591729760169983,0.09184546023607254,0.2922496795654297
1210,-21.2695,-11.5934,-32.8629,-25.25,-8.9375,1.7296,0.0,0.366415798664093,0.48846980929374695,0.46195879578590393,0.6645021438598633,0.3404017984867096,0.08263370394706726,0.37923663854599,0.09246735274791718,0.34118470549583435
1215,-18.9691,-15.6727,-34.6418,-22.1953,-14.9062,1.7507,0.0,0.24829721450805664,0.2697722911834717,0.308533251285553,0.4032635986804962,0.1607142835855484,0.06277208030223846,0.22360852360725403,0.12799285352230072,0.48114892840385437
1220,-16.8828,-18.7672,-35.65,-20.5703,-17.9453,1.7121,0.0,0.13164350390434265,0.11986754834651947,0.19382084906101227,0.2179325819015503,0.1417410671710968,0.04753575846552849,0.11738184094429016,0.17486785352230072,0.5557369589805603
1225,-17.4148,-19.2195,-36.6344,-20.4609,-18.5156,1.6258,0.0,0.12469733506441116,0.11306209862232208,0.1718415468931198,0.14408722519874573,0.1231398805975914,0.03210509940981865,0.09075715392827988,0.14521144330501556,0.6274486780166626
1230,-16.2563,-19.7285,-35.9848,-20.0781,-18.8359,1.5464,0.0,0.12003693729639053,0.11831726878881454,0.195262610912323,0.14500674605369568,0.1075148805975914,0.042094215750694275,0.08869714289903641,0.18870490789413452,0.5760261416435242
1235,-17.0637,-19.6477,-36.7113,-20.1641,-18.6406,1.4659,0.0,0.14399999380111694,0.11296660453081131,0.18274237215518951,0.11201529204845428,0.1276041716337204,0.02915111929178238,0.07913557440042496,0.15675528347492218,0.6304804086685181
1240,-16.4082,-20.2063,-36.6145,-19.5156,-19.6797,1.3776,0.0,0.10526315867900848,0.08805418759584427,0.1460455060005188,0.09963306039571762,0.1287202388048172,0.028062811121344566,0.06312189251184464,0.17937655746936798,0.6249611377716064
1245,-16.9707,-19.3121,-36.2828,-20.2891,-18.3672,1.2948,0.0,0.15470172464847565,0.12699060142040253,0.19823050498962402,0.14377431571483612,0.1402529776096344,0.03844061121344566,0.09518811851739883,0.16254663467407227,0.5993469953536987
1250,-17.5949,-18.5676,-36.1625,-20.1875,-18.6641,1.2187,0.0,0.2142857164144516,0.1824488341808319,0.24756334722042084,0.16861598193645477,0.1350446492433548,0.04570895433425903,0.1120569035410881,0.1395755559206009,0.5981809496879578
1255,-17.6602,-18.3645,-36.0246,-20.5547,-18.0703,1.1631,0.0,0.2504173517227173,0.18570496141910553,0.2575674057006836,0.1758452206850052,0.1666666716337204,0.04656405374407768,0.11909203976392746,0.14124688506126404,0.5886194109916687
1260,-17.248,-18.482,-35.7301,-19.5938,-19.6172,1.0865,0.0,0.25795531272888184,0.18791064620018005,0.2713218331336975,0.17625358700752258,0.1789434552192688,0.05740826949477196,0.11831467598676682,0.15084733068943024,0.5689521431922913
1265,-17.2641,-18.7887,-36.0527,-19.75,-19.4453,1.0316,0.0,0.2816357910633087,0.18863049149513245,0.23151041567325592,0.15761764347553253,0.137648805975914,0.0503731332719326,0.10529384016990662,0.1492537260055542,0.5906016826629639
1270,-17.7965,-17.6852,-35.4816,-20.5234,-18.0625,0.9628,0.0,0.28678303956985474,0.21869057416915894,0.32535210251808167,0.2148539274930954,0.1811755895614624,0.06234452873468399,0.1430736929178238,0.13798196613788605,0.552122175693512
1275,-19.1703,-15.4215,-34.5918,-21.2266,-16.6562,0.9357,0.0,0.3397231101989746,0.29792702198028564,0.4079173803329468,0.35853463411331177,0.236235111951828,0.0729944035410881,0.22687344253063202,0.11291199922561646,0.4827425479888916
1280,-19.1898,-15.0742,-34.2641,-22.2578,-14.7578,0.9218,0.0,0.36716416478157043,0.3363741934299469,0.39724647998809814,0.3856774568557739,0.2380952388048172,0.078125,0.23433613777160645,0.11574938148260117,0.46731188893318176
1285,-18.9367,-15.9473,-34.884,-20.9219,-17.4062,0.9004,0.0,0.3360655605792999,0.3253353536128998,0.3890663683414459,0.29665589332580566,0.2336309552192688,0.07587064802646637,0.2057291716337204,0.10949160158634186,0.5044309496879578
1290,-19.1359,-15.6941,-34.8301,-21.3828,-16.5078,0.8657,0.0,0.38124677538871765,0.3117483854293823,0.42279139161109924,0.31715384125709534,0.1960565447807312,0.0754430964589119,0.21008239686489105,0.10471081733703613,0.5052860975265503
1295,-18.4613,-16.5652,-35.0266,-20.6875,-17.5703,0.8401,0.0,0.31581658124923706,0.2750716209411621,0.3771558701992035,0.27288901805877686,0.2239583283662796,0.0754430964589119,0.1763448417186737,0.11944185197353363,0.5242925882339478
1300,-17.5559,-18.1371,-35.693,-20.1484,-18.9297,0.7907,0.0,0.3052959442138672,0.24249202013015747,0.27850937843322754,0.1823425590991974,0.1722470223903656,0.062383394688367844,0.1216573417186737,0.13872045278549194,0.5727611780166626
1305,-19.1984,-15.9078,-35.1063,-21.2344,-16.8516,0.7484,0.0,0.3972019553184509,0.3088092803955078,0.4003649652004242,0.29048994183540344,0.1979166716337204,0.06389925628900528,0.2007540464401245,0.10649875551462173,0.5243703126907349
1310,-19.8656,-13.9043,-33.7699,-21.6797,-15.8203,0.7457,0.0,0.4341421127319336,0.38033777475357056,0.48786216974258423,0.44690224528312683,0.2823660671710968,0.08970770984888077,0.28307679295539856,0.09926927834749222,0.42346858978271484
1315,-20.707,-13.1578,-33.8648,-23.4219,-12.6406,0.7539,0.0,0.41962525248527527,0.3518078327178955,0.48750588297843933,0.5278950333595276,0.2797619104385376,0.07882462441921234,0.31067320704460144,0.0824393630027771,0.4235852062702179
1320,-19.4891,-15.118,-34.607,-22.5938,-14.1797,0.7451,0.0,0.3399251699447632,0.27936089038848877,0.39207547903060913,0.3938785493373871,0.231398805975914,0.07272232323884964,0.23596858978271484,0.10300061851739883,0.48383083939552307
1325,-18.5934,-16.7488,-35.3422,-21.2031,-16.6562,0.7168,0.0,0.24420912563800812,0.22398436069488525,0.3298279047012329,0.28894689679145813,0.1703869104385376,0.05872979015111923,0.17891013622283936,0.12196828424930573,0.5359141826629639
1330,-18.1809,-17.5129,-35.6938,-21.0312,-17.1875,0.6692,0.0,0.2846975028514862,0.20291362702846527,0.28732824325561523,0.2286442518234253,0.1804315447807312,0.054609764367341995,0.1494092047214508,0.12729321420192719,0.5642101764678955
1335,-17.9719,-17.2359,-35.2078,-20.4766,-18.0859,0.6217,0.0,0.3456009328365326,0.24700123071670532,0.3229284882545471,0.23144902288913727,0.245163694024086,0.06759172677993774,0.1587764322757721,0.1369713991880417,0.5321828126907349
1340,-18.8828,-16.3129,-35.1957,-20.7031,-18.0312,0.5728,0.0,0.4141298234462738,0.3318822681903839,0.36796846985816956,0.24283835291862488,0.2611607015132904,0.06766946613788605,0.1875,0.1084810346364975,0.5318719148635864
1345,-18.5527,-16.8125,-35.3652,-20.2578,-18.6875,0.5456,0.0,0.4131701588630676,0.3009174168109894,0.34555327892303467,0.22314167022705078,0.2366071492433548,0.06669776141643524,0.16946516931056976,0.1145055964589119,0.5448538661003113
1350,-18.1051,-17.1184,-35.2234,-20.1562,-18.5625,0.5057,0.0,0.3658536672592163,0.2740668058395386,0.35392066836357117,0.22402314841747284,0.2258184552192688,0.07171175628900528,0.15827114880084991,0.12838153541088104,0.5371579527854919
1355,-17.9957,-17.6102,-35.6059,-19.9375,-19.2578,0.457,0.0,0.4049970805644989,0.29276031255722046,0.3188902735710144,0.1762496531009674,0.223586305975914,0.0668921023607254,0.1347559094429016,0.12468905746936798,0.5691853165626526
1360,-18.9141,-16.2961,-35.2102,-20.5547,-18.3047,0.4108,0.0,0.4426877498626709,0.32526248693466187,0.35851797461509705,0.23929525911808014,0.2875744104385376,0.06883551180362701,0.1813977062702179,0.10700403898954391,0.5382851362228394
1365,-18.9258,-16.0922,-35.018,-21.1172,-17.2734,0.3854,0.0,0.4691168963909149,0.34263190627098083,0.3939955532550812,0.24434354901313782,0.2805059552192688,0.07614272087812424,0.19228078424930573,0.10486629605293274,0.5222325921058655
1370,-19.5449,-14.9781,-34.523,-21.625,-16.1641,0.369,0.0,0.47299903631210327,0.3741881847381592,0.43099960684776306,0.3091273009777069,0.3470982015132904,0.08061256259679794,0.2334032952785492,0.09604322165250778,0.48546332120895386
1375,-18.5746,-16.423,-34.9977,-20.6641,-17.6641,0.3459,0.0,0.4025260806083679,0.2973255217075348,0.3613877296447754,0.2615615725517273,0.2544642984867096,0.07077892124652863,0.18602301180362701,0.12099657952785492,0.5177238583564758
1380,-17.9324,-17.541,-35.4734,-20.2266,-18.7031,0.3014,0.0,0.35808685421943665,0.24738675355911255,0.286695271730423,0.21019332110881805,0.2250744104385376,0.06176150590181351,0.1450171023607254,0.13584421575069427,0.5528995394706726
1385,-18.4355,-16.9508,-35.3863,-20.2969,-18.6094,0.2532,0.0,0.4322280287742615,0.2878071963787079,0.3372248113155365,0.21574054658412933,0.2436755895614624,0.0668143630027771,0.16449004411697388,0.11652673780918121,0.5476912260055542
1390,-17.4676,-18.4215,-35.8891,-19.75,-19.4688,0.2014,0.0,0.3123704195022583,0.20568335056304932,0.28310129046440125,0.1607452929019928,0.1781994104385376,0.05624222755432129,0.11489427834749222,0.14237406849861145,0.5820118188858032
1395,-18.1305,-17.0863,-35.2168,-20.3125,-18.4609,0.1428,0.0,0.40991470217704773,0.296783983707428,0.3435945212841034,0.21201513707637787,0.253720223903656,0.0729166641831398,0.1534903645515442,0.125,0.5441153645515442
1400,-18.7148,-16.3711,-35.0859,-20.9766,-17.3203,0.1059,0.0,0.43581780791282654,0.2981921136379242,0.37835925817489624,0.25093141198158264,0.2611607015132904,0.07509328424930573,0.17844371497631073,0.10991915315389633,0.5320662260055542
1405,-19.0246,-15.9426,-34.9672,-20.2266,-18.75,0.0892,0.0,0.4448958933353424,0.3113677203655243,0.4032440483570099,0.2704336643218994,0.2801339328289032,0.07653140276670456,0.1952347606420517,0.10303948819637299,0.5207167267799377
1410,-18.7363,-16.368,-35.1043,-20.5781,-17.8828,0.0441,0.0,0.4618949592113495,0.3253321945667267,0.36250001192092896,0.24354460835456848,0.2436755895614624,0.07548196613788605,0.18135882914066315,0.10883084684610367,0.5298507213592529
1415,-18.3496,-16.4605,-34.8102,-20.1172,-18.8516,0.0123,0.0,0.40050891041755676,0.29378893971443176,0.3654495179653168,0.2690875828266144,0.2566964328289032,0.07637593150138855,0.18085354566574097,0.12667132914066315,0.5116215944290161
1420,-18.8266,-16.2789,-35.1055,-20.3516,-18.0781,0.0,0.0,0.4529822766780853,0.31957894563674927,0.3732091784477234,0.24096208810806274,0.2942708432674408,0.07233364135026932,0.18462376296520233,0.10851989686489105,0.5300450921058655
1425,-19.0719,-15.6559,-34.7277,-20.5859,-18.0312,0.0,0.0,0.5060691237449646,0.3790701925754547,0.42812982201576233,0.2585211992263794,0.2857142984867096,0.0832555964589119,0.20650653541088104,0.1005907952785492,0.5051694512367249
1430,-18.6027,-16.5016,-35.1043,-20.1328,-19.1953,0.0,0.0,0.4165763854980469,0.3102775514125824,0.39128977060317993,0.2396116852760315,0.2473958283662796,0.07175061851739883,0.17925995588302612,0.11602145433425903,0.5284903645515442
1435,-18.5711,-16.1383,-34.7094,-20.2422,-18.3672,0.0,0.0,0.4464726150035858,0.312762975692749,0.38824662566185,0.27432599663734436,0.2686011791229248,0.07878576219081879,0.19399097561836243,0.12103544920682907,0.5017101764678955
1440,-18.8313,-16.375,-35.2063,-20.2656,-18.5312,0.0,0.0,0.42766571044921875,0.29288530349731445,0.3448275923728943,0.2545814514160156,0.2622767984867096,0.06743625551462173,0.18738339841365814,0.11046330630779266,0.5302394032478333
1445,-19.4898,-15.1586,-34.6484,-21.5391,-16.5703,0.0,0.0,0.4444444477558136,0.33474647998809814,0.4159843921661377,0.3261731266975403,0.296875,0.07625932991504669,0.22920553386211395,0.09969682991504669,0.49036070704460144
1450,-19.902,-14.3285,-34.2305,-22.1953,-15.0234,0.0,0.0,0.47549018263816833,0.3621813952922821,0.45599672198295593,0.3783555030822754,0.3329613208770752,0.07929104566574097,0.2622823417186737,0.09495491534471512,0.4589940905570984
1455,-20.8395,-12.648,-33.4875,-22.8672,-13.7969,0.0,0.0,0.5350318551063538,0.44236835837364197,0.5555555820465088,0.4639877378940582,0.4073660671710968,0.09153451770544052,0.32035136222839355,0.07835821062326431,0.4052782952785492
1460,-21.2875,-11.5563,-32.8438,-23.0469,-13.3438,0.0204,0.0,0.6069042086601257,0.5283200740814209,0.5731775164604187,0.4957190752029419,0.474702388048172,0.10471081733703613,0.36232897639274597,0.06984607875347137,0.3586364984512329
1465,-21.5512,-11.1309,-32.682,-23.6016,-12.2812,0.047,0.0,0.6399411559104919,0.5380747318267822,0.5967174768447876,0.5173035860061646,0.5026041865348816,0.10568252205848694,0.3787313401699066,0.06630907952785492,0.3447994291782379
1470,-24.357,-6.2797,-30.6367,-26.7734,-6.125,0.1436,0.0,0.7795716524124146,0.7787953019142151,0.7624242305755615,0.7676881551742554,0.722842276096344,0.11796486377716064,0.5729944109916687,0.0320662297308445,0.17249688506126404
1475,-23.2395,-7.9688,-31.2082,-26.0,-7.5781,0.2292,0.0,0.6708817481994629,0.6954392194747925,0.7300985455513,0.7466387152671814,0.597842276096344,0.11372823268175125,0.5079290866851807,0.0512671023607254,0.22259794175624847
1480,-21.3719,-11.0688,-32.4406,-24.9844,-9.2578,0.2802,0.0,0.5135548114776611,0.5613141655921936,0.5918177366256714,0.5789728760719299,0.439360111951828,0.10179571062326431,0.3892257511615753,0.08360540866851807,0.3208955228328705
1485,-21.7461,-10.6039,-32.35,-24.5234,-10.3672,0.3132,0.0,0.5761794447898865,0.5750384330749512,0.5664443373680115,0.5834259390830994,0.5100446343421936,0.10051306337118149,0.4045397937297821,0.07575403898954391,0.3147154748439789
1490,-23.3691,-7.6438,-31.0129,-26.7188,-5.9062,0.3779,0.0,0.7028796076774597,0.7146618366241455,0.7439688444137573,0.7236403822898865,0.6789434552192688,0.11878109723329544,0.5166744589805603,0.049945585429668427,0.2101212739944458
1495,-24.5668,-5.5895,-30.1562,-27.9141,-3.6797,0.4923,0.0,0.765237033367157,0.822157621383667,0.8222222328186035,0.8272624015808105,0.7593005895614624,0.1205301582813263,0.6016790866851807,0.036730408668518066,0.13658271729946136
1500,-25.2266,-4.5582,-29.7848,-28.6953,-2.375,0.6191,0.0,0.8105130791664124,0.8693339824676514,0.8213165998458862,0.8689809441566467,0.8225446343421936,0.12348414212465286,0.6431125402450562,0.02479788474738598,0.10412780195474625
1505,-25.6957,-3.8121,-29.5078,-28.7812,-2.2266,0.7631,0.0,0.8348157405853271,0.9060298204421997,0.8643761277198792,0.9086419939994812,0.8415178656578064,0.12235696613788605,0.6729633212089539,0.021494092419743538,0.07870802283287048
1510,-24.5852,-5.6863,-30.2715,-28.4531,-2.7422,0.8754,0.0,0.7149876952171326,0.8272785544395447,0.7424812316894531,0.8156188130378723,0.7570684552192688,0.11073538661003113,0.6055659055709839,0.04135572165250778,0.1378653645515442
1515,-23.8543,-6.4918,-30.3461,-27.3594,-4.625,0.9937,0.0,0.729846179485321,0.7909776568412781,0.752059280872345,0.8142129778862,0.6767113208770752,0.12632152438163757,0.5617614984512329,0.04718594625592232,0.16025342047214508
1520,-24.4969,-6.1078,-30.6047,-27.7812,-4.2031,1.0827,0.0,0.7668860554695129,0.7850720882415771,0.7411110997200012,0.7950084805488586,0.730282723903656,0.11221237480640411,0.5879197716712952,0.034981343895196915,0.1604088991880417
1525,-24.9547,-4.8359,-29.7906,-28.6328,-2.4766,1.222,0.0,0.8192771077156067,0.8580021262168884,0.8366013169288635,0.855374813079834,0.805059552192688,0.12904228270053864,0.626826822757721,0.029734142124652863,0.10991915315389633
1530,-25.0434,-4.7547,-29.798,-28.1562,-3.4531,1.3335,0.0,0.8302975296974182,0.8579345941543579,0.838472843170166,0.8524416089057922,0.8169642686843872,0.12803171575069427,0.6311800479888916,0.026469215750694275,0.10984142124652863
1535,-23.4164,-7.4684,-30.8848,-27.1328,-5.2891,1.4513,0.0,0.7172436118125916,0.7261146306991577,0.7238979339599609,0.7433061599731445,0.6741071343421936,0.12014147639274597,0.5247978568077087,0.050256531685590744,0.20032648742198944
1540,-22.8945,-8.7008,-31.5953,-25.5625,-8.2188,1.5242,0.0,0.6799860000610352,0.6478676199913025,0.6839452981948853,0.6758869290351868,0.6276041865348816,0.11089085787534714,0.4720926582813263,0.05398787185549736,0.2585510015487671
1545,-23.2547,-7.8094,-31.0641,-25.1406,-9.1094,1.5971,0.0,0.7556109428405762,0.6905125975608826,0.7506561875343323,0.7321587204933167,0.6454613208770752,0.12468905746936798,0.5080068111419678,0.04442630708217621,0.21840018033981323
1550,-21.7191,-10.4035,-32.1227,-24.8906,-9.6094,1.6731,0.0,0.5996527671813965,0.5517928004264832,0.6298312544822693,0.63038170337677,0.5331101417541504,0.11194030195474625,0.4097481369972229,0.07140080630779266,0.3024331331253052
1555,-21.1172,-11.9051,-33.0223,-24.1484,-11.2812,1.6996,0.0,0.5243314504623413,0.4854108691215515,0.507602870464325,0.5380936861038208,0.4401041567325592,0.08865827322006226,0.36232897639274597,0.0869092047214508,0.35762593150138855
1560,-21.1211,-12.5453,-33.6664,-24.0859,-11.2188,1.7074,0.0,0.48054054379463196,0.45265325903892517,0.48210135102272034,0.4898494482040405,0.3597470223903656,0.07190609723329544,0.3398631811141968,0.08360540866851807,0.4001477062702179
1565,-20.8203,-12.1016,-32.9219,-25.0234,-9.0625,1.7223,0.0,0.4801049530506134,0.5125568509101868,0.459437757730484,0.5294182896614075,0.4289434552192688,0.08889147639274597,0.3590640425682068,0.09678171575069427,0.35078513622283936
1570,-20.8535,-12.2027,-33.0563,-24.2188,-10.625,1.7371,0.0,0.4856385290622711,0.46623334288597107,0.5134798884391785,0.5424695611000061,0.4088541567325592,0.08795864135026932,0.3528062701225281,0.09371113032102585,0.36104634404182434
1575,-19.082,-14.8844,-33.9664,-23.4609,-12.2344,1.7507,0.0,0.3695991635322571,0.3500226140022278,0.37430331110954285,0.41348496079444885,0.2805059552192688,0.07466573268175125,0.2577347755432129,0.13250155746936798,0.43062034249305725
1580,-17.9988,-16.6488,-34.6477,-22.9609,-12.8828,1.7135,0.0,0.2961346507072449,0.2712405323982239,0.30742573738098145,0.30713939666748047,0.2511160671710968,0.06234452873468399,0.19488495588302612,0.15702736377716064,0.4812655448913574
1585,-16.8176,-19.0781,-35.8957,-21.2344,-16.0781,1.6552,0.0,0.18918919563293457,0.17025505006313324,0.1792432963848114,0.1652469038963318,0.1889880895614624,0.033076804131269455,0.11734297126531601,0.18388526141643524,0.5612173676490784
1590,-17.0598,-18.3605,-35.4203,-22.2578,-14.0312,1.5693,0.0,0.2339688092470169,0.2115752100944519,0.23490813374519348,0.21185261011123657,0.1577380895614624,0.044853854924440384,0.14237406849861145,0.17770522832870483,0.53058922290802
1595,-17.9746,-17.2387,-35.2133,-21.9922,-14.75,1.4952,0.0,0.3639075458049774,0.2583613991737366,0.30010464787483215,0.2409476935863495,0.2042410671710968,0.05212220177054405,0.17315764725208282,0.14855410158634186,0.5216884613037109
1600,-18.1836,-17.2812,-35.4648,-21.0938,-16.6406,1.4582,0.0,0.3900069296360016,0.24499155580997467,0.3144599199295044,0.21809877455234528,0.2239583283662796,0.056009016931056976,0.16103078424930573,0.1338619440793991,0.5446206331253052
1605,-17.2121,-18.2586,-35.4707,-21.5859,-16.0312,1.3945,0.0,0.319571852684021,0.24095682799816132,0.2709256112575531,0.16896182298660278,0.2622767984867096,0.05083955079317093,0.13324004411697388,0.16670553386211395,0.5447372794151306
1610,-17.3059,-18.4156,-35.7215,-20.9297,-17.1094,1.3184,0.0,0.2731023132801056,0.21941688656806946,0.24777911603450775,0.1773855984210968,0.1841517835855484,0.04710821062326431,0.1293143630027771,0.16188588738441467,0.5572139024734497
1615,-16.834,-19.9066,-36.7406,-20.3047,-18.2188,1.2369,0.0,0.16006338596343994,0.10471747070550919,0.14677195250988007,0.10782738029956818,0.1153273805975914,0.024525808170437813,0.07497668266296387,0.16736629605293274,0.6286535859107971
1620,-16.373,-20.5063,-36.8793,-20.125,-18.7891,1.1373,0.0,0.16835017502307892,0.08153310418128967,0.1108202412724495,0.0810251384973526,0.1127232164144516,0.02308768592774868,0.05577581003308296,0.17817163467407227,0.6384872794151306
1625,-16.4012,-20.7301,-37.1312,-19.6953,-19.7188,1.0306,0.0106,0.13303770124912262,0.07870753854513168,0.10466917604207993,0.0592421293258667,0.1212797611951828,0.01752953976392746,0.04691386967897415,0.17564521729946136,0.6554337739944458
1630,-15.8656,-20.7488,-36.6145,-19.8047,-19.0312,0.9423,0.0167,0.09023941308259964,0.09770889580249786,0.10775119811296463,0.08557131886482239,0.1004464253783226,0.021105410531163216,0.05768034979701042,0.20308613777160645,0.6136505007743835
1635,-16.6102,-19.4098,-36.0199,-20.9297,-16.875,0.8546,0.0188,0.17533937096595764,0.17075978219509125,0.162076935172081,0.14716419577598572,0.1785714328289032,0.03435945138335228,0.10129041969776154,0.1848958283662796,0.5749766826629639
1640,-18.0383,-16.666,-34.7043,-22.4609,-13.5078,0.8072,0.0,0.29034435749053955,0.33148643374443054,0.2847960591316223,0.27923452854156494,0.277529776096344,0.057563744485378265,0.20343594253063202,0.1572217047214508,0.4773010015487671
1645,-19.9809,-12.5547,-32.5355,-24.9766,-9.0156,0.7775,0.0,0.4628506302833557,0.5303539633750916,0.4790862202644348,0.49486014246940613,0.4709821343421936,0.1025342047214508,0.3470149338245392,0.12080223858356476,0.32517102360725403
1650,-22.3906,-7.9156,-30.3062,-27.6953,-3.5781,0.8432,0.0,0.6873661875724792,0.762380838394165,0.6532257795333862,0.6958819627761841,0.71875,0.14521144330501556,0.5015158653259277,0.07229477912187576,0.17650030553340912
1655,-20.3156,-12.3832,-32.6988,-26.6094,-5.6797,0.8554,0.0,0.42227602005004883,0.5948007106781006,0.39361703395843506,0.4480659067630768,0.5212053656578064,0.08026275038719177,0.361823707818985,0.12787623703479767,0.32555970549583435
1660,-20.7668,-11.6707,-32.4375,-27.9766,-2.8281,0.8671,0.0,0.5031175017356873,0.6737595796585083,0.38173604011535645,0.4174894094467163,0.5301339030265808,0.08104011416435242,0.39089706540107727,0.12045242637395859,0.3031327724456787
1665,-21.6008,-9.9898,-31.5906,-28.2031,-2.7969,0.8924,0.0,0.5585874915122986,0.7249350547790527,0.49249908328056335,0.4952912926673889,0.6071428656578064,0.09685945510864258,0.44892725348472595,0.10622668266296387,0.24350902438163757
1670,-20.2211,-11.7379,-31.959,-27.1797,-4.1172,0.9119,0.0,0.5341914892196655,0.6916972398757935,0.38081642985343933,0.4077474772930145,0.5814732313156128,0.09662624448537827,0.3918299078941345,0.1361551582813263,0.2709110677242279
1675,-21.1641,-10.432,-31.5961,-27.2578,-4.1484,0.9496,0.0,0.5803437829017639,0.7355193495750427,0.4500347077846527,0.4377056956291199,0.6160714030265808,0.10401119291782379,0.431475430727005,0.11201803386211395,0.24801772832870483
1680,-21.6398,-9.4887,-31.1285,-28.1719,-2.8594,0.9821,0.0,0.6004919409751892,0.7559657692909241,0.4998169243335724,0.5106695890426636,0.6421130895614624,0.11061877757310867,0.467467337846756,0.10614894330501556,0.21128731966018677
1685,-22.5309,-7.9844,-30.5152,-28.7031,-1.75,1.0306,0.0,0.6552944779396057,0.8126816153526306,0.5600722432136536,0.5344346165657043,0.7421875,0.1207633689045906,0.5216495394706726,0.08605410158634186,0.16705535352230072
1690,-20.5867,-10.2484,-30.8352,-28.2969,-1.6484,1.0773,0.0,0.5917702913284302,0.7621830701828003,0.5144653916358948,0.4527985155582428,0.6439732313156128,0.13129663467407227,0.4322916567325592,0.12360074371099472,0.2083333283662796
1695,-22.4203,-7.9723,-30.3926,-29.1562,-0.7969,1.1203,0.0,0.642743706703186,0.831522524356842,0.5973750948905945,0.4993889033794403,0.7209821343421936,0.1223958358168602,0.5223103165626526,0.09180659055709839,0.1590096354484558
1700,-21.9742,-8.6852,-30.6594,-29.1484,-0.7891,1.1729,0.0,0.630101203918457,0.814111590385437,0.527691125869751,0.45157095789909363,0.7321428656578064,0.11905317008495331,0.49743470549583435,0.09965796023607254,0.17937655746936798
1705,-22.2375,-8.6402,-30.8777,-28.7422,-1.6016,1.2283,0.0,0.6417645215988159,0.8150185942649841,0.512997567653656,0.42319557070732117,0.730654776096344,0.10925839841365814,0.5015547275543213,0.09569340944290161,0.18901586532592773
1710,-22.5598,-7.4285,-29.9883,-29.2734,-0.5625,1.2811,0.0,0.7093225121498108,0.8643749356269836,0.5789006948471069,0.4734424352645874,0.7533482313156128,0.13425062596797943,0.5382074117660522,0.08768656849861145,0.13537779450416565
1715,-21.0418,-9.6617,-30.7035,-29.0938,-0.5703,1.3125,0.0,0.6547251343727112,0.8128107786178589,0.529603123664856,0.3489615321159363,0.6674107313156128,0.12585510313510895,0.4611707031726837,0.11948072165250778,0.18901586532592773
1720,-19.2688,-13.7598,-33.0285,-27.9297,-2.7344,1.3212,0.0,0.4934917986392975,0.687146782875061,0.2918683588504791,0.2639392614364624,0.4761904776096344,0.068680040538311,0.32326647639274597,0.16060324013233185,0.34297263622283936
1725,-20.8289,-10.0266,-30.8555,-28.2734,-2.0,1.3414,0.0,0.619018018245697,0.7860714197158813,0.48432600498199463,0.4064232409000397,0.675967276096344,0.1250777393579483,0.4431358873844147,0.12398942559957504,0.20331934094429016
1730,-20.5934,-12.2203,-32.8137,-28.2812,-2.5469,1.3124,0.0,0.4975399672985077,0.7120121717453003,0.33294662833213806,0.31230711936950684,0.5163690447807312,0.06319962441921234,0.38343438506126404,0.13401740789413452,0.3148709535598755
1735,-22.1195,-8.057,-30.1766,-28.9375,-1.2812,1.3346,0.0,0.6796743273735046,0.8176972270011902,0.5972927212715149,0.5512305498123169,0.7202380895614624,0.13844838738441467,0.5104166865348816,0.09188432991504669,0.15477301180362701
1740,-21.8344,-8.7352,-30.5695,-28.75,-1.5391,1.3925,0.0,0.6637167930603027,0.8166387677192688,0.5836560726165771,0.44063040614128113,0.675967276096344,0.1273709535598755,0.48775652050971985,0.10035758465528488,0.18003731966018677
1745,-21.6777,-7.8859,-29.5637,-28.7422,-1.0391,1.4499,0.0,0.7462068796157837,0.8407278060913086,0.6252658367156982,0.511390209197998,0.7611607313156128,0.16907648742198944,0.5019822716712952,0.09137903898954391,0.13308458030223846
1750,-24.077,-5.2777,-29.3547,-29.5781,-0.375,1.5137,0.0,0.8034759163856506,0.8921687006950378,0.7490102648735046,0.6074202060699463,0.8898809552192688,0.14536692202091217,0.6109685897827148,0.04909048601984978,0.09009639173746109
1755,-21.2527,-8.443,-29.6957,-28.6406,-1.1953,1.5568,0.0,0.7337899804115295,0.8351059556007385,0.603094756603241,0.4308123290538788,0.7548363208770752,0.1702425330877304,0.48604634404182434,0.10047419369220734,0.1387593299150467
1760,-18.9203,-11.5281,-30.4484,-26.0,-3.3594,1.5622,0.0,0.7057622671127319,0.731438934803009,0.5285524725914001,0.30530330538749695,0.699032723903656,0.17133083939552307,0.3638448417186737,0.14633862674236298,0.21400807797908783
1765,-21.4156,-8.1664,-29.582,-28.7969,-1.0469,1.5828,0.0,0.7571460604667664,0.8288295269012451,0.6155727505683899,0.4499121308326721,0.8017113208770752,0.1726912260055542,0.4947916567325592,0.09534359723329544,0.13269589841365814
1770,-20.6043,-9.7152,-30.3195,-28.2578,-1.3281,1.6039,0.0,0.7051578164100647,0.7923851013183594,0.5385878682136536,0.3839075565338135,0.7180059552192688,0.15146921575069427,0.4440687298774719,0.11835354566574097,0.1816309094429016
1775,-21.9219,-9.0641,-30.9859,-28.6406,-1.8281,1.6173,0.0,0.6560734510421753,0.7754773497581482,0.5449352860450745,0.44766879081726074,0.7154017686843872,0.11007462441921234,0.48247045278549194,0.10206778347492218,0.20090951025485992
1780,-20.1488,-10.3613,-30.5102,-27.8828,-2.0781,1.6293,0.0,0.7069913744926453,0.7624258399009705,0.5219468474388123,0.3738207519054413,0.699032723903656,0.1484375,0.41915422677993774,0.13016946613788605,0.1977611929178238
1785,-18.2004,-13.6008,-31.8012,-25.6562,-5.0547,1.6184,0.0,0.5898305177688599,0.6210354566574097,0.4501018226146698,0.3081497550010681,0.538690447807312,0.1261271834373474,0.310051292181015,0.17175839841365814,0.2875854969024658
1790,-18.8754,-12.3387,-31.2141,-26.2109,-4.4375,1.5732,0.0,0.6387042999267578,0.6662962436676025,0.5070528984069824,0.3607369661331177,0.5643601417541504,0.14039179682731628,0.349774569272995,0.1543065905570984,0.2510494291782379
1795,-18.7777,-13.598,-32.3758,-26.625,-4.2188,1.5478,0.0,0.5930187702178955,0.6339361667633057,0.3951767086982727,0.2817886471748352,0.527157723903656,0.10132928937673569,0.3202347755432129,0.16277985274791718,0.3111784756183624
1800,-18.2465,-13.8695,-32.116,-24.2812,-7.7109,1.5253,0.0,0.5750635862350464,0.5692735314369202,0.48156899213790894,0.2932034134864807,0.5811011791229248,0.12220149487257004,0.29372668266296387,0.16449004411697388,0.3151041567325592
1805,-19.7824,-11.1855,-30.968,-26.7891,-3.8672,1.529,0.0,0.6774527430534363,0.6704750657081604,0.5920444130897522,0.38297516107559204,0.687872052192688,0.1501477062702179,0.38782650232315063,0.1260494440793991,0.23149876296520233
1810,-22.2727,-7.2492,-29.5219,-28.6328,-1.1641,1.5582,0.0,0.795554518699646,0.8379974961280823,0.6940298676490784,0.4955808222293854,0.8184523582458496,0.16787157952785492,0.5263915061950684,0.078125,0.12313432991504669
1815,-21.1078,-8.4023,-29.5102,-28.4688,-0.9766,1.5868,0.0,0.7873796820640564,0.8228604197502136,0.6653574109077454,0.38337504863739014,0.8054315447807312,0.18170864880084991,0.47504663467407227,0.0989583358168602,0.1398087739944458
1820,-21.0074,-7.7688,-28.7762,-28.0391,-1.1094,1.6046,0.0,0.8561163544654846,0.8589578866958618,0.6548269391059875,0.3223538100719452,0.843377947807312,0.22178171575069427,0.48336443305015564,0.08535447716712952,0.10502176731824875
1825,-20.4832,-8.0672,-28.5504,-28.1094,-1.0391,1.6288,0.0,0.8581842184066772,0.8645133972167969,0.6818742156028748,0.2825348973274231,0.8139880895614624,0.23460820317268372,0.4633084535598755,0.0945662334561348,0.10303948819637299
1830,-21.9945,-6.2211,-28.2156,-28.9531,-0.5234,1.6631,0.0,0.8912785649299622,0.9094419479370117,0.7515115141868591,0.34586894512176514,0.8727678656578064,0.22951647639274597,0.5335043668746948,0.0642879381775856,0.06821361929178238
1835,-24.8711,-3.434,-28.3051,-29.6406,-0.1797,1.8059,0.0,0.9479034543037415,0.9565958976745605,0.8864970803260803,0.5907959938049316,0.9579613208770752,0.18353544175624847,0.6608753204345703,0.019861629232764244,0.03125
1840,-23.2672,-5.375,-28.6422,-29.3438,-0.3281,1.8577,0.0,0.8935648798942566,0.9127036929130554,0.7752053737640381,0.38407495617866516,0.9122023582458496,0.1902596354484558,0.5868314504623413,0.05204446613788605,0.06638681888580322
1845,-21.7996,-6.55,-28.3496,-28.6172,-0.8672,1.9218,0.0,0.8922030329704285,0.9139752984046936,0.6861353516578674,0.2849794328212738,0.8385416865348816,0.22283115983009338,0.5259250402450562,0.0712064653635025,0.07555969804525375
1850,-20.059,-8.9156,-28.9746,-27.5391,-1.5469,1.9504,0.0,0.857468843460083,0.8353234529495239,0.5958138108253479,0.27522388100624084,0.8046875,0.2214318960905075,0.4361784756183624,0.10770367085933685,0.1302083283662796
1855,-19.9602,-9.4238,-29.384,-27.2891,-1.8594,1.9437,0.0,0.8596193790435791,0.8191083073616028,0.57721346616745,0.2486288845539093,0.7492559552192688,0.20627331733703613,0.4271610677242279,0.11326181888580322,0.14882618188858032
1860,-18.932,-9.0613,-27.9934,-26.3906,-1.9922,1.9356,0.0,0.8816425204277039,0.8148075938224792,0.6603559255599976,0.2967884838581085,0.836309552192688,0.2896455228328705,0.3979322016239166,0.10265080630779266,0.10529384016990662
1865,-22.0973,-6.407,-28.5043,-27.8906,-1.5,2.0,0.0,0.8955816626548767,0.8581901788711548,0.8279132843017578,0.5423653721809387,0.8586309552192688,0.22520211338996887,0.5248756408691406,0.057369403541088104,0.08807525038719177
1870,-19.9477,-7.9254,-27.873,-27.6797,-1.7578,2.0,0.0,0.8931564092636108,0.8481168746948242,0.7370303869247437,0.39605262875556946,0.8169642686843872,0.27829602360725403,0.44169774651527405,0.0869092047214508,0.0886194035410881
1875,-20.6242,-7.9879,-28.6121,-27.7422,-1.3516,1.9954,0.0,0.8815833330154419,0.8513843417167664,0.6460061073303223,0.3313295543193817,0.8329613208770752,0.23468594253063202,0.46187034249305725,0.08904695510864258,0.10991915315389633
1880,-17.9348,-12.7469,-30.6816,-24.9844,-3.375,1.9753,0.0,0.796643853187561,0.7301219701766968,0.40657275915145874,0.1877375692129135,0.671875,0.1760338991880417,0.31871891021728516,0.16557836532592773,0.2351912260055542
1885,-19.0996,-12.6977,-31.7973,-26.2969,-3.2109,1.9135,0.0,0.7687957286834717,0.7017205953598022,0.38716867566108704,0.2316068708896637,0.605282723903656,0.11683768779039383,0.3433613181114197,0.1569107621908188,0.2784126102924347
1890,-19.3988,-9.418,-28.8168,-26.8828,-2.0859,1.8899,0.0,0.8614117503166199,0.7883923649787903,0.6000688672065735,0.3374704420566559,0.8024553656578064,0.2406327724456787,0.41052550077438354,0.11283426731824875,0.13152985274791718
1895,-17.5312,-10.8844,-28.4156,-23.6719,-4.4531,1.8482,0.0,0.8427894115447998,0.7079126834869385,0.6376936435699463,0.30923035740852356,0.8132440447807312,0.2870413661003113,0.33107897639274597,0.1354943960905075,0.14190764725208282
1900,-15.6336,-13.1562,-28.7898,-19.6406,-7.6406,1.7862,0.0,0.7971034049987793,0.5844727754592896,0.58941251039505,0.2417631298303604,0.7544642686843872,0.28447607159614563,0.25583022832870483,0.18062034249305725,0.17459577322006226
1905,-15.6168,-12.0426,-27.6594,-18.1641,-7.5,1.6797,0.0,0.8671985864639282,0.603019654750824,0.6716457009315491,0.22228538990020752,0.824404776096344,0.35560479760169983,0.25485852360725403,0.14832089841365814,0.13673818111419678
1910,-14.8184,-12.0164,-26.8348,-16.6641,-7.8281,1.5925,0.0,0.8798114061355591,0.5931389331817627,0.689437747001648,0.23572377860546112,0.8333333134651184,0.40391790866851807,0.22660136222839355,0.14793221652507782,0.11707089841365814
1915,-15.2961,-11.9621,-27.2582,-17.4141,-8.625,1.4676,0.0,0.8832852840423584,0.5731403827667236,0.6769230961799622,0.2448849081993103,0.8470982313156128,0.37764304876327515,0.24976679682731628,0.14653295278549194,0.1215796023607254
1920,-15.1621,-11.8855,-27.0477,-16.7969,-8.3359,1.3532,0.0,0.8900099992752075,0.5829998254776001,0.6925333142280579,0.23013517260551453,0.8404017686843872,0.3890702724456787,0.24280938506126404,0.1457556039094925,0.11788712441921234
1925,-16.4352,-10.5301,-26.9652,-18.6953,-6.9766,1.2183,0.0,0.911177933216095,0.6598786115646362,0.7619208693504333,0.29929447174072266,0.8523065447807312,0.3877098858356476,0.28820741176605225,0.11493314802646637,0.10467195510864258
1930,-19.3012,-7.8285,-27.1297,-22.7891,-4.8594,1.1912,0.0,0.9532721042633057,0.7944919466972351,0.846424400806427,0.3588324189186096,0.9557291865348816,0.3427005708217621,0.40928173065185547,0.06630907952785492,0.0772310346364975
1935,-19.2629,-7.4,-26.6629,-25.2734,-3.2891,1.1727,0.0,0.9551675915718079,0.8468536138534546,0.8709273338317871,0.3355526030063629,0.9203869104385376,0.360657662153244,0.4144511818885803,0.06203358247876167,0.05837997421622276
1940,-19.0141,-7.8965,-26.9105,-24.4609,-4.1875,1.1744,0.0,0.9526594281196594,0.8334305882453918,0.7994666695594788,0.2985156774520874,0.8854166865348816,0.3522232472896576,0.399720162153244,0.07287780195474625,0.07070118188858032
1945,-19.3418,-7.6359,-26.9777,-26.4609,-3.1406,1.1396,0.0,0.9486029744148254,0.8545454740524292,0.766953706741333,0.294545441865921,0.8820684552192688,0.3380363881587982,0.4211364984512329,0.07221703976392746,0.064132459461689
1950,-19.534,-7.1836,-26.7176,-26.3984,-2.3281,1.1162,0.0,0.9624849557876587,0.8862494230270386,0.7348434329032898,0.23501034080982208,0.9133184552192688,0.3553715944290161,0.42541199922561646,0.05834110826253891,0.0563976988196373
1955,-20.2625,-6.8492,-27.1117,-27.4062,-1.6016,1.1065,0.0,0.9573482871055603,0.8971613049507141,0.7397003769874573,0.18894952535629272,0.9203869104385376,0.31895211338996887,0.45732274651527405,0.06226678937673569,0.05698072165250778
1960,-20.2551,-6.9824,-27.2375,-27.1016,-1.6484,1.1026,0.0,0.9491440653800964,0.8986538052558899,0.6893491148948669,0.2135416716337204,0.9017857313156128,0.31106188893318176,0.4590718150138855,0.06568718701601028,0.05970149114727974
1965,-19.4035,-8.2027,-27.6063,-26.8047,-2.1484,1.0943,0.0,0.9477410316467285,0.8895283937454224,0.5867302417755127,0.1413588672876358,0.8046875,0.30196672677993774,0.4186878204345703,0.08962997794151306,0.08523787558078766
1970,-19.4883,-7.4941,-26.9824,-26.7812,-1.6562,1.0651,0.0,0.9566382765769958,0.9120479822158813,0.5956079363822937,0.1593198925256729,0.8549107313156128,0.33344992995262146,0.42778295278549194,0.07256685197353363,0.061722636222839355
1975,-19.5516,-7.7426,-27.2941,-27.7656,-1.2109,1.0513,0.0,0.956845223903656,0.9034881591796875,0.6121384501457214,0.16601887345314026,0.7909226417541504,0.31343284249305725,0.4301150441169739,0.08197294920682907,0.07000155746936798
1980,-19.0508,-9.316,-28.3668,-27.0156,-1.5859,1.0091,0.0,0.9361982941627502,0.8883684873580933,0.4190771281719208,0.1521172672510147,0.7444196343421936,0.26500311493873596,0.39832088351249695,0.1128731369972229,0.11932525038719177
1985,-18.8281,-9.8293,-28.6574,-26.8438,-1.7188,0.9811,0.0,0.9303728938102722,0.882376492023468,0.41808444261550903,0.1336270123720169,0.6953125,0.2512049078941345,0.3886038661003113,0.123367540538311,0.13234607875347137
1990,-18.6254,-10.4012,-29.0266,-26.3984,-2.0,0.9538,0.0,0.922100305557251,0.8544531464576721,0.44164830446243286,0.12416190654039383,0.6763392686843872,0.24797885119915009,0.36745956540107727,0.12356188148260117,0.15652208030223846
1995,-17.9883,-10.5527,-28.541,-25.9453,-2.2266,0.8985,0.0,0.9321865439414978,0.8735746741294861,0.3842026889324188,0.1094527393579483,0.6826636791229248,0.27339863777160645,0.35109609365463257,0.13040266931056976,0.140625
2000,-17.6945,-12.5734,-30.268,-26.3984,-2.1875,0.8501,0.0,0.8981877565383911,0.8550618886947632,0.29597237706184387,0.09520374983549118,0.558407723903656,0.19088153541088104,0.32019588351249695,0.16888214647769928,0.21556280553340912
2005,-17.9191,-12.1078,-30.027,-25.8828,-2.2812,0.7959,0.0,0.9142857193946838,0.8466257452964783,0.3065425157546997,0.1042141243815422,0.6060267686843872,0.20269745588302612,0.3294465243816376,0.1586209535598755,0.2047574669122696
2010,-18.6164,-9.1887,-27.8051,-26.7656,-1.6641,0.7597,0.0,0.9393029808998108,0.8973489999771118,0.43510639667510986,0.13782177865505219,0.738467276096344,0.2977689802646637,0.39000311493873596,0.10960821062326431,0.0981421023607254
2015,-18.3414,-10.4559,-28.7973,-26.4141,-1.875,0.7133,0.0,0.9192166328430176,0.876056969165802,0.4032641053199768,0.10867845267057419,0.694940447807312,0.25404229760169983,0.36314520239830017,0.13098569214344025,0.14734919369220734
2020,-18.4691,-9.1656,-27.6348,-26.7656,-1.8047,0.6701,0.0,0.9304839968681335,0.8799837231636047,0.4974856376647949,0.14621303975582123,0.7905505895614624,0.30919620394706726,0.3821517527103424,0.10820895433425903,0.09596548229455948
2025,-19.1898,-8.7742,-27.9641,-27.1641,-1.5234,0.6427,0.0,0.9361906051635742,0.8885301947593689,0.49810463190078735,0.13245032727718353,0.7920386791229248,0.2838541567325592,0.4093594551086426,0.1025342047214508,0.0997745618224144
2030,-17.2977,-10.9906,-28.2883,-25.1562,-2.5859,0.622,0.0,0.9146028161048889,0.8427621722221375,0.4358288645744324,0.112642303109169,0.6774553656578064,0.2871968150138855,0.33321672677993774,0.14536692202091217,0.12974192202091217
2035,-15.7047,-19.8848,-35.5895,-21.9219,-11.3984,0.5282,0.0,0.7312014102935791,0.5362956523895264,0.15737883746623993,0.0350329764187336,0.2098214328289032,0.04497046023607254,0.08834732323884964,0.21412469446659088,0.5480799078941345
2040,-19.3316,-9.6672,-28.9988,-27.6094,-1.2891,0.451,0.0,0.9395717978477478,0.9098663926124573,0.3598884046077728,0.08182080090045929,0.6867559552192688,0.22512437403202057,0.41009795665740967,0.12538868188858032,0.13491137325763702
2045,-17.5414,-11.7418,-29.2832,-26.0,-2.0,0.4248,0.0,0.9297575354576111,0.8794953227043152,0.3163636326789856,0.08386219292879105,0.5904017686843872,0.23406405746936798,0.32964086532592773,0.16033115983009338,0.17148631811141968
2050,-17.9773,-11.4898,-29.4672,-26.75,-1.6719,0.3887,0.0,0.9224468469619751,0.8812273740768433,0.3288118541240692,0.07685453444719315,0.613095223903656,0.22302550077438354,0.34328359365463257,0.15473413467407227,0.1744791716337204
2055,-16.7992,-17.6148,-34.4141,-25.9766,-3.2656,0.3213,0.0,0.8790137767791748,0.7723336219787598,0.1362452358007431,0.04111773148179054,0.3117559552192688,0.0677860677242279,0.17055347561836243,0.19399097561836243,0.4631918668746948
2060,-17.6137,-11.4051,-29.0187,-26.1328,-2.0625,0.2616,0.0,0.9475763440132141,0.908074676990509,0.27110520005226135,0.05611175671219826,0.633184552192688,0.2557913661003113,0.326842337846756,0.14594994485378265,0.16693873703479767
2065,-17.3285,-13.7777,-31.1063,-25.4922,-2.6641,0.2119,0.0,0.9013217687606812,0.839195966720581,0.2673114836215973,0.06585963070392609,0.515997052192688,0.17055347561836243,0.27845150232315063,0.17681126296520233,0.2697061598300934
2070,-18.3375,-12.1301,-30.4676,-26.75,-1.7188,0.1532,0.0,0.9199007153511047,0.8711746335029602,0.27899685502052307,0.06836533546447754,0.6026785969734192,0.17226368188858032,0.3454602062702179,0.16118626296520233,0.21661224961280823
2075,-19.3324,-8.693,-28.0254,-27.8281,-1.0859,0.1182,0.0,0.9531963467597961,0.9291855692863464,0.3828067481517792,0.10148415714502335,0.7325148582458496,0.2723880708217621,0.42043688893318176,0.1057991310954094,0.09689831733703613
2080,-18.2371,-10.6996,-28.9367,-26.5469,-1.7266,0.0671,0.0,0.9468051195144653,0.9147934317588806,0.29795360565185547,0.06758547574281693,0.6268601417541504,0.2433146834373474,0.3631063401699066,0.14245180785655975,0.146649569272995
2085,-18.3891,-11.7656,-30.1547,-27.1406,-1.5234,0.0227,0.0,0.9337589740753174,0.8910935521125793,0.2783586084842682,0.06095273792743683,0.5885416865348816,0.19480721652507782,0.34476056694984436,0.14870958030223846,0.20724502205848694
2090,-18.2152,-9.8035,-28.0187,-26.6406,-1.9375,0.0,0.0,0.9533601999282837,0.9007306694984436,0.3803125023841858,0.08510638028383255,0.6971726417541504,0.28917911648750305,0.37235695123672485,0.12437810748815536,0.10960821062326431
2095,-17.5398,-11.3313,-28.8711,-26.2891,-1.9844,0.0,0.0,0.9339791536331177,0.8886264562606812,0.31022757291793823,0.07079207897186279,0.6543898582458496,0.2608053386211395,0.3290967047214508,0.1485929787158966,0.15702736377716064
2100,-16.7809,-13.2922,-30.073,-24.9141,-2.6719,0.0,0.0,0.9173220992088318,0.8367093801498413,0.3117862641811371,0.06854625791311264,0.5208333134651184,0.2124922275543213,0.2820662260055542,0.18038712441921234,0.22057680785655975
2105,-20.0051,-7.5996,-27.6047,-27.4531,-1.3672,0.0,0.0,0.9586142897605896,0.9265527129173279,0.49581897258758545,0.13383838534355164,0.796875,0.2939598858356476,0.44558456540107727,0.0790189653635025,0.07695895433425903
2110,-20.4031,-7.2863,-27.6895,-28.1016,-1.0312,0.0,0.0,0.9588136076927185,0.9269569516181946,0.5689163208007812,0.13087248802185059,0.7719494104385376,0.276508092880249,0.46773943305015564,0.08177860826253891,0.0694962665438652
2115,-19.7766,-7.7742,-27.5508,-27.8047,-1.1094,0.0,0.0,0.9600209593772888,0.9340124130249023,0.4818941652774811,0.09557702392339706,0.777157723903656,0.29652518033981323,0.4388215243816376,0.08372201770544052,0.07645367085933685
2120,-18.6492,-8.8195,-27.4688,-27.5078,-1.2578,0.0,0.0,0.9435362219810486,0.9009494185447693,0.5184381604194641,0.11496437340974808,0.7358630895614624,0.3090795874595642,0.3971159756183624,0.10750932991504669,0.08181747794151306
2125,-20.2297,-7.5945,-27.8242,-27.6875,-1.25,0.0,0.0,0.9513536095619202,0.9198880791664124,0.52458256483078,0.13827654719352722,0.780877947807312,0.2756529748439789,0.458488792181015,0.08379974961280823,0.07758084684610367
2130,-19.4664,-8.1672,-27.6336,-27.3281,-1.3359,0.0,0.0,0.9579842686653137,0.917531430721283,0.5327102541923523,0.09503940492868423,0.7473958134651184,0.2969527244567871,0.42323538661003113,0.09149564802646637,0.08383861929178238
2135,-20.5223,-6.843,-27.3652,-27.9219,-1.0391,0.0024,0.0,0.9602474570274353,0.9356907606124878,0.6020293235778809,0.1391650140285492,0.8132440447807312,0.29528141021728516,0.4726368188858032,0.06895211338996887,0.05865205079317093
2140,-19.8066,-7.4164,-27.223,-27.5156,-1.2422,0.0066,0.0,0.9654238820075989,0.9248788952827454,0.5566790699958801,0.10125074535608292,0.8203125,0.31588152050971985,0.44134795665740967,0.07303327322006226,0.06525964289903641
2145,-19.5797,-7.5152,-27.0949,-27.4219,-1.2891,0.0,0.0,0.968507707118988,0.9294947385787964,0.5413650274276733,0.09036144614219666,0.816592276096344,0.3258317708969116,0.4299984574317932,0.07517102360725403,0.06452114135026932
2150,-18.477,-8.434,-26.9109,-26.5938,-1.7969,0.0,0.0,0.9648769497871399,0.8989462852478027,0.5388842225074768,0.09666477888822556,0.7950148582458496,0.3474813401699066,0.38732120394706726,0.0919620618224144,0.06875777244567871
2155,-18.0586,-9.1816,-27.2402,-26.2344,-1.8828,0.0,0.0,0.9544094204902649,0.8901426196098328,0.48366740345954895,0.0948808491230011,0.773065447807312,0.33760884404182434,0.36512747406959534,0.10471081733703613,0.08807525038719177
2160,-18.4691,-8.9711,-27.4402,-26.9531,-1.5234,0.0,0.0,0.9481499195098877,0.8778610229492188,0.5531749129295349,0.13451029360294342,0.7611607313156128,0.32458800077438354,0.37869247794151306,0.0997745618224144,0.09246735274791718
2165,-18.7098,-8.7324,-27.4422,-26.8438,-1.5781,0.0,0.0,0.9420005083084106,0.8790099024772644,0.5531164407730103,0.15770769119262695,0.7994791865348816,0.3163090944290161,0.3925684094429016,0.09915267676115036,0.08749222755432129
2170,-17.9898,-9.0332,-27.023,-25.6484,-2.4453,0.0,0.0,0.9372509717941284,0.8705529570579529,0.598452627658844,0.19118352234363556,0.7518601417541504,0.35121268033981323,0.3627176582813263,0.10047419369220734,0.08111784607172012
2175,-18.0137,-9.3922,-27.4059,-26.1953,-2.0312,0.0,0.0,0.9434695839881897,0.8638261556625366,0.5281588435173035,0.12674322724342346,0.7719494104385376,0.33002954721450806,0.36306747794151306,0.1076648011803627,0.09476057440042496
2180,-17.202,-11.6168,-28.8188,-25.2031,-2.5156,0.0,0.0,0.9197922945022583,0.7957772612571716,0.4646208584308624,0.11682242900133133,0.6305803656578064,0.2694340944290161,0.3147932291030884,0.15325714647769928,0.158037930727005
2185,-18.7008,-8.6016,-27.3023,-27.125,-1.4375,0.0,0.0,0.9477859139442444,0.8791766166687012,0.6042358875274658,0.1629108041524887,0.7596726417541504,0.3282804787158966,0.3908582031726837,0.09359452873468399,0.08278918266296387
2190,-17.9129,-11.0387,-28.9516,-26.1562,-2.25,0.0,0.0,0.9167054295539856,0.8305808305740356,0.461350679397583,0.14032459259033203,0.609002947807312,0.2505830228328705,0.3459654748439789,0.1433068960905075,0.15566697716712952
2195,-17.9449,-9.532,-27.477,-26.0469,-2.1172,0.0,0.0,0.9372680187225342,0.854114830493927,0.5569577217102051,0.18062201142311096,0.7194940447807312,0.32466572523117065,0.35941386222839355,0.11396144330501556,0.09748134016990662
2200,-19.9941,-7.4551,-27.4492,-27.6953,-1.2578,0.0,0.0,0.9614990949630737,0.8882009387016296,0.6925064325332642,0.24725274741649628,0.7630208134651184,0.3038712739944458,0.4457011818885803,0.07520988583564758,0.07074005156755447
2205,-19.3371,-7.9184,-27.2555,-27.1094,-1.5391,0.0,0.0,0.9572140574455261,0.8884665369987488,0.6382779479026794,0.19312168657779694,0.7909226417541504,0.31976833939552307,0.41923195123672485,0.08306125551462173,0.07346081733703613
2210,-19.7863,-7.3832,-27.1695,-27.0469,-1.4766,0.0,0.0,0.9638085961341858,0.903770923614502,0.6630669832229614,0.20994152128696442,0.8028273582458496,0.32004043459892273,0.43703359365463257,0.07198382914066315,0.06646455079317093
2215,-18.1254,-8.9602,-27.0855,-26.2656,-1.9609,0.0,0.0,0.949718177318573,0.8579527735710144,0.6208728551864624,0.13930347561836243,0.765252947807312,0.34476056694984436,0.37021923065185547,0.10241760313510895,0.078125
2220,-19.4086,-7.5563,-26.9648,-27.2344,-1.3828,0.0,0.0,0.964165210723877,0.9072448015213013,0.6445720195770264,0.15904821455478668,0.8095238208770752,0.3340718150138855,0.42490673065185547,0.07447139173746109,0.062072448432445526
2225,-18.902,-7.9098,-26.8117,-26.7344,-1.7969,0.0,0.0,0.9626510143280029,0.8910614252090454,0.6403940916061401,0.18816199898719788,0.8035714030265808,0.35070741176605225,0.40352922677993774,0.07890236377716064,0.062383394688367844
2230,-18.3723,-8.6504,-27.0227,-26.4844,-1.7578,0.0,0.0,0.9578629732131958,0.8730418682098389,0.5931291580200195,0.14607329666614532,0.773065447807312,0.3477534055709839,0.3796253204345703,0.09390547126531601,0.07423818111419678
2235,-18.7969,-8.7504,-27.5473,-26.4062,-1.8906,0.0,0.0,0.951426088809967,0.8684495091438293,0.5819672346115112,0.14091308414936066,0.7700892686843872,0.3120724558830261,0.3953280448913574,0.09958022087812424,0.0885416641831398
2240,-17.1402,-10.0785,-27.2188,-25.2969,-2.3516,0.0,0.0,0.9456837177276611,0.8451812863349915,0.5483768582344055,0.12872841954231262,0.7012648582458496,0.348491907119751,0.3258706331253052,0.12212375551462173,0.0990360677242279
2245,-17.3707,-9.4887,-26.8594,-25.125,-2.5781,0.0,0.0,0.9628969430923462,0.8578898310661316,0.5527394413948059,0.11583710461854935,0.7447916865348816,0.3708411157131195,0.33449938893318176,0.10428327322006226,0.08589863032102585
2250,-18.3367,-8.7027,-27.0395,-27.0469,-1.4766,0.0,0.0,0.9575148224830627,0.8913307785987854,0.5421448349952698,0.13436006009578705,0.7514880895614624,0.3403295874595642,0.3837842047214508,0.0982198417186737,0.07318874448537827
2255,-18.1551,-8.9887,-27.1438,-26.5156,-1.7422,0.0,0.0,0.9652706980705261,0.881864070892334,0.5260517001152039,0.10787992179393768,0.7492559552192688,0.342467337846756,0.3694807291030884,0.10070739686489105,0.08286691457033157
2260,-19.582,-7.8,-27.382,-27.3438,-1.3281,0.0,0.0,0.9718397855758667,0.8975561261177063,0.5545583367347717,0.12310194969177246,0.8136160969734192,0.3105565905570984,0.4310090243816376,0.08228389173746109,0.07167288661003113
2265,-19.5723,-7.291,-26.8633,-27.6094,-1.1953,0.0,0.0,0.9749712944030762,0.90556401014328,0.6151636838912964,0.16386555135250092,0.847842276096344,0.3385416567325592,0.43380752205848694,0.06766946613788605,0.0555037297308445
2270,-20.5559,-6.3328,-26.8887,-27.9219,-1.1328,0.0,0.0,0.9801992177963257,0.9231212735176086,0.6865443587303162,0.19018933176994324,0.8891369104385376,0.3278140425682068,0.47170397639274597,0.05083955079317093,0.0451648011803627
2275,-20.191,-6.8152,-27.0063,-27.7031,-1.1484,0.0,0.0,0.9783757925033569,0.9075266718864441,0.6609230637550354,0.13379737734794617,0.8813244104385376,0.32353857159614563,0.4585665464401245,0.06316076219081879,0.050256531685590744
2280,-20.9582,-6.2453,-27.2035,-28.3281,-0.8359,0.008,0.0,0.9733864665031433,0.9250138401985168,0.7052932977676392,0.18218623101711273,0.863467276096344,0.3023165464401245,0.4908659756183624,0.05433768779039383,0.048002175986766815
2285,-21.5945,-5.8504,-27.4449,-28.5312,-0.8984,0.0266,0.0,0.9747946262359619,0.9275611639022827,0.6951788663864136,0.14297521114349365,0.9129464030265808,0.2791122496128082,0.5193952322006226,0.04998445138335228,0.04703047126531601
2290,-20.8156,-6.0289,-26.8445,-27.3438,-1.4688,0.0414,0.0,0.9853618144989014,0.9257736802101135,0.7244239449501038,0.14869888126850128,0.9285714030265808,0.3292521834373474,0.4822761118412018,0.04217195138335228,0.04182213917374611
2295,-22.3832,-4.8637,-27.2469,-28.7969,-0.6953,0.0974,0.0,0.9860727787017822,0.9461208581924438,0.7713921070098877,0.199238583445549,0.9538690447807312,0.28187188506126404,0.5525886416435242,0.030433768406510353,0.030628109350800514
2300,-21.2348,-5.8281,-27.0629,-28.3438,-0.8281,0.1476,0.0,0.9778309464454651,0.9241863489151001,0.7437499761581421,0.17339901626110077,0.9322916865348816,0.3085743188858032,0.5039645433425903,0.04353233799338341,0.03945118188858032
2305,-20.0277,-6.8723,-26.9,-27.375,-1.3125,0.1371,0.0,0.9787896275520325,0.9036489725112915,0.655339777469635,0.12243453413248062,0.9296875,0.3371812701225281,0.44737252593040466,0.05604788661003113,0.05492071062326431
2310,-21.4293,-5.5621,-26.9914,-28.2891,-0.8906,0.1381,0.0,0.9775295257568359,0.931000292301178,0.7422266602516174,0.26118627190589905,0.9523809552192688,0.30962374806404114,0.5097947716712952,0.03875155374407768,0.0373523011803627
2315,-21.0633,-6.0281,-27.0914,-28.2812,-1.1172,0.1538,0.0,0.9800857305526733,0.9222500920295715,0.6891566514968872,0.15156950056552887,0.9330357313156128,0.30837997794151306,0.49541357159614563,0.04839085787534714,0.043337997049093246
2320,-21.3629,-5.9363,-27.2992,-28.1406,-1.0234,0.1908,0.0,0.9759892821311951,0.9171683192253113,0.705747127532959,0.20051857829093933,0.9308035969734192,0.28976213932037354,0.5100668668746948,0.05072294920682907,0.04497046023607254
2325,-20.7523,-6.1508,-26.9031,-28.1406,-0.9297,0.2111,0.0,0.982005774974823,0.9183541536331177,0.7310513257980347,0.1811460256576538,0.9151785969734192,0.32400497794151306,0.4817708432674408,0.0476912297308445,0.04205534979701042
2330,-18.7184,-7.6852,-26.4035,-26.4062,-1.8203,0.2257,0.0,0.9744138717651367,0.8822193741798401,0.68544602394104,0.13672155141830444,0.8872767686843872,0.38129663467407227,0.393695592880249,0.06623134016990662,0.05429881811141968
2335,-18.0965,-8.4414,-26.5379,-26.6406,-1.6797,0.1823,0.0,0.9708737730979919,0.8715936541557312,0.578154444694519,0.10352940857410431,0.8761160969734192,0.38032492995262146,0.36656561493873596,0.08255597203969955,0.0660758689045906
2340,-16.4953,-9.7898,-26.2852,-23.6406,-3.2031,0.1328,0.0,0.9615023732185364,0.8080730438232422,0.5844204425811768,0.09854771941900253,0.8407738208770752,0.41394588351249695,0.30235540866851807,0.10428327322006226,0.07493781298398972
2345,-14.5988,-11.9656,-26.5645,-20.1016,-5.0078,0.0243,0.0,0.942663311958313,0.6859118342399597,0.5282918810844421,0.08886430412530899,0.7805059552192688,0.41826024651527405,0.2248522937297821,0.14699937403202057,0.10541044920682907
2350,-17.2113,-8.7281,-25.9395,-24.5781,-2.7578,0.0,0.0,0.9802314043045044,0.8474375605583191,0.6256038546562195,0.09585492312908173,0.8861607313156128,0.42665576934814453,0.32839706540107727,0.08045709133148193,0.06001243740320206
2355,-16.1523,-10.1957,-26.348,-23.3125,-3.3438,0.0,0.0,0.9627386927604675,0.7871589660644531,0.5311418771743774,0.05908203125,0.8757440447807312,0.4172496795654297,0.28634172677993774,0.11232897639274597,0.07960198819637299
2360,-18.9551,-7.7227,-26.6777,-27.1797,-1.6562,0.0,0.0,0.9717854857444763,0.8591644167900085,0.7038251161575317,0.146484375,0.9341517686843872,0.3609297275543213,0.40376242995262146,0.0711287334561348,0.05970149114727974
2365,-17.6012,-8.873,-26.4742,-25.4297,-2.3906,0.0,0.0,0.9608412384986877,0.8280254602432251,0.6349603533744812,0.1416032761335373,0.8917410969734192,0.3880985677242279,0.3478311598300934,0.09316697716712952,0.06642568111419678
2370,-17.7945,-8.6363,-26.4309,-24.9609,-2.5312,0.0,0.0,0.9702921509742737,0.8331671357154846,0.6498812437057495,0.12218468636274338,0.917782723903656,0.3938121795654297,0.35086286067962646,0.08181747794151306,0.06902985274791718
2375,-16.8789,-9.5113,-26.3902,-25.2656,-2.4844,0.0,0.0,0.9618754386901855,0.8160452842712402,0.6032735705375671,0.09540816396474838,0.8683035969734192,0.4037235677242279,0.31588152050971985,0.09973569959402084,0.07618159055709839
2380,-14.8746,-20.4445,-35.3191,-18.6406,-18.3594,0.0,0.0,0.6760655641555786,0.15540911257266998,0.21783961355686188,0.016858069226145744,0.3232886791229248,0.059273943305015564,0.07077892124652863,0.23748445510864258,0.5279850959777832
2385,-15.3445,-21.4301,-36.7746,-19.2344,-20.3594,0.0,0.0,0.6406995058059692,0.057544756680727005,0.12418906390666962,0.006283109541982412,0.1636904776096344,0.024448072537779808,0.03039490059018135,0.20969371497631073,0.630985677242279
2390,-13.2125,-21.8855,-35.098,-17.5156,-20.9844,0.0,0.0,0.7147541046142578,0.11159546673297882,0.15421995520591736,0.006224227603524923,0.1547619104385376,0.04741915315389633,0.04458177834749222,0.3039489984512329,0.4995724558830261
2395,-10.9141,-20.8984,-31.8125,-13.6328,-16.3281,0.0,0.0,0.8389482498168945,0.22338204085826874,0.22051388025283813,0.020945772528648376,0.2072172611951828,0.14190764725208282,0.07447139173746109,0.37667134404182434,0.3024720251560211
2400,-11.6719,-17.2418,-28.9137,-14.4844,-9.9375,0.0,0.0,0.9213540554046631,0.3893868625164032,0.33043843507766724,0.039779216051101685,0.3898809552192688,0.3054260015487671,0.1084032952785492,0.27747979760169983,0.20421330630779266
2405,-14.1457,-13.4168,-27.5625,-19.0391,-5.6797,0.0,0.0,0.9718871116638184,0.694243848323822,0.3690640926361084,0.05524183809757233,0.6179315447807312,0.3802083432674408,0.1883939653635025,0.168610081076622,0.15831001102924347
2410,-14.1168,-18.8711,-32.9879,-20.4219,-9.8281,0.0,0.0,0.8972041606903076,0.46002960205078125,0.20783273875713348,0.04389680549502373,0.3225446343421936,0.13763214647769928,0.10502176731824875,0.2491060346364975,0.40376242995262146
2415,-13.7547,-14.8,-28.5547,-19.0469,-7.0,0.0,0.0,0.9460142254829407,0.6492033004760742,0.33799999952316284,0.04661016911268234,0.5487351417541504,0.338386207818985,0.16099192202091217,0.1943407952785492,0.20180347561836243
2420,-13.4145,-14.0742,-27.4887,-17.8984,-6.4844,0.0,0.0,0.9494791626930237,0.7065526843070984,0.33068424463272095,0.047068316489458084,0.6104910969734192,0.3731343150138855,0.17735540866851807,0.2005208283662796,0.14451181888580322
2425,-14.193,-12.2031,-26.3961,-19.8594,-5.7266,0.0,0.0,0.9589078426361084,0.7130288481712341,0.4504481554031372,0.07900593429803848,0.7321428656578064,0.4313199520111084,0.20763370394706726,0.1517801582813263,0.10478855669498444
2430,-16.2023,-9.593,-25.7953,-22.8594,-4.4609,0.0,0.0,0.9604788422584534,0.7843450307846069,0.687159538269043,0.18221665918827057,0.844122052192688,0.4415811598300934,0.2919776141643524,0.09989117085933685,0.062072448432445526
2435,-17.6699,-8.6172,-26.2871,-24.5703,-3.3828,0.0,0.0,0.9603731632232666,0.8240875005722046,0.6980316638946533,0.23610243201255798,0.8716517686843872,0.4041122496128082,0.3482198417186737,0.08096237480640411,0.062227923423051834
2440,-16.6582,-10.0359,-26.6941,-24.2578,-3.4219,0.0,0.0,0.9531312584877014,0.8030399084091187,0.5608575344085693,0.1285393238067627,0.8106398582458496,0.38976991176605225,0.3068641126155853,0.11240671575069427,0.08648165315389633
2445,-16.7547,-9.1598,-25.9145,-23.375,-3.7578,0.0,0.0,0.9678804874420166,0.8002251982688904,0.6785876154899597,0.15602409839630127,0.902157723903656,0.434429407119751,0.310712069272995,0.0858597606420517,0.06452114135026932
2450,-15.3965,-10.5484,-25.9449,-21.5625,-4.5234,0.0,0.0,0.965874969959259,0.7771196961402893,0.5605674982070923,0.07685352861881256,0.827752947807312,0.45331934094429016,0.24937811493873596,0.1068485677242279,0.08597636967897415
2455,-15.8793,-10.0844,-25.9637,-21.8359,-4.7969,0.0,0.0,0.9653652906417847,0.7725672721862793,0.5875912308692932,0.12742979824543,0.8485863208770752,0.44103699922561646,0.27600279450416565,0.10649875551462173,0.07198382914066315
2460,-16.4742,-10.1227,-26.5969,-22.1953,-4.7344,0.0,0.0,0.9579310417175293,0.7775330543518066,0.6032974720001221,0.14272727072238922,0.8046875,0.3945118188858032,0.2999844551086426,0.11551617085933685,0.08550994843244553
2465,-16.791,-9.1,-25.891,-23.3438,-4.0078,0.0,0.0,0.9742816686630249,0.8009514212608337,0.6861943602561951,0.15438373386859894,0.8671875,0.43827736377716064,0.3104788661003113,0.08558768779039383,0.061178483068943024
2470,-17.2086,-8.9961,-26.2047,-23.6953,-4.125,0.0,0.0,0.9726672768592834,0.8121761679649353,0.6656007170677185,0.14694111049175262,0.8776041865348816,0.41239115595817566,0.3300684094429016,0.08508239686489105,0.06798040866851807
2475,-15.7227,-10.3344,-26.057,-22.5938,-4.8047,0.0,0.0,0.9627025127410889,0.7652636170387268,0.604651153087616,0.10336048901081085,0.8136160969734192,0.43664491176605225,0.27056124806404114,0.1119791641831398,0.0763370618224144
2480,-13.2531,-13.2426,-26.4957,-14.9141,-8.9375,0.0,0.0,0.929733157157898,0.552108883857727,0.5418784618377686,0.10120481997728348,0.6886160969734192,0.43256375193595886,0.17416821420192719,0.17587842047214508,0.11291199922561646
2485,-12.6379,-17.5059,-30.1437,-13.4844,-14.6094,0.0,0.0,0.8700296878814697,0.3184555470943451,0.35479432344436646,0.043816663324832916,0.4761904776096344,0.2619713842868805,0.10972481220960617,0.2541588842868805,0.26966729760169983
2490,-14.0574,-11.4348,-25.4922,-14.4609,-9.6562,0.0,0.0,0.9603801965713501,0.5956273674964905,0.6752343773841858,0.10900716483592987,0.824032723903656,0.4865904748439789,0.20444652438163757,0.12853699922561646,0.07594837993383408
2495,-12.575,-13.0145,-25.5895,-13.5938,-8.625,0.0,0.0,0.9552168846130371,0.521490752696991,0.49296122789382935,0.04087301716208458,0.7991071343421936,0.4973180890083313,0.14287935197353363,0.1573771834373474,0.09794776141643524
2500,-13.8492,-11.1844,-25.0336,-16.7656,-8.2109,0.0,0.0,0.9633991122245789,0.6450901627540588,0.6249580383300781,0.09158986061811447,0.8690476417541504,0.5182291865348816,0.19395211338996887,0.11586598306894302,0.06747512519359589
2505,-12.8773,-13.1504,-26.0277,-13.0625,-9.5938,0.0,0.0,0.9444165229797363,0.5250779986381531,0.5131944417953491,0.05600306764245033,0.7674851417541504,0.46431902050971985,0.16196362674236298,0.16791044175624847,0.10132928937673569
2510,-13.5973,-11.7586,-25.3559,-14.3984,-10.0859,0.0,0.0,0.9482772350311279,0.605135440826416,0.6253932118415833,0.0985991358757019,0.8229166865348816,0.49521923065185547,0.19224192202091217,0.13592195510864258,0.07213930040597916
2515,-15.5402,-10.5785,-26.1188,-18.7578,-8.1641,0.0,0.0,0.9525931477546692,0.6885002851486206,0.6632382273674011,0.17412450909614563,0.863095223903656,0.4361784756183624,0.2622823417186737,0.11714863032102585,0.0799129381775856
2520,-14.1969,-11.3094,-25.5063,-17.0156,-7.7109,0.0,0.0,0.9551153779029846,0.6614129543304443,0.5944656729698181,0.0953582227230072,0.8660714030265808,0.4866682291030884,0.20961597561836243,0.12220149487257004,0.07703669369220734
2525,-13.0816,-13.5012,-26.5828,-14.3125,-9.6016,0.0,0.0,0.9222972989082336,0.5477861166000366,0.5259523391723633,0.08927445113658905,0.6848958134651184,0.4371890425682068,0.1606421023607254,0.1744791716337204,0.1232120618224144
2530,-15.3727,-10.2375,-25.6102,-18.6719,-6.7188,0.0,0.0,0.9668039679527283,0.7053859233856201,0.6959537863731384,0.14597316086292267,0.8694196343421936,0.4718594551086426,0.25330379605293274,0.10086287558078766,0.0694962665438652
2535,-15.9137,-9.5176,-25.4313,-21.2109,-5.5078,0.0,0.0,0.9749301075935364,0.7848421335220337,0.6510276794433594,0.11647915095090866,0.8999255895614624,0.47287002205848694,0.2769356369972229,0.08698693662881851,0.05872979015111923
2540,-13.8336,-12.1625,-25.9961,-16.5156,-7.3047,0.0,0.0,0.9553170204162598,0.6141538619995117,0.5374376177787781,0.0645415186882019,0.8143601417541504,0.4671175479888916,0.18948227167129517,0.14015857875347137,0.09876399487257004
2545,-14.5004,-10.9648,-25.4652,-17.5156,-7.7656,0.0,0.0,0.9667521119117737,0.6656721830368042,0.6099667549133301,0.09459459781646729,0.8816964030265808,0.48515236377716064,0.22147077322006226,0.11699315905570984,0.07190609723329544
2550,-15.0184,-10.7281,-25.7465,-18.7578,-6.875,0.0,0.0,0.9559256434440613,0.7019857168197632,0.6332778930664062,0.1242571547627449,0.8504464030265808,0.46210354566574097,0.24467505514621735,0.11679881811141968,0.071944959461689
2555,-15.084,-10.4539,-25.5379,-20.3203,-6.1172,0.0,0.0,0.9603742957115173,0.7387951612472534,0.6365638971328735,0.09661298990249634,0.8575148582458496,0.4776896834373474,0.24195429682731628,0.1058768630027771,0.07000155746936798
2560,-15.6594,-9.9582,-25.6176,-19.8594,-7.2969,0.0,0.0,0.9657940864562988,0.739136815071106,0.7083498239517212,0.14061592519283295,0.8697916865348816,0.4647465944290161,0.26566386222839355,0.0982198417186737,0.0668921023607254
2565,-17.6965,-8.1949,-25.8914,-23.5391,-4.3203,0.0,0.0,0.9786496162414551,0.8302788138389587,0.7464788556098938,0.20029133558273315,0.9274553656578064,0.42599502205848694,0.3499300479888916,0.06623134016990662,0.053365983068943024
2570,-18.4805,-7.6805,-26.1609,-23.8594,-4.1016,0.0,0.0,0.9815226793289185,0.8409506678581238,0.8144853711128235,0.18706157803535461,0.9308035969734192,0.4017801582813263,0.38269588351249695,0.061178483068943024,0.04986784979701042
2575,-17.7812,-8.2727,-26.0539,-23.9062,-4.4766,0.0,0.0,0.983988881111145,0.8337971568107605,0.7409948706626892,0.1443779170513153,0.8932291865348816,0.41997045278549194,0.34915268421173096,0.06798040866851807,0.058418843895196915
2580,-14.8012,-10.8086,-25.6098,-19.3828,-6.5156,0.0,0.0,0.9719046950340271,0.7151011824607849,0.5938738584518433,0.06013578921556473,0.8452380895614624,0.4828202724456787,0.2246968299150467,0.10785914212465286,0.08014614135026932
2585,-15.5965,-9.634,-25.2305,-20.2188,-6.4375,0.0,0.0,0.9761961102485657,0.7660871148109436,0.7054478526115417,0.09733333438634872,0.894345223903656,0.49148786067962646,0.2615438401699066,0.08418843150138855,0.05830223858356476
2590,-15.7426,-9.9043,-25.6469,-19.9922,-6.3281,0.0,0.0,0.9682672023773193,0.746364176273346,0.6899408102035522,0.13361547887325287,0.8534226417541504,0.46544620394706726,0.2672574520111084,0.09853078424930573,0.0642879381775856
2595,-16.5207,-9.0441,-25.5648,-21.6719,-5.1953,0.0,0.0,0.9739042520523071,0.7859187722206116,0.7379072308540344,0.17327065765857697,0.9192708134651184,0.46023786067962646,0.298662930727005,0.07874689251184464,0.05787469074130058
2600,-17.3637,-8.4258,-25.7895,-22.7344,-4.5703,0.0,0.0,0.9758853912353516,0.8172230124473572,0.7637752294540405,0.15958240628242493,0.9296875,0.43680036067962646,0.3353544771671295,0.07124533504247665,0.05212220177054405
2605,-16.9734,-8.8875,-25.8609,-22.0469,-5.4531,0.0,0.0,0.9786359071731567,0.7927655577659607,0.7269721031188965,0.14421768486499786,0.9017857313156128,0.4348180890083313,0.3212842047214508,0.08228389173746109,0.05713619291782379
2610,-16.2945,-9.5469,-25.8414,-20.4922,-5.7266,0.0,0.0,0.9785553216934204,0.774695098400116,0.6504648923873901,0.09439527988433838,0.8854166865348816,0.4476834535598755,0.28999534249305725,0.0919620618224144,0.06588152796030045
2615,-13.5063,-12.2266,-25.7328,-15.5078,-8.0078,0.0,0.0,0.9404500722885132,0.6035102605819702,0.5591858625411987,0.08112874627113342,0.8311011791229248,0.4784281849861145,0.18380752205848694,0.14513370394706726,0.08815298229455948
2620,-13.3875,-12.0117,-25.3992,-13.6484,-9.0312,0.0,0.0,0.9327340126037598,0.5496618747711182,0.6807373762130737,0.13588111102581024,0.8076636791229248,0.49288713932037354,0.1839241236448288,0.14548352360725403,0.07322761416435242
2625,-15.4051,-10.134,-25.5391,-16.8594,-7.9062,0.0,0.0,0.9627370238304138,0.670255720615387,0.7735204696655273,0.20037807524204254,0.8816964030265808,0.47147077322006226,0.2599113881587982,0.1024564653635025,0.0616837702691555
2630,-13.198,-12.3238,-25.5219,-12.1406,-10.6172,0.0,0.0,0.9250039458274841,0.5114606618881226,0.6877119541168213,0.1059262752532959,0.828125,0.49028295278549194,0.17296330630779266,0.14898166060447693,0.08329446613788605
2635,-15.0059,-10.5961,-25.602,-15.0156,-9.0625,0.0,0.0,0.9517842531204224,0.6421974301338196,0.791624128818512,0.18274112045764923,0.851190447807312,0.4683613181114197,0.24409204721450806,0.11415578424930573,0.06891324371099472
2640,-12.6125,-12.4367,-25.0492,-11.8438,-9.7109,0.0,0.0,0.931230366230011,0.4774436056613922,0.667187511920929,0.08951964974403381,0.8374255895614624,0.5199782252311707,0.15508395433425903,0.1492537260055542,0.0712064653635025
2645,-12.5273,-13.3512,-25.8785,-11.4297,-11.3828,0.0,0.0,0.8998420834541321,0.43622642755508423,0.6360294222831726,0.08838174492120743,0.7953869104385376,0.4676228165626526,0.15450093150138855,0.17972636222839355,0.0936722606420517
2650,-14.409,-10.7152,-25.1242,-14.2109,-10.4141,0.0,0.0,0.9555829763412476,0.6150333881378174,0.7885017395019531,0.13660477101802826,0.8861607313156128,0.5040422677993774,0.22131529450416565,0.11155162006616592,0.058613184839487076
2655,-12.3223,-12.6844,-25.0066,-11.0156,-10.8047,0.0,0.0,0.9284029006958008,0.43317845463752747,0.6785169839859009,0.06858054548501968,0.8139880895614624,0.5271299481391907,0.14221858978271484,0.15306280553340912,0.07311100512742996
2660,-12.3383,-12.5633,-24.9016,-9.9141,-12.3047,0.0,0.0,0.9206454157829285,0.4784816801548004,0.6947450041770935,0.08866441994905472,0.8035714030265808,0.5299673676490784,0.14540578424930573,0.1508861929178238,0.06926306337118149
2665,-13.4816,-11.9043,-25.3859,-11.25,-11.9766,0.0,0.0,0.9231809973716736,0.5688110589981079,0.7248072028160095,0.14515236020088196,0.7916666865348816,0.4882618188858032,0.1909203976392746,0.14618314802646637,0.07015702873468399
2670,-13.118,-12.3117,-25.4297,-9.5156,-13.5938,0.0,0.0,0.9184773564338684,0.5766069293022156,0.6774665117263794,0.12131519615650177,0.7358630895614624,0.4829757511615753,0.18442942202091217,0.15955379605293274,0.06856343150138855
2675,-13.223,-11.9539,-25.177,-10.2812,-12.8125,0.0,0.0,0.9405634999275208,0.5727040767669678,0.668639063835144,0.12507516145706177,0.7700892686843872,0.5035369992256165,0.18283581733703613,0.14451181888580322,0.06463775038719177
2680,-14.2844,-11.3512,-25.6355,-11.0547,-12.8359,0.0,0.0,0.9371920228004456,0.6234215497970581,0.7127180695533752,0.14145496487617493,0.8046875,0.46536847949028015,0.2246968299150467,0.13813744485378265,0.06731965392827988
2685,-13.0328,-12.4316,-25.4645,-11.4062,-11.8047,0.0,0.0,0.9302418231964111,0.5384957790374756,0.660119354724884,0.09989754110574722,0.7533482313156128,0.48865050077438354,0.17467351257801056,0.1563277393579483,0.07587064802646637
2690,-15.5043,-10.1758,-25.6801,-13.3203,-10.2266,0.0,0.0,0.9622544646263123,0.6752562522888184,0.786370038986206,0.20235756039619446,0.8314732313156128,0.45308613777160645,0.2730099558830261,0.11007462441921234,0.05935167893767357
2695,-13.7742,-11.0906,-24.8648,-12.4531,-10.5312,0.0,0.0,0.9563649892807007,0.6269328594207764,0.709554135799408,0.16869919002056122,0.8303571343421936,0.5175295472145081,0.198577418923378,0.12204602360725403,0.057369403541088104
2700,-16.6035,-9.0707,-25.6742,-18.0781,-8.6094,0.0,0.0,0.9792453050613403,0.751617431640625,0.7912190556526184,0.2101769894361496,0.8768601417541504,0.4532027244567871,0.3063977062702179,0.08321672677993774,0.052705224603414536
2705,-15.998,-9.5059,-25.5039,-18.2109,-9.1406,0.0,0.0,0.9741587042808533,0.7436853051185608,0.7894507646560669,0.1678035408258438,0.8497023582458496,0.4677782952785492,0.28159981966018677,0.08916355669498444,0.05698072165250778
2710,-15.9781,-9.4145,-25.3926,-18.5312,-7.4219,0.0,0.0,0.9717602729797363,0.7501727342605591,0.772020697593689,0.1700223684310913,0.8846726417541504,0.4720926582813263,0.28128886222839355,0.09001865983009338,0.05212220177054405
2715,-15.55,-9.4645,-25.0145,-18.3672,-7.5391,0.0,0.0,0.9742509126663208,0.7471967339515686,0.7932780981063843,0.15864978730678558,0.8846726417541504,0.4981343150138855,0.266907662153244,0.08442164212465286,0.0460587702691555
2720,-15.6227,-9.6895,-25.3121,-16.5312,-8.3984,0.0,0.0,0.9724143743515015,0.719874382019043,0.7889286875724792,0.14644013345241547,0.8578869104385376,0.47765082120895386,0.2722325921058655,0.09759794920682907,0.04804104566574097
2725,-12.8867,-12.1016,-24.9883,-11.3672,-10.2422,0.0,0.0,0.9506953358650208,0.5369352102279663,0.6629058718681335,0.09684684872627258,0.7689732313156128,0.5226601362228394,0.16258551180362701,0.14124688506126404,0.06902985274791718
2730,-16.1695,-9.7652,-25.9348,-14.4844,-10.1953,0.0,0.0,0.9645732641220093,0.69728022813797,0.7774888277053833,0.21423989534378052,0.8735119104385376,0.43446826934814453,0.2958255708217621,0.10463308542966843,0.06059546023607254
2735,-13.4547,-11.2164,-24.6711,-13.3594,-10.6172,0.0,0.0,0.9584650993347168,0.5733333230018616,0.7352843284606934,0.12065439671278,0.8601190447807312,0.540889322757721,0.1807369440793991,0.11687655746936798,0.057019591331481934
2740,-12.0863,-12.9605,-25.0469,-10.1016,-11.3203,0.0,0.0,0.9307107925415039,0.41384220123291016,0.6422783732414246,0.1051805317401886,0.7641369104385376,0.5216884613037109,0.1364661008119583,0.1630907952785492,0.07427705079317093
2745,-13.5395,-10.8254,-24.3648,-12.2969,-10.2109,0.0,0.0,0.9665184617042542,0.5731216669082642,0.7893333435058594,0.1244204044342041,0.9092261791229248,0.5595459938049316,0.18365205824375153,0.10202892124652863,0.0502953976392746
2750,-13.6734,-10.9957,-24.6691,-11.8359,-10.0781,0.0,0.0,0.9707433581352234,0.5403045415878296,0.7726315855979919,0.10196905583143234,0.9107142686843872,0.5380519032478333,0.19142568111419678,0.11077425628900528,0.05527052283287048
2755,-11.7719,-12.7914,-24.5633,-10.0547,-11.1328,0.0,0.0,0.9494814872741699,0.34076136350631714,0.6301162242889404,0.042431920766830444,0.8329613208770752,0.5547263622283936,0.12558302283287048,0.15384016931056976,0.061372824013233185
2760,-12.7098,-11.709,-24.4188,-10.7266,-10.3047,0.0,0.0,0.9707263112068176,0.439309298992157,0.7209302186965942,0.06373193114995956,0.8854166865348816,0.5629664063453674,0.15306280553340912,0.12033581733703613,0.05915733799338341
2765,-11.8531,-13.0484,-24.9016,-10.2266,-11.0,0.0,0.0,0.9321144819259644,0.3534322679042816,0.6306695342063904,0.061256542801856995,0.8404017686843872,0.5336209535598755,0.12569962441921234,0.16196362674236298,0.07423818111419678
2770,-12.2914,-12.3898,-24.6813,-10.0703,-11.6406,0.0,0.0,0.9441837072372437,0.44361937046051025,0.6666666865348816,0.07973621040582657,0.8262648582458496,0.5466417670249939,0.14132462441921234,0.14272387325763702,0.06483209133148193
2775,-12.6254,-11.6727,-24.298,-10.3047,-11.6172,0.0,0.0,0.9577791690826416,0.49310433864593506,0.7252957820892334,0.11142654716968536,0.8448660969734192,0.5698460936546326,0.14937034249305725,0.12154073268175125,0.054765235632658005
2780,-12.5227,-12.1313,-24.6539,-10.1719,-11.4375,0.0,0.0,0.9537527561187744,0.4484848380088806,0.6778230667114258,0.07776428014039993,0.8448660969734192,0.5504897236824036,0.14750465750694275,0.1335510015487671,0.06397698819637299
2785,-12.241,-13.4164,-25.6574,-10.0625,-11.6328,0.0,0.0,0.930622935295105,0.402793288230896,0.5843952894210815,0.05789909139275551,0.7782738208770752,0.4885338842868805,0.13914801180362701,0.17385727167129517,0.09398321062326431
2790,-12.2352,-12.8457,-25.0809,-9.4922,-12.7266,0.0,0.0,0.9281065464019775,0.4343007802963257,0.6439790725708008,0.07633587718009949,0.8214285969734192,0.5136038661003113,0.1473103165626526,0.1633239984512329,0.0712842047214508
2795,-12.7844,-12.0367,-24.8211,-9.7031,-12.2812,0.0,0.0,0.9312185049057007,0.49426934123039246,0.7232117652893066,0.10587514936923981,0.8686755895614624,0.531755268573761,0.16277985274791718,0.13747668266296387,0.06351057440042496
2800,-15.1656,-10.3645,-25.5301,-12.3906,-10.7734,0.0,0.0,0.9578413367271423,0.6631786227226257,0.770339846611023,0.16589249670505524,0.8601190447807312,0.4674284756183624,0.25629663467407227,0.11322294920682907,0.058574315160512924
2805,-12.7391,-12.2855,-25.0246,-9.1562,-13.4219,0.0,0.0,0.9388745427131653,0.49329015612602234,0.6777263283729553,0.10888078063726425,0.805059552192688,0.5125155448913574,0.16798818111419678,0.1511193960905075,0.06389925628900528
2810,-14.1039,-11.1977,-25.3016,-11.2344,-11.375,0.0,0.0,0.954112708568573,0.570712685585022,0.7662171125411987,0.14443156123161316,0.835565447807312,0.4980565905570984,0.20942163467407227,0.12103544920682907,0.06700870394706726
2815,-14.8809,-9.9906,-24.8715,-13.7344,-10.4297,0.0,0.0,0.9676177501678467,0.6652576923370361,0.8146137595176697,0.21187801659107208,0.9125744104385376,0.5149253606796265,0.23907804489135742,0.09308923780918121,0.04842972755432129
2820,-15.5254,-10.2672,-25.7926,-13.5156,-11.0547,0.0,0.0,0.9627683162689209,0.6526435613632202,0.7904981970787048,0.17971758544445038,0.855282723903656,0.4436800479888916,0.27347636222839355,0.11780939251184464,0.06055659055709839
2825,-17.2941,-8.6832,-25.9773,-15.75,-9.3516,0.0,0.0,0.9759171009063721,0.7572377920150757,0.8420812487602234,0.2231930047273636,0.9107142686843872,0.41639459133148193,0.345032662153244,0.08516013622283936,0.04893501102924347
2830,-17.9672,-7.9805,-25.9477,-18.7188,-7.2109,0.0,0.0,0.9763435125350952,0.8068568706512451,0.8672102689743042,0.2705192565917969,0.9311755895614624,0.4173274338245392,0.3650497496128082,0.0667366310954094,0.04640858247876167
2835,-19.0371,-7.0523,-26.0895,-20.0859,-5.9297,0.0,0.0,0.982914388179779,0.8552431464195251,0.905559778213501,0.2886699438095093,0.949032723903656,0.3958333432674408,0.40920397639274597,0.05103389173746109,0.03945118188858032
2840,-17.7781,-7.966,-25.7441,-19.8672,-6.0391,0.0,0.0,0.9816339612007141,0.8141737580299377,0.8527459502220154,0.2360139787197113,0.9486607313156128,0.4296097755432129,0.35704290866851807,0.06440453976392746,0.04446517303586006
2845,-17.7566,-8.1789,-25.9355,-20.2969,-5.9531,0.0,0.0,0.9799591898918152,0.8031229376792908,0.8293084502220154,0.285491406917572,0.9014136791229248,0.41892102360725403,0.3559545874595642,0.07081778347492218,0.04982898011803627
2850,-15.7805,-9.6926,-25.473,-17.5703,-7.6797,0.0,0.0,0.9730062484741211,0.7125973105430603,0.8049828410148621,0.21122319996356964,0.8586309552192688,0.4737251102924347,0.26966729760169983,0.09048507362604141,0.06164490059018135
2855,-15.0668,-10.077,-25.1437,-15.9922,-9.2656,0.0,0.0,0.965597927570343,0.6677751541137695,0.7920284271240234,0.2383381873369217,0.8720238208770752,0.49825093150138855,0.245452418923378,0.09849191457033157,0.05332711338996887
2860,-14.6785,-10.5148,-25.1934,-15.0547,-9.2422,0.0,0.0,0.9560302495956421,0.649906575679779,0.7650073170661926,0.23274780809879303,0.8582589030265808,0.49856188893318176,0.22881685197353363,0.10618781298398972,0.06195584684610367
2865,-14.716,-10.2617,-24.9777,-16.1016,-8.5078,0.0,0.0,0.9641693830490112,0.6678626537322998,0.7526062726974487,0.21648792922496796,0.9002976417541504,0.5130985975265503,0.22749534249305725,0.09693718701601028,0.05799129232764244
2870,-15.0895,-10.0773,-25.1668,-15.3281,-9.0938,0.0,0.0,0.9679853916168213,0.6765298247337341,0.772236704826355,0.22366411983966827,0.8679315447807312,0.4892723858356476,0.2508939802646637,0.10443874448537827,0.05091729015111923
2875,-13.827,-11.1422,-24.9691,-12.9062,-10.6328,0.0,0.0,0.9524558186531067,0.6032150387763977,0.7273328900337219,0.17296604812145233,0.8359375,0.5191231369972229,0.19826647639274597,0.11745958030223846,0.060673195868730545
2880,-11.9984,-13.0895,-25.0879,-10.1719,-11.3438,0.0,0.0,0.9251025915145874,0.3961820900440216,0.653990626335144,0.0908629447221756,0.7570684552192688,0.521027684211731,0.13234607875347137,0.16557836532592773,0.07657027244567871
2885,-12.2641,-12.3824,-24.6465,-10.3906,-11.0469,0.0,0.0,0.9487966895103455,0.437858521938324,0.7004498839378357,0.10582341998815536,0.7533482313156128,0.5442708134651184,0.14229632914066315,0.1468827724456787,0.062072448432445526
2890,-12.0047,-13.2891,-25.2938,-9.2812,-13.8047,0.0,0.0,0.914862334728241,0.38390612602233887,0.678135871887207,0.10428497940301895,0.7005208134651184,0.5026430487632751,0.13910913467407227,0.17848259210586548,0.07528762519359589
2895,-12.7137,-11.9262,-24.6398,-10.6875,-11.8594,0.0,0.0,0.9500501155853271,0.4903019964694977,0.7276657223701477,0.10768220573663712,0.8046875,0.543143630027771,0.15831001102924347,0.13487251102924347,0.05919620767235756
2900,-12.9684,-11.5223,-24.4906,-10.8438,-12.2969,0.0,0.0,0.9518973231315613,0.5091413855552673,0.7746002674102783,0.09231963008642197,0.8418898582458496,0.5510727763175964,0.16794931888580322,0.12639924883842468,0.050101056694984436
2905,-12.4051,-12.9969,-25.402,-9.8438,-12.3281,0.0,0.0,0.9414017796516418,0.3752075135707855,0.6904292106628418,0.05697022005915642,0.738095223903656,0.5074238181114197,0.1404695212841034,0.15757152438163757,0.09005752205848694
2910,-13.7785,-10.9988,-24.7773,-11.2188,-11.0078,0.0,0.0,0.9625073671340942,0.554733157157898,0.8154157996177673,0.12682215869426727,0.8549107313156128,0.52767413854599,0.1995491236448288,0.11497201770544052,0.05332711338996887
2915,-12.9934,-11.4523,-24.4457,-10.8516,-10.9688,0.0,0.0,0.9569492340087891,0.5130475163459778,0.8010155558586121,0.12223858386278152,0.8098958134651184,0.5534437298774719,0.1668221354484558,0.1224735677242279,0.05278296023607254
2920,-13.0453,-11.107,-24.1523,-10.6172,-11.6484,0.0,0.0,0.9659298062324524,0.5360370874404907,0.8145454525947571,0.09137056022882462,0.851934552192688,0.5749766826629639,0.1677161008119583,0.10688743740320206,0.045942164957523346
2925,-12.2105,-11.8801,-24.0906,-9.8047,-11.3516,0.0,0.0,0.9576192498207092,0.4493047595024109,0.734958827495575,0.09011627733707428,0.8262648582458496,0.5851212739944458,0.13417288661003113,0.12274564802646637,0.05348258838057518
2930,-12.1543,-12.8082,-24.9625,-8.9922,-13.3516,0.0,0.0,0.936665415763855,0.3871142268180847,0.6971415281295776,0.069672130048275,0.7593005895614624,0.521027684211731,0.14357897639274597,0.16452892124652863,0.06638681888580322
2935,-12.45,-12.7723,-25.2223,-9.6797,-13.0312,0.0,0.0,0.9271548390388489,0.4250255823135376,0.67750483751297,0.08449197560548782,0.7883184552192688,0.5095615386962891,0.15189675986766815,0.1613806039094925,0.07268346101045609
2940,-12.7414,-12.0922,-24.8336,-9.3047,-13.3125,0.0,0.0,0.9306668639183044,0.4824727475643158,0.7331330180168152,0.11118251830339432,0.8430059552192688,0.5286458134651184,0.16410136222839355,0.14229632914066315,0.060478854924440384
2945,-11.2316,-13.9,-25.1316,-8.7734,-13.6953,0.0,0.0,0.8961835503578186,0.33555927872657776,0.6406874656677246,0.07683923840522766,0.6822916865348816,0.5132929086685181,0.11641013622283936,0.1944962739944458,0.07132307440042496
2950,-11.8691,-14.1285,-25.9977,-7.8203,-15.6953,0.0,0.0,0.8857462406158447,0.38212260603904724,0.6091763377189636,0.08560140430927277,0.694940447807312,0.45211443305015564,0.14392879605293274,0.2109375,0.0885416641831398
2955,-11.5902,-13.7676,-25.3578,-6.9375,-17.3203,0.0,0.0,0.8809580206871033,0.42636311054229736,0.624343752861023,0.09942196309566498,0.719122052192688,0.4900886118412018,0.13829290866851807,0.19989894330501556,0.06724191457033157
2960,-12.6984,-12.6129,-25.3113,-8.5078,-14.8828,0.0,0.0,0.9023300409317017,0.5149069428443909,0.6889442801475525,0.1249234527349472,0.7872023582458496,0.48709577322006226,0.17339086532592773,0.17156405746936798,0.0634717047214508
2965,-12.902,-12.5223,-25.4242,-9.3047,-14.5781,0.0,0.0,0.9107984900474548,0.5043663382530212,0.6986086368560791,0.12256442755460739,0.7700892686843872,0.47800061106681824,0.18248601257801056,0.17319652438163757,0.06183924153447151
2970,-12.6145,-12.7258,-25.3402,-9.2812,-13.125,0.0,0.0,0.9166338443756104,0.4847497045993805,0.6669788956642151,0.09024664014577866,0.7890625,0.49327582120895386,0.16693873703479767,0.16596704721450806,0.0693407952785492
2975,-11.2941,-14.191,-25.4852,-7.3828,-16.125,0.0,0.0,0.8855673670768738,0.3693807125091553,0.5825350284576416,0.07448414713144302,0.7313988208770752,0.48367536067962646,0.12363961338996887,0.21097636222839355,0.0772310346364975
2980,-13.3262,-11.866,-25.1922,-9.7656,-13.2344,0.0,0.0,0.9385766386985779,0.5608552694320679,0.7056185603141785,0.11760925501585007,0.773065447807312,0.49863961338996887,0.1890547275543213,0.14734919369220734,0.060478854924440384
2985,-12.9023,-11.6543,-24.5566,-9.8828,-11.6875,0.0,0.0,0.9475191235542297,0.5350462198257446,0.7181926369667053,0.09512578696012497,0.8493303656578064,0.5428715944290161,0.17245802283287048,0.13075248897075653,0.04944029822945595
2990,-12.4742,-12.4215,-24.8957,-8.9531,-13.5234,0.0,0.0,0.9321984052658081,0.4793893098831177,0.6556222438812256,0.06670709699392319,0.8456101417541504,0.5296952724456787,0.1527518630027771,0.14898166060447693,0.06409359723329544
2995,-13.2324,-11.3926,-24.625,-10.125,-12.0938,0.0,0.0,0.942620575428009,0.555076539516449,0.7547522783279419,0.11827956885099411,0.8738839030265808,0.5398787260055542,0.18030938506126404,0.12472791969776154,0.050606343895196915
3000,-12.5527,-12.2164,-24.7691,-9.6953,-12.2266,0.0,0.0,0.9449176788330078,0.4769544303417206,0.680230975151062,0.048645321279764175,0.8377976417541504,0.53840172290802,0.15263526141643524,0.1413635015487671,0.06312189251184464
3005,-12.4652,-12.368,-24.8332,-8.4688,-14.1875,0.0,0.0,0.9161290526390076,0.5177288055419922,0.685529887676239,0.07618343085050583,0.8195684552192688,0.5241371393203735,0.16223569214344025,0.15659981966018677,0.05254974961280823
3010,-12.2633,-12.0875,-24.3508,-8.6484,-13.6406,0.0,0.0,0.9322466850280762,0.5167620778083801,0.6909505128860474,0.08998548984527588,0.851190447807312,0.5627720952033997,0.14260727167129517,0.13658271729946136,0.053560324013233185
3015,-12.4125,-12.2098,-24.6223,-9.3672,-12.4609,0.0,0.0,0.9392261505126953,0.48168644309043884,0.6878088712692261,0.0467720702290535,0.8426339030265808,0.5474579930305481,0.14750465750694275,0.14155784249305725,0.0590018667280674
3020,-11.4414,-13.491,-24.9324,-9.2734,-12.3203,0.0,0.0,0.9167034029960632,0.3305948078632355,0.600699782371521,0.034028541296720505,0.8392857313156128,0.528684675693512,0.11827580630779266,0.1777440905570984,0.07081778347492218
3025,-11.7512,-13.0344,-24.7855,-8.7734,-13.0156,0.0,0.0,0.9251537919044495,0.3606078326702118,0.6321596503257751,0.053143229335546494,0.8426339030265808,0.5369636416435242,0.13300684094429016,0.16557836532592773,0.059973571449518204
3030,-12.3516,-11.8348,-24.1863,-9.4297,-12.1719,0.0,0.0,0.9532811045646667,0.4375167191028595,0.7131925225257874,0.04493464156985283,0.9114583134651184,0.575715184211731,0.14525030553340912,0.12698227167129517,0.04757462814450264
3035,-11.9098,-12.1723,-24.082,-9.125,-12.4062,0.0,0.0,0.954713761806488,0.35843750834465027,0.6832095384597778,0.025945143774151802,0.9185267686843872,0.5879197716712952,0.12437810748815536,0.13079135119915009,0.05243314802646637
3040,-11.7531,-12.7422,-24.4953,-10.0781,-10.6641,0.0,0.0,0.9614272117614746,0.31391584873199463,0.5998937487602234,0.029376499354839325,0.8619791865348816,0.5642879605293274,0.12010261416435242,0.14629974961280823,0.06483209133148193
3045,-13.2668,-10.8316,-24.0984,-10.3281,-10.9375,0.0,0.0,0.9676138162612915,0.58807772397995,0.7403846383094788,0.06672678142786026,0.9363839030265808,0.5772699117660522,0.17409048974514008,0.10105721652507782,0.04310479015111923
3050,-13.4551,-10.6367,-24.0918,-10.8594,-10.7188,0.0,0.0,0.9705763459205627,0.6325185894966125,0.7358567118644714,0.05566037818789482,0.918154776096344,0.5759483575820923,0.18287469446659088,0.09549906849861145,0.04120025038719177
3055,-12.9305,-11.134,-24.0645,-10.8516,-10.6406,0.0,0.0,0.975869357585907,0.5594059228897095,0.6545866131782532,0.03265305981040001,0.9289434552192688,0.5879197716712952,0.15702736377716064,0.10296175628900528,0.04761349409818649
3060,-13.452,-10.7766,-24.2285,-12.0781,-10.0391,0.0,0.0,0.9815480709075928,0.5864859223365784,0.686819851398468,0.03614457696676254,0.9512648582458496,0.5729555487632751,0.1777440905570984,0.0964319035410881,0.04839085787534714
3065,-14.1332,-10.0223,-24.1555,-12.2891,-9.9688,0.0,0.0,0.9881049394607544,0.6729642748832703,0.7253658771514893,0.030456852167844772,0.9475446343421936,0.5718283653259277,0.2057291716337204,0.07967972755432129,0.038285136222839355
3070,-14.1633,-10.1461,-24.3094,-13.3438,-9.8516,0.0,0.0,0.9825451970100403,0.6692235469818115,0.7305468916893005,0.04221388325095177,0.9419642686843872,0.55892413854599,0.20775030553340912,0.08741448819637299,0.04143345728516579
3075,-14.3613,-9.9105,-24.2719,-13.7969,-9.0156,0.0,0.0,0.9833275675773621,0.6936045289039612,0.7455533742904663,0.04406130313873291,0.9471726417541504,0.564171314239502,0.21210354566574097,0.07866915315389633,0.04057835787534714
3080,-13.2332,-11.0477,-24.2809,-11.0156,-9.9141,0.0,0.0,0.9754019975662231,0.5699268579483032,0.6922209858894348,0.037678975611925125,0.9226190447807312,0.5704290866851807,0.170087069272995,0.10342817008495331,0.05157804861664772
3085,-13.2668,-10.6043,-23.8711,-10.6328,-11.3594,0.0,0.0,0.9742952585220337,0.6278229355812073,0.6952789425849915,0.050352469086647034,0.953497052192688,0.594255268573761,0.17210820317268372,0.09056281298398972,0.03859608247876167
3090,-12.3656,-11.693,-24.0586,-9.7734,-11.3438,0.0,0.0,0.9642762541770935,0.5161992907524109,0.6220421195030212,0.040916528552770615,0.9051339030265808,0.5853545069694519,0.14276275038719177,0.11990827322006226,0.04749688878655434
3095,-12.3551,-11.673,-24.0281,-9.3203,-12.1328,0.0,0.0,0.962908923625946,0.550540566444397,0.608457088470459,0.03330486640334129,0.8891369104385376,0.5857820510864258,0.14381219446659088,0.12041355669498444,0.04551461338996887
3100,-12.2691,-11.5344,-23.8035,-9.625,-11.8047,0.0,0.0,0.9606364965438843,0.5521664619445801,0.6215001940727234,0.056401073932647705,0.9166666865348816,0.6033115386962891,0.13634949922561646,0.11244558542966843,0.04341573268175125
3105,-12.4656,-12.2277,-24.6934,-9.0156,-12.6953,0.0,0.0,0.9472023248672485,0.5113433599472046,0.5992345809936523,0.04674127697944641,0.8738839030265808,0.5418221354484558,0.15247978270053864,0.1421797275543213,0.05904073268175125
3110,-14.1262,-10.5121,-24.6383,-10.6172,-11.7188,0.0,0.0,0.9708209037780762,0.6414095163345337,0.6908885836601257,0.07787610590457916,0.9382440447807312,0.53548663854599,0.2128809094429016,0.10323382914066315,0.04392101988196373
3115,-14.6449,-9.8953,-24.5402,-11.9453,-10.2578,0.0,0.0,0.9783406257629395,0.6898605227470398,0.7477313876152039,0.07728558033704758,0.953125,0.5401508212089539,0.22846704721450806,0.08566541969776154,0.041239116340875626
3120,-14.4914,-9.8637,-24.3551,-11.9062,-10.5,0.0,0.0,0.9818015694618225,0.7005067467689514,0.7337818145751953,0.07968127727508545,0.9445684552192688,0.5531716346740723,0.22244247794151306,0.08088464289903641,0.03902363032102585
3125,-14.1543,-10.0316,-24.1859,-12.4141,-10.4922,0.0,0.0,0.9798049330711365,0.6885703802108765,0.7244850993156433,0.07999999821186066,0.933407723903656,0.5658426880836487,0.20879974961280823,0.08492692559957504,0.03595304861664772
3130,-14.277,-10.2539,-24.5309,-11.4531,-10.9141,0.0,0.0,0.9765866994857788,0.6916890144348145,0.6840404272079468,0.07529843598604202,0.9092261791229248,0.5395289063453674,0.21746735274791718,0.09619869291782379,0.04232742637395859
3135,-13.8465,-10.3391,-24.1855,-11.2031,-11.2734,0.0,0.0,0.9782173037528992,0.6409620046615601,0.7380258440971375,0.10969115793704987,0.925595223903656,0.5620724558830261,0.20363028347492218,0.09332244843244553,0.03649720177054405
3140,-12.5664,-11.8188,-24.3852,-9.7578,-12.0312,0.0,0.0,0.9689517617225647,0.4732683598995209,0.6524559855461121,0.060082871466875076,0.867559552192688,0.5658426880836487,0.14758239686489105,0.1258162260055542,0.05628109350800514
3145,-12.4402,-11.45,-23.8902,-9.9062,-11.0312,0.0,0.0,0.975541889667511,0.4921831488609314,0.6825681328773499,0.05514403432607651,0.8783482313156128,0.6007074117660522,0.13922575116157532,0.10836442559957504,0.04722481220960617
3150,-12.0422,-12.2508,-24.293,-9.8047,-11.0938,0.0,0.0,0.9672330021858215,0.4243902564048767,0.6178194880485535,0.04155672714114189,0.8314732313156128,0.5764925479888916,0.12748755514621735,0.13261815905570984,0.05892413109540939
3155,-12.6398,-11.3566,-23.9965,-9.5078,-11.8047,0.0,0.0,0.9704430103302002,0.5304123759269714,0.6700143218040466,0.057578325271606445,0.9017857313156128,0.5904462337493896,0.1508084535598755,0.10836442559957504,0.045903295278549194
3160,-12.3965,-11.7367,-24.1332,-8.8594,-12.8203,0.0,0.0,0.9620397686958313,0.5152156949043274,0.6487082839012146,0.07398170977830887,0.8575148582458496,0.5785136818885803,0.1468827724456787,0.123367540538311,0.046758394688367844
3165,-12.6703,-11.1492,-23.8195,-9.7422,-11.4531,0.0,0.0,0.9703708291053772,0.5716499090194702,0.6720827221870422,0.09371981024742126,0.8891369104385376,0.5995025038719177,0.15053637325763702,0.10525497794151306,0.04022854566574097
3170,-12.4953,-12.1109,-24.6063,-9.8281,-11.75,0.0,0.0,0.9621082544326782,0.5039876699447632,0.6123796701431274,0.0784844383597374,0.8136160969734192,0.545708954334259,0.15108053386211395,0.1412857621908188,0.05744713917374611
3175,-13.6227,-10.5852,-24.2078,-10.0859,-12.2188,0.0,0.0,0.97422856092453,0.6352316737174988,0.720475435256958,0.12423625588417053,0.8738839030265808,0.565570592880249,0.19041511416435242,0.10136815905570984,0.0381685309112072
3180,-14.0406,-10.3984,-24.4391,-11.1641,-11.0234,0.0,0.0,0.977064847946167,0.6575004458427429,0.6940024495124817,0.11161524802446365,0.9006696343421936,0.5524719953536987,0.20495180785655975,0.09526585787534714,0.04283270984888077
3185,-16.7672,-8.8664,-25.6336,-13.1328,-11.2344,0.0,0.0,0.9786929488182068,0.7747045159339905,0.736973762512207,0.12561820447444916,0.9326636791229248,0.4341573417186737,0.32882463932037354,0.09324471652507782,0.03929571062326431
3190,-15.8633,-9.2117,-25.075,-13.3594,-11.2266,0.0,0.0,0.985530436038971,0.7415791749954224,0.7508976459503174,0.18453608453273773,0.9122023582458496,0.48620179295539856,0.28502020239830017,0.08659826219081879,0.03770211338996887
3195,-15.3336,-9.3875,-24.7211,-12.4844,-10.4922,0.0,0.0,0.9821994304656982,0.7237036824226379,0.7749181389808655,0.1798882633447647,0.929315447807312,0.5153140425682068,0.2623600661754608,0.08306125551462173,0.034787002950906754
3200,-15.9367,-9.1844,-25.1211,-12.75,-10.5,0.0,0.0,0.9858804941177368,0.7227789759635925,0.8072289228439331,0.18489836156368256,0.9281994104385376,0.48449161648750305,0.28700247406959534,0.08387748897075653,0.04015081003308296
3205,-13.593,-10.7477,-24.3406,-11.125,-10.9141,0.0,0.0,0.9701064229011536,0.5849475264549255,0.7531668543815613,0.13307617604732513,0.8969494104385376,0.555192768573761,0.1926306039094925,0.10739272087812424,0.04030628129839897
3210,-14.582,-9.7691,-24.3512,-12.0,-10.3828,0.0,0.0,0.9903303384780884,0.6554867625236511,0.8053181171417236,0.1418067216873169,0.9445684552192688,0.5506840944290161,0.22597947716712952,0.08185634016990662,0.03700248897075653
3215,-14.4238,-9.7246,-24.1484,-12.1328,-11.0547,0.0,0.0,0.9885010123252869,0.6756756901741028,0.7962689995765686,0.14041514694690704,0.9319196343421936,0.5644822716712952,0.22003264725208282,0.07917443662881851,0.03183302283287048
3220,-14.8066,-9.682,-24.4887,-12.375,-10.0547,0.0,0.0,0.9862362146377563,0.6571618318557739,0.8309795260429382,0.1388888955116272,0.9542410969734192,0.5393734574317932,0.2344527393579483,0.08531560748815536,0.036380596458911896
3225,-15.8195,-9.1375,-24.957,-13.7109,-10.4531,0.0,0.0,0.9878987669944763,0.7087934613227844,0.8267491459846497,0.17312072217464447,0.9575892686843872,0.494636207818985,0.28509795665740967,0.08166199922561646,0.034126244485378265
3230,-15.2922,-9.3742,-24.6664,-12.7109,-10.625,0.0,0.0,0.9900556802749634,0.6930408477783203,0.8296186327934265,0.15064102411270142,0.945684552192688,0.5237484574317932,0.2569185197353363,0.07847481220960617,0.036380596458911896
3235,-13.9492,-10.0012,-23.9504,-11.375,-10.1562,0.0,0.0,0.9898807406425476,0.6229507923126221,0.7927461266517639,0.15432098507881165,0.9475446343421936,0.5799906849861145,0.20153141021728516,0.0825171023607254,0.03148321062326431
3240,-13.5949,-10.4449,-24.0398,-11.0,-10.7188,0.0,0.0,0.9860050678253174,0.5639681220054626,0.7946542501449585,0.09378185868263245,0.9382440447807312,0.5804570913314819,0.18532338738441467,0.09161224961280823,0.038129664957523346
3245,-15.1164,-9.6977,-24.8141,-12.125,-10.6016,0.0,0.0,0.9889041185379028,0.650642991065979,0.8136752247810364,0.1683168262243271,0.945684552192688,0.5114272236824036,0.2538868188858032,0.09095149487257004,0.03925684094429016
3250,-15.8945,-9.1141,-25.0086,-13.4062,-9.9609,0.0,0.0,0.9828603267669678,0.7065730690956116,0.8454837203025818,0.24834437668323517,0.9587053656578064,0.4875621795654297,0.28797417879104614,0.08477145433425903,0.03521455079317093
3255,-16.6328,-8.8703,-25.5031,-13.2656,-10.6641,0.0,0.0,0.9849881529808044,0.7237483859062195,0.8187976479530334,0.2619589865207672,0.9397321343421936,0.44274720549583435,0.326842337846756,0.09180659055709839,0.034126244485378265
3260,-17.4355,-8.391,-25.8266,-14.6484,-10.5703,0.0,0.0,0.9923670887947083,0.7541689872741699,0.854136049747467,0.1741573065519333,0.9590773582458496,0.42265236377716064,0.3519511818885803,0.07940764725208282,0.04151119291782379
3265,-16.8742,-8.6254,-25.4996,-13.6719,-9.8516,0.0,0.0,0.986706554889679,0.7359272241592407,0.851645827293396,0.21146953105926514,0.964657723903656,0.4415034055709839,0.3376477062702179,0.08383861929178238,0.03253265097737312
3270,-18.357,-7.8465,-26.2035,-14.7109,-9.5781,0.0,0.0,0.9912689924240112,0.782753050327301,0.8577680587768555,0.29539749026298523,0.9601934552192688,0.3917521834373474,0.38627177476882935,0.07105099409818649,0.046447448432445526
3275,-16.8129,-9.3164,-26.1293,-12.4375,-11.5938,0.0,0.0,0.9774428606033325,0.7112618684768677,0.7439942359924316,0.19968798756599426,0.9244791865348816,0.4049284756183624,0.33236163854599,0.1084032952785492,0.04982898011803627
3280,-17.977,-8.5035,-26.4805,-13.8281,-10.5234,0.0,0.0,0.9840719103813171,0.7552579045295715,0.7976244688034058,0.24533332884311676,0.9319196343421936,0.3806747496128082,0.37146300077438354,0.08508239686489105,0.05830223858356476
3285,-15.7859,-9.4062,-25.1922,-11.5312,-11.0391,0.0,0.0,0.9782047271728516,0.7094995379447937,0.7769097089767456,0.27123287320137024,0.9125744104385376,0.48149874806404114,0.2819107472896576,0.08955223858356476,0.0425606332719326
3290,-18.8742,-7.4555,-26.3297,-16.1172,-8.4062,0.0,0.0,0.9947558045387268,0.8021790385246277,0.8818565607070923,0.2815622091293335,0.961309552192688,0.3779928386211395,0.4102534055709839,0.06448227912187576,0.042793843895196915
3295,-18.2426,-7.9113,-26.1539,-16.4219,-8.8047,0.0,0.0,0.9907166957855225,0.7858921885490417,0.8556122183799744,0.18341463804244995,0.9601934552192688,0.3893812298774719,0.3901197016239166,0.07618159055709839,0.039839863777160645
3300,-17.5207,-8.0824,-25.6031,-15.3594,-9.125,0.0,0.0,0.9942626357078552,0.7832297682762146,0.8610354065895081,0.16837315261363983,0.9601934552192688,0.4335743188858032,0.3564598858356476,0.07132307440042496,0.03416511043906212
3305,-16.9648,-8.1676,-25.1324,-14.875,-8.6406,0.0,0.0,0.9965300559997559,0.7762895226478577,0.9065308570861816,0.14550264179706573,0.9747023582458496,0.4704602062702179,0.3308069109916687,0.06487096101045609,0.029384328052401543
3310,-15.6348,-9.1098,-24.7445,-13.3359,-9.9609,0.0,0.0,0.9912421107292175,0.715036928653717,0.8629795908927917,0.14896073937416077,0.941592276096344,0.510377824306488,0.27347636222839355,0.07800839841365814,0.03365982696413994
3315,-16.3035,-8.568,-24.8715,-14.3125,-9.1562,0.0,0.0,0.994966983795166,0.741952121257782,0.8993362784385681,0.18933333456516266,0.9713541865348816,0.49424752593040466,0.3018501102924347,0.07027363032102585,0.02915111929178238
3320,-17.027,-8.2074,-25.2344,-15.2031,-8.9688,0.0,0.0,0.9956658482551575,0.7665709257125854,0.891920804977417,0.17167381942272186,0.972842276096344,0.45736163854599,0.33834731578826904,0.07264459133148193,0.027168843895196915
3325,-16.9281,-8.1285,-25.0566,-14.3047,-10.1094,0.0,0.0,0.995593249797821,0.7841837406158447,0.9057750701904297,0.16426512598991394,0.960565447807312,0.47629043459892273,0.32831934094429016,0.06393811851739883,0.026974502950906754
3330,-16.202,-8.7441,-24.9461,-14.7109,-9.7422,0.0,0.0,0.992154061794281,0.7325717210769653,0.8850692510604858,0.13766233623027802,0.9620535969734192,0.49043843150138855,0.2994014322757721,0.07575403898954391,0.029928483068943024
3335,-14.9883,-9.409,-24.3973,-12.3438,-10.4219,0.0,0.0,0.9939883947372437,0.6883929967880249,0.8411071300506592,0.10935738682746887,0.9542410969734192,0.5431047677993774,0.2421097606420517,0.07583177834749222,0.034476056694984436
3340,-17.0969,-8.3348,-25.4316,-15.4219,-8.5078,0.0,0.0,0.9949503540992737,0.760654628276825,0.882019579410553,0.1437346488237381,0.9538690447807312,0.4464396834373474,0.34200093150138855,0.0754430964589119,0.03163868188858032
3345,-16.4715,-8.5602,-25.0316,-14.3203,-9.1875,0.0,0.0,0.9952956438064575,0.7557128667831421,0.8695192933082581,0.13446475565433502,0.9516369104385376,0.47920554876327515,0.31296640634536743,0.07357742637395859,0.029773009940981865
3350,-16.4754,-8.5266,-25.002,-14.0234,-9.3594,0.0,0.0,0.9939263463020325,0.7559065222740173,0.8787878751754761,0.13425345718860626,0.9654017686843872,0.48635727167129517,0.30764147639274597,0.07054571062326431,0.030977923423051834
3355,-17.0035,-8.7594,-25.7629,-14.6797,-9.6406,0.0,0.0,0.9947041869163513,0.7174461483955383,0.8704883456230164,0.13082259893417358,0.9427083134651184,0.4256840944290161,0.33908581733703613,0.09153451770544052,0.03921797126531601
3360,-15.6777,-9.2477,-24.9254,-13.3281,-9.4141,0.0,0.0,0.9952377080917358,0.6903994679450989,0.8441498875617981,0.09251101315021515,0.953125,0.4978622496128082,0.2773243188858032,0.0850435346364975,0.03529229015111923
3365,-16.7563,-8.3902,-25.1465,-15.9375,-8.5781,0.0,0.0,0.9950122833251953,0.7645263671875,0.8988128900527954,0.1342756152153015,0.9575892686843872,0.4753575921058655,0.31840795278549194,0.06875777244567871,0.03299906849861145
3370,-16.718,-8.3461,-25.0641,-14.5781,-9.0234,0.0,0.0,0.9953457713127136,0.7572358846664429,0.8977023959159851,0.1144130751490593,0.9787946343421936,0.47601833939552307,0.32229477167129517,0.07105099409818649,0.026158271357417107
3375,-15.8402,-9.0738,-24.9141,-14.8203,-9.2656,0.0,0.0,0.9955043792724609,0.689978301525116,0.8794457316398621,0.1274038404226303,0.9717261791229248,0.49280938506126404,0.2862251102924347,0.0841495618224144,0.03233831003308296
3380,-17.4738,-7.7063,-25.1801,-16.7891,-7.8594,0.0,0.0,0.9977387189865112,0.8117122054100037,0.9391845464706421,0.10901162773370743,0.9825148582458496,0.46408581733703613,0.3484530448913574,0.05624222755432129,0.02674129419028759
3385,-17.6477,-7.7559,-25.4035,-17.2422,-7.8438,0.0,0.0,0.9962579607963562,0.8034512400627136,0.9159823060035706,0.11170212924480438,0.984747052192688,0.4466340243816376,0.3581312298774719,0.061528295278549194,0.029228854924440384
3390,-15.2684,-9.1617,-24.4301,-14.1172,-8.8906,0.0,0.0,0.9940845370292664,0.7093678712844849,0.8823860287666321,0.07535885274410248,0.9654017686843872,0.5387904047966003,0.25516945123672485,0.06906872242689133,0.03249378129839897
3395,-16.6211,-8.3348,-24.9559,-15.7656,-8.1484,0.0,0.0,0.9981021881103516,0.7638247609138489,0.9231714606285095,0.08862433582544327,0.9709821343421936,0.4915267527103424,0.3113728165626526,0.06323849409818649,0.029384328052401543
3400,-15.2215,-9.2215,-24.443,-13.7734,-9.2734,0.0,0.0,0.9941818714141846,0.6998754739761353,0.8714128136634827,0.06462585180997849,0.9776785969734192,0.5411224961280823,0.24968905746936798,0.07042910158634186,0.034281715750694275
3405,-16.9465,-8.2312,-25.1777,-16.0938,-8.2891,0.0,0.0,0.9964669942855835,0.7712988257408142,0.9033639430999756,0.11329479515552521,0.9899553656578064,0.4730643630027771,0.3252876102924347,0.06354943662881851,0.03362095728516579
3410,-14.9828,-9.318,-24.3008,-13.8125,-9.2422,0.0,0.0,0.995404064655304,0.6867527365684509,0.8724544644355774,0.0857519805431366,0.952752947807312,0.5497123599052429,0.2438199669122696,0.07252798229455948,0.029462065547704697
3415,-15.7156,-8.9047,-24.6203,-14.5859,-9.0078,0.0,0.0,0.995525062084198,0.721696138381958,0.8801136612892151,0.08908406645059586,0.984375,0.5211442708969116,0.2749922275543213,0.06840796023607254,0.030977923423051834
3420,-14.7621,-9.3059,-24.068,-14.3203,-9.2812,0.0,0.0,0.9961630702018738,0.7031170725822449,0.863981306552887,0.051442909985780716,0.9732142686843872,0.5672807693481445,0.23068252205848694,0.06658115983009338,0.030977923423051834
3425,-17.7703,-7.5586,-25.3289,-17.4922,-7.0391,0.0,0.0,0.9972487092018127,0.8194235563278198,0.9212765693664551,0.11412268131971359,0.9921875,0.4520755708217621,0.3613961338996887,0.054804105311632156,0.02724657952785492
3430,-16.0156,-8.5754,-24.591,-16.1328,-8.4688,0.0,0.0,0.9970727562904358,0.7603898644447327,0.8972644209861755,0.06423357874155045,0.969122052192688,0.5178405046463013,0.2871190905570984,0.06393811851739883,0.026624688878655434
3435,-17.3891,-7.8652,-25.2543,-16.4922,-7.9609,0.0,0.0,0.9975292086601257,0.7945539355278015,0.9022602438926697,0.08069620281457901,0.9866071343421936,0.456195592880249,0.3511349558830261,0.06362717598676682,0.024564675986766815
3440,-17.2676,-7.7309,-24.9984,-16.1953,-8.4609,0.0,0.0,0.996667206287384,0.8169351816177368,0.9235807657241821,0.11908645927906036,0.984747052192688,0.47815608978271484,0.34013524651527405,0.05340484902262688,0.023826181888580322
3445,-18.4426,-7.052,-25.4945,-17.6406,-7.3984,0.0,0.0,0.9972293972969055,0.852495014667511,0.9246963858604431,0.09563758224248886,0.988095223903656,0.4348958432674408,0.38945895433425903,0.048002175986766815,0.023165423423051834
3450,-16.8238,-8.2223,-25.0461,-16.2109,-7.4922,0.0,0.0,0.9954431056976318,0.782608687877655,0.8811646103858948,0.07412398606538773,0.9866071343421936,0.47765082120895386,0.32361629605293274,0.06541511416435242,0.02884017489850521
3455,-15.4754,-8.9938,-24.4691,-15.4844,-8.5703,0.0,0.0,0.995944082736969,0.7297417521476746,0.8369629383087158,0.04522613063454628,0.984747052192688,0.536652684211731,0.2618936598300934,0.06603699922561646,0.03093905560672283
3460,-17.2555,-7.7082,-24.9637,-18.2031,-6.4844,0.0,0.0,0.9985580444335938,0.8308738470077515,0.8737941980361938,0.04694835841655731,0.9892113208770752,0.4851912260055542,0.3371424078941345,0.048351988196372986,0.02483675442636013
3465,-16.3227,-8.4066,-24.7293,-16.9375,-7.2812,0.0,0.0,0.9969419240951538,0.7811197638511658,0.8617834448814392,0.0422535203397274,0.9784226417541504,0.5083954930305481,0.2985074520111084,0.061023011803627014,0.02759639360010624
3470,-16.7664,-8.1227,-24.8891,-17.3438,-7.2656,0.0,0.0,0.9965245127677917,0.8001959919929504,0.8957632780075073,0.06301369518041611,0.9791666865348816,0.49207088351249695,0.31728076934814453,0.05779695138335228,0.028373755514621735
3475,-15.593,-8.8816,-24.4746,-17.2344,-7.7422,0.0,0.0,0.997313380241394,0.7493734359741211,0.8411158323287964,0.023923445492982864,0.9817708134651184,0.5352922677993774,0.26364272832870483,0.06409359723329544,0.03249378129839897
3480,-15.241,-9.1449,-24.3859,-15.7031,-8.4375,0.0,0.0,0.997519850730896,0.7225196957588196,0.813017725944519,0.029279278591275215,0.9858630895614624,0.5485074520111084,0.24681280553340912,0.06568718701601028,0.03451492637395859
3485,-15.0063,-9.3965,-24.4027,-15.7266,-8.0625,0.0,0.0,0.9977251887321472,0.7024524807929993,0.7966101765632629,0.024316109716892242,0.984002947807312,0.5467584133148193,0.23931126296520233,0.07108986377716064,0.03836287185549736
3490,-14.8621,-9.5512,-24.4133,-16.0156,-7.7891,0.0,0.0,0.9978207349777222,0.7161059975624084,0.7171491980552673,0.023830538615584373,0.9750744104385376,0.5528995394706726,0.22877798974514008,0.06980721652507782,0.044037625193595886
3495,-15.4574,-9.0742,-24.5316,-17.1094,-7.7109,0.0,0.0,0.9973047971725464,0.7416404485702515,0.7825832962989807,0.028969956561923027,0.9851190447807312,0.5335820913314819,0.2592117488384247,0.06650342047214508,0.036225125193595886
3500,-15.8461,-8.7328,-24.5789,-16.6641,-7.8281,0.0,0.0,0.998012363910675,0.7637315988540649,0.779724657535553,0.05289672687649727,0.9903273582458496,0.5279850959777832,0.2745646834373474,0.06211131811141968,0.030861318111419678
3505,-14.3117,-10.1164,-24.4281,-15.5312,-9.3438,0.0,0.0,0.9954137802124023,0.6633071899414062,0.6415184736251831,0.027272727340459824,0.968377947807312,0.5593516826629639,0.2082556039094925,0.08088464289903641,0.04703047126531601
3510,-13.3703,-10.8074,-24.1777,-14.2109,-9.5938,0.0,0.0,0.9955026507377625,0.6186660528182983,0.5286539196968079,0.013323983177542686,0.9627976417541504,0.5876865386962891,0.16491760313510895,0.08749222755432129,0.05542599409818649
3515,-13.059,-11.2941,-24.3531,-13.3906,-9.2188,0.0,0.0,0.9946538209915161,0.5629611015319824,0.4864864945411682,0.019807923585176468,0.957217276096344,0.5816231369972229,0.15279074013233185,0.0963541641831398,0.06475435197353363
3520,-13.6113,-10.7848,-24.3961,-14.3906,-9.1875,0.0,0.0,0.9952393770217896,0.5977061986923218,0.574240505695343,0.02389078587293625,0.9620535969734192,0.5715174078941345,0.17622824013233185,0.09083488583564758,0.05694185197353363
3525,-15.4031,-9.184,-24.5871,-16.2266,-7.8828,0.0,0.0,0.9953822493553162,0.7308388948440552,0.7704194188117981,0.061650991439819336,0.9787946343421936,0.5302783250808716,0.25761815905570984,0.07042910158634186,0.03719682991504669
3530,-13.0637,-10.8863,-23.95,-12.1719,-9.3359,0.0,0.0,0.995011031627655,0.5237262845039368,0.6406316757202148,0.03018268384039402,0.9702380895614624,0.599891185760498,0.15562811493873596,0.0910680964589119,0.04893501102924347
3535,-12.4414,-11.3949,-23.8363,-10.6406,-10.1953,0.0,0.0,0.9921538829803467,0.4579606354236603,0.5814048051834106,0.03241719678044319,0.9561011791229248,0.61427241563797,0.1303638070821762,0.09573227912187576,0.05515391752123833
3540,-13.7906,-10.1719,-23.9625,-13.7266,-9.4141,0.0,0.0,0.9932241439819336,0.615447998046875,0.7140703797340393,0.05030181258916855,0.9832589030265808,0.59083491563797,0.18870490789413452,0.07734763622283936,0.038634948432445526
3545,-14.8594,-9.4406,-24.3,-14.5781,-8.7188,0.0,0.0,0.9946696758270264,0.6956233382225037,0.7830086350440979,0.0731707289814949,0.984002947807312,0.554182231426239,0.2344527393579483,0.07182835787534714,0.03505907952785492
3550,-13.7395,-10.2086,-23.948,-12.7266,-9.6328,0.0,0.0,0.9938516616821289,0.6023126244544983,0.7584187388420105,0.03228962793946266,0.9836309552192688,0.5879197716712952,0.1882385015487671,0.07964085787534714,0.03972325846552849
3555,-12.7242,-11.1809,-23.9051,-10.8438,-10.0234,0.0,0.0,0.9900678992271423,0.4941718578338623,0.6260433793067932,0.025203853845596313,0.9598214030265808,0.6065765023231506,0.1433846354484558,0.09312810748815536,0.05243314802646637
3560,-12.207,-11.6328,-23.8398,-10.3438,-10.3672,0.0,0.0,0.9847386479377747,0.4259089529514313,0.5788313150405884,0.020454544574022293,0.9583333134651184,0.6112406849861145,0.12721548974514008,0.10576026141643524,0.051305968314409256
3565,-11.7738,-12.7664,-24.5402,-10.0625,-10.3438,0.0,0.0,0.9759950637817383,0.2961474061012268,0.49972283840179443,0.01205479446798563,0.9348958134651184,0.5683302283287048,0.11602145433425903,0.14023631811141968,0.07093439251184464
3570,-11.6652,-12.4316,-24.0969,-9.8281,-10.7656,0.0,0.0,0.9814596176147461,0.2836388647556305,0.5389186143875122,0.0138248847797513,0.937872052192688,0.5932835936546326,0.11236784607172012,0.13083022832870483,0.05904073268175125
3575,-11.8664,-12.4898,-24.3563,-9.5703,-11.375,0.0,0.0,0.9733351469039917,0.3294498324394226,0.5443804264068604,0.009821976535022259,0.9330357313156128,0.5772310495376587,0.12010261416435242,0.13487251102924347,0.0633162334561348
3580,-12.7184,-10.657,-23.3754,-10.2734,-10.4844,0.0,0.0,0.9923449158668518,0.5167115926742554,0.7221954464912415,0.02705627679824829,0.9825148582458496,0.6346781849861145,0.1442008763551712,0.0807291641831398,0.03591417893767357
3585,-12.2891,-11.4605,-23.7496,-10.0,-10.5625,0.0,0.0,0.988975465297699,0.4031830132007599,0.6194255352020264,0.015599342994391918,0.984747052192688,0.613456130027771,0.13187965750694275,0.10284514725208282,0.04734141752123833
3590,-12.8598,-10.8547,-23.7145,-10.3203,-10.4375,0.0,0.0,0.9902203679084778,0.5100330114364624,0.6790230870246887,0.02634054608643055,0.9832589030265808,0.6120569109916687,0.15302394330501556,0.08912468701601028,0.04131685197353363
3595,-12.248,-11.4664,-23.7145,-9.7266,-11.0391,0.0,0.0,0.9870285391807556,0.4271932542324066,0.6102997660636902,0.017741935327649117,0.969122052192688,0.6172652244567871,0.12892568111419678,0.10113494843244553,0.048196516931056976
3600,-11.9695,-12.1535,-24.123,-9.8203,-10.8516,0.0,0.0,0.9783470034599304,0.2957790195941925,0.6201789379119873,0.00769769074395299,0.9590773582458496,0.5887748599052429,0.12523320317268372,0.1259717047214508,0.05554259940981865
3605,-13.3617,-10.2902,-23.652,-11.2891,-10.2344,0.0,0.0,0.9939582943916321,0.5643474459648132,0.7942655682563782,0.01827956922352314,0.988467276096344,0.6111629605293274,0.17094215750694275,0.07726989686489105,0.03614738956093788
3610,-13.4281,-10.2477,-23.6758,-11.3906,-10.2188,0.0,0.0,0.9917123317718506,0.5685573816299438,0.8155589699745178,0.027807487174868584,0.9929315447807312,0.6096859574317932,0.17405161261558533,0.0754430964589119,0.03634173050522804
3615,-13.9609,-9.9086,-23.8695,-11.4688,-10.1328,0.0,0.0,0.9916321039199829,0.6323790550231934,0.81210857629776,0.027210883796215057,0.9936755895614624,0.5899020433425903,0.1968672275543213,0.07447139173746109,0.034281715750694275
3620,-12.9355,-10.6094,-23.5449,-10.8438,-10.1641,0.0,0.0,0.993600070476532,0.5101203918457031,0.760880172252655,0.007014028262346983,0.9813988208770752,0.6255441308021545,0.151702418923378,0.07948538661003113,0.038790423423051834
3625,-13.2203,-10.3703,-23.5906,-11.0469,-10.1094,0.0,0.0,0.9940980672836304,0.5499169826507568,0.7988535761833191,0.01023541484028101,0.9869791865348816,0.6190531849861145,0.1639070212841034,0.07458800077438354,0.03797418996691704
3630,-12.4262,-11.007,-23.4332,-10.3125,-10.3594,0.0,0.0,0.9904977679252625,0.4642335772514343,0.6914798021316528,0.011183597147464752,0.9813988208770752,0.6340174078941345,0.13312344253063202,0.08667599409818649,0.04170553386211395
3635,-11.932,-12.0832,-24.0152,-10.0078,-10.5938,0.0,0.0,0.9863386154174805,0.2952664792537689,0.5872450470924377,0.003367003286257386,0.9594494104385376,0.6003187298774719,0.11742071062326431,0.12006374448537827,0.057719215750694275
3640,-12.8375,-10.652,-23.4895,-10.875,-9.8672,0.0,0.0,0.9963625073432922,0.5113636255264282,0.7215253114700317,0.012464046478271484,0.984747052192688,0.6304415464401245,0.14707711338996887,0.07746423780918121,0.040539488196372986
3645,-12.691,-10.8078,-23.4988,-10.6641,-10.0312,0.0,0.0,0.9943314790725708,0.4849480092525482,0.6981939077377319,0.013307984918355942,0.9895833134651184,0.6308302283287048,0.14202424883842468,0.08177860826253891,0.040889304131269455
3650,-12.0324,-11.5941,-23.6266,-9.9844,-10.4297,0.0,0.0,0.9904240965843201,0.32899022102355957,0.6310280561447144,0.004122011363506317,0.9828869104385376,0.6250777244567871,0.11932525038719177,0.10397232323884964,0.047147076576948166
3655,-12.048,-11.6766,-23.7246,-9.9453,-10.6016,0.0,0.0,0.9839319586753845,0.32952016592025757,0.6647335886955261,0.003955696243792772,0.9776785969734192,0.6168376803398132,0.1223180964589119,0.10723724961280823,0.04912935197353363
3660,-12.0523,-11.818,-23.8703,-10.2891,-10.2656,0.0,0.0,0.9921571016311646,0.31180045008659363,0.6045016050338745,0.0020964359864592552,0.9836309552192688,0.6095693111419678,0.12154073268175125,0.10879197716712952,0.055620335042476654
3665,-12.3422,-11.2523,-23.5945,-10.1328,-10.4141,0.0,0.0,0.9927923679351807,0.37957724928855896,0.6900826692581177,0.007712082471698523,0.9895833134651184,0.6255441308021545,0.13055814802646637,0.09406094253063202,0.04535914212465286
3670,-12.2516,-11.0375,-23.2891,-10.3281,-10.2344,0.0,0.0,0.9929256439208984,0.4319189488887787,0.6753488183021545,0.0076045626774430275,0.9858630895614624,0.6483209133148193,0.12274564802646637,0.08356653898954391,0.040889304131269455
3675,-12.3313,-11.1441,-23.4754,-10.2734,-10.2969,0.0,0.0,0.9920098185539246,0.41346439719200134,0.680341899394989,0.006523765157908201,0.9892113208770752,0.6323849558830261,0.13048040866851807,0.09095149487257004,0.04170553386211395
3680,-11.684,-12.475,-24.159,-10.1562,-10.1328,0.0,0.0,0.988243043422699,0.252671480178833,0.5008971095085144,0.0031847134232521057,0.9702380895614624,0.5917677283287048,0.11275652796030045,0.1299751251935959,0.061023011803627014
3685,-11.9258,-12.0031,-23.9289,-10.0,-10.4219,0.0,0.0,0.989223837852478,0.2741033136844635,0.5960264801979065,0.004313443787395954,0.969122052192688,0.6059545874595642,0.11812033504247665,0.11738184094429016,0.05406561121344566
3690,-12.1117,-11.5551,-23.6668,-10.0859,-10.4141,0.0,0.0,0.9912543892860413,0.30776575207710266,0.6759924292564392,0.00401606410741806,0.9836309552192688,0.6222015023231506,0.12212375551462173,0.10280627757310867,0.04839085787534714
3695,-12.5566,-10.7953,-23.352,-10.1875,-10.2812,0.0,0.0,0.9964694380760193,0.405206561088562,0.8129428625106812,0.003121748100966215,0.9906994104385376,0.6385261416435242,0.137360081076622,0.08228389173746109,0.0373523011803627
3700,-12.7648,-10.8594,-23.6242,-10.1406,-10.3516,0.0,0.0,0.9945231080055237,0.405145525932312,0.8123639822006226,0.006930693052709103,0.9940476417541504,0.6174207329750061,0.1495646834373474,0.0892801582813263,0.03925684094429016
3705,-13.1555,-10.4684,-23.6238,-10.5703,-10.125,0.0,0.0,0.996146559715271,0.4928083121776581,0.8274185657501221,0.0054824561811983585,0.9933035969734192,0.6152829527854919,0.16483986377716064,0.07995180040597916,0.03544776141643524
3710,-13.7441,-9.9672,-23.7113,-11.1641,-10.2031,0.0,0.0,0.9968513250350952,0.5797584056854248,0.8732317686080933,0.010739856399595737,0.996279776096344,0.6048662662506104,0.18664489686489105,0.07143967598676682,0.032571516931056976
3715,-12.9324,-10.5043,-23.4367,-10.4375,-10.2969,0.0,0.0,0.9940171241760254,0.48729559779167175,0.8172362446784973,0.007202880922704935,0.988095223903656,0.6301694512367249,0.15450093150138855,0.07847481220960617,0.032377175986766815
3720,-12.1621,-11.1391,-23.3012,-9.9219,-10.4844,0.0,0.0,0.9947260022163391,0.3270009458065033,0.7620456218719482,0.006204756908118725,0.9936755895614624,0.6411691308021545,0.12480565905570984,0.0919620618224144,0.037585511803627014
3725,-12.6242,-10.9238,-23.548,-10.2969,-10.4609,0.0,0.0,0.9966415762901306,0.36977580189704895,0.8175086975097656,0.005703422240912914,0.992559552192688,0.6249611377716064,0.14043065905570984,0.08924129605293274,0.040889304131269455
3730,-11.9629,-11.8152,-23.7781,-9.9141,-10.7344,0.0,0.0,0.9873216152191162,0.21272554993629456,0.724278450012207,0.006451612804085016,0.984002947807312,0.6100746393203735,0.12278451770544052,0.11446672677993774,0.048196516931056976
3735,-12.4316,-11.2152,-23.6469,-10.2891,-10.1016,0.0,0.0,0.9952974915504456,0.2803226709365845,0.8329287767410278,0.003484320593997836,0.9929315447807312,0.6199082732200623,0.13491137325763702,0.09608209133148193,0.04462064802646637
3740,-12.9242,-10.4961,-23.4203,-10.4062,-10.2656,0.0,0.0,0.9945068359375,0.4560648202896118,0.8802160024642944,0.002347417874261737,0.995907723903656,0.629741907119751,0.1534903645515442,0.07917443662881851,0.03311567008495331
3745,-12.6363,-10.9113,-23.5477,-10.0078,-10.4297,0.0,0.0,0.9950146675109863,0.3687089681625366,0.8529151678085327,0.005591798573732376,0.9936755895614624,0.6237173676490784,0.14210198819637299,0.08799751102924347,0.04170553386211395
3750,-12.8148,-10.5613,-23.3762,-10.1328,-10.3203,0.0,0.0,0.9962427020072937,0.43221649527549744,0.8923526406288147,0.0011467889416962862,0.9985119104385376,0.6310245394706726,0.1508084535598755,0.07979632914066315,0.03389303386211395
3755,-13.2832,-10.2293,-23.5125,-10.5234,-10.3594,0.0,0.0,0.9983727335929871,0.49942222237586975,0.9190904498100281,0.004739336669445038,0.9970238208770752,0.6210354566574097,0.16818252205848694,0.07349968701601028,0.03280472755432129
3760,-12.8219,-10.525,-23.3469,-10.4375,-10.1797,0.0,0.0,0.9977418184280396,0.43229714035987854,0.8989796042442322,0.006674082484096289,0.9921875,0.6368547677993774,0.1475435346364975,0.07618159055709839,0.03494247421622276
3765,-12.798,-10.5434,-23.3414,-10.2969,-10.3906,0.0,0.0,0.998591959476471,0.4239979088306427,0.8918245434761047,0.007001166697591543,0.995907723903656,0.6349113583564758,0.1493314653635025,0.07796952873468399,0.03331001102924347
3770,-13.0609,-10.9328,-23.9938,-10.3281,-10.4453,0.0,0.0,0.995967447757721,0.35857513546943665,0.8843590617179871,0.0026714159175753593,0.9966517686843872,0.5879586338996887,0.16476212441921234,0.09915267676115036,0.043648943305015564
3775,-12.7422,-10.8063,-23.5484,-10.1406,-10.2344,0.0,0.0,0.9949308633804321,0.3753260374069214,0.8868175745010376,0.00410677632316947,0.9944196343421936,0.6210743188858032,0.14902052283287048,0.087569959461689,0.03785758838057518
3780,-12.4527,-10.9527,-23.4055,-10.1484,-10.3594,0.0,0.0,0.9975508451461792,0.3203102648258209,0.8731949329376221,0.002967359032481909,0.9910714030265808,0.6347947716712952,0.13530005514621735,0.08613184094429016,0.03929571062326431
3785,-12.6961,-10.8316,-23.5277,-10.1094,-10.5078,0.0,0.0,0.9937453269958496,0.3592877984046936,0.9182692170143127,0.00399600388482213,0.9906994104385376,0.62142413854599,0.14626088738441467,0.08893034607172012,0.03890702873468399
3790,-13.7566,-10.0266,-23.7832,-11.5469,-10.3281,0.0,0.0,0.9979177713394165,0.5228530168533325,0.9551637172698975,0.008663366548717022,0.999627947807312,0.59732586145401,0.18963775038719177,0.0771532952785492,0.03140547126531601
3795,-13.1418,-10.3328,-23.4746,-10.5625,-10.0,0.0,0.0,0.9991925954818726,0.4601684808731079,0.932812511920929,0.005787036847323179,0.9981398582458496,0.6258162260055542,0.16149720549583435,0.0746268630027771,0.033582091331481934
3800,-14.2172,-9.6082,-23.8254,-11.5078,-10.125,0.0,0.0,0.9996034502983093,0.6049703359603882,0.9513543248176575,0.012693935073912144,0.9977678656578064,0.5880752205848694,0.20957711338996887,0.0703125,0.027557525783777237
3805,-13.1758,-10.0738,-23.2496,-10.3438,-10.1562,0.0,0.0,0.99835604429245,0.5235589742660522,0.9523809552192688,0.00136239780113101,0.9988839030265808,0.6383706331253052,0.1625077724456787,0.06611473858356476,0.028529228642582893
3810,-13.1746,-10.2719,-23.4465,-10.5,-10.0781,0.0,0.0,0.997940182685852,0.47948113083839417,0.9556472301483154,0.004761904943734407,0.995907723903656,0.6227067708969116,0.1648010015487671,0.07536535710096359,0.03264925256371498
3815,-14.0039,-10.0875,-24.0914,-11.1328,-10.5234,0.0,0.0,0.9979687333106995,0.5231825709342957,0.9490566253662109,0.002197802299633622,0.9921875,0.574043869972229,0.20370802283287048,0.08240050077438354,0.03537002578377724
3820,-12.9887,-10.5488,-23.5375,-10.3828,-10.1719,0.0,0.0,0.997677206993103,0.43017578125,0.9070315957069397,0.0033482143189758062,0.9903273582458496,0.6191309094429016,0.15920397639274597,0.0823616310954094,0.03482586890459061
3825,-12.7934,-10.6793,-23.4727,-10.0234,-10.7734,0.0,0.0,0.996161937713623,0.38323667645454407,0.916588544845581,0.0,0.9981398582458496,0.6278762221336365,0.1474657952785492,0.08294465392827988,0.037235695868730545
3830,-12.8,-10.734,-23.534,-10.2812,-10.3281,0.0,0.0,0.99750155210495,0.37341609597206116,0.9092970490455627,0.004175365436822176,0.9906994104385376,0.6222792267799377,0.1503031700849533,0.08570428937673569,0.037235695868730545
3835,-12.6391,-10.8965,-23.5355,-10.2969,-10.3203,0.0,0.0,0.997391939163208,0.3294053077697754,0.9001798629760742,0.006585136521607637,0.9944196343421936,0.6259328126907349,0.14182990789413452,0.08644278347492218,0.04131685197353363
3840,-13.2328,-10.3758,-23.6086,-10.7969,-10.3516,0.0,0.0,0.9953691959381104,0.500694751739502,0.8838235139846802,0.0021786491852253675,0.9933035969734192,0.6127176880836487,0.16783271729946136,0.07929104566574097,0.035680968314409256
3845,-13.2344,-10.0059,-23.2402,-10.5938,-10.2422,0.0,0.0,0.9987756609916687,0.5575405955314636,0.9059029817581177,0.010233918204903603,0.9981398582458496,0.6349113583564758,0.16752175986766815,0.06650342047214508,0.02658582106232643
3850,-14.4195,-9.6313,-24.0508,-11.8672,-10.0391,0.0,0.0,0.9964693188667297,0.6166989803314209,0.9263044595718384,0.01417525764554739,0.9955357313156128,0.5724502205848694,0.22065454721450806,0.07225590944290161,0.030161691829562187
3855,-13.2641,-10.1457,-23.4098,-10.3984,-10.1641,0.0,0.0,0.9983314871788025,0.5436573028564453,0.8882521390914917,0.005787036847323179,0.9947916865348816,0.6289645433425903,0.16515080630779266,0.06782493740320206,0.033582091331481934
3860,-13.2367,-10.0387,-23.2754,-10.6875,-10.2891,0.0,0.0,0.9973152875900269,0.5668880343437195,0.8740435838699341,0.006793478038161993,0.9951636791229248,0.6370102763175964,0.16386815905570984,0.06603699922561646,0.028606964275240898
3865,-14.6344,-9.5273,-24.1617,-11.8516,-10.2812,0.0,0.0,0.996658980846405,0.6428811550140381,0.909989595413208,0.007547169923782349,0.995907723903656,0.558418869972229,0.23149876296520233,0.0747046023607254,0.03090018592774868
3870,-14.3703,-9.4742,-23.8445,-12.4453,-9.4219,0.0,0.0,0.9967502355575562,0.6579375267028809,0.899013340473175,0.00997150968760252,0.992559552192688,0.5860540866851807,0.21521300077438354,0.0669698417186737,0.027285447344183922
3875,-13.7867,-10.0426,-23.8293,-11.0703,-10.3906,0.0,0.0,0.9969470500946045,0.5837458968162537,0.8381876945495605,0.0159066803753376,0.995907723903656,0.5983753204345703,0.18843284249305725,0.07206156849861145,0.03665267303586006
3880,-14.0117,-9.8539,-23.8656,-11.6172,-10.2109,0.0,0.0,0.9953837990760803,0.6031653881072998,0.867639422416687,0.003865979379042983,0.9921875,0.5893967747688293,0.20137593150138855,0.07458800077438354,0.030161691829562187
3885,-13.2812,-9.9648,-23.2461,-10.8594,-10.0625,0.0,0.0,0.9965180158615112,0.5743840336799622,0.9018441438674927,0.0029112081974744797,0.9992559552192688,0.6362717747688293,0.16721081733703613,0.06533737480640411,0.02670242451131344
3890,-14.3562,-9.6031,-23.9594,-11.0391,-10.3125,0.0,0.0,0.9952104687690735,0.619596004486084,0.935863196849823,0.0071326675824820995,0.9977678656578064,0.5761815905570984,0.21937188506126404,0.07272232323884964,0.02724657952785492
3895,-13.5617,-10.0109,-23.5727,-10.3828,-10.4766,0.0,0.0,0.995450496673584,0.5595573782920837,0.9173553586006165,0.007594936527311802,0.991815447807312,0.6151275038719177,0.17914333939552307,0.07054571062326431,0.03070584498345852
3900,-12.8816,-10.7102,-23.5918,-10.2422,-10.2422,0.0,0.0,0.9940093159675598,0.40296632051467896,0.8890368342399597,0.007360673043876886,0.9973958134651184,0.6163712739944458,0.1546175330877304,0.087569959461689,0.03696361929178238
3905,-12.5211,-11.1582,-23.6793,-10.0078,-10.8281,0.0,0.0,0.9888447523117065,0.3253706693649292,0.8325143456459045,0.013774104416370392,0.995907723903656,0.6167210936546326,0.14155784249305725,0.09491604566574097,0.04232742637395859
3910,-12.4523,-11.2488,-23.7012,-9.9844,-10.9688,0.0,0.0,0.9856690168380737,0.32462477684020996,0.8375968933105469,0.01007326040416956,0.9747023582458496,0.61295086145401,0.13984763622283936,0.10027985274791718,0.042444031685590744
3915,-12.7527,-10.6176,-23.3703,-10.0078,-10.5938,0.0,0.0,0.9889529943466187,0.447639137506485,0.8857696056365967,0.016872890293598175,0.9929315447807312,0.633317768573761,0.14734919369220734,0.08030162006616592,0.03455379232764244
3920,-12.5367,-10.9699,-23.5066,-9.9609,-11.0625,0.0,0.0,0.9858080744743347,0.37401893734931946,0.868136465549469,0.009513742290437222,0.9903273582458496,0.6216962337493896,0.14361785352230072,0.09343905746936798,0.03676927834749222
3925,-12.382,-11.5652,-23.9473,-9.9062,-10.9609,0.0,0.0,0.9842662811279297,0.2522222101688385,0.8254985809326172,0.007194244768470526,0.9858630895614624,0.597831130027771,0.13992537558078766,0.10914178937673569,0.04862406849861145
3930,-12.9547,-10.6086,-23.5633,-10.5469,-10.5,0.0,0.0,0.9937837719917297,0.4333912134170532,0.8947124481201172,0.009708737954497337,0.988095223903656,0.619014322757721,0.15667754411697388,0.08379974961280823,0.036030784249305725
3935,-12.4422,-11.0688,-23.5109,-9.9844,-10.5469,0.0,0.0,0.9935575723648071,0.32171428203582764,0.8345173597335815,0.0029880478978157043,0.9877232313156128,0.6274486780166626,0.13603855669498444,0.09301150590181351,0.03902363032102585
3940,-13.3914,-10.1652,-23.5566,-11.1797,-10.4531,0.0,0.0,0.9959047436714172,0.5209798216819763,0.9153329730033875,0.002433090005069971,0.9944196343421936,0.6169154047966003,0.17136971652507782,0.07528762519359589,0.03194962814450264
3945,-14.5398,-9.3707,-23.9105,-11.9766,-10.3125,0.0,0.0,0.9953681826591492,0.6512393951416016,0.9405374526977539,0.020800000056624413,0.9988839030265808,0.5790189504623413,0.22423040866851807,0.06798040866851807,0.02429259940981865
3950,-14.6637,-9.3035,-23.9672,-12.2344,-10.2422,0.0,0.0,0.9972881078720093,0.6650815010070801,0.9333719611167908,0.023668639361858368,0.9985119104385376,0.5733053684234619,0.22885571420192719,0.06708644330501556,0.026274874806404114
3955,-14.7949,-9.3691,-24.1641,-12.5312,-9.9531,0.0,0.0,0.9956331849098206,0.6519018411636353,0.9482182860374451,0.016129031777381897,0.9951636791229248,0.5607509613037109,0.23604632914066315,0.06980721652507782,0.028917910531163216
3960,-14.6441,-9.3203,-23.9645,-12.8047,-10.0156,0.0,0.0,0.9967007637023926,0.6557489037513733,0.9453681707382202,0.018691588193178177,0.9947916865348816,0.5772699117660522,0.22784514725208282,0.06545397639274597,0.024953357875347137
3965,-13.9859,-9.8305,-23.8164,-11.8594,-10.2422,0.0,0.0,0.9971988797187805,0.5745059251785278,0.9417902231216431,0.012376237660646439,0.9955357313156128,0.59666508436203,0.19667288661003113,0.07077892124652863,0.03140547126531601
3970,-12.75,-10.7309,-23.4809,-10.25,-10.2969,0.0,0.0,0.9949894547462463,0.39978650212287903,0.883325457572937,0.003960396163165569,0.995907723903656,0.6283426880836487,0.14563898742198944,0.08228389173746109,0.03925684094429016
3975,-12.4602,-11.2227,-23.6828,-10.1094,-10.1562,0.0,0.0,0.9934706091880798,0.29876115918159485,0.8246833086013794,0.005862646736204624,0.988095223903656,0.6190920472145081,0.13491137325763702,0.09511038661003113,0.04640858247876167
3980,-12.5012,-11.0141,-23.5152,-10.1562,-10.3438,0.0,0.0,0.9935707449913025,0.3359954357147217,0.8498905897140503,0.005591798573732376,0.9914434552192688,0.628731369972229,0.13627175986766815,0.08881374448537827,0.04170553386211395
3985,-12.5027,-11.352,-23.8547,-10.2031,-10.2266,0.0,0.0,0.99181067943573,0.2829403579235077,0.8464163541793823,0.001550387591123581,0.9858630895614624,0.6027674078941345,0.14011971652507782,0.10249533504247665,0.05013992637395859
3990,-12.0227,-11.8492,-23.8719,-9.9531,-10.6094,0.0,0.0,0.9833923578262329,0.16144055128097534,0.800000011920929,0.0038491147570312023,0.988095223903656,0.6038168668746948,0.12519434094429016,0.11602145433425903,0.05048973858356476
3995,-11.9688,-12.2113,-24.1801,-9.5156,-11.3438,0.0,0.0,0.9677311778068542,0.13327205181121826,0.7979946732521057,0.000705716316588223,0.984747052192688,0.5817785859107971,0.1268656700849533,0.13180193305015564,0.05507618188858032
4000,-12.3727,-11.7586,-24.1313,-9.9219,-10.8125,0.0,0.0,0.980507493019104,0.21086712181568146,0.8327112197875977,0.0063965884037315845,0.9862351417541504,0.5882307291030884,0.13805970549583435,0.11454446613788605,0.0546875
4005,-12.6438,-10.6727,-23.3164,-10.0938,-10.7266,0.0,0.0,0.9940261840820312,0.39375001192092896,0.9171483516693115,0.006825938355177641,0.9888392686843872,0.6376321315765381,0.14303483068943024,0.08069030195474625,0.03416511043906212
4010,-13.6023,-9.7703,-23.3727,-10.5391,-10.2344,0.0,0.0,0.9955633282661438,0.5985106229782104,0.944314181804657,0.019017431885004044,0.996279776096344,0.6220071315765381,0.18268035352230072,0.06630907952785492,0.024525808170437813
4015,-12.9672,-10.3504,-23.3176,-10.1953,-10.9922,0.0,0.0,0.9944171905517578,0.4893776476383209,0.9053010940551758,0.015075377188622952,0.9895833134651184,0.6335510015487671,0.1555114984512329,0.0755208358168602,0.03093905560672283
4020,-12.3211,-10.9781,-23.2992,-9.8516,-10.8359,0.0,0.0,0.9856197834014893,0.3511018455028534,0.8655866980552673,0.008724099956452847,0.9933035969734192,0.6405861377716064,0.13051928579807281,0.08877487480640411,0.0356421023607254
4025,-12.118,-11.5766,-23.6945,-9.7031,-10.9453,0.0,0.0,0.9783267974853516,0.2320341020822525,0.8364553451538086,0.005199306644499302,0.988467276096344,0.6151275038719177,0.12764303386211395,0.10789801180362701,0.044853854924440384
4030,-12.3918,-12.3098,-24.7016,-9.0156,-12.6484,0.0,0.0,0.9700035452842712,0.18584780395030975,0.7775928974151611,0.006650544237345457,0.9747023582458496,0.5455146431922913,0.14556126296520233,0.14015857875347137,0.0642879381775856
4035,-12.1527,-11.991,-24.1437,-9.2734,-11.9688,0.0,0.0,0.9593648910522461,0.24075618386268616,0.8100889921188354,0.005789909046143293,0.9784226417541504,0.5777363181114197,0.1398087739944458,0.13098569214344025,0.046991605311632156
4040,-12.7336,-10.8785,-23.6121,-9.7188,-11.2891,0.0,0.0,0.9819916486740112,0.41381949186325073,0.8810833692550659,0.013993541710078716,0.9810267686843872,0.6151275038719177,0.15244092047214508,0.09184546023607254,0.03610851988196373
4045,-12.8715,-10.6613,-23.5328,-9.9766,-10.7266,0.0,0.0,0.9870955348014832,0.47567030787467957,0.8367620706558228,0.010112359188497066,0.9940476417541504,0.6174595952033997,0.15656094253063202,0.0869092047214508,0.03459266200661659
4050,-12.7855,-11.009,-23.7945,-9.5625,-11.4609,0.0,0.0,0.9843394756317139,0.4124390184879303,0.8148431777954102,0.007470651064068079,0.9869791865348816,0.5981420874595642,0.15935945510864258,0.10160136967897415,0.03641946613788605
4055,-12.8035,-10.6543,-23.4578,-10.0156,-10.6719,0.0,0.0,0.9898035526275635,0.4537181556224823,0.8618809580802917,0.008800880052149296,0.9854910969734192,0.6251554489135742,0.1494869440793991,0.08554881811141968,0.035331156104803085
4060,-12.0766,-11.9957,-24.0723,-9.1406,-12.1641,0.0,0.0,0.9654759764671326,0.3165426552295685,0.6985472440719604,0.008271298371255398,0.9717261791229248,0.5843050479888916,0.13580535352230072,0.1284203976392746,0.046991605311632156
4065,-12.1191,-12.0945,-24.2137,-8.5859,-13.2734,0.0,0.0,0.9679284691810608,0.33352112770080566,0.635984480381012,0.0055555556900799274,0.9758184552192688,0.5780861377716064,0.13798196613788605,0.13048040866851807,0.04897388070821762
4070,-11.6898,-12.4973,-24.1871,-7.2891,-15.7266,0.0,0.0,0.947921633720398,0.31444674730300903,0.619533896446228,0.0009066183120012283,0.9739583134651184,0.5731887221336365,0.131024569272995,0.1484375,0.04287157952785492
4075,-12.2289,-11.9301,-24.159,-8.5312,-13.4766,0.0,0.0,0.9622002243995667,0.4041987657546997,0.6467836499214172,0.0,0.9654017686843872,0.5737717747688293,0.14626088738441467,0.13292910158634186,0.0425606332719326
4080,-13.4777,-10.9758,-24.4535,-9.5859,-11.7188,0.0,0.0,0.9780872464179993,0.5111381411552429,0.7416843771934509,0.013286094181239605,0.9758184552192688,0.5498678684234619,0.19193096458911896,0.10984142124652863,0.04388215020298958
4085,-12.8418,-11.548,-24.3898,-8.6641,-13.5391,0.0,0.0,0.9641072750091553,0.49226629734039307,0.6519770622253418,0.0236518457531929,0.9601934552192688,0.552277684211731,0.17339086532592773,0.12877021729946136,0.041083645075559616
4090,-13.0711,-11.3426,-24.4137,-9.2188,-11.9375,0.0,0.0,0.974351704120636,0.4715481996536255,0.696198582649231,0.01814708672463894,0.9654017686843872,0.5501010417938232,0.18100902438163757,0.12371735274791718,0.040694963186979294
4095,-12.4867,-11.4285,-23.9152,-9.2422,-11.9375,0.0,0.0,0.9761040210723877,0.4230186641216278,0.6845794320106506,0.023579850792884827,0.9791666865348816,0.5888137221336365,0.15399564802646637,0.11644900590181351,0.03626399114727974
4100,-12.3578,-11.5973,-23.9551,-9.7266,-11.0391,0.0,0.0,0.9882591962814331,0.38349515199661255,0.6303253769874573,0.0117647061124444,0.9706101417541504,0.592583954334259,0.1441231369972229,0.11586598306894302,0.042949315160512924
4105,-12.05,-11.4629,-23.5129,-9.5469,-11.2109,0.0,0.0,0.9837327599525452,0.33674103021621704,0.7008166313171387,0.015810277312994003,0.984747052192688,0.6260105967521667,0.12546642124652863,0.10471081733703613,0.039334576576948166
4110,-11.6391,-12.9328,-24.5719,-9.625,-11.2656,0.0,0.0,0.964780867099762,0.27250155806541443,0.524402379989624,0.009210526011884212,0.9475446343421936,0.5551150441169739,0.12523320317268372,0.1560945212841034,0.0590796023607254
4115,-11.2262,-13.6145,-24.8406,-9.3125,-11.8906,0.0,0.0,0.9623977541923523,0.22420506179332733,0.4553552567958832,0.0032320620957762003,0.925967276096344,0.5323383212089539,0.1197916641831398,0.1832633763551712,0.06012904271483421
4120,-11.4438,-12.7469,-24.1906,-9.8047,-10.8125,0.0,0.0,0.9759641289710999,0.24983344972133636,0.4974874258041382,0.012112036347389221,0.961309552192688,0.580534815788269,0.11668221652507782,0.14696051180362701,0.05134483799338341
4125,-11.9285,-12.3855,-24.3141,-9.2422,-11.7734,0.0,0.0,0.9750221371650696,0.2789737582206726,0.5924475789070129,0.01230992004275322,0.96875,0.5710898637771606,0.13180193305015564,0.13895367085933685,0.05367692932486534
4130,-11.4023,-13.1871,-24.5895,-8.7812,-12.8594,0.0,0.0,0.960466742515564,0.2706407308578491,0.48341014981269836,0.010541110299527645,0.9482886791229248,0.5495957732200623,0.12192941457033157,0.16868780553340912,0.05530938878655434
4135,-12.0758,-11.6434,-23.7191,-9.8828,-10.6562,0.0,0.0,0.9873272776603699,0.3485526740550995,0.6265102028846741,0.004591368138790131,0.9895833134651184,0.6103466749191284,0.13024720549583435,0.11260105669498444,0.04232742637395859
4140,-11.4812,-13.6445,-25.1258,-7.9297,-14.5625,0.0,0.0,0.9559767842292786,0.3310384452342987,0.4121689796447754,0.007222586777061224,0.9419642686843872,0.5085510015487671,0.1354943960905075,0.19228078424930573,0.05919620767235756
4145,-12.027,-11.6004,-23.6273,-9.6328,-11.1094,0.0,0.0,0.976742684841156,0.38989487290382385,0.6498655676841736,0.014396456070244312,0.972470223903656,0.6116682291030884,0.13308458030223846,0.11567164212465286,0.03509794920682907
4150,-11.9395,-12.0285,-23.968,-9.5312,-11.3359,0.0,0.0,0.9688284397125244,0.36432087421417236,0.6184249520301819,0.013888888992369175,0.9624255895614624,0.5885416865348816,0.13421174883842468,0.13079135119915009,0.04197761043906212
4155,-11.5961,-13.0211,-24.6172,-8.9453,-12.6016,0.0,0.0,0.9637179970741272,0.2680659592151642,0.5406811833381653,0.012430938892066479,0.9270833134651184,0.5452814102172852,0.12962530553340912,0.16433458030223846,0.05628109350800514
4160,-12.3938,-11.0344,-23.4281,-9.8125,-10.9375,0.0,0.0,0.9843509197235107,0.44343116879463196,0.7204166650772095,0.01666666753590107,0.9832589030265808,0.6308690905570984,0.1363883763551712,0.09328357875347137,0.034981343895196915
4165,-11.0484,-14.148,-25.1965,-9.0938,-12.5156,0.0,0.0,0.9313297867774963,0.2580750286579132,0.449550062417984,0.010149253532290459,0.8999255895614624,0.5082789063453674,0.11913090944290161,0.20300839841365814,0.0651041641831398
4170,-10.7227,-14.8359,-25.5586,-8.0625,-14.4844,0.0,0.0,0.9275116920471191,0.19788359105587006,0.42207345366477966,0.007081436458975077,0.863467276096344,0.48204290866851807,0.1101912334561348,0.22644589841365814,0.07684235274791718
4175,-12.3555,-11.4203,-23.7758,-9.8594,-10.6797,0.0,0.0,0.9888810515403748,0.36985915899276733,0.6985946893692017,0.014072119258344173,0.9676339030265808,0.6082478165626526,0.13798196613788605,0.10509949922561646,0.044193096458911896
4180,-12.2438,-11.8863,-24.1301,-9.75,-10.9922,0.0,0.0,0.9794054627418518,0.34087103605270386,0.6556042432785034,0.0023809524718672037,0.9601934552192688,0.5831778645515442,0.13922575116157532,0.12414489686489105,0.04897388070821762
4185,-11.6023,-12.1262,-23.7285,-9.9219,-10.5312,0.0,0.0,0.9743962287902832,0.2514886260032654,0.6384323835372925,0.001662510447204113,0.9594494104385376,0.6148165464401245,0.11096859723329544,0.12297885864973068,0.046758394688367844
4190,-12.2449,-11.8172,-24.0621,-9.9531,-10.6094,0.0,0.0,0.9876835942268372,0.2678520083427429,0.698692798614502,0.009160305373370647,0.9787946343421936,0.5901352763175964,0.13553327322006226,0.11893656849861145,0.05091729015111923
4195,-12.3781,-11.4078,-23.7859,-10.3203,-10.1328,0.0,0.0,0.9937927722930908,0.3092934489250183,0.7403206825256348,0.0038940811064094305,0.9869791865348816,0.6136505007743835,0.13257929682731628,0.09938587993383408,0.049906715750694275
4200,-12.1809,-11.534,-23.7148,-10.1094,-10.3203,0.0,0.0,0.9932564496994019,0.255384624004364,0.7404946684837341,0.008237232454121113,0.9832589030265808,0.6167210936546326,0.12632152438163757,0.10529384016990662,0.04718594625592232
4205,-12.4035,-11.1332,-23.5367,-10.2891,-10.3594,0.0,0.0,0.9930335283279419,0.3415969908237457,0.7989242672920227,0.01021355576813221,0.9862351417541504,0.6248834133148193,0.13483364880084991,0.09394434094429016,0.04186100885272026
4210,-11.8867,-12.0965,-23.9832,-9.9609,-10.6406,0.0,0.0,0.9886186122894287,0.19432035088539124,0.6662452816963196,0.0021961932070553303,0.9743303656578064,0.5976368188858032,0.12181281298398972,0.12297885864973068,0.05309390649199486
4215,-11.7262,-12.5383,-24.2645,-9.8438,-10.8984,0.0,0.0,0.9845825433731079,0.1797790378332138,0.5971264243125916,0.0006289308075793087,0.9505208134651184,0.58236163854599,0.11609919369220734,0.1352611929178238,0.06180037185549736
4220,-11.3574,-13.2348,-24.5922,-9.6094,-11.2031,0.0,0.0,0.971945583820343,0.14373716711997986,0.5197647213935852,0.0018633540021255612,0.9520089030265808,0.554182231426239,0.11357276141643524,0.1651896834373474,0.0625777393579483
4225,-11.8445,-12.2664,-24.1109,-9.8906,-10.7812,0.0,0.0,0.9883583784103394,0.175311878323555,0.625504195690155,0.0020256582647562027,0.9750744104385376,0.5942941308021545,0.11839241534471512,0.12527208030223846,0.057563744485378265
4230,-11.9465,-11.7355,-23.682,-10.0,-10.2344,0.0,0.0,0.9909733533859253,0.21229404211044312,0.724982738494873,0.004370629321783781,0.9784226417541504,0.6157493591308594,0.12266790866851807,0.11263992637395859,0.04446517303586006
4235,-11.948,-12.0453,-23.9934,-9.8359,-11.1484,0.0,0.0,0.9854967594146729,0.1877267211675644,0.7307457327842712,0.0008183306199498475,0.9468005895614624,0.5922729969024658,0.1285758763551712,0.12717661261558533,0.04749688878655434
4240,-11.7145,-12.4938,-24.2082,-9.4688,-11.5312,0.0,0.0,0.9810941219329834,0.15309762954711914,0.6559620499610901,0.000684931525029242,0.9497767686843872,0.5797574520111084,0.11983053386211395,0.13918687403202057,0.05674751102924347
4245,-11.6227,-12.3902,-24.0129,-9.9375,-10.5234,0.0,0.0,0.9821276664733887,0.17414601147174835,0.6358885169029236,0.005243445746600628,0.9468005895614624,0.5937111377716064,0.11606032401323318,0.1338619440793991,0.05188899114727974
4250,-11.9844,-11.634,-23.6184,-10.0312,-10.125,0.0,0.0,0.9898151755332947,0.2511714994907379,0.7489331364631653,0.001784121268428862,0.9635416865348816,0.6182369589805603,0.12441697716712952,0.1092972606420517,0.04357120767235756
4255,-12.4539,-11.0242,-23.4781,-10.0859,-10.2031,0.0,0.0,0.9953534603118896,0.3522438704967499,0.8071428537368774,0.006147541105747223,0.984002947807312,0.6273709535598755,0.13770988583564758,0.09250622242689133,0.037935324013233185
4260,-12.1133,-11.4184,-23.5316,-10.0078,-10.4297,0.0,0.0,0.9920328855514526,0.29601460695266724,0.7504754662513733,0.0,0.9747023582458496,0.6244558691978455,0.1277596354484558,0.10218439251184464,0.04112251102924347
4265,-12.2363,-11.443,-23.6793,-10.0859,-10.3438,0.0,0.0,0.9949852824211121,0.27966102957725525,0.7443928718566895,0.0016708438051864505,0.9795386791229248,0.6200637221336365,0.1284203976392746,0.10051306337118149,0.04652518779039383
4270,-13.266,-10.2672,-23.5332,-10.625,-10.0156,0.0,0.0,0.9988662600517273,0.5063000917434692,0.8924343585968018,0.004678362514823675,0.996279776096344,0.6171097755432129,0.16965951025485992,0.0755208358168602,0.033232275396585464
4275,-12.8148,-10.7406,-23.5555,-10.3281,-10.2578,0.0,0.0,0.997686505317688,0.4058992564678192,0.8611623644828796,0.006679389160126448,0.995907723903656,0.6216184496879578,0.14890392124652863,0.08426617085933685,0.04073382914066315
4280,-13.2754,-10.5227,-23.798,-10.7266,-10.0469,0.0,0.0,0.996440589427948,0.453456848859787,0.8791554570198059,0.006410256493836641,0.9947916865348816,0.6005908250808716,0.1720304787158966,0.08652052283287048,0.036380596458911896
4285,-12.8234,-10.4715,-23.2949,-10.5703,-9.9609,0.0,0.0,0.9976310729980469,0.4565967619419098,0.8860892653465271,0.012154696509242058,0.9936755895614624,0.6398864984512329,0.14641635119915009,0.07404384016990662,0.035175684839487076
4290,-13.5281,-9.9773,-23.5055,-11.7969,-9.8047,0.0,0.0,0.9988712072372437,0.5784010887145996,0.8862586617469788,0.017985612154006958,0.9892113208770752,0.6197916865348816,0.17599502205848694,0.06731965392827988,0.03241604566574097
4295,-12.4457,-11.2504,-23.6961,-10.3984,-10.2109,0.0,0.0,0.9935007691383362,0.34207525849342346,0.7632312178611755,0.005123825743794441,0.9813988208770752,0.6159825921058655,0.13634949922561646,0.09767568111419678,0.04551461338996887
4300,-13.6012,-9.9672,-23.5684,-12.1484,-9.7344,0.0,0.0,0.9991133809089661,0.5696852803230286,0.8856664896011353,0.01781170442700386,0.9940476417541504,0.6137282252311707,0.1815531700849533,0.06969060748815536,0.03055037371814251
4305,-13.4695,-10.1906,-23.6602,-12.1328,-9.8359,0.0,0.0,0.9971288442611694,0.5388349294662476,0.8608695864677429,0.020454544574022293,0.9936755895614624,0.6091806888580322,0.17615050077438354,0.07598724961280823,0.03420398011803627
4310,-14.393,-9.6633,-24.0563,-13.4531,-9.4219,0.0,0.0,0.9970165491104126,0.6211714148521423,0.8912354707717896,0.015950920060276985,0.9973958134651184,0.57322758436203,0.21700093150138855,0.07361629605293274,0.031677551567554474
4315,-14.9551,-9.1625,-24.1176,-13.3125,-9.4688,0.0,0.0,0.9983454942703247,0.6962975263595581,0.8850090503692627,0.030997304245829582,0.9988839030265808,0.5638214945793152,0.23830068111419678,0.06456001102924347,0.02884017489850521
4320,-15.4441,-9.1219,-24.566,-14.3047,-9.1016,0.0,0.0,0.9971994757652283,0.7038899660110474,0.8705114126205444,0.0229357797652483,0.9936755895614624,0.5274020433425903,0.2627876102924347,0.07143967598676682,0.03389303386211395
4325,-16.9277,-8.4598,-25.3875,-15.875,-8.4219,0.0,0.0,0.998477041721344,0.754127562046051,0.8838992118835449,0.02254098281264305,0.9892113208770752,0.4593827724456787,0.3272310197353363,0.07097326219081879,0.037935324013233185
4330,-16.9238,-8.3305,-25.2543,-14.9531,-8.7891,0.0,0.0,0.997452437877655,0.7598333954811096,0.8796394467353821,0.031335148960351944,0.9944196343421936,0.45771142840385437,0.33597636222839355,0.07330534607172012,0.028529228642582893
4335,-16.4723,-8.7391,-25.2113,-14.8828,-9.2812,0.0,0.0,0.9976184368133545,0.73361736536026,0.8778705596923828,0.01656314730644226,0.988095223903656,0.4732975661754608,0.3102067708969116,0.07447139173746109,0.03754664212465286
4340,-16.3367,-8.9691,-25.3059,-14.0391,-8.9766,0.0,0.0,0.9966247081756592,0.7192465662956238,0.8510531783103943,0.008219177834689617,0.9877232313156128,0.47213152050971985,0.30332711338996887,0.07750310748815536,0.0425606332719326
4345,-14.7801,-9.4926,-24.2727,-12.8594,-9.2031,0.0,0.0,0.996299147605896,0.6891165375709534,0.7938144207000732,0.008676789700984955,0.9944196343421936,0.5566309094429016,0.23142102360725403,0.07163401693105698,0.035836443305015564
4350,-15.532,-9.1125,-24.6445,-14.0859,-8.8594,0.0,0.0,0.9969496130943298,0.708509087562561,0.8435814380645752,0.019540229812264442,0.9933035969734192,0.5224269032478333,0.26721858978271484,0.07206156849861145,0.03381529822945595
4355,-14.9875,-9.4105,-24.398,-13.2578,-9.5312,0.0,0.0,0.9984354972839355,0.6814625859260559,0.8077341914176941,0.012514220550656319,0.9955357313156128,0.5465640425682068,0.24343128502368927,0.07136193662881851,0.03416511043906212
4360,-13.5688,-10.052,-23.6207,-12.4844,-9.6719,0.0,0.0,0.9973883628845215,0.6144734025001526,0.7613940834999084,0.007202880922704935,0.988467276096344,0.6101912260055542,0.18046486377716064,0.07248912006616592,0.032377175986766815
4365,-12.8309,-10.6898,-23.5207,-11.1016,-9.8359,0.0,0.0,0.9966538548469543,0.49076029658317566,0.7441303133964539,0.0029211295768618584,0.980654776096344,0.6272543668746948,0.14723259210586548,0.08111784607172012,0.03991759940981865
4370,-12.477,-11.1879,-23.6648,-10.5156,-9.9766,0.0,0.0,0.995544970035553,0.38834673166275024,0.7174092531204224,0.007531380746513605,0.9747023582458496,0.6194418668746948,0.1354166716337204,0.09421642124652863,0.046447448432445526
4375,-13.0555,-10.6508,-23.7062,-11.2734,-9.6562,0.0,0.0,0.9943473935127258,0.488086462020874,0.8013090491294861,0.0138248847797513,0.9813988208770752,0.6119791865348816,0.15823227167129517,0.08313899487257004,0.04217195138335228
4380,-15.5504,-8.7594,-24.3098,-15.1641,-8.6953,0.0,0.0,0.9972977042198181,0.7316567897796631,0.94248366355896,0.029069768264889717,0.995907723903656,0.5465640425682068,0.26274874806404114,0.059468284249305725,0.02674129419028759
4385,-15.3609,-9.1547,-24.5156,-15.0859,-9.1094,0.0,0.0,0.9990553855895996,0.6855716705322266,0.9099099040031433,0.026966292411088943,0.9947916865348816,0.5349035859107971,0.2569962739944458,0.06902985274791718,0.03459266200661659
4390,-13.8504,-10.0371,-23.8875,-13.3359,-9.375,0.0,0.0,0.9972394108772278,0.5575525164604187,0.8937875628471375,0.014806377701461315,0.9854910969734192,0.591340184211731,0.1924751251935959,0.07758084684610367,0.034126244485378265
4395,-13.4934,-10.0668,-23.5602,-13.2031,-9.5234,0.0,0.0,0.997734010219574,0.5640624761581421,0.8717523217201233,0.009259259328246117,0.9933035969734192,0.6174984574317932,0.17412935197353363,0.0703125,0.033582091331481934
4400,-14.9617,-9.3625,-24.3242,-15.5938,-8.5625,0.0,0.0,0.9983733892440796,0.6566827893257141,0.9288840293884277,0.01276102103292942,0.996279776096344,0.5495957732200623,0.2413712739944458,0.07105099409818649,0.03350435197353363
4405,-13.1687,-10.3785,-23.5473,-12.4297,-9.2891,0.0,0.0,0.9952709674835205,0.5180400013923645,0.8328968286514282,0.010438413359224796,0.9888392686843872,0.6246501803398132,0.15943719446659088,0.07419931888580322,0.037235695868730545
4410,-14.7223,-9.4418,-24.1641,-15.25,-8.8516,0.0,0.0,0.9982811808586121,0.6537476778030396,0.9083755016326904,0.016298020258545876,0.9940476417541504,0.5653373599052429,0.22765080630779266,0.06914645433425903,0.03338775038719177
4415,-16.998,-8.2277,-25.2258,-17.5078,-7.7812,0.0,0.0,0.998849630355835,0.7716225981712341,0.9323115944862366,0.023076923564076424,0.9921875,0.47302550077438354,0.3262593150138855,0.060867536813020706,0.03537002578377724
4420,-17.4219,-7.9437,-25.3656,-17.8125,-7.5938,0.0,0.0,0.998622715473175,0.7779136896133423,0.9462302923202515,0.03611111268401146,0.9906994104385376,0.45153141021728516,0.34950247406959534,0.06650342047214508,0.02798507548868656
4425,-15.5664,-8.984,-24.5504,-16.1016,-8.4375,0.0,0.0,0.9991913437843323,0.692139744758606,0.924903392791748,0.030423279851675034,0.9921875,0.5287235975265503,0.2670242488384247,0.0703902393579483,0.029384328052401543
4430,-14.6137,-9.5371,-24.1508,-15.0234,-8.6719,0.0,0.0,0.9986929893493652,0.6384774446487427,0.8845950365066528,0.018564356490969658,0.9933035969734192,0.5650264024734497,0.2256685346364975,0.07342195510864258,0.03140547126531601
4435,-14.5586,-9.5746,-24.1332,-15.7969,-8.0156,0.0,0.0,0.9983698129653931,0.6490727663040161,0.8713318109512329,0.018123667687177658,0.9914434552192688,0.5722170472145081,0.21797263622283936,0.06887438148260117,0.0364583320915699
4440,-15.634,-8.8066,-24.4406,-16.4375,-8.2344,0.0,0.0,0.9993468523025513,0.722760796546936,0.942258894443512,0.02457956038415432,0.999627947807312,0.5356032252311707,0.2686178386211395,0.06125621870160103,0.03004508651793003
4445,-15.957,-8.5895,-24.5465,-16.8438,-8.1016,0.0,0.0,0.9993335604667664,0.7444459795951843,0.93507319688797,0.015341701917350292,0.9973958134651184,0.5249145030975342,0.2816775441169739,0.06106187775731087,0.027868470177054405
4450,-15.1883,-9.0945,-24.2828,-15.9766,-8.6641,0.0,0.0,0.9992263913154602,0.6899322271347046,0.9351351261138916,0.021013597026467323,0.9988839030265808,0.5526663661003113,0.24669620394706726,0.06471548229455948,0.03144434094429016
4455,-15.5672,-8.9215,-24.4887,-15.7891,-8.7344,0.0,0.0,0.9988434910774231,0.7032334208488464,0.9473039507865906,0.021250000223517418,0.9944196343421936,0.5377410054206848,0.2632540464401245,0.06343283504247665,0.03109452687203884
4460,-15.7977,-8.7664,-24.5641,-16.4141,-8.4922,0.0,0.0,0.9992605447769165,0.7258768677711487,0.9504643678665161,0.018703242763876915,0.9929315447807312,0.5256530046463013,0.27592507004737854,0.06277208030223846,0.031172264367341995
4465,-16.2363,-8.5465,-24.7828,-16.3047,-8.5234,0.0,0.0,0.9989910125732422,0.7295336723327637,0.9624999761581421,0.020710058510303497,0.9955357313156128,0.5007773637771606,0.3000621795654297,0.06840796023607254,0.026274874806404114
4470,-15.9453,-8.6973,-24.6426,-16.2891,-8.6484,0.0,0.0,0.9985752701759338,0.7288042902946472,0.9307832717895508,0.042328041046857834,0.9951636791229248,0.5183457732200623,0.2837764322757721,0.06401585787534714,0.029384328052401543
4475,-17.2352,-7.9832,-25.2184,-17.7422,-7.6172,0.0,0.0,0.997138500213623,0.7735849022865295,0.957652747631073,0.048929665237665176,0.9992559552192688,0.4618314802646637,0.34402206540107727,0.06424906849861145,0.025419775396585464
4480,-16.3523,-8.5617,-24.9141,-17.1016,-7.7734,0.0,0.0,0.9978898167610168,0.7347859740257263,0.9481216669082642,0.03694581240415573,0.9951636791229248,0.4973180890083313,0.30146142840385437,0.0651819035410881,0.03156094625592232
4485,-17.2168,-7.9613,-25.1781,-17.5234,-7.6328,0.0,0.0,0.998511552810669,0.7841105461120605,0.9513333439826965,0.06692913174629211,0.9992559552192688,0.470032662153244,0.3375699520111084,0.05830223858356476,0.029617536813020706
4490,-16.2637,-8.677,-24.9406,-17.1094,-7.6172,0.0,0.0,0.9972518682479858,0.7313957810401917,0.9180790781974792,0.04645760729908943,0.9906994104385376,0.4950248897075653,0.29823538661003113,0.06879664212465286,0.03346548601984978
4495,-13.4,-10.2781,-23.6781,-12.6797,-9.2812,0.0,0.0,0.9947009086608887,0.5513136982917786,0.8232951760292053,0.013114754110574722,0.9862351417541504,0.6087920069694519,0.17307990789413452,0.07808613032102585,0.0355643667280674
4500,-12.7836,-11.1066,-23.8902,-11.4453,-10.0625,0.0,0.0,0.9905204176902771,0.4051479995250702,0.773891806602478,0.0075693861581385136,0.9739583134651184,0.602728545665741,0.15100279450416565,0.09557680040597916,0.04621424153447151
4505,-13.543,-10.4469,-23.9898,-12.8516,-9.6406,0.0,0.0,0.9970889687538147,0.5270006656646729,0.8116406798362732,0.01678445190191269,0.9862351417541504,0.5874922275543213,0.17922107875347137,0.08481032401323318,0.043998755514621735
4510,-12.4555,-11.382,-23.8375,-10.7578,-9.8438,0.0,0.0,0.9934948682785034,0.3286533057689667,0.7477721571922302,0.007757951971143484,0.9706101417541504,0.6094527244567871,0.1356498748064041,0.10031872242689133,0.050101056694984436
4515,-11.9297,-12.518,-24.4477,-10.5156,-9.8828,0.0,0.0,0.9783902168273926,0.21457873284816742,0.6360067129135132,0.006539833731949329,0.9367559552192688,0.5683690905570984,0.12317319959402084,0.13860385119915009,0.06537624448537827
4520,-11.5762,-13.3047,-24.8809,-10.3828,-10.0781,0.0,0.0,0.9770386219024658,0.16022099554538727,0.5204848647117615,0.00735654728487134,0.914434552192688,0.5433768630027771,0.11256218701601028,0.16033115983009338,0.07925217598676682
4525,-11.8602,-13.1258,-24.9859,-10.7656,-9.875,0.0,0.0,0.9833971858024597,0.21565885841846466,0.4971827268600464,0.0033927056938409805,0.918154776096344,0.5478078126907349,0.11120180040597916,0.1448616236448288,0.09165111929178238
4530,-11.4781,-14.1172,-25.5953,-10.3828,-10.1484,0.0,0.0,0.9615593552589417,0.130952388048172,0.49437007308006287,0.004890895448625088,0.866815447807312,0.5015158653259277,0.107742540538311,0.182952418923378,0.10331156849861145
4535,-12.6133,-16.6375,-29.2508,-13.0234,-13.0,0.0,0.0,0.9503830075263977,0.09733810275793076,0.35629066824913025,0.001229634159244597,0.7001488208770752,0.32979634404182434,0.09783115983009338,0.21501865983009338,0.25287625193595886
4540,-11.641,-15.1906,-26.8316,-10.8594,-10.1328,0.0,0.0,0.9378572106361389,0.13584397733211517,0.45936334133148193,0.0055555556900799274,0.7905505895614624,0.4284437298774719,0.11559390276670456,0.21855565905570984,0.13292910158634186
4545,-11.3887,-15.857,-27.2457,-11.3516,-11.8203,0.0,0.0,0.9297946691513062,0.13550667464733124,0.40271878242492676,0.006930693052709103,0.7354910969734192,0.4107975661754608,0.0989583358168602,0.22873911261558533,0.15702736377716064
4550,-12.1094,-13.0398,-25.1492,-10.7812,-9.9375,0.0,0.0,0.9745973348617554,0.2773449718952179,0.5627931356430054,0.015859408304095268,0.8705357313156128,0.5309390425682068,0.12472791969776154,0.1491760015487671,0.09067941457033157
4555,-12.3242,-12.7145,-25.0387,-11.4609,-9.7031,0.0,0.0,0.9828208684921265,0.30824804306030273,0.5626047849655151,0.011811023578047752,0.9047619104385376,0.5384795069694519,0.12912002205848694,0.1390702724456787,0.08885261416435242
4560,-13.1637,-10.9898,-24.1535,-13.2891,-9.8906,0.0,0.0,0.9952264428138733,0.46327272057533264,0.7403566837310791,0.019704433158040047,0.96875,0.5862484574317932,0.16033115983009338,0.09371113032102585,0.05523165315389633
4565,-12.8867,-10.9988,-23.8855,-11.7109,-10.0703,0.0,0.0,0.9937664866447449,0.43119266629219055,0.7672268748283386,0.01947040483355522,0.9672619104385376,0.6048274040222168,0.1482820212841034,0.09250622242689133,0.049906715750694275
4570,-12.5852,-11.5211,-24.1063,-11.0859,-9.7734,0.0,0.0,0.9913561940193176,0.3575246036052704,0.7174971699714661,0.015533980913460255,0.9587053656578064,0.5935556888580322,0.1381763070821762,0.10373912006616592,0.06005130708217621
4575,-11.6848,-13.1227,-24.8074,-10.3516,-10.4688,0.0,0.0,0.9787113666534424,0.1654057800769806,0.5505959987640381,0.007317073177546263,0.913690447807312,0.5495569109916687,0.11302860826253891,0.15325714647769928,0.07967972755432129
4580,-12.3348,-12.1121,-24.4469,-11.3438,-9.6562,0.0,0.0,0.989780604839325,0.3069944381713867,0.6354908347129822,0.005244755186140537,0.9274553656578064,0.5705068111419678,0.1328125,0.12550528347492218,0.06669776141643524
4585,-11.8633,-13.7031,-25.5664,-10.6172,-9.9844,0.0,0.0,0.9857361912727356,0.1978856921195984,0.4601566195487976,0.003800836158916354,0.8768601417541504,0.5068408250808716,0.11765392124652863,0.16876554489135742,0.10226212441921234
4590,-11.793,-13.4254,-25.2184,-11.1719,-9.9062,0.0,0.0,0.9844638705253601,0.22886820137500763,0.47371044754981995,0.005544554442167282,0.8560267686843872,0.5328824520111084,0.10851989686489105,0.15597791969776154,0.0981421023607254
4595,-12.2648,-14.5488,-26.8137,-11.9609,-11.1406,0.0,0.0,0.9867405295372009,0.23538830876350403,0.4001905620098114,0.0031616983469575644,0.7410714030265808,0.4631529748439789,0.0970926582813263,0.1631685346364975,0.17210820317268372
4600,-12.2754,-13.882,-26.1574,-11.9688,-11.1484,0.0,0.0,0.9912667274475098,0.24780058860778809,0.4422585666179657,0.003253796137869358,0.797247052192688,0.49401429295539856,0.1060323417186737,0.15212997794151306,0.14334577322006226
4605,-12.4691,-12.2559,-24.725,-11.5625,-9.9219,0.0,0.0,0.9923552870750427,0.36019930243492126,0.5533269643783569,0.011916110292077065,0.930059552192688,0.5592739582061768,0.13261815905570984,0.12208488583564758,0.0815453976392746
4610,-14.3258,-10.284,-24.6098,-14.4375,-9.4688,0.0,0.0,0.9982220530509949,0.5721706748008728,0.7914970517158508,0.02394775114953518,0.9854910969734192,0.5465251803398132,0.20949937403202057,0.0859375,0.053560324013233185
4615,-15.1148,-9.5156,-24.6305,-14.7891,-8.625,0.0,0.0,0.9997814297676086,0.6598846316337585,0.8566977977752686,0.027003483846783638,0.9929315447807312,0.5334266424179077,0.24261504411697388,0.07486007362604141,0.04462064802646637
4620,-14.8273,-9.7086,-24.5359,-14.5469,-8.5,0.0,0.0,0.99992835521698,0.6268329620361328,0.8565132021903992,0.019855596125125885,0.9895833134651184,0.5424829125404358,0.23060478270053864,0.07936877757310867,0.04306592047214508
4625,-14.9039,-9.5813,-24.4852,-14.3984,-9.3594,0.0,0.0,0.9997870326042175,0.6539491415023804,0.8555858135223389,0.019281331449747086,0.9944196343421936,0.5475746393203735,0.23227612674236298,0.07132307440042496,0.044348571449518204
4630,-15.1301,-9.6633,-24.7934,-14.9375,-9.6172,0.0,0.0,0.9999261498451233,0.6448999047279358,0.8101828694343567,0.022900763899087906,0.988467276096344,0.5264303684234619,0.2446361929178238,0.07863028347492218,0.04582555964589119
4635,-16.0715,-8.9934,-25.0648,-17.6641,-8.1484,0.0,0.0,0.9994545578956604,0.7446514964103699,0.7635838389396667,0.05117790400981903,0.9892113208770752,0.49883395433425903,0.28159981966018677,0.06724191457033157,0.047846704721450806
4640,-17.6812,-7.834,-25.5152,-18.5859,-7.1953,0.0,0.0,0.9994857907295227,0.8093851208686829,0.8409425616264343,0.14483395218849182,0.9973958134651184,0.4535525441169739,0.34705379605293274,0.05278296023607254,0.042133085429668427
4645,-17.2289,-8.2723,-25.5012,-19.1484,-7.6172,0.0,0.0,0.9996619820594788,0.8069429397583008,0.7169312238693237,0.07673469185829163,0.991815447807312,0.4599657952785492,0.3291744291782379,0.058768656104803085,0.04761349409818649
4650,-17.1895,-8.1016,-25.291,-19.6641,-6.9375,0.0,0.0,0.99918133020401,0.8057742714881897,0.7911344766616821,0.1366906464099884,0.9929315447807312,0.474774569272995,0.32579290866851807,0.05173351988196373,0.04322139173746109
4655,-15.1469,-9.7809,-24.9277,-16.8047,-8.9531,0.0,0.0,0.9989578723907471,0.6919118762016296,0.6371204853057861,0.03717472031712532,0.980654776096344,0.5221548676490784,0.24172107875347137,0.07936877757310867,0.05227767303586006
4660,-14.6527,-9.9184,-24.5711,-16.375,-8.2656,0.0,0.0,0.9993553161621094,0.6863996982574463,0.6285160183906555,0.022058824077248573,0.984375,0.5425994992256165,0.22520211338996887,0.08014614135026932,0.04757462814450264
4665,-15.075,-9.5238,-24.5988,-15.3516,-9.0703,0.0,0.0,0.9982554316520691,0.7040458917617798,0.7080292105674744,0.03955841809511185,0.988095223903656,0.5347092747688293,0.24401430785655975,0.0745491310954094,0.04224969074130058
4670,-14.7496,-9.652,-24.4016,-15.6797,-8.9297,0.0,0.0,0.9992968440055847,0.6980037689208984,0.6970189809799194,0.026978416368365288,0.9858630895614624,0.5527829527854919,0.22780628502368927,0.07171175628900528,0.04322139173746109
4675,-15.7586,-9.1633,-24.9219,-17.0547,-7.6562,0.0,0.0,0.9990862011909485,0.7371379137039185,0.7215401530265808,0.04842820763587952,0.988467276096344,0.5104166865348816,0.2697061598300934,0.06965173780918121,0.045747824013233185
4680,-15.6871,-9.1035,-24.7906,-17.2031,-8.1328,0.0,0.0,0.9992570281028748,0.7276338934898376,0.7921686768531799,0.04266666620969772,0.9851190447807312,0.5231265425682068,0.2641479969024658,0.06452114135026932,0.04372667893767357
4685,-15.0547,-9.6277,-24.6824,-16.0781,-9.1641,0.0,0.0,0.9987657070159912,0.6799934506416321,0.7381317019462585,0.03220339119434357,0.9832589030265808,0.535331130027771,0.23818407952785492,0.07614272087812424,0.04586442932486534
4690,-15.1336,-9.5766,-24.7102,-16.3125,-8.9531,0.0,0.0,0.9996342062950134,0.6880191564559937,0.7417668700218201,0.02671118453145027,0.9851190447807312,0.5312888622283936,0.2433146834373474,0.07435479015111923,0.04656405374407768
4695,-14.3316,-9.9266,-24.2582,-15.2188,-9.4297,0.0,0.0,0.9989722371101379,0.6582700610160828,0.7121132612228394,0.01580333709716797,0.984747052192688,0.5672807693481445,0.20984919369220734,0.07412157952785492,0.0442708320915699
4700,-14.3332,-10.0559,-24.3891,-14.7969,-9.5,0.0,0.0,0.9986815452575684,0.6439576745033264,0.6916996240615845,0.016420360654592514,0.9873511791229248,0.5601290464401245,0.2093827724456787,0.07866915315389633,0.04734141752123833
4705,-15.0371,-9.3125,-24.3496,-15.4688,-8.3672,0.0,0.0,0.9986718893051147,0.7282572984695435,0.7206771373748779,0.03448275849223137,0.9866071343421936,0.5560478568077087,0.23686255514621735,0.0642879381775856,0.03832400590181351
4710,-15.0359,-9.4824,-24.5184,-15.2578,-8.9062,0.0,0.0,0.999431312084198,0.7027381658554077,0.7174986004829407,0.012369172647595406,0.9851190447807312,0.5467584133148193,0.2370568960905075,0.07085665315389633,0.0408504344522953
4715,-14.5906,-9.7707,-24.3613,-14.5,-9.1328,0.0,0.0,0.9990248680114746,0.6770961284637451,0.7074440121650696,0.015843430534005165,0.9787946343421936,0.5580301880836487,0.2211209535598755,0.07466573268175125,0.04170553386211395
4720,-14.1738,-10.0547,-24.2285,-13.9922,-9.0234,0.0,0.0,0.9989156126976013,0.6384660005569458,0.6915983557701111,0.020104894414544106,0.9851190447807312,0.5734996795654297,0.20168687403202057,0.07587064802646637,0.04446517303586006
4725,-14.7102,-9.8586,-24.5688,-15.0469,-9.0469,0.0,0.0,0.9991411566734314,0.6643297076225281,0.7073529362678528,0.020338982343673706,0.9813988208770752,0.5430659055709839,0.2273010015487671,0.07929104566574097,0.04586442932486534
4730,-13.9379,-10.3039,-24.2418,-13.8672,-10.0703,0.0,0.0,0.9979614019393921,0.6062424778938293,0.6905766725540161,0.020117351785302162,0.980654776096344,0.571983814239502,0.1942630559206009,0.08290578424930573,0.04636971279978752
4735,-13.6324,-10.2023,-23.8348,-12.9219,-9.7109,0.0,0.0,0.9994838833808899,0.6311421990394592,0.6748927235603333,0.012773722410202026,0.9776785969734192,0.6024953126907349,0.1779772937297821,0.07245025038719177,0.042599502950906754
4740,-13.866,-10.3398,-24.2059,-13.8359,-9.3125,0.0,0.0,0.9997312426567078,0.6187525987625122,0.6490033864974976,0.010342083871364594,0.9765625,0.5785136818885803,0.18819962441921234,0.07995180040597916,0.048857275396585464
4745,-14.7484,-9.6895,-24.4379,-15.5078,-9.1562,0.0,0.0,0.9989442825317383,0.695779025554657,0.6793449521064758,0.02430243045091629,0.984002947807312,0.5522388219833374,0.22652363777160645,0.07357742637395859,0.04318252578377724
4750,-15.2168,-9.3973,-24.6141,-16.1875,-8.0547,0.0,0.0,0.9994168281555176,0.7162646055221558,0.7152103781700134,0.02301054634153843,0.9832589030265808,0.5331934094429016,0.24972791969776154,0.07206156849861145,0.040539488196372986
4755,-15.5016,-9.1816,-24.6832,-16.4922,-7.6562,0.0,0.0,0.9982320666313171,0.7541966438293457,0.682631254196167,0.025471698492765427,0.9810267686843872,0.5276352763175964,0.25932836532592773,0.06735852360725403,0.04120025038719177
4760,-15.4977,-9.166,-24.6637,-16.8906,-7.7734,0.0,0.0,0.9988978505134583,0.7632958889007568,0.6451233625411987,0.03988603875041008,0.9784226417541504,0.5289956331253052,0.2594449520111084,0.06615360826253891,0.04092817008495331
4765,-15.0051,-9.5383,-24.5434,-15.9766,-8.6406,0.0,0.0,0.9981982111930847,0.7304517030715942,0.6401869058609009,0.033898305147886276,0.972470223903656,0.5392957329750061,0.24008862674236298,0.07486007362604141,0.04127798601984978
4770,-16.2207,-8.6129,-24.8336,-17.9375,-7.0391,0.0,0.0,0.9987043738365173,0.797271728515625,0.7094125151634216,0.03755364939570427,0.9754464030265808,0.5099891424179077,0.287779837846756,0.061528295278549194,0.036225125193595886
4775,-15.9449,-8.7742,-24.7191,-17.9141,-7.4609,0.0,0.0,0.9988776445388794,0.7865546345710754,0.693341851234436,0.05447071045637131,0.984002947807312,0.5194729566574097,0.2775186598300934,0.0607120655477047,0.03781871870160103
4780,-15.6047,-9.0539,-24.6586,-17.1094,-7.6875,0.0,0.0,0.9991911053657532,0.7684195041656494,0.6666666865348816,0.049242425709962845,0.984002947807312,0.5285680890083313,0.26166045665740967,0.06424906849861145,0.041044775396585464
4785,-15.152,-9.4941,-24.6461,-16.9375,-8.4531,0.0,0.0,0.9984086751937866,0.7339537739753723,0.6386414170265198,0.032855939120054245,0.9791666865348816,0.5373523235321045,0.24222636222839355,0.06980721652507782,0.04613650590181351
4790,-14.7859,-9.7328,-24.5187,-16.0391,-8.4688,0.0,0.0,0.9986522793769836,0.7104904651641846,0.6305599212646484,0.03019844740629196,0.9706101417541504,0.5479633212089539,0.22823382914066315,0.07427705079317093,0.045048195868730545
4795,-14.2816,-10.0699,-24.3516,-15.9531,-8.3125,0.0,0.0,0.9982816576957703,0.7069555521011353,0.5639594197273254,0.023034153506159782,0.9564732313156128,0.5654928684234619,0.20452424883842468,0.07657027244567871,0.04893501102924347
4800,-13.9309,-10.2688,-24.1996,-14.9219,-9.2969,0.0,0.0,0.9971853494644165,0.6835728883743286,0.5419420599937439,0.032786883413791656,0.9665178656578064,0.5799906849861145,0.189287930727005,0.07645367085933685,0.04979011043906212
4805,-14.593,-9.807,-24.4,-15.8594,-8.9922,0.0,0.0,0.9989539980888367,0.7245989441871643,0.6006372570991516,0.02402651123702526,0.9627976417541504,0.5573694109916687,0.21805037558078766,0.07318874448537827,0.04691386967897415
4810,-15.5734,-9.284,-24.8574,-16.9062,-8.3516,0.0,0.0,0.9982569217681885,0.7436944246292114,0.6599897146224976,0.034648701548576355,0.9672619104385376,0.5128653645515442,0.2665967047214508,0.07567630708217621,0.040384016931056976
4815,-15.407,-9.2453,-24.6523,-16.8125,-7.7422,0.0,0.0,0.9975095391273499,0.7547400593757629,0.6726964116096497,0.04355885088443756,0.9713541865348816,0.5306280851364136,0.25419774651527405,0.06875777244567871,0.041938744485378265
4820,-14.8512,-9.6855,-24.5367,-16.2891,-8.2031,0.0,0.0,0.9983592629432678,0.7126030921936035,0.6493775844573975,0.01998262293636799,0.9747023582458496,0.5448538661003113,0.23099346458911896,0.07493781298398972,0.04473724961280823
4825,-14.5508,-9.8762,-24.427,-15.7031,-9.2344,0.0,0.0,0.9992302060127258,0.6899594068527222,0.6251282095909119,0.018518518656492233,0.9776785969734192,0.5553871393203735,0.22026586532592773,0.07579290866851807,0.04407649114727974
4830,-14.2535,-10.132,-24.3855,-15.1641,-8.8125,0.0,0.0,0.9982050657272339,0.6671715378761292,0.5976845026016235,0.015833333134651184,0.9791666865348816,0.563005268573761,0.20530161261558533,0.08057369291782379,0.04664178937673569
4835,-13.9152,-10.1887,-24.1039,-14.3516,-9.2656,0.0,0.0,0.998467206954956,0.6623721718788147,0.6021395921707153,0.022842640057206154,0.980282723903656,0.5832167267799377,0.19006529450416565,0.07629819959402084,0.045942164957523346
4840,-14.2098,-10.2066,-24.4164,-14.9375,-8.8906,0.0,0.0,0.9987494945526123,0.6579946875572205,0.6285169124603271,0.012470771558582783,0.9702380895614624,0.5594682693481445,0.2046797275543213,0.08150652796030045,0.04986784979701042
4845,-14.1098,-10.0832,-24.193,-14.9922,-8.9688,0.0,0.0,0.9998652338981628,0.6993877291679382,0.5592139959335327,0.007993604987859726,0.9799107313156128,0.5769200921058655,0.19678948819637299,0.07318874448537827,0.04862406849861145
4850,-14.8133,-9.7027,-24.516,-15.7109,-8.0703,0.0,0.0,0.9990730285644531,0.7185497283935547,0.6294549107551575,0.017826825380325317,0.9799107313156128,0.5450870394706726,0.23048818111419678,0.07416044920682907,0.04578668996691704
4855,-15.7359,-9.0586,-24.7945,-17.4297,-8.1016,0.0,0.0,0.999100387096405,0.757196307182312,0.6708933711051941,0.03634577617049217,0.9862351417541504,0.5184623599052429,0.27005597949028015,0.06743625551462173,0.03956778720021248
4860,-15.7902,-9.0063,-24.7965,-17.0391,-7.7109,0.0,0.0,0.999171793460846,0.7569108009338379,0.6998244524002075,0.03782735392451286,0.9914434552192688,0.5162469148635864,0.2727767527103424,0.06642568111419678,0.04007307067513466
4865,-15.0055,-9.4449,-24.4504,-16.1016,-8.1797,0.0,0.0,0.9993613958358765,0.7178647518157959,0.7292724251747131,0.011246485635638237,0.9787946343421936,0.5477689504623413,0.23736785352230072,0.06891324371099472,0.04147232696413994
4870,-15.4313,-9.1605,-24.5918,-16.4219,-7.5391,0.0,0.0,0.9997807145118713,0.7461155652999878,0.7339285612106323,0.020952381193637848,0.984747052192688,0.531755268573761,0.2576570212841034,0.06529850512742996,0.04081156849861145
4875,-15.6734,-9.2152,-24.8887,-17.0156,-7.8516,0.0,0.0,0.999394953250885,0.724112868309021,0.7399783134460449,0.027372263371944427,0.9810267686843872,0.5139148235321045,0.2672574520111084,0.07175061851739883,0.042599502950906754
4880,-15.5957,-9.3941,-24.9898,-17.5781,-7.8047,0.0,0.0,1.0,0.7309129238128662,0.6877323389053345,0.02442748099565506,0.972470223903656,0.5112717747688293,0.26014459133148193,0.07318874448537827,0.05091729015111923
4885,-15.7945,-9.0492,-24.8438,-17.875,-7.9141,0.0,0.0,0.9988712668418884,0.7563327550888062,0.7064110040664673,0.04144620895385742,0.9862351417541504,0.5165189504623413,0.27005597949028015,0.06487096101045609,0.04407649114727974
4890,-15.8883,-8.959,-24.8473,-16.8594,-7.6953,0.0,0.0,0.9998489022254944,0.7630345225334167,0.7153937816619873,0.02483900636434555,0.984747052192688,0.5145366787910461,0.2735929787158966,0.06514303386211395,0.04224969074130058
4895,-16.2398,-8.7727,-25.0125,-17.1094,-7.8047,0.0,0.0,0.9997656941413879,0.7643227577209473,0.7582089304924011,0.03272377327084541,0.9836309552192688,0.4976290464401245,0.2924051582813263,0.0651041641831398,0.040384016931056976
4900,-15.8984,-8.9129,-24.8113,-16.6719,-8.75,0.0,0.0,0.9993928074836731,0.7480915784835815,0.771276593208313,0.028955532237887383,0.9892113208770752,0.5121268630027771,0.2800450921058655,0.06576492637395859,0.037585511803627014
4905,-16.4797,-8.5168,-24.9965,-17.7969,-7.4609,0.0,0.0,0.9999220967292786,0.7835655808448792,0.770588219165802,0.03737373650074005,0.988467276096344,0.4991060197353363,0.29846858978271484,0.059468284249305725,0.03847947716712952
4910,-16.2973,-8.6859,-24.9832,-16.7344,-8.3906,0.0,0.0,0.9996132254600525,0.7678690552711487,0.7802406549453735,0.019607843831181526,0.9869791865348816,0.5024875402450562,0.29201647639274597,0.061372824013233185,0.03964552283287048
4915,-15.4629,-9.3539,-24.8168,-16.9297,-7.9062,0.0,0.0,0.9994803071022034,0.7215209007263184,0.7363737225532532,0.008354218676686287,0.9776785969734192,0.5235540866851807,0.2555581331253052,0.06988494843244553,0.04652518779039383
4920,-15.1219,-9.4477,-24.5695,-16.5234,-7.8984,0.0,0.0,0.9995670914649963,0.7157877683639526,0.7160153985023499,0.01197053398936987,0.9817708134651184,0.5387126803398132,0.243975430727005,0.07062344253063202,0.04221082106232643
4925,-15.2121,-9.4371,-24.6492,-17.1641,-7.7188,0.0,0.0,0.9995619058609009,0.7246081233024597,0.705051600933075,0.012455515563488007,0.9735863208770752,0.5322994589805603,0.24797885119915009,0.07155627757310867,0.04368780925869942
4930,-14.0957,-10.3844,-24.4801,-16.9297,-7.625,0.0,0.0,0.9995165467262268,0.6422310471534729,0.5993455052375793,0.008559200912714005,0.9624255895614624,0.5627720952033997,0.19511815905570984,0.08313899487257004,0.05449315905570984
4935,-13.5219,-11.0492,-24.5711,-14.9531,-8.1562,0.0,0.0,0.9994474649429321,0.5822041630744934,0.5459306836128235,0.004842615220695734,0.937872052192688,0.5627332329750061,0.17210820317268372,0.09647077322006226,0.0642101988196373
4940,-12.5309,-11.5559,-24.0867,-13.3828,-8.7422,0.0,0.0,0.9989021420478821,0.49969932436943054,0.4974399507045746,0.002366863889619708,0.9360119104385376,0.6018734574317932,0.12927550077438354,0.09868625551462173,0.06568718701601028
4945,-12.9359,-11.3551,-24.291,-13.3828,-8.9062,0.0,0.0,0.9996673464775085,0.49660220742225647,0.5631868243217468,0.0036697247996926308,0.9460565447807312,0.5842273235321045,0.14870958030223846,0.0990360677242279,0.06354943662881851
4950,-12.4328,-12.0391,-24.4719,-12.125,-9.2891,0.0,0.0,0.9990556836128235,0.4276335537433624,0.4693261682987213,0.002659574383869767,0.9382440447807312,0.5762593150138855,0.13024720549583435,0.11594372242689133,0.07307214289903641
4955,-12.2832,-13.168,-25.4512,-10.9375,-9.6484,0.0,0.0,0.9983733892440796,0.3130917549133301,0.4029436409473419,0.001753770629875362,0.9133184552192688,0.5256918668746948,0.11905317008495331,0.1399642378091812,0.11081311851739883
4960,-11.3113,-13.6,-24.9113,-10.0234,-10.4453,0.0,0.0,0.9723089933395386,0.1658443957567215,0.45340585708618164,0.003822264727205038,0.8962053656578064,0.5474191308021545,0.10241760313510895,0.16433458030223846,0.08135105669498444
4965,-10.7918,-15.5637,-26.3555,-9.5703,-11.9141,0.0,0.0,0.9180834889411926,0.12088370323181152,0.44236287474632263,0.014657980762422085,0.7101934552192688,0.45265859365463257,0.09324471652507782,0.23029384016990662,0.11932525038719177
4970,-11.4574,-19.0137,-30.4711,-11.0234,-14.7969,0.0,0.0,0.8453521728515625,0.1284768283367157,0.29792290925979614,0.02297336794435978,0.4624255895614624,0.23122668266296387,0.08803638070821762,0.3106343150138855,0.265625
4975,-11.7871,-17.5879,-29.375,-12.0625,-13.4688,0.0,0.0,0.9322348833084106,0.16110019385814667,0.2952999472618103,0.01608910970389843,0.515625,0.3137437701225281,0.07913557440042496,0.2513992488384247,0.2512437701225281
4980,-13.0852,-17.7832,-30.8684,-13.9062,-13.9766,0.0,0.0,0.9309388399124146,0.19499999284744263,0.29007360339164734,0.015429234132170677,0.482514888048172,0.2662080228328705,0.07773631811141968,0.21653451025485992,0.3350435197353363
4985,-12.0961,-14.4715,-26.5676,-12.3906,-9.3438,0.0,0.0,0.957321286201477,0.3603886067867279,0.41439807415008545,0.05889351665973663,0.6953125,0.4480721354484558,0.1240282952785492,0.19274720549583435,0.13067474961280823
4990,-11.4027,-15.509,-26.9117,-10.9062,-10.4844,0.0,0.0,0.9196138381958008,0.27808988094329834,0.4265354573726654,0.05021276697516441,0.6469494104385376,0.41872668266296387,0.11069651693105698,0.2290889322757721,0.13701026141643524
4995,-11.2961,-15.393,-26.6891,-10.5,-11.0859,0.0,0.0,0.924915611743927,0.19110941886901855,0.480453759431839,0.044684577733278275,0.5952380895614624,0.4374222755432129,0.10230099409818649,0.22271455824375153,0.13308458030223846
5000,-11.6934,-14.5422,-26.2355,-10.6016,-10.2969,0.0,0.0,0.9432700872421265,0.2458677738904953,0.5176611542701721,0.030735107138752937,0.6830357313156128,0.46521300077438354,0.1128731369972229,0.19476833939552307,0.12266790866851807
