it,s,o,w,s20,o20,lam_s,lam_c,pCC,pCD,pDC,pDD,pSTART,vCC,vCD,vDC,vDD
0,-20.5555,-12.2457,-32.8012,-24.5781,-9.9297,0.5,0.5,0.4976923167705536,0.4953250288963318,0.49839743971824646,0.4995535612106323,0.5297619104385376,0.10105721652507782,0.3491915464401245,0.09701492637395859,0.34825870394706726
5,-21.1,-12.0109,-33.1109,-24.75,-9.9375,0.5434,0.0,0.46121495962142944,0.466284841299057,0.5263846516609192,0.5308457016944885,0.5022321343421936,0.08317785710096359,0.3596859574317932,0.08912468701601028,0.3635338842868805
10,-20.4086,-13.0773,-33.4859,-24.4062,-10.7656,0.5661,0.0,0.39487937092781067,0.42904922366142273,0.46611133217811584,0.46828731894493103,0.4791666567325592,0.0789412334561348,0.32540422677993774,0.10265080630779266,0.3885261118412018
15,-21.4734,-11.4141,-32.8875,-24.5312,-10.4219,0.5819,0.0,0.5305851101875305,0.5127595663070679,0.5192677974700928,0.5295159816741943,0.5598958134651184,0.08768656849861145,0.3762049078941345,0.08069030195474625,0.35094061493873596
20,-20.7555,-12.6449,-33.4004,-24.5469,-10.4141,0.6031,0.0,0.43014705181121826,0.45360705256462097,0.48667240142822266,0.4825534522533417,0.4732142984867096,0.08457711338996887,0.3351212739944458,0.0904073417186737,0.3854166567325592
25,-20.2516,-13.4195,-33.6711,-24.4375,-10.4688,0.6164,0.0,0.41645506024360657,0.4279720187187195,0.42299190163612366,0.4393823742866516,0.4464285671710968,0.07653140276670456,0.30569806694984436,0.10548818111419678,0.4078047275543213
30,-21.4727,-10.9598,-32.4324,-24.9922,-9.4531,0.634,0.0,0.5177361369132996,0.5462340712547302,0.5649977326393127,0.5711284279823303,0.574404776096344,0.09752020984888077,0.39890390634536743,0.08461598306894302,0.31448227167129517
35,-20.5848,-12.8047,-33.3895,-24.2969,-10.7266,0.6625,0.0,0.48022598028182983,0.45879343152046204,0.45051875710487366,0.4662995934486389,0.4613095223903656,0.08255597203969955,0.3343827724456787,0.09740360826253891,0.3811800479888916
40,-20.2637,-13.1855,-33.4492,-24.5469,-10.1328,0.6809,0.0,0.416704922914505,0.4384928047657013,0.4606912136077881,0.4578015208244324,0.4553571343421936,0.08469372242689133,0.31564831733703613,0.10233986377716064,0.3928404748439789
45,-20.1051,-13.2496,-33.3547,-23.875,-11.4062,0.7047,0.0,0.42493176460266113,0.46494922041893005,0.43745532631874084,0.4484453499317169,0.4375,0.08543221652507782,0.3138215243816376,0.10875310748815536,0.3875155448913574
50,-20.7441,-12.5117,-33.2559,-24.2812,-10.8281,0.7087,0.0,0.45710456371307373,0.45375823974609375,0.48454469442367554,0.4883553981781006,0.5208333134651184,0.08698693662881851,0.33663713932037354,0.09305037558078766,0.37884795665740967
55,-22.132,-9.8426,-31.9746,-25.5781,-8.3047,0.7541,0.0,0.6181691884994507,0.6013107299804688,0.6116152405738831,0.5964745879173279,0.6547619104385376,0.11166822165250778,0.4329524338245392,0.06424906849861145,0.28665268421173096
60,-22.384,-9.2906,-31.6746,-26.5,-6.625,0.8064,0.0,0.634854793548584,0.6397552490234375,0.629294753074646,0.6181195974349976,0.6726190447807312,0.11240671575069427,0.45736163854599,0.06448227912187576,0.26127177476882935
65,-23.2168,-7.9895,-31.2062,-26.2188,-7.0469,0.8803,0.0,0.6841930150985718,0.696731448173523,0.6990740895271301,0.6896133422851562,0.7083333134651184,0.11679881811141968,0.5041977763175964,0.0503731332719326,0.22415266931056976
70,-21.991,-9.7473,-31.7383,-26.5469,-6.3203,0.9461,0.0,0.6050933599472046,0.6192342042922974,0.6425146460533142,0.6226388216018677,0.6078869104385376,0.11446672677993774,0.43648943305015564,0.07295553386211395,0.27161070704460144
75,-21.6457,-10.6031,-32.2488,-24.9375,-9.5625,0.9856,0.0,0.5827715396881104,0.5655009746551514,0.553723156452179,0.5723456144332886,0.6160714030265808,0.10377798229455948,0.4112251102924347,0.07777518779039383,0.3027440905570984
80,-21.7594,-10.6008,-32.3602,-24.6719,-9.9766,1.0221,0.0,0.5577074885368347,0.5729086995124817,0.5732866525650024,0.5654754638671875,0.5825892686843872,0.09833644330501556,0.40516167879104614,0.07769744843244553,0.31432679295539856
85,-20.4957,-12.3711,-32.8668,-24.6094,-10.0078,1.0648,0.0,0.4897557199001312,0.4934099316596985,0.48805326223373413,0.4911816716194153,0.5208333134651184,0.09864738583564758,0.345032662153244,0.09923040866851807,0.3526119291782379
90,-21.0539,-12.0082,-33.0621,-24.6094,-10.3828,1.0731,0.0,0.4947893023490906,0.49738219380378723,0.5081033706665039,0.4988275468349457,0.511904776096344,0.08578202873468399,0.35634326934814453,0.08873600512742996,0.3646610677242279
95,-22.3031,-9.4008,-31.7039,-25.7031,-8.2422,1.1163,0.0,0.6458194255828857,0.6375107765197754,0.6326781511306763,0.6295971870422363,0.5956101417541504,0.1162157952785492,0.4497045874595642,0.06327736377716064,0.26632463932037354
100,-23.3352,-7.7223,-31.0574,-26.125,-7.2812,1.1817,0.0,0.7018348574638367,0.6970409750938416,0.7493956685066223,0.7201365232467651,0.7321428656578064,0.11862561851739883,0.5122823119163513,0.04823538661003113,0.2163790464401245
105,-24.2234,-5.7066,-29.9301,-28.1719,-3.2578,1.2936,0.0,0.8047552704811096,0.816265881061554,0.7861080765724182,0.7916423082351685,0.8422619104385376,0.13895367085933685,0.5883084535598755,0.03525342047214508,0.13300684094429016
110,-25.284,-4.3906,-29.6746,-28.0938,-3.5781,1.4185,0.0,0.8724474906921387,0.8603118658065796,0.8961303234100342,0.8762376308441162,0.8694196343421936,0.13133551180362701,0.643034815788269,0.0190842654556036,0.10206778347492218
115,-25.3551,-4.6668,-30.0219,-28.375,-3.0625,1.5289,0.0,0.8462048172950745,0.8367434144020081,0.8605072498321533,0.8520826697349548,0.8779761791229248,0.1172652393579483,0.6382929086685181,0.021455224603414536,0.11850901693105698
120,-24.3684,-5.8809,-30.2492,-27.8594,-3.9766,1.654,0.0,0.7834801077842712,0.7975019812583923,0.7858002185821533,0.7939958572387695,0.8154761791229248,0.12799285352230072,0.5850435495376587,0.03229944035410881,0.15018656849861145
125,-25.0328,-4.8039,-29.8367,-27.8516,-3.875,1.7758,0.0,0.8601645231246948,0.8436682820320129,0.8576388955116272,0.8362241387367249,0.851190447807312,0.13230721652507782,0.6243003606796265,0.02238805964589119,0.11652673780918121
130,-23.7922,-7.0625,-30.8547,-26.2656,-7.0469,1.8952,0.0,0.7633970379829407,0.7193958759307861,0.7872340679168701,0.7568526864051819,0.7451636791229248,0.1240282952785492,0.5378575921058655,0.036536071449518204,0.197100430727005
135,-22.8172,-8.3082,-31.1254,-26.3516,-6.875,1.9773,0.0,0.6870769262313843,0.6662952899932861,0.7218638062477112,0.7087478637695312,0.7194940447807312,0.12632152438163757,0.4883784055709839,0.05422108247876167,0.22660136222839355
140,-22.9777,-8.5836,-31.5613,-24.8203,-9.8438,2.0,0.0,0.7494456768035889,0.6501438617706299,0.7225378751754761,0.6227859258651733,0.7008928656578064,0.12270677834749222,0.4728311598300934,0.041044775396585464,0.2589396834373474
145,-24.8687,-5.5563,-30.425,-26.625,-6.5156,2.0,0.0,0.860942006111145,0.7884213328361511,0.859649121761322,0.7754753828048706,0.8366815447807312,0.12130752205848694,0.5948383212089539,0.01993936486542225,0.15943719446659088
150,-25.1465,-4.6621,-29.8086,-28.1719,-3.2578,2.0,0.0,0.8436263799667358,0.85653156042099,0.8447999954223633,0.841097891330719,0.8448660969734192,0.1277596354484558,0.6358442306518555,0.02429259940981865,0.10762593150138855
155,-24.2977,-6.0551,-30.3527,-27.4688,-4.6406,2.0,0.0,0.7838002443313599,0.7852195501327515,0.795918345451355,0.7850444316864014,0.8054315447807312,0.12764303386211395,0.5780084133148193,0.032377175986766815,0.15749378502368927
160,-22.1438,-10.0031,-32.1469,-25.1484,-9.1641,2.0,0.0,0.6548547148704529,0.5784042477607727,0.6367018222808838,0.5905044674873352,0.6063988208770752,0.10968594253063202,0.421875,0.06269434094429016,0.3012670874595642
165,-20.932,-12.1535,-33.0855,-24.6328,-9.7969,2.0,0.0,0.5178341269493103,0.4800712466239929,0.5043859481811523,0.4897894263267517,0.53125,0.09044620394706726,0.349113792181015,0.0886194035410881,0.3673429787158966
170,-21.2391,-10.7895,-32.0285,-24.6797,-9.5859,2.0,0.0,0.5728420615196228,0.5693281292915344,0.5845102667808533,0.5622710585594177,0.6261160969734192,0.11392257362604141,0.3991760015487671,0.08531560748815536,0.2971082031726837
175,-21.7109,-10.6672,-32.3781,-25.7344,-7.9219,2.0,0.0,0.5272870063781738,0.5499477982521057,0.5677965879440308,0.5928769111633301,0.597470223903656,0.09899719804525375,0.40970927476882935,0.07796952873468399,0.3088463842868805
180,-21.625,-10.8461,-32.4711,-25.5312,-8.1406,2.0,0.0,0.5347251892089844,0.5430679321289062,0.5112128257751465,0.5860488414764404,0.5930059552192688,0.0912235677242279,0.4056669771671295,0.08492692559957504,0.3137049078941345
185,-21.4352,-11.1754,-32.6105,-25.8594,-7.7891,2.0,0.0,0.46248355507850647,0.5302625298500061,0.516285240650177,0.5609959363937378,0.6231398582458496,0.08858053386211395,0.39237406849861145,0.08830846101045609,0.3262593150138855
190,-22.3172,-9.5754,-31.8926,-26.1328,-7.2656,2.0,0.0,0.6169895529747009,0.6154516339302063,0.6231386065483093,0.6404825448989868,0.5825892686843872,0.10432214289903641,0.44624534249305725,0.06786380708217621,0.2770911157131195
195,-23.2676,-8.2254,-31.493,-26.25,-7.1016,2.0,0.0,0.7109185457229614,0.6609163880348206,0.6891891956329346,0.68376624584198,0.702752947807312,0.11213464289903641,0.49793997406959534,0.04601990059018135,0.2394278645515442
200,-22.7023,-8.8309,-31.5332,-26.5156,-6.5234,2.0,0.0,0.633001446723938,0.6397444009780884,0.6794081330299377,0.6922475695610046,0.655877947807312,0.1092972606420517,0.47450247406959534,0.06304415315389633,0.24867847561836243
205,-20.7109,-12.3848,-33.0957,-25.7266,-7.8672,2.0,0.0,0.41843628883361816,0.4965798854827881,0.4431988000869751,0.5047680735588074,0.4858630895614624,0.08053482323884964,0.3523010015487671,0.10401119291782379,0.35867536067962646
210,-20.5574,-12.7047,-33.2621,-25.1797,-8.7031,2.0,0.0,0.46369796991348267,0.48079806566238403,0.42117032408714294,0.4804573953151703,0.4553571343421936,0.08030162006616592,0.33702582120895386,0.10428327322006226,0.37391167879104614
215,-18.9563,-15.3633,-34.3195,-23.6094,-11.7734,2.0,0.0,0.2943038046360016,0.34114179015159607,0.28642797470092773,0.35868898034095764,0.4252232015132904,0.06141168996691704,0.25054416060447693,0.14004197716712952,0.443524569272995
220,-18.8504,-15.8844,-34.7348,-23.3359,-12.7422,2.0,0.0,0.3088330030441284,0.26800283789634705,0.32037970423698425,0.3309294879436493,0.3470982015132904,0.06028451398015022,0.21913868188858032,0.131024569272995,0.48507463932037354
225,-18.7223,-16.2191,-34.9414,-23.8047,-11.6641,1.9661,0.0,0.2395833283662796,0.2773605287075043,0.2549511790275574,0.3196195065975189,0.3255208432674408,0.048507463186979294,0.21735075116157532,0.13934235274791718,0.4903218150138855
230,-18.348,-16.1109,-34.459,-24.3281,-10.3359,1.9456,0.0,0.24169611930847168,0.3374570310115814,0.2692118287086487,0.3245636522769928,0.3586309552192688,0.05499844625592232,0.22621268033981323,0.1578047275543213,0.45650652050971985
235,-18.1594,-16.7086,-34.868,-23.7109,-11.6641,1.9005,0.0,0.1976102888584137,0.3125353455543518,0.1958255171775818,0.30646854639053345,0.3024553656578064,0.042288556694984436,0.20619557797908783,0.16573382914066315,0.481304407119751
240,-17.9586,-16.8746,-34.8332,-23.7109,-11.5703,1.8451,0.0,0.2536293864250183,0.29195669293403625,0.2063601016998291,0.30902159214019775,0.2552083432674408,0.04551461338996887,0.20102612674236298,0.16989272832870483,0.4790889322757721
245,-16.3313,-20.0918,-36.423,-21.2031,-16.3516,1.7762,0.0,0.17353951930999756,0.12976022064685822,0.09716355055570602,0.119140625,0.153273805975914,0.022621268406510353,0.08267257362604141,0.19321362674236298,0.5970149040222168
250,-17.9895,-17.5734,-35.5629,-23.0469,-13.1328,1.7045,0.0,0.17110799252986908,0.2717747092247009,0.12869399785995483,0.24774907529354095,0.2682291567325592,0.027712997049093246,0.1780550330877304,0.1630907952785492,0.5266635417938232
255,-18.2355,-16.6418,-34.8773,-24.9922,-9.0547,1.634,0.0,0.27480044960975647,0.38397595286369324,0.1347598433494568,0.3013370633125305,0.2641369104385376,0.034087374806404114,0.21976056694984436,0.1707478165626526,0.4709266126155853
260,-18.2512,-16.852,-35.1031,-24.4609,-10.375,1.5976,0.0,0.2463928908109665,0.3506692051887512,0.16571155190467834,0.2727772891521454,0.2875744104385376,0.03502020984888077,0.2032804787158966,0.16277985274791718,0.4944418668746948
265,-17.6324,-18.3332,-35.9656,-22.9844,-12.9297,1.5507,0.0,0.10733452439308167,0.22287234663963318,0.11497695744037628,0.21333704888820648,0.1964285671710968,0.0217273011803627,0.14614428579807281,0.16868780553340912,0.5589630007743835
270,-19.3293,-14.916,-34.2453,-26.5703,-6.0859,1.4928,0.0,0.33879223465919495,0.5024793148040771,0.16186869144439697,0.35100987553596497,0.3537946343421936,0.03797418996691704,0.28218284249305725,0.15391790866851807,0.4214474558830261
275,-16.8027,-19.7852,-36.5879,-22.5312,-14.0,1.4362,0.0,0.0690789446234703,0.19266802072525024,0.05323435738682747,0.13144031167030334,0.1607142835855484,0.01181592047214508,0.09542132914066315,0.1832633763551712,0.6050217747688293
280,-16.9734,-18.7605,-35.734,-23.5391,-11.6562,1.3567,0.0,0.1583629846572876,0.2584269642829895,0.08960287272930145,0.19910836219787598,0.2228422611951828,0.02184390462934971,0.13837064802646637,0.19476833939552307,0.5405395030975342
285,-17.0078,-19.4184,-36.4262,-23.3516,-12.6641,1.2712,0.0,0.17000000178813934,0.26566851139068604,0.05416754260659218,0.138364776968956,0.190476194024086,0.011660447344183922,0.11162935197353363,0.1851290464401245,0.587103545665741
290,-18.5977,-16.0723,-34.6699,-25.0859,-8.8672,1.2016,0.0,0.3030303120613098,0.4207783639431,0.15348398685455322,0.310139000415802,0.3255208432674408,0.03591417893767357,0.2386893630027771,0.1651119440793991,0.4558069109916687
295,-17.8809,-17.8949,-35.7758,-23.0391,-13.1016,1.1538,0.0,0.17569786310195923,0.2655220925807953,0.10918056219816208,0.22499999403953552,0.2589285671710968,0.023670708760619164,0.16526740789413452,0.16553948819637299,0.5410447716712952
300,-17.2695,-19.052,-36.3215,-23.4219,-12.2188,1.0842,0.0,0.1428571492433548,0.22396980226039886,0.07010988891124725,0.16896045207977295,0.173735111951828,0.013331778347492218,0.12356188148260117,0.1768501251935959,0.5817785859107971
305,-16.3895,-19.0953,-35.4848,-23.7344,-10.7969,1.0181,0.0,0.1815008670091629,0.32237958908081055,0.08457446843385696,0.1932014673948288,0.1729910671710968,0.022271454334259033,0.1372046023607254,0.21921642124652863,0.5168299078941345
310,-17.2953,-18.1027,-35.398,-24.8203,-8.7422,0.953,0.0,0.24957264959812164,0.39723819494247437,0.0805262103676796,0.20667532086372375,0.2574404776096344,0.02273787371814251,0.16888214647769928,0.19500155746936798,0.5089008212089539
315,-16.7355,-19.6137,-36.3492,-23.5391,-11.9375,0.8892,0.0,0.1424148678779602,0.26790934801101685,0.04967689886689186,0.13946370780467987,0.1681547611951828,0.012554415501654148,0.10634328424930573,0.1924751251935959,0.5841495394706726
320,-16.7043,-19.9703,-36.6746,-22.7109,-13.5234,0.8278,0.0,0.11036789417266846,0.20996440947055817,0.04920802637934685,0.12095443904399872,0.1290922611951828,0.01162157952785492,0.08737561851739883,0.18404074013233185,0.6124844551086426
325,-16.3773,-19.7301,-36.1074,-23.1953,-12.2266,0.7499,0.0,0.1621621549129486,0.22868354618549347,0.047299813479185104,0.1581706553697586,0.1607142835855484,0.014381218701601028,0.10894744843244553,0.20872201025485992,0.5634716749191284
330,-17.6035,-18.3406,-35.9441,-23.8594,-11.4844,0.6756,0.0,0.20219780504703522,0.2599693238735199,0.07960862666368484,0.20626410841941833,0.228422611951828,0.01768501289188862,0.15205223858356476,0.17479011416435242,0.5509950518608093
335,-17.1195,-19.5336,-36.6531,-22.0547,-14.9297,0.6027,0.0,0.13651877641677856,0.16026386618614197,0.052841916680336,0.1455381065607071,0.1529017835855484,0.011388370767235756,0.10016324371099472,0.17506219446659088,0.6089085936546326
340,-16.4977,-20.3695,-36.8672,-21.625,-15.9297,0.5078,0.0,0.037974681705236435,0.10095643252134323,0.041260626167058945,0.1069076880812645,0.1365327388048172,0.009211753495037556,0.07314987480640411,0.18746113777160645,0.6256996393203735
345,-14.8781,-21.7277,-36.6059,-19.8984,-17.7656,0.418,0.0,0.0746268630027771,0.1115013137459755,0.019895784556865692,0.06783724576234818,0.0892857164144516,0.0052083334885537624,0.0442708320915699,0.24615205824375153,0.599891185760498
350,-16.3559,-20.3684,-36.7242,-22.1719,-14.3438,0.3202,0.0142,0.17391304671764374,0.182182177901268,0.0372622087597847,0.10720640420913696,0.123511902987957,0.008045708760619164,0.07765857875347137,0.19818873703479767,0.6116293668746948
355,-16.5094,-19.6688,-36.1781,-23.625,-11.1797,0.239,0.0045,0.23357664048671722,0.28410255908966064,0.043559543788433075,0.14614960551261902,0.1584821492433548,0.010649875737726688,0.1136893630027771,0.20790578424930573,0.5632773637771606
360,-17.3918,-18.191,-35.5828,-24.9688,-9.0547,0.1756,0.0,0.2924335300922394,0.3498706817626953,0.07545622438192368,0.2134714275598526,0.2146577388048172,0.019006529822945595,0.16530628502368927,0.18956001102924347,0.5216495394706726
365,-17.9832,-17.6035,-35.5867,-25.375,-8.4062,0.113,0.0,0.3012552261352539,0.36631980538368225,0.07847533375024796,0.22989621758460999,0.2384672611951828,0.01857898011803627,0.1830301582813263,0.17335198819637299,0.5205612778663635
370,-18.1527,-16.8074,-34.9602,-25.4609,-7.8125,0.0523,0.0,0.2863371968269348,0.41471216082572937,0.1187034621834755,0.2697812020778656,0.2976190447807312,0.02674129419028759,0.21875,0.17747201025485992,0.4725590944290161
375,-17.1539,-19.0488,-36.2027,-22.9297,-12.9688,0.0,0.0,0.2084309160709381,0.21059349179267883,0.07910576462745667,0.17360220849514008,0.1819196492433548,0.016596704721450806,0.12181281298398972,0.1808146834373474,0.576298177242279
380,-16.7914,-19.2887,-36.0801,-23.4141,-11.7188,0.0,0.0,0.17924527823925018,0.2140328288078308,0.06674636155366898,0.17032435536384583,0.1994047611951828,0.01648009940981865,0.1207633689045906,0.19507929682731628,0.5631996393203735
385,-17.5191,-17.8484,-35.3676,-25.0234,-8.7812,0.0,0.0,0.24684683978557587,0.33884844183921814,0.10200737416744232,0.235271617770195,0.2496279776096344,0.021571828052401543,0.1761893630027771,0.18975435197353363,0.5080068111419678
390,-18.2348,-16.893,-35.1277,-25.9609,-6.9297,0.0,0.0,0.3589743673801422,0.4451600909233093,0.09576385468244553,0.24736925959587097,0.284970223903656,0.024253731593489647,0.21120958030223846,0.17249688506126404,0.4875621795654297
395,-17.6535,-16.9188,-34.5723,-25.4062,-7.8516,0.0,0.0,0.41791045665740967,0.42911529541015625,0.13251061737537384,0.27115005254745483,0.3043154776096344,0.0364583320915699,0.21439675986766815,0.19212530553340912,0.4525419771671295
400,-18.5332,-16.5398,-35.073,-25.5,-7.7344,0.0,0.0,0.3477588891983032,0.41922610998153687,0.10873693972826004,0.2673538327217102,0.322172611951828,0.0251476988196373,0.22399720549583435,0.16371268033981323,0.4826647937297821
405,-18.0527,-17.1492,-35.202,-25.5078,-7.8594,0.0,0.0,0.2654232382774353,0.3835325837135315,0.10643115639686584,0.259948194026947,0.2600446343421936,0.02709110639989376,0.2015702724456787,0.17164179682731628,0.49521923065185547
410,-17.8547,-17.7117,-35.5664,-25.3203,-8.4453,0.0,0.0,0.21996302902698517,0.32844769954681396,0.11412680894136429,0.2324272245168686,0.2287946492433548,0.02102767489850521,0.17502331733703613,0.1747123748064041,0.5247589945793152
415,-18.1055,-16.8668,-34.9723,-24.875,-8.9844,0.0,0.0,0.35167786478996277,0.3961883783340454,0.12400881201028824,0.2696373462677002,0.2935267984867096,0.028956778347492218,0.21210354566574097,0.17646144330501556,0.47800061106681824
420,-17.9867,-16.5066,-34.4934,-26.2891,-6.2734,0.0,0.0,0.3302752375602722,0.43580162525177,0.14871686697006226,0.2840501070022583,0.3601190447807312,0.038129664957523346,0.22885571420192719,0.18477922677993774,0.4437577724456787
425,-19.1145,-14.9191,-34.0336,-26.5469,-5.6875,0.0,0.0,0.43099069595336914,0.5005455613136292,0.18269230425357819,0.34457072615623474,0.3820684552192688,0.045903295278549194,0.2849813401699066,0.15764924883842468,0.4069885015487671
430,-19.552,-14.3371,-33.8891,-26.9922,-5.2188,0.0,0.0,0.400847464799881,0.5220867991447449,0.19364085793495178,0.37378019094467163,0.3921130895614624,0.04586442932486534,0.30620336532592773,0.14913712441921234,0.39431747794151306
435,-19.3266,-14.468,-33.7945,-26.2578,-6.5703,0.0,0.0,0.35528454184532166,0.4782552123069763,0.21501114964485168,0.40546175837516785,0.3988095223903656,0.047807835042476654,0.2994014322757721,0.1569107621908188,0.39140236377716064
440,-19.3992,-13.7766,-33.1758,-26.5469,-5.5703,0.0,0.0,0.4560000002384186,0.5309820175170898,0.24736455082893372,0.4280667006969452,0.4609375,0.06316076219081879,0.3217895030975342,0.15854321420192719,0.35202890634536743
445,-19.768,-13.85,-33.618,-25.8828,-7.2266,0.0,0.0,0.44944706559181213,0.504687488079071,0.20940057933330536,0.4131581783294678,0.4713541567325592,0.049207091331481934,0.323383092880249,0.14719371497631073,0.3757385015487671
450,-18.9074,-14.6324,-33.5398,-25.9844,-6.7891,0.0,0.0,0.39874738454818726,0.48111486434936523,0.21128395199775696,0.4073612093925476,0.4188988208770752,0.05585354566574097,0.2984297275543213,0.1674051582813263,0.37383395433425903
455,-18.6285,-15.3273,-33.9559,-26.4766,-5.9219,0.0,0.0,0.3325020670890808,0.475985050201416,0.17800579965114594,0.36557692289352417,0.3582589328289032,0.046758394688367844,0.27028918266296387,0.1742459535598755,0.4042288661003113
460,-18.3355,-15.891,-34.2266,-25.8828,-6.8516,0.0,0.0,0.3445447087287903,0.39936909079551697,0.1843225061893463,0.3372367322444916,0.3984375,0.04738028720021248,0.2464241236448288,0.17354632914066315,0.42817163467407227
465,-19.0039,-15.8914,-34.8953,-25.0859,-8.9141,0.0,0.0,0.30645161867141724,0.36963164806365967,0.16469377279281616,0.31398895382881165,0.3705357015132904,0.031327735632658005,0.24164333939552307,0.1510416716337204,0.4715096354484558
470,-18.2668,-16.7633,-35.0301,-25.0859,-8.8438,0.0,0.0,0.26374998688697815,0.3504304885864258,0.145291268825531,0.29409873485565186,0.2671130895614624,0.03109452687203884,0.21218128502368927,0.16880442202091217,0.48344215750694275
475,-18.4227,-16.018,-34.4406,-25.5938,-7.6406,0.0,0.0,0.3640730082988739,0.3829718828201294,0.16712328791618347,0.33930137753486633,0.3381696343421936,0.04046175256371498,0.24195429682731628,0.1702425330877304,0.442863792181015
480,-18.1637,-16.7047,-34.8684,-25.0859,-9.0781,0.0,0.0,0.25882354378700256,0.33357375860214233,0.15264585614204407,0.3034522533416748,0.3232886791229248,0.03634173050522804,0.21556280553340912,0.171875,0.4717428386211395
485,-19.1891,-14.6234,-33.8125,-26.0,-7.2031,0.0,0.0,0.3808160424232483,0.45417845249176025,0.2256670892238617,0.4075119197368622,0.376860111951828,0.05429881811141968,0.2888292968273163,0.15294620394706726,0.39944806694984436
490,-18.5613,-15.5426,-34.1039,-25.6562,-7.4922,0.0,0.0,0.33818769454956055,0.41435322165489197,0.20009136199951172,0.36427631974220276,0.365327388048172,0.04804104566574097,0.26321518421173096,0.1701647937297821,0.41410136222839355
495,-18.8219,-15.8934,-34.7152,-24.2656,-10.5781,0.0,0.0,0.27962085604667664,0.3322470188140869,0.19984588027000427,0.3389376699924469,0.3638392984867096,0.04100590944290161,0.2385338991880417,0.15131373703479767,0.4646688401699066
500,-18.6719,-15.2418,-33.9137,-24.8516,-9.0078,0.0,0.0,0.340751051902771,0.3787856698036194,0.24946795403957367,0.40947049856185913,0.3470982015132904,0.05589241161942482,0.26566386222839355,0.16437344253063202,0.4095926582813263
505,-18.7238,-15.3945,-34.1184,-24.8984,-9.3359,0.0,0.0,0.34285715222358704,0.343814879655838,0.23502415418624878,0.39351680874824524,0.3976934552192688,0.05169465020298958,0.26204913854599,0.16091418266296387,0.42086443305015564
510,-19.4109,-14.5277,-33.9387,-25.125,-9.0234,0.0,0.0,0.3467070460319519,0.42078202962875366,0.25046828389167786,0.42120668292045593,0.3738839328289032,0.05134483799338341,0.287274569272995,0.14525030553340912,0.41165268421173096
515,-19.4969,-14.5457,-34.0426,-24.9531,-9.2969,0.0,0.0,0.4040178656578064,0.4144781529903412,0.2492324858903885,0.39567074179649353,0.4185267984867096,0.05223880708217621,0.2856420874595642,0.13926461338996887,0.4183768630027771
520,-18.9914,-15.0645,-34.0559,-25.3672,-8.375,0.0,0.0,0.34929993748664856,0.4012829661369324,0.2489837408065796,0.38715988397598267,0.3675595223903656,0.05274409055709839,0.27266013622283936,0.152985081076622,0.417133092880249
525,-19.0754,-14.3539,-33.4293,-25.7031,-7.6328,0.0,0.0,0.3951300382614136,0.4355543851852417,0.2907891273498535,0.43354204297065735,0.439360111951828,0.0702347606420517,0.29341572523117065,0.15317942202091217,0.37869247794151306
530,-19.5984,-14.3391,-33.9375,-24.8828,-9.2969,0.0,0.0,0.3578571379184723,0.4096018970012665,0.26293468475341797,0.4132043123245239,0.4642857015132904,0.054415423423051834,0.2938821613788605,0.13747668266296387,0.4097481369972229
535,-18.6629,-15.5246,-34.1875,-24.2188,-10.2031,0.0,0.0,0.35393258929252625,0.35355234146118164,0.23315933346748352,0.36196595430374146,0.4285714328289032,0.05534825846552849,0.2543920874595642,0.15636660158634186,0.42941543459892273
540,-18.8086,-15.3492,-34.1578,-23.75,-11.375,0.0,0.0,0.34279778599739075,0.3476375639438629,0.2523579001426697,0.3907146155834198,0.3645833432674408,0.05612562224268913,0.2599502503871918,0.15247978270053864,0.42696672677993774
545,-18.6301,-15.8281,-34.4582,-23.9141,-11.0938,0.0,0.0,0.2869429290294647,0.31836408376693726,0.23017263412475586,0.35449734330177307,0.3936011791229248,0.049712374806404114,0.2423429787158966,0.1553560346364975,0.44811099767684937
550,-19.2902,-15.0199,-34.3102,-24.6875,-9.6641,0.0,0.0,0.34097859263420105,0.3626596927642822,0.2480490505695343,0.3813077509403229,0.4118303656578064,0.05083955079317093,0.2677238881587982,0.13945895433425903,0.4375
555,-18.7793,-15.6809,-34.4602,-24.4531,-9.9219,0.0,0.0,0.31989923119544983,0.3268834352493286,0.22617246210575104,0.3599931001663208,0.384672611951828,0.04629197716712952,0.24506373703479767,0.15415112674236298,0.4500155448913574
560,-18.7359,-15.1594,-33.8953,-24.7734,-9.2812,0.0,0.0,0.355360746383667,0.371572881937027,0.2584652900695801,0.3946017920970917,0.4289434552192688,0.05764148011803627,0.2693563401699066,0.15955379605293274,0.40897077322006226
565,-18.575,-16.1152,-34.6902,-24.1562,-10.75,0.0,0.0,0.22928398847579956,0.2890113592147827,0.22920893132686615,0.3501286506652832,0.3307291567325592,0.04831312224268913,0.2256685346364975,0.15329602360725403,0.4682447016239166
570,-18.7992,-16.2434,-35.0426,-23.5625,-12.1719,0.0,0.0,0.25072887539863586,0.2715470492839813,0.2232191413640976,0.3197779059410095,0.3311011791229248,0.039995335042476654,0.21556280553340912,0.14295709133148193,0.4970071613788605
575,-18.9086,-15.7047,-34.6133,-23.5859,-11.9844,0.0,0.0,0.31188926100730896,0.3307531177997589,0.25181207060813904,0.353693425655365,0.302827388048172,0.04773009940981865,0.24102145433425903,0.1447838991880417,0.4619869291782379
580,-18.3824,-17.0992,-35.4816,-23.8438,-11.5859,0.0,0.0,0.1995515674352646,0.24276728928089142,0.19006308913230896,0.2680123746395111,0.2834821343421936,0.0346703976392746,0.18540112674236298,0.14785447716712952,0.5275964140892029
585,-17.5223,-17.998,-35.5203,-23.0703,-12.8047,0.0,0.0,0.1940828412771225,0.20201535522937775,0.16183307766914368,0.23893412947654724,0.2581845223903656,0.03284359350800514,0.16200248897075653,0.17556747794151306,0.525108814239502
590,-17.3465,-17.5973,-34.9437,-23.3125,-11.6172,0.0,0.0,0.23884513974189758,0.25487589836120605,0.19409282505512238,0.26982995867729187,0.2745535671710968,0.04442630708217621,0.1753731369972229,0.184235081076622,0.49148786067962646
595,-17.1414,-18.2266,-35.368,-22.9922,-12.8906,0.0,0.0,0.21237993240356445,0.23403167724609375,0.14533305168151855,0.2320895493030548,0.2503720223903656,0.03641946613788605,0.15212997794151306,0.18613961338996887,0.5208333134651184
600,-17.2527,-18.2418,-35.4945,-22.3281,-14.2188,0.0,0.0,0.24586288630962372,0.23598971962928772,0.15025575459003448,0.22105495631694794,0.2354910671710968,0.032882463186979294,0.1511971354484558,0.1823693960905075,0.5290733575820923
605,-17.2098,-18.3816,-35.5914,-22.8047,-13.1484,0.0,0.0,0.1962616890668869,0.24098007380962372,0.1394096165895462,0.21541687846183777,0.2165178507566452,0.033271145075559616,0.14435634016990662,0.18038712441921234,0.5375077724456787
610,-16.6102,-18.6293,-35.2395,-21.6172,-14.8203,0.0,0.0,0.22341462969779968,0.20053763687610626,0.15058960020542145,0.21917390823364258,0.271577388048172,0.039839863777160645,0.14458955824375153,0.20106498897075653,0.5100280046463013
615,-17.9172,-16.8836,-34.8008,-23.4453,-12.1953,0.0,0.0,0.2542662024497986,0.2846153974533081,0.21662870049476624,0.3080306351184845,0.2652529776096344,0.045553483068943024,0.20211443305015564,0.17063121497631073,0.4772232472896576
620,-18.4258,-16.9844,-35.4102,-23.7734,-11.9609,0.0,0.0,0.2234891653060913,0.2395017147064209,0.1771724969148636,0.28144925832748413,0.2957589328289032,0.034087374806404114,0.1934468299150467,0.14983674883842468,0.5181514024734497
625,-17.7379,-17.718,-35.4559,-22.3125,-14.1562,0.0,0.0,0.22113290429115295,0.2511003017425537,0.15805400907993317,0.24294914305210114,0.2622767984867096,0.035680968314409256,0.16779384016990662,0.16697761416435242,0.5250699520111084
630,-17.1742,-18.55,-35.7242,-21.9844,-14.8359,0.0,0.0,0.17353308200836182,0.18691852688789368,0.153662770986557,0.2072027325630188,0.2180059552192688,0.031133394688367844,0.1378653645515442,0.17933768033981323,0.5471859574317932
635,-16.9324,-18.9551,-35.8875,-22.6484,-13.8359,0.0,0.0,0.13268156349658966,0.17148183286190033,0.1230996623635292,0.18797411024570465,0.2224702388048172,0.027829602360725403,0.12511660158634186,0.1840796023607254,0.5584965944290161
640,-17.518,-18.1695,-35.6875,-21.9141,-15.0,0.0,0.0,0.23106060922145844,0.21748071908950806,0.15543924272060394,0.21791750192642212,0.2287946492433548,0.030783582478761673,0.1511971354484558,0.17078669369220734,0.5427549481391907
645,-18.1195,-17.0238,-35.1434,-23.1016,-12.9062,0.0,0.0,0.2066037803888321,0.25626683235168457,0.21960116922855377,0.27275514602661133,0.3333333432674408,0.04120025038719177,0.18761660158634186,0.1598258763551712,0.5068796873092651
650,-18.0879,-17.1059,-35.1937,-22.9375,-13.2812,0.0,0.0,0.2357487976551056,0.26966291666030884,0.21296297013759613,0.2698740065097809,0.279389888048172,0.04022854566574097,0.18680037558078766,0.159514918923378,0.508978545665741
655,-17.8238,-17.2566,-35.0805,-23.8125,-11.3906,0.0,0.0,0.1985446959733963,0.2812243103981018,0.19829711318016052,0.2722993791103363,0.279389888048172,0.03739117085933685,0.1892102062702179,0.17346858978271484,0.4954524338245392
660,-17.8766,-17.3434,-35.2199,-23.5859,-12.0312,0.0,0.0,0.21995708346366882,0.2470513880252838,0.1746031790971756,0.27103665471076965,0.3013392984867096,0.036225125193595886,0.18454602360725403,0.16895988583564758,0.5057913661003113
665,-18.1914,-16.5039,-34.6953,-23.9531,-11.25,0.0,0.0,0.2633928656578064,0.30280306935310364,0.2114894539117813,0.3157806992530823,0.3511904776096344,0.04353233799338341,0.2177005559206009,0.16779384016990662,0.4664956331253052
670,-18.3434,-15.7289,-34.0723,-23.7422,-11.5781,0.0,0.0,0.3248407542705536,0.3195129930973053,0.2982499301433563,0.3634818494319916,0.392485111951828,0.06712531298398972,0.2362406700849533,0.15768812596797943,0.43446826934814453
675,-19.0945,-15.2695,-34.3641,-23.8984,-11.3359,0.0,0.0,0.30051058530807495,0.3004910945892334,0.2997252643108368,0.37748631834983826,0.4341517984867096,0.05328824743628502,0.2532649338245392,0.14148010313510895,0.4474891126155853
680,-19.7328,-14.2777,-34.0105,-24.25,-10.7031,0.0,0.0,0.35361215472221375,0.3497326076030731,0.3174157440662384,0.43375393748283386,0.4672619104385376,0.06133395433425903,0.29073384404182434,0.12453357875347137,0.41892102360725403
685,-19.0164,-15.0977,-34.1141,-24.3828,-10.2266,0.0,0.0,0.35548171401023865,0.3395417630672455,0.2849462330341339,0.3853393793106079,0.4404761791229248,0.05849657952785492,0.2629430890083313,0.14458955824375153,0.42949315905570984
690,-18.7914,-15.3789,-34.1703,-24.375,-10.3125,0.0,0.0,0.3177501857280731,0.34556713700294495,0.26379910111427307,0.3756800889968872,0.4162946343421936,0.053210511803627014,0.25734609365463257,0.1563277393579483,0.4286380708217621
695,-19.4859,-14.2465,-33.7324,-25.3203,-8.4688,0.0,0.0,0.37367022037506104,0.4268691837787628,0.284153014421463,0.42133021354675293,0.4501488208770752,0.05845770984888077,0.29683613777160645,0.1422574669122696,0.39797109365463257
700,-18.5551,-16.1152,-34.6703,-24.3203,-10.3281,0.0,0.0,0.29411765933036804,0.3318416476249695,0.2218559831380844,0.32026198506355286,0.3590029776096344,0.04757462814450264,0.2258239984512329,0.15329602360725403,0.4688277244567871
705,-18.5082,-15.3559,-33.8641,-24.8516,-8.8672,0.0,0.0,0.33134329319000244,0.3937114477157593,0.27555447816848755,0.37795647978782654,0.3783482015132904,0.0651041641831398,0.25835666060447693,0.1612251251935959,0.41083642840385437
710,-19.1574,-14.3035,-33.4609,-25.6016,-7.6953,0.0,0.0,0.39416059851646423,0.41927391290664673,0.3135177195072174,0.4314824342727661,0.4624255895614624,0.06922419369220734,0.294426292181015,0.1503809094429016,0.3814909756183624
715,-19.6508,-13.6531,-33.3039,-25.8203,-7.4219,0.0,0.0,0.4353448152542114,0.4808843433856964,0.31580451130867004,0.4350389540195465,0.474702388048172,0.07213930040597916,0.3182136118412018,0.13599969446659088,0.36916977167129517
720,-19.5176,-13.5949,-33.1125,-26.3359,-6.4375,0.0,0.0,0.4417525827884674,0.4871639609336853,0.31655845046043396,0.455171674489975,0.4680059552192688,0.07540422677993774,0.3209732472896576,0.14365671575069427,0.3554881811141968
725,-19.4656,-14.1102,-33.5758,-25.875,-7.3828,0.0,0.0,0.37556853890419006,0.4561270773410797,0.27340424060821533,0.41828933358192444,0.4869791567325592,0.059818096458911896,0.30830225348472595,0.14614428579807281,0.3812577724456787
730,-20.084,-12.748,-32.832,-26.6484,-5.625,0.0,0.0,0.3883289098739624,0.5359146595001221,0.35575827956199646,0.4838709533214569,0.5360863208770752,0.07326647639274597,0.353350430727005,0.13634949922561646,0.33255597949028015
735,-20.1895,-11.609,-31.7984,-26.9609,-4.7891,0.0085,0.0,0.5179934501647949,0.6133306622505188,0.4136486053466797,0.5357598066329956,0.6075148582458496,0.10692630708217621,0.3842895030975342,0.12985852360725403,0.27444806694984436
740,-21.3582,-10.7164,-32.0746,-27.1875,-4.9688,0.0388,0.0,0.5045372247695923,0.6412738561630249,0.39434629678726196,0.5607651472091675,0.5944940447807312,0.08566541969776154,0.4296097755432129,0.10999689251184464,0.2702503204345703
745,-20.6762,-12.1402,-32.8164,-26.5781,-5.8594,0.055,0.0,0.46690794825553894,0.5515506863594055,0.3501793146133423,0.48734548687934875,0.5892857313156128,0.07517102360725403,0.37095770239830017,0.11920864135026932,0.33018502593040466
750,-19.6418,-13.1578,-32.7996,-26.6406,-5.4297,0.0619,0.0,0.437313437461853,0.5474911332130432,0.3328092098236084,0.4483166038990021,0.5122767686843872,0.078125,0.34005752205848694,0.14832089841365814,0.3290189802646637
755,-19.5727,-14.2418,-33.8145,-25.6562,-7.7266,0.0433,0.0,0.321475625038147,0.421142041683197,0.2974488437175751,0.4206950068473816,0.4516369104385376,0.0590018667280674,0.2974580228328705,0.13864272832870483,0.40041977167129517
760,-19.4297,-14.4258,-33.8555,-25.2812,-8.4766,0.0247,0.0,0.36068829894065857,0.4076693058013916,0.30530112981796265,0.4090995192527771,0.431547611951828,0.05872979015111923,0.28583642840385437,0.14004197716712952,0.41091418266296387
765,-19.5945,-13.6719,-33.2664,-24.2422,-10.3203,0.0014,0.0,0.36858317255973816,0.4302803874015808,0.38365495204925537,0.4631667137145996,0.4951636791229248,0.07571517676115036,0.3119169771671295,0.1369713991880417,0.3709188401699066
770,-20.1488,-13.0941,-33.243,-25.2969,-8.5859,0.0189,0.0,0.46461689472198486,0.43135160207748413,0.3965800702571869,0.4876614511013031,0.5022321343421936,0.07964085787534714,0.3275419771671295,0.11819807440042496,0.37014147639274597
775,-20.2414,-12.868,-33.1094,-25.6562,-7.8672,0.0013,0.0,0.422137051820755,0.46065741777420044,0.4127140939235687,0.4939037561416626,0.5212053656578064,0.08111784607172012,0.3393579125404358,0.1180037334561348,0.35704290866851807
780,-20.2609,-13.6352,-33.8961,-24.6484,-10.0469,0.0,0.0,0.40453460812568665,0.39713409543037415,0.41053006052970886,0.43932196497917175,0.4148065447807312,0.06514303386211395,0.3037935197353363,0.10925839841365814,0.4173274338245392
785,-20.4441,-12.5656,-33.0098,-24.8125,-9.4844,0.0016,0.0,0.46021977066993713,0.4541642963886261,0.46750903129577637,0.5075245499610901,0.5331101417541504,0.08842506259679794,0.3430114984512329,0.1076648011803627,0.35642102360725403
790,-20.173,-12.7809,-32.9539,-25.375,-8.1484,0.0018,0.0,0.46841156482696533,0.47491180896759033,0.43250328302383423,0.4874763488769531,0.5171130895614624,0.08613184094429016,0.3416122496128082,0.11862561851739883,0.34915268421173096
795,-20.4223,-12.4102,-32.8324,-25.4766,-8.3438,0.0175,0.0,0.47352561354637146,0.45695364475250244,0.4647887349128723,0.5240856409072876,0.5691964030265808,0.09029073268175125,0.3462764322757721,0.11038557440042496,0.3485696613788605
800,-20.7563,-12.1371,-32.8934,-25.4766,-8.3906,0.0387,0.0,0.49292662739753723,0.44776931405067444,0.49637818336486816,0.5398772954940796,0.5691964030265808,0.08791977912187576,0.3571983873844147,0.10195118188858032,0.3484530448913574
805,-19.9898,-13.6582,-33.648,-24.3203,-10.5859,0.0319,0.0,0.4532487988471985,0.3678116500377655,0.4303625822067261,0.4554350972175598,0.4561011791229248,0.07357742637395859,0.30212220549583435,0.11469993740320206,0.4051228165626526
810,-20.3441,-12.8699,-33.2141,-24.2578,-10.8516,0.0387,0.0,0.46855345368385315,0.37505894899368286,0.4979757070541382,0.5048372149467468,0.5848214030265808,0.08652052283287048,0.3297574520111084,0.10560479015111923,0.37363961338996887
815,-18.5168,-14.7738,-33.2906,-23.6406,-11.0547,0.0344,0.0,0.4165950119495392,0.31929928064346313,0.4185514748096466,0.4217905104160309,0.4895833432674408,0.0904073417186737,0.26403141021728516,0.15294620394706726,0.38813742995262146
820,-19.541,-14.0672,-33.6082,-24.6641,-9.7344,0.0124,0.0,0.4126906096935272,0.35319727659225464,0.43673470616340637,0.4339190125465393,0.4743303656578064,0.0790189653635025,0.28568097949028015,0.12379508465528488,0.40702736377716064
825,-19.7258,-13.2172,-32.943,-23.8906,-11.0703,0.0069,0.0,0.4712643623352051,0.4053889214992523,0.5015984773635864,0.48187655210494995,0.53125,0.0980643630027771,0.31879663467407227,0.1215796023607254,0.3570817708969116
830,-20.0914,-13.7434,-33.8348,-23.8125,-11.6016,0.0025,0.0,0.440434992313385,0.3405711352825165,0.4377845227718353,0.44212576746940613,0.494047611951828,0.07863028347492218,0.29535913467407227,0.1024564653635025,0.41907650232315063
835,-20.0645,-13.2512,-33.3156,-24.5938,-9.8281,0.0,0.0,0.4596443176269531,0.36560729146003723,0.47260749340057373,0.48542407155036926,0.5479910969734192,0.08523787558078766,0.31553173065185547,0.11209577322006226,0.3826570212841034
840,-20.3359,-12.6438,-32.9797,-24.8906,-9.1641,0.0,0.0,0.4836031496524811,0.4128761291503906,0.5067297220230103,0.5280404090881348,0.5145089030265808,0.09363339841365814,0.3332555890083313,0.1068485677242279,0.36178481578826904
845,-21.2203,-11.4855,-32.7059,-25.3047,-8.7109,0.0215,0.0,0.5107020735740662,0.47594237327575684,0.550581157207489,0.561103343963623,0.6197916865348816,0.09079602360725403,0.38048040866851807,0.09029073268175125,0.33395522832870483
850,-21.2961,-11.634,-32.9301,-25.7969,-7.6094,0.0356,0.0,0.5338175296783447,0.4245058596134186,0.5424107313156128,0.5850682854652405,0.5877976417541504,0.08562655746936798,0.3755830228328705,0.08706467598676682,0.3472481369972229
855,-20.759,-11.8211,-32.5801,-24.7891,-9.4609,0.0556,0.0,0.5163273215293884,0.4181070923805237,0.581220269203186,0.5971513390541077,0.6063988208770752,0.10117381811141968,0.36878108978271484,0.09810323268175125,0.3274642527103424
860,-20.6891,-11.9211,-32.6102,-24.9453,-8.75,0.0771,0.0,0.5366132855415344,0.41694170236587524,0.5596330165863037,0.5663756728172302,0.644345223903656,0.10191231220960617,0.35331156849861145,0.09744247794151306,0.3428560197353363
865,-20.2379,-12.0957,-32.3336,-24.6875,-9.1016,0.0832,0.0,0.5631951689720154,0.402711421251297,0.577850878238678,0.6128568053245544,0.531622052192688,0.11532182991504669,0.349774569272995,0.10634328424930573,0.32408270239830017
870,-20.8777,-10.6789,-31.5566,-25.2188,-8.3203,0.1201,0.0,0.6421669125556946,0.4826197922229767,0.6771914958953857,0.6897924542427063,0.6313244104385376,0.1327347606420517,0.3958333432674408,0.09355565905570984,0.27339863777160645
875,-21.3867,-10.868,-32.2547,-24.9375,-9.2578,0.1457,0.0,0.624146580696106,0.4265822768211365,0.6578694581985474,0.6543084979057312,0.695684552192688,0.10817008465528488,0.3991760015487671,0.08100124448537827,0.30717507004737854
880,-21.302,-11.0199,-32.3219,-25.9297,-7.1797,0.1754,0.0,0.5806451439857483,0.4666927754878998,0.5987842082977295,0.6327300071716309,0.6220238208770752,0.10000777244567871,0.39676615595817566,0.0895133689045906,0.3092350661754608
885,-21.3961,-10.9148,-32.3109,-25.9844,-7.3047,0.2006,0.0,0.5592105388641357,0.45541492104530334,0.6034482717514038,0.6505163908004761,0.675595223903656,0.10043532401323318,0.4023243188858032,0.08791977912187576,0.3048429787158966
890,-21.0594,-11.5918,-32.6512,-25.4688,-8.1484,0.224,0.0,0.5329192280769348,0.4388311505317688,0.5712510347366333,0.5797221064567566,0.6398809552192688,0.09386660158634186,0.3777596354484558,0.0938277393579483,0.3300684094429016
895,-20.9324,-11.7496,-32.682,-24.6328,-9.8906,0.2551,0.0,0.5776796340942383,0.4206758737564087,0.5720833539962769,0.5855491161346436,0.5729166865348816,0.09682058542966843,0.3692086338996887,0.09328357875347137,0.33620956540107727
900,-20.1578,-12.3344,-32.4922,-24.2344,-10.3359,0.2703,0.0,0.5462005138397217,0.3573288023471832,0.5926716327667236,0.5987661480903625,0.5870535969734192,0.10894744843244553,0.34340018033981323,0.10925839841365814,0.3339163661003113
905,-20.6812,-11.9191,-32.6004,-25.0938,-8.7109,0.2846,0.0,0.5494933724403381,0.3493216633796692,0.5912774801254272,0.6408120393753052,0.6194196343421936,0.09973569959402084,0.3638448417186737,0.10070739686489105,0.3312344551086426
910,-19.3109,-14.7336,-34.0445,-24.6406,-9.9453,0.2828,0.0,0.3704720139503479,0.2567407488822937,0.39951279759407043,0.4315092861652374,0.4308035671710968,0.07081778347492218,0.2623600661754608,0.12764303386211395,0.43470150232315063
915,-18.416,-16.3102,-34.7262,-23.2422,-12.1797,0.2546,0.0,0.28480565547943115,0.17845983803272247,0.3176378905773163,0.34732577204704285,0.3333333432674408,0.05499844625592232,0.21148166060447693,0.1494092047214508,0.479633092880249
920,-19.041,-15.7715,-34.8125,-23.9688,-11.0781,0.2067,0.0,0.2892376780509949,0.1895783394575119,0.3477611839771271,0.35988175868988037,0.3720238208770752,0.052005596458911896,0.22675684094429016,0.1302083283662796,0.4865516126155853
925,-18.3602,-16.4641,-34.8242,-22.9766,-12.8516,0.1705,0.0,0.2982332110404968,0.13395936787128448,0.3283854126930237,0.34272301197052,0.3247767984867096,0.05499844625592232,0.20281405746936798,0.1492537260055542,0.4884561598300934
930,-19.0148,-15.0703,-34.0852,-24.2031,-10.5625,0.1409,0.0,0.3630017340183258,0.1830226480960846,0.4120631217956543,0.45133841037750244,0.3779761791229248,0.0668143630027771,0.2522932291030884,0.13790422677993774,0.43851056694984436
935,-19.5164,-14.2465,-33.7629,-24.3359,-10.4141,0.1128,0.0,0.3774588108062744,0.21638800203800201,0.4651162922382355,0.5091045498847961,0.4241071343421936,0.07311100512742996,0.28128886222839355,0.12702114880084991,0.41410136222839355
940,-20.7867,-11.9027,-32.6895,-25.7969,-7.4219,0.1133,0.0,0.5315573811531067,0.3678734600543976,0.5779497027397156,0.6383201479911804,0.5703125,0.09483830630779266,0.36609917879104614,0.10047419369220734,0.33411070704460144
945,-20.9121,-11.6965,-32.6086,-25.2422,-8.6016,0.1303,0.0,0.577985405921936,0.3543446660041809,0.6055377125740051,0.6684731245040894,0.5632440447807312,0.09569340944290161,0.3730565905570984,0.09685945510864258,0.329912930727005
950,-20.8906,-11.2754,-32.166,-25.4375,-8.2109,0.154,0.0,0.6024053692817688,0.40267640352249146,0.6487138271331787,0.6857905983924866,0.5870535969734192,0.10988028347492218,0.3833955228328705,0.09670397639274597,0.30554258823394775
955,-21.4258,-10.6984,-32.1242,-25.9766,-7.0859,0.1744,0.0,0.6455064415931702,0.4159274697303772,0.6865741014480591,0.7195855379104614,0.5956101417541504,0.10898631811141968,0.3987484574317932,0.08395522087812424,0.30383241176605225
960,-21.4594,-10.2422,-31.7016,-26.5781,-5.7422,0.2229,0.0,0.635368287563324,0.4617949426174164,0.6913800835609436,0.7446351647377014,0.7001488208770752,0.11714863032102585,0.4196595251560211,0.08702580630779266,0.27168843150138855
965,-22.0352,-9.8301,-31.8652,-26.3516,-6.5,0.2709,0.0,0.6227636337280273,0.5123212933540344,0.6555070281028748,0.738523542881012,0.6648065447807312,0.10210665315389633,0.4432136118412018,0.08010727912187576,0.2700948417186737
970,-21.8215,-9.8004,-31.6219,-26.1328,-6.7266,0.3125,0.0,0.6473348736763,0.5076855421066284,0.6951871514320374,0.7624251246452332,0.6622023582458496,0.11594372242689133,0.43998757004737854,0.07995180040597916,0.25963929295539856
975,-22.4746,-8.684,-31.1586,-26.4062,-6.2031,0.3738,0.0,0.6738660931587219,0.5802540183067322,0.7810615301132202,0.8013814091682434,0.7481398582458496,0.1259717047214508,0.4743858873844147,0.06444340944290161,0.2307213991880417
980,-23.7586,-6.9012,-30.6598,-28.0859,-3.4297,0.45,0.0,0.734000027179718,0.7099167108535767,0.7484709620475769,0.8408733010292053,0.824032723903656,0.11660447716712952,0.5553871393203735,0.05083955079317093,0.1726912260055542
985,-23.6641,-6.857,-30.5211,-28.2812,-2.9219,0.542,0.0,0.7308180332183838,0.7237305045127869,0.7576452493667603,0.8263761401176453,0.8344494104385376,0.12259017676115036,0.5526275038719177,0.05083955079317093,0.16946516931056976
990,-24.775,-5.3699,-30.1449,-28.8672,-2.0781,0.6451,0.0,0.7677966356277466,0.8056889772415161,0.802874743938446,0.8634708523750305,0.886532723903656,0.1146610677242279,0.6148942708969116,0.03785758838057518,0.12810945510864258
995,-24.0285,-5.8902,-29.9188,-28.7578,-2.0391,0.7497,0.0,0.775404155254364,0.7954290509223938,0.800000011920929,0.8668511509895325,0.8467261791229248,0.13463930785655975,0.5884250402450562,0.0460587702691555,0.12639924883842468
1000,-24.0566,-5.9969,-30.0535,-28.4844,-2.2344,0.8646,0.0,0.7597109079360962,0.7970870733261108,0.7454242706298828,0.8587338924407959,0.8095238208770752,0.12908115983009338,0.587103545665741,0.04671952873468399,0.13261815905570984
1005,-24.2305,-5.6199,-29.8504,-28.9922,-1.6172,0.9622,0.0,0.7657468318939209,0.8225222826004028,0.7524999976158142,0.8371862769126892,0.8697916865348816,0.12958644330501556,0.6016013622283936,0.04664178937673569,0.11769278347492218
1010,-23.334,-7.441,-30.775,-28.5938,-2.4609,1.0474,0.0,0.6610526442527771,0.7036367654800415,0.7309799194335938,0.8083121180534363,0.7767857313156128,0.11077425628900528,0.5375854969024658,0.06386038661003113,0.18330223858356476
1015,-24.2852,-5.4332,-29.7184,-28.6172,-2.2969,1.1414,0.0,0.8042694926261902,0.8189710974693298,0.8384538888931274,0.886956512928009,0.8530505895614624,0.14019745588302612,0.599891185760498,0.03921797126531601,0.1162157952785492
1020,-23.9492,-6.2176,-30.1668,-28.4453,-2.6641,1.2549,0.0,0.7831043601036072,0.7629138231277466,0.8138489127159119,0.8664346933364868,0.8147321343421936,0.1329679787158966,0.5741215944290161,0.04322139173746109,0.14521144330501556
1025,-23.6754,-6.8496,-30.525,-27.6953,-4.0234,1.342,0.0,0.7782334089279175,0.7142155170440674,0.7665130496025085,0.8528799414634705,0.7845982313156128,0.1232120618224144,0.5536769032478333,0.050606343895196915,0.16802705824375153
1030,-25.3324,-4.2141,-29.5465,-28.6953,-2.3047,1.4678,0.0,0.8781003952026367,0.8645715713500977,0.8778135180473328,0.9243435859680176,0.8973214030265808,0.1284981369972229,0.6555114984512329,0.024175994098186493,0.08733675628900528
1035,-25.5195,-3.8363,-29.3559,-29.3047,-1.1328,1.5993,0.0,0.877828061580658,0.8955579996109009,0.8553654551506042,0.9002624750137329,0.909970223903656,0.12884794175624847,0.66763836145401,0.02499222569167614,0.07404384016990662
1040,-26.0172,-3.168,-29.1852,-29.5234,-0.7656,1.7399,0.0,0.8795180916786194,0.9232389330863953,0.8888888955116272,0.9431206583976746,0.9598214030265808,0.1258162260055542,0.701298177242279,0.017840484157204628,0.05056747421622276
1045,-26.1129,-2.7961,-28.909,-29.7188,-0.5156,1.8945,0.0,0.885538637638092,0.9512208700180054,0.8848039507865906,0.9568421244621277,0.968377947807312,0.13277363777160645,0.7099658250808716,0.015858208760619164,0.03692474961280823
1050,-26.3891,-2.5285,-28.9176,-29.6875,-0.5312,2.0,0.0,0.9231002330780029,0.9594659805297852,0.8483871221542358,0.932941198348999,0.9542410969734192,0.12838153541088104,0.7220537662506104,0.012049129232764244,0.0330379344522953
1055,-26.0855,-2.9844,-29.0699,-29.6094,-0.6641,2.0,0.0,0.8753078579902649,0.9430344700813293,0.8419958353042603,0.9223125576972961,0.9445684552192688,0.12624378502368927,0.7075559496879578,0.018695585429668427,0.04302705079317093
1060,-26.093,-2.8184,-28.9113,-29.75,-0.3125,2.0,0.0,0.8888888955116272,0.9569414854049683,0.8533007502555847,0.9129065871238708,0.9386160969734192,0.13397854566574097,0.7086054086685181,0.015897076576948166,0.037041354924440384
1065,-25.0832,-4.1465,-29.2297,-29.5859,-0.4531,2.0,0.0,0.8183901309967041,0.9109694361686707,0.7730900645256042,0.8477508425712585,0.8973214030265808,0.13568873703479767,0.6583488583564758,0.034087374806404114,0.06739738583564758
1070,-26.0121,-3.1078,-29.1199,-29.6719,-0.5391,2.0,0.0,0.8727160096168518,0.9379934668540955,0.7915058135986328,0.8781725764274597,0.957217276096344,0.12550528347492218,0.7039412260055542,0.02013370580971241,0.045942164957523346
1075,-26.2914,-2.6043,-28.8957,-29.8438,-0.0781,2.0,0.0,0.9062031507492065,0.9587329030036926,0.8925619721412659,0.9408740401268005,0.956845223903656,0.12970304489135742,0.7214707732200623,0.014109142124652863,0.030239427462220192
1080,-26.5734,-2.3016,-28.875,-29.9062,-0.1406,2.0,0.0,0.894128680229187,0.9754824638366699,0.8130564093589783,0.8990654349327087,0.969122052192688,0.12445584684610367,0.7371734976768494,0.013098569586873055,0.020794464275240898
1085,-26.3012,-2.5988,-28.9,-29.9062,-0.0469,2.0,0.0,0.8884837627410889,0.9660470485687256,0.8181818127632141,0.8695054650306702,0.9587053656578064,0.12791511416435242,0.723491907119751,0.01581934094429016,0.02829601988196373
1090,-26.3301,-2.5961,-28.9262,-29.5938,-0.5781,2.0,0.0,0.8831614851951599,0.9658938646316528,0.8516746163368225,0.8817204236984253,0.9486607313156128,0.12441697716712952,0.7259405851364136,0.016246890649199486,0.028917910531163216
1095,-25.7398,-3.5035,-29.2434,-29.8281,-0.0859,2.0,0.0,0.8007117509841919,0.9383777379989624,0.7640891075134277,0.8027456402778625,0.933779776096344,0.12014147639274597,0.6919309496879578,0.02965640462934971,0.0537935309112072
1100,-25.1102,-4.3598,-29.4699,-29.6094,-0.3828,2.0,0.0,0.762532114982605,0.9183277487754822,0.6634615659713745,0.7628920674324036,0.8720238208770752,0.12095770984888077,0.6610307693481445,0.04042288661003113,0.07311100512742996
1105,-25.3895,-3.9277,-29.3172,-29.6094,-0.4766,2.0,0.0,0.7719240784645081,0.9350085854530334,0.6663286089897156,0.7822580933570862,0.8954613208770752,0.11878109723329544,0.6805814504623413,0.03832400590181351,0.05783582106232643
1110,-24.4625,-5.6855,-30.148,-29.6719,-0.2578,2.0,0.0,0.6515906453132629,0.8801707625389099,0.5390676259994507,0.6815586090087891,0.8102678656578064,0.10140702873468399,0.6192086338996887,0.05919620767235756,0.11571051180362701
1115,-25.341,-3.8582,-29.1992,-29.7969,-0.1016,2.0,0.0,0.7789798974990845,0.9419906735420227,0.6787564754486084,0.7858642339706421,0.9002976417541504,0.1257385015487671,0.6767334938049316,0.03750777244567871,0.05554259940981865
1120,-24.457,-5.0379,-29.4949,-29.7188,-0.1406,2.0,0.0,0.7254781126976013,0.9136624336242676,0.5621387362480164,0.7078189253807068,0.8764880895614624,0.12601056694984436,0.6307136416435242,0.0537935309112072,0.08500466495752335
1125,-24.6242,-4.8242,-29.4484,-29.8125,-0.1875,2.0,0.0,0.7276360392570496,0.9231981635093689,0.5508145689964294,0.68865567445755,0.8917410969734192,0.12643812596797943,0.6412079930305481,0.050101056694984436,0.07777518779039383
1130,-24.6445,-4.9723,-29.6168,-29.7344,-0.3203,2.0,0.0,0.7200272679328918,0.9286491274833679,0.46201658248901367,0.6273764371871948,0.8697916865348816,0.11411691457033157,0.6433457732200623,0.05628109350800514,0.08177860826253891
1135,-24.857,-4.5379,-29.3949,-29.7969,-0.1016,2.0,0.0,0.7550062537193298,0.9333887696266174,0.5395918488502502,0.6849161982536316,0.8794642686843872,0.12422263622283936,0.6541122794151306,0.04761349409818649,0.06957400590181351
1140,-26.1656,-2.7398,-28.9055,-29.875,-0.0625,2.0,0.0,0.8605783581733704,0.9656104445457458,0.8272920846939087,0.8270202279090881,0.9657738208770752,0.1276818960905075,0.7188277244567871,0.01822916604578495,0.030783582478761673
1145,-25.2633,-4.0277,-29.291,-29.7344,-0.3203,2.0,0.0,0.743630588054657,0.9390532374382019,0.6714836359024048,0.7465437650680542,0.9092261791229248,0.12204602360725403,0.6740905046463013,0.04034515097737312,0.05904073268175125
1150,-24.4387,-4.8941,-29.3328,-29.6719,-0.2578,2.0,0.0,0.7309557795524597,0.9225287437438965,0.6030110716819763,0.7039077877998352,0.8843005895614624,0.1362328976392746,0.6326570510864258,0.049051616340875626,0.07758084684610367
1155,-25.9359,-3.1324,-29.0684,-29.7656,-0.3047,2.0,0.0,0.8143525719642639,0.9632608294487,0.6905829310417175,0.7645894885063171,0.9363839030265808,0.12457244843244553,0.7056514024734497,0.026002798229455948,0.03929571062326431
1160,-25.934,-2.7707,-28.7047,-29.75,-0.125,2.0,0.0,0.8758507966995239,0.9732638001441956,0.8029661178588867,0.8382353186607361,0.9579613208770752,0.14276275038719177,0.7079834938049316,0.018345771357417107,0.026430347934365273
1165,-26.6262,-2.2664,-28.8926,-29.8438,-0.1719,2.0,0.0,0.869213342666626,0.979417622089386,0.8490028381347656,0.9328063130378723,0.9609375,0.12006374448537827,0.7421486377716064,0.013642723672091961,0.019667288288474083
1170,-26.9797,-1.7035,-28.6832,-29.9531,-0.0234,2.0,0.0,0.9512796998023987,0.9930363297462463,0.9351851940155029,0.955974817276001,0.991815447807312,0.1260494440793991,0.7590951323509216,0.004197761416435242,0.0061800372786819935
1175,-26.5668,-2.118,-28.6848,-29.8281,-0.0859,2.0,0.0,0.9093043804168701,0.9851789474487305,0.9156626462936401,0.924369752407074,0.9828869104385376,0.13242381811141968,0.7395444512367249,0.009678171947598457,0.013875932432711124
1180,-26.3262,-2.359,-28.6852,-29.5781,-0.2109,2.0,0.0,0.9004499316215515,0.9795165061950684,0.8964401483535767,0.8972746133804321,0.972842276096344,0.13821516931056976,0.7267568111419678,0.012010261416435242,0.018540112301707268
1185,-26.4609,-2.3906,-28.8516,-29.7031,-0.3125,2.0,0.0,0.8795620203018188,0.9765994548797607,0.8249258399009705,0.8888888955116272,0.9639136791229248,0.12779851257801056,0.7308380007743835,0.013098569586873055,0.02378731407225132
1190,-26.4199,-2.2852,-28.7051,-29.8906,-0.0547,2.0,0.0,0.8958696722984314,0.9832245111465454,0.8821752071380615,0.8594470024108887,0.9735863208770752,0.1336287260055542,0.7321594953536987,0.012865360826253891,0.01686878129839897
1195,-26.4805,-2.2602,-28.7406,-29.875,-0.0625,2.0,0.0,0.9090909361839294,0.9795454740524292,0.8553054928779602,0.9097065329551697,0.9717261791229248,0.13083022832870483,0.7353855967521667,0.012087997049093246,0.01721859537065029
1200,-26.5535,-2.2512,-28.8047,-29.9375,-0.0312,2.0,0.0,0.8913312554359436,0.980478048324585,0.8852941393852234,0.8839458227157593,0.9698660969734192,0.12554416060447693,0.7366682291030884,0.013215173967182636,0.020094837993383408
1205,-26.4586,-2.516,-28.9746,-29.875,-0.0625,2.0,0.0,0.8624595403671265,0.9689728617668152,0.8034397959709167,0.8964143395423889,0.960565447807312,0.12010261416435242,0.7303327322006226,0.01581934094429016,0.029267724603414536
1210,-26.0445,-3.0219,-29.0664,-29.7656,-0.1172,2.0,0.0,0.8296411633491516,0.9542189836502075,0.8219895362854004,0.8778103590011597,0.9352678656578064,0.12457244843244553,0.7089163661003113,0.022271454334259033,0.03976212814450264
1215,-25.932,-3.1906,-29.1227,-29.8281,-0.0859,2.0,0.0,0.8143807649612427,0.9530602097511292,0.7469879388809204,0.8392226099967957,0.9296875,0.12270677834749222,0.7030084133148193,0.025808457285165787,0.043998755514621735
1220,-26.1273,-2.7684,-28.8957,-29.6562,-0.4531,2.0,0.0,0.861893355846405,0.9651776552200317,0.8694779276847839,0.9090909361839294,0.933407723903656,0.12974192202091217,0.7143579125404358,0.019356343895196915,0.0320662297308445
1225,-26.1875,-2.7687,-28.9562,-29.8438,-0.1719,2.0,0.0,0.8703071475028992,0.9655060768127441,0.740234375,0.8343634009361267,0.9445684552192688,0.12527208030223846,0.7189054489135742,0.019900497049093246,0.03144434094429016
1230,-25.7555,-3.1242,-28.8797,-29.6719,-0.3516,2.0,0.0,0.8532394170761108,0.9592075943946838,0.7487002015113831,0.8529707789421082,0.937872052192688,0.13798196613788605,0.6965174078941345,0.022426927462220192,0.03859608247876167
1235,-25.7129,-3.3453,-29.0582,-29.8203,-0.1719,2.0,0.0,0.8137578964233398,0.9492009878158569,0.7346938848495483,0.8613445162773132,0.933779776096344,0.1293921023607254,0.6932136416435242,0.026663556694984436,0.04625311121344566
1240,-25.3285,-3.9031,-29.2316,-29.6406,-0.4609,2.0,0.0,0.797593355178833,0.9324901700019836,0.64558345079422,0.795657753944397,0.9237351417541504,0.1259717047214508,0.673041045665741,0.0356421023607254,0.060867536813020706
1245,-25.3039,-3.8117,-29.1156,-29.5469,-0.5078,2.0,0.0,0.804328978061676,0.9271056056022644,0.7496962547302246,0.856847882270813,0.9460565447807312,0.1346781700849533,0.672380268573761,0.03198849409818649,0.0564754344522953
1250,-25.1246,-4.0402,-29.1648,-29.5312,-0.6094,2.0,0.0,0.7918990254402161,0.9230679273605347,0.7323498129844666,0.8630406260490417,0.9095982313156128,0.13242381811141968,0.6668998599052429,0.036885883659124374,0.05931280925869942
1255,-25.023,-4.4789,-29.502,-29.6562,-0.3594,2.0,0.0,0.7604064345359802,0.9123295545578003,0.6033129692077637,0.7576065063476562,0.9055059552192688,0.11858675628900528,0.6557058691978455,0.04458177834749222,0.07664801180362701
1260,-24.8082,-4.7867,-29.5949,-29.5391,-0.5,2.0,0.0,0.7582417726516724,0.8840659260749817,0.6881232857704163,0.8145896792411804,0.8917410969734192,0.12379508465528488,0.6393423676490784,0.04287157952785492,0.0895133689045906
1265,-24.1691,-5.5035,-29.6727,-29.25,-1.0312,2.0,0.0,0.7267950773239136,0.8639922738075256,0.6447368264198303,0.8037928342819214,0.8642113208770752,0.13316231966018677,0.6055659055709839,0.05021766200661659,0.10657649487257004
1270,-24.966,-4.7195,-29.6855,-29.1797,-1.3359,2.0,0.0,0.7512626051902771,0.8658818006515503,0.7502656579017639,0.8813697695732117,0.9125744104385376,0.12313432991504669,0.6404695510864258,0.03657493740320206,0.09534359723329544
1275,-26.018,-3.0914,-29.1094,-29.3828,-0.7656,2.0,0.0,0.8509659767150879,0.9435803890228271,0.8151751160621643,0.8887908458709717,0.944940447807312,0.12674906849861145,0.7047574520111084,0.0199782345443964,0.044037625193595886
1280,-25.6609,-3.4023,-29.0633,-29.2188,-1.3281,2.0,0.0,0.8418144583702087,0.9427459239959717,0.7399030923843384,0.880382776260376,0.9129464030265808,0.13366760313510895,0.6890547275543213,0.024059390649199486,0.04874067008495331
1285,-24.6617,-4.8898,-29.5516,-29.0469,-1.5078,2.0,0.0,0.7764604091644287,0.8746676445007324,0.7244898080825806,0.8344997763633728,0.8816964030265808,0.13440608978271484,0.6286147236824036,0.038090795278549194,0.09441076219081879
1290,-23.7316,-6.6117,-30.3434,-28.3125,-2.6016,2.0,0.0,0.68052738904953,0.8116652965545654,0.5952836275100708,0.74068284034729,0.7782738208770752,0.11497201770544052,0.5704290866851807,0.06098414212465286,0.14913712441921234
1295,-23.0176,-8.0012,-31.0187,-28.8047,-1.8281,2.0,0.0,0.6139552593231201,0.7577278017997742,0.4487447738647461,0.6626823544502258,0.7485119104385376,0.10249533504247665,0.5268579125404358,0.07431592047214508,0.19185324013233185
1300,-22.3176,-8.9219,-31.2395,-28.0,-3.2969,2.0,0.0,0.591813325881958,0.7485989332199097,0.3488069474697113,0.6034482717514038,0.71875,0.10160136967897415,0.4924207031726837,0.08959110826253891,0.2119092047214508
1305,-23.2582,-7.0242,-30.2824,-29.2891,-0.9297,2.0,0.0,0.6422652006149292,0.8666207194328308,0.36399802565574646,0.5851913094520569,0.8218005895614624,0.11256218701601028,0.5635883212089539,0.07816386967897415,0.14120802283287048
1310,-24.3602,-5.7461,-30.1063,-29.2969,-0.8906,2.0,0.0,0.6702683568000793,0.8621019124984741,0.5260491967201233,0.7290385365486145,0.8545386791229248,0.11151275038719177,0.6102300882339478,0.053715795278549194,0.12006374448537827
1315,-23.6137,-6.4727,-30.0863,-29.4531,-0.7188,2.0,0.0,0.671255350112915,0.8639840483665466,0.43183115124702454,0.6266791820526123,0.866815447807312,0.11858675628900528,0.5843827724456787,0.06813587993383408,0.12441697716712952
1320,-25.1543,-4.4391,-29.5934,-29.5469,-0.6016,2.0,0.0,0.7620995044708252,0.9061875343322754,0.6080449223518372,0.7847666144371033,0.8917410969734192,0.11403918266296387,0.6608364582061768,0.04155006259679794,0.0790967047214508
1325,-25.0941,-4.2945,-29.3887,-29.6562,-0.4531,2.0,0.0,0.7818567752838135,0.9080812931060791,0.6612729430198669,0.7983059883117676,0.9356398582458496,0.12810945510864258,0.6579601764678955,0.036030784249305725,0.07342195510864258
1330,-24.1977,-5.8168,-30.0145,-29.4688,-0.6406,2.0,0.0,0.720355749130249,0.8594183325767517,0.5391180515289307,0.7091556191444397,0.851190447807312,0.1180037334561348,0.602728545665741,0.05464863032102585,0.12014147639274597
1335,-22.7227,-7.5094,-30.232,-28.8984,-1.4062,2.0,0.0,0.6913395524024963,0.8220086097717285,0.44294655323028564,0.6110398173332214,0.8288690447807312,0.12970304489135742,0.5336986780166626,0.0807291641831398,0.15139147639274597
1340,-24.3035,-5.5383,-29.8418,-29.4531,-0.6719,2.0,0.0,0.7214983701705933,0.8925085663795471,0.5168776512145996,0.618772566318512,0.8895089030265808,0.11932525038719177,0.6132618188858032,0.05527052283287048,0.1076648011803627
1345,-21.1598,-11.2773,-32.4371,-27.4375,-4.4922,2.0,0.0,0.46663394570350647,0.6531228423118591,0.3669013977050781,0.47170528769493103,0.5963541865348816,0.07921330630779266,0.39890390634536743,0.11038557440042496,0.30701959133148193
1350,-17.0309,-19.6758,-36.7066,-20.4219,-18.4297,2.0,0.0,0.1842818409204483,0.1992168426513672,0.12632356584072113,0.09674033522605896,0.2202380895614624,0.028684701770544052,0.07940764725208282,0.15784358978271484,0.6295864582061768
1355,-16.3262,-20.8883,-37.2145,-19.7891,-19.4375,1.975,0.0,0.07671957463026047,0.09173478931188583,0.06307289749383926,0.053654514253139496,0.1551339328289032,0.014692164026200771,0.042793843895196915,0.17809391021728516,0.6599424481391907
1360,-17.0309,-19.1191,-36.15,-21.4609,-15.9766,1.8718,0.0,0.12283464521169662,0.41452550888061523,0.09784520417451859,0.12484937906265259,0.2109375,0.02468128129839897,0.11345615983009338,0.17677238583564758,0.5806125402450562
1365,-19.573,-15.1152,-34.6883,-22.7188,-14.0234,1.853,0.0,0.287617564201355,0.6594259142875671,0.18112245202064514,0.2159566581249237,0.376860111951828,0.04959576949477196,0.2505052983760834,0.12189054489135742,0.47353076934814453
1370,-16.6926,-19.7371,-36.4297,-21.0469,-17.0156,1.8341,0.0,0.19611020386219025,0.6681146621704102,0.06564456969499588,0.06249193102121353,0.1741071492433548,0.02398165501654148,0.08947449922561646,0.17999844253063202,0.602067768573761
1375,-23.8504,-6.7363,-30.5867,-29.5938,-0.4844,1.8698,0.0,0.5591537356376648,0.9308163523674011,0.3076528012752533,0.43256184458732605,0.7366071343421936,0.09001865983009338,0.5837219953536987,0.07567630708217621,0.14610540866851807
1380,-24.459,-5.3668,-29.8258,-29.7656,-0.1172,1.9851,0.0,0.6779365539550781,0.9444857239723206,0.4124668538570404,0.4998018145561218,0.827752947807312,0.11151275038719177,0.6273320913314819,0.058613184839487076,0.0980643630027771
1385,-23.3477,-6.9262,-30.2738,-29.4922,-0.7578,2.0,0.0,0.6412429213523865,0.9073107242584229,0.41213899850845337,0.5048462748527527,0.7061011791229248,0.11007462441921234,0.5656871795654297,0.07940764725208282,0.14035291969776154
1390,-24.0527,-5.823,-29.8758,-29.3594,-0.7891,2.0,0.0,0.6817601919174194,0.9003252983093262,0.580964982509613,0.6623634696006775,0.7473958134651184,0.12189054489135742,0.5974035859107971,0.05880752578377724,0.11742071062326431
1395,-24.9805,-4.6789,-29.6594,-29.7656,-0.2109,2.0,0.0,0.7297120690345764,0.9033075571060181,0.7376425862312317,0.7910321354866028,0.8125,0.11878109723329544,0.6439676880836487,0.040889304131269455,0.09188432991504669
1400,-23.5406,-6.6176,-30.1582,-29.125,-0.7891,2.0,0.0,0.6773602366447449,0.820187509059906,0.7154098153114319,0.7156233191490173,0.7689732313156128,0.12721548974514008,0.5637437701225281,0.059273943305015564,0.14528918266296387
1405,-24.4062,-5.4734,-29.8797,-29.625,-0.4922,2.0,0.0,0.6947123408317566,0.8756408095359802,0.7194403409957886,0.7265135645866394,0.8072916865348816,0.11687655746936798,0.6141557693481445,0.05278296023607254,0.11170709133148193
1410,-25.373,-4.0695,-29.4426,-29.6406,-0.2969,2.0,0.0,0.767412543296814,0.923821747303009,0.7767220735549927,0.8091440796852112,0.8489583134651184,0.12332867085933685,0.6663557291030884,0.032726988196372986,0.07311100512742996
1415,-25.3309,-4.2008,-29.5316,-29.7578,-0.2734,2.0,0.0,0.7468974590301514,0.9188006520271301,0.7638248801231384,0.7808846235275269,0.8578869104385376,0.11901430040597916,0.6663168668746948,0.03373756259679794,0.07645367085933685
1420,-24.2008,-5.3289,-29.5297,-29.5078,-0.2812,2.0,0.0,0.7408656477928162,0.8709431290626526,0.7807229161262512,0.7970669865608215,0.8470982313156128,0.13829290866851807,0.6107742786407471,0.04839085787534714,0.0980643630027771
1425,-24.9965,-4.6363,-29.6328,-29.6328,-0.3594,2.0,0.0,0.7312419414520264,0.9035404920578003,0.7550238966941833,0.7908496856689453,0.8236607313156128,0.12018034607172012,0.64552241563797,0.04061722755432129,0.08920242637395859
1430,-25.1102,-4.3633,-29.4734,-29.6562,-0.3594,2.0,0.0,0.732594907283783,0.9206452965736389,0.7438179850578308,0.7734063863754272,0.859747052192688,0.12282337993383408,0.6553560495376587,0.03929571062326431,0.0780472606420517
1435,-24.3523,-5.5191,-29.8715,-29.25,-1.1953,2.0,0.0,0.7253341674804688,0.8620843291282654,0.7009273767471313,0.7636426687240601,0.8136160969734192,0.12212375551462173,0.6112795472145081,0.0502953976392746,0.11182369291782379
1440,-23.9727,-6.1742,-30.1469,-29.5312,-0.4453,2.0,0.0,0.6844974160194397,0.8443334102630615,0.6444300413131714,0.7139444351196289,0.7793898582458496,0.11407804489135742,0.5912624597549438,0.06001243740320206,0.13016946613788605
1445,-23.6859,-6.6082,-30.2941,-29.3984,-0.7109,2.0,0.0,0.6957792043685913,0.7848404049873352,0.7595520615577698,0.7717134356498718,0.7879464030265808,0.1197139322757721,0.5686800479888916,0.0590018667280674,0.14812655746936798
1450,-23.9094,-6.4848,-30.3941,-29.25,-0.9375,2.0,0.0,0.7149167656898499,0.776081919670105,0.7590197324752808,0.7977354526519775,0.7805059552192688,0.11438899487257004,0.5729944109916687,0.05709732696413994,0.1510416716337204
1455,-22.6742,-8.2156,-30.8898,-28.25,-2.4688,2.0,0.0,0.6658901572227478,0.6856525540351868,0.6901919841766357,0.7243253588676453,0.7485119104385376,0.11679881811141968,0.5036147236824036,0.07489894330501556,0.20020988583564758
1460,-20.4617,-11.3258,-31.7875,-26.3438,-5.7422,2.0,0.0,0.5440027117729187,0.5164361596107483,0.5860087871551514,0.6114525198936462,0.6220238208770752,0.11438899487257004,0.38782650232315063,0.11501087993383408,0.27829602360725403
1465,-23.7203,-6.7867,-30.507,-29.2266,-0.9375,2.0,0.0,0.6302879452705383,0.7880159020423889,0.6631448268890381,0.7676091194152832,0.7719494104385376,0.10933613032102585,0.5669309496879578,0.06253886967897415,0.15671642124652863
1470,-21.9758,-9.8504,-31.8262,-28.8125,-1.8828,2.0,0.0,0.4954914450645447,0.6811047196388245,0.4550451636314392,0.5881196856498718,0.6227678656578064,0.08620958030223846,0.45316386222839355,0.09899719804525375,0.2571517527103424
1475,-21.2129,-10.7457,-31.9586,-28.2109,-2.7344,2.0,0.0,0.46513569355010986,0.5914403796195984,0.516175389289856,0.5991712212562561,0.6391369104385376,0.09308923780918121,0.4223025441169739,0.10813122242689133,0.27199938893318176
1480,-20.5309,-11.9867,-32.5176,-27.1484,-3.9453,2.0,0.0,0.5154224634170532,0.5156200528144836,0.47508955001831055,0.5242553353309631,0.5673363208770752,0.08694807440042496,0.36951959133148193,0.11936412006616592,0.31969061493873596
1485,-20.6938,-11.5754,-32.2691,-28.9688,-1.3828,2.0,0.0,0.4859437644481659,0.6840884685516357,0.3425544500350952,0.4148513376712799,0.6223958134651184,0.07742537558078766,0.4023243188858032,0.1320739984512329,0.283698707818985
1490,-22.4852,-8.5914,-31.0766,-29.3047,-0.6875,2.0,0.0,0.5366522669792175,0.7858079671859741,0.46294718980789185,0.5625966191291809,0.715029776096344,0.09915267676115036,0.5039256811141968,0.09126243740320206,0.2011815905570984
1495,-20.6746,-11.1602,-31.8348,-28.5938,-1.7578,2.0,0.0,0.4546251595020294,0.7380022406578064,0.37660443782806396,0.4216446280479431,0.5959821343421936,0.08865827322006226,0.41791045665740967,0.13324004411697388,0.2557136118412018
1500,-21.1293,-10.382,-31.5113,-28.9766,-1.1328,2.0,0.0,0.48862171173095703,0.8116623163223267,0.35866260528564453,0.3611532747745514,0.6670386791229248,0.09052394330501556,0.446595162153244,0.12787623703479767,0.23052705824375153
1505,-23.6176,-7.209,-30.8266,-29.5078,-0.6562,2.0,0.0,0.5312747359275818,0.7961662411689758,0.6487889289855957,0.6837813854217529,0.7299107313156128,0.09818097203969955,0.5535603165626526,0.06739738583564758,0.17638370394706726
1510,-20.1313,-12.4531,-32.5844,-28.5703,-1.4766,2.0,0.0,0.456886887550354,0.7140783667564392,0.2698833644390106,0.3582184910774231,0.5085565447807312,0.0694185346364975,0.3749222755432129,0.14661069214344025,0.30457088351249695
1515,-22.3992,-9.0094,-31.4086,-28.9766,-1.3672,2.0,0.0,0.5198962092399597,0.7203765511512756,0.479671448469162,0.626437783241272,0.6774553656578064,0.08986318111419678,0.4913712739944458,0.0946439653635025,0.2196439653635025
1520,-22.7262,-8.3625,-31.0887,-29.4375,-0.4922,2.0,0.0,0.5462735295295715,0.7523744702339172,0.5441176295280457,0.6577689051628113,0.6651785969734192,0.09491604566574097,0.515625,0.08986318111419678,0.19511815905570984
1525,-22.882,-7.7754,-30.6574,-29.3438,-0.5859,2.0,0.0,0.5767650604248047,0.8203497529029846,0.5225546956062317,0.6180588006973267,0.675967276096344,0.10405006259679794,0.5378575921058655,0.08702580630779266,0.1665889322757721
1530,-24.3313,-5.5918,-29.923,-29.7031,-0.2422,2.0,0.0,0.6709956526756287,0.8995290398597717,0.5619987845420837,0.662380576133728,0.7898065447807312,0.107742540538311,0.6189754605293274,0.06300528347492218,0.1057991310954094
1535,-23.3625,-7.002,-30.3645,-29.3125,-0.7422,2.0,0.0,0.6382189393043518,0.8746761083602905,0.4167468845844269,0.5487364530563354,0.7633928656578064,0.10474968701601028,0.5700404047966003,0.08076803386211395,0.1399642378091812
1540,-22.8938,-7.8469,-30.7406,-29.4688,-0.4297,2.0,0.0,0.6102564334869385,0.8467216491699219,0.40085288882255554,0.5313219428062439,0.7090773582458496,0.09853078424930573,0.5370802283287048,0.0911458358168602,0.16876554489135742
1545,-22.3887,-8.5629,-30.9516,-29.2109,-0.6406,2.0,0.0,0.5989624857902527,0.8247336149215698,0.35993799567222595,0.509453535079956,0.703125,0.09740360826253891,0.51072758436203,0.10031872242689133,0.18707245588302612
1550,-21.4703,-10.334,-31.8043,-29.5156,-0.2422,2.0,0.0,0.6032054424285889,0.8307347893714905,0.240608811378479,0.3381603956222534,0.601190447807312,0.08002953976392746,0.45122045278549194,0.12002487480640411,0.24424751102924347
1555,-20.9617,-10.7746,-31.7363,-28.9219,-0.7266,2.0,0.0,0.6386827230453491,0.8257914781570435,0.25205883383750916,0.3257696032524109,0.5695684552192688,0.08379974961280823,0.43462374806404114,0.1321517378091812,0.2449471354484558
1560,-18.2855,-16.2887,-34.5742,-27.7969,-2.7891,2.0,0.0,0.4398699998855591,0.6606557369232178,0.11725663393735886,0.18082977831363678,0.3273809552192688,0.03587530925869942,0.23709577322006226,0.17568407952785492,0.4468672275543213
1565,-15.4891,-22.041,-37.5301,-19.1719,-20.4141,1.9647,0.0,0.009433962404727936,0.03349282220005989,0.019607843831181526,0.012212520465254784,0.0632440447807312,0.004120024852454662,0.008123445324599743,0.20219215750694275,0.6810867786407471
1570,-15.9789,-21.6391,-37.618,-19.7188,-19.8594,1.8495,0.0,0.06410256773233414,0.07042253762483597,0.025300443172454834,0.0225797351449728,0.075148805975914,0.006063432898372412,0.016557835042476654,0.18435168266296387,0.6885494589805603
1575,-16.3941,-20.8391,-37.2332,-22.2031,-14.6094,1.7471,0.0,0.026595745235681534,0.21707317233085632,0.0342746265232563,0.05929458886384964,0.1246279776096344,0.007307213731110096,0.047807835042476654,0.18030938506126404,0.6600979566574097
1580,-15.7645,-21.9777,-37.7422,-19.6719,-19.9766,1.6461,0.0,0.0,0.021897809579968452,0.008580183610320091,0.009475503116846085,0.0565476194024086,0.0026041667442768812,0.005324937868863344,0.1902596354484558,0.6973336338996887
1585,-15.1352,-22.3328,-37.468,-19.625,-19.4609,1.5817,0.0,0.0,0.0,0.004458712413907051,0.00699705071747303,0.0565476194024086,0.0009717039647512138,0.004469838459044695,0.2179337739944458,0.6721470952033997
1590,-20.043,-11.8633,-31.9062,-26.5625,-4.6016,1.5541,0.0,0.906700611114502,0.9721008539199829,0.038704581558704376,0.06488549709320068,0.543154776096344,0.09165111929178238,0.39148008823394775,0.1476212739944458,0.26476991176605225
1595,-20.2465,-12.7969,-33.0434,-28.4844,-1.8125,1.4835,0.0,0.8676075339317322,0.973734974861145,0.04028697684407234,0.0455813966691494,0.4832589328289032,0.05783582106232643,0.3625621795654297,0.14085820317268372,0.33426615595817566
1600,-18.5078,-15.652,-34.1598,-28.3594,-1.1719,1.4178,0.0,0.8849945068359375,0.97782963514328,0.01567869447171688,0.027037210762500763,0.353422611951828,0.03548663109540939,0.26648008823394775,0.18097014725208282,0.4125854969024658
1605,-17.9008,-16.6961,-34.5969,-27.8281,-1.3438,1.3496,0.0,0.8702201843261719,0.9577927589416504,0.013477088883519173,0.03309427201747894,0.3058035671710968,0.03354322165250778,0.2246968299150467,0.18746113777160645,0.44982120394706726
1610,-17.0277,-19.7523,-36.7801,-25.9062,-5.3047,1.2904,0.0,0.7578125,0.8603470325469971,0.008329581469297409,0.026534827426075935,0.1484375,0.009950248524546623,0.09184546023607254,0.17265236377716064,0.6210743188858032
1615,-15.8215,-21.9949,-37.8164,-19.6328,-19.9375,1.2165,0.0,0.0,0.0317460335791111,0.0030966142658144236,0.007144043687731028,0.0524553582072258,0.0005052860942669213,0.0048973881639540195,0.18827736377716064,0.7018423676490784
1620,-15.752,-21.9172,-37.6691,-20.2656,-18.3203,1.128,0.0,0.05128205195069313,0.4280155599117279,0.008186900988221169,0.010092467069625854,0.0554315485060215,0.001515858224593103,0.0099891172721982,0.1946517378091812,0.6893656849861145
1625,-15.8695,-21.2613,-37.1309,-23.5391,-11.6094,1.0351,0.0,0.30000001192092896,0.671546220779419,0.009662751108407974,0.02813422493636608,0.084449402987957,0.002720771124586463,0.0424828976392746,0.20514614880084991,0.6451725959777832
1630,-19.5551,-13.7426,-33.2977,-28.9375,-0.625,0.9322,0.0413,0.9112709760665894,0.9772096276283264,0.01924927905201912,0.041940148919820786,0.4252232015132904,0.04862406849861145,0.33597636222839355,0.1615360677242279,0.3493858873844147
1635,-15.9633,-21.9855,-37.9488,-19.5312,-20.1641,0.8817,0.0,0.2083333283662796,0.24137930572032928,0.0012906001647934318,0.001581415650434792,0.0509672611951828,0.0009328357991762459,0.0011271765688434243,0.18069806694984436,0.712764322757721
1640,-19.0391,-14.1359,-33.175,-28.9375,-0.5312,0.8381,0.0,0.9034582376480103,0.9762278199195862,0.0226063821464777,0.04213260859251022,0.4229910671710968,0.05394900590181351,0.322100430727005,0.1753731369972229,0.34409981966018677
1645,-19.8664,-13.0613,-32.9277,-28.7344,-1.0547,0.8375,0.0,0.7021021246910095,0.9372570514678955,0.09591890126466751,0.10723923146724701,0.443452388048172,0.06471548229455948,0.3500077724456787,0.14952580630779266,0.33127331733703613
1650,-20.3078,-12.7738,-33.0816,-28.8984,-1.1016,0.8367,0.0,0.7570909261703491,0.9498515725135803,0.061608824878931046,0.08607327193021774,0.4598214328289032,0.05344371870160103,0.3666044771671295,0.14447294175624847,0.33100125193595886
1655,-19.1078,-13.8824,-32.9902,-27.2656,-3.7578,0.8284,0.0,0.8367088437080383,0.9561206102371216,0.04762974753975868,0.061608605086803436,0.4408482015132904,0.06141168996691704,0.3286302983760834,0.1730021834373474,0.33247822523117065
1660,-19.4566,-13.7895,-33.2461,-25.8281,-7.2422,0.8267,0.0,0.7827436327934265,0.9318457245826721,0.0671006515622139,0.08934595435857773,0.4304315447807312,0.06261660158634186,0.32050684094429016,0.15523943305015564,0.3571595251560211
1665,-19.6258,-13.7336,-33.3594,-27.2109,-4.3828,0.8128,0.0,0.8229243159294128,0.9429617524147034,0.04593373462557793,0.07575593143701553,0.4296875,0.0528995655477047,0.32913556694984436,0.15485075116157532,0.3586364984512329
1670,-20.4707,-12.1398,-32.6105,-28.2734,-2.2344,0.8158,0.0,0.7855121493339539,0.9459651112556458,0.07093821465969086,0.10236319899559021,0.507440447807312,0.068680040538311,0.3833955228328705,0.13588307797908783,0.30756375193595886
1675,-19.9375,-12.7633,-32.7008,-29.0703,-0.7109,0.7955,0.0,0.8190866708755493,0.9669544696807861,0.05045871436595917,0.07051201909780502,0.4828869104385376,0.06638681888580322,0.36462220549583435,0.15251865983009338,0.3119947016239166
1680,-18.4648,-15.9852,-34.45,-23.8594,-11.1328,0.7793,0.0,0.7989179491996765,0.9156509041786194,0.034394606947898865,0.06727668642997742,0.316220223903656,0.04310479015111923,0.23915578424930573,0.16724969446659088,0.44601213932037354
1685,-19.6535,-13.7273,-33.3809,-26.9688,-4.7031,0.7492,0.0,0.7317251563072205,0.9377598166465759,0.07068660110235214,0.09724908322095871,0.3902529776096344,0.05317164212465286,0.3272310197353363,0.1534126251935959,0.36170709133148193
1690,-18.9441,-14.9727,-33.9168,-28.5156,-1.375,0.7229,0.0,0.8253493309020996,0.9523873329162598,0.03171766921877861,0.05611083656549454,0.3616071343421936,0.038945894688367844,0.2898010015487671,0.17401275038719177,0.3927627503871918
1695,-18.732,-14.975,-33.707,-27.4453,-2.7656,0.6897,0.0,0.8401253819465637,0.9528688788414001,0.033800311386585236,0.06001809611916542,0.3683035671710968,0.04959576949477196,0.2845149338245392,0.17479011416435242,0.3866215944290161
1700,-19.1957,-14.4719,-33.6676,-25.7188,-7.3203,0.6444,0.0,0.7740940451622009,0.9224405288696289,0.05452798306941986,0.08583909273147583,0.3857886791229248,0.050412002950906754,0.3006840944290161,0.16180814802646637,0.38261815905570984
1705,-18.1734,-16.2738,-34.4473,-23.125,-12.4375,0.6174,0.0,0.6738197207450867,0.8803128004074097,0.06757061928510666,0.08350622653961182,0.3043154776096344,0.04528140649199486,0.22862251102924347,0.17199160158634186,0.4496268630027771
1710,-20.6078,-12.1727,-32.7805,-27.375,-4.3125,0.612,0.0,0.7003348469734192,0.90937340259552,0.13101767003536224,0.15750209987163544,0.4441964328289032,0.06965173780918121,0.37527206540107727,0.12756529450416565,0.32303327322006226
1715,-19.1422,-14.5051,-33.6473,-26.0625,-6.5156,0.594,0.0,0.6604296565055847,0.8810220956802368,0.09183168411254883,0.13113611936569214,0.363467276096344,0.05608675256371498,0.2920553386211395,0.15702736377716064,0.39035293459892273
1720,-19.0328,-15.066,-34.0988,-26.9219,-4.7266,0.5517,0.0,0.6968576908111572,0.8797699213027954,0.05630739405751228,0.11466517299413681,0.3311011791229248,0.04205534979701042,0.27705225348472595,0.16083644330501556,0.41557836532592773
1725,-21.0953,-11.2504,-32.3457,-29.0312,-0.7188,0.5655,0.0,0.6874660849571228,0.9040285348892212,0.15964801609516144,0.19182731211185455,0.4877232015132904,0.07163401693105698,0.4139070212841034,0.12367848306894302,0.2863028645515442
1730,-19.0703,-15.4633,-34.5336,-28.1406,-2.4297,0.5556,0.0,0.5944751501083374,0.8771167397499084,0.06172839552164078,0.10676063597202301,0.2979910671710968,0.035175684839487076,0.2593672275543213,0.15426772832870483,0.4467117488384247
1735,-19.8176,-14.0883,-33.9059,-28.5547,-1.8828,0.5166,0.0,0.6824894547462463,0.9152251482009888,0.04826154559850693,0.10409437865018845,0.3831845223903656,0.03684701398015022,0.3168143630027771,0.14979788661003113,0.39206311106681824
1740,-19.7781,-13.4934,-33.2715,-28.4844,-1.7656,0.5158,0.0,0.6516425013542175,0.8994062542915344,0.07387072592973709,0.14265000820159912,0.4155505895614624,0.05087842047214508,0.3404073417186737,0.15574471652507782,0.348491907119751
1745,-19.452,-13.9781,-33.4301,-28.6562,-1.5625,0.4992,0.0,0.5537720918655396,0.853255033493042,0.0967048704624176,0.175930917263031,0.3835565447807312,0.04842972755432129,0.3241993188858032,0.16277985274791718,0.3601135015487671
1750,-21.3805,-10.7516,-32.132,-29.3906,-0.5391,0.5421,0.0,0.5910413265228271,0.8936283588409424,0.16471314430236816,0.25505420565605164,0.515997052192688,0.0668143630027771,0.43738338351249695,0.12601056694984436,0.2653140425682068
1755,-22.4578,-9.2449,-31.7027,-29.4219,-0.6172,0.5935,0.0,0.5128205418586731,0.8628630042076111,0.3082881569862366,0.37418052554130554,0.5580357313156128,0.07276119291782379,0.49117693305015564,0.10035758465528488,0.23122668266296387
1760,-21.0133,-11.6066,-32.6199,-28.8281,-1.4766,0.6294,0.0,0.5211356282234192,0.8629055619239807,0.19582323729991913,0.24072642624378204,0.4773065447807312,0.0616060309112072,0.4037235677242279,0.1284203976392746,0.3017723858356476
1765,-20.2375,-12.5945,-32.832,-29.0078,-0.8828,0.6395,0.0,0.6501628756523132,0.9095561504364014,0.1343957483768463,0.14011022448539734,0.449032723903656,0.059662625193595886,0.3721626102924347,0.14633862674236298,0.31735852360725403
1770,-17.8938,-17.1637,-35.0574,-27.5859,-3.2812,0.6158,0.0,0.7244094610214233,0.8986060619354248,0.03292268514633179,0.060593899339437485,0.2566964328289032,0.02468128129839897,0.20355254411697388,0.18299129605293274,0.4842972755432129
1775,-20.7715,-11.6414,-32.4129,-29.1875,-0.8047,0.5896,0.0,0.7426900863647461,0.9203302264213562,0.11994261294603348,0.15309007465839386,0.4918154776096344,0.06646455079317093,0.4049284756183624,0.13545553386211395,0.2886738181114197
1780,-20.491,-12.4719,-32.9629,-29.1484,-0.8594,0.6295,0.0,0.7096773982048035,0.9219342470169067,0.11123110353946686,0.11773238331079483,0.4642857015132904,0.050606343895196915,0.3793920874595642,0.1439676582813263,0.3215562701225281
1785,-21.125,-11.2262,-32.3512,-28.9141,-1.2812,0.6245,0.0,0.6126718521118164,0.8616229295730591,0.2628605365753174,0.24497106671333313,0.4449404776096344,0.0650264322757721,0.41767725348472595,0.13071362674236298,0.28210508823394775
1790,-19.4496,-14.7539,-34.2035,-27.4844,-4.1875,0.631,0.0,0.510769248008728,0.7440314888954163,0.138402059674263,0.19901970028877258,0.3270089328289032,0.03789645433425903,0.2865360677242279,0.1508084535598755,0.42028141021728516
1795,-18.8367,-15.4195,-34.2563,-26.5938,-6.0391,0.6049,0.0,0.3413865566253662,0.648939311504364,0.15658198297023773,0.25478577613830566,0.2734375,0.03700248897075653,0.263837069272995,0.1682991236448288,0.42638370394706726
1800,-17.166,-18.3098,-35.4758,-25.6406,-7.5469,0.576,0.0,0.40366971492767334,0.7232481241226196,0.06372737884521484,0.10677991807460785,0.1715029776096344,0.016946516931056976,0.16417910158634186,0.20188121497631073,0.5125155448913574
1805,-17.466,-17.6465,-35.1125,-26.2109,-6.3828,0.527,0.0,0.5306799411773682,0.7934962511062622,0.0545346774160862,0.10232706367969513,0.221726194024086,0.0234375,0.1876554787158966,0.19671174883842468,0.4877176582813263
1810,-18.198,-16.0523,-34.2504,-25.4062,-7.8984,0.4947,0.0,0.371456503868103,0.6770965456962585,0.13686208426952362,0.2138628363609314,0.2838541567325592,0.03976212814450264,0.2447139322757721,0.18431280553340912,0.42673352360725403
1815,-19.9273,-13.5711,-33.4984,-27.2188,-5.0703,0.4859,0.0,0.3700670003890991,0.6878042817115784,0.24228352308273315,0.3063962459564209,0.386904776096344,0.05219993740320206,0.3273087739944458,0.14229632914066315,0.373717337846756
1820,-18.7309,-15.3922,-34.123,-26.1328,-6.75,0.4795,0.0,0.2814538776874542,0.5408515334129333,0.19442540407180786,0.3228050470352173,0.2708333432674408,0.04170553386211395,0.27021142840385437,0.17012593150138855,0.4134794771671295
1825,-18.6742,-15.7398,-34.4141,-25.6562,-7.8438,0.4534,0.0,0.3267759680747986,0.5016141533851624,0.16377341747283936,0.31844866275787354,0.2496279776096344,0.0355643667280674,0.2528373897075653,0.1701647937297821,0.43695583939552307
1830,-20.0168,-13.6242,-33.641,-27.1562,-5.0547,0.4433,0.0,0.3874303996562958,0.5724568367004395,0.25504282116889954,0.3929588794708252,0.3537946343421936,0.048857275396585464,0.32400497794151306,0.14066386222839355,0.3819962739944458
1835,-17.4156,-17.7168,-35.1324,-24.9609,-8.9766,0.4191,0.0,0.39635157585144043,0.6052740812301636,0.07104795426130295,0.16703839600086212,0.2302827388048172,0.0234375,0.18718905746936798,0.1969449669122696,0.48795086145401
1840,-19.4918,-14.4445,-33.9363,-26.7422,-5.6953,0.3783,0.0,0.3798670470714569,0.6665797233581543,0.15800100564956665,0.300598680973053,0.2946428656578064,0.04092817008495331,0.2980799078941345,0.15399564802646637,0.4025186598300934
1845,-20.1277,-13.3074,-33.4352,-27.6094,-4.2891,0.3685,0.0,0.3245614171028137,0.6449007987976074,0.24661780893802643,0.3849407732486725,0.331845223903656,0.05317164212465286,0.3369092047214508,0.13790422677993774,0.36753731966018677
1850,-21.291,-11.1273,-32.4184,-28.2266,-3.1016,0.3796,0.0,0.33738425374031067,0.7392468452453613,0.3208346962928772,0.4390770494937897,0.498139888048172,0.06716418266296387,0.42109763622283936,0.11920864135026932,0.28805193305015564
1855,-21.5414,-10.657,-32.1984,-28.9922,-1.5234,0.407,0.0,0.35453540086746216,0.7350904941558838,0.3573078215122223,0.48709073662757874,0.5111607313156128,0.07027363032102585,0.43796640634536743,0.11780939251184464,0.26947295665740967
1860,-21.5469,-10.2652,-31.8121,-29.3125,-0.9766,0.4449,0.0,0.3914104402065277,0.7601590752601624,0.3821273744106293,0.48941799998283386,0.5718005895614624,0.07964085787534714,0.44954913854599,0.11656560748815536,0.24976679682731628
1865,-21.223,-11.0934,-32.3164,-28.6719,-2.1172,0.4776,0.0,0.38892030715942383,0.7310243248939514,0.31998738646507263,0.42772331833839417,0.5758928656578064,0.06875777244567871,0.4219527244567871,0.1232898011803627,0.28152206540107727
1870,-20.6551,-11.8473,-32.5023,-28.6719,-1.9766,0.5211,0.0,0.42054483294487,0.7547522783279419,0.25405094027519226,0.35297954082489014,0.5558035969734192,0.06848569959402084,0.3946284055709839,0.13432836532592773,0.2980799078941345
1875,-19.8473,-13.5414,-33.3887,-28.2344,-2.8281,0.5269,0.0,0.41147541999816895,0.7642537355422974,0.15717539191246033,0.2418050765991211,0.4773065447807312,0.04741915315389633,0.33881375193595886,0.1535681039094925,0.3557213842868805
1880,-17.8215,-16.6625,-34.484,-26.3281,-5.8438,0.5267,0.0,0.5066666603088379,0.782059907913208,0.06771344691514969,0.12672176957130432,0.3292410671710968,0.02915111929178238,0.2309546023607254,0.19803327322006226,0.43738338351249695
1885,-20.1504,-12.8871,-33.0375,-28.0625,-3.0781,0.4973,0.0,0.3965646028518677,0.7739224433898926,0.20082923769950867,0.25391262769699097,0.5494791865348816,0.05204446613788605,0.3606965243816376,0.1499922275543213,0.33278918266296387
1890,-20.5723,-12.607,-33.1793,-28.2422,-2.7656,0.5041,0.0,0.4638461470603943,0.8144664168357849,0.17182527482509613,0.21661312878131866,0.5133928656578064,0.05052860826253891,0.37185168266296387,0.1343672275543213,0.3387748897075653
1895,-20.7027,-11.8422,-32.5449,-29.0312,-1.1641,0.4907,0.0,0.5592592358589172,0.8795531988143921,0.16746817529201508,0.20184452831745148,0.508184552192688,0.06296642124652863,0.4001477062702179,0.13739894330501556,0.2950093150138855
1900,-18.7242,-15.1277,-33.852,-26.75,-5.1406,0.4696,0.0,0.5133689641952515,0.8124310970306396,0.09325744211673737,0.1398850828409195,0.454985111951828,0.04361007362604141,0.28202736377716064,0.17754974961280823,0.3923352062702179
1905,-20.5023,-12.6777,-33.1801,-28.4219,-2.5703,0.4276,0.0,0.4860031008720398,0.8211578726768494,0.14734162390232086,0.20440468192100525,0.5457589030265808,0.04998445138335228,0.36924752593040466,0.13743780553340912,0.3388526141643524
1910,-18.0766,-17.2797,-35.3563,-25.9375,-7.1172,0.3876,0.0,0.5494253039360046,0.7933836579322815,0.040008794516325,0.08652129769325256,0.2883184552192688,0.016907649114727974,0.20090951025485992,0.17681126296520233,0.5008939504623413
1915,-19.8059,-13.7859,-33.5918,-28.2266,-2.7969,0.3344,0.0,0.4048473834991455,0.7810176014900208,0.1601315438747406,0.21248158812522888,0.4389880895614624,0.04329913109540939,0.3292521834373474,0.1536458283662796,0.3693252503871918
1920,-17.5266,-16.9734,-34.5,-24.8828,-8.7812,0.3003,0.0,0.41876429319381714,0.7548582553863525,0.0850818082690239,0.12876254320144653,0.3344494104385376,0.03397076949477196,0.2180114984512329,0.20192009210586548,0.44162002205848694
1925,-18.9262,-15.3297,-34.2559,-26.2969,-6.3984,0.2639,0.0,0.47310757637023926,0.7720588445663452,0.11576704680919647,0.14499816298484802,0.4162946343421936,0.03902363032102585,0.26958954334259033,0.16417910158634186,0.42273008823394775
1930,-18.1855,-16.4395,-34.625,-25.8438,-7.0938,0.2354,0.0,0.413870245218277,0.7252562642097473,0.09100877493619919,0.13081219792366028,0.4203869104385376,0.0347481332719326,0.23130442202091217,0.1772388070821762,0.4522310197353363
1935,-17.8719,-17.498,-35.3699,-25.5156,-8.0547,0.1742,0.0,0.37804877758026123,0.6783360838890076,0.06118880957365036,0.11508362740278244,0.3433779776096344,0.022310324013233185,0.18874378502368927,0.17786069214344025,0.5066075921058655
1940,-18.3793,-16.2922,-34.6715,-25.3281,-8.5703,0.1267,0.0,0.3522167503833771,0.6308457851409912,0.10157462954521179,0.17922833561897278,0.4449404776096344,0.03156094625592232,0.234375,0.17525653541088104,0.4543299078941345
1945,-18.9246,-15.2859,-34.2105,-27.2969,-4.7266,0.0825,0.0,0.4084506928920746,0.6850613355636597,0.10741688311100006,0.18881578743457794,0.4936755895614624,0.03587530925869942,0.27891790866851807,0.16717195510864258,0.4135572016239166
1950,-19.0117,-15.3742,-34.3859,-26.6328,-5.9609,0.0355,0.0,0.39356178045272827,0.7048305869102478,0.10586796700954437,0.1762576848268509,0.453125,0.037430036813020706,0.2695506811141968,0.15897077322006226,0.42957088351249695
1955,-18.7293,-16.273,-35.0023,-25.2656,-8.7656,0.0,0.0,0.31355932354927063,0.6617031693458557,0.09722897410392761,0.14917081594467163,0.4352678656578064,0.027518656104803085,0.23231498897075653,0.1599036008119583,0.47578513622283936
1960,-19.0246,-15.9508,-34.9754,-26.6016,-6.4688,0.0,0.0,0.23357664048671722,0.5845138430595398,0.12305732816457748,0.20617122948169708,0.4010416567325592,0.026624688878655434,0.2414489984512329,0.15255752205848694,0.47489115595817566
1965,-18.9898,-16.0004,-34.9902,-25.4062,-8.3906,0.0,0.0,0.22674418985843658,0.5518088340759277,0.11824929714202881,0.22608625888824463,0.3861607015132904,0.02674129419028759,0.23744557797908783,0.1518578976392746,0.4794776141643524
1970,-17.9516,-17.0434,-34.9949,-24.2656,-10.4141,0.0,0.0,0.22664834558963776,0.5439954400062561,0.11120671033859253,0.1966523826122284,0.3448660671710968,0.02829601988196373,0.20584577322006226,0.18069806694984436,0.48068252205848694
1975,-18.7348,-15.6516,-34.3863,-25.8594,-7.3203,0.0,0.0,0.28016358613967896,0.6496140360832214,0.1565786451101303,0.21358267962932587,0.3742559552192688,0.03801305964589119,0.25680193305015564,0.16631685197353363,0.4343905448913574
1980,-19.5516,-14.5664,-34.118,-26.8438,-5.6328,0.0,0.0,0.22350674867630005,0.6548591256141663,0.2014143466949463,0.25099149346351624,0.4285714328289032,0.04034515097737312,0.2951647937297821,0.14839863777160645,0.411613792181015
1985,-21.3414,-11.3031,-32.6445,-28.9844,-1.4688,0.0,0.0,0.3204941749572754,0.7681935429573059,0.29916122555732727,0.3438361585140228,0.5524553656578064,0.05348258838057518,0.42086443305015564,0.12511660158634186,0.2960587739944458
1990,-19.2355,-14.016,-33.2516,-27.5703,-3.6406,0.0,0.0,0.23483870923519135,0.6373680830001831,0.3008849620819092,0.308407187461853,0.5145089030265808,0.06024564802646637,0.3130830228328705,0.1625077724456787,0.3596859574317932
1995,-19.6344,-13.8629,-33.4973,-26.8828,-5.2734,0.0,0.0,0.21963277459144592,0.569685161113739,0.3196144700050354,0.3535606265068054,0.4899553656578064,0.05503731220960617,0.31848570704460144,0.14921486377716064,0.3727845251560211
2000,-19.9504,-12.8395,-32.7898,-28.0312,-2.9531,0.0,0.0,0.35442259907722473,0.6789592504501343,0.3306864798069,0.3258194327354431,0.570684552192688,0.06327736377716064,0.3615127503871918,0.15174129605293274,0.3189909756183624
2005,-18.8617,-14.6102,-33.4719,-26.1016,-6.3203,0.0,0.0,0.3395703434944153,0.5363231301307678,0.3183978199958801,0.30014657974243164,0.5372023582458496,0.05608675256371498,0.29640859365463257,0.17175839841365814,0.3712686598300934
2010,-19.4703,-14.3703,-33.8406,-26.4375,-6.3047,0.0,0.0,0.3161993622779846,0.4836065471172333,0.3049129247665405,0.3428543508052826,0.515997052192688,0.049906715750694275,0.2987406849861145,0.14952580630779266,0.39734917879104614
2015,-19.7434,-13.5441,-33.2875,-26.5156,-6.1484,0.0,0.0,0.35840708017349243,0.5099592208862305,0.3955839276313782,0.3825947642326355,0.5498511791229248,0.06148942932486534,0.32392725348472595,0.14610540866851807,0.3640003204345703
2020,-19.1867,-14.123,-33.3098,-26.8594,-5.1094,0.0,0.0,0.35688623785972595,0.44171857833862305,0.39526277780532837,0.41439154744148254,0.4698660671710968,0.06490982323884964,0.30577582120895386,0.15753264725208282,0.36730411648750305
2025,-19.3727,-14.3992,-33.7719,-26.0234,-7.0859,0.0,0.0,0.4013254642486572,0.42337289452552795,0.33299100399017334,0.3946640193462372,0.4241071343421936,0.05278296023607254,0.2980021834373474,0.15139147639274597,0.39334577322006226
2030,-16.6078,-18.3035,-34.9113,-22.0547,-13.5469,0.0,0.0,0.18642447888851166,0.15105444192886353,0.24986210465431213,0.2386791706085205,0.2864583432674408,0.04065609350800514,0.15850435197353363,0.21140392124652863,0.4849580228328705
2035,-18.1242,-16.2199,-34.3441,-24.1172,-10.3594,0.0,0.0,0.3202875256538391,0.4042802155017853,0.2857142984867096,0.2545357942581177,0.4453125,0.0486629344522953,0.23247045278549194,0.1752176582813263,0.43917134404182434
2040,-19.0336,-15.177,-34.2105,-25.5078,-8.3047,0.0,0.0,0.3261058032512665,0.3929643929004669,0.3013122081756592,0.3274988532066345,0.4791666567325592,0.04481498897075653,0.2718050479888916,0.1569885015487671,0.42191386222839355
2045,-18.6602,-16.0363,-34.6965,-24.8984,-9.1953,0.0,0.0,0.3887147307395935,0.4066403806209564,0.20840376615524292,0.2578006386756897,0.472470223903656,0.03719682991504669,0.23647387325763702,0.16095304489135742,0.46089863777160645
2050,-19.616,-14.0824,-33.6984,-25.6797,-7.9141,0.0,0.0,0.3534722328186035,0.5094532370567322,0.3369773030281067,0.3386729955673218,0.5208333134651184,0.05597015097737312,0.3042599558830261,0.14221858978271484,0.393073707818985
2055,-18.0465,-16.1,-34.1465,-23.7969,-11.2109,0.0,0.0,0.32333874702453613,0.3735632300376892,0.2830268442630768,0.28101956844329834,0.5026041865348816,0.04796331003308296,0.23670709133148193,0.18388526141643524,0.42696672677993774
2060,-20.3879,-12.1613,-32.5492,-27.9688,-2.9844,0.0,0.0,0.5616973638534546,0.6748336553573608,0.3115299344062805,0.3480512797832489,0.6190476417541504,0.06961287558078766,0.3854944109916687,0.14023631811141968,0.30017879605293274
2065,-19.3008,-14.482,-33.7828,-26.1328,-6.6094,0.0,0.0,0.4890829622745514,0.5958805680274963,0.2440643310546875,0.24330224096775055,0.5546875,0.05340484902262688,0.298157662153244,0.15224657952785492,0.39171332120895386
2070,-18.541,-16.0953,-34.6363,-23.9141,-10.8125,0.0,0.0,0.3254493772983551,0.42301297187805176,0.2507762014865875,0.24180954694747925,0.465029776096344,0.041083645075559616,0.23375311493873596,0.16274097561836243,0.4579446613788605
2075,-18.866,-14.8594,-33.7254,-25.5781,-7.4141,0.0,0.0,0.4138670563697815,0.4936830401420593,0.30552929639816284,0.3077910542488098,0.4780505895614624,0.05437655374407768,0.283037930727005,0.16449004411697388,0.3936178386211395
2080,-17.1973,-18.1277,-35.325,-23.3125,-11.7109,0.0,0.0,0.411843866109848,0.427733451128006,0.15762849152088165,0.14427556097507477,0.3415178656578064,0.028879042714834213,0.16565608978271484,0.19208644330501556,0.5089008212089539
2085,-19.0305,-14.7754,-33.8059,-26.0547,-6.7422,0.0,0.0,0.44285714626312256,0.5713143944740295,0.2554205358028412,0.26742109656333923,0.4680059552192688,0.04897388070821762,0.29186099767684937,0.16312965750694275,0.39155784249305725
2090,-17.3906,-19.2434,-36.634,-22.8438,-13.5156,0.0,0.0,0.2772727310657501,0.30666667222976685,0.06319872289896011,0.101727694272995,0.3098958432674408,0.008550995029509068,0.1136893630027771,0.17035913467407227,0.6029228568077087
2095,-17.2738,-18.857,-36.1309,-23.6797,-11.8203,0.0,0.0,0.40058478713035583,0.42638298869132996,0.09135434776544571,0.10609932988882065,0.2976190447807312,0.013292910531163216,0.13701026141643524,0.1825248748064041,0.5626943111419678
2100,-16.7262,-18.7395,-35.4656,-22.8125,-12.1484,0.0,0.0,0.23783032596111298,0.19440673291683197,0.19068440794944763,0.17625953257083893,0.3069196343421936,0.02794620580971241,0.1431514322757721,0.20444652438163757,0.5199782252311707
2105,-16.4148,-19.6117,-36.0266,-22.3516,-13.6562,0.0,0.0,0.23076923191547394,0.21703577041625977,0.10222221910953522,0.13574819266796112,0.2340029776096344,0.014653296209871769,0.11407804489135742,0.2098880559206009,0.5569030046463013
2110,-17.0523,-19.6199,-36.6723,-22.125,-14.6953,0.0,0.0,0.16929133236408234,0.1244131475687027,0.08895234018564224,0.12904255092144012,0.1871279776096344,0.009872512891888618,0.09934701770544052,0.17696672677993774,0.6093361377716064
2115,-16.0191,-19.4176,-35.4367,-22.4453,-13.0938,0.0,0.0,0.23439878225326538,0.2113698273897171,0.15847645699977875,0.16589617729187012,0.2027529776096344,0.02553638070821762,0.12853699922561646,0.22858364880084991,0.5128653645515442
2120,-15.9797,-21.1957,-37.1754,-21.4375,-15.7656,0.0,0.0,0.10810811072587967,0.06719022989273071,0.0320015512406826,0.062049929052591324,0.0870535746216774,0.0028762437868863344,0.044542908668518066,0.20040422677993774,0.6476989984512329
2125,-16.643,-20.3543,-36.9973,-21.2266,-15.8594,0.0,0.0218,0.09467455744743347,0.08459869772195816,0.07842715829610825,0.09210285544395447,0.1276041716337204,0.0065687187016010284,0.07167288661003113,0.18089240789413452,0.63638836145401
2130,-15.2801,-22.1977,-37.4777,-19.875,-19.1719,0.0,0.0476,0.0,0.0,0.007953723892569542,0.012814565561711788,0.0520833320915699,0.0008939676336012781,0.009289490059018135,0.21501865983009338,0.6703202724456787
2135,-16.2422,-20.4117,-36.6539,-20.8594,-16.2422,0.0,0.066,0.12595419585704803,0.07418546080589294,0.10571151971817017,0.09239339083433151,0.171875,0.010183457285165787,0.07754197716712952,0.2007540464401245,0.6070429086685181
2140,-16.9438,-19.4551,-36.3988,-21.8203,-15.1875,0.0,0.0871,0.19879518449306488,0.11756473034620285,0.11667364835739136,0.1356460601091385,0.2462797611951828,0.012904228642582893,0.1110851988196373,0.1855565905570984,0.5859763622283936
2145,-15.7867,-21.7305,-37.5172,-20.2422,-18.2031,0.0,0.0917,0.125,0.011152416467666626,0.01851487159729004,0.026504915207624435,0.0762648805975914,0.001243781065568328,0.020911069586873055,0.19733364880084991,0.6760339140892029
2150,-16.0551,-20.9535,-37.0086,-21.1875,-16.6875,0.0,0.1362,0.0699300691485405,0.044086772948503494,0.05301110818982124,0.06953541189432144,0.143601194024086,0.005558146629482508,0.05554259940981865,0.19943252205848694,0.6349891424179077
2155,-15.1648,-22.2969,-37.4617,-19.9922,-19.2656,0.0,0.1585,0.0,0.0,0.005900232587009668,0.007878120988607407,0.0613839291036129,0.0002720771008171141,0.006879664026200771,0.21738961338996887,0.6709810495376587
2160,-16.0934,-21.3973,-37.4906,-20.5391,-17.9609,0.0,0.2114,0.07999999821186066,0.06838709861040115,0.02677459456026554,0.03948883339762688,0.0755208358168602,0.0029151118360459805,0.030122824013233185,0.18726679682731628,0.6752176880836487
2165,-15.4098,-22.1668,-37.5766,-19.8828,-19.6484,0.0,0.248,0.0,0.0,0.008976996876299381,0.009773103520274162,0.0476190485060215,0.0006607586983591318,0.006957400590181351,0.20782804489135742,0.6800761818885803
2170,-15.4871,-22.223,-37.7102,-19.6641,-19.9688,0.0,0.3049,0.0,0.0,0.0022927015088498592,0.0025340691208839417,0.0476190485060215,3.886815829901025e-05,0.001826803432777524,0.20343594253063202,0.6902207732200623
2175,-15.9602,-21.8758,-37.8359,-19.875,-19.1016,0.0,0.3547,0.0,0.0,0.007545588072389364,0.010312136262655258,0.0565476194024086,0.00042754976311698556,0.00858986284583807,0.18543998897075653,0.7010650038719177
2180,-16.0391,-21.8234,-37.8625,-19.6641,-19.6406,0.0,0.4083,0.0,0.0,0.005673139821738005,0.01191980205476284,0.0569196417927742,0.0006996268639340997,0.009095149114727974,0.1781327724456787,0.7075948119163513
2185,-15.6152,-22.1777,-37.793,-19.6484,-20.0,0.0,0.4606,0.0,0.0,0.0015857284888625145,0.0009460211731493473,0.0476190485060215,7.77363165980205e-05,0.0008939676336012781,0.19608986377716064,0.6984608173370361
2190,-15.2047,-22.3227,-37.5273,-19.1641,-20.125,0.0,0.5078,0.0,0.0,0.003973270766437054,0.005117001011967659,0.0539434514939785,0.00042754976311698556,0.003847947809845209,0.21521300077438354,0.6760339140892029
2195,-15.3176,-22.3359,-37.6535,-19.1562,-20.4219,0.0,0.5627,0.0,0.0,0.0007493442972190678,0.0002825976407621056,0.0476190485060215,0.000310945266392082,3.886815829901025e-05,0.20747824013233185,0.6876943111419678
2200,-15.7133,-21.5996,-37.3129,-20.4375,-17.6953,0.0,0.6063,0.0,0.04485488310456276,0.02537398226559162,0.04022412374615669,0.076636902987957,0.0017879352672025561,0.029462065547704697,0.20526275038719177,0.6590096354484558
2205,-15.9066,-21.343,-37.2496,-21.4844,-15.6719,0.0,0.6374,0.1607142835855484,0.10578842461109161,0.022539010271430016,0.052945028990507126,0.0773809552192688,0.002176616806536913,0.038945894688367844,0.20176461338996887,0.6526352763175964
2210,-16.425,-19.5434,-35.9684,-20.7891,-15.9609,0.0,0.6754,0.3200836777687073,0.3300509452819824,0.0918290838599205,0.13003291189670563,0.1808035671710968,0.01857898011803627,0.11446672677993774,0.20740050077438354,0.5550761818885803
2215,-16.5465,-20.2074,-36.7539,-21.2578,-16.0547,0.0,0.7176,0.25,0.2596917450428009,0.04853573441505432,0.08908263593912125,0.1752232164144516,0.007307213731110096,0.08321672677993774,0.18979321420192719,0.6152052283287048
2220,-15.325,-22.225,-37.55,-19.6016,-19.5312,0.0,0.7394,0.0,0.0,0.005367388483136892,0.009332951158285141,0.0476190485060215,0.0005052860942669213,0.0061800372786819935,0.21000465750694275,0.6788324117660522
2225,-16.0875,-20.7352,-36.8227,-21.75,-15.2109,0.0,0.7888,0.15436241030693054,0.2002369612455368,0.04096658527851105,0.0822959914803505,0.1209077388048172,0.0057913558557629585,0.06560945510864258,0.2058846354484558,0.6182369589805603
2230,-15.998,-21.9277,-37.9258,-19.6875,-19.8516,0.0,0.814,0.0,0.0,0.002580090193077922,0.006182972341775894,0.0476190485060215,0.00011660447489703074,0.004275497514754534,0.18077580630779266,0.7103545069694519
2235,-14.9281,-21.5281,-36.4563,-20.6562,-15.9219,0.0,0.8623,0.13124999403953552,0.15599705278873444,0.04651162773370743,0.07059679925441742,0.0930059552192688,0.006218905560672283,0.05282182991504669,0.2490282952785492,0.5874533653259277
2240,-15.7895,-22.0684,-37.8578,-19.7969,-19.75,0.0,0.8977,0.0,0.0,0.0010313531383872032,0.002867541741579771,0.0498511902987957,7.77363165980205e-05,0.002176616806536913,0.18843284249305725,0.7048351764678955
2245,-15.359,-22.3129,-37.6719,-19.25,-20.375,0.0,0.9446,0.0,0.0,0.00037671878817491233,0.0004515182226896286,0.0487351194024086,0.0,0.0005052860942669213,0.20635105669498444,0.688666045665741
2250,-16.048,-21.1516,-37.1996,-21.8984,-14.9609,0.0,0.9691,0.3037974536418915,0.08178751915693283,0.030410045757889748,0.06001918762922287,0.0959821417927742,0.003070584498345852,0.046097636222839355,0.19811101257801056,0.6482431888580322
2255,-16.2547,-21.1039,-37.3586,-24.1406,-10.0078,0.0,1.0013,0.5964912176132202,0.33178868889808655,0.017576510086655617,0.04282868653535843,0.0863095223903656,0.0022154850885272026,0.041938744485378265,0.18796642124652863,0.66340172290802
2260,-15.3055,-22.2371,-37.5426,-19.7422,-18.9922,0.0,1.0199,0.0,0.04022988677024841,0.005694342311471701,0.007349141873419285,0.0558035708963871,0.00019434079877100885,0.00676305964589119,0.2115982621908188,0.6769667267799377
2265,-15.7734,-22.0172,-37.7906,-19.9219,-19.0781,0.0,1.0483,0.125,0.007575757801532745,0.0038815117441117764,0.007220216561108828,0.0524553582072258,0.000310945266392082,0.005130596924573183,0.1902596354484558,0.6998212337493896
2270,-14.2109,-22.5371,-36.748,-19.4375,-18.5938,0.0,1.0677,0.14150942862033844,0.060737527906894684,0.03567727655172348,0.017877591773867607,0.0643601194024086,0.004120024852454662,0.017918221652507782,0.262554407119751,0.6109297275543213
2275,-16.3594,-20.9238,-37.2832,-23.4609,-11.6953,0.0,1.0844,0.5,0.3206650912761688,0.03283831849694252,0.0464332178235054,0.0989583358168602,0.00349813443608582,0.04909048601984978,0.18582867085933685,0.6571050882339478
2280,-16.9879,-19.8168,-36.8047,-20.4453,-17.6328,0.0,1.0821,0.3346613645553589,0.19116359949111938,0.11362111568450928,0.09181636571884155,0.1897321492433548,0.009755907580256462,0.08885261416435242,0.17377954721450806,0.6231343150138855
2285,-16.4234,-19.7879,-36.2113,-21.6484,-14.0078,0.0,1.0571,0.27074235677719116,0.16329644620418549,0.17311806976795197,0.10782726109027863,0.1867559552192688,0.017801616340875626,0.10187344253063202,0.19982120394706726,0.5760261416435242
2290,-17.1965,-18.6555,-35.852,-23.7031,-10.8125,0.0,1.0505,0.4915824830532074,0.3376731276512146,0.16385135054588318,0.13716311752796173,0.2209821492433548,0.02308768592774868,0.14031405746936798,0.1840796023607254,0.548041045665741
2295,-17.5137,-17.9871,-35.5008,-24.5078,-9.5547,0.0,1.0607,0.4632478654384613,0.36816269159317017,0.16799496114253998,0.18644194304943085,0.200148805975914,0.02273787371814251,0.16627798974514008,0.18532338738441467,0.5211831331253052
2300,-16.2984,-21.1852,-37.4836,-20.3359,-17.6406,0.0,1.0628,0.25,0.04983748495578766,0.06153193116188049,0.03885174170136452,0.0892857164144516,0.002176616806536913,0.03587530925869942,0.1831856369972229,0.674284815788269
2305,-15.6965,-21.1996,-36.8961,-21.6797,-14.6719,0.0,1.069,0.375,0.11787665635347366,0.07149321585893631,0.05683935806155205,0.0896577388048172,0.0052860695868730545,0.04979011043906212,0.21474657952785492,0.6256996393203735
2310,-16.4117,-19.9801,-36.3918,-22.7109,-12.1406,0.0,1.0863,0.47887325286865234,0.3429500162601471,0.10780525207519531,0.08770421147346497,0.1339285671710968,0.01103855762630701,0.09565453976392746,0.2011815905570984,0.5876476764678955
2315,-15.4141,-21.925,-37.3391,-19.4141,-18.9453,0.0,1.0836,0.1818181872367859,0.02283105067908764,0.06521739065647125,0.012958207167685032,0.0584077388048172,0.0034203981049358845,0.01702425442636013,0.20918843150138855,0.665889322757721
2320,-15.9242,-21.7145,-37.6387,-20.4531,-17.8281,0.0,1.1208,0.1388888955116272,0.13973799347877502,0.0406288281083107,0.013712601736187935,0.0632440447807312,0.0013992537278681993,0.017801616340875626,0.19037623703479767,0.6859452724456787
2325,-15.9461,-21.0836,-37.0297,-22.4531,-13.2891,0.0,1.138,0.4436090290546417,0.3346364200115204,0.06953199952840805,0.04050509259104729,0.082961305975914,0.005169465206563473,0.049712374806404114,0.20347481966018677,0.6371657252311707
2330,-15.8906,-21.7699,-37.6605,-20.4453,-17.9375,0.0,1.1745,0.20000000298023224,0.1528497338294983,0.0258655808866024,0.013725711964070797,0.0658482164144516,0.0015547263901680708,0.015003109350800514,0.1908426582813263,0.6881219148635864
2335,-15.6477,-22.0895,-37.7371,-19.5938,-19.6406,0.0,1.2031,0.125,0.04878048598766327,0.010686720721423626,0.003976254258304834,0.0535714291036129,0.000310945266392082,0.004780783783644438,0.19640080630779266,0.6940298676490784
2340,-14.3746,-22.5637,-36.9383,-18.3203,-19.7969,0.0,1.2298,0.10596026480197906,0.08888889104127884,0.04521685466170311,0.003464917652308941,0.0621279776096344,0.005869091954082251,0.008745335973799229,0.25272077322006226,0.6281871795654297
2345,-15.6953,-21.6578,-37.3531,-20.8672,-16.1328,0.0,1.2557,0.4583333432674408,0.36986300349235535,0.036545488983392715,0.01817438006401062,0.0725446417927742,0.0027985074557363987,0.02553638070821762,0.2020755559206009,0.6651119589805603
2350,-16.4949,-20.5133,-37.0082,-23.9688,-10.5625,0.0,1.2916,0.5483871102333069,0.4868420958518982,0.05050714313983917,0.045173533260822296,0.1272321492433548,0.00481965159997344,0.06794153898954391,0.18777208030223846,0.6349891424179077
2355,-15.2809,-22.1844,-37.4652,-20.0703,-18.6406,0.0,1.3245,0.3181818127632141,0.21176470816135406,0.015712479129433632,0.008011145517230034,0.0524553582072258,0.0008550995262339711,0.00991138070821762,0.21521300077438354,0.6695429086685181
2360,-16.0574,-21.4363,-37.4938,-21.9219,-14.0938,0.0,1.3347,0.609375,0.519727885723114,0.024769702926278114,0.017630791291594505,0.071800597012043,0.002487562131136656,0.028568096458911896,0.1898709535598755,0.6745957732200623
2365,-16.4652,-19.7207,-36.1859,-23.1406,-11.3516,0.0,1.3764,0.6355684995651245,0.6663066744804382,0.05161290243268013,0.05590825155377388,0.1715029776096344,0.013331778347492218,0.10797574371099472,0.2048352062702179,0.5693796873092651
2370,-16.4422,-19.8594,-36.3016,-23.8984,-10.375,0.0,1.3703,0.5876623392105103,0.5952197313308716,0.0584942102432251,0.06544992327690125,0.1476934552192688,0.011971392668783665,0.10082400590181351,0.201337069272995,0.5813899040222168
2375,-15.7543,-21.2105,-36.9648,-21.7891,-14.5,0.0,1.3464,0.4253731369972229,0.3883495032787323,0.04905938729643822,0.03963564708828926,0.0885416641831398,0.0052083334885537624,0.04804104566574097,0.21074315905570984,0.6315298676490784
2380,-17.1191,-18.966,-36.0852,-25.9375,-5.6641,0.0,1.3427,0.767123281955719,0.709563136100769,0.059614986181259155,0.06087437644600868,0.185639888048172,0.014186877757310867,0.1316853165626526,0.18777208030223846,0.5618780851364136
2385,-16.9383,-19.466,-36.4043,-25.5078,-6.1953,0.0,1.337,0.6833855509757996,0.6658218502998352,0.0640890970826149,0.057236842811107635,0.15625,0.01239894237369299,0.10735385864973068,0.1849735677242279,0.5907959938049316
2390,-17.8344,-17.559,-35.3934,-27.0938,-3.2109,0.0,1.3428,0.7854729890823364,0.8032237887382507,0.07046542316675186,0.0669318437576294,0.2384672611951828,0.023009950295090675,0.18567319214344025,0.1787157952785492,0.5081234574317932
2395,-18.4973,-15.4422,-33.9395,-27.9922,-2.3281,0.0,1.2679,0.6836050152778625,0.7556599974632263,0.14531183242797852,0.15243664383888245,0.3422619104385376,0.040539488196372986,0.27297109365463257,0.18322449922561646,0.39878731966018677
2400,-17.3691,-16.7703,-34.1395,-27.3594,-3.1953,0.0,1.1991,0.5564435720443726,0.6847514510154724,0.1524156779050827,0.14794236421585083,0.3188244104385376,0.03890702873468399,0.23068252205848694,0.21319185197353363,0.4127409756183624
2405,-17.2406,-16.9676,-34.2082,-27.3906,-2.7578,0.0,1.1592,0.6418367624282837,0.7013077735900879,0.1462230235338211,0.13098002970218658,0.2916666567325592,0.038090795278549194,0.2229088991880417,0.21610696613788605,0.41841572523117065
2410,-18.1051,-16.8852,-34.9902,-27.8984,-1.6016,0.0,1.1206,0.8168449401855469,0.8187488317489624,0.07992029935121536,0.07262252271175385,0.2719494104385376,0.029073383659124374,0.21187034249305725,0.17556747794151306,0.479011207818985
2415,-17.1871,-18.4141,-35.6012,-25.1875,-7.1875,0.0,1.05,0.6134301424026489,0.5332993268966675,0.140372171998024,0.11419345438480377,0.2072172611951828,0.021416354924440384,0.15232431888580322,0.19216418266296387,0.5296175479888916
2420,-17.7805,-15.8738,-33.6543,-27.0703,-2.7188,0.0,1.0408,0.7398256063461304,0.7577039003372192,0.18139444291591644,0.11874683946371078,0.3426339328289032,0.05348258838057518,0.2573072016239166,0.20013214647769928,0.384600430727005
2425,-18.4039,-16.1187,-34.5227,-27.3047,-2.9062,0.0,0.9711,0.8469163179397583,0.8081507682800293,0.14108911156654358,0.08022648096084595,0.2901785671710968,0.03529229015111923,0.2412935346364975,0.17273010313510895,0.4462064802646637
2430,-16.8629,-18.4191,-35.282,-25.2891,-5.625,0.0,0.9018,0.7844712138175964,0.661210298538208,0.1310753971338272,0.08093594014644623,0.1901041716337204,0.029034515842795372,0.15671642124652863,0.203125,0.506646454334259
2435,-18.5883,-15.3633,-33.9516,-26.6016,-4.0547,0.0,0.8725,0.8533950448036194,0.804360568523407,0.13071152567863464,0.11226334422826767,0.3303571343421936,0.0503731332719326,0.265625,0.1709810346364975,0.4085432291030884
2440,-17.8555,-15.5223,-33.3777,-26.8438,-3.5,0.0,0.8163,0.8442367315292358,0.7897902131080627,0.159833624958992,0.12101577967405319,0.3333333432674408,0.062383394688367844,0.2649642527103424,0.19624534249305725,0.371929407119751
2445,-16.0285,-20.6914,-36.7199,-23.9453,-10.3984,0.0,0.7835,0.742514967918396,0.6450530886650085,0.05498410388827324,0.03012009896337986,0.1082589253783226,0.006490982603281736,0.06953513622283936,0.20782804489135742,0.6116682291030884
2450,-15.7848,-21.8281,-37.6129,-20.0781,-18.5078,0.0,0.6905,0.24242424964904785,0.1221374049782753,0.041749898344278336,0.01135847344994545,0.0520833320915699,0.0012826492311432958,0.015275186859071255,0.1945739984512329,0.6843905448913574
2455,-17.4734,-16.9789,-34.4523,-27.0547,-2.9375,0.0,0.7164,0.775390625,0.6996723413467407,0.14756672084331512,0.11071240901947021,0.2920386791229248,0.03980099409818649,0.2135416716337204,0.1980721354484558,0.4441075921058655
2460,-16.9887,-18.3469,-35.3355,-25.9531,-4.4609,0.0,0.6663,0.7182662487030029,0.5613608956336975,0.15552973747253418,0.10902713984251022,0.190476194024086,0.025108831003308296,0.15994247794151306,0.2006763070821762,0.5097947716712952
2465,-16.127,-20.668,-36.7949,-22.3125,-12.2344,0.0,0.6002,0.49735450744628906,0.34655776619911194,0.09457126259803772,0.05199698731303215,0.1056547611951828,0.007346082013100386,0.06662002205848694,0.20261971652507782,0.6189365386962891
2470,-14.884,-20.7703,-35.6543,-21.375,-11.8594,0.0,0.5439,0.4460431635379791,0.3616029918193817,0.1534883677959442,0.05792437493801117,0.1264880895614624,0.021610695868730545,0.0834110677242279,0.2590562701225281,0.5314443111419678
2475,-18.1922,-15.7336,-33.9258,-27.2969,-3.1797,0.0,0.5027,0.8053244352340698,0.7304075360298157,0.1699455827474594,0.12402277439832687,0.3697916567325592,0.04671952873468399,0.26037779450416565,0.185712069272995,0.40271300077438354
2480,-17.5605,-17.059,-34.6195,-25.2656,-6.5156,0.0,0.412,0.6726246476173401,0.5043659806251526,0.2414352297782898,0.16304348409175873,0.277529776096344,0.04131685197353363,0.2047574669122696,0.1917366236448288,0.45771142840385437
2485,-17.7664,-15.6922,-33.4586,-27.2734,-2.5234,0.0,0.3547,0.7275640964508057,0.6816356778144836,0.2414131462574005,0.15103518962860107,0.3638392984867096,0.06063432991504669,0.26138836145401,0.19803327322006226,0.37546640634536743
2490,-19.7578,-13.3594,-33.1172,-28.6562,-1.1172,0.0,0.2742,0.8087392449378967,0.7843577861785889,0.216262549161911,0.17836527526378632,0.4207589328289032,0.054259948432445526,0.3458877503871918,0.1586986929178238,0.3366760015487671
2495,-16.9605,-17.6098,-34.5703,-24.3203,-7.8203,0.0,0.1613,0.6920289993286133,0.5617030262947083,0.22106049954891205,0.12442396581172943,0.247023805975914,0.04291044920682907,0.18897698819637299,0.2081778645515442,0.45545709133148193
2500,-18.441,-14.7648,-33.2059,-27.0859,-3.8125,0.0,0.1186,0.7541083097457886,0.722634494304657,0.247481107711792,0.16705183684825897,0.3735119104385376,0.06386038661003113,0.29329913854599,0.18516790866851807,0.3531949520111084
2505,-16.2777,-19.8473,-36.125,-23.2344,-9.9453,0.0,0.0013,0.581447958946228,0.47771430015563965,0.16470147669315338,0.05604921281337738,0.1316964328289032,0.01717972569167614,0.10202892124652863,0.207672581076622,0.568641185760498
2510,-15.4242,-21.9082,-37.3324,-19.7734,-18.7891,0.0,0.0159,0.4878048896789551,0.40770789980888367,0.05149349570274353,0.005056444089859724,0.0625,0.0031871891114860773,0.019162002950906754,0.21210354566574097,0.6610696315765381
2515,-15.8754,-21.743,-37.6184,-20.2656,-17.8984,0.0,0.0461,0.6507936716079712,0.3608490526676178,0.03892944008111954,0.007207309361547232,0.0595238097012043,0.0024486940819770098,0.01648009940981865,0.19169776141643524,0.6848958134651184
2520,-15.1586,-21.9648,-37.1234,-20.5156,-17.0,0.0,0.085,0.4712643623352051,0.3853820562362671,0.04220499470829964,0.012329263612627983,0.0684523805975914,0.003381529822945595,0.023398632183670998,0.22562965750694275,0.6431125402450562
2525,-15.4105,-21.9367,-37.3473,-20.6328,-17.1641,0.0,0.1283,0.3461538553237915,0.3182751536369324,0.04346238076686859,0.009750367142260075,0.0602678582072258,0.002021144377067685,0.01892879419028759,0.21284204721450806,0.6617304086685181
2530,-16.5422,-18.7828,-35.325,-25.8281,-4.6172,0.0,0.1604,0.8465991020202637,0.7205148339271545,0.10068940371274948,0.053184956312179565,0.215773805975914,0.026857897639274597,0.14797107875347137,0.21424129605293274,0.5064521431922913
2535,-15.3402,-20.5059,-35.8461,-23.3281,-9.2656,0.0,0.1461,0.6242661476135254,0.5607189536094666,0.09852375090122223,0.04773116484284401,0.1339285671710968,0.019861629232764244,0.08865827322006226,0.24222636222839355,0.5447761416435242
2540,-17.318,-16.4262,-33.7441,-25.5703,-4.6172,0.0,0.0885,0.7264957427978516,0.5925166606903076,0.26501354575157166,0.15105420351028442,0.3426339328289032,0.06366604566574097,0.22749534249305725,0.20063744485378265,0.4037235677242279
2545,-18.8461,-15.0281,-33.8742,-27.5547,-2.8047,0.0,0.0,0.7841296792030334,0.6916996240615845,0.18413856625556946,0.1694764792919159,0.4006696343421936,0.045553483068943024,0.2851756811141968,0.17055347561836243,0.39423975348472595
2550,-19.8391,-12.9145,-32.7535,-28.8359,-0.8516,0.0,0.0,0.8563892245292664,0.8255763649940491,0.19633308053016663,0.14301538467407227,0.4840029776096344,0.06630907952785492,0.3607742488384247,0.15263526141643524,0.31580379605293274
2555,-17.2352,-18.1926,-35.4277,-26.0234,-4.8594,0.0,0.0,0.7050243020057678,0.5606456398963928,0.1346386820077896,0.11413699388504028,0.2213541716337204,0.02398165501654148,0.16375155746936798,0.1925528645515442,0.5152363181114197
2560,-15.7258,-20.0371,-35.7629,-24.7344,-6.9688,0.0,0.0,0.6393442749977112,0.5285505056381226,0.0991845577955246,0.06458619982004166,0.1741071492433548,0.018967662006616592,0.10618781298398972,0.2335587739944458,0.5368081331253052
2565,-17.2176,-18.8289,-36.0465,-25.9141,-5.6172,0.0,0.0,0.7831632494926453,0.6599660515785217,0.08727654814720154,0.06371422857046127,0.198288694024086,0.015236318111419678,0.1372823417186737,0.1848181039094925,0.5581856369972229
2570,-18.382,-14.9062,-33.2883,-25.375,-7.2812,0.0,0.0,0.7039951682090759,0.6460439562797546,0.2421562373638153,0.21637743711471558,0.4095982015132904,0.0642101988196373,0.28836286067962646,0.18458488583564758,0.35836443305015564
2575,-18.652,-12.4586,-31.1105,-28.25,-0.9688,0.0,0.0,0.7879924774169922,0.8299117088317871,0.2841718792915344,0.17435456812381744,0.5572916865348816,0.12430037558078766,0.365399569272995,0.17999844253063202,0.2258239984512329
2580,-19.5773,-12.5238,-32.1012,-28.2578,-1.9141,0.0,0.0,0.7587316036224365,0.7925818562507629,0.276544988155365,0.19598348438739777,0.5252976417541504,0.08457711338996887,0.3751554787158966,0.16289645433425903,0.27289333939552307
2585,-19.2977,-14.1215,-33.4191,-28.0938,-2.2422,0.0,0.0,0.6635648012161255,0.6927769780158997,0.2498217225074768,0.1991342008113861,0.4702380895614624,0.05429881811141968,0.31856343150138855,0.16351833939552307,0.3591417968273163
2590,-19.0473,-13.9754,-33.0227,-28.1172,-1.7969,0.0,0.0,0.7757188677787781,0.7410596609115601,0.21257218718528748,0.1834649294614792,0.474702388048172,0.06082867085933685,0.32497668266296387,0.17498445510864258,0.3347325921058655
2595,-17.6816,-17.8398,-35.5215,-27.2266,-2.8984,0.0,0.0,0.8778195381164551,0.6988323330879211,0.08791917562484741,0.07726965844631195,0.2663690447807312,0.02067786082625389,0.176422581076622,0.1808146834373474,0.5176072716712952
2600,-15.8324,-21.9133,-37.7457,-20.8281,-17.5,0.0,0.0,0.699999988079071,0.1171875,0.011680328287184238,0.010226891376078129,0.0528273805975914,0.0003886815975420177,0.009950248524546623,0.18967661261558533,0.6955068111419678
2605,-16.4289,-20.4414,-36.8703,-24.8984,-8.0234,0.0,0.0,0.8321167826652527,0.43407171964645386,0.054275985807180405,0.05326589196920395,0.1343005895614624,0.005324937868863344,0.07369402796030045,0.19406871497631073,0.622434675693512
2610,-15.348,-22.2211,-37.5691,-20.125,-18.7891,0.0,0.0149,0.09090909361839294,0.019736841320991516,0.007060572504997253,0.006973421201109886,0.053199402987957,0.00042754976311698556,0.00590796023607254,0.20918843150138855,0.6799984574317932
2615,-16.173,-20.4797,-36.6527,-25.5078,-6.9688,0.0,0.045,0.7861271500587463,0.5086249113082886,0.043642546981573105,0.052878737449645996,0.1316964328289032,0.0067241913639009,0.07886349409818649,0.2057291716337204,0.6042055487632751
2620,-15.4359,-22.0184,-37.4543,-20.375,-17.375,0.0,0.0487,0.28205129504203796,0.07438016682863235,0.02519126795232296,0.015220788307487965,0.0528273805975914,0.001515858224593103,0.014109142124652863,0.20829446613788605,0.6716029047966003
2625,-15.6707,-22.0996,-37.7703,-19.8672,-19.4688,0.0,0.0725,0.1666666716337204,0.009803921915590763,0.004191616550087929,0.0037384219467639923,0.0554315485060215,0.00023320894979406148,0.003964552190154791,0.19472947716712952,0.6965951323509216
2630,-16.4379,-20.1621,-36.6,-26.0625,-6.0234,0.0,0.1194,0.7417582273483276,0.6346408128738403,0.03348909690976143,0.048793114721775055,0.1450892835855484,0.0070740049704909325,0.08819185197353363,0.1996268630027771,0.6006296873092651
2635,-15.8,-21.9852,-37.7852,-20.1406,-18.8984,0.0,0.1354,0.2222222238779068,0.1520467847585678,0.006740196142345667,0.006847027223557234,0.0520833320915699,0.00034981343196704984,0.006646455265581608,0.19029851257801056,0.69822758436203
2640,-16.2563,-20.8699,-37.1262,-24.1875,-9.3984,0.0,0.1872,0.8088235259056091,0.5900439023971558,0.028803246095776558,0.030407031998038292,0.1023065447807312,0.0052860695868730545,0.05309390649199486,0.19162002205848694,0.64552241563797
2645,-17.0789,-18.5016,-35.5805,-26.9531,-2.4375,0.0,0.2286,0.8879310488700867,0.7637835144996643,0.047789014875888824,0.057936567813158035,0.231398805975914,0.02254353277385235,0.15368470549583435,0.19601212441921234,0.5232820510864258
2650,-16.7148,-19.7547,-36.4695,-26.5078,-5.2969,0.0,0.2465,0.8600823283195496,0.7305502891540527,0.0354251004755497,0.03974510729312897,0.162202388048172,0.00944496225565672,0.10241760313510895,0.19200870394706726,0.5916511416435242
2655,-16.1648,-21.3047,-37.4695,-22.8125,-13.5078,0.0,0.2614,0.6511628031730652,0.5800915360450745,0.013078679330646992,0.02005084976553917,0.0851934552192688,0.0016713308868929744,0.03397076949477196,0.18722791969776154,0.6726523637771606
2660,-15.2637,-22.1812,-37.4449,-20.2578,-18.0312,0.0,0.2875,0.5714285969734192,0.31178706884384155,0.007547169923782349,0.009078212082386017,0.056175597012043,0.0010883084032684565,0.010222326032817364,0.2163013070821762,0.6679104566574097
2665,-16.368,-20.6395,-37.0074,-24.2266,-9.3203,0.0,0.3333,0.7777777910232544,0.6621454954147339,0.027270862832665443,0.03101532533764839,0.1097470223903656,0.006296641658991575,0.06304415315389633,0.18956001102924347,0.6366215944290161
2670,-17.5168,-18.2961,-35.8129,-27.6875,-1.8125,0.0,0.3722,0.8901345133781433,0.7896052002906799,0.04377031326293945,0.06031337380409241,0.2057291716337204,0.0173351988196373,0.15555037558078766,0.17937655746936798,0.5432602763175964
2675,-15.6211,-22.0113,-37.6324,-20.4688,-17.9844,0.0,0.3957,0.699999988079071,0.24354243278503418,0.006635440979152918,0.009242982603609562,0.0602678582072258,0.0003886815975420177,0.010533271357417107,0.19916044175624847,0.6854400038719177
2680,-15.7027,-21.8926,-37.5953,-20.6797,-16.6719,0.0,0.4218,0.7352941036224365,0.37535014748573303,0.012204724363982677,0.010928339324891567,0.0565476194024086,0.0013215173967182636,0.013875932432711124,0.19745025038719177,0.6828746795654297
2685,-16.3008,-20.7469,-37.0477,-24.4766,-8.9609,0.0,0.4603,0.9009009003639221,0.6569250226020813,0.017272545024752617,0.030776746571063995,0.106398805975914,0.0043143657967448235,0.061178483068943024,0.193524569272995,0.6365049481391907
2690,-16.7063,-19.6172,-36.3234,-27.2578,-2.7656,0.0,0.4859,0.8733333349227905,0.7650429606437683,0.024661893025040627,0.04282841831445694,0.1603422611951828,0.011660447344183922,0.10851989686489105,0.19542910158634186,0.5799129605293274
2695,-16.1277,-21.2535,-37.3812,-23.1641,-12.0312,0.0,0.5064,0.875,0.5829787254333496,0.014904042705893517,0.023303352296352386,0.0755208358168602,0.0031094527803361416,0.036536071449518204,0.19037623703479767,0.6655006408691406
2700,-17.7258,-16.6113,-34.3371,-27.7344,-1.8828,0.0,0.5377,0.9078091382980347,0.8543201684951782,0.05618860572576523,0.06837916374206543,0.324032723903656,0.035836443305015564,0.23212064802646637,0.1978389322757721,0.42972636222839355
2705,-17.4227,-18.0074,-35.4301,-27.0781,-2.9844,0.0,0.4932,0.9126050472259521,0.802457869052887,0.04712149128317833,0.05831434950232506,0.2459077388048172,0.02312655560672283,0.17078669369220734,0.18971548974514008,0.511893630027771
2710,-16.0859,-20.9352,-37.0211,-24.4844,-8.8047,0.0,0.4571,0.8796992301940918,0.6531627774238586,0.02282036282122135,0.027301045134663582,0.1011904776096344,0.005169465206563473,0.0546875,0.19927705824375153,0.63638836145401
2715,-15.2633,-22.018,-37.2812,-21.3047,-15.9375,0.0,0.4687,0.6216216087341309,0.4247967600822449,0.015178256668150425,0.014603739604353905,0.0602678582072258,0.0014381218934431672,0.01912313513457775,0.22022698819637299,0.6547341346740723
2720,-15.7188,-22.1324,-37.8512,-19.5938,-20.0625,0.0,0.5087,0.0,0.0,0.0008113590301945806,0.0005526082823053002,0.0476190485060215,0.0,0.0005441542016342282,0.19162002205848694,0.7033582329750061
2725,-15.1422,-22.3773,-37.5195,-19.6641,-19.6875,0.0,0.5422,0.3333333432674408,0.16049382090568542,0.003935599233955145,0.0027069055940955877,0.0491071417927742,0.00023320894979406148,0.0031483208294957876,0.21727301180362701,0.6748678684234619
2730,-14.9711,-22.3223,-37.2934,-20.1328,-17.9297,0.0,0.5925,0.5,0.2199999988079071,0.01019021775573492,0.010664770379662514,0.0554315485060215,0.0009328357991762459,0.00971703976392746,0.22885571420192719,0.6560167670249939
2735,-16.4586,-20.3492,-36.8078,-24.0938,-8.4375,0.0,0.6029,0.8536585569381714,0.6525921821594238,0.03464534506201744,0.03755311295390129,0.1183035746216774,0.011155162006616592,0.07272232323884964,0.18959887325763702,0.6220459938049316
2740,-15.7609,-21.9777,-37.7387,-20.6562,-17.9141,0.0,0.6346,0.4444444477558136,0.521327018737793,0.006406406406313181,0.004375876393169165,0.0543154776096344,0.00034981343196704984,0.008201181888580322,0.19414645433425903,0.6928249597549438
2745,-15.8926,-21.8527,-37.7453,-20.7344,-17.5469,0.0,0.6734,0.8333333134651184,0.5688405632972717,0.007244877051562071,0.0060284677892923355,0.0580357126891613,0.0006996268639340997,0.010727612301707268,0.18777208030223846,0.6963230967521667
2750,-17.6676,-18.2301,-35.8977,-28.1406,-1.5859,0.0,0.6934,0.9430379867553711,0.8974937200546265,0.026612538844347,0.029486635699868202,0.2142857164144516,0.01842350699007511,0.15508395433425903,0.17234142124652863,0.5496734976768494
2755,-15.7789,-21.9289,-37.7078,-20.4375,-17.4609,0.0,0.682,0.931034505367279,0.5130434632301331,0.004829945508390665,0.007242308463901281,0.0520833320915699,0.0011271765688434243,0.00893967691808939,0.19313588738441467,0.6923196315765381
2760,-15.7152,-21.4422,-37.1574,-23.4453,-11.0703,0.0,0.7237,0.8672566413879395,0.6535600423812866,0.015145848505198956,0.018932564184069633,0.079613097012043,0.0043921018950641155,0.03657493740320206,0.20786692202091217,0.6466884613037109
2765,-15.9402,-21.0039,-36.9441,-22.8047,-10.3359,0.0,0.7279,0.90234375,0.7204968929290771,0.030279502272605896,0.01866128295660019,0.0963541641831398,0.009950248524546623,0.05006219074130058,0.20024876296520233,0.6352611780166626
2770,-15.9363,-21.9199,-37.8563,-20.4141,-18.2812,0.0,0.7685,0.8888888955116272,0.5094339847564697,0.00503144646063447,0.0037564910016953945,0.0513392873108387,0.00034981343196704984,0.0061800372786819935,0.18540112674236298,0.7035914063453674
2775,-16.8535,-19.7117,-36.5652,-27.1094,-2.4297,0.0,0.7841,0.9407665729522705,0.8535614609718323,0.019595447927713394,0.02530011534690857,0.1506696492433548,0.011155162006616592,0.09767568111419678,0.18446828424930573,0.60222327709198
2780,-16.0066,-19.6207,-35.6273,-25.6406,-3.7969,0.0,0.816,0.9148351550102234,0.8313589096069336,0.03614028915762901,0.03262206166982651,0.1774553507566452,0.02829601988196373,0.11155162006616592,0.21832245588302612,0.5373523235321045
2785,-15.9207,-21.9289,-37.8496,-20.3594,-18.5078,0.0,0.8315,0.375,0.3272727131843567,0.0052388934418559074,0.005471124779433012,0.0505952388048172,0.000310945266392082,0.006413246039301157,0.18547885119915009,0.7033193111419678
2790,-16.0148,-20.632,-36.6469,-25.5859,-6.9766,0.0,0.8448,0.8757764101028442,0.8219395875930786,0.016712579876184464,0.022062133997678757,0.1205357164144516,0.006257773842662573,0.07334421575069427,0.21163712441921234,0.6042832732200623
2795,-15.7438,-21.6734,-37.4172,-21.9531,-14.0547,0.0,0.8683,0.8641975522041321,0.6514382362365723,0.015488867647945881,0.010695808567106724,0.068824402987957,0.0031483208294957876,0.022971082478761673,0.2007540464401245,0.6686489582061768
2800,-15.3148,-20.5367,-35.8516,-24.4766,-5.8906,0.0,0.8733,0.847787618637085,0.8025770783424377,0.039902281016111374,0.025208303704857826,0.1432291716337204,0.021960509940981865,0.08446051180362701,0.23865050077438354,0.55045086145401
2805,-15.6055,-21.6559,-37.2613,-21.4375,-14.1484,0.0,0.8962,0.8991596698760986,0.6715976595878601,0.019038643687963486,0.01080283336341381,0.0770089253783226,0.004625311121344566,0.026274874806404114,0.20619557797908783,0.6584266424179077
2810,-16.2238,-20.5949,-36.8188,-25.9922,-5.3438,0.0,0.9425,0.9213483333587646,0.8435221314430237,0.016056392341852188,0.01634109765291214,0.1205357164144516,0.006918532308191061,0.06930192559957504,0.19849969446659088,0.6208022236824036
2815,-15.7211,-21.8652,-37.5863,-20.6797,-17.1641,0.0,0.9629,0.8823529481887817,0.7158176898956299,0.007446600124239922,0.006332002114504576,0.0558035708963871,0.0013215173967182636,0.01449782308191061,0.19834421575069427,0.681358814239502
2820,-16.3484,-19.7973,-36.1457,-27.4297,-3.3594,0.0,1.0091,0.8518518805503845,0.8818247318267822,0.018665680661797523,0.024676932021975517,0.1569940447807312,0.01154384296387434,0.10820895433425903,0.21031561493873596,0.5654540061950684
2825,-15.8805,-22.0047,-37.8852,-19.375,-19.9844,0.0,0.9945,0.5714285969734192,0.5263158082962036,0.005434782709926367,0.000550266879145056,0.0528273805975914,0.0002720771008171141,0.00295398011803627,0.1859452724456787,0.7063510417938232
2830,-15.6203,-22.1758,-37.7961,-19.4062,-20.2031,0.0,1.0518,0.0,0.0,0.0011867088032886386,0.0010020040208473802,0.0476190485060215,0.0,0.0007773631950840354,0.19651740789413452,0.69822758436203
2835,-17.1297,-18.4234,-35.5531,-27.125,-1.6953,0.0,1.0489,0.97050940990448,0.9163835644721985,0.02186468616127968,0.02474484220147133,0.2209821492433548,0.02899564616382122,0.14874844253063202,0.18843284249305725,0.5293454527854919
2840,-16.3598,-20.4918,-36.8516,-25.6172,-6.7031,0.0,1.0315,0.9100000262260437,0.8782656788825989,0.010238908231258392,0.015753423795104027,0.1223958358168602,0.00777363171800971,0.06992381811141968,0.1936022937297821,0.6242226362228394
2845,-18.1449,-15.9699,-34.1148,-28.3047,-1.5625,0.0,1.0017,0.9255419373512268,0.9369341731071472,0.03246484696865082,0.0387728214263916,0.3467261791229248,0.041239116340875626,0.25330379605293274,0.18796642124652863,0.4130130708217621
2850,-18.9312,-14.3469,-33.2781,-28.4922,-1.6562,0.0,0.9336,0.9039711356163025,0.9262975454330444,0.04786885157227516,0.0679471492767334,0.4192708432674408,0.05383240059018135,0.313782662153244,0.1778218299150467,0.3500854969024658
2855,-19.5832,-13.6617,-33.2449,-28.9062,-0.6406,0.0,0.8307,0.867132842540741,0.9439015984535217,0.06515513360500336,0.05697202309966087,0.4449404776096344,0.05002332106232643,0.3381141126155853,0.16285759210586548,0.34452736377716064
2860,-18.4895,-14.8613,-33.3508,-28.7344,-0.6562,0.0,0.6924,0.8390889167785645,0.8976737856864929,0.06969572603702545,0.08217832446098328,0.4032738208770752,0.0528995655477047,0.29741916060447693,0.1890547275543213,0.35614892840385437
2865,-17.2645,-17.8457,-35.1102,-28.0312,-1.8047,0.0,0.5554,0.7917932868003845,0.8314225077629089,0.04303993657231331,0.059932876378297806,0.271577388048172,0.025575248524546623,0.18306903541088104,0.20048196613788605,0.4863961338996887
2870,-18.4086,-16.127,-34.5355,-28.9219,-0.5391,0.0,0.4872,0.9221311211585999,0.9344519376754761,0.029253602027893066,0.039709270000457764,0.3266369104385376,0.02845149300992489,0.24786224961280823,0.18069806694984436,0.43851056694984436
2875,-18.9102,-13.9461,-32.8563,-28.5312,-0.7344,0.0,0.3703,0.9269406199455261,0.9465978741645813,0.06296785920858383,0.04790205508470535,0.4423363208770752,0.06809701770544052,0.32388836145401,0.17653918266296387,0.3269978165626526
2880,-18.2293,-16.3566,-34.5859,-28.5,-0.9375,0.0,0.2684,0.8818181753158569,0.9171208739280701,0.033693842589855194,0.04852655902504921,0.3132440447807312,0.025652984157204628,0.24245958030223846,0.18687811493873596,0.44053173065185547
2885,-18.6191,-15.6262,-34.2453,-28.4297,-0.9844,0.0,0.185,0.9092804789543152,0.9296044707298279,0.03509948402643204,0.042928360402584076,0.3638392984867096,0.0372745655477047,0.2633706331253052,0.17385727167129517,0.42101991176605225
2890,-16.7004,-19.4672,-36.1676,-27.5781,-2.2656,0.0,0.0845,0.8318318128585815,0.8330528736114502,0.024094024673104286,0.033353839069604874,0.1822916716337204,0.01294309739023447,0.1154773011803627,0.19842195510864258,0.5686800479888916
2895,-17.3809,-18.5621,-35.943,-27.2188,-1.8359,0.0,0.1356,0.9452054500579834,0.910723865032196,0.014048531651496887,0.027444617822766304,0.204985111951828,0.01702425442636013,0.14497824013233185,0.18260261416435242,0.5509172677993774
2900,-15.1672,-22.2617,-37.4289,-20.25,-18.5156,0.0,0.1047,0.7142857313156128,0.578199028968811,0.0021280369255691767,0.005591473076492548,0.0546875,0.0008162313606590033,0.008201181888580322,0.21917754411697388,0.6673274040222168
2905,-15.8668,-20.7453,-36.6121,-23.2422,-8.9219,0.0,0.1494,0.7492711544036865,0.6848484873771667,0.025645757094025612,0.03385166823863983,0.122023805975914,0.013331778347492218,0.064132459461689,0.21066541969776154,0.6073927283287048
2910,-15.3781,-22.0754,-37.4535,-20.9062,-17.0859,0.0,0.1503,0.5652173757553101,0.5855855941772461,0.00402046786621213,0.007204276043921709,0.065476194024086,0.0008939676336012781,0.01294309739023447,0.21268656849861145,0.6689987778663635
2915,-15.6492,-21.3,-36.9492,-23.4766,-10.3047,0.0,0.1899,0.8219178318977356,0.7243150472640991,0.013966986909508705,0.02035403624176979,0.0926339253783226,0.005674751475453377,0.045398011803627014,0.2142801582813263,0.6301694512367249
2920,-16.3867,-21.1504,-37.5371,-23.3125,-10.7734,0.0,0.2074,0.8163265585899353,0.6984478831291199,0.010572686791419983,0.016057142987847328,0.0777529776096344,0.0038090795278549194,0.03505907952785492,0.17646144330501556,0.680192768573761
2925,-16.2793,-20.7734,-37.0527,-25.6094,-6.7656,0.0,0.2581,0.9052631855010986,0.7848347425460815,0.008771929889917374,0.020505309104919434,0.1138392835855484,0.0036924751475453377,0.059973571449518204,0.19496268033981323,0.636893630027771
2930,-15.6898,-21.0699,-36.7598,-24.5938,-8.3047,0.0,0.27,0.8176470398902893,0.7230340838432312,0.016696589067578316,0.026539746671915054,0.1071428582072258,0.006607586983591318,0.05585354566574097,0.21649564802646637,0.6165655851364136
2935,-16.8109,-19.9352,-36.7461,-27.8359,-2.6172,0.0,0.3096,0.9419354796409607,0.830414354801178,0.009913519956171513,0.028095930814743042,0.1409970223903656,0.006024564616382122,0.09099035710096359,0.18427394330501556,0.6142334938049316
2940,-15.4996,-22.2449,-37.7445,-19.5938,-20.1094,0.0,0.3311,0.0,0.0,0.0,0.0005030743195675313,0.0476190485060215,0.0,0.00034981343196704984,0.19982120394706726,0.6953513622283936
2945,-15.7063,-22.0086,-37.7148,-20.3828,-17.8047,0.0,0.3582,0.807692289352417,0.4098360538482666,0.005818619392812252,0.005659214220941067,0.0513392873108387,0.0010105721885338426,0.007112873252481222,0.19371891021728516,0.6936800479888916
2950,-16.1633,-21.1344,-37.2977,-25.7188,-6.8984,0.0,0.3889,0.9220778942108154,0.807868242263794,0.006295694503933191,0.012628348544239998,0.0993303582072258,0.002992848167195916,0.0424828976392746,0.19138681888580322,0.658659815788269
2955,-17.073,-18.6797,-35.7527,-26.4531,-1.9375,0.0,0.374,0.9626865386962891,0.9323077201843262,0.011997474357485771,0.017729992046952248,0.2213541716337204,0.02604166604578495,0.13895367085933685,0.1846626251935959,0.5458644032478333
2960,-17.9297,-17.1715,-35.1012,-28.0,-1.1875,0.0,0.3373,0.9479553699493408,0.9083909392356873,0.025277161970734596,0.03562964126467705,0.2942708432674408,0.031366605311632156,0.1968672275543213,0.1752953976392746,0.49199315905570984
2965,-16.1664,-19.0035,-35.1699,-26.7266,-2.7266,0.0,0.2554,0.7891566157341003,0.7722048163414001,0.0388316735625267,0.06265346705913544,0.2228422611951828,0.025808457285165787,0.14878731966018677,0.2302161008119583,0.4907104969024658
2970,-15.3883,-21.5711,-36.9594,-24.2109,-9.0234,0.0,0.2635,0.7303370833396912,0.676706850528717,0.011200560256838799,0.02253555878996849,0.0792410746216774,0.0034592661540955305,0.03871268779039383,0.2220926582813263,0.6312577724456787
2975,-16.0676,-21.7957,-37.8633,-20.75,-17.6797,0.0,0.272,0.5,0.41860464215278625,0.0032362460624426603,0.0073330760933458805,0.0587797611951828,0.0003886815975420177,0.010027985088527203,0.18015392124652863,0.704951822757721
2980,-16.0777,-20.368,-36.4457,-25.9375,-3.7422,0.0,0.3146,0.8660130500793457,0.8561808466911316,0.010078387334942818,0.024514609947800636,0.138764888048172,0.01189365703612566,0.0808069035410881,0.2082556039094925,0.5945662260055542
2985,-17.4926,-17.8629,-35.3555,-27.4922,-2.0859,0.0,0.2993,0.8809946775436401,0.8776665329933167,0.028108330443501472,0.04612191393971443,0.2418154776096344,0.02188277430832386,0.1785603165626526,0.1894434094429016,0.5056358575820923
2990,-17.9227,-16.6371,-34.5598,-27.3594,-2.1406,0.0,0.2378,0.8365853428840637,0.8747233748435974,0.0394308939576149,0.06573303788900375,0.3236607015132904,0.03187188878655434,0.228350430727005,0.19123134016990662,0.4440687298774719
2995,-17.8105,-15.6461,-33.4566,-28.1875,-1.4688,0.0,0.1584,0.8283881545066833,0.8760165572166443,0.07136254757642746,0.09269333630800247,0.3716517984867096,0.04846859350800514,0.27242693305015564,0.21023787558078766,0.36438900232315063
3000,-16.9902,-18.6391,-35.6293,-26.7188,-4.6172,0.0,0.0857,0.6019900441169739,0.6820486783981323,0.04139641299843788,0.09292298555374146,0.2306547611951828,0.015625,0.15329602360725403,0.20374688506126404,0.5228545069694519
3005,-15.8422,-21.9688,-37.8109,-20.4766,-18.1797,0.0,0.1221,0.0,0.1764705926179886,0.0018595041474327445,0.007757951971143484,0.0520833320915699,3.886815829901025e-05,0.00594682851806283,0.18812188506126404,0.7014148235321045
3010,-15.5609,-22.1855,-37.7465,-19.6875,-20.0156,0.0,0.1716,0.0,0.020408162847161293,0.0007779074367135763,0.0019048686372116208,0.0546875,0.0,0.0019045397639274597,0.199860081076622,0.6937577724456787
3015,-15.3141,-22.0102,-37.3242,-19.1406,-19.9844,0.0,0.2206,0.03896103799343109,0.0,0.02554810605943203,0.01664607971906662,0.100074402987957,0.002992848167195916,0.01721859537065029,0.2145133763551712,0.6607975959777832
3020,-15.9285,-21.9848,-37.9133,-20.0859,-19.3359,0.0,0.2546,0.0,0.10144927352666855,0.0010683761211112142,0.003663203911855817,0.0505952388048172,3.886815829901025e-05,0.002681903075426817,0.18190298974514008,0.7108986377716064
3025,-15.7488,-21.9492,-37.698,-19.6797,-19.75,0.0,0.3025,0.024390242993831635,0.03125,0.019627681002020836,0.00841137208044529,0.0647321417927742,0.0015935945557430387,0.008706467226147652,0.19208644330501556,0.6931358575820923
3030,-15.9133,-21.816,-37.7293,-21.4219,-16.1484,0.0,0.3515,0.5,0.25,0.0055670104920864105,0.013870245777070522,0.0598958320915699,0.0003886815975420177,0.011660447344183922,0.18851056694984436,0.6949626803398132
3035,-15.7547,-21.0469,-36.8016,-22.8672,-12.3906,0.0,0.3836,0.34375,0.34594953060150146,0.035144928842782974,0.05476520210504532,0.1246279776096344,0.004975124262273312,0.05853544920682907,0.21455223858356476,0.6174595952033997
3040,-16.0188,-21.434,-37.4527,-22.0312,-14.9297,0.0,0.4329,0.16129031777381897,0.26606684923171997,0.030641233548521996,0.024953681975603104,0.1037946417927742,0.00240982579998672,0.030239427462220192,0.19154228270053864,0.6713308691978455
3045,-17.3965,-18.4746,-35.8711,-26.2969,-5.0625,0.0,0.4607,0.4873563349246979,0.4913431406021118,0.12840884923934937,0.11544991284608841,0.237351194024086,0.016907649114727974,0.14816541969776154,0.18100902438163757,0.549440324306488
3050,-16.0344,-20.8602,-36.8945,-23.9062,-10.9688,0.0,0.4474,0.3499999940395355,0.35176849365234375,0.04746656492352486,0.0537540540099144,0.1242559552192688,0.005441542249172926,0.06043998897075653,0.20635105669498444,0.6232898235321045
3055,-17.6422,-17.3633,-35.0055,-27.2734,-2.5938,0.0,0.4565,0.7434782385826111,0.7136685252189636,0.08560390770435333,0.10235007852315903,0.300967276096344,0.026819029822945595,0.1979166716337204,0.1911536008119583,0.479633092880249
3060,-15.6602,-21.8523,-37.5125,-20.8672,-16.7656,0.0,0.4761,0.44117647409439087,0.31578946113586426,0.013271783478558064,0.015272894874215126,0.0658482164144516,0.0013215173967182636,0.01772388070821762,0.2020755559206009,0.6744014024734497
3065,-16.4414,-20.6988,-37.1402,-23.2031,-12.1406,0.0,0.4713,0.380952388048172,0.3516339957714081,0.04717373102903366,0.04724884033203125,0.142485111951828,0.004081156570464373,0.059468284249305725,0.18703357875347137,0.6449393630027771
3070,-16.9879,-19.4594,-36.4473,-26.0156,-6.2812,0.0,0.4631,0.5236051678657532,0.48339101672172546,0.05498209223151207,0.08233354985713959,0.2202380895614624,0.009056281298398972,0.11232897639274597,0.18450714647769928,0.5896299481391907
3075,-16.4766,-18.7102,-35.1867,-25.3906,-6.1953,0.0,0.4143,0.45736435055732727,0.42149603366851807,0.12987478077411652,0.12932047247886658,0.355282723903656,0.030083954334259033,0.15224657952785492,0.21727301180362701,0.4959188401699066
3080,-19.0422,-14.0992,-33.1414,-27.8906,-2.7188,0.0,0.3257,0.6435439586639404,0.6891399621963501,0.2244449257850647,0.23719187080860138,0.482514888048172,0.05659203976392746,0.31996268033981323,0.17681126296520233,0.34215641021728516
3085,-16.7258,-18.9875,-35.7133,-25.4688,-7.0,0.0,0.2245,0.45340049266815186,0.41840890049934387,0.09403626620769501,0.12467856705188751,0.2712053656578064,0.015430659055709839,0.1431514322757721,0.20790578424930573,0.5290344953536987
3090,-17.7832,-16.9898,-34.773,-27.1016,-3.7812,0.0,0.2106,0.6437768340110779,0.6105829477310181,0.09813365340232849,0.15437494218349457,0.3701636791229248,0.027168843895196915,0.21668998897075653,0.1936800330877304,0.45798352360725403
3095,-16.1844,-20.4969,-36.6813,-25.0234,-7.6562,0.0,0.1915,0.6289308071136475,0.5248369574546814,0.030480878427624702,0.05267205089330673,0.151413694024086,0.0061800372786819935,0.07746423780918121,0.20530161261558533,0.6065765023231506
3100,-19.4461,-13.4098,-32.8559,-28.5156,-0.9297,0.0,0.1206,0.801154613494873,0.8143112063407898,0.15288104116916656,0.15149299800395966,0.5178571343421936,0.06059546023607254,0.3487251102924347,0.16728855669498444,0.3189132511615753
3105,-17.1348,-17.6551,-34.7898,-27.1016,-3.3828,0.0,0.0,0.699999988079071,0.6578159332275391,0.09588788449764252,0.11801817268133163,0.3173363208770752,0.02798507548868656,0.19469061493873596,0.2107820212841034,0.4620646834373474
3110,-16.8629,-18.2551,-35.118,-25.7812,-4.7109,0.0,0.0,0.7148760557174683,0.6469655632972717,0.08255857229232788,0.08977635949850082,0.3121279776096344,0.028218284249305725,0.17164179682731628,0.20903295278549194,0.4866293668746948
3115,-17.0566,-18.1781,-35.2348,-26.2891,-4.9141,0.0,0.0,0.692307710647583,0.63250333070755,0.07448198646306992,0.09927283972501755,0.3273809552192688,0.020716728642582893,0.17482897639274597,0.20821672677993774,0.4917599558830261
3120,-18.0977,-16.3211,-34.4188,-28.0,-2.0312,0.0,0.0,0.8171355724334717,0.7452380657196045,0.08077709376811981,0.1114925891160965,0.3969494104385376,0.03039490059018135,0.2448693960905075,0.19006529450416565,0.4301927983760834
3125,-18.5051,-15.8004,-34.3055,-27.5391,-2.9062,0.0,0.0,0.7448200583457947,0.6900269389152527,0.11764705926179886,0.14882266521453857,0.418154776096344,0.0356421023607254,0.25956156849861145,0.1777440905570984,0.42257463932037354
3130,-18.5922,-16.3176,-34.9098,-28.2734,-1.8359,0.0,0.0,0.8380952477455139,0.7315763831138611,0.06828142702579498,0.11049631237983704,0.3627232015132904,0.02448694035410881,0.238922581076622,0.16849346458911896,0.4636194109916687
3135,-15.3824,-22.1289,-37.5113,-20.1719,-18.2969,0.0,0.0,0.21052631735801697,0.13229571282863617,0.00965824630111456,0.010241657495498657,0.0621279776096344,0.0007384950295090675,0.0099891172721982,0.20926617085933685,0.6755285859107971
3140,-15.316,-22.332,-37.648,-19.3594,-20.2734,0.0,0.0064,0.0,0.0,0.0005593884270638227,0.0007924378733150661,0.0476190485060215,3.886815829901025e-05,0.00034981343196704984,0.20844994485378265,0.6866837739944458
3145,-15.3961,-22.2738,-37.6699,-19.1875,-20.2422,0.0,0.0577,0.0,0.043478261679410934,0.0024710132274776697,0.001860937220044434,0.0476190485060215,0.0,0.0017879352672025561,0.20448538661003113,0.6892490386962891
3150,-15.6848,-22.1488,-37.8336,-19.1641,-20.3359,0.0,0.106,0.0,0.0,0.0,0.00038755396963097155,0.0505952388048172,0.0,0.0005830223672091961,0.19290266931056976,0.7020366787910461
3155,-15.766,-22.1105,-37.8766,-19.5859,-20.1953,0.0,0.1615,0.0,0.0,0.0006184292142279446,0.0003300693060737103,0.048363097012043,0.0,0.00042754976311698556,0.1885494440793991,0.7065454125404358
3160,-15.7898,-21.6117,-37.4016,-22.0625,-14.6328,0.0,0.2077,0.6571428775787354,0.3222370147705078,0.01229114644229412,0.024285798892378807,0.084449402987957,0.0013603855622932315,0.02918998710811138,0.2023864984512329,0.6625854969024658
3165,-16.1949,-21.1953,-37.3902,-23.8203,-10.7656,0.0,0.2546,0.5454545617103577,0.33046799898147583,0.01889142580330372,0.03490544110536575,0.1026785746216774,0.0017101990524679422,0.040694963186979294,0.18722791969776154,0.665889322757721
3170,-15.7633,-22.1148,-37.8781,-19.6484,-20.1406,0.0,0.2871,0.0,0.0,0.0006151322741061449,0.00016522553050890565,0.0476190485060215,3.886815829901025e-05,0.00019434079877100885,0.18956001102924347,0.7057291865348816
3175,-16.2645,-20.9402,-37.2047,-23.4766,-11.2422,0.0,0.3301,0.48571428656578064,0.309470534324646,0.02861848846077919,0.048216525465250015,0.1112351194024086,0.004081156570464373,0.05212220177054405,0.18878264725208282,0.6505363583564758
3180,-16.8414,-20.2762,-37.1176,-25.0234,-8.7109,0.0,0.3623,0.6344085931777954,0.42407023906707764,0.025104602798819542,0.06259866058826447,0.1216517835855484,0.003614738816395402,0.07524875551462173,0.17650030553340912,0.6401585936546326
3185,-15.6137,-22.1715,-37.7852,-19.625,-19.8828,0.0,0.386,0.0,0.0,0.0015891934745013714,0.0013909753179177642,0.0491071417927742,0.0,0.0012826492311432958,0.19566231966018677,0.6985774040222168
3190,-16.673,-19.8945,-36.5676,-25.9922,-5.25,0.0,0.4045,0.75,0.6373444199562073,0.03190184012055397,0.049419354647397995,0.189360111951828,0.009328357875347137,0.0936722606420517,0.19006529450416565,0.6024564504623413
3195,-17.9234,-16.7855,-34.709,-28.0469,-1.6562,0.0,0.3706,0.8608815670013428,0.8216813206672668,0.04378964751958847,0.07349149137735367,0.3467261791229248,0.028218284249305725,0.22516325116157532,0.1899486929178238,0.45219215750694275
3200,-17.5684,-17.2203,-34.7887,-27.4531,-1.9766,0.0,0.2676,0.8360655903816223,0.7761222124099731,0.0546611025929451,0.08082927763462067,0.3463541567325592,0.030822450295090675,0.20607897639274597,0.19554570317268372,0.4630752503871918
3205,-18.5172,-15.3121,-33.8293,-28.3672,-1.1094,0.0,0.2041,0.8793879151344299,0.8871394991874695,0.053319282829761505,0.0720495656132698,0.400297611951828,0.04318252578377724,0.2789567708969116,0.18442942202091217,0.38895365595817566
3210,-18.1,-17.2668,-35.3668,-27.25,-2.6875,0.0,0.1342,0.7950963377952576,0.7359004020690918,0.05787926912307739,0.08532238006591797,0.3046875,0.02219371870160103,0.199860081076622,0.17191386222839355,0.5015547275543213
3215,-17.1375,-19.0031,-36.1406,-26.4219,-4.5781,0.0,0.1322,0.718100905418396,0.6305506229400635,0.04109303280711174,0.07411740720272064,0.2328869104385376,0.013098569586873055,0.13129663467407227,0.18633395433425903,0.5647932291030884
3220,-16.3895,-20.15,-36.5395,-26.4609,-4.7109,0.0,0.1023,0.6941747665405273,0.6296613812446594,0.024215420708060265,0.04752591252326965,0.1811755895614624,0.008006840944290161,0.09067941457033157,0.20063744485378265,0.5961986780166626
3225,-17.4219,-18.8082,-36.2301,-26.4844,-4.1016,0.0,0.118,0.8136986494064331,0.7018834352493286,0.03395889326930046,0.05925275385379791,0.2421875,0.014186877757310867,0.1320739984512329,0.17397387325763702,0.5752876400947571
3230,-15.6098,-22.1066,-37.7164,-19.7891,-19.2266,0.0,0.1072,0.20000000298023224,0.12030075490474701,0.004118454642593861,0.003538729390129447,0.0662202388048172,0.00019434079877100885,0.005169465206563473,0.19818873703479767,0.6919698119163513
3235,-16.6363,-20.1391,-36.7754,-26.1641,-5.8906,0.0,0.169,0.748792290687561,0.6057330965995789,0.030033139511942863,0.043648045510053635,0.1781994104385376,0.008045708760619164,0.08271144330501556,0.1876554787158966,0.6171097755432129
3240,-15.1211,-22.4359,-37.557,-19.5469,-20.1562,0.0,0.1935,0.0,0.0,0.0001785395434126258,0.0002868123701773584,0.0476190485060215,0.0,0.00023320894979406148,0.2177005559206009,0.6775886416435242
3245,-15.8168,-22.0441,-37.8609,-19.5,-20.0156,0.0,0.2301,0.0,0.05000000074505806,0.003916718065738678,0.002482484793290496,0.0528273805975914,7.77363165980205e-05,0.0023320894688367844,0.1885494440793991,0.7045631408691406
3250,-15.7512,-21.6281,-37.3793,-22.8359,-12.8047,0.0,0.2707,0.4285714328289032,0.29741379618644714,0.01076923031359911,0.024733949452638626,0.1008184552192688,0.0016324627213180065,0.02705223858356476,0.20211443305015564,0.66472327709198
3255,-15.9992,-20.6609,-36.6602,-25.5625,-6.3438,0.0,0.299,0.64673912525177,0.5421496033668518,0.023212969303131104,0.04397939518094063,0.170014888048172,0.0071517410688102245,0.07377176731824875,0.21097636222839355,0.6036224961280823
3260,-15.3063,-22.2742,-37.5805,-19.75,-19.2109,0.0,0.3153,0.0,0.1517857164144516,0.004434589762240648,0.003825511084869504,0.0535714291036129,7.77363165980205e-05,0.004353233613073826,0.21035447716712952,0.6807369589805603
3265,-16.252,-19.9703,-36.2223,-25.9375,-4.8906,0.0,0.3543,0.818493127822876,0.707430362701416,0.02501826174557209,0.04833877831697464,0.1722470223903656,0.011349502950906754,0.10043532401323318,0.21284204721450806,0.5708954930305481
3270,-16.2617,-20.1898,-36.4516,-26.2422,-4.9141,0.0,0.3758,0.7903226017951965,0.5960869789123535,0.027103330940008163,0.05395612493157387,0.1726190447807312,0.00963930319994688,0.08939676731824875,0.20650653541088104,0.5899797677993774
3275,-15.8227,-22.0125,-37.8352,-19.8516,-19.1953,0.0,0.3929,0.1428571492433548,0.1650485396385193,0.0032976092770695686,0.0037614780012518167,0.0580357126891613,0.0002720771008171141,0.004003420472145081,0.18858830630779266,0.7026585936546326
3280,-16.409,-20.5715,-36.9805,-25.7891,-6.3828,0.0,0.4178,0.8432835936546326,0.671633243560791,0.01679481938481331,0.028793390840291977,0.1421130895614624,0.0052083334885537624,0.06782493740320206,0.19208644330501556,0.630402684211731
3285,-15.4434,-21.9238,-37.3672,-22.0859,-14.0469,0.0,0.4353,0.6521739363670349,0.47280335426330566,0.012877115979790688,0.011124121956527233,0.0807291641831398,0.0017879352672025561,0.01857898011803627,0.21128731966018677,0.6638681888580322
3290,-15.8391,-21.0363,-36.8754,-25.5391,-6.5547,0.0,0.483,0.75,0.62321937084198,0.01934770680963993,0.027866093441843987,0.1328125,0.006529850885272026,0.054570894688367844,0.2109375,0.6234841346740723
3295,-14.9633,-22.3145,-37.2777,-20.5078,-17.3906,0.0,0.5142,0.375,0.27659574151039124,0.006799252238124609,0.0100884223356843,0.0665922611951828,0.0009328357991762459,0.010960821062326431,0.22866137325763702,0.6549673676490784
3300,-16.8152,-18.9949,-35.8102,-26.5703,-2.9922,0.0,0.5452,0.8574380278587341,0.7756410241127014,0.03947368264198303,0.05166761577129364,0.2075892835855484,0.018812188878655434,0.13339552283287048,0.1979166716337204,0.5453979969024658
3305,-16.282,-20.332,-36.6141,-25.7188,-4.7188,0.0,0.5429,0.836298942565918,0.6953740119934082,0.022950176149606705,0.03691854700446129,0.1458333283662796,0.010921952314674854,0.07898010313510895,0.1981498748064041,0.6074704527854919
3310,-15.8594,-21.9742,-37.8336,-20.1094,-18.7266,0.0,0.5561,0.6000000238418579,0.375,0.004370447248220444,0.003041026182472706,0.0591517873108387,0.00019434079877100885,0.005597014911472797,0.1867614984512329,0.7029695510864258
3315,-15.7703,-21.3801,-37.1504,-24.4141,-8.9688,0.0,0.6002,0.8494623899459839,0.6616314053535461,0.00923831108957529,0.019039038568735123,0.1041666641831398,0.003614738816395402,0.03859608247876167,0.20615671575069427,0.6471548676490784
3320,-16.3441,-21.5402,-37.8844,-21.8047,-15.1953,0.0,0.609,0.8965517282485962,0.502439022064209,0.006327683571726084,0.008527728728950024,0.0758928582072258,0.0011271765688434243,0.01593594439327717,0.17199160158634186,0.7064676880836487
3325,-15.4707,-22.0355,-37.5062,-21.1562,-16.1406,0.0,0.6598,0.6521739363670349,0.3839009404182434,0.006706408224999905,0.009292392991483212,0.0680803582072258,0.0008939676336012781,0.012554415501654148,0.20864428579807281,0.6734297275543213
3330,-15.5906,-21.8344,-37.425,-22.0156,-14.7969,0.0,0.7066,0.8918918967247009,0.5372549295425415,0.007186081726104021,0.011159546673297882,0.082961305975914,0.0014381218934431672,0.01982276141643524,0.20553483068943024,0.6687266826629639
3335,-16.2738,-21.143,-37.4168,-23.8281,-9.6719,0.0,0.7543,0.9082568883895874,0.6861313581466675,0.01175716146826744,0.016595350578427315,0.0959821417927742,0.004236629232764244,0.0372745655477047,0.18182525038719177,0.6721859574317932
3340,-16.2652,-20.5836,-36.8488,-25.9844,-5.4297,0.0,0.7938,0.8625592589378357,0.7582608461380005,0.01825396902859211,0.026020916178822517,0.118675597012043,0.008201181888580322,0.06704757362604141,0.19589552283287048,0.6243780851364136
3345,-15.109,-22.4402,-37.5492,-19.1641,-20.3359,0.0,0.8188,0.0,0.0,0.0,0.0005160254659131169,0.0476190485060215,0.0,7.77363165980205e-05,0.21754509210586548,0.6778995394706726
3350,-14.5566,-22.7082,-37.2648,-19.2031,-20.1406,0.0,0.8665,0.0,0.0,0.0003211819566786289,0.001250744448043406,0.0476190485060215,3.886815829901025e-05,0.0008550995262339711,0.2420320212841034,0.6525964140892029
3355,-16.2242,-21.8645,-38.0887,-19.6875,-19.9453,0.0,0.9107,0.0,0.0,0.001146526075899601,0.001823936472646892,0.0479910708963871,0.0,0.001476990059018135,0.1695040464401245,0.7245413661003113
3360,-15.8438,-21.9609,-37.8047,-20.4844,-18.3047,0.0,0.9552,0.375,0.47058823704719543,0.0022522523067891598,0.005612669978290796,0.0524553582072258,0.000310945266392082,0.00594682851806283,0.18983209133148193,0.6994325518608093
3365,-15.3574,-21.1934,-36.5508,-25.1719,-6.5391,0.0,0.9759,0.8586956262588501,0.7679409980773926,0.013650151900947094,0.0215151309967041,0.1253720223903656,0.0071517410688102245,0.05795242637395859,0.23064365983009338,0.5997745394706726
3370,-15.7664,-21.1934,-36.9598,-24.8672,-7.7578,0.0,0.9886,0.8766233921051025,0.7304560542106628,0.014471243135631084,0.019055815413594246,0.1056547611951828,0.005985696334391832,0.04773009940981865,0.20949937403202057,0.632307231426239
3375,-17.1109,-19.6187,-36.7297,-27.625,-1.9141,0.0,1.0043,0.8860759735107422,0.8785519599914551,0.009164058603346348,0.017385786399245262,0.171875,0.009211753495037556,0.0998523011803627,0.17389614880084991,0.6125621795654297
3380,-15.7941,-21.7848,-37.5789,-21.5078,-15.4609,0.0,1.0313,0.6590909361839294,0.6042154431343079,0.006963788531720638,0.009690474718809128,0.0665922611951828,0.0017101990524679422,0.016596704721450806,0.19535136222839355,0.6818641424179077
3385,-16.5059,-19.6512,-36.157,-27.3828,-2.2578,0.0,1.0486,0.9285714030265808,0.9010600447654724,0.015203344635665417,0.022605836391448975,0.15625,0.013603855855762959,0.10999689251184464,0.20452424883842468,0.56739741563797
3390,-16.1574,-20.3762,-36.5336,-27.7812,-1.9062,0.0,1.065,0.9200000166893005,0.8905353546142578,0.011007462628185749,0.017835058271884918,0.134672611951828,0.008745335973799229,0.08131218701601028,0.2083333283662796,0.5971315503120422
3395,-16.6547,-19.6031,-36.2578,-26.5469,-2.4062,0.0,1.097,0.9205297827720642,0.8849294781684875,0.01607324555516243,0.01982908323407173,0.1796875,0.017607275396585464,0.10471081733703613,0.19103699922561646,0.5821672677993774
3400,-16.6582,-19.8926,-36.5508,-27.2031,-2.1953,0.0,1.1057,0.9380804896354675,0.9020596742630005,0.013013839721679688,0.015357811003923416,0.1536458283662796,0.012554415501654148,0.09246735274791718,0.1881607621908188,0.6023398637771606
3405,-16.1645,-21.0207,-37.1852,-24.7266,-7.9219,0.0,1.0963,0.7886179089546204,0.8465346693992615,0.010534846223890781,0.012642376124858856,0.1011904776096344,0.004780783783644438,0.04710821062326431,0.19185324013233185,0.6517801880836487
3410,-17.1297,-18.973,-36.1027,-27.5547,-1.5391,0.0,1.0819,0.9528908133506775,0.9404617547988892,0.017141632735729218,0.012385384179651737,0.1964285671710968,0.018151430413126945,0.12795397639274597,0.1813977062702179,0.5680192708969116
3415,-17.8402,-17.7043,-35.5445,-27.5859,-1.3594,0.0,1.0526,0.960616409778595,0.9498357176780701,0.01894024759531021,0.017464328557252884,0.2503720223903656,0.022699005901813507,0.17743314802646637,0.17238028347492218,0.5230099558830261
3420,-15.8543,-19.6336,-35.4879,-26.3281,-2.4922,0.0,1.0064,0.9090909361839294,0.9266055226325989,0.02625669352710247,0.014330034144222736,0.1927083283662796,0.029928483068943024,0.11438899487257004,0.2250077724456787,0.5261971354484558
3425,-17.5488,-17.707,-35.2559,-27.7969,-1.2891,0.0,0.9392,0.9457177519798279,0.9635761380195618,0.01878960058093071,0.013278388418257236,0.269345223903656,0.032221704721450806,0.17607276141643524,0.177899569272995,0.5093283653259277
3430,-17.4488,-17.116,-34.5648,-27.8281,-1.0859,0.0,0.8651,0.9558823704719543,0.9804987907409668,0.020589983090758324,0.009625300765037537,0.3002232015132904,0.03964552283287048,0.2072838991880417,0.19632306694984436,0.45226991176605225
3435,-18.323,-16.168,-34.491,-27.9219,-1.0625,0.0,0.7658,0.9505541324615479,0.9744923710823059,0.026544515043497086,0.013818556442856789,0.3359375,0.04559234902262688,0.2316153645515442,0.16546174883842468,0.45285293459892273
3440,-17.9906,-16.8152,-34.8059,-27.7812,-1.1094,0.0,0.6709,0.9193899631500244,0.9660459756851196,0.026564214378595352,0.017536602914333344,0.300967276096344,0.035680968314409256,0.21291977167129517,0.17704446613788605,0.4698771834373474
3445,-18.618,-15.3098,-33.9277,-28.4531,-0.7734,0.0,0.593,0.959612250328064,0.9838479161262512,0.02640487439930439,0.011373493820428848,0.3742559552192688,0.04811878129839897,0.27192163467407227,0.17222481966018677,0.4032571613788605
3450,-17.4164,-17.9273,-35.3438,-26.8438,-1.8594,0.0,0.5012,0.9401408433914185,0.9577861428260803,0.028190230950713158,0.012427506037056446,0.2563244104385376,0.03311567008495331,0.16573382914066315,0.18062034249305725,0.5160525441169739
3455,-17.3602,-17.6824,-35.0426,-27.875,-1.0625,0.0,0.4355,0.9553001523017883,0.9765051603317261,0.017147468402981758,0.008218303322792053,0.277157723903656,0.030433768406510353,0.18528451025485992,0.19266946613788605,0.4871346354484558
3460,-18.0988,-15.8207,-33.9195,-28.625,-0.6875,0.0,0.3582,0.9531656503677368,0.980283796787262,0.021783387288451195,0.012451361864805222,0.3668154776096344,0.04481498897075653,0.26022231578826904,0.1909203976392746,0.3995646834373474
3465,-17.202,-18.041,-35.243,-27.1094,-1.4922,0.0,0.3039,0.9727668762207031,0.9745843410491943,0.014900662004947662,0.008027522824704647,0.2552083432674408,0.035680968314409256,0.16363495588302612,0.18781094253063202,0.5083954930305481
3470,-17.3621,-17.7266,-35.0887,-28.0938,-0.9531,0.0,0.2157,0.9488950371742249,0.9843816161155701,0.01943887770175934,0.008182396180927753,0.2633928656578064,0.02814054675400257,0.1841573417186737,0.19395211338996887,0.4892723858356476
3475,-15.9074,-21.1586,-37.066,-24.4375,-8.5938,0.0,0.1827,0.910179615020752,0.946505606174469,0.00985316839069128,0.0060466802679002285,0.0904017835855484,0.006490982603281736,0.045048195868730545,0.2011815905570984,0.6428016424179077
3480,-18.0496,-16.7816,-34.8313,-28.0781,-0.9609,0.0,0.1287,0.9813186526298523,0.9899927377700806,0.015117830596864223,0.009723138064146042,0.2845982015132904,0.03537002578377724,0.2136193960905075,0.17482897639274597,0.47170397639274597
3485,-16.3621,-19.9586,-36.3207,-26.4219,-4.4141,0.0,0.1012,0.9333333373069763,0.9646197557449341,0.012234753929078579,0.008005336858332157,0.1529017835855484,0.01399253774434328,0.09557680040597916,0.20331934094429016,0.5826337337493896
3490,-17.2508,-18.1496,-35.4004,-28.0156,-1.1328,0.0,0.1195,0.9707317352294922,0.9857742786407471,0.014067763462662697,0.008632543496787548,0.2321428507566452,0.023903917521238327,0.1666666716337204,0.19616760313510895,0.5087841749191284
3495,-16.3703,-20.4906,-36.8609,-25.9844,-4.8672,0.0,0.105,0.9441860318183899,0.9483436346054077,0.009519951418042183,0.00819519441574812,0.1179315447807312,0.008356654085218906,0.06922419369220734,0.1918921023607254,0.6260494589805603
3500,-15.6313,-21.4648,-37.0961,-23.5312,-10.9219,0.0,0.1494,0.9256198406219482,0.9491173624992371,0.006231671664863825,0.0034545455127954483,0.088913694024086,0.004703047219663858,0.037430036813020706,0.2120646834373474,0.6413246393203735
3505,-16.3984,-20.4121,-36.8105,-26.8281,-4.2578,0.0,0.1769,0.9415204524993896,0.9535732865333557,0.00657894741743803,0.010416666977107525,0.1153273805975914,0.006646455265581608,0.07451026141643524,0.19496268033981323,0.6194030046463013
3510,-15.9621,-21.7781,-37.7402,-21.1484,-16.6016,0.0,0.2133,0.7666666507720947,0.8222891688346863,0.004152823705226183,0.0036390102468430996,0.0587797611951828,0.0011660447344183922,0.012904228642582893,0.18718905746936798,0.6942630410194397
3515,-16.0895,-21.8949,-37.9844,-20.0625,-19.125,0.0,0.2434,0.3333333432674408,0.54666668176651,0.0021896210964769125,0.002229230012744665,0.0509672611951828,0.00023320894979406148,0.0029151118360459805,0.17751088738441467,0.7148631811141968
3520,-15.7383,-22.0312,-37.7695,-20.1875,-18.3828,0.0,0.2655,0.875,0.734375,0.001810136716812849,0.0018411069177091122,0.0550595223903656,0.000621890532784164,0.004975124262273312,0.19325248897075653,0.6966728568077087
3525,-15.7191,-20.341,-36.0602,-26.9766,-2.3203,0.0,0.2549,0.9390863180160522,0.9586563110351562,0.010529891587793827,0.010875589214265347,0.1428571492433548,0.015314054675400257,0.0902518630027771,0.22885571420192719,0.5611007213592529
3530,-17.0555,-18.9223,-35.9777,-28.2031,-0.9922,0.0,0.2571,0.9654377698898315,0.9730600118637085,0.011484823189675808,0.011596227996051311,0.1919642835855484,0.01686878129839897,0.1327347606420517,0.18952114880084991,0.5563976764678955
3535,-17.8949,-16.3902,-34.2852,-27.7031,-1.1484,0.0,0.2318,0.9580000042915344,0.9860633015632629,0.01909404806792736,0.015520057640969753,0.3154761791229248,0.03886815905570984,0.2370568960905075,0.19134794175624847,0.42824938893318176
3540,-17.4742,-17.8199,-35.2941,-27.4062,-1.3906,0.0,0.1899,0.9649924039840698,0.9748414158821106,0.014104957692325115,0.015164344571530819,0.2414434552192688,0.02553638070821762,0.17766635119915009,0.18738339841365814,0.5049362778663635
3545,-16.552,-19.8824,-36.4344,-27.8281,-1.6016,0.0,0.1506,0.9578543901443481,0.9841583967208862,0.006901991553604603,0.006586313713341951,0.1491815447807312,0.010144589468836784,0.0981421023607254,0.197100430727005,0.5901352763175964
3550,-17.123,-18.5715,-35.6945,-27.3125,-1.3438,0.0,0.0809,0.9692307710647583,0.9792060256004333,0.008548790588974953,0.009934489615261555,0.2180059552192688,0.025264304131269455,0.14392879605293274,0.18641169369220734,0.5399175882339478
3555,-17.4047,-18.1242,-35.5289,-27.8906,-1.0547,0.0,0.0156,0.9849397540092468,0.9940134286880493,0.005313496105372906,0.008373471908271313,0.223586305975914,0.025808457285165787,0.16231343150138855,0.18287469446659088,0.5245258212089539
3560,-18.309,-16.3824,-34.6914,-27.9219,-1.0391,0.0,0.0,0.9691290259361267,0.9950822591781616,0.012910531833767891,0.00845952145755291,0.3128720223903656,0.03525342047214508,0.22920553386211395,0.17160291969776154,0.4594604969024658
3565,-18.1039,-16.3379,-34.4418,-27.4531,-1.2734,0.0,0.0,0.9742222428321838,0.9942402243614197,0.018185850232839584,0.009736590087413788,0.3113839328289032,0.04372667893767357,0.22943873703479767,0.17525653541088104,0.447100430727005
3570,-16.8781,-19.3062,-36.1844,-27.0703,-1.7109,0.0,0.0,0.9788867831230164,0.980988621711731,0.005867560859769583,0.009694358333945274,0.1696428507566452,0.020250311121344566,0.11244558542966843,0.18547885119915009,0.5773476362228394
3575,-16.582,-20.25,-36.832,-27.2344,-2.8828,0.0,0.0,0.934272289276123,0.9801627397537231,0.0051877982914447784,0.008602418936789036,0.1223958358168602,0.008278917521238327,0.0764148011803627,0.18730565905570984,0.6235229969024658
3580,-16.7141,-19.6191,-36.3332,-25.8281,-3.3984,0.0,0.0,0.9586614370346069,0.9848189949989319,0.007332914508879185,0.006517445668578148,0.1603422611951828,0.019745025783777237,0.0998523011803627,0.18551772832870483,0.5904073119163513
3585,-16.6426,-19.8078,-36.4504,-27.625,-2.2656,0.0,0.0,0.9417475461959839,0.965352475643158,0.008939455263316631,0.01104719564318657,0.1462053507566452,0.012010261416435242,0.09759794920682907,0.19130907952785492,0.5946050882339478
3590,-17.0684,-19.1496,-36.218,-27.5938,-1.4375,0.0,0.0051,0.9724310636520386,0.9910199046134949,0.005091217812150717,0.007157809566706419,0.1759672611951828,0.015508395619690418,0.12119092047214508,0.18322449922561646,0.5755985975265503
3595,-16.8758,-19.0883,-35.9641,-27.9688,-1.0156,0.0,0.0177,0.9811320900917053,0.9879445433616638,0.0063241105526685715,0.009200730361044407,0.1834077388048172,0.01648009940981865,0.12896455824375153,0.19667288661003113,0.5534048676490784
3600,-16.7691,-18.8164,-35.5855,-28.1094,-0.9453,0.0,0.0253,0.9437751173973083,0.9835150241851807,0.01030348427593708,0.009000967256724834,0.2083333283662796,0.019356343895196915,0.14618314802646637,0.20747824013233185,0.5225046873092651
3605,-16.4336,-19.6727,-36.1063,-27.2891,-1.3672,0.0,0.0419,0.9741784334182739,0.9869565367698669,0.00803212821483612,0.00800000037997961,0.1607142835855484,0.016557835042476654,0.10727611929178238,0.20324160158634186,0.5684468150138855
3610,-17.6074,-17.3473,-34.9547,-27.7031,-1.1484,0.0,0.0672,0.9746543765068054,0.9913672208786011,0.01169346459209919,0.009675858542323112,0.2741815447807312,0.03373756259679794,0.1936022937297821,0.18613961338996887,0.48204290866851807
3615,-17.0371,-19.0293,-36.0664,-27.9766,-1.0469,0.0,0.0853,0.9750000238418579,0.9904334545135498,0.006172839552164078,0.009671848267316818,0.1781994104385376,0.01399253774434328,0.13001398742198944,0.18889924883842468,0.5626165866851807
3620,-15.7676,-20.7855,-36.5531,-27.2188,-2.7969,0.0,0.0839,0.9722222089767456,0.9909245371818542,0.004623044282197952,0.00803264882415533,0.1086309552192688,0.008395522832870483,0.0685245618224144,0.2185945212841034,0.6000077724456787
3625,-15.9863,-21.0559,-37.0422,-26.0078,-4.4219,0.0,0.0927,0.945652186870575,0.9685230255126953,0.003891807748004794,0.006554193329066038,0.0926339253783226,0.0071517410688102245,0.04815765097737312,0.19974346458911896,0.6404695510864258
3630,-16.0203,-21.3055,-37.3258,-24.6641,-8.1875,0.0,0.0716,0.9051724076271057,0.9843575358390808,0.004846526775509119,0.005445921327918768,0.071800597012043,0.004508706275373697,0.034787002950906754,0.1924751251935959,0.6637515425682068
3635,-16.8016,-19.4758,-36.2773,-27.4219,-1.9453,0.0,0.053,0.9537037014961243,0.9798125624656677,0.008448382839560509,0.00987918023020029,0.161086305975914,0.016791045665740967,0.10782027244567871,0.1886271834373474,0.5822839140892029
3640,-17.0691,-18.8598,-35.9289,-28.0547,-0.9844,0.0,0.0317,0.9455782175064087,0.9888857007026672,0.007380073890089989,0.009710104204714298,0.1912202388048172,0.017140857875347137,0.1363883763551712,0.18959887325763702,0.5523942708969116
3645,-16.6637,-19.3098,-35.9734,-26.2344,-2.0234,0.0,0.0,0.9636048674583435,0.9809173345565796,0.009737678803503513,0.009692605584859848,0.177827388048172,0.022426927462220192,0.11609919369220734,0.19558458030223846,0.5614116787910461
3650,-17.1836,-18.4047,-35.5883,-26.875,-1.5625,0.0,0.0,0.9817276000976562,0.9893912672996521,0.008399917744100094,0.009339609183371067,0.2150297611951828,0.023398632183670998,0.1538790464401245,0.18971548974514008,0.5285292267799377
3655,-16.7469,-20.6727,-37.4195,-25.1016,-7.5703,0.0,0.0114,0.914893627166748,0.9830116033554077,0.0030016163364052773,0.00555780716240406,0.0911458358168602,0.005480410531163216,0.05033426731824875,0.16833800077438354,0.671369731426239
3660,-15.1996,-22.259,-37.4586,-19.8125,-18.7109,0.0,0.0428,0.6363636255264282,0.9157894849777222,0.0017863522516563535,0.0018572257831692696,0.0517113097012043,0.0008550995262339711,0.007384950295090675,0.21758395433425903,0.6696983575820923
3665,-16.1012,-21.5234,-37.6246,-22.1484,-13.4766,0.0,0.0879,0.9264705777168274,0.9538187980651855,0.002754820976406336,0.0038439796771854162,0.0647321417927742,0.0026430347934365273,0.02188277430832386,0.18341884016990662,0.6875777244567871
3670,-16.8145,-19.7676,-36.582,-26.8984,-1.6797,0.0,0.1039,0.9442970752716064,0.985774040222168,0.004075503908097744,0.008327461779117584,0.1421130895614624,0.014653296209871769,0.09289489686489105,0.18120336532592773,0.6067708134651184
3675,-16.6332,-19.2289,-35.8621,-27.4609,-1.3047,0.0,0.1019,0.9657387733459473,0.991411030292511,0.008587785996496677,0.007176863495260477,0.181547611951828,0.018151430413126945,0.1267102062702179,0.20366916060447693,0.5469915866851807
3680,-16.7539,-19.5934,-36.3473,-27.1797,-1.8203,0.0,0.1222,0.9518348574638367,0.9885975122451782,0.006663890089839697,0.008503065444529057,0.154389888048172,0.016946516931056976,0.10226212441921234,0.18664489686489105,0.589668869972229
3685,-15.3281,-22.3348,-37.6629,-19.3125,-20.3203,0.0,0.1468,0.0,0.0,0.0003732736222445965,0.0,0.0476190485060215,0.0,0.0,0.2082556039094925,0.6872667670249939
3690,-16.0574,-21.9062,-37.9637,-20.2344,-18.8281,0.0,0.1859,0.3333333432674408,0.8354430198669434,0.000872790755238384,0.0016870747786015272,0.0509672611951828,0.00011660447489703074,0.003070584498345852,0.1781327724456787,0.7142024040222168
3695,-16.6211,-19.702,-36.323,-26.9844,-1.5547,0.0,0.2156,0.9623894095420837,0.9823251962661743,0.0060606058686971664,0.010734164156019688,0.1458333283662796,0.017568407580256462,0.0989583358168602,0.19239738583564758,0.58659827709198
3700,-17.2805,-18.607,-35.8875,-27.25,-1.3984,0.0,0.2403,0.9466437101364136,0.9872044324874878,0.010333691723644733,0.009283353574573994,0.2034970223903656,0.02258240059018135,0.1397310346364975,0.18054260313510895,0.5526663661003113
3705,-16.5848,-19.825,-36.4098,-28.4766,-0.9141,0.0,0.2481,0.9166666865348816,0.9881498217582703,0.006654922850430012,0.009610923007130623,0.1369047611951828,0.00886194035410881,0.10167910158634186,0.198577418923378,0.5864039063453674
3710,-16.2012,-20.7891,-36.9902,-26.7422,-3.7266,0.0,0.2701,0.9225806593894958,0.976713240146637,0.006987422704696655,0.008123129606246948,0.090773805975914,0.006024564616382122,0.058418843895196915,0.19469061493873596,0.63638836145401
3715,-16.6145,-19.8594,-36.4738,-28.1016,-1.0312,0.0,0.3093,0.9575289487838745,0.9868682622909546,0.007046506740152836,0.0077119143679738045,0.1398809552192688,0.010066852904856205,0.09767568111419678,0.19305814802646637,0.5947216749191284
3720,-16.5047,-19.827,-36.3316,-27.8125,-1.1641,0.0,0.3056,0.9468438625335693,0.9903920292854309,0.00408480828627944,0.00960256066173315,0.1409970223903656,0.011699316091835499,0.10113494843244553,0.19982120394706726,0.582866907119751
3725,-16.9348,-19.425,-36.3598,-27.0938,-1.5938,0.0,0.288,0.9696202278137207,0.990680992603302,0.006595744751393795,0.00897393561899662,0.1529017835855484,0.01535292249172926,0.10844216495752335,0.18268035352230072,0.5890469551086426
3730,-17.043,-19.4043,-36.4473,-27.3438,-1.6797,0.0,0.2718,0.9444444179534912,0.9773611426353455,0.007107473444193602,0.010940775275230408,0.1547619104385376,0.01189365703612566,0.10988028347492218,0.18046486377716064,0.5932835936546326
3735,-17.2074,-19.1035,-36.3109,-27.3594,-1.5547,0.0,0.2819,0.9606879353523254,0.9820320010185242,0.006626905407756567,0.00977068766951561,0.173735111951828,0.01581934094429016,0.1189754381775856,0.17595615983009338,0.584771454334259
3740,-16.4262,-20.032,-36.4582,-27.4062,-1.9062,0.0,0.3063,0.9377049207687378,0.9674378633499146,0.007468553259968758,0.0122771505266428,0.1313244104385376,0.011854788288474083,0.09071828424930573,0.1977611929178238,0.5951881408691406
3745,-16.7953,-19.4695,-36.2648,-28.0938,-1.0703,0.0,0.3367,0.9158576130867004,0.9869371056556702,0.006020469591021538,0.0081541882827878,0.1722470223903656,0.012010261416435242,0.11306747794151306,0.1936800330877304,0.5767646431922913
3750,-15.9723,-20.3738,-36.3461,-27.1484,-2.2109,0.0,0.3629,0.9255663156509399,0.9430704712867737,0.008312251418828964,0.015012620948255062,0.1294642835855484,0.012010261416435242,0.08329446613788605,0.2150963991880417,0.5851212739944458
3755,-16.9551,-19.6609,-36.616,-27.2188,-1.7188,0.0,0.3878,0.9495549201965332,0.9717855453491211,0.005919754505157471,0.010280313901603222,0.143601194024086,0.013098569586873055,0.0964319035410881,0.17727766931056976,0.60871422290802
3760,-16.282,-19.8914,-36.1734,-27.2578,-1.8516,0.0,0.3966,0.9293785095214844,0.9779969453811646,0.007039644289761782,0.009282009676098824,0.1506696492433548,0.013759328052401543,0.1024564653635025,0.2098103165626526,0.5694962739944458
3765,-16.3062,-21.2645,-37.5707,-24.4844,-9.5781,0.0,0.4169,0.8444444537162781,0.9033047556877136,0.0036669543478637934,0.007524797692894936,0.073288694024086,0.00174906721804291,0.03175528720021248,0.18019278347492218,0.6818252205848694
3770,-15.882,-21.3289,-37.2109,-24.2422,-9.1016,0.0,0.43,0.8725489974021912,0.9108079671859741,0.006213592365384102,0.012295812368392944,0.0662202388048172,0.003964552190154791,0.037041354924440384,0.20017102360725403,0.6543454527854919
3775,-15.0949,-20.9109,-36.0059,-26.6172,-3.0859,0.0,0.4481,0.8071625232696533,0.9042717218399048,0.017214640974998474,0.017989641055464745,0.126860111951828,0.014109142124652863,0.0755208358168602,0.25062188506126404,0.5552704930305481
3780,-16.5133,-18.5887,-35.102,-26.7109,-1.6797,0.0,0.4861,0.9437500238418579,0.9746676683425903,0.015568428672850132,0.014455181546509266,0.223586305975914,0.03109452687203884,0.15496735274791718,0.21470771729946136,0.49475279450416565
3785,-16.5328,-20.8898,-37.4227,-25.3125,-6.8203,0.0,0.5008,0.9078013896942139,0.9287622570991516,0.005369127728044987,0.008783080615103245,0.0822172611951828,0.005480410531163216,0.043648943305015564,0.1737406700849533,0.6726523637771606
3790,-16.1602,-20.2535,-36.4137,-26.25,-2.9062,0.0,0.5247,0.9434447288513184,0.9593380689620972,0.007772511802613735,0.011663718149065971,0.1328125,0.015119713731110096,0.08220615983009338,0.20502954721450806,0.5931670069694519
3795,-15.1059,-21.809,-36.9148,-23.7891,-9.2578,0.0,0.5533,0.8991596698760986,0.8802469372749329,0.005862646736204624,0.010841955430805683,0.0695684552192688,0.004625311121344566,0.03148321062326431,0.23204290866851807,0.6273709535598755
3800,-16.4121,-19.9465,-36.3586,-26.0781,-2.1719,0.0,0.5819,0.9530916810035706,0.9577950239181519,0.009962144307792187,0.01352593582123518,0.1316964328289032,0.01822916604578495,0.0902518630027771,0.19507929682731628,0.5919620394706726
3805,-16.6461,-19.4937,-36.1398,-27.1328,-1.5156,0.0,0.6054,0.9659367203712463,0.9775242209434509,0.008707698434591293,0.00967038981616497,0.1651785671710968,0.01597481407225132,0.11240671575069427,0.19640080630779266,0.5707400441169739
3810,-16.977,-18.9879,-35.9648,-28.0469,-1.0703,0.0,0.6282,0.9658384919166565,0.9574407339096069,0.008712871000170708,0.015034940093755722,0.1915922611951828,0.012515547685325146,0.136077418923378,0.1962842047214508,0.5506452322006226
3815,-16.5211,-20.0121,-36.5332,-27.5781,-1.8203,0.0,0.6398,0.9440000057220459,0.9514480233192444,0.006715386174619198,0.013654984533786774,0.134672611951828,0.00971703976392746,0.09126243740320206,0.19678948819637299,0.5977534055709839
3820,-15.3086,-21.7621,-37.0707,-23.5391,-10.0625,0.0,0.6457,0.7982456088066101,0.8413978219032288,0.008947368711233139,0.008858148008584976,0.078125,0.004430970177054405,0.028917910531163216,0.22154851257801056,0.640625
3825,-15.8719,-20.6133,-36.4852,-26.4141,-2.7422,0.0,0.6793,0.8721804618835449,0.880480170249939,0.00919250212609768,0.01887655071914196,0.1283482164144516,0.010338930413126945,0.07447139173746109,0.21564054489135742,0.5950714945793152
3830,-15.9023,-20.5113,-36.4137,-27.25,-2.2891,0.0,0.6964,0.828125,0.8783717751502991,0.008787661790847778,0.022018590942025185,0.1361607164144516,0.009950248524546623,0.07925217598676682,0.21672885119915009,0.5895910859107971
3835,-15.9258,-19.8363,-35.7621,-27.5078,-1.5156,0.0,0.7184,0.9197397232055664,0.9605945348739624,0.009897611103951931,0.011861709877848625,0.1707589328289032,0.017918221652507782,0.11244558542966843,0.22776740789413452,0.537391185760498
3840,-16.1559,-20.9219,-37.0777,-25.5469,-5.1328,0.0,0.7189,0.8900523781776428,0.8753822445869446,0.007062146905809641,0.013626771047711372,0.0963541641831398,0.007423818577080965,0.05083955079317093,0.1926306039094925,0.6446284055709839
3845,-16.248,-20.5312,-36.7793,-27.4219,-1.875,0.0,0.7592,0.918181836605072,0.9242339730262756,0.008284023962914944,0.012347226962447166,0.120163694024086,0.008550995029509068,0.06976834684610367,0.19706156849861145,0.6201415061950684
3850,-16.2578,-20.7602,-37.018,-27.6406,-2.6094,0.0,0.7649,0.9202898740768433,0.894568681716919,0.0044247787445783615,0.008799267001450062,0.1231398805975914,0.005363806150853634,0.06082867085933685,0.19325248897075653,0.6360774040222168
3855,-17.0195,-19.7957,-36.8152,-28.2891,-1.1719,0.0,0.7764,0.9894179701805115,0.9497277140617371,0.004850088153034449,0.010296333581209183,0.1413690447807312,0.007346082013100386,0.0927782952785492,0.17630596458911896,0.6190920472145081
3860,-16.9375,-19.682,-36.6195,-27.9531,-1.2812,0.0,0.7515,0.9548872113227844,0.9290196299552917,0.007972420193254948,0.010395944118499756,0.171875,0.010338930413126945,0.09911380708217621,0.18038712441921234,0.6056825518608093
3865,-15.6289,-20.5625,-36.1914,-27.1406,-2.3672,0.0,0.6995,0.859375,0.7864559888839722,0.01319305319339037,0.023866675794124603,0.189360111951828,0.009950248524546623,0.08609297126531601,0.2327425330877304,0.56673663854599
3870,-15.6695,-21.1703,-36.8398,-25.6328,-5.8984,0.0,0.7541,0.7746478915214539,0.7239031791687012,0.011109120212495327,0.024695217609405518,0.112351194024086,0.005519278813153505,0.05138370767235756,0.21692319214344025,0.6216962337493896
3875,-16.9895,-19.3449,-36.3344,-27.6328,-2.1328,0.0,0.7894,0.8939929604530334,0.8519256114959717,0.013886010274291039,0.026541555300354958,0.198288694024086,0.010999688878655434,0.11707089841365814,0.18753886222839355,0.5799129605293274
3880,-15.5789,-21.641,-37.2199,-23.875,-10.1172,0.0,0.8043,0.6268656849861145,0.6092715263366699,0.008331790566444397,0.01855265535414219,0.0896577388048172,0.0026041667442768812,0.02934546023607254,0.20992693305015564,0.6536458134651184
3885,-15.5727,-22.1609,-37.7336,-19.9219,-19.2656,0.0,0.8399,0.0,0.13750000298023224,0.0007858546450734138,0.003077784087508917,0.0550595223903656,0.0,0.0031094527803361416,0.1978389322757721,0.6945739984512329
3890,-15.7344,-22.107,-37.8414,-19.6172,-19.875,0.0,0.8923,0.0,0.0,0.00020283975754864514,0.0021025838796049356,0.0494791679084301,0.0,0.0014381218934431672,0.19162002205848694,0.70246422290802
3895,-16.6785,-19.9879,-36.6664,-27.8984,-1.8359,0.0,0.9326,0.8871794939041138,0.8595963716506958,0.007769372314214706,0.02630399912595749,0.1335565447807312,0.0075792912393808365,0.09052394330501556,0.1901041716337204,0.6073150038719177
3900,-16.2398,-20.741,-36.9809,-27.1172,-3.7266,0.0,0.9499,0.7878788113594055,0.7101096510887146,0.01106500718742609,0.02789752371609211,0.118675597012043,0.003847947809845209,0.06382151693105698,0.19671174883842468,0.631141185760498
3905,-15.6762,-21.6574,-37.3336,-22.6562,-12.9766,0.0,0.9783,0.6538461446762085,0.5477527976036072,0.007380771916359663,0.018126176670193672,0.081101194024086,0.002021144377067685,0.027674129232764244,0.20537935197353363,0.6604477763175964
3910,-15.423,-22.1578,-37.5809,-20.625,-17.8125,0.0,1.0023,0.6153846383094788,0.41237112879753113,0.0014967259485274553,0.005489478353410959,0.0591517873108387,0.0005052860942669213,0.007540422957390547,0.20775030553340912,0.6797263622283936
3915,-15.768,-22.0738,-37.8418,-20.0,-19.3906,0.0,1.0414,0.0,0.0,0.0010158471995964646,0.0028215767815709114,0.0535714291036129,0.00011660447489703074,0.0015547263901680708,0.19130907952785492,0.7025420069694519
3920,-15.9398,-21.8426,-37.7824,-21.2422,-16.2266,0.0,1.0742,0.4166666567325592,0.4068441092967987,0.003748438088223338,0.007014418486505747,0.0714285746216774,0.00046641789958812296,0.010222326032817364,0.18664489686489105,0.6981887221336365
3925,-16.1098,-21.0352,-37.1449,-26.3672,-4.7578,0.0,1.0855,0.8981481194496155,0.7444267272949219,0.0064986213110387325,0.019339678809046745,0.1097470223903656,0.004197761416435242,0.04881840944290161,0.19737251102924347,0.6451337337493896
3930,-16.4535,-20.3887,-36.8422,-27.3984,-2.6719,0.0,1.1098,0.849056601524353,0.794407069683075,0.009908999316394329,0.024804748594760895,0.1398809552192688,0.0061800372786819935,0.07505441457033157,0.19220304489135742,0.62208491563797
3935,-16.4945,-20.1391,-36.6336,-26.6875,-3.0859,0.0,1.1259,0.836448609828949,0.7933774590492249,0.010540970601141453,0.028262408450245857,0.1540178507566452,0.008317786268889904,0.08803638070821762,0.19542910158634186,0.6037391424179077
3940,-15.8965,-21.0023,-36.8988,-26.5312,-5.0625,0.0,1.1487,0.7604166865348816,0.6713709831237793,0.010001852177083492,0.029768947511911392,0.1171875,0.0037313431967049837,0.05783582106232643,0.20984919369220734,0.6241060495376587
3945,-15.8715,-21.5562,-37.4277,-24.0625,-10.5156,0.0,1.1805,0.782608687877655,0.5803698301315308,0.005756252445280552,0.01762012392282486,0.081101194024086,0.0017879352672025561,0.027324315160512924,0.19581778347492218,0.6705923676490784
3950,-16.6211,-19.9738,-36.5949,-26.8594,-2.6719,0.0,1.2057,0.8148148059844971,0.8570806384086609,0.009312913753092289,0.024654200300574303,0.1551339328289032,0.01154384296387434,0.08920242637395859,0.18781094253063202,0.606965184211731
3955,-16.8707,-19.3316,-36.2023,-27.2656,-2.2812,0.0,1.2164,0.9093655347824097,0.9014038443565369,0.008664114400744438,0.024518150836229324,0.1763392835855484,0.012865360826253891,0.11905317008495331,0.19290266931056976,0.5707011818885803
3960,-16.9555,-18.384,-35.3395,-27.8672,-1.2656,0.0,1.2305,0.8602620363235474,0.9319601655006409,0.009749815799295902,0.028070176020264626,0.2418154776096344,0.017801616340875626,0.16794931888580322,0.21128731966018677,0.49848413467407227
3965,-15.723,-21.2777,-37.0008,-26.8438,-4.5078,0.0,1.2585,0.7857142686843872,0.8450819849967957,0.0032864706590771675,0.014441099017858505,0.0959821417927742,0.002720771124586463,0.04741915315389633,0.2128809094429016,0.6325015425682068
3970,-16.1586,-21.6547,-37.8133,-22.2109,-14.4297,0.0,1.2752,0.739130437374115,0.8117977380752563,0.0015207473188638687,0.004817809443920851,0.0677083358168602,0.0008939676336012781,0.013837064616382122,0.17891013622283936,0.7018812298774719
3975,-16.1133,-21.9305,-38.0438,-19.7578,-19.875,0.0,1.2966,0.0,0.0,0.0004461298231035471,0.0007550019072368741,0.0498511902987957,3.886815829901025e-05,0.0005052860942669213,0.1742459535598755,0.7207322716712952
3980,-16.741,-20.0738,-36.8148,-26.8125,-2.3672,0.0,1.3005,0.8741007447242737,0.8854668140411377,0.01103896088898182,0.015500498004257679,0.1488095223903656,0.010805347934365273,0.08076803386211395,0.17957089841365814,0.6243780851364136
3985,-17.0906,-19.2961,-36.3867,-27.2891,-1.6953,0.0,1.3308,0.8962025046348572,0.951194167137146,0.007922534830868244,0.014396528713405132,0.1692708283662796,0.01535292249172926,0.11229011416435242,0.17661692202091217,0.5912624597549438
3990,-16.9426,-19.1504,-36.093,-26.2578,-2.3047,0.0,1.3395,0.9194915294647217,0.942148745059967,0.007910074666142464,0.015597209334373474,0.1945684552192688,0.018345771357417107,0.12227922677993774,0.18672263622283936,0.5681747794151306
3995,-17.4434,-18.8449,-36.2883,-27.9688,-1.3438,0.0,1.3476,0.8980262875556946,0.9473374485969543,0.005381166003644466,0.015325670130550861,0.1994047611951828,0.01181592047214508,0.13211287558078766,0.17335198819637299,0.5782415866851807
4000,-17.0152,-19.6531,-36.6684,-27.4766,-2.3047,0.0,1.3572,0.8785424828529358,0.9080188870429993,0.007757092360407114,0.01899980939924717,0.1510416716337204,0.009600435383617878,0.0988805964589119,0.1753731369972229,0.6116682291030884
4005,-16.3785,-20.0512,-36.4297,-26.3672,-2.6953,0.0,1.382,0.89552241563797,0.8758002519607544,0.009161793626844883,0.018907563760876656,0.1651785671710968,0.013020833022892475,0.0910680964589119,0.19939365983009338,0.5920398235321045
4010,-17.0863,-19.3176,-36.4039,-27.5,-1.5078,0.0,1.397,0.9611940383911133,0.9646291136741638,0.004762935917824507,0.009885329753160477,0.1770833283662796,0.013020833022892475,0.11318407952785492,0.1795320212841034,0.5897854566574097
4015,-16.2758,-20.7746,-37.0504,-27.0312,-3.9922,0.0,1.404,0.7983193397521973,0.910179615020752,0.003611556952819228,0.011500547640025616,0.1168154776096344,0.004625311121344566,0.058418843895196915,0.19371891021728516,0.6387593150138855
4020,-15.9969,-21.8516,-37.8484,-21.0234,-16.9922,0.0,1.4302,0.5384615659713745,0.5841584205627441,0.0017075773794203997,0.004520396701991558,0.0628720223903656,0.0005052860942669213,0.007851367816329002,0.18209733068943024,0.7050684094429016
4025,-15.6406,-21.2984,-36.9391,-25.2734,-7.3203,0.0,1.4314,0.8166666626930237,0.8831932544708252,0.005224283784627914,0.011867235414683819,0.0974702388048172,0.004664178937673569,0.04625311121344566,0.21575714647769928,0.6288479566574097
4030,-15.7715,-21.3051,-37.0766,-26.5547,-4.2656,0.0,1.4528,0.8461538553237915,0.9200726747512817,0.003572771791368723,0.008899921551346779,0.0900297611951828,0.00404228875413537,0.042793843895196915,0.2067008763551712,0.6419853568077087
4035,-16.3074,-20.8461,-37.1535,-27.5938,-2.3984,0.0,1.4807,0.9137930870056152,0.9158200025558472,0.0036976169794797897,0.010193068534135818,0.1037946417927742,0.004508706275373697,0.053560324013233185,0.1892102062702179,0.6482431888580322
4040,-16.2613,-20.9629,-37.2242,-27.9844,-2.4375,0.0,1.511,0.9253731369972229,0.9543696641921997,0.002444489626213908,0.005843420047312975,0.100074402987957,0.0026041667442768812,0.050256531685590744,0.19080379605293274,0.6518579125404358
4045,-16.0574,-21.5676,-37.625,-22.7188,-11.8672,0.0,1.5135,0.7910447716712952,0.8448275923728943,0.0039907582104206085,0.006048615090548992,0.073288694024086,0.0026041667442768812,0.02028917893767357,0.1850513070821762,0.6875777244567871
4050,-15.5023,-22.1363,-37.6387,-20.4922,-18.0312,0.0,1.5451,0.7142857313156128,0.551948070526123,0.0005728470277972519,0.004082790110260248,0.0558035708963871,0.0005441542016342282,0.005985696334391832,0.20355254411697388,0.6854400038719177
4055,-16.4262,-20.6754,-37.1016,-27.0938,-2.7422,0.0,1.579,0.9562841653823853,0.9457468390464783,0.004827875643968582,0.005662650801241398,0.1194196417927742,0.007112873252481222,0.05803016200661659,0.18516790866851807,0.6452114582061768
4060,-15.7895,-21.3395,-37.1289,-26.6172,-4.2812,0.0,1.5762,0.8365384340286255,0.9433237314224243,0.0018853695364668965,0.0061479113064706326,0.0944940447807312,0.00404228875413537,0.04046175256371498,0.20615671575069427,0.64486163854599
4065,-15.3785,-22.0465,-37.425,-21.4922,-14.9297,0.0,1.5652,0.7333333492279053,0.7105262875556946,0.0023958717938512564,0.00528240529820323,0.0740327388048172,0.00174906721804291,0.013292910531163216,0.21089863777160645,0.6695817708969116
4070,-16.8234,-19.8352,-36.6586,-27.3047,-1.9453,0.0,1.5716,0.9127272963523865,0.930918276309967,0.004494863096624613,0.011769196949899197,0.1685267835855484,0.01068874355405569,0.09227301180362701,0.18159204721450806,0.6109685897827148
4075,-16.8945,-19.5289,-36.4234,-27.9453,-1.0391,0.0,1.5393,0.9261992573738098,0.9435915946960449,0.004152823705226183,0.011153643019497395,0.185639888048172,0.010533271357417107,0.10886971652507782,0.18718905746936798,0.5889303684234619
4080,-16.1305,-20.1945,-36.325,-27.25,-2.0781,0.0,1.537,0.851590096950531,0.9087452292442322,0.006605504546314478,0.012650602497160435,0.1789434552192688,0.010999688878655434,0.09200093150138855,0.2118314653635025,0.580690324306488
4085,-15.6621,-21.0527,-36.7148,-26.7734,-3.5469,0.0,1.5439,0.8058823347091675,0.8791722059249878,0.0044412859715521336,0.012259417213499546,0.1343005895614624,0.006607586983591318,0.058224502950906754,0.21878886222839355,0.6119014024734497
4090,-15.8082,-20.6234,-36.4316,-27.9375,-1.6172,0.0,1.5038,0.8883495330810547,0.9589312076568604,0.0026329646352678537,0.007872452959418297,0.143601194024086,0.008006840944290161,0.07855255156755447,0.2214318960905075,0.5875310897827148
4095,-16.5539,-19.5012,-36.0551,-26.8906,-1.6484,0.0,1.4977,0.9291498064994812,0.9726832509040833,0.0068359375,0.006742809899151325,0.1915922611951828,0.019200870767235756,0.11240671575069427,0.19900497794151306,0.564909815788269
4100,-16.5211,-20.6086,-37.1297,-28.0859,-1.625,0.0,1.4908,0.811965823173523,0.9473031759262085,0.003149275667965412,0.006587296724319458,0.115699402987957,0.004547574557363987,0.06269434094429016,0.1851290464401245,0.6431514024734497
4105,-17.018,-19.5984,-36.6164,-28.0781,-1.0078,0.0,1.5048,0.8745387196540833,0.971933901309967,0.003272965317592025,0.008213025517761707,0.1674107164144516,0.010533271357417107,0.10109607875347137,0.1781327724456787,0.6057602763175964
4110,-17.3199,-18.0734,-35.3934,-27.7578,-1.1562,0.0,1.5276,0.9209622144699097,0.9859505891799927,0.005842062644660473,0.008026909083127975,0.253720223903656,0.022621268406510353,0.17152518033981323,0.1929415464401245,0.5084344148635864
4115,-15.7277,-21.2684,-36.9961,-26.3047,-4.9531,0.0,1.5437,0.8559321761131287,0.9649999737739563,0.00275128404609859,0.003749231807887554,0.1019345223903656,0.004586442839354277,0.04664178937673569,0.2119092047214508,0.6323849558830261
4120,-16.0707,-20.1219,-36.1926,-27.3984,-1.3359,0.0,1.5083,0.8982558250427246,0.978663444519043,0.0028689259197562933,0.0046463957987725735,0.167038694024086,0.013370647095143795,0.09654850512742996,0.21676772832870483,0.5688354969024658
4125,-16.2918,-19.2859,-35.5777,-27.1875,-1.5,0.0,1.4995,0.9154929518699646,0.9731743931770325,0.005509152077138424,0.007042253389954567,0.2232142835855484,0.02207711525261402,0.13040266931056976,0.21871113777160645,0.5243314504623413
4130,-17.3988,-18.1125,-35.5113,-28.0469,-0.9766,0.0,1.4663,0.9152854681015015,0.9781357645988464,0.004524887073785067,0.006922498345375061,0.2633928656578064,0.021105410531163216,0.16888214647769928,0.18897698819637299,0.5165578126907349
4135,-17.1172,-18.8516,-35.9688,-28.6328,-0.8359,0.0,1.4347,0.8709677457809448,0.9710341095924377,0.004592651966959238,0.00803755596280098,0.2165178507566452,0.01084421668201685,0.14357897639274597,0.1946517378091812,0.5464474558830261
4140,-16.9355,-19.7516,-36.6871,-28.0625,-0.9922,0.0,1.4376,0.9172932505607605,0.9938725233078003,0.0034942126367241144,0.004064266104251146,0.1525297611951828,0.010338930413126945,0.09514925628900528,0.1779772937297821,0.6120569109916687
4145,-16.7965,-19.609,-36.4055,-27.4375,-1.2812,0.0,1.3795,0.9470751881599426,0.9769001603126526,0.0028913673013448715,0.005674694664776325,0.173735111951828,0.013953668996691704,0.10432214289903641,0.18819962441921234,0.5890469551086426
4150,-17.3961,-18.3148,-35.7109,-27.2812,-1.3594,0.0,1.3639,0.9584569931030273,0.9869062900543213,0.004984828643500805,0.00432994170114398,0.2429315447807312,0.02619713917374611,0.15139147639274597,0.17933768033981323,0.5385960936546326
4155,-17.3699,-18.2055,-35.5754,-27.8281,-1.0859,0.0,1.3319,0.9683859944343567,0.9862815737724304,0.006116853095591068,0.005759432911872864,0.2410714328289032,0.023359764367341995,0.16149720549583435,0.18427394330501556,0.5263915061950684
4160,-16.4969,-20.4016,-36.8984,-28.0547,-1.0547,0.0,1.2781,0.9069767594337463,0.9792993664741516,0.0024600245524197817,0.002607723930850625,0.1402529776096344,0.0066853235475718975,0.07322761416435242,0.18959887325763702,0.6260105967521667
4165,-15.9949,-21.4758,-37.4707,-23.7422,-10.8984,0.0,1.346,0.4912280738353729,0.8384925723075867,0.003663749201223254,0.00605990644544363,0.0941220223903656,0.0022154850885272026,0.028879042714834213,0.19095925986766815,0.6734685897827148
4170,-17.4281,-17.2887,-34.7168,-28.0234,-1.0,0.0,1.2674,0.8592342138290405,0.970458447933197,0.013412228785455227,0.017861656844615936,0.3154761791229248,0.03451492637395859,0.20261971652507782,0.19706156849861145,0.4613261818885803
4175,-18.2262,-16.773,-34.9992,-28.0938,-0.9531,0.0,1.2247,0.9399441480636597,0.9801785945892334,0.005412719678133726,0.0074857608415186405,0.324032723903656,0.027829602360725403,0.21766169369220734,0.17234142124652863,0.4776896834373474
4180,-17.5449,-18.0008,-35.5457,-28.75,-0.625,0.0,1.1581,0.8179551362991333,0.9730203747749329,0.005521472543478012,0.007960576564073563,0.2749255895614624,0.015586132183670998,0.17719994485378265,0.19006529450416565,0.5126709938049316
4185,-17.2844,-18.0273,-35.3117,-28.2578,-0.8828,0.0,1.1344,0.8788819909095764,0.9767546057701111,0.006417970173060894,0.007421150337904692,0.2782738208770752,0.02503109537065029,0.17389614880084991,0.19379663467407227,0.5027984976768494
4190,-15.1016,-21.5762,-36.6777,-25.8984,-5.3438,0.0,1.1398,0.6726190447807312,0.8844178318977356,0.0052753048948943615,0.007417828310281038,0.1205357164144516,0.006529850885272026,0.045398011803627014,0.23577424883842468,0.6078202724456787
4195,-16.7516,-18.6582,-35.4098,-26.8906,-1.7422,0.0,1.1333,0.8921874761581421,0.960739016532898,0.009386146441102028,0.012067395262420177,0.2477678507566452,0.024875622242689133,0.15146921575069427,0.20705068111419678,0.5121268630027771
4200,-17.2949,-17.9641,-35.259,-28.2344,-0.8828,0.0,1.1344,0.9094412326812744,0.9877498149871826,0.008094045333564281,0.00843915157020092,0.2581845223903656,0.02017257548868656,0.18085354566574097,0.20168687403202057,0.49280938506126404
4205,-15.8445,-21.7754,-37.6199,-22.25,-14.0,0.0,1.1475,0.6666666865348816,0.8417266011238098,0.0022092789877206087,0.0035785287618637085,0.071800597012043,0.001515858224593103,0.016208022832870483,0.193524569272995,0.6842739582061768
4210,-16.6805,-19.1309,-35.8113,-27.3359,-1.3438,0.0,1.1039,0.9515828490257263,0.9804863333702087,0.006199147552251816,0.004282655194401741,0.213913694024086,0.020872201770544052,0.1294698417186737,0.20063744485378265,0.5445429086685181
4215,-16.4246,-20.3949,-36.8195,-27.4609,-1.8906,0.0,1.1497,0.9529914259910583,0.966274082660675,0.0028612304013222456,0.008912433870136738,0.1190476194024086,0.009095149114727974,0.07260572165250778,0.1901818960905075,0.6236396431922913
4220,-15.9832,-21.0258,-37.009,-26.1016,-4.1406,0.0,1.1348,0.9893048405647278,0.9892884492874146,0.0030989735387265682,0.00079350546002388,0.110863097012043,0.007268345914781094,0.050800684839487076,0.2006763070821762,0.6367770433425903
4225,-15.927,-20.3309,-36.2578,-27.3047,-2.0156,0.0,1.1437,0.9621450901031494,0.9986864924430847,0.0021443888545036316,0.0026948729064315557,0.1491815447807312,0.012321206741034985,0.08877487480640411,0.21750621497631073,0.5769200921058655
4230,-17.3887,-18.5699,-35.9586,-27.0,-1.5,0.0,1.1533,0.9777365326881409,0.9928414225578308,0.003336298977956176,0.005774716380983591,0.2105654776096344,0.020949937403202057,0.14116916060447693,0.17475123703479767,0.5586520433425903
4235,-16.3785,-20.4566,-36.8352,-26.7266,-3.0547,0.0,1.1809,0.9644444584846497,0.9989004731178284,0.0024096386041492224,0.003558940952643752,0.125,0.008745335973799229,0.07070118188858032,0.19356343150138855,0.6225124597549438
4240,-16.2367,-20.3758,-36.6125,-27.3047,-1.3594,0.0,1.1816,0.9543973803520203,0.9984886646270752,0.0017571260686963797,0.002303852466866374,0.140625,0.011932524852454662,0.0771532952785492,0.19908271729946136,0.6073538661003113
4245,-16.491,-20.9465,-37.4375,-26.6406,-4.8906,0.0,1.2039,0.8352941274642944,0.9838709831237793,0.0019850023090839386,0.0038139265961945057,0.0978422611951828,0.003303793491795659,0.0433768667280674,0.17622824013233185,0.6726135015487671
4250,-16.8367,-20.1672,-37.0039,-27.9453,-1.0859,0.0,1.187,0.9751243591308594,0.9959204196929932,0.0011125946184620261,0.0018310546875,0.1331845223903656,0.0078125,0.07622046023607254,0.17467351257801056,0.6368159055709839
4255,-17.6672,-18.3316,-35.9988,-27.8906,-1.0547,0.0,1.194,0.9767441749572754,0.9919813871383667,0.002978235948830843,0.0036272320430725813,0.224702388048172,0.01838463917374611,0.15026430785655975,0.16965951025485992,0.5572139024734497
4260,-16.5164,-21.2672,-37.7836,-23.5703,-11.6406,0.0,1.1809,0.9230769276618958,0.9778761267662048,0.0004621072148438543,0.0013892748393118382,0.0788690447807312,0.001515858224593103,0.026352612301707268,0.1682213991880417,0.6994325518608093
4265,-16.5012,-20.6426,-37.1438,-27.2656,-2.75,0.0,1.2079,0.9766082167625427,0.9914134740829468,0.001290045096538961,0.002813697326928377,0.1101190447807312,0.006646455265581608,0.05884639173746109,0.18077580630779266,0.6492537260055542
4270,-16.0672,-20.334,-36.4012,-27.9688,-1.3906,0.0,1.2375,0.9556451439857483,0.9884083867073059,0.0023774688597768545,0.0044426764361560345,0.1413690447807312,0.00963930319994688,0.08718127757310867,0.21253108978271484,0.5861707329750061
4275,-17.3148,-17.8633,-35.1781,-27.625,-1.1875,0.0,1.2414,0.9825673699378967,0.9970200061798096,0.004345249850302935,0.0026091081090271473,0.2630208432674408,0.024525808170437813,0.18260261416435242,0.19678948819637299,0.4916044771671295
4280,-16.5824,-19.45,-36.0324,-26.2188,-1.8906,0.0,1.2396,0.9741007089614868,0.9931308627128601,0.0026417395565658808,0.0028653296176344156,0.1875,0.027013370767235756,0.10750932991504669,0.19127021729946136,0.5697295069694519
4285,-17.2094,-18.2711,-35.4805,-27.4219,-1.2891,0.0,1.2463,0.9715189933776855,0.9932268857955933,0.003642250085249543,0.006000600289553404,0.2388392835855484,0.024564675986766815,0.16068096458911896,0.19208644330501556,0.518190324306488
4290,-16.9922,-18.1664,-35.1586,-27.125,-1.4375,0.0,1.2564,0.9753810167312622,0.9967058897018433,0.0031231699977070093,0.004292180296033621,0.2548363208770752,0.03315453976392746,0.1651896834373474,0.19912157952785492,0.4980565905570984
4295,-16.607,-20.5574,-37.1645,-27.8672,-2.0625,0.0,1.2667,0.9756097793579102,0.9856250286102295,0.001516135991550982,0.0031736528035253286,0.1171875,0.004780783783644438,0.06218905374407768,0.17945429682731628,0.64909827709198
4300,-16.0867,-21.2313,-37.318,-24.9219,-7.6719,0.0,1.2262,0.9760000109672546,1.0,0.0004081632650922984,0.001936506130732596,0.087425597012043,0.00485851988196373,0.03785758838057518,0.19045397639274597,0.6623523235321045
4305,-16.5684,-19.3762,-35.9445,-27.5859,-1.2422,0.0,1.2306,0.9602649211883545,0.9903537034988403,0.005930744111537933,0.005052631720900536,0.1871279776096344,0.017607275396585464,0.12087997794151306,0.20316386222839355,0.5538712739944458
4310,-16.8957,-19.9449,-36.8406,-27.4922,-2.3672,0.0,1.2535,0.9354838728904724,0.990720272064209,0.0010897994507104158,0.00449915649369359,0.140625,0.007229477632790804,0.08795864135026932,0.17832711338996887,0.6220071315765381
4315,-15.2332,-21.5859,-36.8191,-24.7266,-7.3828,0.0,1.2727,0.9235293865203857,0.984329104423523,0.001872978056780994,0.003880821168422699,0.0944940447807312,0.006607586983591318,0.03968438878655434,0.2282727062702179,0.6209577322006226
4320,-16.3828,-20.3953,-36.7781,-27.6328,-1.3594,0.0,1.2787,0.9790794849395752,0.9852320551872253,0.0032115615904331207,0.004835772328078747,0.1283482164144516,0.009289490059018135,0.07369402796030045,0.19364117085933685,0.6188976764678955
4325,-15.9598,-22.0172,-37.977,-19.5078,-20.1875,0.0,1.3064,0.0,1.0,0.0,0.0001631143968552351,0.0476190485060215,3.886815829901025e-05,7.77363165980205e-05,0.18054260313510895,0.7148631811141968
4330,-16.859,-19.8098,-36.6688,-27.9062,-1.375,0.0,1.3076,0.978723406791687,0.9950535893440247,0.0012760527897626162,0.0049754418432712555,0.1506696492433548,0.009134017862379551,0.09429415315389633,0.18275807797908783,0.6093361377716064
4335,-17.7133,-17.548,-35.2613,-27.5781,-1.2109,0.0,1.2745,0.9928057789802551,0.9946374893188477,0.0026637068949639797,0.0039880359545350075,0.2734375,0.03241604566574097,0.18120336532592773,0.17510105669498444,0.5068019032478333
4340,-16.9164,-18.6801,-35.5965,-27.6875,-1.1562,0.0,1.233,0.9514018893241882,0.9905808568000793,0.005417956504970789,0.006881243083626032,0.221726194024086,0.020794464275240898,0.14855410158634186,0.20087064802646637,0.5253031849861145
4345,-16.8691,-19.3418,-36.2109,-26.6641,-1.8203,0.0,1.22,0.9758241772651672,0.9822948575019836,0.0016563147073611617,0.004656498786062002,0.192336305975914,0.01768501289188862,0.11415578424930573,0.18773320317268372,0.5759483575820923
4350,-16.4297,-20.6707,-37.1004,-28.1719,-1.3359,0.0,1.2063,0.9230769276618958,0.962772786617279,0.0023055963683873415,0.004282009322196245,0.122023805975914,0.005052860826253891,0.06055659055709839,0.18543998897075653,0.6444729566574097
4355,-18.1035,-16.0047,-34.1082,-26.9141,-3.0312,0.0,1.138,0.9490908980369568,0.984000027179718,0.007441091351211071,0.006319562438875437,0.3802083432674408,0.04275497421622276,0.25264304876327515,0.18804416060447693,0.41208022832870483
4360,-15.8727,-21.6254,-37.498,-23.6562,-11.2812,0.0,1.1252,0.8409090638160706,0.8782467246055603,0.0013955342583358288,0.003973738756030798,0.0825892835855484,0.0017101990524679422,0.02394278533756733,0.19496268033981323,0.6749067306518555
4365,-16.7359,-19.4113,-36.1473,-27.2656,-1.4375,0.0,1.1597,0.9320388436317444,0.9683501720428467,0.003160181688144803,0.00829051062464714,0.1938244104385376,0.016013681888580322,0.11543843150138855,0.19678948819637299,0.5672807693481445
4370,-16.1918,-20.6461,-36.8379,-27.5234,-2.375,0.0,1.0917,0.8660287261009216,0.9678174257278442,0.004124116152524948,0.004741110373288393,0.1276041716337204,0.008123445324599743,0.06642568111419678,0.1979166716337204,0.6230565905570984
4375,-17.5504,-18.3109,-35.8613,-28.2969,-0.8516,0.0,1.1369,0.954407274723053,0.9853694438934326,0.004033113829791546,0.0074825529009103775,0.2317708283662796,0.012787624262273312,0.15939831733703613,0.1831078976392746,0.540228545665741
4380,-15.6867,-21.7066,-37.3934,-22.8125,-11.75,0.0,1.1138,0.8695651888847351,0.9810996651649475,0.0013500482309609652,0.0025609685108065605,0.0721726194024086,0.0035758705344051123,0.022621268406510353,0.20153141021728516,0.667793869972229
4385,-18.3547,-16.7527,-35.1074,-28.4844,-0.7578,0.0,1.1041,0.9673539400100708,0.9923920631408691,0.002691789995878935,0.0055069648660719395,0.3058035671710968,0.022621268406510353,0.21968284249305725,0.17327424883842468,0.47994402050971985
4390,-15.3438,-20.9008,-36.2445,-25.3047,-3.9531,0.0,1.0797,0.9665178656578064,0.9941176176071167,0.0031911320984363556,0.005087696015834808,0.1287202388048172,0.017412934452295303,0.0660758689045906,0.23142102360725403,0.5806125402450562
4395,-15.9535,-20.0914,-36.0449,-26.9062,-1.7812,0.0,1.0626,0.9466437101364136,0.988964319229126,0.006699257530272007,0.005692729726433754,0.158110111951828,0.02258240059018135,0.09157337993383408,0.21466884016990662,0.5666977763175964
4400,-16.568,-19.5762,-36.1441,-26.6562,-1.6719,0.0,1.0551,0.9750000238418579,0.9967811107635498,0.0029797377064824104,0.0014256619615480304,0.1819196492433548,0.018656715750694275,0.10867537558078766,0.19566231966018677,0.5725280046463013
4405,-17.5309,-18.7777,-36.3086,-28.3438,-0.8281,0.0,1.0121,0.9616519212722778,0.9906432628631592,0.002513136947527528,0.002750939456745982,0.2064732164144516,0.013176306150853634,0.13292910158634186,0.17012593150138855,0.579291045665741
4410,-16.0309,-19.032,-35.0629,-26.7969,-1.6016,0.0,0.9715,0.967379093170166,0.9977833032608032,0.004073319956660271,0.004743082914501429,0.231398805975914,0.03455379232764244,0.14027518033981323,0.2290111929178238,0.4916822016239166
4415,-17.6,-17.8074,-35.4074,-28.0625,-0.9688,0.0,0.9538,0.9745402932167053,0.9946523904800415,0.0039028620813041925,0.0037784327287226915,0.2593005895614624,0.027479788288474083,0.17444029450416565,0.17925995588302612,0.5143423676490784
4420,-17.0992,-18.6941,-35.7934,-27.7344,-1.1328,0.0,0.9238,0.9639999866485596,0.9956919550895691,0.0038267874624580145,0.0027415049262344837,0.2213541716337204,0.01943407952785492,0.14435634016990662,0.19298040866851807,0.5387515425682068
4425,-15.9195,-20.3363,-36.2559,-26.2578,-2.6328,0.0,0.9104,0.9601873755455017,0.9986213445663452,0.002361489459872246,0.0026118403766304255,0.1491815447807312,0.016596704721450806,0.08457711338996887,0.21396921575069427,0.5803793668746948
4430,-16.4961,-19.5266,-36.0227,-27.8359,-1.1172,0.0,0.8687,0.9708520174026489,0.9932157397270203,0.0024681983049958944,0.003616384929046035,0.1860119104385376,0.0173351988196373,0.1145833358168602,0.20471858978271484,0.5588852763175964
4435,-17.0977,-17.7469,-34.8445,-27.5547,-1.2578,0.0,0.8682,0.9896670579910278,0.9989594221115112,0.0022792022209614515,0.002066286513581872,0.279389888048172,0.0338541679084301,0.1867614984512329,0.20464086532592773,0.47026586532592773
4440,-16.5059,-20.3895,-36.8953,-25.7031,-3.5547,0.0,0.8834,0.9882698059082031,0.9982598423957825,0.0017171066720038652,0.0028193185571581125,0.1238839253783226,0.013254042714834213,0.06700870394706726,0.18108674883842468,0.6341728568077087
4445,-15.3762,-21.4113,-36.7875,-24.1016,-8.4453,0.0,0.8459,0.9729729890823364,1.0,0.0013893713476136327,0.001382517395541072,0.1011904776096344,0.008628731593489647,0.04458177834749222,0.2238028645515442,0.6185089945793152
4450,-15.9938,-20.4176,-36.4113,-25.9609,-3.0391,0.0,0.8416,0.9883177280426025,0.9994992613792419,0.0018653236329555511,0.0012455749092623591,0.143601194024086,0.016635572537779808,0.07761971652507782,0.20837220549583435,0.5928949117660522
4455,-17.109,-18.2047,-35.3137,-27.875,-1.0625,0.0,0.8018,0.983418345451355,0.9990437626838684,0.003013863693922758,0.000992669491097331,0.2533482015132904,0.030472636222839355,0.16258551180362701,0.1934468299150467,0.5090174078941345
4460,-16.7195,-19.0586,-35.7781,-27.6562,-1.1719,0.0,0.8191,0.9903100728988647,1.0,0.0034602077212184668,0.003380322130396962,0.2008928507566452,0.020055970177054405,0.13285136222839355,0.20219215750694275,0.5404228568077087
4465,-17.5691,-17.9617,-35.5309,-28.5469,-0.7266,0.0,0.7712,0.9924242496490479,0.998651385307312,0.003179987194016576,0.0026225086767226458,0.247023805975914,0.020522387698292732,0.1729244440793991,0.1833411008119583,0.5187344551086426
4470,-16.8508,-18.366,-35.2168,-27.2656,-1.3672,0.0,0.7282,0.9918962717056274,0.9995332360267639,0.0024020695127546787,0.0031431715469807386,0.244047611951828,0.02398165501654148,0.16655005514621735,0.21035447716712952,0.494636207818985
4475,-17.0328,-18.9676,-36.0004,-27.8906,-1.0547,0.0,0.6989,0.9830148816108704,0.9964528679847717,0.0016535758040845394,0.001603010925464332,0.2072172611951828,0.018306903541088104,0.13149097561836243,0.18804416060447693,0.5576803684234619
4480,-17.3391,-17.591,-34.9301,-27.8203,-1.1484,0.0,0.6366,0.9892183542251587,0.9951942563056946,0.002731707412749529,0.0020527136512100697,0.285342276096344,0.02884017489850521,0.19410759210586548,0.19919931888580322,0.4733753204345703
4485,-17.9297,-16.8105,-34.7402,-28.2969,-0.8516,0.0,0.5805,0.9851668477058411,0.9994692802429199,0.001886397018097341,0.003980689216405153,0.310639888048172,0.03144434094429016,0.2197217047214508,0.18543998897075653,0.4589163661003113
4490,-16.327,-20.5422,-36.8691,-26.8359,-3.6562,0.0,0.5798,0.9905213117599487,0.9954776763916016,0.0004020100459456444,0.0013677339302375913,0.1276041716337204,0.008201181888580322,0.06875777244567871,0.1933690905570984,0.6251943111419678
4495,-16.6789,-19.3039,-35.9828,-27.2344,-1.4062,0.0,0.5329,0.9817813634872437,0.9967979788780212,0.0015804029535502195,0.0006266973214223981,0.1990327388048172,0.019200870767235756,0.12138526141643524,0.19675062596797943,0.5581856369972229
4500,-18.2082,-15.4812,-33.6895,-25.6641,-5.4375,0.0,0.4562,0.9773817658424377,0.9934325814247131,0.007194244768470526,0.00249925022944808,0.4006696343421936,0.056708645075559616,0.26632463932037354,0.18369092047214508,0.38879820704460144
4505,-18.6965,-15.1586,-33.8551,-28.7969,-0.6016,0.0,0.3327,0.9826539754867554,0.9913592338562012,0.0030905078165233135,0.0028809853829443455,0.4088541567325592,0.04481498897075653,0.2833877503871918,0.17607276141643524,0.39124688506126404
4510,-17.2926,-18.4117,-35.7043,-28.5625,-0.7188,0.0,0.2694,0.9904761910438538,0.984130859375,0.0018218623008579016,0.0022084806114435196,0.2466517835855484,0.01632462628185749,0.15920397639274597,0.19200870394706726,0.5279850959777832
4515,-18.1992,-16.7695,-34.9688,-28.2031,-0.8984,0.0,0.1981,0.9892617464065552,0.9898214340209961,0.0031545741949230433,0.0016317206900566816,0.3214285671710968,0.028956778347492218,0.21766169369220734,0.17249688506126404,0.4764070212841034
4520,-17.7816,-17.743,-35.5246,-27.9531,-1.0234,0.0,0.1417,0.9894551634788513,0.9902046322822571,0.0015510746743530035,0.002918287878856063,0.2659970223903656,0.022115983068943024,0.1785603165626526,0.17541199922561646,0.5194340944290161
4525,-17.1945,-17.7805,-34.975,-26.75,-1.625,0.0,0.0691,0.9962859749794006,0.9977668523788452,0.0012279984075576067,0.0015080561861395836,0.2767857015132904,0.04186100885272026,0.17405161261558533,0.18990983068943024,0.48969992995262146
4530,-17.6109,-17.8699,-35.4809,-27.4375,-1.2812,0.0,0.0206,0.9929178357124329,0.9934015870094299,0.0008789277053438127,0.0011951001361012459,0.2659970223903656,0.02744092047214508,0.1708255559206009,0.17688898742198944,0.520366907119751
4535,-16.6301,-19.5363,-36.1664,-28.125,-0.9375,0.0,0.0,0.9741601943969727,0.9875733256340027,0.0007877117022871971,0.0037471044342964888,0.1852678507566452,0.015041977167129517,0.11260105669498444,0.19737251102924347,0.5705068111419678
4540,-16.2609,-20.6344,-36.8953,-27.8281,-1.8828,0.0,0.0,0.9508196711540222,0.9822904467582703,0.001391650061123073,0.0024793900083750486,0.1305803507566452,0.007112873252481222,0.0658426582813263,0.19550684094429016,0.6270599961280823
4545,-17.4297,-18.3309,-35.7605,-27.2344,-1.3828,0.0,0.0,0.987500011920929,0.9966555237770081,0.0013239188119769096,0.0011444102274253964,0.2388392835855484,0.024875622242689133,0.15108053386211395,0.17615050077438354,0.5434157252311707
4550,-17.3125,-18.1844,-35.4969,-28.2969,-0.8516,0.0,0.0,0.9765258431434631,0.9918970465660095,0.001846911502070725,0.003975397441536188,0.25,0.02483675442636013,0.1630907952785492,0.18940454721450806,0.518190324306488
4555,-16.4898,-19.7664,-36.2562,-27.2812,-2.0625,0.0,0.0,0.977667510509491,0.9950869083404541,0.0011721039190888405,0.002151694381609559,0.170014888048172,0.015663867816329002,0.10284514725208282,0.1989661008119583,0.5780472755432129
4560,-15.3426,-21.1867,-36.5293,-26.0469,-4.7188,0.0,0.0,0.9778761267662048,0.9888524413108826,0.00100351229775697,0.0005878511001355946,0.1238839253783226,0.008784203790128231,0.059273943305015564,0.23239272832870483,0.5950714945793152
4565,-16.0426,-20.6469,-36.6895,-26.0859,-3.0469,0.0,0.0,0.9789789915084839,0.9935747385025024,0.00133843207731843,0.0005074532236903906,0.1335565447807312,0.01294309739023447,0.06654229015111923,0.2032804787158966,0.6127565503120422
4570,-16.141,-21.6336,-37.7746,-21.9375,-14.3906,0.0,0.004,0.9800000190734863,0.9674999713897705,0.0002174858673242852,0.0004446420643944293,0.0699404776096344,0.0019434079295024276,0.01554726343601942,0.1787157952785492,0.6993159055709839
4575,-16.0227,-20.6738,-36.6965,-27.4844,-1.375,0.0,0.0,0.9878048896789551,0.997178316116333,0.0007577192736789584,0.0004446420643944293,0.1305803507566452,0.009561567567288876,0.06887438148260117,0.20518501102924347,0.6119014024734497
4580,-16.266,-20.0605,-36.3266,-27.3438,-2.0547,0.0,0.0176,0.9887323975563049,0.9896222352981567,0.0009493069956079125,0.001532413880340755,0.1666666716337204,0.01379819680005312,0.09363339841365814,0.20471858978271484,0.583372175693512
4585,-16.5898,-19.032,-35.6219,-27.1719,-1.4141,0.0,0.0,0.9877862334251404,0.996798574924469,0.0009475080296397209,0.0013897016178816557,0.2209821492433548,0.025458645075559616,0.1335510015487671,0.20510727167129517,0.5314054489135742
4590,-17.2555,-18.8996,-36.1551,-27.6562,-1.1719,0.0,0.0,0.9955947399139404,0.9948764443397522,0.0008764241938479245,0.003060391638427973,0.203125,0.017646145075559616,0.12896455824375153,0.17739428579807281,0.5715174078941345
4595,-15.8152,-20.6691,-36.4844,-25.6797,-5.1953,0.0,0.0,0.9793814420700073,0.9932165145874023,0.0023744292557239532,0.0025311526842415333,0.1369047611951828,0.015080845914781094,0.06875777244567871,0.2128031700849533,0.5988805890083313
4600,-15.8582,-21.0801,-36.9383,-25.8906,-5.6172,0.0,0.0,0.9779411554336548,0.9985326528549194,0.0011189854703843594,0.0020396809559315443,0.106398805975914,0.0052860695868730545,0.0529773011803627,0.2084110677242279,0.6288479566574097
4605,-16.1215,-21.3609,-37.4824,-24.1875,-9.9609,0.0,0.0177,0.9722222089767456,0.9851668477058411,0.0008302200003527105,0.0015570035902783275,0.0807291641831398,0.0027985074557363987,0.03144434094429016,0.18726679682731628,0.6740127205848694
4610,-15.7234,-21.6766,-37.4,-23.125,-11.7109,0.0,0.0365,0.9883720874786377,0.9967585206031799,0.0003836562391370535,0.0005839756922796369,0.0758928582072258,0.0033426617737859488,0.02398165501654148,0.20261971652507782,0.6655783653259277
4615,-17.1742,-18.7293,-35.9035,-27.4219,-1.2891,0.0,0.0488,0.9896694421768188,0.9969621896743774,0.0014540922129526734,0.0021953119430691004,0.2161458283662796,0.018812188878655434,0.14074160158634186,0.18711131811141968,0.5488572716712952
4620,-17.2363,-18.1152,-35.3516,-27.2656,-1.3672,0.0,0.0337,0.9874652028083801,0.9971910119056702,0.0030624745413661003,0.0030413626227527857,0.2526041567325592,0.027907337993383408,0.16604477167129517,0.19037623703479767,0.5111940503120422
4625,-17.1332,-18.932,-36.0652,-27.4688,-1.2656,0.0,0.0265,0.9956803321838379,0.9979172945022583,0.0008505209698341787,0.001653689774684608,0.206101194024086,0.017995957285165787,0.13063588738441467,0.18279695510864258,0.5640935897827148
4630,-16.1496,-21.2121,-37.3617,-24.2422,-9.7109,0.0,0.0282,1.0,0.9980178475379944,0.0012197601608932018,0.0009392978972755373,0.0885416641831398,0.003031716449186206,0.03921797126531601,0.19119247794151306,0.6620802283287048
4635,-15.7902,-21.2922,-37.0824,-26.1641,-5.4688,0.0,0.0295,0.9904761910438538,0.9991165995597839,0.0011210762895643711,0.0009725852287374437,0.0959821417927742,0.004081156570464373,0.043998755514621735,0.20802238583564758,0.6394200921058655
4640,-16.9758,-18.8602,-35.8359,-27.2969,-1.3516,0.0,0.0243,0.9948717951774597,0.9991337060928345,0.0008188331848941743,0.0031190188601613045,0.2098214328289032,0.02273787371814251,0.134600430727005,0.1898709535598755,0.5483131408691406
4645,-17.9527,-17.8672,-35.8199,-27.8125,-1.0938,0.0,0.0052,0.9930555820465088,0.997644305229187,0.002875629113987088,0.003274953691288829,0.2418154776096344,0.02238805964589119,0.16499534249305725,0.1621968299150467,0.5459421873092651
4650,-15.7043,-21.5754,-37.2797,-23.6172,-10.6797,0.0,0.0,1.0,0.989847719669342,0.001317771035246551,0.001364256488159299,0.079613097012043,0.0031483208294957876,0.030628109350800514,0.2064676582813263,0.6552783250808716
4655,-16.2172,-21.4754,-37.6926,-22.2969,-13.3906,0.0,0.0,0.9866666793823242,1.0,0.002177226124331355,0.0015142167685553432,0.0691964253783226,0.0029151118360459805,0.02102767489850521,0.17852145433425903,0.6930581331253052
4660,-15.2242,-22.3176,-37.5418,-19.7969,-19.2578,0.0,0.0072,1.0,0.9886363744735718,0.0014566642930731177,0.0005730002303607762,0.0502232126891613,0.000310945266392082,0.0034203981049358845,0.2134639322757721,0.6783271431922913
4665,-15.4512,-22.0418,-37.493,-21.5078,-15.4375,0.0,0.0076,1.0,0.9905956387519836,0.0013138138456270099,0.0008639059960842133,0.0584077388048172,0.0011660447344183922,0.01239894237369299,0.20708955824375153,0.6748678684234619
4670,-16.9383,-18.9844,-35.9227,-27.2969,-1.4219,0.0,0.0387,0.9963503479957581,0.9979010224342346,0.002870617201551795,0.0031512605492025614,0.201264888048172,0.021299751475453377,0.12962530553340912,0.18956001102924347,0.5550373196601868
4675,-17.7793,-17.5484,-35.3277,-27.2969,-1.3516,0.0,0.0229,0.998740553855896,0.9997840523719788,0.004513653926551342,0.005233616568148136,0.2585565447807312,0.030861318111419678,0.17999844253063202,0.17222481966018677,0.5124378204345703
4680,-17.0727,-18.5562,-35.6289,-27.4219,-1.2891,0.0,0.0195,0.9939576983451843,0.9997348189353943,0.0028530671261250973,0.003357664216309786,0.2239583283662796,0.025730721652507782,0.1465718299150467,0.19072605669498444,0.5324937701225281
4685,-16.9273,-19.5348,-36.4621,-26.5625,-2.4219,0.0,0.0241,0.9941176176071167,0.99842768907547,0.0004413062706589699,0.0022647858131676912,0.1711309552192688,0.01982276141643524,0.0988805964589119,0.17615050077438354,0.6006685495376587
4690,-16.1176,-21.5949,-37.7125,-22.5859,-13.2109,0.0,0.0294,1.0,1.0,0.001931744976900518,0.0015666965628042817,0.0643601194024086,0.0018656715983524919,0.017918221652507782,0.18108674883842468,0.69465172290802
4695,-15.4191,-22.0707,-37.4898,-20.7891,-16.2422,0.0,0.055,0.9473684430122375,1.0,0.00018646279931999743,0.0009223496890626848,0.0591517873108387,0.0022154850885272026,0.010611007921397686,0.20844994485378265,0.6742459535598755
4700,-15.9609,-19.9617,-35.9227,-27.5078,-1.8438,0.0,0.0731,0.9973333477973938,1.0,0.0024075666442513466,0.004396227654069662,0.1648065447807312,0.01457555964589119,0.1067708358168602,0.22601833939552307,0.5481576323509216
4705,-16.7539,-19.6402,-36.3941,-27.7188,-1.4688,0.0,0.0337,0.9968553185462952,1.0,0.0026536027435213327,0.002777594141662121,0.1629464328289032,0.012360074557363987,0.10502176731824875,0.19041511416435242,0.5877254605293274
4710,-16.5484,-19.7324,-36.2809,-27.9062,-1.5859,0.0,0.0526,1.0,0.9996387362480164,0.0019256691448390484,0.002363587263971567,0.1662946492433548,0.010533271357417107,0.1075870618224144,0.20184235274791718,0.575559675693512
4715,-17.8199,-17.1426,-34.9625,-28.125,-0.9375,0.0,0.0205,0.9950186610221863,0.9990417957305908,0.003626279765740037,0.005027978215366602,0.2879464328289032,0.031211132183670998,0.20281405746936798,0.1822139322757721,0.47928327322006226
4720,-16.0117,-20.6512,-36.6629,-26.4141,-4.4297,0.0,0.0088,1.0,0.9955357313156128,0.0022321429569274187,0.003581020515412092,0.1242559552192688,0.009095149114727974,0.06965173780918121,0.20895522832870483,0.6078202724456787
4725,-17.0617,-18.3461,-35.4078,-26.9688,-1.5156,0.0,0.0303,0.9973787665367126,0.999748706817627,0.005648577585816383,0.005172025877982378,0.231398805975914,0.02965640462934971,0.15465641021728516,0.19266946613788605,0.51854008436203
4730,-16.3684,-21.1777,-37.5461,-23.4766,-11.4297,0.0,0.0,0.9863013625144958,0.9899553656578064,0.0013054830487817526,0.001373390550725162,0.0848214253783226,0.0028373757377266884,0.03482586890459061,0.1786380559206009,0.6792210936546326
4735,-16.4859,-20.4094,-36.8953,-26.8984,-2.9219,0.0,0.0312,0.9956521987915039,1.0,0.001661819638684392,0.0035200396087020636,0.1231398805975914,0.00893967691808939,0.07007928937673569,0.18711131811141968,0.6293920874595642
4740,-15.9938,-21.334,-37.3277,-25.0234,-8.6875,0.0,0.0,1.0,0.9947971105575562,0.0009858043631538749,0.00218211836181581,0.0822172611951828,0.0019822760950773954,0.0373523011803627,0.19713930785655975,0.6590484976768494
4745,-15.6684,-22.0539,-37.7223,-20.6641,-17.5234,0.0,0.001,1.0,1.0,0.00019868864910677075,0.000560475280508399,0.053199402987957,0.0006996268639340997,0.005713619291782379,0.19562344253063202,0.693485677242279
4750,-15.1074,-21.5809,-36.6883,-24.9688,-6.5234,0.0,0.0,1.0,0.9991111159324646,0.0011606698390096426,0.0009559011086821556,0.0993303582072258,0.007462686393409967,0.04372667893767357,0.23441386222839355,0.6099191308021545
4755,-15.2922,-21.6836,-36.9758,-24.8047,-7.9766,0.0,0.0055,0.9607843160629272,0.9886234402656555,0.001551724155433476,0.004612830001860857,0.0822172611951828,0.003964552190154791,0.03416511043906212,0.2254353165626526,0.6319574117660522
4760,-14.8754,-22.3637,-37.2391,-21.1328,-15.5781,0.0,0.0356,0.9607843160629272,0.9751037359237671,0.0018388498574495316,0.0007157342042773962,0.0595238097012043,0.0019822760950773954,0.009367226622998714,0.2325093299150467,0.6516635417938232
4765,-16.05,-20.523,-36.573,-26.3672,-2.9297,0.0,0.0466,1.0,0.9978880882263184,0.0026505112182348967,0.002635977929458022,0.1305803507566452,0.012049129232764244,0.07361629605293274,0.20530161261558533,0.6045553684234619
4770,-15.5402,-21.634,-37.1742,-23.2734,-11.1562,0.0,0.0279,1.0,0.9949109554290771,0.001471129129640758,0.001197533099912107,0.0818452388048172,0.004469838459044695,0.03055037371814251,0.21136504411697388,0.6491371393203735
4775,-15.6219,-21.1027,-36.7246,-26.0,-4.0156,0.0,0.0361,1.0,0.9992877244949341,0.0014308710815384984,0.002593459328636527,0.109375,0.009172885678708553,0.054570894688367844,0.21731187403202057,0.6144667267799377
4780,-16.3289,-19.7508,-36.0797,-27.4062,-1.3203,0.0,0.0445,1.0,0.9996368885040283,0.0014958863612264395,0.0031682623084634542,0.1711309552192688,0.016285758465528488,0.10704290866851807,0.20786692202091217,0.564326822757721
4785,-17.0262,-17.8266,-34.8527,-27.0859,-1.4688,0.0,0.0318,0.9979674816131592,0.9995667338371277,0.0036893202923238277,0.0021969079971313477,0.2726934552192688,0.0382462702691555,0.17941541969776154,0.20017102360725403,0.4776896834373474
4790,-16.2145,-20.2316,-36.4461,-27.2891,-1.3906,0.0,0.039,0.9968652129173279,0.9990871548652649,0.0026585643645375967,0.004389413166791201,0.1395089328289032,0.01239894237369299,0.08516013622283936,0.2046797275543213,0.5932835936546326
4795,-17.0785,-18.418,-35.4965,-27.4531,-1.2734,0.0,0.0344,0.998664915561676,0.9994857311248779,0.00450635002925992,0.004437869880348444,0.224702388048172,0.029112251475453377,0.15115827322006226,0.18975435197353363,0.5254974961280823
4800,-16.5586,-20.1598,-36.7184,-27.3203,-1.9609,0.0,0.0221,0.9960784316062927,1.0,0.0016403526533395052,0.003102247603237629,0.1369047611951828,0.00991138070821762,0.08212842047214508,0.18956001102924347,0.6139225959777832
4805,-16.5309,-20.3687,-36.8996,-27.9141,-1.9219,0.0,0.0019,0.9950000047683716,0.9962706565856934,0.0014453850453719497,0.002419354859739542,0.127976194024086,0.00777363171800971,0.07295553386211395,0.1882385015487671,0.6265547275543213
4810,-17.2031,-18.9539,-36.157,-27.3438,-1.3281,0.0,0.0152,0.9979879260063171,0.9993821382522583,0.0017625027103349566,0.00250558671541512,0.1949404776096344,0.019317474216222763,0.1258162260055542,0.176422581076622,0.5739660859107971
4815,-17.0391,-18.2684,-35.3074,-27.5625,-1.2188,0.0,0.0,0.9973753094673157,0.9990352392196655,0.0029809221159666777,0.0027480917051434517,0.2444196492433548,0.029617536813020706,0.16114738583564758,0.19558458030223846,0.5091728568077087
4820,-16.2934,-20.8965,-37.1898,-26.3047,-4.1797,0.0,0.0263,0.994535505771637,0.9967974424362183,0.0018773466581478715,0.0032116093207150698,0.1008184552192688,0.007112873252481222,0.04854632914066315,0.18633395433425903,0.6535292267799377
4825,-16.8164,-19.6898,-36.5062,-27.0078,-1.5547,0.0,0.0311,0.9919137358665466,1.0,0.00339486519806087,0.00375453126616776,0.1577380895614624,0.014420087449252605,0.09748134016990662,0.1831856369972229,0.6004353165626526
4830,-17.7293,-18.1441,-35.8734,-28.0625,-0.9688,0.0,0.0177,1.0,0.9995022416114807,0.003435638966038823,0.005661312025040388,0.2220982164144516,0.020405784249305725,0.1561722606420517,0.16969838738441467,0.5492459535598755
4835,-16.2781,-19.3156,-35.5938,-27.1719,-1.4141,0.0,0.0257,0.9949832558631897,0.9969484210014343,0.003930677194148302,0.004127358552068472,0.1979166716337204,0.02324315905570984,0.1273709535598755,0.21754509210586548,0.5273631811141968
4840,-16.6266,-20.059,-36.6855,-27.5156,-1.7344,0.0,0.0325,1.0,0.9945504069328308,0.0014574223896488547,0.004942965693771839,0.1398809552192688,0.00991138070821762,0.08558768779039383,0.1866837739944458,0.6133395433425903
4845,-16.8488,-19.8805,-36.7293,-27.9688,-1.5312,0.0,0.0422,0.9950248599052429,0.9987320303916931,0.0012784998398274183,0.00437262374907732,0.142485111951828,0.0078125,0.0919620618224144,0.18240827322006226,0.6133395433425903
4850,-15.9555,-20.657,-36.6125,-25.8281,-2.7656,0.0,0.0588,0.9972299337387085,0.9994103908538818,0.0032196969259530306,0.0032477870117872953,0.1246279776096344,0.014031405560672283,0.0659203976392746,0.20522387325763702,0.6103466749191284
4855,-17.1695,-19.0035,-36.173,-27.4844,-1.2578,0.0,0.0588,1.0,1.0,0.002617801073938608,0.003112945705652237,0.1886160671710968,0.018190298229455948,0.12480565905570984,0.17817163467407227,0.5743547677993774
4860,-17.2141,-18.8301,-36.0441,-26.7031,-1.6484,0.0,0.0691,0.9984567761421204,0.9987726211547852,0.0020192954689264297,0.0029299536254256964,0.2038690447807312,0.0251865666359663,0.12667132914066315,0.17323538661003113,0.5704290866851807
4865,-17.0992,-19.2285,-36.3277,-27.4219,-1.3125,0.0,0.0855,1.0,0.9996622800827026,0.00174901622813195,0.004438850097358227,0.1763392835855484,0.01597481407225132,0.11508861929178238,0.17778295278549194,0.5866760015487671
4870,-16.7098,-19.5398,-36.2496,-27.5859,-1.2188,0.0,0.1002,0.9977477192878723,0.9989063143730164,0.0028351559303700924,0.004626215435564518,0.1692708283662796,0.017257463186979294,0.10661535710096359,0.19193096458911896,0.5797185897827148
4875,-16.4172,-21.2137,-37.6309,-24.0312,-8.4922,0.0,0.122,0.9922480583190918,0.9972337484359741,0.0015812062192708254,0.0031529755797237158,0.075148805975914,0.005013992544263601,0.02810167893767357,0.17206934094429016,0.6903373599052429
4880,-16.1527,-21.5492,-37.702,-23.3906,-12.1406,0.0,0.1221,1.0,1.0,0.0006417112308554351,0.002413425361737609,0.0643601194024086,0.00120491289999336,0.020094837993383408,0.18170864880084991,0.6925140023231506
4885,-15.7785,-21.9156,-37.6941,-21.3594,-15.7578,0.0,0.1189,0.9473684430122375,0.9370078444480896,0.0016073939623311162,0.002192242769524455,0.0587797611951828,0.0007384950295090675,0.009872512891888618,0.1934468299150467,0.6914645433425903
4890,-16.0652,-21.4852,-37.5504,-24.3203,-9.6016,0.0,0.138,0.9166666865348816,0.9762282371520996,0.001853377209044993,0.005369894206523895,0.0699404776096344,0.0018656715983524919,0.024525808170437813,0.18874378502368927,0.6803871393203735
4895,-16.6938,-18.6145,-35.3082,-27.3594,-1.4141,0.0,0.1434,0.9850746393203735,0.9931593537330627,0.005747126415371895,0.008442704565823078,0.220610111951828,0.02604166604578495,0.1534126251935959,0.20965485274791718,0.5064132213592529
4900,-16.6551,-20.1824,-36.8375,-27.4844,-1.6094,0.0,0.1798,0.9916666746139526,0.9924812316894531,0.003811944043263793,0.006155568175017834,0.125,0.009328357875347137,0.07754197716712952,0.18353544175624847,0.6251165866851807
4905,-15.8168,-20.8605,-36.6773,-27.4531,-2.8438,0.0,0.1928,0.987261176109314,0.995252251625061,0.003224072977900505,0.005187320057302713,0.110863097012043,0.006102301180362701,0.06549284607172012,0.21700093150138855,0.6069263219833374
4910,-15.5754,-21.7441,-37.3195,-23.625,-10.7812,0.0,0.1662,0.9538461565971375,0.9967585206031799,0.0018811136251315475,0.003285999409854412,0.0684523805975914,0.0025264304131269455,0.02398165501654148,0.2066231369972229,0.662391185760498
4915,-15.8621,-21.2012,-37.0633,-24.8203,-5.8828,0.0,0.1775,0.9858490824699402,0.9897196292877197,0.0025111068971455097,0.004945419263094664,0.0915178582072258,0.008240049704909325,0.041588928550481796,0.20122045278549194,0.6444729566574097
4920,-16.5129,-20.5359,-37.0488,-26.9766,-3.4922,0.0,0.1757,0.9934640526771545,0.9976004958152771,0.0033741036895662546,0.0035198447294533253,0.1116071417927742,0.00594682851806283,0.06479322165250778,0.18431280553340912,0.6404695510864258
4925,-16.8703,-20.0813,-36.9516,-27.1328,-2.1953,0.0,0.1881,0.9963235259056091,0.9974721670150757,0.0015702109085395932,0.003551310393959284,0.1305803507566452,0.010572139173746109,0.07688122242689133,0.17327424883842468,0.6347947716712952
4930,-16.8527,-19.7238,-36.5766,-27.7812,-1.5312,0.0,0.1907,0.9931034445762634,0.9935923218727112,0.00595364673063159,0.005594855174422264,0.1491815447807312,0.011271766386926174,0.09705379605293274,0.18279695510864258,0.6043998599052429
4935,-16.6805,-19.2316,-35.9121,-27.0469,-1.4766,0.0,0.2186,0.9980695247650146,0.9980976581573486,0.0035218156408518553,0.007084239274263382,0.181547611951828,0.02013370580971241,0.12259017676115036,0.1986551582813263,0.5541433691978455
4940,-16.8387,-18.8684,-35.707,-27.6953,-1.2812,0.0,0.2423,0.9868420958518982,0.9994415044784546,0.004490433260798454,0.007098877336829901,0.1979166716337204,0.02067786082625389,0.13918687403202057,0.19908271729946136,0.5365749597549438
4945,-15.5633,-22.0531,-37.6164,-20.8906,-16.9531,0.0,0.2299,0.8399999737739563,0.9636363387107849,0.0007736943662166595,0.0011347518302500248,0.0569196417927742,0.0009717039647512138,0.008550995029509068,0.20094838738441467,0.6850513219833374
4950,-15.3711,-21.7977,-37.1688,-22.9219,-11.3438,0.0,0.2322,0.9166666865348816,0.9682779312133789,0.0025044723879545927,0.0034172662999480963,0.0740327388048172,0.004197761416435242,0.025730721652507782,0.21727301180362701,0.6483209133148193
4955,-16.3223,-20.0711,-36.3934,-26.6172,-2.0078,0.0,0.2435,0.9722222089767456,0.9856438040733337,0.005862810183316469,0.005700432229787111,0.1529017835855484,0.016791045665740967,0.08663712441921234,0.1988883763551712,0.5932058691978455
4960,-16.7551,-18.7578,-35.5129,-27.8828,-1.2344,0.0,0.2614,0.9783393740653992,0.9923964142799377,0.002986188977956772,0.005708277225494385,0.2224702388048172,0.02153296023607254,0.14824315905570984,0.2082556039094925,0.5174906849861145
4965,-16.7555,-19.3254,-36.0809,-27.9922,-1.0625,0.0,0.2852,0.9952152967453003,0.9868852496147156,0.004567116964608431,0.008117776364088058,0.1789434552192688,0.016246890649199486,0.11854788661003113,0.19574004411697388,0.5649875402450562
4970,-15.6227,-21.073,-36.6957,-26.7422,-3.0234,0.0,0.2882,0.9323671460151672,0.9701896905899048,0.0031774051021784544,0.006181493867188692,0.1086309552192688,0.008045708760619164,0.057369403541088104,0.22018812596797943,0.6099191308021545
4975,-16.5922,-20.6023,-37.1945,-27.0156,-2.8516,0.0,0.2561,0.9590643048286438,0.9939516186714172,0.0015317286597564816,0.004342394880950451,0.1060267835855484,0.006646455265581608,0.05783582106232643,0.17762748897075653,0.6534126400947571
4980,-16.1711,-20.0465,-36.2176,-27.875,-1.2266,0.0,0.2565,0.9775280952453613,0.9948959350585938,0.0030658249743282795,0.005789796356111765,0.1558779776096344,0.010377798229455948,0.09899719804525375,0.21552394330501556,0.5706234574317932
4985,-17.0922,-18.4727,-35.5648,-27.9141,-1.2422,0.0,0.2776,0.9546539187431335,0.986572265625,0.008144269697368145,0.010472770780324936,0.220610111951828,0.016285758465528488,0.15920397639274597,0.2004431039094925,0.5195895433425903
4990,-17.191,-18.9395,-36.1305,-28.375,-0.8125,0.0,0.2984,0.9848024249076843,0.9935503005981445,0.004411764908581972,0.0067400275729596615,0.1871279776096344,0.012787624262273312,0.13257929682731628,0.18501244485378265,0.5651430487632751
4995,-16.0805,-21.5355,-37.616,-22.9453,-11.7422,0.0,0.2881,0.9863013625144958,0.9243243336677551,0.002967359032481909,0.0025432349648326635,0.0773809552192688,0.0028373757377266884,0.021571828052401543,0.18337997794151306,0.6877332329750061
5000,-15.9383,-21.0324,-36.9707,-26.5156,-3.7109,0.0,0.2742,0.9679487347602844,0.9663928151130676,0.0022848439402878284,0.005155588500201702,0.1082589253783226,0.006063432898372412,0.05204446613788605,0.20413556694984436,0.6332789063453674
