it,s,o,w,s20,o20,lam_s,lam_c,pCC,pCD,pDC,pDD,pSTART,vCC,vCD,vDC,vDD
0,-21.0633,-11.9262,-32.9895,-24.6094,-10.3828,0.5,0.5,0.5073627829551697,0.5155185461044312,0.4924340546131134,0.4828444719314575,0.5565476417541504,0.08710354566574097,0.35941386222839355,0.08990205079317093,0.35910293459892273
5,-21.0055,-12.1766,-33.182,-24.5547,-10.1172,0.5582,0.0288,0.4627487361431122,0.4867015480995178,0.49412277340888977,0.4904336631298065,0.523809552192688,0.08399409055709839,0.35657650232315063,0.0892801582813263,0.36567163467407227
10,-20.8145,-12.0992,-32.9137,-23.6875,-11.7812,0.5599,0.0,0.5413188934326172,0.49688899517059326,0.4691923260688782,0.5093051195144653,0.4895833432674408,0.09312810748815536,0.35607120394706726,0.09336131811141968,0.3529617488384247
15,-20.6031,-12.0848,-32.6879,-24.9766,-9.25,0.5751,0.0,0.49181637167930603,0.4941215217113495,0.5109869837760925,0.520973801612854,0.5442708134651184,0.09736473858356476,0.3537391126155853,0.10436100512742996,0.34005752205848694
20,-20.4703,-12.4324,-32.9027,-24.6641,-9.8984,0.5784,0.0,0.5032284259796143,0.4710819721221924,0.4937402307987213,0.4896336793899536,0.5498511791229248,0.09631530195474625,0.3380363881587982,0.09934701770544052,0.361823707818985
25,-20.2637,-12.4707,-32.7344,-24.7812,-9.6406,0.5857,0.0,0.5124855637550354,0.4828364849090576,0.4923802614212036,0.5033427476882935,0.5,0.10117381811141968,0.34421640634536743,0.10712064802646637,0.3430114984512329
30,-20.3711,-12.7937,-33.1648,-24.6406,-10.0859,0.5831,0.0,0.4952256977558136,0.4720584750175476,0.4476262331008911,0.4651041626930237,0.488095223903656,0.08955223858356476,0.3296797275543213,0.10315609723329544,0.3731343150138855
35,-20.5059,-12.6438,-33.1496,-23.7812,-11.7578,0.5809,0.0,0.47842639684677124,0.46518364548683167,0.4800158143043518,0.47530993819236755,0.5089285969734192,0.09188432991504669,0.33547109365463257,0.0982198417186737,0.3699471354484558
40,-20.9535,-11.8047,-32.7582,-25.1094,-8.9141,0.5842,0.0,0.504850447177887,0.5242769718170166,0.49806949496269226,0.5191188454627991,0.511904776096344,0.09615982323884964,0.3682369291782379,0.09060168266296387,0.34052392840385437
45,-20.9715,-11.9762,-32.9477,-24.8438,-9.7031,0.6004,0.0,0.48624247312545776,0.509316086769104,0.471689909696579,0.49753642082214355,0.5602678656578064,0.0904073417186737,0.36089086532592773,0.08924129605293274,0.3549829125404358
50,-21.0848,-11.752,-32.8367,-24.1406,-10.8984,0.6046,0.0,0.5129274129867554,0.5181500911712646,0.5096830725669861,0.5105929970741272,0.5357142686843872,0.09320584684610367,0.3672652244567871,0.08830846101045609,0.3467428386211395
55,-21.2973,-11.5953,-32.8926,-24.4062,-10.4844,0.6119,0.0,0.5211148858070374,0.5106472373008728,0.5339023470878601,0.5220376253128052,0.5293898582458496,0.0920398011803627,0.3705301582813263,0.08197294920682907,0.3509794771671295
60,-20.9328,-11.7746,-32.7074,-23.875,-11.5,0.6249,0.0,0.5134484171867371,0.5276663303375244,0.5352818369865417,0.5154306888580322,0.4970238208770752,0.09682058542966843,0.3680814802646637,0.09308923780918121,0.33753108978271484
65,-21.0633,-11.4563,-32.5195,-24.8281,-9.6172,0.6334,0.0,0.5071126222610474,0.5203430652618408,0.5625811815261841,0.5565410256385803,0.5357142686843872,0.10109607875347137,0.37161847949028015,0.08974657952785492,0.33306124806404114
70,-20.9234,-11.8145,-32.7379,-24.8125,-9.7188,0.6458,0.0,0.49023595452308655,0.49919605255126953,0.5405629277229309,0.5366074442863464,0.5208333134651184,0.0955379381775856,0.36260107159614563,0.09390547126531601,0.34347793459892273
75,-21.5352,-10.9355,-32.4707,-24.7031,-9.9609,0.6605,0.0,0.5259200930595398,0.5511002540588379,0.5541187524795532,0.5569512248039246,0.5952380895614624,0.0982198417186737,0.39742693305015564,0.08115671575069427,0.31871891021728516
80,-21.0055,-11.7008,-32.7062,-24.2344,-10.8516,0.6677,0.0,0.5270643830299377,0.5330392122268677,0.5218914151191711,0.5010337829589844,0.5476190447807312,0.09837531298398972,0.36998599767684937,0.08877487480640411,0.338386207818985
85,-21.8551,-10.1492,-32.0043,-24.7031,-9.9609,0.6772,0.0,0.5790219902992249,0.5844908356666565,0.620835542678833,0.6119903326034546,0.6071428656578064,0.10968594253063202,0.4225357472896576,0.07349968701601028,0.2898010015487671
90,-22.2867,-9.5977,-31.8844,-26.1406,-7.2734,0.709,0.0,0.6234745383262634,0.6140075325965881,0.6316418051719666,0.6134960651397705,0.6439732313156128,0.10828669369220734,0.4450792968273163,0.0651041641831398,0.27705225348472595
95,-21.7367,-10.6297,-32.3664,-25.375,-8.875,0.7239,0.0,0.5597189664840698,0.5712648034095764,0.5862069129943848,0.5638218522071838,0.5714285969734192,0.09958022087812424,0.40687188506126404,0.07664801180362701,0.3124222755432129
100,-21.9039,-10.5133,-32.4172,-25.0938,-9.2969,0.7414,0.0,0.5784615278244019,0.5654349327087402,0.5662718415260315,0.5604833960533142,0.6220238208770752,0.10105721652507782,0.40391790866851807,0.06891324371099472,0.3216340243816376
105,-21.0918,-11.3418,-32.4336,-24.4844,-9.9766,0.7453,0.0,0.5622018575668335,0.5466639399528503,0.5355364680290222,0.5226781964302063,0.5803571343421936,0.10591573268175125,0.3798196613788605,0.0858597606420517,0.32392725348472595
110,-21.3508,-11.0887,-32.4395,-25.4062,-8.5781,0.7512,0.0,0.5550781488418579,0.5553262829780579,0.5101397037506104,0.5516388416290283,0.5654761791229248,0.09950248897075653,0.3955223858356476,0.08624844253063202,0.31424906849861145
115,-21.0648,-11.5891,-32.6539,-25.0781,-9.0234,0.7604,0.0,0.48089799284935,0.5368056297302246,0.5593445301055908,0.5176605582237244,0.5446428656578064,0.09868625551462173,0.37014147639274597,0.08776430040597916,0.3389303386211395
120,-21.2082,-11.5156,-32.7238,-24.2812,-10.7344,0.7696,0.0,0.5583066940307617,0.548907995223999,0.49487417936325073,0.491007000207901,0.5684523582458496,0.0973258689045906,0.3755052983760834,0.0834110677242279,0.3392801582813263
125,-21.857,-10.0328,-31.8898,-25.7188,-8.2344,0.7903,0.0,0.5891000628471375,0.5994548201560974,0.623383104801178,0.6166390180587769,0.5948660969734192,0.1084032952785492,0.4277440905570984,0.078125,0.28125
130,-22.2969,-9.7402,-32.0371,-25.2812,-8.8281,0.8211,0.0,0.5736404657363892,0.6055900454521179,0.6279761791229248,0.6077667474746704,0.6532738208770752,0.10292288661003113,0.43804416060447693,0.06529850512742996,0.28925684094429016
135,-22.5129,-8.8102,-31.323,-26.9531,-5.7422,0.8551,0.0,0.657988965511322,0.6532350778579712,0.6433779001235962,0.6715758442878723,0.7142857313156128,0.11944185197353363,0.47458022832870483,0.06397698819637299,0.23752331733703613
140,-22.7363,-9.0055,-31.7418,-26.0469,-7.2266,0.8807,0.0,0.6464312076568604,0.6304975748062134,0.653668224811554,0.6639760732650757,0.6428571343421936,0.10564365983009338,0.4710432291030884,0.05880752578377724,0.2600279748439789
145,-21.6398,-10.4086,-32.0484,-25.2969,-8.5391,0.8964,0.0,0.5851449370384216,0.589026927947998,0.5651544332504272,0.5778158903121948,0.6220238208770752,0.10727611929178238,0.4130130708217621,0.08053482323884964,0.2946983873844147
150,-22.7012,-8.7781,-31.4793,-26.125,-7.1875,0.924,0.0,0.6790207624435425,0.6626201868057251,0.639767587184906,0.6497769355773926,0.6607142686843872,0.11431125551462173,0.4770677983760834,0.06020677834749222,0.24393656849861145
155,-22.1824,-9.7922,-31.9746,-24.9219,-9.5703,0.9416,0.0,0.5970962047576904,0.5980199575424194,0.606999397277832,0.6186903119087219,0.648809552192688,0.10708177834749222,0.4357897937297821,0.06774719804525375,0.2849036157131195
160,-22.2496,-9.6473,-31.8969,-25.3438,-8.7969,0.9542,0.0,0.6361010670661926,0.63608318567276,0.5959420204162598,0.5886929035186768,0.6071428656578064,0.1076648011803627,0.4409981369972229,0.06704757362604141,0.27981188893318176
165,-22.9352,-8.5738,-31.509,-26.4688,-6.5469,0.9902,0.0,0.685814380645752,0.6622655391693115,0.6500356197357178,0.6571294069290161,0.6875,0.11096859723329544,0.48278141021728516,0.05453202873468399,0.2472403645515442
170,-23.6336,-7.2777,-30.9113,-27.2188,-5.0469,1.03,0.0,0.7412903308868408,0.7267787456512451,0.7110694050788879,0.7143672704696655,0.7559523582458496,0.12049129605293274,0.5293454527854919,0.04143345728516579,0.2042521834373474
175,-22.9699,-8.2969,-31.2668,-26.3438,-6.7969,1.0628,0.0,0.6737682819366455,0.6887511014938354,0.6829787492752075,0.6709699630737305,0.6904761791229248,0.11675994843244553,0.49514147639274597,0.054804105311632156,0.22881685197353363
180,-23.8984,-6.9848,-30.8832,-27.2344,-5.1328,1.1032,0.0,0.7357441186904907,0.7290381789207458,0.7398945689201355,0.7451698184013367,0.7834821343421936,0.11178482323884964,0.5483908653259277,0.04423196613788605,0.19111473858356476
185,-24.1996,-6.277,-30.4766,-27.3281,-4.8984,1.138,0.0,0.7790411710739136,0.7709550857543945,0.8169013857841492,0.7747665643692017,0.788690447807312,0.12647698819637299,0.5652596354484558,0.03311567008495331,0.17067009210586548
190,-24.2859,-6.1664,-30.4523,-28.0312,-3.4219,1.1769,0.0,0.7719911336898804,0.7792454361915588,0.7737705111503601,0.7873249650001526,0.788690447807312,0.1223958358168602,0.5738106369972229,0.0355643667280674,0.16375155746936798
195,-24.1941,-6.4062,-30.6004,-28.0625,-3.5938,1.2225,0.0,0.7630979418754578,0.7686195969581604,0.7454153299331665,0.757774829864502,0.7916666865348816,0.11944185197353363,0.5625777244567871,0.036030784249305725,0.17747201025485992
200,-24.2102,-6.1293,-30.3395,-27.5312,-4.6094,1.2616,0.0,0.793645977973938,0.7899370193481445,0.7488425970077515,0.7682748436927795,0.788690447807312,0.12845925986766815,0.5739660859107971,0.033582091331481934,0.159514918923378
205,-23.9074,-6.6797,-30.5871,-26.9375,-5.6562,1.2937,0.0,0.7666248679161072,0.7648869752883911,0.7202323079109192,0.7405035495758057,0.7645089030265808,0.12391169369220734,0.5554648637771606,0.04015081003308296,0.17599502205848694
210,-23.7285,-7.0551,-30.7836,-26.7656,-5.9297,1.3243,0.0,0.7507145404815674,0.7326831817626953,0.6917293071746826,0.7426756620407104,0.7797619104385376,0.1223958358168602,0.5420553684234619,0.04135572165250778,0.18971548974514008
215,-23.8,-6.9203,-30.7203,-27.2812,-5.0156,1.3481,0.0,0.7353996634483337,0.7520408630371094,0.7243243455886841,0.7241523861885071,0.7797619104385376,0.11913090944290161,0.54753577709198,0.043143656104803085,0.185712069272995
220,-23.9352,-6.3137,-30.2488,-27.2969,-5.0078,1.3851,0.0,0.7794203162193298,0.7743374705314636,0.8125,0.8080000281333923,0.7797619104385376,0.13409514725208282,0.5661535859107971,0.03980099409818649,0.15547263622283936
225,-24.6082,-5.6719,-30.2801,-27.9531,-3.7422,1.4387,0.0,0.7848465442657471,0.8074538111686707,0.8149556517601013,0.8069437146186829,0.7857142686843872,0.1215796023607254,0.5954990386962891,0.030666977167129517,0.1477767378091812
230,-24.6781,-5.2625,-29.9406,-27.8281,-3.6172,1.4796,0.0,0.8275362253189087,0.8277742266654968,0.8192252516746521,0.8128973841667175,0.8452380895614624,0.13409514725208282,0.6059545874595642,0.02709110639989376,0.12838153541088104
235,-24.7207,-5.5184,-30.2391,-28.0625,-3.5938,1.5259,0.0,0.796471357345581,0.8039606213569641,0.8137651681900024,0.8118700981140137,0.8482142686843872,0.123367540538311,0.6045165061950684,0.02880130521953106,0.138837069272995
240,-24.6297,-5.3758,-30.0055,-27.875,-3.875,1.5625,0.0,0.8075662851333618,0.8222307562828064,0.8138020634651184,0.8074817657470703,0.8541666865348816,0.13048040866851807,0.6073927283287048,0.02985074557363987,0.12779851257801056
245,-25.2684,-4.6082,-29.8766,-28.4219,-2.9453,1.6206,0.0,0.8552795052528381,0.8486347794532776,0.8260869383811951,0.8441780805587769,0.875,0.1251554787158966,0.6363106369972229,0.020561255514621735,0.11349502205848694
250,-25.1578,-4.5961,-29.7539,-28.3281,-2.8984,1.6564,0.0,0.862809419631958,0.8553570508956909,0.839483380317688,0.8335760831832886,0.875,0.13032494485378265,0.6373989582061768,0.021066542714834213,0.10673196613788605
255,-25.1418,-4.7805,-29.9223,-28.1875,-3.25,1.7018,0.0,0.850470244884491,0.839871883392334,0.85161292552948,0.8543267846107483,0.8482142686843872,0.12398942559957504,0.6311023235321045,0.024098258465528488,0.11633239686489105
260,-25.5695,-4.2918,-29.8613,-28.2812,-3.2031,1.7546,0.0,0.8515573143959045,0.8594325184822083,0.8870636820793152,0.8597992062568665,0.8898809552192688,0.11730410158634186,0.6547729969024658,0.01892879419028759,0.10451647639274597
265,-25.0656,-4.7137,-29.7793,-28.5,-2.7188,1.8024,0.0,0.8452696800231934,0.8616830706596375,0.7990033030509949,0.8025766015052795,0.8571428656578064,0.13187965750694275,0.6286147236824036,0.023398632183670998,0.11162935197353363
270,-25.0234,-4.6633,-29.6867,-28.5469,-2.6016,1.8436,0.0,0.8429633975028992,0.8540637493133545,0.8583333492279053,0.8506540656089783,0.886904776096344,0.13588307797908783,0.6293532252311707,0.023320894688367844,0.10696517676115036
275,-25.6574,-4.0656,-29.723,-28.5625,-2.7812,1.89,0.0,0.874799370765686,0.8727315664291382,0.8904429078102112,0.8882725834846497,0.8683035969734192,0.12107431888580322,0.6596704125404358,0.01667444035410881,0.09810323268175125
280,-25.5027,-4.3516,-29.8543,-28.4062,-2.8594,1.9359,0.0,0.8691558241844177,0.8484541773796082,0.8583162426948547,0.8879374265670776,0.898809552192688,0.1197139322757721,0.6524797677993774,0.01892879419028759,0.10439987480640411
285,-25.3953,-4.4164,-29.8117,-28.8125,-2.1875,1.9779,0.0,0.8563812971115112,0.8576328158378601,0.8401559591293335,0.8624494075775146,0.8779761791229248,0.12395056337118149,0.6459499597549438,0.01993936486542225,0.10568252205848694
290,-24.9914,-5.0309,-30.0223,-28.1406,-3.4609,2.0,0.0,0.8432650566101074,0.8344176411628723,0.8045602440834045,0.8185208439826965,0.8303571343421936,0.12523320317268372,0.6213464140892029,0.023865049704909325,0.1250777393579483
295,-24.8906,-5.1527,-30.0434,-28.3125,-3.0,2.0,0.0,0.8149309754371643,0.8201493620872498,0.8693098425865173,0.8524785041809082,0.8452380895614624,0.12391169369220734,0.6141946315765381,0.026469215750694275,0.1309468299150467
300,-25.2348,-4.6238,-29.8586,-28.0,-3.7188,2.0,0.0,0.8383084535598755,0.8501125574111938,0.8439597487449646,0.8555037379264832,0.8716517686843872,0.125,0.638953685760498,0.023165423423051834,0.1084032952785492
305,-25.1805,-4.8848,-30.0652,-28.2031,-3.3359,2.0,0.0,0.8149735927581787,0.8343052268028259,0.8447204828262329,0.8680641055107117,0.8273809552192688,0.11784826219081879,0.6265547275543213,0.02503109537065029,0.12608830630779266
310,-25.3035,-4.627,-29.9305,-28.7812,-2.1094,2.0,0.0,0.833548367023468,0.8420700430870056,0.88285231590271,0.8723770380020142,0.875,0.12049129605293274,0.6391479969024658,0.02289334498345852,0.11298973858356476
315,-25.1102,-4.7605,-29.8707,-28.0469,-3.5078,2.0,0.0,0.8445517420768738,0.8511871695518494,0.8735849261283875,0.8346747159957886,0.8273809552192688,0.12877021729946136,0.630247175693512,0.020600125193595886,0.11590485274791718
320,-24.9594,-4.9016,-29.8609,-28.0469,-3.4141,2.0,0.0,0.8365098237991333,0.842147946357727,0.8486238718032837,0.8513693809509277,0.836309552192688,0.13051928579807281,0.6232120394706726,0.025419775396585464,0.1163712665438652
325,-25.0777,-4.8043,-29.882,-28.2812,-3.2031,2.0,0.0,0.826928973197937,0.8450261950492859,0.8745874762535095,0.8411405086517334,0.8601190447807312,0.12643812596797943,0.6310245394706726,0.023554105311632156,0.1145055964589119
330,-25.0773,-4.9598,-30.0371,-27.7969,-4.0078,2.0,0.0,0.8470550775527954,0.8391900062561035,0.8401305079460144,0.816713273525238,0.8095238208770752,0.12274564802646637,0.623833954334259,0.023826181888580322,0.12511660158634186
335,-24.9098,-5.1789,-30.0887,-27.9062,-3.8594,2.0,0.0,0.8181235790252686,0.8210087418556213,0.8456189036369324,0.8246445655822754,0.8541666865348816,0.12138526141643524,0.6149719953536987,0.02794620580971241,0.13121891021728516
340,-24.9094,-5.0813,-29.9906,-27.8281,-4.0859,2.0,0.0,0.8242199420928955,0.8358699083328247,0.8941176533699036,0.8321167826652527,0.800595223903656,0.1258162260055542,0.6154773235321045,0.026430347934365273,0.12779851257801056
345,-24.6977,-5.3559,-30.0535,-27.8125,-3.9062,2.0,0.0,0.8123500943183899,0.8177965879440308,0.8245856165885925,0.8210928440093994,0.8452380895614624,0.12966418266296387,0.6054104566574097,0.02814054675400257,0.13230721652507782
350,-25.2188,-4.7777,-29.9965,-28.75,-2.2188,2.0,0.0,0.8482402563095093,0.8376052379608154,0.8393162488937378,0.8569115996360779,0.8415178656578064,0.12037468701601028,0.6323460936546326,0.02273787371814251,0.12006374448537827
355,-24.9625,-4.9563,-29.9188,-27.6094,-4.4766,2.0,0.0,0.8474114537239075,0.8407935500144958,0.800000011920929,0.7954688668251038,0.8720238208770752,0.12838153541088104,0.6191309094429016,0.02448694035410881,0.12352301180362701
360,-25.4727,-4.373,-29.8457,-28.0938,-3.5781,2.0,0.0,0.8632534146308899,0.8604735136032104,0.8244274854660034,0.8436154723167419,0.8779761791229248,0.11994714289903641,0.6468439102172852,0.020366914570331573,0.10836442559957504
365,-25.2836,-4.45,-29.7336,-28.3906,-2.8672,2.0,0.0,0.8729496002197266,0.8582959175109863,0.8562753200531006,0.8548802733421326,0.8720238208770752,0.13032494485378265,0.6404695510864258,0.019200870767235756,0.10552705079317093
370,-25.1453,-4.7102,-29.8555,-28.6406,-2.4609,2.0,0.0,0.842407763004303,0.8475677967071533,0.8469565510749817,0.8187270760536194,0.8958333134651184,0.1284981369972229,0.6280317306518555,0.022349191829562187,0.11664334684610367
375,-24.1805,-6.1957,-30.3762,-27.9844,-3.7266,2.0,0.0,0.7837921380996704,0.7793529033660889,0.7891891598701477,0.7687847018241882,0.8125,0.1256607621908188,0.5730332732200623,0.03595304861664772,0.16087530553340912
380,-24.5719,-5.7141,-30.2859,-28.1406,-3.4609,2.0,0.0,0.8078370094299316,0.8068019151687622,0.7376623153686523,0.784440815448761,0.800595223903656,0.12398942559957504,0.5977145433425903,0.029928483068943024,0.143889918923378
385,-24.223,-6.216,-30.4391,-27.5156,-4.7109,2.0,0.0,0.7754093408584595,0.7771207094192505,0.7674685120582581,0.7785680294036865,0.800595223903656,0.1258162260055542,0.5718283653259277,0.033931903541088104,0.16394589841365814
390,-24.1668,-6.4059,-30.5727,-26.7031,-6.125,2.0,0.0,0.7995033860206604,0.7658166885375977,0.7427884340286255,0.7459785342216492,0.7916666865348816,0.12523320317268372,0.5639770030975342,0.03233831003308296,0.17397387325763702
395,-22.9965,-8.0926,-31.0891,-25.4531,-8.0625,2.0,0.0,0.7375152111053467,0.6872424483299255,0.7366382479667664,0.6689478158950806,0.7206101417541504,0.12764303386211395,0.49051615595817566,0.05017879232764244,0.22718438506126404
400,-23.2121,-8.2004,-31.4125,-25.2578,-8.8047,2.0,0.0,0.7290277481079102,0.6737809777259827,0.7185970544815063,0.6593765020370483,0.6982886791229248,0.11073538661003113,0.49898943305015564,0.047652363777160645,0.23814521729946136
405,-23.3512,-7.9762,-31.3273,-25.2109,-9.0156,2.0,0.0,0.782063364982605,0.6926741600036621,0.7287581562995911,0.607929527759552,0.7555803656578064,0.12395056337118149,0.49766790866851807,0.035680968314409256,0.23822294175624847
410,-23.1875,-8.3656,-31.5531,-25.6484,-8.1641,2.0,0.0,0.7216964364051819,0.6702296137809753,0.7016806602478027,0.6233705282211304,0.7202380895614624,0.11089085787534714,0.490904837846756,0.04625311121344566,0.2474735677242279
415,-23.1066,-8.402,-31.5086,-25.1875,-9.2969,2.0,0.0,0.7244998216629028,0.6531625390052795,0.7235996127128601,0.652838408946991,0.7180059552192688,0.11850901693105698,0.48546332120895386,0.04232742637395859,0.24922263622283936
420,-22.7789,-8.6473,-31.4262,-25.5078,-8.5156,2.0,0.0,0.6918075680732727,0.6561886072158813,0.7184750437736511,0.642073929309845,0.7101934552192688,0.11955846101045609,0.47481343150138855,0.05301617085933685,0.2481343299150467
425,-22.2816,-9.4895,-31.7711,-25.4688,-8.2891,2.0,0.0,0.6651162505149841,0.6269702315330505,0.6716129183769226,0.5926345586776733,0.644345223903656,0.11699315905570984,0.44387438893318176,0.06024564802646637,0.2744092047214508
430,-21.9008,-9.8562,-31.757,-24.5859,-10.125,2.0,0.0,0.6471680402755737,0.6022416353225708,0.6672782897949219,0.5952777862548828,0.6476934552192688,0.12558302283287048,0.42653918266296387,0.06354943662881851,0.2798507511615753
435,-21.927,-10.043,-31.9699,-24.9297,-9.6719,2.0,0.0,0.6344523429870605,0.5854061245918274,0.6239117980003357,0.5941389203071594,0.6372767686843872,0.11462219804525375,0.42346858978271484,0.0669698417186737,0.2904617488384247
440,-22.1957,-9.5992,-31.7949,-24.8281,-9.5938,2.0,0.0,0.6433355808258057,0.6170607209205627,0.6359703540802002,0.6071830987930298,0.6506696343421936,0.11606032401323318,0.4406094551086426,0.06288868188858032,0.2759639322757721
445,-23.0758,-8.4227,-31.4984,-24.7812,-9.875,2.0,0.0,0.6957555413246155,0.658879280090332,0.7304560542106628,0.662455141544342,0.6927083134651184,0.11446672677993774,0.4841417968273163,0.04773009940981865,0.2491837739944458
450,-23.5777,-7.7094,-31.2871,-25.9453,-7.6875,2.0,0.0,0.749660313129425,0.7080485820770264,0.7154150009155273,0.6323977112770081,0.7645089030265808,0.11442785710096359,0.511893630027771,0.039334576576948166,0.22986629605293274
455,-23.3184,-8.2586,-31.577,-25.4453,-8.6172,2.0,0.0,0.7451514005661011,0.6682711839675903,0.7364184856414795,0.6234567761421204,0.722470223903656,0.11423352360725403,0.48449161648750305,0.038634948432445526,0.25816231966018677
460,-23.577,-7.5727,-31.1496,-25.75,-8.0547,2.0,0.0,0.7330257296562195,0.700754702091217,0.7839922904968262,0.6896310448646545,0.7511160969734192,0.11792599409818649,0.5150030851364136,0.04030628129839897,0.22228699922561646
465,-23.7555,-7.2848,-31.0402,-25.9609,-7.8203,2.0,0.0,0.7883070707321167,0.7203090786933899,0.7853170037269592,0.6905112266540527,0.7142857313156128,0.12099657952785492,0.5282182693481445,0.03494247421622276,0.21136504411697388
470,-23.3805,-7.8941,-31.2746,-25.2578,-9.0859,2.0,0.0,0.7405247688293457,0.6813093423843384,0.7515029907226562,0.6842719316482544,0.7202380895614624,0.11998600512742996,0.5034592747688293,0.038790423423051834,0.23328669369220734
475,-22.6375,-8.7508,-31.3883,-25.2031,-8.7266,2.0,0.0,0.7016991972923279,0.6538333892822266,0.699434220790863,0.6536904573440552,0.668154776096344,0.12352301180362701,0.4674284756183624,0.054959576576948166,0.24961131811141968
480,-22.1605,-9.366,-31.5266,-25.3203,-8.8438,2.0,0.0,0.6545855402946472,0.6355301737785339,0.6554622054100037,0.6153035163879395,0.6811755895614624,0.12332867085933685,0.4493936598300934,0.06475435197353363,0.2580457031726837
485,-22.5598,-8.8688,-31.4285,-25.7891,-7.6719,2.0,0.0,0.685056746006012,0.6583340167999268,0.6703296899795532,0.6455091834068298,0.652529776096344,0.1232898011803627,0.46334731578826904,0.05659203976392746,0.2522932291030884
490,-21.8805,-10.3316,-32.2121,-25.125,-9.0469,2.0,0.0,0.5866466760635376,0.5905038714408875,0.5968614816665649,0.573516309261322,0.5770089030265808,0.10362251102924347,0.4142179787158966,0.07182835787534714,0.30585354566574097
495,-22.3852,-9.1324,-31.5176,-24.9375,-9.5391,2.0,0.0,0.685075581073761,0.6510874032974243,0.6358100175857544,0.6220781207084656,0.652157723903656,0.11823693662881851,0.4557291567325592,0.06382151693105698,0.2577347755432129
500,-22.0199,-9.9496,-31.9695,-25.0469,-9.2734,2.0,0.0,0.5963532328605652,0.5980507135391235,0.587266743183136,0.5985013842582703,0.6692708134651184,0.10871423780918121,0.43069806694984436,0.07081778347492218,0.28529229760169983
505,-22.0898,-10.3418,-32.4316,-24.5469,-10.3203,2.0,0.0,0.5602510571479797,0.5589872002601624,0.5909090638160706,0.5707395672798157,0.6674107313156128,0.09289489686489105,0.41907650232315063,0.06926306337118149,0.314287930727005
510,-21.5445,-10.8125,-32.357,-25.1484,-9.2344,2.0,0.0,0.569003701210022,0.5562384128570557,0.5392404794692993,0.5610809326171875,0.6078869104385376,0.10533270984888077,0.3984375,0.07676461338996887,0.31498757004737854
515,-22.3816,-9.6574,-32.0391,-25.6094,-8.2422,2.0,0.0,0.6391715407371521,0.6062148809432983,0.6568241715431213,0.5969886183738708,0.625,0.10696517676115036,0.4427860677242279,0.05923507362604141,0.2865360677242279
520,-21.6406,-10.6941,-32.3348,-24.8828,-9.5781,2.0,0.0,0.6239944100379944,0.5607348680496216,0.5897291302680969,0.5408512949943542,0.6030505895614624,0.11112406849861145,0.39773786067962646,0.06887438148260117,0.3177860677242279
525,-22.0672,-9.7883,-31.8555,-24.8281,-9.5703,2.0,0.0,0.6433036923408508,0.6064224243164062,0.650060772895813,0.5983561873435974,0.6305803656578064,0.11812033504247665,0.4296875,0.06397698819637299,0.28373757004737854
530,-22.0594,-9.9035,-31.9629,-24.7344,-9.9922,2.0,0.0,0.6400560140609741,0.5941649079322815,0.587759792804718,0.6064218878746033,0.633184552192688,0.111007459461689,0.43030938506126404,0.06731965392827988,0.2868858873844147
535,-22.668,-8.9594,-31.6273,-24.7031,-10.1016,2.0,0.0,0.6946590542793274,0.6322575211524963,0.6875439882278442,0.6460516452789307,0.6581101417541504,0.11571051180362701,0.4612484574317932,0.05523165315389633,0.2633317708969116
540,-23.1898,-8.1266,-31.3164,-25.9219,-7.7578,2.0,0.0,0.7252354621887207,0.6663008332252502,0.7234944701194763,0.6889626383781433,0.719122052192688,0.11967506259679794,0.4958411157131195,0.04582555964589119,0.23418065905570984
545,-23.3559,-7.8941,-31.25,-25.9062,-7.6484,2.0,0.0,0.7302146553993225,0.6894575953483582,0.757722020149231,0.6658035516738892,0.7362351417541504,0.12130752205848694,0.5087841749191284,0.04026741161942482,0.22516325116157532
550,-22.907,-8.5914,-31.4984,-25.4688,-8.6406,2.0,0.0,0.7085828185081482,0.6569295525550842,0.6780303120613098,0.6580594778060913,0.6666666865348816,0.11683768779039383,0.479011207818985,0.051305968314409256,0.2483675330877304
555,-23.002,-8.3723,-31.3742,-25.5938,-8.4375,2.0,0.0,0.7217586636543274,0.6719696521759033,0.7073981761932373,0.6555695533752441,0.6826636791229248,0.12111318111419678,0.481304407119751,0.046758394688367844,0.2463463991880417
560,-23.118,-8.316,-31.434,-25.7656,-7.8359,2.0,0.0,0.734633207321167,0.6626911163330078,0.7458659410476685,0.664940357208252,0.6741071343421936,0.11761505156755447,0.4855799078941345,0.04465951398015022,0.24766790866851807
565,-23.5266,-7.4813,-31.0078,-26.375,-6.6406,2.0,0.0,0.7694714069366455,0.6975142359733582,0.762948215007782,0.7122013568878174,0.7578125,0.12426150590181351,0.5191231369972229,0.03902363032102585,0.21311411261558533
570,-23.2398,-8.0395,-31.2793,-25.9609,-7.375,2.0,0.0,0.7122534513473511,0.6735330820083618,0.7324954867362976,0.6890476942062378,0.7362351417541504,0.12021921575069427,0.4981343150138855,0.04329913109540939,0.23386971652507782
575,-23.5992,-7.5188,-31.118,-26.9766,-5.6719,2.0,0.0,0.7304609417915344,0.7017985582351685,0.7178770899772644,0.7209302186965942,0.7369791865348816,0.1163712665438652,0.5251476764678955,0.041744403541088104,0.21225902438163757
580,-23.4145,-7.6094,-31.0238,-26.3281,-6.9453,2.0,0.0,0.745580792427063,0.7088501453399658,0.7364055514335632,0.6866808533668518,0.7470238208770752,0.12313432991504669,0.5107665061950684,0.04217195138335228,0.21944962441921234
585,-23.5602,-7.2348,-30.7949,-26.3594,-6.3906,2.0,0.0,0.7482345700263977,0.7195388674736023,0.7549549341201782,0.7441111207008362,0.7600446343421936,0.12659358978271484,0.5327270030975342,0.043143656104803085,0.19305814802646637
590,-23.3867,-7.8254,-31.2121,-26.5391,-6.3594,2.0,0.0,0.7001669406890869,0.6816778182983398,0.7543859481811523,0.7260931134223938,0.715029776096344,0.11641013622283936,0.516130268573761,0.04430970177054405,0.2186722606420517
595,-23.4754,-7.8602,-31.3355,-26.4375,-6.6094,2.0,0.0,0.7071576118469238,0.6778868436813354,0.7667560577392578,0.7165578603744507,0.687127947807312,0.1129508689045906,0.5069185495376587,0.043493468314409256,0.23215951025485992
600,-22.7812,-8.4527,-31.234,-26.1094,-7.0312,2.0,0.0,0.7045663595199585,0.6594979166984558,0.7233883142471313,0.6723527312278748,0.7273065447807312,0.12682680785655975,0.4753187298774719,0.051850125193595886,0.2415267378091812
605,-23.2445,-8.1438,-31.3883,-25.9844,-7.6328,2.0,0.0,0.7499181628227234,0.6599020957946777,0.7396121621131897,0.6667200922966003,0.7388392686843872,0.11874222755432129,0.49222636222839355,0.042094215750694275,0.24245958030223846
610,-22.9961,-8.1953,-31.1914,-26.5,-6.3906,2.0,0.0,0.7067307829856873,0.6687707304954529,0.7473841309547424,0.6965131759643555,0.715029776096344,0.12126865983009338,0.4926150441169739,0.052005596458911896,0.22963307797908783
615,-23.0648,-8.0742,-31.1391,-26.2734,-7.1719,2.0,0.0,0.7244964241981506,0.6876607537269592,0.7059690356254578,0.6952908635139465,0.6845238208770752,0.11963619291782379,0.49863961338996887,0.05274409055709839,0.22450248897075653
620,-23.4672,-7.5203,-30.9875,-26.2266,-6.8438,2.0,0.0,0.7244640588760376,0.7104293704032898,0.7350580096244812,0.721182107925415,0.7325148582458496,0.1232898011803627,0.5169076323509216,0.04357120767235756,0.2117537260055542
625,-23.8801,-6.7367,-30.6168,-26.8438,-5.7734,2.0,0.0,0.7614538669586182,0.7481371164321899,0.7664233446121216,0.741730272769928,0.812872052192688,0.12725435197353363,0.5476912260055542,0.0372745655477047,0.18330223858356476
630,-23.677,-6.8102,-30.4871,-27.2266,-5.1719,2.0,0.0,0.7526223659515381,0.7476682662963867,0.7722586989402771,0.7725396752357483,0.7875744104385376,0.13339552283287048,0.5417444109916687,0.04147232696413994,0.17891013622283936
635,-24.0176,-6.7969,-30.8145,-26.9688,-5.6172,2.0,0.0,0.7877538204193115,0.739216685295105,0.77320796251297,0.737494945526123,0.7544642686843872,0.12251243740320206,0.5487795472145081,0.033076804131269455,0.1911536008119583
640,-24.3879,-5.9402,-30.3281,-27.6562,-4.4531,2.0,0.0,0.7943609952926636,0.7867282629013062,0.8169533014297485,0.8036733865737915,0.7942708134651184,0.12682680785655975,0.5804570913314819,0.03163868188858032,0.15659981966018677
645,-24.1492,-6.4129,-30.5621,-27.5859,-4.4297,2.0,0.0,0.7877731919288635,0.771268904209137,0.7673649191856384,0.7597590684890747,0.7473958134651184,0.12270677834749222,0.5633162260055542,0.03525342047214508,0.1742459535598755
650,-24.3441,-6.1391,-30.4832,-27.3672,-4.8906,2.0,0.0,0.77054363489151,0.7779273390769958,0.7892215847969055,0.7823486924171448,0.7994791865348816,0.12297885864973068,0.5775808691978455,0.03245491161942482,0.1625077724456787
655,-24.0953,-6.3133,-30.4086,-27.3516,-4.9922,2.0,0.0,0.8092799186706543,0.7684000730514526,0.793379008769989,0.7650336623191833,0.7979910969734192,0.12900342047214508,0.565065324306488,0.03404850885272026,0.1674051582813263
660,-24.3258,-6.5953,-30.9211,-26.9062,-5.9766,2.0,0.0,0.7661318778991699,0.7391933798789978,0.808857798576355,0.764162540435791,0.753720223903656,0.10902518779039383,0.5637826323509216,0.03334888070821762,0.1893656700849533
665,-24.1809,-6.482,-30.6629,-26.7422,-6.1641,2.0,0.0,0.7997484803199768,0.7602811455726624,0.8116308450698853,0.7479242086410522,0.746279776096344,0.12363961338996887,0.5585743188858032,0.03074471466243267,0.18256373703479767
670,-24.2023,-6.4496,-30.652,-26.9453,-5.875,2.0,0.0,0.7863386273384094,0.7519620060920715,0.7870680093765259,0.7541961073875427,0.816592276096344,0.12006374448537827,0.5645988583564758,0.03486473858356476,0.17599502205848694
675,-24.4707,-6.016,-30.4867,-26.9688,-5.6875,2.0,0.0,0.8307597041130066,0.7710584402084351,0.8213165998458862,0.7753810286521912,0.8072916865348816,0.12585510313510895,0.5790966749191284,0.02479788474738598,0.1657727062702179
680,-24.2883,-6.0527,-30.341,-26.6562,-6.2188,2.0,0.0,0.8133687973022461,0.7798381447792053,0.8021107912063599,0.7708179950714111,0.8225446343421936,0.13141325116157532,0.5764148235321045,0.029462065547704697,0.15823227167129517
685,-24.7039,-5.6199,-30.3238,-27.3203,-5.0078,2.0,0.0,0.8444034457206726,0.795370876789093,0.8256579041481018,0.7930513620376587,0.804315447807312,0.12639924883842468,0.5911069512367249,0.02363184094429016,0.1543843299150467
690,-24.4727,-5.8434,-30.316,-26.5469,-6.6484,2.0,0.0,0.8408471941947937,0.7886494398117065,0.8372740149497986,0.7864506840705872,0.7823660969734192,0.12845925986766815,0.5807680487632751,0.02794620580971241,0.15834887325763702
695,-24.2145,-6.4066,-30.6211,-26.6875,-6.3906,2.0,0.0,0.8314640522003174,0.7551777362823486,0.8220587968826294,0.7282449007034302,0.8046875,0.12822605669498444,0.5555037260055542,0.026430347934365273,0.18536224961280823
700,-24.0801,-6.4996,-30.5797,-26.3203,-7.0078,2.0,0.0,0.8027231693267822,0.7651063203811646,0.7770780920982361,0.7310315370559692,0.7756696343421936,0.12845925986766815,0.5538324117660522,0.030861318111419678,0.1823693960905075
705,-24.0496,-6.782,-30.8316,-25.5703,-8.6719,2.0,0.0,0.790645182132721,0.737826943397522,0.7853773832321167,0.7391129732131958,0.7518601417541504,0.12049129605293274,0.5483908653259277,0.0329601988196373,0.1936800330877304
710,-23.909,-7.0902,-30.9992,-26.0391,-7.5938,2.0,0.0,0.8063994646072388,0.7216029167175293,0.7772396802902222,0.713809072971344,0.719122052192688,0.12025808542966843,0.5334655046463013,0.03210509940981865,0.20969371497631073
715,-23.6973,-7.4035,-31.1008,-26.3906,-6.9141,2.0,0.0,0.7690808773040771,0.7032396793365479,0.7617977261543274,0.7065567970275879,0.7421875,0.11967506259679794,0.5242925882339478,0.03459266200661659,0.216962069272995
720,-23.1313,-8.1195,-31.2508,-25.6719,-8.3281,2.0,0.0,0.7207293510437012,0.6701824069023132,0.7464553713798523,0.700409471988678,0.6908482313156128,0.1215018630027771,0.49012747406959534,0.046602923423051834,0.23729011416435242
725,-23.1852,-8.2496,-31.4348,-25.5547,-8.3281,2.0,0.0,0.7149455547332764,0.6695008873939514,0.7430117130279541,0.6648918986320496,0.6875,0.11780939251184464,0.49370336532592773,0.04310479015111923,0.24090485274791718
730,-23.5887,-7.4965,-31.0852,-25.7109,-8.0625,2.0,0.0,0.7876077890396118,0.7130454182624817,0.7365648150444031,0.673870325088501,0.7217261791229248,0.12169620394706726,0.5193174481391907,0.036885883659124374,0.2176228165626526
735,-22.9852,-8.4164,-31.4016,-24.9062,-9.625,2.0,0.0,0.7292942404747009,0.6709541082382202,0.7020934224128723,0.6512244343757629,0.6688988208770752,0.1206078976392746,0.4774564802646637,0.04827425256371498,0.2491837739944458
740,-23.3906,-7.8762,-31.2668,-25.1719,-9.2344,2.0,0.0,0.7475377321243286,0.6931324005126953,0.720973789691925,0.6577469706535339,0.734747052192688,0.11839241534471512,0.5003109574317932,0.04151119291782379,0.23530784249305725
745,-23.6039,-7.4578,-31.0617,-25.4688,-8.2656,2.0,0.0,0.7423622012138367,0.7053717374801636,0.7664864659309387,0.7012083530426025,0.7645089030265808,0.12340640276670456,0.5238650441169739,0.03595304861664772,0.21229788661003113
750,-23.7691,-7.2867,-31.0559,-25.5703,-8.6016,2.0,0.0,0.7745513916015625,0.7032570838928223,0.7898229956626892,0.7272394895553589,0.7358630895614624,0.11913090944290161,0.5286458134651184,0.035136815160512924,0.21260882914066315
755,-23.5688,-7.4977,-31.0664,-25.7344,-8.25,2.0,0.0,0.7730496525764465,0.7073519229888916,0.7928730249404907,0.6844919919967651,0.7295386791229248,0.1260494440793991,0.5165189504623413,0.03490360826253891,0.21805037558078766
760,-23.5816,-7.4719,-31.0535,-26.375,-6.9453,2.0,0.0,0.7760301828384399,0.702620804309845,0.7826552391052246,0.704803466796875,0.7232142686843872,0.12356188148260117,0.5131374597549438,0.03630286082625389,0.22252021729946136
765,-23.3992,-7.7781,-31.1773,-25.3672,-8.8438,2.0,0.0,0.7495297789573669,0.6821151375770569,0.7941473126411438,0.6865594983100891,0.7507440447807312,0.12398942559957504,0.5057136416435242,0.03851834684610367,0.2273010015487671
770,-23.6137,-7.6188,-31.2324,-25.4609,-8.5156,2.0,0.0,0.7657389044761658,0.6940473318099976,0.762312650680542,0.6829725503921509,0.7325148582458496,0.11730410158634186,0.5138759613037109,0.03630286082625389,0.22803948819637299
775,-22.9301,-8.6297,-31.5598,-25.2656,-9.0469,2.0,0.0,0.7130235433578491,0.6508027911186218,0.7168067097663879,0.6419010162353516,0.6804315447807312,0.11878109723329544,0.47205379605293274,0.04625311121344566,0.25843438506126404
780,-23.248,-8.1754,-31.4234,-24.8906,-9.7266,2.0,0.0,0.7625040411949158,0.6666666865348816,0.7397660613059998,0.6465653777122498,0.71875,0.12045242637395859,0.48962220549583435,0.0398787297308445,0.24556903541088104
785,-22.9953,-8.7441,-31.7395,-24.4453,-10.7344,2.0,0.0,0.7472454309463501,0.6350821852684021,0.7507082223892212,0.6192653775215149,0.6703869104385376,0.11641013622283936,0.4659903645515442,0.04116138070821762,0.2719604969024658
790,-23.2789,-8.2473,-31.5262,-24.8828,-9.9297,2.0,0.0,0.7524320483207703,0.6567769646644592,0.7467597126960754,0.6383405327796936,0.7440476417541504,0.11586598306894302,0.48865050077438354,0.038984764367341995,0.2520211338996887
795,-22.543,-9.5926,-32.1355,-25.1562,-9.5703,2.0,0.0,0.6658228039741516,0.586859405040741,0.6941896080970764,0.6103019118309021,0.6186755895614624,0.10747046023607254,0.4436800479888916,0.05083955079317093,0.2935323417186737
800,-22.6414,-9.3348,-31.9762,-24.2812,-11.0625,2.0,0.0,0.6784692406654358,0.6128557920455933,0.699478030204773,0.6122004389762878,0.6179315447807312,0.10867537558078766,0.44927704334259033,0.05212220177054405,0.28544774651527405
805,-22.5816,-9.0371,-31.6187,-24.9453,-9.5469,2.0,0.0,0.7002559304237366,0.6340982913970947,0.7135377526283264,0.6293665766716003,0.6491815447807312,0.1215018630027771,0.45390236377716064,0.05196673050522804,0.2681514322757721
810,-22.6934,-9.1406,-31.834,-25.2734,-9.0781,2.0,0.0,0.7059228420257568,0.6332009434700012,0.6697039008140564,0.6085694432258606,0.6298363208770752,0.1128731369972229,0.45024874806404114,0.0511893667280674,0.28121113777160645
815,-21.8676,-9.7598,-31.6273,-25.4375,-8.4922,2.0,0.0,0.6693791151046753,0.617091178894043,0.6658682823181152,0.5952951312065125,0.6298363208770752,0.12896455824375153,0.42572295665740967,0.06490982323884964,0.27592507004737854
820,-22.6918,-9.0922,-31.784,-25.4609,-8.5391,2.0,0.0,0.7077831625938416,0.6256371140480042,0.6620336771011353,0.6302149891853333,0.6376488208770752,0.11186256259679794,0.45755597949028015,0.05313277244567871,0.27297109365463257
825,-22.6488,-9.0059,-31.6547,-25.5781,-8.3281,2.0,0.0,0.6973381638526917,0.6289653778076172,0.658771276473999,0.6382417678833008,0.680059552192688,0.11827580630779266,0.4594604969024658,0.052510883659124374,0.26527518033981323
830,-22.7754,-8.693,-31.4684,-25.7266,-8.1016,2.0,0.0,0.6950240731239319,0.6438412666320801,0.6792307496070862,0.6523677706718445,0.7299107313156128,0.12107431888580322,0.4711209535598755,0.05052860826253891,0.25279849767684937
835,-23.2402,-8.15,-31.3902,-26.0703,-7.4375,2.0,0.0,0.7030822038650513,0.6748191118240356,0.7385129332542419,0.678105354309082,0.6919642686843872,0.11349502205848694,0.49424752593040466,0.04652518779039383,0.24125465750694275
840,-22.9039,-8.5719,-31.4758,-26.4766,-6.5312,2.0,0.0,0.7112194895744324,0.6539589166641235,0.7085668444633484,0.6521739363670349,0.6897321343421936,0.11951959133148193,0.4771455228328705,0.04854632914066315,0.2503109574317932
845,-22.9699,-8.5676,-31.5375,-26.5547,-6.2578,2.0,0.0,0.6965517401695251,0.6482892632484436,0.7068063020706177,0.6517236232757568,0.7172619104385376,0.1127176582813263,0.4793998897075653,0.05196673050522804,0.25143811106681824
850,-23.0535,-8.7812,-31.8348,-25.7812,-8.0156,2.0,0.0,0.6890786290168762,0.6204606890678406,0.7152900099754333,0.6529309153556824,0.687872052192688,0.10925839841365814,0.47415268421173096,0.04423196613788605,0.2678793668746948
855,-22.8738,-8.741,-31.6148,-26.2812,-6.7812,2.0,0.0,0.7031671404838562,0.6481755375862122,0.6850699782371521,0.6598670482635498,0.620907723903656,0.11536069959402084,0.47294774651527405,0.04998445138335228,0.2572294771671295
860,-22.7406,-9.1457,-31.8863,-25.2969,-9.0312,2.0,0.0,0.6784845590591431,0.626021146774292,0.6766325831413269,0.6191656589508057,0.6417410969734192,0.11182369291782379,0.4519978165626526,0.049401428550481796,0.2822994291782379
865,-22.1816,-9.8922,-32.0738,-24.3203,-10.7266,2.0,0.0,0.6696397662162781,0.5877569913864136,0.6325857639312744,0.5827244520187378,0.6350446343421936,0.11330068111419678,0.42541199922561646,0.05892413109540939,0.29788556694984436
870,-22.3207,-9.7535,-32.0742,-24.7656,-10.0469,2.0,0.0,0.6610978245735168,0.5929698348045349,0.6593015193939209,0.585490882396698,0.6462053656578064,0.11400031298398972,0.4312422275543213,0.05453202873468399,0.2957478165626526
875,-21.7945,-10.5023,-32.2969,-24.3594,-10.5078,2.0,0.0,0.6376811861991882,0.5586308240890503,0.6204156279563904,0.5608018636703491,0.5904017686843872,0.11263992637395859,0.39742693305015564,0.06358830630779266,0.3218672275543213
880,-21.9395,-10.3883,-32.3277,-24.2109,-11.1328,2.0,0.0,0.6392450332641602,0.5545082092285156,0.6316758990287781,0.5711110830307007,0.5963541865348816,0.10914178937673569,0.40823227167129517,0.0633162334561348,0.31483209133148193
885,-21.5387,-11.0,-32.5387,-24.0312,-11.3281,2.0,0.0,0.6078574061393738,0.5391075611114502,0.5646258592605591,0.5264923572540283,0.6060267686843872,0.1068485677242279,0.3841340243816376,0.06856343150138855,0.33597636222839355
890,-21.0723,-11.8555,-32.9277,-23.6406,-12.1094,2.0,0.0,0.5774536728858948,0.5054776668548584,0.5285575985908508,0.48157697916030884,0.542782723903656,0.09860852360725403,0.35478857159614563,0.08030162006616592,0.361823707818985
895,-21.1383,-11.734,-32.8723,-24.0391,-11.4531,2.0,0.0,0.5497075915336609,0.5039982795715332,0.5370818972587585,0.5053505301475525,0.5409226417541504,0.09969682991504669,0.3596859574317932,0.08018501102924347,0.3559545874595642
900,-20.6758,-12.1785,-32.8543,-24.0469,-11.2266,2.0,0.0,0.5401768684387207,0.47273337841033936,0.5380365252494812,0.49912798404693604,0.5345982313156128,0.10109607875347137,0.34639304876327515,0.09145677834749222,0.35657650232315063
905,-21.0039,-12.0332,-33.0371,-24.2344,-10.8516,2.0,0.0,0.5267820954322815,0.4813213646411896,0.5623809695243835,0.49130988121032715,0.5212053656578064,0.09650964289903641,0.35062965750694275,0.0816231369972229,0.3667599558830261
910,-20.4805,-12.3957,-32.8762,-24.3047,-10.5469,2.0,0.0,0.5136960744857788,0.4886547923088074,0.518971860408783,0.48535430431365967,0.4936755895614624,0.10358364135026932,0.33574315905570984,0.09526585787534714,0.3609297275543213
915,-20.7332,-12.5664,-33.2996,-23.3438,-12.8203,2.0,0.0,0.5025083422660828,0.4697892367839813,0.5050597786903381,0.4605395495891571,0.484375,0.09297263622283936,0.3319340944290161,0.08449938148260117,0.38611629605293274
920,-20.5375,-12.7855,-33.323,-23.3828,-12.6719,2.0,0.0,0.5402973294258118,0.43721503019332886,0.5180055499076843,0.44486916065216064,0.5178571343421936,0.09934701770544052,0.3154151141643524,0.08418843150138855,0.3965718150138855
925,-20.4871,-13.0434,-33.5305,-22.8594,-13.4141,2.0,0.0,0.5193026065826416,0.43031445145606995,0.5057207942008972,0.4250190556049347,0.5011160969734192,0.09363339841365814,0.3090018630027771,0.08492692559957504,0.4079602062702179
930,-20.498,-13.0309,-33.5289,-22.5156,-14.5,2.0,0.0,0.5244932174682617,0.44871312379837036,0.5063006281852722,0.421173095703125,0.4613095223903656,0.0920398011803627,0.3095848858356476,0.08636505156755447,0.407532662153244
935,-20.8047,-12.5969,-33.4016,-23.0312,-13.4219,2.0,0.0,0.5595895648002625,0.45827749371528625,0.5324074029922485,0.44508838653564453,0.4661458432674408,0.09849191457033157,0.3190687298774719,0.07555969804525375,0.40240204334259033
940,-20.7543,-12.6648,-33.4191,-22.7266,-13.9375,2.0,0.0,0.5180273652076721,0.4406593441963196,0.5367611646652222,0.45567786693573,0.4866071343421936,0.09378886967897415,0.31833022832870483,0.08088464289903641,0.4025186598300934
945,-21.0273,-12.3461,-33.3734,-23.875,-11.6875,2.0,0.0,0.562420666217804,0.4666512906551361,0.49482935667037964,0.4636300504207611,0.488095223903656,0.09184546023607254,0.3368314802646637,0.07517102360725403,0.3916744291782379
950,-20.1238,-13.2977,-33.4215,-22.3594,-14.5078,2.0,0.0,0.5337784886360168,0.44219040870666504,0.48609381914138794,0.3990325331687927,0.5167410969734192,0.0989583358168602,0.2931436598300934,0.09363339841365814,0.40978699922561646
955,-20.2969,-13.2293,-33.5262,-22.0078,-15.3984,2.0,0.0,0.559553325176239,0.45366546511650085,0.4978373646736145,0.396515816450119,0.454985111951828,0.09398321062326431,0.30115050077438354,0.08986318111419678,0.41052550077438354
960,-20.3398,-13.0379,-33.3777,-22.9219,-13.3125,2.0,0.0,0.6056603789329529,0.47768929600715637,0.4765917658805847,0.3994005620479584,0.441592276096344,0.10300061851739883,0.30748599767684937,0.08302238583564758,0.40201336145401
965,-20.298,-13.4555,-33.7535,-23.2969,-12.8203,2.0,0.0,0.5394209623336792,0.43873777985572815,0.47690334916114807,0.3846365809440613,0.449404776096344,0.08725901693105698,0.29438742995262146,0.09087375551462173,0.4230021834373474
970,-20.4113,-13.2922,-33.7035,-23.4609,-12.5391,2.0,0.0,0.4853881299495697,0.4248265326023102,0.4919809401035309,0.41483134031295776,0.4676339328289032,0.0851212665438652,0.3024720251560211,0.08966884016990662,0.41826024651527405
975,-19.7699,-14.0793,-33.8492,-22.2109,-14.7812,2.0,0.0,0.4811403453350067,0.3935374617576599,0.45959213376045227,0.36780044436454773,0.472842276096344,0.0886194035410881,0.2754586338996887,0.10292288661003113,0.42852145433425903
980,-19.668,-13.9738,-33.6418,-23.0938,-13.1328,2.0,0.0,0.4736175537109375,0.4138028919696808,0.4481883943080902,0.3932284414768219,0.4274553656578064,0.09207867085933685,0.27370956540107727,0.10727611929178238,0.4224580228328705
985,-19.4195,-14.8715,-34.291,-21.9766,-15.1562,1.9976,0.0,0.4635235667228699,0.36419159173965454,0.41081660985946655,0.3375239372253418,0.3627232015132904,0.07831934094429016,0.24183768033981323,0.10851989686489105,0.46684545278549194
990,-20.0039,-14.0684,-34.0723,-23.0,-13.3438,1.986,0.0,0.45731401443481445,0.3783859312534332,0.4378955662250519,0.38344937562942505,0.4330357015132904,0.07785291969776154,0.27837374806404114,0.09825870394706726,0.44103699922561646
995,-19.7141,-14.3996,-34.1137,-22.8672,-13.3516,1.9905,0.0,0.3986828625202179,0.35467907786369324,0.4210716784000397,0.3814396858215332,0.4397321343421936,0.07672574371099472,0.26706311106681824,0.10735385864973068,0.44437965750694275
1000,-19.3855,-14.6969,-34.0824,-23.375,-12.6172,1.9814,0.0,0.4312104880809784,0.3640357553958893,0.38408780097961426,0.36560264229774475,0.4095982015132904,0.07995180040597916,0.2565687298774719,0.11333955079317093,0.44566231966018677
1005,-19.3395,-15.2965,-34.6359,-22.4219,-14.3359,1.9674,0.0,0.40295958518981934,0.30281808972358704,0.37783199548721313,0.3326890468597412,0.3645833432674408,0.06829135864973068,0.23309235274791718,0.11151275038719177,0.48262593150138855
1010,-19.0461,-15.3617,-34.4078,-22.4609,-14.0938,1.9577,0.0,0.35651272535324097,0.31594833731651306,0.3754838705062866,0.34224066138267517,0.3716517984867096,0.07489894330501556,0.2317708283662796,0.12049129605293274,0.4683613181114197
1015,-19.3758,-15.45,-34.8258,-22.5,-14.3438,1.941,0.0,0.39715471863746643,0.3186909258365631,0.36603909730911255,0.31094199419021606,0.3422619104385376,0.06557058542966843,0.2220926582813263,0.10735385864973068,0.500505268573761
1020,-17.9684,-16.2891,-34.2574,-21.7969,-15.0703,1.9323,0.0,0.37035271525382996,0.3241029679775238,0.32306888699531555,0.30095142126083374,0.3392857015132904,0.0815453976392746,0.19931592047214508,0.14894278347492218,0.46571826934814453
1025,-18.8383,-15.7305,-34.5687,-22.6719,-13.625,1.9161,0.0,0.34185123443603516,0.28918400406837463,0.3691789209842682,0.3295639455318451,0.332217276096344,0.06844682991504669,0.22244247794151306,0.1268656700849533,0.4777674078941345
1030,-18.6617,-15.8105,-34.4723,-22.7031,-13.7266,1.9048,0.0,0.35863175988197327,0.32364028692245483,0.35308128595352173,0.31113654375076294,0.3541666567325592,0.07272232323884964,0.21653451025485992,0.13055814802646637,0.47570741176605225
1035,-19.3621,-15.1012,-34.4633,-22.4375,-14.4688,1.9009,0.0,0.37472647428512573,0.33241310715675354,0.3711939752101898,0.34143927693367004,0.3995535671710968,0.07105099409818649,0.2393501251935959,0.1136116310954094,0.4715096354484558
1040,-19.3637,-14.9832,-34.3469,-23.4688,-12.3359,1.8975,0.0,0.41933730244636536,0.3575226664543152,0.35256192088127136,0.34449318051338196,0.3909970223903656,0.07155627757310867,0.24852301180362701,0.11454446613788605,0.46089863777160645
1045,-19.1094,-15.3137,-34.423,-22.3906,-14.5625,1.8882,0.0,0.42324668169021606,0.3410247564315796,0.3964924216270447,0.3178129494190216,0.3656994104385376,0.07925217598676682,0.2290889322757721,0.11302860826253891,0.47415268421173096
1050,-19.0809,-15.332,-34.4129,-22.1094,-15.0078,1.8843,0.0,0.3985728919506073,0.3376222252845764,0.40085920691490173,0.31260737776756287,0.4073660671710968,0.07625932991504669,0.2265625,0.11761505156755447,0.4750854969024658
1055,-19.275,-15.416,-34.691,-22.5625,-14.3828,1.8731,0.0,0.37173667550086975,0.31916695833206177,0.35866156220436096,0.31664401292800903,0.3876488208770752,0.06848569959402084,0.22955535352230072,0.11151275038719177,0.48596858978271484
1060,-18.8227,-15.4371,-34.2598,-22.0703,-14.9688,1.8684,0.0,0.3921663463115692,0.32125234603881836,0.37396377325057983,0.3266599178314209,0.4226190447807312,0.08037935197353363,0.2284281700849533,0.12659358978271484,0.4601212739944458
1065,-19.7789,-14.4984,-34.2773,-22.6484,-14.0,1.8716,0.0,0.43079400062561035,0.35605379939079285,0.41189759969711304,0.37235841155052185,0.3802083432674408,0.07245025038719177,0.2600279748439789,0.10323382914066315,0.4598103165626526
1070,-19.4859,-14.3496,-33.8355,-22.9141,-13.3984,1.8737,0.0,0.4423162639141083,0.3936540186405182,0.41024747490882874,0.37699565291404724,0.4341517984867096,0.08725901693105698,0.26826804876327515,0.11151275038719177,0.4284825921058655
1075,-19.602,-14.7727,-34.3746,-22.2344,-14.6641,1.8701,0.0,0.40292274951934814,0.33972474932670593,0.42181146144866943,0.35542169213294983,0.3835565447807312,0.07447139173746109,0.25136038661003113,0.1051383689045906,0.46455225348472595
1080,-18.7094,-15.6602,-34.3695,-22.0312,-14.7422,1.8636,0.0,0.37175649404525757,0.3136291801929474,0.3586822748184204,0.3209232985973358,0.3939732015132904,0.07789178937673569,0.2215873748064041,0.12624378502368927,0.4697994291782379
1085,-19.3766,-15.1402,-34.5168,-22.0781,-15.0703,1.8482,0.0,0.43010178208351135,0.3441951870918274,0.3618513345718384,0.3229900002479553,0.3988095223903656,0.07256685197353363,0.23736785352230072,0.11085198819637299,0.47473570704460144
1090,-19.0891,-15.202,-34.291,-22.2422,-14.9297,1.8421,0.0,0.40803781151771545,0.3313121199607849,0.39736220240592957,0.33596542477607727,0.3895089328289032,0.08220615983009338,0.23076026141643524,0.11493314802646637,0.4676228165626526
1095,-19.1727,-15.0898,-34.2625,-22.0312,-14.8594,1.8346,0.0,0.391467422246933,0.3421228229999542,0.4141726791858673,0.3427715003490448,0.3753720223903656,0.08290578424930573,0.23289801180362701,0.11298973858356476,0.4667288661003113
1100,-19.0898,-15.8156,-34.9055,-22.3828,-14.4844,1.8227,0.0,0.3973509967327118,0.32952451705932617,0.3482417166233063,0.28409090638160706,0.3266369104385376,0.06456001102924347,0.21089863777160645,0.1138448417186737,0.5062189102172852
1105,-18.2801,-16.5961,-34.8762,-21.5938,-15.9219,1.8119,0.0,0.3613303303718567,0.2566029727458954,0.3541727364063263,0.2678815424442291,0.3061755895614624,0.06895211338996887,0.18100902438163757,0.13366760313510895,0.511893630027771
1110,-18.4598,-16.2742,-34.734,-21.1719,-16.6484,1.7972,0.0,0.3725067377090454,0.30702275037765503,0.339402973651886,0.28223785758018494,0.302827388048172,0.0721004381775856,0.19647854566574097,0.1302083283662796,0.4967350661754608
1115,-18.6727,-16.698,-35.3707,-21.8516,-15.9219,1.7728,0.0,0.32844164967536926,0.2522445619106293,0.2922782301902771,0.2629557251930237,0.2611607015132904,0.055620335042476654,0.18182525038719177,0.12181281298398972,0.5362640023231506
1120,-17.9477,-17.5891,-35.5367,-21.2734,-16.4688,1.7544,0.0,0.29379844665527344,0.23683547973632812,0.2559782564640045,0.2134600430727005,0.2689732015132904,0.05013992637395859,0.15426772832870483,0.14303483068943024,0.5480799078941345
1125,-17.577,-17.8816,-35.4586,-21.7734,-15.6797,1.7296,0.0,0.27146002650260925,0.2281772345304489,0.23613911867141724,0.2100430428981781,0.2663690447807312,0.0529773011803627,0.1464940905570984,0.15422885119915009,0.5418221354484558
1130,-17.7242,-17.8355,-35.5598,-21.4609,-16.4453,1.7072,0.0,0.30398324131965637,0.2174624800682068,0.24626468122005463,0.2032967060804367,0.2689732015132904,0.055620335042476654,0.14245180785655975,0.1456778645515442,0.55177241563797
1135,-18.3234,-17.291,-35.6145,-21.6797,-15.7969,1.6881,0.0,0.3482280373573303,0.2701399028301239,0.26053181290626526,0.21812057495117188,0.234375,0.05045086890459061,0.16114738583564758,0.13009172677993774,0.5538324117660522
1140,-17.9238,-17.3543,-35.2781,-21.75,-15.5859,1.6772,0.0,0.359375,0.24857355654239655,0.27216216921806335,0.22689320147037506,0.2712053656578064,0.05970149114727974,0.15667754411697388,0.14381219446659088,0.535331130027771
1145,-17.6488,-17.4613,-35.1102,-21.1719,-16.3203,1.6593,0.0,0.3120253086090088,0.216846764087677,0.2753259837627411,0.2443283647298813,0.267485111951828,0.06141168996691704,0.15827114880084991,0.15500621497631073,0.5208333134651184
1150,-17.6148,-18.1328,-35.7477,-21.3828,-16.2031,1.6358,0.0,0.3030303120613098,0.216962531208992,0.22600211203098297,0.18560922145843506,0.2447916716337204,0.05002332106232643,0.1379431039094925,0.1473880559206009,0.5601679086685181
1155,-17.2789,-18.4145,-35.6934,-21.5469,-16.1328,1.6141,0.0,0.2510460317134857,0.21039976179599762,0.21302057802677155,0.17942817509174347,0.2578125,0.046447448432445526,0.1293143630027771,0.16239117085933685,0.5573694109916687
1160,-17.7996,-18.1758,-35.9754,-21.2422,-16.4844,1.5824,0.0,0.28298452496528625,0.20588235557079315,0.2125919908285141,0.18401986360549927,0.2202380895614624,0.04271610826253891,0.13083022832870483,0.14260727167129517,0.5793687701225281
1165,-17.0051,-18.675,-35.6801,-21.4297,-16.0391,1.5588,0.0,0.25953564047813416,0.20581655204296112,0.20375028252601624,0.17596985399723053,0.213913694024086,0.046875,0.12161847203969955,0.16997045278549194,0.5570584535598755
1170,-17.7379,-18.2699,-36.0078,-21.2031,-16.6094,1.5334,0.0,0.23689138889312744,0.19733333587646484,0.21066810190677643,0.1772925704717636,0.2496279776096344,0.04151119291782379,0.1311800330877304,0.1442786008119583,0.5785525441169739
1175,-17.3707,-18.5109,-35.8816,-21.7344,-15.6172,1.5094,0.0,0.21135371923446655,0.19139784574508667,0.20049504935741425,0.18226027488708496,0.2146577388048172,0.04450404271483421,0.12651586532592773,0.15702736377716064,0.5674751400947571
1180,-17.0312,-18.8781,-35.9094,-21.0469,-16.7578,1.4859,0.0,0.23787739872932434,0.1814447045326233,0.18261674046516418,0.16571427881717682,0.2083333283662796,0.0424828976392746,0.11353389173746109,0.16814365983009338,0.5713619589805603
1185,-17.2473,-19.0391,-36.2863,-21.0703,-16.9922,1.4581,0.0,0.18273542821407318,0.15706214308738708,0.17407406866550446,0.1505536437034607,0.1886160671710968,0.0346703976392746,0.103194959461689,0.15741604566574097,0.6002410054206848
1190,-16.9672,-19.2254,-36.1926,-21.0391,-17.0781,1.4366,0.0,0.20846904814243317,0.16356028616428375,0.18279822170734406,0.1451093703508377,0.1588541716337204,0.03579757362604141,0.10218439251184464,0.165850430727005,0.5916900038719177
1195,-17.0082,-19.2008,-36.209,-20.8281,-17.1719,1.4024,0.0,0.21587301790714264,0.16303099691867828,0.16505995392799377,0.14242564141750336,0.2023809552192688,0.036730408668518066,0.1015625,0.16530628502368927,0.591923177242279
1200,-17.1047,-18.9996,-36.1043,-20.9297,-17.1094,1.3806,0.0,0.19169960916042328,0.18291346728801727,0.17324870824813843,0.15670102834701538,0.1927083283662796,0.039334576576948166,0.10645988583564758,0.16534514725208282,0.5843827724456787
1205,-17.1199,-19.2059,-36.3258,-20.7734,-17.75,1.3593,0.0,0.1835206001996994,0.16159339249134064,0.15309056639671326,0.1448974311351776,0.1834077388048172,0.031133394688367844,0.10342817008495331,0.16223569214344025,0.5987251400947571
1210,-17.4117,-18.9363,-36.348,-21.1328,-16.8438,1.3331,0.0,0.18554216623306274,0.12450235337018967,0.16565503180027008,0.15600593388080597,0.2165178507566452,0.03226057067513466,0.10739272087812424,0.15368470549583435,0.6021844148635864
1215,-16.9457,-19.4055,-36.3512,-20.6953,-17.7422,1.3163,0.0,0.1947004646062851,0.13142375648021698,0.15880835056304932,0.13685226440429688,0.1729910671710968,0.03373756259679794,0.09227301180362701,0.1656949669122696,0.6038168668746948
1220,-16.6469,-19.3703,-36.0172,-21.0234,-17.0156,1.2886,0.0,0.1826438009738922,0.1401980221271515,0.16655851900577545,0.14817798137664795,0.204985111951828,0.03851834684610367,0.0981421023607254,0.1796875,0.5791744589805603
1225,-17.5418,-18.8871,-36.4289,-21.5156,-16.3359,1.2552,0.0,0.19509202241897583,0.1615578830242157,0.1685452163219452,0.1500927358865738,0.1964285671710968,0.031677551567554474,0.10778140276670456,0.1482820212841034,0.6077814102172852
1230,-16.5223,-19.5082,-36.0305,-21.1953,-16.6484,1.2321,0.0,0.19607843458652496,0.1252918243408203,0.15320217609405518,0.15168538689613342,0.1711309552192688,0.035680968314409256,0.09989117085933685,0.185712069272995,0.5742381811141968
1235,-17.5543,-18.773,-36.3273,-20.9766,-17.1562,1.2155,0.0,0.22245539724826813,0.1587526649236679,0.20500531792640686,0.14617319405078888,0.2276785671710968,0.037041354924440384,0.10968594253063202,0.1459888070821762,0.6028062701225281
1240,-16.8047,-19.3465,-36.1512,-20.3594,-17.8984,1.1868,0.0,0.1723380833864212,0.1229880303144455,0.16997545957565308,0.1415621042251587,0.2224702388048172,0.03540889173746109,0.09417755156755447,0.1742459535598755,0.5916900038719177
1245,-17.1203,-19.2742,-36.3945,-20.5781,-17.9297,1.1611,0.0,0.17620137333869934,0.1271422803401947,0.17243902385234833,0.13910137116909027,0.1785714328289032,0.03397076949477196,0.09752020984888077,0.15935945510864258,0.6046719551086426
1250,-16.8973,-19.6359,-36.5332,-20.6719,-17.5312,1.1316,0.0,0.2172236442565918,0.15416474640369415,0.14511935412883759,0.11596670746803284,0.1636904776096344,0.030239427462220192,0.08446051180362701,0.16445118188858032,0.6163712739944458
1255,-16.798,-19.7254,-36.5234,-20.7656,-17.4375,1.1051,0.0,0.23529411852359772,0.16907986998558044,0.15027573704719543,0.1039792150259018,0.1830357164144516,0.029734142124652863,0.08321672677993774,0.16915422677993774,0.6134172677993774
1260,-16.5648,-19.7676,-36.3324,-20.0781,-18.7422,1.069,0.0,0.16345062851905823,0.11934900283813477,0.14905327558517456,0.12074001878499985,0.1901041716337204,0.03424284979701042,0.08597636967897415,0.17653918266296387,0.5987640023231506
1265,-16.7715,-19.6777,-36.4492,-20.5625,-17.8203,1.0456,0.0,0.28457143902778625,0.16373728215694427,0.14279091358184814,0.11332780867815018,0.162202388048172,0.03400963917374611,0.08403296023607254,0.16767723858356476,0.6098025441169739
1270,-16.6836,-19.7926,-36.4762,-20.9375,-17.2812,1.0121,0.0,0.15930388867855072,0.11049468070268631,0.13266444206237793,0.11812080442905426,0.1901041716337204,0.029034515842795372,0.08407182991504669,0.1743236929178238,0.6080923676490784
1275,-17.0734,-19.4371,-36.5105,-20.375,-18.1484,0.9922,0.0,0.21576227247714996,0.12125106900930405,0.16046398878097534,0.12536406517028809,0.1830357164144516,0.030083954334259033,0.09071828424930573,0.16083644330501556,0.6138837337493896
1280,-16.7004,-19.2609,-35.9613,-20.9609,-16.8125,0.9727,0.0,0.24547283351421356,0.17454825341701508,0.17495636641979218,0.14601978659629822,0.1990327388048172,0.038634948432445526,0.10109607875347137,0.17817163467407227,0.577619731426239
1285,-16.818,-19.3902,-36.2082,-20.5312,-17.9062,0.9427,0.0,0.17868338525295258,0.1613028347492218,0.15824076533317566,0.13847479224205017,0.189360111951828,0.03719682991504669,0.10024098306894302,0.17144745588302612,0.5866371393203735
1290,-17.6469,-18.5352,-36.182,-21.7031,-15.7969,0.9234,0.0,0.23804877698421478,0.18609082698822021,0.20086392760276794,0.1687772125005722,0.1871279776096344,0.039839863777160645,0.1223958358168602,0.1439676582813263,0.5893190503120422
1295,-16.8008,-19.3508,-36.1516,-20.8359,-16.9453,0.9032,0.0,0.15226337313652039,0.13745979964733124,0.1846257895231247,0.1385367214679718,0.207961305975914,0.03777984902262688,0.09670397639274597,0.17241916060447693,0.5886194109916687
1300,-16.8828,-19.3531,-36.2359,-20.6562,-17.7734,0.8749,0.0,0.1887810081243515,0.14291614294052124,0.16958525776863098,0.13867899775505066,0.1882440447807312,0.036030784249305725,0.09409981220960617,0.16868780553340912,0.5967040061950684
1305,-17.6074,-18.7594,-36.3668,-21.1797,-16.7969,0.8444,0.0,0.2415795624256134,0.1968727856874466,0.18552036583423615,0.15101230144500732,0.1752232164144516,0.03346548601984978,0.109375,0.14602766931056976,0.6066542267799377
1310,-16.9016,-19.2688,-36.1703,-20.3281,-18.1719,0.831,0.0,0.21167883276939392,0.16847404837608337,0.18301407992839813,0.14117103815078735,0.1666666716337204,0.0372745655477047,0.10035758465528488,0.16841574013233185,0.5894744992256165
1315,-17.3609,-18.9359,-36.2969,-20.8672,-17.3984,0.8027,0.0,0.21798941493034363,0.16231884062290192,0.178177148103714,0.14708548784255981,0.2146577388048172,0.036730408668518066,0.10727611929178238,0.15139147639274597,0.6001243591308594
1320,-16.8816,-19.4387,-36.3203,-20.8984,-17.125,0.7722,0.0,0.23376622796058655,0.17007394134998322,0.18361987173557281,0.11683385074138641,0.1994047611951828,0.03890702873468399,0.0893578976392746,0.16277985274791718,0.60447758436203
1325,-17.1422,-19.1918,-36.334,-20.7266,-17.6328,0.7423,0.0,0.23991934955120087,0.1817447543144226,0.18256333470344543,0.1317380666732788,0.176711305975914,0.03855721279978752,0.09623756259679794,0.15648320317268372,0.6042444109916687
1330,-17.2742,-19.1621,-36.4363,-20.7812,-17.5469,0.718,0.0,0.2534908652305603,0.1331421583890915,0.17932815849781036,0.13527028262615204,0.1830357164144516,0.036186255514621735,0.09487717598676682,0.15041977167129517,0.6140391826629639
1335,-16.3191,-19.9098,-36.2289,-20.2109,-18.2891,0.6947,0.0,0.2256297916173935,0.13746370375156403,0.15152142941951752,0.1112278401851654,0.1886160671710968,0.03548663109540939,0.08030162006616592,0.18777208030223846,0.5919620394706726
1340,-16.9816,-19.575,-36.5566,-20.2891,-18.5078,0.665,0.0,0.20549581944942474,0.14919735491275787,0.17056530714035034,0.11113196611404419,0.1729910671710968,0.03253265097737312,0.08232276141643524,0.159514918923378,0.6211520433425903
1345,-16.8426,-19.7289,-36.5715,-20.1797,-18.7031,0.6394,0.0,0.2230854630470276,0.1253083348274231,0.15224745869636536,0.10629773139953613,0.1867559552192688,0.03502020984888077,0.07878576219081879,0.16083644330501556,0.6208799481391907
1350,-16.3852,-19.9781,-36.3633,-20.0234,-18.5469,0.617,0.0,0.2386237531900406,0.15529905259609222,0.1492728888988495,0.10239763557910919,0.1666666716337204,0.03502020984888077,0.07408270984888077,0.18174751102924347,0.6046719551086426
1355,-16.8582,-19.7492,-36.6074,-20.3906,-18.3516,0.5848,0.0,0.27212390303611755,0.18345127999782562,0.15386484563350677,0.09323447942733765,0.190476194024086,0.035136815160512924,0.07140080630779266,0.1599036008119583,0.629081130027771
1360,-17.1914,-19.5305,-36.7219,-20.2188,-19.0469,0.5559,0.0,0.23549488186836243,0.1768355667591095,0.16701790690422058,0.10352382808923721,0.1644345223903656,0.03416511043906212,0.07517102360725403,0.1475435346364975,0.6386427283287048
1365,-16.9355,-19.7375,-36.673,-20.8359,-17.6953,0.5299,0.0,0.30092594027519226,0.1822429895401001,0.14465564489364624,0.09136366099119186,0.1912202388048172,0.033582091331481934,0.07486007362604141,0.15745490789413452,0.6296253204345703
1370,-17.1789,-19.4535,-36.6324,-20.5391,-18.0781,0.5068,0.0,0.2697674334049225,0.17289718985557556,0.1585492193698883,0.10463535040616989,0.2087053507566452,0.033426616340875626,0.08317785710096359,0.15003108978271484,0.6288868188858032
1375,-16.7719,-19.548,-36.3199,-20.4844,-17.9766,0.4865,0.0,0.27035489678382874,0.18595227599143982,0.17418316006660461,0.1141475960612297,0.168898805975914,0.037235695868730545,0.08632618188858032,0.16892102360725403,0.6030395030975342
1380,-16.8496,-19.5215,-36.3711,-20.3125,-18.4375,0.4589,0.0,0.31663113832473755,0.18215441703796387,0.16312718391418457,0.11326178908348083,0.174851194024086,0.0364583320915699,0.08407182991504669,0.16655005514621735,0.6084421873092651
1385,-16.9875,-19.3605,-36.348,-20.3281,-18.2188,0.432,0.0,0.33367347717285156,0.19158878922462463,0.16261546313762665,0.11627757549285889,0.197172611951828,0.038090795278549194,0.09149564802646637,0.1599036008119583,0.6060323119163513
1390,-17.1289,-19.1633,-36.2922,-20.3828,-18.1562,0.4097,0.0,0.2783018946647644,0.16967953741550446,0.20829170942306519,0.12533779442310333,0.1919642835855484,0.04120025038719177,0.09460510313510895,0.15562811493873596,0.6040889024734497
1395,-16.9707,-19.1035,-36.0742,-20.5312,-17.8594,0.3856,0.0,0.23691216111183167,0.18785196542739868,0.20858164131641388,0.13589811325073242,0.2098214328289032,0.043804414570331573,0.09662624448537827,0.16305193305015564,0.5920398235321045
1400,-17.1223,-19.0688,-36.191,-21.3906,-16.2812,0.3641,0.0,0.24590164422988892,0.1673106700181961,0.19885514676570892,0.1377151757478714,0.207961305975914,0.04267723858356476,0.1005907952785492,0.1561722606420517,0.5960820913314819
1405,-17.1215,-19.1148,-36.2363,-20.1953,-18.5312,0.3425,0.0,0.29585254192352295,0.16978922486305237,0.18540580570697784,0.13544650375843048,0.1901041716337204,0.04217195138335228,0.09958022087812424,0.15659981966018677,0.5971704125404358
1410,-17.1895,-18.9098,-36.0992,-20.6641,-17.5234,0.3165,0.0,0.2942664325237274,0.20654171705245972,0.20237194001674652,0.13974951207637787,0.206101194024086,0.046097636222839355,0.10576026141643524,0.15403451025485992,0.5896299481391907
1415,-16.6977,-19.543,-36.2406,-20.125,-18.7422,0.295,0.0,0.2422037422657013,0.15566681325435638,0.16970926523208618,0.12263662368059158,0.1875,0.03739117085933685,0.08539334684610367,0.17245802283287048,0.6002798676490784
1420,-17.5914,-18.6637,-36.2551,-20.875,-17.0078,0.2757,0.0,0.2552415728569031,0.18317358195781708,0.20921887457370758,0.14603625237941742,0.240327388048172,0.04263836890459061,0.10949160158634186,0.14081934094429016,0.6025730967521667
1425,-17.3324,-18.8945,-36.227,-20.6484,-17.8828,0.2464,0.0,0.28597450256347656,0.19553706049919128,0.20136518776416779,0.13926011323928833,0.1994047611951828,0.04267723858356476,0.10276741534471512,0.14804881811141968,0.6020289063453674
1430,-17.0965,-19.1109,-36.2074,-20.3672,-18.6094,0.227,0.0,0.2056961953639984,0.16583874821662903,0.20588938891887665,0.14086808264255524,0.1781994104385376,0.03684701398015022,0.10171797126531601,0.1623522937297821,0.5946050882339478
1435,-17.002,-18.9941,-35.9961,-20.4531,-17.8984,0.205,0.0,0.24727272987365723,0.18188485503196716,0.19995300471782684,0.147556334733963,0.2146577388048172,0.04275497421622276,0.10599347203969955,0.16542288661003113,0.5813510417938232
1440,-17.5602,-18.7777,-36.3379,-20.4688,-18.1719,0.1823,0.0,0.2944214940071106,0.18835978209972382,0.17572316527366638,0.14847470819950104,0.193452388048172,0.03762437775731087,0.1101912334561348,0.14377331733703613,0.6039334535598755
1445,-17.6812,-18.4102,-36.0914,-20.9219,-17.6641,0.1611,0.0,0.29372936487197876,0.21045835316181183,0.23563696444034576,0.16090434789657593,0.1968005895614624,0.04710821062326431,0.12041355669498444,0.14004197716712952,0.5879586338996887
1450,-17.5063,-18.6969,-36.2031,-20.7422,-17.4141,0.1393,0.0,0.27879342436790466,0.17718027532100677,0.20572353899478912,0.1490776389837265,0.2276785671710968,0.04252176731824875,0.11275652796030045,0.1439676582813263,0.5962764024734497
1455,-17.291,-18.5801,-35.8711,-20.7969,-17.3516,0.1186,0.0,0.2853773534297943,0.19221815466880798,0.22839036583900452,0.15955723822116852,0.2444196492433548,0.04944029822945595,0.11687655746936798,0.15333488583564758,0.5758706331253052
1460,-17.1566,-18.782,-35.9387,-20.625,-17.7422,0.1036,0.0,0.2691057026386261,0.2077733427286148,0.22049382328987122,0.15012994408607483,0.2172619104385376,0.047807835042476654,0.10700403898954391,0.15741604566574097,0.5832944512367249
1465,-17.407,-18.648,-36.0551,-20.9062,-17.2969,0.0839,0.0,0.26220613718032837,0.18578878045082092,0.22131147980690002,0.1545916348695755,0.2273065447807312,0.042988184839487076,0.11924751102924347,0.15174129605293274,0.5815454125404358
1470,-17.4727,-18.5531,-36.0258,-21.2422,-16.7188,0.0609,0.0,0.2846410572528839,0.1813984215259552,0.2189646065235138,0.15488551557064056,0.2630208432674408,0.04656405374407768,0.11784826219081879,0.14715485274791718,0.5839552283287048
1475,-17.275,-18.1539,-35.4289,-20.2656,-18.4609,0.0394,0.0,0.33420708775520325,0.25676077604293823,0.2440652847290039,0.18305565416812897,0.2459077388048172,0.05931280925869942,0.13079135119915009,0.15718284249305725,0.5482353568077087
1480,-17.4871,-18.3637,-35.8508,-20.7031,-17.4922,0.0191,0.0,0.281825453042984,0.20352867245674133,0.24368230998516083,0.16961802542209625,0.231398805975914,0.04854632914066315,0.123367540538311,0.15073071420192719,0.572877824306488
1485,-17.5262,-18.2656,-35.7918,-20.5469,-18.1094,0.0013,0.0,0.3082650899887085,0.195114403963089,0.2514573335647583,0.1664510816335678,0.2827380895614624,0.05219993740320206,0.12569962441921234,0.14668843150138855,0.5709344148635864
1490,-17.55,-18.2063,-35.7563,-20.6719,-17.7891,0.0,0.0,0.29226359724998474,0.2066064178943634,0.26026666164398193,0.17446373403072357,0.2496279776096344,0.054259948432445526,0.12472791969776154,0.1457556039094925,0.5707789063453674
1495,-17.4055,-18.0148,-35.4203,-21.1016,-16.6953,0.0,0.0,0.3543721139431,0.2650602459907532,0.25688305497169495,0.18594571948051453,0.2354910671710968,0.059118468314409256,0.1354943960905075,0.1538790464401245,0.5470304489135742
1500,-17.7191,-17.9629,-35.682,-21.0156,-17.0547,0.0,0.0,0.33207547664642334,0.22448979318141937,0.25749796628952026,0.18854643404483795,0.2380952388048172,0.05150030925869942,0.13141325116157532,0.14385105669498444,0.5687577724456787
1505,-18.1133,-17.4266,-35.5398,-20.9766,-17.3438,0.0,0.0,0.39027684926986694,0.23802202939987183,0.28994083404541016,0.20061641931533813,0.2898065447807312,0.057563744485378265,0.151702418923378,0.13137437403202057,0.5548818111419678
1510,-17.7754,-17.4789,-35.2543,-20.8281,-17.3359,0.0,0.0,0.34897714853286743,0.254738450050354,0.2668124735355377,0.21303494274616241,0.3098958432674408,0.06459888070821762,0.1538013070821762,0.1421797275543213,0.5349424481391907
1515,-17.9695,-17.3332,-35.3027,-20.9766,-16.8984,0.0,0.0,0.3753071129322052,0.2609792947769165,0.2795698940753937,0.21938775479793549,0.2700892984867096,0.06327736377716064,0.15399564802646637,0.137360081076622,0.540889322757721
1520,-18.4809,-17.1449,-35.6258,-21.2031,-16.9609,0.0,0.0,0.3603542149066925,0.2598787844181061,0.3063885271549225,0.20877668261528015,0.2805059552192688,0.05705845728516579,0.16033115983009338,0.11924751102924347,0.5588852763175964
1525,-18.6461,-16.4137,-35.0598,-20.7578,-17.7109,0.0,0.0,0.4461623430252075,0.3174702525138855,0.3477548360824585,0.23754388093948364,0.3102678656578064,0.0703902393579483,0.18621735274791718,0.11858675628900528,0.5203280448913574
1530,-18.7008,-16.582,-35.2828,-21.2031,-17.0078,0.0,0.0,0.4428918659687042,0.29118606448173523,0.3249327838420868,0.2267235815525055,0.3355654776096344,0.06397698819637299,0.17859919369220734,0.11567164212465286,0.5372745394706726
1535,-18.7102,-16.2035,-34.9137,-21.5156,-16.0781,0.0,0.0,0.4052322506904602,0.3101150691509247,0.3775947391986847,0.2502466142177582,0.3604910671710968,0.07280006259679794,0.19251398742198944,0.11796486377716064,0.5122434496879578
1540,-18.7875,-16.3594,-35.1469,-21.4531,-16.0859,0.0,0.0,0.4354936480522156,0.29588407278060913,0.3194536864757538,0.2441834807395935,0.3578869104385376,0.06417132914066315,0.18509016931056976,0.11668221652507782,0.529578685760498
1545,-18.4477,-16.8891,-35.3367,-21.1875,-16.7812,0.0,0.0,0.3997477889060974,0.28928816318511963,0.30701199173927307,0.22079044580459595,0.3039434552192688,0.06164490059018135,0.1709032952785492,0.12305659055709839,0.5399175882339478
1550,-18.6172,-16.1293,-34.7465,-21.1172,-16.8984,0.0,0.0,0.43019649386405945,0.3108348250389099,0.36470964550971985,0.2656334638595581,0.3482142984867096,0.07517102360725403,0.1969449669122696,0.12181281298398972,0.5015935897827148
1555,-19.1582,-15.6051,-34.7633,-21.6797,-15.9609,0.0,0.0,0.4440825283527374,0.34500718116760254,0.38236331939697266,0.2777647376060486,0.3608630895614624,0.07159514725208282,0.21641790866851807,0.1101912334561348,0.4973180890083313
1560,-19.6754,-15.3008,-34.9762,-21.6016,-16.0703,0.0,0.0,0.4516128897666931,0.3475661873817444,0.39531058073043823,0.2905198633670807,0.3247767984867096,0.06506530195474625,0.22757306694984436,0.09448849409818649,0.5083954930305481
1565,-19.216,-15.2996,-34.5156,-22.0312,-15.0469,0.0,0.0,0.46503496170043945,0.3760770261287689,0.356297105550766,0.29670774936676025,0.3757440447807312,0.07781405746936798,0.2300606369972229,0.10832556337118149,0.4793221354484558
1570,-19.198,-15.598,-34.7961,-21.4297,-16.2734,0.0,0.0,0.4137931168079376,0.3228473961353302,0.40429404377937317,0.2854035496711731,0.363095223903656,0.07213930040597916,0.2162235677242279,0.10680969804525375,0.5003498196601868
1575,-18.8898,-15.5254,-34.4152,-22.0938,-15.1328,0.0,0.0,0.44641998410224915,0.3429538607597351,0.38885244727134705,0.3053838610649109,0.3411458432674408,0.08088464289903641,0.21816697716712952,0.11854788661003113,0.47792288661003113
1580,-18.7988,-15.6488,-34.4477,-21.7188,-15.5781,0.0,0.0,0.42904603481292725,0.3338184356689453,0.38161739706993103,0.29764506220817566,0.3671875,0.08189520984888077,0.21365827322006226,0.11967506259679794,0.4802938401699066
1585,-18.998,-15.3523,-34.3504,-21.4219,-15.9141,0.0,0.0,0.41288432478904724,0.3538801074028015,0.3849673271179199,0.3033549189567566,0.4293154776096344,0.07964085787534714,0.22889459133148193,0.11893656849861145,0.46805036067962646
1590,-19.2613,-14.8867,-34.148,-22.5781,-14.1172,0.0,0.0,0.4537326693534851,0.37281954288482666,0.4178890883922577,0.33344727754592896,0.3902529776096344,0.08694807440042496,0.24510261416435242,0.10863650590181351,0.4548352062702179
1595,-19.4219,-15.2078,-34.6297,-21.8281,-15.5234,0.0,0.0,0.45553144812583923,0.35352861881256104,0.3931496739387512,0.3053911328315735,0.3578869104385376,0.07167288661003113,0.23351989686489105,0.10439987480640411,0.4859297275543213
1600,-19.984,-14.3859,-34.3699,-21.5547,-16.0938,0.0,0.0,0.5359848737716675,0.3937007784843445,0.4512249529361725,0.31869572401046753,0.4233630895614624,0.08208955079317093,0.25174906849861145,0.08725901693105698,0.4744247496128082
1605,-19.3852,-14.8465,-34.2316,-22.1641,-15.2266,0.0,0.0,0.5116387605667114,0.38085874915122986,0.42615723609924316,0.3060987591743469,0.435639888048172,0.08348880708217621,0.23717351257801056,0.1057991310954094,0.4690609574317932
1610,-19.2527,-15.3926,-34.6453,-21.2969,-17.0078,0.0,0.0,0.49105367064476013,0.3700689971446991,0.3883928656578064,0.27902576327323914,0.3590029776096344,0.0782027393579483,0.2197217047214508,0.10447761416435242,0.49312034249305725
1615,-19.1039,-15.9129,-35.0168,-21.2266,-16.75,0.0,0.0,0.43383198976516724,0.31239357590675354,0.3666186034679413,0.27116212248802185,0.3180803656578064,0.06755285710096359,0.20541821420192719,0.10782027244567871,0.5147310495376587
1620,-18.9781,-15.677,-34.6551,-21.5469,-15.9453,0.0,0.0,0.43414387106895447,0.34180012345314026,0.3466026186943054,0.2859501540660858,0.3783482015132904,0.07672574371099472,0.21117070317268372,0.11326181888580322,0.4943641126155853
1625,-19.2656,-15.2215,-34.4871,-22.2188,-14.9766,0.0,0.0,0.4601103961467743,0.3629317581653595,0.3804425299167633,0.30617383122444153,0.3735119104385376,0.07746423780918121,0.23068252205848694,0.10890857875347137,0.47846704721450806
1630,-19.4852,-14.8961,-34.3813,-21.5781,-16.1172,0.0,0.0,0.45894429087638855,0.3578040301799774,0.42042040824890137,0.3329741358757019,0.3571428656578064,0.07952425628900528,0.24354788661003113,0.10354477912187576,0.4689054787158966
1635,-19.3645,-15.1984,-34.5629,-21.5234,-16.1328,0.0,0.0,0.49481621384620667,0.37254902720451355,0.38134920597076416,0.28663381934165955,0.402157723903656,0.08247823268175125,0.22597947716712952,0.09794776141643524,0.489116907119751
1640,-19.3109,-15.1883,-34.4992,-21.2578,-16.7109,0.0,0.0,0.5151939988136292,0.37648656964302063,0.4014654755592346,0.2862662971019745,0.376860111951828,0.08313899487257004,0.22877798974514008,0.10078513622283936,0.4828202724456787
1645,-19.332,-15.0207,-34.3527,-21.6875,-15.9688,0.0,0.0,0.45963603258132935,0.350908488035202,0.4212467670440674,0.31592079997062683,0.412202388048172,0.08329446613788605,0.2395833283662796,0.10537157952785492,0.4672729969024658
1650,-18.8934,-15.5453,-34.4387,-21.4375,-16.0938,0.0,0.0,0.46320345997810364,0.3710668981075287,0.3652694523334503,0.28072434663772583,0.3995535671710968,0.0808069035410881,0.21494092047214508,0.11683768779039383,0.48293688893318176
1655,-18.7066,-16.2633,-34.9699,-21.9453,-15.2656,0.0,0.0,0.3875490725040436,0.29701581597328186,0.3484354615211487,0.25348591804504395,0.3798363208770752,0.06930192559957504,0.19406871497631073,0.11924751102924347,0.5129042267799377
1660,-19.091,-15.8309,-34.9219,-21.5,-15.9688,0.0,0.0,0.42897406220436096,0.3280029892921448,0.3479657471179962,0.2710530459880829,0.3616071343421936,0.06895211338996887,0.20903295278549194,0.10890857875347137,0.5086287260055542
1665,-19.4449,-15.3375,-34.7824,-22.125,-15.1875,0.0,0.0,0.4384317994117737,0.32104718685150146,0.3919847309589386,0.309224396944046,0.3404017984867096,0.0703902393579483,0.2256685346364975,0.10183458030223846,0.4976290464401245
1670,-19.502,-14.8953,-34.3973,-21.3438,-16.6094,0.0,0.0,0.4590657949447632,0.35947608947753906,0.3998508155345917,0.32715484499931335,0.3962053656578064,0.07738650590181351,0.24630752205848694,0.10420553386211395,0.4676228165626526
1675,-19.8555,-14.0078,-33.8633,-22.4688,-14.1719,0.0,0.0,0.49760138988494873,0.39827513694763184,0.46014919877052307,0.37251728773117065,0.4475446343421936,0.08912468701601028,0.2749145030975342,0.09899719804525375,0.43248599767684937
1680,-19.9309,-13.7164,-33.6473,-22.2812,-14.8047,0.0,0.0,0.5141335725784302,0.4080791473388672,0.4838194251060486,0.3969310522079468,0.439360111951828,0.09487717598676682,0.2828824520111084,0.09728699922561646,0.4204757511615753
1685,-20.0609,-13.5957,-33.6566,-22.6641,-13.8281,0.0,0.0,0.5058626532554626,0.4076492488384247,0.49730849266052246,0.39737260341644287,0.4735863208770752,0.09281716495752335,0.2916666567325592,0.09386660158634186,0.4171719551086426
1690,-19.4551,-13.7937,-33.2488,-23.3203,-12.2812,0.0006,0.0,0.528856635093689,0.4387105703353882,0.4645252525806427,0.39113849401474,0.4620535671710968,0.10708177834749222,0.2809390425682068,0.11011349409818649,0.3973880708217621
1695,-20.3285,-13.4766,-33.8051,-22.2812,-14.8281,0.0,0.0,0.5269434452056885,0.4322112202644348,0.4966622292995453,0.3810480237007141,0.4553571343421936,0.08799751102924347,0.294426292181015,0.08733675628900528,0.4257618188858032
1700,-20.1121,-13.7535,-33.8656,-22.4141,-14.4688,0.0002,0.0,0.4798567593097687,0.3909165859222412,0.48531877994537354,0.39132386445999146,0.4680059552192688,0.0868314653635025,0.2832711338996887,0.09266169369220734,0.432758092880249
1705,-20.3973,-13.4434,-33.8406,-22.8828,-13.6016,0.0044,0.0,0.5692033767700195,0.41487669944763184,0.47140222787857056,0.37940990924835205,0.5,0.08733675628900528,0.2931436598300934,0.08426617085933685,0.43077582120895386
1710,-19.7313,-14.1203,-33.8516,-22.0234,-15.2031,0.0067,0.0,0.4732690751552582,0.3857184648513794,0.4577811360359192,0.3751661777496338,0.459077388048172,0.08869714289903641,0.265625,0.10265080630779266,0.4385494291782379
1715,-19.8863,-14.0891,-33.9754,-22.5781,-14.1172,0.0,0.0,0.5259938836097717,0.4206679165363312,0.47573620080947876,0.34920355677604675,0.3939732015132904,0.08896921575069427,0.2711831331253052,0.09371113032102585,0.4416588842868805
1720,-19.4766,-14.5043,-33.9809,-22.1875,-14.7812,0.0,0.0,0.49785223603248596,0.38929665088653564,0.434990793466568,0.3445928394794464,0.4166666567325592,0.09048507362604141,0.25419774651527405,0.10552705079317093,0.4453125
1725,-19.3793,-14.1234,-33.5027,-21.9297,-14.4766,0.0,0.0,0.4998096823692322,0.4315028786659241,0.4679872691631317,0.35645976662635803,0.4698660671710968,0.10210665315389633,0.2689676582813263,0.10988028347492218,0.4145677983760834
1730,-20.2492,-13.7465,-33.9957,-22.9922,-13.5234,0.0,0.0,0.5307213068008423,0.42757466435432434,0.4560764729976654,0.36497244238853455,0.4308035671710968,0.08729788661003113,0.27852922677993774,0.08539334684610367,0.44430193305015564
1735,-20.1699,-13.6051,-33.775,-22.9531,-13.4844,0.0,0.0,0.5169712901115417,0.42249730229377747,0.4819587767124176,0.39091241359710693,0.4293154776096344,0.08931902796030045,0.28886815905570984,0.09048507362604141,0.4268501102924347
1740,-20.0906,-14.0238,-34.1145,-21.5,-16.2969,0.0,0.0,0.4917657971382141,0.403902143239975,0.4949759840965271,0.3562451899051666,0.4095982015132904,0.0849657952785492,0.2669465243816376,0.08896921575069427,0.45464086532592773
1745,-19.2789,-14.2949,-33.5738,-21.7734,-15.0703,0.0,0.0,0.5189628601074219,0.4017656743526459,0.4640998840332031,0.37337005138397217,0.390625,0.10043532401323318,0.2597559094429016,0.1120569035410881,0.4232742488384247
1750,-19.8488,-14.2355,-34.0844,-21.7188,-15.9531,0.0,0.0,0.5206349492073059,0.39323869347572327,0.43325042724609375,0.3477998375892639,0.4404761791229248,0.08570428937673569,0.26558613777160645,0.09375,0.45048195123672485
1755,-19.393,-14.6352,-34.0281,-22.0547,-15.2109,0.0,0.0,0.49601343274116516,0.3756408393383026,0.4525328278541565,0.3466032147407532,0.3686755895614624,0.09262282401323318,0.25019434094429016,0.10358364135026932,0.4491215944290161
1760,-18.8563,-15.7672,-34.6234,-21.5234,-15.6641,0.0,0.0,0.4216553866863251,0.315408855676651,0.3697696924209595,0.29613223671913147,0.3470982015132904,0.07466573268175125,0.20961597561836243,0.11983053386211395,0.49141013622283936
1765,-19.5395,-14.6598,-34.1992,-21.6172,-16.1797,0.0,0.0,0.48293358087539673,0.3868042528629303,0.4305873513221741,0.33853551745414734,0.3616071343421936,0.08426617085933685,0.24860075116157532,0.10191231220960617,0.46074315905570984
1770,-19.2023,-14.9098,-34.1121,-22.0078,-15.1172,0.0,0.0,0.481241911649704,0.37804287672042847,0.4234234094619751,0.3244486153125763,0.390625,0.09013526141643524,0.24109919369220734,0.10785914212465286,0.45642879605293274
1775,-20.0379,-14.2805,-34.3184,-22.3047,-14.875,0.0,0.0,0.5298688411712646,0.3809666335582733,0.4432266652584076,0.34276440739631653,0.4055059552192688,0.08002953976392746,0.2597559094429016,0.08865827322006226,0.46707865595817566
1780,-19.6496,-14.3211,-33.9707,-22.5234,-14.2266,0.0,0.0,0.4755614399909973,0.38266825675964355,0.4602510333061218,0.35066527128219604,0.4661458432674408,0.08826959133148193,0.26103857159614563,0.10218439251184464,0.444029837846756
1785,-19.6148,-14.2301,-33.8449,-22.4453,-14.5469,0.0,0.0,0.48523908853530884,0.38725489377975464,0.4679536819458008,0.36206135153770447,0.4546130895614624,0.09347791969776154,0.26166045665740967,0.1006685346364975,0.4397154748439789
1790,-19.1492,-14.7441,-33.8934,-21.1094,-16.6328,0.0,0.0,0.5199342370033264,0.3912283480167389,0.4358707070350647,0.33347904682159424,0.3828125,0.0945662334561348,0.24459733068943024,0.11182369291782379,0.44453513622283936
1795,-19.8313,-14.3117,-34.143,-21.6797,-15.8672,0.0,0.0,0.5177757740020752,0.40864086151123047,0.4435284435749054,0.33418411016464233,0.4151785671710968,0.08527673780918121,0.259095162153244,0.09429415315389633,0.4568563401699066
1800,-19.652,-14.3328,-33.9848,-21.1562,-16.9375,0.0,0.0,0.5228145122528076,0.4034425616264343,0.4293628931045532,0.3311390280723572,0.480282723903656,0.0911458358168602,0.2574238181114197,0.0982198417186737,0.4487329125404358
1805,-19.8211,-14.3684,-34.1895,-22.1641,-15.0625,0.0,0.0,0.5009157657623291,0.3836562931537628,0.4518272280693054,0.3450937271118164,0.404389888048172,0.08488806337118149,0.25874534249305725,0.09359452873468399,0.45829445123672485
1810,-20.1883,-13.75,-33.9383,-22.1172,-14.8516,0.0,0.0,0.5307037234306335,0.42022380232810974,0.48604342341423035,0.3672765791416168,0.4300595223903656,0.08671486377716064,0.28136661648750305,0.0877254381775856,0.4397154748439789
1815,-19.8,-14.209,-34.009,-22.2188,-14.7656,0.0,0.0,0.5036035776138306,0.37974312901496887,0.4605940580368042,0.3675609529018402,0.4066220223903656,0.08628731220960617,0.26632463932037354,0.0981421023607254,0.44476833939552307
1820,-19.7348,-14.2234,-33.9582,-22.625,-14.0,0.0,0.0,0.5183743834495544,0.40203341841697693,0.42761340737342834,0.358362078666687,0.4129464328289032,0.08990205079317093,0.26760727167129517,0.09853078424930573,0.43948227167129517
1825,-19.8738,-14.3672,-34.241,-22.5078,-14.3516,0.0,0.0,0.49756336212158203,0.3964470624923706,0.43212392926216125,0.3501697778701782,0.3590029776096344,0.079757459461689,0.262554407119751,0.09534359723329544,0.457866907119751
1830,-19.6082,-14.5516,-34.1598,-22.5391,-14.0312,0.0,0.0,0.4903073310852051,0.3782484531402588,0.41754916310310364,0.345147967338562,0.4055059552192688,0.08220615983009338,0.25874534249305725,0.10276741534471512,0.4518034756183624
1835,-19.6504,-14.2305,-33.8809,-22.5469,-14.2266,0.0,0.0,0.4852445125579834,0.39306697249412537,0.4498242735862732,0.36401450634002686,0.439360111951828,0.09219527244567871,0.26461443305015564,0.09954135864973068,0.43917134404182434
1840,-20.1547,-13.9051,-34.0598,-22.2656,-14.6719,0.0,0.0,0.5185856819152832,0.4030386805534363,0.4469323754310608,0.3586832284927368,0.4698660671710968,0.08574315905570984,0.2814054787158966,0.08679260313510895,0.4415811598300934
1845,-19.7262,-14.0719,-33.798,-22.6719,-13.8594,0.0,0.0,0.5084530711174011,0.4185979664325714,0.4581223130226135,0.3743727505207062,0.3772321343421936,0.0919620618224144,0.2700170874595642,0.0997745618224144,0.4337686598300934
1850,-19.9906,-14.0516,-34.0422,-22.3594,-14.3906,0.0,0.0,0.5372858047485352,0.4318951666355133,0.4498567283153534,0.34927448630332947,0.3824404776096344,0.08391635864973068,0.26395365595817566,0.09495491534471512,0.4526974558830261
1855,-19.9113,-14.2664,-34.1777,-22.6562,-14.1016,0.0,0.0,0.50754714012146,0.390129953622818,0.445416659116745,0.347185343503952,0.4166666567325592,0.08240050077438354,0.2662080228328705,0.09328357875347137,0.4536302983760834
1860,-19.8988,-13.7887,-33.6875,-22.3281,-14.6172,0.0005,0.0,0.5287958383560181,0.4271509349346161,0.45652174949645996,0.36541643738746643,0.4914434552192688,0.09650964289903641,0.28144434094429016,0.09476057440042496,0.42280784249305725
1865,-20.0629,-13.8156,-33.8785,-21.6641,-15.7344,0.0,0.0,0.5079929232597351,0.41368260979652405,0.4701959192752838,0.3771851658821106,0.4311755895614624,0.08753109723329544,0.2789567708969116,0.09324471652507782,0.4357897937297821
1870,-19.059,-14.5414,-33.6004,-22.3203,-14.0703,0.0,0.0,0.48155492544174194,0.3992076814174652,0.45094215869903564,0.35806214809417725,0.4203869104385376,0.0979866310954094,0.25509172677993774,0.11963619291782379,0.42280784249305725
1875,-19.9281,-14.2563,-34.1844,-22.0547,-15.0469,0.0,0.0,0.5097758769989014,0.3961647152900696,0.4537264406681061,0.3404960036277771,0.4244791567325592,0.08150652796030045,0.2614661157131195,0.09491604566574097,0.45763370394706726
1880,-19.6332,-14.3211,-33.9543,-21.8047,-15.4297,0.0,0.0,0.5218331217765808,0.4094535708427429,0.4409538209438324,0.35369691252708435,0.3697916567325592,0.08990205079317093,0.2582011818885803,0.10268967598676682,0.4447294771671295
1885,-20.2145,-14.0328,-34.2473,-21.9297,-15.5547,0.0,0.0,0.5374823212623596,0.3892285227775574,0.47460755705833435,0.34385254979133606,0.4468005895614624,0.0824393630027771,0.2670242488384247,0.08418843150138855,0.46187034249305725
1890,-19.5301,-14.8332,-34.3633,-21.8359,-15.5312,0.0,0.0,0.49810245633125305,0.3868577778339386,0.41872110962867737,0.31112393736839294,0.3850446343421936,0.08193407952785492,0.24133239686489105,0.10090173780918121,0.4713541567325592
1895,-19.632,-14.518,-34.15,-22.0781,-15.2109,0.0,0.0,0.5203900933265686,0.38547229766845703,0.4298696219921112,0.3296581208705902,0.4289434552192688,0.08768656849861145,0.2547030448913574,0.09837531298398972,0.4547574520111084
1900,-19.7285,-14.3063,-34.0348,-22.4609,-14.4922,0.0,0.0,0.5136925578117371,0.38232240080833435,0.4437273144721985,0.35373032093048096,0.4274553656578064,0.08799751102924347,0.26208800077438354,0.0963541641831398,0.44908270239830017
1905,-19.9461,-14.5988,-34.5449,-21.4922,-16.2422,0.0,0.0,0.5224103331565857,0.38221871852874756,0.43501806259155273,0.30535268783569336,0.425967276096344,0.0780472606420517,0.24700714647769928,0.08613184094429016,0.48433613777160645
1910,-19.6367,-14.2977,-33.9344,-22.0391,-14.9375,0.0,0.0,0.5172263383865356,0.41336116194725037,0.4572940170764923,0.3468187749385834,0.390625,0.08912468701601028,0.2606498897075653,0.10284514725208282,0.44290268421173096
1915,-19.5211,-14.8348,-34.3559,-21.5703,-16.2969,0.0,0.0,0.5163246393203735,0.38165634870529175,0.4054054021835327,0.3063942492008209,0.4166666567325592,0.0833333358168602,0.24451959133148193,0.09779229015111923,0.4698771834373474
1920,-20.0453,-13.7137,-33.759,-22.5625,-14.125,0.0,0.0,0.5589307546615601,0.4319809079170227,0.48022598028182983,0.36530008912086487,0.4404761791229248,0.09596548229455948,0.2768579125404358,0.0894356369972229,0.43326336145401
1925,-20.3223,-13.6238,-33.9461,-22.3438,-14.8672,0.0,0.0,0.5719649791717529,0.4302210807800293,0.49975502490997314,0.3634466528892517,0.4125744104385376,0.09316697716712952,0.27600279450416565,0.07932991534471512,0.4470227062702179
1930,-20.5715,-13.1687,-33.7402,-22.3828,-14.4375,0.009,0.0,0.5921052694320679,0.4318062961101532,0.5136668682098389,0.38534772396087646,0.4888392984867096,0.09452736377716064,0.2969527244567871,0.07536535710096359,0.42867693305015564
1935,-20.2398,-13.416,-33.6559,-22.4766,-14.2734,0.0148,0.0,0.6015248894691467,0.4435231685638428,0.46740639209747314,0.3774029612541199,0.4557291567325592,0.09685945510864258,0.2859530448913574,0.08407182991504669,0.4286380708217621
1940,-21.2316,-11.8438,-33.0754,-22.875,-13.8047,0.0324,0.0,0.6193719506263733,0.5060389041900635,0.5928694605827332,0.4629477262496948,0.4858630895614624,0.10272854566574097,0.3475590944290161,0.06759172677993774,0.37764304876327515
1945,-21.2781,-11.6652,-32.9434,-22.3906,-14.6094,0.0508,0.0,0.6346502304077148,0.5008279085159302,0.5909361839294434,0.47983238101005554,0.5219494104385376,0.10723724961280823,0.35210666060447693,0.0651819035410881,0.3709965944290161
1950,-21.2238,-12.1148,-33.3387,-22.6562,-14.1719,0.07,0.0,0.6330907940864563,0.4839684069156647,0.5934489369392395,0.4328721761703491,0.504092276096344,0.1014847606420517,0.33457711338996887,0.060517724603414536,0.3989427983760834
1955,-21.6051,-10.9328,-32.5379,-23.7812,-12.0156,0.0905,0.0,0.6510416865348816,0.5456324815750122,0.6658565998077393,0.5120372176170349,0.5416666865348816,0.11194030195474625,0.37733209133148193,0.06397698819637299,0.3422729969024658
1960,-21.5266,-11.1039,-32.6305,-23.0625,-13.4062,0.1151,0.0,0.6695147156715393,0.5386541485786438,0.6207559108734131,0.4925290048122406,0.5580357313156128,0.11372823268175125,0.372551292181015,0.060673195868730545,0.3485696613788605
1965,-21.7027,-11.1617,-32.8645,-23.1484,-13.1641,0.1265,0.0,0.6825874447822571,0.5328512787818909,0.6087824106216431,0.49244776368141174,0.5011160969734192,0.1033504381775856,0.3709188401699066,0.058418843895196915,0.36283427476882935
1970,-21.2676,-11.4086,-32.6762,-23.2578,-12.9453,0.1407,0.0,0.6275121569633484,0.5222950577735901,0.6150367259979248,0.4960343539714813,0.5379464030265808,0.11217350512742996,0.3617459535598755,0.06875777244567871,0.352845162153244
1975,-21.634,-10.9805,-32.6145,-24.4297,-10.7188,0.152,0.0,0.6444122195243835,0.5416666865348816,0.5930371880531311,0.5084314942359924,0.5825892686843872,0.10712064802646637,0.3871268630027771,0.06475435197353363,0.3365205228328705
1980,-21.1527,-11.5809,-32.7336,-23.7812,-11.9688,0.1663,0.0,0.6114718317985535,0.5221669673919678,0.5451697111129761,0.4828116297721863,0.5762648582458496,0.107742540538311,0.3594527244567871,0.07443252205848694,0.35389459133148193
1985,-21.1715,-11.6898,-32.8613,-23.4531,-12.5312,0.1692,0.0,0.5886578559875488,0.501086950302124,0.5721027851104736,0.496339350938797,0.5368303656578064,0.10280627757310867,0.357587069272995,0.07412157952785492,0.3610074520111084
1990,-21.2844,-12.1648,-33.4492,-23.0312,-13.5156,0.1741,0.0,0.5952796936035156,0.46795743703842163,0.5343468189239502,0.47072160243988037,0.4408482015132904,0.08893034607172012,0.34328359365463257,0.06902985274791718,0.3942786157131195
1995,-20.8074,-12.2188,-33.0262,-23.3438,-12.4219,0.1781,0.0,0.5954110622406006,0.4820396602153778,0.5229531526565552,0.46621692180633545,0.5133928656578064,0.1016402393579483,0.3430114984512329,0.08212842047214508,0.3687422275543213
2000,-20.602,-12.6391,-33.241,-23.5,-12.4375,0.1796,0.0,0.5793298482894897,0.47031307220458984,0.49864131212234497,0.43811139464378357,0.4951636791229248,0.0962764322757721,0.3240438401699066,0.08582089841365814,0.3893812298774719
2005,-20.1285,-13.3867,-33.5152,-21.8906,-15.4688,0.1787,0.0,0.5266903638839722,0.44769373536109924,0.4733276963233948,0.4009034335613251,0.4564732015132904,0.09829757362604141,0.2924051582813263,0.09180659055709839,0.4130130708217621
2010,-20.0832,-13.5945,-33.6777,-22.0703,-14.8984,0.17,0.0,0.5266876220703125,0.4115332365036011,0.5081822276115417,0.3884541094303131,0.4635416567325592,0.0990360677242279,0.2864583432674408,0.08788090944290161,0.42214706540107727
2015,-20.3215,-13.425,-33.7465,-22.5938,-14.1094,0.1661,0.0,0.5229040384292603,0.428101122379303,0.5031760334968567,0.3927525579929352,0.451264888048172,0.08994092047214508,0.2951647937297821,0.08566541969776154,0.42475125193595886
2020,-19.9477,-14.0625,-34.0102,-22.2891,-14.5547,0.1582,0.0,0.5090008974075317,0.39108335971832275,0.44587844610214233,0.36322635412216187,0.454985111951828,0.08636505156755447,0.2676461338996887,0.09336131811141968,0.4481498897075653
2025,-19.8242,-14.1699,-33.9941,-22.8594,-13.3438,0.1506,0.0,0.4426766633987427,0.37059327960014343,0.4452160596847534,0.37527573108673096,0.4795386791229248,0.08306125551462173,0.2712220251560211,0.1007462665438652,0.4404928386211395
2030,-19.218,-14.9148,-34.1328,-22.2188,-14.7891,0.1423,0.0,0.45825687050819397,0.34809622168540955,0.4080440104007721,0.3460681736469269,0.3954613208770752,0.08473258465528488,0.243975430727005,0.11306747794151306,0.45374688506126404
2035,-19.8516,-14.0895,-33.941,-22.1719,-14.8594,0.1369,0.0,0.471208781003952,0.37305396795272827,0.459927499294281,0.3828556537628174,0.4449404776096344,0.08842506259679794,0.26714086532592773,0.09650964289903641,0.4434468150138855
2040,-20.3445,-13.366,-33.7105,-23.0391,-13.3125,0.1358,0.0,0.533540666103363,0.42918848991394043,0.4563903212547302,0.41170498728752136,0.4311755895614624,0.08749222755432129,0.2969527244567871,0.09001865983009338,0.4210587739944458
2045,-19.9344,-13.3895,-33.3238,-23.125,-12.9062,0.1427,0.0,0.5107212662696838,0.4252948760986328,0.4933129549026489,0.42843174934387207,0.4605654776096344,0.09969682991504669,0.2965640425682068,0.10171797126531601,0.3975435197353363
2050,-20.6324,-13.1195,-33.752,-23.6016,-12.375,0.1448,0.0,0.5,0.41680270433425903,0.4771389663219452,0.435453861951828,0.453125,0.08224502205848694,0.3095071613788605,0.0858597606420517,0.41791045665740967
2055,-20.7004,-12.6613,-33.3617,-23.9062,-11.5547,0.1542,0.0,0.5908723473548889,0.4666183888912201,0.49879980087280273,0.4267503321170807,0.4970238208770752,0.09623756259679794,0.3219449520111084,0.08096237480640411,0.39637747406959534
2060,-20.152,-13.4078,-33.5598,-22.75,-13.6328,0.1629,0.0,0.5242967009544373,0.44314447045326233,0.4686361849308014,0.4061793386936188,0.4382440447807312,0.09118469804525375,0.2956700921058655,0.09604322165250778,0.41262438893318176
2065,-20.1586,-13.3793,-33.5379,-23.5312,-12.3281,0.1586,0.0,0.495556503534317,0.41648367047309875,0.4724000096321106,0.4310080409049988,0.453125,0.09184546023607254,0.3008784055709839,0.0971703976392746,0.40562811493873596
2070,-20.1195,-13.6895,-33.809,-22.6328,-14.0781,0.158,0.0,0.47573259472846985,0.3898853659629822,0.48052990436553955,0.4044748842716217,0.4613095223903656,0.08488806337118149,0.28820741176605225,0.09682058542966843,0.4256063401699066
2075,-20.1691,-12.8707,-33.0398,-22.9766,-13.3438,0.1632,0.0,0.5320535898208618,0.44213905930519104,0.5248664021492004,0.4531746804714203,0.5234375,0.10731498897075653,0.3147154748439789,0.0945662334561348,0.3789256811141968
2080,-20.1426,-13.3562,-33.4988,-23.3906,-12.2344,0.1642,0.0,0.5470908284187317,0.44232994318008423,0.4568690061569214,0.4223722219467163,0.3995535671710968,0.0928560346364975,0.30227768421173096,0.0973258689045906,0.4030628204345703
2085,-20.7305,-12.6586,-33.3891,-23.2656,-12.9531,0.1685,0.0,0.5315985083580017,0.44453832507133484,0.5595633387565613,0.447638601064682,0.486235111951828,0.09409981220960617,0.3220227062702179,0.08189520984888077,0.39750465750694275
2090,-20.334,-12.977,-33.3109,-22.9766,-12.9219,0.1816,0.0,0.5435387492179871,0.4556993544101715,0.5240938067436218,0.43542981147766113,0.4293154776096344,0.09775342047214508,0.3123445212841034,0.0911458358168602,0.3942786157131195
2095,-20.9109,-12.2918,-33.2027,-23.4297,-12.5781,0.1812,0.0,0.5454174876213074,0.4687681198120117,0.5341130495071411,0.46445879340171814,0.5305059552192688,0.09542132914066315,0.33539333939552307,0.079757459461689,0.3849502503871918
2100,-21.1113,-11.9367,-33.048,-23.625,-12.1641,0.2073,0.0,0.581250011920929,0.5003288984298706,0.5160671472549438,0.48139509558677673,0.5078125,0.09328357875347137,0.3545553386211395,0.08104011416435242,0.36664333939552307
2105,-20.6555,-12.3926,-33.048,-22.8125,-13.3203,0.2126,0.0,0.5442307591438293,0.4754136800765991,0.5403698682785034,0.4769119620323181,0.4691220223903656,0.10105721652507782,0.331195592880249,0.08617071062326431,0.3770988881587982
2110,-20.3641,-13.1957,-33.5598,-23.1875,-13.1562,0.2177,0.0,0.5281173586845398,0.4289606809616089,0.5085508823394775,0.4209439754486084,0.4508928656578064,0.095382459461689,0.2995569109916687,0.08636505156755447,0.4142179787158966
2115,-20.8219,-12.3691,-33.191,-22.3203,-14.7266,0.2149,0.0,0.5708518624305725,0.4764692187309265,0.5265632271766663,0.4647260904312134,0.4642857015132904,0.0962764322757721,0.3320118188858032,0.08267257362604141,0.38456156849861145
2120,-21.2941,-11.5652,-32.8594,-24.3203,-10.9141,0.2291,0.0,0.5971354842185974,0.49461090564727783,0.6110174059867859,0.5043196678161621,0.5383184552192688,0.10583800077438354,0.3606187701225281,0.06914645433425903,0.35991916060447693
2125,-21.766,-11.0352,-32.8012,-24.4219,-10.7344,0.2475,0.0,0.6253993511199951,0.5229908227920532,0.5704057216644287,0.5383920669555664,0.5204613208770752,0.0973258689045906,0.388837069272995,0.06514303386211395,0.34421640634536743
2130,-21.6332,-11.077,-32.7102,-24.5391,-10.5234,0.2651,0.0,0.5784860849380493,0.5170814990997314,0.6241794228553772,0.5455062985420227,0.539434552192688,0.09755907952785492,0.38568875193595886,0.07105099409818649,0.3412235677242279
2135,-20.7852,-12.1953,-32.9805,-23.9141,-11.4688,0.2683,0.0,0.5674962401390076,0.4985119104385376,0.5302474498748779,0.46557551622390747,0.5029761791229248,0.10307835787534714,0.33955225348472595,0.08481032401323318,0.3680814802646637
2140,-21.0477,-11.6059,-32.6535,-24.0938,-11.1094,0.2735,0.0,0.5646108388900757,0.523264467716217,0.5602094531059265,0.5028473734855652,0.5554315447807312,0.1058768630027771,0.36672109365463257,0.08166199922561646,0.34126242995262146
2145,-21.152,-11.9527,-33.1047,-23.3906,-12.6797,0.2803,0.0,0.5951993465423584,0.5012216567993164,0.5303726196289062,0.4627300202846527,0.5256696343421936,0.0955379381775856,0.34996891021728516,0.07614272087812424,0.3738728165626526
2150,-19.8699,-13.7832,-33.6531,-23.9609,-11.4453,0.2798,0.0,0.5107112526893616,0.40749478340148926,0.47280967235565186,0.39749377965927124,0.4296875,0.09071828424930573,0.2800450921058655,0.10292288661003113,0.42183613777160645
2155,-20.1695,-13.3352,-33.5047,-23.0703,-13.0391,0.2712,0.0,0.45617786049842834,0.4170598089694977,0.4682731032371521,0.4430941343307495,0.46875,0.09091262519359589,0.3048429787158966,0.09678171575069427,0.4029850661754608
2160,-20.0938,-13.3262,-33.4199,-23.125,-12.9062,0.2696,0.0,0.46873739361763,0.42217567563056946,0.4990059733390808,0.43835878372192383,0.459077388048172,0.0963541641831398,0.29691386222839355,0.09775342047214508,0.40450093150138855
2165,-20.4012,-12.941,-33.3422,-23.8125,-11.7891,0.2718,0.0,0.5249690413475037,0.44067585468292236,0.4808835983276367,0.44566282629966736,0.4947916567325592,0.09417755156755447,0.31284981966018677,0.09149564802646637,0.39699938893318176
2170,-20.2938,-13.082,-33.3758,-22.7891,-13.5078,0.2807,0.0,0.49646276235580444,0.4425108730792999,0.506704568862915,0.44477346539497375,0.4382440447807312,0.09340018779039383,0.31269434094429016,0.09565453976392746,0.39377331733703613
2175,-20.25,-13.4789,-33.7289,-22.7734,-13.8438,0.2738,0.0,0.5308359861373901,0.42108651995658875,0.44665011763572693,0.40225034952163696,0.4616815447807312,0.08508239686489105,0.3019278645515442,0.09398321062326431,0.41452890634536743
2180,-20.1316,-13.9969,-34.1285,-22.2422,-15.0,0.2757,0.0,0.48698699474334717,0.3876670300960541,0.44517186284065247,0.3728754222393036,0.4311755895614624,0.07765857875347137,0.2792288661003113,0.09499377757310867,0.44364115595817566
2185,-19.3348,-14.6027,-33.9375,-22.5781,-14.0938,0.2709,0.0,0.44841817021369934,0.35711047053337097,0.4183707535266876,0.374455988407135,0.409970223903656,0.08477145433425903,0.25719061493873596,0.11594372242689133,0.43761661648750305
2190,-20.0109,-14.1082,-34.1191,-22.4297,-14.5547,0.2632,0.0,0.47675567865371704,0.3965443968772888,0.43995147943496704,0.37634971737861633,0.3720238208770752,0.07859142124652863,0.27444806694984436,0.09612096101045609,0.4463619291782379
2195,-19.4734,-14.9125,-34.3859,-22.5547,-14.3047,0.2528,0.0,0.42783239483833313,0.34344562888145447,0.38691118359565735,0.3451048731803894,0.3880208432674408,0.07513215392827988,0.24343128502368927,0.10809235274791718,0.46886661648750305
2200,-19.7645,-14.3609,-34.1254,-22.2344,-14.7578,0.2415,0.0,0.4518950581550598,0.37891364097595215,0.43052393198013306,0.37374794483184814,0.3705357015132904,0.07999067008495331,0.266907662153244,0.1023787334561348,0.44624534249305725
2205,-19.1859,-15.4465,-34.6324,-22.1562,-14.8906,0.2341,0.0,0.45382165908813477,0.3489234149456024,0.35059481859207153,0.3047814965248108,0.3385416567325592,0.07322761416435242,0.22022698819637299,0.1110851988196373,0.4909825921058655
2210,-19.541,-14.9391,-34.4801,-22.7188,-13.7656,0.2166,0.0,0.41861793398857117,0.3228934705257416,0.3901754319667816,0.34850606322288513,0.3895089328289032,0.06805814802646637,0.24448071420192719,0.11077425628900528,0.47220927476882935
2215,-18.7313,-15.8637,-34.5949,-22.6094,-14.1016,0.2013,0.0,0.41530343890190125,0.3316885828971863,0.34992271661758423,0.2920083701610565,0.3363095223903656,0.0736551582813263,0.21268656849861145,0.1257385015487671,0.48344215750694275
2220,-18.8234,-15.9348,-34.7582,-21.8281,-15.3359,0.1849,0.0,0.38136574625968933,0.2933259606361389,0.35671594738960266,0.29719096422195435,0.3381696343421936,0.06716418266296387,0.21082089841365814,0.12356188148260117,0.493975430727005
2225,-19.2488,-15.5363,-34.7852,-21.75,-15.8203,0.1751,0.0,0.4118967354297638,0.30690985918045044,0.35247665643692017,0.3141738474369049,0.3381696343421936,0.06926306337118149,0.22162623703479767,0.10828669369220734,0.4963463842868805
2230,-19.4895,-15.0598,-34.5492,-23.1875,-12.9453,0.1713,0.0,0.4209950864315033,0.3495669364929199,0.37477540969848633,0.3363392651081085,0.3359375,0.07108986377716064,0.23783425986766815,0.10817008465528488,0.4784281849861145
2235,-19.707,-14.7137,-34.4207,-22.5312,-14.4219,0.1704,0.0,0.46338966488838196,0.35638630390167236,0.41601255536079407,0.34334516525268555,0.3668154776096344,0.07590951770544052,0.24953357875347137,0.0990360677242279,0.4710432291030884
2240,-19.6234,-14.4367,-34.0602,-22.5859,-13.8672,0.175,0.0,0.46385830640792847,0.36093610525131226,0.4126407504081726,0.3746097683906555,0.4140625,0.08119558542966843,0.259095162153244,0.10700403898954391,0.4482276141643524
2245,-19.5398,-14.3637,-33.9035,-22.3281,-14.5,0.174,0.0,0.46957311034202576,0.3903997540473938,0.44216954708099365,0.3781898319721222,0.3590029776096344,0.08558768779039383,0.2615438401699066,0.10820895433425903,0.4401819109916687
2250,-19.743,-14.2902,-34.0332,-22.7656,-13.8594,0.1756,0.0,0.48925694823265076,0.3832540214061737,0.4426751732826233,0.3635263741016388,0.4107142984867096,0.0868314653635025,0.26134949922561646,0.09763681888580322,0.4497045874595642
2255,-19.8996,-13.9313,-33.8309,-23.0156,-13.1953,0.1785,0.0,0.5,0.4014931619167328,0.44440168142318726,0.3957535922527313,0.3913690447807312,0.0868314653635025,0.28113338351249695,0.10101834684610367,0.42653918266296387
2260,-19.5324,-14.0879,-33.6203,-22.3359,-14.6016,0.1833,0.0,0.5022587180137634,0.3987617790699005,0.42735347151756287,0.39305439591407776,0.4308035671710968,0.0946439653635025,0.27623599767684937,0.10941386967897415,0.41522854566574097
2265,-20.0414,-13.725,-33.7664,-23.0625,-12.9609,0.1772,0.0,0.4990999102592468,0.3894864320755005,0.46463021636009216,0.41066837310791016,0.4341517984867096,0.08636505156755447,0.28910136222839355,0.09670397639274597,0.4233520030975342
2270,-19.9641,-13.9535,-33.9176,-22.6562,-14.0547,0.181,0.0,0.5228817462921143,0.39249640703201294,0.43966877460479736,0.3911322355270386,0.3880208432674408,0.08578202873468399,0.2693563401699066,0.09856965392827988,0.4418143630027771
2275,-20.2621,-13.6738,-33.9359,-22.7891,-13.8125,0.1833,0.0,0.4979272186756134,0.4143812358379364,0.46660885214805603,0.4011928141117096,0.3720238208770752,0.08438277244567871,0.28486475348472595,0.08962997794151306,0.43664491176605225
2280,-19.9289,-13.7438,-33.6727,-22.3906,-14.375,0.1856,0.0,0.5109745264053345,0.40960219502449036,0.4465576410293579,0.40855851769447327,0.4136904776096344,0.0885416641831398,0.2833488881587982,0.10218439251184464,0.4214474558830261
2285,-20.175,-13.4754,-33.6504,-23.1094,-13.1953,0.1893,0.0,0.5052720308303833,0.4275556802749634,0.5031605362892151,0.411639928817749,0.3988095223903656,0.09215640276670456,0.2897232472896576,0.09223414212465286,0.42140859365463257
2290,-20.5746,-12.9305,-33.5051,-23.0391,-13.125,0.2004,0.0,0.5554632544517517,0.4385899007320404,0.479742169380188,0.43508103489875793,0.4702380895614624,0.09355565905570984,0.3098180890083313,0.08442164212465286,0.4077270030975342
2295,-20.4906,-13.0387,-33.5293,-23.7734,-11.9141,0.2001,0.0,0.5169061422348022,0.43856093287467957,0.467980295419693,0.43889257311820984,0.4579613208770752,0.0919620618224144,0.3068252503871918,0.08679260313510895,0.40994247794151306
2300,-20.2426,-13.3965,-33.6391,-23.3203,-12.9375,0.2038,0.0,0.5035087466239929,0.41154247522354126,0.4905739426612854,0.41750022768974304,0.4639136791229248,0.0886194035410881,0.2983520030975342,0.0927782952785492,0.4157727062702179
2305,-19.9566,-13.8184,-33.775,-22.0938,-15.0156,0.2002,0.0,0.5381319522857666,0.4009140133857727,0.43625253438949585,0.3886672854423523,0.4486607015132904,0.09071828424930573,0.2806669771671295,0.09542132914066315,0.4287157952785492
2310,-19.7234,-14.3645,-34.0879,-22.4766,-14.25,0.1957,0.0,0.44517648220062256,0.34171444177627563,0.4548204243183136,0.38381725549697876,0.4118303656578064,0.0825948417186737,0.264342337846756,0.10280627757310867,0.44577890634536743
2315,-19.8023,-14.4223,-34.2246,-21.625,-16.1406,0.186,0.0,0.4649833142757416,0.36532649397850037,0.4386035203933716,0.3612777888774872,0.392485111951828,0.08158426731824875,0.2571517527103424,0.09685945510864258,0.45992693305015564
2320,-19.3879,-14.6652,-34.0531,-22.5469,-14.1797,0.1827,0.0,0.4675799012184143,0.37141990661621094,0.4222843050956726,0.3514225482940674,0.3976934552192688,0.0851212665438652,0.2564909756183624,0.11127953976392746,0.4426305890083313
2325,-19.434,-14.9492,-34.3832,-21.6875,-15.6406,0.1718,0.0,0.4314824342727661,0.31820377707481384,0.4118705093860626,0.34152597188949585,0.4222470223903656,0.07629819959402084,0.24148787558078766,0.10805348306894302,0.46968284249305725
2330,-19.8891,-14.5102,-34.3992,-22.8438,-13.75,0.1657,0.0,0.46149924397468567,0.34735873341560364,0.45525774359703064,0.3524954617023468,0.3872767984867096,0.07622046023607254,0.2531094551086426,0.09425528347492218,0.4719371795654297
2335,-19.6953,-14.4289,-34.1242,-22.3359,-14.6719,0.163,0.0,0.460737943649292,0.38050833344459534,0.41006097197532654,0.35656052827835083,0.4319196343421936,0.08216729015111923,0.25843438506126404,0.10199005156755447,0.45293065905570984
2340,-19.4352,-14.2684,-33.7035,-22.4844,-14.2344,0.1704,0.0,0.4672507345676422,0.38004958629608154,0.44405099749565125,0.39281153678894043,0.4114583432674408,0.09316697716712952,0.2665189802646637,0.10976368188858032,0.42607274651527405
2345,-20.0395,-13.484,-33.5234,-23.1875,-12.7109,0.1788,0.0,0.4913684129714966,0.40860074758529663,0.4742990732192993,0.4276184141635895,0.4598214328289032,0.09231188148260117,0.2955534756183624,0.09981343150138855,0.40784358978271484
2350,-20.0492,-13.7504,-33.7996,-22.2109,-14.6641,0.1754,0.0,0.48010727763175964,0.3860785663127899,0.4821213483810425,0.4068179726600647,0.4382440447807312,0.08694807440042496,0.2819885015487671,0.09674284607172012,0.4298429787158966
2355,-20.0344,-13.4941,-33.5285,-23.1797,-12.7266,0.1743,0.0,0.5091134905815125,0.4270462691783905,0.44880345463752747,0.41458532214164734,0.4613095223903656,0.0938277393579483,0.29489272832870483,0.09907493740320206,0.4077270030975342
2360,-20.959,-12.3855,-33.3445,-23.0547,-13.3047,0.1859,0.0,0.586783766746521,0.4770588278770447,0.5039880275726318,0.4405994415283203,0.5085565447807312,0.0929337665438652,0.3303793668746948,0.07796952873468399,0.39423975348472595
2365,-19.9949,-13.3574,-33.3523,-23.0312,-12.8594,0.1959,0.0,0.5278318524360657,0.43125244975090027,0.48115041851997375,0.4372616112232208,0.4073660671710968,0.0998523011803627,0.29823538661003113,0.10000777244567871,0.39742693305015564
2370,-20.6418,-12.9133,-33.5551,-22.375,-14.7578,0.1969,0.0,0.5803534984588623,0.44699999690055847,0.5104166865348816,0.41327542066574097,0.4765625,0.0945662334561348,0.3109452724456787,0.07835821062326431,0.41165268421173096
2375,-19.9137,-13.527,-33.4406,-22.8594,-13.5078,0.1956,0.0,0.5289495587348938,0.4202783405780792,0.47891002893447876,0.41825351119041443,0.4341517984867096,0.09398321062326431,0.29326024651527405,0.10412780195474625,0.4041511118412018
2380,-20.7461,-12.768,-33.5141,-23.3047,-12.875,0.198,0.0,0.540772557258606,0.4220227301120758,0.5044705867767334,0.45601174235343933,0.4877232015132904,0.09056281298398972,0.32474347949028015,0.0825948417186737,0.3976212739944458
2385,-20.5734,-12.6234,-33.1969,-22.7266,-13.7266,0.2178,0.0,0.5511341094970703,0.4515209197998047,0.5136100053787231,0.46859169006347656,0.4713541567325592,0.09767568111419678,0.32711443305015564,0.08710354566574097,0.3836287260055542
2390,-20.4613,-12.8887,-33.35,-23.1406,-13.1328,0.2182,0.0,0.5392986536026001,0.447348952293396,0.49671486020088196,0.44776707887649536,0.4534970223903656,0.0964319035410881,0.31522077322006226,0.08873600512742996,0.39513370394706726
2395,-19.7934,-13.9199,-33.7133,-23.3594,-12.3672,0.2198,0.0,0.493401437997818,0.41005367040634155,0.457328736782074,0.3990541994571686,0.3850446343421936,0.09130130708217621,0.27526429295539856,0.1015625,0.4273942708969116
2400,-19.4039,-13.9887,-33.3926,-22.0781,-14.6016,0.2099,0.0,0.5122780799865723,0.4335128962993622,0.4612981677055359,0.39051443338394165,0.3976934552192688,0.10288401693105698,0.2741760015487671,0.1119791641831398,0.4064832031726837
2405,-20.0527,-13.4961,-33.5488,-22.8906,-13.4922,0.2062,0.0,0.5777161121368408,0.44863107800483704,0.44495993852615356,0.38917261362075806,0.4352678656578064,0.09802550077438354,0.2867692708969116,0.09215640276670456,0.41857120394706726
2410,-20.0234,-13.243,-33.2664,-23.3984,-12.3125,0.2122,0.0,0.5155488848686218,0.41063857078552246,0.5354812145233154,0.43922650814056396,0.4847470223903656,0.10373912006616592,0.3025108873844147,0.09530472755432129,0.3939676582813263
2415,-20.418,-12.7176,-33.1355,-23.5625,-12.0312,0.2129,0.0,0.5525805354118347,0.4642295241355896,0.5070422291755676,0.4621158242225647,0.4453125,0.10016324371099472,0.32108986377716064,0.0910680964589119,0.3832011818885803
2420,-20.7211,-12.4535,-33.1746,-23.0938,-12.8984,0.2243,0.0,0.5423529148101807,0.46149352192878723,0.5421003103256226,0.48171910643577576,0.4404761791229248,0.09911380708217621,0.3325948417186737,0.08216729015111923,0.38164645433425903
2425,-20.3551,-12.4344,-32.7895,-23.5547,-12.0703,0.2352,0.0,0.5734531879425049,0.49242696166038513,0.5493670701980591,0.455813467502594,0.508184552192688,0.11244558542966843,0.3259095251560211,0.092117540538311,0.3650497496128082
2430,-20.6426,-12.4781,-33.1207,-23.3984,-12.4062,0.2524,0.0,0.5628140568733215,0.4657260477542877,0.5418583154678345,0.4774912893772125,0.4296875,0.10055192559957504,0.330573707818985,0.08449938148260117,0.3798973858356476
2435,-21.3367,-11.7063,-33.043,-24.0547,-11.2578,0.2572,0.0,0.5743429064750671,0.4967355728149414,0.5811578035354614,0.49952825903892517,0.4925595223903656,0.09907493740320206,0.3571983873844147,0.06848569959402084,0.37076336145401
2440,-20.9141,-12.0195,-32.9336,-23.7734,-11.8672,0.2724,0.0,0.5810014605522156,0.4906562864780426,0.5609022378921509,0.4955562651157379,0.4583333432674408,0.10556592047214508,0.3494247496128082,0.07754197716712952,0.36298975348472595
2445,-21.3277,-11.2918,-32.6195,-24.2656,-10.7656,0.2901,0.0,0.5940409898757935,0.5154468417167664,0.5866462588310242,0.5346975922584534,0.5438988208770752,0.10436100512742996,0.3749222755432129,0.07625932991504669,0.33997979760169983
2450,-21.0574,-11.8617,-32.9191,-23.25,-12.6328,0.3008,0.0,0.5781777501106262,0.4758298099040985,0.6076530814170837,0.503338634967804,0.5063244104385376,0.10366138070821762,0.3489583432674408,0.07618159055709839,0.36672109365463257
2455,-20.9133,-12.0844,-32.9977,-23.3125,-12.6719,0.3102,0.0,0.6181132197380066,0.49551185965538025,0.5206084251403809,0.46152234077453613,0.5171130895614624,0.10300061851739883,0.34207865595817566,0.07921330630779266,0.37122979760169983
2460,-20.548,-12.6461,-33.1941,-22.9844,-13.2344,0.3126,0.0,0.5692488551139832,0.45339345932006836,0.5075088143348694,0.4639967978000641,0.4613095223903656,0.09934701770544052,0.3189909756183624,0.08799751102924347,0.38918688893318176
2465,-20.9598,-12.3219,-33.2816,-23.3594,-12.6953,0.3168,0.0,0.5770782828330994,0.4718554615974426,0.555499255657196,0.4621798098087311,0.4508928656578064,0.09631530195474625,0.33558768033981323,0.07668688148260117,0.38693252205848694
2470,-20.7852,-12.35,-33.1352,-24.0234,-11.25,0.3176,0.0,0.5646601915359497,0.4701102674007416,0.5464216470718384,0.47679412364959717,0.4523809552192688,0.10008551180362701,0.33484917879104614,0.08037935197353363,0.3802083432674408
2475,-20.9324,-12.1117,-33.0441,-23.5,-12.4844,0.328,0.0,0.5929727554321289,0.49107545614242554,0.5438428521156311,0.486099511384964,0.431547611951828,0.09845304489135742,0.3440609574317932,0.08111784607172012,0.3718905448913574
2480,-21.1535,-11.9602,-33.1137,-23.1797,-13.1484,0.3359,0.0,0.6030170917510986,0.5011118650436401,0.5691013932228088,0.4711138904094696,0.4546130895614624,0.09790889173746109,0.34958022832870483,0.07396610826253891,0.37406715750694275
2485,-20.873,-12.3008,-33.1738,-23.3125,-12.7422,0.3426,0.0,0.5368123054504395,0.4653056561946869,0.5453672409057617,0.4781896471977234,0.495907723903656,0.09608209133148193,0.33889147639274597,0.08096237480640411,0.37958642840385437
2490,-21.0133,-12.1457,-33.159,-23.4531,-12.6953,0.3471,0.0,0.5806451439857483,0.48252779245376587,0.5415415167808533,0.47476404905319214,0.470610111951828,0.09639303386211395,0.34258395433425903,0.07765857875347137,0.3788868188858032
2495,-20.9457,-11.4793,-32.425,-24.2266,-10.4219,0.3652,0.0,0.5813388824462891,0.508812665939331,0.5689029693603516,0.5451864004135132,0.554315447807312,0.1120569035410881,0.36827582120895386,0.08574315905570984,0.3294465243816376
2500,-21.5531,-10.807,-32.3602,-24.125,-11.0469,0.3817,0.0,0.6195345520973206,0.5402514934539795,0.6012067794799805,0.5653223991394043,0.558407723903656,0.11023010313510895,0.39252954721450806,0.07085665315389633,0.32190608978271484
2505,-21.7453,-10.5844,-32.3297,-24.0156,-11.3594,0.4026,0.0,0.6546536087989807,0.5492794513702393,0.6131687164306641,0.5685335397720337,0.5528273582458496,0.1110851988196373,0.4018579125404358,0.06611473858356476,0.31646454334259033
2510,-21.7605,-10.248,-32.0086,-24.8516,-9.8516,0.4251,0.0,0.6381709575653076,0.5843802690505981,0.6240090727806091,0.5934123992919922,0.5595238208770752,0.11730410158634186,0.4145677983760834,0.06864117085933685,0.2950093150138855
2515,-21.6863,-10.4668,-32.1531,-24.5,-10.2031,0.4395,0.0,0.6197471618652344,0.5617621541023254,0.6152137517929077,0.5895096659660339,0.5695684552192688,0.1137671023607254,0.404967337846756,0.07000155746936798,0.3067863881587982
2520,-21.6965,-10.6469,-32.3434,-23.9609,-11.0938,0.4546,0.0,0.622338593006134,0.528986930847168,0.6377491354942322,0.5829313397407532,0.5825892686843872,0.11135727912187576,0.40360695123672485,0.06630907952785492,0.31424906849861145
2525,-21.6492,-10.923,-32.5723,-23.8516,-11.7578,0.4645,0.0,0.6382747292518616,0.53871750831604,0.6342321038246155,0.5429132580757141,0.4933035671710968,0.10723724961280823,0.3854944109916687,0.06630907952785492,0.33648166060447693
2530,-21.175,-11.7039,-32.8789,-23.6016,-12.2109,0.4722,0.0,0.5968666672706604,0.500713586807251,0.6053971648216248,0.5008556246757507,0.4795386791229248,0.10171797126531601,0.35405007004737854,0.0763370618224144,0.36341729760169983
2535,-21.1438,-11.5473,-32.691,-23.4844,-12.3984,0.4815,0.0,0.6297903060913086,0.5104256272315979,0.5607523918151855,0.5034988522529602,0.5398065447807312,0.10750932991504669,0.3616293668746948,0.07645367085933685,0.3499300479888916
2540,-20.8797,-12.332,-33.2117,-23.1719,-12.8125,0.4818,0.0,0.5970755219459534,0.4868270456790924,0.5149182081222534,0.4530194401741028,0.4642857015132904,0.09569340944290161,0.33931902050971985,0.08076803386211395,0.379741907119751
2545,-20.7488,-12.3406,-33.0895,-23.4453,-12.5703,0.4865,0.0,0.5813771486282349,0.5030604004859924,0.5073800683021545,0.44340893626213074,0.4973958432674408,0.09934701770544052,0.33655938506126404,0.08426617085933685,0.37534981966018677
2550,-20.7168,-12.5793,-33.2961,-23.1953,-12.8594,0.4855,0.0,0.5524475574493408,0.44853201508522034,0.5157032608985901,0.4754808247089386,0.4386160671710968,0.09448849409818649,0.32964086532592773,0.08539334684610367,0.3859996795654297
2555,-20.4645,-12.3961,-32.8605,-23.4766,-12.2969,0.488,0.0,0.5624092817306519,0.4779859483242035,0.542553186416626,0.47700661420822144,0.4914434552192688,0.10712064802646637,0.3319340944290161,0.09134017676115036,0.36512747406959534
2560,-20.7422,-12.3316,-33.0738,-23.3359,-12.4844,0.4866,0.0,0.5862874984741211,0.48140808939933777,0.5220417380332947,0.47427865862846375,0.4475446343421936,0.0997745618224144,0.33344992995262146,0.08376087993383408,0.37853699922561646
2565,-20.7539,-12.3422,-33.0961,-23.2656,-12.6953,0.4982,0.0,0.5477129220962524,0.46774566173553467,0.5185185074806213,0.48641079664230347,0.4769345223903656,0.09856965392827988,0.33620956540107727,0.08605410158634186,0.3746890425682068
2570,-20.643,-12.5805,-33.2234,-23.9531,-11.5781,0.4997,0.0,0.5553725957870483,0.4704355001449585,0.5226972103118896,0.46843650937080383,0.4084821343421936,0.09441076219081879,0.3293299078941345,0.08819185197353363,0.38358986377716064
2575,-20.5633,-12.816,-33.3793,-22.9375,-13.1875,0.4987,0.0,0.5351059436798096,0.44277697801589966,0.5037862062454224,0.45486655831336975,0.4553571343421936,0.09355565905570984,0.31856343150138855,0.08725901693105698,0.3961442708969116
2580,-20.5438,-12.9043,-33.448,-22.6875,-14.0859,0.4959,0.0,0.5372294187545776,0.4455603063106537,0.5021929740905762,0.44598931074142456,0.4326636791229248,0.08978544920682907,0.31735852360725403,0.0886194035410881,0.3997590243816376
2585,-20.2859,-12.9957,-33.2816,-22.8203,-13.6094,0.5056,0.0,0.552173912525177,0.433974027633667,0.4887218177318573,0.4529889225959778,0.4527529776096344,0.09833644330501556,0.31141167879104614,0.09305037558078766,0.3927238881587982
2590,-19.693,-14.1992,-33.8922,-22.7031,-13.75,0.4929,0.0,0.5195857882499695,0.3987240791320801,0.4336545467376709,0.38257306814193726,0.3430059552192688,0.08632618188858032,0.268073707818985,0.10486629605293274,0.4362562298774719
2595,-19.6449,-13.9543,-33.5992,-22.1953,-14.7656,0.4863,0.0,0.5209044218063354,0.4122770130634308,0.4427913427352905,0.4020829498767853,0.379092276096344,0.09110696613788605,0.2767024338245392,0.10972481220960617,0.4179881811141968
2600,-19.827,-14.0297,-33.8566,-22.3672,-14.5625,0.4928,0.0,0.5166149735450745,0.40019890666007996,0.467936247587204,0.37821143865585327,0.3917410671710968,0.0877254381775856,0.2735929787158966,0.10000777244567871,0.43419620394706726
2605,-19.648,-14.0652,-33.7133,-22.3906,-14.1641,0.4833,0.0,0.5,0.41815873980522156,0.4536902904510498,0.3779643774032593,0.3973214328289032,0.09118469804525375,0.2756918668746948,0.10743159055709839,0.4212142527103424
2610,-20.193,-13.8543,-34.0473,-22.4531,-14.4609,0.4789,0.0,0.5031295418739319,0.40480154752731323,0.45907172560691833,0.37358391284942627,0.4270833432674408,0.0807291641831398,0.28008395433425903,0.092117540538311,0.44259172677993774
2615,-20.2152,-13.6715,-33.8867,-22.9297,-13.4375,0.4814,0.0,0.5255215167999268,0.42584773898124695,0.4564831256866455,0.3879556953907013,0.3958333432674408,0.087569959461689,0.2854088842868805,0.08753109723329544,0.43501242995262146
2620,-19.5805,-14.1945,-33.775,-22.7344,-13.8984,0.4769,0.0,0.4953833818435669,0.4062126576900482,0.47079038619995117,0.36629873514175415,0.40625,0.09682058542966843,0.260261207818985,0.10179571062326431,0.43664491176605225
2625,-19.9777,-13.843,-33.8207,-22.6641,-13.8516,0.4779,0.0,0.5093763470649719,0.39109188318252563,0.4772542715072632,0.4022296071052551,0.3857886791229248,0.08912468701601028,0.27837374806404114,0.09569340944290161,0.43233054876327515
2630,-20.4367,-12.9871,-33.4238,-22.4766,-14.2969,0.4889,0.0,0.5292180776596069,0.4307613670825958,0.5258050560951233,0.4469805061817169,0.4367559552192688,0.09444962441921234,0.3042599558830261,0.08811412006616592,0.408698707818985
2635,-21.1867,-12.0648,-33.2516,-23.2422,-12.9531,0.505,0.0,0.6173361539840698,0.47745418548583984,0.5436943769454956,0.48090365529060364,0.433779776096344,0.09192319959402084,0.34565454721450806,0.07427705079317093,0.38366758823394775
2640,-20.7938,-12.8285,-33.6223,-22.8516,-13.6172,0.5155,0.0,0.586696207523346,0.46103087067604065,0.5247769951820374,0.4190964102745056,0.4114583432674408,0.0876476988196373,0.3121890425682068,0.07843594253063202,0.4172496795654297
2645,-20.9109,-12.1734,-33.0844,-23.6719,-12.0469,0.5284,0.0,0.5984189510345459,0.48256081342697144,0.5369668006896973,0.469847172498703,0.4854910671710968,0.09833644330501556,0.3387748897075653,0.08201181888580322,0.3763992488384247
2650,-20.573,-12.6148,-33.1879,-23.0,-13.1797,0.5328,0.0,0.5955742001533508,0.47130852937698364,0.5032080411911011,0.44090038537979126,0.4799107015132904,0.10187344253063202,0.32377177476882935,0.08481032401323318,0.3850668668746948
2655,-20.6766,-12.7852,-33.4617,-22.4922,-14.4297,0.5361,0.0,0.5837793350219727,0.4626571238040924,0.5110576748847961,0.4241144359111786,0.4505208432674408,0.09441076219081879,0.31537625193595886,0.08084577322006226,0.40488961338996887
2660,-21.241,-11.7617,-33.0027,-23.0703,-13.1797,0.5481,0.0,0.6100775003433228,0.504395604133606,0.562123715877533,0.4769747257232666,0.5174851417541504,0.10027985274791718,0.3537002503871918,0.07101212441921234,0.3705301582813263
2665,-21.2437,-11.5758,-32.8195,-23.6016,-12.2812,0.5651,0.0,0.6519151926040649,0.512047529220581,0.5559701323509216,0.48633405566215515,0.5301339030265808,0.10451647639274597,0.35972481966018677,0.0729166641831398,0.35836443305015564
2670,-21.2547,-11.5047,-32.7594,-23.6016,-12.1172,0.58,0.0,0.6166110634803772,0.5251675844192505,0.5748690962791443,0.49369189143180847,0.5204613208770752,0.10482742637395859,0.3652440905570984,0.07423818111419678,0.35121268033981323
2675,-21.7609,-10.3879,-32.1488,-24.1641,-10.875,0.6016,0.0,0.6640730500221252,0.5726585388183594,0.6244266033172607,0.5687840580940247,0.5602678656578064,0.11489427834749222,0.40628886222839355,0.0677860677242279,0.3065531849861145
2680,-21.6242,-10.7563,-32.3805,-23.7656,-11.5547,0.6236,0.0,0.6693213582038879,0.5372104644775391,0.6159763336181641,0.5527233481407166,0.5569196343421936,0.11225124448537827,0.39431747794151306,0.06568718701601028,0.32326647639274597
2685,-20.9609,-11.7172,-32.6781,-23.2656,-12.6016,0.6328,0.0,0.6039051413536072,0.508537232875824,0.5688118934631348,0.511443555355072,0.4858630895614624,0.11147388070821762,0.35739272832870483,0.07851368188858032,0.3481420874595642
2690,-21.1215,-12.0055,-33.127,-23.2344,-13.0391,0.6397,0.0,0.6015008091926575,0.48501452803611755,0.5758712887763977,0.4813936650753021,0.4505208432674408,0.09841418266296387,0.3475590944290161,0.07248912006616592,0.37706002593040466
2695,-20.4617,-12.4613,-32.923,-23.5781,-12.3984,0.6335,0.0,0.5828467011451721,0.474795401096344,0.5329599380493164,0.4741307199001312,0.4598214328289032,0.10649875551462173,0.3276974558830261,0.09021300077438354,0.3711131811141968
2700,-20.9613,-11.9238,-32.8852,-23.0312,-13.2109,0.6404,0.0,0.6207906007766724,0.4878861904144287,0.578504204750061,0.48864492774009705,0.482514888048172,0.10618781298398972,0.34973570704460144,0.07847481220960617,0.36112406849861145
2705,-21.2527,-11.5531,-32.8059,-23.2734,-12.7969,0.6522,0.0,0.6314243674278259,0.5036908388137817,0.6016260385513306,0.4918457865715027,0.5398065447807312,0.1058768630027771,0.3580534756183624,0.07171175628900528,0.3598802983760834
2710,-21.6625,-11.0523,-32.7148,-23.7891,-11.7891,0.66,0.0,0.6590397357940674,0.5236638188362122,0.5661407709121704,0.5125532150268555,0.5889136791229248,0.10362251102924347,0.38106343150138855,0.06405472755432129,0.34678173065185547
2715,-21.1719,-11.5379,-32.7098,-22.8594,-13.4375,0.681,0.0,0.6420233249664307,0.5110560059547424,0.6057846546173096,0.49674931168556213,0.5126488208770752,0.10988028347492218,0.3603467047214508,0.07256685197353363,0.35272854566574097
2720,-21.2887,-11.3254,-32.6141,-23.2969,-12.4453,0.6987,0.0,0.6320137977600098,0.5309790372848511,0.6164994239807129,0.5198693871498108,0.4654017984867096,0.11291199922561646,0.3676150441169739,0.06972947716712952,0.34526586532592773
2725,-21.0406,-11.7312,-32.7719,-23.3281,-12.5703,0.7025,0.0,0.6370183825492859,0.5063430666923523,0.5956032872200012,0.49437350034713745,0.4683779776096344,0.10793688148260117,0.35233986377716064,0.07602611929178238,0.3592195212841034
2730,-21.0969,-11.7465,-32.8434,-23.0469,-13.0156,0.7076,0.0,0.627386212348938,0.5174335837364197,0.5827375054359436,0.47247257828712463,0.4996279776096344,0.1058768630027771,0.35560479760169983,0.07610385864973068,0.35793688893318176
2735,-21.0652,-11.8215,-32.8867,-23.2734,-12.8906,0.7141,0.0,0.6195528507232666,0.5013216137886047,0.5443425178527832,0.4783630669116974,0.5375744104385376,0.10257307440042496,0.35292288661003113,0.07625932991504669,0.3637670874595642
2740,-20.6625,-12.532,-33.1945,-23.2344,-12.8047,0.7209,0.0,0.5648148059844971,0.4623013436794281,0.5369223356246948,0.46362724900245667,0.4542410671710968,0.1007462665438652,0.3252876102924347,0.08158426731824875,0.38790422677993774
2745,-20.0457,-13.4668,-33.5125,-22.1797,-14.6562,0.7158,0.0,0.563223123550415,0.43159717321395874,0.4898446798324585,0.4035087823867798,0.4196428656578064,0.09406094253063202,0.29178327322006226,0.09759794920682907,0.41208022832870483
2750,-19.6914,-14.0652,-33.7566,-22.8047,-13.5,0.709,0.0,0.4975951015949249,0.416914165019989,0.43306511640548706,0.3766897916793823,0.4188988208770752,0.08889147639274597,0.2748367488384247,0.10626554489135742,0.4255286157131195
2755,-19.1438,-14.9016,-34.0453,-21.6875,-15.5703,0.6954,0.0,0.4829116761684418,0.37460318207740784,0.41585490107536316,0.3410078287124634,0.3530505895614624,0.087569959461689,0.2448693960905075,0.11571051180362701,0.44737252593040466
2760,-19.241,-14.8465,-34.0875,-22.3125,-14.4375,0.6756,0.0,0.49676525592803955,0.38202786445617676,0.41136670112609863,0.33039307594299316,0.3857886791229248,0.08411069959402084,0.24265392124652863,0.11489427834749222,0.4538635015487671
2765,-19.3512,-14.4609,-33.8121,-23.125,-13.0938,0.6584,0.0,0.4723365306854248,0.37844204902648926,0.42663583159446716,0.37622326612472534,0.4051339328289032,0.08500466495752335,0.26395365595817566,0.11761505156755447,0.4289489984512329
2770,-19.8344,-13.798,-33.6324,-22.875,-13.6641,0.6515,0.0,0.4709733724594116,0.4290522336959839,0.47147589921951294,0.4047529101371765,0.3776041567325592,0.08904695510864258,0.28871268033981323,0.10560479015111923,0.41215795278549194
2775,-20.7379,-12.502,-33.2398,-22.9453,-13.3359,0.675,0.0,0.5456863641738892,0.4803067147731781,0.5132508873939514,0.4628158211708069,0.4360119104385376,0.09145677834749222,0.3345382511615753,0.08799751102924347,0.381529837846756
2780,-20.7461,-12.6344,-33.3805,-22.7734,-13.8672,0.6842,0.0,0.5872305631637573,0.4863473176956177,0.5193798542022705,0.41969114542007446,0.453125,0.09557680040597916,0.32454913854599,0.08022388070821762,0.3951725661754608
2785,-20.3914,-12.7004,-33.0918,-24.3672,-10.4453,0.6892,0.0,0.5543818473815918,0.4856554865837097,0.4875560998916626,0.45875972509384155,0.425967276096344,0.09934701770544052,0.32108986377716064,0.09526585787534714,0.3798196613788605
2790,-20.6613,-12.3188,-32.9801,-23.3594,-12.5781,0.6869,0.0,0.5862857103347778,0.485949844121933,0.5200721621513367,0.46651366353034973,0.4925595223903656,0.10202892124652863,0.3347325921058655,0.08617071062326431,0.37259018421173096
2795,-20.6676,-12.1105,-32.7781,-23.8672,-11.5156,0.7086,0.0,0.5901140570640564,0.48752376437187195,0.4983179271221161,0.4884002208709717,0.5531994104385376,0.10222326219081879,0.34736475348472595,0.09242848306894302,0.3535059094429016
2800,-20.6902,-12.4496,-33.1398,-23.9609,-11.0469,0.7227,0.0,0.5521844625473022,0.45738768577575684,0.5274484157562256,0.4759192168712616,0.4888392984867096,0.09608209133148193,0.33566543459892273,0.08850280195474625,0.37527206540107727
2805,-20.1398,-13.2023,-33.3422,-23.375,-12.2188,0.7157,0.0,0.5208419561386108,0.4565081000328064,0.48921990394592285,0.42746806144714355,0.4263392984867096,0.09417755156755447,0.3096626102924347,0.09915267676115036,0.39252954721450806
2810,-21.0449,-12.1234,-33.1684,-24.5547,-10.375,0.7168,0.0,0.5346620678901672,0.47236180305480957,0.5441860556602478,0.4964163303375244,0.4709821343421936,0.08970770984888077,0.3480643630027771,0.08356653898954391,0.3741837739944458
2815,-20.5063,-12.473,-32.9793,-23.7109,-11.7578,0.7235,0.0,0.510951817035675,0.4656139016151428,0.5112994313240051,0.499355673789978,0.4735863208770752,0.09759794920682907,0.3396688401699066,0.09631530195474625,0.36194029450416565
2820,-19.3934,-13.5574,-32.9508,-22.9453,-12.8203,0.7295,0.0,0.49474066495895386,0.42772746086120605,0.4794212281703949,0.46075764298439026,0.4185267984867096,0.10715951770544052,0.2960587739944458,0.12087997794151306,0.37142413854599
2825,-20.3531,-12.9563,-33.3094,-24.1719,-11.2109,0.7156,0.0,0.5414902567863464,0.45861050486564636,0.4735375940799713,0.44530704617500305,0.4397321343421936,0.09180659055709839,0.31553173065185547,0.09767568111419678,0.39050838351249695
2830,-20.2461,-13.577,-33.823,-23.0312,-13.3516,0.7117,0.0,0.49802371859550476,0.41716593503952026,0.4468750059604645,0.41631099581718445,0.3861607015132904,0.07866915315389633,0.2984297275543213,0.09950248897075653,0.41892102360725403
2835,-20.0453,-13.0152,-33.0605,-23.6094,-11.8438,0.7125,0.0,0.5325065851211548,0.4453582465648651,0.49204546213150024,0.46376365423202515,0.4520089328289032,0.10342817008495331,0.3119169771671295,0.10261193662881851,0.37756529450416565
2840,-21.4922,-11.2898,-32.782,-24.7031,-9.8672,0.7404,0.0,0.5913934707641602,0.5195822715759277,0.5680775046348572,0.5293468832969666,0.5171130895614624,0.09483830630779266,0.3721626102924347,0.07622046023607254,0.3523010015487671
2845,-20.8539,-12.0391,-32.893,-24.1406,-10.875,0.7468,0.0,0.5601149201393127,0.4905514419078827,0.5311572551727295,0.5097335577011108,0.4620535671710968,0.0947217047214508,0.3517179787158966,0.09168998897075653,0.35739272832870483
2850,-20.693,-12.3375,-33.0305,-24.2344,-10.8047,0.7486,0.0,0.557201623916626,0.48538610339164734,0.5086315870285034,0.48601990938186646,0.4445684552192688,0.09444962441921234,0.34176772832870483,0.09231188148260117,0.36699315905570984
2855,-20.982,-11.5578,-32.5398,-24.1641,-10.875,0.7651,0.0,0.5837897062301636,0.5349278450012207,0.5285326242446899,0.5247616767883301,0.4988839328289032,0.10645988583564758,0.3688977062702179,0.08582089841365814,0.33434391021728516
2860,-21.2191,-11.4164,-32.6355,-24.9219,-9.2891,0.7751,0.0,0.5740086436271667,0.5270171761512756,0.5652173757553101,0.5399954319000244,0.4758184552192688,0.09899719804525375,0.37332865595817566,0.08403296023607254,0.33916357159614563
2865,-20.7965,-11.998,-32.7945,-24.1406,-10.9219,0.7892,0.0,0.5672741532325745,0.5013908743858337,0.5162116289138794,0.5012048482894897,0.5022321343421936,0.10024098306894302,0.3493081331253052,0.09110696613788605,0.35486629605293274
2870,-20.9379,-12.1641,-33.102,-23.8125,-11.8125,0.7859,0.0,0.5268722176551819,0.4967633783817291,0.518709659576416,0.5013178586959839,0.4066220223903656,0.08823072165250778,0.34825870394706726,0.09036847203969955,0.3686645030975342
2875,-19.932,-12.4602,-32.3922,-24.1719,-10.5547,0.7827,0.0,0.5495935082435608,0.4999421238899231,0.5084259510040283,0.5097832679748535,0.4743303656578064,0.11951959133148193,0.3358597755432129,0.1084032952785492,0.33173975348472595
2880,-20.1809,-12.8906,-33.0715,-23.7031,-11.3516,0.7793,0.0,0.5111833810806274,0.43381467461586,0.4676339328289032,0.4965042173862457,0.4575892984867096,0.09557680040597916,0.3229944109916687,0.10447761416435242,0.3724735677242279
2885,-19.8164,-13.1813,-32.9977,-23.5,-11.5234,0.78,0.0,0.5317460298538208,0.4484672546386719,0.46954402327537537,0.47029393911361694,0.4088541567325592,0.10284514725208282,0.3081079125404358,0.11166822165250778,0.3729011118412018
2890,-20.4488,-12.9383,-33.3871,-23.7344,-12.0859,0.7764,0.0,0.5098478198051453,0.4295082092285156,0.5068438053131104,0.48091602325439453,0.3761160671710968,0.0868314653635025,0.3200792968273163,0.09654850512742996,0.39206311106681824
2895,-20.4684,-12.6508,-33.1191,-24.1562,-11.1016,0.7763,0.0,0.5115995407104492,0.4530037045478821,0.49528494477272034,0.5011769533157349,0.4151785671710968,0.09549906849861145,0.3254430890083313,0.09479943662881851,0.37978076934814453
2900,-20.5016,-12.3723,-32.8738,-23.4531,-12.0156,0.7779,0.0,0.5376260876655579,0.48260918259620667,0.5256461501121521,0.5003268718719482,0.441220223903656,0.10020211338996887,0.3408348858356476,0.09775342047214508,0.35673195123672485
2905,-20.5281,-12.1352,-32.6633,-23.4219,-11.7031,0.799,0.0,0.5378814935684204,0.47313398122787476,0.5480729937553406,0.5393523573875427,0.4631696343421936,0.10824782401323318,0.3457711338996887,0.09581001102924347,0.3456934094429016
2910,-21.1363,-11.9313,-33.0676,-23.4219,-12.5469,0.7998,0.0,0.5465553402900696,0.4770341217517853,0.541966438293457,0.5194349884986877,0.4601934552192688,0.09308923780918121,0.35541045665740967,0.08104011416435242,0.3659825921058655
2915,-20.8238,-11.9516,-32.7754,-24.2812,-10.5234,0.8068,0.0,0.5505486130714417,0.46587011218070984,0.5375426411628723,0.5562877655029297,0.4538690447807312,0.09919153898954391,0.3513292968273163,0.09110696613788605,0.35389459133148193
2920,-20.4727,-12.1559,-32.6285,-24.4531,-10.0156,0.811,0.0,0.5454213619232178,0.4844030439853668,0.5505573153495789,0.5363380312919617,0.4304315447807312,0.10653762519359589,0.34639304876327515,0.09763681888580322,0.3449549078941345
2925,-20.5074,-12.3137,-32.8211,-24.4141,-10.0469,0.8183,0.0,0.5434096455574036,0.4878818690776825,0.49710312485694885,0.5084015130996704,0.4546130895614624,0.09849191457033157,0.3447994291782379,0.10062966495752335,0.35160136222839355
2930,-20.2688,-12.9223,-33.191,-23.5703,-12.0156,0.8183,0.0,0.485441118478775,0.4308081269264221,0.49557846784591675,0.4965027868747711,0.4136904776096344,0.0894356369972229,0.32272231578826904,0.10548818111419678,0.37787625193595886
2935,-20.5949,-12.7188,-33.3137,-24.4375,-10.5156,0.8182,0.0,0.4941016435623169,0.4360990524291992,0.4754563868045807,0.4850761294364929,0.480654776096344,0.08566541969776154,0.331195592880249,0.09581001102924347,0.38285136222839355
2940,-20.0246,-12.7719,-32.7965,-24.25,-10.1875,0.8161,0.0,0.4975462555885315,0.4416607916355133,0.5,0.5093339085578918,0.4988839328289032,0.10296175628900528,0.33045709133148193,0.11023010313510895,0.3518734574317932
2945,-19.975,-13.2121,-33.1871,-24.0781,-10.7656,0.8128,0.0,0.4776547849178314,0.4228387475013733,0.49192678928375244,0.48008212447166443,0.412202388048172,0.09479943662881851,0.3138215243816376,0.10832556337118149,0.37857586145401
2950,-20.2375,-13.0,-33.2375,-23.2812,-12.5938,0.8104,0.0,0.48917749524116516,0.4421719014644623,0.4843115508556366,0.4723156988620758,0.433779776096344,0.08978544920682907,0.3192630708217621,0.10529384016990662,0.3811800479888916
2955,-20.2566,-13.2277,-33.4844,-23.8047,-12.0625,0.8074,0.0,0.5277171730995178,0.4354073107242584,0.4319620132446289,0.43965938687324524,0.4423363208770752,0.08904695510864258,0.3111007511615753,0.09825870394706726,0.3971159756183624
2960,-20.0098,-13.1215,-33.1312,-22.9375,-13.0703,0.814,0.0,0.5306199789047241,0.44806671142578125,0.47909605503082275,0.4486892819404602,0.4575892984867096,0.10218439251184464,0.3076026141643524,0.103194959461689,0.38254043459892273
2965,-20.5246,-12.4164,-32.941,-23.7812,-11.5,0.8218,0.0,0.5527617335319519,0.46896156668663025,0.49577248096466064,0.5014520883560181,0.4624255895614624,0.09429415315389633,0.33873599767684937,0.10113494843244553,0.36135727167129517
2970,-20.4496,-12.1785,-32.6281,-24.2188,-10.2266,0.8322,0.0,0.5823591947555542,0.4862527847290039,0.5267963409423828,0.5078359246253967,0.4944196343421936,0.10972481220960617,0.3505907952785492,0.09790889173746109,0.33729788661003113
2975,-20.5082,-11.868,-32.3762,-24.1641,-10.6172,0.8394,0.0,0.5568820238113403,0.5130529999732971,0.5262143611907959,0.535354733467102,0.5226934552192688,0.11069651693105698,0.35583800077438354,0.10082400590181351,0.32816386222839355
2980,-21.1469,-11.268,-32.4148,-24.7656,-9.4844,0.8513,0.0,0.6054343581199646,0.5410451292991638,0.5528244972229004,0.5402883887290955,0.519717276096344,0.1015625,0.3830457031726837,0.09013526141643524,0.32077890634536743
2985,-20.723,-12.1754,-32.8984,-24.5859,-10.2422,0.8577,0.0,0.5389344096183777,0.46333733201026917,0.5421052575111389,0.5223298668861389,0.4765625,0.09483830630779266,0.35568252205848694,0.09600435197353363,0.34899720549583435
2990,-20.6164,-12.0617,-32.6781,-23.5859,-11.7031,0.862,0.0,0.5851798057556152,0.4930015504360199,0.5078903436660767,0.5179677605628967,0.4761904776096344,0.10700403898954391,0.34989115595817566,0.09359452873468399,0.345032662153244
2995,-20.934,-11.7219,-32.6559,-24.9141,-9.3281,0.8651,0.0,0.5465813875198364,0.5136884450912476,0.5374431014060974,0.5352954864501953,0.4821428656578064,0.09720926731824875,0.3662935197353363,0.09394434094429016,0.3380752503871918
3000,-20.9828,-11.8199,-32.8027,-24.0391,-11.1016,0.8777,0.0,0.5502145886421204,0.5037286281585693,0.5024691224098206,0.5206073522567749,0.5174851417541504,0.09056281298398972,0.37006375193595886,0.09444962441921234,0.34044620394706726
3005,-20.9016,-11.6367,-32.5383,-24.3125,-10.6016,0.8898,0.0,0.5674418807029724,0.4864093065261841,0.5795196890830994,0.5606431365013123,0.5044642686843872,0.10863650590181351,0.3674984574317932,0.08578202873468399,0.33360540866851807
3010,-20.709,-12.0617,-32.7707,-24.1719,-11.0234,0.8911,0.0,0.5580582618713379,0.48513320088386536,0.5326716303825378,0.5260000228881836,0.454985111951828,0.10008551180362701,0.3516402244567871,0.09398321062326431,0.34981343150138855
3015,-20.3195,-12.9133,-33.2328,-23.7891,-11.6016,0.8846,0.0,0.49448123574256897,0.4399999976158142,0.48583146929740906,0.49050599336624146,0.3995535671710968,0.08803638070821762,0.32454913854599,0.1042444035410881,0.37869247794151306
3020,-19.6277,-13.0078,-32.6355,-24.1641,-10.3359,0.8868,0.0,0.5262970924377441,0.45631900429725647,0.4785805642604828,0.4959767460823059,0.462797611951828,0.109375,0.31677550077438354,0.1215796023607254,0.34779229760169983
3025,-19.8977,-12.9402,-32.8379,-24.2109,-10.4531,0.8839,0.0,0.4969135820865631,0.44174060225486755,0.4803757071495056,0.5124383568763733,0.4401041567325592,0.1007462665438652,0.3242381811141968,0.11586598306894302,0.3546719551086426
3030,-19.9074,-13.1855,-33.093,-23.6328,-11.5156,0.878,0.0,0.5088140964508057,0.43747666478157043,0.45923346281051636,0.4786759316921234,0.4166666567325592,0.09701492637395859,0.31238338351249695,0.11155162006616592,0.3745724558830261
3035,-20.1582,-12.8211,-32.9793,-24.0078,-11.1172,0.8819,0.0,0.48978757858276367,0.4376780688762665,0.4962805509567261,0.5096843242645264,0.4445684552192688,0.09514925628900528,0.32742536067962646,0.10972481220960617,0.36322295665740967
3040,-20.577,-12.252,-32.8289,-25.1484,-8.9297,0.8844,0.0,0.5258235335350037,0.4642305076122284,0.51871657371521,0.5426164865493774,0.435639888048172,0.09557680040597916,0.3520677983760834,0.10175684094429016,0.3461209535598755
3045,-20.4184,-12.1777,-32.5961,-24.3203,-10.5391,0.9036,0.0,0.5159732699394226,0.4873846769332886,0.49216416478157043,0.5421519875526428,0.4936755895614624,0.10463308542966843,0.3496968150138855,0.1041666641831398,0.33702582120895386
3050,-20.2695,-12.4062,-32.6758,-24.3438,-10.2812,0.9029,0.0,0.5347248315811157,0.4635469615459442,0.5041441321372986,0.532392144203186,0.4735863208770752,0.10241760313510895,0.34386661648750305,0.10785914212465286,0.3413790464401245
3055,-21.3473,-11.316,-32.6633,-25.1875,-8.7578,0.9071,0.0,0.5496023297309875,0.5142108201980591,0.5479637980461121,0.5728371739387512,0.4810267984867096,0.0928560346364975,0.3856498897075653,0.08589863032102585,0.3311178386211395
3060,-20.693,-11.6836,-32.3766,-24.3203,-10.3984,0.9257,0.0,0.5599284172058105,0.4959462285041809,0.5706304907798767,0.5702331066131592,0.4895833432674408,0.10863650590181351,0.3643501102924347,0.09740360826253891,0.3251321613788605
3065,-20.8363,-11.5129,-32.3492,-24.3984,-10.3594,0.9364,0.0,0.5730536580085754,0.5007888674736023,0.5684903264045715,0.5881288647651672,0.4720982015132904,0.10933613032102585,0.36951959133148193,0.09448849409818649,0.3221781849861145
3070,-20.8141,-11.6453,-32.4594,-24.3359,-10.4844,0.946,0.0,0.5527747273445129,0.49831080436706543,0.5589086413383484,0.5629170536994934,0.5104166865348816,0.10715951770544052,0.3681592047214508,0.09402208030223846,0.3261815905570984
3075,-20.8809,-11.623,-32.5039,-24.7656,-9.3906,0.9513,0.0,0.5690814256668091,0.4962698221206665,0.5223755836486816,0.5642299652099609,0.5234375,0.1040889322757721,0.36990827322006226,0.0929337665438652,0.32859140634536743
3080,-21.0562,-11.5758,-32.632,-23.8672,-11.2344,0.9619,0.0,0.5575875639915466,0.5008867979049683,0.5806872844696045,0.5472862720489502,0.4970238208770752,0.09989117085933685,0.372551292181015,0.0893578976392746,0.3337220251560211
3085,-20.4332,-12.5078,-32.941,-23.9688,-11.3594,0.9618,0.0,0.537401556968689,0.44490405917167664,0.5013806819915771,0.5142517685890198,0.4739583432674408,0.09872512519359589,0.33826959133148193,0.09853078424930573,0.35999688506126404
3090,-20.225,-13.093,-33.318,-23.1328,-13.0078,0.9617,0.0,0.5449893474578857,0.40762680768966675,0.507918119430542,0.47325801849365234,0.4069940447807312,0.0911458358168602,0.314948707818985,0.10062966495752335,0.38879820704460144
3095,-19.6727,-13.3926,-33.0652,-22.6953,-13.7188,0.9533,0.0,0.5525751113891602,0.43339020013809204,0.5039539933204651,0.44041451811790466,0.4092261791229248,0.10867537558078766,0.2961364984512329,0.10813122242689133,0.3825792968273163
3100,-20.0578,-13.1531,-33.2109,-22.5625,-13.9141,0.9476,0.0,0.531761884689331,0.4176492989063263,0.532130777835846,0.46561217308044434,0.3988095223903656,0.09728699922561646,0.3065531849861145,0.10342817008495331,0.3882540464401245
3105,-19.725,-13.8949,-33.6199,-22.8125,-13.3672,0.9367,0.0,0.5273353457450867,0.38315069675445557,0.46760258078575134,0.42034026980400085,0.3679315447807312,0.09029073268175125,0.28373757004737854,0.10797574371099472,0.41351833939552307
3110,-19.8023,-13.8785,-33.6809,-23.0312,-13.3047,0.9276,0.0,0.5260811448097229,0.38746047019958496,0.458529531955719,0.4116881787776947,0.3902529776096344,0.08718127757310867,0.28268811106681824,0.10731498897075653,0.41833800077438354
3115,-19.6715,-14.1977,-33.8691,-22.3203,-14.3281,0.9234,0.0,0.48534053564071655,0.3747648596763611,0.4455373287200928,0.394376277923584,0.378720223903656,0.08617071062326431,0.2686178386211395,0.1066930964589119,0.43404072523117065
3120,-19.5953,-14.2773,-33.8727,-23.1641,-12.7344,0.92,0.0,0.473177433013916,0.36336249113082886,0.45306986570358276,0.39451780915260315,0.3831845223903656,0.08477145433425903,0.27094992995262146,0.11015236377716064,0.42964863777160645
3125,-19.4363,-14.3234,-33.7598,-23.0391,-12.6094,0.91,0.0,0.46690842509269714,0.3571119010448456,0.47354230284690857,0.40129774808883667,0.371279776096344,0.08574315905570984,0.26916199922561646,0.11532182991504669,0.4252954125404358
3130,-19.0367,-14.477,-33.5137,-22.6094,-13.3984,0.8987,0.0,0.48303714394569397,0.3740674555301666,0.4506998360157013,0.39475908875465393,0.3798363208770752,0.09623756259679794,0.2604944109916687,0.12496113032102585,0.4138292968273163
3135,-18.9609,-14.9203,-33.8812,-22.0469,-14.0547,0.8853,0.0,0.46357011795043945,0.34261274337768555,0.4118727147579193,0.37206172943115234,0.3608630895614624,0.08535447716712952,0.2499222606420517,0.12702114880084991,0.43322449922561646
3140,-19.1789,-15.4582,-34.6371,-21.9062,-15.0625,0.867,0.0,0.4727272689342499,0.3268496096134186,0.38310810923576355,0.30982649326324463,0.3091517984867096,0.07054571062326431,0.2238028645515442,0.11504974961280823,0.48612406849861145
3145,-19.0324,-15.1934,-34.2258,-22.4766,-14.1094,0.8565,0.0,0.4785992205142975,0.334703266620636,0.40102335810661316,0.34372344613075256,0.3110119104385376,0.0799129381775856,0.23643501102924347,0.12154073268175125,0.45763370394706726
3150,-18.4891,-15.6168,-34.1059,-22.5391,-13.5625,0.8436,0.0,0.4774281680583954,0.3155723512172699,0.4078834652900696,0.3302394151687622,0.2901785671710968,0.08523787558078766,0.22613495588302612,0.136077418923378,0.4480721354484558
3155,-18.7551,-15.6168,-34.3719,-21.6016,-15.5547,0.8285,0.0,0.4501972496509552,0.32180896401405334,0.38388770818710327,0.3144570291042328,0.3277529776096344,0.07882462441921234,0.22259794175624847,0.1273709535598755,0.4667288661003113
3160,-18.4086,-16.1047,-34.5133,-21.7188,-15.1094,0.8105,0.0,0.40031561255455017,0.3021489381790161,0.35849055647850037,0.30434781312942505,0.2823660671710968,0.0738883689045906,0.2098103165626526,0.1380208283662796,0.4738028645515442
3165,-18.5512,-15.5137,-34.0648,-21.4375,-15.5547,0.7963,0.0,0.4498845338821411,0.3235800266265869,0.3918296992778778,0.33704376220703125,0.3344494104385376,0.0841495618224144,0.2258239984512329,0.13510571420192719,0.4504430890083313
3170,-18.4055,-15.9703,-34.3758,-21.8516,-14.5859,0.7863,0.0,0.41439589858055115,0.3137511610984802,0.37565845251083374,0.31409043073654175,0.265625,0.0755985677242279,0.20775030553340912,0.14019745588302612,0.47197607159614563
3175,-18.0859,-15.7914,-33.8773,-21.2422,-15.9453,0.766,0.0,0.3999119997024536,0.3210562765598297,0.4203788936138153,0.32868078351020813,0.3329613208770752,0.08834732323884964,0.2237251251935959,0.15181903541088104,0.4316309094429016
3180,-18.7168,-15.8141,-34.5309,-22.0625,-14.8438,0.7595,0.0,0.40787315368652344,0.2795086205005646,0.38102275133132935,0.3256899416446686,0.2920386791229248,0.07108986377716064,0.21832245588302612,0.13149097561836243,0.4746190905570984
3185,-18.5301,-15.6578,-34.1879,-21.4297,-15.6172,0.7518,0.0,0.42233940958976746,0.33587515354156494,0.39994290471076965,0.32043683528900146,0.3095238208770752,0.08107897639274597,0.21917754411697388,0.1361551582813263,0.45911070704460144
3190,-18.5645,-15.3512,-33.9156,-21.9297,-14.8516,0.7447,0.0,0.47874224185943604,0.34970760345458984,0.3802172541618347,0.34029561281204224,0.3489583432674408,0.08776430040597916,0.23262593150138855,0.13596081733703613,0.43917134404182434
3195,-18.7328,-15.3918,-34.1246,-21.7656,-14.8281,0.739,0.0,0.4225146174430847,0.3342691957950592,0.36997947096824646,0.35141468048095703,0.324404776096344,0.079757459461689,0.2353467047214508,0.13257929682731628,0.4478389322757721
3200,-19.1398,-15.1051,-34.2449,-22.2891,-14.2266,0.73,0.0,0.47073662281036377,0.33407965302467346,0.4208993911743164,0.34164246916770935,0.3314732015132904,0.07703669369220734,0.24304260313510895,0.12014147639274597,0.4553016126155853
3205,-19.2434,-14.6309,-33.8742,-22.6484,-13.5078,0.7276,0.0,0.45584726333618164,0.37284836173057556,0.4297832250595093,0.3824564516544342,0.3292410671710968,0.08142879605293274,0.2596781849861145,0.12371735274791718,0.43069806694984436
3210,-19.3695,-14.4945,-33.8641,-22.7969,-13.5156,0.7205,0.0,0.46943536400794983,0.36077266931533813,0.4464871883392334,0.38638612627983093,0.361235111951828,0.08329446613788605,0.26158270239830017,0.11839241534471512,0.43225279450416565
3215,-18.4551,-15.2266,-33.6816,-22.0625,-14.0703,0.7133,0.0,0.4675438702106476,0.3522183299064636,0.3858988285064697,0.36704397201538086,0.3459821343421936,0.0886194035410881,0.24354788661003113,0.14443407952785492,0.41892102360725403
3220,-18.3391,-16.2109,-34.55,-21.8281,-14.9609,0.696,0.0,0.41262927651405334,0.27435502409935,0.35789474844932556,0.30631503462791443,0.2749255895614624,0.07140080630779266,0.20188121497631073,0.14031405746936798,0.481926292181015
3225,-18.7254,-15.3996,-34.125,-22.4219,-13.9375,0.6783,0.0,0.4383292496204376,0.3196721374988556,0.38513121008872986,0.3466666638851166,0.3444940447807312,0.0790967047214508,0.23709577322006226,0.13331778347492218,0.44601213932037354
3230,-18.7273,-15.5574,-34.2848,-22.2891,-14.25,0.6652,0.0,0.44329896569252014,0.32452574372291565,0.37809085845947266,0.3346134126186371,0.2916666567325592,0.07540422677993774,0.22947761416435242,0.1351834535598755,0.45545709133148193
3235,-18.8762,-15.0629,-33.9391,-23.1562,-12.4219,0.6577,0.0,0.413170725107193,0.32847973704338074,0.42228055000305176,0.37426167726516724,0.3489583432674408,0.07967972755432129,0.24825093150138855,0.13327892124652863,0.4343128204345703
3240,-18.8266,-15.2805,-34.107,-22.4531,-13.8281,0.6433,0.0,0.43126967549324036,0.3233218491077423,0.3912181258201599,0.35731038451194763,0.334077388048172,0.07408270984888077,0.2368236929178238,0.1372046023607254,0.4474113881587982
3245,-18.8605,-14.8773,-33.7379,-22.5,-13.5938,0.6311,0.0,0.46483317017555237,0.34917160868644714,0.4406580626964569,0.38784030079841614,0.2991071343421936,0.08620958030223846,0.24867847561836243,0.13230721652507782,0.42832711338996887
3250,-18.2711,-15.8031,-34.0742,-21.5859,-14.2734,0.6167,0.0,0.41006168723106384,0.26853346824645996,0.39009955525398254,0.35036495327949524,0.3258928656578064,0.08189520984888077,0.21653451025485992,0.14447294175624847,0.4526197016239166
3255,-18.7234,-15.284,-34.0074,-21.7109,-15.1484,0.6111,0.0,0.47434118390083313,0.3287782669067383,0.3978685736656189,0.3444327116012573,0.3590029776096344,0.08407182991504669,0.238922581076622,0.13129663467407227,0.4412313401699066
3260,-18.5625,-15.0457,-33.6082,-22.0938,-14.0781,0.5972,0.0,0.46978244185447693,0.3496270477771759,0.4409849941730499,0.37168967723846436,0.3337053656578064,0.09647077322006226,0.24490827322006226,0.13732120394706726,0.4168221354484558
3265,-18.3762,-15.2086,-33.5848,-22.3672,-13.7891,0.5955,0.0,0.4309143126010895,0.3036028742790222,0.4297385513782501,0.38796329498291016,0.3798363208770752,0.09479943662881851,0.24273166060447693,0.14272387325763702,0.4152674078941345
3270,-18.584,-15.7539,-34.3379,-22.2109,-13.9375,0.5704,0.0,0.42997416853904724,0.3015192151069641,0.3695031404495239,0.329613596200943,0.3020833432674408,0.07520988583564758,0.21746735274791718,0.13611629605293274,0.4667288661003113
3275,-17.8539,-16.6926,-34.5465,-21.3047,-15.3516,0.5597,0.0,0.35589635372161865,0.26514357328414917,0.3530302941799164,0.27395716309547424,0.322172611951828,0.07349968701601028,0.18543998897075653,0.15391790866851807,0.4826647937297821
3280,-17.9422,-16.6426,-34.5848,-21.6328,-15.5625,0.5293,0.0,0.367695689201355,0.24619810283184052,0.34014299511909485,0.30247509479522705,0.2429315447807312,0.07050684094429016,0.1891324669122696,0.15220771729946136,0.48367536067962646
3285,-17.9645,-16.5746,-34.5391,-21.6562,-15.3984,0.5138,0.0,0.38904261589050293,0.2800160348415375,0.3332487940788269,0.2882692515850067,0.279389888048172,0.0702347606420517,0.19391325116157532,0.15325714647769928,0.4781172275543213
3290,-18.2672,-16.2961,-34.5633,-21.6484,-15.0625,0.4985,0.0,0.35361215472221375,0.2847771644592285,0.3760567307472229,0.2924933135509491,0.3013392984867096,0.07155627757310867,0.20145367085933685,0.14252954721450806,0.4799829125404358
3295,-18.3656,-15.9902,-34.3559,-22.1797,-14.5625,0.4787,0.0,0.4385185241699219,0.31731659173965454,0.37549519538879395,0.2985087037086487,0.3091517984867096,0.07870802283287048,0.21031561493873596,0.137360081076622,0.4691386818885803
3300,-18.0234,-16.1906,-34.2141,-22.1328,-14.2344,0.4683,0.0,0.4170549809932709,0.29405099153518677,0.38033396005630493,0.30432945489883423,0.308779776096344,0.0834110677242279,0.2058068960905075,0.146649569272995,0.459654837846756
3305,-18.4633,-15.9812,-34.4445,-21.6484,-15.2969,0.4515,0.0,0.4466463327407837,0.3046272397041321,0.3839883506298065,0.3029283881187439,0.2782738208770752,0.076492540538311,0.2116760015487671,0.13351212441921234,0.47384172677993774
3310,-17.468,-16.8375,-34.3055,-20.6484,-16.2891,0.4393,0.0,0.40981170535087585,0.25591129064559937,0.3407006859779358,0.2763969898223877,0.3247767984867096,0.07843594253063202,0.18575093150138855,0.16530628502368927,0.46602922677993774
3315,-18.0762,-16.7344,-34.8105,-20.8438,-16.9766,0.4151,0.0,0.39820021390914917,0.282723605632782,0.3395348787307739,0.25135889649391174,0.3050595223903656,0.06910758465528488,0.18380752205848694,0.14206312596797943,0.5005441308021545
3320,-19.043,-15.4699,-34.5129,-22.3828,-14.4609,0.4007,0.0,0.46759507060050964,0.31805700063705444,0.3883683383464813,0.319294810295105,0.3110119104385376,0.07256685197353363,0.22644589841365814,0.12029695510864258,0.47621268033981323
3325,-17.3527,-16.482,-33.8348,-21.0078,-15.8047,0.3982,0.0,0.4215894639492035,0.29149720072746277,0.36518770456314087,0.3078443706035614,0.3210565447807312,0.09145677834749222,0.2006763070821762,0.1708255559206009,0.43256375193595886
3330,-18.5277,-16.0363,-34.5641,-21.5547,-15.625,0.3781,0.0,0.43051615357398987,0.31354838609695435,0.3477279245853424,0.29531237483024597,0.3058035671710968,0.0685245618224144,0.2108597606420517,0.13770988583564758,0.4784281849861145
3335,-18.2184,-16.6715,-34.8898,-21.3828,-16.0156,0.3638,0.0,0.3667466938495636,0.2517774999141693,0.33040374517440796,0.2703266143798828,0.3013392984867096,0.06475435197353363,0.1858675330877304,0.1415189653635025,0.5033815503120422
3340,-17.9715,-16.6859,-34.6574,-21.8828,-15.1797,0.3433,0.0,0.3911830484867096,0.2869846522808075,0.31543275713920593,0.2761553227901459,0.2760416567325592,0.06965173780918121,0.19231964647769928,0.1490982621908188,0.4844527244567871
3345,-16.9961,-17.4273,-34.4234,-20.5312,-16.6875,0.3206,0.0,0.33707866072654724,0.2397795170545578,0.3399218022823334,0.2548663914203644,0.2689732015132904,0.07610385864973068,0.16923196613788605,0.1789489984512329,0.47123757004737854
3350,-17.8617,-17.073,-34.9348,-20.875,-17.0547,0.2925,0.0,0.3779244124889374,0.24341224133968353,0.3385969400405884,0.24424493312835693,0.2741815447807312,0.06479322165250778,0.17405161261558533,0.1501477062702179,0.5065298676490784
3355,-18.3262,-16.491,-34.8172,-21.3203,-16.2344,0.278,0.0,0.4465167224407196,0.2991836667060852,0.35693642497062683,0.25752508640289307,0.267485111951828,0.07085665315389633,0.19045397639274597,0.13448382914066315,0.49972793459892273
3360,-18.3938,-16.3043,-34.698,-21.2266,-16.2344,0.2697,0.0,0.44468313455581665,0.29279905557632446,0.3659959137439728,0.2719546854496002,0.2942708432674408,0.07237251102924347,0.19593438506126404,0.13327892124652863,0.49393656849861145
3365,-18.859,-16.0066,-34.8656,-21.8359,-15.5312,0.2549,0.0,0.42066869139671326,0.2782592177391052,0.37222573161125183,0.28995591402053833,0.306547611951828,0.06393811851739883,0.20631219446659088,0.12259017676115036,0.5026819109916687
3370,-18.6371,-15.9301,-34.5672,-21.7031,-15.375,0.2475,0.0,0.4677419364452362,0.304257333278656,0.38231706619262695,0.28614673018455505,0.3288690447807312,0.0747046023607254,0.20541821420192719,0.12748755514621735,0.48791199922561646
3375,-18.427,-16.1289,-34.5559,-21.5312,-15.7891,0.2314,0.0,0.4590243995189667,0.2859378159046173,0.3855995237827301,0.27796420454978943,0.3344494104385376,0.07967972755432129,0.1987328976392746,0.13063588738441467,0.4864738881587982
3380,-18.5156,-15.6457,-34.1613,-21.4531,-15.6406,0.2254,0.0,0.5049551725387573,0.3113442361354828,0.41119080781936646,0.31197088956832886,0.329985111951828,0.0823616310954094,0.2185945212841034,0.13545553386211395,0.45911070704460144
3385,-18.0977,-15.9402,-34.0379,-21.0859,-16.0938,0.2091,0.0,0.5010864734649658,0.3370411694049835,0.3856000006198883,0.2972833216190338,0.3035714328289032,0.0894356369972229,0.20965485274791718,0.1457556039094925,0.450676292181015
3390,-18.4832,-15.9438,-34.427,-20.8672,-16.5781,0.1953,0.0,0.4977865219116211,0.3195761442184448,0.36896654963493347,0.29018038511276245,0.3024553656578064,0.0790189653635025,0.2090718299150467,0.1312577724456787,0.4761738181114197
3395,-17.8715,-15.9039,-33.7754,-21.4609,-15.3672,0.1814,0.0,0.5010011792182922,0.3259822130203247,0.4044286012649536,0.29666608572006226,0.375,0.09705379605293274,0.20973259210586548,0.15271300077438354,0.4360229969024658
3400,-18.2797,-15.868,-34.1477,-21.5625,-15.375,0.1667,0.0,0.46222221851348877,0.31524595618247986,0.4066554009914398,0.3033227026462555,0.324404776096344,0.08745335787534714,0.20701181888580322,0.13782648742198944,0.4632307291030884
3405,-19.4594,-14.3711,-33.8305,-21.2422,-15.7109,0.1675,0.0,0.5580086708068848,0.36179104447364807,0.4568904638290405,0.36375001072883606,0.4151785671710968,0.08978544920682907,0.2604166567325592,0.10999689251184464,0.4353233873844147
3410,-19.5551,-13.5164,-33.0715,-22.8125,-12.875,0.1785,0.0,0.5939691662788391,0.4132198393344879,0.5342562794685364,0.4143321216106415,0.4408482015132904,0.11085198819637299,0.2922496795654297,0.10949160158634186,0.38292911648750305
3415,-20.4105,-12.9328,-33.3434,-22.7344,-13.5703,0.1869,0.0,0.6117329001426697,0.43376946449279785,0.5555555820465088,0.4302644431591034,0.427827388048172,0.10070739686489105,0.3119169771671295,0.08605410158634186,0.39684391021728516
3420,-19.7641,-13.3574,-33.1215,-22.5234,-13.4766,0.1906,0.0,0.5943979620933533,0.42830929160118103,0.5431641340255737,0.42521581053733826,0.3950892984867096,0.1068485677242279,0.2965640425682068,0.1049051582813263,0.3872045874595642
3425,-20.3539,-12.8445,-33.1984,-22.1875,-14.6172,0.2064,0.0,0.6219602227210999,0.44810912013053894,0.5819234251976013,0.4196704924106598,0.4561011791229248,0.10548818111419678,0.3134717047214508,0.08729788661003113,0.38926461338996887
3430,-19.9395,-12.7969,-32.7363,-21.7891,-14.8281,0.2066,0.0,0.6504510045051575,0.4571392834186554,0.5654951930046082,0.43482881784439087,0.4758184552192688,0.12064676731824875,0.31195583939552307,0.0973258689045906,0.36559391021728516
3435,-20.6086,-12.4195,-33.0281,-22.5234,-13.9219,0.208,0.0,0.6834224462509155,0.48707306385040283,0.5890476107597351,0.42069461941719055,0.4475446343421936,0.10902518779039383,0.3277363181114197,0.0816231369972229,0.3771377503871918
3440,-20.0559,-12.4832,-32.5391,-22.0547,-14.4141,0.2158,0.0,0.6603535413742065,0.4698115587234497,0.6090435981750488,0.455098420381546,0.4709821343421936,0.12313432991504669,0.3238106369972229,0.09713152796030045,0.35144588351249695
3445,-19.9707,-13.0836,-33.0543,-22.2734,-14.2578,0.2165,0.0,0.6290997862815857,0.4390934705734253,0.5432148575782776,0.42378172278404236,0.4427083432674408,0.11139614135026932,0.3018501102924347,0.09623756259679794,0.38603857159614563
3450,-19.6746,-13.1402,-32.8148,-22.2266,-13.5078,0.2122,0.0,0.6386969685554504,0.43188855051994324,0.562726616859436,0.43420082330703735,0.4281994104385376,0.11812033504247665,0.30130597949028015,0.10719837993383408,0.3688977062702179
3455,-20.55,-12.682,-33.232,-21.7422,-15.1094,0.213,0.0,0.6580118536949158,0.4496839940547943,0.5676835179328918,0.4239369034767151,0.4598214328289032,0.10478855669498444,0.3198072016239166,0.0815453976392746,0.3893812298774719
3460,-19.5273,-12.8898,-32.4172,-21.8438,-13.5938,0.2159,0.0,0.6394517421722412,0.44118377566337585,0.5749472379684448,0.45306816697120667,0.5026041865348816,0.1304415464401245,0.3125777244567871,0.11046330630779266,0.3420397937297821
3465,-19.8508,-12.6262,-32.477,-22.4375,-13.7422,0.2168,0.0,0.6356776356697083,0.4373248815536499,0.6224648952484131,0.4762117564678192,0.4776785671710968,0.12877021729946136,0.3190687298774719,0.09965796023607254,0.34802550077438354
3470,-20.9422,-11.2309,-32.173,-22.9141,-12.8359,0.2296,0.0,0.7199627161026001,0.5080466866493225,0.635919988155365,0.5286215543746948,0.546875,0.12519434094429016,0.36951959133148193,0.07964085787534714,0.32116758823394775
3475,-20.9207,-11.2293,-32.15,-23.1953,-12.4141,0.2452,0.0,0.687064528465271,0.5183140635490417,0.6715976595878601,0.5285817384719849,0.5267857313156128,0.12830379605293274,0.36609917879104614,0.07882462441921234,0.32229477167129517
3480,-20.4828,-11.5777,-32.0605,-22.8594,-12.7344,0.2507,0.0,0.677142858505249,0.5107803344726562,0.6317673325538635,0.5134671926498413,0.5383184552192688,0.13603855669498444,0.35513836145401,0.08687033504247665,0.3174751102924347
3485,-19.7496,-12.4453,-32.1949,-21.9531,-13.9375,0.2514,0.0,0.661697268486023,0.46236947178840637,0.5979992747306824,0.4842759966850281,0.496279776096344,0.1355721354484558,0.3238106369972229,0.1049051582813263,0.3312344551086426
3490,-19.2715,-12.9246,-32.1961,-22.1641,-13.5625,0.2398,0.0,0.6310325264930725,0.43533164262771606,0.595373809337616,0.4700103998184204,0.4910714328289032,0.13852612674236298,0.30472636222839355,0.11594372242689133,0.3363261818885803
3495,-19.6785,-12.4914,-32.1699,-21.7344,-14.0,0.2342,0.0,0.6513654589653015,0.46937787532806396,0.6057487726211548,0.4773420989513397,0.4925595223903656,0.1337842047214508,0.3211287260055542,0.10953047126531601,0.33107897639274597
3500,-19.4773,-12.6898,-32.1672,-22.0859,-13.3672,0.2307,0.0,0.6666666865348816,0.46131062507629395,0.569219708442688,0.46230506896972656,0.5089285969734192,0.14097481966018677,0.314948707818985,0.10809235274791718,0.33150652050971985
3505,-19.618,-12.8633,-32.4813,-21.9844,-14.3203,0.2213,0.0,0.6304348111152649,0.4520786702632904,0.5774134993553162,0.45971617102622986,0.4520089328289032,0.12873134016990662,0.3122667968273163,0.1066930964589119,0.3478311598300934
3510,-19.7547,-12.9895,-32.7441,-21.875,-14.7031,0.2211,0.0,0.6466968655586243,0.43913042545318604,0.5572916865348816,0.43424397706985474,0.4732142984867096,0.12002487480640411,0.3039489984512329,0.10447761416435242,0.36707088351249695
3515,-19.8965,-12.7316,-32.6281,-21.9531,-13.4922,0.2105,0.0,0.6205211877822876,0.44670847058296204,0.5751754641532898,0.4663842022418976,0.472842276096344,0.11932525038719177,0.32237252593040466,0.10521610826253891,0.34860852360725403
3520,-20.7168,-11.8305,-32.5473,-22.2969,-14.1406,0.2156,0.0,0.6705479621887207,0.49225491285324097,0.582442045211792,0.4901561439037323,0.5256696343421936,0.11349502205848694,0.35129043459892273,0.08722014725208282,0.3435167968273163
3525,-20.1562,-12.2262,-32.3824,-22.9531,-12.4297,0.2254,0.0,0.6593789458274841,0.4806210398674011,0.598828136920929,0.47989338636398315,0.494047611951828,0.12266790866851807,0.3379586338996887,0.09950248897075653,0.33539333939552307
3530,-19.6277,-12.8684,-32.4961,-23.0781,-12.0625,0.2192,0.0,0.6563389301300049,0.45832303166389465,0.5594501495361328,0.4550163149833679,0.433779776096344,0.12293998897075653,0.314287930727005,0.11310634016990662,0.34518811106681824
3535,-20.0828,-13.0387,-33.1215,-23.1094,-12.9141,0.2065,0.0,0.625948429107666,0.4329139292240143,0.5629600882530212,0.44742751121520996,0.363467276096344,0.1024564653635025,0.3119947016239166,0.10031872242689133,0.38075247406959534
3540,-18.6137,-13.9285,-32.5422,-22.5391,-12.0625,0.1995,0.0,0.5760836005210876,0.39610207080841064,0.5155807137489319,0.4282739758491516,0.4635416567325592,0.12643812596797943,0.27720770239830017,0.1372046023607254,0.3546719551086426
3545,-18.6672,-14.6863,-33.3535,-21.7031,-14.6953,0.1748,0.0,0.5772846937179565,0.3608199656009674,0.47794753313064575,0.3739447295665741,0.3355654776096344,0.1033504381775856,0.2521766126155853,0.13483364880084991,0.40516167879104614
3550,-18.3824,-15.4035,-33.7859,-21.8828,-14.6875,0.1512,0.0,0.4808942973613739,0.29881909489631653,0.46988973021507263,0.33821427822113037,0.3623511791229248,0.09561567008495331,0.22710666060447693,0.13747668266296387,0.4353233873844147
3555,-18.1594,-15.5977,-33.757,-20.6094,-16.1328,0.1251,0.0,0.5545833110809326,0.3285297751426697,0.4140378534793854,0.3183428645133972,0.329985111951828,0.09328357875347137,0.2265625,0.14785447716712952,0.4278218150138855
3560,-17.5758,-15.443,-33.0187,-20.5,-15.0625,0.1106,0.0,0.5385117530822754,0.34557536244392395,0.46946656703948975,0.34760257601737976,0.329985111951828,0.11909203976392746,0.2222481369972229,0.16103078424930573,0.3931514322757721
3565,-18.5363,-15.8457,-34.382,-20.3906,-16.7578,0.0856,0.0,0.5123010277748108,0.29131239652633667,0.4070456027984619,0.2879546880722046,0.3523065447807312,0.08057369291782379,0.2102767378091812,0.13129663467407227,0.4733753204345703
3570,-18.3527,-15.1957,-33.5484,-20.5,-17.1016,0.066,0.0,0.4972200095653534,0.33075910806655884,0.4699781537055969,0.3466394245624542,0.3764880895614624,0.09787002205848694,0.23655161261558533,0.142412930727005,0.4186878204345703
3575,-18.1598,-14.793,-32.9527,-19.9531,-14.9141,0.0547,0.0,0.5545305013656616,0.37825682759284973,0.49643704295158386,0.36640048027038574,0.373139888048172,0.11796486377716064,0.25062188506126404,0.14727145433425903,0.37966418266296387
3580,-18.0945,-15.3512,-33.4457,-21.2422,-15.1016,0.0572,0.0,0.5386049747467041,0.3422887325286865,0.4283078610897064,0.3408835530281067,0.3586309552192688,0.10420553386211395,0.22858364880084991,0.1474657952785492,0.4152674078941345
3585,-18.316,-15.5223,-33.8383,-20.7969,-15.7578,0.0306,0.0,0.5057755708694458,0.29694774746894836,0.45590269565582275,0.31830358505249023,0.388764888048172,0.09421642124652863,0.22539645433425903,0.14058613777160645,0.4353233873844147
3590,-17.8277,-15.5426,-33.3703,-20.8516,-15.7422,0.0179,0.0,0.5190010666847229,0.3165145516395569,0.45192065834999084,0.33193477988243103,0.3854166567325592,0.10739272087812424,0.22570739686489105,0.15481187403202057,0.40761038661003113
3595,-17.3016,-16.0102,-33.3117,-19.1797,-16.8125,0.0,0.0,0.5189015865325928,0.32616421580314636,0.439651221036911,0.30614376068115234,0.3351934552192688,0.10898631811141968,0.20782804489135742,0.16938744485378265,0.409320592880249
3600,-17.7758,-15.8867,-33.6625,-20.6719,-16.2891,0.0,0.0,0.5074568390846252,0.3140389621257782,0.45513299107551575,0.300262987613678,0.3355654776096344,0.0990360677242279,0.21152052283287048,0.15636660158634186,0.42859917879104614
3605,-17.6371,-15.9754,-33.6125,-20.6328,-16.1328,0.0,0.0,0.5031471252441406,0.3203503489494324,0.42423519492149353,0.30644866824150085,0.3292410671710968,0.09880285710096359,0.2085665464401245,0.16262437403202057,0.4255286157131195
3610,-17.4937,-16.2328,-33.7266,-19.9766,-16.4609,0.0,0.0,0.49660947918891907,0.30850452184677124,0.41892209649086,0.2949887216091156,0.2965029776096344,0.09744247794151306,0.2024642378091812,0.16515080630779266,0.43046486377716064
3615,-18.4922,-15.7207,-34.2129,-21.9609,-14.6016,0.0,0.0,0.5030674934387207,0.3197559714317322,0.4218660593032837,0.2961869537830353,0.3292410671710968,0.0823616310954094,0.21661224961280823,0.13580535352230072,0.46074315905570984
3620,-17.5676,-16.3477,-33.9152,-20.875,-16.3281,0.0,0.0,0.467195987701416,0.27671608328819275,0.43255025148391724,0.2892010509967804,0.3050595223903656,0.09301150590181351,0.19931592047214508,0.1604866236448288,0.4427083432674408
3625,-17.7625,-16.2273,-33.9898,-19.7891,-16.8359,0.0,0.0,0.4969271421432495,0.3042650520801544,0.3974771201610565,0.2869102656841278,0.3158482015132904,0.0885416641831398,0.20413556694984436,0.1571439653635025,0.4457011818885803
3630,-17.2859,-16.3262,-33.6121,-20.5859,-16.3906,0.0,0.0,0.5089797377586365,0.31302976608276367,0.3999543786048889,0.28485456109046936,0.3411458432674408,0.10171797126531601,0.1971781700849533,0.17035913467407227,0.4262670874595642
3635,-17.9207,-16.0633,-33.984,-20.8203,-16.5078,0.0,0.0,0.5142620801925659,0.315547913312912,0.4250459372997284,0.28213760256767273,0.3125,0.09402208030223846,0.20324160158634186,0.14804881811141968,0.4502098858356476
3640,-18.1609,-15.5242,-33.6852,-21.1719,-15.125,0.0,0.0,0.492801308631897,0.3151658773422241,0.461821049451828,0.3266299366950989,0.3567708432674408,0.09448849409818649,0.22963307797908783,0.14812655746936798,0.4232742488384247
3645,-17.8543,-15.8305,-33.6848,-20.2734,-16.1953,0.0,0.0,0.5127170085906982,0.32633450627326965,0.42221662402153015,0.29669827222824097,0.3861607015132904,0.0962764322757721,0.21843905746936798,0.15465641021728516,0.42615050077438354
3650,-17.434,-15.2285,-32.6625,-20.0625,-15.1406,0.0,0.0,0.5604960918426514,0.36813923716545105,0.4955223798751831,0.34276294708251953,0.3820684552192688,0.1284981369972229,0.23227612674236298,0.1692708283662796,0.3654772937297821
3655,-18.3375,-15.0973,-33.4348,-21.4453,-15.1875,0.0,0.0,0.5349730849266052,0.3644587993621826,0.4925534725189209,0.3333964943885803,0.3452380895614624,0.10113494843244553,0.24059391021728516,0.14354011416435242,0.4102534055709839
3660,-17.8844,-15.6777,-33.5621,-20.8828,-16.0312,0.0,0.0,0.5415730476379395,0.3332750201225281,0.43340110778808594,0.30522388219833374,0.365327388048172,0.10377798229455948,0.2221703976392746,0.1529073417186737,0.4166666567325592
3665,-17.8293,-16.1348,-33.9641,-20.6719,-16.0312,0.0,0.0,0.5215031504631042,0.30042341351509094,0.43269476294517517,0.2699843943119049,0.3567708432674408,0.09308923780918121,0.20195895433425903,0.15216884016990662,0.4483053386211395
3670,-17.5215,-16.5957,-34.1172,-19.8359,-16.9062,0.0,0.0,0.5096490979194641,0.27697694301605225,0.4065375328063965,0.255478173494339,0.3195684552192688,0.0886194035410881,0.18874378502368927,0.16052550077438354,0.45763370394706726
3675,-16.8012,-16.2398,-33.041,-19.9062,-15.3359,0.0,0.0,0.5116201639175415,0.31436726450920105,0.44196707010269165,0.30699819326400757,0.3344494104385376,0.11707089841365814,0.2042521834373474,0.1865282952785492,0.38767102360725403
3680,-16.1711,-17.0207,-33.1918,-19.2656,-16.4766,0.0,0.0,0.44134846329689026,0.275265097618103,0.3700457215309143,0.2927708625793457,0.3638392984867096,0.11298973858356476,0.1796097606420517,0.20398010313510895,0.3989427983760834
3685,-16.8242,-16.441,-33.2652,-19.8203,-15.6953,0.0,0.0,0.5102751851081848,0.2813376188278198,0.43696603178977966,0.30262142419815063,0.2994791567325592,0.11159048229455948,0.19410759210586548,0.1865282952785492,0.40329602360725403
3690,-16.5426,-17.9652,-34.5078,-20.0547,-16.9141,0.0,0.0,0.46146145462989807,0.22505252063274384,0.3207547068595886,0.20084156095981598,0.2700892984867096,0.07765857875347137,0.14800995588302612,0.18952114880084991,0.48033270239830017
3695,-15.2344,-18.382,-33.6164,-18.5391,-17.7891,0.0,0.0,0.47740113735198975,0.22567345201969147,0.32525384426116943,0.2187095582485199,0.2232142835855484,0.09631530195474625,0.14140236377716064,0.23732897639274597,0.4204757511615753
3700,-16.6187,-18.1469,-34.7656,-19.3203,-18.0078,0.0,0.0,0.43949395418167114,0.2042483687400818,0.3156476616859436,0.19662082195281982,0.2239583283662796,0.07066231220960617,0.14272387325763702,0.18753886222839355,0.49459731578826904
3705,-17.377,-17.6488,-35.0258,-20.375,-16.9297,0.0,0.0,0.4653755724430084,0.22287018597126007,0.31697192788124084,0.20809204876422882,0.2388392835855484,0.06623134016990662,0.15329602360725403,0.15916511416435242,0.5168299078941345
3710,-15.7875,-17.141,-32.9285,-18.5859,-16.5703,0.0,0.0,0.5286726951599121,0.264026403427124,0.3850420415401459,0.28943073749542236,0.287202388048172,0.12064676731824875,0.17665578424930573,0.21723413467407227,0.38098570704460144
3715,-17.0137,-16.5801,-33.5938,-20.6094,-15.4297,0.0,0.0,0.5439281463623047,0.27948564291000366,0.39255136251449585,0.2927977740764618,0.269345223903656,0.09954135864973068,0.1934468299150467,0.18159204721450806,0.42094215750694275
3720,-16.6551,-16.2051,-32.8602,-19.8359,-15.3594,0.0,0.0,0.5467625856399536,0.28746354579925537,0.44248872995376587,0.3301059901714325,0.3091517984867096,0.12426150590181351,0.19997668266296387,0.18990983068943024,0.38137438893318176
3725,-17.0008,-15.7762,-32.777,-18.4844,-16.6094,0.0,0.0,0.5816686153411865,0.33090704679489136,0.4556291401386261,0.31780877709388733,0.3649553656578064,0.13230721652507782,0.2082556039094925,0.17607276141643524,0.3788868188858032
3730,-16.284,-15.8176,-32.1016,-17.0938,-16.1328,0.0,0.0,0.5746617913246155,0.32554319500923157,0.46131300926208496,0.3574002981185913,0.3757440447807312,0.1494092047214508,0.2128809094429016,0.19892723858356476,0.3343050479888916
3735,-16.816,-15.1367,-31.9527,-19.3281,-14.5469,0.0,0.0,0.6179342269897461,0.37826088070869446,0.4933726191520691,0.3706476390361786,0.3772321343421936,0.1512748748064041,0.2324315905570984,0.1847403645515442,0.3270755708217621
3740,-16.6727,-14.7719,-31.4445,-18.1875,-14.5781,0.0,0.0,0.6487593650817871,0.39407670497894287,0.5239883065223694,0.4047432839870453,0.3671875,0.1707478165626526,0.24016635119915009,0.18633395433425903,0.2982742488384247
3745,-16.6688,-15.2344,-31.9031,-18.8438,-13.9688,0.0,0.0,0.6081663966178894,0.35532233119010925,0.47861674427986145,0.4036797881126404,0.3426339328289032,0.15325714647769928,0.2333255559206009,0.1899486929178238,0.3189909756183624
3750,-17.2344,-15.2305,-32.4648,-20.2656,-14.1484,0.0,0.0,0.5845925807952881,0.3403836786746979,0.45522716641426086,0.39625775814056396,0.3482142984867096,0.1311800330877304,0.2370568960905075,0.17622824013233185,0.3510572016239166
3755,-17.1996,-15.4242,-32.6238,-19.375,-15.0859,0.0,0.0,0.5650210976600647,0.32284262776374817,0.44160744547843933,0.3962811827659607,0.322172611951828,0.12912002205848694,0.22971081733703613,0.17506219446659088,0.3616293668746948
3760,-16.9867,-16.3914,-33.3781,-20.0234,-15.1484,0.0,0.0,0.5384615659713745,0.2722254991531372,0.393623948097229,0.3247169852256775,0.2738095223903656,0.10712064802646637,0.1971781700849533,0.17922107875347137,0.41200247406959534
3765,-17.3,-16.1715,-33.4715,-20.9688,-14.5469,0.0,0.0,0.5484238266944885,0.2690278887748718,0.402073472738266,0.33905458450317383,0.2585565447807312,0.10233986377716064,0.20631219446659088,0.17245802283287048,0.41441231966018677
3770,-17.4047,-16.0148,-33.4195,-20.4219,-15.1484,0.0,0.0,0.5077160596847534,0.26408126950263977,0.4015659987926483,0.35775822401046753,0.306547611951828,0.1007462665438652,0.21047107875347137,0.1737406700849533,0.4105643630027771
3775,-18.184,-15.1406,-33.3246,-21.0234,-14.2734,0.0,0.0,0.5777859687805176,0.3066905438899994,0.461699903011322,0.3823075294494629,0.295014888048172,0.10568252205848694,0.2387671023607254,0.14816541969776154,0.4029073417186737
3780,-17.4453,-14.7863,-32.2316,-20.1562,-14.2266,0.0,0.0,0.6107784509658813,0.34534162282943726,0.49909380078315735,0.42378154397010803,0.3567708432674408,0.1363106369972229,0.2503109574317932,0.17156405746936798,0.3373367488384247
3785,-17.8531,-15.0805,-32.9336,-19.6484,-15.1953,0.0,0.0,0.6022653579711914,0.3258943259716034,0.47220832109451294,0.3742648661136627,0.3467261791229248,0.12010261416435242,0.23686255514621735,0.15523943305015564,0.3833177983760834
3790,-17.5945,-15.5602,-33.1547,-20.2031,-14.5781,0.0,0.0,0.5412748456001282,0.29288920760154724,0.45937058329582214,0.3670060336589813,0.3117559552192688,0.11159048229455948,0.22520211338996887,0.16550062596797943,0.3932291567325592
3795,-18.1824,-14.3598,-32.5422,-21.2344,-12.5391,0.0,0.0,0.6368388533592224,0.37100306153297424,0.49571356177330017,0.41858911514282227,0.361235111951828,0.12639924883842468,0.2662080228328705,0.15415112674236298,0.34876400232315063
3800,-17.7395,-14.0609,-31.8004,-19.3516,-14.5234,0.0,0.0,0.6566709280014038,0.38580381870269775,0.537934422492981,0.44594264030456543,0.4188988208770752,0.15294620394706726,0.2666744291782379,0.15881529450416565,0.31708642840385437
3805,-18.0027,-14.057,-32.0598,-21.2734,-13.3281,0.0,0.0,0.6379040479660034,0.3777267634868622,0.5375195145606995,0.44605857133865356,0.404389888048172,0.1490982621908188,0.2708333432674408,0.1491760015487671,0.3264147937297821
3810,-18.3434,-13.759,-32.1023,-21.0156,-14.1953,0.0,0.0,0.6471531391143799,0.4008432924747467,0.5358238220214844,0.44503897428512573,0.4360119104385376,0.14540578424930573,0.2765469551086426,0.13942009210586548,0.334149569272995
3815,-17.7828,-14.7664,-32.5492,-19.7344,-15.7266,0.0,0.0,0.6431360840797424,0.3505042791366577,0.4751635491847992,0.39577633142471313,0.3623511791229248,0.1293921023607254,0.2505052983760834,0.1604088991880417,0.3552161157131195
3820,-17.9051,-15.5531,-33.4582,-20.6172,-15.1094,0.0,0.0,0.5591317415237427,0.3119138479232788,0.45352041721343994,0.34080421924591064,0.2924107015132904,0.10385572165250778,0.2238028645515442,0.1551228165626526,0.4127409756183624
3825,-17.5238,-15.1273,-32.6512,-19.7891,-14.75,0.0,0.0,0.5896499156951904,0.341846764087677,0.4552256166934967,0.3889007568359375,0.3500744104385376,0.1276818960905075,0.23740671575069427,0.16623911261558533,0.3641946613788605
3830,-17.7004,-15.6918,-33.3922,-20.7422,-14.6719,0.0,0.0,0.5366780757904053,0.3186257481575012,0.4432598948478699,0.3367132246494293,0.3024553656578064,0.10226212441921234,0.22287002205848694,0.1640625,0.4063277244567871
3835,-17.9891,-15.2902,-33.2793,-22.0312,-12.6562,0.0,0.0,0.5725075602531433,0.3218277394771576,0.4373919367790222,0.36806705594062805,0.3203125,0.10292288661003113,0.23647387325763702,0.1573771834373474,0.3987484574317932
3840,-17.857,-15.0059,-32.8629,-20.8359,-13.9219,0.0,0.0,0.5842732787132263,0.3135770559310913,0.4982673227787018,0.39616018533706665,0.3232886791229248,0.1206078976392746,0.24133239686489105,0.15702736377716064,0.3765547275543213
3845,-16.6055,-15.4078,-32.0133,-18.5625,-15.375,0.0,0.0,0.6123871207237244,0.3358234763145447,0.4787014126777649,0.36941561102867126,0.3995535671710968,0.15061411261558533,0.2237251251935959,0.18796642124652863,0.33321672677993774
3850,-17.8969,-14.7117,-32.6086,-21.0391,-13.3516,0.0,0.0,0.6281298398971558,0.3565015494823456,0.4884065091609955,0.38618016242980957,0.388764888048172,0.1257385015487671,0.25108832120895386,0.15757152438163757,0.36112406849861145
3855,-18.3852,-14.5191,-32.9043,-21.8594,-12.7891,0.0,0.0,0.6081036329269409,0.34025147557258606,0.5055995583534241,0.399508535861969,0.3831845223903656,0.11703202873468399,0.2565687298774719,0.14229632914066315,0.3796253204345703
3860,-17.175,-14.4914,-31.6664,-19.6094,-14.2656,0.0,0.0,0.6369668245315552,0.37422069907188416,0.5333027243614197,0.4196273386478424,0.4281994104385376,0.16402363777160645,0.24937811493873596,0.16923196613788605,0.3128886818885803
3865,-18.173,-14.5027,-32.6758,-20.6172,-14.7578,0.0,0.0,0.6156516075134277,0.35881105065345764,0.5018191337585449,0.40863293409347534,0.3601190447807312,0.12317319959402084,0.25629663467407227,0.1495646834373474,0.36648786067962646
3870,-18.3586,-13.7965,-32.1551,-21.7344,-12.6875,0.0,0.0,0.6453819870948792,0.3907504975795746,0.5481541156768799,0.45998600125312805,0.3861607015132904,0.13634949922561646,0.28070583939552307,0.14528918266296387,0.3331778645515442
3875,-18.9844,-13.6652,-32.6496,-22.2109,-12.2969,0.0,0.0,0.6239287853240967,0.37735849618911743,0.5293254852294922,0.4630650579929352,0.3973214328289032,0.11792599409818649,0.29252177476882935,0.13254041969776154,0.3525342047214508
3880,-19.016,-13.2141,-32.2301,-22.4297,-12.0234,0.0,0.0,0.6412388682365417,0.4243801236152649,0.5506250262260437,0.4838150143623352,0.408110111951828,0.13553327322006226,0.2994014322757721,0.12437810748815536,0.33620956540107727
3885,-18.9492,-12.8637,-31.8129,-22.7344,-11.25,0.0,0.0,0.6671838760375977,0.43446722626686096,0.5799874663352966,0.49818500876426697,0.4914434552192688,0.1503031700849533,0.3107897937297821,0.12391169369220734,0.31051772832870483
3890,-19.1242,-13.3973,-32.5215,-22.3125,-11.9531,0.0,0.0,0.6493547558784485,0.4022178649902344,0.5350903868675232,0.45439285039901733,0.443452388048172,0.12348414212465286,0.2979244291782379,0.12682680785655975,0.34728699922561646
3895,-19.0281,-13.4875,-32.5156,-22.4844,-12.0781,0.0,0.0,0.6291993856430054,0.39188650250434875,0.5478547811508179,0.4592939019203186,0.4322916567325592,0.12379508465528488,0.29318252205848694,0.129547581076622,0.34899720549583435
3900,-18.8484,-13.5176,-32.366,-22.5938,-11.3203,0.0,0.0,0.5892526507377625,0.3918936848640442,0.5599427819252014,0.4683443307876587,0.4639136791229248,0.12585510313510895,0.2924829125404358,0.13584421575069427,0.34134018421173096
3905,-18.0465,-14.6164,-32.6629,-20.6719,-14.7188,0.0,0.0,0.5965785384178162,0.3424924910068512,0.5078880190849304,0.4028153717517853,0.3973214328289032,0.12496113032102585,0.2588619291782379,0.1527518630027771,0.3589474558830261
3910,-17.6332,-15.5602,-33.1934,-21.7891,-13.4688,0.0,0.0,0.511289119720459,0.29594752192497253,0.46374133229255676,0.3677747845649719,0.3232886791229248,0.10673196613788605,0.23114894330501556,0.1682991236448288,0.389342337846756
3915,-17.0285,-16.5023,-33.5309,-20.2422,-15.4609,0.0,0.0,0.5037240386009216,0.24207492172718048,0.4192520081996918,0.3126299977302551,0.300595223903656,0.09915267676115036,0.2023087739944458,0.18291355669498444,0.4111473858356476
3920,-16.6637,-16.5594,-33.223,-20.6328,-13.9297,0.0,0.0,0.504071056842804,0.26313701272010803,0.4188305139541626,0.32273170351982117,0.2741815447807312,0.10502176731824875,0.19601212441921234,0.19608986377716064,0.39839863777160645
3925,-17.518,-15.9828,-33.5008,-21.4297,-13.5781,0.0,0.0,0.5289795994758606,0.2717449963092804,0.43776825070381165,0.33195099234580994,0.3113839328289032,0.09522698819637299,0.21583488583564758,0.17206934094429016,0.41239115595817566
3930,-17.0297,-16.2984,-33.3281,-19.4688,-16.2812,0.0,0.0,0.5370639562606812,0.26082825660705566,0.4365471303462982,0.32429826259613037,0.2730654776096344,0.10696517676115036,0.20460198819637299,0.18100902438163757,0.40294620394706726
3935,-16.5746,-16.3156,-32.8902,-19.9062,-15.1016,0.0,0.0,0.5184585452079773,0.25321558117866516,0.444599449634552,0.3376863896846771,0.3363095223903656,0.12002487480640411,0.2024642378091812,0.19504041969776154,0.3779928386211395
3940,-17.1074,-15.9051,-33.0125,-20.3594,-14.6406,0.0,0.0,0.5422769784927368,0.2915610373020172,0.4507133662700653,0.3382888436317444,0.3407738208770752,0.11675994843244553,0.21462997794151306,0.17980410158634186,0.38432836532592773
3945,-17.6824,-15.4043,-33.0867,-21.1641,-13.7344,0.0,0.0,0.5589248538017273,0.27479782700538635,0.48553818464279175,0.37055066227912903,0.3571428656578064,0.1127953976392746,0.2355021834373474,0.16394589841365814,0.38327890634536743
3950,-16.8832,-15.4465,-32.3297,-19.9688,-14.3203,0.0,0.0,0.595834493637085,0.31520992517471313,0.5033222436904907,0.3589569926261902,0.3742559552192688,0.1380985677242279,0.2259017378091812,0.18718905746936798,0.3443330228328705
3955,-17.9742,-14.8371,-32.8113,-21.5156,-12.6094,0.0,0.0,0.5944101214408875,0.34392839670181274,0.5217926502227783,0.3582422137260437,0.4151785671710968,0.11959732323884964,0.25190454721450806,0.15784358978271484,0.36617693305015564
3960,-16.8727,-14.577,-31.4496,-19.4922,-12.8125,0.0,0.0,0.648182213306427,0.3751930892467499,0.5621633529663086,0.40440690517425537,0.4211309552192688,0.16892102360725403,0.2516324520111084,0.18038712441921234,0.2945817708969116
3965,-17.4805,-14.3105,-31.791,-20.9062,-12.7266,0.0,0.0,0.6388536691665649,0.3880442678928375,0.5498726963996887,0.40782400965690613,0.4468005895614624,0.15325714647769928,0.2633317708969116,0.16794931888580322,0.31098413467407227
3970,-16.9309,-15.3137,-32.2445,-18.9922,-15.6406,0.0,0.0,0.6016720533370972,0.3432760238647461,0.49556565284729004,0.34632477164268494,0.4267113208770752,0.1441231369972229,0.23064365983009338,0.1796875,0.3410680890083313
3975,-17.1398,-14.9871,-32.127,-19.3672,-14.7969,0.0,0.0,0.6275185346603394,0.340728759765625,0.5272485613822937,0.3684578537940979,0.4136904776096344,0.14661069214344025,0.24001088738441467,0.1754508763551712,0.33344992995262146
3980,-17.6914,-14.4418,-32.1332,-19.6875,-13.9922,0.0,0.0,0.6129973530769348,0.35605135560035706,0.552324116230011,0.40399861335754395,0.4482886791229248,0.14653295278549194,0.25435322523117065,0.15636660158634186,0.33826959133148193
3985,-17.1395,-14.8273,-31.9668,-19.4219,-14.9922,0.0,0.0,0.6164102554321289,0.36649975180625916,0.5230666399002075,0.3848972022533417,0.4166666567325592,0.15158581733703613,0.2406327724456787,0.1744014322757721,0.32890236377716064
3990,-16.7688,-14.527,-31.2957,-18.3828,-14.375,0.0,0.0,0.6311870217323303,0.3583477735519409,0.5482892990112305,0.43324902653694153,0.4776785671710968,0.17747201025485992,0.24654074013233185,0.17949315905570984,0.29201647639274597
3995,-17.5523,-14.2852,-31.8375,-21.0078,-12.6172,0.0,0.0,0.632382869720459,0.36757317185401917,0.5473020076751709,0.4311221241950989,0.4386160671710968,0.1526741236448288,0.26298195123672485,0.16639459133148193,0.3134717047214508
4000,-17.893,-15.3043,-33.1973,-21.0234,-14.5781,0.0,0.0,0.5429896712303162,0.2948015332221985,0.48033639788627625,0.35869458317756653,0.3913690447807312,0.10894744843244553,0.23402518033981323,0.1571439653635025,0.39540576934814453
4005,-17.7281,-15.1102,-32.8383,-21.2344,-13.2422,0.0,0.0,0.5948785543441772,0.31421688199043274,0.48570752143859863,0.36388424038887024,0.415922611951828,0.11839241534471512,0.24195429682731628,0.16452892124652863,0.37064677476882935
4010,-16.5547,-15.3594,-31.9141,-19.5078,-14.6562,0.0,0.0,0.6054472923278809,0.3287886679172516,0.5080645084381104,0.36611250042915344,0.4174107015132904,0.15555037558078766,0.22236473858356476,0.18796642124652863,0.32964086532592773
4015,-17.3254,-15.0027,-32.3281,-20.3594,-15.1562,0.0,0.0,0.5663817524909973,0.33657586574554443,0.5117753744125366,0.3985021114349365,0.390625,0.13642723858356476,0.2397388070821762,0.17164179682731628,0.34771454334259033
4020,-18.4102,-13.227,-31.6371,-21.7266,-12.3047,0.0,0.0,0.6719777584075928,0.4217910170555115,0.5892954468727112,0.46941131353378296,0.5029761791229248,0.15368470549583435,0.2964474558830261,0.1423352062702179,0.3030550479888916
4025,-18.8168,-13.4133,-32.2301,-22.0,-12.4844,0.0,0.0,0.6542382836341858,0.4002924859523773,0.5720498561859131,0.4488188922405243,0.4735863208770752,0.13343438506126404,0.29236629605293274,0.13405628502368927,0.33566543459892273
4030,-18.218,-14.2172,-32.4352,-21.8047,-12.5469,0.0,0.0,0.6148809790611267,0.3598511815071106,0.5466805100440979,0.4118845462799072,0.4427083432674408,0.13059701025485992,0.271649569272995,0.14987562596797943,0.34340018033981323
4035,-18.8348,-13.1699,-32.0047,-21.8594,-12.7188,0.0,0.0,0.6795227527618408,0.38351619243621826,0.6114153861999512,0.4779185652732849,0.490327388048172,0.14008083939552307,0.30464863777160645,0.13483364880084991,0.31595927476882935
4040,-18.4477,-14.0473,-32.4949,-21.7109,-12.1953,0.0,0.0,0.6435555815696716,0.3342728316783905,0.5685195326805115,0.44308897852897644,0.3880208432674408,0.1311800330877304,0.2758084535598755,0.14124688506126404,0.34728699922561646
4045,-17.107,-14.475,-31.582,-19.3594,-14.3906,0.0,0.0,0.6379885673522949,0.3417585790157318,0.5545414090156555,0.42727506160736084,0.4776785671710968,0.1630907952785492,0.2537313401699066,0.17459577322006226,0.3041044771671295
4050,-17.2742,-14.2344,-31.5086,-19.7578,-13.2656,0.0,0.0,0.6485315561294556,0.35184094309806824,0.5789827704429626,0.4377047121524811,0.478422611951828,0.1614583283662796,0.2639147937297821,0.17346858978271484,0.29668065905570984
4055,-17.8355,-13.8652,-31.7008,-20.4297,-12.8125,0.0,0.0,0.622412919998169,0.3701270818710327,0.5813896656036377,0.46763309836387634,0.4750744104385376,0.15399564802646637,0.2721937298774719,0.15831001102924347,0.3110229969024658
4060,-19.0059,-13.2027,-32.2086,-22.3516,-11.8516,0.0,0.0,0.6639652848243713,0.3743009567260742,0.595245361328125,0.4783517122268677,0.4951636791229248,0.13428948819637299,0.29885727167129517,0.1275264322757721,0.33484917879104614
4065,-16.6254,-15.0527,-31.6781,-18.1172,-15.4688,0.0,0.0,0.5935361981391907,0.2824135720729828,0.561205267906189,0.4163127541542053,0.4542410671710968,0.16476212441921234,0.23383083939552307,0.18575093150138855,0.3111784756183624
4070,-17.6379,-14.9332,-32.5711,-19.5312,-15.5,0.0,0.0,0.6191045045852661,0.31048840284347534,0.5242764949798584,0.3733808398246765,0.4192708432674408,0.1302083283662796,0.24273166060447693,0.1625077724456787,0.36007463932037354
4075,-17.4395,-14.5414,-31.9809,-20.1562,-14.2266,0.0,0.0,0.6236143112182617,0.3404059112071991,0.553300678730011,0.40979689359664917,0.4441964328289032,0.15076959133148193,0.25279849767684937,0.16662779450416565,0.32532650232315063
4080,-17.7137,-14.566,-32.2797,-19.3594,-15.0234,0.0,0.0,0.6075565218925476,0.3017188310623169,0.5695984363555908,0.42154088616371155,0.4263392984867096,0.14093594253063202,0.2532649338245392,0.15776586532592773,0.34355565905570984
4085,-17.7313,-13.7223,-31.4535,-19.7578,-14.6953,0.0,0.0,0.673713207244873,0.3296034038066864,0.6377755403518677,0.4700104892253876,0.5148809552192688,0.16915422677993774,0.2744092047214508,0.15516169369220734,0.2967972755432129
4090,-18.4336,-13.1977,-31.6313,-19.5938,-14.6016,0.0,0.0,0.70071941614151,0.3835943639278412,0.6335315704345703,0.48443305492401123,0.462797611951828,0.16208022832870483,0.29283270239830017,0.13724346458911896,0.3033659756183624
4095,-18.125,-13.9121,-32.0371,-20.3359,-14.3828,0.0,0.0,0.6402159333229065,0.32715269923210144,0.5793814659118652,0.4624520242214203,0.4888392984867096,0.14400653541088104,0.2767024338245392,0.1508084535598755,0.32400497794151306
4100,-17.7148,-13.6168,-31.3316,-19.1875,-13.8203,0.0,0.0,0.6906886100769043,0.3683044910430908,0.6114257574081421,0.4800216853618622,0.470610111951828,0.16989272832870483,0.2808224558830261,0.15784358978271484,0.2869636118412018
4105,-17.9785,-13.6707,-31.6492,-19.8047,-15.1172,0.0,0.0,0.680134654045105,0.37060973048210144,0.5769929885864258,0.46392014622688293,0.4821428656578064,0.1616138070821762,0.27666357159614563,0.14968128502368927,0.30756375193595886
4110,-18.8574,-13.1527,-32.0102,-21.1641,-13.8047,0.0,0.0,0.690202534198761,0.36739692091941833,0.6056587100028992,0.494594931602478,0.4795386791229248,0.14202424883842468,0.301616907119751,0.13187965750694275,0.3200015425682068
4115,-16.9715,-13.4043,-30.3758,-18.8828,-13.7266,0.0,0.0,0.7020890116691589,0.4084850251674652,0.6208372712135315,0.5124331116676331,0.5163690447807312,0.21396921575069427,0.2711831331253052,0.1634017378091812,0.24696828424930573
4120,-17.4445,-13.4602,-30.9047,-20.5078,-12.6094,0.0,0.0,0.7017398476600647,0.3721773028373718,0.635943591594696,0.4872942566871643,0.5290178656578064,0.1876554787158966,0.27884018421173096,0.1598258763551712,0.26920086145401
4125,-18.8543,-12.7594,-31.6137,-20.5938,-14.5234,0.0,0.0,0.6983075737953186,0.4145417809486389,0.6348572969436646,0.5160627365112305,0.4639136791229248,0.15846548974514008,0.30791357159614563,0.12667132914066315,0.3024720251560211
4130,-19.4891,-11.8121,-31.3012,-22.2422,-12.1875,0.0,0.0,0.7326453924179077,0.4581421911716461,0.6875656843185425,0.5518677830696106,0.5513392686843872,0.16573382914066315,0.3389303386211395,0.11096859723329544,0.27988961338996887
4135,-19.3887,-11.1035,-30.4922,-22.2031,-10.2969,0.0,0.0,0.7765530943870544,0.4967447817325592,0.7238912582397461,0.6000331044197083,0.644717276096344,0.19395211338996887,0.35820895433425903,0.10867537558078766,0.23468594253063202
4140,-21.1367,-10.3824,-31.5191,-23.0391,-11.1328,0.0,0.0,0.7515801191329956,0.5035412907600403,0.7194818258285522,0.6224071979522705,0.6666666865348816,0.1414412260055542,0.4006141126155853,0.07800839841365814,0.2754586338996887
4145,-19.9039,-10.2559,-30.1598,-23.1719,-9.5547,0.002,0.0,0.7988383173942566,0.5476526021957397,0.7574416995048523,0.6509243845939636,0.6841517686843872,0.2007540464401245,0.3858053386211395,0.09662624448537827,0.21233674883842468
4150,-20.8844,-10.0691,-30.9535,-23.5859,-10.2266,0.0273,0.0,0.7998552918434143,0.5406869649887085,0.7655745148658752,0.6404318809509277,0.6194196343421936,0.16118626296520233,0.4017024338245392,0.0842273011803627,0.24840641021728516
4155,-20.6543,-9.8203,-30.4746,-23.1719,-10.0,0.0313,0.0,0.7870270013809204,0.5773459672927856,0.7652095556259155,0.6696776747703552,0.644717276096344,0.1797652393579483,0.4100590944290161,0.08624844253063202,0.21944962441921234
4160,-21.2863,-9.5852,-30.8715,-23.9609,-9.4766,0.0556,0.0,0.7825561761856079,0.5811542272567749,0.7466460466384888,0.6535290479660034,0.6778273582458496,0.16087530553340912,0.42362406849861145,0.07532649487257004,0.23569652438163757
4165,-20.9363,-10.1961,-31.1324,-24.1406,-9.7969,0.0664,0.0,0.759939968585968,0.5349704027175903,0.7367161512374878,0.6238051056861877,0.683779776096344,0.1554337739944458,0.40679416060447693,0.08119558542966843,0.2520988881587982
4170,-20.825,-10.3438,-31.1688,-23.5,-10.5391,0.0694,0.0,0.773589551448822,0.5228875279426575,0.7508385181427002,0.6154184341430664,0.644345223903656,0.15776586532592773,0.3914412260055542,0.08111784607172012,0.2651974558830261
4175,-20.4586,-10.5773,-31.0359,-23.8672,-9.6875,0.0796,0.0,0.7522737979888916,0.52044278383255,0.72945636510849,0.6302430033683777,0.6149553656578064,0.16239117085933685,0.38976991176605225,0.09223414212465286,0.2511271834373474
4180,-20.3254,-11.3055,-31.6309,-23.2344,-10.8828,0.0657,0.0,0.7257933020591736,0.4712619483470917,0.700276792049408,0.5864239931106567,0.5476190447807312,0.1433068960905075,0.36990827322006226,0.09829757362604141,0.2840096354484558
4185,-20.2254,-10.8387,-31.0641,-23.5938,-9.9766,0.0657,0.0,0.7467424869537354,0.4965595006942749,0.7325119376182556,0.6291501522064209,0.5989583134651184,0.1640625,0.37845927476882935,0.09779229015111923,0.2552083432674408
4190,-19.8613,-11.3992,-31.2605,-22.4297,-11.2266,0.0573,0.0,0.7524533867835999,0.470594584941864,0.6867599487304688,0.5743507742881775,0.601190447807312,0.15842661261558533,0.3608520030975342,0.10832556337118149,0.2679182291030884
4195,-19.1465,-11.6863,-30.8328,-22.0391,-11.375,0.0437,0.0,0.717176079750061,0.4822021424770355,0.7001299262046814,0.5686274766921997,0.5967261791229248,0.1805814653635025,0.3395911157131195,0.11963619291782379,0.2557136118412018
4200,-19.6941,-11.9363,-31.6305,-21.7812,-12.4297,0.0232,0.0,0.7225388884544373,0.46494632959365845,0.671024739742279,0.5101422667503357,0.5647321343421936,0.15003108978271484,0.3404073417186737,0.10999689251184464,0.295087069272995
4205,-18.6266,-12.3359,-30.9625,-20.0469,-13.4844,0.0075,0.0,0.6957734227180481,0.45903030037879944,0.6754437685012817,0.5368202924728394,0.5372023582458496,0.18116448819637299,0.32066231966018677,0.13137437403202057,0.26232120394706726
4210,-18.8797,-12.1637,-31.0434,-21.4062,-12.875,0.0,0.0,0.7337576746940613,0.45542797446250916,0.6558197736740112,0.5227305889129639,0.59375,0.1770833283662796,0.32831934094429016,0.12422263622283936,0.26589706540107727
4215,-19.2016,-12.7703,-31.9719,-21.3984,-13.5,0.0,0.0,0.687483012676239,0.4028489291667938,0.6474820375442505,0.49493733048439026,0.4858630895614624,0.1431514322757721,0.31106188893318176,0.11885882914066315,0.3224502503871918
4220,-18.473,-12.9148,-31.3879,-20.8906,-14.0234,0.0,0.0,0.7048304677009583,0.4072398245334625,0.6407322883605957,0.4772757589817047,0.5643601417541504,0.16736629605293274,0.30064520239830017,0.13588307797908783,0.29162779450416565
4225,-18.8625,-12.2145,-31.077,-21.0938,-12.5391,0.0,0.0,0.7345462441444397,0.44732752442359924,0.6656278967857361,0.5299739241600037,0.5572916865348816,0.1773165464401245,0.325054407119751,0.12472791969776154,0.26842349767684937
4230,-18.9602,-11.95,-30.9102,-22.0625,-10.625,0.0,0.0,0.7442699670791626,0.45929816365242004,0.6737520098686218,0.5504748225212097,0.5725446343421936,0.18314675986766815,0.32563742995262146,0.1206856369972229,0.2660525441169739
4235,-19.0016,-11.9199,-30.9215,-22.4375,-11.1406,0.0,0.0,0.7472808957099915,0.455847829580307,0.7004165053367615,0.560619592666626,0.5334821343421936,0.18225279450416565,0.33100125193595886,0.12130752205848694,0.26096081733703613
4240,-19.4672,-11.9965,-31.4637,-21.6797,-12.3281,0.0,0.0,0.7249686121940613,0.4614253342151642,0.662066638469696,0.5390667915344238,0.5215773582458496,0.15488961338996887,0.3435945212841034,0.1154773011803627,0.2815609574317932
4245,-19.2316,-11.4293,-30.6609,-22.7969,-10.5391,0.0,0.0,0.7498959898948669,0.5109649300575256,0.6926746368408203,0.5699951648712158,0.5922619104385376,0.18680037558078766,0.3544776141643524,0.11407804489135742,0.24016635119915009
4250,-19.7355,-11.6273,-31.3629,-23.3828,-10.2344,0.0,0.0,0.7355169653892517,0.4791141450405121,0.6574845910072327,0.5536851286888123,0.5714285969734192,0.1590096354484558,0.35451647639274597,0.10723724961280823,0.2747590243816376
4255,-19.6176,-12.1035,-31.7211,-23.1406,-11.4453,0.0,0.0,0.702144980430603,0.434452623128891,0.6454759240150452,0.5455254912376404,0.5409226417541504,0.1431514322757721,0.33799752593040466,0.115555040538311,0.2988184094429016
4260,-19.0672,-12.302,-31.3691,-22.5547,-11.0,0.0,0.0,0.7351376414299011,0.45754149556159973,0.6440960764884949,0.5111411213874817,0.507440447807312,0.16802705824375153,0.3231498897075653,0.11652673780918121,0.2878187298774719
4265,-19.1891,-12.4191,-31.6082,-22.2266,-11.7031,0.0,0.0,0.689663827419281,0.4704761803150177,0.6093294620513916,0.5008590221405029,0.515625,0.15492847561836243,0.3264925479888916,0.11998600512742996,0.2941153645515442
4270,-18.9516,-11.693,-30.6445,-21.8203,-11.2266,0.0,0.0,0.7533941268920898,0.49691709876060486,0.6938376426696777,0.571974515914917,0.5245535969734192,0.1918143630027771,0.3404073417186737,0.11920864135026932,0.24409204721450806
4275,-17.9375,-13.2055,-31.143,-20.1094,-14.6016,0.0,0.0,0.7056390047073364,0.42316046357154846,0.6166449785232544,0.4759535789489746,0.4877232015132904,0.17852145433425903,0.2863028645515442,0.14944806694984436,0.28125
4280,-17.9836,-14.0039,-31.9875,-20.2109,-14.375,0.0,0.0,0.6584685444831848,0.36685287952423096,0.5841270089149475,0.4250749945640564,0.4363839328289032,0.15329602360725403,0.2713386118412018,0.14692163467407227,0.3239661157131195
4285,-15.9855,-14.3684,-30.3539,-18.6719,-13.0938,0.0,0.0,0.6551600098609924,0.4060306251049042,0.5965544581413269,0.4427468776702881,0.4631696343421936,0.21618470549583435,0.24362562596797943,0.19402985274791718,0.24168221652507782
4290,-16.5594,-14.2285,-30.7879,-17.9609,-14.5859,0.0,0.0,0.6544707417488098,0.40347036719322205,0.5848484635353088,0.4409722089767456,0.4605654776096344,0.1986551582813263,0.24863961338996887,0.17957089841365814,0.26865673065185547
4295,-18.5336,-13.709,-32.2426,-21.8516,-13.1094,0.0,0.0,0.6463449597358704,0.3958529829978943,0.5746102333068848,0.4287383258342743,0.4482886791229248,0.1345227062702179,0.2886738181114197,0.13961443305015564,0.33271142840385437
4300,-15.6711,-14.1617,-29.8328,-17.0781,-14.3125,0.0,0.0,0.6963962316513062,0.4270816743373871,0.5977147221565247,0.45083126425743103,0.4869791567325592,0.23620180785655975,0.2422652393579483,0.19729477167129517,0.21976056694984436
4305,-16.8828,-14.1676,-31.0504,-19.7031,-13.5625,0.0,0.0,0.6537483930587769,0.39325329661369324,0.5927959680557251,0.429287314414978,0.4776785671710968,0.18353544175624847,0.2557913661003113,0.17696672677993774,0.2792288661003113
4310,-15.7805,-15.2578,-31.0383,-18.1172,-15.1172,0.0,0.0,0.6162965893745422,0.3718014657497406,0.545257031917572,0.3728381097316742,0.4300595223903656,0.18030938506126404,0.22632929682731628,0.21470771729946136,0.2741760015487671
4315,-16.8594,-15.5328,-32.3922,-19.2734,-15.0781,0.0,0.0,0.6161673069000244,0.3078135848045349,0.49958088994026184,0.3376191556453705,0.3962053656578064,0.13751554489135742,0.22185945510864258,0.18547885119915009,0.3506685197353363
4320,-16.5855,-15.7477,-32.3332,-19.0625,-15.2891,0.0,0.0,0.5994498133659363,0.29614898562431335,0.5097516179084778,0.33266687393188477,0.3735119104385376,0.1412857621908188,0.21497978270053864,0.18932680785655975,0.3499300479888916
4325,-17.1578,-15.0227,-32.1805,-20.0859,-14.6953,0.0,0.0,0.6261529922485352,0.3502318859100342,0.515670120716095,0.3737502992153168,0.3776041567325592,0.14326803386211395,0.24304260313510895,0.17486785352230072,0.33434391021728516
4330,-17.0945,-15.0156,-32.1102,-19.3203,-15.5703,0.0,0.0,0.5911422967910767,0.33181819319725037,0.5356281399726868,0.38358867168426514,0.4215029776096344,0.14392879605293274,0.2394278645515442,0.17727766931056976,0.3348880708217621
4335,-17.7613,-15.223,-32.9844,-20.3516,-15.8281,0.0,0.0,0.5748322010040283,0.31309327483177185,0.49559685587882996,0.35033461451530457,0.4032738208770752,0.11582711338996887,0.23748445510864258,0.15889303386211395,0.3833177983760834
4340,-18.5637,-14.7633,-33.327,-21.4531,-14.0703,0.0,0.0,0.6082512140274048,0.32390034198760986,0.5331079363822937,0.3530731797218323,0.375,0.10645988583564758,0.25272077322006226,0.1379431039094925,0.39839863777160645
4345,-16.7242,-14.807,-31.5312,-19.3281,-14.3828,0.0,0.0,0.6431192755699158,0.38005173206329346,0.5446351766586304,0.3960939347743988,0.3683035671710968,0.16946516931056976,0.24043843150138855,0.18112562596797943,0.30449315905570984
4350,-18.4375,-13.6141,-32.0516,-22.2969,-12.2422,0.0,0.0,0.6733226776123047,0.38904109597206116,0.6067352890968323,0.45060184597969055,0.3831845223903656,0.1459888070821762,0.28373757004737854,0.1396532952785492,0.32614272832870483
4355,-18.3461,-13.7922,-32.1383,-21.0938,-13.4297,0.0,0.0,0.6773671507835388,0.39379310607910156,0.5637713074684143,0.422735333442688,0.4267113208770752,0.14408425986766815,0.28179416060447693,0.14140236377716064,0.32824161648750305
4360,-17.7848,-14.084,-31.8687,-20.0938,-14.3516,0.0,0.0,0.6606960296630859,0.37957051396369934,0.583085298538208,0.4239766001701355,0.4040178656578064,0.15189675986766815,0.2678793668746948,0.15671642124652863,0.319029837846756
4365,-18.2379,-13.4543,-31.6922,-20.9844,-13.4609,0.0,0.0,0.6985998749732971,0.4026098847389221,0.5973246097564697,0.4591328203678131,0.4296875,0.15823227167129517,0.2829602062702179,0.14237406849861145,0.31195583939552307
4370,-18.9793,-12.4156,-31.3949,-20.6797,-12.4531,0.0,0.0,0.7383044362068176,0.4537825286388397,0.6505275964736938,0.5121191740036011,0.4557291567325592,0.16367381811141968,0.3195739984512329,0.12523320317268372,0.2870413661003113
4375,-19.5055,-12.0301,-31.5355,-21.9531,-12.1797,0.0,0.0,0.737481415271759,0.4691888093948364,0.6307258605957031,0.5404582023620605,0.4698660671710968,0.15679416060447693,0.33492693305015564,0.11030783504247665,0.29349347949028015
4380,-20.1262,-11.425,-31.5512,-22.6328,-12.0625,0.0,0.0,0.7490226626396179,0.49230435490608215,0.6906614899635315,0.5654110908508301,0.474702388048172,0.14913712441921234,0.35859763622283936,0.09989117085933685,0.28789645433425903
4385,-19.9758,-11.407,-31.3828,-22.8203,-11.3125,0.0,0.0,0.750619113445282,0.49614089727401733,0.6872838735580444,0.5688889026641846,0.496279776096344,0.15694962441921234,0.35754820704460144,0.10117381811141968,0.2798507511615753
4390,-19.427,-11.6305,-31.0574,-21.3594,-12.4766,0.0,0.0,0.738879919052124,0.5112890601158142,0.6943433880805969,0.5615373253822327,0.462797611951828,0.16864894330501556,0.3494636118412018,0.11749844253063202,0.2599113881587982
4395,-20.3004,-10.8352,-31.1355,-23.3281,-10.9531,0.0,0.0,0.7660395503044128,0.5426018238067627,0.6935749650001526,0.5704472661018372,0.5684523582458496,0.16114738583564758,0.37406715750694275,0.09437189251184464,0.2659359574317932
4400,-20.707,-10.8352,-31.5422,-23.4297,-11.4531,0.016,0.0,0.7495240569114685,0.5200766921043396,0.7016306519508362,0.5779727101325989,0.5625,0.14291821420192719,0.385261207818985,0.08819185197353363,0.2791511118412018
4405,-20.1055,-11.1383,-31.2438,-23.7656,-9.8672,0.0074,0.0,0.7259907722473145,0.5377947092056274,0.6631372570991516,0.5822492241859436,0.5096726417541504,0.15986473858356476,0.36765390634536743,0.09911380708217621,0.2688899338245392
4410,-19.6992,-11.1738,-30.873,-22.4609,-10.9062,0.0003,0.0,0.7398092150688171,0.5446428656578064,0.6749260425567627,0.5569384098052979,0.5833333134651184,0.17925995588302612,0.3613184094429016,0.10509949922561646,0.2498445212841034
4415,-20.3973,-10.8066,-31.2039,-23.1562,-11.3906,0.0018,0.0,0.7584447264671326,0.5390585064888,0.6926973462104797,0.5757799744606018,0.574404776096344,0.15994247794151306,0.3806358873844147,0.09207867085933685,0.2628653645515442
4420,-20.5426,-10.768,-31.3105,-23.5312,-10.6641,0.0149,0.0,0.7621905207633972,0.5532369613647461,0.7042869925498962,0.5523012280464172,0.5580357313156128,0.1554337739944458,0.3818407952785492,0.08885261416435242,0.26939520239830017
4425,-19.4691,-10.7539,-30.223,-22.3047,-10.8203,0.0068,0.0,0.773053765296936,0.571578860282898,0.7084516882896423,0.6051024198532104,0.5885416865348816,0.20020988583564758,0.36951959133148193,0.1094527393579483,0.21634016931056976
4430,-20.798,-9.9465,-30.7445,-24.1953,-9.1953,0.0241,0.0,0.7709835171699524,0.6110218167304993,0.7020407915115356,0.6000000238418579,0.6339285969734192,0.16717195510864258,0.41118624806404114,0.08570428937673569,0.23145988583564758
4435,-22.0539,-9.1984,-31.2523,-25.0547,-8.2266,0.054,0.0,0.7788152694702148,0.6305342316627502,0.7478607892990112,0.6215527057647705,0.6045386791229248,0.13320118188858032,0.4503653645515442,0.06813587993383408,0.2438199669122696
4440,-21.634,-8.8441,-30.4781,-24.9062,-7.4688,0.0901,0.0,0.8162485361099243,0.6655819416046143,0.7465535402297974,0.6558957099914551,0.6346726417541504,0.16266325116157532,0.4538635015487671,0.07330534607172012,0.20569029450416565
4445,-22.1961,-8.4969,-30.693,-25.7266,-7.4688,0.1051,0.0,0.8144195675849915,0.6749792098999023,0.7616099119186401,0.6677471399307251,0.6320684552192688,0.1493314653635025,0.46758395433425903,0.06277208030223846,0.21583488583564758
4450,-21.4324,-9.2812,-30.7137,-25.2969,-7.6484,0.1231,0.0,0.7956963181495667,0.624988853931427,0.7381818294525146,0.6633851528167725,0.6149553656578064,0.16075870394706726,0.4348958432674408,0.07482120394706726,0.22504663467407227
4455,-20.3336,-10.8777,-31.2113,-23.0312,-10.7031,0.1275,0.0,0.7182510495185852,0.5374128818511963,0.7174437046051025,0.5901858806610107,0.5546875,0.15823227167129517,0.37919774651527405,0.09670397639274597,0.26138836145401
4460,-20.3609,-10.8406,-31.2016,-24.0156,-9.5078,0.1223,0.0,0.7256441712379456,0.5453149080276489,0.7007907032966614,0.59026038646698,0.5483630895614624,0.15838775038719177,0.3795475661754608,0.09340018779039383,0.26418688893318176
4465,-21.1477,-9.9961,-31.1438,-23.8438,-10.25,0.118,0.0,0.7687196731567383,0.5837099552154541,0.737313449382782,0.6108973622322083,0.581845223903656,0.1520911008119583,0.412779837846756,0.078125,0.2525264322757721
4470,-19.8906,-11.4449,-31.3355,-23.1406,-11.0234,0.1171,0.0,0.694856584072113,0.5228779315948486,0.6786242723464966,0.5443931818008423,0.5613839030265808,0.15718284249305725,0.36357274651527405,0.10509949922561646,0.26966729760169983
4475,-19.5543,-11.5105,-31.0648,-23.1328,-10.1484,0.113,0.0,0.7087622880935669,0.5081340670585632,0.6933566331863403,0.560601532459259,0.570684552192688,0.16989272832870483,0.35599347949028015,0.1111629381775856,0.2584732472896576
4480,-19.8207,-11.3387,-31.1594,-23.8984,-9.2266,0.1073,0.0,0.7039332389831543,0.5087907314300537,0.7001110911369324,0.563673734664917,0.6067708134651184,0.16305193305015564,0.3625621795654297,0.1049828976392746,0.26492536067962646
4485,-19.9391,-11.3621,-31.3012,-23.1562,-11.2734,0.0993,0.0,0.7328750491142273,0.512607753276825,0.6970154643058777,0.5382102131843567,0.5751488208770752,0.15831001102924347,0.3606965243816376,0.10288401693105698,0.27363184094429016
4490,-19.4172,-12.3086,-31.7258,-23.2656,-10.4688,0.09,0.0,0.6505863666534424,0.4521678388118744,0.6414090991020203,0.5155028700828552,0.570684552192688,0.1458333283662796,0.3343827724456787,0.11695428937673569,0.2983520030975342
4495,-18.3711,-13.3004,-31.6715,-21.8359,-12.2266,0.0785,0.0,0.6167212128639221,0.41194969415664673,0.6293268203735352,0.4792739450931549,0.4936755895614624,0.15434545278549194,0.2966417968273163,0.14260727167129517,0.3019278645515442
4500,-18.2078,-13.5215,-31.7293,-22.2266,-12.3359,0.0399,0.0,0.6391293406486511,0.42639321088790894,0.5711575150489807,0.4499177038669586,0.4873511791229248,0.1571439653635025,0.28805193305015564,0.1433846354484558,0.3069418668746948
4505,-18.4199,-13.334,-31.7539,-21.0547,-13.6719,0.0245,0.0,0.6384595632553101,0.435354083776474,0.6137683391571045,0.4522444009780884,0.4613095223903656,0.1534126251935959,0.2898010015487671,0.14058613777160645,0.31172263622283936
4510,-19.2426,-13.518,-32.7605,-22.4141,-12.9688,0.0063,0.0,0.6082709431648254,0.38243889808654785,0.5912479758262634,0.4245404005050659,0.4813988208770752,0.11936412006616592,0.29259949922561646,0.11990827322006226,0.36365050077438354
4515,-18.1441,-13.9301,-32.0742,-21.1484,-13.7891,0.0,0.0,0.6114718317985535,0.39841538667678833,0.568432092666626,0.42625856399536133,0.4538690447807312,0.14365671575069427,0.274720162153244,0.14824315905570984,0.32890236377716064
4520,-17.9355,-14.1891,-32.1246,-20.6406,-13.7266,0.0,0.0,0.5871837139129639,0.3726872205734253,0.582246720790863,0.41842901706695557,0.4505208432674408,0.14132462441921234,0.26469215750694275,0.15500621497631073,0.33449938893318176
4525,-18.1707,-14.6363,-32.807,-21.8203,-13.3359,0.0,0.0,0.5760622620582581,0.3425772488117218,0.5573514103889465,0.37128400802612305,0.421875,0.11983053386211395,0.2578902244567871,0.1490982621908188,0.36870336532592773
4530,-16.9766,-14.9281,-31.9047,-20.4844,-13.9688,0.0,0.0,0.6036935448646545,0.3481921851634979,0.5610687136650085,0.3711569905281067,0.4367559552192688,0.15574471652507782,0.2354244440793991,0.17311878502368927,0.3312344551086426
4535,-18.2648,-14.7387,-33.0035,-21.0781,-14.7734,0.0,0.0,0.6078563928604126,0.3515636920928955,0.5333157777786255,0.3378916084766388,0.4371279776096344,0.11477767676115036,0.2522932291030884,0.14758239686489105,0.3808690905570984
4540,-17.1863,-15.6887,-32.875,-21.1094,-14.7812,0.0,0.0,0.5236733555793762,0.29139766097068787,0.5188637375831604,0.3242543637752533,0.4092261791229248,0.1223180964589119,0.22275342047214508,0.175139918923378,0.3753109574317932
4545,-17.2348,-15.7359,-32.9707,-20.5312,-14.9531,0.0,0.0,0.534233033657074,0.3172450363636017,0.501111626625061,0.2988704442977905,0.427827388048172,0.1180814653635025,0.22065454721450806,0.17482897639274597,0.38195741176605225
4550,-16.877,-16.1434,-33.0203,-20.5547,-14.4141,0.0,0.0,0.5266488790512085,0.28127312660217285,0.4794062376022339,0.2978377938270569,0.3895089328289032,0.11668221652507782,0.2100435346364975,0.18590641021728516,0.3828902244567871
4555,-16.691,-16.0195,-32.7105,-19.6875,-15.8438,0.0,0.0,0.5502465963363647,0.2922736406326294,0.5090797543525696,0.29434120655059814,0.40625,0.12608830630779266,0.2107820212841034,0.19049285352230072,0.3681592047214508
4560,-17.4824,-15.509,-32.9914,-21.4609,-12.8359,0.0,0.0,0.5365853905677795,0.31692880392074585,0.5062761306762695,0.3270952105522156,0.3969494104385376,0.11633239686489105,0.229827418923378,0.16721081733703613,0.3821517527103424
4565,-16.6523,-15.8508,-32.5031,-19.1875,-15.5547,0.0,0.0,0.5708041787147522,0.3169052302837372,0.5168676972389221,0.29484671354293823,0.415922611951828,0.13339552283287048,0.2145133763551712,0.1901041716337204,0.3575093150138855
4570,-16.4941,-16.6113,-33.1055,-18.6875,-16.8594,0.0,0.0,0.522048830986023,0.2841431796550751,0.4726299047470093,0.2508707344532013,0.386532723903656,0.1145833358168602,0.19437965750694275,0.1959732621908188,0.39058613777160645
4575,-16.3879,-16.4828,-32.8707,-19.6797,-15.7656,0.0,0.0,0.5209677219390869,0.25910529494285583,0.49024200439453125,0.2785743474960327,0.3932291567325592,0.12049129605293274,0.1963619440793991,0.19916044175624847,0.37950870394706726
4580,-16.7895,-16.248,-33.0375,-19.6172,-15.5625,0.0,0.0,0.5164128541946411,0.27866029739379883,0.5080366134643555,0.2825540602207184,0.365327388048172,0.11485540866851807,0.20308613777160645,0.19103699922561646,0.3865438401699066
4585,-16.3461,-16.4188,-32.7648,-19.8125,-15.5469,0.0,0.0,0.4929489195346832,0.2742879390716553,0.4878428280353546,0.2830306887626648,0.4311755895614624,0.1240282952785492,0.19923818111419678,0.19982120394706726,0.37243470549583435
4590,-16.4625,-15.8871,-32.3496,-19.2578,-16.1406,0.0,0.0,0.5495470762252808,0.30794885754585266,0.5505080819129944,0.29840776324272156,0.3939732015132904,0.1415967047214508,0.20977145433425903,0.19507929682731628,0.34907492995262146
4595,-17.0211,-15.7367,-32.7578,-19.875,-15.0,0.0,0.0,0.5557966232299805,0.31626075506210327,0.5406750440597534,0.2991257309913635,0.3772321343421936,0.12538868188858032,0.2170397937297821,0.17964863777160645,0.3734452724456787
4600,-16.4832,-15.8434,-32.3266,-19.2812,-15.8828,0.0,0.0,0.5723905563354492,0.3234817087650299,0.5255142450332642,0.30391162633895874,0.3850446343421936,0.13852612674236298,0.21567942202091217,0.19651740789413452,0.3447994291782379
4605,-16.1078,-15.1492,-31.257,-17.8984,-16.4219,0.0,0.0,0.5965275168418884,0.3653879761695862,0.5893690586090088,0.3418826162815094,0.470610111951828,0.18804416060447693,0.22189831733703613,0.19158115983009338,0.29399874806404114
4610,-16.7043,-14.957,-31.6613,-19.125,-15.3047,0.0,0.0,0.5883337259292603,0.37038227915763855,0.5671516060829163,0.34013691544532776,0.5234375,0.16258551180362701,0.24199315905570984,0.18435168266296387,0.30659204721450806
4615,-17.7867,-13.95,-31.7367,-19.7578,-14.1328,0.0,0.0,0.6364308595657349,0.4034115672111511,0.6338592767715454,0.38236379623413086,0.5033482313156128,0.15768812596797943,0.2665967047214508,0.1552005559206009,0.31603699922561646
4620,-17.0609,-14.266,-31.327,-20.0156,-13.4531,0.0,0.0,0.6429199576377869,0.39218389987945557,0.6004504561424255,0.37119701504707336,0.5502232313156128,0.17677238583564758,0.25361475348472595,0.17257462441921234,0.2925606369972229
4625,-17.548,-14.0922,-31.6402,-20.3047,-14.8438,0.0,0.0,0.6323529481887817,0.37156563997268677,0.6170520186424255,0.3924437165260315,0.5494791865348816,0.1612251251935959,0.26737406849861145,0.1613806039094925,0.30554258823394775
4630,-18.3746,-13.9906,-32.3652,-21.1016,-14.4688,0.0,0.0,0.662747323513031,0.3938659131526947,0.6035987138748169,0.35109859704971313,0.5093005895614624,0.13553327322006226,0.2724657952785492,0.1425684094429016,0.3449549078941345
4635,-16.6059,-15.1516,-31.7574,-19.9297,-14.3281,0.0,0.0,0.6032350063323975,0.3562752902507782,0.573936939239502,0.3226989507675171,0.4828869104385376,0.1634017378091812,0.23041044175624847,0.18372978270053864,0.31798040866851807
4640,-15.9242,-15.5387,-31.4629,-17.9609,-15.7344,0.0,0.0,0.583275556564331,0.3343854248523712,0.5590858459472656,0.33634933829307556,0.4516369104385376,0.16826026141643524,0.22166511416435242,0.20918843150138855,0.29640859365463257
4645,-16.8156,-15.298,-32.1137,-18.5234,-15.6406,0.0,0.0,0.591567873954773,0.33535149693489075,0.5733249187469482,0.3174324929714203,0.4445684552192688,0.14750465750694275,0.231110081076622,0.18446828424930573,0.3324393630027771
4650,-17.6289,-14.0828,-31.7117,-20.5391,-13.8359,0.0,0.0,0.652466356754303,0.4085136950016022,0.6128722429275513,0.34820976853370667,0.5528273582458496,0.15601679682731628,0.2693563401699066,0.16184701025485992,0.30830225348472595
4655,-17.5504,-14.7121,-32.2625,-20.1406,-14.375,0.0,0.0,0.5822124481201172,0.35248517990112305,0.5988674163818359,0.3327505886554718,0.5245535969734192,0.1415967047214508,0.2557136118412018,0.1647232621908188,0.333488792181015
4660,-16.0406,-15.2391,-31.2797,-17.4453,-16.0391,0.0,0.0,0.6000439524650574,0.37026238441467285,0.5798839330673218,0.3116483986377716,0.5245535969734192,0.17696672677993774,0.2266402393579483,0.20094838738441467,0.29096704721450806
4665,-15.7754,-15.5211,-31.2965,-17.2891,-16.6562,0.0,0.0,0.5907894968986511,0.3287695646286011,0.5682615637779236,0.311299204826355,0.5360863208770752,0.1772388070821762,0.2185945212841034,0.21039333939552307,0.2892957031726837
4670,-15.427,-15.3965,-30.8234,-17.0469,-16.1562,0.0,0.0,0.5927743911743164,0.37093353271484375,0.5818048715591431,0.3172978460788727,0.53125,0.19795553386211395,0.21983830630779266,0.2119092047214508,0.26581934094429016
4675,-17.3414,-14.4363,-31.7777,-19.6094,-14.0078,0.0,0.0,0.6448019742965698,0.39408940076828003,0.6085145473480225,0.31577634811401367,0.5580357313156128,0.15702736377716064,0.259095162153244,0.16798818111419678,0.31141167879104614
4680,-18.0871,-13.4477,-31.5348,-20.8828,-12.3281,0.0,0.0,0.7033560276031494,0.44124019145965576,0.6465288996696472,0.36645227670669556,0.5412946343421936,0.1656172275543213,0.28708022832870483,0.14668843150138855,0.2961364984512329
4685,-17.4273,-13.6188,-31.0461,-19.5234,-13.8047,0.0,0.0,0.6837798953056335,0.43166714906692505,0.636724591255188,0.37407973408699036,0.6041666865348816,0.1900264322757721,0.2690454125404358,0.15663868188858032,0.27981188893318176
4690,-18.7449,-12.9922,-31.7371,-21.4375,-13.0469,0.0,0.0,0.6820020079612732,0.43836310505867004,0.6551825404167175,0.3905067443847656,0.644345223903656,0.15376244485378265,0.3067863881587982,0.1319962739944458,0.3029772937297821
4695,-18.4051,-12.8539,-31.259,-20.3438,-12.9375,0.0,0.0,0.7126359939575195,0.44440194964408875,0.6923966407775879,0.40878939628601074,0.609375,0.17502331733703613,0.30480411648750305,0.1344449669122696,0.28125
4700,-17.3973,-13.2664,-30.6637,-20.3672,-13.125,0.0,0.0,0.69060879945755,0.45739471912384033,0.6506450772285461,0.4210604429244995,0.5837053656578064,0.2023864984512329,0.27779072523117065,0.1536458283662796,0.2616993188858032
4705,-17.859,-13.1504,-31.0094,-19.8203,-14.2422,0.0,0.0,0.70379638671875,0.4446699023246765,0.6645669341087341,0.41510504484176636,0.5684523582458496,0.18633395433425903,0.28731343150138855,0.14808768033981323,0.27378731966018677
4710,-17.4152,-13.548,-30.9633,-19.2578,-14.1719,0.0,0.0,0.6738188862800598,0.4418734312057495,0.6501947641372681,0.3825784921646118,0.5930059552192688,0.1883939653635025,0.27884018421173096,0.1596703976392746,0.2686178386211395
4715,-16.7574,-14.0234,-30.7809,-19.4922,-15.1094,0.0,0.0,0.6535001993179321,0.4064770042896271,0.6484983563423157,0.3869265615940094,0.5625,0.19877175986766815,0.2568407952785492,0.1747123748064041,0.2651974558830261
4720,-17.3223,-14.8168,-32.1391,-20.1406,-15.2656,0.0,0.0,0.5956055521965027,0.35454973578453064,0.5772957801818848,0.32793426513671875,0.5319940447807312,0.1485929787158966,0.2473181039094925,0.1684546023607254,0.33115673065185547
4725,-16.875,-14.8043,-31.6793,-20.0234,-14.1641,0.0,0.0,0.6247002482414246,0.37177252769470215,0.5685817003250122,0.33737245202064514,0.5145089030265808,0.16208022832870483,0.24537469446659088,0.1833411008119583,0.30472636222839355
4730,-15.768,-15.3555,-31.1234,-18.8203,-15.6797,0.0,0.0,0.606758177280426,0.36347734928131104,0.5632569193840027,0.32322391867637634,0.5052083134651184,0.18404074013233185,0.22220925986766815,0.20860540866851807,0.2806669771671295
4735,-17.3352,-15.1965,-32.5316,-19.2031,-16.1094,0.0,0.0,0.59004807472229,0.3403894901275635,0.5850117206573486,0.2900943458080292,0.4832589328289032,0.13747668266296387,0.22951647639274597,0.16596704721450806,0.3625621795654297
4740,-16.9285,-14.3961,-31.3246,-19.6953,-13.7891,0.0,0.0,0.6407962441444397,0.41277045011520386,0.6001304388046265,0.3453335165977478,0.527529776096344,0.17377954721450806,0.25687965750694275,0.17875465750694275,0.28610852360725403
4745,-17.6391,-13.7871,-31.4262,-19.5859,-14.7109,0.0,0.0,0.666124165058136,0.4274926483631134,0.6089385747909546,0.3907107412815094,0.5200892686843872,0.16717195510864258,0.27794620394706726,0.16002021729946136,0.2903840243816376
4750,-16.6641,-13.5234,-30.1875,-18.9531,-13.7734,0.0,0.0,0.6992994546890259,0.4487895667552948,0.6596537232398987,0.41777703166007996,0.5636160969734192,0.2163790464401245,0.2713386118412018,0.17735540866851807,0.23044931888580322
4755,-17.1,-13.9793,-31.0793,-19.5781,-14.1641,0.0,0.0,0.6690901517868042,0.42330384254455566,0.615242063999176,0.3658297061920166,0.566592276096344,0.18711131811141968,0.2635261118412018,0.16779384016990662,0.2770911157131195
4760,-16.252,-14.3805,-30.6324,-17.3906,-14.8125,0.0,0.0,0.6714259386062622,0.41738712787628174,0.6410964727401733,0.3362210690975189,0.5286458134651184,0.20961597561836243,0.24277052283287048,0.18291355669498444,0.26022231578826904
4765,-16.3551,-14.8457,-31.2008,-18.5469,-15.875,0.0,0.0,0.6459970474243164,0.37687861919403076,0.5930753350257874,0.32622861862182617,0.519345223903656,0.1830301582813263,0.2353467047214508,0.1908426582813263,0.2863028645515442
4770,-15.6109,-14.9934,-30.6043,-17.2969,-15.5625,0.0,0.0,0.6486033797264099,0.36207810044288635,0.5905810594558716,0.3467753827571869,0.5345982313156128,0.20872201025485992,0.21995490789413452,0.2046797275543213,0.26216572523117065
4775,-16.2582,-14.2238,-30.482,-17.8516,-15.1094,0.0,0.0,0.6620234847068787,0.4183753430843353,0.6443008780479431,0.3533458411693573,0.5736607313156128,0.2120646834373474,0.24832867085933685,0.1865282952785492,0.24860075116157532
4780,-15.4598,-14.2984,-29.7582,-15.8125,-15.0391,0.0,0.0,0.6757678985595703,0.40909090638160706,0.6662223935127258,0.36222022771835327,0.5870535969734192,0.23915578424930573,0.23515236377716064,0.20413556694984436,0.21707867085933685
4785,-15.793,-14.3188,-30.1117,-16.9922,-14.7422,0.0,0.0,0.6559212803840637,0.4017566740512848,0.6544220447540283,0.35264652967453003,0.6279761791229248,0.2290889322757721,0.23896144330501556,0.19469061493873596,0.23278141021728516
4790,-17.5391,-13.7141,-31.2531,-19.6641,-14.2266,0.0,0.0,0.6774264574050903,0.42828798294067383,0.6512352824211121,0.35010969638824463,0.5959821343421936,0.17580068111419678,0.2742537260055542,0.16204135119915009,0.2834266126155853
4795,-15.3402,-15.6484,-30.9887,-17.7891,-14.6719,0.0,0.0,0.6091839075088501,0.34300342202186584,0.5711708664894104,0.29975125193595886,0.5018601417541504,0.19383551180362701,0.2049906700849533,0.21544620394706726,0.28125
4800,-15.8562,-15.991,-31.8473,-17.5781,-16.0547,0.0,0.0,0.564351499080658,0.3365744352340698,0.5308161973953247,0.26789167523384094,0.504092276096344,0.15613339841365814,0.20786692202091217,0.21000465750694275,0.3215174078941345
4805,-15.043,-16.509,-31.552,-16.6484,-16.9062,0.0,0.0,0.582813560962677,0.30465731024742126,0.5308355689048767,0.2516103982925415,0.4241071343421936,0.16826026141643524,0.19111473858356476,0.2344527393579483,0.3016946613788605
4810,-15.209,-15.8875,-31.0965,-17.0234,-16.4375,0.0,0.0,0.5991820096969604,0.3505471348762512,0.5626431703567505,0.2667217254638672,0.5014880895614624,0.19006529450416565,0.2024642378091812,0.22057680785655975,0.28241604566574097
4815,-13.6188,-16.1641,-29.7828,-14.1484,-16.3047,0.0,0.0,0.6045652031898499,0.352591335773468,0.5740712881088257,0.2775562107563019,0.5141369104385376,0.24179881811141968,0.18299129605293274,0.2563354969024658,0.21439675986766815
4820,-15.6562,-16.0395,-31.6957,-17.5703,-15.0391,0.0,0.0,0.5873452425003052,0.30834317207336426,0.5546875,0.25656935572624207,0.5111607313156128,0.16954290866851807,0.19752798974514008,0.20895522832870483,0.3194962739944458
4825,-14.9582,-15.4773,-30.4355,-16.7109,-15.0,0.0,0.0,0.6182336211204529,0.3682730197906494,0.5805824995040894,0.3110799789428711,0.5301339030265808,0.21828357875347137,0.2072838991880417,0.22018812596797943,0.24976679682731628
4830,-15.9871,-15.1281,-31.1152,-19.3828,-13.6875,0.0,0.0,0.639767050743103,0.3605194687843323,0.5810731649398804,0.3030551075935364,0.5613839030265808,0.18687811493873596,0.22446362674236298,0.19919931888580322,0.2849813401699066
4835,-14.6922,-14.8973,-29.5895,-16.0156,-14.8672,0.0,0.0,0.6334435343742371,0.38757607340812683,0.6353859305381775,0.34376171231269836,0.625,0.24685168266296387,0.2171175330877304,0.22407494485378265,0.20747824013233185
4840,-15.3914,-15.2871,-30.6785,-18.0781,-13.9766,0.0,0.0,0.6340628266334534,0.35604044795036316,0.5928897261619568,0.2953624427318573,0.5747767686843872,0.2042521834373474,0.21909981966018677,0.21319185197353363,0.25897854566574097
4845,-15.5188,-15.3664,-30.8852,-17.125,-15.0156,0.0,0.0,0.6023287773132324,0.3671155273914337,0.588977575302124,0.2861671447753906,0.586309552192688,0.1969449669122696,0.21937188506126404,0.20946051180362701,0.26974502205848694
4850,-15.3082,-14.7328,-30.041,-17.6328,-13.4375,0.0,0.0,0.6558408141136169,0.39677420258522034,0.6267553567886353,0.33669114112854004,0.5814732313156128,0.22858364880084991,0.2289334535598755,0.21035447716712952,0.22765080630779266
4855,-16.3883,-14.1746,-30.5629,-17.7109,-13.1172,0.0,0.0,0.6697437763214111,0.4198673367500305,0.6409719586372375,0.3312741219997406,0.621279776096344,0.20631219446659088,0.25198227167129517,0.1855565905570984,0.25167134404182434
4860,-16.2207,-13.7434,-29.9641,-19.1875,-11.6172,0.0,0.0,0.6872005462646484,0.44909200072288513,0.6545530557632446,0.37908610701560974,0.6350446343421936,0.22714552283287048,0.26111629605293274,0.18610075116157532,0.22115983068943024
4865,-16.893,-13.8367,-30.7297,-19.4609,-13.0391,0.0,0.0,0.6672636866569519,0.4339155852794647,0.6467748880386353,0.3646576702594757,0.6004464030265808,0.1953125,0.2670242488384247,0.1771610677242279,0.256024569272995
4870,-16.2508,-13.8766,-30.1273,-18.4844,-12.3438,0.0,0.0,0.7151222825050354,0.4523375928401947,0.6405579447746277,0.3588372766971588,0.562872052192688,0.2256685346364975,0.25606343150138855,0.18112562596797943,0.2326647937297821
4875,-15.8605,-14.3699,-30.2305,-18.8828,-12.5078,0.0,0.0,0.6750660538673401,0.4267495572566986,0.615127682685852,0.35404863953590393,0.5598958134651184,0.22057680785655975,0.2438199669122696,0.1978389322757721,0.23328669369220734
4880,-15.9887,-14.2988,-30.2875,-18.5703,-12.8984,0.0,0.0,0.689673900604248,0.4408670663833618,0.6152195334434509,0.34553176164627075,0.5357142686843872,0.21455223858356476,0.24385882914066315,0.19919931888580322,0.23791199922561646
4885,-16.3488,-14.2676,-30.6164,-18.375,-14.0156,0.0,0.0,0.6729822158813477,0.4156467914581299,0.6157543063163757,0.3427388370037079,0.5989583134651184,0.20514614880084991,0.2508939802646637,0.18602301180362701,0.25345927476882935
4890,-16.5371,-13.5922,-30.1293,-18.9609,-12.9141,0.0,0.0,0.7019434571266174,0.4640398323535919,0.6383803486824036,0.3742808699607849,0.633184552192688,0.21999378502368927,0.26535293459892273,0.18046486377716064,0.22971081733703613
4895,-17.2586,-13.0926,-30.3512,-20.0469,-11.3516,0.0,0.0,0.696394681930542,0.4893985986709595,0.6562865972518921,0.41316667199134827,0.6078869104385376,0.2048352062702179,0.29147231578826904,0.1660059094429016,0.23320895433425903
4900,-16.6559,-12.8918,-29.5477,-19.3828,-12.2578,0.0,0.0,0.7234441041946411,0.4913085699081421,0.6767988801002502,0.43313562870025635,0.680059552192688,0.2491837739944458,0.27950093150138855,0.16367381811141968,0.20316386222839355
4905,-17.3355,-13.3441,-30.6797,-21.25,-11.0312,0.0,0.0,0.7003373503684998,0.4561234414577484,0.6156359314918518,0.41443395614624023,0.597842276096344,0.19585666060447693,0.2821439802646637,0.16655005514621735,0.2509717047214508
4910,-17.3348,-13.102,-30.4367,-20.5078,-11.1328,0.0,0.0,0.721969723701477,0.48597127199172974,0.6391356587409973,0.4069313406944275,0.5877976417541504,0.20522387325763702,0.28952890634536743,0.16188588738441467,0.23888370394706726
4915,-17.7871,-12.9098,-30.6969,-22.0234,-9.2266,0.0,0.0,0.7056035995483398,0.4921264946460724,0.6380763649940491,0.41602271795272827,0.6086309552192688,0.18866604566574097,0.30359917879104614,0.15679416060447693,0.24646300077438354
4920,-17.5086,-13.5629,-31.0715,-20.8281,-11.4062,0.0,0.0,0.6838266849517822,0.4425675570964813,0.6269803047180176,0.3773213326931,0.6004464030265808,0.18120336532592773,0.2761194109916687,0.16192474961280823,0.2762748897075653
4925,-18.0852,-12.4801,-30.5652,-21.2891,-10.9531,0.0,0.0,0.742512583732605,0.5039970278739929,0.6784105896949768,0.416463702917099,0.6242559552192688,0.1933690905570984,0.31603699922561646,0.1467272937297821,0.23938898742198944
4930,-16.1309,-13.5199,-29.6508,-19.4766,-10.6875,0.0,0.0,0.7283989191055298,0.4627935290336609,0.6665939092636108,0.3893212676048279,0.5970982313156128,0.24786224961280823,0.2548973858356476,0.17801617085933685,0.21474657952785492
4935,-16.8836,-13.7676,-30.6512,-19.7656,-11.9844,0.0,0.0,0.6820865869522095,0.43854546546936035,0.6437541246414185,0.38023221492767334,0.5703125,0.19745025038719177,0.26721858978271484,0.176422581076622,0.25443097949028015
4940,-15.7707,-15.0535,-30.8242,-18.7812,-13.6719,0.0,0.0,0.6470234394073486,0.38084515929222107,0.5889512896537781,0.3223295509815216,0.5100446343421936,0.19391325116157532,0.22442474961280823,0.20755596458911896,0.2696284055709839
4945,-16.2297,-15.6766,-31.9062,-19.8828,-13.7188,0.0,0.0,0.5937420725822449,0.3446006178855896,0.5397312641143799,0.2923411428928375,0.4542410671710968,0.15279074013233185,0.21847791969776154,0.20250311493873596,0.32175061106681824
4950,-15.1215,-15.7859,-30.9074,-17.1406,-15.7109,0.0,0.0,0.6132508516311646,0.3544009327888489,0.5464566946029663,0.2912241518497467,0.511532723903656,0.19476833939552307,0.20048196613788605,0.22213153541088104,0.2781405448913574
4955,-15.7641,-15.2496,-31.0137,-16.9922,-14.5078,0.0,0.0,0.648244321346283,0.3851282000541687,0.5673272609710693,0.2901977598667145,0.5167410969734192,0.18707245588302612,0.2273787260055542,0.20984919369220734,0.2712220251560211
4960,-15.2496,-15.2883,-30.5379,-17.2188,-14.0078,0.0,0.0,0.6659874320030212,0.37306445837020874,0.5779882073402405,0.28593435883522034,0.5450148582458496,0.2098103165626526,0.21587376296520233,0.21754509210586548,0.2522932291030884
4965,-15.3266,-15.2586,-30.5852,-16.7734,-14.125,0.0,0.0,0.6599301695823669,0.36791250109672546,0.5975925922393799,0.2903754413127899,0.5290178656578064,0.21155938506126404,0.21319185197353363,0.2098880559206009,0.260883092880249
4970,-13.7328,-15.1965,-28.9293,-12.0859,-16.7969,0.0,0.0,0.6883720755577087,0.3973657488822937,0.6318293809890747,0.25851064920425415,0.6008184552192688,0.28412625193595886,0.1918143630027771,0.2369014322757721,0.18268035352230072
4975,-14.2785,-15.4234,-29.702,-15.0625,-15.2734,0.0,0.0,0.6885401606559753,0.3614811897277832,0.6115472912788391,0.26355886459350586,0.5357142686843872,0.24521921575069427,0.19838307797908783,0.237639918923378,0.2142801582813263
4980,-14.7156,-16.3563,-31.0719,-15.6719,-16.8906,0.0,0.0,0.6516194343566895,0.3092588782310486,0.5415019989013672,0.20894700288772583,0.5052083134651184,0.19200870394706726,0.1851290464401245,0.2360074669122696,0.2823771834373474
4985,-14.2465,-16.3031,-30.5496,-14.5938,-17.3828,0.0,0.0,0.637535035610199,0.3139938712120056,0.5687801837921143,0.2247684895992279,0.488467276096344,0.20813898742198944,0.1902596354484558,0.24949471652507782,0.2476290464401245
4990,-12.8129,-16.9719,-29.7848,-11.5,-18.3672,0.0,0.0,0.6242364048957825,0.29353469610214233,0.5402734279632568,0.18495707213878632,0.5290178656578064,0.2354244440793991,0.1647232621908188,0.2871190905570984,0.2082556039094925
4995,-13.2477,-16.8969,-30.1445,-12.3516,-17.5781,0.0,0.0,0.6324379444122314,0.2773616909980774,0.552760899066925,0.19308310747146606,0.4895833432674408,0.22862251102924347,0.16087530553340912,0.2688899338245392,0.2371346354484558
5000,-13.2371,-17.4465,-30.6836,-12.9844,-18.0,0.0,0.0,0.603647768497467,0.25379714369773865,0.5047202110290527,0.17832061648368835,0.478422611951828,0.19818873703479767,0.15865983068943024,0.2840873897075653,0.25458642840385437
