Start R1 ipd=tabular_v_tabular: 2026-03-22 22:38:22
E0322 22:41:07.181769  773607 ptx_compiler_helpers.cc:154] *** WARNING *** Invoking ptxas with version 12.6.77, which corresponds to a CUDA version <=12.6.2. CUDA versions 12.x.y up to and including 12.6.2 miscompile certain edge cases around clamping.
Please upgrade to CUDA 12.6.3 or newer.
/home/lichenqi/pax_env_py3.11.5/lib/python3.11/site-packages/hydra/_internal/hydra.py:119: UserWarning: Future Hydra versions will no longer change working directory at job runtime by default.
See https://hydra.cc/docs/1.2/upgrades/1.1_to_1.2/changes_to_job_working_dir/ for more information.
  ret = run_job(
Jax backend: gpu
[2026-03-22 22:41:11,438][root][INFO] - => Global setup ...
wandb: WARNING `start_method` is deprecated and will be removed in a future version of wandb. This setting is currently non-functional and safely ignored.
wandb: WARNING Using a boolean value for 'reinit' is deprecated. Use 'return_previous' or 'finish_previous' instead.
wandb: Tracking run with wandb version 0.24.0
wandb: W&B syncing is set to `offline` in this directory. Run `wandb online` or set WANDB_MODE=online to enable cloud syncing.
wandb: Run data is saved locally in /localscratch/lichenqi.29035562.0/wandb/wandb/offline-run-20260322_224113-yaw5qpvt
run name run-seed-0
run id yaw5qpvt
[2026-03-22 22:41:34,655][root][INFO] - => Done in 23.217 s
[2026-03-22 22:41:34,655][root][INFO] - 
[2026-03-22 22:41:34,655][root][INFO] - => Env setup ...
[2026-03-22 22:41:34,671][root][INFO] - Env Type: sequential | Inner Episode Length: 150
[2026-03-22 22:41:34,672][root][INFO] - Outer Episode Length: 1
[2026-03-22 22:41:34,672][root][INFO] - => Done in 16.582 ms
[2026-03-22 22:41:34,672][root][INFO] - 
[2026-03-22 22:41:34,672][root][INFO] - => Agent setup ...
Making network for iterated_matrix_game
Making network for iterated_matrix_game
[2026-03-22 22:41:38,454][root][INFO] - Agent Pair: [<pax.agents.ppo.ppo.PPO object at 0x14dfc3b7fb90>, <pax.agents.ppo.ppo.PPO object at 0x14dd0cfa7b50>]
[2026-03-22 22:41:38,455][root][INFO] - Agent seeds: [0, 1]
[2026-03-22 22:41:38,455][root][INFO] - => Done in 3.783 s
[2026-03-22 22:41:38,455][root][INFO] - 
[2026-03-22 22:41:38,455][root][INFO] - => Watcher setup ...
[2026-03-22 22:41:38,455][root][INFO] - => Done in 268.459 us
[2026-03-22 22:41:38,456][root][INFO] - 
[2026-03-22 22:41:38,456][root][INFO] - => Runner setup ...
[2026-03-22 22:41:38,456][root][INFO] - Training with RL Runner
[2026-03-22 22:41:39,072][root][INFO] - => Done in 616.071 ms
[2026-03-22 22:41:39,072][root][INFO] - 
wandb: WARNING Symlinked 1 file into the W&B run directory; call wandb.save again to sync new files.
wandb: WARNING Symlinked 1 file into the W&B run directory; call wandb.save again to sync new files.
wandb: WARNING Symlinked 1 file into the W&B run directory; call wandb.save again to sync new files.
wandb: WARNING Symlinked 1 file into the W&B run directory; call wandb.save again to sync new files.
wandb: WARNING Symlinked 1 file into the W&B run directory; call wandb.save again to sync new files.
wandb: WARNING Symlinked 1 file into the W&B run directory; call wandb.save again to sync new files.
wandb: WARNING Symlinked 1 file into the W&B run directory; call wandb.save again to sync new files.
wandb: WARNING Symlinked 1 file into the W&B run directory; call wandb.save again to sync new files.
wandb: WARNING Symlinked 1 file into the W&B run directory; call wandb.save again to sync new files.
wandb: WARNING Symlinked 1 file into the W&B run directory; call wandb.save again to sync new files.
wandb: WARNING Symlinked 1 file into the W&B run directory; call wandb.save again to sync new files.
wandb: WARNING Symlinked 1 file into the W&B run directory; call wandb.save again to sync new files.
wandb: WARNING Symlinked 1 file into the W&B run directory; call wandb.save again to sync new files.
wandb: WARNING Symlinked 1 file into the W&B run directory; call wandb.save again to sync new files.
wandb: WARNING Symlinked 1 file into the W&B run directory; call wandb.save again to sync new files.
wandb: WARNING Symlinked 1 file into the W&B run directory; call wandb.save again to sync new files.
wandb: WARNING Symlinked 1 file into the W&B run directory; call wandb.save again to sync new files.
wandb: WARNING Symlinked 1 file into the W&B run directory; call wandb.save again to sync new files.
wandb: WARNING Symlinked 1 file into the W&B run directory; call wandb.save again to sync new files.
wandb: WARNING Symlinked 1 file into the W&B run directory; call wandb.save again to sync new files.
wandb: 
wandb: Run history:
wandb:    cooperation_probability/CC ▁▁▁▁▁▁▁▁▁▁▁▁▁▁▁▁▁▁▁▁▁▁▁▁▁▁▁▁▁▁▁▁▁▁▁▁▁▁▁▁
wandb:    cooperation_probability/CD ▁▁▁▁▁▁▁▁▁▁▁▁▁▁▁▁▁▁▁▁▁▁▁▁▁▁▁▁▁▁▁▁▁▁▁▁▁▁▁▁
wandb:    cooperation_probability/DC ▁▁▁▁▁▁▁▁▁▁▁▁▁▁▁▁▁▁▁▁▁▁▁▁▁▁▁▁▁▁▁▁▁▁▁▁▁▁▁▁
wandb:    cooperation_probability/DD ▁▁▁▁▆█▃▃▁▃▁▁▁▁▁▁▁▁▁▃▁▁▁▁▁▁▁▁▁▁▁▁▁▁▁▁▁▁▁▁
wandb: cooperation_probability/START ▁▁▁▁▁▁▁▁▁▁▁▁▁▁▁▁▁▁▁▁▁▁▁▁▁▁▁▁▁▁▁▁▁▁▁▁▁▁▁▁
wandb:          state_probability/CC █▁▁▁▁▁▁▁▁▁▁▁▁▁▁▁▁▁▁▁▁▁▁▁▁▁▁▁▁▁▁▁▁▁▁▁▁▁▁▁
wandb:          state_probability/CD █▁▁▁▁▁▁▁▁▁▁▁▁▁▁▁▁▁▁▁▁▁▁▁▁▁▁▁▁▁▁▁▁▁▁▁▁▁▁▁
wandb:          state_probability/DC ▇▄▇▂▄▁▂▁▁▄▂▅█▂▁▁▁▁▁▁▁▁▁▁▁▁▁▁▁▁▁▁▁▁▁▁▁▁▁▁
wandb:          state_probability/DD ▁███████████████████████████████████████
wandb:       state_probability/START ▁▁▁▁▁▁▁▁▁▁▁▁▁▁▁▁▁▁▁▁▁▁▁▁▁▁▁▁▁▁▁▁▁▁▁▁▁▁▁▁
wandb:                            +8 ...
wandb: 
wandb: Run summary:
wandb:    cooperation_probability/CC 0
wandb:    cooperation_probability/CD 0
wandb:    cooperation_probability/DC 0
wandb:    cooperation_probability/DD 0
wandb: cooperation_probability/START 0.5
wandb:          state_probability/CC 0
wandb:          state_probability/CD 0
wandb:          state_probability/DC 0
wandb:          state_probability/DD 0.98676
wandb:       state_probability/START 0.01325
wandb:                            +8 ...
wandb: 
wandb: You can sync this run to the cloud by running:
wandb: wandb sync /localscratch/lichenqi.29035562.0/wandb/wandb/offline-run-20260322_224113-yaw5qpvt
wandb: Find logs at: /localscratch/lichenqi.29035562.0/wandb/wandb/offline-run-20260322_224113-yaw5qpvt/logs
Number of Training Iterations: 1000
Number of Episodes: 1000
Training
-----------------------
Num iters 1000
Log Interval 5
Save Interval 100
Saving iteration 0 locally and to WandB
Episode 0
cooperation_probability/CC: 0.5044366717338562
cooperation_probability/CD: 0.503437340259552
cooperation_probability/DC: 0.5081566572189331
cooperation_probability/DD: 0.4979844391345978
cooperation_probability/START: 0.7649999856948853
state_probability/CC: 0.2462913990020752
state_probability/CD: 0.250463604927063
state_probability/DC: 0.24357616901397705
state_probability/DD: 0.2464238554239273
state_probability/START: 0.013245034031569958
state_visitation/CC: 3719.0
state_visitation/CD: 3782.0
state_visitation/DC: 3678.0
state_visitation/DD: 3721.0
state_visitation/START: 200.0
Average Reward per Timestep: (-1.5104666948318481, -1.4892666339874268)

Episode 5
cooperation_probability/CC: 0.1818181872367859
cooperation_probability/CD: 0.07894737273454666
cooperation_probability/DC: 0.0026350461412221193
cooperation_probability/DD: 0.11750637739896774
cooperation_probability/START: 0.5
state_probability/CC: 0.005099338013678789
state_probability/CD: 0.10066226124763489
state_probability/DC: 0.05026490241289139
state_probability/DD: 0.8307285308837891
state_probability/START: 0.013245034031569958
state_visitation/CC: 77.0
state_visitation/CD: 1520.0
state_visitation/DC: 759.0
state_visitation/DD: 12544.0
state_visitation/START: 200.0
Average Reward per Timestep: (-1.9950666427612305, -1.8414666652679443)

Episode 10
cooperation_probability/CC: 0.5
cooperation_probability/CD: 0.02222222276031971
cooperation_probability/DC: 0.0
cooperation_probability/DD: 0.030828380957245827
cooperation_probability/START: 0.5
state_probability/CC: 0.00013245033915154636
state_probability/CD: 0.029801325872540474
state_probability/DC: 0.00947019923478365
state_probability/DD: 0.9473510384559631
state_probability/START: 0.013245034031569958
state_visitation/CC: 2.0
state_visitation/CD: 450.0
state_visitation/DC: 143.0
state_visitation/DD: 14305.0
state_visitation/START: 200.0
Average Reward per Timestep: (-2.010533332824707, -1.9495333433151245)

Episode 15
cooperation_probability/CC: 0.0
cooperation_probability/CD: 0.0
cooperation_probability/DC: 0.0
cooperation_probability/DD: 0.004818459507077932
cooperation_probability/START: 0.5
state_probability/CC: 6.622516957577318e-05
state_probability/CD: 0.004635761957615614
state_probability/DC: 0.006225165911018848
state_probability/DD: 0.9758278727531433
state_probability/START: 0.013245034031569958
state_visitation/CC: 1.0
state_visitation/CD: 70.0
state_visitation/DC: 94.0
state_visitation/DD: 14735.0
state_visitation/START: 200.0
Average Reward per Timestep: (-1.9919333457946777, -1.9969333410263062)

Episode 20
cooperation_probability/CC: 0.0
cooperation_probability/CD: 0.0
cooperation_probability/DC: 0.0
cooperation_probability/DD: 0.002021427033469081
cooperation_probability/START: 0.5
state_probability/CC: 0.0
state_probability/CD: 0.0019205298740416765
state_probability/DC: 0.001986755058169365
state_probability/DD: 0.9828477501869202
state_probability/START: 0.013245034031569958
state_visitation/CC: 0.0
state_visitation/CD: 29.0
state_visitation/DC: 30.0
state_visitation/DD: 14841.0
state_visitation/START: 200.0
Average Reward per Timestep: (-1.9980000257492065, -1.9980000257492065)

Episode 25
cooperation_probability/CC: 0.0
cooperation_probability/CD: 0.0
cooperation_probability/DC: 0.0
cooperation_probability/DD: 0.001142933964729309
cooperation_probability/START: 0.5
state_probability/CC: 0.0
state_probability/CD: 0.0011258278973400593
state_probability/DC: 0.0005960265407338738
state_probability/DD: 0.9850331544876099
state_probability/START: 0.013245034031569958
state_visitation/CC: 0.0
state_visitation/CD: 17.0
state_visitation/DC: 9.0
state_visitation/DD: 14874.0
state_visitation/START: 200.0
Average Reward per Timestep: (-1.9999333620071411, -1.9983333349227905)

Episode 30
cooperation_probability/CC: 0.0
cooperation_probability/CD: 0.0
cooperation_probability/DC: 0.0
cooperation_probability/DD: 0.0003357732784934342
cooperation_probability/START: 0.5
state_probability/CC: 0.0
state_probability/CD: 0.0003311258624307811
state_probability/DC: 0.0002649006783030927
state_probability/DD: 0.9861590266227722
state_probability/START: 0.013245034031569958
state_visitation/CC: 0.0
state_visitation/CD: 5.0
state_visitation/DC: 4.0
state_visitation/DD: 14891.0
state_visitation/START: 200.0
Average Reward per Timestep: (-1.9997999668121338, -1.9996000528335571)

Episode 35
cooperation_probability/CC: 0.0
cooperation_probability/CD: 0.0
cooperation_probability/DC: 0.0
cooperation_probability/DD: 0.0003357958630658686
cooperation_probability/START: 0.5
state_probability/CC: 0.0
state_probability/CD: 0.0003311258624307811
state_probability/DC: 0.0003311258624307811
state_probability/DD: 0.986092746257782
state_probability/START: 0.013245034031569958
state_visitation/CC: 0.0
state_visitation/CD: 5.0
state_visitation/DC: 5.0
state_visitation/DD: 14890.0
state_visitation/START: 200.0
Average Reward per Timestep: (-1.999666690826416, -1.999666690826416)

Episode 40
cooperation_probability/CC: 0.0
cooperation_probability/CD: 0.0
cooperation_probability/DC: 0.0
cooperation_probability/DD: 0.0
cooperation_probability/START: 0.5
state_probability/CC: 0.0
state_probability/CD: 0.0
state_probability/DC: 0.0002649006783030927
state_probability/DD: 0.9864901304244995
state_probability/START: 0.013245034031569958
state_visitation/CC: 0.0
state_visitation/CD: 0.0
state_visitation/DC: 4.0
state_visitation/DD: 14896.0
state_visitation/START: 200.0
Average Reward per Timestep: (-1.9994666576385498, -2.0002667903900146)

Episode 45
cooperation_probability/CC: 0.0
cooperation_probability/CD: 0.0
cooperation_probability/DC: 0.0
cooperation_probability/DD: 0.0
cooperation_probability/START: 0.5
state_probability/CC: 0.0
state_probability/CD: 0.0
state_probability/DC: 0.0003311258624307811
state_probability/DD: 0.986423909664154
state_probability/START: 0.013245034031569958
state_visitation/CC: 0.0
state_visitation/CD: 0.0
state_visitation/DC: 5.0
state_visitation/DD: 14895.0
state_visitation/START: 200.0
Average Reward per Timestep: (-1.999333381652832, -2.000333309173584)

Episode 50
cooperation_probability/CC: 0.0
cooperation_probability/CD: 0.0
cooperation_probability/DC: 0.0
cooperation_probability/DD: 0.00013428226520773023
cooperation_probability/START: 0.5
state_probability/CC: 0.0
state_probability/CD: 0.00013245033915154636
state_probability/DC: 0.0002649006783030927
state_probability/DD: 0.9863576889038086
state_probability/START: 0.013245034031569958
state_visitation/CC: 0.0
state_visitation/CD: 2.0
state_visitation/DC: 4.0
state_visitation/DD: 14894.0
state_visitation/START: 200.0
Average Reward per Timestep: (-1.9996000528335571, -2.0)

Episode 55
cooperation_probability/CC: 0.0
cooperation_probability/CD: 0.0
cooperation_probability/DC: 0.0
cooperation_probability/DD: 6.712310278089717e-05
cooperation_probability/START: 0.5
state_probability/CC: 0.0
state_probability/CD: 6.622516957577318e-05
state_probability/DC: 6.622516957577318e-05
state_probability/DD: 0.9866225719451904
state_probability/START: 0.013245034031569958
state_visitation/CC: 0.0
state_visitation/CD: 1.0
state_visitation/DC: 1.0
state_visitation/DD: 14898.0
state_visitation/START: 200.0
Average Reward per Timestep: (-1.9999333620071411, -1.9999333620071411)

Episode 60
cooperation_probability/CC: 0.0
cooperation_probability/CD: 0.0
cooperation_probability/DC: 0.0
cooperation_probability/DD: 0.0
cooperation_probability/START: 0.5
state_probability/CC: 0.0
state_probability/CD: 0.0
state_probability/DC: 0.00013245033915154636
state_probability/DD: 0.9866225719451904
state_probability/START: 0.013245034031569958
state_visitation/CC: 0.0
state_visitation/CD: 0.0
state_visitation/DC: 2.0
state_visitation/DD: 14898.0
state_visitation/START: 200.0
Average Reward per Timestep: (-1.999733328819275, -2.0001332759857178)

Episode 65
cooperation_probability/CC: 0.0
cooperation_probability/CD: 0.0
cooperation_probability/DC: 0.0
cooperation_probability/DD: 0.0001342642353847623
cooperation_probability/START: 0.5
state_probability/CC: 0.0
state_probability/CD: 0.00013245033915154636
state_probability/DC: 0.00013245033915154636
state_probability/DD: 0.9864901304244995
state_probability/START: 0.013245034031569958
state_visitation/CC: 0.0
state_visitation/CD: 2.0
state_visitation/DC: 2.0
state_visitation/DD: 14896.0
state_visitation/START: 200.0
Average Reward per Timestep: (-1.9998667240142822, -1.9998667240142822)

Episode 70
cooperation_probability/CC: 0.0
cooperation_probability/CD: 0.0
cooperation_probability/DC: 0.0
cooperation_probability/DD: 0.0001342552131973207
cooperation_probability/START: 0.5
state_probability/CC: 0.0
state_probability/CD: 0.00013245033915154636
state_probability/DC: 6.622516957577318e-05
state_probability/DD: 0.986556351184845
state_probability/START: 0.013245034031569958
state_visitation/CC: 0.0
state_visitation/CD: 2.0
state_visitation/DC: 1.0
state_visitation/DD: 14897.0
state_visitation/START: 200.0
Average Reward per Timestep: (-2.0, -1.9997999668121338)

Episode 75
cooperation_probability/CC: 0.0
cooperation_probability/CD: 0.0
cooperation_probability/DC: 0.0
cooperation_probability/DD: 0.0
cooperation_probability/START: 0.5
state_probability/CC: 0.0
state_probability/CD: 0.0
state_probability/DC: 0.0002649006783030927
state_probability/DD: 0.9864901304244995
state_probability/START: 0.013245034031569958
state_visitation/CC: 0.0
state_visitation/CD: 0.0
state_visitation/DC: 4.0
state_visitation/DD: 14896.0
state_visitation/START: 200.0
Average Reward per Timestep: (-1.9994666576385498, -2.0002667903900146)

Episode 80
cooperation_probability/CC: 0.0
cooperation_probability/CD: 0.0
cooperation_probability/DC: 0.0
cooperation_probability/DD: 0.0
cooperation_probability/START: 0.5
state_probability/CC: 0.0
state_probability/CD: 0.0
state_probability/DC: 6.622516957577318e-05
state_probability/DD: 0.9866887927055359
state_probability/START: 0.013245034031569958
state_visitation/CC: 0.0
state_visitation/CD: 0.0
state_visitation/DC: 1.0
state_visitation/DD: 14899.0
state_visitation/START: 200.0
Average Reward per Timestep: (-1.9998667240142822, -2.0000667572021484)

Episode 85
cooperation_probability/CC: 0.0
cooperation_probability/CD: 0.0
cooperation_probability/DC: 0.0
cooperation_probability/DD: 0.00020138281979598105
cooperation_probability/START: 0.5
state_probability/CC: 0.0
state_probability/CD: 0.00013245033915154636
state_probability/DC: 6.622516957577318e-05
state_probability/DD: 0.986556351184845
state_probability/START: 0.013245034031569958
state_visitation/CC: 0.0
state_visitation/CD: 2.0
state_visitation/DC: 1.0
state_visitation/DD: 14897.0
state_visitation/START: 200.0
Average Reward per Timestep: (-2.0000667572021484, -1.999666690826416)

Episode 90
cooperation_probability/CC: 0.0
cooperation_probability/CD: 0.0
cooperation_probability/DC: 0.0
cooperation_probability/DD: 0.0001342642353847623
cooperation_probability/START: 0.5
state_probability/CC: 0.0
state_probability/CD: 0.00013245033915154636
state_probability/DC: 0.00013245033915154636
state_probability/DD: 0.9864901304244995
state_probability/START: 0.013245034031569958
state_visitation/CC: 0.0
state_visitation/CD: 2.0
state_visitation/DC: 2.0
state_visitation/DD: 14896.0
state_visitation/START: 200.0
Average Reward per Timestep: (-1.9998667240142822, -1.9998667240142822)

Episode 95
cooperation_probability/CC: 0.0
cooperation_probability/CD: 0.0
cooperation_probability/DC: 0.0
cooperation_probability/DD: 0.0
cooperation_probability/START: 0.5
state_probability/CC: 0.0
state_probability/CD: 0.0
state_probability/DC: 0.0
state_probability/DD: 0.9867550134658813
state_probability/START: 0.013245034031569958
state_visitation/CC: 0.0
state_visitation/CD: 0.0
state_visitation/DC: 0.0
state_visitation/DD: 14900.0
state_visitation/START: 200.0
Average Reward per Timestep: (-2.0, -2.0)

Saving iteration 100 locally and to WandB
Episode 100
cooperation_probability/CC: 0.0
cooperation_probability/CD: 0.0
cooperation_probability/DC: 0.0
cooperation_probability/DD: 0.00013427324302028865
cooperation_probability/START: 0.5
state_probability/CC: 0.0
state_probability/CD: 0.00013245033915154636
state_probability/DC: 0.00019867550872731954
state_probability/DD: 0.986423909664154
state_probability/START: 0.013245034031569958
state_visitation/CC: 0.0
state_visitation/CD: 2.0
state_visitation/DC: 3.0
state_visitation/DD: 14895.0
state_visitation/START: 200.0
Average Reward per Timestep: (-1.9996000528335571, -2.0)

Episode 105
cooperation_probability/CC: 0.0
cooperation_probability/CD: 0.0
cooperation_probability/DC: 0.0
cooperation_probability/DD: 6.712310278089717e-05
cooperation_probability/START: 0.5
state_probability/CC: 0.0
state_probability/CD: 6.622516957577318e-05
state_probability/DC: 6.622516957577318e-05
state_probability/DD: 0.9866225719451904
state_probability/START: 0.013245034031569958
state_visitation/CC: 0.0
state_visitation/CD: 1.0
state_visitation/DC: 1.0
state_visitation/DD: 14898.0
state_visitation/START: 200.0
Average Reward per Timestep: (-1.9999333620071411, -1.9999333620071411)

Episode 110
cooperation_probability/CC: 0.0
cooperation_probability/CD: 0.0
cooperation_probability/DC: 0.0
cooperation_probability/DD: 0.0
cooperation_probability/START: 0.5
state_probability/CC: 0.0
state_probability/CD: 0.0
state_probability/DC: 0.0
state_probability/DD: 0.9867550134658813
state_probability/START: 0.013245034031569958
state_visitation/CC: 0.0
state_visitation/CD: 0.0
state_visitation/DC: 0.0
state_visitation/DD: 14900.0
state_visitation/START: 200.0
Average Reward per Timestep: (-2.0, -2.0)

Episode 115
cooperation_probability/CC: 0.0
cooperation_probability/CD: 0.0
cooperation_probability/DC: 0.0
cooperation_probability/DD: 6.712310278089717e-05
cooperation_probability/START: 0.5
state_probability/CC: 0.0
state_probability/CD: 6.622516957577318e-05
state_probability/DC: 6.622516957577318e-05
state_probability/DD: 0.9866225719451904
state_probability/START: 0.013245034031569958
state_visitation/CC: 0.0
state_visitation/CD: 1.0
state_visitation/DC: 1.0
state_visitation/DD: 14898.0
state_visitation/START: 200.0
Average Reward per Timestep: (-1.9999333620071411, -1.9999333620071411)

Episode 120
cooperation_probability/CC: 0.0
cooperation_probability/CD: 0.0
cooperation_probability/DC: 0.0
cooperation_probability/DD: 6.711859896313399e-05
cooperation_probability/START: 0.5
state_probability/CC: 0.0
state_probability/CD: 6.622516957577318e-05
state_probability/DC: 0.0
state_probability/DD: 0.9866887927055359
state_probability/START: 0.013245034031569958
state_visitation/CC: 0.0
state_visitation/CD: 1.0
state_visitation/DC: 0.0
state_visitation/DD: 14899.0
state_visitation/START: 200.0
Average Reward per Timestep: (-2.0000667572021484, -1.9998667240142822)

Episode 125
cooperation_probability/CC: 0.0
cooperation_probability/CD: 0.0
cooperation_probability/DC: 0.0
cooperation_probability/DD: 0.0001342552131973207
cooperation_probability/START: 0.5
state_probability/CC: 0.0
state_probability/CD: 0.00013245033915154636
state_probability/DC: 6.622516957577318e-05
state_probability/DD: 0.986556351184845
state_probability/START: 0.013245034031569958
state_visitation/CC: 0.0
state_visitation/CD: 2.0
state_visitation/DC: 1.0
state_visitation/DD: 14897.0
state_visitation/START: 200.0
Average Reward per Timestep: (-2.0, -1.9997999668121338)

Episode 130
cooperation_probability/CC: 0.0
cooperation_probability/CD: 0.0
cooperation_probability/DC: 0.0
cooperation_probability/DD: 0.0
cooperation_probability/START: 0.5
state_probability/CC: 0.0
state_probability/CD: 0.0
state_probability/DC: 6.622516957577318e-05
state_probability/DD: 0.9866887927055359
state_probability/START: 0.013245034031569958
state_visitation/CC: 0.0
state_visitation/CD: 0.0
state_visitation/DC: 1.0
state_visitation/DD: 14899.0
state_visitation/START: 200.0
Average Reward per Timestep: (-1.9998667240142822, -2.0000667572021484)

Episode 135
cooperation_probability/CC: 0.0
cooperation_probability/CD: 0.0
cooperation_probability/DC: 0.0
cooperation_probability/DD: 0.00033568311482667923
cooperation_probability/START: 0.5
state_probability/CC: 0.0
state_probability/CD: 0.0003311258624307811
state_probability/DC: 0.0
state_probability/DD: 0.986423909664154
state_probability/START: 0.013245034031569958
state_visitation/CC: 0.0
state_visitation/CD: 5.0
state_visitation/DC: 0.0
state_visitation/DD: 14895.0
state_visitation/START: 200.0
Average Reward per Timestep: (-2.000333309173584, -1.999333381652832)

Episode 140
cooperation_probability/CC: 0.0
cooperation_probability/CD: 0.0
cooperation_probability/DC: 0.0
cooperation_probability/DD: 0.00020138281979598105
cooperation_probability/START: 0.5
state_probability/CC: 0.0
state_probability/CD: 0.00019867550872731954
state_probability/DC: 0.0
state_probability/DD: 0.986556351184845
state_probability/START: 0.013245034031569958
state_visitation/CC: 0.0
state_visitation/CD: 3.0
state_visitation/DC: 0.0
state_visitation/DD: 14897.0
state_visitation/START: 200.0
Average Reward per Timestep: (-2.000200033187866, -1.9996000528335571)

Episode 145
cooperation_probability/CC: 0.0
cooperation_probability/CD: 0.0
cooperation_probability/DC: 0.0
cooperation_probability/DD: 0.0001342642353847623
cooperation_probability/START: 0.5
state_probability/CC: 0.0
state_probability/CD: 0.00013245033915154636
state_probability/DC: 0.00013245033915154636
state_probability/DD: 0.9864901304244995
state_probability/START: 0.013245034031569958
state_visitation/CC: 0.0
state_visitation/CD: 2.0
state_visitation/DC: 2.0
state_visitation/DD: 14896.0
state_visitation/START: 200.0
Average Reward per Timestep: (-1.9998667240142822, -1.9998667240142822)

Episode 150
cooperation_probability/CC: 0.0
cooperation_probability/CD: 0.0
cooperation_probability/DC: 0.0
cooperation_probability/DD: 0.0
cooperation_probability/START: 0.5
state_probability/CC: 0.0
state_probability/CD: 0.0
state_probability/DC: 0.0
state_probability/DD: 0.9867550134658813
state_probability/START: 0.013245034031569958
state_visitation/CC: 0.0
state_visitation/CD: 0.0
state_visitation/DC: 0.0
state_visitation/DD: 14900.0
state_visitation/START: 200.0
Average Reward per Timestep: (-2.0, -2.0)

Episode 155
cooperation_probability/CC: 0.0
cooperation_probability/CD: 0.0
cooperation_probability/DC: 0.0
cooperation_probability/DD: 6.711859896313399e-05
cooperation_probability/START: 0.5
state_probability/CC: 0.0
state_probability/CD: 6.622516957577318e-05
state_probability/DC: 0.0
state_probability/DD: 0.9866887927055359
state_probability/START: 0.013245034031569958
state_visitation/CC: 0.0
state_visitation/CD: 1.0
state_visitation/DC: 0.0
state_visitation/DD: 14899.0
state_visitation/START: 200.0
Average Reward per Timestep: (-2.0000667572021484, -1.9998667240142822)

Episode 160
cooperation_probability/CC: 0.0
cooperation_probability/CD: 0.0
cooperation_probability/DC: 0.0
cooperation_probability/DD: 0.0
cooperation_probability/START: 0.5
state_probability/CC: 0.0
state_probability/CD: 0.0
state_probability/DC: 6.622516957577318e-05
state_probability/DD: 0.9866887927055359
state_probability/START: 0.013245034031569958
state_visitation/CC: 0.0
state_visitation/CD: 0.0
state_visitation/DC: 1.0
state_visitation/DD: 14899.0
state_visitation/START: 200.0
Average Reward per Timestep: (-1.9998667240142822, -2.0000667572021484)

Episode 165
cooperation_probability/CC: 0.0
cooperation_probability/CD: 0.0
cooperation_probability/DC: 0.0
cooperation_probability/DD: 0.0
cooperation_probability/START: 0.5
state_probability/CC: 0.0
state_probability/CD: 0.0
state_probability/DC: 0.00019867550872731954
state_probability/DD: 0.986556351184845
state_probability/START: 0.013245034031569958
state_visitation/CC: 0.0
state_visitation/CD: 0.0
state_visitation/DC: 3.0
state_visitation/DD: 14897.0
state_visitation/START: 200.0
Average Reward per Timestep: (-1.9996000528335571, -2.000200033187866)

Episode 170
cooperation_probability/CC: 0.0
cooperation_probability/CD: 0.0
cooperation_probability/DC: 0.0
cooperation_probability/DD: 0.0
cooperation_probability/START: 0.5
state_probability/CC: 0.0
state_probability/CD: 0.0
state_probability/DC: 6.622516957577318e-05
state_probability/DD: 0.9866887927055359
state_probability/START: 0.013245034031569958
state_visitation/CC: 0.0
state_visitation/CD: 0.0
state_visitation/DC: 1.0
state_visitation/DD: 14899.0
state_visitation/START: 200.0
Average Reward per Timestep: (-1.999733328819275, -2.0001332759857178)

Episode 175
cooperation_probability/CC: 0.0
cooperation_probability/CD: 0.0
cooperation_probability/DC: 0.0
cooperation_probability/DD: 6.714113260386512e-05
cooperation_probability/START: 0.5
state_probability/CC: 0.0
state_probability/CD: 6.622516957577318e-05
state_probability/DC: 0.0003311258624307811
state_probability/DD: 0.9863576889038086
state_probability/START: 0.013245034031569958
state_visitation/CC: 0.0
state_visitation/CD: 1.0
state_visitation/DC: 5.0
state_visitation/DD: 14894.0
state_visitation/START: 200.0
Average Reward per Timestep: (-1.999400019645691, -2.000200033187866)

Episode 180
cooperation_probability/CC: 0.0
cooperation_probability/CD: 0.0
cooperation_probability/DC: 0.0
cooperation_probability/DD: 6.713662151014432e-05
cooperation_probability/START: 0.5
state_probability/CC: 0.0
state_probability/CD: 6.622516957577318e-05
state_probability/DC: 0.0002649006783030927
state_probability/DD: 0.986423909664154
state_probability/START: 0.013245034031569958
state_visitation/CC: 0.0
state_visitation/CD: 1.0
state_visitation/DC: 4.0
state_visitation/DD: 14895.0
state_visitation/START: 200.0
Average Reward per Timestep: (-1.9995334148406982, -2.0001332759857178)

Episode 185
cooperation_probability/CC: 0.0
cooperation_probability/CD: 0.0
cooperation_probability/DC: 0.0
cooperation_probability/DD: 0.00013424620556179434
cooperation_probability/START: 0.5
state_probability/CC: 0.0
state_probability/CD: 0.00013245033915154636
state_probability/DC: 0.0
state_probability/DD: 0.9866225719451904
state_probability/START: 0.013245034031569958
state_visitation/CC: 0.0
state_visitation/CD: 2.0
state_visitation/DC: 0.0
state_visitation/DD: 14898.0
state_visitation/START: 200.0
Average Reward per Timestep: (-2.0001332759857178, -1.999733328819275)

Episode 190
cooperation_probability/CC: 0.0
cooperation_probability/CD: 0.0
cooperation_probability/DC: 0.0
cooperation_probability/DD: 0.0
cooperation_probability/START: 0.5
state_probability/CC: 0.0
state_probability/CD: 0.0
state_probability/DC: 6.622516957577318e-05
state_probability/DD: 0.9866887927055359
state_probability/START: 0.013245034031569958
state_visitation/CC: 0.0
state_visitation/CD: 0.0
state_visitation/DC: 1.0
state_visitation/DD: 14899.0
state_visitation/START: 200.0
Average Reward per Timestep: (-1.9998667240142822, -2.0000667572021484)

Episode 195
cooperation_probability/CC: 0.0
cooperation_probability/CD: 0.0
cooperation_probability/DC: 0.0
cooperation_probability/DD: 6.712310278089717e-05
cooperation_probability/START: 0.5
state_probability/CC: 0.0
state_probability/CD: 6.622516957577318e-05
state_probability/DC: 6.622516957577318e-05
state_probability/DD: 0.9866225719451904
state_probability/START: 0.013245034031569958
state_visitation/CC: 0.0
state_visitation/CD: 1.0
state_visitation/DC: 1.0
state_visitation/DD: 14898.0
state_visitation/START: 200.0
Average Reward per Timestep: (-1.9999333620071411, -1.9999333620071411)

Saving iteration 200 locally and to WandB
Episode 200
cooperation_probability/CC: 0.0
cooperation_probability/CD: 0.0
cooperation_probability/DC: 0.0
cooperation_probability/DD: 6.712310278089717e-05
cooperation_probability/START: 0.5
state_probability/CC: 0.0
state_probability/CD: 6.622516957577318e-05
state_probability/DC: 6.622516957577318e-05
state_probability/DD: 0.9866225719451904
state_probability/START: 0.013245034031569958
state_visitation/CC: 0.0
state_visitation/CD: 1.0
state_visitation/DC: 1.0
state_visitation/DD: 14898.0
state_visitation/START: 200.0
Average Reward per Timestep: (-1.9999333620071411, -1.9999333620071411)

Episode 205
cooperation_probability/CC: 0.0
cooperation_probability/CD: 0.0
cooperation_probability/DC: 0.0
cooperation_probability/DD: 6.712310278089717e-05
cooperation_probability/START: 0.5
state_probability/CC: 0.0
state_probability/CD: 6.622516957577318e-05
state_probability/DC: 6.622516957577318e-05
state_probability/DD: 0.9866225719451904
state_probability/START: 0.013245034031569958
state_visitation/CC: 0.0
state_visitation/CD: 1.0
state_visitation/DC: 1.0
state_visitation/DD: 14898.0
state_visitation/START: 200.0
Average Reward per Timestep: (-1.9999333620071411, -1.9999333620071411)

Episode 210
cooperation_probability/CC: 0.0
cooperation_probability/CD: 0.0
cooperation_probability/DC: 0.0
cooperation_probability/DD: 0.0
cooperation_probability/START: 0.5
state_probability/CC: 0.0
state_probability/CD: 0.0
state_probability/DC: 0.0
state_probability/DD: 0.9867550134658813
state_probability/START: 0.013245034031569958
state_visitation/CC: 0.0
state_visitation/CD: 0.0
state_visitation/DC: 0.0
state_visitation/DD: 14900.0
state_visitation/START: 200.0
Average Reward per Timestep: (-2.0, -2.0)

Episode 215
cooperation_probability/CC: 0.0
cooperation_probability/CD: 0.0
cooperation_probability/DC: 0.0
cooperation_probability/DD: 0.0
cooperation_probability/START: 0.5
state_probability/CC: 0.0
state_probability/CD: 0.0
state_probability/DC: 6.622516957577318e-05
state_probability/DD: 0.9866887927055359
state_probability/START: 0.013245034031569958
state_visitation/CC: 0.0
state_visitation/CD: 0.0
state_visitation/DC: 1.0
state_visitation/DD: 14899.0
state_visitation/START: 200.0
Average Reward per Timestep: (-1.9998667240142822, -2.0000667572021484)

Episode 220
cooperation_probability/CC: 0.0
cooperation_probability/CD: 0.0
cooperation_probability/DC: 0.0
cooperation_probability/DD: 6.711859896313399e-05
cooperation_probability/START: 0.5
state_probability/CC: 0.0
state_probability/CD: 6.622516957577318e-05
state_probability/DC: 0.0
state_probability/DD: 0.9866887927055359
state_probability/START: 0.013245034031569958
state_visitation/CC: 0.0
state_visitation/CD: 1.0
state_visitation/DC: 0.0
state_visitation/DD: 14899.0
state_visitation/START: 200.0
Average Reward per Timestep: (-2.0000667572021484, -1.9998667240142822)

Episode 225
cooperation_probability/CC: 0.0
cooperation_probability/CD: 0.0
cooperation_probability/DC: 0.0
cooperation_probability/DD: 0.0
cooperation_probability/START: 0.5
state_probability/CC: 0.0
state_probability/CD: 0.0
state_probability/DC: 0.0
state_probability/DD: 0.9867550134658813
state_probability/START: 0.013245034031569958
state_visitation/CC: 0.0
state_visitation/CD: 0.0
state_visitation/DC: 0.0
state_visitation/DD: 14900.0
state_visitation/START: 200.0
Average Reward per Timestep: (-2.0, -2.0)

Episode 230
cooperation_probability/CC: 0.0
cooperation_probability/CD: 0.0
cooperation_probability/DC: 0.0
cooperation_probability/DD: 0.0
cooperation_probability/START: 0.5
state_probability/CC: 0.0
state_probability/CD: 0.0
state_probability/DC: 0.0
state_probability/DD: 0.9867550134658813
state_probability/START: 0.013245034031569958
state_visitation/CC: 0.0
state_visitation/CD: 0.0
state_visitation/DC: 0.0
state_visitation/DD: 14900.0
state_visitation/START: 200.0
Average Reward per Timestep: (-2.0, -2.0)

Episode 235
cooperation_probability/CC: 0.0
cooperation_probability/CD: 0.0
cooperation_probability/DC: 0.0
cooperation_probability/DD: 0.0
cooperation_probability/START: 0.5
state_probability/CC: 0.0
state_probability/CD: 0.0
state_probability/DC: 6.622516957577318e-05
state_probability/DD: 0.9866887927055359
state_probability/START: 0.013245034031569958
state_visitation/CC: 0.0
state_visitation/CD: 0.0
state_visitation/DC: 1.0
state_visitation/DD: 14899.0
state_visitation/START: 200.0
Average Reward per Timestep: (-1.9998667240142822, -2.0000667572021484)

Episode 240
cooperation_probability/CC: 0.0
cooperation_probability/CD: 0.0
cooperation_probability/DC: 0.0
cooperation_probability/DD: 0.0
cooperation_probability/START: 0.5
state_probability/CC: 0.0
state_probability/CD: 0.0
state_probability/DC: 0.0
state_probability/DD: 0.9867550134658813
state_probability/START: 0.013245034031569958
state_visitation/CC: 0.0
state_visitation/CD: 0.0
state_visitation/DC: 0.0
state_visitation/DD: 14900.0
state_visitation/START: 200.0
Average Reward per Timestep: (-2.0, -2.0)

Episode 245
cooperation_probability/CC: 0.0
cooperation_probability/CD: 0.0
cooperation_probability/DC: 0.0
cooperation_probability/DD: 0.0
cooperation_probability/START: 0.5
state_probability/CC: 0.0
state_probability/CD: 0.0
state_probability/DC: 6.622516957577318e-05
state_probability/DD: 0.9866887927055359
state_probability/START: 0.013245034031569958
state_visitation/CC: 0.0
state_visitation/CD: 0.0
state_visitation/DC: 1.0
state_visitation/DD: 14899.0
state_visitation/START: 200.0
Average Reward per Timestep: (-1.9998667240142822, -2.0000667572021484)

Episode 250
cooperation_probability/CC: 0.0
cooperation_probability/CD: 0.0
cooperation_probability/DC: 0.0
cooperation_probability/DD: 0.0
cooperation_probability/START: 0.5
state_probability/CC: 0.0
state_probability/CD: 0.0
state_probability/DC: 6.622516957577318e-05
state_probability/DD: 0.9866887927055359
state_probability/START: 0.013245034031569958
state_visitation/CC: 0.0
state_visitation/CD: 0.0
state_visitation/DC: 1.0
state_visitation/DD: 14899.0
state_visitation/START: 200.0
Average Reward per Timestep: (-1.9998667240142822, -2.0000667572021484)

Episode 255
cooperation_probability/CC: 0.0
cooperation_probability/CD: 0.0
cooperation_probability/DC: 0.0
cooperation_probability/DD: 0.0
cooperation_probability/START: 0.5
state_probability/CC: 0.0
state_probability/CD: 0.0
state_probability/DC: 0.0
state_probability/DD: 0.9867550134658813
state_probability/START: 0.013245034031569958
state_visitation/CC: 0.0
state_visitation/CD: 0.0
state_visitation/DC: 0.0
state_visitation/DD: 14900.0
state_visitation/START: 200.0
Average Reward per Timestep: (-2.0, -2.0)

Episode 260
cooperation_probability/CC: 0.0
cooperation_probability/CD: 0.0
cooperation_probability/DC: 0.0
cooperation_probability/DD: 0.0
cooperation_probability/START: 0.5
state_probability/CC: 0.0
state_probability/CD: 0.0
state_probability/DC: 0.0
state_probability/DD: 0.9867550134658813
state_probability/START: 0.013245034031569958
state_visitation/CC: 0.0
state_visitation/CD: 0.0
state_visitation/DC: 0.0
state_visitation/DD: 14900.0
state_visitation/START: 200.0
Average Reward per Timestep: (-2.0, -2.0)

Episode 265
cooperation_probability/CC: 0.0
cooperation_probability/CD: 0.0
cooperation_probability/DC: 0.0
cooperation_probability/DD: 0.0
cooperation_probability/START: 0.5
state_probability/CC: 0.0
state_probability/CD: 0.0
state_probability/DC: 0.0
state_probability/DD: 0.9867550134658813
state_probability/START: 0.013245034031569958
state_visitation/CC: 0.0
state_visitation/CD: 0.0
state_visitation/DC: 0.0
state_visitation/DD: 14900.0
state_visitation/START: 200.0
Average Reward per Timestep: (-2.0, -2.0)

Episode 270
cooperation_probability/CC: 0.0
cooperation_probability/CD: 0.0
cooperation_probability/DC: 0.0
cooperation_probability/DD: 0.0
cooperation_probability/START: 0.5
state_probability/CC: 0.0
state_probability/CD: 0.0
state_probability/DC: 0.0
state_probability/DD: 0.9867550134658813
state_probability/START: 0.013245034031569958
state_visitation/CC: 0.0
state_visitation/CD: 0.0
state_visitation/DC: 0.0
state_visitation/DD: 14900.0
state_visitation/START: 200.0
Average Reward per Timestep: (-2.0, -2.0)

Episode 275
cooperation_probability/CC: 0.0
cooperation_probability/CD: 0.0
cooperation_probability/DC: 0.0
cooperation_probability/DD: 0.0
cooperation_probability/START: 0.5
state_probability/CC: 0.0
state_probability/CD: 0.0
state_probability/DC: 0.0
state_probability/DD: 0.9867550134658813
state_probability/START: 0.013245034031569958
state_visitation/CC: 0.0
state_visitation/CD: 0.0
state_visitation/DC: 0.0
state_visitation/DD: 14900.0
state_visitation/START: 200.0
Average Reward per Timestep: (-2.0, -2.0)

Episode 280
cooperation_probability/CC: 0.0
cooperation_probability/CD: 0.0
cooperation_probability/DC: 0.0
cooperation_probability/DD: 0.00013424620556179434
cooperation_probability/START: 0.5
state_probability/CC: 0.0
state_probability/CD: 0.00013245033915154636
state_probability/DC: 0.0
state_probability/DD: 0.9866225719451904
state_probability/START: 0.013245034031569958
state_visitation/CC: 0.0
state_visitation/CD: 2.0
state_visitation/DC: 0.0
state_visitation/DD: 14898.0
state_visitation/START: 200.0
Average Reward per Timestep: (-2.0001332759857178, -1.999733328819275)

Episode 285
cooperation_probability/CC: 0.0
cooperation_probability/CD: 0.0
cooperation_probability/DC: 0.0
cooperation_probability/DD: 0.0
cooperation_probability/START: 0.5
state_probability/CC: 0.0
state_probability/CD: 0.0
state_probability/DC: 0.0
state_probability/DD: 0.9867550134658813
state_probability/START: 0.013245034031569958
state_visitation/CC: 0.0
state_visitation/CD: 0.0
state_visitation/DC: 0.0
state_visitation/DD: 14900.0
state_visitation/START: 200.0
Average Reward per Timestep: (-2.0, -2.0)

Episode 290
cooperation_probability/CC: 0.0
cooperation_probability/CD: 0.0
cooperation_probability/DC: 0.0
cooperation_probability/DD: 0.0
cooperation_probability/START: 0.5
state_probability/CC: 0.0
state_probability/CD: 0.0
state_probability/DC: 0.0
state_probability/DD: 0.9867550134658813
state_probability/START: 0.013245034031569958
state_visitation/CC: 0.0
state_visitation/CD: 0.0
state_visitation/DC: 0.0
state_visitation/DD: 14900.0
state_visitation/START: 200.0
Average Reward per Timestep: (-2.0, -2.0)

Episode 295
cooperation_probability/CC: 0.0
cooperation_probability/CD: 0.0
cooperation_probability/DC: 0.0
cooperation_probability/DD: 0.0
cooperation_probability/START: 0.5
state_probability/CC: 0.0
state_probability/CD: 0.0
state_probability/DC: 0.0
state_probability/DD: 0.9867550134658813
state_probability/START: 0.013245034031569958
state_visitation/CC: 0.0
state_visitation/CD: 0.0
state_visitation/DC: 0.0
state_visitation/DD: 14900.0
state_visitation/START: 200.0
Average Reward per Timestep: (-2.0, -2.0)

Saving iteration 300 locally and to WandB
Episode 300
cooperation_probability/CC: 0.0
cooperation_probability/CD: 0.0
cooperation_probability/DC: 0.0
cooperation_probability/DD: 0.0
cooperation_probability/START: 0.5
state_probability/CC: 0.0
state_probability/CD: 0.0
state_probability/DC: 0.0
state_probability/DD: 0.9867550134658813
state_probability/START: 0.013245034031569958
state_visitation/CC: 0.0
state_visitation/CD: 0.0
state_visitation/DC: 0.0
state_visitation/DD: 14900.0
state_visitation/START: 200.0
Average Reward per Timestep: (-2.0, -2.0)

Episode 305
cooperation_probability/CC: 0.0
cooperation_probability/CD: 0.0
cooperation_probability/DC: 0.0
cooperation_probability/DD: 0.0
cooperation_probability/START: 0.5
state_probability/CC: 0.0
state_probability/CD: 0.0
state_probability/DC: 0.0
state_probability/DD: 0.9867550134658813
state_probability/START: 0.013245034031569958
state_visitation/CC: 0.0
state_visitation/CD: 0.0
state_visitation/DC: 0.0
state_visitation/DD: 14900.0
state_visitation/START: 200.0
Average Reward per Timestep: (-2.0, -2.0)

Episode 310
cooperation_probability/CC: 0.0
cooperation_probability/CD: 0.0
cooperation_probability/DC: 0.0
cooperation_probability/DD: 0.0
cooperation_probability/START: 0.5
state_probability/CC: 0.0
state_probability/CD: 0.0
state_probability/DC: 0.0
state_probability/DD: 0.9867550134658813
state_probability/START: 0.013245034031569958
state_visitation/CC: 0.0
state_visitation/CD: 0.0
state_visitation/DC: 0.0
state_visitation/DD: 14900.0
state_visitation/START: 200.0
Average Reward per Timestep: (-2.0, -2.0)

Episode 315
cooperation_probability/CC: 0.0
cooperation_probability/CD: 0.0
cooperation_probability/DC: 0.0
cooperation_probability/DD: 6.711859896313399e-05
cooperation_probability/START: 0.5
state_probability/CC: 0.0
state_probability/CD: 6.622516957577318e-05
state_probability/DC: 0.0
state_probability/DD: 0.9866887927055359
state_probability/START: 0.013245034031569958
state_visitation/CC: 0.0
state_visitation/CD: 1.0
state_visitation/DC: 0.0
state_visitation/DD: 14899.0
state_visitation/START: 200.0
Average Reward per Timestep: (-2.0000667572021484, -1.9998667240142822)

Episode 320
cooperation_probability/CC: 0.0
cooperation_probability/CD: 0.0
cooperation_probability/DC: 0.0
cooperation_probability/DD: 0.0
cooperation_probability/START: 0.5
state_probability/CC: 0.0
state_probability/CD: 0.0
state_probability/DC: 0.0
state_probability/DD: 0.9867550134658813
state_probability/START: 0.013245034031569958
state_visitation/CC: 0.0
state_visitation/CD: 0.0
state_visitation/DC: 0.0
state_visitation/DD: 14900.0
state_visitation/START: 200.0
Average Reward per Timestep: (-2.0, -2.0)

Episode 325
cooperation_probability/CC: 0.0
cooperation_probability/CD: 0.0
cooperation_probability/DC: 0.0
cooperation_probability/DD: 0.0
cooperation_probability/START: 0.5
state_probability/CC: 0.0
state_probability/CD: 0.0
state_probability/DC: 0.0
state_probability/DD: 0.9867550134658813
state_probability/START: 0.013245034031569958
state_visitation/CC: 0.0
state_visitation/CD: 0.0
state_visitation/DC: 0.0
state_visitation/DD: 14900.0
state_visitation/START: 200.0
Average Reward per Timestep: (-2.0, -2.0)

Episode 330
cooperation_probability/CC: 0.0
cooperation_probability/CD: 0.0
cooperation_probability/DC: 0.0
cooperation_probability/DD: 0.0
cooperation_probability/START: 0.5
state_probability/CC: 0.0
state_probability/CD: 0.0
state_probability/DC: 0.0
state_probability/DD: 0.9867550134658813
state_probability/START: 0.013245034031569958
state_visitation/CC: 0.0
state_visitation/CD: 0.0
state_visitation/DC: 0.0
state_visitation/DD: 14900.0
state_visitation/START: 200.0
Average Reward per Timestep: (-2.0, -2.0)

Episode 335
cooperation_probability/CC: 0.0
cooperation_probability/CD: 0.0
cooperation_probability/DC: 0.0
cooperation_probability/DD: 0.0
cooperation_probability/START: 0.5
state_probability/CC: 0.0
state_probability/CD: 0.0
state_probability/DC: 0.0
state_probability/DD: 0.9867550134658813
state_probability/START: 0.013245034031569958
state_visitation/CC: 0.0
state_visitation/CD: 0.0
state_visitation/DC: 0.0
state_visitation/DD: 14900.0
state_visitation/START: 200.0
Average Reward per Timestep: (-2.0, -2.0)

Episode 340
cooperation_probability/CC: 0.0
cooperation_probability/CD: 0.0
cooperation_probability/DC: 0.0
cooperation_probability/DD: 0.0
cooperation_probability/START: 0.5
state_probability/CC: 0.0
state_probability/CD: 0.0
state_probability/DC: 0.0
state_probability/DD: 0.9867550134658813
state_probability/START: 0.013245034031569958
state_visitation/CC: 0.0
state_visitation/CD: 0.0
state_visitation/DC: 0.0
state_visitation/DD: 14900.0
state_visitation/START: 200.0
Average Reward per Timestep: (-2.0, -2.0)

Episode 345
cooperation_probability/CC: 0.0
cooperation_probability/CD: 0.0
cooperation_probability/DC: 0.0
cooperation_probability/DD: 0.0
cooperation_probability/START: 0.5
state_probability/CC: 0.0
state_probability/CD: 0.0
state_probability/DC: 0.0
state_probability/DD: 0.9867550134658813
state_probability/START: 0.013245034031569958
state_visitation/CC: 0.0
state_visitation/CD: 0.0
state_visitation/DC: 0.0
state_visitation/DD: 14900.0
state_visitation/START: 200.0
Average Reward per Timestep: (-2.0, -2.0)

Episode 350
cooperation_probability/CC: 0.0
cooperation_probability/CD: 0.0
cooperation_probability/DC: 0.0
cooperation_probability/DD: 0.0
cooperation_probability/START: 0.5
state_probability/CC: 0.0
state_probability/CD: 0.0
state_probability/DC: 0.0
state_probability/DD: 0.9867550134658813
state_probability/START: 0.013245034031569958
state_visitation/CC: 0.0
state_visitation/CD: 0.0
state_visitation/DC: 0.0
state_visitation/DD: 14900.0
state_visitation/START: 200.0
Average Reward per Timestep: (-2.0, -2.0)

Episode 355
cooperation_probability/CC: 0.0
cooperation_probability/CD: 0.0
cooperation_probability/DC: 0.0
cooperation_probability/DD: 0.00013424620556179434
cooperation_probability/START: 0.5
state_probability/CC: 0.0
state_probability/CD: 0.00013245033915154636
state_probability/DC: 0.0
state_probability/DD: 0.9866225719451904
state_probability/START: 0.013245034031569958
state_visitation/CC: 0.0
state_visitation/CD: 2.0
state_visitation/DC: 0.0
state_visitation/DD: 14898.0
state_visitation/START: 200.0
Average Reward per Timestep: (-2.0001332759857178, -1.999733328819275)

Episode 360
cooperation_probability/CC: 0.0
cooperation_probability/CD: 0.0
cooperation_probability/DC: 0.0
cooperation_probability/DD: 0.0
cooperation_probability/START: 0.5
state_probability/CC: 0.0
state_probability/CD: 0.0
state_probability/DC: 0.0
state_probability/DD: 0.9867550134658813
state_probability/START: 0.013245034031569958
state_visitation/CC: 0.0
state_visitation/CD: 0.0
state_visitation/DC: 0.0
state_visitation/DD: 14900.0
state_visitation/START: 200.0
Average Reward per Timestep: (-2.0, -2.0)

Episode 365
cooperation_probability/CC: 0.0
cooperation_probability/CD: 0.0
cooperation_probability/DC: 0.0
cooperation_probability/DD: 0.0
cooperation_probability/START: 0.5
state_probability/CC: 0.0
state_probability/CD: 0.0
state_probability/DC: 0.0
state_probability/DD: 0.9867550134658813
state_probability/START: 0.013245034031569958
state_visitation/CC: 0.0
state_visitation/CD: 0.0
state_visitation/DC: 0.0
state_visitation/DD: 14900.0
state_visitation/START: 200.0
Average Reward per Timestep: (-2.0, -2.0)

Episode 370
cooperation_probability/CC: 0.0
cooperation_probability/CD: 0.0
cooperation_probability/DC: 0.0
cooperation_probability/DD: 0.0
cooperation_probability/START: 0.5
state_probability/CC: 0.0
state_probability/CD: 0.0
state_probability/DC: 0.00013245033915154636
state_probability/DD: 0.9866225719451904
state_probability/START: 0.013245034031569958
state_visitation/CC: 0.0
state_visitation/CD: 0.0
state_visitation/DC: 2.0
state_visitation/DD: 14898.0
state_visitation/START: 200.0
Average Reward per Timestep: (-1.999733328819275, -2.0001332759857178)

Episode 375
cooperation_probability/CC: 0.0
cooperation_probability/CD: 0.0
cooperation_probability/DC: 0.0
cooperation_probability/DD: 0.0
cooperation_probability/START: 0.5
state_probability/CC: 0.0
state_probability/CD: 0.0
state_probability/DC: 6.622516957577318e-05
state_probability/DD: 0.9866887927055359
state_probability/START: 0.013245034031569958
state_visitation/CC: 0.0
state_visitation/CD: 0.0
state_visitation/DC: 1.0
state_visitation/DD: 14899.0
state_visitation/START: 200.0
Average Reward per Timestep: (-1.9998667240142822, -2.0000667572021484)

Episode 380
cooperation_probability/CC: 0.0
cooperation_probability/CD: 0.0
cooperation_probability/DC: 0.0
cooperation_probability/DD: 0.0
cooperation_probability/START: 0.5
state_probability/CC: 0.0
state_probability/CD: 0.0
state_probability/DC: 0.0
state_probability/DD: 0.9867550134658813
state_probability/START: 0.013245034031569958
state_visitation/CC: 0.0
state_visitation/CD: 0.0
state_visitation/DC: 0.0
state_visitation/DD: 14900.0
state_visitation/START: 200.0
Average Reward per Timestep: (-2.0, -2.0)

Episode 385
cooperation_probability/CC: 0.0
cooperation_probability/CD: 0.0
cooperation_probability/DC: 0.0
cooperation_probability/DD: 0.0
cooperation_probability/START: 0.5
state_probability/CC: 0.0
state_probability/CD: 0.0
state_probability/DC: 0.0
state_probability/DD: 0.9867550134658813
state_probability/START: 0.013245034031569958
state_visitation/CC: 0.0
state_visitation/CD: 0.0
state_visitation/DC: 0.0
state_visitation/DD: 14900.0
state_visitation/START: 200.0
Average Reward per Timestep: (-2.0, -2.0)

Episode 390
cooperation_probability/CC: 0.0
cooperation_probability/CD: 0.0
cooperation_probability/DC: 0.0
cooperation_probability/DD: 0.0
cooperation_probability/START: 0.5
state_probability/CC: 0.0
state_probability/CD: 0.0
state_probability/DC: 0.0
state_probability/DD: 0.9867550134658813
state_probability/START: 0.013245034031569958
state_visitation/CC: 0.0
state_visitation/CD: 0.0
state_visitation/DC: 0.0
state_visitation/DD: 14900.0
state_visitation/START: 200.0
Average Reward per Timestep: (-2.0, -2.0)

Episode 395
cooperation_probability/CC: 0.0
cooperation_probability/CD: 0.0
cooperation_probability/DC: 0.0
cooperation_probability/DD: 0.0
cooperation_probability/START: 0.5
state_probability/CC: 0.0
state_probability/CD: 0.0
state_probability/DC: 0.0
state_probability/DD: 0.9867550134658813
state_probability/START: 0.013245034031569958
state_visitation/CC: 0.0
state_visitation/CD: 0.0
state_visitation/DC: 0.0
state_visitation/DD: 14900.0
state_visitation/START: 200.0
Average Reward per Timestep: (-2.0, -2.0)

Saving iteration 400 locally and to WandB
Episode 400
cooperation_probability/CC: 0.0
cooperation_probability/CD: 0.0
cooperation_probability/DC: 0.0
cooperation_probability/DD: 0.0
cooperation_probability/START: 0.5
state_probability/CC: 0.0
state_probability/CD: 0.0
state_probability/DC: 0.0
state_probability/DD: 0.9867550134658813
state_probability/START: 0.013245034031569958
state_visitation/CC: 0.0
state_visitation/CD: 0.0
state_visitation/DC: 0.0
state_visitation/DD: 14900.0
state_visitation/START: 200.0
Average Reward per Timestep: (-2.0, -2.0)

Episode 405
cooperation_probability/CC: 0.0
cooperation_probability/CD: 0.0
cooperation_probability/DC: 0.0
cooperation_probability/DD: 0.0
cooperation_probability/START: 0.5
state_probability/CC: 0.0
state_probability/CD: 0.0
state_probability/DC: 0.0
state_probability/DD: 0.9867550134658813
state_probability/START: 0.013245034031569958
state_visitation/CC: 0.0
state_visitation/CD: 0.0
state_visitation/DC: 0.0
state_visitation/DD: 14900.0
state_visitation/START: 200.0
Average Reward per Timestep: (-2.0, -2.0)

Episode 410
cooperation_probability/CC: 0.0
cooperation_probability/CD: 0.0
cooperation_probability/DC: 0.0
cooperation_probability/DD: 0.0
cooperation_probability/START: 0.5
state_probability/CC: 0.0
state_probability/CD: 0.0
state_probability/DC: 0.0
state_probability/DD: 0.9867550134658813
state_probability/START: 0.013245034031569958
state_visitation/CC: 0.0
state_visitation/CD: 0.0
state_visitation/DC: 0.0
state_visitation/DD: 14900.0
state_visitation/START: 200.0
Average Reward per Timestep: (-2.0, -2.0)

Episode 415
cooperation_probability/CC: 0.0
cooperation_probability/CD: 0.0
cooperation_probability/DC: 0.0
cooperation_probability/DD: 6.711859896313399e-05
cooperation_probability/START: 0.5
state_probability/CC: 0.0
state_probability/CD: 6.622516957577318e-05
state_probability/DC: 0.0
state_probability/DD: 0.9866887927055359
state_probability/START: 0.013245034031569958
state_visitation/CC: 0.0
state_visitation/CD: 1.0
state_visitation/DC: 0.0
state_visitation/DD: 14899.0
state_visitation/START: 200.0
Average Reward per Timestep: (-2.0000667572021484, -1.9998667240142822)

Episode 420
cooperation_probability/CC: 0.0
cooperation_probability/CD: 0.0
cooperation_probability/DC: 0.0
cooperation_probability/DD: 0.0
cooperation_probability/START: 0.5
state_probability/CC: 0.0
state_probability/CD: 0.0
state_probability/DC: 0.0
state_probability/DD: 0.9867550134658813
state_probability/START: 0.013245034031569958
state_visitation/CC: 0.0
state_visitation/CD: 0.0
state_visitation/DC: 0.0
state_visitation/DD: 14900.0
state_visitation/START: 200.0
Average Reward per Timestep: (-2.0, -2.0)

Episode 425
cooperation_probability/CC: 0.0
cooperation_probability/CD: 0.0
cooperation_probability/DC: 0.0
cooperation_probability/DD: 0.0
cooperation_probability/START: 0.5
state_probability/CC: 0.0
state_probability/CD: 0.0
state_probability/DC: 0.0
state_probability/DD: 0.9867550134658813
state_probability/START: 0.013245034031569958
state_visitation/CC: 0.0
state_visitation/CD: 0.0
state_visitation/DC: 0.0
state_visitation/DD: 14900.0
state_visitation/START: 200.0
Average Reward per Timestep: (-2.0, -2.0)

Episode 430
cooperation_probability/CC: 0.0
cooperation_probability/CD: 0.0
cooperation_probability/DC: 0.0
cooperation_probability/DD: 0.00013424620556179434
cooperation_probability/START: 0.5
state_probability/CC: 0.0
state_probability/CD: 0.00013245033915154636
state_probability/DC: 0.0
state_probability/DD: 0.9866225719451904
state_probability/START: 0.013245034031569958
state_visitation/CC: 0.0
state_visitation/CD: 2.0
state_visitation/DC: 0.0
state_visitation/DD: 14898.0
state_visitation/START: 200.0
Average Reward per Timestep: (-2.0001332759857178, -1.999733328819275)

Episode 435
cooperation_probability/CC: 0.0
cooperation_probability/CD: 0.0
cooperation_probability/DC: 0.0
cooperation_probability/DD: 6.711859896313399e-05
cooperation_probability/START: 0.5
state_probability/CC: 0.0
state_probability/CD: 6.622516957577318e-05
state_probability/DC: 0.0
state_probability/DD: 0.9866887927055359
state_probability/START: 0.013245034031569958
state_visitation/CC: 0.0
state_visitation/CD: 1.0
state_visitation/DC: 0.0
state_visitation/DD: 14899.0
state_visitation/START: 200.0
Average Reward per Timestep: (-2.0000667572021484, -1.9998667240142822)

Episode 440
cooperation_probability/CC: 0.0
cooperation_probability/CD: 0.0
cooperation_probability/DC: 0.0
cooperation_probability/DD: 0.00013424620556179434
cooperation_probability/START: 0.5
state_probability/CC: 0.0
state_probability/CD: 0.00013245033915154636
state_probability/DC: 0.0
state_probability/DD: 0.9866225719451904
state_probability/START: 0.013245034031569958
state_visitation/CC: 0.0
state_visitation/CD: 2.0
state_visitation/DC: 0.0
state_visitation/DD: 14898.0
state_visitation/START: 200.0
Average Reward per Timestep: (-2.0001332759857178, -1.999733328819275)

Episode 445
cooperation_probability/CC: 0.0
cooperation_probability/CD: 0.0
cooperation_probability/DC: 0.0
cooperation_probability/DD: 6.711859896313399e-05
cooperation_probability/START: 0.5
state_probability/CC: 0.0
state_probability/CD: 6.622516957577318e-05
state_probability/DC: 0.0
state_probability/DD: 0.9866887927055359
state_probability/START: 0.013245034031569958
state_visitation/CC: 0.0
state_visitation/CD: 1.0
state_visitation/DC: 0.0
state_visitation/DD: 14899.0
state_visitation/START: 200.0
Average Reward per Timestep: (-2.0000667572021484, -1.9998667240142822)

Episode 450
cooperation_probability/CC: 0.0
cooperation_probability/CD: 0.0
cooperation_probability/DC: 0.0
cooperation_probability/DD: 0.00013424620556179434
cooperation_probability/START: 0.5
state_probability/CC: 0.0
state_probability/CD: 0.00013245033915154636
state_probability/DC: 0.0
state_probability/DD: 0.9866225719451904
state_probability/START: 0.013245034031569958
state_visitation/CC: 0.0
state_visitation/CD: 2.0
state_visitation/DC: 0.0
state_visitation/DD: 14898.0
state_visitation/START: 200.0
Average Reward per Timestep: (-2.0001332759857178, -1.999733328819275)

Episode 455
cooperation_probability/CC: 0.0
cooperation_probability/CD: 0.0
cooperation_probability/DC: 0.0
cooperation_probability/DD: 0.0
cooperation_probability/START: 0.5
state_probability/CC: 0.0
state_probability/CD: 0.0
state_probability/DC: 0.0
state_probability/DD: 0.9867550134658813
state_probability/START: 0.013245034031569958
state_visitation/CC: 0.0
state_visitation/CD: 0.0
state_visitation/DC: 0.0
state_visitation/DD: 14900.0
state_visitation/START: 200.0
Average Reward per Timestep: (-2.0, -2.0)

Episode 460
cooperation_probability/CC: 0.0
cooperation_probability/CD: 0.0
cooperation_probability/DC: 0.0
cooperation_probability/DD: 0.0
cooperation_probability/START: 0.5
state_probability/CC: 0.0
state_probability/CD: 0.0
state_probability/DC: 0.00013245033915154636
state_probability/DD: 0.9866225719451904
state_probability/START: 0.013245034031569958
state_visitation/CC: 0.0
state_visitation/CD: 0.0
state_visitation/DC: 2.0
state_visitation/DD: 14898.0
state_visitation/START: 200.0
Average Reward per Timestep: (-1.999733328819275, -2.0001332759857178)

Episode 465
cooperation_probability/CC: 0.0
cooperation_probability/CD: 0.0
cooperation_probability/DC: 0.0
cooperation_probability/DD: 0.0
cooperation_probability/START: 0.5
state_probability/CC: 0.0
state_probability/CD: 0.0
state_probability/DC: 0.0
state_probability/DD: 0.9867550134658813
state_probability/START: 0.013245034031569958
state_visitation/CC: 0.0
state_visitation/CD: 0.0
state_visitation/DC: 0.0
state_visitation/DD: 14900.0
state_visitation/START: 200.0
Average Reward per Timestep: (-2.0, -2.0)

Episode 470
cooperation_probability/CC: 0.0
cooperation_probability/CD: 0.0
cooperation_probability/DC: 0.0
cooperation_probability/DD: 0.0002685284707695246
cooperation_probability/START: 0.5
state_probability/CC: 0.0
state_probability/CD: 0.0002649006783030927
state_probability/DC: 0.0
state_probability/DD: 0.9864901304244995
state_probability/START: 0.013245034031569958
state_visitation/CC: 0.0
state_visitation/CD: 4.0
state_visitation/DC: 0.0
state_visitation/DD: 14896.0
state_visitation/START: 200.0
Average Reward per Timestep: (-2.0002667903900146, -1.9994666576385498)

Episode 475
cooperation_probability/CC: 0.0
cooperation_probability/CD: 0.0
cooperation_probability/DC: 0.0
cooperation_probability/DD: 0.0
cooperation_probability/START: 0.5
state_probability/CC: 0.0
state_probability/CD: 0.0
state_probability/DC: 0.0
state_probability/DD: 0.9867550134658813
state_probability/START: 0.013245034031569958
state_visitation/CC: 0.0
state_visitation/CD: 0.0
state_visitation/DC: 0.0
state_visitation/DD: 14900.0
state_visitation/START: 200.0
Average Reward per Timestep: (-2.0, -2.0)

Episode 480
cooperation_probability/CC: 0.0
cooperation_probability/CD: 0.0
cooperation_probability/DC: 0.0
cooperation_probability/DD: 0.0
cooperation_probability/START: 0.5
state_probability/CC: 0.0
state_probability/CD: 0.0
state_probability/DC: 0.0
state_probability/DD: 0.9867550134658813
state_probability/START: 0.013245034031569958
state_visitation/CC: 0.0
state_visitation/CD: 0.0
state_visitation/DC: 0.0
state_visitation/DD: 14900.0
state_visitation/START: 200.0
Average Reward per Timestep: (-2.0, -2.0)

Episode 485
cooperation_probability/CC: 0.0
cooperation_probability/CD: 0.0
cooperation_probability/DC: 0.0
cooperation_probability/DD: 0.0
cooperation_probability/START: 0.5
state_probability/CC: 0.0
state_probability/CD: 0.0
state_probability/DC: 0.0
state_probability/DD: 0.9867550134658813
state_probability/START: 0.013245034031569958
state_visitation/CC: 0.0
state_visitation/CD: 0.0
state_visitation/DC: 0.0
state_visitation/DD: 14900.0
state_visitation/START: 200.0
Average Reward per Timestep: (-2.0, -2.0)

Episode 490
cooperation_probability/CC: 0.0
cooperation_probability/CD: 0.0
cooperation_probability/DC: 0.0
cooperation_probability/DD: 0.0
cooperation_probability/START: 0.5
state_probability/CC: 0.0
state_probability/CD: 0.0
state_probability/DC: 0.0
state_probability/DD: 0.9867550134658813
state_probability/START: 0.013245034031569958
state_visitation/CC: 0.0
state_visitation/CD: 0.0
state_visitation/DC: 0.0
state_visitation/DD: 14900.0
state_visitation/START: 200.0
Average Reward per Timestep: (-2.0, -2.0)

Episode 495
cooperation_probability/CC: 0.0
cooperation_probability/CD: 0.0
cooperation_probability/DC: 0.0
cooperation_probability/DD: 0.0
cooperation_probability/START: 0.5
state_probability/CC: 0.0
state_probability/CD: 0.0
state_probability/DC: 0.0
state_probability/DD: 0.9867550134658813
state_probability/START: 0.013245034031569958
state_visitation/CC: 0.0
state_visitation/CD: 0.0
state_visitation/DC: 0.0
state_visitation/DD: 14900.0
state_visitation/START: 200.0
Average Reward per Timestep: (-2.0, -2.0)

Saving iteration 500 locally and to WandB
Episode 500
cooperation_probability/CC: 0.0
cooperation_probability/CD: 0.0
cooperation_probability/DC: 0.0
cooperation_probability/DD: 0.0
cooperation_probability/START: 0.5
state_probability/CC: 0.0
state_probability/CD: 0.0
state_probability/DC: 0.0
state_probability/DD: 0.9867550134658813
state_probability/START: 0.013245034031569958
state_visitation/CC: 0.0
state_visitation/CD: 0.0
state_visitation/DC: 0.0
state_visitation/DD: 14900.0
state_visitation/START: 200.0
Average Reward per Timestep: (-2.0, -2.0)

Episode 505
cooperation_probability/CC: 0.0
cooperation_probability/CD: 0.0
cooperation_probability/DC: 0.0
cooperation_probability/DD: 0.0
cooperation_probability/START: 0.5
state_probability/CC: 0.0
state_probability/CD: 0.0
state_probability/DC: 0.0
state_probability/DD: 0.9867550134658813
state_probability/START: 0.013245034031569958
state_visitation/CC: 0.0
state_visitation/CD: 0.0
state_visitation/DC: 0.0
state_visitation/DD: 14900.0
state_visitation/START: 200.0
Average Reward per Timestep: (-2.0, -2.0)

Episode 510
cooperation_probability/CC: 0.0
cooperation_probability/CD: 0.0
cooperation_probability/DC: 0.0
cooperation_probability/DD: 0.0
cooperation_probability/START: 0.5
state_probability/CC: 0.0
state_probability/CD: 0.0
state_probability/DC: 0.0
state_probability/DD: 0.9867550134658813
state_probability/START: 0.013245034031569958
state_visitation/CC: 0.0
state_visitation/CD: 0.0
state_visitation/DC: 0.0
state_visitation/DD: 14900.0
state_visitation/START: 200.0
Average Reward per Timestep: (-2.0, -2.0)

Episode 515
cooperation_probability/CC: 0.0
cooperation_probability/CD: 0.0
cooperation_probability/DC: 0.0
cooperation_probability/DD: 0.0
cooperation_probability/START: 0.5
state_probability/CC: 0.0
state_probability/CD: 0.0
state_probability/DC: 0.0
state_probability/DD: 0.9867550134658813
state_probability/START: 0.013245034031569958
state_visitation/CC: 0.0
state_visitation/CD: 0.0
state_visitation/DC: 0.0
state_visitation/DD: 14900.0
state_visitation/START: 200.0
Average Reward per Timestep: (-2.0, -2.0)

Episode 520
cooperation_probability/CC: 0.0
cooperation_probability/CD: 0.0
cooperation_probability/DC: 0.0
cooperation_probability/DD: 0.0
cooperation_probability/START: 0.5
state_probability/CC: 0.0
state_probability/CD: 0.0
state_probability/DC: 0.0
state_probability/DD: 0.9867550134658813
state_probability/START: 0.013245034031569958
state_visitation/CC: 0.0
state_visitation/CD: 0.0
state_visitation/DC: 0.0
state_visitation/DD: 14900.0
state_visitation/START: 200.0
Average Reward per Timestep: (-2.0, -2.0)

Episode 525
cooperation_probability/CC: 0.0
cooperation_probability/CD: 0.0
cooperation_probability/DC: 0.0
cooperation_probability/DD: 0.0
cooperation_probability/START: 0.5
state_probability/CC: 0.0
state_probability/CD: 0.0
state_probability/DC: 0.0
state_probability/DD: 0.9867550134658813
state_probability/START: 0.013245034031569958
state_visitation/CC: 0.0
state_visitation/CD: 0.0
state_visitation/DC: 0.0
state_visitation/DD: 14900.0
state_visitation/START: 200.0
Average Reward per Timestep: (-2.0, -2.0)

Episode 530
cooperation_probability/CC: 0.0
cooperation_probability/CD: 0.0
cooperation_probability/DC: 0.0
cooperation_probability/DD: 0.0
cooperation_probability/START: 0.5
state_probability/CC: 0.0
state_probability/CD: 0.0
state_probability/DC: 0.0
state_probability/DD: 0.9867550134658813
state_probability/START: 0.013245034031569958
state_visitation/CC: 0.0
state_visitation/CD: 0.0
state_visitation/DC: 0.0
state_visitation/DD: 14900.0
state_visitation/START: 200.0
Average Reward per Timestep: (-2.0, -2.0)

Episode 535
cooperation_probability/CC: 0.0
cooperation_probability/CD: 0.0
cooperation_probability/DC: 0.0
cooperation_probability/DD: 6.711859896313399e-05
cooperation_probability/START: 0.5
state_probability/CC: 0.0
state_probability/CD: 6.622516957577318e-05
state_probability/DC: 0.0
state_probability/DD: 0.9866887927055359
state_probability/START: 0.013245034031569958
state_visitation/CC: 0.0
state_visitation/CD: 1.0
state_visitation/DC: 0.0
state_visitation/DD: 14899.0
state_visitation/START: 200.0
Average Reward per Timestep: (-2.0000667572021484, -1.9998667240142822)

Episode 540
cooperation_probability/CC: 0.0
cooperation_probability/CD: 0.0
cooperation_probability/DC: 0.0
cooperation_probability/DD: 0.00013424620556179434
cooperation_probability/START: 0.5
state_probability/CC: 0.0
state_probability/CD: 0.00013245033915154636
state_probability/DC: 0.0
state_probability/DD: 0.9866225719451904
state_probability/START: 0.013245034031569958
state_visitation/CC: 0.0
state_visitation/CD: 2.0
state_visitation/DC: 0.0
state_visitation/DD: 14898.0
state_visitation/START: 200.0
Average Reward per Timestep: (-2.0001332759857178, -1.999733328819275)

Episode 545
cooperation_probability/CC: 0.0
cooperation_probability/CD: 0.0
cooperation_probability/DC: 0.0
cooperation_probability/DD: 0.0
cooperation_probability/START: 0.5
state_probability/CC: 0.0
state_probability/CD: 0.0
state_probability/DC: 0.0
state_probability/DD: 0.9867550134658813
state_probability/START: 0.013245034031569958
state_visitation/CC: 0.0
state_visitation/CD: 0.0
state_visitation/DC: 0.0
state_visitation/DD: 14900.0
state_visitation/START: 200.0
Average Reward per Timestep: (-2.0, -2.0)

Episode 550
cooperation_probability/CC: 0.0
cooperation_probability/CD: 0.0
cooperation_probability/DC: 0.0
cooperation_probability/DD: 0.0
cooperation_probability/START: 0.5
state_probability/CC: 0.0
state_probability/CD: 0.0
state_probability/DC: 0.0
state_probability/DD: 0.9867550134658813
state_probability/START: 0.013245034031569958
state_visitation/CC: 0.0
state_visitation/CD: 0.0
state_visitation/DC: 0.0
state_visitation/DD: 14900.0
state_visitation/START: 200.0
Average Reward per Timestep: (-2.0, -2.0)

Episode 555
cooperation_probability/CC: 0.0
cooperation_probability/CD: 0.0
cooperation_probability/DC: 0.0
cooperation_probability/DD: 0.0
cooperation_probability/START: 0.5
state_probability/CC: 0.0
state_probability/CD: 0.0
state_probability/DC: 0.0
state_probability/DD: 0.9867550134658813
state_probability/START: 0.013245034031569958
state_visitation/CC: 0.0
state_visitation/CD: 0.0
state_visitation/DC: 0.0
state_visitation/DD: 14900.0
state_visitation/START: 200.0
Average Reward per Timestep: (-2.0, -2.0)

Episode 560
cooperation_probability/CC: 0.0
cooperation_probability/CD: 0.0
cooperation_probability/DC: 0.0
cooperation_probability/DD: 0.0
cooperation_probability/START: 0.5
state_probability/CC: 0.0
state_probability/CD: 0.0
state_probability/DC: 0.0
state_probability/DD: 0.9867550134658813
state_probability/START: 0.013245034031569958
state_visitation/CC: 0.0
state_visitation/CD: 0.0
state_visitation/DC: 0.0
state_visitation/DD: 14900.0
state_visitation/START: 200.0
Average Reward per Timestep: (-2.0, -2.0)

Episode 565
cooperation_probability/CC: 0.0
cooperation_probability/CD: 0.0
cooperation_probability/DC: 0.0
cooperation_probability/DD: 0.0
cooperation_probability/START: 0.5
state_probability/CC: 0.0
state_probability/CD: 0.0
state_probability/DC: 0.0
state_probability/DD: 0.9867550134658813
state_probability/START: 0.013245034031569958
state_visitation/CC: 0.0
state_visitation/CD: 0.0
state_visitation/DC: 0.0
state_visitation/DD: 14900.0
state_visitation/START: 200.0
Average Reward per Timestep: (-2.0, -2.0)

Episode 570
cooperation_probability/CC: 0.0
cooperation_probability/CD: 0.0
cooperation_probability/DC: 0.0
cooperation_probability/DD: 0.0
cooperation_probability/START: 0.5
state_probability/CC: 0.0
state_probability/CD: 0.0
state_probability/DC: 0.0
state_probability/DD: 0.9867550134658813
state_probability/START: 0.013245034031569958
state_visitation/CC: 0.0
state_visitation/CD: 0.0
state_visitation/DC: 0.0
state_visitation/DD: 14900.0
state_visitation/START: 200.0
Average Reward per Timestep: (-2.0, -2.0)

Episode 575
cooperation_probability/CC: 0.0
cooperation_probability/CD: 0.0
cooperation_probability/DC: 0.0
cooperation_probability/DD: 6.711859896313399e-05
cooperation_probability/START: 0.5
state_probability/CC: 0.0
state_probability/CD: 6.622516957577318e-05
state_probability/DC: 0.0
state_probability/DD: 0.9866887927055359
state_probability/START: 0.013245034031569958
state_visitation/CC: 0.0
state_visitation/CD: 1.0
state_visitation/DC: 0.0
state_visitation/DD: 14899.0
state_visitation/START: 200.0
Average Reward per Timestep: (-2.0000667572021484, -1.9998667240142822)

Episode 580
cooperation_probability/CC: 0.0
cooperation_probability/CD: 0.0
cooperation_probability/DC: 0.0
cooperation_probability/DD: 0.0
cooperation_probability/START: 0.5
state_probability/CC: 0.0
state_probability/CD: 0.0
state_probability/DC: 0.0
state_probability/DD: 0.9867550134658813
state_probability/START: 0.013245034031569958
state_visitation/CC: 0.0
state_visitation/CD: 0.0
state_visitation/DC: 0.0
state_visitation/DD: 14900.0
state_visitation/START: 200.0
Average Reward per Timestep: (-2.0, -2.0)

Episode 585
cooperation_probability/CC: 0.0
cooperation_probability/CD: 0.0
cooperation_probability/DC: 0.0
cooperation_probability/DD: 0.0
cooperation_probability/START: 0.5
state_probability/CC: 0.0
state_probability/CD: 0.0
state_probability/DC: 0.0
state_probability/DD: 0.9867550134658813
state_probability/START: 0.013245034031569958
state_visitation/CC: 0.0
state_visitation/CD: 0.0
state_visitation/DC: 0.0
state_visitation/DD: 14900.0
state_visitation/START: 200.0
Average Reward per Timestep: (-2.0, -2.0)

Episode 590
cooperation_probability/CC: 0.0
cooperation_probability/CD: 0.0
cooperation_probability/DC: 0.0
cooperation_probability/DD: 0.0
cooperation_probability/START: 0.5
state_probability/CC: 0.0
state_probability/CD: 0.0
state_probability/DC: 0.0
state_probability/DD: 0.9867550134658813
state_probability/START: 0.013245034031569958
state_visitation/CC: 0.0
state_visitation/CD: 0.0
state_visitation/DC: 0.0
state_visitation/DD: 14900.0
state_visitation/START: 200.0
Average Reward per Timestep: (-2.0, -2.0)

Episode 595
cooperation_probability/CC: 0.0
cooperation_probability/CD: 0.0
cooperation_probability/DC: 0.0
cooperation_probability/DD: 0.0
cooperation_probability/START: 0.5
state_probability/CC: 0.0
state_probability/CD: 0.0
state_probability/DC: 0.0
state_probability/DD: 0.9867550134658813
state_probability/START: 0.013245034031569958
state_visitation/CC: 0.0
state_visitation/CD: 0.0
state_visitation/DC: 0.0
state_visitation/DD: 14900.0
state_visitation/START: 200.0
Average Reward per Timestep: (-2.0, -2.0)

Saving iteration 600 locally and to WandB
Episode 600
cooperation_probability/CC: 0.0
cooperation_probability/CD: 0.0
cooperation_probability/DC: 0.0
cooperation_probability/DD: 0.0
cooperation_probability/START: 0.5
state_probability/CC: 0.0
state_probability/CD: 0.0
state_probability/DC: 0.0
state_probability/DD: 0.9867550134658813
state_probability/START: 0.013245034031569958
state_visitation/CC: 0.0
state_visitation/CD: 0.0
state_visitation/DC: 0.0
state_visitation/DD: 14900.0
state_visitation/START: 200.0
Average Reward per Timestep: (-2.0, -2.0)

Episode 605
cooperation_probability/CC: 0.0
cooperation_probability/CD: 0.0
cooperation_probability/DC: 0.0
cooperation_probability/DD: 0.0
cooperation_probability/START: 0.5
state_probability/CC: 0.0
state_probability/CD: 0.0
state_probability/DC: 0.0
state_probability/DD: 0.9867550134658813
state_probability/START: 0.013245034031569958
state_visitation/CC: 0.0
state_visitation/CD: 0.0
state_visitation/DC: 0.0
state_visitation/DD: 14900.0
state_visitation/START: 200.0
Average Reward per Timestep: (-2.0, -2.0)

Episode 610
cooperation_probability/CC: 0.0
cooperation_probability/CD: 0.0
cooperation_probability/DC: 0.0
cooperation_probability/DD: 6.711859896313399e-05
cooperation_probability/START: 0.5
state_probability/CC: 0.0
state_probability/CD: 6.622516957577318e-05
state_probability/DC: 0.0
state_probability/DD: 0.9866887927055359
state_probability/START: 0.013245034031569958
state_visitation/CC: 0.0
state_visitation/CD: 1.0
state_visitation/DC: 0.0
state_visitation/DD: 14899.0
state_visitation/START: 200.0
Average Reward per Timestep: (-2.0000667572021484, -1.9998667240142822)

Episode 615
cooperation_probability/CC: 0.0
cooperation_probability/CD: 0.0
cooperation_probability/DC: 0.0
cooperation_probability/DD: 6.711859896313399e-05
cooperation_probability/START: 0.5
state_probability/CC: 0.0
state_probability/CD: 6.622516957577318e-05
state_probability/DC: 0.0
state_probability/DD: 0.9866887927055359
state_probability/START: 0.013245034031569958
state_visitation/CC: 0.0
state_visitation/CD: 1.0
state_visitation/DC: 0.0
state_visitation/DD: 14899.0
state_visitation/START: 200.0
Average Reward per Timestep: (-2.0000667572021484, -1.9998667240142822)

Episode 620
cooperation_probability/CC: 0.0
cooperation_probability/CD: 0.0
cooperation_probability/DC: 0.0
cooperation_probability/DD: 0.0
cooperation_probability/START: 0.5
state_probability/CC: 0.0
state_probability/CD: 0.0
state_probability/DC: 0.0
state_probability/DD: 0.9867550134658813
state_probability/START: 0.013245034031569958
state_visitation/CC: 0.0
state_visitation/CD: 0.0
state_visitation/DC: 0.0
state_visitation/DD: 14900.0
state_visitation/START: 200.0
Average Reward per Timestep: (-2.0, -2.0)

Episode 625
cooperation_probability/CC: 0.0
cooperation_probability/CD: 0.0
cooperation_probability/DC: 0.0
cooperation_probability/DD: 6.711859896313399e-05
cooperation_probability/START: 0.5
state_probability/CC: 0.0
state_probability/CD: 6.622516957577318e-05
state_probability/DC: 0.0
state_probability/DD: 0.9866887927055359
state_probability/START: 0.013245034031569958
state_visitation/CC: 0.0
state_visitation/CD: 1.0
state_visitation/DC: 0.0
state_visitation/DD: 14899.0
state_visitation/START: 200.0
Average Reward per Timestep: (-2.0000667572021484, -1.9998667240142822)

Episode 630
cooperation_probability/CC: 0.0
cooperation_probability/CD: 0.0
cooperation_probability/DC: 0.0
cooperation_probability/DD: 0.00013424620556179434
cooperation_probability/START: 0.5
state_probability/CC: 0.0
state_probability/CD: 0.00013245033915154636
state_probability/DC: 0.0
state_probability/DD: 0.9866225719451904
state_probability/START: 0.013245034031569958
state_visitation/CC: 0.0
state_visitation/CD: 2.0
state_visitation/DC: 0.0
state_visitation/DD: 14898.0
state_visitation/START: 200.0
Average Reward per Timestep: (-2.0001332759857178, -1.999733328819275)

Episode 635
cooperation_probability/CC: 0.0
cooperation_probability/CD: 0.0
cooperation_probability/DC: 0.0
cooperation_probability/DD: 0.0
cooperation_probability/START: 0.5
state_probability/CC: 0.0
state_probability/CD: 0.0
state_probability/DC: 0.0
state_probability/DD: 0.9867550134658813
state_probability/START: 0.013245034031569958
state_visitation/CC: 0.0
state_visitation/CD: 0.0
state_visitation/DC: 0.0
state_visitation/DD: 14900.0
state_visitation/START: 200.0
Average Reward per Timestep: (-2.0, -2.0)

Episode 640
cooperation_probability/CC: 0.0
cooperation_probability/CD: 0.0
cooperation_probability/DC: 0.0
cooperation_probability/DD: 0.0
cooperation_probability/START: 0.5
state_probability/CC: 0.0
state_probability/CD: 0.0
state_probability/DC: 0.0
state_probability/DD: 0.9867550134658813
state_probability/START: 0.013245034031569958
state_visitation/CC: 0.0
state_visitation/CD: 0.0
state_visitation/DC: 0.0
state_visitation/DD: 14900.0
state_visitation/START: 200.0
Average Reward per Timestep: (-2.0, -2.0)

Episode 645
cooperation_probability/CC: 0.0
cooperation_probability/CD: 0.0
cooperation_probability/DC: 0.0
cooperation_probability/DD: 0.0
cooperation_probability/START: 0.5
state_probability/CC: 0.0
state_probability/CD: 0.0
state_probability/DC: 0.0
state_probability/DD: 0.9867550134658813
state_probability/START: 0.013245034031569958
state_visitation/CC: 0.0
state_visitation/CD: 0.0
state_visitation/DC: 0.0
state_visitation/DD: 14900.0
state_visitation/START: 200.0
Average Reward per Timestep: (-2.0, -2.0)

Episode 650
cooperation_probability/CC: 0.0
cooperation_probability/CD: 0.0
cooperation_probability/DC: 0.0
cooperation_probability/DD: 0.0
cooperation_probability/START: 0.5
state_probability/CC: 0.0
state_probability/CD: 0.0
state_probability/DC: 0.0
state_probability/DD: 0.9867550134658813
state_probability/START: 0.013245034031569958
state_visitation/CC: 0.0
state_visitation/CD: 0.0
state_visitation/DC: 0.0
state_visitation/DD: 14900.0
state_visitation/START: 200.0
Average Reward per Timestep: (-2.0, -2.0)

Episode 655
cooperation_probability/CC: 0.0
cooperation_probability/CD: 0.0
cooperation_probability/DC: 0.0
cooperation_probability/DD: 0.0
cooperation_probability/START: 0.5
state_probability/CC: 0.0
state_probability/CD: 0.0
state_probability/DC: 0.0
state_probability/DD: 0.9867550134658813
state_probability/START: 0.013245034031569958
state_visitation/CC: 0.0
state_visitation/CD: 0.0
state_visitation/DC: 0.0
state_visitation/DD: 14900.0
state_visitation/START: 200.0
Average Reward per Timestep: (-2.0, -2.0)

Episode 660
cooperation_probability/CC: 0.0
cooperation_probability/CD: 0.0
cooperation_probability/DC: 0.0
cooperation_probability/DD: 0.0
cooperation_probability/START: 0.5
state_probability/CC: 0.0
state_probability/CD: 0.0
state_probability/DC: 0.0
state_probability/DD: 0.9867550134658813
state_probability/START: 0.013245034031569958
state_visitation/CC: 0.0
state_visitation/CD: 0.0
state_visitation/DC: 0.0
state_visitation/DD: 14900.0
state_visitation/START: 200.0
Average Reward per Timestep: (-2.0, -2.0)

Episode 665
cooperation_probability/CC: 0.0
cooperation_probability/CD: 0.0
cooperation_probability/DC: 0.0
cooperation_probability/DD: 0.0
cooperation_probability/START: 0.5
state_probability/CC: 0.0
state_probability/CD: 0.0
state_probability/DC: 0.0
state_probability/DD: 0.9867550134658813
state_probability/START: 0.013245034031569958
state_visitation/CC: 0.0
state_visitation/CD: 0.0
state_visitation/DC: 0.0
state_visitation/DD: 14900.0
state_visitation/START: 200.0
Average Reward per Timestep: (-2.0, -2.0)

Episode 670
cooperation_probability/CC: 0.0
cooperation_probability/CD: 0.0
cooperation_probability/DC: 0.0
cooperation_probability/DD: 0.0
cooperation_probability/START: 0.5
state_probability/CC: 0.0
state_probability/CD: 0.0
state_probability/DC: 0.0
state_probability/DD: 0.9867550134658813
state_probability/START: 0.013245034031569958
state_visitation/CC: 0.0
state_visitation/CD: 0.0
state_visitation/DC: 0.0
state_visitation/DD: 14900.0
state_visitation/START: 200.0
Average Reward per Timestep: (-2.0, -2.0)

Episode 675
cooperation_probability/CC: 0.0
cooperation_probability/CD: 0.0
cooperation_probability/DC: 0.0
cooperation_probability/DD: 0.0
cooperation_probability/START: 0.5
state_probability/CC: 0.0
state_probability/CD: 0.0
state_probability/DC: 0.0
state_probability/DD: 0.9867550134658813
state_probability/START: 0.013245034031569958
state_visitation/CC: 0.0
state_visitation/CD: 0.0
state_visitation/DC: 0.0
state_visitation/DD: 14900.0
state_visitation/START: 200.0
Average Reward per Timestep: (-2.0, -2.0)

Episode 680
cooperation_probability/CC: 0.0
cooperation_probability/CD: 0.0
cooperation_probability/DC: 0.0
cooperation_probability/DD: 0.0
cooperation_probability/START: 0.5
state_probability/CC: 0.0
state_probability/CD: 0.0
state_probability/DC: 0.0
state_probability/DD: 0.9867550134658813
state_probability/START: 0.013245034031569958
state_visitation/CC: 0.0
state_visitation/CD: 0.0
state_visitation/DC: 0.0
state_visitation/DD: 14900.0
state_visitation/START: 200.0
Average Reward per Timestep: (-2.0, -2.0)

Episode 685
cooperation_probability/CC: 0.0
cooperation_probability/CD: 0.0
cooperation_probability/DC: 0.0
cooperation_probability/DD: 0.0
cooperation_probability/START: 0.5
state_probability/CC: 0.0
state_probability/CD: 0.0
state_probability/DC: 0.0
state_probability/DD: 0.9867550134658813
state_probability/START: 0.013245034031569958
state_visitation/CC: 0.0
state_visitation/CD: 0.0
state_visitation/DC: 0.0
state_visitation/DD: 14900.0
state_visitation/START: 200.0
Average Reward per Timestep: (-2.0, -2.0)

Episode 690
cooperation_probability/CC: 0.0
cooperation_probability/CD: 0.0
cooperation_probability/DC: 0.0
cooperation_probability/DD: 0.0
cooperation_probability/START: 0.5
state_probability/CC: 0.0
state_probability/CD: 0.0
state_probability/DC: 0.0
state_probability/DD: 0.9867550134658813
state_probability/START: 0.013245034031569958
state_visitation/CC: 0.0
state_visitation/CD: 0.0
state_visitation/DC: 0.0
state_visitation/DD: 14900.0
state_visitation/START: 200.0
Average Reward per Timestep: (-2.0, -2.0)

Episode 695
cooperation_probability/CC: 0.0
cooperation_probability/CD: 0.0
cooperation_probability/DC: 0.0
cooperation_probability/DD: 0.0
cooperation_probability/START: 0.5
state_probability/CC: 0.0
state_probability/CD: 0.0
state_probability/DC: 0.0
state_probability/DD: 0.9867550134658813
state_probability/START: 0.013245034031569958
state_visitation/CC: 0.0
state_visitation/CD: 0.0
state_visitation/DC: 0.0
state_visitation/DD: 14900.0
state_visitation/START: 200.0
Average Reward per Timestep: (-2.0, -2.0)

Saving iteration 700 locally and to WandB
Episode 700
cooperation_probability/CC: 0.0
cooperation_probability/CD: 0.0
cooperation_probability/DC: 0.0
cooperation_probability/DD: 0.0
cooperation_probability/START: 0.5
state_probability/CC: 0.0
state_probability/CD: 0.0
state_probability/DC: 0.0
state_probability/DD: 0.9867550134658813
state_probability/START: 0.013245034031569958
state_visitation/CC: 0.0
state_visitation/CD: 0.0
state_visitation/DC: 0.0
state_visitation/DD: 14900.0
state_visitation/START: 200.0
Average Reward per Timestep: (-2.0, -2.0)

Episode 705
cooperation_probability/CC: 0.0
cooperation_probability/CD: 0.0
cooperation_probability/DC: 0.0
cooperation_probability/DD: 0.0
cooperation_probability/START: 0.5
state_probability/CC: 0.0
state_probability/CD: 0.0
state_probability/DC: 0.0
state_probability/DD: 0.9867550134658813
state_probability/START: 0.013245034031569958
state_visitation/CC: 0.0
state_visitation/CD: 0.0
state_visitation/DC: 0.0
state_visitation/DD: 14900.0
state_visitation/START: 200.0
Average Reward per Timestep: (-2.0, -2.0)

Episode 710
cooperation_probability/CC: 0.0
cooperation_probability/CD: 0.0
cooperation_probability/DC: 0.0
cooperation_probability/DD: 0.0
cooperation_probability/START: 0.5
state_probability/CC: 0.0
state_probability/CD: 0.0
state_probability/DC: 0.0
state_probability/DD: 0.9867550134658813
state_probability/START: 0.013245034031569958
state_visitation/CC: 0.0
state_visitation/CD: 0.0
state_visitation/DC: 0.0
state_visitation/DD: 14900.0
state_visitation/START: 200.0
Average Reward per Timestep: (-2.0, -2.0)

Episode 715
cooperation_probability/CC: 0.0
cooperation_probability/CD: 0.0
cooperation_probability/DC: 0.0
cooperation_probability/DD: 0.0
cooperation_probability/START: 0.5
state_probability/CC: 0.0
state_probability/CD: 0.0
state_probability/DC: 0.0
state_probability/DD: 0.9867550134658813
state_probability/START: 0.013245034031569958
state_visitation/CC: 0.0
state_visitation/CD: 0.0
state_visitation/DC: 0.0
state_visitation/DD: 14900.0
state_visitation/START: 200.0
Average Reward per Timestep: (-2.0, -2.0)

Episode 720
cooperation_probability/CC: 0.0
cooperation_probability/CD: 0.0
cooperation_probability/DC: 0.0
cooperation_probability/DD: 0.0
cooperation_probability/START: 0.5
state_probability/CC: 0.0
state_probability/CD: 0.0
state_probability/DC: 0.0
state_probability/DD: 0.9867550134658813
state_probability/START: 0.013245034031569958
state_visitation/CC: 0.0
state_visitation/CD: 0.0
state_visitation/DC: 0.0
state_visitation/DD: 14900.0
state_visitation/START: 200.0
Average Reward per Timestep: (-2.0, -2.0)

Episode 725
cooperation_probability/CC: 0.0
cooperation_probability/CD: 0.0
cooperation_probability/DC: 0.0
cooperation_probability/DD: 0.0
cooperation_probability/START: 0.5
state_probability/CC: 0.0
state_probability/CD: 0.0
state_probability/DC: 0.0
state_probability/DD: 0.9867550134658813
state_probability/START: 0.013245034031569958
state_visitation/CC: 0.0
state_visitation/CD: 0.0
state_visitation/DC: 0.0
state_visitation/DD: 14900.0
state_visitation/START: 200.0
Average Reward per Timestep: (-2.0, -2.0)

Episode 730
cooperation_probability/CC: 0.0
cooperation_probability/CD: 0.0
cooperation_probability/DC: 0.5
cooperation_probability/DD: 0.0
cooperation_probability/START: 0.5
state_probability/CC: 0.0
state_probability/CD: 6.622516957577318e-05
state_probability/DC: 0.00013245033915154636
state_probability/DD: 0.986556351184845
state_probability/START: 0.013245034031569958
state_visitation/CC: 0.0
state_visitation/CD: 1.0
state_visitation/DC: 2.0
state_visitation/DD: 14897.0
state_visitation/START: 200.0
Average Reward per Timestep: (-1.9997999668121338, -2.0)

Episode 735
cooperation_probability/CC: 0.0
cooperation_probability/CD: 0.0
cooperation_probability/DC: 0.5
cooperation_probability/DD: 0.0
cooperation_probability/START: 0.5
state_probability/CC: 0.0
state_probability/CD: 0.00013245033915154636
state_probability/DC: 0.0002649006783030927
state_probability/DD: 0.9863576889038086
state_probability/START: 0.013245034031569958
state_visitation/CC: 0.0
state_visitation/CD: 2.0
state_visitation/DC: 4.0
state_visitation/DD: 14894.0
state_visitation/START: 200.0
Average Reward per Timestep: (-1.9996000528335571, -2.0)

Episode 740
cooperation_probability/CC: 0.0
cooperation_probability/CD: 0.0
cooperation_probability/DC: 0.0
cooperation_probability/DD: 0.0
cooperation_probability/START: 0.5
state_probability/CC: 0.0
state_probability/CD: 0.0
state_probability/DC: 0.0
state_probability/DD: 0.9867550134658813
state_probability/START: 0.013245034031569958
state_visitation/CC: 0.0
state_visitation/CD: 0.0
state_visitation/DC: 0.0
state_visitation/DD: 14900.0
state_visitation/START: 200.0
Average Reward per Timestep: (-2.0, -2.0)

Episode 745
cooperation_probability/CC: 0.0
cooperation_probability/CD: 0.0
cooperation_probability/DC: 0.0
cooperation_probability/DD: 0.0
cooperation_probability/START: 0.5
state_probability/CC: 0.0
state_probability/CD: 0.0
state_probability/DC: 0.0
state_probability/DD: 0.9867550134658813
state_probability/START: 0.013245034031569958
state_visitation/CC: 0.0
state_visitation/CD: 0.0
state_visitation/DC: 0.0
state_visitation/DD: 14900.0
state_visitation/START: 200.0
Average Reward per Timestep: (-2.0, -2.0)

Episode 750
cooperation_probability/CC: 0.0
cooperation_probability/CD: 0.0
cooperation_probability/DC: 0.0
cooperation_probability/DD: 0.0
cooperation_probability/START: 0.5
state_probability/CC: 0.0
state_probability/CD: 0.0
state_probability/DC: 0.0
state_probability/DD: 0.9867550134658813
state_probability/START: 0.013245034031569958
state_visitation/CC: 0.0
state_visitation/CD: 0.0
state_visitation/DC: 0.0
state_visitation/DD: 14900.0
state_visitation/START: 200.0
Average Reward per Timestep: (-2.0, -2.0)

Episode 755
cooperation_probability/CC: 0.0
cooperation_probability/CD: 0.0
cooperation_probability/DC: 0.0
cooperation_probability/DD: 0.0026241422165185213
cooperation_probability/START: 0.5
state_probability/CC: 0.0
state_probability/CD: 0.002516556531190872
state_probability/DC: 0.0
state_probability/DD: 0.9842384457588196
state_probability/START: 0.013245034031569958
state_visitation/CC: 0.0
state_visitation/CD: 38.0
state_visitation/DC: 0.0
state_visitation/DD: 14862.0
state_visitation/START: 200.0
Average Reward per Timestep: (-2.0025999546051025, -1.9947999715805054)

Episode 760
cooperation_probability/CC: 0.0
cooperation_probability/CD: 0.0
cooperation_probability/DC: 0.0
cooperation_probability/DD: 0.0
cooperation_probability/START: 0.5
state_probability/CC: 0.0
state_probability/CD: 0.0
state_probability/DC: 0.0
state_probability/DD: 0.9867550134658813
state_probability/START: 0.013245034031569958
state_visitation/CC: 0.0
state_visitation/CD: 0.0
state_visitation/DC: 0.0
state_visitation/DD: 14900.0
state_visitation/START: 200.0
Average Reward per Timestep: (-2.0, -2.0)

Episode 765
cooperation_probability/CC: 0.0
cooperation_probability/CD: 0.0
cooperation_probability/DC: 0.0
cooperation_probability/DD: 0.0
cooperation_probability/START: 0.5
state_probability/CC: 0.0
state_probability/CD: 0.0
state_probability/DC: 0.0
state_probability/DD: 0.9867550134658813
state_probability/START: 0.013245034031569958
state_visitation/CC: 0.0
state_visitation/CD: 0.0
state_visitation/DC: 0.0
state_visitation/DD: 14900.0
state_visitation/START: 200.0
Average Reward per Timestep: (-2.0, -2.0)

Episode 770
cooperation_probability/CC: 0.0
cooperation_probability/CD: 0.0
cooperation_probability/DC: 0.0
cooperation_probability/DD: 0.0
cooperation_probability/START: 0.5
state_probability/CC: 0.0
state_probability/CD: 0.0
state_probability/DC: 0.0
state_probability/DD: 0.9867550134658813
state_probability/START: 0.013245034031569958
state_visitation/CC: 0.0
state_visitation/CD: 0.0
state_visitation/DC: 0.0
state_visitation/DD: 14900.0
state_visitation/START: 200.0
Average Reward per Timestep: (-2.0, -2.0)

Episode 775
cooperation_probability/CC: 0.0
cooperation_probability/CD: 0.0
cooperation_probability/DC: 0.0
cooperation_probability/DD: 0.0
cooperation_probability/START: 0.5
state_probability/CC: 0.0
state_probability/CD: 0.0
state_probability/DC: 0.0
state_probability/DD: 0.9867550134658813
state_probability/START: 0.013245034031569958
state_visitation/CC: 0.0
state_visitation/CD: 0.0
state_visitation/DC: 0.0
state_visitation/DD: 14900.0
state_visitation/START: 200.0
Average Reward per Timestep: (-2.0, -2.0)

Episode 780
cooperation_probability/CC: 0.0
cooperation_probability/CD: 0.0
cooperation_probability/DC: 0.0
cooperation_probability/DD: 0.0
cooperation_probability/START: 0.5
state_probability/CC: 0.0
state_probability/CD: 0.0
state_probability/DC: 0.0
state_probability/DD: 0.9867550134658813
state_probability/START: 0.013245034031569958
state_visitation/CC: 0.0
state_visitation/CD: 0.0
state_visitation/DC: 0.0
state_visitation/DD: 14900.0
state_visitation/START: 200.0
Average Reward per Timestep: (-2.0, -2.0)

Episode 785
cooperation_probability/CC: 0.0
cooperation_probability/CD: 0.0
cooperation_probability/DC: 0.0
cooperation_probability/DD: 0.0
cooperation_probability/START: 0.5
state_probability/CC: 0.0
state_probability/CD: 0.0
state_probability/DC: 0.0
state_probability/DD: 0.9867550134658813
state_probability/START: 0.013245034031569958
state_visitation/CC: 0.0
state_visitation/CD: 0.0
state_visitation/DC: 0.0
state_visitation/DD: 14900.0
state_visitation/START: 200.0
Average Reward per Timestep: (-2.0, -2.0)

Episode 790
cooperation_probability/CC: 0.0
cooperation_probability/CD: 0.0
cooperation_probability/DC: 0.0
cooperation_probability/DD: 0.0
cooperation_probability/START: 0.5
state_probability/CC: 0.0
state_probability/CD: 0.0
state_probability/DC: 0.0
state_probability/DD: 0.9867550134658813
state_probability/START: 0.013245034031569958
state_visitation/CC: 0.0
state_visitation/CD: 0.0
state_visitation/DC: 0.0
state_visitation/DD: 14900.0
state_visitation/START: 200.0
Average Reward per Timestep: (-2.0, -2.0)

Episode 795
cooperation_probability/CC: 0.0
cooperation_probability/CD: 0.0
cooperation_probability/DC: 0.0
cooperation_probability/DD: 0.0
cooperation_probability/START: 0.5
state_probability/CC: 0.0
state_probability/CD: 0.0
state_probability/DC: 0.0
state_probability/DD: 0.9867550134658813
state_probability/START: 0.013245034031569958
state_visitation/CC: 0.0
state_visitation/CD: 0.0
state_visitation/DC: 0.0
state_visitation/DD: 14900.0
state_visitation/START: 200.0
Average Reward per Timestep: (-2.0, -2.0)

Saving iteration 800 locally and to WandB
Episode 800
cooperation_probability/CC: 0.0
cooperation_probability/CD: 0.0
cooperation_probability/DC: 0.0
cooperation_probability/DD: 0.0
cooperation_probability/START: 0.5
state_probability/CC: 0.0
state_probability/CD: 0.0
state_probability/DC: 0.0
state_probability/DD: 0.9867550134658813
state_probability/START: 0.013245034031569958
state_visitation/CC: 0.0
state_visitation/CD: 0.0
state_visitation/DC: 0.0
state_visitation/DD: 14900.0
state_visitation/START: 200.0
Average Reward per Timestep: (-2.0, -2.0)

Episode 805
cooperation_probability/CC: 0.0
cooperation_probability/CD: 0.0
cooperation_probability/DC: 0.0
cooperation_probability/DD: 0.0
cooperation_probability/START: 0.5
state_probability/CC: 0.0
state_probability/CD: 0.0
state_probability/DC: 0.0
state_probability/DD: 0.9867550134658813
state_probability/START: 0.013245034031569958
state_visitation/CC: 0.0
state_visitation/CD: 0.0
state_visitation/DC: 0.0
state_visitation/DD: 14900.0
state_visitation/START: 200.0
Average Reward per Timestep: (-2.0, -2.0)

Episode 810
cooperation_probability/CC: 0.0
cooperation_probability/CD: 0.0
cooperation_probability/DC: 0.0
cooperation_probability/DD: 0.0
cooperation_probability/START: 0.5
state_probability/CC: 0.0
state_probability/CD: 0.0
state_probability/DC: 0.0
state_probability/DD: 0.9867550134658813
state_probability/START: 0.013245034031569958
state_visitation/CC: 0.0
state_visitation/CD: 0.0
state_visitation/DC: 0.0
state_visitation/DD: 14900.0
state_visitation/START: 200.0
Average Reward per Timestep: (-2.0, -2.0)

Episode 815
cooperation_probability/CC: 0.0
cooperation_probability/CD: 0.0
cooperation_probability/DC: 0.0
cooperation_probability/DD: 0.0
cooperation_probability/START: 0.5
state_probability/CC: 0.0
state_probability/CD: 0.0
state_probability/DC: 0.0
state_probability/DD: 0.9867550134658813
state_probability/START: 0.013245034031569958
state_visitation/CC: 0.0
state_visitation/CD: 0.0
state_visitation/DC: 0.0
state_visitation/DD: 14900.0
state_visitation/START: 200.0
Average Reward per Timestep: (-2.0, -2.0)

Episode 820
cooperation_probability/CC: 0.0
cooperation_probability/CD: 0.0
cooperation_probability/DC: 0.0
cooperation_probability/DD: 0.0
cooperation_probability/START: 0.5
state_probability/CC: 0.0
state_probability/CD: 0.0
state_probability/DC: 0.0
state_probability/DD: 0.9867550134658813
state_probability/START: 0.013245034031569958
state_visitation/CC: 0.0
state_visitation/CD: 0.0
state_visitation/DC: 0.0
state_visitation/DD: 14900.0
state_visitation/START: 200.0
Average Reward per Timestep: (-2.0, -2.0)

Episode 825
cooperation_probability/CC: 0.0
cooperation_probability/CD: 0.0
cooperation_probability/DC: 0.0
cooperation_probability/DD: 0.0
cooperation_probability/START: 0.5
state_probability/CC: 0.0
state_probability/CD: 0.0
state_probability/DC: 0.0
state_probability/DD: 0.9867550134658813
state_probability/START: 0.013245034031569958
state_visitation/CC: 0.0
state_visitation/CD: 0.0
state_visitation/DC: 0.0
state_visitation/DD: 14900.0
state_visitation/START: 200.0
Average Reward per Timestep: (-2.0, -2.0)

Episode 830
cooperation_probability/CC: 0.0
cooperation_probability/CD: 0.0
cooperation_probability/DC: 0.0
cooperation_probability/DD: 0.0
cooperation_probability/START: 0.5
state_probability/CC: 0.0
state_probability/CD: 0.0
state_probability/DC: 0.0
state_probability/DD: 0.9867550134658813
state_probability/START: 0.013245034031569958
state_visitation/CC: 0.0
state_visitation/CD: 0.0
state_visitation/DC: 0.0
state_visitation/DD: 14900.0
state_visitation/START: 200.0
Average Reward per Timestep: (-2.0, -2.0)

Episode 835
cooperation_probability/CC: 0.0
cooperation_probability/CD: 0.0
cooperation_probability/DC: 0.0
cooperation_probability/DD: 0.0
cooperation_probability/START: 0.5
state_probability/CC: 0.0
state_probability/CD: 0.0
state_probability/DC: 0.0
state_probability/DD: 0.9867550134658813
state_probability/START: 0.013245034031569958
state_visitation/CC: 0.0
state_visitation/CD: 0.0
state_visitation/DC: 0.0
state_visitation/DD: 14900.0
state_visitation/START: 200.0
Average Reward per Timestep: (-2.0, -2.0)

Episode 840
cooperation_probability/CC: 0.0
cooperation_probability/CD: 0.0
cooperation_probability/DC: 0.0
cooperation_probability/DD: 0.0
cooperation_probability/START: 0.5
state_probability/CC: 0.0
state_probability/CD: 0.0
state_probability/DC: 0.0
state_probability/DD: 0.9867550134658813
state_probability/START: 0.013245034031569958
state_visitation/CC: 0.0
state_visitation/CD: 0.0
state_visitation/DC: 0.0
state_visitation/DD: 14900.0
state_visitation/START: 200.0
Average Reward per Timestep: (-2.0, -2.0)

Episode 845
cooperation_probability/CC: 0.0
cooperation_probability/CD: 0.0
cooperation_probability/DC: 0.0
cooperation_probability/DD: 0.0
cooperation_probability/START: 0.5
state_probability/CC: 0.0
state_probability/CD: 0.0
state_probability/DC: 0.0
state_probability/DD: 0.9867550134658813
state_probability/START: 0.013245034031569958
state_visitation/CC: 0.0
state_visitation/CD: 0.0
state_visitation/DC: 0.0
state_visitation/DD: 14900.0
state_visitation/START: 200.0
Average Reward per Timestep: (-2.0, -2.0)

Episode 850
cooperation_probability/CC: 0.0
cooperation_probability/CD: 0.0
cooperation_probability/DC: 0.0
cooperation_probability/DD: 0.0
cooperation_probability/START: 0.5
state_probability/CC: 0.0
state_probability/CD: 0.0
state_probability/DC: 0.0
state_probability/DD: 0.9867550134658813
state_probability/START: 0.013245034031569958
state_visitation/CC: 0.0
state_visitation/CD: 0.0
state_visitation/DC: 0.0
state_visitation/DD: 14900.0
state_visitation/START: 200.0
Average Reward per Timestep: (-2.0, -2.0)

Episode 855
cooperation_probability/CC: 0.0
cooperation_probability/CD: 0.0
cooperation_probability/DC: 0.0
cooperation_probability/DD: 0.0
cooperation_probability/START: 0.5
state_probability/CC: 0.0
state_probability/CD: 0.0
state_probability/DC: 0.0
state_probability/DD: 0.9867550134658813
state_probability/START: 0.013245034031569958
state_visitation/CC: 0.0
state_visitation/CD: 0.0
state_visitation/DC: 0.0
state_visitation/DD: 14900.0
state_visitation/START: 200.0
Average Reward per Timestep: (-2.0, -2.0)

Episode 860
cooperation_probability/CC: 0.0
cooperation_probability/CD: 0.0
cooperation_probability/DC: 0.0
cooperation_probability/DD: 0.0
cooperation_probability/START: 0.5
state_probability/CC: 0.0
state_probability/CD: 0.0
state_probability/DC: 0.0
state_probability/DD: 0.9867550134658813
state_probability/START: 0.013245034031569958
state_visitation/CC: 0.0
state_visitation/CD: 0.0
state_visitation/DC: 0.0
state_visitation/DD: 14900.0
state_visitation/START: 200.0
Average Reward per Timestep: (-2.0, -2.0)

Episode 865
cooperation_probability/CC: 0.0
cooperation_probability/CD: 0.0
cooperation_probability/DC: 0.0
cooperation_probability/DD: 0.0
cooperation_probability/START: 0.5
state_probability/CC: 0.0
state_probability/CD: 0.0
state_probability/DC: 0.0
state_probability/DD: 0.9867550134658813
state_probability/START: 0.013245034031569958
state_visitation/CC: 0.0
state_visitation/CD: 0.0
state_visitation/DC: 0.0
state_visitation/DD: 14900.0
state_visitation/START: 200.0
Average Reward per Timestep: (-2.0, -2.0)

Episode 870
cooperation_probability/CC: 0.0
cooperation_probability/CD: 0.0
cooperation_probability/DC: 0.0
cooperation_probability/DD: 0.0
cooperation_probability/START: 0.5
state_probability/CC: 0.0
state_probability/CD: 0.0
state_probability/DC: 0.0
state_probability/DD: 0.9867550134658813
state_probability/START: 0.013245034031569958
state_visitation/CC: 0.0
state_visitation/CD: 0.0
state_visitation/DC: 0.0
state_visitation/DD: 14900.0
state_visitation/START: 200.0
Average Reward per Timestep: (-2.0, -2.0)

Episode 875
cooperation_probability/CC: 0.0
cooperation_probability/CD: 0.0
cooperation_probability/DC: 0.0
cooperation_probability/DD: 0.0
cooperation_probability/START: 0.5
state_probability/CC: 0.0
state_probability/CD: 0.0
state_probability/DC: 0.0
state_probability/DD: 0.9867550134658813
state_probability/START: 0.013245034031569958
state_visitation/CC: 0.0
state_visitation/CD: 0.0
state_visitation/DC: 0.0
state_visitation/DD: 14900.0
state_visitation/START: 200.0
Average Reward per Timestep: (-2.0, -2.0)

Episode 880
cooperation_probability/CC: 0.0
cooperation_probability/CD: 0.0
cooperation_probability/DC: 0.0
cooperation_probability/DD: 0.0
cooperation_probability/START: 0.5
state_probability/CC: 0.0
state_probability/CD: 0.0
state_probability/DC: 0.0
state_probability/DD: 0.9867550134658813
state_probability/START: 0.013245034031569958
state_visitation/CC: 0.0
state_visitation/CD: 0.0
state_visitation/DC: 0.0
state_visitation/DD: 14900.0
state_visitation/START: 200.0
Average Reward per Timestep: (-2.0, -2.0)

Episode 885
cooperation_probability/CC: 0.0
cooperation_probability/CD: 0.0
cooperation_probability/DC: 0.0
cooperation_probability/DD: 0.0
cooperation_probability/START: 0.5
state_probability/CC: 0.0
state_probability/CD: 0.0
state_probability/DC: 0.0
state_probability/DD: 0.9867550134658813
state_probability/START: 0.013245034031569958
state_visitation/CC: 0.0
state_visitation/CD: 0.0
state_visitation/DC: 0.0
state_visitation/DD: 14900.0
state_visitation/START: 200.0
Average Reward per Timestep: (-2.0, -2.0)

Episode 890
cooperation_probability/CC: 0.0
cooperation_probability/CD: 0.0
cooperation_probability/DC: 0.0
cooperation_probability/DD: 0.0
cooperation_probability/START: 0.5
state_probability/CC: 0.0
state_probability/CD: 0.0
state_probability/DC: 0.0
state_probability/DD: 0.9867550134658813
state_probability/START: 0.013245034031569958
state_visitation/CC: 0.0
state_visitation/CD: 0.0
state_visitation/DC: 0.0
state_visitation/DD: 14900.0
state_visitation/START: 200.0
Average Reward per Timestep: (-2.0, -2.0)

Episode 895
cooperation_probability/CC: 0.0
cooperation_probability/CD: 0.0
cooperation_probability/DC: 0.0
cooperation_probability/DD: 0.0
cooperation_probability/START: 0.5
state_probability/CC: 0.0
state_probability/CD: 0.0
state_probability/DC: 0.0
state_probability/DD: 0.9867550134658813
state_probability/START: 0.013245034031569958
state_visitation/CC: 0.0
state_visitation/CD: 0.0
state_visitation/DC: 0.0
state_visitation/DD: 14900.0
state_visitation/START: 200.0
Average Reward per Timestep: (-2.0, -2.0)

Saving iteration 900 locally and to WandB
Episode 900
cooperation_probability/CC: 0.0
cooperation_probability/CD: 0.0
cooperation_probability/DC: 0.0
cooperation_probability/DD: 0.0
cooperation_probability/START: 0.5
state_probability/CC: 0.0
state_probability/CD: 0.0
state_probability/DC: 0.0
state_probability/DD: 0.9867550134658813
state_probability/START: 0.013245034031569958
state_visitation/CC: 0.0
state_visitation/CD: 0.0
state_visitation/DC: 0.0
state_visitation/DD: 14900.0
state_visitation/START: 200.0
Average Reward per Timestep: (-2.0, -2.0)

Episode 905
cooperation_probability/CC: 0.0
cooperation_probability/CD: 0.0
cooperation_probability/DC: 0.0
cooperation_probability/DD: 0.0
cooperation_probability/START: 0.5
state_probability/CC: 0.0
state_probability/CD: 0.0
state_probability/DC: 0.0
state_probability/DD: 0.9867550134658813
state_probability/START: 0.013245034031569958
state_visitation/CC: 0.0
state_visitation/CD: 0.0
state_visitation/DC: 0.0
state_visitation/DD: 14900.0
state_visitation/START: 200.0
Average Reward per Timestep: (-2.0, -2.0)

Episode 910
cooperation_probability/CC: 0.0
cooperation_probability/CD: 0.0
cooperation_probability/DC: 1.0
cooperation_probability/DD: 0.0
cooperation_probability/START: 0.5
state_probability/CC: 0.0
state_probability/CD: 6.622516957577318e-05
state_probability/DC: 6.622516957577318e-05
state_probability/DD: 0.9866225719451904
state_probability/START: 0.013245034031569958
state_visitation/CC: 0.0
state_visitation/CD: 1.0
state_visitation/DC: 1.0
state_visitation/DD: 14898.0
state_visitation/START: 200.0
Average Reward per Timestep: (-1.9999333620071411, -1.9999333620071411)

Episode 915
cooperation_probability/CC: 0.0
cooperation_probability/CD: 0.0
cooperation_probability/DC: 0.0
cooperation_probability/DD: 0.0
cooperation_probability/START: 0.5
state_probability/CC: 0.0
state_probability/CD: 0.0
state_probability/DC: 0.0
state_probability/DD: 0.9867550134658813
state_probability/START: 0.013245034031569958
state_visitation/CC: 0.0
state_visitation/CD: 0.0
state_visitation/DC: 0.0
state_visitation/DD: 14900.0
state_visitation/START: 200.0
Average Reward per Timestep: (-2.0, -2.0)

Episode 920
cooperation_probability/CC: 0.0
cooperation_probability/CD: 0.0
cooperation_probability/DC: 0.0
cooperation_probability/DD: 0.0
cooperation_probability/START: 0.5
state_probability/CC: 0.0
state_probability/CD: 0.0
state_probability/DC: 0.0
state_probability/DD: 0.9867550134658813
state_probability/START: 0.013245034031569958
state_visitation/CC: 0.0
state_visitation/CD: 0.0
state_visitation/DC: 0.0
state_visitation/DD: 14900.0
state_visitation/START: 200.0
Average Reward per Timestep: (-2.0, -2.0)

Episode 925
cooperation_probability/CC: 0.0
cooperation_probability/CD: 0.0
cooperation_probability/DC: 0.0
cooperation_probability/DD: 0.0
cooperation_probability/START: 0.5
state_probability/CC: 0.0
state_probability/CD: 0.0
state_probability/DC: 0.0
state_probability/DD: 0.9867550134658813
state_probability/START: 0.013245034031569958
state_visitation/CC: 0.0
state_visitation/CD: 0.0
state_visitation/DC: 0.0
state_visitation/DD: 14900.0
state_visitation/START: 200.0
Average Reward per Timestep: (-2.0, -2.0)

Episode 930
cooperation_probability/CC: 0.0
cooperation_probability/CD: 0.0
cooperation_probability/DC: 0.0
cooperation_probability/DD: 0.0
cooperation_probability/START: 0.5
state_probability/CC: 0.0
state_probability/CD: 0.0
state_probability/DC: 0.0
state_probability/DD: 0.9867550134658813
state_probability/START: 0.013245034031569958
state_visitation/CC: 0.0
state_visitation/CD: 0.0
state_visitation/DC: 0.0
state_visitation/DD: 14900.0
state_visitation/START: 200.0
Average Reward per Timestep: (-2.0, -2.0)

Episode 935
cooperation_probability/CC: 0.0
cooperation_probability/CD: 0.0
cooperation_probability/DC: 0.0
cooperation_probability/DD: 0.0
cooperation_probability/START: 0.5
state_probability/CC: 0.0
state_probability/CD: 0.0
state_probability/DC: 0.0
state_probability/DD: 0.9867550134658813
state_probability/START: 0.013245034031569958
state_visitation/CC: 0.0
state_visitation/CD: 0.0
state_visitation/DC: 0.0
state_visitation/DD: 14900.0
state_visitation/START: 200.0
Average Reward per Timestep: (-2.0, -2.0)

Episode 940
cooperation_probability/CC: 0.0
cooperation_probability/CD: 0.0
cooperation_probability/DC: 0.0
cooperation_probability/DD: 0.0
cooperation_probability/START: 0.5
state_probability/CC: 0.0
state_probability/CD: 0.0
state_probability/DC: 0.0
state_probability/DD: 0.9867550134658813
state_probability/START: 0.013245034031569958
state_visitation/CC: 0.0
state_visitation/CD: 0.0
state_visitation/DC: 0.0
state_visitation/DD: 14900.0
state_visitation/START: 200.0
Average Reward per Timestep: (-2.0, -2.0)

Episode 945
cooperation_probability/CC: 0.0
cooperation_probability/CD: 0.0
cooperation_probability/DC: 0.0
cooperation_probability/DD: 0.0
cooperation_probability/START: 0.5
state_probability/CC: 0.0
state_probability/CD: 0.0
state_probability/DC: 0.0
state_probability/DD: 0.9867550134658813
state_probability/START: 0.013245034031569958
state_visitation/CC: 0.0
state_visitation/CD: 0.0
state_visitation/DC: 0.0
state_visitation/DD: 14900.0
state_visitation/START: 200.0
Average Reward per Timestep: (-2.0, -2.0)

Episode 950
cooperation_probability/CC: 0.0
cooperation_probability/CD: 0.0
cooperation_probability/DC: 0.0
cooperation_probability/DD: 0.0
cooperation_probability/START: 0.5
state_probability/CC: 0.0
state_probability/CD: 0.0
state_probability/DC: 0.0
state_probability/DD: 0.9867550134658813
state_probability/START: 0.013245034031569958
state_visitation/CC: 0.0
state_visitation/CD: 0.0
state_visitation/DC: 0.0
state_visitation/DD: 14900.0
state_visitation/START: 200.0
Average Reward per Timestep: (-2.0, -2.0)

Episode 955
cooperation_probability/CC: 0.0
cooperation_probability/CD: 0.0
cooperation_probability/DC: 0.0
cooperation_probability/DD: 0.0
cooperation_probability/START: 0.5
state_probability/CC: 0.0
state_probability/CD: 0.0
state_probability/DC: 0.0
state_probability/DD: 0.9867550134658813
state_probability/START: 0.013245034031569958
state_visitation/CC: 0.0
state_visitation/CD: 0.0
state_visitation/DC: 0.0
state_visitation/DD: 14900.0
state_visitation/START: 200.0
Average Reward per Timestep: (-2.0, -2.0)

Episode 960
cooperation_probability/CC: 0.0
cooperation_probability/CD: 0.0
cooperation_probability/DC: 0.0
cooperation_probability/DD: 0.0
cooperation_probability/START: 0.5
state_probability/CC: 0.0
state_probability/CD: 0.0
state_probability/DC: 0.0
state_probability/DD: 0.9867550134658813
state_probability/START: 0.013245034031569958
state_visitation/CC: 0.0
state_visitation/CD: 0.0
state_visitation/DC: 0.0
state_visitation/DD: 14900.0
state_visitation/START: 200.0
Average Reward per Timestep: (-2.0, -2.0)

Episode 965
cooperation_probability/CC: 0.0
cooperation_probability/CD: 0.0
cooperation_probability/DC: 0.0
cooperation_probability/DD: 0.0
cooperation_probability/START: 0.5
state_probability/CC: 0.0
state_probability/CD: 0.0
state_probability/DC: 0.0
state_probability/DD: 0.9867550134658813
state_probability/START: 0.013245034031569958
state_visitation/CC: 0.0
state_visitation/CD: 0.0
state_visitation/DC: 0.0
state_visitation/DD: 14900.0
state_visitation/START: 200.0
Average Reward per Timestep: (-2.0, -2.0)

Episode 970
cooperation_probability/CC: 0.0
cooperation_probability/CD: 0.0
cooperation_probability/DC: 0.0
cooperation_probability/DD: 0.0
cooperation_probability/START: 0.5
state_probability/CC: 0.0
state_probability/CD: 0.0
state_probability/DC: 0.0
state_probability/DD: 0.9867550134658813
state_probability/START: 0.013245034031569958
state_visitation/CC: 0.0
state_visitation/CD: 0.0
state_visitation/DC: 0.0
state_visitation/DD: 14900.0
state_visitation/START: 200.0
Average Reward per Timestep: (-2.0, -2.0)

Episode 975
cooperation_probability/CC: 0.0
cooperation_probability/CD: 0.0
cooperation_probability/DC: 0.0
cooperation_probability/DD: 0.0
cooperation_probability/START: 0.5
state_probability/CC: 0.0
state_probability/CD: 0.0
state_probability/DC: 0.0
state_probability/DD: 0.9867550134658813
state_probability/START: 0.013245034031569958
state_visitation/CC: 0.0
state_visitation/CD: 0.0
state_visitation/DC: 0.0
state_visitation/DD: 14900.0
state_visitation/START: 200.0
Average Reward per Timestep: (-2.0, -2.0)

Episode 980
cooperation_probability/CC: 0.0
cooperation_probability/CD: 0.0
cooperation_probability/DC: 0.0
cooperation_probability/DD: 0.0
cooperation_probability/START: 0.5
state_probability/CC: 0.0
state_probability/CD: 0.0
state_probability/DC: 0.0
state_probability/DD: 0.9867550134658813
state_probability/START: 0.013245034031569958
state_visitation/CC: 0.0
state_visitation/CD: 0.0
state_visitation/DC: 0.0
state_visitation/DD: 14900.0
state_visitation/START: 200.0
Average Reward per Timestep: (-2.0, -2.0)

Episode 985
cooperation_probability/CC: 0.0
cooperation_probability/CD: 0.0
cooperation_probability/DC: 0.0
cooperation_probability/DD: 0.0
cooperation_probability/START: 0.5
state_probability/CC: 0.0
state_probability/CD: 0.0
state_probability/DC: 0.0
state_probability/DD: 0.9867550134658813
state_probability/START: 0.013245034031569958
state_visitation/CC: 0.0
state_visitation/CD: 0.0
state_visitation/DC: 0.0
state_visitation/DD: 14900.0
state_visitation/START: 200.0
Average Reward per Timestep: (-2.0, -2.0)

Episode 990
cooperation_probability/CC: 0.0
cooperation_probability/CD: 0.0
cooperation_probability/DC: 0.0
cooperation_probability/DD: 0.0
cooperation_probability/START: 0.5
state_probability/CC: 0.0
state_probability/CD: 0.0
state_probability/DC: 0.0
state_probability/DD: 0.9867550134658813
state_probability/START: 0.013245034031569958
state_visitation/CC: 0.0
state_visitation/CD: 0.0
state_visitation/DC: 0.0
state_visitation/DD: 14900.0
state_visitation/START: 200.0
Average Reward per Timestep: (-2.0, -2.0)

Episode 995
cooperation_probability/CC: 0.0
cooperation_probability/CD: 0.0
cooperation_probability/DC: 0.0
cooperation_probability/DD: 0.0
cooperation_probability/START: 0.5
state_probability/CC: 0.0
state_probability/CD: 0.0
state_probability/DC: 0.0
state_probability/DD: 0.9867550134658813
state_probability/START: 0.013245034031569958
state_visitation/CC: 0.0
state_visitation/CD: 0.0
state_visitation/DC: 0.0
state_visitation/DD: 14900.0
state_visitation/START: 200.0
Average Reward per Timestep: (-2.0, -2.0)

End R1 ipd=tabular_v_tabular: 2026-03-22 22:42:01
Elapsed: 219 seconds
>>> RECORD the final 'Average Reward per Timestep: (r1, r2)' for Phase 2b <<<
