Start R1 ipd=tabular_v_tabular: 2026-03-22 23:01:40
E0322 23:01:46.835273  216167 ptx_compiler_helpers.cc:154] *** WARNING *** Invoking ptxas with version 12.6.77, which corresponds to a CUDA version <=12.6.2. CUDA versions 12.x.y up to and including 12.6.2 miscompile certain edge cases around clamping.
Please upgrade to CUDA 12.6.3 or newer.
/home/lichenqi/pax_env_py3.11.5/lib/python3.11/site-packages/hydra/_internal/hydra.py:119: UserWarning: Future Hydra versions will no longer change working directory at job runtime by default.
See https://hydra.cc/docs/1.2/upgrades/1.1_to_1.2/changes_to_job_working_dir/ for more information.
  ret = run_job(
Jax backend: gpu
[2026-03-22 23:01:47,445][root][INFO] - => Global setup ...
wandb: WARNING `start_method` is deprecated and will be removed in a future version of wandb. This setting is currently non-functional and safely ignored.
wandb: WARNING Using a boolean value for 'reinit' is deprecated. Use 'return_previous' or 'finish_previous' instead.
wandb: Tracking run with wandb version 0.24.0
wandb: W&B syncing is set to `offline` in this directory. Run `wandb online` or set WANDB_MODE=online to enable cloud syncing.
wandb: Run data is saved locally in /localscratch/lichenqi.29035568.0/wandb/wandb/offline-run-20260322_230147-q6qpnjxk
run name run-seed-6
run id q6qpnjxk
[2026-03-22 23:01:49,334][root][INFO] - => Done in 1.889 s
[2026-03-22 23:01:49,334][root][INFO] - 
[2026-03-22 23:01:49,334][root][INFO] - => Env setup ...
[2026-03-22 23:01:49,350][root][INFO] - Env Type: sequential | Inner Episode Length: 150
[2026-03-22 23:01:49,350][root][INFO] - Outer Episode Length: 1
[2026-03-22 23:01:49,351][root][INFO] - => Done in 16.179 ms
[2026-03-22 23:01:49,351][root][INFO] - 
[2026-03-22 23:01:49,351][root][INFO] - => Agent setup ...
Making network for iterated_matrix_game
Making network for iterated_matrix_game
[2026-03-22 23:01:50,080][root][INFO] - Agent Pair: [<pax.agents.ppo.ppo.PPO object at 0x14fe3e1151d0>, <pax.agents.ppo.ppo.PPO object at 0x14fb993f08d0>]
[2026-03-22 23:01:50,080][root][INFO] - Agent seeds: [6, 7]
[2026-03-22 23:01:50,080][root][INFO] - => Done in 729.541 ms
[2026-03-22 23:01:50,081][root][INFO] - 
[2026-03-22 23:01:50,081][root][INFO] - => Watcher setup ...
[2026-03-22 23:01:50,081][root][INFO] - => Done in 221.729 us
[2026-03-22 23:01:50,081][root][INFO] - 
[2026-03-22 23:01:50,081][root][INFO] - => Runner setup ...
[2026-03-22 23:01:50,081][root][INFO] - Training with RL Runner
[2026-03-22 23:01:50,690][root][INFO] - => Done in 609.033 ms
[2026-03-22 23:01:50,691][root][INFO] - 
wandb: WARNING Symlinked 1 file into the W&B run directory; call wandb.save again to sync new files.
wandb: WARNING Symlinked 1 file into the W&B run directory; call wandb.save again to sync new files.
wandb: WARNING Symlinked 1 file into the W&B run directory; call wandb.save again to sync new files.
wandb: WARNING Symlinked 1 file into the W&B run directory; call wandb.save again to sync new files.
wandb: WARNING Symlinked 1 file into the W&B run directory; call wandb.save again to sync new files.
wandb: WARNING Symlinked 1 file into the W&B run directory; call wandb.save again to sync new files.
wandb: WARNING Symlinked 1 file into the W&B run directory; call wandb.save again to sync new files.
wandb: WARNING Symlinked 1 file into the W&B run directory; call wandb.save again to sync new files.
wandb: WARNING Symlinked 1 file into the W&B run directory; call wandb.save again to sync new files.
wandb: WARNING Symlinked 1 file into the W&B run directory; call wandb.save again to sync new files.
wandb: WARNING Symlinked 1 file into the W&B run directory; call wandb.save again to sync new files.
wandb: WARNING Symlinked 1 file into the W&B run directory; call wandb.save again to sync new files.
wandb: WARNING Symlinked 1 file into the W&B run directory; call wandb.save again to sync new files.
wandb: WARNING Symlinked 1 file into the W&B run directory; call wandb.save again to sync new files.
wandb: WARNING Symlinked 1 file into the W&B run directory; call wandb.save again to sync new files.
wandb: WARNING Symlinked 1 file into the W&B run directory; call wandb.save again to sync new files.
wandb: WARNING Symlinked 1 file into the W&B run directory; call wandb.save again to sync new files.
wandb: WARNING Symlinked 1 file into the W&B run directory; call wandb.save again to sync new files.
wandb: WARNING Symlinked 1 file into the W&B run directory; call wandb.save again to sync new files.
wandb: WARNING Symlinked 1 file into the W&B run directory; call wandb.save again to sync new files.
wandb: 
wandb: Run history:
wandb:    cooperation_probability/CC ▁▁▁▁▁▁▁▁▁▁▁▁▁▁▁▁▁▁▁▁▁▁▁▁▁▁▁▁▁▁▁▁▁▁▁▁▁▁▁▁
wandb:    cooperation_probability/CD █▁▁▁▁▁▁▁▁▁▁▁▁▁▁▁▁▁▁▁▁▁▁▁▁▁▁▁▁▁▁▁▁▁▁▁▁▁▁▁
wandb:    cooperation_probability/DC ▁▁▁▁▁▁▁▁▁▁▁▁▁▁▁▁▁▁▁▁▁▁▁▁▁▁▁▁▁▁▁▁▁▁▁▁▁▁▁▁
wandb:    cooperation_probability/DD █▁▁▁▁▁▁▁▁▁▁▁▁▁▁▁▁▁▁▁▁▁▁▁▁▁▁▁▁▁▁▁▁▁▁▁▁▁▁▁
wandb: cooperation_probability/START ▁▁▁▁▁▁▁▁▁▁▁▁▁▁▁▁▁▁▁▁▁▁▁▁▁▁▁▁▁▁▁▁▁▁▁▁▁▁▁▁
wandb:          state_probability/CC ▁▁▁▁▁▁▁▁▁▁▁▁▁▁▁▁▁▁▁▁▁▁▁▁▁▁▁▁▁▁▁▁▁▁▁▁▁▁▁▁
wandb:          state_probability/CD █▁▂▃▂▃▁▁▂▁▁▁▁▁▂▁▁▁▁▁▁▁▁▁▁▁▁▁▁▁▁▁▁▁▁▁▁▁▁▁
wandb:          state_probability/DC █▄▂▁▁▁▁▁▁▁▁▁▁▁▁▁▁▁▁▁▁▁▁▁▁▁▁▁▁▁▁▁▁▁▁▁▁▁▁▁
wandb:          state_probability/DD ▁███████████████████████████████████████
wandb:       state_probability/START ▁▁▁▁▁▁▁▁▁▁▁▁▁▁▁▁▁▁▁▁▁▁▁▁▁▁▁▁▁▁▁▁▁▁▁▁▁▁▁▁
wandb:                            +8 ...
wandb: 
wandb: Run summary:
wandb:    cooperation_probability/CC 0
wandb:    cooperation_probability/CD 0
wandb:    cooperation_probability/DC 0
wandb:    cooperation_probability/DD 0
wandb: cooperation_probability/START 0.5
wandb:          state_probability/CC 0
wandb:          state_probability/CD 0
wandb:          state_probability/DC 0
wandb:          state_probability/DD 0.98676
wandb:       state_probability/START 0.01325
wandb:                            +8 ...
wandb: 
wandb: You can sync this run to the cloud by running:
wandb: wandb sync /localscratch/lichenqi.29035568.0/wandb/wandb/offline-run-20260322_230147-q6qpnjxk
wandb: Find logs at: /localscratch/lichenqi.29035568.0/wandb/wandb/offline-run-20260322_230147-q6qpnjxk/logs
Number of Training Iterations: 1000
Number of Episodes: 1000
Training
-----------------------
Num iters 1000
Log Interval 5
Save Interval 100
Saving iteration 0 locally and to WandB
Episode 0
cooperation_probability/CC: 0.5013290643692017
cooperation_probability/CD: 0.49811723828315735
cooperation_probability/DC: 0.5025850534439087
cooperation_probability/DD: 0.5028037428855896
cooperation_probability/START: 0.7699999809265137
state_probability/CC: 0.24913908541202545
state_probability/CD: 0.24622517824172974
state_probability/DC: 0.24337749183177948
state_probability/DD: 0.24801325798034668
state_probability/START: 0.013245034031569958
state_visitation/CC: 3762.0
state_visitation/CD: 3718.0
state_visitation/DC: 3675.0
state_visitation/DD: 3745.0
state_visitation/START: 200.0
Average Reward per Timestep: (-1.503600001335144, -1.496000051498413)

Episode 5
cooperation_probability/CC: 0.0
cooperation_probability/CD: 0.012723845429718494
cooperation_probability/DC: 0.046251993626356125
cooperation_probability/DD: 0.1799270659685135
cooperation_probability/START: 0.5
state_probability/CC: 0.005629139486700296
state_probability/CD: 0.1405298113822937
state_probability/DC: 0.04152318090200424
state_probability/DD: 0.7990729212760925
state_probability/START: 0.013245034031569958
state_visitation/CC: 85.0
state_visitation/CD: 2122.0
state_visitation/DC: 627.0
state_visitation/DD: 12066.0
state_visitation/START: 200.0
Average Reward per Timestep: (-2.0528666973114014, -1.7508666515350342)

Episode 10
cooperation_probability/CC: 0.0
cooperation_probability/CD: 0.004723347257822752
cooperation_probability/DC: 0.02158273383975029
cooperation_probability/DD: 0.11268561333417892
cooperation_probability/START: 0.5099999904632568
state_probability/CC: 0.0007947020349092782
state_probability/CD: 0.09814570099115372
state_probability/DC: 0.009205298498272896
state_probability/DD: 0.878609299659729
state_probability/START: 0.013245034031569958
state_visitation/CC: 12.0
state_visitation/CD: 1482.0
state_visitation/DC: 139.0
state_visitation/DD: 13267.0
state_visitation/START: 200.0
Average Reward per Timestep: (-2.080066680908203, -1.8092666864395142)

Episode 15
cooperation_probability/CC: 0.0
cooperation_probability/CD: 0.004297994542866945
cooperation_probability/DC: 0.01123595517128706
cooperation_probability/DD: 0.1048862412571907
cooperation_probability/START: 0.5
state_probability/CC: 0.0006622517248615623
state_probability/CD: 0.0924503356218338
state_probability/DC: 0.00589404022321105
state_probability/DD: 0.8877484202384949
state_probability/START: 0.013245034031569958
state_visitation/CC: 10.0
state_visitation/CD: 1396.0
state_visitation/DC: 89.0
state_visitation/DD: 13405.0
state_visitation/START: 200.0
Average Reward per Timestep: (-2.0810000896453857, -1.8181999921798706)

Episode 20
cooperation_probability/CC: 0.0
cooperation_probability/CD: 0.0
cooperation_probability/DC: 0.0
cooperation_probability/DD: 0.002562200650572777
cooperation_probability/START: 0.5
state_probability/CC: 0.0
state_probability/CD: 0.002516556531190872
state_probability/DC: 0.0020529802422970533
state_probability/DD: 0.9821854829788208
state_probability/START: 0.013245034031569958
state_visitation/CC: 0.0
state_visitation/CD: 38.0
state_visitation/DC: 31.0
state_visitation/DD: 14831.0
state_visitation/START: 200.0
Average Reward per Timestep: (-1.9982666969299316, -1.9970667362213135)

Episode 25
cooperation_probability/CC: 0.0
cooperation_probability/CD: 0.0
cooperation_probability/DC: 0.0
cooperation_probability/DD: 0.0013462572824209929
cooperation_probability/START: 0.5
state_probability/CC: 0.0
state_probability/CD: 0.0013245034497231245
state_probability/DC: 0.0015894040698185563
state_probability/DD: 0.9838411211967468
state_probability/START: 0.013245034031569958
state_visitation/CC: 0.0
state_visitation/CD: 20.0
state_visitation/DC: 24.0
state_visitation/DD: 14856.0
state_visitation/START: 200.0
Average Reward per Timestep: (-1.9980000257492065, -1.999000072479248)

Episode 30
cooperation_probability/CC: 0.0
cooperation_probability/CD: 0.0
cooperation_probability/DC: 0.0
cooperation_probability/DD: 0.0008741258643567562
cooperation_probability/START: 0.5
state_probability/CC: 0.0
state_probability/CD: 0.0008609272190369666
state_probability/DC: 0.0009933775290846825
state_probability/DD: 0.984900712966919
state_probability/START: 0.013245034031569958
state_visitation/CC: 0.0
state_visitation/CD: 13.0
state_visitation/DC: 15.0
state_visitation/DD: 14872.0
state_visitation/START: 200.0
Average Reward per Timestep: (-1.9988666772842407, -1.9992667436599731)

Episode 35
cooperation_probability/CC: 0.0
cooperation_probability/CD: 0.0
cooperation_probability/DC: 0.0
cooperation_probability/DD: 0.0006721332902088761
cooperation_probability/START: 0.5
state_probability/CC: 0.0
state_probability/CD: 0.0006622517248615623
state_probability/DC: 0.0007947020349092782
state_probability/DD: 0.9852980971336365
state_probability/START: 0.013245034031569958
state_visitation/CC: 0.0
state_visitation/CD: 10.0
state_visitation/DC: 12.0
state_visitation/DD: 14878.0
state_visitation/START: 200.0
Average Reward per Timestep: (-1.9989333152770996, -1.9995334148406982)

Episode 40
cooperation_probability/CC: 0.0
cooperation_probability/CD: 0.0
cooperation_probability/DC: 0.029411764815449715
cooperation_probability/DD: 0.0002691608970053494
cooperation_probability/START: 0.5
state_probability/CC: 0.0
state_probability/CD: 0.0003311258624307811
state_probability/DC: 0.0022516557946801186
state_probability/DD: 0.9841722249984741
state_probability/START: 0.013245034031569958
state_visitation/CC: 0.0
state_visitation/CD: 5.0
state_visitation/DC: 34.0
state_visitation/DD: 14861.0
state_visitation/START: 200.0
Average Reward per Timestep: (-1.9958000183105469, -2.0016000270843506)

Episode 45
cooperation_probability/CC: 0.0
cooperation_probability/CD: 0.0
cooperation_probability/DC: 0.0
cooperation_probability/DD: 0.00020185709581710398
cooperation_probability/START: 0.5
state_probability/CC: 0.0
state_probability/CD: 0.00019867550872731954
state_probability/DC: 0.002317880978807807
state_probability/DD: 0.9842384457588196
state_probability/START: 0.013245034031569958
state_visitation/CC: 0.0
state_visitation/CD: 3.0
state_visitation/DC: 35.0
state_visitation/DD: 14862.0
state_visitation/START: 200.0
Average Reward per Timestep: (-1.9955333471298218, -2.0019333362579346)

Episode 50
cooperation_probability/CC: 0.0
cooperation_probability/CD: 0.0
cooperation_probability/DC: 0.0
cooperation_probability/DD: 0.0001342912728432566
cooperation_probability/START: 0.5
state_probability/CC: 0.0
state_probability/CD: 0.00013245033915154636
state_probability/DC: 0.0003311258624307811
state_probability/DD: 0.9862914681434631
state_probability/START: 0.013245034031569958
state_visitation/CC: 0.0
state_visitation/CD: 2.0
state_visitation/DC: 5.0
state_visitation/DD: 14893.0
state_visitation/START: 200.0
Average Reward per Timestep: (-1.9994666576385498, -2.0000667572021484)

Episode 55
cooperation_probability/CC: 0.0
cooperation_probability/CD: 0.0
cooperation_probability/DC: 0.0
cooperation_probability/DD: 0.00026885332772508264
cooperation_probability/START: 0.5
state_probability/CC: 0.0
state_probability/CD: 0.0002649006783030927
state_probability/DC: 0.0011920530814677477
state_probability/DD: 0.9852980971336365
state_probability/START: 0.013245034031569958
state_visitation/CC: 0.0
state_visitation/CD: 4.0
state_visitation/DC: 18.0
state_visitation/DD: 14878.0
state_visitation/START: 200.0
Average Reward per Timestep: (-1.9977333545684814, -2.0007333755493164)

Episode 60
cooperation_probability/CC: 0.0
cooperation_probability/CD: 0.0
cooperation_probability/DC: 0.0
cooperation_probability/DD: 0.0002687991363927722
cooperation_probability/START: 0.5
state_probability/CC: 0.0
state_probability/CD: 0.0002649006783030927
state_probability/DC: 0.0009933775290846825
state_probability/DD: 0.9854967594146729
state_probability/START: 0.013245034031569958
state_visitation/CC: 0.0
state_visitation/CD: 4.0
state_visitation/DC: 15.0
state_visitation/DD: 14881.0
state_visitation/START: 200.0
Average Reward per Timestep: (-1.9982666969299316, -2.0004665851593018)

Episode 65
cooperation_probability/CC: 0.0
cooperation_probability/CD: 0.0
cooperation_probability/DC: 0.0
cooperation_probability/DD: 0.00020146397582720965
cooperation_probability/START: 0.5
state_probability/CC: 0.0
state_probability/CD: 0.00019867550872731954
state_probability/DC: 0.0003973510174546391
state_probability/DD: 0.9861590266227722
state_probability/START: 0.013245034031569958
state_visitation/CC: 0.0
state_visitation/CD: 3.0
state_visitation/DC: 6.0
state_visitation/DD: 14891.0
state_visitation/START: 200.0
Average Reward per Timestep: (-1.999400019645691, -2.0)

Episode 70
cooperation_probability/CC: 0.0
cooperation_probability/CD: 0.0
cooperation_probability/DC: 0.0
cooperation_probability/DD: 0.0002685825456865132
cooperation_probability/START: 0.5
state_probability/CC: 0.0
state_probability/CD: 0.0002649006783030927
state_probability/DC: 0.00019867550872731954
state_probability/DD: 0.9862914681434631
state_probability/START: 0.013245034031569958
state_visitation/CC: 0.0
state_visitation/CD: 4.0
state_visitation/DC: 3.0
state_visitation/DD: 14893.0
state_visitation/START: 200.0
Average Reward per Timestep: (-1.9998667240142822, -1.999666690826416)

Episode 75
cooperation_probability/CC: 0.0
cooperation_probability/CD: 0.0
cooperation_probability/DC: 0.0
cooperation_probability/DD: 0.00020139635307714343
cooperation_probability/START: 0.5
state_probability/CC: 0.0
state_probability/CD: 0.00019867550872731954
state_probability/DC: 6.622516957577318e-05
state_probability/DD: 0.9864901304244995
state_probability/START: 0.013245034031569958
state_visitation/CC: 0.0
state_visitation/CD: 3.0
state_visitation/DC: 1.0
state_visitation/DD: 14896.0
state_visitation/START: 200.0
Average Reward per Timestep: (-2.0000667572021484, -1.999666690826416)

Episode 80
cooperation_probability/CC: 0.0
cooperation_probability/CD: 0.0
cooperation_probability/DC: 0.0
cooperation_probability/DD: 6.712760659866035e-05
cooperation_probability/START: 0.5
state_probability/CC: 0.0
state_probability/CD: 6.622516957577318e-05
state_probability/DC: 0.00013245033915154636
state_probability/DD: 0.986556351184845
state_probability/START: 0.013245034031569958
state_visitation/CC: 0.0
state_visitation/CD: 1.0
state_visitation/DC: 2.0
state_visitation/DD: 14897.0
state_visitation/START: 200.0
Average Reward per Timestep: (-1.9997999668121338, -2.0)

Episode 85
cooperation_probability/CC: 0.0
cooperation_probability/CD: 0.0
cooperation_probability/DC: 0.0
cooperation_probability/DD: 6.712760659866035e-05
cooperation_probability/START: 0.5
state_probability/CC: 0.0
state_probability/CD: 6.622516957577318e-05
state_probability/DC: 0.00013245033915154636
state_probability/DD: 0.986556351184845
state_probability/START: 0.013245034031569958
state_visitation/CC: 0.0
state_visitation/CD: 1.0
state_visitation/DC: 2.0
state_visitation/DD: 14897.0
state_visitation/START: 200.0
Average Reward per Timestep: (-1.9997999668121338, -2.0)

Episode 90
cooperation_probability/CC: 0.0
cooperation_probability/CD: 0.0
cooperation_probability/DC: 0.0
cooperation_probability/DD: 0.00013427324302028865
cooperation_probability/START: 0.5
state_probability/CC: 0.0
state_probability/CD: 0.00013245033915154636
state_probability/DC: 0.00019867550872731954
state_probability/DD: 0.986423909664154
state_probability/START: 0.013245034031569958
state_visitation/CC: 0.0
state_visitation/CD: 2.0
state_visitation/DC: 3.0
state_visitation/DD: 14895.0
state_visitation/START: 200.0
Average Reward per Timestep: (-1.999733328819275, -1.9999333620071411)

Episode 95
cooperation_probability/CC: 0.0
cooperation_probability/CD: 0.0
cooperation_probability/DC: 0.0
cooperation_probability/DD: 0.0001342642353847623
cooperation_probability/START: 0.5
state_probability/CC: 0.0
state_probability/CD: 0.00013245033915154636
state_probability/DC: 0.00013245033915154636
state_probability/DD: 0.9864901304244995
state_probability/START: 0.013245034031569958
state_visitation/CC: 0.0
state_visitation/CD: 2.0
state_visitation/DC: 2.0
state_visitation/DD: 14896.0
state_visitation/START: 200.0
Average Reward per Timestep: (-1.9998667240142822, -1.9998667240142822)

Saving iteration 100 locally and to WandB
Episode 100
cooperation_probability/CC: 0.0
cooperation_probability/CD: 0.0
cooperation_probability/DC: 0.0
cooperation_probability/DD: 0.00013424620556179434
cooperation_probability/START: 0.5
state_probability/CC: 0.0
state_probability/CD: 0.00013245033915154636
state_probability/DC: 0.0
state_probability/DD: 0.9866225719451904
state_probability/START: 0.013245034031569958
state_visitation/CC: 0.0
state_visitation/CD: 2.0
state_visitation/DC: 0.0
state_visitation/DD: 14898.0
state_visitation/START: 200.0
Average Reward per Timestep: (-2.0001332759857178, -1.999733328819275)

Episode 105
cooperation_probability/CC: 0.0
cooperation_probability/CD: 0.0
cooperation_probability/DC: 0.0
cooperation_probability/DD: 0.0003357056702952832
cooperation_probability/START: 0.5
state_probability/CC: 0.0
state_probability/CD: 0.0003311258624307811
state_probability/DC: 6.622516957577318e-05
state_probability/DD: 0.9863576889038086
state_probability/START: 0.013245034031569958
state_visitation/CC: 0.0
state_visitation/CD: 5.0
state_visitation/DC: 1.0
state_visitation/DD: 14894.0
state_visitation/START: 200.0
Average Reward per Timestep: (-2.000200033187866, -1.999400019645691)

Episode 110
cooperation_probability/CC: 0.0
cooperation_probability/CD: 0.0
cooperation_probability/DC: 0.0
cooperation_probability/DD: 6.712760659866035e-05
cooperation_probability/START: 0.5
state_probability/CC: 0.0
state_probability/CD: 6.622516957577318e-05
state_probability/DC: 0.00013245033915154636
state_probability/DD: 0.986556351184845
state_probability/START: 0.013245034031569958
state_visitation/CC: 0.0
state_visitation/CD: 1.0
state_visitation/DC: 2.0
state_visitation/DD: 14897.0
state_visitation/START: 200.0
Average Reward per Timestep: (-1.9997999668121338, -2.0)

Episode 115
cooperation_probability/CC: 0.0
cooperation_probability/CD: 0.0
cooperation_probability/DC: 0.0
cooperation_probability/DD: 0.0
cooperation_probability/START: 0.5
state_probability/CC: 0.0
state_probability/CD: 0.0
state_probability/DC: 0.0
state_probability/DD: 0.9867550134658813
state_probability/START: 0.013245034031569958
state_visitation/CC: 0.0
state_visitation/CD: 0.0
state_visitation/DC: 0.0
state_visitation/DD: 14900.0
state_visitation/START: 200.0
Average Reward per Timestep: (-2.0, -2.0)

Episode 120
cooperation_probability/CC: 0.0
cooperation_probability/CD: 0.0
cooperation_probability/DC: 0.0
cooperation_probability/DD: 6.712310278089717e-05
cooperation_probability/START: 0.5
state_probability/CC: 0.0
state_probability/CD: 6.622516957577318e-05
state_probability/DC: 6.622516957577318e-05
state_probability/DD: 0.9866225719451904
state_probability/START: 0.013245034031569958
state_visitation/CC: 0.0
state_visitation/CD: 1.0
state_visitation/DC: 1.0
state_visitation/DD: 14898.0
state_visitation/START: 200.0
Average Reward per Timestep: (-1.9999333620071411, -1.9999333620071411)

Episode 125
cooperation_probability/CC: 0.0
cooperation_probability/CD: 0.0
cooperation_probability/DC: 0.0
cooperation_probability/DD: 0.00026856453041546047
cooperation_probability/START: 0.5
state_probability/CC: 0.0
state_probability/CD: 0.0002649006783030927
state_probability/DC: 0.00013245033915154636
state_probability/DD: 0.9863576889038086
state_probability/START: 0.013245034031569958
state_visitation/CC: 0.0
state_visitation/CD: 4.0
state_visitation/DC: 2.0
state_visitation/DD: 14894.0
state_visitation/START: 200.0
Average Reward per Timestep: (-2.0, -1.9996000528335571)

Episode 130
cooperation_probability/CC: 0.0
cooperation_probability/CD: 0.0
cooperation_probability/DC: 0.0
cooperation_probability/DD: 0.0
cooperation_probability/START: 0.5
state_probability/CC: 0.0
state_probability/CD: 0.0
state_probability/DC: 0.0
state_probability/DD: 0.9867550134658813
state_probability/START: 0.013245034031569958
state_visitation/CC: 0.0
state_visitation/CD: 0.0
state_visitation/DC: 0.0
state_visitation/DD: 14900.0
state_visitation/START: 200.0
Average Reward per Timestep: (-2.0, -2.0)

Episode 135
cooperation_probability/CC: 0.0
cooperation_probability/CD: 0.0
cooperation_probability/DC: 0.0
cooperation_probability/DD: 6.711859896313399e-05
cooperation_probability/START: 0.5
state_probability/CC: 0.0
state_probability/CD: 6.622516957577318e-05
state_probability/DC: 0.0
state_probability/DD: 0.9866887927055359
state_probability/START: 0.013245034031569958
state_visitation/CC: 0.0
state_visitation/CD: 1.0
state_visitation/DC: 0.0
state_visitation/DD: 14899.0
state_visitation/START: 200.0
Average Reward per Timestep: (-2.0000667572021484, -1.9998667240142822)

Episode 140
cooperation_probability/CC: 0.0
cooperation_probability/CD: 0.0
cooperation_probability/DC: 0.0
cooperation_probability/DD: 0.0
cooperation_probability/START: 0.5
state_probability/CC: 0.0
state_probability/CD: 0.0
state_probability/DC: 0.0
state_probability/DD: 0.9867550134658813
state_probability/START: 0.013245034031569958
state_visitation/CC: 0.0
state_visitation/CD: 0.0
state_visitation/DC: 0.0
state_visitation/DD: 14900.0
state_visitation/START: 200.0
Average Reward per Timestep: (-2.0, -2.0)

Episode 145
cooperation_probability/CC: 0.0
cooperation_probability/CD: 0.0
cooperation_probability/DC: 0.0
cooperation_probability/DD: 6.711859896313399e-05
cooperation_probability/START: 0.5
state_probability/CC: 0.0
state_probability/CD: 6.622516957577318e-05
state_probability/DC: 0.0
state_probability/DD: 0.9866887927055359
state_probability/START: 0.013245034031569958
state_visitation/CC: 0.0
state_visitation/CD: 1.0
state_visitation/DC: 0.0
state_visitation/DD: 14899.0
state_visitation/START: 200.0
Average Reward per Timestep: (-2.0000667572021484, -1.9998667240142822)

Episode 150
cooperation_probability/CC: 0.0
cooperation_probability/CD: 0.0
cooperation_probability/DC: 0.0
cooperation_probability/DD: 0.0
cooperation_probability/START: 0.5
state_probability/CC: 0.0
state_probability/CD: 0.0
state_probability/DC: 0.0
state_probability/DD: 0.9867550134658813
state_probability/START: 0.013245034031569958
state_visitation/CC: 0.0
state_visitation/CD: 0.0
state_visitation/DC: 0.0
state_visitation/DD: 14900.0
state_visitation/START: 200.0
Average Reward per Timestep: (-2.0, -2.0)

Episode 155
cooperation_probability/CC: 0.0
cooperation_probability/CD: 0.0
cooperation_probability/DC: 0.0
cooperation_probability/DD: 0.0004028738185297698
cooperation_probability/START: 0.5
state_probability/CC: 0.0
state_probability/CD: 0.0003973510174546391
state_probability/DC: 6.622516957577318e-05
state_probability/DD: 0.9862914681434631
state_probability/START: 0.013245034031569958
state_visitation/CC: 0.0
state_visitation/CD: 6.0
state_visitation/DC: 1.0
state_visitation/DD: 14893.0
state_visitation/START: 200.0
Average Reward per Timestep: (-2.0002667903900146, -1.9992667436599731)

Episode 160
cooperation_probability/CC: 0.0
cooperation_probability/CD: 0.0
cooperation_probability/DC: 0.0
cooperation_probability/DD: 0.0
cooperation_probability/START: 0.5
state_probability/CC: 0.0
state_probability/CD: 0.0
state_probability/DC: 0.0
state_probability/DD: 0.9867550134658813
state_probability/START: 0.013245034031569958
state_visitation/CC: 0.0
state_visitation/CD: 0.0
state_visitation/DC: 0.0
state_visitation/DD: 14900.0
state_visitation/START: 200.0
Average Reward per Timestep: (-2.0, -2.0)

Episode 165
cooperation_probability/CC: 0.0
cooperation_probability/CD: 0.0
cooperation_probability/DC: 0.0
cooperation_probability/DD: 0.0003357056702952832
cooperation_probability/START: 0.5
state_probability/CC: 0.0
state_probability/CD: 0.0003311258624307811
state_probability/DC: 6.622516957577318e-05
state_probability/DD: 0.9863576889038086
state_probability/START: 0.013245034031569958
state_visitation/CC: 0.0
state_visitation/CD: 5.0
state_visitation/DC: 1.0
state_visitation/DD: 14894.0
state_visitation/START: 200.0
Average Reward per Timestep: (-2.000200033187866, -1.999400019645691)

Episode 170
cooperation_probability/CC: 0.0
cooperation_probability/CD: 0.0
cooperation_probability/DC: 0.0
cooperation_probability/DD: 0.0002685284707695246
cooperation_probability/START: 0.5
state_probability/CC: 0.0
state_probability/CD: 0.0002649006783030927
state_probability/DC: 0.0
state_probability/DD: 0.9864901304244995
state_probability/START: 0.013245034031569958
state_visitation/CC: 0.0
state_visitation/CD: 4.0
state_visitation/DC: 0.0
state_visitation/DD: 14896.0
state_visitation/START: 200.0
Average Reward per Timestep: (-2.0002667903900146, -1.9994666576385498)

Episode 175
cooperation_probability/CC: 0.0
cooperation_probability/CD: 0.0
cooperation_probability/DC: 0.0
cooperation_probability/DD: 0.0004700194695033133
cooperation_probability/START: 0.5
state_probability/CC: 0.0
state_probability/CD: 0.00046357617247849703
state_probability/DC: 0.0
state_probability/DD: 0.9862914681434631
state_probability/START: 0.013245034031569958
state_visitation/CC: 0.0
state_visitation/CD: 7.0
state_visitation/DC: 0.0
state_visitation/DD: 14893.0
state_visitation/START: 200.0
Average Reward per Timestep: (-2.0004665851593018, -1.999066710472107)

Episode 180
cooperation_probability/CC: 0.0
cooperation_probability/CD: 0.0
cooperation_probability/DC: 0.0
cooperation_probability/DD: 0.0004699879209510982
cooperation_probability/START: 0.5
state_probability/CC: 0.0
state_probability/CD: 0.0003973510174546391
state_probability/DC: 0.0
state_probability/DD: 0.9863576889038086
state_probability/START: 0.013245034031569958
state_visitation/CC: 0.0
state_visitation/CD: 6.0
state_visitation/DC: 0.0
state_visitation/DD: 14894.0
state_visitation/START: 200.0
Average Reward per Timestep: (-2.000333309173584, -1.9991333484649658)

Episode 185
cooperation_probability/CC: 0.0
cooperation_probability/CD: 0.0
cooperation_probability/DC: 0.0
cooperation_probability/DD: 0.00040284678107127547
cooperation_probability/START: 0.5
state_probability/CC: 0.0
state_probability/CD: 0.0003973510174546391
state_probability/DC: 0.0
state_probability/DD: 0.9863576889038086
state_probability/START: 0.013245034031569958
state_visitation/CC: 0.0
state_visitation/CD: 6.0
state_visitation/DC: 0.0
state_visitation/DD: 14894.0
state_visitation/START: 200.0
Average Reward per Timestep: (-2.0004000663757324, -1.9991999864578247)

Episode 190
cooperation_probability/CC: 0.0
cooperation_probability/CD: 0.0
cooperation_probability/DC: 0.0
cooperation_probability/DD: 0.0004700510180555284
cooperation_probability/START: 0.5
state_probability/CC: 0.0
state_probability/CD: 0.00046357617247849703
state_probability/DC: 6.622516957577318e-05
state_probability/DD: 0.9862252473831177
state_probability/START: 0.013245034031569958
state_visitation/CC: 0.0
state_visitation/CD: 7.0
state_visitation/DC: 1.0
state_visitation/DD: 14892.0
state_visitation/START: 200.0
Average Reward per Timestep: (-2.000333309173584, -1.9991333484649658)

Episode 195
cooperation_probability/CC: 0.0
cooperation_probability/CD: 0.0
cooperation_probability/DC: 0.0
cooperation_probability/DD: 0.00013424620556179434
cooperation_probability/START: 0.5
state_probability/CC: 0.0
state_probability/CD: 0.00013245033915154636
state_probability/DC: 0.0
state_probability/DD: 0.9866225719451904
state_probability/START: 0.013245034031569958
state_visitation/CC: 0.0
state_visitation/CD: 2.0
state_visitation/DC: 0.0
state_visitation/DD: 14898.0
state_visitation/START: 200.0
Average Reward per Timestep: (-2.0001332759857178, -1.999733328819275)

Saving iteration 200 locally and to WandB
Episode 200
cooperation_probability/CC: 0.0
cooperation_probability/CD: 0.0
cooperation_probability/DC: 0.0
cooperation_probability/DD: 0.00020138281979598105
cooperation_probability/START: 0.5
state_probability/CC: 0.0
state_probability/CD: 0.00019867550872731954
state_probability/DC: 0.0
state_probability/DD: 0.986556351184845
state_probability/START: 0.013245034031569958
state_visitation/CC: 0.0
state_visitation/CD: 3.0
state_visitation/DC: 0.0
state_visitation/DD: 14897.0
state_visitation/START: 200.0
Average Reward per Timestep: (-2.000200033187866, -1.9996000528335571)

Episode 205
cooperation_probability/CC: 0.0
cooperation_probability/CD: 0.0
cooperation_probability/DC: 0.0
cooperation_probability/DD: 0.00013424620556179434
cooperation_probability/START: 0.5
state_probability/CC: 0.0
state_probability/CD: 0.00013245033915154636
state_probability/DC: 0.0
state_probability/DD: 0.9866225719451904
state_probability/START: 0.013245034031569958
state_visitation/CC: 0.0
state_visitation/CD: 2.0
state_visitation/DC: 0.0
state_visitation/DD: 14898.0
state_visitation/START: 200.0
Average Reward per Timestep: (-2.0001332759857178, -1.999733328819275)

Episode 210
cooperation_probability/CC: 0.0
cooperation_probability/CD: 0.0
cooperation_probability/DC: 0.0
cooperation_probability/DD: 0.00020139635307714343
cooperation_probability/START: 0.5
state_probability/CC: 0.0
state_probability/CD: 0.00019867550872731954
state_probability/DC: 6.622516957577318e-05
state_probability/DD: 0.9864901304244995
state_probability/START: 0.013245034031569958
state_visitation/CC: 0.0
state_visitation/CD: 3.0
state_visitation/DC: 1.0
state_visitation/DD: 14896.0
state_visitation/START: 200.0
Average Reward per Timestep: (-2.0000667572021484, -1.999666690826416)

Episode 215
cooperation_probability/CC: 0.0
cooperation_probability/CD: 0.0
cooperation_probability/DC: 0.0
cooperation_probability/DD: 0.0
cooperation_probability/START: 0.5
state_probability/CC: 0.0
state_probability/CD: 0.0
state_probability/DC: 0.0
state_probability/DD: 0.9867550134658813
state_probability/START: 0.013245034031569958
state_visitation/CC: 0.0
state_visitation/CD: 0.0
state_visitation/DC: 0.0
state_visitation/DD: 14900.0
state_visitation/START: 200.0
Average Reward per Timestep: (-2.0, -2.0)

Episode 220
cooperation_probability/CC: 0.0
cooperation_probability/CD: 0.0
cooperation_probability/DC: 0.0
cooperation_probability/DD: 0.0
cooperation_probability/START: 0.5
state_probability/CC: 0.0
state_probability/CD: 0.0
state_probability/DC: 0.0
state_probability/DD: 0.9867550134658813
state_probability/START: 0.013245034031569958
state_visitation/CC: 0.0
state_visitation/CD: 0.0
state_visitation/DC: 0.0
state_visitation/DD: 14900.0
state_visitation/START: 200.0
Average Reward per Timestep: (-2.0, -2.0)

Episode 225
cooperation_probability/CC: 0.0
cooperation_probability/CD: 0.0
cooperation_probability/DC: 0.0
cooperation_probability/DD: 0.0002685104263946414
cooperation_probability/START: 0.5
state_probability/CC: 0.0
state_probability/CD: 0.00019867550872731954
state_probability/DC: 0.0
state_probability/DD: 0.986556351184845
state_probability/START: 0.013245034031569958
state_visitation/CC: 0.0
state_visitation/CD: 3.0
state_visitation/DC: 0.0
state_visitation/DD: 14897.0
state_visitation/START: 200.0
Average Reward per Timestep: (-2.0002667903900146, -1.9994666576385498)

Episode 230
cooperation_probability/CC: 0.0
cooperation_probability/CD: 0.0
cooperation_probability/DC: 0.0
cooperation_probability/DD: 6.711859896313399e-05
cooperation_probability/START: 0.5
state_probability/CC: 0.0
state_probability/CD: 6.622516957577318e-05
state_probability/DC: 0.0
state_probability/DD: 0.9866887927055359
state_probability/START: 0.013245034031569958
state_visitation/CC: 0.0
state_visitation/CD: 1.0
state_visitation/DC: 0.0
state_visitation/DD: 14899.0
state_visitation/START: 200.0
Average Reward per Timestep: (-2.0000667572021484, -1.9998667240142822)

Episode 235
cooperation_probability/CC: 0.0
cooperation_probability/CD: 0.0
cooperation_probability/DC: 0.0
cooperation_probability/DD: 0.00013424620556179434
cooperation_probability/START: 0.5
state_probability/CC: 0.0
state_probability/CD: 0.00013245033915154636
state_probability/DC: 0.0
state_probability/DD: 0.9866225719451904
state_probability/START: 0.013245034031569958
state_visitation/CC: 0.0
state_visitation/CD: 2.0
state_visitation/DC: 0.0
state_visitation/DD: 14898.0
state_visitation/START: 200.0
Average Reward per Timestep: (-2.0001332759857178, -1.999733328819275)

Episode 240
cooperation_probability/CC: 0.0
cooperation_probability/CD: 0.0
cooperation_probability/DC: 0.0
cooperation_probability/DD: 6.711859896313399e-05
cooperation_probability/START: 0.5
state_probability/CC: 0.0
state_probability/CD: 6.622516957577318e-05
state_probability/DC: 0.0
state_probability/DD: 0.9866887927055359
state_probability/START: 0.013245034031569958
state_visitation/CC: 0.0
state_visitation/CD: 1.0
state_visitation/DC: 0.0
state_visitation/DD: 14899.0
state_visitation/START: 200.0
Average Reward per Timestep: (-2.0000667572021484, -1.9998667240142822)

Episode 245
cooperation_probability/CC: 0.0
cooperation_probability/CD: 0.0
cooperation_probability/DC: 0.0
cooperation_probability/DD: 0.0
cooperation_probability/START: 0.5
state_probability/CC: 0.0
state_probability/CD: 0.0
state_probability/DC: 0.0
state_probability/DD: 0.9867550134658813
state_probability/START: 0.013245034031569958
state_visitation/CC: 0.0
state_visitation/CD: 0.0
state_visitation/DC: 0.0
state_visitation/DD: 14900.0
state_visitation/START: 200.0
Average Reward per Timestep: (-2.0, -2.0)

Episode 250
cooperation_probability/CC: 0.0
cooperation_probability/CD: 0.0
cooperation_probability/DC: 0.0
cooperation_probability/DD: 6.712760659866035e-05
cooperation_probability/START: 0.5
state_probability/CC: 0.0
state_probability/CD: 6.622516957577318e-05
state_probability/DC: 0.00013245033915154636
state_probability/DD: 0.986556351184845
state_probability/START: 0.013245034031569958
state_visitation/CC: 0.0
state_visitation/CD: 1.0
state_visitation/DC: 2.0
state_visitation/DD: 14897.0
state_visitation/START: 200.0
Average Reward per Timestep: (-1.9997999668121338, -2.0)

Episode 255
cooperation_probability/CC: 0.0
cooperation_probability/CD: 0.0
cooperation_probability/DC: 0.0
cooperation_probability/DD: 0.0
cooperation_probability/START: 0.5
state_probability/CC: 0.0
state_probability/CD: 0.0
state_probability/DC: 0.0
state_probability/DD: 0.9867550134658813
state_probability/START: 0.013245034031569958
state_visitation/CC: 0.0
state_visitation/CD: 0.0
state_visitation/DC: 0.0
state_visitation/DD: 14900.0
state_visitation/START: 200.0
Average Reward per Timestep: (-2.0, -2.0)

Episode 260
cooperation_probability/CC: 0.0
cooperation_probability/CD: 0.0
cooperation_probability/DC: 0.0
cooperation_probability/DD: 6.712760659866035e-05
cooperation_probability/START: 0.5
state_probability/CC: 0.0
state_probability/CD: 6.622516957577318e-05
state_probability/DC: 0.00013245033915154636
state_probability/DD: 0.986556351184845
state_probability/START: 0.013245034031569958
state_visitation/CC: 0.0
state_visitation/CD: 1.0
state_visitation/DC: 2.0
state_visitation/DD: 14897.0
state_visitation/START: 200.0
Average Reward per Timestep: (-1.9997999668121338, -2.0)

Episode 265
cooperation_probability/CC: 0.0
cooperation_probability/CD: 0.0
cooperation_probability/DC: 0.0
cooperation_probability/DD: 6.712310278089717e-05
cooperation_probability/START: 0.5
state_probability/CC: 0.0
state_probability/CD: 6.622516957577318e-05
state_probability/DC: 6.622516957577318e-05
state_probability/DD: 0.9866225719451904
state_probability/START: 0.013245034031569958
state_visitation/CC: 0.0
state_visitation/CD: 1.0
state_visitation/DC: 1.0
state_visitation/DD: 14898.0
state_visitation/START: 200.0
Average Reward per Timestep: (-1.9999333620071411, -1.9999333620071411)

Episode 270
cooperation_probability/CC: 0.0
cooperation_probability/CD: 0.0
cooperation_probability/DC: 0.0
cooperation_probability/DD: 6.712310278089717e-05
cooperation_probability/START: 0.5
state_probability/CC: 0.0
state_probability/CD: 6.622516957577318e-05
state_probability/DC: 6.622516957577318e-05
state_probability/DD: 0.9866225719451904
state_probability/START: 0.013245034031569958
state_visitation/CC: 0.0
state_visitation/CD: 1.0
state_visitation/DC: 1.0
state_visitation/DD: 14898.0
state_visitation/START: 200.0
Average Reward per Timestep: (-1.9999333620071411, -1.9999333620071411)

Episode 275
cooperation_probability/CC: 0.0
cooperation_probability/CD: 0.0
cooperation_probability/DC: 0.0
cooperation_probability/DD: 0.0
cooperation_probability/START: 0.5
state_probability/CC: 0.0
state_probability/CD: 0.0
state_probability/DC: 6.622516957577318e-05
state_probability/DD: 0.9866887927055359
state_probability/START: 0.013245034031569958
state_visitation/CC: 0.0
state_visitation/CD: 0.0
state_visitation/DC: 1.0
state_visitation/DD: 14899.0
state_visitation/START: 200.0
Average Reward per Timestep: (-1.9998667240142822, -2.0000667572021484)

Episode 280
cooperation_probability/CC: 0.0
cooperation_probability/CD: 0.0
cooperation_probability/DC: 0.0
cooperation_probability/DD: 0.0
cooperation_probability/START: 0.5
state_probability/CC: 0.0
state_probability/CD: 0.0
state_probability/DC: 0.0
state_probability/DD: 0.9867550134658813
state_probability/START: 0.013245034031569958
state_visitation/CC: 0.0
state_visitation/CD: 0.0
state_visitation/DC: 0.0
state_visitation/DD: 14900.0
state_visitation/START: 200.0
Average Reward per Timestep: (-2.0, -2.0)

Episode 285
cooperation_probability/CC: 0.0
cooperation_probability/CD: 0.0
cooperation_probability/DC: 0.0
cooperation_probability/DD: 0.0
cooperation_probability/START: 0.5
state_probability/CC: 0.0
state_probability/CD: 0.0
state_probability/DC: 6.622516957577318e-05
state_probability/DD: 0.9866887927055359
state_probability/START: 0.013245034031569958
state_visitation/CC: 0.0
state_visitation/CD: 0.0
state_visitation/DC: 1.0
state_visitation/DD: 14899.0
state_visitation/START: 200.0
Average Reward per Timestep: (-1.9998667240142822, -2.0000667572021484)

Episode 290
cooperation_probability/CC: 0.0
cooperation_probability/CD: 0.0
cooperation_probability/DC: 0.0
cooperation_probability/DD: 0.0
cooperation_probability/START: 0.5
state_probability/CC: 0.0
state_probability/CD: 0.0
state_probability/DC: 6.622516957577318e-05
state_probability/DD: 0.9866887927055359
state_probability/START: 0.013245034031569958
state_visitation/CC: 0.0
state_visitation/CD: 0.0
state_visitation/DC: 1.0
state_visitation/DD: 14899.0
state_visitation/START: 200.0
Average Reward per Timestep: (-1.9998667240142822, -2.0000667572021484)

Episode 295
cooperation_probability/CC: 0.0
cooperation_probability/CD: 0.0
cooperation_probability/DC: 0.0
cooperation_probability/DD: 0.0
cooperation_probability/START: 0.5
state_probability/CC: 0.0
state_probability/CD: 0.0
state_probability/DC: 0.0
state_probability/DD: 0.9867550134658813
state_probability/START: 0.013245034031569958
state_visitation/CC: 0.0
state_visitation/CD: 0.0
state_visitation/DC: 0.0
state_visitation/DD: 14900.0
state_visitation/START: 200.0
Average Reward per Timestep: (-2.0, -2.0)

Saving iteration 300 locally and to WandB
Episode 300
cooperation_probability/CC: 0.0
cooperation_probability/CD: 0.0
cooperation_probability/DC: 0.0
cooperation_probability/DD: 0.0
cooperation_probability/START: 0.5
state_probability/CC: 0.0
state_probability/CD: 0.0
state_probability/DC: 0.0
state_probability/DD: 0.9867550134658813
state_probability/START: 0.013245034031569958
state_visitation/CC: 0.0
state_visitation/CD: 0.0
state_visitation/DC: 0.0
state_visitation/DD: 14900.0
state_visitation/START: 200.0
Average Reward per Timestep: (-2.0, -2.0)

Episode 305
cooperation_probability/CC: 0.0
cooperation_probability/CD: 0.0
cooperation_probability/DC: 0.0
cooperation_probability/DD: 0.0
cooperation_probability/START: 0.5
state_probability/CC: 0.0
state_probability/CD: 0.0
state_probability/DC: 0.00019867550872731954
state_probability/DD: 0.986556351184845
state_probability/START: 0.013245034031569958
state_visitation/CC: 0.0
state_visitation/CD: 0.0
state_visitation/DC: 3.0
state_visitation/DD: 14897.0
state_visitation/START: 200.0
Average Reward per Timestep: (-1.9996000528335571, -2.000200033187866)

Episode 310
cooperation_probability/CC: 0.0
cooperation_probability/CD: 0.0
cooperation_probability/DC: 0.0
cooperation_probability/DD: 0.0
cooperation_probability/START: 0.5
state_probability/CC: 0.0
state_probability/CD: 0.0
state_probability/DC: 0.0
state_probability/DD: 0.9867550134658813
state_probability/START: 0.013245034031569958
state_visitation/CC: 0.0
state_visitation/CD: 0.0
state_visitation/DC: 0.0
state_visitation/DD: 14900.0
state_visitation/START: 200.0
Average Reward per Timestep: (-2.0, -2.0)

Episode 315
cooperation_probability/CC: 0.0
cooperation_probability/CD: 0.0
cooperation_probability/DC: 0.0
cooperation_probability/DD: 0.0
cooperation_probability/START: 0.5
state_probability/CC: 0.0
state_probability/CD: 0.0
state_probability/DC: 6.622516957577318e-05
state_probability/DD: 0.9866887927055359
state_probability/START: 0.013245034031569958
state_visitation/CC: 0.0
state_visitation/CD: 0.0
state_visitation/DC: 1.0
state_visitation/DD: 14899.0
state_visitation/START: 200.0
Average Reward per Timestep: (-1.9998667240142822, -2.0000667572021484)

Episode 320
cooperation_probability/CC: 0.0
cooperation_probability/CD: 0.0
cooperation_probability/DC: 0.0
cooperation_probability/DD: 6.712310278089717e-05
cooperation_probability/START: 0.5
state_probability/CC: 0.0
state_probability/CD: 6.622516957577318e-05
state_probability/DC: 6.622516957577318e-05
state_probability/DD: 0.9866225719451904
state_probability/START: 0.013245034031569958
state_visitation/CC: 0.0
state_visitation/CD: 1.0
state_visitation/DC: 1.0
state_visitation/DD: 14898.0
state_visitation/START: 200.0
Average Reward per Timestep: (-1.9999333620071411, -1.9999333620071411)

Episode 325
cooperation_probability/CC: 0.0
cooperation_probability/CD: 0.0
cooperation_probability/DC: 0.0
cooperation_probability/DD: 0.0
cooperation_probability/START: 0.5
state_probability/CC: 0.0
state_probability/CD: 0.0
state_probability/DC: 6.622516957577318e-05
state_probability/DD: 0.9866887927055359
state_probability/START: 0.013245034031569958
state_visitation/CC: 0.0
state_visitation/CD: 0.0
state_visitation/DC: 1.0
state_visitation/DD: 14899.0
state_visitation/START: 200.0
Average Reward per Timestep: (-1.9998667240142822, -2.0000667572021484)

Episode 330
cooperation_probability/CC: 0.0
cooperation_probability/CD: 0.0
cooperation_probability/DC: 0.0
cooperation_probability/DD: 0.0
cooperation_probability/START: 0.5
state_probability/CC: 0.0
state_probability/CD: 0.0
state_probability/DC: 0.0
state_probability/DD: 0.9867550134658813
state_probability/START: 0.013245034031569958
state_visitation/CC: 0.0
state_visitation/CD: 0.0
state_visitation/DC: 0.0
state_visitation/DD: 14900.0
state_visitation/START: 200.0
Average Reward per Timestep: (-2.0, -2.0)

Episode 335
cooperation_probability/CC: 0.0
cooperation_probability/CD: 0.0
cooperation_probability/DC: 0.0
cooperation_probability/DD: 0.0
cooperation_probability/START: 0.5
state_probability/CC: 0.0
state_probability/CD: 0.0
state_probability/DC: 0.0
state_probability/DD: 0.9867550134658813
state_probability/START: 0.013245034031569958
state_visitation/CC: 0.0
state_visitation/CD: 0.0
state_visitation/DC: 0.0
state_visitation/DD: 14900.0
state_visitation/START: 200.0
Average Reward per Timestep: (-2.0, -2.0)

Episode 340
cooperation_probability/CC: 0.0
cooperation_probability/CD: 0.0
cooperation_probability/DC: 0.0
cooperation_probability/DD: 0.0
cooperation_probability/START: 0.5
state_probability/CC: 0.0
state_probability/CD: 0.0
state_probability/DC: 0.0
state_probability/DD: 0.9867550134658813
state_probability/START: 0.013245034031569958
state_visitation/CC: 0.0
state_visitation/CD: 0.0
state_visitation/DC: 0.0
state_visitation/DD: 14900.0
state_visitation/START: 200.0
Average Reward per Timestep: (-2.0, -2.0)

Episode 345
cooperation_probability/CC: 0.0
cooperation_probability/CD: 0.0
cooperation_probability/DC: 0.0
cooperation_probability/DD: 0.0
cooperation_probability/START: 0.5
state_probability/CC: 0.0
state_probability/CD: 0.0
state_probability/DC: 0.0
state_probability/DD: 0.9867550134658813
state_probability/START: 0.013245034031569958
state_visitation/CC: 0.0
state_visitation/CD: 0.0
state_visitation/DC: 0.0
state_visitation/DD: 14900.0
state_visitation/START: 200.0
Average Reward per Timestep: (-2.0, -2.0)

Episode 350
cooperation_probability/CC: 0.0
cooperation_probability/CD: 0.0
cooperation_probability/DC: 0.0
cooperation_probability/DD: 0.0
cooperation_probability/START: 0.5
state_probability/CC: 0.0
state_probability/CD: 0.0
state_probability/DC: 0.0
state_probability/DD: 0.9867550134658813
state_probability/START: 0.013245034031569958
state_visitation/CC: 0.0
state_visitation/CD: 0.0
state_visitation/DC: 0.0
state_visitation/DD: 14900.0
state_visitation/START: 200.0
Average Reward per Timestep: (-2.0, -2.0)

Episode 355
cooperation_probability/CC: 0.0
cooperation_probability/CD: 0.0
cooperation_probability/DC: 0.0
cooperation_probability/DD: 0.0
cooperation_probability/START: 0.5
state_probability/CC: 0.0
state_probability/CD: 0.0
state_probability/DC: 0.0
state_probability/DD: 0.9867550134658813
state_probability/START: 0.013245034031569958
state_visitation/CC: 0.0
state_visitation/CD: 0.0
state_visitation/DC: 0.0
state_visitation/DD: 14900.0
state_visitation/START: 200.0
Average Reward per Timestep: (-2.0, -2.0)

Episode 360
cooperation_probability/CC: 0.0
cooperation_probability/CD: 0.0
cooperation_probability/DC: 0.0
cooperation_probability/DD: 0.0
cooperation_probability/START: 0.5
state_probability/CC: 0.0
state_probability/CD: 0.0
state_probability/DC: 0.0
state_probability/DD: 0.9867550134658813
state_probability/START: 0.013245034031569958
state_visitation/CC: 0.0
state_visitation/CD: 0.0
state_visitation/DC: 0.0
state_visitation/DD: 14900.0
state_visitation/START: 200.0
Average Reward per Timestep: (-2.0, -2.0)

Episode 365
cooperation_probability/CC: 0.0
cooperation_probability/CD: 0.0
cooperation_probability/DC: 0.0
cooperation_probability/DD: 6.711859896313399e-05
cooperation_probability/START: 0.5
state_probability/CC: 0.0
state_probability/CD: 6.622516957577318e-05
state_probability/DC: 0.0
state_probability/DD: 0.9866887927055359
state_probability/START: 0.013245034031569958
state_visitation/CC: 0.0
state_visitation/CD: 1.0
state_visitation/DC: 0.0
state_visitation/DD: 14899.0
state_visitation/START: 200.0
Average Reward per Timestep: (-2.0000667572021484, -1.9998667240142822)

Episode 370
cooperation_probability/CC: 0.0
cooperation_probability/CD: 0.0
cooperation_probability/DC: 0.0
cooperation_probability/DD: 0.00013424620556179434
cooperation_probability/START: 0.5
state_probability/CC: 0.0
state_probability/CD: 0.00013245033915154636
state_probability/DC: 0.0
state_probability/DD: 0.9866225719451904
state_probability/START: 0.013245034031569958
state_visitation/CC: 0.0
state_visitation/CD: 2.0
state_visitation/DC: 0.0
state_visitation/DD: 14898.0
state_visitation/START: 200.0
Average Reward per Timestep: (-2.0001332759857178, -1.999733328819275)

Episode 375
cooperation_probability/CC: 0.0
cooperation_probability/CD: 0.0
cooperation_probability/DC: 0.0
cooperation_probability/DD: 0.0
cooperation_probability/START: 0.5
state_probability/CC: 0.0
state_probability/CD: 0.0
state_probability/DC: 0.0
state_probability/DD: 0.9867550134658813
state_probability/START: 0.013245034031569958
state_visitation/CC: 0.0
state_visitation/CD: 0.0
state_visitation/DC: 0.0
state_visitation/DD: 14900.0
state_visitation/START: 200.0
Average Reward per Timestep: (-2.0, -2.0)

Episode 380
cooperation_probability/CC: 0.0
cooperation_probability/CD: 0.0
cooperation_probability/DC: 0.0
cooperation_probability/DD: 0.0
cooperation_probability/START: 0.5
state_probability/CC: 0.0
state_probability/CD: 0.0
state_probability/DC: 0.0
state_probability/DD: 0.9867550134658813
state_probability/START: 0.013245034031569958
state_visitation/CC: 0.0
state_visitation/CD: 0.0
state_visitation/DC: 0.0
state_visitation/DD: 14900.0
state_visitation/START: 200.0
Average Reward per Timestep: (-2.0, -2.0)

Episode 385
cooperation_probability/CC: 0.0
cooperation_probability/CD: 0.0
cooperation_probability/DC: 0.0
cooperation_probability/DD: 0.0
cooperation_probability/START: 0.5
state_probability/CC: 0.0
state_probability/CD: 0.0
state_probability/DC: 0.0
state_probability/DD: 0.9867550134658813
state_probability/START: 0.013245034031569958
state_visitation/CC: 0.0
state_visitation/CD: 0.0
state_visitation/DC: 0.0
state_visitation/DD: 14900.0
state_visitation/START: 200.0
Average Reward per Timestep: (-2.0, -2.0)

Episode 390
cooperation_probability/CC: 0.0
cooperation_probability/CD: 0.0
cooperation_probability/DC: 0.0
cooperation_probability/DD: 0.0
cooperation_probability/START: 0.5
state_probability/CC: 0.0
state_probability/CD: 0.0
state_probability/DC: 0.0
state_probability/DD: 0.9867550134658813
state_probability/START: 0.013245034031569958
state_visitation/CC: 0.0
state_visitation/CD: 0.0
state_visitation/DC: 0.0
state_visitation/DD: 14900.0
state_visitation/START: 200.0
Average Reward per Timestep: (-2.0, -2.0)

Episode 395
cooperation_probability/CC: 0.0
cooperation_probability/CD: 0.0
cooperation_probability/DC: 0.0
cooperation_probability/DD: 0.0
cooperation_probability/START: 0.5
state_probability/CC: 0.0
state_probability/CD: 0.0
state_probability/DC: 0.0
state_probability/DD: 0.9867550134658813
state_probability/START: 0.013245034031569958
state_visitation/CC: 0.0
state_visitation/CD: 0.0
state_visitation/DC: 0.0
state_visitation/DD: 14900.0
state_visitation/START: 200.0
Average Reward per Timestep: (-2.0, -2.0)

Saving iteration 400 locally and to WandB
Episode 400
cooperation_probability/CC: 0.0
cooperation_probability/CD: 0.0
cooperation_probability/DC: 0.0
cooperation_probability/DD: 0.0
cooperation_probability/START: 0.5
state_probability/CC: 0.0
state_probability/CD: 0.0
state_probability/DC: 0.0
state_probability/DD: 0.9867550134658813
state_probability/START: 0.013245034031569958
state_visitation/CC: 0.0
state_visitation/CD: 0.0
state_visitation/DC: 0.0
state_visitation/DD: 14900.0
state_visitation/START: 200.0
Average Reward per Timestep: (-2.0, -2.0)

Episode 405
cooperation_probability/CC: 0.0
cooperation_probability/CD: 0.0
cooperation_probability/DC: 0.0
cooperation_probability/DD: 0.0
cooperation_probability/START: 0.5
state_probability/CC: 0.0
state_probability/CD: 0.0
state_probability/DC: 0.0
state_probability/DD: 0.9867550134658813
state_probability/START: 0.013245034031569958
state_visitation/CC: 0.0
state_visitation/CD: 0.0
state_visitation/DC: 0.0
state_visitation/DD: 14900.0
state_visitation/START: 200.0
Average Reward per Timestep: (-2.0, -2.0)

Episode 410
cooperation_probability/CC: 0.0
cooperation_probability/CD: 0.0
cooperation_probability/DC: 0.0
cooperation_probability/DD: 0.0
cooperation_probability/START: 0.5
state_probability/CC: 0.0
state_probability/CD: 0.0
state_probability/DC: 0.0
state_probability/DD: 0.9867550134658813
state_probability/START: 0.013245034031569958
state_visitation/CC: 0.0
state_visitation/CD: 0.0
state_visitation/DC: 0.0
state_visitation/DD: 14900.0
state_visitation/START: 200.0
Average Reward per Timestep: (-2.0, -2.0)

Episode 415
cooperation_probability/CC: 0.0
cooperation_probability/CD: 0.0
cooperation_probability/DC: 0.0
cooperation_probability/DD: 0.0
cooperation_probability/START: 0.5
state_probability/CC: 0.0
state_probability/CD: 0.0
state_probability/DC: 0.0
state_probability/DD: 0.9867550134658813
state_probability/START: 0.013245034031569958
state_visitation/CC: 0.0
state_visitation/CD: 0.0
state_visitation/DC: 0.0
state_visitation/DD: 14900.0
state_visitation/START: 200.0
Average Reward per Timestep: (-2.0, -2.0)

Episode 420
cooperation_probability/CC: 0.0
cooperation_probability/CD: 0.0
cooperation_probability/DC: 0.0
cooperation_probability/DD: 6.711859896313399e-05
cooperation_probability/START: 0.5
state_probability/CC: 0.0
state_probability/CD: 6.622516957577318e-05
state_probability/DC: 0.0
state_probability/DD: 0.9866887927055359
state_probability/START: 0.013245034031569958
state_visitation/CC: 0.0
state_visitation/CD: 1.0
state_visitation/DC: 0.0
state_visitation/DD: 14899.0
state_visitation/START: 200.0
Average Reward per Timestep: (-2.0000667572021484, -1.9998667240142822)

Episode 425
cooperation_probability/CC: 0.0
cooperation_probability/CD: 0.0
cooperation_probability/DC: 0.0
cooperation_probability/DD: 0.0
cooperation_probability/START: 0.5
state_probability/CC: 0.0
state_probability/CD: 0.0
state_probability/DC: 0.0
state_probability/DD: 0.9867550134658813
state_probability/START: 0.013245034031569958
state_visitation/CC: 0.0
state_visitation/CD: 0.0
state_visitation/DC: 0.0
state_visitation/DD: 14900.0
state_visitation/START: 200.0
Average Reward per Timestep: (-2.0, -2.0)

Episode 430
cooperation_probability/CC: 0.0
cooperation_probability/CD: 0.0
cooperation_probability/DC: 0.0
cooperation_probability/DD: 0.0
cooperation_probability/START: 0.5
state_probability/CC: 0.0
state_probability/CD: 0.0
state_probability/DC: 0.0
state_probability/DD: 0.9867550134658813
state_probability/START: 0.013245034031569958
state_visitation/CC: 0.0
state_visitation/CD: 0.0
state_visitation/DC: 0.0
state_visitation/DD: 14900.0
state_visitation/START: 200.0
Average Reward per Timestep: (-2.0, -2.0)

Episode 435
cooperation_probability/CC: 0.0
cooperation_probability/CD: 0.0
cooperation_probability/DC: 0.0
cooperation_probability/DD: 0.0
cooperation_probability/START: 0.5
state_probability/CC: 0.0
state_probability/CD: 0.0
state_probability/DC: 0.0
state_probability/DD: 0.9867550134658813
state_probability/START: 0.013245034031569958
state_visitation/CC: 0.0
state_visitation/CD: 0.0
state_visitation/DC: 0.0
state_visitation/DD: 14900.0
state_visitation/START: 200.0
Average Reward per Timestep: (-2.0, -2.0)

Episode 440
cooperation_probability/CC: 0.0
cooperation_probability/CD: 0.0
cooperation_probability/DC: 0.0
cooperation_probability/DD: 0.0
cooperation_probability/START: 0.5
state_probability/CC: 0.0
state_probability/CD: 0.0
state_probability/DC: 0.0
state_probability/DD: 0.9867550134658813
state_probability/START: 0.013245034031569958
state_visitation/CC: 0.0
state_visitation/CD: 0.0
state_visitation/DC: 0.0
state_visitation/DD: 14900.0
state_visitation/START: 200.0
Average Reward per Timestep: (-2.0, -2.0)

Episode 445
cooperation_probability/CC: 0.0
cooperation_probability/CD: 0.0
cooperation_probability/DC: 0.0
cooperation_probability/DD: 0.0
cooperation_probability/START: 0.5
state_probability/CC: 0.0
state_probability/CD: 0.0
state_probability/DC: 0.0
state_probability/DD: 0.9867550134658813
state_probability/START: 0.013245034031569958
state_visitation/CC: 0.0
state_visitation/CD: 0.0
state_visitation/DC: 0.0
state_visitation/DD: 14900.0
state_visitation/START: 200.0
Average Reward per Timestep: (-2.0, -2.0)

Episode 450
cooperation_probability/CC: 0.0
cooperation_probability/CD: 0.0
cooperation_probability/DC: 0.0
cooperation_probability/DD: 0.0
cooperation_probability/START: 0.5
state_probability/CC: 0.0
state_probability/CD: 0.0
state_probability/DC: 0.0
state_probability/DD: 0.9867550134658813
state_probability/START: 0.013245034031569958
state_visitation/CC: 0.0
state_visitation/CD: 0.0
state_visitation/DC: 0.0
state_visitation/DD: 14900.0
state_visitation/START: 200.0
Average Reward per Timestep: (-2.0, -2.0)

Episode 455
cooperation_probability/CC: 0.0
cooperation_probability/CD: 0.0
cooperation_probability/DC: 0.0
cooperation_probability/DD: 0.0
cooperation_probability/START: 0.5
state_probability/CC: 0.0
state_probability/CD: 0.0
state_probability/DC: 0.0
state_probability/DD: 0.9867550134658813
state_probability/START: 0.013245034031569958
state_visitation/CC: 0.0
state_visitation/CD: 0.0
state_visitation/DC: 0.0
state_visitation/DD: 14900.0
state_visitation/START: 200.0
Average Reward per Timestep: (-2.0, -2.0)

Episode 460
cooperation_probability/CC: 0.0
cooperation_probability/CD: 0.0
cooperation_probability/DC: 0.0
cooperation_probability/DD: 0.0
cooperation_probability/START: 0.5
state_probability/CC: 0.0
state_probability/CD: 0.0
state_probability/DC: 0.0
state_probability/DD: 0.9867550134658813
state_probability/START: 0.013245034031569958
state_visitation/CC: 0.0
state_visitation/CD: 0.0
state_visitation/DC: 0.0
state_visitation/DD: 14900.0
state_visitation/START: 200.0
Average Reward per Timestep: (-2.0, -2.0)

Episode 465
cooperation_probability/CC: 0.0
cooperation_probability/CD: 0.0
cooperation_probability/DC: 0.0
cooperation_probability/DD: 0.0
cooperation_probability/START: 0.5
state_probability/CC: 0.0
state_probability/CD: 0.0
state_probability/DC: 0.0
state_probability/DD: 0.9867550134658813
state_probability/START: 0.013245034031569958
state_visitation/CC: 0.0
state_visitation/CD: 0.0
state_visitation/DC: 0.0
state_visitation/DD: 14900.0
state_visitation/START: 200.0
Average Reward per Timestep: (-2.0, -2.0)

Episode 470
cooperation_probability/CC: 0.0
cooperation_probability/CD: 0.0
cooperation_probability/DC: 0.0
cooperation_probability/DD: 0.0
cooperation_probability/START: 0.5
state_probability/CC: 0.0
state_probability/CD: 0.0
state_probability/DC: 0.0
state_probability/DD: 0.9867550134658813
state_probability/START: 0.013245034031569958
state_visitation/CC: 0.0
state_visitation/CD: 0.0
state_visitation/DC: 0.0
state_visitation/DD: 14900.0
state_visitation/START: 200.0
Average Reward per Timestep: (-2.0, -2.0)

Episode 475
cooperation_probability/CC: 0.0
cooperation_probability/CD: 0.0
cooperation_probability/DC: 0.0
cooperation_probability/DD: 0.0
cooperation_probability/START: 0.5
state_probability/CC: 0.0
state_probability/CD: 0.0
state_probability/DC: 0.0
state_probability/DD: 0.9867550134658813
state_probability/START: 0.013245034031569958
state_visitation/CC: 0.0
state_visitation/CD: 0.0
state_visitation/DC: 0.0
state_visitation/DD: 14900.0
state_visitation/START: 200.0
Average Reward per Timestep: (-2.0, -2.0)

Episode 480
cooperation_probability/CC: 0.0
cooperation_probability/CD: 0.0
cooperation_probability/DC: 0.0
cooperation_probability/DD: 0.0
cooperation_probability/START: 0.5
state_probability/CC: 0.0
state_probability/CD: 0.0
state_probability/DC: 0.0
state_probability/DD: 0.9867550134658813
state_probability/START: 0.013245034031569958
state_visitation/CC: 0.0
state_visitation/CD: 0.0
state_visitation/DC: 0.0
state_visitation/DD: 14900.0
state_visitation/START: 200.0
Average Reward per Timestep: (-2.0, -2.0)

Episode 485
cooperation_probability/CC: 0.0
cooperation_probability/CD: 0.0
cooperation_probability/DC: 0.0
cooperation_probability/DD: 0.0
cooperation_probability/START: 0.5
state_probability/CC: 0.0
state_probability/CD: 0.0
state_probability/DC: 0.0
state_probability/DD: 0.9867550134658813
state_probability/START: 0.013245034031569958
state_visitation/CC: 0.0
state_visitation/CD: 0.0
state_visitation/DC: 0.0
state_visitation/DD: 14900.0
state_visitation/START: 200.0
Average Reward per Timestep: (-2.0, -2.0)

Episode 490
cooperation_probability/CC: 0.0
cooperation_probability/CD: 0.0
cooperation_probability/DC: 0.0
cooperation_probability/DD: 0.0
cooperation_probability/START: 0.5
state_probability/CC: 0.0
state_probability/CD: 0.0
state_probability/DC: 0.0
state_probability/DD: 0.9867550134658813
state_probability/START: 0.013245034031569958
state_visitation/CC: 0.0
state_visitation/CD: 0.0
state_visitation/DC: 0.0
state_visitation/DD: 14900.0
state_visitation/START: 200.0
Average Reward per Timestep: (-2.0, -2.0)

Episode 495
cooperation_probability/CC: 0.0
cooperation_probability/CD: 0.0
cooperation_probability/DC: 0.0
cooperation_probability/DD: 0.0
cooperation_probability/START: 0.5
state_probability/CC: 0.0
state_probability/CD: 0.0
state_probability/DC: 0.0
state_probability/DD: 0.9867550134658813
state_probability/START: 0.013245034031569958
state_visitation/CC: 0.0
state_visitation/CD: 0.0
state_visitation/DC: 0.0
state_visitation/DD: 14900.0
state_visitation/START: 200.0
Average Reward per Timestep: (-2.0, -2.0)

Saving iteration 500 locally and to WandB
Episode 500
cooperation_probability/CC: 0.0
cooperation_probability/CD: 0.0
cooperation_probability/DC: 0.0
cooperation_probability/DD: 0.0
cooperation_probability/START: 0.5
state_probability/CC: 0.0
state_probability/CD: 0.0
state_probability/DC: 0.0
state_probability/DD: 0.9867550134658813
state_probability/START: 0.013245034031569958
state_visitation/CC: 0.0
state_visitation/CD: 0.0
state_visitation/DC: 0.0
state_visitation/DD: 14900.0
state_visitation/START: 200.0
Average Reward per Timestep: (-2.0, -2.0)

Episode 505
cooperation_probability/CC: 0.0
cooperation_probability/CD: 0.0
cooperation_probability/DC: 0.0
cooperation_probability/DD: 0.0
cooperation_probability/START: 0.5
state_probability/CC: 0.0
state_probability/CD: 0.0
state_probability/DC: 0.0
state_probability/DD: 0.9867550134658813
state_probability/START: 0.013245034031569958
state_visitation/CC: 0.0
state_visitation/CD: 0.0
state_visitation/DC: 0.0
state_visitation/DD: 14900.0
state_visitation/START: 200.0
Average Reward per Timestep: (-2.0, -2.0)

Episode 510
cooperation_probability/CC: 0.0
cooperation_probability/CD: 0.0
cooperation_probability/DC: 0.0
cooperation_probability/DD: 0.0
cooperation_probability/START: 0.5
state_probability/CC: 0.0
state_probability/CD: 0.0
state_probability/DC: 0.0
state_probability/DD: 0.9867550134658813
state_probability/START: 0.013245034031569958
state_visitation/CC: 0.0
state_visitation/CD: 0.0
state_visitation/DC: 0.0
state_visitation/DD: 14900.0
state_visitation/START: 200.0
Average Reward per Timestep: (-2.0, -2.0)

Episode 515
cooperation_probability/CC: 0.0
cooperation_probability/CD: 0.0
cooperation_probability/DC: 0.0
cooperation_probability/DD: 0.0
cooperation_probability/START: 0.5
state_probability/CC: 0.0
state_probability/CD: 0.0
state_probability/DC: 0.0
state_probability/DD: 0.9867550134658813
state_probability/START: 0.013245034031569958
state_visitation/CC: 0.0
state_visitation/CD: 0.0
state_visitation/DC: 0.0
state_visitation/DD: 14900.0
state_visitation/START: 200.0
Average Reward per Timestep: (-2.0, -2.0)

Episode 520
cooperation_probability/CC: 0.0
cooperation_probability/CD: 0.0
cooperation_probability/DC: 0.0
cooperation_probability/DD: 0.0
cooperation_probability/START: 0.5
state_probability/CC: 0.0
state_probability/CD: 0.0
state_probability/DC: 0.0
state_probability/DD: 0.9867550134658813
state_probability/START: 0.013245034031569958
state_visitation/CC: 0.0
state_visitation/CD: 0.0
state_visitation/DC: 0.0
state_visitation/DD: 14900.0
state_visitation/START: 200.0
Average Reward per Timestep: (-2.0, -2.0)

Episode 525
cooperation_probability/CC: 0.0
cooperation_probability/CD: 0.0
cooperation_probability/DC: 0.0
cooperation_probability/DD: 0.0
cooperation_probability/START: 0.5
state_probability/CC: 0.0
state_probability/CD: 0.0
state_probability/DC: 0.0
state_probability/DD: 0.9867550134658813
state_probability/START: 0.013245034031569958
state_visitation/CC: 0.0
state_visitation/CD: 0.0
state_visitation/DC: 0.0
state_visitation/DD: 14900.0
state_visitation/START: 200.0
Average Reward per Timestep: (-2.0, -2.0)

Episode 530
cooperation_probability/CC: 0.0
cooperation_probability/CD: 0.0
cooperation_probability/DC: 0.0
cooperation_probability/DD: 0.0
cooperation_probability/START: 0.5
state_probability/CC: 0.0
state_probability/CD: 0.0
state_probability/DC: 0.0
state_probability/DD: 0.9867550134658813
state_probability/START: 0.013245034031569958
state_visitation/CC: 0.0
state_visitation/CD: 0.0
state_visitation/DC: 0.0
state_visitation/DD: 14900.0
state_visitation/START: 200.0
Average Reward per Timestep: (-2.0, -2.0)

Episode 535
cooperation_probability/CC: 0.0
cooperation_probability/CD: 0.0
cooperation_probability/DC: 0.0
cooperation_probability/DD: 0.0
cooperation_probability/START: 0.5
state_probability/CC: 0.0
state_probability/CD: 0.0
state_probability/DC: 0.0
state_probability/DD: 0.9867550134658813
state_probability/START: 0.013245034031569958
state_visitation/CC: 0.0
state_visitation/CD: 0.0
state_visitation/DC: 0.0
state_visitation/DD: 14900.0
state_visitation/START: 200.0
Average Reward per Timestep: (-2.0, -2.0)

Episode 540
cooperation_probability/CC: 0.0
cooperation_probability/CD: 0.0
cooperation_probability/DC: 0.0
cooperation_probability/DD: 0.0
cooperation_probability/START: 0.5
state_probability/CC: 0.0
state_probability/CD: 0.0
state_probability/DC: 0.0
state_probability/DD: 0.9867550134658813
state_probability/START: 0.013245034031569958
state_visitation/CC: 0.0
state_visitation/CD: 0.0
state_visitation/DC: 0.0
state_visitation/DD: 14900.0
state_visitation/START: 200.0
Average Reward per Timestep: (-2.0, -2.0)

Episode 545
cooperation_probability/CC: 0.0
cooperation_probability/CD: 0.0
cooperation_probability/DC: 0.0
cooperation_probability/DD: 0.0
cooperation_probability/START: 0.5
state_probability/CC: 0.0
state_probability/CD: 0.0
state_probability/DC: 0.0
state_probability/DD: 0.9867550134658813
state_probability/START: 0.013245034031569958
state_visitation/CC: 0.0
state_visitation/CD: 0.0
state_visitation/DC: 0.0
state_visitation/DD: 14900.0
state_visitation/START: 200.0
Average Reward per Timestep: (-2.0, -2.0)

Episode 550
cooperation_probability/CC: 0.0
cooperation_probability/CD: 0.0
cooperation_probability/DC: 0.0
cooperation_probability/DD: 0.0
cooperation_probability/START: 0.5
state_probability/CC: 0.0
state_probability/CD: 0.0
state_probability/DC: 0.0
state_probability/DD: 0.9867550134658813
state_probability/START: 0.013245034031569958
state_visitation/CC: 0.0
state_visitation/CD: 0.0
state_visitation/DC: 0.0
state_visitation/DD: 14900.0
state_visitation/START: 200.0
Average Reward per Timestep: (-2.0, -2.0)

Episode 555
cooperation_probability/CC: 0.0
cooperation_probability/CD: 0.0
cooperation_probability/DC: 0.0
cooperation_probability/DD: 0.0
cooperation_probability/START: 0.5
state_probability/CC: 0.0
state_probability/CD: 0.0
state_probability/DC: 0.0
state_probability/DD: 0.9867550134658813
state_probability/START: 0.013245034031569958
state_visitation/CC: 0.0
state_visitation/CD: 0.0
state_visitation/DC: 0.0
state_visitation/DD: 14900.0
state_visitation/START: 200.0
Average Reward per Timestep: (-2.0, -2.0)

Episode 560
cooperation_probability/CC: 0.0
cooperation_probability/CD: 0.0
cooperation_probability/DC: 0.0
cooperation_probability/DD: 0.0
cooperation_probability/START: 0.5
state_probability/CC: 0.0
state_probability/CD: 0.0
state_probability/DC: 0.0
state_probability/DD: 0.9867550134658813
state_probability/START: 0.013245034031569958
state_visitation/CC: 0.0
state_visitation/CD: 0.0
state_visitation/DC: 0.0
state_visitation/DD: 14900.0
state_visitation/START: 200.0
Average Reward per Timestep: (-2.0, -2.0)

Episode 565
cooperation_probability/CC: 0.0
cooperation_probability/CD: 0.0
cooperation_probability/DC: 0.0
cooperation_probability/DD: 0.0
cooperation_probability/START: 0.5
state_probability/CC: 0.0
state_probability/CD: 0.0
state_probability/DC: 0.0
state_probability/DD: 0.9867550134658813
state_probability/START: 0.013245034031569958
state_visitation/CC: 0.0
state_visitation/CD: 0.0
state_visitation/DC: 0.0
state_visitation/DD: 14900.0
state_visitation/START: 200.0
Average Reward per Timestep: (-2.0, -2.0)

Episode 570
cooperation_probability/CC: 0.0
cooperation_probability/CD: 0.0
cooperation_probability/DC: 0.0
cooperation_probability/DD: 0.0
cooperation_probability/START: 0.5
state_probability/CC: 0.0
state_probability/CD: 0.0
state_probability/DC: 0.0
state_probability/DD: 0.9867550134658813
state_probability/START: 0.013245034031569958
state_visitation/CC: 0.0
state_visitation/CD: 0.0
state_visitation/DC: 0.0
state_visitation/DD: 14900.0
state_visitation/START: 200.0
Average Reward per Timestep: (-2.0, -2.0)

Episode 575
cooperation_probability/CC: 0.0
cooperation_probability/CD: 0.0
cooperation_probability/DC: 0.0
cooperation_probability/DD: 0.0
cooperation_probability/START: 0.5
state_probability/CC: 0.0
state_probability/CD: 0.0
state_probability/DC: 0.0
state_probability/DD: 0.9867550134658813
state_probability/START: 0.013245034031569958
state_visitation/CC: 0.0
state_visitation/CD: 0.0
state_visitation/DC: 0.0
state_visitation/DD: 14900.0
state_visitation/START: 200.0
Average Reward per Timestep: (-2.0, -2.0)

Episode 580
cooperation_probability/CC: 0.0
cooperation_probability/CD: 0.0
cooperation_probability/DC: 0.0
cooperation_probability/DD: 0.0
cooperation_probability/START: 0.5
state_probability/CC: 0.0
state_probability/CD: 0.0
state_probability/DC: 0.0
state_probability/DD: 0.9867550134658813
state_probability/START: 0.013245034031569958
state_visitation/CC: 0.0
state_visitation/CD: 0.0
state_visitation/DC: 0.0
state_visitation/DD: 14900.0
state_visitation/START: 200.0
Average Reward per Timestep: (-2.0, -2.0)

Episode 585
cooperation_probability/CC: 0.0
cooperation_probability/CD: 0.0
cooperation_probability/DC: 0.0
cooperation_probability/DD: 0.0
cooperation_probability/START: 0.5
state_probability/CC: 0.0
state_probability/CD: 0.0
state_probability/DC: 0.0
state_probability/DD: 0.9867550134658813
state_probability/START: 0.013245034031569958
state_visitation/CC: 0.0
state_visitation/CD: 0.0
state_visitation/DC: 0.0
state_visitation/DD: 14900.0
state_visitation/START: 200.0
Average Reward per Timestep: (-2.0, -2.0)

Episode 590
cooperation_probability/CC: 0.0
cooperation_probability/CD: 0.0
cooperation_probability/DC: 0.0
cooperation_probability/DD: 6.711859896313399e-05
cooperation_probability/START: 0.5
state_probability/CC: 0.0
state_probability/CD: 6.622516957577318e-05
state_probability/DC: 0.0
state_probability/DD: 0.9866887927055359
state_probability/START: 0.013245034031569958
state_visitation/CC: 0.0
state_visitation/CD: 1.0
state_visitation/DC: 0.0
state_visitation/DD: 14899.0
state_visitation/START: 200.0
Average Reward per Timestep: (-2.0000667572021484, -1.9998667240142822)

Episode 595
cooperation_probability/CC: 0.0
cooperation_probability/CD: 0.0
cooperation_probability/DC: 0.0
cooperation_probability/DD: 0.0
cooperation_probability/START: 0.5
state_probability/CC: 0.0
state_probability/CD: 0.0
state_probability/DC: 0.0
state_probability/DD: 0.9867550134658813
state_probability/START: 0.013245034031569958
state_visitation/CC: 0.0
state_visitation/CD: 0.0
state_visitation/DC: 0.0
state_visitation/DD: 14900.0
state_visitation/START: 200.0
Average Reward per Timestep: (-2.0, -2.0)

Saving iteration 600 locally and to WandB
Episode 600
cooperation_probability/CC: 0.0
cooperation_probability/CD: 0.0
cooperation_probability/DC: 0.0
cooperation_probability/DD: 0.0
cooperation_probability/START: 0.5
state_probability/CC: 0.0
state_probability/CD: 0.0
state_probability/DC: 0.0
state_probability/DD: 0.9867550134658813
state_probability/START: 0.013245034031569958
state_visitation/CC: 0.0
state_visitation/CD: 0.0
state_visitation/DC: 0.0
state_visitation/DD: 14900.0
state_visitation/START: 200.0
Average Reward per Timestep: (-2.0, -2.0)

Episode 605
cooperation_probability/CC: 0.0
cooperation_probability/CD: 0.0
cooperation_probability/DC: 0.0
cooperation_probability/DD: 0.0
cooperation_probability/START: 0.5
state_probability/CC: 0.0
state_probability/CD: 0.0
state_probability/DC: 0.0
state_probability/DD: 0.9867550134658813
state_probability/START: 0.013245034031569958
state_visitation/CC: 0.0
state_visitation/CD: 0.0
state_visitation/DC: 0.0
state_visitation/DD: 14900.0
state_visitation/START: 200.0
Average Reward per Timestep: (-2.0, -2.0)

Episode 610
cooperation_probability/CC: 0.0
cooperation_probability/CD: 0.0
cooperation_probability/DC: 0.0
cooperation_probability/DD: 0.0
cooperation_probability/START: 0.5
state_probability/CC: 0.0
state_probability/CD: 0.0
state_probability/DC: 0.0
state_probability/DD: 0.9867550134658813
state_probability/START: 0.013245034031569958
state_visitation/CC: 0.0
state_visitation/CD: 0.0
state_visitation/DC: 0.0
state_visitation/DD: 14900.0
state_visitation/START: 200.0
Average Reward per Timestep: (-2.0, -2.0)

Episode 615
cooperation_probability/CC: 0.0
cooperation_probability/CD: 0.0
cooperation_probability/DC: 0.0
cooperation_probability/DD: 0.0
cooperation_probability/START: 0.5
state_probability/CC: 0.0
state_probability/CD: 0.0
state_probability/DC: 0.0
state_probability/DD: 0.9867550134658813
state_probability/START: 0.013245034031569958
state_visitation/CC: 0.0
state_visitation/CD: 0.0
state_visitation/DC: 0.0
state_visitation/DD: 14900.0
state_visitation/START: 200.0
Average Reward per Timestep: (-2.0, -2.0)

Episode 620
cooperation_probability/CC: 0.0
cooperation_probability/CD: 0.0
cooperation_probability/DC: 0.0
cooperation_probability/DD: 0.0
cooperation_probability/START: 0.5
state_probability/CC: 0.0
state_probability/CD: 0.0
state_probability/DC: 0.0
state_probability/DD: 0.9867550134658813
state_probability/START: 0.013245034031569958
state_visitation/CC: 0.0
state_visitation/CD: 0.0
state_visitation/DC: 0.0
state_visitation/DD: 14900.0
state_visitation/START: 200.0
Average Reward per Timestep: (-2.0, -2.0)

Episode 625
cooperation_probability/CC: 0.0
cooperation_probability/CD: 0.0
cooperation_probability/DC: 0.0
cooperation_probability/DD: 0.0
cooperation_probability/START: 0.5
state_probability/CC: 0.0
state_probability/CD: 0.0
state_probability/DC: 0.0
state_probability/DD: 0.9867550134658813
state_probability/START: 0.013245034031569958
state_visitation/CC: 0.0
state_visitation/CD: 0.0
state_visitation/DC: 0.0
state_visitation/DD: 14900.0
state_visitation/START: 200.0
Average Reward per Timestep: (-2.0, -2.0)

Episode 630
cooperation_probability/CC: 0.0
cooperation_probability/CD: 0.0
cooperation_probability/DC: 0.0
cooperation_probability/DD: 0.0
cooperation_probability/START: 0.5
state_probability/CC: 0.0
state_probability/CD: 0.0
state_probability/DC: 0.0
state_probability/DD: 0.9867550134658813
state_probability/START: 0.013245034031569958
state_visitation/CC: 0.0
state_visitation/CD: 0.0
state_visitation/DC: 0.0
state_visitation/DD: 14900.0
state_visitation/START: 200.0
Average Reward per Timestep: (-2.0, -2.0)

Episode 635
cooperation_probability/CC: 0.0
cooperation_probability/CD: 0.0
cooperation_probability/DC: 0.0
cooperation_probability/DD: 0.0
cooperation_probability/START: 0.5
state_probability/CC: 0.0
state_probability/CD: 0.0
state_probability/DC: 0.0
state_probability/DD: 0.9867550134658813
state_probability/START: 0.013245034031569958
state_visitation/CC: 0.0
state_visitation/CD: 0.0
state_visitation/DC: 0.0
state_visitation/DD: 14900.0
state_visitation/START: 200.0
Average Reward per Timestep: (-2.0, -2.0)

Episode 640
cooperation_probability/CC: 0.0
cooperation_probability/CD: 0.0
cooperation_probability/DC: 0.0
cooperation_probability/DD: 0.0
cooperation_probability/START: 0.5
state_probability/CC: 0.0
state_probability/CD: 0.0
state_probability/DC: 0.0
state_probability/DD: 0.9867550134658813
state_probability/START: 0.013245034031569958
state_visitation/CC: 0.0
state_visitation/CD: 0.0
state_visitation/DC: 0.0
state_visitation/DD: 14900.0
state_visitation/START: 200.0
Average Reward per Timestep: (-2.0, -2.0)

Episode 645
cooperation_probability/CC: 0.0
cooperation_probability/CD: 0.0
cooperation_probability/DC: 0.0
cooperation_probability/DD: 0.0
cooperation_probability/START: 0.5
state_probability/CC: 0.0
state_probability/CD: 0.0
state_probability/DC: 0.0
state_probability/DD: 0.9867550134658813
state_probability/START: 0.013245034031569958
state_visitation/CC: 0.0
state_visitation/CD: 0.0
state_visitation/DC: 0.0
state_visitation/DD: 14900.0
state_visitation/START: 200.0
Average Reward per Timestep: (-2.0, -2.0)

Episode 650
cooperation_probability/CC: 0.0
cooperation_probability/CD: 0.0
cooperation_probability/DC: 0.0
cooperation_probability/DD: 0.0
cooperation_probability/START: 0.5
state_probability/CC: 0.0
state_probability/CD: 0.0
state_probability/DC: 0.0
state_probability/DD: 0.9867550134658813
state_probability/START: 0.013245034031569958
state_visitation/CC: 0.0
state_visitation/CD: 0.0
state_visitation/DC: 0.0
state_visitation/DD: 14900.0
state_visitation/START: 200.0
Average Reward per Timestep: (-2.0, -2.0)

Episode 655
cooperation_probability/CC: 0.0
cooperation_probability/CD: 0.0
cooperation_probability/DC: 0.0
cooperation_probability/DD: 0.0
cooperation_probability/START: 0.5
state_probability/CC: 0.0
state_probability/CD: 0.0
state_probability/DC: 0.0
state_probability/DD: 0.9867550134658813
state_probability/START: 0.013245034031569958
state_visitation/CC: 0.0
state_visitation/CD: 0.0
state_visitation/DC: 0.0
state_visitation/DD: 14900.0
state_visitation/START: 200.0
Average Reward per Timestep: (-2.0, -2.0)

Episode 660
cooperation_probability/CC: 0.0
cooperation_probability/CD: 0.0
cooperation_probability/DC: 0.0
cooperation_probability/DD: 0.0
cooperation_probability/START: 0.5
state_probability/CC: 0.0
state_probability/CD: 0.0
state_probability/DC: 0.0
state_probability/DD: 0.9867550134658813
state_probability/START: 0.013245034031569958
state_visitation/CC: 0.0
state_visitation/CD: 0.0
state_visitation/DC: 0.0
state_visitation/DD: 14900.0
state_visitation/START: 200.0
Average Reward per Timestep: (-2.0, -2.0)

Episode 665
cooperation_probability/CC: 0.0
cooperation_probability/CD: 0.0
cooperation_probability/DC: 0.0
cooperation_probability/DD: 0.0
cooperation_probability/START: 0.5
state_probability/CC: 0.0
state_probability/CD: 0.0
state_probability/DC: 0.0
state_probability/DD: 0.9867550134658813
state_probability/START: 0.013245034031569958
state_visitation/CC: 0.0
state_visitation/CD: 0.0
state_visitation/DC: 0.0
state_visitation/DD: 14900.0
state_visitation/START: 200.0
Average Reward per Timestep: (-2.0, -2.0)

Episode 670
cooperation_probability/CC: 0.0
cooperation_probability/CD: 0.0
cooperation_probability/DC: 0.0
cooperation_probability/DD: 0.0
cooperation_probability/START: 0.5
state_probability/CC: 0.0
state_probability/CD: 0.0
state_probability/DC: 0.0
state_probability/DD: 0.9867550134658813
state_probability/START: 0.013245034031569958
state_visitation/CC: 0.0
state_visitation/CD: 0.0
state_visitation/DC: 0.0
state_visitation/DD: 14900.0
state_visitation/START: 200.0
Average Reward per Timestep: (-2.0, -2.0)

Episode 675
cooperation_probability/CC: 0.0
cooperation_probability/CD: 0.0
cooperation_probability/DC: 0.0
cooperation_probability/DD: 0.0
cooperation_probability/START: 0.5
state_probability/CC: 0.0
state_probability/CD: 0.0
state_probability/DC: 0.0
state_probability/DD: 0.9867550134658813
state_probability/START: 0.013245034031569958
state_visitation/CC: 0.0
state_visitation/CD: 0.0
state_visitation/DC: 0.0
state_visitation/DD: 14900.0
state_visitation/START: 200.0
Average Reward per Timestep: (-2.0, -2.0)

Episode 680
cooperation_probability/CC: 0.0
cooperation_probability/CD: 0.0
cooperation_probability/DC: 0.0
cooperation_probability/DD: 0.0
cooperation_probability/START: 0.5
state_probability/CC: 0.0
state_probability/CD: 0.0
state_probability/DC: 0.0
state_probability/DD: 0.9867550134658813
state_probability/START: 0.013245034031569958
state_visitation/CC: 0.0
state_visitation/CD: 0.0
state_visitation/DC: 0.0
state_visitation/DD: 14900.0
state_visitation/START: 200.0
Average Reward per Timestep: (-2.0, -2.0)

Episode 685
cooperation_probability/CC: 0.0
cooperation_probability/CD: 0.0
cooperation_probability/DC: 0.0
cooperation_probability/DD: 0.0
cooperation_probability/START: 0.5
state_probability/CC: 0.0
state_probability/CD: 0.0
state_probability/DC: 0.0
state_probability/DD: 0.9867550134658813
state_probability/START: 0.013245034031569958
state_visitation/CC: 0.0
state_visitation/CD: 0.0
state_visitation/DC: 0.0
state_visitation/DD: 14900.0
state_visitation/START: 200.0
Average Reward per Timestep: (-2.0, -2.0)

Episode 690
cooperation_probability/CC: 0.0
cooperation_probability/CD: 0.0
cooperation_probability/DC: 0.0
cooperation_probability/DD: 0.0
cooperation_probability/START: 0.5
state_probability/CC: 0.0
state_probability/CD: 0.0
state_probability/DC: 0.0
state_probability/DD: 0.9867550134658813
state_probability/START: 0.013245034031569958
state_visitation/CC: 0.0
state_visitation/CD: 0.0
state_visitation/DC: 0.0
state_visitation/DD: 14900.0
state_visitation/START: 200.0
Average Reward per Timestep: (-2.0, -2.0)

Episode 695
cooperation_probability/CC: 0.0
cooperation_probability/CD: 0.0
cooperation_probability/DC: 0.0
cooperation_probability/DD: 0.0
cooperation_probability/START: 0.5
state_probability/CC: 0.0
state_probability/CD: 0.0
state_probability/DC: 0.0
state_probability/DD: 0.9867550134658813
state_probability/START: 0.013245034031569958
state_visitation/CC: 0.0
state_visitation/CD: 0.0
state_visitation/DC: 0.0
state_visitation/DD: 14900.0
state_visitation/START: 200.0
Average Reward per Timestep: (-2.0, -2.0)

Saving iteration 700 locally and to WandB
Episode 700
cooperation_probability/CC: 0.0
cooperation_probability/CD: 0.0
cooperation_probability/DC: 0.0
cooperation_probability/DD: 0.0
cooperation_probability/START: 0.5
state_probability/CC: 0.0
state_probability/CD: 0.0
state_probability/DC: 0.0
state_probability/DD: 0.9867550134658813
state_probability/START: 0.013245034031569958
state_visitation/CC: 0.0
state_visitation/CD: 0.0
state_visitation/DC: 0.0
state_visitation/DD: 14900.0
state_visitation/START: 200.0
Average Reward per Timestep: (-2.0, -2.0)

Episode 705
cooperation_probability/CC: 0.0
cooperation_probability/CD: 0.0
cooperation_probability/DC: 0.0
cooperation_probability/DD: 0.0
cooperation_probability/START: 0.5
state_probability/CC: 0.0
state_probability/CD: 0.0
state_probability/DC: 0.0
state_probability/DD: 0.9867550134658813
state_probability/START: 0.013245034031569958
state_visitation/CC: 0.0
state_visitation/CD: 0.0
state_visitation/DC: 0.0
state_visitation/DD: 14900.0
state_visitation/START: 200.0
Average Reward per Timestep: (-2.0, -2.0)

Episode 710
cooperation_probability/CC: 0.0
cooperation_probability/CD: 0.0
cooperation_probability/DC: 0.0
cooperation_probability/DD: 0.0
cooperation_probability/START: 0.5
state_probability/CC: 0.0
state_probability/CD: 0.0
state_probability/DC: 0.0
state_probability/DD: 0.9867550134658813
state_probability/START: 0.013245034031569958
state_visitation/CC: 0.0
state_visitation/CD: 0.0
state_visitation/DC: 0.0
state_visitation/DD: 14900.0
state_visitation/START: 200.0
Average Reward per Timestep: (-2.0, -2.0)

Episode 715
cooperation_probability/CC: 0.0
cooperation_probability/CD: 0.0
cooperation_probability/DC: 0.0
cooperation_probability/DD: 0.0
cooperation_probability/START: 0.5
state_probability/CC: 0.0
state_probability/CD: 0.0
state_probability/DC: 0.0
state_probability/DD: 0.9867550134658813
state_probability/START: 0.013245034031569958
state_visitation/CC: 0.0
state_visitation/CD: 0.0
state_visitation/DC: 0.0
state_visitation/DD: 14900.0
state_visitation/START: 200.0
Average Reward per Timestep: (-2.0, -2.0)

Episode 720
cooperation_probability/CC: 0.0
cooperation_probability/CD: 0.0
cooperation_probability/DC: 0.0
cooperation_probability/DD: 0.0
cooperation_probability/START: 0.5
state_probability/CC: 0.0
state_probability/CD: 0.0
state_probability/DC: 0.0
state_probability/DD: 0.9867550134658813
state_probability/START: 0.013245034031569958
state_visitation/CC: 0.0
state_visitation/CD: 0.0
state_visitation/DC: 0.0
state_visitation/DD: 14900.0
state_visitation/START: 200.0
Average Reward per Timestep: (-2.0, -2.0)

Episode 725
cooperation_probability/CC: 0.0
cooperation_probability/CD: 0.0
cooperation_probability/DC: 0.0
cooperation_probability/DD: 0.0
cooperation_probability/START: 0.5
state_probability/CC: 0.0
state_probability/CD: 0.0
state_probability/DC: 0.0
state_probability/DD: 0.9867550134658813
state_probability/START: 0.013245034031569958
state_visitation/CC: 0.0
state_visitation/CD: 0.0
state_visitation/DC: 0.0
state_visitation/DD: 14900.0
state_visitation/START: 200.0
Average Reward per Timestep: (-2.0, -2.0)

Episode 730
cooperation_probability/CC: 0.0
cooperation_probability/CD: 0.0
cooperation_probability/DC: 0.0
cooperation_probability/DD: 0.0
cooperation_probability/START: 0.5
state_probability/CC: 0.0
state_probability/CD: 0.0
state_probability/DC: 0.0
state_probability/DD: 0.9867550134658813
state_probability/START: 0.013245034031569958
state_visitation/CC: 0.0
state_visitation/CD: 0.0
state_visitation/DC: 0.0
state_visitation/DD: 14900.0
state_visitation/START: 200.0
Average Reward per Timestep: (-2.0, -2.0)

Episode 735
cooperation_probability/CC: 0.0
cooperation_probability/CD: 0.0
cooperation_probability/DC: 0.0
cooperation_probability/DD: 0.0
cooperation_probability/START: 0.5
state_probability/CC: 0.0
state_probability/CD: 0.0
state_probability/DC: 0.0
state_probability/DD: 0.9867550134658813
state_probability/START: 0.013245034031569958
state_visitation/CC: 0.0
state_visitation/CD: 0.0
state_visitation/DC: 0.0
state_visitation/DD: 14900.0
state_visitation/START: 200.0
Average Reward per Timestep: (-2.0, -2.0)

Episode 740
cooperation_probability/CC: 0.0
cooperation_probability/CD: 0.0
cooperation_probability/DC: 0.0
cooperation_probability/DD: 0.0
cooperation_probability/START: 0.5
state_probability/CC: 0.0
state_probability/CD: 0.0
state_probability/DC: 0.0
state_probability/DD: 0.9867550134658813
state_probability/START: 0.013245034031569958
state_visitation/CC: 0.0
state_visitation/CD: 0.0
state_visitation/DC: 0.0
state_visitation/DD: 14900.0
state_visitation/START: 200.0
Average Reward per Timestep: (-2.0, -2.0)

Episode 745
cooperation_probability/CC: 0.0
cooperation_probability/CD: 0.0
cooperation_probability/DC: 0.0
cooperation_probability/DD: 0.0
cooperation_probability/START: 0.5
state_probability/CC: 0.0
state_probability/CD: 0.0
state_probability/DC: 0.0
state_probability/DD: 0.9867550134658813
state_probability/START: 0.013245034031569958
state_visitation/CC: 0.0
state_visitation/CD: 0.0
state_visitation/DC: 0.0
state_visitation/DD: 14900.0
state_visitation/START: 200.0
Average Reward per Timestep: (-2.0, -2.0)

Episode 750
cooperation_probability/CC: 0.0
cooperation_probability/CD: 0.0
cooperation_probability/DC: 0.0
cooperation_probability/DD: 0.0
cooperation_probability/START: 0.5
state_probability/CC: 0.0
state_probability/CD: 0.0
state_probability/DC: 0.0
state_probability/DD: 0.9867550134658813
state_probability/START: 0.013245034031569958
state_visitation/CC: 0.0
state_visitation/CD: 0.0
state_visitation/DC: 0.0
state_visitation/DD: 14900.0
state_visitation/START: 200.0
Average Reward per Timestep: (-2.0, -2.0)

Episode 755
cooperation_probability/CC: 0.0
cooperation_probability/CD: 0.0
cooperation_probability/DC: 0.0
cooperation_probability/DD: 0.0
cooperation_probability/START: 0.5
state_probability/CC: 0.0
state_probability/CD: 0.0
state_probability/DC: 0.0
state_probability/DD: 0.9867550134658813
state_probability/START: 0.013245034031569958
state_visitation/CC: 0.0
state_visitation/CD: 0.0
state_visitation/DC: 0.0
state_visitation/DD: 14900.0
state_visitation/START: 200.0
Average Reward per Timestep: (-2.0, -2.0)

Episode 760
cooperation_probability/CC: 0.0
cooperation_probability/CD: 0.0
cooperation_probability/DC: 0.0
cooperation_probability/DD: 0.0
cooperation_probability/START: 0.5
state_probability/CC: 0.0
state_probability/CD: 0.0
state_probability/DC: 0.0
state_probability/DD: 0.9867550134658813
state_probability/START: 0.013245034031569958
state_visitation/CC: 0.0
state_visitation/CD: 0.0
state_visitation/DC: 0.0
state_visitation/DD: 14900.0
state_visitation/START: 200.0
Average Reward per Timestep: (-2.0, -2.0)

Episode 765
cooperation_probability/CC: 0.0
cooperation_probability/CD: 0.0
cooperation_probability/DC: 0.0
cooperation_probability/DD: 0.0
cooperation_probability/START: 0.5
state_probability/CC: 0.0
state_probability/CD: 0.0
state_probability/DC: 0.0
state_probability/DD: 0.9867550134658813
state_probability/START: 0.013245034031569958
state_visitation/CC: 0.0
state_visitation/CD: 0.0
state_visitation/DC: 0.0
state_visitation/DD: 14900.0
state_visitation/START: 200.0
Average Reward per Timestep: (-2.0, -2.0)

Episode 770
cooperation_probability/CC: 0.0
cooperation_probability/CD: 0.0
cooperation_probability/DC: 0.0
cooperation_probability/DD: 0.0
cooperation_probability/START: 0.5
state_probability/CC: 0.0
state_probability/CD: 0.0
state_probability/DC: 0.0
state_probability/DD: 0.9867550134658813
state_probability/START: 0.013245034031569958
state_visitation/CC: 0.0
state_visitation/CD: 0.0
state_visitation/DC: 0.0
state_visitation/DD: 14900.0
state_visitation/START: 200.0
Average Reward per Timestep: (-2.0, -2.0)

Episode 775
cooperation_probability/CC: 0.0
cooperation_probability/CD: 0.0
cooperation_probability/DC: 0.0
cooperation_probability/DD: 0.0
cooperation_probability/START: 0.5
state_probability/CC: 0.0
state_probability/CD: 0.0
state_probability/DC: 0.0
state_probability/DD: 0.9867550134658813
state_probability/START: 0.013245034031569958
state_visitation/CC: 0.0
state_visitation/CD: 0.0
state_visitation/DC: 0.0
state_visitation/DD: 14900.0
state_visitation/START: 200.0
Average Reward per Timestep: (-2.0, -2.0)

Episode 780
cooperation_probability/CC: 0.0
cooperation_probability/CD: 0.0
cooperation_probability/DC: 0.0
cooperation_probability/DD: 0.0
cooperation_probability/START: 0.5
state_probability/CC: 0.0
state_probability/CD: 0.0
state_probability/DC: 0.0
state_probability/DD: 0.9867550134658813
state_probability/START: 0.013245034031569958
state_visitation/CC: 0.0
state_visitation/CD: 0.0
state_visitation/DC: 0.0
state_visitation/DD: 14900.0
state_visitation/START: 200.0
Average Reward per Timestep: (-2.0, -2.0)

Episode 785
cooperation_probability/CC: 0.0
cooperation_probability/CD: 0.0
cooperation_probability/DC: 0.0
cooperation_probability/DD: 0.0
cooperation_probability/START: 0.5
state_probability/CC: 0.0
state_probability/CD: 0.0
state_probability/DC: 0.0
state_probability/DD: 0.9867550134658813
state_probability/START: 0.013245034031569958
state_visitation/CC: 0.0
state_visitation/CD: 0.0
state_visitation/DC: 0.0
state_visitation/DD: 14900.0
state_visitation/START: 200.0
Average Reward per Timestep: (-2.0, -2.0)

Episode 790
cooperation_probability/CC: 0.0
cooperation_probability/CD: 0.0
cooperation_probability/DC: 0.0
cooperation_probability/DD: 0.0
cooperation_probability/START: 0.5
state_probability/CC: 0.0
state_probability/CD: 0.0
state_probability/DC: 0.0
state_probability/DD: 0.9867550134658813
state_probability/START: 0.013245034031569958
state_visitation/CC: 0.0
state_visitation/CD: 0.0
state_visitation/DC: 0.0
state_visitation/DD: 14900.0
state_visitation/START: 200.0
Average Reward per Timestep: (-2.0, -2.0)

Episode 795
cooperation_probability/CC: 0.0
cooperation_probability/CD: 0.0
cooperation_probability/DC: 0.0
cooperation_probability/DD: 0.0
cooperation_probability/START: 0.5
state_probability/CC: 0.0
state_probability/CD: 0.0
state_probability/DC: 0.0
state_probability/DD: 0.9867550134658813
state_probability/START: 0.013245034031569958
state_visitation/CC: 0.0
state_visitation/CD: 0.0
state_visitation/DC: 0.0
state_visitation/DD: 14900.0
state_visitation/START: 200.0
Average Reward per Timestep: (-2.0, -2.0)

Saving iteration 800 locally and to WandB
Episode 800
cooperation_probability/CC: 0.0
cooperation_probability/CD: 0.0
cooperation_probability/DC: 0.0
cooperation_probability/DD: 0.0
cooperation_probability/START: 0.5
state_probability/CC: 0.0
state_probability/CD: 0.0
state_probability/DC: 0.0
state_probability/DD: 0.9867550134658813
state_probability/START: 0.013245034031569958
state_visitation/CC: 0.0
state_visitation/CD: 0.0
state_visitation/DC: 0.0
state_visitation/DD: 14900.0
state_visitation/START: 200.0
Average Reward per Timestep: (-2.0, -2.0)

Episode 805
cooperation_probability/CC: 0.0
cooperation_probability/CD: 0.0
cooperation_probability/DC: 0.0
cooperation_probability/DD: 0.0
cooperation_probability/START: 0.5
state_probability/CC: 0.0
state_probability/CD: 0.0
state_probability/DC: 0.0
state_probability/DD: 0.9867550134658813
state_probability/START: 0.013245034031569958
state_visitation/CC: 0.0
state_visitation/CD: 0.0
state_visitation/DC: 0.0
state_visitation/DD: 14900.0
state_visitation/START: 200.0
Average Reward per Timestep: (-2.0, -2.0)

Episode 810
cooperation_probability/CC: 0.0
cooperation_probability/CD: 0.0
cooperation_probability/DC: 0.0
cooperation_probability/DD: 0.0
cooperation_probability/START: 0.5
state_probability/CC: 0.0
state_probability/CD: 0.0
state_probability/DC: 0.0
state_probability/DD: 0.9867550134658813
state_probability/START: 0.013245034031569958
state_visitation/CC: 0.0
state_visitation/CD: 0.0
state_visitation/DC: 0.0
state_visitation/DD: 14900.0
state_visitation/START: 200.0
Average Reward per Timestep: (-2.0, -2.0)

Episode 815
cooperation_probability/CC: 0.0
cooperation_probability/CD: 0.0
cooperation_probability/DC: 0.0
cooperation_probability/DD: 0.0
cooperation_probability/START: 0.5
state_probability/CC: 0.0
state_probability/CD: 0.0
state_probability/DC: 0.0
state_probability/DD: 0.9867550134658813
state_probability/START: 0.013245034031569958
state_visitation/CC: 0.0
state_visitation/CD: 0.0
state_visitation/DC: 0.0
state_visitation/DD: 14900.0
state_visitation/START: 200.0
Average Reward per Timestep: (-2.0, -2.0)

Episode 820
cooperation_probability/CC: 0.0
cooperation_probability/CD: 0.0
cooperation_probability/DC: 0.0
cooperation_probability/DD: 0.0
cooperation_probability/START: 0.5
state_probability/CC: 0.0
state_probability/CD: 0.0
state_probability/DC: 0.0
state_probability/DD: 0.9867550134658813
state_probability/START: 0.013245034031569958
state_visitation/CC: 0.0
state_visitation/CD: 0.0
state_visitation/DC: 0.0
state_visitation/DD: 14900.0
state_visitation/START: 200.0
Average Reward per Timestep: (-2.0, -2.0)

Episode 825
cooperation_probability/CC: 0.0
cooperation_probability/CD: 0.0
cooperation_probability/DC: 0.0
cooperation_probability/DD: 0.0
cooperation_probability/START: 0.5
state_probability/CC: 0.0
state_probability/CD: 0.0
state_probability/DC: 0.0
state_probability/DD: 0.9867550134658813
state_probability/START: 0.013245034031569958
state_visitation/CC: 0.0
state_visitation/CD: 0.0
state_visitation/DC: 0.0
state_visitation/DD: 14900.0
state_visitation/START: 200.0
Average Reward per Timestep: (-2.0, -2.0)

Episode 830
cooperation_probability/CC: 0.0
cooperation_probability/CD: 0.0
cooperation_probability/DC: 0.0
cooperation_probability/DD: 0.0
cooperation_probability/START: 0.5
state_probability/CC: 0.0
state_probability/CD: 0.0
state_probability/DC: 0.0
state_probability/DD: 0.9867550134658813
state_probability/START: 0.013245034031569958
state_visitation/CC: 0.0
state_visitation/CD: 0.0
state_visitation/DC: 0.0
state_visitation/DD: 14900.0
state_visitation/START: 200.0
Average Reward per Timestep: (-2.0, -2.0)

Episode 835
cooperation_probability/CC: 0.0
cooperation_probability/CD: 0.0
cooperation_probability/DC: 0.0
cooperation_probability/DD: 0.0
cooperation_probability/START: 0.5
state_probability/CC: 0.0
state_probability/CD: 0.0
state_probability/DC: 0.0
state_probability/DD: 0.9867550134658813
state_probability/START: 0.013245034031569958
state_visitation/CC: 0.0
state_visitation/CD: 0.0
state_visitation/DC: 0.0
state_visitation/DD: 14900.0
state_visitation/START: 200.0
Average Reward per Timestep: (-2.0, -2.0)

Episode 840
cooperation_probability/CC: 0.0
cooperation_probability/CD: 0.0
cooperation_probability/DC: 0.0
cooperation_probability/DD: 0.0
cooperation_probability/START: 0.5
state_probability/CC: 0.0
state_probability/CD: 0.0
state_probability/DC: 0.0
state_probability/DD: 0.9867550134658813
state_probability/START: 0.013245034031569958
state_visitation/CC: 0.0
state_visitation/CD: 0.0
state_visitation/DC: 0.0
state_visitation/DD: 14900.0
state_visitation/START: 200.0
Average Reward per Timestep: (-2.0, -2.0)

Episode 845
cooperation_probability/CC: 0.0
cooperation_probability/CD: 0.0
cooperation_probability/DC: 0.0
cooperation_probability/DD: 0.0
cooperation_probability/START: 0.5
state_probability/CC: 0.0
state_probability/CD: 0.0
state_probability/DC: 0.0
state_probability/DD: 0.9867550134658813
state_probability/START: 0.013245034031569958
state_visitation/CC: 0.0
state_visitation/CD: 0.0
state_visitation/DC: 0.0
state_visitation/DD: 14900.0
state_visitation/START: 200.0
Average Reward per Timestep: (-2.0, -2.0)

Episode 850
cooperation_probability/CC: 0.0
cooperation_probability/CD: 0.0
cooperation_probability/DC: 0.0
cooperation_probability/DD: 0.0
cooperation_probability/START: 0.5
state_probability/CC: 0.0
state_probability/CD: 0.0
state_probability/DC: 0.0
state_probability/DD: 0.9867550134658813
state_probability/START: 0.013245034031569958
state_visitation/CC: 0.0
state_visitation/CD: 0.0
state_visitation/DC: 0.0
state_visitation/DD: 14900.0
state_visitation/START: 200.0
Average Reward per Timestep: (-2.0, -2.0)

Episode 855
cooperation_probability/CC: 0.0
cooperation_probability/CD: 0.0
cooperation_probability/DC: 0.0
cooperation_probability/DD: 0.0
cooperation_probability/START: 0.5
state_probability/CC: 0.0
state_probability/CD: 0.0
state_probability/DC: 0.0
state_probability/DD: 0.9867550134658813
state_probability/START: 0.013245034031569958
state_visitation/CC: 0.0
state_visitation/CD: 0.0
state_visitation/DC: 0.0
state_visitation/DD: 14900.0
state_visitation/START: 200.0
Average Reward per Timestep: (-2.0, -2.0)

Episode 860
cooperation_probability/CC: 0.0
cooperation_probability/CD: 0.0
cooperation_probability/DC: 0.0
cooperation_probability/DD: 0.0
cooperation_probability/START: 0.5
state_probability/CC: 0.0
state_probability/CD: 0.0
state_probability/DC: 0.0
state_probability/DD: 0.9867550134658813
state_probability/START: 0.013245034031569958
state_visitation/CC: 0.0
state_visitation/CD: 0.0
state_visitation/DC: 0.0
state_visitation/DD: 14900.0
state_visitation/START: 200.0
Average Reward per Timestep: (-2.0, -2.0)

Episode 865
cooperation_probability/CC: 0.0
cooperation_probability/CD: 0.0
cooperation_probability/DC: 0.0
cooperation_probability/DD: 0.0
cooperation_probability/START: 0.5
state_probability/CC: 0.0
state_probability/CD: 0.0
state_probability/DC: 0.0
state_probability/DD: 0.9867550134658813
state_probability/START: 0.013245034031569958
state_visitation/CC: 0.0
state_visitation/CD: 0.0
state_visitation/DC: 0.0
state_visitation/DD: 14900.0
state_visitation/START: 200.0
Average Reward per Timestep: (-2.0, -2.0)

Episode 870
cooperation_probability/CC: 0.0
cooperation_probability/CD: 0.0
cooperation_probability/DC: 0.0
cooperation_probability/DD: 0.0
cooperation_probability/START: 0.5
state_probability/CC: 0.0
state_probability/CD: 0.0
state_probability/DC: 0.0
state_probability/DD: 0.9867550134658813
state_probability/START: 0.013245034031569958
state_visitation/CC: 0.0
state_visitation/CD: 0.0
state_visitation/DC: 0.0
state_visitation/DD: 14900.0
state_visitation/START: 200.0
Average Reward per Timestep: (-2.0, -2.0)

Episode 875
cooperation_probability/CC: 0.0
cooperation_probability/CD: 0.0
cooperation_probability/DC: 0.0
cooperation_probability/DD: 0.0
cooperation_probability/START: 0.5
state_probability/CC: 0.0
state_probability/CD: 0.0
state_probability/DC: 0.0
state_probability/DD: 0.9867550134658813
state_probability/START: 0.013245034031569958
state_visitation/CC: 0.0
state_visitation/CD: 0.0
state_visitation/DC: 0.0
state_visitation/DD: 14900.0
state_visitation/START: 200.0
Average Reward per Timestep: (-2.0, -2.0)

Episode 880
cooperation_probability/CC: 0.0
cooperation_probability/CD: 0.0
cooperation_probability/DC: 0.0
cooperation_probability/DD: 0.0
cooperation_probability/START: 0.5
state_probability/CC: 0.0
state_probability/CD: 0.0
state_probability/DC: 0.0
state_probability/DD: 0.9867550134658813
state_probability/START: 0.013245034031569958
state_visitation/CC: 0.0
state_visitation/CD: 0.0
state_visitation/DC: 0.0
state_visitation/DD: 14900.0
state_visitation/START: 200.0
Average Reward per Timestep: (-2.0, -2.0)

Episode 885
cooperation_probability/CC: 0.0
cooperation_probability/CD: 0.0
cooperation_probability/DC: 0.0
cooperation_probability/DD: 0.0
cooperation_probability/START: 0.5
state_probability/CC: 0.0
state_probability/CD: 0.0
state_probability/DC: 0.0
state_probability/DD: 0.9867550134658813
state_probability/START: 0.013245034031569958
state_visitation/CC: 0.0
state_visitation/CD: 0.0
state_visitation/DC: 0.0
state_visitation/DD: 14900.0
state_visitation/START: 200.0
Average Reward per Timestep: (-2.0, -2.0)

Episode 890
cooperation_probability/CC: 0.0
cooperation_probability/CD: 0.0
cooperation_probability/DC: 0.0
cooperation_probability/DD: 0.0
cooperation_probability/START: 0.5
state_probability/CC: 0.0
state_probability/CD: 0.0
state_probability/DC: 0.0
state_probability/DD: 0.9867550134658813
state_probability/START: 0.013245034031569958
state_visitation/CC: 0.0
state_visitation/CD: 0.0
state_visitation/DC: 0.0
state_visitation/DD: 14900.0
state_visitation/START: 200.0
Average Reward per Timestep: (-2.0, -2.0)

Episode 895
cooperation_probability/CC: 0.0
cooperation_probability/CD: 0.0
cooperation_probability/DC: 0.0
cooperation_probability/DD: 0.0
cooperation_probability/START: 0.5
state_probability/CC: 0.0
state_probability/CD: 0.0
state_probability/DC: 0.0
state_probability/DD: 0.9867550134658813
state_probability/START: 0.013245034031569958
state_visitation/CC: 0.0
state_visitation/CD: 0.0
state_visitation/DC: 0.0
state_visitation/DD: 14900.0
state_visitation/START: 200.0
Average Reward per Timestep: (-2.0, -2.0)

Saving iteration 900 locally and to WandB
Episode 900
cooperation_probability/CC: 0.0
cooperation_probability/CD: 0.0
cooperation_probability/DC: 0.0
cooperation_probability/DD: 0.0
cooperation_probability/START: 0.5
state_probability/CC: 0.0
state_probability/CD: 0.0
state_probability/DC: 0.0
state_probability/DD: 0.9867550134658813
state_probability/START: 0.013245034031569958
state_visitation/CC: 0.0
state_visitation/CD: 0.0
state_visitation/DC: 0.0
state_visitation/DD: 14900.0
state_visitation/START: 200.0
Average Reward per Timestep: (-2.0, -2.0)

Episode 905
cooperation_probability/CC: 0.0
cooperation_probability/CD: 0.0
cooperation_probability/DC: 0.0
cooperation_probability/DD: 0.0
cooperation_probability/START: 0.5
state_probability/CC: 0.0
state_probability/CD: 0.0
state_probability/DC: 0.0
state_probability/DD: 0.9867550134658813
state_probability/START: 0.013245034031569958
state_visitation/CC: 0.0
state_visitation/CD: 0.0
state_visitation/DC: 0.0
state_visitation/DD: 14900.0
state_visitation/START: 200.0
Average Reward per Timestep: (-2.0, -2.0)

Episode 910
cooperation_probability/CC: 0.0
cooperation_probability/CD: 0.0
cooperation_probability/DC: 0.0
cooperation_probability/DD: 0.0
cooperation_probability/START: 0.5
state_probability/CC: 0.0
state_probability/CD: 0.0
state_probability/DC: 0.0
state_probability/DD: 0.9867550134658813
state_probability/START: 0.013245034031569958
state_visitation/CC: 0.0
state_visitation/CD: 0.0
state_visitation/DC: 0.0
state_visitation/DD: 14900.0
state_visitation/START: 200.0
Average Reward per Timestep: (-2.0, -2.0)

Episode 915
cooperation_probability/CC: 0.0
cooperation_probability/CD: 0.0
cooperation_probability/DC: 0.0
cooperation_probability/DD: 0.0
cooperation_probability/START: 0.5
state_probability/CC: 0.0
state_probability/CD: 0.0
state_probability/DC: 0.0
state_probability/DD: 0.9867550134658813
state_probability/START: 0.013245034031569958
state_visitation/CC: 0.0
state_visitation/CD: 0.0
state_visitation/DC: 0.0
state_visitation/DD: 14900.0
state_visitation/START: 200.0
Average Reward per Timestep: (-2.0, -2.0)

Episode 920
cooperation_probability/CC: 0.0
cooperation_probability/CD: 0.0
cooperation_probability/DC: 0.0
cooperation_probability/DD: 0.0
cooperation_probability/START: 0.5
state_probability/CC: 0.0
state_probability/CD: 0.0
state_probability/DC: 0.0
state_probability/DD: 0.9867550134658813
state_probability/START: 0.013245034031569958
state_visitation/CC: 0.0
state_visitation/CD: 0.0
state_visitation/DC: 0.0
state_visitation/DD: 14900.0
state_visitation/START: 200.0
Average Reward per Timestep: (-2.0, -2.0)

Episode 925
cooperation_probability/CC: 0.0
cooperation_probability/CD: 0.0
cooperation_probability/DC: 0.0
cooperation_probability/DD: 0.0
cooperation_probability/START: 0.5
state_probability/CC: 0.0
state_probability/CD: 0.0
state_probability/DC: 0.0
state_probability/DD: 0.9867550134658813
state_probability/START: 0.013245034031569958
state_visitation/CC: 0.0
state_visitation/CD: 0.0
state_visitation/DC: 0.0
state_visitation/DD: 14900.0
state_visitation/START: 200.0
Average Reward per Timestep: (-2.0, -2.0)

Episode 930
cooperation_probability/CC: 0.0
cooperation_probability/CD: 0.0
cooperation_probability/DC: 0.0
cooperation_probability/DD: 0.0
cooperation_probability/START: 0.5
state_probability/CC: 0.0
state_probability/CD: 0.0
state_probability/DC: 0.0
state_probability/DD: 0.9867550134658813
state_probability/START: 0.013245034031569958
state_visitation/CC: 0.0
state_visitation/CD: 0.0
state_visitation/DC: 0.0
state_visitation/DD: 14900.0
state_visitation/START: 200.0
Average Reward per Timestep: (-2.0, -2.0)

Episode 935
cooperation_probability/CC: 0.0
cooperation_probability/CD: 0.0
cooperation_probability/DC: 0.0
cooperation_probability/DD: 0.0
cooperation_probability/START: 0.5
state_probability/CC: 0.0
state_probability/CD: 0.0
state_probability/DC: 0.0
state_probability/DD: 0.9867550134658813
state_probability/START: 0.013245034031569958
state_visitation/CC: 0.0
state_visitation/CD: 0.0
state_visitation/DC: 0.0
state_visitation/DD: 14900.0
state_visitation/START: 200.0
Average Reward per Timestep: (-2.0, -2.0)

Episode 940
cooperation_probability/CC: 0.0
cooperation_probability/CD: 0.0
cooperation_probability/DC: 0.0
cooperation_probability/DD: 0.0
cooperation_probability/START: 0.5
state_probability/CC: 0.0
state_probability/CD: 0.0
state_probability/DC: 0.0
state_probability/DD: 0.9867550134658813
state_probability/START: 0.013245034031569958
state_visitation/CC: 0.0
state_visitation/CD: 0.0
state_visitation/DC: 0.0
state_visitation/DD: 14900.0
state_visitation/START: 200.0
Average Reward per Timestep: (-2.0, -2.0)

Episode 945
cooperation_probability/CC: 0.0
cooperation_probability/CD: 0.0
cooperation_probability/DC: 0.0
cooperation_probability/DD: 0.0
cooperation_probability/START: 0.5
state_probability/CC: 0.0
state_probability/CD: 0.0
state_probability/DC: 0.0
state_probability/DD: 0.9867550134658813
state_probability/START: 0.013245034031569958
state_visitation/CC: 0.0
state_visitation/CD: 0.0
state_visitation/DC: 0.0
state_visitation/DD: 14900.0
state_visitation/START: 200.0
Average Reward per Timestep: (-2.0, -2.0)

Episode 950
cooperation_probability/CC: 0.0
cooperation_probability/CD: 0.0
cooperation_probability/DC: 0.0
cooperation_probability/DD: 0.0
cooperation_probability/START: 0.5
state_probability/CC: 0.0
state_probability/CD: 0.0
state_probability/DC: 0.0
state_probability/DD: 0.9867550134658813
state_probability/START: 0.013245034031569958
state_visitation/CC: 0.0
state_visitation/CD: 0.0
state_visitation/DC: 0.0
state_visitation/DD: 14900.0
state_visitation/START: 200.0
Average Reward per Timestep: (-2.0, -2.0)

Episode 955
cooperation_probability/CC: 0.0
cooperation_probability/CD: 0.0
cooperation_probability/DC: 0.0
cooperation_probability/DD: 0.0
cooperation_probability/START: 0.5
state_probability/CC: 0.0
state_probability/CD: 0.0
state_probability/DC: 0.0
state_probability/DD: 0.9867550134658813
state_probability/START: 0.013245034031569958
state_visitation/CC: 0.0
state_visitation/CD: 0.0
state_visitation/DC: 0.0
state_visitation/DD: 14900.0
state_visitation/START: 200.0
Average Reward per Timestep: (-2.0, -2.0)

Episode 960
cooperation_probability/CC: 0.0
cooperation_probability/CD: 0.0
cooperation_probability/DC: 0.0
cooperation_probability/DD: 0.0
cooperation_probability/START: 0.5
state_probability/CC: 0.0
state_probability/CD: 0.0
state_probability/DC: 0.0
state_probability/DD: 0.9867550134658813
state_probability/START: 0.013245034031569958
state_visitation/CC: 0.0
state_visitation/CD: 0.0
state_visitation/DC: 0.0
state_visitation/DD: 14900.0
state_visitation/START: 200.0
Average Reward per Timestep: (-2.0, -2.0)

Episode 965
cooperation_probability/CC: 0.0
cooperation_probability/CD: 0.0
cooperation_probability/DC: 0.0
cooperation_probability/DD: 0.0
cooperation_probability/START: 0.5
state_probability/CC: 0.0
state_probability/CD: 0.0
state_probability/DC: 0.0
state_probability/DD: 0.9867550134658813
state_probability/START: 0.013245034031569958
state_visitation/CC: 0.0
state_visitation/CD: 0.0
state_visitation/DC: 0.0
state_visitation/DD: 14900.0
state_visitation/START: 200.0
Average Reward per Timestep: (-2.0, -2.0)

Episode 970
cooperation_probability/CC: 0.0
cooperation_probability/CD: 0.0
cooperation_probability/DC: 0.0
cooperation_probability/DD: 0.0
cooperation_probability/START: 0.5
state_probability/CC: 0.0
state_probability/CD: 0.0
state_probability/DC: 0.0
state_probability/DD: 0.9867550134658813
state_probability/START: 0.013245034031569958
state_visitation/CC: 0.0
state_visitation/CD: 0.0
state_visitation/DC: 0.0
state_visitation/DD: 14900.0
state_visitation/START: 200.0
Average Reward per Timestep: (-2.0, -2.0)

Episode 975
cooperation_probability/CC: 0.0
cooperation_probability/CD: 0.0
cooperation_probability/DC: 0.0
cooperation_probability/DD: 0.0
cooperation_probability/START: 0.5
state_probability/CC: 0.0
state_probability/CD: 0.0
state_probability/DC: 0.0
state_probability/DD: 0.9867550134658813
state_probability/START: 0.013245034031569958
state_visitation/CC: 0.0
state_visitation/CD: 0.0
state_visitation/DC: 0.0
state_visitation/DD: 14900.0
state_visitation/START: 200.0
Average Reward per Timestep: (-2.0, -2.0)

Episode 980
cooperation_probability/CC: 0.0
cooperation_probability/CD: 0.0
cooperation_probability/DC: 0.0
cooperation_probability/DD: 0.0
cooperation_probability/START: 0.5
state_probability/CC: 0.0
state_probability/CD: 0.0
state_probability/DC: 0.0
state_probability/DD: 0.9867550134658813
state_probability/START: 0.013245034031569958
state_visitation/CC: 0.0
state_visitation/CD: 0.0
state_visitation/DC: 0.0
state_visitation/DD: 14900.0
state_visitation/START: 200.0
Average Reward per Timestep: (-2.0, -2.0)

Episode 985
cooperation_probability/CC: 0.0
cooperation_probability/CD: 0.0
cooperation_probability/DC: 0.0
cooperation_probability/DD: 0.0
cooperation_probability/START: 0.5
state_probability/CC: 0.0
state_probability/CD: 0.0
state_probability/DC: 0.0
state_probability/DD: 0.9867550134658813
state_probability/START: 0.013245034031569958
state_visitation/CC: 0.0
state_visitation/CD: 0.0
state_visitation/DC: 0.0
state_visitation/DD: 14900.0
state_visitation/START: 200.0
Average Reward per Timestep: (-2.0, -2.0)

Episode 990
cooperation_probability/CC: 0.0
cooperation_probability/CD: 0.0
cooperation_probability/DC: 0.0
cooperation_probability/DD: 0.0
cooperation_probability/START: 0.5
state_probability/CC: 0.0
state_probability/CD: 0.0
state_probability/DC: 0.0
state_probability/DD: 0.9867550134658813
state_probability/START: 0.013245034031569958
state_visitation/CC: 0.0
state_visitation/CD: 0.0
state_visitation/DC: 0.0
state_visitation/DD: 14900.0
state_visitation/START: 200.0
Average Reward per Timestep: (-2.0, -2.0)

Episode 995
cooperation_probability/CC: 0.0
cooperation_probability/CD: 0.0
cooperation_probability/DC: 0.0
cooperation_probability/DD: 0.0
cooperation_probability/START: 0.5
state_probability/CC: 0.0
state_probability/CD: 0.0
state_probability/DC: 0.0
state_probability/DD: 0.9867550134658813
state_probability/START: 0.013245034031569958
state_visitation/CC: 0.0
state_visitation/CD: 0.0
state_visitation/DC: 0.0
state_visitation/DD: 14900.0
state_visitation/START: 200.0
Average Reward per Timestep: (-2.0, -2.0)

End R1 ipd=tabular_v_tabular: 2026-03-22 23:02:11
Elapsed: 31 seconds
>>> RECORD the final 'Average Reward per Timestep: (r1, r2)' for Phase 2b <<<
