it,s,o,w,s20,o20,lam_s,lam_c,pCC,pCD,pDC,pDD,pSTART,vCC,vCD,vDC,vDD
0,-20.7109,-11.9805,-32.6914,-23.8906,-11.5859,0.5,0.5,0.4906904697418213,0.5017334818840027,0.51991868019104,0.5126538872718811,0.5714285969734192,0.10020211338996887,0.35875311493873596,0.09561567008495331,0.34095150232315063
5,-21.5977,-10.691,-32.2887,-24.6406,-10.3672,1.0156,0.0,0.6011650562286377,0.596882164478302,0.5209018588066101,0.549492359161377,0.5297619104385376,0.10008551180362701,0.4064054787158966,0.08275031298398972,0.30628108978271484
10,-22.2859,-9.3965,-31.6824,-26.0156,-7.4297,1.2174,0.0,0.6194473505020142,0.6258801221847534,0.6292957663536072,0.6418638825416565,0.6540178656578064,0.11112406849861145,0.45265859365463257,0.06899098306894302,0.26274874806404114
15,-24.0848,-6.659,-30.7438,-27.3125,-5.0,1.4402,0.0,0.7559107542037964,0.7538890838623047,0.7679324746131897,0.7673538327217102,0.7284226417541504,0.11672107875347137,0.5571750402450562,0.03684701398015022,0.18477922677993774
20,-24.2477,-6.0555,-30.3031,-27.6875,-4.25,1.6982,0.0,0.7939189076423645,0.7947113513946533,0.7521644830703735,0.7776387929916382,0.7819940447807312,0.1265547275543213,0.5776585936546326,0.03591417893767357,0.15539489686489105
25,-24.6859,-5.8012,-30.4871,-27.4219,-4.9453,1.9372,0.0,0.8068451285362244,0.8014076352119446,0.8107382655143738,0.7553116679191589,0.7708333134651184,0.11469993740320206,0.5853933691978455,0.028956778347492218,0.16647233068943024
30,-24.452,-5.8742,-30.3262,-28.0156,-3.6172,2.0,0.0,0.7978159189224243,0.7981894016265869,0.7594167590141296,0.7610208988189697,0.8273809552192688,0.12457244843244553,0.5881918668746948,0.03198849409818649,0.15076959133148193
35,-24.4027,-5.9773,-30.3801,-27.6719,-4.2578,2.0,0.0,0.7938955426216125,0.7926236391067505,0.7544910311698914,0.7958062887191772,0.7648809552192688,0.12352301180362701,0.5838386416435242,0.03245491161942482,0.15570583939552307
40,-25.6859,-3.8551,-29.541,-28.2812,-3.1094,2.0,0.0,0.8921899199485779,0.8853090405464172,0.861985445022583,0.897711992263794,0.8898809552192688,0.12690454721450806,0.6659281849861145,0.016052549704909325,0.08663712441921234
45,-25.8648,-3.4363,-29.3012,-28.5469,-2.6016,2.0,0.0,0.9087161421775818,0.907558262348175,0.8834356069564819,0.886723518371582,0.9375,0.1319962739944458,0.6870335936546326,0.01267101988196373,0.06382151693105698
50,-25.7582,-3.6437,-29.402,-28.75,-2.2188,2.0,0.0,0.8983303308486938,0.8961585164070129,0.9752747416496277,0.923430323600769,0.8898809552192688,0.1303638070821762,0.6748678684234619,0.014148009940981865,0.07614272087812424
55,-25.6922,-3.859,-29.5512,-28.8125,-2.1875,2.0,0.0,0.899753212928772,0.8843604922294617,0.8561320900917053,0.8633854389190674,0.9114583134651184,0.12601056694984436,0.6685323119163513,0.01648009940981865,0.08449938148260117
60,-25.2246,-4.398,-29.6227,-28.0469,-3.4141,2.0,0.0,0.8742740750312805,0.8607166409492493,0.8362573385238647,0.8733227849006653,0.8928571343421936,0.1338619440793991,0.6432291865348816,0.01993936486542225,0.09849191457033157
65,-25.693,-3.9629,-29.6559,-29.0312,-1.7969,2.0,0.0,0.8746811151504517,0.8763421773910522,0.8660714030265808,0.9086207151412964,0.886904776096344,0.12189054489135742,0.6660447716712952,0.017412934452295303,0.0901741310954094
70,-26.2258,-3.0684,-29.2941,-29.375,-1.1562,2.0,0.0,0.9257994294166565,0.9201181530952454,0.9291338324546814,0.9471094608306885,0.9107142686843872,0.12519434094429016,0.6972559094429016,0.009872512891888618,0.06319962441921234
75,-26.3703,-2.8027,-29.173,-29.1719,-1.5391,2.0,0.0,0.948536217212677,0.929729700088501,0.922374427318573,0.9563838243484497,0.9404761791229248,0.1261271834373474,0.7118703126907349,0.008512127213180065,0.04901275038719177
80,-26.2711,-2.727,-28.998,-29.1562,-1.5469,2.0,0.0,0.9412806034088135,0.9450046420097351,0.9375,0.923872172832489,0.9375,0.13172419369220734,0.7131141424179077,0.009328357875347137,0.04135572165250778
85,-26.4488,-2.5719,-29.0207,-29.5,-0.8125,2.0,0.0,0.9476743936538696,0.9449630379676819,0.9607843160629272,0.9768115878105164,0.949404776096344,0.12702114880084991,0.7203435897827148,0.007929104380309582,0.04022854566574097
90,-26.5367,-2.402,-28.9387,-29.2656,-1.2109,2.0,0.0,0.9568066596984863,0.958072304725647,0.9925925731658936,0.9828178882598877,0.925595223903656,0.13048040866851807,0.7258628606796265,0.005247201304882765,0.033931903541088104
95,-27.0102,-1.7668,-28.777,-29.8594,-0.1641,2.0,0.0,0.9768966436386108,0.983605682849884,0.9863013625144958,0.9591280817985535,0.9791666865348816,0.12449471652507782,0.7539256811141968,0.0028373757377266884,0.014264614321291447
100,-26.7445,-1.9559,-28.7004,-29.6562,-0.6406,2.0,0.0,0.974056601524353,0.978661060333252,0.9578947424888611,0.9722864031791687,0.9821428656578064,0.1318407952785492,0.7431591749191284,0.0036924751475453377,0.01682991348206997
105,-26.9836,-1.7332,-28.7168,-29.6875,-0.4375,2.0,0.0,0.9853300452232361,0.9851546287536621,1.0,1.0,0.9821428656578064,0.12717661261558533,0.7540422677993774,0.0014381218934431672,0.012865360826253891
110,-27.0133,-1.6387,-28.652,-29.7969,-0.2891,2.0,0.0,0.9927971363067627,0.9889094233512878,1.0,1.0,0.9970238208770752,0.12950870394706726,0.7569962739944458,0.0010105721885338426,0.008006840944290161
115,-27.0297,-1.5895,-28.6191,-29.4688,-0.9219,2.0,0.0,0.9936651587486267,0.9927895665168762,1.0,0.9470198750495911,0.9970238208770752,0.12884794175624847,0.7600668668746948,0.0007384950295090675,0.005869091954082251
120,-26.9203,-1.793,-28.7133,-29.625,-0.5625,2.0,0.0,0.9841849207878113,0.9820099472999573,1.0,0.9772079586982727,0.9910714030265808,0.12779851257801056,0.7518656849861145,0.0022154850885272026,0.013642723672091961
125,-26.993,-1.7168,-28.7098,-29.5,-0.8125,2.0,0.0,0.9905746579170227,0.9846557974815369,1.0,1.0,0.9869791865348816,0.1278373748064041,0.7548584938049316,0.0011271765688434243,0.011699316091835499
130,-26.9906,-1.7824,-28.773,-29.6484,-0.5391,2.0,0.0,0.9834993481636047,0.9798744320869446,1.0,0.9971264600753784,0.9892113208770752,0.12484452873468399,0.7551305890083313,0.002021144377067685,0.01352611929178238
135,-26.7633,-2.2254,-28.9887,-28.8984,-2.0859,2.0,0.0,0.9878957271575928,0.9527184367179871,1.0,0.9474912285804749,0.9784226417541504,0.12523320317268372,0.7349191308021545,0.002060012426227331,0.03331001102924347
140,-26.5656,-2.5164,-29.082,-28.25,-3.3359,2.0,0.0,0.9915484189987183,0.9390257000923157,0.9756097793579102,0.8871794939041138,0.972470223903656,0.12877021729946136,0.7196828126907349,0.0015935945557430387,0.04547574743628502
145,-26.0492,-3.5891,-29.6383,-27.2422,-5.2578,2.0,0.0,0.9905285835266113,0.8850528001785278,0.9508196711540222,0.8079664707183838,0.8991815447807312,0.12721548974514008,0.6732353568077087,0.002370957750827074,0.09270056337118149
150,-26.7672,-2.2469,-29.0141,-28.6641,-2.5078,2.0,0.0,0.9972383975982666,0.9538183808326721,1.0,0.8865323662757874,0.9661458134651184,0.12667132914066315,0.7313821315765381,0.0008162313606590033,0.03665267303586006
155,-26.3945,-2.9969,-29.3914,-27.5,-4.7656,2.0,0.0,0.9919003248214722,0.9197869896888733,0.9750000238418579,0.8105502128601074,0.9140625,0.12476678937673569,0.7006763219833374,0.0015547263901680708,0.0685245618224144
160,-25.3387,-4.7957,-30.1344,-26.3203,-7.0547,2.0,0.0,0.9786080121994019,0.830268919467926,0.8108108043670654,0.6882500648498535,0.8969494104385376,0.12900342047214508,0.6215018630027771,0.005752487573772669,0.13926461338996887
165,-25.2898,-5.0715,-30.3613,-25.8516,-7.8984,2.0,0.0,0.9799057841300964,0.8352164626121521,0.7454545497894287,0.641514241695404,0.8054315447807312,0.12379508465528488,0.6123290061950684,0.006413246039301157,0.152985081076622
170,-24.9844,-5.5535,-30.5379,-25.5547,-8.5156,2.0,0.0,0.965316116809845,0.8188305497169495,0.7471910119056702,0.594987690448761,0.8184523582458496,0.1266324669122696,0.5882695913314819,0.006918532308191061,0.17370180785655975
175,-26.6805,-2.4051,-29.0855,-28.7656,-2.3516,2.0,0.0,0.9947449564933777,0.9503026008605957,0.9696969985961914,0.8362147212028503,0.945684552192688,0.1257385015487671,0.7257851362228394,0.0012826492311432958,0.04271610826253891
180,-26.5961,-2.5281,-29.1242,-28.2812,-3.25,2.0,0.0,0.9889739751815796,0.9428324699401855,0.8999999761581421,0.8949511647224426,0.9319196343421936,0.12690454721450806,0.7193329930305481,0.0015547263901680708,0.04773009940981865
185,-25.343,-4.9488,-30.2918,-26.0469,-7.7188,2.0,0.0,0.9808582663536072,0.8282629251480103,0.6388888955116272,0.676798403263092,0.8545386791229248,0.1258939653635025,0.6119791865348816,0.004197761416435242,0.15345148742198944
190,-26.3609,-3.1344,-29.4953,-27.0859,-5.6875,2.0,0.0,0.9923688173294067,0.9168293476104736,0.8409090638160706,0.8097712993621826,0.867559552192688,0.12224035710096359,0.6967895030975342,0.0017101990524679422,0.0747823417186737
195,-24.8594,-5.7941,-30.6535,-23.7109,-12.0391,2.0,0.0,0.9772520661354065,0.8283330798149109,0.650602400302887,0.5156017541885376,0.800967276096344,0.12814831733703613,0.5778140425682068,0.006452114321291447,0.1831078976392746
200,-25.7125,-4.3492,-30.0617,-24.4453,-10.8047,2.0,0.0,0.9880126118659973,0.8759058117866516,0.8382353186607361,0.595928430557251,0.8697916865348816,0.1232120618224144,0.6436567306518555,0.0026430347934365273,0.12601056694984436
205,-25.2285,-5.1602,-30.3887,-23.7812,-11.875,2.0,0.0,0.9792366623878479,0.8394029140472412,0.739130437374115,0.57473224401474,0.8534226417541504,0.12729321420192719,0.6040889024734497,0.004469838459044695,0.1596703976392746
210,-25.7082,-4.2945,-30.0027,-25.2734,-9.1953,2.0,0.0,0.9876428842544556,0.8595708608627319,0.8888888955116272,0.6867278814315796,0.8876488208770752,0.1258162260055542,0.6449005007743835,0.002098880708217621,0.12270677834749222
215,-24.7684,-6.1707,-30.9391,-21.2344,-17.2734,2.0,0.0,0.9863184094429016,0.8619825839996338,0.5894736647605896,0.3595442771911621,0.7875744104385376,0.125,0.5587297677993774,0.0036924751475453377,0.2081001251935959
220,-26.3801,-3.0539,-29.434,-26.3359,-7.1172,2.0,0.0,0.9917903542518616,0.9165374636650085,0.9333333373069763,0.7849887013435364,0.9233630895614624,0.12309546023607254,0.7018035054206848,0.00174906721804291,0.06887438148260117
225,-24.8695,-5.9426,-30.8121,-22.0078,-15.2344,2.0,0.0,0.9729561805725098,0.841651976108551,0.5436241626739502,0.44703733921051025,0.7957589030265808,0.12503886222839355,0.5731498599052429,0.0057913558557629585,0.19154228270053864
230,-25.1672,-5.4176,-30.5848,-22.9609,-13.8203,2.0,0.0,0.9868626594543457,0.8512887358665466,0.6704545617103577,0.4905191957950592,0.808407723903656,0.12426150590181351,0.5956545472145081,0.0034203981049358845,0.17218594253063202
235,-25.2781,-5.0387,-30.3168,-23.4766,-12.7891,2.0,0.0,0.982276976108551,0.8551934957504272,0.75,0.5295014977455139,0.8638392686843872,0.1293921023607254,0.6095693111419678,0.0037313431967049837,0.1528296023607254
240,-25.8004,-4.1676,-29.968,-24.3906,-10.7734,2.0,0.0,0.9862284660339355,0.8726937174797058,0.859649121761322,0.6386470198631287,0.9036458134651184,0.1241837665438652,0.6530628204345703,0.0022154850885272026,0.11606032401323318
245,-25.6191,-4.2699,-29.8891,-24.6562,-10.3594,2.0,0.0,0.980536699295044,0.8726381063461304,0.8051947951316833,0.648692786693573,0.8921130895614624,0.13180193305015564,0.641791045665741,0.002992848167195916,0.11893656849861145
250,-25.4195,-4.8379,-30.2574,-24.2969,-11.1016,2.0,0.0,0.9828115701675415,0.8504021167755127,0.729411780834198,0.5932292938232422,0.8697916865348816,0.1266324669122696,0.6186256408691406,0.003303793491795659,0.14696051180362701
255,-26.1086,-3.625,-29.7336,-25.9922,-7.7344,2.0,0.0,0.9820742607116699,0.8908724188804626,0.875,0.7349737882614136,0.9073660969734192,0.1214241310954094,0.674945592880249,0.0027985074557363987,0.0963541641831398
260,-26.0266,-3.7715,-29.798,-25.3594,-9.0703,2.0,0.0,0.9867382645606995,0.8862537145614624,0.920634925365448,0.7123442888259888,0.8939732313156128,0.12309546023607254,0.6670165061950684,0.0024486940819770098,0.10296175628900528
265,-26.5074,-2.6902,-29.1977,-27.1797,-5.1719,2.0,0.0,0.9906145930290222,0.9364966750144958,0.8333333134651184,0.8067772388458252,0.9468005895614624,0.12838153541088104,0.7118314504623413,0.0013992537278681993,0.053910136222839355
270,-25.4641,-4.7805,-30.2445,-24.125,-11.375,2.0,0.0,0.9836369156837463,0.8573665618896484,0.7528089880943298,0.6067236065864563,0.828125,0.1258939653635025,0.6204912662506104,0.0034592661540955305,0.1456778645515442
275,-26.1672,-3.1855,-29.3527,-26.2344,-7.4375,2.0,0.0,0.9873380661010742,0.9156973361968994,0.9200000166893005,0.7452229261398315,0.945684552192688,0.1319962739944458,0.6883550882339478,0.0019434079295024276,0.07322761416435242
280,-25.4297,-4.7578,-30.1875,-24.1797,-11.3359,2.0,0.0,0.9757134318351746,0.8534385561943054,0.692307710647583,0.6007047891616821,0.8887648582458496,0.12803171575069427,0.6205690503120422,0.0035370024852454662,0.1433846354484558
285,-26.0602,-3.627,-29.6871,-25.5703,-8.6016,2.0,0.0,0.9894737005233765,0.8973454236984253,0.7884615659713745,0.6947709918022156,0.9051339030265808,0.12554416060447693,0.6720693111419678,0.002021144377067685,0.09588775038719177
290,-26.3531,-3.0797,-29.4328,-26.375,-7.0859,2.0,0.0,0.9904084205627441,0.9202765226364136,0.8484848737716675,0.7535364627838135,0.9162946343421936,0.12562188506126404,0.6971781849861145,0.0012826492311432958,0.07143967598676682
295,-25.1648,-5.3602,-30.525,-23.8125,-12.1641,2.0,0.0,0.9775910377502441,0.841433048248291,0.7788461446762085,0.5382716059684753,0.8329613208770752,0.12488339841365814,0.5934390425682068,0.00404228875413537,0.17315764725208282
300,-26.4203,-2.6992,-29.1195,-27.4609,-4.8672,2.0,0.0,0.989124059677124,0.9364556074142456,0.9487179517745972,0.8216062784194946,0.960565447807312,0.13222947716712952,0.7070895433425903,0.001515858224593103,0.0546875
305,-26.1883,-3.2547,-29.443,-26.2266,-7.3594,2.0,0.0,0.9879662990570068,0.9147431254386902,0.707317054271698,0.7343671917915344,0.9211309552192688,0.12919776141643524,0.6870335936546326,0.0015935945557430387,0.07769744843244553
310,-26.2766,-3.2129,-29.4895,-26.2656,-7.3516,2.0,0.0,0.9910686612129211,0.9156070947647095,0.8571428656578064,0.7253023982048035,0.9155505895614624,0.12620490789413452,0.6908426880836487,0.0013603855622932315,0.07711442559957504
315,-26.023,-3.6145,-29.6375,-25.0625,-9.7109,2.0,0.0,0.9890477657318115,0.8979967832565308,0.7400000095367432,0.7129986882209778,0.8939732313156128,0.1277596354484558,0.6752176880836487,0.0019434079295024276,0.09060168266296387
320,-26.0184,-3.625,-29.6434,-25.1875,-9.2969,2.0,0.0,0.9852986335754395,0.8962597846984863,0.8051947951316833,0.7093355059623718,0.9166666865348816,0.12690454721450806,0.6702814102172852,0.002992848167195916,0.09534359723329544
325,-26.1691,-3.4172,-29.5863,-25.9609,-7.9141,2.0,0.0,0.9881287217140198,0.9068114757537842,0.849056601524353,0.691082775592804,0.925967276096344,0.12441697716712952,0.6836131811141968,0.002060012426227331,0.08543221652507782
330,-25.8332,-4.2156,-30.0488,-25.0938,-9.6719,2.0,0.0,0.9864647388458252,0.8806841969490051,0.7857142686843872,0.6071891188621521,0.863467276096344,0.1206078976392746,0.652168869972229,0.002720771124586463,0.12002487480640411
335,-25.975,-3.8324,-29.8074,-25.1484,-9.5625,2.0,0.0,0.9845083951950073,0.8902196884155273,0.8787878751754761,0.6820037364959717,0.8835565447807312,0.12293998897075653,0.6652674078941345,0.0025652984622865915,0.10474968701601028
340,-25.8086,-4.2637,-30.0723,-24.4219,-10.8984,2.0,0.0,0.9849117398262024,0.8770462274551392,0.8269230723381042,0.6321768760681152,0.8500744104385376,0.12107431888580322,0.6458333134651184,0.002021144377067685,0.12659358978271484
345,-25.8137,-4.1949,-30.0086,-24.2891,-11.2109,2.0,0.0,0.9877319931983948,0.8907451629638672,0.6603773832321167,0.5751262903213501,0.8638392686843872,0.12356188148260117,0.646766185760498,0.002060012426227331,0.12313432991504669
350,-25.0191,-5.402,-30.4211,-24.0234,-11.5781,2.0,0.0,0.9783751964569092,0.8457390666007996,0.6637930870056152,0.5221238732337952,0.8296130895614624,0.13300684094429016,0.5911069512367249,0.004508706275373697,0.1668998748064041
355,-24.8895,-5.7105,-30.6,-22.2812,-14.9688,2.0,0.0,0.9732062816619873,0.8504181504249573,0.5099337697029114,0.4493832290172577,0.8459821343421936,0.13055814802646637,0.5763370394706726,0.005869091954082251,0.18275807797908783
360,-26.0527,-3.6746,-29.7273,-24.5859,-10.3594,2.0,0.0,0.9874568581581116,0.8946210145950317,0.8771929740905762,0.6777645945549011,0.9170386791229248,0.12395056337118149,0.6712920069694519,0.0022154850885272026,0.0980643630027771
365,-26.0352,-3.6523,-29.6875,-24.7109,-10.3203,2.0,0.0,0.9877787828445435,0.9017284512519836,0.800000011920929,0.6442427039146423,0.9110863208770752,0.12721548974514008,0.672380268573761,0.00174906721804291,0.09417755156755447
370,-25.8602,-4.082,-29.9422,-24.1797,-11.4766,2.0,0.0,0.9892302751541138,0.8828834295272827,0.8297872543334961,0.6380409002304077,0.8738839030265808,0.12270677834749222,0.6551228165626526,0.001826803432777524,0.11586598306894302
375,-24.8375,-5.8309,-30.6684,-22.0625,-15.5234,2.0,0.0,0.9836114645004272,0.848875880241394,0.6302521228790283,0.4471292793750763,0.797247052192688,0.1304415464401245,0.5722559094429016,0.004625311121344566,0.18819962441921234
380,-25.7137,-4.2754,-29.9891,-24.9375,-9.8906,2.0,0.0,0.9816569685935974,0.8820316791534424,0.7966101765632629,0.6038378477096558,0.8723958134651184,0.12713775038719177,0.6405084133148193,0.0022932214196771383,0.12558302283287048
385,-26.2453,-3.3773,-29.6227,-25.9375,-7.9375,2.0,0.0,0.9937304258346558,0.9112021923065186,0.7333333492279053,0.6793960928916931,0.9069940447807312,0.12398942559957504,0.6828358173370361,0.0011660447344183922,0.08753109723329544
390,-26.5844,-2.6535,-29.2379,-26.6484,-6.6562,2.0,0.0,0.992539644241333,0.9420234560966492,1.0,0.7512509226799011,0.9348958134651184,0.12503886222839355,0.7153295874595642,0.0007773631950840354,0.05437655374407768
395,-26.3324,-3.1633,-29.4957,-25.4141,-9.0312,2.0,0.0,0.9893316626548767,0.9206793904304504,0.8484848737716675,0.6976274847984314,0.9196428656578064,0.12387282401323318,0.6933690905570984,0.0012826492311432958,0.07699782401323318
400,-25.7895,-4.0371,-29.8266,-25.4062,-9.0,2.0,0.0,0.9865067601203918,0.8833941221237183,0.7666666507720947,0.6615331768989563,0.8887648582458496,0.12962530553340912,0.6499922275543213,0.0023320894688367844,0.11357276141643524
405,-25.4547,-4.8285,-30.2832,-22.9844,-13.5859,2.0,0.0,0.9817609786987305,0.8662911057472229,0.6082473993301392,0.539070725440979,0.8571428656578064,0.12360074371099472,0.620918869972229,0.0037702114786952734,0.14723259210586548
410,-25.8582,-4.0461,-29.9043,-25.2109,-9.3906,2.0,0.0,0.9762722253799438,0.8803408741950989,0.8840579986572266,0.6519163846969604,0.9010416865348816,0.12449471652507782,0.6567941308021545,0.002681903075426817,0.11155162006616592
415,-25.4195,-4.8824,-30.302,-23.6094,-12.4297,2.0,0.0,0.979134202003479,0.8517141342163086,0.8144329786300659,0.5996376872062683,0.8366815447807312,0.12480565905570984,0.6167599558830261,0.0037702114786952734,0.15018656849861145
420,-25.5039,-4.8719,-30.3758,-23.6484,-12.4922,2.0,0.0,0.9830833077430725,0.8630679249763489,0.6333333253860474,0.5505846738815308,0.8303571343421936,0.12177394330501556,0.6185089945793152,0.0023320894688367844,0.1529073417186737
425,-25.5395,-4.7375,-30.277,-24.0547,-11.6562,2.0,0.0,0.9799873232841492,0.8614495396614075,0.782608687877655,0.5831325054168701,0.8456101417541504,0.12235696613788605,0.6253109574317932,0.002681903075426817,0.145172581076622
430,-25.4168,-4.7812,-30.198,-24.1953,-11.3984,2.0,0.0,0.9750683903694153,0.8574647903442383,0.7701149582862854,0.5904039144515991,0.8664434552192688,0.1278373748064041,0.620918869972229,0.003381529822945595,0.1433846354484558
435,-25.1688,-5.4648,-30.6336,-23.7109,-12.25,2.0,0.0,0.9793257117271423,0.8356657028198242,0.7029703259468079,0.5380856990814209,0.8080357313156128,0.12220149487257004,0.5943719148635864,0.003925683908164501,0.17502331733703613
440,-25.9699,-3.7477,-29.7176,-25.7891,-8.2812,2.0,0.0,0.9735860824584961,0.8908413648605347,0.9255319237709045,0.7254130840301514,0.8917410969734192,0.1250777393579483,0.6679881811141968,0.003653606865555048,0.09880285710096359
445,-26.368,-2.927,-29.2949,-27.1562,-5.4062,2.0,0.0,0.9855160117149353,0.9265983700752258,0.9677419066429138,0.7865030765533447,0.9356398582458496,0.12880907952785492,0.7021533250808716,0.00120491289999336,0.06335510313510895
450,-26.1945,-3.2492,-29.4438,-27.2578,-5.2969,2.0,0.0,0.9794352650642395,0.9113545417785645,0.9135802388191223,0.8170854449272156,0.8921130895614624,0.1266324669122696,0.6883939504623413,0.0031483208294957876,0.07734763622283936
455,-26.3922,-3.0016,-29.3937,-27.1719,-5.4922,2.0,0.0,0.9839420914649963,0.9163803458213806,0.9464285969734192,0.8507378101348877,0.9188988208770752,0.12344527244567871,0.7014148235321045,0.002176616806536913,0.06848569959402084
460,-26.373,-2.802,-29.175,-27.8047,-4.1797,2.0,0.0,0.9808726906776428,0.9323527812957764,0.9624999761581421,0.8651608228683472,0.9274553656578064,0.1300528645515442,0.7055736780166626,0.0031094527803361416,0.05678638070821762
465,-26.2168,-3.043,-29.2598,-28.0938,-3.625,2.0,0.0,0.971645712852478,0.9149831533432007,0.9775280952453613,0.8830409646034241,0.9438244104385376,0.1329679787158966,0.6926305890083313,0.0034592661540955305,0.06646455079317093
470,-26.2453,-3.218,-29.4633,-27.875,-4.1094,2.0,0.0,0.9607042074203491,0.90465247631073,0.960629940032959,0.8668076395988464,0.9237351417541504,0.12363961338996887,0.6934079527854919,0.004936256445944309,0.07353855669498444
475,-26.4594,-2.9375,-29.3969,-27.7969,-4.3594,2.0,0.0,0.9798335433006287,0.9149029850959778,0.9420289993286133,0.8837345838546753,0.9319196343421936,0.1214241310954094,0.7052238583564758,0.002681903075426817,0.06619247794151306
480,-26.5648,-2.5484,-29.1133,-27.8672,-3.9141,2.0,0.0,0.9780152440071106,0.9399999976158142,0.9852941036224365,0.9256474375724792,0.945684552192688,0.12729321420192719,0.7190609574317932,0.0026430347934365273,0.04652518779039383
485,-26.627,-2.4266,-29.0535,-29.0156,-1.9219,2.0,0.0,0.9839296340942383,0.9430291056632996,1.0,0.9391704797744751,0.96875,0.12818719446659088,0.7231809496879578,0.0019822760950773954,0.04217195138335228
490,-26.4563,-2.7961,-29.2523,-27.9062,-4.1641,2.0,0.0,0.9863353967666626,0.9298332333564758,0.9375,0.8697643876075745,0.9174107313156128,0.1251554787158966,0.7084888219833374,0.002487562131136656,0.05939054861664772
495,-26.3645,-3.057,-29.4215,-27.7266,-4.3359,2.0,0.0,0.9758166074752808,0.9124436974525452,0.9722222089767456,0.8367459774017334,0.937872052192688,0.12375622242689133,0.6987329125404358,0.0027985074557363987,0.0702347606420517
500,-26.027,-3.8105,-29.8375,-26.4062,-7.0703,2.0,0.0,0.9797557592391968,0.8793745040893555,0.8202247023582458,0.7360637187957764,0.902157723903656,0.12095770984888077,0.6686100959777832,0.0034592661540955305,0.10249533504247665
505,-26.0117,-3.7074,-29.7191,-25.9922,-7.6172,2.0,0.0,0.9784576892852783,0.8878119587898254,0.8965517282485962,0.7408730387687683,0.9032738208770752,0.12449471652507782,0.6696983575820923,0.003381529822945595,0.09794776141643524
510,-26.066,-3.627,-29.693,-26.2188,-7.3281,2.0,0.0,0.9764930009841919,0.886061429977417,0.8705882430076599,0.7702416181564331,0.9188988208770752,0.12235696613788605,0.6781716346740723,0.003303793491795659,0.09168998897075653
515,-26.407,-2.7891,-29.1961,-27.25,-5.3125,2.0,0.0,0.9862233996391296,0.9342090487480164,0.930232584476471,0.8474025726318359,0.9188988208770752,0.12978078424930573,0.7042133212089539,0.0016713308868929744,0.05985696613788605
520,-26.6633,-2.3867,-29.05,-27.7734,-4.2188,2.0,0.0,0.9927361011505127,0.9492099285125732,0.9767441749572754,0.8850045800209045,0.9512648582458496,0.1284203976392746,0.7231809496879578,0.0016713308868929744,0.04224969074130058
525,-26.5066,-2.7387,-29.2453,-27.3906,-5.0312,2.0,0.0,0.9852443933486938,0.9280429482460022,0.9599999785423279,0.8657718300819397,0.9516369104385376,0.12643812596797943,0.7092273235321045,0.0019434079295024276,0.057913556694984436
530,-26.4688,-2.8977,-29.3664,-27.3203,-5.1484,2.0,0.0,0.9820075631141663,0.9139174818992615,0.9599999785423279,0.8786585330963135,0.9590773582458496,0.12313432991504669,0.7057291865348816,0.0029151118360459805,0.06374377757310867
535,-26.4453,-2.7031,-29.1484,-27.8906,-3.9141,2.0,0.0,0.9889979362487793,0.9320828914642334,0.875,0.868148148059845,0.9561011791229248,0.13071362674236298,0.7107820510864258,0.0015547263901680708,0.05247201398015022
540,-26.3965,-3.0105,-29.407,-27.375,-5.1328,2.0,0.0,0.9862456917762756,0.9174551963806152,0.9047619104385376,0.8161484003067017,0.9274553656578064,0.12433923780918121,0.6983053684234619,0.0016324627213180065,0.07124533504247665
545,-26.3531,-2.8957,-29.2488,-27.3047,-5.25,2.0,0.0,0.9821967482566833,0.926736056804657,0.9215686321258545,0.8194186687469482,0.9434523582458496,0.12880907952785492,0.7018812298774719,0.0019822760950773954,0.06284981220960617
550,-26.1125,-3.4648,-29.5773,-26.8203,-6.1953,2.0,0.0,0.9776005148887634,0.8956009149551392,0.8591549396514893,0.7981157302856445,0.9114583134651184,0.12667132914066315,0.6794542670249939,0.0027596394065767527,0.08663712441921234
555,-25.5688,-4.5805,-30.1492,-24.7734,-10.3125,2.0,0.0,0.9802445769309998,0.8522622585296631,0.7777777910232544,0.6530147790908813,0.8761160969734192,0.12395056337118149,0.6314132213592529,0.00349813443608582,0.13666044175624847
560,-25.4785,-4.6262,-30.1047,-24.6719,-10.5391,2.0,0.0,0.9799641370773315,0.8664057850837708,0.7432432174682617,0.5802328586578369,0.8802083134651184,0.1299751251935959,0.6258162260055542,0.0028762437868863344,0.13685478270053864
565,-24.6777,-6.0684,-30.7461,-23.7344,-12.0859,2.0,0.0,0.9709165692329407,0.8302369117736816,0.7027027010917664,0.4771411418914795,0.7786458134651184,0.13230721652507782,0.5627720952033997,0.005752487573772669,0.19469061493873596
570,-25.3457,-4.9082,-30.2539,-24.7422,-10.1875,2.0,0.0,0.9758262038230896,0.8420853614807129,0.7948718070983887,0.6363396644592285,0.8444940447807312,0.12702114880084991,0.6165655851364136,0.004547574557363987,0.1473880559206009
575,-24.5031,-6.3625,-30.8656,-24.0234,-11.5547,2.0,0.0,0.9610311985015869,0.800605297088623,0.7533632516860962,0.5082495808601379,0.792782723903656,0.12966418266296387,0.5522388219833374,0.00866759940981865,0.20495180785655975
580,-24.9961,-5.8066,-30.8027,-24.1953,-11.4219,2.0,0.0,0.967576265335083,0.8249614238739014,0.8333333134651184,0.504922091960907,0.8169642686843872,0.12107431888580322,0.5795631408691406,0.005363806150853634,0.18952114880084991
585,-23.6836,-8.0824,-31.766,-22.3594,-15.0469,2.0,0.0,0.9354434609413147,0.7500202655792236,0.6764705777168274,0.3966953754425049,0.7511160969734192,0.1240282952785492,0.4796719551086426,0.01189365703612566,0.2799284756183624
590,-24.4422,-6.659,-31.1012,-23.9531,-11.6719,2.0,0.0,0.9518783092498779,0.7840328216552734,0.7200000286102295,0.5001745820045471,0.7961309552192688,0.12519434094429016,0.5399175882339478,0.00777363171800971,0.22263681888580322
595,-25.3094,-5.1578,-30.4672,-24.7266,-10.4531,2.0,0.0,0.9664644002914429,0.8371674418449402,0.8421052694320679,0.5977693200111389,0.8344494104385376,0.12169620394706726,0.6048662662506104,0.005169465206563473,0.16379041969776154
600,-24.4605,-6.259,-30.7195,-23.5703,-12.25,2.0,0.0,0.954361617565155,0.7981773614883423,0.7520325183868408,0.5488454699516296,0.7875744104385376,0.13456156849861145,0.5544542670249939,0.009561567567288876,0.1969449669122696
605,-25.6492,-4.1945,-29.8438,-25.2969,-9.0312,2.0,0.0,0.9742051362991333,0.8779370784759521,0.8503937125205994,0.6782958507537842,0.867559552192688,0.12958644330501556,0.6451337337493896,0.004936256445944309,0.11586598306894302
610,-25.4027,-4.8035,-30.2063,-25.25,-9.0312,2.0,0.0,0.9737005233764648,0.8488880395889282,0.8818897604942322,0.6436155438423157,0.8337053656578064,0.12562188506126404,0.6222015023231506,0.004936256445944309,0.14276275038719177
615,-25.384,-5.0777,-30.4617,-24.8203,-10.1719,2.0,0.0,0.9667872190475464,0.8274381160736084,0.8309859037399292,0.6504347920417786,0.827752947807312,0.11819807440042496,0.615360677242279,0.005519278813153505,0.15644434094429016
620,-24.8223,-5.9434,-30.7656,-23.7734,-12.1719,2.0,0.0,0.9446202516555786,0.8065235018730164,0.7934272289276123,0.5657542943954468,0.8024553656578064,0.12282337993383408,0.575559675693512,0.008278917521238327,0.18886038661003113
625,-24.9957,-5.6164,-30.6121,-23.4844,-12.7734,2.0,0.0,0.9661068916320801,0.8333443999290466,0.7730496525764465,0.528606116771698,0.8058035969734192,0.12729321420192719,0.5867925882339478,0.005480410531163216,0.17595615983009338
630,-25.1328,-5.4805,-30.6133,-24.5703,-10.6016,2.0,0.0,0.9667826890945435,0.8265793919563293,0.7622950673103333,0.5676037669181824,0.8218005895614624,0.12286224961280823,0.5937111377716064,0.004741915501654148,0.17420709133148193
635,-25.091,-5.4492,-30.5402,-23.0156,-13.6172,2.0,0.0,0.9671114087104797,0.8321627974510193,0.7984496355056763,0.5562542080879211,0.8340773582458496,0.12527208030223846,0.5921564102172852,0.005013992544263601,0.17307990789413452
640,-24.8719,-5.8734,-30.7453,-23.0547,-12.9531,2.0,0.0,0.9656464457511902,0.8256663680076599,0.6853932738304138,0.5241902470588684,0.7827380895614624,0.12445584684610367,0.57454913854599,0.006918532308191061,0.18959887325763702
645,-25.432,-4.9301,-30.3621,-23.2578,-12.9453,2.0,0.0,0.9776214957237244,0.8639451265335083,0.6517857313156128,0.5307534337043762,0.8463541865348816,0.1215796023607254,0.6179260015487671,0.004353233613073826,0.15166355669498444
650,-24.6711,-6.3113,-30.9824,-23.0078,-13.7969,2.0,0.0,0.968342661857605,0.815316915512085,0.6000000238418579,0.4656844437122345,0.793154776096344,0.12523320317268372,0.5562422275543213,0.005635883193463087,0.2084110677242279
655,-25.198,-5.2844,-30.4824,-22.7109,-14.3438,2.0,0.0,0.9804590344429016,0.8607003688812256,0.8058252334594727,0.48777079582214355,0.8173363208770752,0.12531094253063202,0.5993469953536987,0.004003420472145081,0.16686101257801056
660,-24.6582,-6.2504,-30.9086,-23.0312,-13.7031,2.0,0.0,0.9646880030632019,0.8258159160614014,0.7680000066757202,0.46188339591026306,0.7779017686843872,0.1276818960905075,0.5549595952033997,0.00485851988196373,0.20802238583564758
665,-24.6961,-6.0504,-30.7465,-22.7656,-13.9297,2.0,0.0,0.9620938897132874,0.8193028569221497,0.6960784196853638,0.509807825088501,0.7991071343421936,0.12919776141643524,0.5642101764678955,0.007929104380309582,0.1941853165626526
670,-25.4449,-4.7508,-30.1957,-24.8281,-10.1094,2.0,0.0,0.9727828502655029,0.8583422303199768,0.8205128312110901,0.598767101764679,0.8660714030265808,0.12709887325763702,0.6203746795654297,0.003031716449186206,0.1450171023607254
675,-25.5051,-4.5426,-30.0477,-25.0938,-9.4375,2.0,0.0,0.9671686887741089,0.8559754490852356,0.8529411554336548,0.6757403612136841,0.8642113208770752,0.12904228270053864,0.6325792670249939,0.003964552190154791,0.12993626296520233
680,-25.8078,-4.0016,-29.8094,-25.5312,-8.6328,2.0,0.0,0.9845032095909119,0.8843480944633484,0.762499988079071,0.6753705143928528,0.8828125,0.12791511416435242,0.6543454527854919,0.0031094527803361416,0.11015236377716064
685,-25.2672,-5.1191,-30.3863,-23.8203,-11.9844,2.0,0.0,0.970928430557251,0.833706259727478,0.8153846263885498,0.6184275150299072,0.8411458134651184,0.12433923780918121,0.6079368591308594,0.005052860826253891,0.1581934094429016
690,-25.8273,-4.0199,-29.8473,-24.4141,-10.7734,2.0,0.0,0.983410120010376,0.8809509873390198,0.8524590134620667,0.6743704676628113,0.8921130895614624,0.12651586532592773,0.6539567708969116,0.002370957750827074,0.11267879605293274
695,-25.6918,-4.0754,-29.7672,-25.7266,-8.3125,2.0,0.0,0.9776293039321899,0.8730607628822327,0.8658536672592163,0.7162162065505981,0.9029017686843872,0.1337842047214508,0.6463775038719177,0.0031871891114860773,0.11217350512742996
700,-26.2863,-3.0949,-29.3813,-25.9062,-8.0234,2.0,0.0,0.9848346710205078,0.9150689244270325,0.9756097793579102,0.8052574992179871,0.9315476417541504,0.12814831733703613,0.6933302283287048,0.0015935945557430387,0.07245025038719177
705,-26.0734,-3.4504,-29.5238,-25.9609,-7.8203,2.0,0.0,0.9888955354690552,0.9075586795806885,0.8500000238418579,0.7473497986793518,0.8835565447807312,0.12950870394706726,0.6756840944290161,0.0023320894688367844,0.08799751102924347
710,-25.934,-3.8922,-29.8262,-26.1016,-7.7031,2.0,0.0,0.9822784662246704,0.8824183344841003,0.8656716346740723,0.7238723635673523,0.871279776096344,0.12282337993383408,0.6641013622283936,0.0026041667442768812,0.10599347203969955
715,-26.4531,-2.9934,-29.4465,-26.9688,-5.9219,2.0,0.0,0.9881410002708435,0.9175087213516235,1.0,0.8094157576560974,0.9200148582458496,0.12126865983009338,0.7039412260055542,0.0017879352672025561,0.0685245618224144
720,-26.2156,-3.2152,-29.4309,-27.0938,-5.6016,2.0,0.0,0.978619396686554,0.914256751537323,0.8727272748947144,0.7635518908500671,0.925967276096344,0.12725435197353363,0.6908426880836487,0.002137748757377267,0.07528762519359589
725,-26.4449,-2.9887,-29.4336,-27.0312,-5.8672,2.0,0.0,0.9794410467147827,0.9265143871307373,0.8644067645072937,0.7571756839752197,0.9107142686843872,0.12099657952785492,0.7045242786407471,0.0022932214196771383,0.0677083358168602
730,-26.2367,-3.3547,-29.5914,-26.7031,-6.4766,2.0,0.0,0.9829545617103577,0.9008400440216064,0.9661017060279846,0.7899771928787231,0.9069940447807312,0.12313432991504669,0.6847792267799377,0.0022932214196771383,0.08531560748815536
735,-25.8195,-4.1094,-29.9289,-26.3672,-7.1016,2.0,0.0,0.9803493618965149,0.8816787004470825,0.8918918967247009,0.6517115235328674,0.8716517686843872,0.12461131811141968,0.6510805487632751,0.0028762437868863344,0.11695428937673569
740,-25.6297,-4.5723,-30.202,-25.1172,-9.4141,2.0,0.0,0.9737524390220642,0.8473703861236572,0.8799999952316284,0.6893314123153687,0.8526785969734192,0.11994714289903641,0.6340951323509216,0.00485851988196373,0.13662157952785492
745,-25.8613,-3.925,-29.7863,-26.4688,-6.8281,2.0,0.0,0.975929319858551,0.8791086077690125,0.8428571224212646,0.7497202754020691,0.8697916865348816,0.12756529450416565,0.6610307693481445,0.002720771124586463,0.10420553386211395
750,-25.6824,-4.2172,-29.8996,-26.2734,-7.2188,2.0,0.0,0.9702669978141785,0.8672283887863159,0.8318583965301514,0.7108753323554993,0.8816964030265808,0.12810945510864258,0.6457944512367249,0.0043921018950641155,0.11722636967897415
755,-26.0488,-3.6367,-29.6855,-27.0312,-5.7734,2.0,0.0,0.9713656306266785,0.8894579410552979,0.9052631855010986,0.7693595886230469,0.902157723903656,0.12352301180362701,0.67545086145401,0.0036924751475453377,0.0928560346364975
760,-26.043,-3.632,-29.675,-26.5391,-6.6641,2.0,0.0,0.9691780805587769,0.8907034397125244,0.8979591727256775,0.7821741104125977,0.8898809552192688,0.12484452873468399,0.673546314239502,0.0038090795278549194,0.09332244843244553
765,-25.0285,-5.5332,-30.5617,-24.75,-10.0078,2.0,0.0,0.9616446495056152,0.8253099322319031,0.8783783912658691,0.5853658318519592,0.793154776096344,0.12667132914066315,0.5893967747688293,0.005752487573772669,0.17370180785655975
770,-25.1129,-5.3199,-30.4328,-24.9844,-9.9141,2.0,0.0,0.9696048498153687,0.8242015242576599,0.7969924807548523,0.6249703168869019,0.816220223903656,0.12787623703479767,0.5987251400947571,0.005169465206563473,0.16375155746936798
775,-25.6441,-4.432,-30.0762,-25.9219,-7.9688,2.0,0.0,0.975039005279541,0.863394021987915,0.8199999928474426,0.682855486869812,0.8377976417541504,0.12457244843244553,0.6342117786407471,0.003886815859004855,0.13285136222839355
780,-25.6391,-4.4246,-30.0637,-26.4609,-6.8906,2.0,0.0,0.9674153923988342,0.8509670495986938,0.8222222328186035,0.742233157157898,0.8485863208770752,0.12286224961280823,0.6410525441169739,0.005247201304882765,0.12636038661003113
785,-25.1809,-5.1547,-30.3355,-26.3438,-6.9844,2.0,0.0,0.949386477470398,0.8230670094490051,0.8388625383377075,0.7004198431968689,0.8039434552192688,0.1267102062702179,0.603233814239502,0.008201181888580322,0.1573771834373474
790,-25.3676,-4.882,-30.2496,-25.5703,-8.4844,2.0,0.0,0.9619194865226746,0.8425072431564331,0.8074533939361572,0.6761229038238525,0.8151041865348816,0.12554416060447693,0.6157493591308594,0.006257773842662573,0.14797107875347137
795,-25.1187,-5.3656,-30.4844,-25.9844,-7.7266,2.0,0.0,0.9450793862342834,0.8160478472709656,0.8995434045791626,0.677772581577301,0.7823660969734192,0.12243469804525375,0.5977534055709839,0.008512127213180065,0.1668221354484558
800,-24.5465,-6.6332,-31.1797,-26.2578,-7.25,2.0,0.0,0.9474554061889648,0.7772801518440247,0.7126865386962891,0.5629512071609497,0.6964285969734192,0.11761505156755447,0.5467584133148193,0.010416666977107525,0.22073227167129517
805,-24.1148,-7.0406,-31.1555,-25.875,-8.0625,2.0,0.0,0.9317014217376709,0.7521519660949707,0.7484662532806396,0.5601282119750977,0.7254464030265808,0.12861473858356476,0.5237873196601868,0.01267101988196373,0.23044931888580322
810,-24.3008,-7.0098,-31.3105,-23.6562,-12.3828,2.0,0.0,0.9438382387161255,0.7669603228569031,0.6730037927627563,0.5154775977134705,0.7254464030265808,0.12111318111419678,0.5293843150138855,0.010222326032817364,0.23480254411697388
815,-24.3031,-6.8668,-31.1699,-23.4688,-12.7109,2.0,0.0,0.947352409362793,0.7886322140693665,0.7236841917037964,0.48056358098983765,0.7470238208770752,0.12772077322006226,0.5299673676490784,0.00886194035410881,0.22897233068943024
820,-22.8055,-9.7555,-32.5609,-23.0312,-13.6797,2.0,0.0,0.9111906290054321,0.7141504287719727,0.5891783833503723,0.33112582564353943,0.6075148582458496,0.11948072165250778,0.41037002205848694,0.019395211711525917,0.3462764322757721
825,-23.5723,-8.4012,-31.9734,-23.0078,-13.6562,2.0,0.0,0.9279661178588867,0.7455915212631226,0.6957746744155884,0.38007429242134094,0.710565447807312,0.11924751102924347,0.4694885015487671,0.01379819680005312,0.2929881811141968
830,-25.1332,-5.509,-30.6422,-24.5391,-10.7344,2.0,0.0,0.9590322375297546,0.8238260746002197,0.7400000095367432,0.5748727917671204,0.8247767686843872,0.12049129605293274,0.5934779047966003,0.005830223672091961,0.17572294175624847
835,-24.6348,-6.2047,-30.8395,-24.2969,-11.1484,2.0,0.0,0.9458295106887817,0.8130588531494141,0.8008474707603455,0.5284711122512817,0.749627947807312,0.12628264725208282,0.5607509613037109,0.009172885678708553,0.19931592047214508
840,-24.191,-7.0629,-31.2539,-24.1875,-11.2266,2.0,0.0,0.935905396938324,0.779213011264801,0.7623762488365173,0.4758564531803131,0.7585565447807312,0.1249222606420517,0.5205612778663635,0.011777052655816078,0.23826181888580322
845,-23.3566,-8.5277,-31.8844,-23.0391,-13.2656,2.0,0.0,0.9146875143051147,0.736523449420929,0.6805251836776733,0.3949546217918396,0.7023809552192688,0.12437810748815536,0.4621812701225281,0.017762748524546623,0.2912002503871918
850,-24.4566,-6.4355,-30.8922,-24.4062,-10.4844,2.0,0.0,0.9400726556777954,0.813668966293335,0.6569343209266663,0.49580153822898865,0.7511160969734192,0.1284203976392746,0.5527829527854919,0.010649875737726688,0.20366916060447693
855,-23.9109,-7.5914,-31.5023,-22.9141,-13.9375,2.0,0.0,0.9225547909736633,0.7596790790557861,0.7586206793785095,0.4556676149368286,0.7280505895614624,0.1259717047214508,0.4989505708217621,0.01239894237369299,0.2582011818885803
860,-22.718,-9.6258,-32.3438,-20.4141,-17.0625,2.0,0.0,0.8966634273529053,0.7330123782157898,0.4768786132335663,0.33065372705459595,0.6328125,0.11998600512742996,0.4198538661003113,0.0268967654556036,0.3287857472896576
865,-23.7449,-7.6645,-31.4094,-23.0391,-13.4062,2.0,0.0,0.9314079284667969,0.7839184403419495,0.6347606778144836,0.4125463664531708,0.7053571343421936,0.12919776141643524,0.4993392527103424,0.015430659055709839,0.2515547275543213
870,-23.0969,-9.209,-32.3059,-22.8125,-13.9766,2.0,0.0,0.9446212649345398,0.7712040543556213,0.5694822669029236,0.30082741379737854,0.6108630895614624,0.12212375551462173,0.43030938506126404,0.014264614321291447,0.32882463932037354
875,-24.4563,-6.8711,-31.3273,-23.0781,-13.5859,2.0,0.0,0.9675955772399902,0.8143543004989624,0.6418918967247009,0.4012223184108734,0.7526041865348816,0.11994714289903641,0.5345149040222168,0.005752487573772669,0.23530784249305725
880,-24.1117,-7.423,-31.5348,-22.1016,-15.3281,2.0,0.0,0.9649681448936462,0.8053706884384155,0.6287128925323486,0.37075600028038025,0.722842276096344,0.12204602360725403,0.5080457329750061,0.007851367816329002,0.2575792968273163
885,-24.5691,-6.4777,-31.0469,-22.0625,-15.6875,2.0,0.0,0.968508780002594,0.8369657397270203,0.7222222089767456,0.39419087767601013,0.7686011791229248,0.1258939653635025,0.549284815788269,0.0048973881639540195,0.21544620394706726
890,-24.2836,-6.9094,-31.193,-22.2109,-15.1797,2.0,0.0,0.9669496417045593,0.8231392502784729,0.6184971332550049,0.39173194766044617,0.7433035969734192,0.12818719446659088,0.5274409055709839,0.0067241913639009,0.23317009210586548
895,-23.8305,-7.743,-31.5734,-22.0625,-15.6406,2.0,0.0,0.95652174949646,0.8004893064498901,0.5588235259056091,0.3609970808029175,0.706845223903656,0.1260494440793991,0.4924984574317932,0.01189365703612566,0.26508083939552307
900,-25.1148,-5.3207,-30.4355,-22.6875,-14.4609,2.0,0.0,0.9743667244911194,0.8664574027061462,0.7448979616165161,0.46666666865348816,0.8333333134651184,0.12888681888580322,0.5943329930305481,0.0038090795278549194,0.16849346458911896
905,-25.0359,-5.5195,-30.5555,-22.8594,-13.9766,2.0,0.0,0.9760646820068359,0.848632276058197,0.7329192757606506,0.4867534935474396,0.8229166865348816,0.12503886222839355,0.5911069512367249,0.006257773842662573,0.17311878502368927
910,-24.2129,-7.1398,-31.3527,-22.7422,-14.1406,2.0,0.0,0.9624999761581421,0.8016887307167053,0.6064814925193787,0.4167601466178894,0.7217261791229248,0.12437810748815536,0.5201725959777832,0.008395522832870483,0.24257618188858032
915,-24.9602,-5.7355,-30.6957,-22.4766,-14.8125,2.0,0.0,0.9697437286376953,0.8593918085098267,0.7333333492279053,0.4298208951950073,0.804315447807312,0.1258939653635025,0.5777363181114197,0.005247201304882765,0.18664489686489105
920,-25.3055,-5.2477,-30.5531,-23.4297,-12.9531,2.0,0.0,0.9821949005126953,0.8567034006118774,0.7640449404716492,0.4718177616596222,0.855282723903656,0.12006374448537827,0.6064987778663635,0.0034592661540955305,0.16550062596797943
925,-24.2789,-6.9539,-31.2328,-22.8906,-13.6797,2.0,0.0,0.9583588242530823,0.8155011534690857,0.6399999856948853,0.38789916038513184,0.7700892686843872,0.1269434094429016,0.5285680890083313,0.008745335973799229,0.23126554489135742
930,-24.2996,-6.7145,-31.0141,-21.5781,-16.5391,2.0,0.0,0.9675036668777466,0.8282365202903748,0.7330508232116699,0.4087950885295868,0.7388392686843872,0.13156871497631073,0.533815324306488,0.009172885678708553,0.22096548974514008
935,-23.9871,-7.5539,-31.541,-22.0312,-15.6328,2.0,0.0,0.9681946039199829,0.8110776543617249,0.6359832882881165,0.3489669859409332,0.7001488208770752,0.12465018779039383,0.5038479566574097,0.009289490059018135,0.2577347755432129
940,-24.616,-6.3559,-30.9719,-23.7188,-12.2344,2.0,0.0,0.9670398235321045,0.8172118663787842,0.7441860437393188,0.4765075743198395,0.7511160969734192,0.125,0.5537158250808716,0.0066853235475718975,0.2101212739944458
945,-24.2465,-7.0633,-31.3098,-23.5703,-12.6484,2.0,0.0,0.957273006439209,0.7816745638847351,0.6831275820732117,0.4588138461112976,0.7433035969734192,0.12371735274791718,0.5264303684234619,0.00944496225565672,0.2359297275543213
950,-24.2129,-6.9207,-31.1336,-23.9766,-11.6719,2.0,0.0,0.9548022747039795,0.7999259829521179,0.6785714030265808,0.45599865913391113,0.734747052192688,0.13071362674236298,0.525108814239502,0.008706467226147652,0.23099346458911896
955,-24.5816,-6.2664,-30.848,-23.4297,-12.7188,2.0,0.0,0.968806266784668,0.8292785882949829,0.6878306865692139,0.4587346613407135,0.7715773582458496,0.12958644330501556,0.5527829527854919,0.007346082013100386,0.2058068960905075
960,-25.2973,-5.1516,-30.4488,-24.2656,-11.2109,2.0,0.0,0.9701257944107056,0.8433403372764587,0.8161764740943909,0.5703794360160828,0.8311011791229248,0.12360074371099472,0.6078591346740723,0.0052860695868730545,0.1587764322757721
965,-24.5574,-6.5715,-31.1289,-23.7656,-12.2344,2.0,0.0,0.9614396095275879,0.8100594878196716,0.7409090995788574,0.4738306403160095,0.7332589030265808,0.12095770984888077,0.5424829125404358,0.008550995029509068,0.22353078424930573
970,-25.1582,-5.3195,-30.4777,-24.2266,-11.2656,2.0,0.0,0.9628713130950928,0.8325996994972229,0.859375,0.5824669003486633,0.8303571343421936,0.12562188506126404,0.6004353165626526,0.004975124262273312,0.16449004411697388
975,-24.4039,-6.8082,-31.2121,-24.2891,-11.1875,2.0,0.0,0.9504857659339905,0.7799199819564819,0.7488372325897217,0.4900662302970886,0.7752976417541504,0.1240282952785492,0.5342428684234619,0.008356654085218906,0.22889459133148193
980,-25.0945,-5.4727,-30.5672,-25.1094,-9.5938,2.0,0.0,0.9721614122390747,0.8245556354522705,0.744966447353363,0.6006296277046204,0.7857142686843872,0.12426150590181351,0.5926228165626526,0.0057913558557629585,0.1728467047214508
985,-25.0473,-5.5121,-30.5594,-25.2031,-9.3359,2.0,0.0,0.9640175104141235,0.8292650580406189,0.7752808928489685,0.5962733030319214,0.7700892686843872,0.12422263622283936,0.5891635417938232,0.006918532308191061,0.1752176582813263
990,-25.3578,-4.6988,-30.0566,-24.7812,-10.1562,2.0,0.0,0.9629520773887634,0.8550018668174744,0.8571428656578064,0.6645624041557312,0.843377947807312,0.13219061493873596,0.622434675693512,0.005441542249172926,0.13545553386211395
995,-25.2492,-4.9477,-30.1969,-24.3594,-10.7891,2.0,0.0,0.9692720770835876,0.8502670526504517,0.748344361782074,0.6182724833488464,0.836309552192688,0.1302860677242279,0.6113184094429016,0.005869091954082251,0.14804881811141968
1000,-25.5578,-4.5965,-30.1543,-24.1562,-11.3359,2.0,0.0,0.971742570400238,0.8693374395370483,0.875,0.6072840094566345,0.835565447807312,0.12379508465528488,0.6306358575820923,0.0034203981049358845,0.13767102360725403
1005,-25.343,-4.923,-30.266,-23.6797,-12.3125,2.0,0.0,0.9682784080505371,0.852807879447937,0.7923076748847961,0.5726382732391357,0.8716517686843872,0.12620490789413452,0.6173818111419678,0.005052860826253891,0.1468827724456787
1010,-25.0141,-5.5715,-30.5855,-23.7109,-12.3906,2.0,0.0,0.972000002861023,0.8455560207366943,0.7355371713638306,0.4966413974761963,0.8203125,0.12632152438163757,0.5851212739944458,0.004703047219663858,0.17937655746936798
1015,-25.1512,-5.3734,-30.5246,-24.7031,-10.3125,2.0,0.0,0.9740543961524963,0.8298491835594177,0.732758641242981,0.5924192667007446,0.7961309552192688,0.12433923780918121,0.6005519032478333,0.004508706275373697,0.16612251102924347
1020,-25.8062,-3.9965,-29.8027,-26.4141,-7.0547,2.0,0.0,0.9774802327156067,0.8675956130027771,0.8648648858070374,0.7712255716323853,0.8954613208770752,0.12772077322006226,0.6555114984512329,0.0028762437868863344,0.10941386967897415
1025,-25.3945,-4.8141,-30.2086,-25.4609,-8.8672,2.0,0.0,0.9637637138366699,0.8455849885940552,0.8709677457809448,0.6571428775787354,0.8411458134651184,0.12764303386211395,0.6202192306518555,0.00481965159997344,0.14284048974514008
1030,-24.75,-6.034,-30.784,-24.1641,-11.5078,2.0,0.0,0.9622119665145874,0.7976328730583191,0.8324324488639832,0.5689343810081482,0.7924107313156128,0.12651586532592773,0.5681358575820923,0.007190609350800514,0.1936800330877304
1035,-24.8285,-6.0527,-30.8813,-23.3125,-13.1641,2.0,0.0,0.9649562239646912,0.8052153587341309,0.699999988079071,0.5303089022636414,0.8132440447807312,0.12422263622283936,0.564909815788269,0.005052860826253891,0.201337069272995
1040,-25.3375,-4.784,-30.1215,-24.8281,-9.9219,2.0,0.0,0.9739336371421814,0.8520732522010803,0.8846153616905212,0.6619060635566711,0.8136160969734192,0.13121891021728516,0.6177316308021545,0.005052860826253891,0.1415189653635025
1045,-25.4582,-4.7324,-30.1906,-23.8281,-12.1797,2.0,0.0,0.98091721534729,0.8588279485702515,0.8055555820465088,0.6046448349952698,0.847842276096344,0.12628264725208282,0.6227844953536987,0.004197761416435242,0.1422574669122696
1050,-26.0523,-3.6848,-29.7371,-26.0234,-7.7891,2.0,0.0,0.9903185367584229,0.8895587921142578,0.8421052694320679,0.7081358432769775,0.9122023582458496,0.12445584684610367,0.6704368591308594,0.0022154850885272026,0.09841418266296387
1055,-25.4551,-4.7668,-30.2219,-24.7969,-10.1719,2.0,0.0,0.9713930487632751,0.8387840390205383,0.849056601524353,0.6810368299484253,0.8541666865348816,0.125,0.6239505410194397,0.004120024852454662,0.14245180785655975
1060,-25.966,-3.9254,-29.8914,-25.1406,-9.5312,2.0,0.0,0.9863100647926331,0.8778307437896729,0.8771929740905762,0.7067933678627014,0.8895089030265808,0.12208488583564758,0.6607975959777832,0.0022154850885272026,0.11042443662881851
1065,-25.4039,-5.032,-30.4359,-24.5156,-10.8516,2.0,0.0,0.9709489941596985,0.8305560946464539,0.844660222530365,0.6522988677024841,0.8311011791229248,0.12041355669498444,0.6087920069694519,0.004003420472145081,0.16231343150138855
1070,-26.1676,-3.4332,-29.6008,-27.1875,-5.4375,2.0,0.0,0.9821986556053162,0.9000911116600037,0.9180327653884888,0.7761194109916687,0.8969494104385376,0.12445584684610367,0.682758092880249,0.002370957750827074,0.0859375
1075,-26.4238,-2.977,-29.4008,-27.3672,-5.1016,2.0,0.0,0.9906367063522339,0.9178561568260193,0.9130434989929199,0.8302521109580994,0.9207589030265808,0.12453357875347137,0.6998212337493896,0.0017879352672025561,0.06937966495752335
1080,-26.2977,-3.3828,-29.6805,-26.2734,-7.3828,2.0,0.0,0.9894145131111145,0.8969782590866089,0.949999988079071,0.7828596830368042,0.9010416865348816,0.11749844253063202,0.68816077709198,0.0023320894688367844,0.08753109723329544
1085,-25.2992,-5.0223,-30.3215,-25.0703,-9.5078,2.0,0.0,0.9736519455909729,0.8331109881401062,0.8545454740524292,0.6631847023963928,0.8106398582458496,0.1268656700849533,0.6118236780166626,0.004275497514754534,0.15255752205848694
1090,-25.275,-4.9699,-30.2449,-24.8359,-10.0234,2.0,0.0,0.9675363898277283,0.8288671374320984,0.8533333539962769,0.6913676261901855,0.8366815447807312,0.12810945510864258,0.6120957732200623,0.005830223672091961,0.1494869440793991
1095,-25.2934,-5.0141,-30.3074,-24.8906,-9.8672,2.0,0.0,0.9685015082359314,0.8275202512741089,0.7946428656578064,0.6777358651161194,0.8404017686843872,0.12709887325763702,0.6095693111419678,0.004353233613073826,0.15450093150138855
1100,-25.4957,-4.4301,-29.9258,-25.5781,-8.6562,2.0,0.0,0.9657192826271057,0.8615967631340027,0.8468468189239502,0.7156428098678589,0.843377947807312,0.1326570212841034,0.6358053684234619,0.0043143657967448235,0.12274564802646637
1105,-25.3402,-4.8289,-30.1691,-24.8672,-9.8438,2.0,0.0,0.9661169648170471,0.8368103504180908,0.8321167826652527,0.7030651569366455,0.8337053656578064,0.12962530553340912,0.6185478568077087,0.005324937868863344,0.14202424883842468
1110,-25.6453,-4.4273,-30.0727,-25.7422,-8.375,2.0,0.0,0.9671198129653931,0.8555622696876526,0.9305555820465088,0.7203257083892822,0.8348214030265808,0.12293998897075653,0.6428793668746948,0.005597014911472797,0.1241060346364975
1115,-24.4961,-6.4551,-30.9512,-25.1953,-9.2578,2.0,0.0,0.9398566484451294,0.7723456621170044,0.75,0.5952470302581787,0.7548363208770752,0.12472791969776154,0.550956130027771,0.012126865796744823,0.20771144330501556
1120,-25.7953,-4.1016,-29.8969,-26.0234,-7.6016,2.0,0.0,0.9698870778083801,0.8585374355316162,0.8918918967247009,0.7939415574073792,0.8779761791229248,0.12391169369220734,0.6569496393203735,0.0043143657967448235,0.1103467047214508
1125,-26.1223,-3.5566,-29.6789,-26.9844,-5.8672,2.0,0.0,0.980088472366333,0.8914439678192139,0.9651162624359131,0.8120748400688171,0.8660714030265808,0.12297885864973068,0.6777829527854919,0.0033426617737859488,0.09141790866851807
1130,-25.5902,-4.5152,-30.1055,-26.6641,-6.5078,2.0,0.0,0.9610018730163574,0.8415622711181641,0.837837815284729,0.7458019852638245,0.8742559552192688,0.12259017676115036,0.6329290866851807,0.005752487573772669,0.13425062596797943
1135,-24.8469,-5.8074,-30.6543,-24.6641,-10.2734,2.0,0.0,0.943538248538971,0.7886691093444824,0.8031495809555054,0.6609011292457581,0.7976190447807312,0.12391169369220734,0.5797185897827148,0.009872512891888618,0.18201959133148193
1140,-24.5043,-6.3766,-30.8809,-24.6172,-10.5078,2.0,0.0,0.939810574054718,0.7692850232124329,0.826714813709259,0.6175584197044373,0.7596726417541504,0.12721548974514008,0.5512282252311707,0.01076648011803627,0.20631219446659088
1145,-23.2902,-8.8281,-32.1184,-22.7656,-14.0234,2.0,0.0,0.9055501222610474,0.6747727990150452,0.6283186078071594,0.4522132873535156,0.7142857313156128,0.11975280195474625,0.4491215944290161,0.017568407580256462,0.3090795874595642
1150,-24.0215,-7.5086,-31.5301,-24.0391,-11.6641,2.0,0.0,0.9104477763175964,0.7338029146194458,0.7452054619789124,0.5338627696037292,0.7046130895614624,0.1197916641831398,0.5021377205848694,0.014186877757310867,0.25940608978271484
1155,-23.7117,-7.8668,-31.5785,-25.2031,-9.2188,2.0,0.0,0.9101647734642029,0.7006694078445435,0.7183771133422852,0.5371937155723572,0.730654776096344,0.12503886222839355,0.4877176582813263,0.016285758465528488,0.26648008823394775
1160,-25.0148,-5.4563,-30.4711,-25.1953,-9.2812,2.0,0.0,0.9318394064903259,0.7954885959625244,0.9090909361839294,0.7296463251113892,0.7998511791229248,0.12488339841365814,0.5961986780166626,0.01068874355405569,0.16375155746936798
1165,-25.5488,-4.4668,-30.0156,-25.6875,-8.3906,2.0,0.0,0.9592524766921997,0.8524308800697327,0.8965517282485962,0.7403614521026611,0.8482142686843872,0.1268656700849533,0.633978545665741,0.005635883193463087,0.12904228270053864
1170,-25.2715,-4.684,-29.9555,-26.3516,-6.7578,2.0,0.0,0.9442697763442993,0.8316677808761597,0.9108911156654358,0.7735440135002136,0.8872767686843872,0.13599969446659088,0.6262049078941345,0.007851367816329002,0.12546642124652863
1175,-25.6871,-4.1164,-29.8035,-26.4844,-6.8203,2.0,0.0,0.9569334387779236,0.8599869012832642,0.9171270728111267,0.8234227895736694,0.871279776096344,0.12725435197353363,0.6540344953536987,0.007035136688500643,0.10719837993383408
1180,-25.9316,-3.7949,-29.7266,-27.1406,-5.5547,2.0,0.0,0.9582286477088928,0.8814020752906799,0.9178082346916199,0.8199999928474426,0.8616071343421936,0.12375622242689133,0.6708644032478333,0.005674751475453377,0.09522698819637299
1185,-26.1625,-3.1844,-29.3469,-27.8594,-4.1172,2.0,0.0,0.9626843333244324,0.9089174270629883,0.9208633303642273,0.861853301525116,0.9408482313156128,0.1291588991880417,0.6925917267799377,0.005402673967182636,0.06836909055709839
1190,-26.3324,-2.8832,-29.2156,-28.0938,-3.6484,2.0,0.0,0.9689403176307678,0.9260541796684265,1.0,0.8903358578681946,0.9315476417541504,0.12764303386211395,0.7069729566574097,0.004197761416435242,0.056708645075559616
1195,-26.2258,-3.0086,-29.2344,-28.2891,-3.1875,2.0,0.0,0.9526094794273376,0.9202474355697632,0.98591548204422,0.9105490446090698,0.933779776096344,0.12958644330501556,0.6974113583564758,0.005519278813153505,0.06300528347492218
1200,-25.5961,-4.3148,-29.9109,-27.0078,-5.7031,2.0,0.0,0.9508297443389893,0.8501514196395874,0.9613526463508606,0.8005865216255188,0.8690476417541504,0.12647698819637299,0.6417133212089539,0.008045708760619164,0.11928638070821762
1205,-25.3559,-4.6348,-29.9906,-25.8906,-7.9141,2.0,0.0,0.9439833760261536,0.8424385190010071,0.8557692170143127,0.7668656706809998,0.847842276096344,0.13114117085933685,0.6260883212089539,0.00808457750827074,0.1302083283662796
1210,-25.8711,-3.7965,-29.6676,-27.1094,-5.5938,2.0,0.0,0.9517157673835754,0.8735090494155884,0.9481481313705444,0.8969072103500366,0.8638392686843872,0.12799285352230072,0.6680270433425903,0.005247201304882765,0.09425528347492218
1215,-25.8977,-3.823,-29.7207,-26.7031,-6.3359,2.0,0.0,0.956019937992096,0.8750731945037842,0.9135802388191223,0.8274131417274475,0.8928571343421936,0.12461131811141968,0.6639459133148193,0.006296641658991575,0.1006685346364975
1220,-26.0508,-3.6633,-29.7141,-26.75,-6.3828,2.0,0.0,0.9670505523681641,0.8829547166824341,0.9424460530281067,0.8237671852111816,0.8846726417541504,0.1215018630027771,0.6724579930305481,0.005402673967182636,0.09615982323884964
1225,-25.352,-4.802,-30.1539,-25.9922,-7.8516,2.0,0.0,0.9439827799797058,0.817694365978241,0.9383260011672974,0.8082269430160522,0.8389136791229248,0.12628264725208282,0.6234064102172852,0.008823072537779808,0.13701026141643524
1230,-25.4695,-4.5832,-30.0527,-26.1562,-7.4531,2.0,0.0,0.9514232873916626,0.840446949005127,0.8899521827697754,0.759155809879303,0.8560267686843872,0.12562188506126404,0.636543869972229,0.008123445324599743,0.12523320317268372
1235,-26.327,-3.1203,-29.4473,-27.4453,-4.9922,2.0,0.0,0.9720301628112793,0.9085542559623718,0.9578947424888611,0.8705036044120789,0.9174107313156128,0.12367848306894302,0.6979166865348816,0.0036924751475453377,0.0702347606420517
1240,-25.6996,-4.4113,-30.1109,-26.2812,-7.3203,2.0,0.0,0.9728000164031982,0.8487069010734558,0.9065420627593994,0.7227782607078552,0.8690476417541504,0.12146300077438354,0.6417521834373474,0.004158893134444952,0.12814831733703613
1245,-26.7672,-2.2012,-28.9684,-28.7422,-2.3281,2.0,0.0,0.9852034449577332,0.9578769207000732,1.0,0.9312795996665955,0.9642857313156128,0.12608830630779266,0.7344915866851807,0.002137748757377267,0.03280472755432129
1250,-26.2437,-3.1602,-29.4039,-27.1562,-5.5234,2.0,0.0,0.9869973063468933,0.9136197566986084,0.8727272748947144,0.8424986600875854,0.886532723903656,0.12853699922561646,0.6920475959777832,0.002137748757377267,0.07280006259679794
1255,-26.7789,-2.1988,-28.9777,-28.875,-2.0391,2.0,0.0,0.9786566495895386,0.9570797681808472,0.9811320900917053,0.979721188545227,0.9616815447807312,0.12383395433425903,0.7389614582061768,0.002060012426227331,0.030666977167129517
1260,-25.9066,-3.8801,-29.7867,-26.4688,-6.8516,2.0,0.0,0.9716334342956543,0.8725478649139404,0.960629940032959,0.7797685861587524,0.8984375,0.12468905746936798,0.6617692708969116,0.004936256445944309,0.10412780195474625
1265,-26.3719,-2.8301,-29.202,-28.375,-3.0859,2.0,0.0,0.9745203852653503,0.9303016662597656,0.9663865566253662,0.8986629247665405,0.9125744104385376,0.12966418266296387,0.7060012221336365,0.004625311121344566,0.05523165315389633
1270,-26.1516,-3.1781,-29.3297,-28.0703,-3.6484,2.0,0.0,0.9626055359840393,0.9133126735687256,0.9411764740943909,0.8820598125457764,0.9055059552192688,0.12888681888580322,0.6904928684234619,0.00594682851806283,0.07019589841365814
1275,-25.7539,-4.0203,-29.7742,-26.7969,-6.2188,2.0,0.0,0.9435707926750183,0.8684881329536438,0.8883495330810547,0.7972773909568787,0.902529776096344,0.1260494440793991,0.6558224558830261,0.008006840944290161,0.10564365983009338
1280,-25.7211,-4.1832,-29.9043,-26.8594,-6.0,2.0,0.0,0.9411949515342712,0.8588263392448425,0.9205607771873474,0.8183680176734924,0.8541666865348816,0.12360074371099472,0.6497589945793152,0.008317786268889904,0.1138448417186737
1285,-24.1266,-6.723,-30.8496,-25.5156,-8.8047,2.0,0.0,0.8798219561576843,0.7442549467086792,0.8377282023429871,0.6710994839668274,0.746279776096344,0.13098569214344025,0.5378575921058655,0.019162002950906754,0.2075171023607254
1290,-24.2145,-6.7207,-30.9352,-25.5078,-8.6328,2.0,0.0,0.8844864368438721,0.7319824695587158,0.8119834661483765,0.6825308203697205,0.7648809552192688,0.1275264322757721,0.5409281849861145,0.018812188878655434,0.2082556039094925
1295,-23.8027,-7.4832,-31.2859,-25.6875,-8.25,2.0,0.0,0.846325159072876,0.6934500932693481,0.8059467673301697,0.6666122674942017,0.699404776096344,0.12216262519359589,0.5103389024734497,0.02483675442636013,0.23818407952785492
1300,-23.6461,-7.902,-31.548,-26.0312,-7.6328,2.0,0.0,0.8358306288719177,0.6788144111633301,0.7315950989723206,0.6279283165931702,0.6845238208770752,0.11932525038719177,0.4970071613788605,0.02534203976392746,0.25384795665740967
1305,-23.0133,-9.1184,-32.1316,-23.2422,-13.0938,2.0,0.0,0.8152173757553101,0.6418402791023254,0.7038896083831787,0.5271885991096497,0.6220238208770752,0.11442785710096359,0.447761207818985,0.030977923423051834,0.30235540866851807
1310,-24.0445,-7.0617,-31.1063,-25.0859,-9.6172,2.0,0.0,0.8563272953033447,0.7234601974487305,0.8102836608886719,0.663591206073761,0.7287946343421936,0.12255130708217621,0.5319885015487671,0.021921642124652863,0.21906094253063202
1315,-24.4219,-6.4781,-30.9,-25.4766,-8.7188,2.0,0.0,0.8725336790084839,0.7520045042037964,0.8504672646522522,0.6921745538711548,0.7403273582458496,0.1241060346364975,0.5526275038719177,0.016635572537779808,0.2021532952785492
1320,-22.7457,-9.4438,-32.1895,-23.6406,-12.1797,2.0,0.0,0.8370370268821716,0.6545421481132507,0.6587795615196228,0.4733910858631134,0.6004464030265808,0.1206856369972229,0.42957088351249695,0.031211132183670998,0.3140547275543213
1325,-21.952,-10.9469,-32.8988,-22.9609,-13.7031,2.0,0.0,0.7465940117835999,0.5609883069992065,0.6573628783226013,0.44072628021240234,0.5513392686843872,0.11411691457033157,0.3728233873844147,0.040384016931056976,0.36819806694984436
1330,-23.2473,-8.6117,-31.859,-25.2578,-9.1094,2.0,0.0,0.7968180179595947,0.6525423526763916,0.7343124151229858,0.5837247967720032,0.6547619104385376,0.1172652393579483,0.46781715750694275,0.029112251475453377,0.2813277244567871
1335,-23.8961,-7.3996,-31.2957,-25.75,-8.2656,2.0,0.0,0.8830720782279968,0.7154078483581543,0.786720335483551,0.6031408309936523,0.7220982313156128,0.12398942559957504,0.5146144032478333,0.019317474216222763,0.23760105669498444
1340,-24.4125,-6.6363,-31.0488,-24.5859,-10.3125,2.0,0.0,0.9203650951385498,0.748836874961853,0.8391166925430298,0.6437668204307556,0.7176339030265808,0.12348414212465286,0.5430270433425903,0.012321206741034985,0.21668998897075653
1345,-22.8473,-9.2441,-32.0914,-24.4141,-10.6328,2.0,0.0,0.8235481977462769,0.6314060091972351,0.7368420958518982,0.5223786234855652,0.6268601417541504,0.12181281298398972,0.43761661648750305,0.0295398011803627,0.3065531849861145
1350,-23.6727,-8.0117,-31.6844,-24.0391,-11.5938,2.0,0.0,0.8635309934616089,0.6703835725784302,0.8203266859054565,0.5806593298912048,0.7273065447807312,0.11734297126531601,0.49148786067962646,0.021416354924440384,0.26527518033981323
1355,-23.5348,-8.4117,-31.9465,-23.6172,-12.3906,2.0,0.0,0.8412371277809143,0.659909725189209,0.792682945728302,0.5708858966827393,0.6462053656578064,0.11310634016990662,0.47360852360725403,0.022310324013233185,0.28649720549583435
1360,-22.4469,-9.4789,-31.9258,-23.875,-11.6641,2.0,0.0,0.7755229473114014,0.6211052536964417,0.7002676129341125,0.5547571778297424,0.5956101417541504,0.12449471652507782,0.4353622496128082,0.04357120767235756,0.29209423065185547
1365,-23.3121,-8.2582,-31.5703,-25.2656,-9.2109,2.0,0.0,0.7819597721099854,0.661867618560791,0.7587769031524658,0.6445347666740417,0.6514136791229248,0.1197916641831398,0.4832478165626526,0.034320585429668427,0.25816231966018677
1370,-24.2617,-6.8723,-31.134,-26.1172,-7.3672,2.0,0.0,0.8280822038650513,0.709174633026123,0.8546603322029114,0.7403202056884766,0.7254464030265808,0.11349502205848694,0.5486240386962891,0.024603545665740967,0.20879974961280823
1375,-25.0539,-5.2117,-30.2656,-27.0234,-5.5781,2.0,0.0,0.8854792714118958,0.8109779357910156,0.8747044801712036,0.8063660264015198,0.7901785969734192,0.12286224961280823,0.6096859574317932,0.016441231593489647,0.14653295278549194
1380,-25.6242,-4.3488,-29.973,-27.7812,-4.2969,2.0,0.0,0.9175159335136414,0.845158576965332,0.9061488509178162,0.8618022799491882,0.8452380895614624,0.12204602360725403,0.645872175693512,0.012010261416435242,0.11559390276670456
1385,-25.2793,-4.7258,-30.0051,-27.3203,-4.8438,2.0,0.0,0.8989313244819641,0.8330661058425903,0.9226190447807312,0.8275754451751709,0.844122052192688,0.12729321420192719,0.6302860975265503,0.013059701770544052,0.12488339841365814
1390,-24.7488,-5.932,-30.6809,-26.4453,-6.8281,2.0,0.0,0.895512580871582,0.7736240029335022,0.8629213571548462,0.7313140034675598,0.7600446343421936,0.11866448819637299,0.581195592880249,0.017296331003308296,0.17836597561836243
1395,-25.1633,-5.0035,-30.1668,-26.4141,-6.7969,2.0,0.0,0.9266467094421387,0.8273527026176453,0.8631578683853149,0.7404537796974182,0.828125,0.12981964647769928,0.6141557693481445,0.011077425442636013,0.1404695212841034
1400,-25.527,-4.1766,-29.7035,-27.0547,-5.5859,2.0,0.0,0.926886796951294,0.8597070574760437,0.9320755004882812,0.8433027267456055,0.8954613208770752,0.1318407952785492,0.6474658250808716,0.010300062596797943,0.10591573268175125
1405,-25.6812,-3.9629,-29.6441,-27.3984,-4.9219,2.0,0.0,0.9348602294921875,0.8665013909339905,0.9075630307197571,0.8914262652397156,0.886904776096344,0.13067474961280823,0.6585820913314819,0.009250622242689133,0.09701492637395859
1410,-26.1461,-3.4926,-29.6387,-27.6875,-4.3672,2.0,0.0,0.9656270146369934,0.8893447518348694,0.9375,0.8720930218696594,0.8776041865348816,0.12212375551462173,0.6821361780166626,0.004353233613073826,0.0869092047214508
1415,-25.9473,-3.5598,-29.507,-27.9531,-3.8594,2.0,0.0,0.9411404132843018,0.8923226594924927,0.9257642030715942,0.8581593632698059,0.9140625,0.126787930727005,0.6778995394706726,0.008900808170437813,0.08193407952785492
1420,-25.793,-3.9293,-29.7223,-27.4297,-5.0,2.0,0.0,0.9462102651596069,0.8730037212371826,0.9470899701118469,0.8264367580413818,0.8802083134651184,0.12717661261558533,0.6595537662506104,0.007346082013100386,0.10144589841365814
1425,-25.9348,-3.8414,-29.7762,-26.9766,-5.8594,2.0,0.0,0.9592486619949341,0.8748905658721924,0.9397590160369873,0.8133640289306641,0.8809523582458496,0.12208488583564758,0.6657726764678955,0.006452114321291447,0.10121268779039383
1430,-26.1074,-3.482,-29.5895,-28.0234,-3.7891,2.0,0.0,0.9561626315116882,0.8912906646728516,0.9435028433799744,0.8545780777931213,0.9077380895614624,0.12235696613788605,0.6796875,0.006879664026200771,0.08659826219081879
1435,-25.9582,-3.709,-29.6672,-28.4453,-2.875,2.0,0.0,0.9256517291069031,0.8839321732521057,0.9538461565971375,0.893766462802887,0.859747052192688,0.1207633689045906,0.67611163854599,0.010105721652507782,0.0885416641831398
1440,-25.5773,-4.2141,-29.7914,-27.6406,-4.4609,2.0,0.0,0.927514374256134,0.8586786985397339,0.887159526348114,0.8483344912528992,0.863095223903656,0.12869247794151306,0.6471548676490784,0.0099891172721982,0.10968594253063202
1445,-26.0793,-3.4457,-29.525,-27.25,-5.2188,2.0,0.0,0.9502347707748413,0.8950235247612,0.9027026891708374,0.8985572457313538,0.8876488208770752,0.1241837665438652,0.6779384613037109,0.007190609350800514,0.08620958030223846
1450,-26.4098,-2.7027,-29.1125,-28.2266,-3.3125,2.0,0.0,0.9720385074615479,0.9311249852180481,1.0,0.9522727131843567,0.9505208134651184,0.12927550077438354,0.7110540866851807,0.003886815859004855,0.051305968314409256
1455,-26.0477,-3.4668,-29.5145,-28.1094,-3.6875,2.0,0.0,0.9497548937797546,0.8915457129478455,0.9548022747039795,0.8805309534072876,0.9166666865348816,0.1268656700849533,0.6827192306518555,0.006879664026200771,0.07905783504247665
1460,-25.7203,-4.1016,-29.8219,-27.2969,-5.2656,2.0,0.0,0.9510769248008728,0.8645145893096924,0.9076923131942749,0.811103105545044,0.863095223903656,0.12632152438163757,0.6538013219833374,0.0075792912393808365,0.10782027244567871
1465,-25.4457,-4.591,-30.0367,-26.1094,-7.4766,2.0,0.0,0.9322401285171509,0.8394272923469543,0.9239543676376343,0.7823960781097412,0.8567708134651184,0.12562188506126404,0.6325015425682068,0.010222326032817364,0.12717661261558533
1470,-25.8242,-3.9605,-29.7848,-27.0234,-5.7891,2.0,0.0,0.9571112990379333,0.8680101633071899,0.9073171019554138,0.8295581340789795,0.8727678656578064,0.12325093150138855,0.6596315503120422,0.007967972196638584,0.10467195510864258
1475,-25.8,-3.9199,-29.7199,-27.1172,-5.6016,2.0,0.0,0.9531863331794739,0.8702501654624939,0.9503546357154846,0.8181818127632141,0.9014136791229248,0.12869247794151306,0.6587375402450562,0.005480410531163216,0.10261193662881851
1480,-25.5965,-4.1359,-29.7324,-26.5391,-6.2188,2.0,0.0,0.9447907209396362,0.8573650121688843,0.9360730648040771,0.8469424843788147,0.8891369104385376,0.1309468299150467,0.6499145030975342,0.008512127213180065,0.10614894330501556
1485,-25.8973,-3.8063,-29.7035,-27.1641,-5.5078,2.0,0.0,0.9282780289649963,0.8778198957443237,0.9285714030265808,0.84183269739151,0.9032738208770752,0.12301772087812424,0.6667832732200623,0.008162313140928745,0.09755907952785492
1490,-25.8508,-3.5266,-29.3773,-28.2656,-2.8828,2.0,0.0,0.9526643753051758,0.8922141790390015,0.9069767594337463,0.8866828083992004,0.925967276096344,0.1371268630027771,0.6714474558830261,0.0066853235475718975,0.08026275038719177
1495,-26.2496,-3.0395,-29.2891,-28.875,-2.0391,2.0,0.0,0.9524977207183838,0.9184558987617493,0.9725274443626404,0.9128015041351318,0.918154776096344,0.12682680785655975,0.6987717747688293,0.0070740049704909325,0.06284981220960617
1500,-26.1445,-3.1078,-29.2523,-28.3828,-3.0234,2.0,0.0,0.9416014552116394,0.9131017327308655,0.9512194991111755,0.9533292055130005,0.933407723903656,0.12912002205848694,0.69597327709198,0.007967972196638584,0.06246113032102585
1505,-26.3098,-2.8617,-29.1715,-28.9453,-1.9688,2.0,0.0,0.9564564824104309,0.9260829091072083,0.983146071434021,0.9669845700263977,0.925967276096344,0.12943096458911896,0.706195592880249,0.006918532308191061,0.0529773011803627
1510,-25.425,-4.3453,-29.7703,-27.8594,-4.0234,2.0,0.0,0.9032257795333862,0.8515336513519287,0.9037266969680786,0.8647686839103699,0.8809523582458496,0.13133551180362701,0.642451822757721,0.012515547685325146,0.10921952873468399
1515,-24.8484,-5.3672,-30.2156,-26.6641,-6.3672,2.0,0.0,0.8628863096237183,0.7965443730354309,0.8592132329940796,0.8231238126754761,0.8407738208770752,0.129547581076622,0.6006296873092651,0.01877332106232643,0.1465718299150467
1520,-25.1562,-4.8828,-30.0391,-27.2188,-5.1875,2.0,0.0,0.8600500822067261,0.8194418549537659,0.8734694123268127,0.874808669090271,0.859747052192688,0.12414489686489105,0.6253498196601868,0.019045397639274597,0.12698227167129517
1525,-25.8359,-3.6418,-29.4777,-27.9062,-3.9297,2.0,0.0,0.9393667578697205,0.8860971331596375,0.8969465494155884,0.8979688286781311,0.9092261791229248,0.1301306039094925,0.6729244589805603,0.010183457285165787,0.08228389173746109
1530,-26.3574,-2.7992,-29.1566,-28.6172,-2.5547,2.0,0.0,0.960490882396698,0.9297196269035339,0.9682539701461792,0.9234769940376282,0.9445684552192688,0.12985852360725403,0.7084499597549438,0.0048973881639540195,0.05231654271483421
1535,-26.6234,-2.4629,-29.0863,-28.6797,-2.4766,2.0,0.0,0.9534662961959839,0.9453866481781006,0.9453125,0.9601196646690369,0.961309552192688,0.12278451770544052,0.7287780046463013,0.004975124262273312,0.038984764367341995
1540,-26.5777,-2.4348,-29.0125,-28.7109,-2.3906,2.0,0.0,0.9631882905960083,0.9490936398506165,0.9590163826942444,0.9236559271812439,0.9680059552192688,0.1277596354484558,0.7268734574317932,0.004741915501654148,0.03614738956093788
1545,-26.6656,-2.4172,-29.0828,-28.8594,-2.1875,2.0,0.0,0.9646834135055542,0.9450953006744385,0.982758641242981,0.9720837473869324,0.9598214030265808,0.12216262519359589,0.7298662662506104,0.004508706275373697,0.038984764367341995
1550,-26.5375,-2.5574,-29.0949,-28.6641,-2.4375,2.0,0.0,0.9639033079147339,0.9364712238311768,0.991150438785553,0.9569288492202759,0.976190447807312,0.12706001102924347,0.7225590944290161,0.0043921018950641155,0.04151119291782379
1555,-26.3922,-2.7602,-29.1523,-28.1094,-3.6406,2.0,0.0,0.9435707926750183,0.9343698620796204,0.9838709831237793,0.9258391857147217,0.944940447807312,0.1260494440793991,0.7124533653259277,0.007229477632790804,0.04979011043906212
1560,-26.4816,-2.5602,-29.0418,-29.2031,-1.4297,2.0,0.0,0.9517450928688049,0.9473088383674622,0.9627329111099243,0.9520153403282166,0.9348958134651184,0.12807057797908783,0.7206934094429016,0.006257773842662573,0.04050062224268913
1565,-26.3734,-2.7965,-29.1699,-29.1172,-1.6484,2.0,0.0,0.9531630277633667,0.9260355234146118,0.9580419659614563,0.9521002173423767,0.9616815447807312,0.12779851257801056,0.7094216346740723,0.005558146629482508,0.05274409055709839
1570,-26.0113,-3.2465,-29.2578,-28.6484,-2.4922,2.0,0.0,0.9472140669822693,0.91134113073349,0.9045454263687134,0.9106487035751343,0.9203869104385376,0.13254041969776154,0.6909204125404358,0.008550995029509068,0.06351057440042496
1575,-26.1445,-3.1664,-29.3109,-28.5312,-2.75,2.0,0.0,0.9227480888366699,0.9096385836601257,0.9596412777900696,0.9423791766166687,0.9482886791229248,0.12729321420192719,0.6968283653259277,0.00866759940981865,0.06273321062326431
1580,-25.8648,-3.7375,-29.6023,-28.1797,-3.2188,2.0,0.0,0.9113844037055969,0.8812745809555054,0.9063544869422913,0.9143986105918884,0.890997052192688,0.12325093150138855,0.6721082329750061,0.01162157952785492,0.0885416641831398
1585,-25.2102,-4.7164,-29.9266,-28.1953,-3.4453,2.0,0.0,0.8638284802436829,0.8287738561630249,0.8830022215843201,0.8958948850631714,0.8653273582458496,0.12873134016990662,0.6308302283287048,0.017607275396585464,0.11835354566574097
1590,-25.7211,-3.8844,-29.6055,-27.9688,-3.6172,2.0,0.0,0.9087868928909302,0.8735330104827881,0.8859649300575256,0.9114811420440674,0.8991815447807312,0.1278373748064041,0.6656949520111084,0.013292910531163216,0.08869714289903641
1595,-25.5375,-4.4109,-29.9484,-27.6172,-4.5312,2.0,0.0,0.9006111025810242,0.8381583094596863,0.8947368264198303,0.8749159574508667,0.883184552192688,0.12084110826253891,0.6457944512367249,0.013292910531163216,0.11559390276670456
1600,-25.668,-4.0891,-29.757,-27.3281,-5.1797,2.0,0.0,0.9215503931045532,0.8575738072395325,0.9525547623634338,0.8902809619903564,0.8813244104385376,0.12534981966018677,0.6571439504623413,0.010649875737726688,0.1023787334561348
1605,-26.3195,-2.8633,-29.1828,-27.6641,-4.2969,2.0,0.0,0.9537903666496277,0.9272797107696533,0.9383561611175537,0.9330935478210449,0.9375,0.12869247794151306,0.7071284055709839,0.005674751475453377,0.05402674153447151
1610,-25.7523,-3.7563,-29.5086,-28.0781,-3.5625,2.0,0.0,0.9316239356994629,0.8788090348243713,0.9172932505607605,0.8901602029800415,0.9226190447807312,0.13187965750694275,0.6683768630027771,0.010338930413126945,0.08492692559957504
1615,-25.184,-4.975,-30.159,-26.8281,-6.0859,2.0,0.0,0.8955410122871399,0.8032602667808533,0.941644549369812,0.8502177000045776,0.866815447807312,0.12465018779039383,0.6223180890083313,0.014653296209871769,0.13390080630779266
1620,-25.3348,-4.3219,-29.6566,-27.7422,-4.3516,2.0,0.0,0.919194757938385,0.8518473505973816,0.9070422649383545,0.8727991580963135,0.8895089030265808,0.13708800077438354,0.6364660859107971,0.01379819680005312,0.10817008465528488
1625,-25.6891,-4.0129,-29.702,-27.3828,-5.0469,2.0,0.0,0.9197303652763367,0.857210099697113,0.9368420839309692,0.9004397988319397,0.9200148582458496,0.1268656700849533,0.6603700518608093,0.011077425442636013,0.09720926731824875
1630,-26.0652,-3.3145,-29.3797,-28.2266,-3.2422,2.0,0.0,0.9358547925949097,0.9012101292610168,0.9810426831245422,0.926086962223053,0.925595223903656,0.12845925986766815,0.6873445510864258,0.008201181888580322,0.07151741534471512
1635,-26.3094,-2.9996,-29.309,-28.6016,-2.6328,2.0,0.0,0.9533436894416809,0.9176888465881348,0.9779005646705627,0.9471420049667358,0.9081101417541504,0.12496113032102585,0.7002876400947571,0.007035136688500643,0.06323849409818649
1640,-26.0758,-3.1762,-29.252,-28.8125,-2.1875,2.0,0.0,0.9288490414619446,0.91420578956604,0.8976377844810486,0.9442664980888367,0.9304315447807312,0.13001398742198944,0.6949626803398132,0.009872512891888618,0.060673195868730545
1645,-26.2289,-2.8055,-29.0344,-29.3516,-1.1094,2.0,0.0,0.920127809047699,0.9384911060333252,0.9659574627876282,0.9815303683280945,0.9460565447807312,0.13382306694984436,0.708372175693512,0.009134017862379551,0.044193096458911896
1650,-26.3934,-2.6348,-29.0281,-29.4766,-0.8125,2.0,0.0,0.9325227737426758,0.9458056092262268,0.9166666865348816,0.9641820192337036,0.9482886791229248,0.12787623703479767,0.7186334133148193,0.00886194035410881,0.04015081003308296
1655,-26.0703,-3.3359,-29.4062,-28.5859,-2.5469,2.0,0.0,0.8980830907821655,0.9103224277496338,0.9668674468994141,0.9014002084732056,0.9110863208770752,0.1216573417186737,0.6943408250808716,0.012904228642582893,0.06662002205848694
1660,-25.916,-3.4723,-29.3883,-28.2344,-3.1797,2.0,0.0,0.8937594890594482,0.8980419039726257,0.9553571343421936,0.9232386946678162,0.9460565447807312,0.1276818960905075,0.680853545665741,0.013059701770544052,0.07392723858356476
1665,-25.3836,-4.1387,-29.5223,-28.7344,-2.2734,2.0,0.0,0.8653001189231873,0.8747249841690063,0.8826815485954285,0.8942265510559082,0.9055059552192688,0.1327347606420517,0.6537235975265503,0.020872201770544052,0.08819185197353363
1670,-24.8859,-5.182,-30.068,-27.6328,-4.3594,2.0,0.0,0.8071864247322083,0.819530725479126,0.8419654965400696,0.8523529171943665,0.8467261791229248,0.12115205079317093,0.61295086145401,0.029267724603414536,0.1321517378091812
1675,-25.1086,-4.9406,-30.0492,-28.8906,-2.0078,2.0,0.0,0.7924084663391113,0.8308005928993225,0.8278688788414001,0.8510977029800415,0.8857886791229248,0.11571051180362701,0.6291977763175964,0.02845149300992489,0.12216262519359589
1680,-25.5086,-3.9602,-29.4688,-28.8594,-1.9766,2.0,0.0,0.8325092792510986,0.8900869488716125,0.8958333134651184,0.9077720046043396,0.9088541865348816,0.12577736377716064,0.6704757213592529,0.024253731593489647,0.07501554489135742
1685,-25.3926,-4.1266,-29.5191,-28.8906,-1.6562,2.0,0.0,0.7942437529563904,0.8864104747772217,0.9057186841964722,0.9129213690757751,0.902529776096344,0.1269434094429016,0.6604089140892029,0.0251476988196373,0.08302238583564758
1690,-25.3613,-4.2043,-29.5656,-29.0156,-1.5234,2.0,0.0,0.8146510720252991,0.8810855150222778,0.8164893388748169,0.8936269879341125,0.9088541865348816,0.12309546023607254,0.6602534055709839,0.029228854924440384,0.08294465392827988
1695,-24.8727,-4.618,-29.4906,-29.4375,-0.8438,2.0,0.0,0.7690733671188354,0.8802326321601868,0.8101123571395874,0.8618361949920654,0.902157723903656,0.1329679787158966,0.6415966749191284,0.03459266200661659,0.08636505156755447
1700,-23.1738,-7.7977,-30.9715,-28.3828,-2.7422,2.0,0.0,0.617254376411438,0.7058117985725403,0.6714553236961365,0.7503376603126526,0.7686011791229248,0.11353389173746109,0.5183069109916687,0.062227923423051834,0.20145367085933685
1705,-22.6211,-8.6383,-31.2594,-27.3594,-4.6016,2.0,0.0,0.5873905420303345,0.6693657040596008,0.688048243522644,0.7071478366851807,0.6852678656578064,0.11096859723329544,0.48962220549583435,0.07089552283287048,0.2240360677242279
1710,-22.0625,-9.2527,-31.3152,-27.2656,-4.8359,2.0,0.0,0.58984375,0.6316718459129333,0.6799395084381104,0.6750451922416687,0.7161458134651184,0.11940298229455948,0.4624145030975342,0.07711442559957504,0.23659048974514008
1715,-22.0785,-10.0117,-32.0902,-27.7969,-3.8906,2.0,0.0,0.5460048317909241,0.6210899353027344,0.5974025726318359,0.5803436636924744,0.6030505895614624,0.09631530195474625,0.4386271834373474,0.07781405746936798,0.28276586532592773
1720,-24.3148,-6.1027,-30.4176,-28.2344,-3.2031,2.0,0.0,0.7354138493537903,0.7856814861297607,0.7795497179031372,0.808110237121582,0.793154776096344,0.1145833358168602,0.5928560495376587,0.04143345728516579,0.146649569272995
1725,-23.5816,-7.3418,-30.9234,-28.7109,-2.0859,2.0,0.0,0.6385288834571838,0.7225168943405151,0.7166427373886108,0.7535799741744995,0.788690447807312,0.11096859723329544,0.5349424481391907,0.05418221279978752,0.19542910158634186
1730,-21.9602,-9.9285,-31.8887,-28.0938,-3.0625,2.0,0.0,0.513028621673584,0.6525073051452637,0.5560747385025024,0.5603204965591431,0.6640625,0.09099035710096359,0.4511038661003113,0.09149564802646637,0.26193252205848694
1735,-22.5184,-8.7195,-31.2379,-28.9922,-1.4531,2.0,0.0,0.5417910218238831,0.6981279253959656,0.633836030960083,0.6544850468635559,0.7209821343421936,0.1041666641831398,0.4982897937297821,0.08247823268175125,0.21058768033981323
1740,-22.5652,-7.7469,-30.3121,-28.7188,-2.0234,2.0,0.0,0.6547515392303467,0.7525773048400879,0.7075377106666565,0.7241297364234924,0.765625,0.13374534249305725,0.5202891826629639,0.07734763622283936,0.1641402393579483
1745,-22.1551,-9.1238,-31.2789,-28.4141,-2.75,2.0,0.0,0.5449016094207764,0.6756712198257446,0.6104363203048706,0.674824595451355,0.6692708134651184,0.10863650590181351,0.4733753204345703,0.08640392124652863,0.22710666060447693
1750,-23.2586,-7.5285,-30.7871,-28.6172,-2.2266,2.0,0.0,0.6215488314628601,0.712055504322052,0.7540372610092163,0.7895761132240295,0.769717276096344,0.11543843150138855,0.5377798676490784,0.0625777393579483,0.17972636222839355
1755,-24.9859,-4.5578,-29.5438,-28.8281,-2.0391,2.0,0.0,0.8232396245002747,0.8619056344032288,0.8596026301383972,0.8766371011734009,0.9188988208770752,0.13413402438163757,0.6400420069694519,0.02934546023607254,0.09200093150138855
1760,-24.3172,-5.5156,-29.8328,-28.6641,-2.2969,2.0,0.0,0.7738268971443176,0.8083387017250061,0.8796992301940918,0.8832520246505737,0.875,0.13335666060447693,0.6012904047966003,0.04135572165250778,0.11951959133148193
1765,-23.8906,-6.2633,-30.1539,-28.5547,-2.375,2.0,0.0,0.7448856830596924,0.7849141359329224,0.7730553150177002,0.8120321035385132,0.8236607313156128,0.12919776141643524,0.5724891424179077,0.04846859350800514,0.14536692202091217
1770,-24.227,-5.6738,-29.9008,-27.9375,-3.6328,2.0,0.0,0.7753006815910339,0.8116036653518677,0.7978241443634033,0.8553884029388428,0.84375,0.13250155746936798,0.5935556888580322,0.04287157952785492,0.12659358978271484
1775,-22.7543,-8.4727,-31.227,-27.625,-4.2109,2.0,0.0,0.5671321153640747,0.6532573103904724,0.7052217721939087,0.7417019605636597,0.761532723903656,0.1085587665438652,0.49759018421173096,0.06922419369220734,0.22014924883842468
1780,-22.6441,-8.7844,-31.4285,-27.6406,-4.1797,2.0,0.0,0.5801413059234619,0.6452926397323608,0.660516619682312,0.7032541036605835,0.7247023582458496,0.10451647639274597,0.4867459535598755,0.0737328976392746,0.23052705824375153
1785,-19.759,-13.2176,-32.9766,-26.8984,-5.4297,2.0,0.0,0.3582366704940796,0.44530969858169556,0.4725339710712433,0.4837194085121155,0.5182291865348816,0.08376087993383408,0.32443252205848694,0.13160759210586548,0.3557213842868805
1790,-21.2633,-10.523,-31.7863,-26.75,-5.5156,2.0,0.0,0.5079485177993774,0.5974228978157043,0.6023414134979248,0.5984023213386536,0.6235119104385376,0.10268967598676682,0.4223025441169739,0.10292288661003113,0.26760727167129517
1795,-23.032,-7.9863,-31.0184,-27.4844,-4.6094,2.0,0.0,0.6643790602684021,0.6520638465881348,0.7712418437004089,0.7823116779327393,0.7793898582458496,0.11893656849861145,0.5066075921058655,0.059468284249305725,0.21050995588302612
1800,-22.0832,-9.4973,-31.5805,-26.2031,-6.9141,2.0,0.0,0.6419214010238647,0.581502377986908,0.6986666917800903,0.659223735332489,0.7287946343421936,0.11571051180362701,0.4475668668746948,0.07287780195474625,0.2593672275543213
1805,-23.3902,-7.6203,-31.0105,-26.9844,-5.7031,2.0,0.0,0.7244796752929688,0.6635958552360535,0.7936508059501648,0.7778197526931763,0.7890625,0.11765392124652863,0.5231654047966003,0.04897388070821762,0.2057291716337204
1810,-22.8855,-7.6547,-30.5402,-26.6641,-5.2891,2.0,0.0,0.7342267036437988,0.6993299722671509,0.7358121275901794,0.7534961104393005,0.8117559552192688,0.13922575116157532,0.5104944109916687,0.05958488956093788,0.18621735274791718
1815,-21.9754,-9.4879,-31.4633,-27.3359,-4.4141,2.0,0.0,0.6020230054855347,0.6188939213752747,0.6557987928390503,0.6519584059715271,0.7016369104385376,0.11143501102924347,0.4575170874595642,0.08344993740320206,0.24312034249305725
1820,-21.2852,-9.9543,-31.2395,-27.7188,-3.5781,2.0,0.0,0.5854905843734741,0.6151347756385803,0.6300466060638428,0.6298788785934448,0.7328869104385376,0.12161847203969955,0.44274720549583435,0.10012438148260117,0.2310323417186737
1825,-20.0828,-13.1195,-33.2023,-26.0703,-6.8047,2.0,0.0,0.4466819167137146,0.4208177626132965,0.5054163932800293,0.4558793008327484,0.5435267686843872,0.08492692559957504,0.3222559094429016,0.11481653898954391,0.3735229969024658
1830,-21.1816,-10.5762,-31.7578,-27.4531,-3.9922,2.0,0.0,0.5401430726051331,0.6387757062911987,0.5039370059967041,0.5484756231307983,0.6398809552192688,0.09779229015111923,0.42922109365463257,0.11353389173746109,0.2549751102924347
1835,-20.641,-11.0762,-31.7172,-26.5312,-5.6719,2.0,0.0,0.5161964297294617,0.5874058604240417,0.5770524740219116,0.5702177286148071,0.6063988208770752,0.11159048229455948,0.4024409055709839,0.11551617085933685,0.26597481966018677
1840,-19.341,-14.6313,-33.9723,-25.9609,-6.8359,2.0,0.0,0.331844300031662,0.3920564651489258,0.3837868571281433,0.3650527000427246,0.4587053656578064,0.06090640649199486,0.2808613181114197,0.1371268630027771,0.41662779450416565
1845,-20.9844,-11.2121,-32.1965,-26.2031,-6.3516,2.0,0.0,0.478515625,0.5415676832199097,0.6052044630050659,0.5572469234466553,0.6242559552192688,0.09950248897075653,0.3927238881587982,0.10455534607172012,0.2987406849861145
1850,-18.6074,-15.3484,-33.9559,-23.8594,-10.7812,2.0,0.0,0.3314732015132904,0.3811965882778168,0.37276726961135864,0.3367123305797577,0.402157723903656,0.06965173780918121,0.25011661648750305,0.1501477062702179,0.4256063401699066
1855,-22.5227,-8.8176,-31.3402,-27.8203,-3.7031,2.0,0.0,0.571536123752594,0.6799620985984802,0.6025145053863525,0.641202449798584,0.7667410969734192,0.10323382914066315,0.4921097755432129,0.08037935197353363,0.2197994440793991
1860,-23.1152,-7.3195,-30.4348,-28.375,-2.7344,2.0,0.0,0.6641650795936584,0.7570932507514954,0.7100392580032349,0.7534763216972351,0.7678571343421936,0.12430037558078766,0.5370025038719177,0.06930192559957504,0.16491760313510895
1865,-21.9582,-9.4684,-31.4266,-27.4453,-4.3125,2.0,0.0,0.569500207901001,0.6561695337295532,0.6380420923233032,0.6149957776069641,0.683407723903656,0.10653762519359589,0.4677782952785492,0.09052394330501556,0.23068252205848694
1870,-20.5797,-11.4883,-32.068,-27.5234,-3.875,2.0,0.0,0.4551413357257843,0.6145278811454773,0.5164011120796204,0.4902096092700958,0.597470223903656,0.09487717598676682,0.3943563401699066,0.12441697716712952,0.28187188506126404
1875,-18.9945,-14.7055,-33.7,-26.0469,-6.4297,2.0,0.0,0.32007458806037903,0.4584465026855469,0.36486825346946716,0.34288832545280457,0.4538690447807312,0.06253886967897415,0.2862251102924347,0.15488961338996887,0.3918687701225281
1880,-19.4094,-13.1926,-32.602,-26.2656,-6.3672,2.0,0.0,0.4159699082374573,0.49258822202682495,0.46806225180625916,0.45891711115837097,0.542782723903656,0.09297263622283936,0.3303793668746948,0.14482276141643524,0.32734763622283936
1885,-21.0445,-11.1656,-32.2102,-26.7656,-5.4375,2.0,0.0,0.48352521657943726,0.48782145977020264,0.6153271198272705,0.6139769554138184,0.6670386791229248,0.09790889173746109,0.4005363881587982,0.10397232323884964,0.29310479760169983
1890,-20.7816,-11.0305,-31.8121,-26.8281,-5.1719,2.0,0.0,0.5325581431388855,0.50933438539505,0.6524004340171814,0.6186726689338684,0.6703869104385376,0.11699315905570984,0.39766013622283936,0.10443874448537827,0.2764303386211395
1895,-21.125,-10.0168,-31.1418,-26.0156,-6.375,2.0,0.0,0.6391083598136902,0.5321900248527527,0.7384036779403687,0.7025326490402222,0.75,0.13774876296520233,0.4238184094429016,0.09301150590181351,0.24094371497631073
1900,-21.2082,-10.1293,-31.3375,-26.1641,-6.7109,2.0,0.0,0.6567783951759338,0.5080007314682007,0.7312606573104858,0.7178532481193542,0.6919642686843872,0.131024569272995,0.42265236377716064,0.09126243740320206,0.2505830228328705
1905,-20.6254,-11.459,-32.0844,-26.4062,-5.9922,2.0,0.0,0.5866575241088867,0.44833213090896606,0.6450662612915039,0.6086956262588501,0.6264880895614624,0.11302860826253891,0.381024569272995,0.10556592047214508,0.2959032952785492
1910,-20.4348,-11.1242,-31.559,-26.0,-6.8281,2.0,0.0,0.605801522731781,0.4687594771385193,0.6955017447471619,0.6631745100021362,0.6123511791229248,0.12729321420192719,0.3850668668746948,0.11232897639274597,0.2708333432674408
1915,-20.916,-11.043,-31.959,-26.4844,-5.6719,2.0,0.0,0.5984978079795837,0.4813908040523529,0.665083110332489,0.6317288279533386,0.6049107313156128,0.1138448417186737,0.39684391021728516,0.09818097203969955,0.28665268421173096
1920,-22.1633,-8.9281,-31.0914,-27.4062,-4.4375,2.0,0.0,0.6839098930358887,0.6061355471611023,0.7509980201721191,0.7475256323814392,0.6930803656578064,0.1224735677242279,0.47131529450416565,0.07789178937673569,0.22384172677993774
1925,-23.2512,-7.1484,-30.3996,-27.5781,-4.0469,2.0,0.0,0.758699357509613,0.6961125731468201,0.8667147159576416,0.8352455496788025,0.8132440447807312,0.13627175986766815,0.5359141826629639,0.05394900590181351,0.16938744485378265
1930,-23.1035,-7.3805,-30.484,-27.6094,-4.0547,2.0,0.0,0.745920717716217,0.6966167688369751,0.7885906100273132,0.8138870596885681,0.7912946343421936,0.13339552283287048,0.5273243188858032,0.057913556694984436,0.17688898742198944
1935,-23.8945,-6.3363,-30.2309,-27.4219,-4.5,2.0,0.0,0.8126611113548279,0.7471848130226135,0.8672566413879395,0.8359375,0.820684552192688,0.13568873703479767,0.56607586145401,0.03952891752123833,0.15422885119915009
1940,-23.2445,-7.2988,-30.5434,-27.1094,-5.1016,2.0,0.0,0.7857951521873474,0.6868544220924377,0.8159806132316589,0.8068606853485107,0.7901785969734192,0.137360081076622,0.5230488181114197,0.04815765097737312,0.18695583939552307
1945,-23.8328,-6.6648,-30.4977,-27.1875,-5.0156,2.0,0.0,0.8142011761665344,0.7228003144264221,0.8501026630401611,0.8363676071166992,0.7485119104385376,0.13137437403202057,0.5490905046463013,0.03785758838057518,0.17719994485378265
1950,-23.9891,-6.323,-30.3121,-27.5703,-4.3672,2.0,0.0,0.8107638955116272,0.7419819235801697,0.8519701957702637,0.8378978371620178,0.8337053656578064,0.13432836532592773,0.5671641826629639,0.03649720177054405,0.15753264725208282
1955,-24.0383,-5.9176,-29.9559,-27.8672,-3.7969,2.0,0.0,0.8299264311790466,0.7668306231498718,0.8854718804359436,0.8737810254096985,0.863467276096344,0.14260727167129517,0.5767646431922913,0.03665267303586006,0.1394978165626526
1960,-23.8129,-6.5758,-30.3887,-27.0703,-5.2734,2.0,0.0,0.8311060667037964,0.7193142771720886,0.8724973797798157,0.8196268081665039,0.8325892686843872,0.13669931888580322,0.5532104969024658,0.036885883659124374,0.16872668266296387
1965,-23.732,-6.4504,-30.1824,-27.0078,-5.5859,2.0,0.0,0.844107449054718,0.7346208095550537,0.8788209557533264,0.845090925693512,0.797247052192688,0.14610540866851807,0.5534825921058655,0.03560323268175125,0.16033115983009338
1970,-23.2023,-7.4699,-30.6723,-27.0625,-5.2891,2.0,0.0,0.788929283618927,0.6569895148277283,0.8402471542358398,0.7926709651947021,0.8448660969734192,0.13903141021728516,0.5141091346740723,0.044037625193595886,0.19834421575069427
1975,-23.807,-6.6789,-30.4859,-27.0078,-5.4453,2.0,0.0,0.8335841298103333,0.7200705409049988,0.8425572514533997,0.8130841255187988,0.78125,0.1291588991880417,0.550956130027771,0.04073382914066315,0.17467351257801056
1980,-23.4391,-7.1148,-30.5539,-26.3438,-6.6562,2.0,0.0,0.8078112006187439,0.7070289254188538,0.8235294222831726,0.7786682844161987,0.7671130895614624,0.13833178579807281,0.5264303684234619,0.04162779822945595,0.1891324669122696
1985,-22.9922,-8.3531,-31.3453,-26.0391,-7.4766,2.0,0.0,0.7315526008605957,0.6287453770637512,0.7909226417541504,0.7177792191505432,0.707217276096344,0.11641013622283936,0.49164333939552307,0.05223880708217621,0.23523010313510895
1990,-20.9781,-11.1918,-32.1699,-24.0547,-10.8594,2.0,0.0,0.6185566782951355,0.5063776969909668,0.6534246802330017,0.5592990517616272,0.5803571343421936,0.12064676731824875,0.37480565905570984,0.0851212665438652,0.314948707818985
1995,-21.6172,-10.3883,-32.0055,-24.7656,-9.625,2.0,0.0,0.6797319650650024,0.5305966138839722,0.7184059023857117,0.6055426001548767,0.5747767686843872,0.11602145433425903,0.40523943305015564,0.07412157952785492,0.3001399338245392
2000,-23.1602,-7.484,-30.6441,-27.9375,-3.375,2.0,0.0,0.7312182188034058,0.7252854108810425,0.7826704382896423,0.7311784029006958,0.726190447807312,0.12985852360725403,0.5209499597549438,0.05472636967897415,0.18998755514621735
2005,-24.107,-5.8422,-29.9492,-28.5234,-2.5312,2.0,0.0,0.801822304725647,0.803501307964325,0.8771266341209412,0.8442123532295227,0.7667410969734192,0.13650497794151306,0.5839163661003113,0.04112251102924347,0.13397854566574097
2010,-22.1316,-8.8859,-31.0176,-27.8828,-3.4609,2.0,0.0,0.6172338724136353,0.6559980511665344,0.7200000286102295,0.72781902551651,0.6514136791229248,0.12449471652507782,0.4724036157131195,0.07870802283287048,0.21991604566574097
2015,-22.2418,-9.2844,-31.5262,-28.2266,-3.0547,2.0,0.0,0.5877193212509155,0.6660827398300171,0.6691033244132996,0.6430395841598511,0.5613839030265808,0.10634328424930573,0.46595150232315063,0.079757459461689,0.24347014725208282
2020,-20.7199,-11.4551,-32.175,-26.2656,-6.4141,2.0,0.0,0.5135233998298645,0.5602232217788696,0.57440584897995,0.5552242398262024,0.4899553656578064,0.10634328424930573,0.3830457031726837,0.10630441457033157,0.29982897639274597
2025,-19.7563,-12.7602,-32.5164,-24.8125,-8.7344,2.0,0.0,0.5269162058830261,0.4669446051120758,0.5663659572601318,0.5083562135696411,0.4073660671710968,0.10902518779039383,0.32629820704460144,0.12064676731824875,0.33955225348472595
2030,-21.366,-10.6387,-32.0047,-27.3828,-4.6016,2.0,0.0,0.5476992130279541,0.5990826487541199,0.6296907067298889,0.5747348070144653,0.511904776096344,0.10389459133148193,0.41522854566574097,0.09425528347492218,0.2821439802646637
2035,-20.566,-10.707,-31.273,-27.1328,-3.7188,2.0,0.0,0.586789071559906,0.6063737869262695,0.6423357725143433,0.6011360287666321,0.5691964030265808,0.13121891021728516,0.40613338351249695,0.11182369291782379,0.2463463991880417
2040,-21.5902,-9.8352,-31.4254,-27.4375,-4.3516,2.0,0.0,0.6335803866386414,0.6412945985794067,0.6752098798751831,0.6193251609802246,0.5334821343421936,0.1206078976392746,0.43353545665740967,0.08795864135026932,0.2534204125404358
2045,-21.675,-9.6656,-31.3406,-26.7734,-5.5859,2.0,0.0,0.6644192337989807,0.6512249708175659,0.7098001837730408,0.6120930314064026,0.527529776096344,0.12682680785655975,0.4362950921058655,0.0817008689045906,0.25069963932037354
2050,-21.807,-9.0863,-30.8934,-27.8047,-3.4766,2.0,0.0,0.6804835796356201,0.6741449236869812,0.7420112490653992,0.6578385829925537,0.5970982313156128,0.13502798974514008,0.45911070704460144,0.08271144330501556,0.2186722606420517
2055,-21.1285,-9.9301,-31.0586,-27.5234,-3.6406,2.0,0.0,0.6392134428024292,0.6645627617835999,0.6849757432937622,0.5877837538719177,0.5758928656578064,0.1363883763551712,0.42490673065185547,0.09623756259679794,0.23798973858356476
2060,-21.3258,-10.691,-32.0168,-26.9531,-5.3906,2.0,0.0,0.5551165342330933,0.6205863356590271,0.6384615302085876,0.5272400379180908,0.5133928656578064,0.09837531298398972,0.41499534249305725,0.10105721652507782,0.2810945212841034
2065,-20.5742,-11.0855,-31.6598,-26.875,-4.8203,2.0,0.0,0.5985755920410156,0.6305955648422241,0.6310848593711853,0.47521695494651794,0.5494791865348816,0.12006374448537827,0.3994092047214508,0.11178482323884964,0.26426461338996887
2070,-20.1664,-11.9469,-32.1133,-25.875,-6.4922,2.0,0.0,0.5658777952194214,0.5572748780250549,0.6402359008789062,0.45968666672706604,0.5130208134651184,0.11003576219081879,0.36170709133148193,0.11862561851739883,0.30515390634536743
2075,-21.3004,-9.9168,-31.2172,-27.3828,-4.0391,2.0,0.0,0.6527777910232544,0.6549990773200989,0.7084337472915649,0.5554474592208862,0.6041666865348816,0.12593284249305725,0.43306902050971985,0.09678171575069427,0.2397388070821762
2080,-22.3254,-8.4715,-30.7969,-27.1953,-4.5078,2.0,0.0,0.6992636322975159,0.7034576535224915,0.7555902004241943,0.650726854801178,0.6700148582458496,0.13195739686489105,0.4856187701225281,0.07474347203969955,0.2032027393579483
2085,-21.9117,-8.9766,-30.8883,-27.7031,-3.6562,2.0,0.0,0.6747800707817078,0.6670001745223999,0.7524846196174622,0.6503711938858032,0.6796875,0.13254041969776154,0.46618470549583435,0.08212842047214508,0.21466884016990662
2090,-21.4039,-9.95,-31.3539,-26.5156,-5.9375,2.0,0.0,0.6317901015281677,0.6229055523872375,0.7050235867500305,0.5864661931991577,0.6465773582458496,0.12593284249305725,0.4361007511615753,0.09052394330501556,0.24296486377716064
2095,-20.6664,-10.7418,-31.4082,-25.9297,-6.2422,2.0,0.0,0.6188380122184753,0.5595875382423401,0.6904492378234863,0.5842780470848083,0.652157723903656,0.13246268033981323,0.39952582120895386,0.10296175628900528,0.2605721354484558
2100,-20.0125,-11.6711,-31.6836,-24.4531,-9.1953,2.0,0.0,0.6200340390205383,0.4827623963356018,0.7407147884368896,0.537807285785675,0.5859375,0.1369713991880417,0.35513836145401,0.11092972755432129,0.2924829125404358
2105,-19.6746,-13.0676,-32.7422,-22.8984,-12.8672,2.0,0.0,0.5893970727920532,0.4172537326812744,0.6390977501869202,0.41578197479248047,0.5546875,0.11217350512742996,0.31448227167129517,0.11372823268175125,0.35513836145401
2110,-19.8234,-12.8531,-32.6766,-21.9141,-13.9922,2.0,0.0,0.6051300764083862,0.4969325065612793,0.5868764519691467,0.38274630904197693,0.5517113208770752,0.1075870618224144,0.32311099767684937,0.11609919369220734,0.3487251102924347
2115,-20.0102,-11.8539,-31.8641,-21.9609,-14.4141,2.0,0.0,0.6965188384056091,0.516713559627533,0.7089887857437134,0.42572256922721863,0.6264880895614624,0.13844838738441467,0.34534358978271484,0.10377798229455948,0.3079524338245392
2120,-19.7461,-11.6426,-31.3887,-23.0156,-11.9062,2.0,0.0,0.6920281052589417,0.526350736618042,0.7374953031539917,0.4626142382621765,0.6309523582458496,0.1604088991880417,0.3510572016239166,0.1033504381775856,0.28070583939552307
2125,-19.9469,-11.8809,-31.8277,-21.2266,-15.5312,2.0,0.0,0.6916136145591736,0.5210895538330078,0.7237871885299683,0.41359949111938477,0.6417410969734192,0.14645522832870483,0.3381918668746948,0.09934701770544052,0.3115282952785492
2130,-19.5512,-12.9113,-32.4625,-20.375,-17.3281,2.0,0.0,0.6873082518577576,0.4796554148197174,0.7003968358039856,0.34345048666000366,0.5714285969734192,0.13934235274791718,0.29326024651527405,0.09794776141643524,0.3649720251560211
2135,-18.9652,-13.4715,-32.4367,-20.9219,-15.9531,2.0,0.0,0.6353340744972229,0.4295542240142822,0.6631102561950684,0.34842023253440857,0.5762648582458496,0.1372823417186737,0.2824937701225281,0.12021921575069427,0.35552704334259033
2140,-19.0312,-13.5105,-32.5418,-20.9062,-15.6797,2.0,0.0,0.6303153038024902,0.4234541058540344,0.6635576486587524,0.362376868724823,0.5215773582458496,0.1343672275543213,0.28537002205848694,0.11668221652507782,0.35910293459892273
2145,-19.498,-13.3445,-32.8426,-20.6484,-17.0156,2.0,0.0,0.6555697917938232,0.45267269015312195,0.6551101207733154,0.33981481194496155,0.5163690447807312,0.1214241310954094,0.2886738181114197,0.10762593150138855,0.37779849767684937
2150,-20.177,-12.323,-32.5,-21.1172,-16.2188,2.0,0.0,0.7139092087745667,0.5160553455352783,0.7032085657119751,0.3477829396724701,0.6023065447807312,0.1327347606420517,0.32318875193595886,0.08722014725208282,0.3523787260055542
2155,-20.7336,-12.1953,-32.9289,-20.4453,-17.6797,2.0,0.0,0.7405787110328674,0.5413711667060852,0.6941420435905457,0.32813307642936707,0.5677083134651184,0.11551617085933685,0.32882463932037354,0.07497668266296387,0.3762049078941345
2160,-20.6328,-12.0488,-32.6816,-20.6797,-17.6797,2.0,0.0,0.7950274348258972,0.5957395434379578,0.707040548324585,0.2892872095108032,0.5569196343421936,0.1344449669122696,0.32295554876327515,0.06514303386211395,0.3729788661003113
2165,-20.0184,-12.0977,-32.116,-19.4141,-18.6641,2.0,0.0,0.8184561133384705,0.5981070399284363,0.6501938104629517,0.29024890065193176,0.5695684552192688,0.15457867085933685,0.3203125,0.08022388070821762,0.3404073417186737
2170,-21.0941,-10.8965,-31.9906,-19.8828,-18.1719,2.0,0.0,0.8482356071472168,0.6534230709075928,0.6964752078056335,0.3131566345691681,0.6421130895614624,0.1464940905570984,0.3639225661754608,0.05954601988196373,0.32555970549583435
2175,-21.9613,-9.8957,-31.857,-20.5,-18.1797,2.0,0.0,0.8919065594673157,0.721744179725647,0.7680462002754211,0.2982698082923889,0.6595982313156128,0.14311255514621735,0.40201336145401,0.040384016931056976,0.31001242995262146
2180,-22.2371,-9.1039,-31.341,-20.9688,-17.2422,2.0,0.0,0.8745616674423218,0.7067762017250061,0.805578351020813,0.3947019875049591,0.7101934552192688,0.14408425986766815,0.439948707818985,0.04738028720021248,0.26410913467407227
2185,-19.9824,-11.2168,-31.1992,-19.7422,-17.3516,2.0,0.0,0.8031123280525208,0.6057840585708618,0.7348451614379883,0.3663942515850067,0.644717276096344,0.17234142124652863,0.35346704721450806,0.08912468701601028,0.2805892527103424
2190,-20.5309,-12.0031,-32.534,-20.4531,-17.875,2.0,0.0,0.7878788113594055,0.566977858543396,0.7006369233131409,0.31525906920433044,0.5788690447807312,0.128264918923378,0.3331001102924347,0.07932991534471512,0.3548274338245392
2195,-20.223,-11.4328,-31.6559,-20.4141,-17.5547,2.0,0.0,0.816261351108551,0.5877564549446106,0.735404908657074,0.3516567349433899,0.6075148582458496,0.15823227167129517,0.3485696613788605,0.08255597203969955,0.3061645030975342
2200,-19.5328,-12.6141,-32.1469,-18.9297,-19.3281,2.0,0.0,0.8217697143554688,0.5756553411483765,0.643093466758728,0.2538599371910095,0.5963541865348816,0.1546175330877304,0.29951804876327515,0.09398321062326431,0.3474036157131195
2205,-20.1117,-12.252,-32.3637,-19.4141,-19.1797,2.0,0.0,0.83855801820755,0.590123176574707,0.6708416938781738,0.2536776661872864,0.6082589030265808,0.14878731966018677,0.31246113777160645,0.07758084684610367,0.3566930890083313
2210,-19.157,-12.8348,-31.9918,-18.0781,-20.2578,2.0,0.0,0.8403341174125671,0.5908364653587341,0.6200305819511414,0.2293146848678589,0.5565476417541504,0.16285759210586548,0.2918221354484558,0.10167910158634186,0.33916357159614563
2215,-19.2195,-13.1504,-32.3699,-19.125,-19.4297,2.0,0.0,0.8693947792053223,0.6115056872367859,0.5600167512893677,0.19070109724998474,0.5487351417541504,0.1586209535598755,0.27363184094429016,0.0929337665438652,0.37033581733703613
2220,-18.4293,-14.091,-32.5203,-20.5781,-15.2812,2.0,0.0,0.8399294018745422,0.5772585868835449,0.4747675955295563,0.17778238654136658,0.5100446343421936,0.15418998897075653,0.24953357875347137,0.11707089841365814,0.37472793459892273
2225,-20.1246,-11.925,-32.0496,-18.7031,-19.8516,2.0,0.0,0.9146873354911804,0.6914623975753784,0.5663026571273804,0.1793341040611267,0.6145833134651184,0.16037002205848694,0.3218672275543213,0.07474347203969955,0.3385416567325592
2230,-17.3164,-15.3418,-32.6582,-21.3672,-13.8438,2.0,0.0,0.8378661274909973,0.5295620560646057,0.3964102566242218,0.15494103729724884,0.443452388048172,0.14863184094429016,0.21299751102924347,0.15158581733703613,0.3823072016239166
2235,-16.9898,-16.2539,-33.2438,-19.5234,-17.0625,2.0,0.0,0.8363032341003418,0.5114155411720276,0.35190820693969727,0.11964285373687744,0.402157723903656,0.12869247794151306,0.18726679682731628,0.1660059094429016,0.4135572016239166
2240,-20.0895,-10.4789,-30.5684,-20.9141,-14.7266,2.0,0.0,0.9253637194633484,0.7119625806808472,0.5540211200714111,0.27768513560295105,0.6986607313156128,0.18435168266296387,0.3824238181114197,0.09569340944290161,0.23305347561836243
2245,-14.9652,-16.6879,-31.6531,-15.4766,-20.7969,2.0,0.0,0.7907817363739014,0.4409828782081604,0.40217024087905884,0.13066928088665009,0.420014888048172,0.1720304787158966,0.1771610677242279,0.2292443960905075,0.31708642840385437
2250,-16.2902,-16.2844,-32.5746,-17.4062,-20.4531,2.0,0.0,0.7926121354103088,0.432371586561203,0.4457429051399231,0.13488663733005524,0.4058779776096344,0.1473103165626526,0.1899486929178238,0.18625621497631073,0.3720071613788605
2255,-15.0762,-16.8879,-31.9641,-16.5781,-21.2422,2.0,0.0,0.8095238208770752,0.49033018946647644,0.3610914349555969,0.11716189980506897,0.3727678656578064,0.167327418923378,0.1648010015487671,0.21937188506126404,0.34402206540107727
2260,-21.8891,-8.0164,-29.9055,-23.4531,-10.1172,2.0,0.0,0.9434934854507446,0.7036459445953369,0.8050565719604492,0.5257205963134766,0.8344494104385376,0.1884717047214508,0.47333642840385437,0.058418843895196915,0.1752953976392746
2265,-19.6055,-11.2137,-30.8191,-18.5312,-18.6016,2.0,0.0,0.9170973896980286,0.6315253973007202,0.6499999761581421,0.2833823561668396,0.6685267686843872,0.19550684094429016,0.3439832031726837,0.09172885864973068,0.2643034756183624
2270,-20.3488,-11.1414,-31.4902,-18.8125,-19.3281,2.0,0.0,0.9187214374542236,0.6373153924942017,0.6966057419776917,0.26919567584991455,0.6484375,0.1702425330877304,0.3526896834373474,0.07443252205848694,0.298157662153244
2275,-20.341,-11.2812,-31.6223,-18.0234,-19.4062,2.0,0.0,0.933523952960968,0.6182944178581238,0.6516575813293457,0.26821744441986084,0.671502947807312,0.16312965750694275,0.3514070212841034,0.07855255156755447,0.3024331331253052
2280,-18.6664,-12.343,-31.0094,-16.5312,-19.5781,2.0,0.0,0.8804838061332703,0.5355026125907898,0.6849403381347656,0.2941671311855316,0.5844494104385376,0.18959887325763702,0.3081856369972229,0.1205301582813263,0.27720770239830017
2285,-19.1668,-12.4566,-31.6234,-17.5,-19.1641,2.0,0.0,0.8999073505401611,0.520139217376709,0.6409982442855835,0.2721269726753235,0.6339285969734192,0.16775497794151306,0.3126554787158966,0.10902518779039383,0.3060867488384247
2290,-18.8465,-11.2516,-30.098,-15.6719,-19.3516,2.0,0.0,0.9053285717964172,0.5567512512207031,0.724548876285553,0.3822852075099945,0.6491815447807312,0.2188277393579483,0.34312811493873596,0.11415578424930573,0.2194107621908188
2295,-19.8566,-10.9844,-30.841,-18.2266,-18.1094,2.0,0.0,0.9263332486152649,0.5282012224197388,0.8023499846458435,0.3788698613643646,0.702752947807312,0.18730565905570984,0.35696518421173096,0.09262282401323318,0.2586287260055542
2300,-17.2617,-11.8195,-29.0812,-13.9375,-17.2656,2.0,0.0,0.8837039470672607,0.4588235318660736,0.8047528862953186,0.4136205315589905,0.6982886791229248,0.2657027244567871,0.30725279450416565,0.14392879605293274,0.1786380559206009
2305,-17.3191,-12.1605,-29.4797,-13.7812,-18.8438,2.0,0.0,0.8939346075057983,0.4792785942554474,0.7659685611724854,0.356292188167572,0.609375,0.24735696613788605,0.3038712739944458,0.14847636222839355,0.19581778347492218
2310,-15.0164,-13.425,-28.4414,-11.5469,-17.8984,2.0,0.0,0.841384768486023,0.38874882459640503,0.7695906162261963,0.328963965177536,0.554315447807312,0.29528141021728516,0.2466573417186737,0.19939365983009338,0.15418998897075653
2315,-14.2164,-13.9316,-28.148,-11.0078,-18.7422,2.0,0.0,0.840931236743927,0.3939448297023773,0.7128510475158691,0.2878514230251312,0.5107886791229248,0.31887438893318176,0.216962069272995,0.2089940905570984,0.15069185197353363
2320,-13.159,-14.6109,-27.7699,-9.4688,-16.9688,2.0,0.0,0.8049749135971069,0.3402777910232544,0.7417402863502502,0.2445918619632721,0.4542410671710968,0.3328280448913574,0.19029851257801056,0.237639918923378,0.1347559094429016
2325,-13.2152,-15.3621,-28.5773,-10.8594,-17.0469,2.0,0.0,0.7705788612365723,0.32492706179618835,0.6858494877815247,0.22096657752990723,0.3936011791229248,0.29275497794151306,0.18648943305015564,0.2546253204345703,0.16165266931056976
2330,-12.2289,-15.7727,-28.0016,-9.2188,-18.2188,1.9856,0.0,0.7681469321250916,0.3335556983947754,0.6492161154747009,0.2184719294309616,0.3325892984867096,0.30896300077438354,0.17479011416435242,0.28509795665740967,0.12667132914066315
2335,-12.3688,-16.9801,-29.3488,-9.4766,-21.3594,1.9408,0.0,0.7307381629943848,0.305005818605423,0.5306973457336426,0.17787839472293854,0.347470223903656,0.2406327724456787,0.16693873703479767,0.3076803386211395,0.18027052283287048
2340,-13.9898,-15.6176,-29.6074,-12.0703,-18.5859,1.9068,0.0,0.7478330731391907,0.37475576996803284,0.6288209557533264,0.20587120950222015,0.386904776096344,0.24214863777160645,0.19892723858356476,0.24922263622283936,0.20522387325763702
2345,-12.582,-15.5258,-28.1078,-10.2891,-16.7344,1.915,0.0,0.7489818334579468,0.3392050564289093,0.6895125508308411,0.20887938141822815,0.3995535671710968,0.314948707818985,0.17210820317268372,0.26313742995262146,0.14532804489135742
2350,-13.0004,-14.3328,-27.3332,-8.6875,-17.5,1.8681,0.0,0.8299825191497803,0.3382170796394348,0.7812551856040955,0.2747940719127655,0.3761160671710968,0.3557213842868805,0.18835510313510895,0.2334810346364975,0.11796486377716064
2355,-12.4375,-14.2902,-26.7277,-8.0938,-17.0234,1.8431,0.0,0.86076819896698,0.28659936785697937,0.795717179775238,0.2357253134250641,0.3716517984867096,0.39668843150138855,0.16938744485378265,0.22870025038719177,0.1007462665438652
2360,-13.2402,-12.9367,-26.177,-9.0625,-15.2266,1.8122,0.0,0.9056175947189331,0.36556369066238403,0.8547114729881287,0.27226343750953674,0.5290178656578064,0.4282882511615753,0.19616760313510895,0.18726679682731628,0.08379974961280823
2365,-12.4879,-13.852,-26.3398,-7.9453,-16.4062,1.7929,0.0,0.8864600658416748,0.2714870274066925,0.822545051574707,0.2375105768442154,0.443452388048172,0.42140859365463257,0.17094215750694275,0.21136504411697388,0.09180659055709839
2370,-12.2289,-15.6473,-27.8762,-7.9531,-18.0312,1.7466,0.0,0.8258203864097595,0.19256120920181274,0.7186073064804077,0.17431457340717316,0.3199404776096344,0.32334423065185547,0.1651119440793991,0.2723880708217621,0.1346781700849533
2375,-12.4379,-14.6691,-27.107,-7.5469,-17.8828,1.6869,0.0,0.8766719102859497,0.21062065660953522,0.7520370483398438,0.23308536410331726,0.390625,0.3690531849861145,0.17346858978271484,0.24327580630779266,0.10972481220960617
2380,-11.7242,-13.673,-25.3973,-8.1094,-15.3281,1.6393,0.0,0.9284507036209106,0.19613878428936005,0.8197954893112183,0.19752421975135803,0.4222470223903656,0.48293688893318176,0.1389147937297821,0.20145367085933685,0.07221703976392746
2385,-11.7895,-13.7758,-25.5652,-8.2891,-15.0391,1.5911,0.0,0.9255967140197754,0.1461581289768219,0.829992413520813,0.16119402647018433,0.4735863208770752,0.4722481369972229,0.13961443305015564,0.20553483068943024,0.078125
2390,-10.6965,-15.7168,-26.4133,-6.7578,-17.7734,1.5216,0.0,0.8568601608276367,0.10767246782779694,0.6966292262077332,0.11493288725614548,0.3125,0.41246891021728516,0.12056902796030045,0.26982274651527405,0.09266169369220734
2395,-10.7742,-17.4738,-28.248,-6.0234,-20.6953,1.4426,0.0,0.8159395456314087,0.09662122279405594,0.5515804290771484,0.10493119060993195,0.261532723903656,0.29310479760169983,0.13114117085933685,0.3357042968273163,0.1355721354484558
2400,-10.7941,-17.3133,-28.1074,-5.0859,-21.8672,1.3583,0.0,0.8296861052513123,0.11537232249975204,0.521302342414856,0.1453997790813446,0.2734375,0.31082865595817566,0.12161847203969955,0.3211287260055542,0.14194652438163757
2405,-12.0094,-19.0289,-31.0383,-8.7109,-22.1172,1.2838,0.0,0.7879882454872131,0.07409732788801193,0.4116424024105072,0.10874704271554947,0.2150297611951828,0.17214708030223846,0.12379508465528488,0.3365205228328705,0.26305970549583435
2410,-8.934,-20.6281,-29.5621,-5.9531,-23.0156,1.2241,0.0,0.7468627691268921,0.07618650794029236,0.31770560145378113,0.09231145679950714,0.182663694024086,0.19822761416435242,0.09336131811141968,0.44519588351249695,0.15873755514621735
2415,-10.8777,-19.6316,-30.5094,-12.5312,-16.375,1.118,0.0,0.7282790541648865,0.1479181945323944,0.35846903920173645,0.1222543865442276,0.176711305975914,0.18610075116157532,0.10642102360725403,0.37472793459892273,0.2282727062702179
2420,-13.2117,-14.8746,-28.0863,-13.75,-11.125,1.081,0.0,0.8747665882110596,0.30758988857269287,0.6447817087173462,0.22159922122955322,0.408110111951828,0.3330223858356476,0.175139918923378,0.22792288661003113,0.15943719446659088
2425,-14.8531,-12.8,-27.6531,-16.3359,-10.8281,1.1046,0.0,0.8881080150604248,0.4067370593547821,0.765366792678833,0.3750700354576111,0.597842276096344,0.34841418266296387,0.2319263070821762,0.176422581076622,0.1387593299150467
2430,-13.2023,-16.9605,-30.1629,-13.8984,-14.4844,1.0941,0.0,0.768150269985199,0.19370819628238678,0.5323050022125244,0.17968498170375824,0.379092276096344,0.22967195510864258,0.1569107621908188,0.2671020030975342,0.24183768033981323
2435,-14.1531,-18.9895,-33.1426,-17.5625,-14.6328,1.0762,0.0,0.6771904826164246,0.13934680819511414,0.3762177526950836,0.12168361991643906,0.2377232164144516,0.10956934094429016,0.12496113032102585,0.2712997496128082,0.38969215750694275
2440,-11.8754,-21.8281,-33.7035,-15.0078,-20.3516,1.0808,0.0,0.5375536680221558,0.046124279499053955,0.22675490379333496,0.046258896589279175,0.1101190447807312,0.07245025038719177,0.060673195868730545,0.3582478165626526,0.4041511118412018
2445,-15.0359,-21.2445,-36.2805,-19.7344,-18.1172,1.0801,0.0,0.4223706126213074,0.05508798733353615,0.1562655121088028,0.04584906995296478,0.1037946417927742,0.02328202687203884,0.050800684839487076,0.23480254411697388,0.5866371393203735
2450,-15.0891,-21.2777,-36.3668,-19.6641,-18.6094,1.1079,0.0223,0.4089506268501282,0.06384814530611038,0.14092370867729187,0.04738284647464752,0.0892857164144516,0.0251865666359663,0.045048195868730545,0.22974969446659088,0.5955379605293274
2455,-15.4246,-21.4715,-36.8961,-19.3281,-19.7969,1.1328,0.069,0.3959183692932129,0.02557544782757759,0.11051462590694427,0.031101062893867493,0.0747767835855484,0.019045397639274597,0.03039490059018135,0.2099657952785492,0.6361162662506104
2460,-15.0992,-21.5551,-36.6543,-19.2344,-20.3594,1.1631,0.1027,0.5123674869537354,0.019512195140123367,0.1192341148853302,0.025143001228570938,0.098586305975914,0.021999377757310867,0.03187188878655434,0.223297581076622,0.618353545665741
2465,-14.6016,-22.1238,-36.7254,-19.1719,-20.1797,1.1703,0.1558,0.4592074453830719,0.017057569697499275,0.07856106013059616,0.015680862590670586,0.0625,0.01667444035410881,0.01822916604578495,0.24094371497631073,0.6196750402450562
2470,-14.3117,-21.4309,-35.7426,-18.3281,-20.5781,1.1973,0.1988,0.5872548818588257,0.03460514545440674,0.1749962419271469,0.036191146820783615,0.0822172611951828,0.03964552283287048,0.043804414570331573,0.25897854566574097,0.5530939102172852
2475,-11.0098,-20.9918,-32.0016,-12.3984,-22.3828,1.1403,0.2349,0.7044472098350525,0.09517177194356918,0.26630160212516785,0.08539874106645584,0.1227678582072258,0.12585510313510895,0.08372201770544052,0.38327890634536743,0.3026663661003113
2480,-13.0238,-20.7922,-33.816,-16.8047,-20.9531,1.1028,0.2578,0.6767386198043823,0.07067137956619263,0.2607346773147583,0.0690729171037674,0.120163694024086,0.08104011416435242,0.07699782401323318,0.31319963932037354,0.42428481578826904
2485,-10.4102,-18.5746,-28.9848,-6.8281,-21.6406,1.0432,0.2618,0.7886720895767212,0.1653943955898285,0.417986661195755,0.17738303542137146,0.198288694024086,0.24498601257801056,0.12220149487257004,0.3729788661003113,0.1553560346364975
2490,-11.2867,-16.1406,-27.4273,-7.3984,-18.5547,0.9718,0.1845,0.8553599119186401,0.20843952894210815,0.5845307111740112,0.23769429326057434,0.2421875,0.3488028645515442,0.13724346458911896,0.2894511818885803,0.12002487480640411
2495,-12.0289,-18.2633,-30.2922,-9.5234,-19.6016,0.8908,0.116,0.8306959271430969,0.15144704282283783,0.43209436535835266,0.14515577256679535,0.1945684552192688,0.2038635015487671,0.13833178579807281,0.3262593150138855,0.22706778347492218
2500,-11.1102,-15.9734,-27.0836,-6.6172,-19.0156,0.8272,0.0296,0.8887837529182434,0.2332431674003601,0.5702309012413025,0.20827633142471313,0.2220982164144516,0.36975279450416565,0.1293143630027771,0.2828047275543213,0.11365050077438354
2505,-10.9594,-14.8746,-25.834,-7.9531,-15.125,0.7521,0.0,0.9041837453842163,0.26855894923210144,0.6680711507797241,0.25189679861068726,0.2224702388048172,0.4450015425682068,0.12461131811141968,0.24906715750694275,0.07684235274791718
2510,-11.7922,-15.1438,-26.9359,-7.8984,-16.6875,0.7023,0.0,0.9181280732154846,0.20610487461090088,0.6689497828483582,0.2067868560552597,0.2399553507566452,0.38121891021728516,0.14898166060447693,0.255363792181015,0.10995802283287048
2515,-11.5262,-14.1875,-25.7137,-8.9609,-13.2031,0.6385,0.0,0.9327477812767029,0.20571598410606384,0.7607629299163818,0.24628545343875885,0.2611607015132904,0.4646688401699066,0.13055814802646637,0.21396921575069427,0.08632618188858032
2520,-12.3996,-14.427,-26.8266,-8.4453,-15.2656,0.6013,0.0,0.9318808913230896,0.2300628274679184,0.7369760870933533,0.21326352655887604,0.284970223903656,0.3942786157131195,0.16083644330501556,0.22905005514621735,0.11135727912187576
2525,-11.9402,-14.0297,-25.9699,-7.9688,-15.5156,0.5536,0.0,0.939641535282135,0.2330886274576187,0.774901807308197,0.21766279637813568,0.290922611951828,0.4423973858356476,0.14824315905570984,0.21773943305015564,0.08714241534471512
2530,-11.8164,-14.0559,-25.8723,-9.2578,-13.7578,0.4955,0.0,0.9352431893348694,0.23602820932865143,0.7605506181716919,0.20055197179317474,0.3151041567325592,0.45316386222839355,0.14326803386211395,0.2145911008119583,0.08449938148260117
2535,-11.1875,-14.6961,-25.8836,-7.1484,-16.8047,0.4351,0.0,0.9232046008110046,0.24032403528690338,0.6944534182548523,0.18067023158073425,0.2429315447807312,0.4448849558830261,0.129547581076622,0.2410603165626526,0.08002953976392746
2540,-11.3367,-14.5863,-25.923,-8.1406,-15.0312,0.3732,0.0,0.9184768199920654,0.2663578391075134,0.6829668283462524,0.2065063714981079,0.2961309552192688,0.4419698417186737,0.13425062596797943,0.23686255514621735,0.0824393630027771
2545,-12.5496,-13.8926,-26.4422,-9.6172,-13.3203,0.3242,0.0,0.94317227602005,0.2836100161075592,0.7560439705848694,0.2254224270582199,0.3311011791229248,0.415850430727005,0.16623911261558533,0.21222014725208282,0.10121268779039383
2550,-12.4215,-13.6672,-26.0887,-9.1328,-13.6562,0.2877,0.0,0.9406639337539673,0.3030303120613098,0.756597101688385,0.23830825090408325,0.3567708432674408,0.44608986377716064,0.15648320317268372,0.19737251102924347,0.09557680040597916
2555,-14.0363,-12.3512,-26.3875,-11.0312,-11.9453,0.2639,0.0,0.9602758884429932,0.3933085501194,0.8373137712478638,0.30751174688339233,0.515252947807312,0.4226912260055542,0.20911069214344025,0.16437344253063202,0.09934701770544052
2560,-12.3621,-13.6008,-25.9629,-9.7734,-13.6172,0.2416,0.0,0.9399654269218445,0.28744739294052124,0.7812195420265198,0.22876949608325958,0.3727678656578064,0.4493159055709839,0.1569885015487671,0.19951026141643524,0.08970770984888077
2565,-11.3328,-15.077,-26.4098,-8.5234,-14.5,0.1851,0.0,0.9130474328994751,0.18196354806423187,0.6710717082023621,0.1403825283050537,0.3043154776096344,0.42510107159614563,0.12154073268175125,0.24117693305015564,0.10770367085933685
2570,-11.8262,-14.0598,-25.8859,-8.6094,-14.1172,0.1204,0.0,0.9343103170394897,0.25063008069992065,0.7427880167961121,0.1988130509853363,0.3422619104385376,0.456195592880249,0.13879819214344025,0.20883862674236298,0.09168998897075653
2575,-12.3875,-14.0012,-26.3887,-9.1797,-14.1016,0.0639,0.0,0.9333515763282776,0.2503689229488373,0.7383143305778503,0.17085427045822144,0.4341517984867096,0.42572295665740967,0.158037930727005,0.21120958030223846,0.10055192559957504
2580,-12.6297,-13.2039,-25.8336,-9.9766,-13.0469,0.0315,0.0,0.9425287246704102,0.2866257131099701,0.8115546107292175,0.23465703427791595,0.4717261791229248,0.4598880708217621,0.16449004411697388,0.18501244485378265,0.08613184094429016
2585,-12.6938,-13.2211,-25.9148,-9.5938,-13.4375,0.0,0.0,0.9395788311958313,0.30677008628845215,0.802179753780365,0.23907342553138733,0.4639136791229248,0.4522310197353363,0.16534514725208282,0.18901586532592773,0.08893034607172012
2590,-13.7484,-12.177,-25.9254,-10.8359,-12.3828,0.0,0.0,0.9565590023994446,0.38319751620292664,0.8521391153335571,0.30613166093826294,0.5915178656578064,0.4536302983760834,0.20032648742198944,0.1553560346364975,0.08620958030223846
2595,-12.9719,-12.918,-25.8898,-10.1094,-13.4609,0.0,0.0,0.9487400054931641,0.3151818811893463,0.8059828877449036,0.2530345618724823,0.5282738208770752,0.4519200921058655,0.17844371497631073,0.18190298974514008,0.0832555964589119
2600,-12.748,-12.5969,-25.3449,-9.9062,-12.0625,0.0,0.0,0.962394118309021,0.29845866560935974,0.8394538760185242,0.2645024061203003,0.5409226417541504,0.4909437298774719,0.1664334535598755,0.1651119440793991,0.07303327322006226
2605,-12.7215,-13.0262,-25.7477,-9.1094,-13.7969,0.0,0.0,0.943295955657959,0.2653545141220093,0.8223887085914612,0.23348213732242584,0.5598958134651184,0.4681669771671295,0.1639070212841034,0.17638370394706726,0.08706467598676682
2610,-12.9801,-13.0445,-26.0246,-10.0156,-12.4531,0.0,0.0,0.9523075819015503,0.27529358863830566,0.8088072538375854,0.2149958610534668,0.5483630895614624,0.4539412260055542,0.17210820317268372,0.17564521729946136,0.0938277393579483
2615,-13.6254,-12.0539,-25.6793,-10.2812,-13.0,0.0,0.0,0.9495882987976074,0.3813019096851349,0.8704162240028381,0.3111688196659088,0.6476934552192688,0.46260884404182434,0.20122045278549194,0.15687188506126404,0.07482120394706726
2620,-12.9539,-12.0281,-24.982,-9.8672,-12.2109,0.0,0.0,0.9687880873680115,0.3487064242362976,0.8710016012191772,0.3136778175830841,0.6071428656578064,0.5105721354484558,0.1727689653635025,0.14824315905570984,0.06393811851739883
2625,-13.9137,-11.6004,-25.5141,-11.4609,-11.4141,0.0,0.0,0.9724987745285034,0.4064160883426666,0.8776359558105469,0.3521421253681183,0.6555059552192688,0.47629043459892273,0.2047574669122696,0.14008083939552307,0.07439365983009338
2630,-13.8547,-11.8883,-25.743,-10.1797,-12.3828,0.0,0.0,0.9698416590690613,0.3846004903316498,0.8764550089836121,0.2827298045158386,0.6432291865348816,0.46396923065185547,0.20090951025485992,0.14692163467407227,0.08372201770544052
2635,-13.2055,-12.0277,-25.2332,-9.9844,-12.4688,0.0,0.0,0.9614807963371277,0.40097230672836304,0.8616048693656921,0.331374853849411,0.5569196343421936,0.4924207031726837,0.18388526141643524,0.15306280553340912,0.06615360826253891
2640,-12.5031,-13.3105,-25.8137,-8.9609,-13.9531,0.0,0.0,0.9496101140975952,0.275042861700058,0.7831932902336121,0.20660792291164398,0.4821428656578064,0.46358054876327515,0.1586986929178238,0.18501244485378265,0.08823072165250778
2645,-12.775,-13.2227,-25.9977,-9.3984,-13.3828,0.0,0.0,0.9406853318214417,0.2827896475791931,0.7943407893180847,0.23198197782039642,0.5200892686843872,0.44690608978271484,0.1727689653635025,0.18956001102924347,0.08628731220960617
2650,-13.0078,-12.9809,-25.9887,-9.5234,-12.9219,0.0,0.0,0.9477721452713013,0.29712387919425964,0.8222222328186035,0.21795952320098877,0.550595223903656,0.4509872496128082,0.17568407952785492,0.17665578424930573,0.09219527244567871
2655,-13.2262,-12.4363,-25.6625,-9.8594,-13.4219,0.0,0.0,0.9522780179977417,0.37080076336860657,0.8430674076080322,0.26802128553390503,0.5591517686843872,0.4675062298774719,0.18396300077438354,0.16371268033981323,0.08034048229455948
2660,-13.334,-12.2816,-25.6156,-10.1562,-12.5469,0.0,0.0,0.9555938839912415,0.36012527346611023,0.8683887124061584,0.25724276900291443,0.5866815447807312,0.47353076934814453,0.18617847561836243,0.15799906849861145,0.07781405746936798
2665,-14.6629,-10.6258,-25.2887,-13.3594,-10.8516,0.0,0.0,0.9735711216926575,0.5208131670951843,0.9448208808898926,0.3494318127632141,0.7529761791229248,0.47943875193595886,0.24090485274791718,0.12045242637395859,0.05472636967897415
2670,-15.4391,-10.5465,-25.9855,-13.6172,-10.7109,0.0261,0.0,0.978984534740448,0.5368670225143433,0.9276468753814697,0.3228952884674072,0.750372052192688,0.4401819109916687,0.2625155448913574,0.1171097606420517,0.07571517676115036
2675,-16.2445,-9.9363,-26.1809,-14.5078,-10.2891,0.0868,0.0,0.9860324859619141,0.5843802690505981,0.9337635636329651,0.39741426706314087,0.7782738208770752,0.4118470251560211,0.30010107159614563,0.11442785710096359,0.06914645433425903
2680,-16.6863,-10.0406,-26.727,-15.1719,-10.25,0.1492,0.0,0.978178083896637,0.5850750207901001,0.9267116785049438,0.4048076868057251,0.7313988208770752,0.3776041567325592,0.3161536157131195,0.12091884016990662,0.08084577322006226
2685,-14.8164,-11.0254,-25.8418,-12.2969,-11.0547,0.178,0.0,0.9804650545120239,0.47545763850212097,0.9147472381591797,0.3329923152923584,0.6997767686843872,0.44966572523117065,0.23993314802646637,0.12993626296520233,0.07598724961280823
2690,-15.666,-10.4078,-26.0738,-13.0938,-10.9844,0.2146,0.0,0.9804760813713074,0.527025043964386,0.9157322645187378,0.4178878366947174,0.7589285969734192,0.43598413467407227,0.2682291567325592,0.11438899487257004,0.07692008465528488
2695,-14.4793,-11.0434,-25.5227,-11.2578,-11.3516,0.2561,0.0,0.9788848757743835,0.4431147873401642,0.9228901267051697,0.3510953187942505,0.7421875,0.47123757004737854,0.23060478270053864,0.12803171575069427,0.06564831733703613
2700,-13.6406,-11.6156,-25.2563,-10.4766,-11.8125,0.2506,0.0,0.9716328978538513,0.3769322335720062,0.8904533982276917,0.30751311779022217,0.7094494104385376,0.494636207818985,0.1961287260055542,0.1380208283662796,0.0667366310954094
2705,-14.4582,-10.673,-25.1313,-11.0938,-11.2109,0.2433,0.0,0.9870662689208984,0.452176958322525,0.9320083856582642,0.4049318730831146,0.7987351417541504,0.5018656849861145,0.22228699922561646,0.11147388070821762,0.0598958320915699
2710,-15.1492,-10.8227,-25.9719,-11.4766,-11.2656,0.2614,0.0,0.9804231524467468,0.4475341737270355,0.9227667450904846,0.3966597020626068,0.7864583134651184,0.44274720549583435,0.2529928386211395,0.12531094253063202,0.07447139173746109
2715,-15.2383,-10.6398,-25.8781,-12.4609,-10.2812,0.298,0.0,0.9840020537376404,0.44791826605796814,0.933419942855835,0.4021739065647125,0.831845223903656,0.4494713842868805,0.25485852360725403,0.11967506259679794,0.07151741534471512
2720,-13.2301,-11.2859,-24.516,-10.2656,-11.0391,0.3092,0.0,0.9827244281768799,0.34648141264915466,0.9320452809333801,0.3360881507396698,0.7682291865348816,0.5489738583564758,0.1734297275543213,0.11668221652507782,0.05643656849861145
2725,-13.641,-11.6547,-25.2957,-10.3203,-11.4922,0.2888,0.0,0.9833812117576599,0.29925650358200073,0.9348989129066467,0.2733776271343231,0.745907723903656,0.500505268573761,0.18819962441921234,0.13075248897075653,0.07606498897075653
2730,-14.0629,-10.9105,-24.9734,-10.6797,-11.125,0.2897,0.0,0.9883579611778259,0.4013279378414154,0.9651046991348267,0.29788684844970703,0.8188244104385376,0.5108053684234619,0.21074315905570984,0.11695428937673569,0.057019591331481934
2735,-13.8562,-11.0461,-24.9023,-10.8125,-10.6016,0.2809,0.0,0.9899985194206238,0.36886367201805115,0.9596336483955383,0.2934851348400116,0.8218005895614624,0.5207555890083313,0.1987328976392746,0.1145833358168602,0.06145055964589119
2740,-13.7684,-11.1949,-24.9633,-10.7578,-11.0859,0.2761,0.0,0.9909365773200989,0.3317619264125824,0.9491525292396545,0.27243995666503906,0.8426339030265808,0.5146144032478333,0.19787779450416565,0.12154073268175125,0.06148942932486534
2745,-12.8035,-11.6293,-24.4328,-10.1328,-11.0703,0.2623,0.0,0.9862117171287537,0.25486284494400024,0.9443221092224121,0.22401073575019836,0.7570684552192688,0.5581467747688293,0.15586131811141968,0.12356188148260117,0.05795242637395859
2750,-12.823,-12.0273,-24.8504,-9.9375,-11.3438,0.2311,0.0,0.9848507046699524,0.2332230657339096,0.9226337671279907,0.17044757306575775,0.7083333134651184,0.5259639024734497,0.16449004411697388,0.1416744440793991,0.0633939653635025
2755,-12.9332,-11.4156,-24.3488,-10.0938,-10.8906,0.204,0.0,0.9896949529647827,0.281494140625,0.929729700088501,0.2072829157114029,0.8191964030265808,0.5657649040222168,0.15920397639274597,0.11504974961280823,0.0555037297308445
2760,-14.1598,-10.5973,-24.757,-11.6562,-10.4844,0.2017,0.0,0.9935636520385742,0.40654894709587097,0.9696081876754761,0.3687315583229065,0.8820684552192688,0.5253809094429016,0.21128731966018677,0.10614894330501556,0.052705224603414536
2765,-14.4793,-10.4469,-24.9262,-11.6719,-10.0781,0.2163,0.0,0.9920066595077515,0.43706169724464417,0.9621439576148987,0.33546552062034607,0.913690447807312,0.5154306888580322,0.22170397639274597,0.10370025038719177,0.0546875
2770,-13.3121,-11.0891,-24.4012,-10.6641,-11.0859,0.2053,0.0,0.991886556148529,0.34330910444259644,0.942353367805481,0.2025827318429947,0.8735119104385376,0.5509172677993774,0.18182525038719177,0.11462219804525375,0.04815765097737312
2775,-12.9383,-11.4102,-24.3484,-10.0469,-11.1016,0.1791,0.0,0.9885619878768921,0.288634717464447,0.9337127804756165,0.1921733021736145,0.8247767686843872,0.5640935897827148,0.15970925986766815,0.11609919369220734,0.055620335042476654
2780,-12.6395,-11.8063,-24.4457,-10.2188,-10.7812,0.149,0.0,0.9872491359710693,0.24146714806556702,0.9121147394180298,0.13400673866271973,0.7767857313156128,0.5578358173370361,0.1525963991880417,0.1273709535598755,0.057719215750694275
2785,-12.4469,-12.1152,-24.5621,-9.8125,-11.5938,0.1121,0.0,0.9783848524093628,0.211282879114151,0.8922104239463806,0.1101137027144432,0.7689732313156128,0.5520444512367249,0.1433068960905075,0.13522233068943024,0.06494869291782379
2790,-12.5129,-11.8496,-24.3625,-9.8828,-10.9609,0.0732,0.0,0.9815321564674377,0.21600665152072906,0.9112090468406677,0.1341090053319931,0.8125,0.5682525038719177,0.14035291969776154,0.12344527244567871,0.0634717047214508
2795,-12.6234,-12.743,-25.3664,-10.2031,-11.8203,0.0348,0.0,0.9697437286376953,0.1568828523159027,0.876379132270813,0.07972665131092072,0.7299107313156128,0.50357586145401,0.15162469446659088,0.15500621497631073,0.08531560748815536
2800,-12.5516,-12.0723,-24.6238,-9.9375,-11.2969,0.0,0.0,0.9787158370018005,0.19137749075889587,0.9183025360107422,0.10971973836421967,0.7909226417541504,0.5478466749191284,0.14785447716712952,0.13463930785655975,0.0651819035410881
2805,-12.8883,-11.3543,-24.2426,-9.9766,-10.8438,0.0,0.0,0.9893262386322021,0.2830374836921692,0.9334712028503418,0.15065501630306244,0.8694196343421936,0.5717117786407471,0.15764924883842468,0.11275652796030045,0.05340484902262688
2810,-14.1871,-10.4617,-24.6488,-11.6797,-10.3438,0.0,0.0,0.992223858833313,0.4577646553516388,0.9665629863739014,0.23250389099121094,0.910342276096344,0.53482586145401,0.21074315905570984,0.09996890276670456,0.04998445138335228
2815,-13.7074,-10.8445,-24.552,-10.8828,-10.4844,0.0,0.0,0.9913503527641296,0.3958459496498108,0.9439184069633484,0.2080237716436386,0.9002976417541504,0.5437266826629639,0.19274720549583435,0.10673196613788605,0.05231654271483421
2820,-13.4762,-11.498,-24.9742,-10.7578,-10.8047,0.0,0.0,0.9780022501945496,0.3487499952316284,0.9206545352935791,0.1473105102777481,0.832217276096344,0.5194729566574097,0.18656715750694275,0.1258939653635025,0.06358830630779266
2825,-13.1254,-11.2316,-24.357,-10.3203,-10.9062,0.0,0.0,0.9805123209953308,0.3385150730609894,0.9336143136024475,0.166054368019104,0.8843005895614624,0.5644434094429016,0.16752175986766815,0.11065764725208282,0.0528995655477047
2830,-14.3465,-10.6902,-25.0367,-11.5234,-10.8672,0.0,0.0,0.9885931611061096,0.4289177358150482,0.947473406791687,0.23357664048671722,0.9129464030265808,0.5008939504623413,0.22446362674236298,0.11691541969776154,0.05324937775731087
2835,-15.3543,-10.0902,-25.4445,-12.7422,-10.7031,0.0073,0.0,0.9880214929580688,0.5284349918365479,0.9540272355079651,0.30545711517333984,0.9017857313156128,0.47049906849861145,0.2644978165626526,0.10568252205848694,0.05484297126531601
2840,-16.5809,-9.7383,-26.3191,-14.0469,-10.5078,0.0517,0.0,0.9878852367401123,0.5778212547302246,0.9683098793029785,0.2818555533885956,0.8965773582458496,0.4010416567325592,0.31790268421173096,0.11038557440042496,0.06619247794151306
2845,-15.4316,-10.1898,-25.6215,-12.8203,-11.0391,0.104,0.0,0.9891901016235352,0.5231788158416748,0.9557076096534729,0.28211432695388794,0.8883928656578064,0.46023786067962646,0.26410913467407227,0.10793688148260117,0.06323849409818649
2850,-17.1324,-8.8578,-25.9902,-15.5938,-9.2422,0.1627,0.0,0.9932557344436646,0.6651843190193176,0.9762651324272156,0.3456189036369324,0.922247052192688,0.42070895433425903,0.3321284055709839,0.08679260313510895,0.05589241161942482
2855,-17.157,-8.9094,-26.0664,-15.8125,-8.6172,0.2663,0.0,0.992268979549408,0.6565349698066711,0.9746606349945068,0.366233766078949,0.9281994104385376,0.41728857159614563,0.33247822523117065,0.08589863032102585,0.05985696613788605
2860,-15.3148,-9.9852,-25.3,-13.1562,-10.1562,0.3222,0.0,0.9885393977165222,0.5548310875892639,0.9490106701850891,0.29243203997612,0.9002976417541504,0.4781949520111084,0.2622823417186737,0.10214552283287048,0.0528995655477047
2865,-14.0711,-11.009,-25.0801,-11.0625,-11.0625,0.3293,0.0,0.9845905900001526,0.4192293584346771,0.9391046762466431,0.20576922595500946,0.8377976417541504,0.5069962739944458,0.2098103165626526,0.1180814653635025,0.06063432991504669
2870,-14.0117,-10.4258,-24.4375,-11.1953,-10.8672,0.3222,0.0,0.9873453974723816,0.4647597670555115,0.9522305727005005,0.26831501722335815,0.9296875,0.5467195510864258,0.20790578424930573,0.09845304489135742,0.042444031685590744
2875,-13.8973,-10.7355,-24.6328,-10.4375,-11.1875,0.3276,0.0,0.9830975532531738,0.4242018759250641,0.9541350603103638,0.22868525981903076,0.910342276096344,0.5357975959777832,0.20331934094429016,0.10762593150138855,0.04877953976392746
2880,-14.107,-11.1141,-25.2211,-10.8359,-10.7422,0.3183,0.0,0.9858250617980957,0.39554575085639954,0.9371446371078491,0.22727273404598236,0.8325892686843872,0.49630752205848694,0.21117070317268372,0.12305659055709839,0.06498756259679794
2885,-13.759,-11.2395,-24.9984,-10.0859,-11.6328,0.3146,0.0,0.9816170930862427,0.4084891080856323,0.907975435256958,0.2118644118309021,0.800967276096344,0.5095615386962891,0.1996268630027771,0.1267102062702179,0.059623755514621735
2890,-13.0988,-11.6785,-24.7773,-10.1094,-11.375,0.3053,0.0,0.9768882989883423,0.32837167382240295,0.8838186860084534,0.15971776843070984,0.8076636791229248,0.5331156849861145,0.17234142124652863,0.1294698417186737,0.06059546023607254
2895,-12.6793,-12.1742,-24.8535,-9.6172,-12.0312,0.274,0.0,0.9689882397651672,0.27400583028793335,0.8659381866455078,0.13551118969917297,0.757440447807312,0.5251476764678955,0.16029228270053864,0.1458333283662796,0.06424906849861145
2900,-12.5961,-11.8555,-24.4516,-9.8047,-11.5625,0.24,0.0,0.9755385518074036,0.27454546093940735,0.8901098966598511,0.12007874250411987,0.800595223903656,0.5593128204345703,0.14964240789413452,0.12733209133148193,0.05923507362604141
2905,-12.6246,-11.8805,-24.5051,-9.8047,-11.1875,0.2025,0.0,0.9765586853027344,0.2596699297428131,0.8793622255325317,0.11635423451662064,0.8232886791229248,0.5554648637771606,0.15073071420192719,0.12919776141643524,0.06012904271483421
2910,-12.1273,-12.4133,-24.5406,-9.1328,-12.2969,0.1645,0.0,0.9681022763252258,0.19960249960422516,0.83504319190979,0.12144212424755096,0.754092276096344,0.5532104969024658,0.13689365983009338,0.1439676582813263,0.06145055964589119
2915,-11.5695,-13.6918,-25.2613,-8.875,-12.8828,0.1145,0.0,0.9468374252319336,0.14368872344493866,0.7548820376396179,0.07240506261587143,0.582217276096344,0.5008162260055542,0.1268656700849533,0.1910758763551712,0.07676461338996887
2920,-12.3891,-12.198,-24.5871,-9.4922,-11.8594,0.0586,0.0,0.9713515639305115,0.28977730870246887,0.8135499954223633,0.1575949341058731,0.7280505895614624,0.5481187701225281,0.1448616236448288,0.14113028347492218,0.06141168996691704
2925,-12.5523,-12.7457,-25.298,-9.4766,-12.3828,0.024,0.0,0.9667423367500305,0.2527553141117096,0.7716238498687744,0.16227389872074127,0.703125,0.49669620394706726,0.1586986929178238,0.16491760313510895,0.07520988583564758
2930,-13.4023,-11.8191,-25.2215,-10.4062,-11.6016,0.0,0.0,0.9683215618133545,0.3734762370586395,0.841692328453064,0.2019977867603302,0.7712053656578064,0.501826822757721,0.18493470549583435,0.13872045278549194,0.07004041969776154
2935,-13.6754,-10.9461,-24.6215,-10.1172,-11.5234,0.0,0.0,0.9758782982826233,0.4409181773662567,0.9159836173057556,0.28141865134239197,0.8366815447807312,0.5365749597549438,0.19472947716712952,0.11380597203969955,0.050412002950906754
2940,-12.1207,-12.6387,-24.7594,-8.3125,-14.2422,0.0,0.0,0.9466793537139893,0.287350058555603,0.786949098110199,0.1738857477903366,0.7101934552192688,0.5314054489135742,0.1425684094429016,0.15963153541088104,0.06191697716712952
2945,-12.4902,-12.4504,-24.9406,-9.0156,-12.6484,0.0,0.0,0.9595944285392761,0.3026282787322998,0.7945863604545593,0.14600715041160583,0.726934552192688,0.5213775038719177,0.1552782952785492,0.1536458283662796,0.06522077322006226
2950,-12.5211,-12.1566,-24.6777,-9.2734,-12.6719,0.0,0.0,0.9664546251296997,0.3385351002216339,0.808625340461731,0.16721311211585999,0.7172619104385376,0.5376243591308594,0.15442319214344025,0.1442008763551712,0.059273943305015564
2955,-11.6371,-13.3621,-24.9992,-8.0156,-15.0469,0.0,0.0,0.9328403472900391,0.25677233934402466,0.7229785323143005,0.1390274316072464,0.6462053656578064,0.5098724961280823,0.13487251102924347,0.18843284249305725,0.06234452873468399
2960,-12.7441,-12.1113,-24.8555,-9.0859,-12.7656,0.0,0.0,0.9497293829917908,0.3597833812236786,0.8253883123397827,0.19083969295024872,0.7678571343421936,0.5242148637771606,0.16507306694984436,0.14513370394706726,0.06110074743628502
2965,-12.4984,-12.5535,-25.052,-9.2188,-12.3594,0.0,0.0,0.9487471580505371,0.3295622169971466,0.8097431063652039,0.16507747769355774,0.6640625,0.511893630027771,0.158037930727005,0.16037002205848694,0.06522077322006226
2970,-12.5984,-12.718,-25.3164,-8.7266,-13.6719,0.0,0.0,0.9479869604110718,0.32282912731170654,0.791392982006073,0.1350114345550537,0.6774553656578064,0.48946672677993774,0.1665111929178238,0.17160291969776154,0.06794153898954391
2975,-12.8828,-12.2383,-25.1211,-9.4297,-12.2188,0.0,0.0,0.9616184830665588,0.3586346209049225,0.795271635055542,0.15281173586845398,0.7299107313156128,0.5043143630027771,0.17307990789413452,0.1545397937297821,0.06358830630779266
2980,-12.8723,-11.7812,-24.6535,-9.0703,-13.2656,0.0,0.0,0.9590033292770386,0.3735831677913666,0.8275370597839355,0.22024233639240265,0.8072916865348816,0.5366138219833374,0.16802705824375153,0.13634949922561646,0.05453202873468399
2985,-13.3063,-11.6949,-25.0012,-9.875,-12.3828,0.0,0.0,0.9570291638374329,0.388877809047699,0.8480300307273865,0.24094603955745697,0.8147321343421936,0.50291508436203,0.19500155746936798,0.1450171023607254,0.05258861929178238
2990,-14.7684,-10.4723,-25.2406,-10.8672,-11.2188,0.0,0.0,0.9823763966560364,0.509003221988678,0.9035211205482483,0.2680555582046509,0.898809552192688,0.48740673065185547,0.24175995588302612,0.11038557440042496,0.05597015097737312
2995,-14.4332,-10.743,-25.1762,-11.0156,-11.3203,0.0,0.0,0.9791370034217834,0.4695194363594055,0.8903077840805054,0.2979902923107147,0.8828125,0.49183768033981323,0.22889459133148193,0.11870335787534714,0.05608675256371498
3000,-14.6375,-10.3906,-25.0281,-11.0625,-10.8281,0.0051,0.0,0.9871327877044678,0.4942776560783386,0.9202410578727722,0.25290924310684204,0.917782723903656,0.5014381408691406,0.23433613777160645,0.10964708030223846,0.050101056694984436
3005,-13.65,-10.7543,-24.4043,-10.5234,-11.1328,0.0,0.0,0.9870449900627136,0.42953020334243774,0.9202951788902283,0.18347106873989105,0.922247052192688,0.5520444512367249,0.19111473858356476,0.10533270984888077,0.04703047126531601
3010,-13.6215,-10.809,-24.4305,-10.5312,-10.6016,0.0,0.0,0.9810429811477661,0.4317668676376343,0.9134756922721863,0.2006344199180603,0.929315447807312,0.5515391826629639,0.18940454721450806,0.10556592047214508,0.04901275038719177
3015,-13.6406,-10.8914,-24.532,-10.7031,-10.3281,0.0,0.0,0.9866363406181335,0.4126919209957123,0.9164547920227051,0.18065966665744781,0.9077380895614624,0.5467972755432129,0.1898709535598755,0.10700403898954391,0.051850125193595886
3020,-15.3242,-9.9406,-25.2648,-12.0156,-10.375,0.0085,0.0,0.9881229400634766,0.5591787695884705,0.9498816132545471,0.2385643869638443,0.9386160969734192,0.48433613777160645,0.25746268033981323,0.09849191457033157,0.05523165315389633
3025,-14.9559,-9.8805,-24.8363,-12.4531,-9.9453,0.0394,0.0,0.9892497658729553,0.5617048144340515,0.9591836929321289,0.2443082332611084,0.9382440447807312,0.5134094953536987,0.24440298974514008,0.09332244843244553,0.04438743740320206
3030,-15.8793,-9.6602,-25.5395,-12.6406,-10.5547,0.0707,0.0,0.9894656538963318,0.5830142498016357,0.9598610401153564,0.2811127305030823,0.933779776096344,0.4575170874595642,0.28420397639274597,0.10070739686489105,0.05309390649199486
3035,-15.5555,-9.8801,-25.4355,-12.0625,-10.8672,0.1203,0.0,0.9852441549301147,0.5610936880111694,0.951370120048523,0.27419355511665344,0.9404761791229248,0.46886661648750305,0.2729322016239166,0.10070739686489105,0.05301617085933685
3040,-14.0047,-10.516,-24.5207,-10.4844,-11.75,0.1308,0.0,0.982986330986023,0.4701886773109436,0.9493191838264465,0.210977703332901,0.925967276096344,0.5414334535598755,0.20600123703479767,0.10276741534471512,0.04532027244567871
3045,-12.9602,-11.4695,-24.4297,-10.0938,-11.2656,0.1184,0.0,0.9771173596382141,0.3301662802696228,0.9055143594741821,0.14193548262119293,0.8526785969734192,0.5571361780166626,0.16363495588302612,0.1205301582813263,0.05422108247876167
3050,-12.5117,-12.4027,-24.9145,-8.4375,-13.7812,0.0835,0.0,0.9529236555099487,0.2436724603176117,0.8553823232650757,0.09011808782815933,0.8046875,0.5218050479888916,0.15663868188858032,0.1545397937297821,0.06253886967897415
3055,-11.9,-13.1141,-25.0141,-8.1328,-14.6484,0.0381,0.0,0.9398467540740967,0.2095264345407486,0.7941883206367493,0.06978155672550201,0.703497052192688,0.5123989582061768,0.14116916060447693,0.177899569272995,0.06405472755432129
3060,-12.2652,-11.875,-24.1402,-9.1875,-12.5391,0.0,0.0,0.9638268947601318,0.2799127697944641,0.900930643081665,0.06239999830722809,0.8311011791229248,0.5748600959777832,0.14260727167129517,0.1294698417186737,0.0485851988196373
3065,-12.566,-12.5379,-25.1039,-9.0234,-13.2188,0.0,0.0,0.9438623189926147,0.26424622535705566,0.8582600355148315,0.09101516753435135,0.780877947807312,0.5082011818885803,0.16165266931056976,0.15904851257801056,0.06662002205848694
3070,-12.6953,-11.827,-24.5223,-9.3828,-12.125,0.0,0.0,0.9555065035820007,0.32505425810813904,0.9089868068695068,0.10133136063814163,0.828497052192688,0.5459810495376587,0.16118626296520233,0.13580535352230072,0.05254974961280823
3075,-12.6469,-12.4863,-25.1332,-9.2109,-13.1953,0.0,0.0,0.9408627152442932,0.2955930531024933,0.8652278184890747,0.09772182255983353,0.7526041865348816,0.5027984976768494,0.16581156849861145,0.16208022832870483,0.06483209133148193
3080,-13.5754,-11.3465,-24.9219,-9.9531,-11.5,0.0,0.0,0.9693969488143921,0.384799987077713,0.9342507719993591,0.10917941480875015,0.8627232313156128,0.518190324306488,0.1943407952785492,0.12709887325763702,0.05589241161942482
3085,-13.7102,-10.9117,-24.6219,-10.8516,-11.0625,0.0,0.0,0.9814626574516296,0.40856030583381653,0.9477101564407349,0.16912971436977386,0.902529776096344,0.5346704125404358,0.1997823417186737,0.11372823268175125,0.04734141752123833
3090,-12.8891,-11.225,-24.1141,-10.4062,-10.8984,0.0,0.0,0.9763631224632263,0.3769812285900116,0.9314729571342468,0.109375,0.8616071343421936,0.5788246393203735,0.15939831733703613,0.11003576219081879,0.04726368188858032
3095,-13.1414,-10.9266,-24.068,-10.0859,-11.5156,0.0,0.0,0.9773308038711548,0.4244329631328583,0.9530604481697083,0.17202268540859222,0.8656994104385376,0.5778140425682068,0.17307990789413452,0.10350590944290161,0.04112251102924347
3100,-12.8906,-11.4176,-24.3082,-9.6094,-11.7188,0.0,0.0,0.9782369136810303,0.3437650501728058,0.9194079041481018,0.1236802414059639,0.8374255895614624,0.5643656849861145,0.1614583283662796,0.1181592047214508,0.05153917893767357
3105,-12.8344,-11.4703,-24.3047,-9.6797,-11.5312,0.0,0.0,0.975135087966919,0.3273553252220154,0.942638635635376,0.0865834653377533,0.8493303656578064,0.5611785054206848,0.16254663467407227,0.12196828424930573,0.04982898011803627
3110,-13.0391,-11.2777,-24.3168,-9.5391,-11.8828,0.0,0.0,0.9650042057037354,0.4076332449913025,0.9192467331886292,0.10920034348964691,0.8656994104385376,0.5564365386962891,0.17210820317268372,0.12177394330501556,0.04520367085933685
3115,-13.6035,-10.7887,-24.3922,-10.5703,-10.6172,0.0,0.0,0.9751920700073242,0.46225839853286743,0.9395365715026855,0.12010221183300018,0.9159226417541504,0.5515003204345703,0.19103699922561646,0.10735385864973068,0.04563121870160103
3120,-12.9043,-11.7488,-24.6531,-9.6719,-11.875,0.0,0.0,0.9583030343055725,0.3473565876483917,0.8983195424079895,0.07526080310344696,0.8545386791229248,0.5341262221336365,0.1727689653635025,0.1364661008119583,0.052161071449518204
3125,-12.5695,-11.9344,-24.5039,-9.5469,-11.9609,0.0,0.0,0.9552639126777649,0.3038771450519562,0.8908045887947083,0.06355932354927063,0.855282723903656,0.5508395433425903,0.1543843299150467,0.1352611929178238,0.05503731220960617
3130,-12.1734,-12.5859,-24.7594,-9.2656,-12.3359,0.0,0.0,0.9389429092407227,0.2548220455646515,0.8476621508598328,0.06596142053604126,0.785342276096344,0.5353700518608093,0.1430736929178238,0.1546175330877304,0.06246113032102585
3135,-12.6117,-12.1699,-24.7816,-9.6172,-11.6328,0.0,0.0,0.9529755115509033,0.25690335035324097,0.8967567682266235,0.07740717381238937,0.8415178656578064,0.5322994589805603,0.15764924883842468,0.14381219446659088,0.06176150590181351
3140,-13.1379,-10.9359,-24.0738,-10.3281,-10.75,0.0,0.0,0.9800429940223694,0.3795955777168274,0.9374764561653137,0.1442224085330963,0.952752947807312,0.5784359574317932,0.16915422677993774,0.103194959461689,0.04473724961280823
3145,-13.2473,-11.452,-24.6992,-9.9297,-11.8281,0.0,0.0,0.9659454226493835,0.3693132996559143,0.9102205634117126,0.09575234353542328,0.8898809552192688,0.5352922677993774,0.18112562596797943,0.12511660158634186,0.05398787185549736
3150,-12.8477,-11.548,-24.3957,-10.3125,-10.5703,0.0,0.0,0.9785634875297546,0.3088130056858063,0.8998405337333679,0.08592592924833298,0.8802083134651184,0.5584577322006226,0.16274097561836243,0.12185168266296387,0.05247201398015022
3155,-12.2484,-11.8816,-24.1301,-9.6328,-11.5312,0.0,0.0,0.980505108833313,0.23327665030956268,0.8738877177238464,0.05279034748673439,0.8262648582458496,0.5801849961280823,0.1371268630027771,0.12667132914066315,0.05153917893767357
3160,-11.9152,-12.5188,-24.434,-8.7578,-12.9297,0.0,0.0,0.9658090472221375,0.16625386476516724,0.8472411036491394,0.02884012460708618,0.7648809552192688,0.5649875402450562,0.12554416060447693,0.1429959535598755,0.06199471279978752
3165,-12.3508,-12.5828,-24.9336,-9.3359,-12.0781,0.0,0.0,0.9648652672767639,0.2370220273733139,0.8355279564857483,0.04227941110730171,0.738095223903656,0.5221548676490784,0.1534903645515442,0.15644434094429016,0.06343283504247665
3170,-12.3164,-12.668,-24.9844,-9.6484,-11.5938,0.0,0.0,0.9569054841995239,0.18131138384342194,0.8455992341041565,0.03222159296274185,0.8020833134651184,0.5240204930305481,0.14641635119915009,0.1563277393579483,0.06875777244567871
3175,-12.3371,-11.7957,-24.1328,-9.5625,-11.8594,0.0,0.0,0.9693830013275146,0.2426966279745102,0.892268717288971,0.060073260217905045,0.8950892686843872,0.5814287662506104,0.13837064802646637,0.12266790866851807,0.053055036813020706
3180,-12.6098,-11.4754,-24.0852,-10.0625,-10.3906,0.0,0.0,0.9836575388908386,0.272187739610672,0.9254790544509888,0.05139186233282089,0.9029017686843872,0.5874533653259277,0.14408425986766815,0.10953047126531601,0.05445428937673569
3185,-12.3176,-12.3984,-24.716,-9.6641,-11.4922,0.0,0.0,0.966421365737915,0.2081497758626938,0.8571037650108337,0.04209328815340996,0.8069196343421936,0.5440376400947571,0.14116916060447693,0.14198538661003113,0.06833022087812424
3190,-11.5953,-13.3051,-24.9004,-9.0312,-12.6875,0.0,0.0,0.9462491869926453,0.13825330138206482,0.7658756971359253,0.019733333960175514,0.7317708134651184,0.5300450921058655,0.1206078976392746,0.17199160158634186,0.07287780195474625
3195,-11.1926,-14.0332,-25.2258,-9.0859,-12.5547,0.0,0.0,0.9172408580780029,0.10571040213108063,0.7257683277130127,0.027040816843509674,0.6688988208770752,0.5076959133148193,0.11435012519359589,0.19729477167129517,0.07618159055709839
3200,-11.8586,-12.7188,-24.5773,-9.9141,-11.25,0.0,0.0,0.9526297450065613,0.1718362271785736,0.8251188397407532,0.027811367064714432,0.784970223903656,0.5505674481391907,0.12531094253063202,0.1553560346364975,0.0642879381775856
3205,-12.1969,-12.6445,-24.8414,-10.0078,-10.8516,0.0,0.0,0.9575647115707397,0.1845008283853531,0.8373615145683289,0.0387955978512764,0.7979910969734192,0.533076822757721,0.14093594253063202,0.1543843299150467,0.06712531298398972
3210,-11.1949,-14.1445,-25.3395,-7.8594,-15.1016,0.0,0.0,0.9067595601081848,0.1341623067855835,0.7521178722381592,0.03697916492819786,0.6004464030265808,0.4910603165626526,0.11878109723329544,0.21105410158634186,0.0746268630027771
3215,-11.4035,-13.7777,-25.1813,-8.4453,-13.8828,0.0,0.0,0.9101625680923462,0.1591760367155075,0.7745860815048218,0.04392624646425247,0.668154776096344,0.5044698119163513,0.12453357875347137,0.19484607875347137,0.07167288661003113
3220,-12.1605,-12.5836,-24.7441,-9.6328,-11.8594,0.0,0.0,0.9391686916351318,0.23603704571723938,0.8560528755187988,0.059276822954416275,0.800967276096344,0.5386349558830261,0.13848724961280823,0.1528296023607254,0.06557058542966843
3225,-12.6852,-11.3586,-24.0438,-10.1094,-11.4688,0.0,0.0,0.9720414280891418,0.3508591949939728,0.9077890515327454,0.09508197009563446,0.8921130895614624,0.58527672290802,0.15154695510864258,0.11127953976392746,0.04741915315389633
3230,-13.1938,-11.259,-24.4527,-10.1562,-10.9062,0.0,0.0,0.9766213893890381,0.37852856516838074,0.9280958771705627,0.10479041934013367,0.8757440447807312,0.5519667267799377,0.17486785352230072,0.11675994843244553,0.05192786082625389
3235,-12.85,-11.1297,-23.9797,-9.9219,-11.1641,0.0,0.0,0.9782379269599915,0.38053539395332336,0.9156086444854736,0.1365528702735901,0.8917410969734192,0.5893967747688293,0.1553560346364975,0.1040889322757721,0.04668065905570984
3240,-13.1184,-11.5,-24.6184,-10.2031,-10.6016,0.0,0.0,0.9772099852561951,0.33411434292793274,0.8918739557266235,0.10933660715818405,0.8954613208770752,0.5491682291030884,0.16588930785655975,0.1171875,0.06327736377716064
3245,-12.7867,-12.018,-24.8047,-9.8906,-11.5547,0.0,0.0,0.9640040993690491,0.2722640037536621,0.8651933670043945,0.08796007186174393,0.8586309552192688,0.5323383212089539,0.16017568111419678,0.1407027393579483,0.06230565905570984
3250,-12.2613,-12.2484,-24.5098,-9.5078,-11.7578,0.0,0.0,0.9575501680374146,0.25538134574890137,0.825440526008606,0.08888889104127884,0.8452380895614624,0.552122175693512,0.14626088738441467,0.14116916060447693,0.05597015097737312
3255,-11.6313,-13.8039,-25.4352,-8.2578,-14.1641,0.0,0.0,0.9206011891365051,0.1584538221359253,0.7476334571838379,0.039939332753419876,0.675967276096344,0.49393656849861145,0.13172419369220734,0.19298040866851807,0.07688122242689133
3260,-11.5883,-13.734,-25.3223,-8.2656,-14.3125,0.0,0.0,0.918086588382721,0.164371520280838,0.7235755920410156,0.04233654960989952,0.7514880895614624,0.49727922677993774,0.1326570212841034,0.19305814802646637,0.07252798229455948
3265,-11.4707,-13.5203,-24.991,-7.7422,-15.1953,0.0,0.0,0.904751181602478,0.16687078773975372,0.75789475440979,0.04523809626698494,0.8076636791229248,0.5186567306518555,0.1269434094429016,0.18462376296520233,0.06529850512742996
3270,-12.4195,-11.5242,-23.9438,-9.8359,-10.7969,0.0,0.0,0.9710990190505981,0.2717185318470001,0.8883196711540222,0.07858376204967499,0.9479166865348816,0.59308922290802,0.14361785352230072,0.11380597203969955,0.04500932991504669
3275,-12.4902,-11.5539,-24.0441,-10.0391,-10.8125,0.0,0.0,0.9738704562187195,0.2537722885608673,0.9054284691810608,0.07635285705327988,0.9482886791229248,0.5875699520111084,0.1416744440793991,0.1138448417186737,0.05243314802646637
3280,-11.8453,-12.4301,-24.2754,-9.1094,-12.1328,0.0,0.0,0.9495883584022522,0.17075471580028534,0.839047908782959,0.04824851453304291,0.8772321343421936,0.5759483575820923,0.12360074371099472,0.13716574013233185,0.05880752578377724
3285,-12.1266,-11.7445,-23.8711,-9.7812,-10.9297,0.0,0.0,0.9757965207099915,0.21148668229579926,0.892405092716217,0.053738318383693695,0.9088541865348816,0.598997175693512,0.12993626296520233,0.11668221652507782,0.049906715750694275
3290,-12.2609,-12.1121,-24.373,-9.6094,-11.5078,0.0,0.0,0.9725707769393921,0.19131653010845184,0.8446715474128723,0.04103967174887657,0.8835565447807312,0.5668143630027771,0.1387593299150467,0.13312344253063202,0.05682525038719177
3295,-11.8188,-12.7375,-24.5563,-9.3906,-11.7578,0.0,0.0,0.9560855627059937,0.13729186356067657,0.7808775305747986,0.03254972770810127,0.8575148582458496,0.5540655851364136,0.12371735274791718,0.15325714647769928,0.06448227912187576
3300,-12.0309,-12.6262,-24.657,-9.6484,-11.3359,0.0,0.0,0.9675618410110474,0.153548002243042,0.7785412073135376,0.030251141637563705,0.8586309552192688,0.5499844551086426,0.1303638070821762,0.14707711338996887,0.06809701770544052
3305,-12.066,-12.1527,-24.2188,-9.9062,-10.9609,0.0,0.0,0.9786508083343506,0.1775362342596054,0.8094801306724548,0.04023746773600578,0.882440447807312,0.5807680487632751,0.12873134016990662,0.12709887325763702,0.05892413109540939
3310,-12.0563,-12.2801,-24.3363,-9.7344,-11.1641,0.0,0.0,0.977418065071106,0.17258882522583008,0.7762237787246704,0.0378933846950531,0.8969494104385376,0.5714396834373474,0.13016946613788605,0.13339552283287048,0.060517724603414536
3315,-11.8805,-13.6359,-25.5164,-9.7266,-11.2266,0.0,0.0,0.9616193175315857,0.1312217265367508,0.6460932493209839,0.03288619592785835,0.7823660969734192,0.4992614984512329,0.12884794175624847,0.17758862674236298,0.08982431888580322
3320,-11.3922,-13.8273,-25.2195,-9.5781,-11.3594,0.0,0.0,0.9599730372428894,0.1291228085756302,0.5817523002624512,0.027340129017829895,0.7607886791229248,0.51854008436203,0.11077425628900528,0.18233053386211395,0.08387748897075653
3325,-12.1148,-11.9672,-24.082,-9.9922,-10.6953,0.0,0.0,0.9722167253494263,0.2657886743545532,0.7893590331077576,0.061965811997652054,0.8898809552192688,0.5861707329750061,0.12985852360725403,0.1249222606420517,0.054570894688367844
3330,-13.6352,-10.4488,-24.084,-11.3438,-10.1016,0.0,0.0,0.9875835180282593,0.5047956705093384,0.8980277180671692,0.11036468297243118,0.9482886791229248,0.5759872794151306,0.18641169369220734,0.09262282401323318,0.04050062224268913
3335,-13.1762,-10.9438,-24.1199,-10.5859,-10.1406,0.0,0.0,0.9853994846343994,0.4312630891799927,0.8625537157058716,0.10488390922546387,0.930059552192688,0.5803405046463013,0.16709421575069427,0.09954135864973068,0.04854632914066315
3340,-12.6641,-11.3973,-24.0613,-10.1562,-10.8359,0.0,0.0,0.9875156879425049,0.3273400366306305,0.8305636048316956,0.06587712466716766,0.9278273582458496,0.5884250402450562,0.14699937403202057,0.1075870618224144,0.052510883659124374
3345,-12.2977,-12.0996,-24.3973,-9.5938,-11.6094,0.0,0.0,0.96907639503479,0.2810330390930176,0.7868757247924805,0.05890505760908127,0.8463541865348816,0.5656094551086426,0.1399642378091812,0.1338619440793991,0.05608675256371498
3350,-12.6215,-11.5023,-24.1238,-10.3984,-10.1875,0.0,0.0,0.9854907989501953,0.3531579077243805,0.8229697346687317,0.06860551983118057,0.867559552192688,0.5813121795654297,0.1476989984512329,0.11438899487257004,0.05212220177054405
3355,-12.8348,-11.3559,-24.1906,-10.5859,-10.3516,0.0,0.0,0.9842963814735413,0.3942234516143799,0.8358423113822937,0.06990014016628265,0.871279776096344,0.5791744589805603,0.1534126251935959,0.10844216495752335,0.05449315905570984
3360,-13.0242,-10.9934,-24.0176,-10.5391,-10.2812,0.0,0.0,0.9869637489318848,0.4295959770679474,0.8522036671638489,0.08571428805589676,0.9192708134651184,0.5843827724456787,0.16258551180362701,0.10230099409818649,0.04625311121344566
3365,-12.8148,-11.568,-24.3828,-10.3203,-10.4609,0.0,0.0,0.9838852882385254,0.34021151065826416,0.8378472328186035,0.05921855941414833,0.8973214030265808,0.5692241787910461,0.15069185197353363,0.11194030195474625,0.06366604566574097
3370,-13.216,-10.9543,-24.1703,-10.6797,-10.7734,0.0,0.0,0.9817876219749451,0.4595348834991455,0.8620023131370544,0.10369206964969635,0.8958333134651184,0.5783582329750061,0.16713307797908783,0.10055192559957504,0.0494791679084301
3375,-13.8297,-10.4652,-24.2949,-10.8906,-10.6562,0.0,0.0,0.98610919713974,0.5158334970474243,0.8982011675834656,0.1296464204788208,0.917782723903656,0.5624222755432129,0.1951570212841034,0.09507151693105698,0.04287157952785492
3380,-14.7965,-9.8676,-24.6641,-12.8906,-9.7031,0.0,0.0,0.9861751198768616,0.6090849041938782,0.9127697944641113,0.17699910700321198,0.921875,0.5313665866851807,0.2344527393579483,0.08644278347492218,0.04326026141643524
3385,-15.2219,-9.7176,-24.9395,-13.2656,-9.9375,0.0235,0.0,0.9883551597595215,0.6215304136276245,0.9082125425338745,0.18839360773563385,0.9330357313156128,0.5073460936546326,0.25345927476882935,0.08850280195474625,0.04621424153447151
3390,-16.3375,-9.1727,-25.5102,-14.7734,-9.3594,0.0516,0.0,0.9884699583053589,0.6668411493301392,0.9271978139877319,0.2222222238779068,0.9561011791229248,0.4618314802646637,0.2970304787158966,0.08488806337118149,0.05177238956093788
3395,-15.2348,-9.8371,-25.0719,-12.2422,-10.0625,0.0957,0.0,0.988398551940918,0.5963024497032166,0.9180595278739929,0.1779041439294815,0.9389880895614624,0.4958411157131195,0.2564909756183624,0.09534359723329544,0.047846704721450806
3400,-14.6922,-9.9273,-24.6195,-12.4531,-9.7812,0.1183,0.0,0.9922417998313904,0.575285017490387,0.9309440851211548,0.1697777807712555,0.9445684552192688,0.5310556888580322,0.23180970549583435,0.08893034607172012,0.04372667893767357
3405,-13.2867,-10.6852,-23.9719,-10.7578,-10.4531,0.1199,0.0,0.9872628450393677,0.4560526907444,0.8974254131317139,0.12813620269298553,0.9393601417541504,0.5858986377716064,0.1711364984512329,0.09511038661003113,0.0433768667280674
3410,-13.7211,-10.3613,-24.0824,-11.0312,-10.2344,0.1011,0.0,0.9918372631072998,0.48299604654312134,0.9265381097793579,0.16740871965885162,0.9639136791229248,0.5809234976768494,0.18629509210586548,0.08465485274791718,0.043648943305015564
3415,-13.3609,-10.934,-24.2949,-10.3828,-10.2891,0.0929,0.0,0.9841859340667725,0.41606318950653076,0.8699400424957275,0.1589299738407135,0.9423363208770752,0.5652984976768494,0.17712220549583435,0.10370025038719177,0.049401428550481796
3420,-13.3199,-10.9621,-24.282,-10.5625,-10.3516,0.0711,0.0,0.9919670224189758,0.3790573477745056,0.9022387862205505,0.11796453595161438,0.9408482313156128,0.5661147236824036,0.17482897639274597,0.1041666641831398,0.050412002950906754
3425,-13.4277,-10.9352,-24.3629,-10.4844,-10.6953,0.0517,0.0,0.9854212999343872,0.3937074840068817,0.9138858914375305,0.14262160658836365,0.9330357313156128,0.5572139024734497,0.18283581733703613,0.10832556337118149,0.047147076576948166
3430,-12.3523,-11.4969,-23.8492,-10.0781,-10.4062,0.0219,0.0,0.9846629500389099,0.3030129075050354,0.8292771577835083,0.07788161933422089,0.910342276096344,0.6031560897827148,0.13545553386211395,0.10700403898954391,0.049906715750694275
3435,-13.1621,-11.2672,-24.4293,-10.2188,-11.2031,0.0,0.0,0.9850297570228577,0.3838724195957184,0.8626391887664795,0.08120300620794296,0.8976934552192688,0.5556203126907349,0.17304104566574097,0.11516635864973068,0.05169465020298958
3440,-13.1012,-10.8371,-23.9383,-10.3047,-10.3516,0.0,0.0,0.9918677806854248,0.3946496248245239,0.885551929473877,0.09963767975568771,0.9561011791229248,0.5926616787910461,0.16417910158634186,0.09577114135026932,0.04291044920682907
3445,-12.9133,-11.0102,-23.9234,-10.4531,-10.2422,0.0,0.0,0.9881854057312012,0.38229426741600037,0.8824930787086487,0.09235936403274536,0.9348958134651184,0.5954601764678955,0.15586131811141968,0.09790889173746109,0.04629197716712952
3450,-12.8934,-10.9059,-23.7992,-10.1719,-10.7812,0.0,0.0,0.9894514679908752,0.38621047139167786,0.888458251953125,0.11658456176519394,0.9453125,0.6079757213592529,0.14995336532592773,0.0902518630027771,0.04734141752123833
3455,-13.2391,-10.8414,-24.0805,-10.3672,-10.6719,0.0,0.0,0.9860421419143677,0.4206492304801941,0.8880741000175476,0.10711070895195007,0.9479166865348816,0.5792133212089539,0.17241916060447693,0.10070739686489105,0.04318252578377724
3460,-13.4902,-10.5922,-24.0824,-10.4141,-10.7188,0.0,0.0,0.9880561232566833,0.4665217399597168,0.8906118869781494,0.12771503627300262,0.9657738208770752,0.5792521834373474,0.1787935346364975,0.09273942559957504,0.04473724961280823
3465,-13.4406,-10.5742,-24.0148,-10.5781,-10.7656,0.0,0.0,0.9877275824546814,0.471587210893631,0.9028838276863098,0.15602189302444458,0.9438244104385376,0.5827503204345703,0.17852145433425903,0.09165111929178238,0.042599502950906754
3470,-13.3453,-10.602,-23.9473,-10.3125,-10.4297,0.0,0.0,0.9904503226280212,0.45634302496910095,0.8949124217033386,0.16195857524871826,0.9445684552192688,0.5860929489135742,0.17494557797908783,0.09320584684610367,0.04127798601984978
3475,-13.0273,-10.7012,-23.7285,-10.1797,-10.5312,0.0,0.0,0.9868454933166504,0.43071073293685913,0.8969465494155884,0.15718717873096466,0.9542410969734192,0.6027674078941345,0.16351833939552307,0.09165111929178238,0.037585511803627014
3480,-13.0125,-10.8797,-23.8922,-9.9375,-10.7344,0.0,0.0,0.9847655296325684,0.4013669490814209,0.899961531162262,0.1304347813129425,0.9475446343421936,0.5893579125404358,0.16491760313510895,0.10101834684610367,0.04022854566574097
3485,-12.7754,-10.9953,-23.7707,-10.1641,-10.6094,0.0,0.0,0.987448513507843,0.3719918131828308,0.8776659965515137,0.1275831013917923,0.9464285969734192,0.6038557291030884,0.15181903541088104,0.09658737480640411,0.04326026141643524
3490,-12.9023,-11.0648,-23.9672,-10.1719,-10.6406,0.0,0.0,0.9831568002700806,0.36910930275917053,0.8921719193458557,0.0964467003941536,0.9508928656578064,0.5907571315765381,0.15753264725208282,0.10129041969776154,0.045942164957523346
3495,-12.5938,-11.6539,-24.2477,-10.0,-10.6797,0.0,0.0,0.9801879525184631,0.2851479947566986,0.8430728912353516,0.06755805760622025,0.9125744104385376,0.5748212337493896,0.14707711338996887,0.11839241534471512,0.05523165315389633
3500,-13.0422,-10.9164,-23.9586,-10.1562,-10.8594,0.0,0.0,0.9873083233833313,0.3814578950405121,0.8944360017776489,0.1039084866642952,0.9520089030265808,0.5879974961280823,0.16476212441921234,0.10199005156755447,0.0407726988196373
3505,-12.743,-11.0332,-23.7762,-10.0156,-10.8359,0.0,0.0,0.9842625856399536,0.37422358989715576,0.8879103064537048,0.09369369596242905,0.9423363208770752,0.6050994992256165,0.15018656849861145,0.0970926582813263,0.043143656104803085
3510,-13.0703,-11.125,-24.1953,-10.0703,-10.6562,0.0,0.0,0.9854645133018494,0.3434489369392395,0.8854727149009705,0.11201179027557373,0.965029776096344,0.5802627205848694,0.1613806039094925,0.10113494843244553,0.05274409055709839
3515,-12.8684,-11.6367,-24.5051,-10.0625,-10.7422,0.0,0.0,0.9805063009262085,0.28464511036872864,0.8516169786453247,0.06743088364601135,0.9445684552192688,0.5542988181114197,0.16099192202091217,0.12259017676115036,0.05764148011803627
3520,-13.118,-10.6805,-23.7984,-10.5,-10.2656,0.0,0.0,0.9897899627685547,0.4250779151916504,0.921826958656311,0.1101163849234581,0.965029776096344,0.6014847755432129,0.1621190905570984,0.08850280195474625,0.04341573268175125
3525,-13.2812,-10.3773,-23.6586,-10.7812,-10.2188,0.0,0.0,0.9929945468902588,0.4725017547607422,0.9333333373069763,0.11881188303232193,0.980282723903656,0.6103078126907349,0.16608364880084991,0.07987406849861145,0.03925684094429016
3530,-14.5398,-10.1125,-24.6523,-11.9531,-10.5,0.0,0.0,0.9888677597045898,0.5350307822227478,0.9287185668945312,0.1490514874458313,0.9709821343421936,0.5307058691978455,0.2274564653635025,0.09433302283287048,0.04302705079317093
3535,-14.6758,-9.8652,-24.541,-11.5938,-10.1875,0.0,0.0,0.9898158311843872,0.5690383911132812,0.9404816031455994,0.1977715939283371,0.972470223903656,0.5381296873092651,0.2299828976392746,0.08554881811141968,0.04186100885272026
3540,-14.4418,-9.6957,-24.1375,-11.8047,-10.0938,0.0162,0.0,0.9946413636207581,0.5822421312332153,0.9434343576431274,0.2152852565050125,0.9914434552192688,0.5657649040222168,0.21668998897075653,0.07695895433425903,0.03610851988196373
3545,-13.4672,-10.5047,-23.9719,-10.7109,-10.1719,0.009,0.0,0.9917267560958862,0.43927478790283203,0.9230092167854309,0.17222222685813904,0.9780505895614624,0.5872589945793152,0.17793843150138855,0.08834732323884964,0.04197761043906212
3550,-12.6184,-11.0328,-23.6512,-10.25,-10.3906,0.0,0.0,0.9879822731018066,0.3452477753162384,0.8702352046966553,0.08683473616838455,0.9661458134651184,0.6145055890083313,0.14354011416435242,0.09584888070821762,0.04162779822945595
3555,-13.2785,-10.6195,-23.898,-10.7344,-10.0781,0.0,0.0,0.9923961758613586,0.4165686070919037,0.9253597259521484,0.12033898383378983,0.9795386791229248,0.5980643630027771,0.16515080630779266,0.08644278347492218,0.04586442932486534
3560,-13.6977,-10.6262,-24.3238,-11.1797,-10.125,0.0,0.0,0.9937690496444702,0.42507144808769226,0.9431451559066772,0.0993431881070137,0.9702380895614624,0.5614116787910461,0.19037623703479767,0.09639303386211395,0.04734141752123833
3565,-13.4563,-10.4809,-23.9371,-10.6562,-10.3516,0.0,0.0,0.9923794269561768,0.44173142313957214,0.9419180750846863,0.11813186854124069,0.9825148582458496,0.5916511416435242,0.17510105669498444,0.08632618188858032,0.042444031685590744
3570,-13.3855,-10.825,-24.2105,-10.3516,-10.3984,0.0,0.0,0.9905028939247131,0.3935135006904602,0.9293163418769836,0.09075630456209183,0.9672619104385376,0.5688743591308594,0.1797652393579483,0.10062966495752335,0.04625311121344566
3575,-13.6273,-10.5348,-24.1621,-10.7969,-10.375,0.0,0.0,0.9955272674560547,0.4256431758403778,0.9379746913909912,0.12180052697658539,0.9799107313156128,0.5735385417938232,0.18582867085933685,0.092117540538311,0.044037625193595886
3580,-13.1504,-10.2734,-23.4238,-10.5312,-10.2969,0.0,0.0,0.9959049224853516,0.4623188376426697,0.9664893746376038,0.13289035856723785,0.9936755895614624,0.6264381408691406,0.16091418266296387,0.07307214289903641,0.03509794920682907
3585,-14.0449,-9.7676,-23.8125,-11.2969,-9.7969,0.0,0.0,0.9983008503913879,0.5580657720565796,0.9728230834007263,0.16535432636737823,0.9970238208770752,0.5947605967521667,0.1961287260055542,0.07007928937673569,0.03455379232764244
3590,-14.1051,-9.9344,-24.0395,-11.2969,-10.0781,0.0,0.0,0.9986501336097717,0.5269701480865479,0.9696668386459351,0.15837563574314117,0.9970238208770752,0.5758706331253052,0.2032027393579483,0.07816386967897415,0.038285136222839355
3595,-13.2371,-10.6766,-23.9137,-10.4453,-10.375,0.0,0.0,0.9967864751815796,0.36914917826652527,0.9583510160446167,0.10707803815603256,0.9813988208770752,0.5926616787910461,0.16857120394706726,0.09145677834749222,0.04283270984888077
3600,-13.0258,-10.6973,-23.723,-10.375,-10.2109,0.0,0.0,0.997637152671814,0.35324355959892273,0.9609865546226501,0.07598499208688736,0.9921875,0.6086364984512329,0.1587764322757721,0.08667599409818649,0.04143345728516579
3605,-13.0492,-10.3914,-23.4406,-10.3359,-10.1719,0.0,0.0,0.9987613558769226,0.42400798201560974,0.9713988304138184,0.1111111119389534,0.988467276096344,0.6276041865348816,0.15574471652507782,0.07474347203969955,0.037430036813020706
3610,-13.1391,-10.8996,-24.0387,-10.4375,-10.1797,0.0,0.0,0.9985429644584656,0.3145180642604828,0.9494990110397339,0.07905138283967972,0.9869791865348816,0.5868703126907349,0.1625077724456787,0.09697605669498444,0.04916822165250778
3615,-12.6324,-11.2496,-23.882,-10.2188,-10.2656,0.0,0.0,0.9952652454376221,0.22257636487483978,0.9209726452827454,0.08326530456542969,0.9821428656578064,0.5992692708969116,0.14633862674236298,0.10230099409818649,0.04761349409818649
3620,-12.7941,-11.1406,-23.9348,-10.0703,-10.7734,0.0,0.0,0.9901878237724304,0.29612159729003906,0.9144893288612366,0.10313215851783752,0.961309552192688,0.5981420874595642,0.14832089841365814,0.09818097203969955,0.05087842047214508
3625,-13.1008,-10.832,-23.9328,-10.4766,-10.1016,0.0,0.0,0.9978514313697815,0.335689902305603,0.931671679019928,0.11182108521461487,0.9862351417541504,0.5969760417938232,0.15943719446659088,0.09044620394706726,0.0486629344522953
3630,-12.6441,-11.3938,-24.0379,-10.2188,-10.3125,0.0,0.0,0.9943166971206665,0.20677410066127777,0.9098859429359436,0.06315059214830399,0.9787946343421936,0.5949937701225281,0.14229632914066315,0.10222326219081879,0.056009016931056976
3635,-12.4477,-11.1082,-23.5559,-10.2891,-10.125,0.0,0.0,0.995517373085022,0.254046231508255,0.9171572923660278,0.05964912101626396,0.9784226417541504,0.6243003606796265,0.13448382914066315,0.09242848306894302,0.04430970177054405
3640,-12.4449,-11.9234,-24.3684,-9.9922,-10.8125,0.0,0.0,0.9921159148216248,0.1534883677959442,0.8319383859634399,0.04060913622379303,0.949032723903656,0.5768035054206848,0.1337064653635025,0.11609919369220734,0.06891324371099472
3645,-12.2773,-11.573,-23.8504,-10.0625,-10.3203,0.0,0.0,0.9923452734947205,0.1824384480714798,0.8613294959068298,0.058113206177949905,0.9564732313156128,0.6042444109916687,0.131024569272995,0.10875310748815536,0.05150030925869942
3650,-12.4156,-11.3867,-23.8023,-10.1328,-10.4609,0.0,0.0,0.9910221695899963,0.22058406472206116,0.8677716255187988,0.06561461836099625,0.9795386791229248,0.6061100959777832,0.13708800077438354,0.10552705079317093,0.046797264367341995
3655,-12.2379,-11.9379,-24.1758,-10.0391,-10.7188,0.0,0.0,0.9890109896659851,0.14897361397743225,0.824346125125885,0.03689064458012581,0.9464285969734192,0.5836054086685181,0.13254041969776154,0.12037468701601028,0.0590018667280674
3660,-12.0285,-12.1469,-24.1754,-9.8047,-11.1172,0.0,0.0,0.9855730533599854,0.1265667974948883,0.7996362447738647,0.022696929052472115,0.9267113208770752,0.5819340944290161,0.12713775038719177,0.12822605669498444,0.058224502950906754
3665,-11.7445,-13.1004,-24.8449,-9.6172,-11.2344,0.0,0.0,0.9770817160606384,0.06788758933544159,0.6501723527908325,0.020084567368030548,0.9129464030265808,0.5410059094429016,0.12309546023607254,0.1578824669122696,0.07353855669498444
3670,-12.2551,-11.8801,-24.1352,-10.0938,-10.4688,0.0,0.0,0.9885509014129639,0.14905385673046112,0.8257696032524109,0.04122990742325783,0.9564732313156128,0.5839163661003113,0.13351212441921234,0.1224735677242279,0.055620335042476654
3675,-12.0813,-12.1539,-24.2352,-9.8516,-11.0,0.0,0.0,0.9851186275482178,0.12249848246574402,0.7906906008720398,0.03188028559088707,0.9404761791229248,0.5798351764678955,0.12818719446659088,0.1277596354484558,0.05974036082625389
3680,-12.1484,-12.1191,-24.2676,-9.2812,-12.0469,0.0,0.0,0.9835944771766663,0.1472112089395523,0.7800186276435852,0.04619225859642029,0.9367559552192688,0.5804570913314819,0.1275264322757721,0.12527208030223846,0.06226678937673569
3685,-12.3746,-11.6375,-24.0121,-9.9766,-10.8672,0.0,0.0,0.9881319403648376,0.20298165082931519,0.8493767380714417,0.0552016980946064,0.9665178656578064,0.5927783250808716,0.1355721354484558,0.11225124448537827,0.05492071062326431
3690,-12.5246,-11.552,-24.0766,-10.0469,-10.375,0.0,0.0,0.9890925884246826,0.2321029156446457,0.8691723942756653,0.04397834837436676,0.956845223903656,0.5915344953536987,0.1389925330877304,0.10754819959402084,0.05744713917374611
3695,-12.3715,-11.7223,-24.0938,-9.7969,-10.9453,0.0,0.0,0.9834439158439636,0.22603926062583923,0.8361738920211792,0.046621620655059814,0.944940447807312,0.5916122794151306,0.13463930785655975,0.11174596101045609,0.057524874806404114
3700,-12.1422,-11.3629,-23.5051,-9.9062,-10.5625,0.0,0.0,0.9887688755989075,0.2203114926815033,0.8665058016777039,0.03653356060385704,0.9620535969734192,0.633317768573761,0.1197916641831398,0.09666511416435242,0.045747824013233185
3705,-12.3535,-12.1906,-24.5441,-10.1016,-10.5703,0.0,0.0,0.9844298958778381,0.16542217135429382,0.8066281676292419,0.027366019785404205,0.8984375,0.564171314239502,0.1353389322757721,0.1278373748064041,0.06817474961280823
3710,-12.2258,-12.1777,-24.4035,-10.1328,-10.5312,0.0,0.0,0.9792798757553101,0.14547063410282135,0.8056915402412415,0.03126879036426544,0.937127947807312,0.572139322757721,0.13172419369220734,0.12702114880084991,0.06463775038719177
3715,-12.5098,-12.082,-24.5918,-10.2109,-10.5391,0.0,0.0,0.9844317436218262,0.1570766270160675,0.8285455107688904,0.04247990995645523,0.945684552192688,0.5567474961280823,0.14252954721450806,0.12853699922561646,0.0677083358168602
3720,-12.3813,-11.5188,-23.9,-10.0547,-10.4766,0.0,0.0,0.9878638982772827,0.24455416202545166,0.8573513031005859,0.03736263886094093,0.9516369104385376,0.6021066308021545,0.13382306694984436,0.10653762519359589,0.053055036813020706
3725,-12.4199,-12.3754,-24.7953,-10.2656,-10.5938,0.0,0.0,0.9830030202865601,0.14625753462314606,0.7941089868545532,0.017685700207948685,0.9040178656578064,0.55111163854599,0.13553327322006226,0.13195739686489105,0.07692008465528488
3730,-11.8777,-12.6102,-24.4879,-9.9922,-10.4609,0.0,0.0,0.9836686849594116,0.10136637836694717,0.7084587812423706,0.021990740671753883,0.9118303656578064,0.5640547275543213,0.1223180964589119,0.14198538661003113,0.06716418266296387
3735,-11.9563,-12.0969,-24.0531,-9.7578,-10.9062,0.0,0.0,0.9870967864990234,0.0997357964515686,0.8135865926742554,0.01665598899126053,0.921875,0.5964319109916687,0.11769278347492218,0.12072449922561646,0.060673195868730545
3740,-11.8371,-12.2414,-24.0785,-9.9844,-10.5703,0.0,0.0,0.9834352135658264,0.10749834030866623,0.7900821566581726,0.02621231973171234,0.8976934552192688,0.5913013219833374,0.11714863032102585,0.1277596354484558,0.05931280925869942
3745,-12.1254,-12.3469,-24.4723,-10.0469,-10.6562,0.0,0.0,0.9800954461097717,0.12570005655288696,0.7878697514533997,0.03593145310878754,0.902157723903656,0.5701959133148193,0.1249222606420517,0.13009172677993774,0.0703125
3750,-12.1289,-11.8277,-23.9566,-10.0547,-10.5234,0.0,0.0,0.9879689812660217,0.15917721390724182,0.8432115912437439,0.020421607419848442,0.9438244104385376,0.60090172290802,0.12282337993383408,0.1127953976392746,0.0590018667280674
3755,-12.4301,-11.898,-24.3281,-10.0391,-10.4375,0.0,0.0,0.9877362847328186,0.16041433811187744,0.8510911464691162,0.03264281153678894,0.9523809552192688,0.5736551880836487,0.138837069272995,0.12111318111419678,0.06191697716712952
3760,-12.6305,-11.3531,-23.9836,-10.2656,-10.1719,0.0,0.0,0.9921793341636658,0.248030424118042,0.8957470655441284,0.05375552177429199,0.961309552192688,0.5963930487632751,0.1430736929178238,0.1032726988196373,0.05278296023607254
3765,-12.7539,-11.2633,-24.0172,-10.1562,-10.4141,0.0,0.0,0.993375301361084,0.2798841595649719,0.8955960273742676,0.05359765142202377,0.960565447807312,0.592583954334259,0.1476212739944458,0.1023787334561348,0.05293843150138855
3770,-12.3309,-11.3254,-23.6562,-10.2656,-10.1953,0.0,0.0,0.9900915622711182,0.2694377899169922,0.8488138318061829,0.05700712651014328,0.969122052192688,0.6197916865348816,0.1299751251935959,0.09666511416435242,0.04909048601984978
3775,-12.5156,-11.6895,-24.2051,-10.375,-10.3047,0.0,0.0,0.9857737421989441,0.22875817120075226,0.8376210927963257,0.05091649666428566,0.9620535969734192,0.5792133212089539,0.14272387325763702,0.11633239686489105,0.05725279822945595
3780,-12.7797,-11.2715,-24.0512,-10.2422,-10.3594,0.0,0.0,0.988304853439331,0.3178721070289612,0.8711798787117004,0.05214940011501312,0.969122052192688,0.5915733575820923,0.14832089841365814,0.10047419369220734,0.05515391752123833
3785,-12.4273,-11.9187,-24.3461,-10.2344,-10.1875,0.0,0.0,0.9863393306732178,0.19823412597179413,0.8095999956130981,0.03153988718986511,0.9375,0.5747434496879578,0.1364661008119583,0.12146300077438354,0.06284981220960617
3790,-12.8012,-11.0199,-23.8211,-10.9453,-10.2188,0.0,0.0,0.9902969002723694,0.3387434482574463,0.9018282890319824,0.0411558672785759,0.9583333134651184,0.6048662662506104,0.14847636222839355,0.09779229015111923,0.04438743740320206
3795,-12.8324,-11.1145,-23.9469,-10.5547,-10.2031,0.0,0.0,0.9932699203491211,0.312173455953598,0.897467315196991,0.05034324899315834,0.9680059552192688,0.6006296873092651,0.14878731966018677,0.09514925628900528,0.050956156104803085
3800,-12.7215,-11.191,-23.9125,-10.4141,-10.2969,0.0,0.0,0.9939087629318237,0.30205827951431274,0.8978244066238403,0.03248259797692299,0.949404776096344,0.5998134613037109,0.14540578424930573,0.10004664212465286,0.050256531685590744
3805,-12.7484,-11.3633,-24.1117,-10.6719,-10.2031,0.0,0.0,0.9918286800384521,0.2989361584186554,0.8589497804641724,0.040775399655103683,0.9594494104385376,0.5898243188858032,0.14614428579807281,0.10140702873468399,0.05814676731824875
3810,-12.6691,-11.3344,-24.0035,-10.8203,-10.0469,0.0,0.0,0.9920852780342102,0.29054969549179077,0.8615500330924988,0.040685225278139114,0.9620535969734192,0.5942164063453674,0.14354011416435242,0.10331156849861145,0.05445428937673569
3815,-12.432,-11.7875,-24.2195,-10.3203,-10.3672,0.0,0.0,0.9791373014450073,0.2931951880455017,0.8149372339248657,0.0546875,0.8962053656578064,0.5794076323509216,0.13879819214344025,0.11761505156755447,0.05970149114727974
3820,-12.6191,-12.216,-24.8352,-10.6562,-10.3047,0.0,0.0,0.9774377346038818,0.2713734209537506,0.7571169137954712,0.03249272704124451,0.9029017686843872,0.5460976362228394,0.14093594253063202,0.1283426582813263,0.08014614135026932
3825,-13.8348,-10.5125,-24.3473,-12.3438,-9.6016,0.0,0.0,0.992206871509552,0.474974662065506,0.9196237921714783,0.062401264905929565,0.9747023582458496,0.5635883212089539,0.1918143630027771,0.09091262519359589,0.049207091331481934
3830,-13.7844,-10.5125,-24.2969,-12.4453,-9.9844,0.0,0.0,0.9967861175537109,0.4599958658218384,0.9114088416099548,0.09011857956647873,0.9668898582458496,0.5684079527854919,0.18800528347492218,0.08994092047214508,0.04916822165250778
3835,-13.5422,-10.398,-23.9402,-12.4062,-9.7344,0.0,0.0,0.994985818862915,0.48033037781715393,0.9261959195137024,0.07175713032484055,0.976190447807312,0.5891246795654297,0.17883239686489105,0.08531560748815536,0.04224969074130058
3840,-15.0191,-9.6121,-24.6313,-14.7031,-8.7969,0.0,0.0,0.9965502023696899,0.6026936173439026,0.9451536536216736,0.11278195679187775,0.9866071343421936,0.5295398235321045,0.24242070317268372,0.08220615983009338,0.04135572165250778
3845,-13.6152,-10.5133,-24.1285,-12.5156,-9.5625,0.0004,0.0,0.9975744485855103,0.45120134949684143,0.917718768119812,0.0609348900616169,0.9888392686843872,0.5768812298774719,0.18279695510864258,0.0892801582813263,0.04656405374407768
3850,-13.166,-10.6863,-23.8523,-11.6016,-9.8438,0.0,0.0,0.9965295791625977,0.40088212490081787,0.9109182357788086,0.059504132717847824,0.984747052192688,0.6047885417938232,0.1586209535598755,0.08508239686489105,0.04703047126531601
3855,-13.1687,-11.0898,-24.2586,-11.3438,-9.7969,0.0,0.0,0.9952049851417542,0.3580128848552704,0.8783993721008301,0.03125,0.9754464030265808,0.5755208134651184,0.16274097561836243,0.10004664212465286,0.057213928550481796
3860,-12.4246,-11.4836,-23.9082,-10.4844,-9.9922,0.0,0.0,0.9912106394767761,0.24051007628440857,0.8530193567276001,0.03522099554538727,0.9557291865348816,0.6058380007743835,0.13106343150138855,0.10233986377716064,0.05628109350800514
3865,-13.1105,-11.1535,-24.2641,-10.7969,-10.0,0.0,0.0,0.9951475858688354,0.32075929641723633,0.9110088348388672,0.03970390185713768,0.9624255895614624,0.5767257213592529,0.15970925986766815,0.10132928937673569,0.057758085429668427
3870,-12.9047,-11.3543,-24.259,-10.8281,-10.0078,0.0,0.0,0.9938134551048279,0.27277326583862305,0.8813996315002441,0.0479360856115818,0.9732142686843872,0.5780084133148193,0.15360696613788605,0.10552705079317093,0.05837997421622276
3875,-12.3414,-11.7484,-24.0898,-10.0859,-10.4375,0.0,0.0,0.9917409420013428,0.1839355081319809,0.8445922136306763,0.038656529039144516,0.9397321343421936,0.5929726362228394,0.13016946613788605,0.11104632914066315,0.06133395433425903
3880,-12.3414,-12.6754,-25.0168,-9.9609,-10.9453,0.0,0.0,0.976542592048645,0.16267123818397522,0.7466810941696167,0.0330500453710556,0.879092276096344,0.5335432291030884,0.13619403541088104,0.1434623748064041,0.08232276141643524
3885,-11.7227,-13.4348,-25.1574,-10.1953,-10.1953,0.0,0.0,0.9719825983047485,0.09582477807998657,0.6768105626106262,0.013816925697028637,0.7559523582458496,0.527168869972229,0.11357276141643524,0.16476212441921234,0.09001865983009338
3890,-11.6316,-13.5652,-25.1969,-9.8203,-11.1797,0.0,0.0,0.9770106673240662,0.06841545552015305,0.6730589270591736,0.007453416008502245,0.7235863208770752,0.5258084535598755,0.10964708030223846,0.16620025038719177,0.09386660158634186
3895,-10.8492,-15.2391,-26.0883,-9.0547,-12.7109,0.0,0.0,0.9136344194412231,0.07457899302244186,0.5801966786384583,0.012486621737480164,0.594122052192688,0.46039333939552307,0.09693718701601028,0.2292443960905075,0.10894744843244553
3900,-10.7027,-15.2707,-25.9734,-7.8438,-14.8281,0.0,0.0,0.9252722859382629,0.05312246456742287,0.60475093126297,0.0029973771888762712,0.5096726417541504,0.46031561493873596,0.09584888070821762,0.23561878502368927,0.10373912006616592
3905,-11.7828,-14.116,-25.8988,-9.5156,-11.9766,0.0,0.0,0.9735493063926697,0.036661211401224136,0.7225056290626526,0.003575259121134877,0.5792410969734192,0.47757306694984436,0.11874222755432129,0.19049285352230072,0.10871423780918121
3910,-11.6973,-13.3461,-25.0434,-9.5859,-11.8359,0.0,0.0,0.9756223559379578,0.03489932790398598,0.8038443922996521,0.0036281179636716843,0.6618303656578064,0.5261582732200623,0.11582711338996887,0.16783271729946136,0.08570428937673569
3915,-12.143,-12.3527,-24.4957,-10.125,-10.4297,0.0,0.0,0.9934810996055603,0.07613424211740494,0.8927304744720459,0.005361930467188358,0.7924107313156128,0.5664256811141968,0.1250777393579483,0.13152985274791718,0.07248912006616592
3920,-12.2684,-12.5262,-24.7945,-10.3125,-10.2891,0.0,0.0,0.994900107383728,0.04221954196691513,0.8941903114318848,0.000978952506557107,0.7838541865348816,0.5487406849861145,0.12888681888580322,0.13848724961280823,0.07940764725208282
3925,-12.1016,-13.1363,-25.2379,-10.3438,-10.5078,0.0,0.0,0.9933097958564758,0.013531353324651718,0.8203514218330383,0.0003853564558085054,0.707217276096344,0.528684675693512,0.11777052283287048,0.14820429682731628,0.10086287558078766
3930,-11.8023,-13.3363,-25.1387,-10.2109,-10.375,0.0,0.0,0.9840631484985352,0.006221915129572153,0.7996036410331726,0.0004113533650524914,0.6651785969734192,0.5316775441169739,0.11244558542966843,0.1569107621908188,0.09448849409818649
3935,-11.8965,-13.6895,-25.5859,-10.0,-11.0547,0.0,0.0,0.9820247292518616,0.006531678605824709,0.771216869354248,0.0022446690127253532,0.644345223903656,0.4994947016239166,0.11901430040597916,0.17311878502368927,0.10389459133148193
3940,-12.159,-12.9008,-25.0598,-10.2188,-10.4766,0.0,0.0,0.9893438220024109,0.007129572331905365,0.8576253652572632,0.002650176640599966,0.7626488208770752,0.5325326323509216,0.12538868188858032,0.14960354566574097,0.08799751102924347
3945,-12.2227,-13.1332,-25.3559,-10.3359,-10.5234,0.0,0.0,0.9886260032653809,0.00536033371463418,0.8507936596870422,0.0012505210470408201,0.7220982313156128,0.5125932693481445,0.13051928579807281,0.15916511416435242,0.09324471652507782
3950,-11.9578,-12.8684,-24.8262,-10.2422,-10.1719,0.0,0.0,0.9906827807426453,0.007103648502379656,0.8525198698043823,0.001893043052405119,0.7414434552192688,0.5464863181114197,0.12037468701601028,0.14653295278549194,0.08212842047214508
3955,-11.6598,-12.848,-24.5078,-9.9375,-10.7109,0.0,0.0,0.9902793169021606,0.002858163556084037,0.8424209356307983,0.0020356234163045883,0.7005208134651184,0.5677860975265503,0.10879197716712952,0.1425684094429016,0.07637593150138855
3960,-12.0848,-12.4152,-24.5,-10.2188,-10.125,0.0,0.0,0.9968027472496033,0.008460787124931812,0.9026092290878296,0.004058853257447481,0.8054315447807312,0.5713619589805603,0.11944185197353363,0.12810945510864258,0.07660914212465286
3965,-12.1172,-12.7441,-24.8613,-10.3672,-10.2969,0.0,0.0,0.9934883713722229,0.008421708829700947,0.8942307829856873,0.004728132393211126,0.7325148582458496,0.5431825518608093,0.12461131811141968,0.14552238583564758,0.08220615983009338
3970,-11.9332,-12.3938,-24.327,-10.3516,-10.2812,0.0,0.0,0.995133638381958,0.004096961580216885,0.8877958655357361,0.002154011745005846,0.8039434552192688,0.5830612778663635,0.1138448417186737,0.12643812596797943,0.07217817008495331
3975,-12.1711,-12.4289,-24.6,-10.2734,-10.3438,0.0,0.0,0.9948078989982605,0.0049019609577953815,0.9123167395591736,0.003123373258858919,0.828497052192688,0.5614505410194397,0.1268656700849533,0.13254041969776154,0.07466573268175125
3980,-12.1789,-12.4121,-24.591,-10.3203,-10.3672,0.0,0.0,0.994442880153656,0.0015197568573057652,0.9155787825584412,0.002097535412758589,0.8448660969734192,0.5595459938049316,0.12787623703479767,0.13397854566574097,0.07412157952785492
3985,-11.8918,-12.8574,-24.7492,-10.3281,-10.5156,0.0,0.0,0.9939699769020081,0.0026604589074850082,0.8300459384918213,0.0,0.7369791865348816,0.5543376803398132,0.11687655746936798,0.14385105669498444,0.08045709133148193
3990,-12.0773,-14.1586,-26.2359,-10.2891,-10.7109,0.0,0.0,0.9873047471046448,0.0032071841415017843,0.7354307174682617,0.000933706818614155,0.5732886791229248,0.46536847949028015,0.12119092047214508,0.1840796023607254,0.12488339841365814
3995,-11.591,-13.7367,-25.3277,-10.0,-10.75,0.0,0.0,0.9904804825782776,0.0018698578933253884,0.7313094735145569,0.0015319801168516278,0.5736607313156128,0.51854008436203,0.10393346101045609,0.17156405746936798,0.1014847606420517
4000,-11.7211,-12.9352,-24.6562,-10.1797,-10.2031,0.0,0.0,0.9949881434440613,0.001768659334629774,0.8253217935562134,0.0,0.6729910969734192,0.5583799481391907,0.10988028347492218,0.14797107875347137,0.07929104566574097
4005,-12.3066,-13.1785,-25.4852,-10.4062,-10.4766,0.0,0.0,0.9941027760505676,0.0011994002852588892,0.8625184297561646,0.00038729666266590357,0.6856398582458496,0.5075015425682068,0.12962530553340912,0.158037930727005,0.10035758465528488
4010,-11.9977,-13.3383,-25.3359,-10.3125,-10.3359,0.0,0.0,0.9925670027732849,0.0016404199413955212,0.829055666923523,0.0003932363470084965,0.6235119104385376,0.5176849961280823,0.11847014725208282,0.16052550077438354,0.09884172677993774
4015,-12.0434,-13.1133,-25.1566,-10.2109,-10.3516,0.0,0.0,0.9938550591468811,0.0015777847729623318,0.8552696704864502,0.000430663232691586,0.663690447807312,0.5249922275543213,0.12317319959402084,0.15710510313510895,0.0902518630027771
4020,-11.7355,-12.4738,-24.2094,-10.1875,-10.1641,0.0,0.0,0.9958399534225464,0.001098901149816811,0.8701533079147339,0.0,0.7611607313156128,0.5886194109916687,0.10611007362604141,0.1293143630027771,0.07147854566574097
4025,-11.8379,-13.0883,-24.9262,-10.2422,-10.5,0.0,0.0,0.9950984120368958,0.001995344180613756,0.8597409129142761,0.002795899286866188,0.6030505895614624,0.5392179489135742,0.11687655746936798,0.15601679682731628,0.0834110677242279
4030,-11.8691,-13.2426,-25.1117,-9.7734,-11.0859,0.0,0.0,0.9946879148483276,0.0006651147268712521,0.8730081915855408,0.0,0.5576636791229248,0.5268190503120422,0.11687655746936798,0.16099192202091217,0.09083488583564758
4035,-11.8328,-13.4723,-25.3051,-10.2031,-10.3906,0.0,0.0,0.9947348833084106,0.001675603212788701,0.8369869589805603,0.0012131015537306666,0.5267857313156128,0.5167521834373474,0.11598258465528488,0.1666666716337204,0.09612096101045609
4040,-11.9164,-13.1586,-25.075,-10.2422,-10.4531,0.0,0.0,0.9949554204940796,0.0013284622691571712,0.8555028438568115,0.0008532422943972051,0.6171875,0.5316386818885803,0.11703202873468399,0.15574471652507782,0.09110696613788605
4045,-11.7191,-13.5941,-25.3133,-9.9844,-10.6875,0.0,0.0,0.9903737902641296,0.00034746353048831224,0.8057917952537537,0.001988862408325076,0.5379464030265808,0.5168299078941345,0.11186256259679794,0.1691153645515442,0.09771455079317093
4050,-11.932,-13.0477,-24.9797,-10.1562,-10.625,0.0,0.0,0.9937946200370789,0.0040147206746041775,0.8686506152153015,0.000871839583851397,0.6343005895614624,0.5386738181114197,0.11617692559957504,0.15150807797908783,0.08916355669498444
4055,-12.2328,-12.8727,-25.1055,-10.3594,-10.3125,0.0,0.0,0.9964463114738464,0.002332361415028572,0.8924758434295654,0.00046104195644147694,0.7220982313156128,0.5249922275543213,0.13331778347492218,0.1529073417186737,0.084305040538311
4060,-11.725,-12.9859,-24.7109,-10.25,-10.1562,0.0,0.0,0.9945282340049744,0.002447552513331175,0.8109517693519592,0.001913875574246049,0.6927083134651184,0.5540655851364136,0.1111629381775856,0.14905938506126404,0.08123445510864258
4065,-12.0879,-12.9867,-25.0746,-10.2656,-10.3359,0.0,0.0,0.9944322109222412,0.001868576742708683,0.8572884798049927,0.0008869179873727262,0.7079613208770752,0.5305503606796265,0.12480565905570984,0.15251865983009338,0.0876476988196373
4070,-12.0047,-12.1898,-24.1945,-10.2891,-10.2188,0.0,0.0,0.9980804920196533,0.002934463554993272,0.9030037522315979,0.0,0.8578869104385376,0.5872201323509216,0.11920864135026932,0.12422263622283936,0.06487096101045609
4075,-11.9773,-12.5141,-24.4914,-10.2109,-10.0938,0.0,0.0,0.9959094524383545,0.004986701998859644,0.8571847677230835,0.0005117707187309861,0.8195684552192688,0.5701181888580322,0.11691541969776154,0.13254041969776154,0.07594837993383408
4080,-11.8879,-12.9754,-24.8633,-10.2266,-10.2969,0.0,0.0,0.9948087334632874,0.000674991577398032,0.8234832882881165,0.0022820630110800266,0.7046130895614624,0.5465640425682068,0.11516635864973068,0.14863184094429016,0.08516013622283936
4085,-11.732,-12.6789,-24.4109,-10.0391,-10.4609,0.0,0.0,0.9959231019020081,0.006241331342607737,0.8192571997642517,0.004434589762240648,0.750372052192688,0.5720226764678955,0.11209577322006226,0.1412857621908188,0.07011815905570984
4090,-12.116,-12.7945,-24.9105,-10.2422,-10.5234,0.0,0.0,0.9927395582199097,0.003939393907785416,0.8569140434265137,0.00048007682198658586,0.7883184552192688,0.5406949520111084,0.128264918923378,0.1456001251935959,0.08096237480640411
4095,-12.318,-12.7,-25.018,-10.1797,-10.3203,0.0,0.0,0.9958740472793579,0.0086696557700634,0.8614457845687866,0.00538599630817771,0.8173363208770752,0.5369636416435242,0.13001398742198944,0.14194652438163757,0.08659826219081879
4100,-12.2977,-12.3656,-24.6633,-10.2969,-10.1797,0.0,0.0,0.99665367603302,0.011114449240267277,0.9123376607894897,0.0005053057102486491,0.8575148582458496,0.5575248599052429,0.1293921023607254,0.1316853165626526,0.07692008465528488
4105,-12.1137,-12.2145,-24.3281,-10.1797,-10.2734,0.0,0.0,0.9969027638435364,0.004073957912623882,0.9194915294647217,0.0005906674778088927,0.8508184552192688,0.5772699117660522,0.1240282952785492,0.1284203976392746,0.06580379605293274
4110,-12.1297,-12.0734,-24.2031,-10.2344,-10.2344,0.0,0.0,0.9975525736808777,0.00896286778151989,0.9298590421676636,0.0051516885869205,0.8991815447807312,0.587608814239502,0.1214241310954094,0.11858675628900528,0.06790267676115036
4115,-11.8535,-12.1512,-24.0047,-10.1562,-10.1797,0.0,0.0,0.9962330460548401,0.007523939944803715,0.9310124516487122,0.006297229323536158,0.8143601417541504,0.5984530448913574,0.11365050077438354,0.12169620394706726,0.061722636222839355
4120,-11.9668,-12.902,-24.8688,-10.1484,-10.3594,0.0,0.0,0.9900057315826416,0.003592423163354397,0.8769149780273438,0.005494505632668734,0.7016369104385376,0.544465184211731,0.11901430040597916,0.14715485274791718,0.08488806337118149
4125,-12.2223,-12.7578,-24.9801,-10.1797,-10.2969,0.0,0.0,0.9916913509368896,0.0066828676499426365,0.9038617610931396,0.002268602605909109,0.7533482313156128,0.5379741787910461,0.12795397639274597,0.14392879605293274,0.08566541969776154
4130,-12.1023,-13.0316,-25.134,-10.1016,-10.5469,0.0,0.0,0.9915791153907776,0.0033033033832907677,0.8799705505371094,0.0036084798630326986,0.6882440447807312,0.5215718150138855,0.12943096458911896,0.15834887325763702,0.08617071062326431
4135,-11.7887,-12.6723,-24.4609,-10.1406,-10.3516,0.0,0.0,0.9894888997077942,0.00935203768312931,0.8696482181549072,0.004936917219310999,0.7485119104385376,0.5657649040222168,0.1163712665438652,0.14252954721450806,0.07085665315389633
4140,-12.0113,-12.2199,-24.2313,-10.0312,-10.3828,0.0,0.0,0.9923871159553528,0.013888888992369175,0.9202783703804016,0.00514579750597477,0.8452380895614624,0.5871424078941345,0.11753731220960617,0.12286224961280823,0.06798040866851807
4145,-12.091,-12.132,-24.223,-10.2266,-10.2266,0.0,0.0,0.9942659139633179,0.011522890068590641,0.9215316772460938,0.0030395137146115303,0.8984375,0.5829446315765381,0.12480565905570984,0.12383395433425903,0.06393811851739883
4150,-12.5223,-12.2914,-24.8137,-10.3906,-10.2734,0.0,0.0,0.9966545701026917,0.013487475924193859,0.9384932518005371,0.0025510203558951616,0.9002976417541504,0.5460587739944458,0.14120802283287048,0.1320739984512329,0.07618159055709839
4155,-12.3758,-11.9656,-24.3414,-10.2734,-10.0859,0.0,0.0,0.9970446228981018,0.04090641438961029,0.9429042935371399,0.00638051051646471,0.9281994104385376,0.5786691308021545,0.1320739984512329,0.11777052283287048,0.06700870394706726
4160,-12.6289,-11.8766,-24.5055,-10.4219,-10.0938,0.0,0.0,0.9980150461196899,0.07522986829280853,0.9524601101875305,0.01854882761836052,0.9419642686843872,0.5678638219833374,0.1394978165626526,0.11691541969776154,0.07124533504247665
4165,-12.4324,-11.7762,-24.2086,-10.3516,-10.1406,0.0,0.0,0.9992037415504456,0.06552623957395554,0.9651604294776917,0.004315659869462252,0.9419642686843872,0.5857431888580322,0.13405628502368927,0.11267879605293274,0.06304415315389633
4170,-12.368,-11.3508,-23.7188,-10.3203,-10.0625,0.0,0.0,0.999180793762207,0.1383780539035797,0.9780088067054749,0.012564671225845814,0.976190447807312,0.6167988181114197,0.12892568111419678,0.09720926731824875,0.05258861929178238
4175,-12.6168,-11.7742,-24.391,-10.5312,-10.1094,0.0,0.0,0.9993868470191956,0.07240065187215805,0.9782025218009949,0.007620164193212986,0.9680059552192688,0.5705068111419678,0.14280161261558533,0.11590485274791718,0.06630907952785492
4180,-12.6137,-11.6562,-24.2699,-10.6016,-10.0625,0.0,0.0,0.9982509016990662,0.103183314204216,0.9701441526412964,0.007421150337904692,0.9735863208770752,0.5777751803398132,0.14163556694984436,0.11326181888580322,0.06284981220960617
4185,-12.5449,-11.4914,-24.0363,-10.4219,-10.0,0.0,0.0,0.9984382390975952,0.12996286153793335,0.9829609990119934,0.011103853583335876,0.9672619104385376,0.5972869992256165,0.136077418923378,0.10265080630779266,0.05950715020298958
4190,-12.493,-11.5391,-24.032,-10.3672,-10.1094,0.0,0.0,0.9990878105163574,0.1078658178448677,0.9771891236305237,0.012532981112599373,0.9642857313156128,0.5965484976768494,0.13440608978271484,0.10564365983009338,0.05892413109540939
4195,-12.5074,-11.7926,-24.3,-10.4375,-9.9922,0.0,0.0,0.9978490471839905,0.07021517306566238,0.9696458578109741,0.006602641195058823,0.9486607313156128,0.5782415866851807,0.1372823417186737,0.11524409055709839,0.06475435197353363
4200,-12.5996,-11.6059,-24.2055,-10.5703,-10.0312,0.0,0.0,0.9975917935371399,0.1168726459145546,0.9789509773254395,0.005438477266579866,0.9583333134651184,0.58104008436203,0.14466728270053864,0.11263992637395859,0.05717506259679794
4205,-12.4203,-11.6504,-24.0707,-10.5312,-10.0391,0.0,0.0,0.9990182518959045,0.0715547725558281,0.9722518920898438,0.0077220075763762,0.965029776096344,0.5938665866851807,0.1319962739944458,0.10925839841365814,0.06040111929178238
4210,-12.6059,-11.4656,-24.0715,-10.5781,-10.0391,0.0,0.0,0.9993450045585632,0.13593049347400665,0.9789122939109802,0.003994673956185579,0.9706101417541504,0.5934001803398132,0.1386815905570984,0.1050606369972229,0.05837997421622276
4215,-12.727,-11.35,-24.077,-10.5703,-10.0078,0.0,0.0,0.999540388584137,0.16445407271385193,0.9823772311210632,0.014462810009717941,0.976934552192688,0.5919620394706726,0.1434623748064041,0.10366138070821762,0.05643656849861145
4220,-12.5066,-11.5023,-24.009,-10.8438,-9.9531,0.0,0.0,0.9990255832672119,0.1412510871887207,0.9665178656578064,0.007387508172541857,0.9475446343421936,0.5983364582061768,0.13483364880084991,0.10447761416435242,0.05787469074130058
4225,-12.534,-11.4934,-24.0273,-10.5703,-9.9609,0.0,0.0,0.9978380799293518,0.14829322695732117,0.9662186503410339,0.00828157365322113,0.961309552192688,0.5932835936546326,0.1389147937297821,0.10700403898954391,0.056319963186979294
4230,-12.4918,-11.3551,-23.8469,-10.4922,-10.0469,0.0,0.0,0.9985887408256531,0.17744705080986023,0.9670588374137878,0.007107320707291365,0.976934552192688,0.6059157252311707,0.13580535352230072,0.09911380708217621,0.0546875
4235,-12.4418,-11.3801,-23.8219,-10.5625,-9.9531,0.0,0.0,0.9984737634658813,0.15423476696014404,0.9694596529006958,0.012177650816738605,0.9583333134651184,0.611201822757721,0.13079135119915009,0.09926927834749222,0.054259948432445526
4240,-12.6008,-11.0996,-23.7004,-10.8984,-10.0078,0.0,0.0,0.9995589852333069,0.2322033941745758,0.9773890972137451,0.014018691144883633,0.980654776096344,0.6169154047966003,0.13759328424930573,0.09110696613788605,0.049906715750694275
4245,-13.3543,-10.5242,-23.8785,-12.9844,-9.5625,0.0,0.0,0.999285876750946,0.40362706780433655,0.9839228391647339,0.04576856642961502,0.984747052192688,0.5987251400947571,0.16717195510864258,0.08461598306894302,0.04500932991504669
4250,-13.3605,-10.691,-24.0516,-12.2656,-9.5234,0.0,0.0,0.9988048076629639,0.36848071217536926,0.987904965877533,0.05099601671099663,0.9906994104385376,0.5853545069694519,0.17140857875347137,0.08997979015111923,0.04877953976392746
4255,-12.8844,-11.0105,-23.8949,-10.8984,-9.8203,0.0,0.0,0.9987112283706665,0.2856016755104065,0.9742489457130432,0.02888086624443531,0.984375,0.6031949520111084,0.14793221652507782,0.09056281298398972,0.05383240059018135
4260,-12.7582,-11.2336,-23.9918,-10.8359,-9.9922,0.0,0.0,0.9991481304168701,0.21432332694530487,0.9796231985092163,0.02753623202443123,0.9750744104385376,0.5931670069694519,0.1476212739944458,0.10109607875347137,0.05363805964589119
4265,-13.1645,-11.3258,-24.4902,-11.3125,-9.7188,0.0,0.0,0.9988986253738403,0.22572050988674164,0.982586145401001,0.021958457306027412,0.9795386791229248,0.5646377205848694,0.1604866236448288,0.1049051582813263,0.06549284607172012
4270,-12.8129,-11.2555,-24.0684,-10.9688,-9.8438,0.0,0.0,0.9989481568336487,0.2039853185415268,0.9802708029747009,0.014685315079987049,0.988467276096344,0.5912235975265503,0.14824315905570984,0.10047419369220734,0.0555814690887928
4275,-12.8379,-10.909,-23.7469,-11.0,-9.8984,0.0,0.0,0.9989820122718811,0.29329460859298706,0.9817391037940979,0.02267206460237503,0.988467276096344,0.6108908653259277,0.14723259210586548,0.08939676731824875,0.048002175986766815
4280,-12.8844,-11.0457,-23.9301,-11.375,-9.8047,0.0,0.0,0.9990286231040955,0.2710546851158142,0.9789915680885315,0.03016924299299717,0.9813988208770752,0.6002021431922913,0.1499922275543213,0.09250622242689133,0.05282182991504669
4285,-13.1125,-11.05,-24.1625,-11.2344,-9.9453,0.0,0.0,0.9975230693817139,0.2885441482067108,0.9712174534797668,0.025354214012622833,0.9817708134651184,0.5806125402450562,0.16285759210586548,0.099930040538311,0.05212220177054405
4290,-12.9203,-11.2867,-24.207,-11.4219,-9.7578,0.0,0.0,0.997548520565033,0.24185068905353546,0.9500195384025574,0.015170670114457607,0.9698660969734192,0.5866371393203735,0.14785447716712952,0.09954135864973068,0.06148942932486534
4295,-12.5512,-11.4273,-23.9785,-10.6641,-9.9844,0.0,0.0,0.9983786344528198,0.1829199492931366,0.9389635324478149,0.015667574480175972,0.968377947807312,0.5993081331253052,0.13790422677993774,0.10125155746936798,0.05705845728516579
4300,-12.8391,-11.4703,-24.3094,-10.9609,-10.0469,0.0,0.0,0.9981030821800232,0.20118191838264465,0.943756639957428,0.015384615398943424,0.9627976417541504,0.5737329125404358,0.1512748748064041,0.10988028347492218,0.06063432991504669
4305,-12.8293,-11.4734,-24.3027,-11.0859,-9.8438,0.0,0.0,0.995542049407959,0.22820712625980377,0.9386371970176697,0.01573316566646099,0.9401041865348816,0.5754430890083313,0.14937034249305725,0.10894744843244553,0.06176150590181351
4310,-12.8523,-11.3125,-24.1648,-10.9766,-9.8047,0.0,0.0,0.997281551361084,0.24538744986057281,0.954285740852356,0.017543859779834747,0.9486607313156128,0.5862095952033997,0.1474657952785492,0.10202892124652863,0.059818096458911896
4315,-12.5992,-11.4004,-23.9996,-10.9219,-9.75,0.0,0.0,0.9979969263076782,0.19982847571372986,0.9618896245956421,0.007110536564141512,0.945684552192688,0.6015236377716064,0.13596081733703613,0.09790889173746109,0.06012904271483421
4320,-13.132,-11.298,-24.4301,-11.6328,-9.8281,0.0,0.0,0.9984907507896423,0.25822722911834717,0.9653519988059998,0.014492753893136978,0.9553571343421936,0.566581130027771,0.16180814802646637,0.10544931888580322,0.0616837702691555
4325,-13.0891,-11.1285,-24.2176,-11.4453,-9.6172,0.0,0.0,0.9981996417045593,0.3095951974391937,0.9552000164985657,0.02401038259267807,0.9419642686843872,0.5829057693481445,0.15555037558078766,0.0971703976392746,0.0598958320915699
4330,-13.2086,-10.7207,-23.9293,-12.2891,-9.6172,0.0,0.0,0.9988232851028442,0.38372093439102173,0.9790940880775452,0.02514193020761013,0.9616815447807312,0.5945662260055542,0.16379041969776154,0.08924129605293274,0.04792444035410881
4335,-14.1934,-10.2477,-24.441,-14.8828,-8.8594,0.0,0.0,0.9997193813323975,0.49579349160194397,0.975319504737854,0.0419580414891243,0.9735863208770752,0.55402672290802,0.2032804787158966,0.08819185197353363,0.05002332106232643
4340,-14.1602,-10.1758,-24.3359,-15.1094,-8.6875,0.0,0.0,0.9989602565765381,0.5018133521080017,0.975576639175415,0.04557179659605026,0.9773065447807312,0.5607509613037109,0.20363028347492218,0.0859375,0.04520367085933685
4345,-13.5449,-10.4734,-24.0184,-13.4766,-8.9062,0.0,0.0,0.9985380172729492,0.455078125,0.9756657481193542,0.04477611929178238,0.964657723903656,0.5848880410194397,0.17910447716712952,0.08465485274791718,0.046875
4350,-13.1172,-10.9199,-24.0371,-12.2734,-9.3203,0.0,0.0,0.9984222054481506,0.3432689905166626,0.9662731885910034,0.025659823790192604,0.9594494104385376,0.5912235975265503,0.1590873748064041,0.09219527244567871,0.05301617085933685
4355,-13.1793,-10.7301,-23.9094,-12.4453,-9.375,0.0,0.0,0.9991589188575745,0.378543496131897,0.9738267064094543,0.03996865078806877,0.9553571343421936,0.6007462739944458,0.15904851257801056,0.08613184094429016,0.04959576949477196
4360,-12.6152,-11.2102,-23.8254,-10.7656,-9.8984,0.0,0.0,0.9984595775604248,0.24536140263080597,0.9577352404594421,0.020134227350354195,0.9523809552192688,0.6055659055709839,0.14035291969776154,0.09748134016990662,0.05212220177054405
4365,-12.7469,-11.1801,-23.927,-10.8281,-9.9609,0.0,0.0,0.9979920983314514,0.2491312474012375,0.968362033367157,0.019809244200587273,0.9616815447807312,0.6000854969024658,0.14540578424930573,0.09705379605293274,0.0529773011803627
4370,-12.391,-11.266,-23.657,-10.7969,-9.9297,0.0,0.0,0.9967330694198608,0.22347697615623474,0.9546184539794922,0.005520504899322987,0.9397321343421936,0.6186645030975342,0.13079135119915009,0.09678171575069427,0.04928482696413994
4375,-12.9863,-11.3035,-24.2898,-11.5859,-9.8281,0.0,0.0,0.9967620372772217,0.27647799253463745,0.9616957902908325,0.013530927710235119,0.9200148582458496,0.5761815905570984,0.15450093150138855,0.10451647639274597,0.060323383659124374
4380,-12.6758,-11.7277,-24.4035,-10.6484,-9.9922,0.0,0.0,0.9980360269546509,0.16043956577777863,0.937216579914093,0.01018675696104765,0.9188988208770752,0.5739272236824036,0.14148010313510895,0.11143501102924347,0.068680040538311
4385,-13.2383,-11.5133,-24.7516,-11.8984,-9.7891,0.0,0.0,0.9982250332832336,0.23762376606464386,0.9510006904602051,0.019283747300505638,0.9386160969734192,0.5474579930305481,0.1648787260055542,0.11263992637395859,0.07054571062326431
4390,-12.4082,-11.5551,-23.9633,-10.4609,-9.9453,0.0,0.0,0.9980529546737671,0.1525670886039734,0.9475409984588623,0.010966415517032146,0.9304315447807312,0.5988805890083313,0.13324004411697388,0.1066930964589119,0.056708645075559616
4395,-12.6219,-11.566,-24.1879,-10.7109,-9.9141,0.0,0.0,0.998344898223877,0.17807066440582275,0.9418262243270874,0.006654567550867796,0.9427083134651184,0.587103545665741,0.13860385119915009,0.10556592047214508,0.06424906849861145
4400,-12.8945,-11.4086,-24.3031,-11.5234,-10.0938,0.0,0.0,0.9981786012649536,0.20457465946674347,0.963506281375885,0.009803921915590763,0.9497767686843872,0.5761815905570984,0.15123601257801056,0.10863650590181351,0.059468284249305725
4405,-12.9168,-11.2504,-24.1672,-11.6328,-9.7109,0.0,0.0,0.9975988864898682,0.23402637243270874,0.9793233275413513,0.006237006280571222,0.9713541865348816,0.5827503204345703,0.15329602360725403,0.10338930040597916,0.05608675256371498
4410,-12.6562,-11.1762,-23.8324,-11.1719,-9.7422,0.0,0.0,0.9987818002700806,0.22723521292209625,0.9698432087898254,0.009841029532253742,0.9765625,0.6062266826629639,0.1412857621908188,0.09666511416435242,0.05134483799338341
4415,-12.5539,-11.4348,-23.9887,-10.7031,-9.9297,0.0,0.0,0.9988966584205627,0.16932271420955658,0.9642991423606873,0.008922443725168705,0.9430803656578064,0.5988805890083313,0.13658271729946136,0.10342817008495331,0.05663090944290161
4420,-12.4746,-11.9848,-24.4594,-10.4297,-10.3594,0.0,0.0,0.9930963516235352,0.1046312153339386,0.9362319111824036,0.008854455314576626,0.8969494104385376,0.568641185760498,0.13596081733703613,0.1206856369972229,0.0702347606420517
4425,-12.423,-12.0727,-24.4957,-10.4453,-10.1875,0.0,0.0,0.991675853729248,0.11076130717992783,0.9307644367218018,0.012101209722459316,0.8660714030265808,0.5649875402450562,0.13580535352230072,0.12406716495752335,0.07066231220960617
4430,-12.4164,-12.4187,-24.8352,-10.4297,-10.5,0.0,0.0,0.9906608462333679,0.05465288087725639,0.9090100526809692,0.002794597065076232,0.847470223903656,0.5493625402450562,0.13156871497631073,0.13114117085933685,0.08344993740320206
4435,-12.2906,-12.2309,-24.5215,-10.3203,-10.3438,0.0,0.0,0.9914020299911499,0.05751445144414902,0.9254878759384155,0.0011261261533945799,0.8694196343421936,0.5605565905570984,0.13448382914066315,0.13145211338996887,0.06902985274791718
4440,-12.2184,-12.2324,-24.4508,-9.9766,-10.6797,0.0,0.0,0.9923892617225647,0.039270251989364624,0.916923999786377,0.0016198704252019525,0.8638392686843872,0.571983814239502,0.12569962441921234,0.12585510313510895,0.07198382914066315
4445,-12.4359,-12.1582,-24.5941,-10.2969,-10.2031,0.0,0.0,0.9914887547492981,0.06525423377752304,0.9424067735671997,0.008034279569983482,0.8924851417541504,0.5571361780166626,0.13759328424930573,0.12822605669498444,0.07256685197353363
4450,-11.9152,-12.6723,-24.5875,-10.1328,-10.625,0.0,0.0,0.9902662634849548,0.02801932394504547,0.8619189858436584,0.008008542470633984,0.750372052192688,0.5590407252311707,0.1206856369972229,0.1429959535598755,0.07280006259679794
4455,-11.9242,-12.6648,-24.5891,-10.0391,-10.4844,0.0,0.0,0.9890277981758118,0.020129870623350143,0.8897637724876404,0.002131060231477022,0.7265625,0.5597015023231506,0.1197139322757721,0.1431514322757721,0.07295553386211395
4460,-12.0414,-12.3988,-24.4402,-10.4453,-10.1406,0.0,0.0,0.9944713711738586,0.03946952894330025,0.9003205895423889,0.0011166945332661271,0.7834821343421936,0.5694574117660522,0.12309546023607254,0.13335666060447693,0.06961287558078766
4465,-11.9488,-12.509,-24.4578,-10.1875,-10.3047,0.0,0.0,0.9924304485321045,0.030758943408727646,0.8683010339736938,0.0031965903472155333,0.7760416865348816,0.5699626803398132,0.11625466495752335,0.13634949922561646,0.07295553386211395
4470,-11.9723,-12.652,-24.6242,-10.2031,-10.1562,0.0,0.0,0.9932816028594971,0.021206097677350044,0.8617977499961853,0.0,0.7611607313156128,0.5611785054206848,0.11730410158634186,0.13837064802646637,0.07866915315389633
4475,-11.7824,-12.3801,-24.1625,-9.9922,-10.4844,0.0,0.0,0.9938735365867615,0.017525412142276764,0.9091463685035706,0.0,0.753720223903656,0.590018630027771,0.11089085787534714,0.12748755514621735,0.06712531298398972
4480,-11.875,-12.5758,-24.4508,-9.9531,-10.7266,0.0,0.0,0.9883465766906738,0.024446647614240646,0.9078620672225952,0.0005555555690079927,0.7247023582458496,0.5670087337493896,0.11765392124652863,0.14089708030223846,0.06996268779039383
4485,-12.2148,-12.7492,-24.9641,-10.0703,-10.5156,0.0,0.0,0.9915642738342285,0.029569892212748528,0.9130434989929199,0.003297220915555954,0.7139136791229248,0.5344760417938232,0.1301306039094925,0.14839863777160645,0.0825171023607254
4490,-11.9359,-12.7105,-24.6465,-10.1953,-10.6406,0.0,0.0,0.9860566258430481,0.027627818286418915,0.9106085300445557,0.0015748031437397003,0.7087053656578064,0.5547263622283936,0.1223958358168602,0.14435634016990662,0.07404384016990662
4495,-12.1246,-12.7281,-24.8527,-10.1016,-10.5234,0.0,0.0,0.9914823770523071,0.031164070591330528,0.9094329476356506,0.0038554216735064983,0.7116815447807312,0.5430270433425903,0.12721548974514008,0.14462842047214508,0.0806514322757721
4500,-12.0422,-13.0617,-25.1039,-10.1094,-10.625,0.0,0.0,0.9885439872741699,0.0342298299074173,0.8658296465873718,0.0018382353009656072,0.6517857313156128,0.5258861780166626,0.12717661261558533,0.1578824669122696,0.08457711338996887
4505,-11.7809,-13.0207,-24.8016,-10.1719,-10.5703,0.0,0.0,0.9875565767288208,0.030576789751648903,0.8378587961196899,0.005113900639116764,0.6495535969734192,0.5497512221336365,0.11186256259679794,0.1503031700849533,0.08360540866851807
4510,-11.9934,-12.9918,-24.9852,-10.1719,-10.5,0.0,0.0,0.9819668531417847,0.03901825100183487,0.864871621131897,0.000928505090996623,0.6979166865348816,0.5323771834373474,0.12352301180362701,0.15590018033981323,0.08372201770544052
4515,-12.0172,-12.8035,-24.8207,-10.1172,-10.4688,0.0,0.0,0.9923658967018127,0.03077930584549904,0.8738884329795837,0.000939849647693336,0.6860119104385376,0.5498678684234619,0.11870335787534714,0.14423973858356476,0.08271144330501556
4520,-11.5879,-13.4148,-25.0027,-10.1562,-10.625,0.0,0.0,0.9824458360671997,0.018808776512742043,0.7935662865638733,0.0022391402162611485,0.625372052192688,0.5291900038719177,0.11159048229455948,0.16794931888580322,0.08679260313510895
4525,-11.3848,-13.3711,-24.7559,-9.6562,-11.2969,0.0,0.0,0.9759404063224792,0.017430845648050308,0.860344409942627,0.005791505798697472,0.4973958432674408,0.5476523637771606,0.10257307440042496,0.16476212441921234,0.08053482323884964
4530,-11.7703,-13.4977,-25.268,-9.8516,-11.375,0.0,0.0,0.9729007482528687,0.017072400078177452,0.8862393498420715,0.0,0.5200892686843872,0.5091728568077087,0.12293998897075653,0.17766635119915009,0.08574315905570984
4535,-11.2082,-14.3523,-25.5605,-9.3047,-12.5859,0.0,0.0,0.9566658735275269,0.005293005611747503,0.8335913419723511,0.0007818608428351581,0.3069196343421936,0.4924207031726837,0.10280627757310867,0.20087064802646637,0.09942474961280823
4540,-11.3508,-15.5238,-26.8746,-9.2266,-12.7188,0.0,0.0,0.922976016998291,0.006095374468713999,0.7579430341720581,0.0005758710321970284,0.2421875,0.4148010015487671,0.1084032952785492,0.23732897639274597,0.13498911261558533
4545,-11.0395,-15.093,-26.1324,-9.2422,-12.4062,0.0,0.0,0.9260271787643433,0.009321401827037334,0.7495295405387878,0.0021382751874625683,0.3333333432674408,0.45502954721450806,0.1042444035410881,0.22718438506126404,0.10906405746936798
4550,-11.7781,-15.1332,-26.9113,-9.2578,-13.8047,0.0,0.0,0.9212484359741211,0.008904719725251198,0.8357863426208496,0.0024427480529993773,0.306547611951828,0.4022465944290161,0.1309468299150467,0.2350357621908188,0.12729321420192719
4555,-10.8445,-17.134,-27.9785,-8.1016,-15.3438,0.0,0.0,0.8264669179916382,0.001171417417936027,0.6949893832206726,0.0009699321235530078,0.1116071417927742,0.342467337846756,0.09954135864973068,0.2932213842868805,0.16029228270053864
4560,-11.2125,-19.5328,-30.7453,-9.4844,-19.5391,0.0,0.0,0.6933417320251465,0.0011070111067965627,0.5348077416419983,0.0009389671613462269,0.0762648805975914,0.1850513070821762,0.10533270984888077,0.3567708432674408,0.2483675330877304
4565,-10.5117,-18.6316,-29.1434,-7.75,-18.6484,0.0,0.0,0.6858133673667908,0.006112908944487572,0.6212272047996521,0.0008731717825867236,0.1380208283662796,0.2578125,0.10809235274791718,0.3515625,0.1780550330877304
4570,-11.5078,-17.6672,-29.175,-8.9219,-16.3516,0.0,0.0,0.7940307259559631,0.006740196142345667,0.6907684803009033,0.0008227067301049829,0.1223958358168602,0.26305970549583435,0.1268656700849533,0.31662002205848694,0.18897698819637299
4575,-10.8156,-15.9109,-26.7266,-8.2266,-14.8828,0.0,0.0,0.8777233958244324,0.0056597101502120495,0.7811541557312012,0.0010172940092161298,0.161086305975914,0.404967337846756,0.10988028347492218,0.2660525441169739,0.11462219804525375
4580,-10.2715,-16.6242,-26.8957,-8.1562,-14.7656,0.0,0.0,0.8639035820960999,0.005658851936459541,0.6880745887756348,0.004298941697925329,0.1223958358168602,0.3901197016239166,0.09615982323884964,0.29170554876327515,0.11753731220960617
4585,-10.3055,-17.4984,-27.8039,-6.9531,-17.4297,0.0,0.0,0.8569114804267883,0.0015704750549048185,0.6094054579734802,0.0005494505749084055,0.0944940447807312,0.3360152244567871,0.09899719804525375,0.319029837846756,0.14148010313510895
4590,-10.0656,-19.184,-29.2496,-6.5938,-19.7422,0.0,0.0,0.7571672201156616,0.002074688905850053,0.5119814276695251,0.0006377550889737904,0.0944940447807312,0.2508162260055542,0.0936722606420517,0.36819806694984436,0.18283581733703613
4595,-10.4785,-20.6105,-31.0891,-7.3047,-21.8594,0.0,0.0,0.6816674470901489,0.003289473708719015,0.4101235568523407,0.0013525699032470584,0.0747767835855484,0.16410136222839355,0.08271144330501556,0.39008083939552307,0.2586287260055542
4600,-9.7527,-19.3891,-29.1418,-5.7891,-22.0547,0.0,0.0,0.7610464096069336,0.009437832981348038,0.48593735694885254,0.0025328113697469234,0.0948660746216774,0.24366448819637299,0.0947217047214508,0.3883317708969116,0.16880442202091217
4605,-9.8125,-18.257,-28.0695,-4.5703,-22.3125,0.0,0.0,0.7897060513496399,0.005575467832386494,0.5743421316146851,0.0017231475794687867,0.1034226194024086,0.3081079125404358,0.09759794920682907,0.3544776141643524,0.1353389322757721
4610,-10.3406,-16.2246,-26.5652,-6.4844,-18.2266,0.0,0.0,0.8839012384414673,0.0182717926800251,0.701435387134552,0.009433962404727936,0.1395089328289032,0.4060945212841034,0.10210665315389633,0.284320592880249,0.10300061851739883
4615,-10.4801,-15.1523,-25.6324,-7.1562,-16.3906,0.0,0.0,0.9074554443359375,0.025765497237443924,0.8039185404777527,0.0015151514671742916,0.1629464328289032,0.46451336145401,0.1040889322757721,0.24996113777160645,0.07695895433425903
4620,-9.5445,-17.1348,-26.6793,-5.2266,-20.0859,0.0,0.0,0.8537970185279846,0.006044905167073011,0.6235615015029907,0.0012335525825619698,0.0915178582072258,0.38335666060447693,0.09001865983009338,0.3276197016239166,0.09452736377716064
4625,-10.482,-15.5715,-26.0535,-7.5625,-15.5781,0.0,0.0,0.9115130305290222,0.013677811250090599,0.764330267906189,0.0008550662896595895,0.1082589253783226,0.440570592880249,0.10230099409818649,0.2617381811141968,0.09091262519359589
4630,-10.0602,-16.4328,-26.493,-5.9766,-18.8438,0.0,0.0,0.8657718300819397,0.0035363456699997187,0.7118934392929077,0.004836759530007839,0.092261902987957,0.40539491176605225,0.09891946613788605,0.2947761118412018,0.0964319035410881
4635,-9.3516,-17.5125,-26.8641,-4.5938,-21.5156,0.0,0.0,0.8333683609962463,0.0049549550749361515,0.6054732203483582,0.0019700550474226475,0.0770089253783226,0.3697139322757721,0.08628731220960617,0.34087374806404114,0.09864738583564758
4640,-8.6465,-19.1418,-27.7883,-3.4688,-23.7422,0.0,0.0,0.7416515946388245,0.007299270015209913,0.5130794644355774,0.0007342143799178302,0.0736607164144516,0.3002954125404358,0.08519900590181351,0.4041511118412018,0.1058768630027771
4645,-10.3578,-15.8035,-26.1613,-5.8672,-19.0156,0.0,0.0,0.9105324745178223,0.015897046774625778,0.7233127951622009,0.0008620689623057842,0.1190476194024086,0.4313977062702179,0.10268967598676682,0.2712608873844147,0.0901741310954094
4650,-9.5516,-18.4602,-28.0117,-4.1953,-23.3906,0.0,0.0,0.8168202638626099,0.005222981330007315,0.5350923538208008,0.00214460794813931,0.0747767835855484,0.3036380708217621,0.09674284607172012,0.36827582120895386,0.1268656700849533
4655,-10.0422,-16.6973,-26.7395,-4.5938,-21.5156,0.0,0.0,0.8826967477798462,0.010400616563856602,0.6565402746200562,0.0035225048195570707,0.0881696417927742,0.38568875193595886,0.10090173780918121,0.30962374806404114,0.09930814802646637
4660,-8.3477,-20.759,-29.1066,-3.3438,-25.3281,0.0,0.0,0.7549207210540771,0.0030075188260525465,0.3661474883556366,0.001357588917016983,0.065476194024086,0.2231421023607254,0.07754197716712952,0.45168688893318176,0.1431514322757721
4665,-10.1996,-16.6309,-26.8305,-5.8672,-19.1328,0.0,0.0,0.8729694485664368,0.017629407346248627,0.6779966354370117,0.0022255193907767534,0.1004464253783226,0.38522231578826904,0.10362251102924347,0.30188900232315063,0.10478855669498444
4670,-9.2664,-18.3484,-27.6148,-4.7812,-21.9609,0.0,0.0,0.821985125541687,0.014400677755475044,0.5287295579910278,0.006661991588771343,0.067336305975914,0.3242381811141968,0.09176772087812424,0.3686645030975342,0.11085198819637299
4675,-9.7625,-16.7973,-26.5598,-4.7891,-21.1016,0.0,0.0,0.8530782461166382,0.01735270395874977,0.6645327806472778,0.005102040711790323,0.1011904776096344,0.39206311106681824,0.09631530195474625,0.31572607159614563,0.09141790866851807
4680,-8.7832,-21.2871,-30.0703,-5.3359,-25.7969,0.0,0.0,0.6933534741401672,0.012537612579762936,0.3486553728580475,0.0035617011599242687,0.0706845223903656,0.18011504411697388,0.07750310748815536,0.4523864984512329,0.18551772832870483
4685,-9.6375,-17.0121,-26.6496,-5.3984,-20.1875,0.0,0.0,0.8559442162513733,0.0197612177580595,0.6307029128074646,0.00422297278419137,0.1034226194024086,0.38448384404182434,0.09441076219081879,0.32458800077438354,0.0920398011803627
4690,-9.0312,-19.3824,-28.4137,-2.9766,-26.0625,0.0,0.0,0.8259080648422241,0.014369106851518154,0.4353352189064026,0.003470214083790779,0.0706845223903656,0.2739427983760834,0.08655939251184464,0.4006141126155853,0.13440608978271484
4695,-9.9359,-16.3578,-26.2938,-5.8203,-18.9453,0.0,0.0,0.8878268003463745,0.029947388917207718,0.6618941426277161,0.001750547089613974,0.126860111951828,0.41476213932037354,0.09604322165250778,0.2959032952785492,0.08881374448537827
4700,-9.5473,-18.6539,-28.2012,-5.0234,-21.4062,0.0,0.0,0.8488835692405701,0.01094736810773611,0.4883672297000885,0.0008436445496045053,0.092261902987957,0.29244402050971985,0.09231188148260117,0.372551292181015,0.13821516931056976
4705,-8.5039,-19.6344,-28.1383,-3.9141,-23.1094,0.0,0.0,0.8001938462257385,0.006653019227087498,0.4211602807044983,0.000965250947047025,0.0881696417927742,0.28070583939552307,0.07594837993383408,0.4180659055709839,0.12080223858356476
4710,-9.6207,-17.5613,-27.182,-4.7891,-21.2656,0.0,0.0,0.8472115397453308,0.01339829433709383,0.576114296913147,0.004385964944958687,0.1335565447807312,0.353350430727005,0.09573227912187576,0.3400963842868805,0.10634328424930573
4715,-10.5172,-15.6992,-26.2164,-7.3906,-16.625,0.0,0.0,0.8961310982704163,0.029883382841944695,0.7461583018302917,0.00580190634354949,0.1759672611951828,0.42696672677993774,0.10665422677993774,0.26811257004737854,0.09378886967897415
4720,-10.5789,-15.3004,-25.8793,-6.75,-17.4141,0.0,0.0,0.9144793152809143,0.038315631449222565,0.7487195134162903,0.009118541143834591,0.2161458283662796,0.453125,0.1024564653635025,0.2504275441169739,0.0895133689045906
4725,-11.0375,-14.6762,-25.7137,-7.8828,-14.9609,0.0,0.0,0.9345493316650391,0.02573912963271141,0.8151217103004456,0.004432624205946922,0.2726934552192688,0.4709266126155853,0.11174596101045609,0.22516325116157532,0.08768656849861145
4730,-10.9586,-14.3711,-25.3297,-7.1094,-16.4844,0.0,0.0,0.9254515171051025,0.04373278096318245,0.822867214679718,0.010095642879605293,0.3697916567325592,0.4885338842868805,0.1128731369972229,0.22096548974514008,0.07314987480640411
4735,-11.5516,-13.2285,-24.7801,-8.8828,-12.6797,0.0,0.0,0.9651509523391724,0.07186991721391678,0.8871148824691772,0.006768189370632172,0.539434552192688,0.5342428684234619,0.11951959133148193,0.1728467047214508,0.06891324371099472
4740,-11.0176,-14.2109,-25.2285,-7.6484,-15.125,0.0,0.0,0.932086706161499,0.04349339008331299,0.8208409547805786,0.010966057889163494,0.418154776096344,0.49677392840385437,0.11170709133148193,0.21260882914066315,0.07443252205848694
4745,-11.6973,-13.5277,-25.225,-8.9531,-12.9141,0.0,0.0,0.9645472168922424,0.048668503761291504,0.8867253065109253,0.002967359032481909,0.5,0.5043143630027771,0.12698227167129517,0.1856343299150467,0.07859142124652863
4750,-11.6004,-13.0547,-24.6551,-8.9922,-13.1172,0.0,0.0,0.9733715057373047,0.08679868280887604,0.9126393795013428,0.008640552870929241,0.500372052192688,0.5429881811141968,0.11777052283287048,0.16728855669498444,0.06747512519359589
4755,-11.368,-13.3848,-24.7527,-7.8203,-14.9453,0.0,0.0,0.9454612135887146,0.12361382693052292,0.8844425678253174,0.009140768088400364,0.4992559552192688,0.5309390425682068,0.11916977912187576,0.1816309094429016,0.06378264725208282
4760,-11.7,-12.7863,-24.4863,-8.4297,-13.7969,0.0,0.0,0.968146562576294,0.12875939905643463,0.9281901717185974,0.01171875,0.5688244104385376,0.5515391826629639,0.12406716495752335,0.16021455824375153,0.05970149114727974
4765,-11.791,-12.65,-24.441,-8.5078,-13.7812,0.0,0.0,0.9608598351478577,0.16244274377822876,0.9187703132629395,0.02631578966975212,0.6350446343421936,0.5551150441169739,0.12729321420192719,0.1555114984512329,0.05760261043906212
4770,-11.1223,-14.1621,-25.2844,-7.0234,-16.6797,0.0,0.0,0.9123678207397461,0.07995080202817917,0.8391028046607971,0.016443362459540367,0.4609375,0.48523008823394775,0.12639924883842468,0.22007152438163757,0.06382151693105698
4775,-11.8773,-12.0742,-23.9516,-9.2031,-12.1094,0.0,0.0,0.9792280793190002,0.15152478218078613,0.948725700378418,0.02247191034257412,0.7470238208770752,0.5931670069694519,0.12235696613788605,0.12810945510864258,0.05188899114727974
4780,-11.8965,-12.1555,-24.052,-8.8594,-12.7734,0.0,0.0,0.9784560203552246,0.15108592808246613,0.9466666579246521,0.013100436888635159,0.726190447807312,0.5845382213592529,0.12348414212465286,0.13409514725208282,0.05340484902262688
4785,-11.9152,-12.2797,-24.1949,-9.0312,-12.5,0.0,0.0,0.97294020652771,0.12274704873561859,0.9460770487785339,0.01711156778037548,0.7488839030265808,0.5774253606796265,0.1250777393579483,0.1362328976392746,0.05678638070821762
4790,-11.9711,-12.8453,-24.8164,-8.5234,-13.8672,0.0,0.0,0.9616894721984863,0.10029585659503937,0.9209630489349365,0.0184151791036129,0.6703869104385376,0.5346704125404358,0.13137437403202057,0.1598258763551712,0.06965173780918121
4795,-11.7422,-13.0699,-24.8121,-8.7188,-13.2891,0.0,0.0,0.959057092666626,0.09029483795166016,0.9071904420852661,0.019664546474814415,0.5892857313156128,0.5325714945793152,0.1265547275543213,0.1691931039094925,0.06720304489135742
4800,-11.7805,-12.7895,-24.5699,-8.2266,-14.3203,0.0,0.0,0.9550825953483582,0.10280659049749374,0.9253161549568176,0.011818778701126575,0.6688988208770752,0.5460199117660522,0.12740983068943024,0.16289645433425903,0.05919620767235756
4805,-11.6383,-12.7328,-24.3711,-8.2109,-14.1406,0.0,0.0,0.9610317349433899,0.10372511297464371,0.9300472736358643,0.030934767797589302,0.6328125,0.5605565905570984,0.12103544920682907,0.15613339841365814,0.05779695138335228
4810,-11.7176,-13.3664,-25.084,-8.1719,-14.2891,0.0,0.0,0.9503644108772278,0.08023087680339813,0.9062826037406921,0.02687249891459942,0.5438988208770752,0.506646454334259,0.1346781700849533,0.18621735274791718,0.06798040866851807
4815,-11.3008,-13.5813,-24.882,-7.4766,-15.5859,0.0,0.0,0.9372602105140686,0.11597444117069244,0.883306622505188,0.019123997539281845,0.4613095223903656,0.5166744589805603,0.1216573417186737,0.1941853165626526,0.06300528347492218
4820,-11.784,-12.7367,-24.5207,-8.6719,-13.2188,0.0,0.0,0.9658761024475098,0.18413856625556946,0.9094017148017883,0.03335513547062874,0.562127947807312,0.5490127205848694,0.12791511416435242,0.15916511416435242,0.059429414570331573
4825,-11.7324,-13.3051,-25.0375,-7.6484,-15.4531,0.0,0.0,0.944994330406189,0.16932331025600433,0.8714686036109924,0.034725990146398544,0.5334821343421936,0.5144200921058655,0.1292366236448288,0.18023166060447693,0.07163401693105698
4830,-12.302,-11.5215,-23.8234,-9.3359,-12.125,0.0,0.0,0.9823026061058044,0.3037142753601074,0.9651401042938232,0.046296294778585434,0.7708333134651184,0.5995802283287048,0.13603855669498444,0.11372823268175125,0.04617537185549736
4835,-13.3266,-10.3934,-23.7199,-10.7969,-11.0781,0.0,0.0,0.9918187260627747,0.5012323260307312,0.9677846431732178,0.11428571492433548,0.8962053656578064,0.5986084938049316,0.17346858978271484,0.08807525038719177,0.03537002578377724
4840,-13.152,-11.4,-24.552,-9.5078,-12.2969,0.0,0.0,0.9761586785316467,0.36722901463508606,0.9510815143585205,0.09066487848758698,0.8136160969734192,0.5526663661003113,0.16818252205848694,0.11679881811141968,0.05787469074130058
4845,-13.3547,-10.4098,-23.7645,-10.8516,-11.5078,0.0,0.0,0.9867377281188965,0.4924343526363373,0.9590669274330139,0.1535874456167221,0.9148065447807312,0.5978700518608093,0.17467351257801056,0.08830846101045609,0.0346703976392746
4850,-13.1023,-10.6613,-23.7637,-10.6641,-11.2969,0.0,0.0,0.986735999584198,0.4370143711566925,0.9694501161575317,0.09812108427286148,0.909970223903656,0.5977922677993774,0.16507306694984436,0.09542132914066315,0.037235695868730545
4855,-12.6953,-11.2762,-23.9715,-9.4922,-11.9766,0.0,0.0,0.9749336838722229,0.3525252640247345,0.9526115655899048,0.1036970242857933,0.8493303656578064,0.5861318111419678,0.15391790866851807,0.11236784607172012,0.04310479015111923
4860,-13.1914,-10.9203,-24.1117,-10.0469,-12.2266,0.0,0.0,0.9728808999061584,0.44397881627082825,0.9368270039558411,0.1427203118801117,0.886904776096344,0.5704290866851807,0.17622824013233185,0.10828669369220734,0.04057835787534714
4865,-13.1199,-10.5629,-23.6828,-9.9688,-11.9609,0.0,0.0,0.9877001643180847,0.46299809217453003,0.9570796489715576,0.17819707095623016,0.8936011791229248,0.6067319512367249,0.16386815905570984,0.08784203976392746,0.037080224603414536
4870,-13.1215,-10.8762,-23.9977,-9.5391,-12.2344,0.0,0.0,0.9834688901901245,0.39057084918022156,0.9597547054290771,0.16606169939041138,0.9069940447807312,0.5831001400947571,0.16818252205848694,0.10140702873468399,0.04283270984888077
4875,-13.0055,-11.1668,-24.1723,-8.9844,-13.7656,0.0,0.0,0.9582270383834839,0.414095938205719,0.9353896379470825,0.20652173459529877,0.871279776096344,0.5638603568077087,0.1726135015487671,0.1197139322757721,0.039334576576948166
4880,-12.7402,-11.1301,-23.8703,-9.875,-11.2344,0.0,0.0,0.9816561341285706,0.345924973487854,0.9414634108543396,0.13280563056468964,0.8828125,0.5975202322006226,0.150225430727005,0.10358364135026932,0.044193096458911896
4885,-12.5973,-11.6141,-24.2113,-8.9688,-13.5156,0.0,0.0,0.9752669930458069,0.3200199604034424,0.91143798828125,0.11279461532831192,0.7994791865348816,0.564171314239502,0.15570583939552307,0.1294698417186737,0.04617537185549736
4890,-12.1098,-12.1824,-24.2922,-8.5234,-13.6562,0.0,0.0,0.9540795087814331,0.23783032596111298,0.9104357361793518,0.07680372148752213,0.777157723903656,0.5611785054206848,0.1397310346364975,0.14451181888580322,0.050101056694984436
4895,-11.8379,-12.4367,-24.2746,-8.2969,-13.8984,0.0,0.0,0.9544137716293335,0.1970326453447342,0.8906777501106262,0.07505685836076736,0.7325148582458496,0.5635883212089539,0.13098569214344025,0.14968128502368927,0.0512671023607254
4900,-12.5199,-12.1238,-24.6437,-8.8906,-13.2734,0.0,0.0,0.9580399394035339,0.25430360436439514,0.8983911871910095,0.07865168899297714,0.8177083134651184,0.5465251803398132,0.14902052283287048,0.13770988583564758,0.06226678937673569
4905,-12.2094,-11.9469,-24.1562,-8.4219,-14.0234,0.0,0.0,0.9566075205802917,0.28974780440330505,0.8930727243423462,0.08429752290248871,0.8143601417541504,0.571478545665741,0.14179104566574097,0.13522233068943024,0.04703047126531601
4910,-12.8316,-11.4969,-24.3285,-8.8438,-13.8359,0.0,0.0,0.9515341520309448,0.3891114890575409,0.913294792175293,0.11282051354646683,0.8656994104385376,0.5573694109916687,0.16491760313510895,0.1277596354484558,0.04547574743628502
4915,-13.2355,-10.675,-23.9105,-9.2891,-13.1094,0.0,0.0,0.9612284302711487,0.5251041650772095,0.9010860919952393,0.2247191071510315,0.918154776096344,0.5834499597549438,0.17727766931056976,0.10020211338996887,0.03459266200661659
4920,-13.5719,-10.9305,-24.5023,-8.4297,-14.4062,0.0,0.0,0.9616523385047913,0.4768067002296448,0.895902156829834,0.19143356382846832,0.9118303656578064,0.5382074117660522,0.1952347606420517,0.11761505156755447,0.04446517303586006
4925,-13.3938,-10.8051,-24.1988,-8.7812,-13.5625,0.0,0.0,0.970578134059906,0.47524333000183105,0.9145616888999939,0.16372093558311462,0.9133184552192688,0.56541508436203,0.18369092047214508,0.10463308542966843,0.04178326949477196
4930,-13.0645,-11.0348,-24.0992,-8.3516,-14.4922,0.0,0.0,0.9601224660873413,0.4558035731315613,0.8955948948860168,0.15987780690193176,0.9140625,0.5711675882339478,0.17412935197353363,0.1120569035410881,0.0381685309112072
4935,-12.4672,-11.2684,-23.7355,-9.0703,-12.5625,0.0,0.0,0.9658296704292297,0.3844107389450073,0.9048780202865601,0.11574556678533554,0.8857886791229248,0.6005908250808716,0.14610540866851807,0.11155162006616592,0.0372745655477047
4940,-12.0441,-12.3547,-24.3988,-7.6953,-15.2188,0.0,0.0,0.9409955143928528,0.2786931097507477,0.8407894968986511,0.06863468885421753,0.8255208134651184,0.5559701323509216,0.13918687403202057,0.1476989984512329,0.052666354924440384
4945,-12.0273,-12.5547,-24.582,-7.5,-15.7031,0.0,0.0,0.9421944618225098,0.2275334596633911,0.8468864560127258,0.07216494530439377,0.7879464030265808,0.5412780046463013,0.14229632914066315,0.15916511416435242,0.05278296023607254
4950,-11.0301,-13.6727,-24.7027,-5.8047,-19.0938,0.0,0.0,0.9050283432006836,0.15928024053573608,0.7733386158943176,0.03642857074737549,0.687872052192688,0.5279462337493896,0.11664334684610367,0.19651740789413452,0.054415423423051834
4955,-11.807,-12.2219,-24.0289,-7.7656,-15.3359,0.0,0.0,0.9438028931617737,0.25762608647346497,0.873746931552887,0.053321678191423416,0.8177083134651184,0.5789023637771606,0.12869247794151306,0.1434623748064041,0.04446517303586006
4960,-12.2965,-11.6766,-23.973,-8.7266,-13.25,0.0,0.0,0.962018609046936,0.2771587669849396,0.9050350785255432,0.08610400557518005,0.8954613208770752,0.5884250402450562,0.13953669369220734,0.12196828424930573,0.04559234902262688
4965,-12.0078,-11.8719,-23.8797,-8.5391,-13.6016,0.0,0.0,0.9586641192436218,0.24372971057891846,0.9085662364959717,0.07066189497709274,0.8604910969734192,0.5923896431922913,0.13172419369220734,0.12795397639274597,0.0434546023607254
4970,-12.2172,-12.0695,-24.2867,-8.5625,-13.6016,0.0,0.0,0.9636178612709045,0.20555396378040314,0.9063906669616699,0.044016506522893906,0.847470223903656,0.5736940503120422,0.13576647639274597,0.129547581076622,0.056514304131269455
4975,-12.4789,-11.4172,-23.8961,-9.5547,-11.7109,0.0,0.0,0.9749329090118408,0.283023864030838,0.9454042911529541,0.0793071985244751,0.8958333134651184,0.5938665866851807,0.14653295278549194,0.11248445510864258,0.04263836890459061
4980,-12.2355,-11.8195,-24.0551,-8.8047,-13.1172,0.0,0.0,0.9585075974464417,0.2825552821159363,0.9154140949249268,0.0826161801815033,0.8448660969734192,0.5761038661003113,0.14237406849861145,0.13187965750694275,0.0451648011803627
4985,-12.443,-11.2945,-23.7375,-9.0781,-12.5469,0.0,0.0,0.9764190316200256,0.34030985832214355,0.9346662163734436,0.11068335175514221,0.8534226417541504,0.6032726764678955,0.1429959535598755,0.10886971652507782,0.040384016931056976
4990,-13.0043,-10.9008,-23.9051,-9.2188,-12.5703,0.0,0.0,0.9791210889816284,0.413443386554718,0.9446107745170593,0.1287223845720291,0.9092261791229248,0.5864039063453674,0.1648010015487671,0.10385572165250778,0.04046175256371498
4995,-13.4141,-10.5887,-24.0027,-9.5234,-12.4531,0.0,0.0,0.977455735206604,0.4674479067325592,0.9665338397026062,0.166994109749794,0.9270833134651184,0.579291045665741,0.17910447716712952,0.09755907952785492,0.03956778720021248
5000,-13.3777,-10.2758,-23.6535,-10.0078,-10.9922,0.0,0.0,0.9912066459655762,0.48041832447052,0.9799904823303223,0.17070357501506805,0.9553571343421936,0.6055659055709839,0.17467351257801056,0.08158426731824875,0.03369869291782379
