it,s,o,w,s20,o20,lam_s,lam_c,pCC,pCD,pDC,pDD,pSTART,vCC,vCD,vDC,vDD
0,-21.1719,-11.7641,-32.9359,-24.9219,-9.5703,0.5,0.5,0.5057573318481445,0.5138800740242004,0.5208988785743713,0.5115692615509033,0.5089285969734192,0.08776430040597916,0.36683768033981323,0.08648165315389633,0.35443875193595886
5,-20.4645,-12.7723,-33.2367,-23.9609,-11.1875,1.027,0.0,0.470279723405838,0.45423245429992676,0.5245642066001892,0.4632330536842346,0.4832589328289032,0.08893034607172012,0.3273864984512329,0.09810323268175125,0.3811022937297821
10,-20.8168,-11.45,-32.2668,-24.2031,-10.8438,1.1979,0.0,0.5668543577194214,0.546278178691864,0.5413034558296204,0.5298414826393127,0.566592276096344,0.11046330630779266,0.3775264322757721,0.09363339841365814,0.3138992488384247
15,-20.2457,-13.1207,-33.3664,-23.8438,-11.5156,1.3605,0.0,0.4787931740283966,0.4662303924560547,0.45088258385658264,0.42973726987838745,0.4817708432674408,0.08889147639274597,0.3147932291030884,0.10129041969776154,0.3905472755432129
20,-19.4523,-13.9551,-33.4074,-24.2031,-10.7734,1.5116,0.0,0.4460741877555847,0.4316031336784363,0.4406130313873291,0.40639716386795044,0.4326636791229248,0.09009639173746109,0.28754663467407227,0.12173507362604141,0.3961442708969116
25,-19.7656,-13.8559,-33.6215,-23.2969,-12.4453,1.6396,0.0,0.4042450487613678,0.40908488631248474,0.42961975932121277,0.42222222685813904,0.4464285671710968,0.08057369291782379,0.29263836145401,0.11652673780918121,0.40578359365463257
30,-20.0391,-13.8293,-33.8684,-23.7188,-11.7656,1.7913,0.0,0.4236842095851898,0.4261491596698761,0.42023205757141113,0.4065355956554413,0.3872767984867096,0.07384949922561646,0.29341572523117065,0.10719837993383408,0.4210587739944458
35,-19.9211,-13.5836,-33.5047,-23.9062,-11.3906,1.9373,0.0,0.4337962865829468,0.43797796964645386,0.41483035683631897,0.4271298348903656,0.4620535671710968,0.08395522087812424,0.2998678386211395,0.11112406849861145,0.4005752503871918
40,-19.5164,-14.5055,-34.0219,-23.2812,-12.4531,2.0,0.0,0.3991684019565582,0.3862941861152649,0.37183284759521484,0.37459835410118103,0.4345238208770752,0.0747823417186737,0.26714086532592773,0.11812033504247665,0.4354788661003113
45,-20.0195,-13.682,-33.7016,-23.5781,-11.9297,2.0,0.0,0.44163423776626587,0.4429056644439697,0.4192849397659302,0.4010036885738373,0.4464285671710968,0.0799129381775856,0.29749688506126404,0.10762593150138855,0.41048663854599
50,-18.4371,-16.0406,-34.4777,-22.4844,-14.1641,2.0,0.0,0.295480877161026,0.296302855014801,0.3323418200016022,0.3274262249469757,0.3303571343421936,0.06708644330501556,0.2197217047214508,0.14373445510864258,0.46497979760169983
55,-19.4117,-14.7043,-34.116,-22.6719,-13.6953,2.0,0.0,0.3535135090351105,0.38044777512550354,0.3897012174129486,0.3729724884033203,0.375,0.07190609723329544,0.2604166567325592,0.12227922677993774,0.4409204125404358
60,-20.302,-13.0621,-33.3641,-23.4688,-11.9844,2.0,0.0,0.46986860036849976,0.44902941584587097,0.4462406039237976,0.4553195834159851,0.4702380895614624,0.08578202873468399,0.3183690905570984,0.10338930040597916,0.38798195123672485
65,-21.4461,-11.102,-32.548,-24.6094,-10.2891,2.0,0.0,0.5437601208686829,0.5423122644424438,0.5237430334091187,0.55540931224823,0.5625,0.09592662006616592,0.39132463932037354,0.08348880708217621,0.3247823417186737
70,-21.9668,-9.9668,-31.9336,-25.6875,-7.9688,2.0,0.0,0.625,0.6142998337745667,0.5861701965332031,0.6018582582473755,0.569940447807312,0.1094527393579483,0.43271923065185547,0.07307214289903641,0.2802782952785492
75,-21.2613,-11.4785,-32.7398,-25.0938,-9.2031,2.0,0.0,0.5324624180793762,0.5107161402702332,0.5343839526176453,0.5246753096580505,0.5952380895614624,0.09818097203969955,0.37177392840385437,0.08138992637395859,0.3441775441169739
80,-20.5086,-12.5762,-33.0848,-23.3594,-12.3203,2.0,0.0,0.4657770097255707,0.47508344054222107,0.48326846957206726,0.47959399223327637,0.511904776096344,0.09029073268175125,0.337725430727005,0.09989117085933685,0.3676150441169739
85,-21.7137,-10.5375,-32.2512,-25.4062,-8.3906,2.0,0.0,0.5693512558937073,0.5721167325973511,0.567103922367096,0.5724740028381348,0.613095223903656,0.1042444035410881,0.41149720549583435,0.07703669369220734,0.3027440905570984
90,-20.5375,-12.4035,-32.941,-24.25,-10.8438,2.0,0.0,0.5079236030578613,0.48092472553253174,0.4831240177154541,0.4905945956707001,0.5178571343421936,0.09565453976392746,0.341301292181015,0.0990360677242279,0.3595304787158966
95,-21.2063,-11.6707,-32.877,-24.5,-10.3438,2.0,0.0,0.531210720539093,0.5220580697059631,0.4782010018825531,0.5175232291221619,0.5208333134651184,0.0927782952785492,0.3709188401699066,0.08469372242689133,0.34713152050971985
100,-20.4027,-12.6355,-33.0383,-24.125,-10.9062,2.0,0.0,0.4788791239261627,0.4680629372596741,0.482388973236084,0.48696115612983704,0.494047611951828,0.0929337665438652,0.33589863777160645,0.10152363032102585,0.3651663661003113
105,-20.6754,-12.375,-33.0504,-24.1875,-10.9688,2.0,0.0,0.502136766910553,0.49640780687332153,0.4794965386390686,0.4900718331336975,0.4523809552192688,0.09095149487257004,0.3408348858356476,0.09573227912187576,0.3680037260055542
110,-19.8195,-14.2801,-34.0996,-22.5391,-14.4062,2.0,0.0,0.3911583721637726,0.39032837748527527,0.3899371027946472,0.3905494809150696,0.3898809552192688,0.06945739686489105,0.2805114984512329,0.11124067008495331,0.4343128204345703
115,-20.3594,-12.741,-33.1004,-24.2344,-10.9453,2.0,0.0,0.43563511967658997,0.4545239210128784,0.4917106330394745,0.4907253086566925,0.4970238208770752,0.09118469804525375,0.3282027244567871,0.10315609723329544,0.3729788661003113
120,-21.3711,-10.2113,-31.5824,-25.5938,-7.9219,2.0,0.0,0.6232404708862305,0.6107085943222046,0.5935390591621399,0.5951428413391113,0.6309523582458496,0.12978078424930573,0.41305193305015564,0.08061256259679794,0.27207711338996887
125,-20.4922,-12.7566,-33.2488,-24.0469,-11.3203,2.0,0.0,0.4792768955230713,0.46866992115974426,0.46415841579437256,0.45906221866607666,0.5029761791229248,0.08815298229455948,0.3337220251560211,0.0981421023607254,0.3755052983760834
130,-19.3871,-14.6434,-34.0305,-23.0156,-12.9609,2.0,0.0,0.4108329117298126,0.40069007873535156,0.3746397793292999,0.36939966678619385,0.363095223903656,0.07606498897075653,0.259095162153244,0.12138526141643524,0.4389770030975342
135,-19.3387,-14.9453,-34.284,-23.4219,-12.6641,2.0,0.0,0.34132421016693115,0.36615097522735596,0.3640420734882355,0.3597685396671295,0.375,0.06809701770544052,0.24871735274791718,0.12192941457033157,0.4567786157131195
140,-18.5297,-16.3523,-34.882,-22.5938,-13.8281,2.0,0.0,0.28321167826652527,0.31195446848869324,0.2856367230415344,0.2940945327281952,0.2916666567325592,0.05324937775731087,0.2048352062702179,0.1431514322757721,0.4942863881587982
145,-18.0543,-16.7641,-34.8184,-21.7734,-14.7188,2.0,0.0,0.2743484079837799,0.2898229956626892,0.2735426127910614,0.2702445089817047,0.3601190447807312,0.056669775396585464,0.19325248897075653,0.15601679682731628,0.4895833432674408
150,-18.2574,-16.7668,-35.0242,-22.0781,-15.0,2.0,0.0,0.25525525212287903,0.30346763134002686,0.25705912709236145,0.2664867043495178,0.3195684552192688,0.05177238956093788,0.19391325116157532,0.1459110677242279,0.5039256811141968
155,-18.2527,-16.9918,-35.2445,-23.9609,-11.2812,2.0,0.0,0.22676199674606323,0.3059461712837219,0.19278918206691742,0.2670944929122925,0.2760416567325592,0.03805192932486534,0.19348569214344025,0.15523943305015564,0.5087453126907349
160,-17.5188,-18.2711,-35.7898,-23.4766,-12.25,2.0,0.0,0.1458333283662796,0.2725372314453125,0.1240009143948555,0.20539888739585876,0.2254464328289032,0.02798507548868656,0.14874844253063202,0.17020367085933685,0.5485851764678955
165,-16.2145,-20.5105,-36.725,-21.6641,-15.5234,2.0,0.0,0.08118081092834473,0.19090399146080017,0.043207474052906036,0.1018296554684639,0.1075148805975914,0.010533271357417107,0.06922419369220734,0.1997046023607254,0.6160603165626526
170,-15.7625,-21.0383,-36.8008,-21.3047,-16.3594,2.0,0.0,0.09960159659385681,0.14804469048976898,0.03311867639422417,0.07794246822595596,0.1168154776096344,0.009755907580256462,0.055659204721450806,0.21124844253063202,0.618858814239502
175,-15.3801,-21.5816,-36.9617,-20.5781,-17.4609,2.0,0.0,0.09090909361839294,0.12920168042182922,0.022574955597519875,0.05379980430006981,0.0859375,0.005985696334391832,0.03700248897075653,0.2203824669122696,0.63215172290802
180,-16.7922,-20.4508,-37.243,-21.0938,-17.2031,2.0,0.0,0.04123711213469505,0.12155058979988098,0.04447992518544197,0.08240850269794464,0.1160714253783226,0.007540422957390547,0.05915733799338341,0.17039801180362701,0.6584266424179077
185,-16.0457,-20.6898,-36.7355,-21.9766,-14.8516,2.0,0.0384,0.06278026849031448,0.22735141217708588,0.0307837575674057,0.09278611838817596,0.1075148805975914,0.00866759940981865,0.06735852360725403,0.2058068960905075,0.6136893630027771
190,-16.2098,-21.0332,-37.243,-20.4297,-18.2031,2.0,0.0563,0.021276595070958138,0.09128978103399277,0.025630425661802292,0.06681685894727707,0.0877976194024086,0.005480410531163216,0.04640858247876167,0.18804416060447693,0.65558922290802
195,-16.2766,-20.3687,-36.6453,-21.1562,-16.8203,2.0,0.0898,0.08360128849744797,0.17947368323802948,0.05351562425494194,0.10923673957586288,0.118675597012043,0.012087997049093246,0.07384949922561646,0.19900497794151306,0.6105799078941345
200,-15.9141,-21.3867,-37.3008,-20.5391,-18.2656,2.0,0.1088,0.011904762126505375,0.0717703327536583,0.031606320291757584,0.0443740077316761,0.1011904776096344,0.006529850885272026,0.03249378129839897,0.19430193305015564,0.6621968150138855
205,-16.4758,-20.2188,-36.6945,-21.6406,-15.7109,2.0,0.1343,0.12345679104328156,0.17733268439769745,0.061387352645397186,0.10892155766487122,0.1264880895614624,0.01259328331798315,0.07956311851739883,0.1899486929178238,0.6134172677993774
210,-16.9438,-19.2184,-36.1621,-22.2969,-14.5391,2.0,0.1316,0.11591695249080658,0.22088755667209625,0.09859155118465424,0.16340753436088562,0.1726190447807312,0.022465795278549194,0.11648787558078766,0.1821361929178238,0.5744325518608093
215,-15.9324,-20.7348,-36.6672,-20.3672,-17.9531,2.0,0.1306,0.03966597095131874,0.07687120884656906,0.09876304864883423,0.09010311961174011,0.0997023805975914,0.018617847934365273,0.05764148011803627,0.20110385119915009,0.6181591749191284
220,-17.2344,-19.0461,-36.2805,-22.6875,-14.1094,2.0,0.1317,0.15439856052398682,0.2366723269224167,0.11075805872678757,0.15496960282325745,0.1860119104385376,0.021649565547704697,0.11446672677993774,0.17125311493873596,0.5881530046463013
225,-16.9711,-19.5094,-36.4805,-20.9688,-17.1016,2.0,0.1113,0.15656565129756927,0.13666947185993195,0.1350191980600357,0.13543064892292023,0.1547619104385376,0.02308768592774868,0.09242848306894302,0.17214708030223846,0.6078591346740723
230,-17.1,-19.4766,-36.5766,-21.3281,-16.3828,2.0,0.0936,0.12520325183868408,0.14466693997383118,0.12651030719280243,0.13041822612285614,0.1770833283662796,0.023903917521238327,0.09511038661003113,0.1640625,0.612445592880249
235,-16.468,-20.2531,-36.7211,-21.0781,-16.9766,2.0,0.1144,0.11914893984794617,0.09853816777467728,0.08890289813280106,0.10241152346134186,0.1540178507566452,0.018268035724759102,0.07178948819637299,0.18493470549583435,0.6205301880836487
240,-17.1148,-19.1059,-36.2207,-21.3828,-16.1328,2.0,0.1068,0.11644832789897919,0.1665540486574173,0.1425369828939438,0.16060544550418854,0.189360111951828,0.02670242451131344,0.11504974961280823,0.1734297275543213,0.5803405046463013
245,-16.1465,-19.532,-35.6785,-20.75,-16.6953,2.0,0.0862,0.14898177981376648,0.15103396773338318,0.15981042385101318,0.16001132130622864,0.2098214328289032,0.03626399114727974,0.10525497794151306,0.20502954721450806,0.5489738583564758
250,-17.8219,-18.2437,-36.0656,-21.1172,-16.8047,2.0,0.0534,0.2329317331314087,0.19855596125125885,0.21934089064598083,0.17565588653087616,0.2388392835855484,0.03871268779039383,0.12919776141643524,0.143889918923378,0.5837219953536987
255,-17.6746,-18.0145,-35.6891,-21.2734,-16.4922,2.0,0.0198,0.24264121055603027,0.21778886020183563,0.24421927332878113,0.19092495739459991,0.2734375,0.048857275396585464,0.14027518033981323,0.14960354566574097,0.5567863583564758
260,-17.0672,-19.4484,-36.5156,-21.0703,-17.0625,2.0,0.0,0.19054241478443146,0.14231258630752563,0.14417394995689392,0.1266450434923172,0.1848958283662796,0.02794620580971241,0.09176772087812424,0.16445118188858032,0.6113572716712952
265,-16.768,-19.4234,-36.1914,-21.0469,-17.0156,2.0,0.0,0.1859356313943863,0.147996723651886,0.1628628373146057,0.13751475512981415,0.1938244104385376,0.03261038661003113,0.09507151693105698,0.17541199922561646,0.5924285054206848
270,-17.0223,-19.3953,-36.4176,-20.7812,-17.5703,2.0,0.0,0.17483443021774292,0.17252656817436218,0.15217390656471252,0.12436727434396744,0.209077388048172,0.02934546023607254,0.09507151693105698,0.16449004411697388,0.6066153645515442
275,-16.8434,-19.3195,-36.1629,-21.7266,-15.1875,2.0,0.0,0.08100147545337677,0.1666068285703659,0.12837691605091095,0.15740182995796204,0.192336305975914,0.02639148011803627,0.10824782401323318,0.1798429787158966,0.58104008436203
280,-17.6027,-18.477,-36.0797,-21.7266,-15.7969,2.0,0.0,0.1860465109348297,0.22235089540481567,0.16349168121814728,0.18330959975719452,0.1841517835855484,0.02674129419028759,0.13425062596797943,0.16118626296520233,0.5733442306518555
285,-17.752,-17.3758,-35.1277,-22.4375,-14.2812,2.0,0.0,0.22704507410526276,0.2687224745750427,0.2385016530752182,0.2513757348060608,0.2745535671710968,0.04656405374407768,0.17646144330501556,0.16394589841365814,0.5085510015487671
290,-17.9293,-17.1723,-35.1016,-23.1875,-12.6172,2.0,0.0,0.23400673270225525,0.2978358566761017,0.22265435755252838,0.25805217027664185,0.2842261791229248,0.04617537185549736,0.1813977062702179,0.1599036008119583,0.5080457329750061
295,-17.1082,-18.668,-35.7762,-21.9297,-14.5,2.0,0.0,0.1581798493862152,0.17769208550453186,0.16714505851268768,0.19244566559791565,0.2347470223903656,0.03587530925869942,0.131024569272995,0.1760338991880417,0.5525886416435242
300,-17.1477,-19.3742,-36.5219,-21.0312,-16.8828,2.0,0.0,0.12518194317817688,0.1552475243806839,0.13162924349308014,0.1389847844839096,0.1588541716337204,0.02670242451131344,0.0981421023607254,0.16270211338996887,0.6079757213592529
305,-16.1844,-20.0352,-36.2195,-21.0234,-16.2891,2.0,0.0,0.13650307059288025,0.16440831124782562,0.10498636215925217,0.1267952173948288,0.158110111951828,0.02534203976392746,0.08605410158634186,0.1995491236448288,0.5845771431922913
310,-17.102,-19.0965,-36.1984,-22.6953,-13.7188,2.0,0.0,0.11209964752197266,0.2287811040878296,0.10095735639333725,0.16415785253047943,0.177827388048172,0.02184390462934971,0.12181281298398972,0.1786380559206009,0.57322758436203
315,-16.8,-19.7707,-36.5707,-22.0938,-14.7109,2.0,0.0,0.10109890252351761,0.18576906621456146,0.08879310637712479,0.12328504025936127,0.161086305975914,0.01768501289188862,0.0912235677242279,0.1803482621908188,0.6062655448913574
320,-16.4707,-19.6348,-36.1055,-21.3516,-15.7734,2.0,0.0,0.15959252417087555,0.22031310200691223,0.1101728230714798,0.14138399064540863,0.1662946492433548,0.02289334498345852,0.10179571062326431,0.1979166716337204,0.5729166865348816
325,-16.6945,-20.3238,-37.0184,-21.9766,-15.1797,2.0,0.0,0.07621951401233673,0.1480206549167633,0.06767250597476959,0.08874984830617905,0.1290922611951828,0.01274875644594431,0.06774719804525375,0.17517879605293274,0.6398476362228394
330,-16.3945,-20.4223,-36.8168,-20.8906,-17.0938,2.0,0.0017,0.0916905477643013,0.13413897156715393,0.07471026480197906,0.0956553965806961,0.118675597012043,0.013564987108111382,0.06432680040597916,0.18781094253063202,0.6298196315765381
335,-16.6043,-20.7656,-37.3699,-20.8984,-17.3828,2.0,0.0251,0.016393441706895828,0.10522213578224182,0.03455284610390663,0.06858742237091064,0.09375,0.007112873252481222,0.04986784979701042,0.17210820317268372,0.6664334535598755
340,-16.8137,-20.4723,-37.2859,-20.8047,-17.6172,2.0,0.038,0.0602409653365612,0.10769230872392654,0.05882352963089943,0.07600867003202438,0.1197916641831398,0.009678171947598457,0.0555814690887928,0.1665111929178238,0.6637515425682068
345,-15.6859,-21.3438,-37.0297,-20.3828,-18.0625,2.0,0.0735,0.013513513840734959,0.07073643058538437,0.040307462215423584,0.06072210147976875,0.0840773805975914,0.008628731593489647,0.04011194035410881,0.20732276141643524,0.639458954334259
350,-15.377,-21.6699,-37.0469,-20.2109,-18.3828,2.0,0.1125,0.07943925261497498,0.06557376682758331,0.03870967775583267,0.04250938445329666,0.0892857164144516,0.008317786268889904,0.02845149300992489,0.2168843299150467,0.6418687701225281
355,-15.7605,-21.607,-37.3676,-20.0469,-18.9219,2.0,0.1483,0.006329114083200693,0.02539682574570179,0.03413103148341179,0.0366678312420845,0.0680803582072258,0.006141168996691704,0.02448694035410881,0.1981498748064041,0.6667444109916687
360,-15.7453,-21.6797,-37.425,-19.9453,-19.2188,2.0,0.1875,0.008403361774981022,0.04753819853067398,0.024309607222676277,0.031180918216705322,0.075148805975914,0.004625311121344566,0.02289334498345852,0.199860081076622,0.668143630027771
365,-16.0301,-21.4406,-37.4707,-20.1719,-18.7891,2.0,0.2273,0.007246376946568489,0.06466876715421677,0.027662228792905807,0.03722795099020004,0.0863095223903656,0.005363806150853634,0.02464241348206997,0.18687811493873596,0.6786380410194397
370,-15.2,-21.923,-37.123,-19.9766,-19.1328,2.0,0.2647,0.007518797181546688,0.025996534153819084,0.02427099645137787,0.03445160388946533,0.0799851194024086,0.005169465206563473,0.022426927462220192,0.22259794175624847,0.6453280448913574
375,-15.9793,-21.6945,-37.6738,-19.9141,-19.4688,2.0,0.304,0.0,0.012224938720464706,0.01720520295202732,0.02140483260154724,0.0744047611951828,0.004353233613073826,0.015897076576948166,0.18524564802646637,0.6900264024734497
380,-15.1629,-22.1461,-37.309,-19.75,-19.4688,2.0,0.3516,0.0,0.006006006151437759,0.014159291982650757,0.017738228663802147,0.078125,0.0034203981049358845,0.01294309739023447,0.21960510313510895,0.6595537662506104
385,-15.7355,-21.848,-37.5836,-20.0938,-19.0156,2.0,0.3973,0.0,0.021917808800935745,0.014469771645963192,0.02214505337178707,0.053199402987957,0.002487562131136656,0.014186877757310867,0.19608986377716064,0.682758092880249
390,-15.9887,-21.3008,-37.2895,-20.5312,-17.9062,2.0,0.4374,0.08510638028383255,0.1459934115409851,0.023307213559746742,0.04937981441617012,0.0855654776096344,0.005480410531163216,0.03540889173746109,0.1934468299150467,0.6611862778663635
395,-15.784,-21.8062,-37.5902,-19.8594,-19.3438,2.0,0.4792,0.0,0.02266288921236992,0.014832631684839725,0.022822754457592964,0.0591517873108387,0.003264925442636013,0.01372046023607254,0.19391325116157532,0.6846237778663635
400,-15.7906,-21.7637,-37.5543,-19.7578,-19.5234,2.0,0.525,0.009803921915590763,0.016587678343057632,0.01993957720696926,0.023474445566534996,0.0710565447807312,0.003964552190154791,0.016402363777160645,0.19298040866851807,0.6821750402450562
405,-15.9988,-21.7199,-37.7188,-19.7656,-19.4844,2.0,0.5667,0.0,0.04444444552063942,0.016296295449137688,0.018278367817401886,0.0695684552192688,0.0025264304131269455,0.01399253774434328,0.18365205824375153,0.6953513622283936
410,-15.9902,-21.7453,-37.7355,-20.2266,-18.8906,2.0,0.6228,0.0694444477558136,0.07514450699090958,0.010642826557159424,0.018076322972774506,0.0617559514939785,0.0027985074557363987,0.0134483827278018,0.18260261416435242,0.6966728568077087
415,-15.7672,-21.8867,-37.6539,-20.0234,-19.2266,2.0,0.6677,0.0,0.023728813976049423,0.010131108574569225,0.01759348250925541,0.056175597012043,0.0013215173967182636,0.011466107331216335,0.19566231966018677,0.6870724558830261
420,-15.8316,-21.65,-37.4816,-20.25,-18.6797,2.0,0.7197,0.05263157933950424,0.06896551698446274,0.01689121313393116,0.030818767845630646,0.0758928582072258,0.0036924751475453377,0.02254353277385235,0.19329135119915009,0.6759950518608093
425,-15.8168,-21.7652,-37.582,-19.8828,-19.4375,2.0,0.7591,0.0258620698004961,0.03291139379143715,0.023166023194789886,0.020615629851818085,0.0714285746216774,0.004508706275373697,0.01535292249172926,0.19127021729946136,0.6843905448913574
430,-15.5918,-21.8824,-37.4742,-19.7578,-19.5469,2.0,0.807,0.0810810774564743,0.1077694222331047,0.014939666725695133,0.02190706878900528,0.0632440447807312,0.0028762437868863344,0.015508395619690418,0.20293065905570984,0.6742070913314819
435,-15.2945,-21.9332,-37.2277,-19.4453,-19.375,2.0,0.8478,0.008474576286971569,0.0436507947742939,0.017164312303066254,0.028053492307662964,0.0941220223903656,0.004586442839354277,0.019589552655816078,0.21738961338996887,0.6539567708969116
440,-15.7969,-21.6305,-37.4273,-20.4531,-18.4375,2.0,0.8884,0.01886792480945587,0.08945687115192413,0.015535890124738216,0.030946988612413406,0.0974702388048172,0.004120024852454662,0.02433146722614765,0.19764459133148193,0.6694263219833374
445,-16.8008,-20.15,-36.9508,-21.5234,-16.3672,2.0,0.9212,0.10975609719753265,0.18361152708530426,0.038621898740530014,0.1030135303735733,0.1343005895614624,0.009561567567288876,0.07684235274791718,0.17712220549583435,0.6319962739944458
450,-15.9996,-21.2824,-37.282,-21.2812,-16.5234,2.0,0.9419,0.050632912665605545,0.13245032727718353,0.01455546822398901,0.05588585138320923,0.0725446417927742,0.003070584498345852,0.041083645075559616,0.19760571420192719,0.6537624597549438
455,-16.166,-20.6273,-36.7934,-21.2188,-16.2734,2.0,0.9598,0.10112359374761581,0.21096345782279968,0.023672055453062057,0.09697351604700089,0.100074402987957,0.006918532308191061,0.07019589841365814,0.20195895433425903,0.6164489984512329
460,-16.052,-20.0188,-36.0707,-21.8047,-15.2422,2.0,0.9609,0.1525423675775528,0.28165772557258606,0.04171103984117508,0.14751487970352173,0.115699402987957,0.013759328052401543,0.10129041969776154,0.21898320317268372,0.5614894032478333
465,-16.5184,-20.5742,-37.0926,-22.375,-14.6406,2.0,0.9567,0.1180555522441864,0.24327628314495087,0.01945606619119644,0.08106796443462372,0.1023065447807312,0.005597014911472797,0.06358830630779266,0.1857897937297821,0.6405472755432129
470,-16.4484,-20.3836,-36.832,-23.3359,-12.2734,2.0,0.9757,0.19069766998291016,0.3076120913028717,0.02704351395368576,0.09087497740983963,0.1067708358168602,0.008356654085218906,0.0745491310954094,0.1911536008119583,0.6214630007743835
475,-16.0664,-20.5535,-36.6199,-22.4688,-13.5859,2.0,0.974,0.1582278460264206,0.23723722994327545,0.02225901372730732,0.10577420890331268,0.106398805975914,0.006141168996691704,0.07765857875347137,0.21128731966018677,0.6004353165626526
480,-16.809,-20.232,-37.041,-22.8516,-13.5703,2.0,0.9797,0.1139240488409996,0.17606747150421143,0.028696604073047638,0.09939098358154297,0.1264880895614624,0.006141168996691704,0.0737328976392746,0.17743314802646637,0.638215184211731
485,-16.5809,-20.4422,-37.023,-22.5547,-14.2578,2.0,1.0026,0.10215053707361221,0.17137910425662994,0.02651839144527912,0.09401033818721771,0.1134672611951828,0.007229477632790804,0.06735852360725403,0.18174751102924347,0.6391868591308594
490,-16.9793,-19.4273,-36.4066,-23.5703,-11.7344,2.0,0.9995,0.17000000178813934,0.34233298897743225,0.04606647044420242,0.12896601855754852,0.1774553507566452,0.011660447344183922,0.11229011416435242,0.18477922677993774,0.5867925882339478
495,-14.9512,-21.8137,-36.7648,-20.9062,-16.8984,2.0,1.0056,0.10071942210197449,0.11836282908916473,0.014596172608435154,0.056787315756082535,0.0859375,0.005402673967182636,0.035136815160512924,0.2396610677242279,0.6153218150138855
500,-16.5316,-20.6484,-37.1801,-22.2656,-14.5078,2.0,1.029,0.12396693974733353,0.22730284929275513,0.02298850566148758,0.07353997230529785,0.106398805975914,0.004703047219663858,0.05865205079317093,0.18260261416435242,0.6495646834373474
505,-16.393,-20.3668,-36.7598,-22.4453,-14.0547,2.0,1.0572,0.16756756603717804,0.27825647592544556,0.03035714291036129,0.09651558846235275,0.1183035746216774,0.007190609350800514,0.07668688148260117,0.19589552283287048,0.6157493591308594
510,-14.9961,-22.0004,-36.9965,-20.2031,-17.8125,2.0,1.0783,0.07070706784725189,0.09606987237930298,0.018233522772789,0.035881053656339645,0.081101194024086,0.003847947809845209,0.02670242451131344,0.23235385119915009,0.6326181888580322
515,-16.4059,-21.0863,-37.4922,-21.2578,-16.5234,2.0,1.1132,0.009708737954497337,0.0879676416516304,0.018892794847488403,0.054725226014852524,0.0799851194024086,0.004003420472145081,0.03844061121344566,0.1769278645515442,0.6761505007743835
520,-15.6574,-21.3188,-36.9762,-21.1797,-16.5391,2.0,1.1462,0.10294117778539658,0.12286995351314545,0.026354053989052773,0.06563516706228256,0.081101194024086,0.0052860695868730545,0.043337997049093246,0.21385261416435242,0.6330457329750061
525,-16.2672,-21.0027,-37.2699,-21.3828,-16.1094,2.0,1.1684,0.025641025975346565,0.14198072254657745,0.03234557434916496,0.05970149114727974,0.100074402987957,0.006063432898372412,0.044348571449518204,0.18625621497631073,0.6588541865348816
530,-16.2332,-20.1379,-36.3711,-21.9375,-14.3906,2.0,1.19,0.12203390151262283,0.2673596739768982,0.051523130387067795,0.11556383967399597,0.1555059552192688,0.011466107331216335,0.09347791969776154,0.2067008763551712,0.5838775038719177
535,-16.3004,-20.3352,-36.6355,-21.3438,-15.5078,2.0,1.2013,0.14855071902275085,0.22080470621585846,0.05398508161306381,0.1036335751414299,0.1216517835855484,0.010727612301707268,0.07921330630779266,0.1979943960905075,0.6075870394706726
540,-16.1789,-21.0996,-37.2785,-21.9062,-15.3203,2.0,1.2132,0.0746268630027771,0.1824686974287033,0.02503103017807007,0.056151941418647766,0.0837053582072258,0.0052083334885537624,0.0434546023607254,0.18788868188858032,0.6589707732200623
545,-16.4441,-20.7473,-37.1914,-21.9844,-15.0938,2.0,1.2338,0.0763888880610466,0.15442176163196564,0.026488663628697395,0.07565691322088242,0.096726194024086,0.005597014911472797,0.05713619291782379,0.18341884016990662,0.6493703126907349
550,-16.1789,-21.0668,-37.2457,-21.4219,-16.0312,2.0,1.2565,0.10084033757448196,0.1296137273311615,0.021424198523163795,0.05808365345001221,0.1194196417927742,0.004625311121344566,0.04528140649199486,0.19049285352230072,0.6551228165626526
555,-15.7727,-21.2793,-37.052,-20.7344,-17.125,2.0,1.2755,0.0615384615957737,0.12380952388048172,0.02193887159228325,0.06058945134282112,0.1075148805975914,0.005052860826253891,0.044892724603414536,0.2072838991880417,0.6382929086685181
560,-16.2289,-20.5777,-36.8066,-22.0625,-14.5391,2.0,1.298,0.20496894419193268,0.19936203956604004,0.02546161413192749,0.09203305095434189,0.134672611951828,0.006257773842662573,0.07311100512742996,0.19997668266296387,0.6161769032478333
565,-16.35,-20.9285,-37.2785,-21.4766,-16.0391,2.0,1.3057,0.10924369841814041,0.13116057217121124,0.017187172546982765,0.06594837456941605,0.1056547611951828,0.004625311121344566,0.048896145075559616,0.18543998897075653,0.6565609574317932
570,-16.8199,-20.2594,-37.0793,-22.4062,-14.1797,2.0,1.3287,0.11564625799655914,0.17680707573890686,0.026125136762857437,0.09095339477062225,0.1599702388048172,0.005713619291782379,0.07474347203969955,0.17704446613788605,0.6380208134651184
575,-15.5707,-21.5168,-37.0875,-21.1875,-16.3125,2.0,1.3523,0.06722689419984818,0.12820513546466827,0.01691831834614277,0.049429889768362045,0.1052827388048172,0.004625311121344566,0.036380596458911896,0.21365827322006226,0.6408582329750061
580,-16.1695,-21.2602,-37.4297,-21.1562,-16.8438,2.0,1.3715,0.05714285746216774,0.09570956975221634,0.017248544842004776,0.04583478718996048,0.104538694024086,0.004081156570464373,0.035331156104803085,0.18703357875347137,0.6690765023231506
585,-16.2559,-21.0184,-37.2742,-21.8906,-14.8359,2.0,1.4035,0.0776699036359787,0.19418306648731232,0.01653575897216797,0.059598345309495926,0.0970982164144516,0.004003420472145081,0.04543687775731087,0.18804416060447693,0.6580379605293274
590,-17.8363,-18.0801,-35.9164,-25.7422,-7.8594,2.0,1.4096,0.34193548560142517,0.43800094723701477,0.04672479256987572,0.17474134266376495,0.2340029776096344,0.012049129232764244,0.1648787260055542,0.17385727167129517,0.5447372794151306
595,-17.6441,-18.4199,-36.0641,-25.2734,-8.5156,2.0,1.3807,0.3333333432674408,0.410783052444458,0.043766576796770096,0.16119340062141418,0.2332589328289032,0.012010261416435242,0.15139147639274597,0.17583955824375153,0.5562810897827148
600,-16.8062,-19.0656,-35.8719,-25.0859,-8.4922,2.0,1.3839,0.35752686858177185,0.45285215973854065,0.042512446641922,0.1372590959072113,0.228422611951828,0.014458955265581608,0.1335510015487671,0.2029695212841034,0.5445429086685181
605,-16.8754,-18.9285,-35.8039,-25.6875,-6.9375,2.0,1.3445,0.37288135290145874,0.49018025398254395,0.03660629317164421,0.1336345076560974,0.239211305975914,0.013759328052401543,0.14447294175624847,0.2038635015487671,0.5334266424179077
610,-16.9387,-19.2988,-36.2375,-25.8828,-6.7109,2.0,1.2999,0.3377777636051178,0.4423733949661255,0.02105896547436714,0.12580424547195435,0.1837797611951828,0.008745335973799229,0.12511660158634186,0.19379663467407227,0.5678638219833374
615,-17.5484,-17.6352,-35.1836,-26.1484,-6.0625,2.0,1.2447,0.41522490978240967,0.5345528721809387,0.049049049615859985,0.1902446746826172,0.2805059552192688,0.022465795278549194,0.19123134016990662,0.19414645433425903,0.48767879605293274
620,-16.7305,-19.359,-36.0895,-25.9141,-6.6719,2.0,1.2,0.3452380895614624,0.4715625047683716,0.02858787402510643,0.12472175806760788,0.1763392835855484,0.009794776327908039,0.12437810748815536,0.20258083939552307,0.558768630027771
625,-17.2707,-18.343,-35.6137,-26.0703,-6.4766,2.0,1.1639,0.3536977469921112,0.5584843754768372,0.02675916813313961,0.15593598783016205,0.212797611951828,0.012087997049093246,0.16515080630779266,0.19608986377716064,0.5221937298774719
630,-18.2098,-16.9793,-35.1891,-26.6953,-5.1094,2.0,1.1151,0.4652014672756195,0.6509608030319214,0.048921503126621246,0.16607071459293365,0.269345223903656,0.021222015842795372,0.21035447716712952,0.17479011416435242,0.48915576934814453
635,-18.9387,-15.0797,-34.0184,-28.1719,-2.5312,2.0,1.0321,0.5552825331687927,0.7256413698196411,0.0640997588634491,0.21545597910881042,0.3883928656578064,0.03163868188858032,0.2924051582813263,0.17766635119915009,0.3938121795654297
640,-16.4176,-20.0,-36.4176,-24.1875,-10.2891,2.0,1.0045,0.25592416524887085,0.3494071066379547,0.026196759194135666,0.11325284838676453,0.1525297611951828,0.008201181888580322,0.09833644330501556,0.20623445510864258,0.5827503204345703
645,-17.5129,-18.2301,-35.743,-25.0391,-9.0781,2.0,0.9485,0.31282052397727966,0.4175928235054016,0.047179702669382095,0.1812921166419983,0.254092276096344,0.015158582478761673,0.16437344253063202,0.18536224961280823,0.5306280851364136
650,-17.4277,-17.3832,-34.8109,-26.4609,-5.1797,2.0,0.8878,0.402555912733078,0.5649011731147766,0.06251180171966553,0.20047631859779358,0.3050595223903656,0.02433146722614765,0.2084110677242279,0.2058068960905075,0.45697295665740967
655,-19.4219,-14.4496,-33.8715,-28.5312,-2.0469,2.0,0.7844,0.5154867172241211,0.743458092212677,0.09056425094604492,0.21588963270187378,0.4330357015132904,0.035136815160512924,0.31043997406959534,0.16394589841365814,0.3859996795654297
660,-17.8379,-16.8008,-34.6387,-26.9531,-4.7812,2.0,0.6795,0.4860406219959259,0.6185514330863953,0.08375176042318344,0.19625185430049896,0.2868303656578064,0.030628109350800514,0.2275342047214508,0.193524569272995,0.4438354969024658
665,-18.6547,-16.1797,-34.8344,-27.3672,-3.6016,2.0,0.5979,0.5491329431533813,0.658912181854248,0.07550687342882156,0.18631306290626526,0.3136160671710968,0.0268967654556036,0.23725123703479767,0.16678327322006226,0.4645911157131195
670,-17.4937,-19.1531,-36.6469,-25.7812,-7.5938,2.0,0.5521,0.2298850566148758,0.4212779998779297,0.027221962809562683,0.1169842928647995,0.1707589328289032,0.00676305964589119,0.1180037334561348,0.16705535352230072,0.6037002205848694
675,-17.1078,-18.7168,-35.8246,-25.75,-7.2344,2.0,0.4748,0.38738739490509033,0.5049453377723694,0.038279399275779724,0.1405377984046936,0.2172619104385376,0.01294309739023447,0.1493314653635025,0.19698382914066315,0.5362640023231506
680,-18.116,-16.9852,-35.1012,-27.5703,-3.5234,2.0,0.4119,0.5101625919342041,0.6508339643478394,0.05034276098012924,0.15755419433116913,0.3188244104385376,0.01912313513457775,0.21439675986766815,0.18143656849861145,0.4805659055709839
685,-18.0445,-17.4023,-35.4469,-27.5625,-3.4688,2.0,0.3757,0.5290322303771973,0.6484155654907227,0.0385887548327446,0.13873142004013062,0.2845982015132904,0.01807369478046894,0.19379663467407227,0.1762671023607254,0.5073849558830261
690,-16.2648,-20.5164,-36.7812,-23.3672,-12.3984,2.0,0.3292,0.14765100181102753,0.24169346690177917,0.02222222276031971,0.0963825136423111,0.1171875,0.0057913558557629585,0.07252798229455948,0.19939365983009338,0.6178094148635864
695,-16.1727,-20.5707,-36.7434,-22.8906,-13.3281,2.0,0.2936,0.12727272510528564,0.2080501765012741,0.02318510040640831,0.09515923261642456,0.1432291716337204,0.006413246039301157,0.07435479015111923,0.20452424883842468,0.6102300882339478
700,-16.743,-19.9082,-36.6512,-22.9922,-12.7734,2.0,0.2769,0.10775861889123917,0.23821237683296204,0.03188405930995941,0.11796125769615173,0.1752232164144516,0.009017412550747395,0.09479943662881851,0.18773320317268372,0.603972315788269
705,-16.0051,-20.9773,-36.9824,-22.1953,-14.2266,2.0,0.274,0.02857142873108387,0.1625959575176239,0.01666666753590107,0.07429064065217972,0.1257440447807312,0.005441542249172926,0.05569807067513466,0.20289179682731628,0.6314910054206848
710,-16.398,-19.9945,-36.3926,-24.6953,-9.4609,2.0,0.2615,0.27419355511665344,0.37071290612220764,0.02329513430595398,0.1057177260518074,0.1841517835855484,0.007229477632790804,0.10086287558078766,0.20689521729946136,0.580534815788269
715,-16.0527,-20.343,-36.3957,-23.6406,-11.2891,2.0,0.2069,0.1682243049144745,0.28411632776260376,0.027051236480474472,0.11113332211971283,0.1566220223903656,0.008317786268889904,0.08687033504247665,0.216962069272995,0.583372175693512
720,-17.2633,-18.1902,-35.4535,-26.9141,-4.8359,2.0,0.2217,0.37387385964393616,0.5345569849014282,0.04579256474971771,0.1686682403087616,0.21875,0.017257463186979294,0.17152518033981323,0.19861629605293274,0.5081234574317932
725,-16.6711,-19.9312,-36.6023,-25.5391,-7.5859,2.0,0.171,0.30392158031463623,0.46589499711990356,0.022616136819124222,0.09181765466928482,0.134672611951828,0.007929104380309582,0.09402208030223846,0.190764918923378,0.6028062701225281
730,-16.2758,-19.6344,-35.9102,-25.4297,-7.3359,2.0,0.1207,0.3968749940395355,0.5428757667541504,0.02821371890604496,0.10856816172599792,0.1711309552192688,0.012437811121344566,0.11920864135026932,0.22042132914066315,0.5434545874595642
735,-17.3414,-18.7055,-36.0469,-26.2969,-5.0391,2.0,0.0846,0.510869562625885,0.6029613614082336,0.03569125011563301,0.10630304366350174,0.1953125,0.014303482137620449,0.1417521834373474,0.18077580630779266,0.5586909055709839
740,-16.6723,-18.7934,-35.4656,-25.4922,-6.9531,2.0,0.0559,0.4449339210987091,0.57611483335495,0.04019554704427719,0.13699567317962646,0.2053571492433548,0.017646145075559616,0.15166355669498444,0.21466884016990662,0.511543869972229
745,-16.6938,-20.0957,-36.7895,-25.1484,-8.1797,2.0,0.0501,0.41059601306915283,0.4822080433368683,0.015448851510882378,0.07902181148529053,0.125,0.005869091954082251,0.08519900590181351,0.18617847561836243,0.6182758212089539
750,-16.9754,-18.9172,-35.8926,-26.2656,-5.7578,2.0,0.0,0.3788819909095764,0.5596662163734436,0.031609755009412766,0.12987568974494934,0.1648065447807312,0.012515547685325146,0.1397310346364975,0.19919931888580322,0.5440765023231506
755,-17.6484,-17.8828,-35.5312,-27.4141,-2.9922,2.0,0.0,0.5979899764060974,0.7075513005256653,0.029012732207775116,0.11515562236309052,0.223586305975914,0.015469527803361416,0.17809391021728516,0.18621735274791718,0.5157415866851807
760,-17.2027,-17.4266,-34.6293,-27.6797,-2.4844,2.0,0.0,0.5940054655075073,0.7293106913566589,0.04926377162337303,0.13543486595153809,0.277157723903656,0.028529228642582893,0.20806126296520233,0.21381373703479767,0.44511815905570984
765,-18.4824,-15.4637,-33.9461,-27.8984,-2.9609,2.0,0.0,0.5852017998695374,0.7683843970298767,0.07080008089542389,0.19006051123142242,0.3214285671710968,0.0346703976392746,0.2790733873844147,0.1899486929178238,0.3918299078941345
770,-18.2047,-16.0367,-34.2414,-27.7344,-2.6094,2.0,0.0,0.6630695462226868,0.8168609142303467,0.047405898571014404,0.12345563620328903,0.3430059552192688,0.03241604566574097,0.25680193305015564,0.19103699922561646,0.4152674078941345
775,-19.0145,-14.7406,-33.7551,-28.2812,-1.6094,2.0,0.0,0.6349637508392334,0.8033598065376282,0.06969835609197617,0.1651654690504074,0.4233630895614624,0.04291044920682907,0.29846858978271484,0.170087069272995,0.3840562701225281
780,-18.2223,-15.4016,-33.6238,-28.25,-1.5312,2.0,0.0,0.626748263835907,0.8074585795402527,0.07360157370567322,0.15950214862823486,0.3831845223903656,0.04446517303586006,0.2814054787158966,0.19803327322006226,0.37161847949028015
785,-17.7211,-17.857,-35.5781,-27.7578,-3.125,2.0,0.0,0.46236559748649597,0.6600431799888611,0.03664477914571762,0.12322594970464706,0.255952388048172,0.014458955265581608,0.17995958030223846,0.18349657952785492,0.5176072716712952
790,-18.4879,-15.4996,-33.9875,-28.4844,-1.6953,2.0,0.0,0.5500538349151611,0.7653061151504517,0.06950531899929047,0.1742081493139267,0.3753720223903656,0.03610851988196373,0.2780628204345703,0.18621735274791718,0.39513370394706726
795,-18.9988,-14.8551,-33.8539,-28.9531,-1.0391,2.0,0.0,0.6875653266906738,0.8234603404998779,0.06299212574958801,0.15099258720874786,0.375,0.03719682991504669,0.29788556694984436,0.1727689653635025,0.38767102360725403
800,-18.8465,-14.35,-33.1965,-28.0547,-2.0156,2.0,0.0,0.7565543055534363,0.8836439251899719,0.06420478224754333,0.1292269229888916,0.408110111951828,0.05188899114727974,0.31700870394706726,0.18524564802646637,0.3413790464401245
805,-18.6387,-15.0738,-33.7125,-28.875,-0.8203,2.0,0.0,0.6443987488746643,0.8243047595024109,0.06732551008462906,0.15255117416381836,0.3798363208770752,0.03781871870160103,0.29489272832870483,0.18878264725208282,0.3740282952785492
810,-19.702,-13.8203,-33.5223,-29.2188,-0.7891,2.0,0.0,0.7705943584442139,0.884255051612854,0.04947669059038162,0.11934246867895126,0.4293154776096344,0.0372745655477047,0.34017413854599,0.1634017378091812,0.3546719551086426
815,-19.7781,-13.8285,-33.6066,-28.7422,-1.1094,2.0,0.0,0.6814516186714172,0.8418164849281311,0.06663399934768677,0.1678723394870758,0.4140625,0.03855721279978752,0.3329446613788605,0.15865983068943024,0.36536070704460144
820,-18.6602,-15.3508,-34.0109,-28.7891,-1.1328,2.0,0.0,0.6213235259056091,0.8172866702079773,0.05010438337922096,0.15234144032001495,0.3500744104385376,0.03171641752123833,0.28420397639274597,0.18617847561836243,0.39342349767684937
825,-19.107,-14.3527,-33.4598,-28.5156,-1.0469,2.0,0.0,0.7268942594528198,0.8703635931015015,0.05419383943080902,0.1253388226032257,0.4270833432674408,0.04668065905570984,0.31751400232315063,0.1728467047214508,0.3584810197353363
830,-18.0219,-16.7305,-34.7523,-28.2891,-1.5469,2.0,0.0,0.7059773802757263,0.8103856444358826,0.03647228702902794,0.10183596611022949,0.2991071343421936,0.024059390649199486,0.22978855669498444,0.1886271834373474,0.4530472755432129
835,-18.2949,-16.0273,-34.3223,-28.4531,-1.3828,2.0,0.0,0.7121001482009888,0.862249493598938,0.037337660789489746,0.09470439702272415,0.3303571343421936,0.02794620580971241,0.25987252593040466,0.19154228270053864,0.4161613881587982
840,-18.8504,-15.452,-34.3023,-28.7109,-1.1719,2.0,0.0,0.6995708346366882,0.8672240376472473,0.035785287618637085,0.1161104366183281,0.316592276096344,0.027168843895196915,0.27429258823394775,0.17595615983009338,0.41810479760169983
845,-17.5586,-16.5637,-34.1223,-27.9922,-1.5781,2.0,0.0,0.6202531456947327,0.8141506314277649,0.05589829757809639,0.13347157835960388,0.2898065447807312,0.03684701398015022,0.23841728270053864,0.20790578424930573,0.4123522937297821
850,-19.1496,-15.3762,-34.5258,-28.6875,-1.0547,2.0,0.0,0.6094946265220642,0.8105307817459106,0.048947740346193314,0.1372390240430832,0.3363095223903656,0.025380907580256462,0.2738650441169739,0.16437344253063202,0.4319029748439789
855,-17.9492,-17.1781,-35.1273,-28.1328,-1.9766,2.0,0.0,0.6443418264389038,0.75,0.02947845868766308,0.1185365840792656,0.2686011791229248,0.01682991348206997,0.2120646834373474,0.1885494440793991,0.47807836532592773
860,-19.2809,-13.9629,-33.2438,-28.9375,-1.0,2.0,0.0,0.6990541815757751,0.8587989807128906,0.06030483916401863,0.1566941738128662,0.4404761791229248,0.04520367085933685,0.3352767527103424,0.17595615983009338,0.33908581733703613
865,-16.8094,-19.1836,-35.993,-27.2031,-3.1797,2.0,0.0,0.6903225779533386,0.7908632159233093,0.01539645902812481,0.05514368414878845,0.1871279776096344,0.012049129232764244,0.131024569272995,0.20195895433425903,0.5504897236824036
870,-18.3219,-15.3242,-33.6461,-28.5547,-1.4141,2.0,0.0,0.7365754842758179,0.9015446901321411,0.04658869281411171,0.0950622484087944,0.357514888048172,0.03836287185549736,0.2893734574317932,0.19939365983009338,0.3683924078941345
875,-16.1742,-20.5629,-36.7371,-25.7422,-6.4062,2.0,0.0,0.5669291615486145,0.6941670775413513,0.008114738389849663,0.04188148304820061,0.1257440447807312,0.004936256445944309,0.07396610826253891,0.2059623748064041,0.6106576323509216
880,-18.6445,-15.4652,-34.1098,-28.4453,-1.7266,2.0,0.0,0.7039312124252319,0.8727706670761108,0.0352320671081543,0.1014954149723053,0.3783482015132904,0.03163868188858032,0.2767801582813263,0.184235081076622,0.40286847949028015
885,-17.8723,-16.7285,-34.6008,-28.5938,-1.1719,2.0,0.0,0.6300484538078308,0.8427060842514038,0.030042918398976326,0.09948844462633133,0.310639888048172,0.024059390649199486,0.2315376251935959,0.19923818111419678,0.4406871795654297
890,-19.3801,-13.6836,-33.0637,-29.0938,-0.7812,2.0,0.0,0.7120967507362366,0.8986257910728455,0.05570291727781296,0.12967373430728912,0.4594494104385376,0.048196516931056976,0.3450715243816376,0.17583955824375153,0.3264147937297821
895,-18.6754,-15.3355,-34.0109,-28.7031,-0.9297,2.0,0.0,0.6332218647003174,0.852026641368866,0.04605543613433838,0.12049955874681473,0.3950892984867096,0.03486473858356476,0.2800062298774719,0.1822916716337204,0.3983597755432129
900,-19.484,-14.4742,-33.9582,-28.3281,-1.2578,2.0,0.0,0.7352601289749146,0.8969689607620239,0.03530557453632355,0.09203064441680908,0.409970223903656,0.03362095728516579,0.3116060197353363,0.15963153541088104,0.39066386222839355
905,-19.8348,-12.7039,-32.5387,-28.8906,-0.6484,2.0,0.0,0.6974838972091675,0.9054054021835327,0.08045421540737152,0.1473851054906845,0.5096726417541504,0.06642568111419678,0.37391167879104614,0.16087530553340912,0.29430970549583435
910,-18.9895,-14.8809,-33.8703,-29.2266,-0.3984,2.0,0.0,0.6944745182991028,0.8988646864891052,0.03656633198261261,0.10011034458875656,0.3854166567325592,0.03587530925869942,0.2978467047214508,0.1743236929178238,0.38747668266296387
915,-18.9742,-15.7234,-34.6977,-28.8125,-0.7812,2.0,0.0,0.7657657861709595,0.8993833661079407,0.021603455767035484,0.0730166956782341,0.3266369104385376,0.02588619478046894,0.25843438506126404,0.16192474961280823,0.44927704334259033
920,-16.9797,-19.6727,-36.6523,-26.8906,-2.9609,2.0,0.0,0.8145161271095276,0.8217054009437561,0.01324647106230259,0.030755430459976196,0.1491815447807312,0.00963930319994688,0.10027985274791718,0.17898787558078766,0.6066153645515442
925,-15.7578,-21.8012,-37.559,-21.4688,-15.9844,2.0,0.0,0.380952388048172,0.45146727561950684,0.003555204486474395,0.015245817601680756,0.067336305975914,0.0008162313606590033,0.01721859537065029,0.19678948819637299,0.6806980967521667
930,-14.909,-22.4594,-37.3684,-19.25,-19.9062,2.0,0.0083,0.0,0.0,0.001704448601230979,0.00686740642413497,0.0550595223903656,0.000155472633196041,0.005130596924573183,0.22803948819637299,0.6621968150138855
935,-15.7937,-21.3777,-37.1715,-22.0547,-14.3672,2.0,0.0473,0.2857142984867096,0.4590643346309662,0.009816877543926239,0.03601274639368057,0.0818452388048172,0.003264925442636013,0.0398787297308445,0.2058846354484558,0.6464940905570984
940,-15.4367,-22.1832,-37.6199,-19.8359,-19.3438,2.0,0.0902,0.0,0.08088235557079315,0.003199096769094467,0.0070530688390135765,0.0535714291036129,0.00034981343196704984,0.0052860695868730545,0.2065453976392746,0.6833410859107971
945,-15.4473,-21.3102,-36.7574,-23.6328,-10.3203,2.0,0.1436,0.33576643466949463,0.5473372936248779,0.012922123074531555,0.041468217968940735,0.0978422611951828,0.005324937868863344,0.05254974961280823,0.2255907952785492,0.6120569109916687
950,-16.0723,-21.9293,-38.0016,-19.4688,-20.2422,2.0,0.1868,0.0,0.0,0.0015442311996594071,0.0026002167724072933,0.0491071417927742,7.77363165980205e-05,0.00174906721804291,0.1761893630027771,0.7175062298774719
955,-15.816,-21.8922,-37.7082,-20.3203,-18.1406,2.0,0.2288,0.07999999821186066,0.14393939077854156,0.003845375496894121,0.013026389293372631,0.0662202388048172,0.0009717039647512138,0.010261193849146366,0.192047581076622,0.692241907119751
960,-15.7195,-22.0465,-37.766,-19.8125,-19.5312,2.0,0.2832,0.0,0.0,0.002822580747306347,0.0069161695428192616,0.0558035708963871,0.0007773631950840354,0.005091728642582893,0.1927860677242279,0.6968672275543213
965,-15.5023,-21.8879,-37.3902,-21.7578,-15.5,2.0,0.3411,0.2631579041481018,0.2955390214920044,0.004248245153576136,0.021735310554504395,0.0691964253783226,0.0007384950295090675,0.020911069586873055,0.21043221652507782,0.6634405851364136
970,-15.7781,-22.0594,-37.8375,-19.6797,-19.8906,2.0,0.3957,0.0,0.0,0.0026798597536981106,0.004086365923285484,0.0479910708963871,0.0002720771008171141,0.0028373757377266884,0.1885494440793991,0.7038635015487671
975,-15.543,-22.1629,-37.7059,-19.6641,-19.6406,2.0,0.4482,0.0,0.0,0.0017643598839640617,0.004426266066730022,0.0565476194024086,0.00034981343196704984,0.0031871891114860773,0.19826647639274597,0.6937189102172852
980,-15.7199,-22.1066,-37.8266,-19.4453,-20.125,2.0,0.5029,0.0,0.0,0.00040526848169974983,0.002935312455520034,0.048363097012043,7.77363165980205e-05,0.001826803432777524,0.1918143630027771,0.7018035054206848
985,-15.7926,-22.0586,-37.8512,-19.7656,-19.6953,2.0,0.5531,0.0,0.0,0.0010277492692694068,0.003975703846663237,0.0476190485060215,0.00011660447489703074,0.00240982579998672,0.18909358978271484,0.7039023637771606
990,-14.5922,-22.6711,-37.2633,-18.6094,-20.5078,2.0,0.6054,0.0,0.09302325546741486,0.001289075124077499,0.002442366210743785,0.0487351194024086,0.000155472633196041,0.0016713308868929744,0.2412157952785492,0.6524797677993774
995,-15.043,-22.4598,-37.5027,-19.1406,-20.4297,2.0,0.5829,0.0,0.0,0.0007015082519501448,0.0016179359517991543,0.0476190485060215,7.77363165980205e-05,0.0011660447344183922,0.22162623703479767,0.6726523637771606
1000,-15.9703,-21.0445,-37.0148,-23.8672,-10.3906,2.0,0.6319,0.7637795209884644,0.8322147727012634,0.0025048169773072004,0.0178854838013649,0.098586305975914,0.004936256445944309,0.05212220177054405,0.20172575116157532,0.6367381811141968
1005,-15.0211,-22.4801,-37.5012,-19.2656,-20.2969,2.0,0.6211,0.0,0.0,0.0012374049983918667,0.0005180452135391533,0.0476190485060215,7.77363165980205e-05,0.000310945266392082,0.2198771834373474,0.6752565503120422
1010,-17.2539,-18.5406,-35.7945,-27.6328,-2.3906,2.0,0.6528,0.8550368547439575,0.8919540047645569,0.00817494373768568,0.03660036250948906,0.2142857164144516,0.01581934094429016,0.15216884016990662,0.1901818960905075,0.5373523235321045
1015,-18.6676,-15.8844,-34.552,-28.6797,-0.8594,2.0,0.5173,0.8333333134651184,0.9054301381111145,0.018165303394198418,0.05999999865889549,0.3515625,0.030317164957523346,0.2548196613788605,0.17117537558078766,0.4392102062702179
1020,-15.5141,-21.6512,-37.1652,-22.2578,-14.1484,2.0,0.3853,0.30000001192092896,0.32566168904304504,0.006702898535877466,0.03321077674627304,0.0926339253783226,0.0023320894688367844,0.033776428550481796,0.21455223858356476,0.64486163854599
1025,-18.6344,-14.7121,-33.3465,-28.4297,-1.2188,2.0,0.3455,0.8392089605331421,0.9141073822975159,0.023222940042614937,0.08390353620052338,0.4304315447807312,0.04520367085933685,0.31133395433425903,0.1924751251935959,0.3465096354484558
1030,-15.4062,-22.2523,-37.6586,-19.5156,-19.9141,2.0,0.3571,0.0,0.0,0.0007557150674983859,0.0035081764217466116,0.0513392873108387,0.00011660447489703074,0.0027596394065767527,0.2057291716337204,0.6869170069694519
1035,-15.7527,-22.0551,-37.8078,-19.6719,-19.3906,2.0,0.4064,0.0,0.0714285746216774,0.002022653818130493,0.0050022234208881855,0.0513392873108387,0.00023320894979406148,0.0038090795278549194,0.19216418266296387,0.6993159055709839
1040,-15.0457,-22.3863,-37.432,-19.6641,-19.3828,2.0,0.4533,0.0,0.0234375,0.0021045247558504343,0.0072657521814107895,0.053199402987957,0.00023320894979406148,0.004975124262273312,0.22162623703479767,0.6686878204345703
1045,-15.3988,-21.7738,-37.1727,-22.2734,-14.4922,2.0,0.4941,0.09090909361839294,0.18569636344909668,0.007830575108528137,0.03703257068991661,0.0807291641831398,0.0017101990524679422,0.030977923423051834,0.21840018033981323,0.6444340944290161
1050,-16.7266,-19.9973,-36.7238,-25.5234,-7.0547,2.0,0.5212,0.522292971611023,0.5423223972320557,0.014318323694169521,0.0645325556397438,0.1808035671710968,0.006102301180362701,0.09137903898954391,0.18730565905570984,0.6107353568077087
1055,-20.5867,-11.8223,-32.409,-29.2812,-0.5469,2.0,0.5073,0.8457648754119873,0.9342530965805054,0.03805215656757355,0.11460361629724503,0.543154776096344,0.06148942932486534,0.4085043668746948,0.1460665464401245,0.279462069272995
1060,-19.2922,-14.5824,-33.8746,-28.8984,-0.6562,2.0,0.2842,0.7249388694763184,0.8730354905128479,0.023548239842057228,0.10730009526014328,0.4386160671710968,0.03179415315389633,0.31409358978271484,0.1700093299150467,0.3796253204345703
1065,-14.9988,-22.4684,-37.4672,-19.2188,-20.3203,2.0,0.3453,0.0,0.0,0.0003490401431918144,0.002955665113404393,0.048363097012043,0.00023320894979406148,0.0019045397639274597,0.22271455824375153,0.6706700921058655
1070,-16.2613,-21.0086,-37.2699,-24.5859,-9.7734,2.0,0.3963,0.5348837375640869,0.5488781929016113,0.0036570499651134014,0.03440898656845093,0.1086309552192688,0.0016713308868929744,0.048507463186979294,0.19130907952785492,0.6540344953536987
1075,-16.0758,-21.5602,-37.6359,-21.9531,-14.9688,2.0,0.4256,0.3125,0.2454090118408203,0.001874219044111669,0.02388923615217209,0.0863095223903656,0.000621890532784164,0.02328202687203884,0.18664489686489105,0.6849735975265503
1080,-15.3059,-22.0535,-37.3594,-20.75,-16.8359,2.0,0.471,0.17391304671764374,0.14000000059604645,0.004119649063795805,0.02007749117910862,0.0758928582072258,0.0008939676336012781,0.01554726343601942,0.21700093150138855,0.6620802283287048
1085,-15.0723,-22.4563,-37.5285,-19.3516,-20.3125,2.0,0.5223,0.0,0.0,0.0,0.00023062730906531215,0.0509672611951828,7.77363165980205e-05,0.00042754976311698556,0.22088775038719177,0.6741293668746948
1090,-15.1516,-22.3949,-37.5465,-19.4297,-20.2031,2.0,0.5716,0.0,0.0,0.0019916712772101164,0.002232398372143507,0.0476190485060215,0.0005441542016342282,0.0012826492311432958,0.21466884016990662,0.67902672290802
1095,-15.4586,-22.2379,-37.6965,-19.5703,-19.9688,2.0,0.6277,0.0,0.0,0.00038387716631405056,0.002755750436335802,0.0494791679084301,0.00011660447489703074,0.0017879352672025561,0.20250311493873596,0.6911147236824036
1100,-16.2484,-21.7258,-37.9742,-20.3906,-18.4219,2.0,0.6843,0.0833333358168602,0.06550218164920807,0.002951862057670951,0.00935036689043045,0.0680803582072258,0.00046641789958812296,0.008900808170437813,0.17117537558078766,0.7149797677993774
1105,-18.3992,-16.5512,-34.9504,-28.3672,-1.9766,2.0,0.6542,0.5503212213516235,0.7419408559799194,0.019284941256046295,0.14547738432884216,0.3095238208770752,0.018151430413126945,0.23390857875347137,0.17937655746936798,0.46408581733703613
1110,-16.9937,-19.941,-36.9348,-24.8281,-9.0781,2.0,0.6397,0.33000001311302185,0.30742204189300537,0.010924186557531357,0.09685441106557846,0.1685267835855484,0.003886815859004855,0.08850280195474625,0.177899569272995,0.6252332329750061
1115,-16.2223,-21.7277,-37.95,-20.5078,-18.3281,2.0,0.6558,0.1428571492433548,0.05485232174396515,0.001131477765738964,0.012515644542872906,0.0572916679084301,0.0002720771008171141,0.009211753495037556,0.17175839841365814,0.7142801880836487
1120,-15.0371,-21.9043,-36.9414,-21.5156,-15.2578,2.0,0.7143,0.23999999463558197,0.19474312663078308,0.006436705589294434,0.03982850909233093,0.0959821417927742,0.0019434079295024276,0.03253265097737312,0.2355021834373474,0.6255441308021545
1125,-15.3203,-22.0938,-37.4141,-20.5156,-17.7031,2.0,0.7496,0.0833333358168602,0.05882352963089943,0.002723806072026491,0.01864367350935936,0.0710565447807312,0.00046641789958812296,0.013875932432711124,0.21404695510864258,0.667133092880249
1130,-15.3266,-22.2664,-37.593,-19.6406,-19.4531,2.0,0.8023,0.0,0.03809523954987526,0.0007388252415694296,0.005309734493494034,0.0546875,0.00023320894979406148,0.004081156570464373,0.21043221652507782,0.6807758212089539
1135,-15.8676,-22.0492,-37.9168,-19.6016,-19.9531,2.0,0.8472,0.0,0.0,0.00021074815595056862,0.001532483147457242,0.0476190485060215,0.0,0.0009328357991762459,0.18442942202091217,0.7101601362228394
1140,-15.9977,-21.6508,-37.6484,-21.1328,-16.375,2.0,0.8942,0.12903225421905518,0.09696969389915466,0.0035277027636766434,0.024357162415981293,0.0840773805975914,0.00120491289999336,0.01923973858356476,0.18730565905570984,0.6877720952033997
1145,-15.6004,-21.632,-37.2324,-22.2891,-13.8984,2.0,0.823,0.20000000298023224,0.32800981402397156,0.0057311886921525,0.02993083745241165,0.1071428582072258,0.00174906721804291,0.03163868188858032,0.21023787558078766,0.6518967747688293
1150,-16.0816,-21.9281,-38.0098,-19.7109,-19.9453,2.0,0.8879,0.0,0.0,0.0,0.0023239473812282085,0.0513392873108387,0.0,0.002060012426227331,0.17428483068943024,0.7191775441169739
1155,-15.8895,-21.4816,-37.3711,-22.8984,-13.0078,2.0,0.9089,0.23404255509376526,0.3507281541824341,0.004515115637332201,0.03150805085897446,0.0915178582072258,0.001826803432777524,0.032027363777160645,0.1979943960905075,0.6636738181114197
1160,-16.4121,-19.5809,-35.993,-26.6875,-4.3516,2.0,0.935,0.6202090382575989,0.7296067476272583,0.015007320791482925,0.057416267693042755,0.2172619104385376,0.011155162006616592,0.11959732323884964,0.21237562596797943,0.5523942708969116
1165,-16.6277,-20.1973,-36.825,-26.0703,-6.125,2.0,0.8749,0.4150943458080292,0.5487517714500427,0.010500309057533741,0.05515376478433609,0.1897321492433548,0.0061800372786819935,0.0825171023607254,0.18878264725208282,0.6180425882339478
1170,-15.2742,-22.3383,-37.6125,-19.3984,-20.0781,2.0,0.9317,0.0,0.10810811072587967,0.0007380073657259345,0.0015359235694631934,0.0502232126891613,0.000155472633196041,0.0014381218934431672,0.21066541969776154,0.68326336145401
1175,-15.7828,-22.0922,-37.875,-19.3594,-20.2031,2.0,0.9794,0.0,0.0,0.0008244023192673922,0.001265962142497301,0.0479910708963871,3.886815829901025e-05,0.0007384950295090675,0.18858830630779266,0.7061567306518555
1180,-15.468,-22.2391,-37.707,-19.4844,-20.1641,2.0,1.0305,0.0,0.12121212482452393,0.001347190118394792,0.0012360939290374517,0.0524553582072258,0.0005052860942669213,0.0012826492311432958,0.20195895433425903,0.6917755007743835
1185,-16.1012,-21.2762,-37.3773,-22.8828,-12.9688,2.0,1.0815,0.1666666716337204,0.26188069581985474,0.006077795755118132,0.03584607318043709,0.1372767835855484,0.0016324627213180065,0.03844061121344566,0.19185324013233185,0.6635960936546326
1190,-15.9148,-21.6898,-37.6047,-21.7266,-15.6328,2.0,1.1283,0.07692307978868484,0.13133208453655243,0.0032454361207783222,0.022847700864076614,0.0896577388048172,0.0010105721885338426,0.020716728642582893,0.19162002205848694,0.6821750402450562
1195,-15.4098,-22.2547,-37.6645,-19.7969,-19.7266,2.0,1.1757,0.0,0.017241379246115685,0.0003804451262112707,0.0031038373708724976,0.0517113097012043,0.00019434079877100885,0.0022543531376868486,0.20432990789413452,0.6887437701225281
1200,-15.8371,-22.0727,-37.9098,-19.6172,-20.1328,2.0,1.2264,0.0,0.0,0.0,0.00032891129376366735,0.0509672611951828,0.00011660447489703074,0.00046641789958812296,0.18590641021728516,0.7090329527854919
1205,-16.3289,-20.9461,-37.275,-22.9219,-12.1406,2.0,1.2811,0.27848100662231445,0.3273155391216278,0.013488275930285454,0.05021342262625694,0.1097470223903656,0.003070584498345852,0.04951803386211395,0.18730565905570984,0.6556280851364136
1210,-15.2445,-22.3613,-37.6059,-19.2891,-20.3438,2.0,1.3237,0.0,0.0,0.002025782596319914,0.0009668979910202324,0.0476190485060215,0.00023320894979406148,0.0008550995262339711,0.21105410158634186,0.6833799481391907
1215,-15.9152,-21.6832,-37.5984,-22.0625,-15.2188,2.0,1.3704,0.10000000149011612,0.1653992384672165,0.0016240357654169202,0.02470400743186474,0.078125,0.0007773631950840354,0.020444652065634727,0.19146455824375153,0.6828358173370361
1220,-16.0219,-21.9891,-38.0109,-19.4375,-20.2812,2.0,1.4244,0.0,0.0,0.0,0.0,0.0476190485060215,0.0,0.0,0.17836597561836243,0.7171564102172852
1225,-15.4426,-22.2723,-37.7148,-19.5156,-20.2422,2.0,1.4889,0.0,0.0,0.0007670182385481894,0.0002245424984721467,0.0487351194024086,0.00019434079877100885,0.00023320894979406148,0.20269745588302612,0.69239741563797
1230,-14.9086,-22.5398,-37.4484,-19.0938,-20.4531,2.0,1.5427,0.0,0.0,0.0006881128647364676,0.0003484927583485842,0.0476190485060215,0.000155472633196041,0.00023320894979406148,0.22594061493873596,0.6691930890083313
1235,-15.5383,-22.1992,-37.7375,-19.5,-20.0156,2.0,1.6031,0.0,0.0,0.0009744688868522644,0.002744329394772649,0.0476190485060215,0.0002720771008171141,0.001826803432777524,0.19943252205848694,0.6939910054206848
1240,-16.1453,-21.352,-37.4973,-22.4922,-13.6094,2.0,1.6434,0.17499999701976776,0.23122765123844147,0.008314279839396477,0.035446684807538986,0.0944940447807312,0.0015547263901680708,0.03261038661003113,0.18699471652507782,0.6743625402450562
1245,-16.1324,-19.9703,-36.1027,-26.5859,-3.2891,2.0,1.6563,0.7380191683769226,0.8255208134651184,0.010977146215736866,0.03618284687399864,0.1651785671710968,0.012165733613073826,0.10447761416435242,0.2159903645515442,0.5628886818885803
1250,-16.0242,-21.9246,-37.9488,-19.7031,-19.4219,2.0,1.7024,0.0,0.1111111119389534,0.0010843634372577071,0.004091876093298197,0.0539434514939785,3.886815829901025e-05,0.003847947809845209,0.17922107875347137,0.7124145030975342
1255,-19.2719,-14.4977,-33.7695,-28.9688,-0.5156,2.0,1.717,0.8506429195404053,0.9636157751083374,0.019824804738163948,0.0469839982688427,0.402529776096344,0.03929571062326431,0.30872979760169983,0.168610081076622,0.3788868188858032
1260,-15.4828,-22.1836,-37.6664,-19.7188,-19.3203,2.0,1.6898,0.1666666716337204,0.23000000417232513,0.002291825832799077,0.004691386129707098,0.0505952388048172,0.00046641789958812296,0.003886815859004855,0.20351368188858032,0.6876554489135742
1265,-15.7855,-22.0867,-37.8723,-19.5625,-20.0078,2.0,1.735,0.5,0.21875,0.0008223684271797538,0.0012677764752879739,0.0476190485060215,7.77363165980205e-05,0.001243781065568328,0.1890547275543213,0.7051461338996887
1270,-15.4641,-22.227,-37.691,-19.8359,-19.7891,2.0,1.782,0.0,0.016393441706895828,0.0021105140913277864,0.0029840662609785795,0.0494791679084301,0.00023320894979406148,0.002370957750827074,0.20258083939552307,0.6903373599052429
1275,-15.3156,-22.3387,-37.6543,-19.5625,-20.1953,2.0,1.8363,0.0,0.1666666716337204,0.0,0.00022704052389599383,0.0479910708963871,0.0,0.00023320894979406148,0.21050995588302612,0.6847792267799377
1280,-15.7266,-22.0723,-37.7988,-19.9297,-19.0859,2.0,1.8948,0.0,0.27272728085517883,0.00020234723342582583,0.004720910917967558,0.0476190485060215,0.00019434079877100885,0.0034203981049358845,0.19208644330501556,0.6998212337493896
1285,-15.5496,-22.1285,-37.6781,-20.0625,-18.7969,2.0,1.9398,0.3333333432674408,0.4508196711540222,0.0019379844889044762,0.004228448960930109,0.0543154776096344,0.0008162313606590033,0.004741915501654148,0.20055970549583435,0.6894045472145081
1290,-16.0633,-21.9508,-38.0141,-19.5703,-20.2031,2.0,1.9562,0.0,0.0,0.0017613386735320091,0.0011906694853678346,0.0476190485060215,0.000155472633196041,0.0006607586983591318,0.17653918266296387,0.7181670069694519
1295,-16.0754,-20.4395,-36.5148,-26.6797,-3.7344,2.0,2.0,0.7464788556098938,0.8109549283981323,0.005322077311575413,0.033692456781864166,0.1302083283662796,0.008278917521238327,0.08018501102924347,0.21179260313510895,0.5952658653259277
1300,-14.6301,-22.6844,-37.3145,-19.2344,-20.3828,2.0,2.0,0.0,0.0,0.000162443146109581,0.0,0.0476190485060215,3.886815829901025e-05,0.0,0.23927238583564758,0.6562111377716064
1305,-18.8699,-15.1105,-33.9805,-28.7344,-0.9141,2.0,2.0,0.8591691851615906,0.9610336422920227,0.01430807076394558,0.05289304628968239,0.3545386791229248,0.03836287185549736,0.28428173065185547,0.17385727167129517,0.3990205228328705
1310,-15.757,-21.7148,-37.4719,-22.5078,-13.5547,2.0,2.0,0.644444465637207,0.7229129672050476,0.0003914660483133048,0.010852623730897903,0.0729166641831398,0.00174906721804291,0.02188277430832386,0.198577418923378,0.6733131408691406
1315,-15.2426,-22.3734,-37.616,-19.1484,-20.4141,2.0,2.0,0.0,0.0,0.0009184423252008855,0.00022744071611668915,0.0476190485060215,0.00023320894979406148,0.00011660447489703074,0.2115982621908188,0.6835743188858032
1320,-15.2891,-22.1938,-37.4828,-20.1797,-18.0938,2.0,2.0,0.5555555820465088,0.6150000095367432,0.000908265239559114,0.006011908408254385,0.0565476194024086,0.0013992537278681993,0.00777363171800971,0.21396921575069427,0.672380268573761
1325,-19.875,-12.7816,-32.6566,-29.1797,-0.4219,2.0,1.989,0.7780596017837524,0.9560796618461609,0.03993182256817818,0.09211873263120651,0.4918154776096344,0.06129508838057518,0.37080225348472595,0.15963153541088104,0.3037935197353363
1330,-15.3184,-22.3344,-37.6527,-19.3828,-20.2734,2.0,1.9644,0.0,0.0,0.0003692762111313641,0.00022710497432854027,0.0494791679084301,0.0,0.00042754976311698556,0.21050995588302612,0.68458491563797
1335,-15.6125,-22.0402,-37.6527,-20.7031,-17.5625,2.0,2.0,0.1818181872367859,0.5279187560081482,0.0013701311545446515,0.006887985393404961,0.0569196417927742,0.0008550995262339711,0.0076570273377001286,0.198577418923378,0.6884328126907349
1340,-16.3219,-21.1242,-37.4461,-23.7422,-10.9219,2.0,2.0,0.6323529481887817,0.799605131149292,0.0017148981569334865,0.014744997955858707,0.0863095223903656,0.0026430347934365273,0.03937344625592232,0.1813199669122696,0.6721859574317932
1345,-15.6012,-22.1273,-37.7285,-20.0156,-18.9609,2.0,2.0,0.5,0.5164835453033447,0.000789421726949513,0.002965200925245881,0.053199402987957,0.000310945266392082,0.0035370024852454662,0.1969449669122696,0.6947295069694519
1350,-15.9012,-21.0246,-36.9258,-25.2109,-7.0234,2.0,2.0,0.6976743936538696,0.8612759709358215,0.007805063854902983,0.01862666755914688,0.09375,0.0066853235475718975,0.05239427834749222,0.2041744440793991,0.6322683691978455
1355,-15.791,-21.4547,-37.2457,-23.5312,-10.8984,2.0,2.0,0.6111111044883728,0.7497231364250183,0.004951437935233116,0.01524172443896532,0.082961305975914,0.00349813443608582,0.03509794920682907,0.2040967047214508,0.6528295874595642
1360,-16.0859,-21.4121,-37.498,-22.1797,-12.7344,2.0,2.0,0.6224489808082581,0.7365517020225525,0.005196424666792154,0.013501091860234737,0.0755208358168602,0.0038090795278549194,0.028179414570331573,0.18699471652507782,0.6765391826629639
1365,-16.3867,-20.3617,-36.7484,-26.6484,-4.5469,2.0,2.0,0.7085427045822144,0.8437341451644897,0.0037698412779718637,0.028048010542988777,0.1216517835855484,0.007734763901680708,0.07660914212465286,0.19589552283287048,0.6152829527854919
1370,-15.293,-21.9832,-37.2762,-22.1406,-14.3828,2.0,2.0,0.3478260934352875,0.5846154093742371,0.0028318583499640226,0.014443651773035526,0.067336305975914,0.0017879352672025561,0.020211443305015564,0.21960510313510895,0.6539179086685181
1375,-15.1164,-22.341,-37.4574,-19.875,-19.0078,2.0,2.0,0.23076923191547394,0.5034482479095459,0.0005299416952766478,0.004761628340929747,0.0517113097012043,0.0005052860942669213,0.005635883193463087,0.22003264725208282,0.6693485975265503
1380,-15.9336,-21.7906,-37.7242,-21.3281,-16.1016,2.0,2.0,0.5869565010070801,0.6775244474411011,0.002075549913570285,0.007443057838827372,0.061011902987957,0.0017879352672025561,0.011932524852454662,0.18726679682731628,0.6945351362228394
1385,-15.5258,-22.1281,-37.6539,-20.4062,-18.0391,2.0,2.0,0.5555555820465088,0.5874125957489014,0.0007684918236918747,0.0049199797213077545,0.0498511902987957,0.00034981343196704984,0.005558146629482508,0.2023087739944458,0.6873056888580322
1390,-15.8945,-21.5922,-37.4867,-22.9297,-12.875,2.0,2.0,0.707317054271698,0.7621283531188965,0.0033932134974747896,0.012161383405327797,0.0632440447807312,0.0015935945557430387,0.02483675442636013,0.19472947716712952,0.6743625402450562
1395,-16.3133,-20.723,-37.0363,-25.5156,-6.5312,2.0,2.0,0.8448275923728943,0.8839226365089417,0.0036712216679006815,0.0184037908911705,0.0918898805975914,0.00676305964589119,0.05826336890459061,0.19057057797908783,0.6399253606796265
1400,-15.6469,-21.6727,-37.3195,-22.5469,-12.2578,2.0,2.0,0.8173912763595581,0.8050712943077087,0.0017165745375677943,0.011260336264967918,0.068824402987957,0.004469838459044695,0.024525808170437813,0.2037857621908188,0.6627410054206848
1405,-17.0004,-19.016,-36.0164,-27.375,-2.0625,2.0,2.0,0.9047619104385376,0.9334543347358704,0.005154639016836882,0.0260019414126873,0.1722470223903656,0.017957089468836784,0.1284981369972229,0.18851056694984436,0.5605565905570984
1410,-15.9777,-21.7914,-37.7691,-21.6094,-15.7266,2.0,2.0,0.5517241358757019,0.7979452013969421,0.001055297558195889,0.00528335478156805,0.0572916679084301,0.0011271765688434243,0.011349502950906754,0.1841573417186737,0.69888836145401
1415,-15.4004,-22.2746,-37.675,-19.2344,-20.0312,2.0,2.0,0.4000000059604645,0.29411765933036804,0.0011327166575938463,0.0014121102867648005,0.0476190485060215,0.00019434079877100885,0.0013215173967182636,0.2058846354484558,0.6881219148635864
1420,-16.0918,-21.3863,-37.4781,-23.8438,-10.6953,2.0,2.0,0.8666666746139526,0.9062901139259338,0.00020764119108207524,0.009548461064696312,0.063988097012043,0.0023320894688367844,0.030278295278549194,0.18718905746936798,0.6757229566574097
1425,-16.291,-20.2941,-36.5852,-27.0781,-3.1016,2.0,2.0,0.8714859485626221,0.9360076189041138,0.0019256691448390484,0.017866356298327446,0.1216517835855484,0.009678171947598457,0.08138992637395859,0.20184235274791718,0.6026119589805603
1430,-16.1559,-21.5277,-37.6836,-22.2266,-13.6953,2.0,2.0,0.6470588445663452,0.795634925365448,0.003223033854737878,0.011104256846010685,0.0572916679084301,0.0019822760950773954,0.019589552655816078,0.18089240789413452,0.6930581331253052
1435,-15.448,-22.2754,-37.7234,-19.2656,-20.3672,2.0,2.0,0.0,0.0,0.0,5.6151384342228994e-05,0.0476190485060215,0.0,3.886815829901025e-05,0.2032804787158966,0.6922030448913574
1440,-15.4285,-22.243,-37.6715,-19.625,-19.5547,2.0,2.0,0.0,0.6153846383094788,0.0015223596710711718,0.0018051560036838055,0.0479910708963871,0.00023320894979406148,0.002021144377067685,0.2042521834373474,0.6890158653259277
1445,-15.6914,-22.0875,-37.7789,-19.9219,-19.1016,2.0,2.0,0.27272728085517883,0.8452380895614624,0.0012079726438969374,0.0015574591234326363,0.0498511902987957,0.00042754976311698556,0.003264925442636013,0.19305814802646637,0.6987717747688293
1450,-15.7188,-22.1406,-37.8594,-19.2344,-20.3828,2.0,2.0,0.0,0.0,0.0,0.0,0.0476190485060215,0.0,0.0,0.19072605669498444,0.704796314239502
1455,-15.2754,-22.2809,-37.5563,-20.1562,-18.375,2.0,2.0,0.625,0.7446808218955994,0.00018338528752792627,0.0030883613508194685,0.0509672611951828,0.000310945266392082,0.003653606865555048,0.21194806694984436,0.6796097755432129
1460,-16.5695,-20.227,-36.7965,-26.9844,-3.125,2.0,2.0,0.8808510899543762,0.9522625803947449,0.0016736402176320553,0.013987760990858078,0.1168154776096344,0.009134017862379551,0.07816386967897415,0.1857897937297821,0.622434675693512
1465,-14.8777,-22.5359,-37.4137,-19.3359,-19.9922,2.0,2.0,0.3333333432674408,0.6363636255264282,0.0003410641220398247,0.0011085181031376123,0.0476190485060215,0.00011660447489703074,0.0012826492311432958,0.22792288661003113,0.6662002205848694
1470,-19.7289,-13.1687,-32.8977,-29.1328,-0.4453,2.0,1.985,0.9144500494003296,0.9907037019729614,0.009978617541491985,0.03516912832856178,0.4654017984867096,0.05406561121344566,0.35956934094429016,0.16359607875347137,0.3182913661003113
1475,-15.841,-21.8188,-37.6598,-21.3828,-15.9922,2.0,1.9432,0.7777777910232544,0.8856304883956909,0.0,0.005641430616378784,0.053199402987957,0.0013992537278681993,0.013254042714834213,0.1918921023607254,0.6889770030975342
1480,-16.8602,-19.034,-35.8941,-27.9531,-1.1641,2.0,1.9431,0.8762626051902771,0.9883754849433899,0.003126832190901041,0.015121397562325,0.1781994104385376,0.015391791239380836,0.13374534249305725,0.1988883763551712,0.5474969148635864
1485,-15.602,-22.127,-37.7289,-20.375,-18.6172,2.0,1.9839,0.0,0.9494949579238892,0.0,0.0015131136169657111,0.048363097012043,7.77363165980205e-05,0.003847947809845209,0.19803327322006226,0.6935634613037109
1490,-15.8297,-21.5344,-37.3641,-23.4766,-11.0312,2.0,2.0,0.8082191944122314,0.9595687389373779,0.0005881199613213539,0.007182901259511709,0.0636160746216774,0.0028373757377266884,0.02884017489850521,0.19826647639274597,0.6655783653259277
1495,-15.8789,-21.6023,-37.4813,-23.4062,-11.3359,2.0,2.0,0.8500000238418579,0.9524590373039246,0.0008003201219253242,0.006332028657197952,0.061011902987957,0.0023320894688367844,0.023709576576948166,0.1942630559206009,0.6752176880836487
1500,-15.634,-21.6762,-37.3102,-22.9219,-11.8828,2.0,2.0,0.837837815284729,0.9835329055786133,0.0001883239165181294,0.0057687778025865555,0.0651041641831398,0.0028762437868863344,0.025963930413126945,0.206389918923378,0.6602922677993774
1505,-15.6742,-22.0949,-37.7691,-19.9609,-18.8828,2.0,2.0,0.800000011920929,0.978723406791687,0.0,0.0008896302315406501,0.0491071417927742,0.00019434079877100885,0.003653606865555048,0.1926306039094925,0.699043869972229
1510,-18.3059,-16.5,-34.8059,-28.3438,-0.8516,2.0,2.0,0.9416873455047607,0.9958812594413757,0.0013670539483428001,0.015976035967469215,0.292782723903656,0.031327735632658005,0.2264847606420517,0.17059235274791718,0.4671175479888916
1515,-18.6887,-15.282,-33.9707,-28.9531,-0.5469,2.0,1.9152,0.9098039269447327,0.9935861825942993,0.0024384837597608566,0.031343717128038406,0.3385416567325592,0.03964552283287048,0.27876242995262146,0.17533425986766815,0.4017801582813263
1520,-16.5641,-20.0281,-36.5922,-27.1719,-2.5391,2.0,1.8097,0.8165137767791748,0.9601386189460754,0.001798920682631433,0.02114628255367279,0.104538694024086,0.008473258465528488,0.08970770984888077,0.19445739686489105,0.6028839945793152
1525,-15.1684,-22.3344,-37.5027,-19.8516,-18.9141,2.0,1.8944,0.125,0.6698113083839417,0.00017889087030198425,0.0037494231946766376,0.0479910708963871,0.000310945266392082,0.004120024852454662,0.21727301180362701,0.6738184094429016
1530,-15.5828,-22.082,-37.6648,-20.4844,-17.5547,2.0,1.919,0.3529411852359772,0.9097222089767456,0.00038880249485373497,0.004341697320342064,0.0476190485060215,0.0006607586983591318,0.005597014911472797,0.19993780553340912,0.689326822757721
1535,-15.2836,-22.3477,-37.6312,-19.3203,-20.2344,2.0,1.9763,0.0,0.0,0.0,0.0010234832298010588,0.0476190485060215,0.0,0.0005830223672091961,0.21136504411697388,0.6835743188858032
1540,-19.0164,-14.6336,-33.65,-28.8594,-0.6641,2.0,1.9342,0.8472762703895569,0.9875902533531189,0.0065948558039963245,0.04735521599650383,0.3619791567325592,0.0399564690887928,0.3069418668746948,0.17681126296520233,0.3718128204345703
1545,-20.2645,-12.7035,-32.968,-29.2656,-0.5781,2.0,1.7817,0.7480035424232483,0.969167947769165,0.019940178841352463,0.09930915385484695,0.421875,0.043804414570331573,0.3807136118412018,0.15593905746936798,0.31506529450416565
1550,-20.6988,-11.7527,-32.4516,-29.6016,-0.2109,2.0,1.5792,0.7279635071754456,0.9633317589759827,0.02015306055545807,0.14010483026504517,0.4575892984867096,0.051150497049093246,0.41763836145401,0.15236318111419678,0.27437034249305725
1555,-19.5828,-14.4746,-34.0574,-29.2031,-0.3984,2.0,1.399,0.7997311949729919,0.9694961905479431,0.011402231641113758,0.06152334064245224,0.3314732015132904,0.028917910531163216,0.31090641021728516,0.16021455824375153,0.39548352360725403
1560,-15.4676,-22.2223,-37.6898,-19.6172,-19.7109,2.0,1.4206,0.0,0.0517241396009922,0.0003840983263216913,0.0038825117517262697,0.0479910708963871,0.00011660447489703074,0.0022543531376868486,0.2023864984512329,0.6907649040222168
1565,-15.1992,-22.3969,-37.5961,-19.2188,-20.3203,2.0,1.4648,0.0,0.0,0.0,0.00034277880331501365,0.0476190485060215,3.886815829901025e-05,0.00019434079877100885,0.21494092047214508,0.68034827709198
1570,-15.6703,-22.1613,-37.8316,-19.3594,-20.3203,2.0,1.5121,0.0,0.0,0.0,0.0003315649810247123,0.0476190485060215,0.0,0.0,0.19216418266296387,0.7033582329750061
1575,-14.9977,-22.5012,-37.4988,-18.9219,-20.5391,2.0,1.5649,0.0,0.0,0.0,0.0,0.0476190485060215,0.0,0.0,0.22399720549583435,0.6715251803398132
1580,-15.2289,-22.3855,-37.6145,-19.3594,-20.3203,2.0,1.6114,0.0,0.0,0.0,0.0,0.0476190485060215,0.0,0.0,0.21311411261558533,0.6824082732200623
1585,-16.0,-22.0,-38.0,-19.4688,-20.2656,2.0,1.6649,0.0,0.0,0.0,0.0,0.0476190485060215,0.0,0.0,0.17786069214344025,0.7176616787910461
1590,-15.407,-22.2965,-37.7035,-19.3125,-20.3438,2.0,1.7194,0.0,0.0,0.0,0.0,0.0476190485060215,0.0,0.0,0.20534048974514008,0.6901819109916687
1595,-15.7641,-22.1145,-37.8785,-19.5781,-20.1406,2.0,1.7778,0.0,0.0,0.0,0.0003301964607089758,0.0476190485060215,3.886815829901025e-05,0.00019434079877100885,0.18901586532592773,0.7062733173370361
1600,-15.5758,-22.2074,-37.7832,-19.375,-20.2188,2.0,1.8308,0.0,0.0,0.00019681165576912463,0.0003897767164744437,0.0476190485060215,0.0,0.0,0.19748911261558533,0.6980332732200623
1605,-15.4992,-22.2492,-37.7484,-19.3281,-20.3125,2.0,1.8868,0.0,0.0,0.0,0.0001120824963436462,0.0476190485060215,0.0,0.0,0.20195895433425903,0.6935634613037109
1610,-16.0711,-21.9551,-38.0262,-19.7031,-20.1484,2.0,1.9475,0.0,0.0,0.00044316420098766685,0.0007559803198091686,0.0476190485060215,0.0,0.000310945266392082,0.17541199922561646,0.7197994589805603
1615,-15.5453,-22.2133,-37.7586,-19.3438,-20.2344,2.0,2.0,0.0,0.0,0.00019493178115226328,0.0012853470398113132,0.0476190485060215,0.0,0.000621890532784164,0.19939365983009338,0.6955068111419678
1620,-15.7234,-22.1289,-37.8523,-19.3438,-20.3281,2.0,2.0,0.0,0.0,0.001215066877193749,0.0005529138725250959,0.0476190485060215,0.00011660447489703074,0.0005052860942669213,0.19193096458911896,0.7029695510864258
1625,-15.3492,-22.3254,-37.6746,-18.9844,-20.5078,2.0,2.0,0.0,0.0,0.0,0.0,0.0476190485060215,0.0,0.0,0.20720615983009338,0.6883162260055542
1630,-15.7844,-22.0984,-37.8828,-19.6094,-20.1016,2.0,2.0,0.0,0.0,0.0008264462812803686,0.0006599207990802824,0.0476190485060215,0.00019434079877100885,0.00042754976311698556,0.18812188506126404,0.7067785859107971
1635,-15.0547,-22.4633,-37.518,-19.4453,-20.1016,2.0,2.0,0.0,0.0,0.00035298269358463585,0.0008058945531956851,0.0476190485060215,3.886815829901025e-05,3.886815829901025e-05,0.22022698819637299,0.6752176880836487
1640,-15.625,-22.184,-37.809,-19.3281,-20.3359,2.0,2.0,0.0,0.0,0.0,0.00033346301643177867,0.0476190485060215,0.0,0.00023320894979406148,0.19593438506126404,0.6993547677993774
1645,-15.6172,-22.1645,-37.7816,-19.4531,-19.8281,2.0,2.0,0.0,0.0,0.0003992812999058515,0.002446075202897191,0.0476190485060215,0.0,0.0016713308868929744,0.19469061493873596,0.6991604566574097
1650,-15.5734,-22.2039,-37.7773,-19.4531,-20.2734,2.0,2.0,0.0,0.0,0.0,0.0008918120292946696,0.0476190485060215,0.0,0.000621890532784164,0.19756685197353363,0.6973336338996887
1655,-15.3879,-22.2363,-37.6242,-19.9688,-18.9609,2.0,2.0,0.0,0.22448979318141937,0.0009405568125657737,0.005220154300332069,0.0476190485060215,7.77363165980205e-05,0.0038090795278549194,0.2066231369972229,0.6850124597549438
1660,-15.2191,-22.2375,-37.4566,-20.0859,-18.5625,2.0,2.0,0.0,0.27981650829315186,0.0012524601770564914,0.01004704087972641,0.0550595223903656,0.0005441542016342282,0.008473258465528488,0.21723413467407227,0.6692708134651184
1665,-15.7195,-21.5613,-37.2809,-23.2812,-11.9844,2.0,2.0,0.4000000059604645,0.6245259046554565,0.0011355034075677395,0.025701625272631645,0.0613839291036129,0.0015547263901680708,0.03074471466243267,0.20537935197353363,0.6578435897827148
1670,-15.5719,-22.0629,-37.6348,-20.625,-17.9297,2.0,2.0,0.0,0.13114753365516663,0.0005787037080153823,0.012555391527712345,0.048363097012043,0.0003886815975420177,0.009483831003308296,0.2014925330877304,0.6841573119163513
1675,-15.552,-21.9668,-37.5187,-21.2812,-16.0312,2.0,2.0,0.3333333432674408,0.3852691352367401,0.0003783579159062356,0.01673760451376438,0.0494791679084301,0.0005830223672091961,0.01372046023607254,0.20545709133148193,0.6757618188858032
1680,-15.5078,-21.8359,-37.3438,-21.3984,-15.5156,2.0,2.0,0.2666666805744171,0.5207956433296204,0.0012896094704046845,0.022667214274406433,0.0517113097012043,0.0011660447344183922,0.021494092419743538,0.21097636222839355,0.6618858575820923
1685,-16.252,-21.6355,-37.8875,-20.8125,-17.4609,2.0,2.0,0.4444444477558136,0.22151899337768555,0.0015576323494315147,0.01728774420917034,0.0517113097012043,0.00034981343196704984,0.012282337993383408,0.17467351257801056,0.7082167267799377
1690,-16.7707,-19.9746,-36.7453,-26.5781,-5.0156,2.0,2.0,0.4482758641242981,0.6428880095481873,0.004804679192602634,0.067426398396492,0.1067708358168602,0.005635883193463087,0.08990205079317093,0.18606187403202057,0.6139225959777832
1695,-16.207,-21.1395,-37.3465,-23.2812,-12.1719,2.0,2.0,0.1428571492433548,0.3632204830646515,0.002057613106444478,0.04601478949189186,0.0825892835855484,0.0019045397639274597,0.0424828976392746,0.18889924883842468,0.662235677242279
1700,-16.0645,-21.6695,-37.734,-20.8594,-17.4141,2.0,2.0,0.0,0.14081145823001862,0.001270378939807415,0.023936022073030472,0.0535714291036129,0.0006607586983591318,0.016285758465528488,0.18357431888580322,0.6950015425682068
1705,-15.2094,-22.1762,-37.3855,-20.2578,-18.1953,2.0,2.0,0.10000000149011612,0.14532871544361115,0.0008857395732775331,0.0177234448492527,0.056175597012043,0.0003886815975420177,0.011232897639274597,0.2194107621908188,0.6644900441169739
1710,-15.8727,-21.7801,-37.6527,-21.3125,-16.6016,2.0,2.0,0.06666667014360428,0.1867816150188446,0.0010117361089214683,0.02311812713742256,0.0487351194024086,0.0005830223672091961,0.01352611929178238,0.19208644330501556,0.689326822757721
1715,-16.1285,-21.8086,-37.9371,-20.2031,-18.8438,2.0,2.0,0.0,0.0904255285859108,0.0006597756873816252,0.010655737482011318,0.048363097012043,0.00019434079877100885,0.007307213731110096,0.17673352360725403,0.7112873196601868
1720,-16.118,-21.0961,-37.2141,-23.8125,-10.4531,2.0,2.0,0.18987341225147247,0.4592094123363495,0.0032212603837251663,0.04766438528895378,0.0714285746216774,0.003070584498345852,0.04621424153447151,0.19305814802646637,0.653179407119751
1725,-15.9266,-21.9523,-37.8789,-19.8594,-19.3672,2.0,2.0,0.0,0.07438016682863235,0.0012755101779475808,0.0058784750290215015,0.0558035708963871,0.0005052860942669213,0.004703047219663858,0.18283581733703613,0.7074782252311707
1730,-16.0391,-21.5398,-37.5789,-22.5312,-14.0,2.0,2.0,0.23529411852359772,0.23968254029750824,0.0012378791579976678,0.029978342354297638,0.071800597012043,0.0006607586983591318,0.02448694035410881,0.1883939653635025,0.6819807291030884
1735,-17.2164,-19.2531,-36.4695,-27.3984,-3.2578,2.0,2.0,0.4952380955219269,0.7069248557090759,0.0075806803070008755,0.07002505660057068,0.1573660671710968,0.008162313140928745,0.11843127757310867,0.17945429682731628,0.5894744992256165
1740,-16.1496,-20.3801,-36.5297,-26.0391,-5.9062,2.0,2.0,0.453125,0.6677479147911072,0.005222906358540058,0.060669317841529846,0.1037946417927742,0.007462686393409967,0.08387748897075653,0.20837220549583435,0.5958099961280823
1745,-16.118,-21.3023,-37.4203,-22.5547,-13.8828,2.0,2.0,0.1428571492433548,0.32596686482429504,0.0030662305653095245,0.04226498305797577,0.0651041641831398,0.0016324627213180065,0.035175684839487076,0.19014303386211395,0.6685712337493896
1750,-14.8098,-22.1574,-36.9672,-21.2812,-15.9375,2.0,2.0,0.08888889104127884,0.21803279221057892,0.0017679203301668167,0.03402833640575409,0.0658482164144516,0.00174906721804291,0.023709576576948166,0.24183768033981323,0.6282260417938232
1755,-15.7531,-21.9066,-37.6598,-20.3516,-18.4062,2.0,2.0,0.0,0.09602648764848709,0.001005025114864111,0.017864186316728592,0.0546875,0.0006996268639340997,0.011738183908164501,0.1933690905570984,0.6897155046463013
1760,-15.5844,-21.9805,-37.5648,-20.4453,-18.2422,2.0,2.0,0.0555555559694767,0.11147540807723999,0.0015340364770963788,0.018169352784752846,0.0576636902987957,0.0006996268639340997,0.011854788288474083,0.20269745588302612,0.6802704930305481
1765,-15.375,-22.2223,-37.5973,-19.6875,-19.4531,2.0,2.0,0.0,0.03731343150138855,0.0005577245028689504,0.007021750323474407,0.056175597012043,0.0003886815975420177,0.0052083334885537624,0.2090718299150467,0.680853545665741
1770,-16.0172,-21.866,-37.8832,-20.0312,-18.8594,2.0,2.0,0.0,0.04918032884597778,0.0006423983140848577,0.00995654333382845,0.0554315485060215,0.000310945266392082,0.007112873252481222,0.18151430785655975,0.7065842747688293
1775,-16.1063,-21.7254,-37.8316,-20.4766,-17.8047,2.0,2.0,0.0,0.18808777630329132,0.0010843634372577071,0.015253675170242786,0.0613839291036129,0.000621890532784164,0.01239894237369299,0.17922107875347137,0.7032804489135742
1780,-16.0918,-21.1684,-37.2602,-24.1953,-10.0859,2.0,2.0,0.28358209133148193,0.4627133905887604,0.003799240104854107,0.040097277611494064,0.0892857164144516,0.0026041667442768812,0.04326026141643524,0.19437965750694275,0.6552783250808716
1785,-16.352,-20.7523,-37.1043,-25.3125,-7.9453,2.0,2.0,0.2702702581882477,0.5411227345466614,0.002231690101325512,0.05180248245596886,0.0900297611951828,0.0028762437868863344,0.05954601988196373,0.19158115983009338,0.6415189504623413
1790,-15.8922,-21.9355,-37.8277,-19.8125,-19.3203,2.0,2.0,0.0,0.04093567281961441,0.0020811655558645725,0.00947368424385786,0.0528273805975914,0.0005441542016342282,0.006646455265581608,0.1867614984512329,0.7015702724456787
1795,-15.4187,-22.2402,-37.659,-19.8828,-19.7188,2.0,2.0,0.0,0.02500000037252903,0.00037678974331356585,0.0034002040047198534,0.0558035708963871,0.00023320894979406148,0.0031094527803361416,0.20631219446659088,0.6858675479888916
1800,-15.9457,-21.9563,-37.902,-19.9375,-19.2109,2.0,2.0,0.0,0.01904761977493763,0.00021199915499892086,0.00510568218305707,0.0569196417927742,0.00011660447489703074,0.004081156570464373,0.1833411008119583,0.7079834938049316
1805,-16.1457,-21.6688,-37.8145,-21.1406,-16.2656,2.0,2.0,0.095238097012043,0.3333333432674408,0.0006523157353512943,0.01665559969842434,0.0546875,0.0008162313606590033,0.01352611929178238,0.17875465750694275,0.7024253606796265
1810,-14.993,-22.4859,-37.4789,-19.4609,-20.0938,2.0,2.0,0.0,0.0,0.0,0.0015073337126523256,0.0491071417927742,0.0,0.0009717039647512138,0.2241138070821762,0.6704368591308594
1815,-15.1637,-22.3168,-37.4805,-19.5703,-19.1484,2.0,2.0,0.0,0.10687022656202316,0.0007178750820457935,0.007389020174741745,0.0576636902987957,0.0005441542016342282,0.005091728642582893,0.21657338738441467,0.6733131408691406
1820,-16.1219,-21.6473,-37.7691,-22.0938,-15.1094,2.0,2.0,0.21052631735801697,0.2538461685180664,0.0012861735885962844,0.020594455301761627,0.0546875,0.0007384950295090675,0.015158582478761673,0.1813199669122696,0.6983053684234619
1825,-15.8035,-21.916,-37.7195,-20.7969,-17.2812,2.0,2.0,0.1538461595773697,0.32830187678337097,0.0010183299891650677,0.010362984612584114,0.0595238097012043,0.0005052860942669213,0.010300062596797943,0.1908426582813263,0.6938743591308594
1830,-15.6227,-21.9848,-37.6074,-20.6875,-17.5234,2.0,2.0,0.0,0.20676691830158234,0.001158972387202084,0.01574847847223282,0.0513392873108387,0.000310945266392082,0.010338930413126945,0.20122045278549194,0.6836520433425903
1835,-15.8906,-22.0137,-37.9043,-19.8281,-19.6641,2.0,2.0,0.0,0.125,0.00021043770539108664,0.0032376667950302362,0.048363097012043,3.886815829901025e-05,0.002487562131136656,0.18470148742198944,0.7082944512367249
1840,-15.4883,-22.1352,-37.6234,-20.1719,-18.1797,2.0,2.0,0.2857142984867096,0.23255814611911774,0.00018950161756947637,0.009099180810153484,0.0487351194024086,0.0002720771008171141,0.0066853235475718975,0.20510727167129517,0.6834577322006226
1845,-15.6883,-22.1313,-37.8195,-19.6406,-19.8984,2.0,2.0,0.0,0.02500000037252903,0.0,0.002052363008260727,0.0491071417927742,3.886815829901025e-05,0.0015547263901680708,0.19321362674236298,0.700715184211731
1850,-15.8086,-21.641,-37.4496,-22.2109,-14.5703,2.0,2.0,0.2857142984867096,0.33075734972953796,0.001369059318676591,0.027822861447930336,0.0725446417927742,0.0010883084032684565,0.0251476988196373,0.1987328976392746,0.6705535054206848
1855,-16.359,-21.3687,-37.7277,-22.6016,-13.2969,2.0,2.0,0.2432432472705841,0.3870481848716736,0.0008886914001777768,0.02550734393298626,0.0647321417927742,0.0014381218934431672,0.025808457285165787,0.17494557797908783,0.6933302283287048
1860,-16.2523,-20.9469,-37.1992,-25.2109,-8.1719,2.0,2.0,0.4861111044883728,0.6429131031036377,0.0018226002575829625,0.03623231500387192,0.0885416641831398,0.0027985074557363987,0.04963463917374611,0.19193096458911896,0.6511582732200623
1865,-15.8949,-21.8152,-37.7102,-21.3906,-16.3281,2.0,2.0,0.20000000298023224,0.3323262929916382,0.0010245901066809893,0.014647286385297775,0.0576636902987957,0.0003886815975420177,0.012865360826253891,0.18967661261558533,0.6925917267799377
1870,-14.8168,-22.523,-37.3398,-19.6328,-19.3516,2.0,2.0,0.0,0.19417475163936615,0.00033495225943624973,0.0051883733831346035,0.0502232126891613,0.00019434079877100885,0.004003420472145081,0.23208178579807281,0.6592428684234619
1875,-15.5652,-22.109,-37.6742,-20.3203,-18.3984,2.0,2.0,0.1428571492433548,0.20000000298023224,0.0003862495068460703,0.007681446149945259,0.0535714291036129,0.0002720771008171141,0.005830223672091961,0.2012593299150467,0.68816077709198
1880,-15.7215,-22.1094,-37.8309,-19.6562,-19.7031,2.0,2.0,0.0,0.0,0.00040526848169974983,0.002325066365301609,0.0502232126891613,7.77363165980205e-05,0.001515858224593103,0.1918143630027771,0.7021144032478333
1885,-15.8504,-22.0566,-37.907,-19.4375,-19.9297,2.0,2.0,0.0,0.0,0.0,0.0016982578672468662,0.0476190485060215,7.77363165980205e-05,0.0010883084032684565,0.18485696613788605,0.7094993591308594
1890,-15.7035,-22.0691,-37.7727,-19.75,-19.1875,2.0,2.0,0.0,0.1150442510843277,0.00040543280192650855,0.00594940222799778,0.0524553582072258,0.00034981343196704984,0.0043921018950641155,0.1917366236448288,0.699043869972229
1895,-15.0133,-22.4805,-37.4938,-19.4375,-20.1172,2.0,2.0,0.0,0.0,0.0,0.0012720439117401838,0.0476190485060215,0.0,0.000621890532784164,0.22267568111419678,0.6722248196601868
1900,-15.6809,-22.1461,-37.827,-19.5625,-20.0078,2.0,2.0,0.0,0.0,0.0004010427219327539,0.0011642734752967954,0.0476190485060215,0.00011660447489703074,0.0005052860942669213,0.19383551180362701,0.7010650038719177
1905,-15.6113,-22.1469,-37.7582,-19.7656,-19.8125,2.0,2.0,0.0,0.05000000074505806,0.0,0.003640029113739729,0.0524553582072258,0.00011660447489703074,0.0023320894688367844,0.19900497794151306,0.6940687298774719
1910,-15.5348,-22.2074,-37.7422,-19.5859,-19.9375,2.0,2.0,0.0,0.0,0.0003890293592121452,0.002295247046276927,0.0476190485060215,3.886815829901025e-05,0.0013603855622932315,0.19982120394706726,0.6943019032478333
1915,-15.9879,-21.9398,-37.9277,-20.1406,-18.9688,2.0,2.0,0.0,0.23000000417232513,0.0,0.0047621652483940125,0.0487351194024086,0.00019434079877100885,0.003886815859004855,0.18135882914066315,0.7100824117660522
1920,-15.707,-21.8898,-37.5969,-21.1172,-16.125,2.0,2.0,0.43478259444236755,0.4161490797996521,0.0005900865653529763,0.014082107692956924,0.0636160746216774,0.0008939676336012781,0.012515547685325146,0.19760571420192719,0.6845071315765381
1925,-16.1438,-21.7477,-37.8914,-21.2734,-16.7266,2.0,2.0,0.1666666716337204,0.3107142746448517,0.0,0.011542901396751404,0.0513392873108387,0.00023320894979406148,0.010883084498345852,0.17727766931056976,0.7071284055709839
1930,-15.8996,-21.7098,-37.6094,-21.7734,-15.0938,2.0,2.0,0.42105263471603394,0.4316239356994629,0.0010123506654053926,0.020211195573210716,0.0513392873108387,0.0007384950295090675,0.018190298229455948,0.1919698417186737,0.6846237778663635
1935,-15.1508,-22.3836,-37.5344,-19.3281,-19.9844,2.0,2.0,0.0,0.08064515888690948,0.0,0.003741007298231125,0.0476190485060215,0.00019434079877100885,0.00240982579998672,0.21758395433425903,0.6753342747688293
1940,-15.3469,-22.2996,-37.6465,-19.3594,-20.0391,2.0,2.0,0.0,0.0,0.0005632744869217277,0.002431851578876376,0.0476190485060215,3.886815829901025e-05,0.00120491289999336,0.20701181888580322,0.6872667670249939
1945,-15.2348,-22.1453,-37.3801,-21.3438,-16.1172,2.0,2.0,0.0625,0.5167173147201538,0.00017869907605927438,0.01239838544279337,0.0554315485060215,0.000621890532784164,0.012787624262273312,0.21750621497631073,0.6646066308021545
1950,-14.6883,-22.6395,-37.3277,-19.2422,-20.2031,2.0,2.0,0.0,0.07999999821186066,0.00016463614883832633,0.0014757098397240043,0.0476190485060215,0.0,0.0009717039647512138,0.2360852062702179,0.6584655046463013
1955,-15.5367,-22.2035,-37.7402,-19.6562,-19.9141,2.0,2.0,0.0,0.04444444552063942,0.00019542701193131506,0.0025170601438730955,0.0476190485060215,0.0,0.00174906721804291,0.1988883763551712,0.6948849558830261
1960,-15.9766,-21.652,-37.6285,-22.25,-14.1641,2.0,2.0,0.3636363744735718,0.6432989835739136,0.001027537975460291,0.01483914814889431,0.056175597012043,0.0012826492311432958,0.018851056694984436,0.1891324669122696,0.6862562298774719
1965,-15.2289,-22.3703,-37.5992,-19.3516,-20.1484,2.0,2.0,0.0,0.0,0.0001823486527428031,0.0009691027225926518,0.0505952388048172,0.0,0.0005441542016342282,0.21315298974514008,0.6818252205848694
1970,-15.8445,-22.0273,-37.8719,-19.7734,-19.5625,2.0,2.0,0.0,0.3055555522441864,0.00020807323744520545,0.0030288011766970158,0.0505952388048172,0.00011660447489703074,0.0027985074557363987,0.18680037558078766,0.7058069109916687
1975,-15.7293,-21.7375,-37.4668,-22.6797,-13.4922,2.0,2.0,0.26923078298568726,0.6837294101715088,0.0007783615728840232,0.015293166972696781,0.0584077388048172,0.0010105721885338426,0.021260883659124374,0.19974346458911896,0.6735074520111084
1980,-15.8863,-21.6871,-37.5734,-22.2891,-14.2266,2.0,2.0,0.260869562625885,0.5362035036087036,0.0012038523564115167,0.01780618727207184,0.0598958320915699,0.0008939676336012781,0.019861629232764244,0.19371891021728516,0.6810478568077087
1985,-14.9559,-22.4676,-37.4234,-19.7188,-19.3672,2.0,2.0,0.0,0.05000000074505806,0.00017196904809679836,0.004667444620281458,0.0505952388048172,0.00019434079877100885,0.0031094527803361416,0.22601833939552307,0.6662002205848694
1990,-15.1617,-22.3313,-37.493,-20.1953,-18.5078,2.0,2.0,0.20000000298023224,0.29914531111717224,0.00035549234598875046,0.006361322943121195,0.048363097012043,0.00019434079877100885,0.004547574557363987,0.2186722606420517,0.6721082329750061
1995,-15.5707,-22.1238,-37.6945,-20.0938,-18.8281,2.0,2.0,0.0,0.31092438101768494,0.0005832037422806025,0.0064163897186517715,0.0479910708963871,0.0003886815975420177,0.004625311121344566,0.19993780553340912,0.690570592880249
2000,-16.318,-21.2211,-37.5391,-24.125,-10.1328,2.0,2.0,0.6041666865348816,0.7620730400085449,0.001290045096538961,0.01857992261648178,0.0665922611951828,0.0018656715983524919,0.03299906849861145,0.18077580630779266,0.6798818111419678
2005,-15.6094,-22.0523,-37.6617,-20.6172,-17.5938,2.0,2.0,0.25,0.5567567348480225,0.00019561815133783966,0.007612066343426704,0.0487351194024086,0.000310945266392082,0.007190609350800514,0.19869403541088104,0.689326822757721
2010,-15.7465,-22.1133,-37.8598,-19.3594,-20.2734,2.0,2.0,0.0,0.0,0.00020580366253852844,0.0012115872232243419,0.0476190485060215,0.0,0.0008939676336012781,0.18886038661003113,0.7057680487632751
2015,-15.9422,-22.0031,-37.9453,-19.5547,-20.1406,2.0,2.0,0.0,0.22857142984867096,0.0,0.001965065486729145,0.0476190485060215,0.0,0.0013603855622932315,0.18209733068943024,0.7120646834373474
2020,-15.8531,-21.8402,-37.6934,-21.2109,-16.1016,2.0,2.0,0.3529411852359772,0.524429976940155,0.0010197837837040424,0.011340032331645489,0.0565476194024086,0.0006607586983591318,0.011932524852454662,0.19057057797908783,0.6923584938049316
2025,-15.1727,-22.2508,-37.4234,-20.3906,-17.9297,2.0,2.0,0.1818181872367859,0.39908257126808167,0.0005284481449052691,0.009629975073039532,0.0554315485060215,0.00042754976311698556,0.008473258465528488,0.22065454721450806,0.6659670472145081
2030,-15.0734,-22.4504,-37.5238,-19.3125,-20.2969,2.0,2.0,0.0,0.0,0.0,0.0012662599328905344,0.0476190485060215,3.886815829901025e-05,0.00046641789958812296,0.2197217047214508,0.6752954125404358
2035,-16.0578,-21.95,-38.0078,-19.5,-20.0625,2.0,2.0,0.0,0.125,0.0,0.0017362053040415049,0.0476190485060215,3.886815829901025e-05,0.001243781065568328,0.17786069214344025,0.7163790464401245
2040,-15.9246,-21.9902,-37.9148,-20.0469,-19.3203,2.0,2.0,0.0,0.21052631735801697,0.0,0.0037241908721625805,0.0479910708963871,0.00011660447489703074,0.0022154850885272026,0.18349657952785492,0.7096937298774719
2045,-15.5516,-22.168,-37.7195,-19.9531,-19.2031,2.0,2.0,0.0,0.02380952425301075,0.0001945903932210058,0.0052206129767000675,0.0476190485060215,0.00011660447489703074,0.003264925442636013,0.19974346458911896,0.69239741563797
2050,-15.4598,-22.2426,-37.7023,-19.7031,-19.7734,2.0,2.0,0.0,0.0,0.0,0.0025279477704316378,0.048363097012043,7.77363165980205e-05,0.001243781065568328,0.2023087739944458,0.6918920874595642
2055,-15.1469,-22.2719,-37.4188,-20.5625,-17.5391,2.0,2.0,0.23076923191547394,0.39047619700431824,0.0010610079625621438,0.008681971579790115,0.0565476194024086,0.0005052860942669213,0.008162313140928745,0.2197994440793991,0.6670553684234619
2060,-15.3363,-21.8355,-37.1719,-22.5938,-12.6094,2.0,2.0,0.3636363744735718,0.6986506581306458,0.0014054813655093312,0.018933702260255814,0.0632440447807312,0.0017101990524679422,0.025925062596797943,0.22123755514621735,0.6466495394706726
2065,-15.75,-21.1969,-36.9469,-24.8125,-7.8672,2.0,2.0,0.5199999809265137,0.7553107738494873,0.003128450596705079,0.02894979901611805,0.0792410746216774,0.003886815859004855,0.049401428550481796,0.21120958030223846,0.6310245394706726
2070,-15.5195,-22.0926,-37.6121,-20.3906,-17.7656,2.0,2.0,0.0625,0.6174863576889038,0.0003840245772153139,0.006975557189434767,0.0524553582072258,0.000621890532784164,0.007112873252481222,0.20242537558078766,0.6853622794151306
2075,-15.5031,-22.1512,-37.6543,-20.1953,-18.4844,2.0,2.0,0.0,0.42635658383369446,0.0001906941324705258,0.006171790882945061,0.0479910708963871,0.00023320894979406148,0.005013992544263601,0.20382462441921234,0.6864505410194397
2080,-15.5121,-22.2176,-37.7297,-19.6953,-19.6953,2.0,2.0,0.0,0.22727273404598236,0.00038804812356829643,0.001849672058597207,0.0476190485060215,3.886815829901025e-05,0.0017101990524679422,0.20032648742198944,0.6934468150138855
2085,-15.693,-22.1406,-37.8336,-19.5391,-20.125,2.0,2.0,0.0,0.05000000074505806,0.0,0.001162082888185978,0.0476190485060215,3.886815829901025e-05,0.0007773631950840354,0.19231964647769928,0.7023864984512329
2090,-15.9766,-21.8969,-37.8734,-20.3594,-18.3203,2.0,2.0,0.125,0.4466666579246521,0.00064184854272753,0.006648351438343525,0.0487351194024086,0.000621890532784164,0.005830223672091961,0.18166977167129517,0.7074005007743835
2095,-15.3656,-22.3008,-37.6664,-19.3984,-20.0781,2.0,2.0,0.0,0.3333333432674408,0.00018768769223242998,0.0010741745354607701,0.0476190485060215,0.0,0.0009328357991762459,0.20708955824375153,0.6875
2100,-15.5367,-22.2105,-37.7473,-19.5391,-20.0312,2.0,2.0,0.0,0.1388888955116272,0.00019523623632267118,0.0016776646953076124,0.0476190485060215,0.0,0.0013992537278681993,0.19908271729946136,0.6950404047966003
2105,-15.384,-22.1984,-37.5824,-20.4688,-18.2656,2.0,2.0,0.0,0.5960264801979065,0.0003735524951480329,0.004849384073168039,0.0513392873108387,0.0002720771008171141,0.005869091954082251,0.2081001251935959,0.6812810897827148
2110,-15.809,-21.993,-37.802,-20.5859,-18.0078,2.0,2.0,0.0,0.6056337952613831,0.00020437360217329115,0.004666148219257593,0.0491071417927742,0.00011660447489703074,0.005519278813153505,0.1901818960905075,0.6997045874595642
2115,-15.8738,-22.0602,-37.934,-19.4609,-20.2109,2.0,2.0,0.0,0.25,0.0,0.00021845985611435026,0.0476190485060215,3.886815829901025e-05,0.000155472633196041,0.18365205824375153,0.7116760015487671
2120,-15.2852,-22.3574,-37.6426,-19.1406,-20.4297,2.0,2.0,0.0,0.0,0.0,0.0,0.0476190485060215,0.0,0.0,0.20942163467407227,0.6861007213592529
2125,-15.4949,-22.1629,-37.6578,-20.1484,-18.4609,2.0,2.0,0.0,0.38317757844924927,0.0007643799181096256,0.00610479898750782,0.0476190485060215,0.00034981343196704984,0.004158893134444952,0.20339708030223846,0.6876165866851807
2130,-15.7195,-22.1379,-37.8574,-19.5156,-20.2422,2.0,2.0,0.0,0.0,0.00020206102635711432,0.0,0.0487351194024086,3.886815829901025e-05,0.00011660447489703074,0.19235852360725403,0.7030084133148193
2135,-15.7707,-22.1141,-37.8848,-19.4922,-20.2422,2.0,2.0,0.0,0.0,0.0,0.0,0.0479910708963871,0.0,3.886815829901025e-05,0.18998755514621735,0.7054959535598755
2140,-15.5922,-22.1758,-37.768,-19.6719,-19.7656,2.0,2.0,0.25,0.27272728085517883,0.0,0.001950404024682939,0.0487351194024086,0.000155472633196041,0.0012826492311432958,0.19659514725208282,0.6974891424179077
2145,-15.4293,-21.9613,-37.3906,-21.75,-14.6719,2.0,2.0,0.3636363744735718,0.7517899870872498,0.0009213193552568555,0.011486880481243134,0.0550595223903656,0.0017101990524679422,0.016285758465528488,0.2109375,0.6665889024734497
2150,-14.9461,-22.391,-37.3371,-20.2109,-18.0547,2.0,2.0,0.5,0.7692307829856873,0.0,0.0053567225113511086,0.0487351194024086,0.000621890532784164,0.0065687187016010284,0.22803948819637299,0.6602922677993774
2155,-15.5398,-22.2277,-37.7676,-19.2812,-20.3594,2.0,2.0,0.0,0.0,0.0,0.0002228039811598137,0.0476190485060215,0.0,0.000155472633196041,0.19756685197353363,0.6978000402450562
2160,-15.0031,-22.4855,-37.4887,-19.2422,-20.2266,2.0,2.0,0.0,0.4545454680919647,0.0,0.0009829429909586906,0.0476190485060215,0.00011660447489703074,0.00042754976311698556,0.22275342047214508,0.6722248196601868
2165,-15.143,-22.1273,-37.2703,-21.2578,-15.4688,2.0,2.0,0.20930232107639313,0.7774935960769653,0.001401541638188064,0.010119540616869926,0.0558035708963871,0.0016713308868929744,0.015197450295090675,0.22185945510864258,0.6567941308021545
2170,-15.643,-22.1785,-37.8215,-19.4219,-20.2891,2.0,2.0,0.0,0.0,0.0,0.0,0.0476190485060215,0.0,0.0,0.19301928579807281,0.7025030851364136
2175,-15.5813,-22.1367,-37.718,-19.9375,-18.7656,2.0,2.0,0.25,0.8199999928474426,0.0,0.0021880611311644316,0.0479910708963871,0.000310945266392082,0.003886815859004855,0.19853855669498444,0.6927860975265503
2180,-15.2469,-22.2945,-37.5414,-19.9453,-18.6562,2.0,2.0,0.2222222238779068,0.6818181872367859,0.00018188431567978114,0.003386328462511301,0.0487351194024086,0.00034981343196704984,0.004275497514754534,0.2136971354484558,0.6771999597549438
2185,-15.0004,-22.4828,-37.4832,-19.3828,-20.0156,2.0,2.0,0.0,0.23999999463558197,0.00017494751955382526,0.001271749846637249,0.0476190485060215,0.0,0.0009717039647512138,0.2221703976392746,0.672380268573761
2190,-16.1313,-21.8746,-38.0059,-20.2031,-18.9375,2.0,2.0,0.0,0.6164383292198181,0.00022207417350728065,0.002979253651574254,0.0479910708963871,0.00011660447489703074,0.0028373757377266884,0.17502331733703613,0.7175450921058655
2195,-16.3602,-20.9539,-37.3141,-24.6094,-8.8594,2.0,2.0,0.30188679695129395,0.9211195707321167,0.00021034918609075248,0.016057878732681274,0.079613097012043,0.004120024852454662,0.04582555964589119,0.18477922677993774,0.6607975959777832
2200,-15.4473,-21.6477,-37.0949,-24.1172,-9.7031,2.0,2.0,0.2763157784938812,0.959475576877594,0.0005325758829712868,0.012794082053005695,0.0598958320915699,0.00295398011803627,0.03261038661003113,0.21894434094429016,0.6410136818885803
2205,-15.859,-21.2707,-37.1297,-24.5078,-9.5078,2.0,2.0,0.5185185074806213,0.9623161554336548,0.0,0.013191182166337967,0.068824402987957,0.0031483208294957876,0.042288556694984436,0.20479632914066315,0.6452891826629639
2210,-15.2824,-22.316,-37.5984,-19.6719,-19.5312,2.0,2.0,0.0,0.694915235042572,0.00037195460754446685,0.0014771887799724936,0.0491071417927742,0.00011660447489703074,0.0022932214196771383,0.2089940905570984,0.6841184496879578
2215,-15.1434,-22.3621,-37.5055,-19.9375,-18.8359,2.0,2.0,0.0,0.540229856967926,0.0,0.003630077699199319,0.0487351194024086,0.00034981343196704984,0.003381529822945595,0.21723413467407227,0.6745569109916687
2220,-15.9863,-21.4016,-37.3879,-23.9141,-9.9922,2.0,2.0,0.2073170691728592,0.8354430198669434,0.0006016847328282893,0.017518332228064537,0.0669642835855484,0.0031871891114860773,0.03070584498345852,0.19379663467407227,0.6678327322006226
2225,-16.4574,-21.2,-37.6574,-23.9062,-10.6875,2.0,2.0,0.27450981736183167,0.7678340077400208,0.0006778129027225077,0.018210431560873985,0.0632440447807312,0.0019822760950773954,0.029967350885272026,0.1720304787158966,0.6915422677993774
2230,-15.9637,-21.2008,-37.1645,-24.4531,-8.2578,2.0,2.0,0.265625,0.8874657154083252,0.0011709601385518909,0.016352200880646706,0.0892857164144516,0.004975124262273312,0.0424828976392746,0.19916044175624847,0.6489039063453674
2235,-15.9281,-22.0336,-37.9617,-19.1562,-20.4219,2.0,2.0,0.0,0.0,0.0,0.00021777003712486476,0.0476190485060215,0.0,0.0,0.18159204721450806,0.7139303684234619
2240,-15.0098,-22.4945,-37.5043,-19.0938,-20.4531,2.0,2.0,0.0,0.0,0.0,5.760036947322078e-05,0.0476190485060215,0.0,3.886815829901025e-05,0.2206934094429016,0.67479008436203
2245,-15.6586,-22.098,-37.7566,-20.1484,-18.7422,2.0,2.0,0.5,0.6739130616188049,0.0,0.003122212365269661,0.0494791679084301,7.77363165980205e-05,0.0035758705344051123,0.19472947716712952,0.697139322757721
2250,-15.127,-22.4113,-37.5383,-19.4375,-20.0234,2.0,2.0,0.0,0.07692307978868484,0.0,0.0023008340504020452,0.0476190485060215,7.77363165980205e-05,0.001515858224593103,0.21820583939552307,0.6757229566574097
2255,-15.6953,-22.1113,-37.8066,-19.6172,-19.5703,2.0,2.0,0.0,0.5535714030265808,0.0,0.0018310953164473176,0.0498511902987957,0.000155472633196041,0.002176616806536913,0.1927083283662796,0.7004819512367249
2260,-15.5648,-22.1133,-37.6781,-20.3203,-18.0234,2.0,2.0,0.0,0.7086614370346069,0.0001934235915541649,0.003834226168692112,0.0546875,0.000310945266392082,0.004936256445944309,0.20094838738441467,0.689326822757721
2265,-15.4438,-22.2535,-37.6973,-19.4922,-19.9375,2.0,2.0,0.0,0.4000000059604645,0.0,0.0018024106975644827,0.0476190485060215,0.000155472633196041,0.0009717039647512138,0.20432990789413452,0.690065324306488
2270,-15.5809,-22.2008,-37.7816,-19.4844,-20.1406,2.0,2.0,0.0,0.30000001192092896,0.0,0.0006677053170278668,0.0476190485060215,0.0,0.0003886815975420177,0.19659514725208282,0.6985385417938232
2275,-15.4707,-22.2359,-37.7066,-19.6641,-19.7812,2.0,2.0,0.0,0.23255814611911774,0.00019208605226594955,0.0016863406635820866,0.0505952388048172,3.886815829901025e-05,0.0016713308868929744,0.20234763622283936,0.6914645433425903
2280,-15.9465,-22.0227,-37.9691,-19.6016,-20.1875,2.0,2.0,0.0,0.0,0.0,0.00038033141754567623,0.0476190485060215,0.0,3.886815829901025e-05,0.18011504411697388,0.7153684496879578
2285,-15.5359,-22.232,-37.768,-19.5625,-20.2188,2.0,2.0,0.0,0.0,0.0,0.0,0.0476190485060215,0.0,0.0,0.1987328976392746,0.6967895030975342
2290,-15.5992,-22.1758,-37.775,-19.6328,-19.8906,2.0,2.0,0.0,0.380952388048172,0.00019727756443899125,0.0014486294239759445,0.0502232126891613,7.77363165980205e-05,0.0008162313606590033,0.1970227062702179,0.6976057291030884
2295,-15.575,-21.766,-37.341,-23.75,-11.5391,2.0,2.0,0.11627907305955887,0.7570247650146484,0.0003750937758013606,0.015943728387355804,0.0569196417927742,0.0016713308868929744,0.023515235632658005,0.20724502205848694,0.6630908250808716
2300,-15.7953,-21.95,-37.7453,-20.9609,-17.0938,2.0,2.0,0.11764705926179886,0.6315789222717285,0.0,0.0059237731620669365,0.0550595223903656,0.0006607586983591318,0.008123445324599743,0.19123134016990662,0.6955068111419678
2305,-15.9297,-22.0352,-37.9648,-19.5,-20.25,2.0,2.0,0.0,0.0,0.0,0.0,0.0476190485060215,0.0,0.0,0.18089240789413452,0.7146299481391907
2310,-15.7512,-21.8742,-37.6254,-21.9844,-14.9531,2.0,2.0,0.20000000298023224,0.6598240733146667,0.0,0.009866742417216301,0.0572916679084301,0.0003886815975420177,0.013254042714834213,0.1964396834373474,0.6854400038719177
2315,-15.8164,-21.6805,-37.4969,-22.8984,-12.5625,2.0,2.0,0.22448979318141937,0.9101123809814453,0.0,0.010102749802172184,0.0584077388048172,0.0019045397639274597,0.020755596458911896,0.19574004411697388,0.677122175693512
2320,-15.3859,-21.6484,-37.0344,-24.3516,-8.9062,2.0,2.0,0.2947368323802948,0.9120631217956543,0.0008787346305325627,0.013257576152682304,0.071800597012043,0.0036924751475453377,0.034476056694984436,0.22115983068943024,0.6361940503120422
2325,-15.1797,-22.3949,-37.5746,-19.6172,-19.9219,2.0,2.0,0.0,0.22727273404598236,0.0,0.0010845367796719074,0.048363097012043,3.886815829901025e-05,0.0008550995262339711,0.2136971354484558,0.6809312701225281
2330,-15.7309,-21.8902,-37.6211,-21.4766,-15.6172,2.0,2.0,0.09375,0.8895899057388306,0.0003954131971113384,0.006238303147256374,0.0550595223903656,0.001243781065568328,0.012321206741034985,0.19659514725208282,0.6853622794151306
2335,-14.9602,-22.3922,-37.3523,-19.8672,-18.5078,2.0,2.0,0.0,0.7374301552772522,0.0005129082128405571,0.00447006244212389,0.0502232126891613,0.0003886815975420177,0.006957400590181351,0.22733986377716064,0.6608364582061768
2340,-15.377,-22.298,-37.675,-19.2891,-20.2266,2.0,2.0,0.0,0.0,0.0,0.0012982614571228623,0.0476190485060215,3.886815829901025e-05,0.000621890532784164,0.20627331733703613,0.6885883212089539
2345,-15.7164,-22.109,-37.8254,-19.8516,-19.5938,2.0,2.0,0.0,0.34090909361839294,0.0,0.0022693309001624584,0.0476190485060215,3.886815829901025e-05,0.0017101990524679422,0.19154228270053864,0.7022310495376587
2350,-14.4688,-22.7445,-37.2133,-19.3125,-20.0156,2.0,2.0,0.0,0.29629629850387573,0.0,0.001682085799984634,0.0476190485060215,3.886815829901025e-05,0.0010494403541088104,0.24743470549583435,0.6469993591308594
2355,-15.8773,-22.0613,-37.9387,-19.4688,-20.2656,2.0,2.0,0.0,0.0,0.0,0.0,0.0476190485060215,0.0,0.0,0.1823693960905075,0.7131530046463013
2360,-15.7277,-22.1309,-37.8586,-19.2578,-20.3594,2.0,2.0,0.0,0.125,0.0,0.00044103863183408976,0.0476190485060215,3.886815829901025e-05,0.000310945266392082,0.19014303386211395,0.7050295472145081
2365,-15.8816,-22.0586,-37.9402,-19.5703,-20.2031,2.0,2.0,0.0,0.0,0.0,5.45434704690706e-05,0.0476190485060215,0.0,3.886815829901025e-05,0.18287469446659088,0.712608814239502
2370,-15.8234,-22.0766,-37.9,-19.4844,-20.0234,2.0,2.0,0.0,0.6842105388641357,0.0,0.0003835196257568896,0.0476190485060215,3.886815829901025e-05,0.0007384950295090675,0.18532338738441467,0.7094216346740723
2375,-15.7133,-21.9535,-37.6668,-21.4766,-16.2266,2.0,2.0,0.0,0.6919999718666077,0.0,0.008123660460114479,0.0502232126891613,0.00034981343196704984,0.00971703976392746,0.19647854566574097,0.6889770030975342
2380,-15.5914,-22.2043,-37.7957,-19.3125,-20.3438,2.0,2.0,0.0,0.0,0.0,0.0,0.0476190485060215,0.0,0.0,0.19675062596797943,0.6987717747688293
2385,-15.9395,-21.984,-37.9234,-19.6953,-19.5547,2.0,2.0,0.0,0.453125,0.0002126754552591592,0.0026272577233612537,0.0479910708963871,0.000155472633196041,0.002487562131136656,0.18275807797908783,0.7101212739944458
2390,-15.8691,-21.3418,-37.2109,-25.0,-8.3125,2.0,2.0,0.353658527135849,0.8878695368766785,0.0003846153849735856,0.01567622274160385,0.0736607164144516,0.0031871891114860773,0.038129664957523346,0.20211443305015564,0.6520910859107971
2395,-16.2254,-21.5586,-37.784,-22.7969,-13.1641,2.0,2.0,0.2666666805744171,0.9264367818832397,0.0002198768634116277,0.0073778219521045685,0.0535714291036129,0.0011660447344183922,0.016907649114727974,0.17677238583564758,0.7006763219833374
2400,-15.7223,-21.625,-37.3473,-23.8594,-10.7578,2.0,2.0,0.3272727131843567,0.8764204382896423,0.0005726283416152,0.011383640579879284,0.0643601194024086,0.002137748757377267,0.027363184839487076,0.20363028347492218,0.662391185760498
2405,-15.4281,-22.2859,-37.7141,-19.2188,-20.3906,2.0,2.0,0.0,0.0,0.0,0.0,0.0476190485060215,0.0,0.0,0.2032027393579483,0.6923196315765381
2410,-16.2289,-21.1578,-37.3867,-25.9766,-6.6641,2.0,2.0,0.37931033968925476,0.9020000100135803,0.0006260434165596962,0.014310645870864391,0.073288694024086,0.0022543531376868486,0.03886815905570984,0.18625621497631073,0.668143630027771
2415,-15.8063,-21.8777,-37.684,-21.4609,-16.2578,2.0,2.0,0.0,0.8929765820503235,0.0006012024241499603,0.005298162344843149,0.0513392873108387,0.00034981343196704984,0.01162157952785492,0.19395211338996887,0.6895988583564758
2420,-15.9398,-21.8473,-37.7871,-21.1406,-16.7578,2.0,2.0,0.1875,0.826839804649353,0.00020889910229016095,0.005942463409155607,0.0513392873108387,0.000621890532784164,0.008978544734418392,0.18606187403202057,0.6998600959777832
2425,-15.6668,-21.9012,-37.568,-21.2422,-15.5234,2.0,2.0,0.2916666567325592,0.9093655347824097,0.0007836990407668054,0.007119667250663042,0.0509672611951828,0.0018656715983524919,0.012865360826253891,0.19838307797908783,0.6824082732200623
2430,-15.527,-22.182,-37.709,-19.8125,-19.2266,2.0,2.0,0.1111111119389534,0.6338028311729431,0.0,0.0020236086566001177,0.0517113097012043,0.00034981343196704984,0.0027596394065767527,0.20094838738441467,0.6914645433425903
2435,-15.7668,-22.0258,-37.7926,-20.2578,-18.3359,2.0,2.0,0.125,0.7641509175300598,0.0,0.004000444430857897,0.0479910708963871,0.000310945266392082,0.004120024852454662,0.19154228270053864,0.69954913854599
2440,-15.7766,-21.8023,-37.5789,-22.5469,-13.8047,2.0,2.0,0.260869562625885,0.8655256628990173,0.0001982553512789309,0.008483260869979858,0.0543154776096344,0.0008939676336012781,0.015897076576948166,0.1960510015487671,0.6826803684234619
2445,-15.9133,-22.0434,-37.9566,-19.5938,-20.2031,2.0,2.0,0.0,0.0,0.0,0.0,0.0476190485060215,0.0,0.0,0.18201959133148193,0.713502824306488
2450,-16.0898,-21.034,-37.1238,-25.7031,-5.8281,2.0,2.0,0.6260162591934204,0.9382615685462952,0.0005934718064963818,0.016294870525598526,0.0721726194024086,0.004780783783644438,0.047846704721450806,0.19647854566574097,0.6464163661003113
2455,-15.3039,-22.2191,-37.523,-20.7969,-17.1641,2.0,2.0,0.125,0.7942857146263123,0.0,0.00413341773673892,0.0505952388048172,0.000310945266392082,0.006801927927881479,0.21136504411697388,0.6770444512367249
2460,-15.8949,-21.5855,-37.4805,-23.6328,-11.1641,2.0,2.0,0.3333333432674408,0.8965517282485962,0.00039753527380526066,0.011239840649068356,0.0613839291036129,0.0019822760950773954,0.023670708760619164,0.19554570317268372,0.6743236780166626
2465,-15.5766,-21.2133,-36.7898,-26.2891,-5.1719,2.0,2.0,0.5675675868988037,0.9426891803741455,0.0008727526874281466,0.017362207174301147,0.076636902987957,0.0043143657967448235,0.0528995655477047,0.22267568111419678,0.6156327724456787
2470,-15.8367,-22.0816,-37.9184,-19.4375,-20.2812,2.0,2.0,0.0,0.0,0.0,0.0,0.0476190485060215,0.0,0.0,0.1856343299150467,0.7098880410194397
2475,-15.1148,-22.3617,-37.4766,-20.1562,-18.3516,2.0,2.0,0.1818181872367859,0.7599999904632568,0.0,0.003300521057099104,0.0487351194024086,0.00042754976311698556,0.003886815859004855,0.21995490789413452,0.6712530851364136
2480,-15.857,-21.618,-37.475,-23.9688,-11.3125,2.0,2.0,0.375,0.8186274766921997,0.0005941770505160093,0.012388360686600208,0.0647321417927742,0.0009328357991762459,0.02378731407225132,0.19624534249305725,0.6745569109916687
2485,-15.5437,-22.2281,-37.7719,-19.4219,-20.2891,2.0,2.0,0.0,0.0,0.0,0.0,0.0476190485060215,0.0,0.0,0.19811101257801056,0.6974113583564758
2490,-15.8438,-22.0406,-37.8844,-19.7578,-19.5234,2.0,2.0,0.0,0.40740740299224854,0.0002090300986310467,0.0021429748740047216,0.048363097012043,0.00011660447489703074,0.002098880708217621,0.1859452724456787,0.70736163854599
2495,-15.9875,-21.7883,-37.7758,-21.5547,-15.2266,2.0,2.0,0.190476194024086,0.6853147149085999,0.0,0.008446791209280491,0.0550595223903656,0.0008162313606590033,0.011116293258965015,0.1841573417186737,0.6994325518608093
2500,-15.7461,-22.0965,-37.8426,-19.8203,-19.5625,2.0,2.0,0.0,0.41025641560554504,0.00020337603928055614,0.0019354125251993537,0.0476190485060215,0.0,0.001515858224593103,0.19111473858356476,0.7028917670249939
2505,-15.3684,-22.2145,-37.5828,-20.25,-18.1172,2.0,2.0,0.0,0.5531914830207825,0.0,0.005076142027974129,0.0498511902987957,0.0005441542016342282,0.005480410531163216,0.20802238583564758,0.6814754605293274
2510,-15.184,-22.2844,-37.4684,-20.7188,-17.5781,2.0,2.0,0.25,0.6604938507080078,0.0,0.0053760334849357605,0.0509672611951828,0.000310945266392082,0.006296641658991575,0.21653451025485992,0.672380268573761
2515,-16.1488,-21.9238,-38.0727,-19.6328,-20.1484,2.0,2.0,0.0,0.0,0.0,0.00016137708735186607,0.0476190485060215,0.0,0.00011660447489703074,0.1728467047214508,0.7225590944290161
2520,-15.7535,-22.1191,-37.8727,-19.4844,-20.2578,2.0,2.0,0.0,0.0,0.0,0.0003850596840493381,0.0476190485060215,0.0,0.0002720771008171141,0.18866604566574097,0.7065842747688293
2525,-15.7176,-21.7117,-37.4293,-23.1875,-11.7969,2.0,2.0,0.2545454502105713,0.9174147248268127,0.00019368584617041051,0.009498986415565014,0.0636160746216774,0.002137748757377267,0.021649565547704697,0.2006763070821762,0.6710587739944458
2530,-15.9141,-21.6434,-37.5574,-22.9609,-12.3438,2.0,2.0,0.3265306055545807,0.9484127163887024,0.00020275749557185918,0.009626886807382107,0.0543154776096344,0.0019045397639274597,0.019589552655816078,0.19169776141643524,0.6823305487632751
2535,-16.725,-20.6074,-37.3324,-27.0234,-3.7266,2.0,2.0,0.5405405163764954,0.98365318775177,0.00044913540477864444,0.011424219235777855,0.0911458358168602,0.0043143657967448235,0.0546875,0.17307990789413452,0.6634405851364136
2540,-15.7152,-21.8324,-37.5477,-22.3984,-13.8906,2.0,2.0,0.4375,0.9700000286102295,0.0,0.006185921374708414,0.0546875,0.001243781065568328,0.01554726343601942,0.20013214647769928,0.6785991787910461
2545,-16.8758,-19.7445,-36.6203,-28.3438,-0.9688,2.0,2.0,0.7209302186965942,0.9956192970275879,0.0008483562851324677,0.014424001798033714,0.1287202388048172,0.008356654085218906,0.09759794920682907,0.1832633763551712,0.606304407119751
2550,-15.5578,-21.6422,-37.2,-24.9453,-8.5391,2.0,2.0,0.5254237055778503,0.9886506795883179,0.0005481454427354038,0.007358659990131855,0.0651041641831398,0.0022932214196771383,0.030822450295090675,0.212725430727005,0.6496812701225281
2555,-15.7434,-21.9684,-37.7117,-21.0547,-16.7891,2.0,2.0,0.07692307978868484,0.9902439117431641,0.0,0.003484516404569149,0.0502232126891613,0.0005052860942669213,0.007967972196638584,0.1954679787158966,0.691581130027771
2560,-15.4316,-21.693,-37.1246,-24.2422,-9.8281,2.0,2.0,0.5972222089767456,0.9646464586257935,0.0001778410078259185,0.008034797385334969,0.0729166641831398,0.0027985074557363987,0.030783582478761673,0.21855565905570984,0.6433846354484558
2565,-15.625,-22.1875,-37.8125,-19.6094,-20.1953,2.0,2.0,0.0,0.0,0.0,0.0,0.0476190485060215,0.0,0.0,0.1953125,0.70020991563797
2570,-15.575,-22.2125,-37.7875,-19.4531,-20.2734,2.0,2.0,0.0,0.0,0.0,0.0,0.0476190485060215,0.0,0.0,0.19733364880084991,0.6981887221336365
2575,-15.1727,-22.157,-37.3297,-21.8047,-14.5625,2.0,2.0,0.4146341383457184,0.931034505367279,0.00035020135692320764,0.006128822918981314,0.0543154776096344,0.0015935945557430387,0.01239894237369299,0.22197605669498444,0.6595537662506104
2580,-16.0082,-21.9672,-37.9754,-19.7266,-19.5625,2.0,2.0,0.0,0.8518518805503845,0.00021691973961424083,0.00135884340852499,0.0476190485060215,0.00019434079877100885,0.0010494403541088104,0.17918221652507782,0.7150964140892029
2585,-16.1926,-20.6668,-36.8594,-27.3281,-2.5781,2.0,2.0,0.692307710647583,0.9890710115432739,0.0005842259270139039,0.014929086901247501,0.0896577388048172,0.0070740049704909325,0.06401585787534714,0.19958800077438354,0.6248445510864258
2590,-15.0473,-22.3352,-37.3824,-20.8594,-16.9922,2.0,2.0,0.0714285746216774,0.9717513918876648,0.0,0.0035758251324295998,0.0502232126891613,0.0005441542016342282,0.006879664026200771,0.22504663467407227,0.6630519032478333
2595,-15.5914,-22.0531,-37.6445,-21.1953,-16.5312,2.0,2.0,0.11764705926179886,0.9791666865348816,0.0,0.0038459363859146833,0.0476190485060215,0.0006607586983591318,0.007462686393409967,0.20017102360725403,0.6872279047966003
2600,-15.4961,-21.9309,-37.427,-22.4375,-13.5312,2.0,2.0,0.3529411852359772,0.9832535982131958,0.00018758205987978727,0.006606014911085367,0.0513392873108387,0.0013215173967182636,0.016246890649199486,0.20720615983009338,0.6707478165626526
2605,-16.1043,-21.509,-37.6133,-23.3594,-11.8516,2.0,2.0,0.52173912525177,0.969072163105011,0.00041911148582585156,0.0067460318095982075,0.0625,0.0017879352672025561,0.022621268406510353,0.18547885119915009,0.6856343150138855
2610,-15.5824,-21.7711,-37.3535,-22.3594,-13.0781,2.0,2.0,0.4000000059604645,0.940246045589447,0.0005643340991809964,0.008369915187358856,0.0617559514939785,0.002720771124586463,0.022115983068943024,0.2066231369972229,0.6640625
2615,-15.9613,-21.7094,-37.6707,-22.1328,-14.0,2.0,2.0,0.2666666805744171,0.980629563331604,0.0010341261513531208,0.004338761325925589,0.0587797611951828,0.00174906721804291,0.016052549704909325,0.18792754411697388,0.6897932291030884
2620,-15.9707,-20.009,-35.9797,-27.9219,-1.1094,2.0,2.0,0.843137264251709,0.9937477111816406,0.0010346611961722374,0.012872819788753986,0.1495535671710968,0.01189365703612566,0.10568252205848694,0.22539645433425903,0.5525497794151306
2625,-15.441,-22.2344,-37.6754,-20.1094,-19.0781,2.0,2.0,1.0,0.8032786846160889,0.0,0.0010173515183851123,0.0509672611951828,3.886815829901025e-05,0.002370957750827074,0.20541821420192719,0.6876943111419678
2630,-15.284,-21.5348,-36.8187,-25.3281,-6.8125,2.0,2.0,0.5663716793060303,0.9801443815231323,0.0006778512033633888,0.009737404063344002,0.0833333358168602,0.0043921018950641155,0.04306592047214508,0.22936101257801056,0.6187033653259277
2635,-15.2391,-22.241,-37.4801,-20.6016,-17.4375,2.0,2.0,0.0555555559694767,0.8461538553237915,0.00018076645210385323,0.00167678517755121,0.0632440447807312,0.0006996268639340997,0.0075792912393808365,0.21501865983009338,0.6722248196601868
2640,-15.1285,-20.9129,-36.0414,-27.2188,-1.7422,2.0,2.0,0.7162629961967468,0.9870064854621887,0.002797637600451708,0.013970382511615753,0.1216517835855484,0.011232897639274597,0.07777518779039383,0.2500777244567871,0.5564365386962891
2645,-16.0992,-21.6516,-37.7508,-22.1641,-14.3828,2.0,2.0,0.3333333432674408,0.956632673740387,0.0,0.0047918870113790035,0.0613839291036129,0.0013992537278681993,0.015236318111419678,0.1813199669122696,0.6975668668746948
2650,-16.859,-19.2063,-36.0652,-27.6797,-1.1719,2.0,2.0,0.8069307208061218,0.993678867816925,0.0016142049571499228,0.01426012720912695,0.177827388048172,0.015702735632658005,0.12297885864973068,0.1926306039094925,0.5642101764678955
2655,-15.8438,-21.9598,-37.8035,-20.5391,-17.9844,2.0,2.0,0.1538461595773697,0.9870129823684692,0.00041288192733190954,0.00205224915407598,0.0509672611951828,0.0005052860942669213,0.005985696334391832,0.18827736377716064,0.7007540464401245
2660,-17.0891,-19.0262,-36.1152,-28.1875,-1.0234,2.0,2.0,0.8337874412536621,0.9914945363998413,0.0022797926794737577,0.015663644298911095,0.1729910671710968,0.014264614321291447,0.12795397639274597,0.18753886222839355,0.5657649040222168
2665,-14.8379,-22.2102,-37.048,-22.6953,-12.4766,2.0,2.0,0.15789473056793213,0.9699398875236511,0.00032430680585093796,0.006305092945694923,0.0617559514939785,0.001476990059018135,0.019395211711525917,0.23969994485378265,0.6349502205848694
2670,-17.4742,-17.6043,-35.0785,-27.3672,-1.3281,2.0,2.0,0.8800504803657532,0.9972814917564392,0.0020567667670547962,0.015312599018216133,0.261532723903656,0.030783582478761673,0.1858675330877304,0.18897698819637299,0.4898942708969116
2675,-17.4727,-18.3668,-35.8395,-28.5625,-0.7188,2.0,1.9466,0.7939913868904114,0.9949122071266174,0.00129338214173913,0.013924593105912209,0.2194940447807312,0.018112562596797943,0.15279074013233185,0.18030938506126404,0.544309675693512
2680,-17.5652,-16.8691,-34.4344,-28.1562,-0.9219,2.0,1.9076,0.8493150472640991,0.9980846047401428,0.0042553190141916275,0.019376056268811226,0.3098958432674408,0.03404850885272026,0.2232198417186737,0.20094838738441467,0.43730565905570984
2685,-21.1129,-10.6973,-31.8102,-29.4375,-0.2812,2.0,1.7351,0.8838465809822083,0.9978298544883728,0.009836986660957336,0.05318278446793556,0.581845223903656,0.071944959461689,0.447761207818985,0.13829290866851807,0.23752331733703613
2690,-22.05,-8.7129,-30.7629,-29.625,-0.1875,2.0,1.4809,0.8490028381347656,0.9953930974006653,0.03054187260568142,0.10542238503694534,0.6808035969734192,0.09549906849861145,0.5146533250808716,0.11835354566574097,0.16701647639274597
2695,-24.9746,-4.5652,-29.5398,-29.7188,-0.1406,2.0,1.1435,0.8898488283157349,0.9975367784500122,0.041551247239112854,0.23882286250591278,0.8415178656578064,0.10797574371099472,0.6627410054206848,0.05612562224268913,0.068680040538311
2700,-26.4332,-2.4227,-28.8559,-29.9219,-0.0391,2.0,0.7178,0.890350878238678,0.9978769421577454,0.1593291461467743,0.5773584842681885,0.9717261791229248,0.12406716495752335,0.7323150038719177,0.018540112301707268,0.020600125193595886
2705,-25.9684,-3.2059,-29.1742,-29.9062,-0.0469,2.0,0.2759,0.8011596202850342,0.9881089329719543,0.3291139304637909,0.5500468015670776,0.918154776096344,0.11396144330501556,0.7093050479888916,0.03070584498345852,0.04155006259679794
2710,-24.9363,-4.5012,-29.4375,-29.6484,-0.2344,2.0,0.0,0.7761685252189636,0.9840306639671326,0.19617225229740143,0.43363329768180847,0.8530505895614624,0.1180814653635025,0.6595926880836487,0.04874067008495331,0.06910758465528488
2715,-26.0695,-3.0926,-29.1621,-29.9531,-0.0234,2.0,0.0,0.7793362736701965,0.9766202569007874,0.46704068779945374,0.7243083119392395,0.929315447807312,0.1136116310954094,0.7148631811141968,0.027712997049093246,0.039334576576948166
2720,-24.9648,-4.6035,-29.5684,-29.7734,-0.1719,2.0,0.0,0.763323962688446,0.9543260931968689,0.3608017861843109,0.5245813131332397,0.863095223903656,0.11085198819637299,0.6603700518608093,0.052355408668518066,0.071944959461689
2725,-25.3664,-3.8344,-29.2008,-29.8672,-0.0781,2.0,0.0,0.7778828144073486,0.9622771143913269,0.5520082116127014,0.6325947046279907,0.8973214030265808,0.123367540538311,0.6800373196601868,0.037740983068943024,0.05437655374407768
2730,-25.4902,-3.7695,-29.2598,-29.9062,-0.0469,2.0,0.0,0.7936713099479675,0.950977623462677,0.5042552947998047,0.7083947062492371,0.9185267686843872,0.12037468701601028,0.685828685760498,0.036536071449518204,0.05278296023607254
2735,-24.2164,-5.6809,-29.8973,-29.7344,-0.1328,2.0,0.0,0.7589418888092041,0.9401987195014954,0.25867679715156555,0.4627341628074646,0.8359375,0.10432214289903641,0.6220071315765381,0.07167288661003113,0.09752020984888077
2740,-24.034,-5.8887,-29.9227,-29.75,-0.125,2.0,0.0,0.7363331913948059,0.9252371788024902,0.3195928633213043,0.5322204828262329,0.804315447807312,0.10451647639274597,0.6145055890083313,0.07637593150138855,0.10012438148260117
2745,-23.6996,-6.4613,-30.1609,-29.5391,-0.2422,2.0,0.0,0.7580769062042236,0.9286555647850037,0.24414245784282684,0.41974902153015137,0.7909226417541504,0.10105721652507782,0.5938277244567871,0.08294465392827988,0.11769278347492218
2750,-22.448,-8.1359,-30.584,-29.5156,-0.2422,2.0,0.0,0.7583527565002441,0.9261686205863953,0.15937839448451996,0.301891565322876,0.7354910969734192,0.10004664212465286,0.533815324306488,0.10754819959402084,0.15411224961280823
2755,-21.709,-8.7961,-30.5051,-29.3906,-0.3047,2.0,0.0,0.7746628522872925,0.9294866919517517,0.17385746538639069,0.2810344696044922,0.6729910969734192,0.10953047126531601,0.5065687298774719,0.12161847203969955,0.1578047275543213
2760,-22.0996,-9.1258,-31.2254,-29.2188,-0.3906,2.0,0.0,0.7769118547439575,0.9431887865066528,0.12756264209747314,0.18834081292152405,0.6380208134651184,0.07979632914066315,0.5055969953536987,0.11944185197353363,0.19068719446659088
2765,-22.2473,-8.4203,-30.6676,-29.6562,-0.1719,2.0,0.0,0.7986470460891724,0.9613990783691406,0.12757058441638947,0.1840386986732483,0.683779776096344,0.09767568111419678,0.5256141424179077,0.11151275038719177,0.1607198417186737
2770,-22.3691,-8.0453,-30.4145,-29.4844,-0.2578,2.0,0.0,0.757095456123352,0.943530797958374,0.17840543389320374,0.2758711576461792,0.7235863208770752,0.10544931888580322,0.5341262221336365,0.10871423780918121,0.14723259210586548
2775,-24.5094,-5.2273,-29.7367,-29.7812,-0.1094,2.0,0.0,0.7045133709907532,0.9402848482131958,0.3513685464859009,0.5387324094772339,0.8683035969734192,0.11023010313510895,0.6359219551086426,0.06106187775731087,0.08830846101045609
2780,-24.0938,-5.5922,-29.6859,-29.5156,-0.2422,2.0,0.0,0.7672811150550842,0.9286836385726929,0.33161216974258423,0.5213310718536377,0.8604910969734192,0.1180814653635025,0.6185867786407471,0.06774719804525375,0.09110696613788605
2785,-25.1812,-3.9527,-29.134,-29.75,-0.2188,2.0,0.0,0.8187292814254761,0.9432251453399658,0.5259549617767334,0.7261560559272766,0.9308035969734192,0.12908115983009338,0.6729633212089539,0.03968438878655434,0.0537935309112072
2790,-24.8418,-4.648,-29.4898,-29.7812,-0.1094,2.0,0.0,0.7916666865348816,0.9317326545715332,0.40856030583381653,0.6299582719802856,0.898065447807312,0.12033581733703613,0.6507695913314819,0.049945585429668427,0.07447139173746109
2795,-22.5887,-7.4668,-30.0555,-29.2969,-0.3516,2.0,0.0,0.7662907242774963,0.9068256616592407,0.2464962899684906,0.43823185563087463,0.7689732313156128,0.12406716495752335,0.5443874597549438,0.09429415315389633,0.13277363777160645
2800,-22.5266,-7.8652,-30.3918,-29.5312,-0.2344,2.0,0.0,0.7698610424995422,0.9122908711433411,0.1876685917377472,0.3717045187950134,0.7492559552192688,0.10910291969776154,0.536652684211731,0.10086287558078766,0.14890392124652863
2805,-21.2461,-10.3723,-31.6184,-29.4375,-0.2812,2.0,0.0,0.781520664691925,0.8953240513801575,0.10319337993860245,0.23942455649375916,0.6000744104385376,0.08076803386211395,0.45635107159614563,0.13145211338996887,0.22695118188858032
2810,-20.7984,-11.3941,-32.1926,-29.4062,-0.2969,2.0,0.0,0.806053102016449,0.9291316866874695,0.04688332602381706,0.14530807733535767,0.555059552192688,0.06292755156755447,0.42615050077438354,0.1459110677242279,0.26053327322006226
2815,-18.4125,-15.3445,-33.757,-28.3125,-1.0312,2.0,0.0,0.8233532905578613,0.8866666555404663,0.019927537068724632,0.09259258955717087,0.404389888048172,0.038945894688367844,0.28568097949028015,0.19309701025485992,0.37779849767684937
2820,-19.6852,-14.4668,-34.152,-28.9141,-0.8359,2.0,0.0,0.8234483003616333,0.9301156401634216,0.012411347590386868,0.06560368835926056,0.4133184552192688,0.028179414570331573,0.3092350661754608,0.15345148742198944,0.40465641021728516
2825,-15.9078,-20.5602,-36.468,-25.0625,-8.1641,2.0,0.0,0.6981981992721558,0.8260442018508911,0.0016184139531105757,0.02739456109702587,0.1495535671710968,0.008628731593489647,0.0790967047214508,0.2161458283662796,0.5916511416435242
2830,-14.966,-22.248,-37.2141,-20.875,-16.6094,2.0,0.0,0.692307710647583,0.7939560413360596,0.0001681520079728216,0.005452366545796394,0.0665922611951828,0.001515858224593103,0.014148009940981865,0.23114894330501556,0.6487095952033997
2835,-15.1438,-22.4141,-37.5578,-19.3359,-20.1094,2.0,0.0,0.0,0.17391304671764374,0.0,0.0008010069723241031,0.0498511902987957,0.0,0.0008939676336012781,0.21529074013233185,0.6793376803398132
2840,-15.6344,-22.1828,-37.8172,-19.375,-20.3125,2.0,0.0486,0.0,0.0,0.0,0.0,0.0476190485060215,0.0,0.0,0.19453513622283936,0.7009872794151306
2845,-15.6055,-22.1973,-37.8027,-19.5781,-20.2109,2.0,0.1002,0.0,0.0,0.0,0.0,0.0476190485060215,0.0,0.0,0.19574004411697388,0.6997823119163513
2850,-15.0406,-22.475,-37.5156,-19.25,-20.375,2.0,0.1495,0.0,0.0,0.0,0.00046162723447196186,0.0476190485060215,0.0,0.000310945266392082,0.22162623703479767,0.6735851764678955
2855,-15.6043,-22.1949,-37.7992,-19.4531,-20.2734,2.0,0.2036,0.0,0.0,0.00019790223450399935,0.00022238283418118954,0.0476190485060215,0.0,0.0,0.19640080630779266,0.6991215944290161
2860,-15.5328,-22.2324,-37.7652,-19.4531,-20.2734,2.0,0.2674,0.0,0.0,0.0,0.00011161337170051411,0.0476190485060215,0.0,7.77363165980205e-05,0.1989661008119583,0.696478545665741
2865,-14.7656,-22.6172,-37.3828,-19.0938,-20.4531,2.0,0.3176,0.0,0.0,0.0,0.0,0.0476190485060215,0.0,0.0,0.2324315905570984,0.6630908250808716
2870,-15.8773,-22.0613,-37.9387,-19.5938,-20.2031,2.0,0.3776,0.0,0.0,0.0,0.0,0.0476190485060215,0.0,0.0,0.18337997794151306,0.7121424078941345
2875,-15.6266,-22.1867,-37.8133,-19.3438,-20.3281,2.0,0.4348,0.0,0.0,0.0,0.0,0.0476190485060215,0.0,0.0,0.19500155746936798,0.7005208134651184
2880,-15.8539,-22.0719,-37.9258,-19.5312,-20.2109,2.0,0.489,0.0,0.0,0.0,0.00010946308611892164,0.0476190485060215,0.0,7.77363165980205e-05,0.18528451025485992,0.7101601362228394
2885,-15.3055,-22.3473,-37.6527,-19.3125,-20.3438,2.0,0.5489,0.0,0.0,0.0,0.0,0.0476190485060215,0.0,0.0,0.20724502205848694,0.6882773637771606
2890,-15.75,-22.1203,-37.8703,-19.3594,-20.3203,2.0,0.5996,0.0,0.0,0.0,0.0,0.0505952388048172,0.000155472633196041,0.000155472633196041,0.19103699922561646,0.7041744589805603
2895,-15.7008,-22.1449,-37.8457,-19.2344,-20.3828,2.0,0.657,0.0,0.0,0.0,0.0,0.0505952388048172,0.0,0.000310945266392082,0.190764918923378,0.7044464945793152
2900,-16.0719,-21.9641,-38.0359,-19.7656,-20.1172,2.0,0.7124,0.0,0.0,0.0,0.0,0.0476190485060215,0.0,0.0,0.1768501251935959,0.7186722755432129
2905,-16.1258,-21.9371,-38.0629,-19.5625,-20.2188,2.0,0.7658,0.0,0.0,0.0,0.0,0.0476190485060215,0.0,0.0,0.17234142124652863,0.7231809496879578
2910,-14.7883,-22.6059,-37.3941,-19.0781,-20.4609,2.0,0.8249,0.0,0.0,0.0,0.0,0.0476190485060215,0.0,0.0,0.23107120394706726,0.6644511818885803
2915,-15.3398,-22.3301,-37.6699,-19.3594,-20.3203,2.0,0.882,0.0,0.0,0.0,0.0,0.0476190485060215,0.0,0.0,0.20732276141643524,0.6881996393203735
2920,-15.5586,-22.2207,-37.7793,-19.1406,-20.4297,2.0,0.9432,0.0,0.0,0.0,0.0,0.0476190485060215,0.0,0.0,0.19756685197353363,0.6979555487632751
2925,-15.1687,-22.4156,-37.5844,-19.3438,-20.3281,2.0,0.996,0.0,0.0,0.0,0.0,0.0476190485060215,0.0,0.0,0.21365827322006226,0.6818641424179077
2930,-15.6715,-22.1637,-37.8352,-19.375,-20.3125,2.0,1.0527,0.0,0.0,0.0,5.5306674767052755e-05,0.0476190485060215,0.0,0.0,0.19274720549583435,0.7027751803398132
2935,-15.357,-22.3215,-37.6785,-19.2969,-20.3516,2.0,1.1052,0.0,0.0,0.0,0.0,0.0476190485060215,0.0,0.0,0.2065453976392746,0.6889770030975342
2940,-15.5836,-22.2082,-37.7918,-19.2031,-20.3984,2.0,1.1664,0.0,0.0,0.0,0.0,0.0476190485060215,0.0,0.0,0.19558458030223846,0.6999378204345703
2945,-15.7984,-22.1008,-37.8992,-19.6562,-20.1719,2.0,1.2216,0.0,0.0,0.0,0.0,0.0476190485060215,0.0,0.0,0.1884717047214508,0.7070506811141968
2950,-15.1371,-22.4285,-37.5656,-19.0703,-20.4062,2.0,1.2764,0.0,0.0,0.0,0.00028584495885297656,0.0476190485060215,0.0,0.00019434079877100885,0.21544620394706726,0.6798818111419678
2955,-15.6359,-22.182,-37.818,-19.3906,-20.3047,2.0,1.3308,0.0,0.0,0.0,0.0,0.0476190485060215,0.0,0.0,0.19480721652507782,0.700715184211731
2960,-15.4109,-22.2945,-37.7055,-19.3281,-20.3359,2.0,1.3871,0.0,0.0,0.0,0.0,0.0476190485060215,0.0,0.0,0.2049906700849533,0.6905317306518555
2965,-15.3344,-22.3281,-37.6625,-19.3594,-20.3203,2.0,1.4479,0.0,0.0,0.0,0.00045238633174449205,0.0476190485060215,3.886815829901025e-05,0.0002720771008171141,0.20786692202091217,0.6873445510864258
2970,-15.3133,-22.3434,-37.6566,-19.2344,-20.3828,2.0,1.5058,0.0,0.0,0.0,0.0,0.0476190485060215,0.0,0.0,0.2082556039094925,0.6872667670249939
2975,-15.6984,-22.1508,-37.8492,-19.5156,-20.2422,2.0,1.5627,0.0,0.0,0.0,0.0,0.0476190485060215,0.0,0.0,0.19220304489135742,0.7033193111419678
2980,-15.575,-22.2125,-37.7875,-19.375,-20.3125,2.0,1.618,0.0,0.0,0.0,0.0,0.0476190485060215,0.0,0.0,0.19640080630779266,0.6991215944290161
2985,-15.8289,-22.0855,-37.9145,-19.4531,-20.2734,2.0,1.6703,0.0,0.0,0.0,0.0,0.0476190485060215,0.0,0.0,0.18691697716712952,0.7086054086685181
2990,-14.9875,-22.5063,-37.4938,-18.9219,-20.5391,2.0,1.727,0.0,0.0,0.0,0.0,0.0476190485060215,0.0,0.0,0.22325870394706726,0.6722636818885803
2995,-14.6648,-22.6676,-37.3324,-19.2812,-20.3594,2.0,1.7848,0.0,0.0,0.0,0.0,0.0476190485060215,0.0,0.0,0.23740671575069427,0.6581156849861145
3000,-15.5832,-22.2078,-37.791,-19.5,-20.25,2.0,1.845,0.0,0.0,0.0,5.562044680118561e-05,0.0476190485060215,0.0,3.886815829901025e-05,0.19667288661003113,0.6988106369972229
3005,-15.7719,-22.1141,-37.8859,-19.4375,-20.2812,2.0,1.9024,0.0,0.0,0.0,0.0,0.0476190485060215,0.0,0.0,0.18983209133148193,0.705690324306488
3010,-14.7031,-22.6484,-37.3516,-18.5781,-20.7109,2.0,1.9572,0.0,0.0,0.0,0.0,0.0476190485060215,0.0,0.0,0.23729011416435242,0.6582322716712952
3015,-15.7937,-22.1031,-37.8969,-19.5,-20.25,2.0,2.0,0.0,0.0,0.0,0.0,0.0476190485060215,0.0,0.0,0.18788868188858032,0.7076337337493896
3020,-15.6773,-22.1613,-37.8387,-19.5156,-20.2422,2.0,2.0,0.0,0.0,0.0,0.0,0.0476190485060215,0.0,0.0,0.192047581076622,0.7034748196601868
3025,-16.1688,-21.9156,-38.0844,-19.625,-20.1875,2.0,2.0,0.0,0.0,0.0,0.0,0.0476190485060215,0.0,0.0,0.17238028347492218,0.7231420874595642
3030,-15.5547,-22.2227,-37.7773,-19.3594,-20.3203,2.0,2.0,0.0,0.0,0.0,0.0,0.0476190485060215,0.0,0.0,0.19764459133148193,0.697877824306488
3035,-15.8094,-22.0953,-37.9047,-19.4531,-20.2734,2.0,2.0,0.0,0.0,0.0,0.0,0.0476190485060215,0.0,0.0,0.18703357875347137,0.7084888219833374
3040,-14.968,-22.516,-37.484,-19.2344,-20.3828,2.0,2.0,0.0,0.0,0.0,0.0,0.0476190485060215,0.0,0.0,0.22318096458911896,0.6723414063453674
3045,-15.3758,-22.3121,-37.6879,-19.375,-20.3125,2.0,2.0,0.0,0.0,0.0,0.0,0.0476190485060215,0.0,0.0,0.20421330630779266,0.6913090944290161
3050,-14.7203,-22.6352,-37.3555,-18.9219,-20.4453,2.0,2.0,0.0,0.0,0.0,0.000471170264063403,0.0476190485060215,0.0,0.000310945266392082,0.2352689653635025,0.6599424481391907
3055,-15.907,-22.0465,-37.9535,-19.5625,-20.2188,2.0,2.0,0.0,0.0,0.0,0.0,0.0476190485060215,0.0,0.0,0.18369092047214508,0.7118314504623413
3060,-15.7637,-22.1141,-37.8777,-19.4531,-20.2734,2.0,2.0,0.0,0.0,0.0,0.0003849538043141365,0.0476190485060215,0.0,0.0002720771008171141,0.1884717047214508,0.7067785859107971
3065,-15.9516,-22.0242,-37.9758,-19.3438,-20.3281,2.0,2.0,0.0,0.0,0.0,0.0,0.0476190485060215,0.0,0.0,0.1797652393579483,0.7157571315765381
3070,-15.6422,-22.1789,-37.8211,-19.3125,-20.3438,2.0,2.0,0.0,0.0,0.0,0.0,0.0476190485060215,0.0,0.0,0.19422419369220734,0.701298177242279
3075,-15.8398,-22.0754,-37.9152,-19.5312,-20.1406,2.0,2.0,0.0,0.0,0.0,0.0004375888966023922,0.0476190485060215,0.0,0.000310945266392082,0.18462376296520233,0.7105876803398132
3080,-15.757,-22.1215,-37.8785,-19.5938,-20.2031,2.0,2.0,0.0,0.0,0.0,0.0,0.0476190485060215,0.0,0.0,0.1892102062702179,0.7063121795654297
3085,-15.0188,-22.4906,-37.5094,-19.1875,-20.4062,2.0,2.0,0.0,0.0,0.0,0.0,0.0476190485060215,0.0,0.0,0.22182057797908783,0.673701822757721
3090,-15.7719,-22.1141,-37.8859,-19.3906,-20.3047,2.0,2.0,0.0,0.0,0.0,0.0,0.0476190485060215,0.0,0.0,0.18753886222839355,0.7079834938049316
3095,-16.0031,-21.9891,-37.9922,-19.4219,-20.2891,2.0,2.0,0.0,0.0,0.0,0.0008696125005371869,0.0476190485060215,3.886815829901025e-05,0.0005830223672091961,0.1797652393579483,0.7151352763175964
3100,-16.2789,-21.8605,-38.1395,-19.7344,-20.1328,2.0,2.0,0.0,0.0,0.0,0.0,0.0476190485060215,0.0,0.0,0.16670553386211395,0.7288168668746948
3105,-15.0117,-22.4941,-37.5059,-19.0469,-20.4766,2.0,2.0,0.0,0.0,0.0,0.0,0.0476190485060215,0.0,0.0,0.22310324013233185,0.6724191308021545
3110,-15.1633,-22.4137,-37.577,-19.5156,-20.2422,2.0,2.0,0.0,0.0,0.0,0.00045763971866108477,0.0476190485060215,0.0,0.000310945266392082,0.21575714647769928,0.6794542670249939
3115,-15.9648,-22.0176,-37.9824,-19.4375,-20.2812,2.0,2.0,0.0,0.0,0.0,0.0,0.0476190485060215,0.0,0.0,0.17988184094429016,0.7156405448913574
3120,-15.0211,-22.4895,-37.5105,-19.2656,-20.3672,2.0,2.0,0.0,0.0,0.0,0.0,0.0476190485060215,0.0,0.0,0.22197605669498444,0.673546314239502
3125,-15.1836,-22.4082,-37.5918,-19.1719,-20.4141,2.0,2.0,0.0,0.0,0.0,0.0,0.0476190485060215,0.0,0.0,0.21342505514621735,0.682097315788269
3130,-15.3297,-22.3352,-37.6648,-19.3125,-20.3438,2.0,2.0,0.0,0.0,0.0,0.0,0.0476190485060215,0.0,0.0,0.2073616236448288,0.68816077709198
3135,-15.9414,-22.0293,-37.9707,-19.5,-20.25,2.0,2.0,0.0,0.0,0.0,0.0,0.0476190485060215,0.0,0.0,0.18085354566574097,0.714668869972229
3140,-14.7875,-22.6063,-37.3938,-19.0469,-20.4766,2.0,2.0,0.0,0.0,0.0,0.0,0.0476190485060215,0.0,0.0,0.23262593150138855,0.662896454334259
3145,-15.0672,-22.4664,-37.5336,-19.1094,-20.4453,2.0,2.0,0.0,0.0,0.0,0.0,0.0476190485060215,0.0,0.0,0.2180892378091812,0.6774331331253052
3150,-15.1023,-22.4488,-37.5512,-19.5156,-20.2422,2.0,2.0,0.0,0.0,0.0,0.0,0.0476190485060215,0.0,0.0,0.21812811493873596,0.6773942708969116
3155,-15.6234,-22.1883,-37.8117,-19.2812,-20.3594,2.0,2.0,0.0,0.0,0.0,0.0,0.0476190485060215,0.0,0.0,0.19562344253063202,0.6998989582061768
3160,-15.5297,-22.2352,-37.7648,-19.4688,-20.2656,2.0,2.0,0.0,0.0,0.0,0.0,0.0476190485060215,0.0,0.0,0.19853855669498444,0.696983814239502
3165,-15.7039,-22.148,-37.852,-19.4531,-20.2734,2.0,2.0,0.0,0.0,0.0,0.0,0.0476190485060215,0.0,0.0,0.19053171575069427,0.7049906849861145
3170,-16.007,-21.9965,-38.0035,-19.4688,-20.2656,2.0,2.0,0.0,0.0,0.0,0.0,0.0476190485060215,0.0,0.0,0.17848259210586548,0.7170398235321045
3175,-15.632,-22.184,-37.816,-19.4375,-20.2812,2.0,2.0,0.0,0.0,0.0,0.0,0.0476190485060215,0.0,0.0,0.1944962739944458,0.7010261416435242
3180,-15.5633,-22.2184,-37.7816,-19.3594,-20.3203,2.0,2.0,0.0,0.0,0.0,0.0,0.0476190485060215,0.0,0.0,0.19659514725208282,0.6989272236824036
3185,-15.5102,-22.2449,-37.7551,-19.2656,-20.3672,2.0,2.0,0.0,0.0,0.0,0.0,0.0476190485060215,0.0,0.0,0.19974346458911896,0.6957789063453674
3190,-15.2336,-22.3832,-37.6168,-19.375,-20.3125,2.0,2.0,0.0,0.0,0.0,0.0,0.0476190485060215,0.0,0.0,0.21148166060447693,0.6840407252311707
3195,-16.0562,-21.9719,-38.0281,-19.5312,-20.2344,2.0,2.0,0.0,0.0,0.0,0.0,0.0476190485060215,0.0,0.0,0.1768501251935959,0.7186722755432129
3200,-16.0344,-21.9828,-38.0172,-19.6094,-20.1953,2.0,2.0,0.0,0.0,0.0,0.0,0.0476190485060215,0.0,0.0,0.1769278645515442,0.7185945510864258
3205,-15.4719,-22.2594,-37.7313,-19.4062,-20.2969,2.0,2.0,0.0,0.0,0.0001927525008795783,0.0003922887262888253,0.0476190485060215,0.0,0.000310945266392082,0.20164801180362701,0.6935634613037109
3210,-15.5898,-22.2051,-37.7949,-19.4219,-20.2891,2.0,2.0,0.0,0.0,0.0,0.0,0.0476190485060215,0.0,0.0,0.1953902393579483,0.7001321315765381
3215,-15.5797,-22.2102,-37.7898,-19.3125,-20.3438,2.0,2.0,0.0,0.0,0.0,0.0,0.0476190485060215,0.0,0.0,0.19616760313510895,0.6993547677993774
3220,-15.7609,-22.1195,-37.8805,-19.4375,-20.2812,2.0,2.0,0.0,0.0,0.0,0.0,0.0476190485060215,0.0,0.0,0.18889924883842468,0.7066231369972229
3225,-15.5742,-22.2129,-37.7871,-19.25,-20.375,2.0,2.0,0.0,0.0,0.0,0.0,0.0476190485060215,0.0,0.0,0.1979943960905075,0.6975280046463013
3230,-15.4672,-22.2664,-37.7336,-19.5781,-20.2109,2.0,2.0,0.0,0.0,0.0,0.0,0.0476190485060215,0.0,0.0,0.20339708030223846,0.6921253204345703
3235,-15.1828,-22.4086,-37.5914,-19.4219,-20.2891,2.0,2.0,0.0,0.0,0.0,0.0,0.0476190485060215,0.0,0.0,0.21470771729946136,0.6808146834373474
3240,-15.7336,-22.1297,-37.8633,-19.5469,-20.1562,2.0,2.0,0.0,0.0,0.00020454080367926508,0.00027555800625123084,0.0476190485060215,0.0,0.00023320894979406148,0.1900264322757721,0.7052627205848694
3245,-14.7,-22.65,-37.35,-18.8438,-20.5781,2.0,2.0,0.0,0.0,0.0,0.0,0.0476190485060215,0.0,0.0,0.2355021834373474,0.6600202322006226
3250,-15.3375,-22.3313,-37.6688,-19.2656,-20.3672,2.0,2.0,0.0,0.0,0.0,0.0,0.0476190485060215,0.0,0.0,0.20747824013233185,0.6880441308021545
3255,-15.5906,-22.2047,-37.7953,-19.3594,-20.3203,2.0,2.0,0.0,0.0,0.0,0.0,0.0476190485060215,0.0,0.0,0.1979166716337204,0.6976057291030884
3260,-15.3008,-22.3496,-37.6504,-19.125,-20.4375,2.0,2.0,0.0,0.0,0.0,0.0,0.0476190485060215,0.0,0.0,0.20926617085933685,0.6862562298774719
3265,-15.4016,-22.2992,-37.7008,-19.3281,-20.3359,2.0,2.0,0.0,0.0,0.0,0.0,0.0476190485060215,0.0,0.0,0.2038635015487671,0.6916589140892029
3270,-15.6922,-22.1539,-37.8461,-19.2344,-20.3828,2.0,2.0,0.0,0.0,0.0,0.0,0.0476190485060215,0.0,0.0,0.1924751251935959,0.7030472755432129
3275,-15.5031,-22.2484,-37.7516,-19.4219,-20.2891,2.0,2.0,0.0,0.0,0.0,0.0,0.0476190485060215,0.0,0.0,0.19919931888580322,0.6963230967521667
3280,-15.3773,-22.3113,-37.6887,-19.4688,-20.2656,2.0,2.0,0.0,0.0,0.0,0.0,0.0476190485060215,0.0,0.0,0.20701181888580322,0.6885105967521667
3285,-15.3711,-22.3145,-37.6855,-19.2812,-20.3594,2.0,2.0,0.0,0.0,0.0,0.0,0.0476190485060215,0.0,0.0,0.20666199922561646,0.6888603568077087
3290,-15.6258,-22.1871,-37.8129,-19.4375,-20.2812,2.0,2.0,0.0,0.0,0.0,0.0,0.0476190485060215,0.0,0.0,0.19402985274791718,0.7014925479888916
3295,-15.3844,-22.3078,-37.6922,-19.2656,-20.3672,2.0,2.0,0.0,0.0,0.0,0.0,0.0476190485060215,0.0,0.0,0.20545709133148193,0.690065324306488
3300,-15.8586,-22.0695,-37.9281,-19.4062,-20.2734,2.0,2.0,0.0,0.0,0.0,0.0,0.048363097012043,3.886815829901025e-05,3.886815829901025e-05,0.18485696613788605,0.7105876803398132
3305,-15.232,-22.384,-37.616,-19.4375,-20.2812,2.0,2.0,0.0,0.0,0.0,0.0,0.0476190485060215,0.0,0.0,0.21358053386211395,0.6819418668746948
3310,-15.475,-22.2625,-37.7375,-19.4062,-20.2969,2.0,2.0,0.0,0.0,0.0,0.0,0.0476190485060215,0.0,0.0,0.20219215750694275,0.6933302283287048
3315,-15.3258,-22.3371,-37.6629,-19.5,-20.25,2.0,2.0,0.0,0.0,0.0,0.0,0.0476190485060215,0.0,0.0,0.2084110677242279,0.6871113181114197
3320,-15.5023,-22.2488,-37.7512,-19.3438,-20.3281,2.0,2.0,0.0,0.0,0.0,0.0,0.0476190485060215,0.0,0.0,0.19951026141643524,0.6960121393203735
3325,-16.1086,-21.9316,-38.0402,-19.7031,-20.0547,2.0,2.0,0.0,0.0,0.0,0.0012966664507985115,0.0476190485060215,0.0,0.0009328357991762459,0.17517879605293274,0.71941077709198
3330,-15.3945,-22.3027,-37.6973,-19.4062,-20.2969,2.0,2.0,0.0,0.0,0.0,0.0,0.0476190485060215,0.0,0.0,0.2050684094429016,0.6904540061950684
3335,-15.7477,-22.1262,-37.8738,-19.4688,-20.2656,2.0,2.0,0.0,0.0,0.0,0.0,0.0476190485060215,0.0,0.0,0.18932680785655975,0.706195592880249
3340,-14.8914,-22.5496,-37.441,-19.2969,-20.3516,2.0,2.0,0.0,0.0,0.0,0.0,0.0505952388048172,3.886815829901025e-05,0.0002720771008171141,0.22815608978271484,0.6670553684234619
3345,-15.2629,-22.3633,-37.6262,-19.375,-20.3125,2.0,2.0,0.0,0.0,0.00018570102110970765,0.0004533605242613703,0.0476190485060215,3.886815829901025e-05,0.000310945266392082,0.2093050330877304,0.6858675479888916
3350,-15.6602,-22.1699,-37.8301,-19.4688,-20.2656,2.0,2.0,0.0,0.0,0.0,0.0,0.0476190485060215,0.0,0.0,0.19348569214344025,0.7020366787910461
3355,-15.6547,-22.1727,-37.8273,-19.4219,-20.2891,2.0,2.0,0.0,0.0,0.0,0.0,0.0476190485060215,0.0,0.0,0.1936022937297821,0.7019200921058655
3360,-15.9094,-22.0453,-37.9547,-19.5625,-20.2188,2.0,2.0,0.0,0.0,0.0,0.0,0.0476190485060215,0.0,0.0,0.18322449922561646,0.7122978568077087
3365,-15.757,-22.1215,-37.8785,-19.4844,-20.2578,2.0,2.0,0.0,0.0,0.0,0.0,0.0476190485060215,0.0,0.0,0.18948227167129517,0.70604008436203
3370,-15.4602,-22.2699,-37.7301,-19.3906,-20.3047,2.0,2.0,0.0,0.0,0.0,0.0,0.0476190485060215,0.0,0.0,0.20203669369220734,0.693485677242279
3375,-16.0906,-21.9547,-38.0453,-19.6562,-20.1719,2.0,2.0,0.0,0.0,0.0,0.0,0.0476190485060215,0.0,0.0,0.17494557797908783,0.720576822757721
3380,-15.4297,-22.2852,-37.7148,-19.3438,-20.3281,2.0,2.0,0.0,0.0,0.0,0.0,0.0476190485060215,0.0,0.0,0.203125,0.69239741563797
3385,-15.8055,-22.0973,-37.9027,-19.6875,-20.1562,2.0,2.0,0.0,0.0,0.0,0.0,0.0476190485060215,0.0,0.0,0.18769434094429016,0.7078280448913574
3390,-15.0609,-22.4648,-37.5258,-19.0469,-20.4766,2.0,2.0,0.0,0.0,0.00017596340330783278,0.0004034814774058759,0.0476190485060215,0.00011660447489703074,0.00019434079877100885,0.22088775038719177,0.6743236780166626
3395,-15.7117,-22.1441,-37.8559,-19.3438,-20.3281,2.0,2.0,0.0,0.0,0.0,0.0,0.0476190485060215,0.0,0.0,0.19041511416435242,0.7051072716712952
3400,-15.732,-22.134,-37.866,-19.4219,-20.2891,2.0,2.0,0.0,0.0,0.0,0.0,0.0476190485060215,0.0,0.0,0.18998755514621735,0.705534815788269
3405,-15.4477,-22.2762,-37.7238,-19.4219,-20.2891,2.0,2.0,0.0,0.0,0.0,0.0,0.0476190485060215,0.0,0.0,0.20363028347492218,0.6918920874595642
3410,-15.9227,-22.0387,-37.9613,-19.5938,-20.2031,2.0,2.0,0.0,0.0,0.0,0.0,0.0476190485060215,0.0,0.0,0.18178637325763702,0.7137359976768494
3415,-14.768,-22.6113,-37.3793,-19.0156,-20.4922,2.0,2.0,0.0,0.0,0.0,0.0,0.0505952388048172,0.0,0.000310945266392082,0.23247045278549194,0.6627410054206848
3420,-15.6344,-22.1828,-37.8172,-19.2969,-20.3516,2.0,2.0,0.0,0.0,0.0,0.0,0.0476190485060215,0.0,0.0,0.19585666060447693,0.6996657252311707
3425,-15.4898,-22.2551,-37.7449,-19.2812,-20.3594,2.0,2.0,0.0,0.0,0.0,0.0,0.0476190485060215,0.0,0.0,0.20160913467407227,0.6939132213592529
3430,-15.2695,-22.3605,-37.6301,-19.3906,-20.3047,2.0,2.0,0.0,0.0,0.00018508236098568887,0.00039707301766611636,0.0476190485060215,0.0,0.000310945266392082,0.21000465750694275,0.6852067708969116
3435,-15.4016,-22.2992,-37.7008,-19.125,-20.4375,2.0,2.0,0.0,0.0,0.0,0.0,0.0476190485060215,0.0,0.0,0.20526275038719177,0.6902596354484558
3440,-15.7602,-22.1199,-37.8801,-19.3281,-20.3359,2.0,2.0,0.0,0.0,0.0,0.0,0.0476190485060215,0.0,0.0,0.18835510313510895,0.7071672677993774
3445,-15.7445,-22.1277,-37.8723,-19.3594,-20.3203,2.0,2.0,0.0,0.0,0.0,0.0,0.0476190485060215,0.0,0.0,0.18956001102924347,0.7059623599052429
3450,-15.4578,-22.2664,-37.7242,-19.4219,-20.2891,2.0,2.0,0.0,0.0,0.0,0.0004488833947107196,0.0476190485060215,0.0,0.000310945266392082,0.20250311493873596,0.6927083134651184
3455,-14.9406,-22.5297,-37.4703,-19.3438,-20.3281,2.0,2.0,0.0,0.0,0.0,0.0,0.0476190485060215,0.0,0.0,0.22423040866851807,0.6712920069694519
3460,-16.0203,-21.9898,-38.0102,-19.4062,-20.2969,2.0,2.0,0.0,0.0,0.0,0.0,0.0476190485060215,0.0,0.0,0.17786069214344025,0.7176616787910461
3465,-15.675,-22.1625,-37.8375,-19.5,-20.25,2.0,2.0,0.0,0.0,0.0,0.0,0.0476190485060215,0.0,0.0,0.19356343150138855,0.701958954334259
3470,-15.7375,-22.1313,-37.8688,-19.3438,-20.3281,2.0,2.0,0.0,0.0,0.0,0.0,0.0476190485060215,0.0,0.0,0.1898709535598755,0.7056514024734497
3475,-14.7508,-22.6246,-37.3754,-19.0781,-20.4609,2.0,2.0,0.0,0.0,0.0,0.0,0.0476190485060215,0.0,0.0,0.23386971652507782,0.661652684211731
3480,-15.0453,-22.4727,-37.518,-19.375,-20.3125,2.0,2.0,0.0,0.0,0.0005277973250485957,0.0002882176486309618,0.0476190485060215,7.77363165980205e-05,0.00023320894979406148,0.22092661261558533,0.674284815788269
3485,-15.8414,-22.0746,-37.916,-19.5,-20.1562,2.0,2.0,0.0,0.0,0.0,0.0004378044104669243,0.0476190485060215,0.0,0.000310945266392082,0.1849735677242279,0.7102378606796265
3490,-15.9898,-22.0051,-37.9949,-19.4062,-20.2969,2.0,2.0,0.0,0.0,0.0,0.0,0.0476190485060215,0.0,0.0,0.17918221652507782,0.716340184211731
3495,-16.0773,-21.9613,-38.0387,-19.4531,-20.2734,2.0,2.0,0.0,0.0,0.0,0.0,0.0476190485060215,0.0,0.0,0.17591728270053864,0.7196050882339478
3500,-14.7,-22.65,-37.35,-19.2344,-20.3828,2.0,2.0,0.0,0.0,0.0,0.0,0.0476190485060215,0.0,0.0,0.2355021834373474,0.6600202322006226
3505,-15.5383,-22.2309,-37.7691,-19.2969,-20.3516,2.0,2.0,0.0,0.0,0.0,0.0,0.0476190485060215,0.0,0.0,0.19748911261558533,0.6980332732200623
3510,-15.5977,-22.2012,-37.7988,-19.4531,-20.2734,2.0,2.0,0.0,0.0,0.0,0.0,0.0476190485060215,0.0,0.0,0.19748911261558533,0.6980332732200623
3515,-15.4945,-22.2516,-37.7461,-19.4062,-20.2969,2.0,2.0,0.0,0.0,0.0,0.0,0.048363097012043,0.0,7.77363165980205e-05,0.2007540464401245,0.6946905851364136
3520,-16.0938,-21.9531,-38.0469,-19.4844,-20.2578,2.0,2.0,0.0,0.0,0.0,0.0,0.0476190485060215,0.0,0.0,0.17444029450416565,0.7210820913314819
3525,-15.525,-22.2375,-37.7625,-19.4531,-20.2734,2.0,2.0,0.0,0.0,0.0,0.0,0.0476190485060215,0.0,0.0,0.19853855669498444,0.696983814239502
3530,-15.7867,-22.1066,-37.8934,-19.5781,-20.2109,2.0,2.0,0.0,0.0,0.0,0.0,0.0476190485060215,0.0,0.0,0.18769434094429016,0.7078280448913574
3535,-15.1117,-22.4441,-37.5559,-19.4219,-20.2891,2.0,2.0,0.0,0.0,0.0,0.0,0.0476190485060215,0.0,0.0,0.21781715750694275,0.6777052283287048
3540,-15.3492,-22.3207,-37.6699,-19.4062,-20.2031,2.0,2.0,0.0,0.0,0.0,0.0004510091384872794,0.0476190485060215,0.0,0.0,0.20607897639274597,0.6894434094429016
3545,-15.5164,-22.2418,-37.7582,-19.2656,-20.3672,2.0,2.0,0.0,0.0,0.0,0.0,0.0476190485060215,0.0,0.0,0.19993780553340912,0.6955845952033997
3550,-14.8297,-22.5758,-37.4055,-19.0156,-20.3984,2.0,2.0,0.0,0.0,0.0003377807734068483,0.0008185698534362018,0.0476190485060215,3.886815829901025e-05,0.0005830223672091961,0.2301383763551712,0.6647621393203735
3555,-15.3086,-22.3457,-37.6543,-19.2344,-20.3828,2.0,2.0,0.0,0.0,0.0,0.0,0.0476190485060215,0.0,0.0,0.2072838991880417,0.6882385015487671
3560,-15.7695,-22.1152,-37.8848,-19.6094,-20.1953,2.0,2.0,0.0,0.0,0.0,0.0,0.0476190485060215,0.0,0.0,0.1882385015487671,0.7072839140892029
3565,-14.7039,-22.6469,-37.3508,-19.125,-20.4375,2.0,2.0,0.0,0.0,0.0003316749644000083,0.0,0.0476190485060215,3.886815829901025e-05,3.886815829901025e-05,0.234375,0.6610696315765381
3570,-15.7055,-22.1473,-37.8527,-19.5,-20.25,2.0,2.0,0.0,0.0,0.0,0.0,0.0476190485060215,0.0,0.0,0.190764918923378,0.7047574520111084
3575,-14.8094,-22.5906,-37.4,-19.0,-20.5,2.0,2.0,0.0,0.0,0.00016823687474243343,0.0004096441844012588,0.0476190485060215,3.886815829901025e-05,0.0002720771008171141,0.2310323417186737,0.6641790866851807
3580,-15.5391,-22.2305,-37.7695,-19.5938,-20.2031,2.0,2.0,0.0,0.0,0.0,0.0,0.0476190485060215,0.0,0.0,0.19892723858356476,0.6965951323509216
3585,-15.6477,-22.1762,-37.8238,-19.1719,-20.4141,2.0,2.0,0.0,0.0,0.0,0.0,0.0476190485060215,0.0,0.0,0.1934468299150467,0.7020755410194397
3590,-16.2848,-21.8488,-38.1336,-19.7578,-20.0391,2.0,2.0,0.0,0.0,0.0,0.0007992753526195884,0.0476190485060215,3.886815829901025e-05,0.0005441542016342282,0.16550062596797943,0.7294387221336365
3595,-15.909,-22.0344,-37.9434,-19.5703,-20.1797,2.0,2.0,0.0,0.0,0.0,0.001037174486555159,0.0476190485060215,7.77363165980205e-05,0.0006607586983591318,0.18275807797908783,0.7120258212089539
3600,-15.259,-22.3488,-37.6078,-19.5312,-20.0469,2.0,2.0,0.0,0.0,0.0005519778933376074,0.0019344560569152236,0.0476190485060215,0.00011660447489703074,0.0010105721885338426,0.21124844253063202,0.6831467747688293
3605,-15.6953,-22.1195,-37.8148,-19.75,-19.75,2.0,2.0,0.0,0.0,0.00020271640096325427,0.0030455728992819786,0.0476190485060215,0.00011660447489703074,0.00174906721804291,0.1917366236448288,0.7019200921058655
3610,-15.5922,-22.1945,-37.7867,-19.4531,-20.1797,2.0,2.0,0.0,0.0,0.0,0.0008903728448785841,0.0476190485060215,3.886815829901025e-05,0.0005830223672091961,0.1964396834373474,0.6984608173370361
3615,-15.8832,-22.0473,-37.9305,-19.4688,-20.2656,2.0,2.0,0.0,0.0,0.0,0.0006010272190906107,0.0505952388048172,0.0,0.0007384950295090675,0.18341884016990662,0.7113650441169739
3620,-15.1418,-22.4109,-37.5527,-19.2344,-20.2891,2.0,2.0,0.0,0.0,0.0003584229270927608,0.0016631301259621978,0.0476190485060215,3.886815829901025e-05,0.0008550995262339711,0.2168843299150467,0.6777440905570984
3625,-15.1379,-22.4258,-37.5637,-18.9062,-20.5469,2.0,2.0,0.0,0.0,0.000179759124876,0.0004579803207889199,0.0476190485060215,0.0,0.00034981343196704984,0.2162235677242279,0.6789489984512329
3630,-15.6859,-22.1195,-37.8055,-19.8359,-19.625,2.0,2.0,0.0,0.0,0.0004037141625303775,0.0029945101123303175,0.0505952388048172,0.00011660447489703074,0.0019434079295024276,0.1925528645515442,0.7009094953536987
3635,-15.5109,-22.2176,-37.7285,-19.5,-20.0391,2.0,2.0,0.0,0.0,0.00038662285078316927,0.002019975334405899,0.0505952388048172,0.0,0.00174906721804291,0.20106498897075653,0.6927083134651184
3640,-15.3594,-22.2969,-37.6562,-19.4062,-20.2031,2.0,2.0,0.0,0.0,0.00018839487165678293,0.0017514124047011137,0.0505952388048172,3.886815829901025e-05,0.00120491289999336,0.20631219446659088,0.6879664063453674
3645,-15.6953,-22.1441,-37.8395,-19.375,-20.3125,2.0,2.0,0.0,0.0,0.00020238818251527846,0.0007188277668319643,0.0476190485060215,0.0,0.0005441542016342282,0.192047581076622,0.7029306888580322
3650,-15.8813,-22.0172,-37.8984,-19.7344,-19.7578,2.0,2.0,0.0,0.0,0.001265288912691176,0.0027421300765126944,0.0535714291036129,0.00011660447489703074,0.002370957750827074,0.18431280553340912,0.7087219953536987
3655,-15.8766,-22.0477,-37.9242,-19.7812,-19.8281,2.0,2.0,0.0,0.3636363744735718,0.0,0.0008763282094150782,0.0476190485060215,7.77363165980205e-05,0.0008550995262339711,0.18493470549583435,0.7096548676490784
3660,-15.1867,-22.3973,-37.584,-19.3281,-20.1484,2.0,2.0,0.0,0.5,0.0,0.0004562043759506196,0.0476190485060215,0.0,0.000621890532784164,0.2133084535598755,0.6815920472145081
3665,-14.743,-22.6238,-37.3668,-19.0625,-20.375,2.0,2.0,0.0,0.0,0.00016641704132780433,0.000411208369769156,0.0476190485060215,3.886815829901025e-05,0.0002720771008171141,0.2335587739944458,0.661652684211731
3670,-15.5141,-22.2008,-37.7148,-19.5781,-19.8359,2.0,2.0,0.0,0.0,0.00038834952283650637,0.002579342806711793,0.0565476194024086,0.00023320894979406148,0.0019434079295024276,0.20017102360725403,0.6931747794151306
3675,-15.5359,-22.232,-37.768,-19.2812,-20.3594,2.0,2.0,0.0,0.0,0.0,0.0,0.0476190485060215,0.0,0.0,0.19951026141643524,0.6960121393203735
3680,-15.6,-22.1906,-37.7906,-19.6094,-20.1016,2.0,2.0,0.0,0.0,0.00019766752666328102,0.0008349568815901875,0.0476190485060215,3.886815829901025e-05,0.0005830223672091961,0.19663402438163757,0.6982665061950684
3685,-15.8141,-22.073,-37.8871,-19.7969,-19.7031,2.0,2.0,0.0,0.0,0.0,0.001539307297207415,0.0498511902987957,0.0,0.0010105721885338426,0.1875,0.7070118188858032
3690,-15.675,-22.1578,-37.8328,-19.3594,-20.3203,2.0,2.0,0.0,0.0,0.0,0.0,0.0505952388048172,0.0,0.000310945266392082,0.1945739984512329,0.7006374597549438
3695,-15.3852,-22.3074,-37.6926,-19.1562,-20.4219,2.0,2.0,0.0,0.0,0.0,0.0,0.0476190485060215,0.0,0.0,0.2064676582813263,0.6890547275543213
3700,-15.6469,-22.1719,-37.8187,-19.6406,-20.0859,2.0,2.0,0.0,0.0,0.0,0.00044289432116784155,0.0476190485060215,3.886815829901025e-05,0.0002720771008171141,0.19313588738441467,0.7020755410194397
3705,-15.6086,-22.1348,-37.7434,-19.6562,-19.7031,2.0,2.0,0.1666666716337204,0.09459459781646729,0.00019665683794301003,0.004867132753133774,0.0505952388048172,0.00023320894979406148,0.0028762437868863344,0.19764459133148193,0.6947683691978455
3710,-15.2785,-22.3555,-37.634,-19.5,-20.25,2.0,2.0,0.0,0.0,0.0,0.000510348763782531,0.0476190485060215,7.77363165980205e-05,0.0002720771008171141,0.20973259210586548,0.6854400038719177
3715,-15.0707,-22.4441,-37.5148,-19.1953,-20.1797,2.0,2.0,0.0,0.0,0.0005316321039572358,0.001324655837379396,0.0509672611951828,3.886815829901025e-05,0.0012826492311432958,0.21933302283287048,0.6748678684234619
3720,-15.8102,-22.0902,-37.9004,-19.5625,-20.2188,2.0,2.0,0.0,0.0,0.0,0.000438668648712337,0.0476190485060215,3.886815829901025e-05,0.0002720771008171141,0.1863728165626526,0.7088386416435242
3725,-15.3805,-22.3051,-37.6855,-19.5,-20.25,2.0,2.0,0.0,0.0,0.00018814676150213927,0.0003949224192183465,0.0476190485060215,0.0,0.0,0.20658425986766815,0.6889381408691406
3730,-15.2656,-22.3297,-37.5953,-19.5469,-19.7578,2.0,2.0,0.0,0.0,0.0,0.0032508268486708403,0.0502232126891613,0.00011660447489703074,0.002060012426227331,0.2118314653635025,0.681514322757721
3735,-15.2527,-22.3672,-37.6199,-19.125,-20.4375,2.0,2.0,0.0,0.0,0.0,0.0006245032418519258,0.0476190485060215,3.886815829901025e-05,0.0003886815975420177,0.21047107875347137,0.6846237778663635
3740,-15.7801,-22.1,-37.8801,-19.7109,-20.0391,2.0,2.0,0.0,0.0,0.0004122011596336961,0.0008251278777606785,0.0476190485060215,3.886815829901025e-05,0.000310945266392082,0.18858830630779266,0.7065842747688293
3745,-15.5719,-22.2012,-37.773,-19.3906,-20.2109,2.0,2.0,0.0,0.0,0.0,0.0012259682407602668,0.0476190485060215,0.0,0.0008550995262339711,0.1971781700849533,0.6974891424179077
3750,-15.6895,-22.1172,-37.8066,-19.6484,-19.6484,2.0,2.0,0.0,0.0,0.00040290088509209454,0.0033283408265560865,0.0487351194024086,0.0,0.0019045397639274597,0.1929415464401245,0.7006763219833374
3755,-15.5602,-22.2035,-37.7637,-19.3906,-20.3047,2.0,2.0,0.0,0.0,0.00039085402386263013,0.0014522705459967256,0.0476190485060215,3.886815829901025e-05,0.0007384950295090675,0.1988883763551712,0.6958566308021545
3760,-15.3879,-22.2891,-37.677,-19.4609,-20.1172,2.0,2.0,0.0,0.0,0.00018850142078008503,0.0011290505062788725,0.0505952388048172,3.886815829901025e-05,0.0007773631950840354,0.20619557797908783,0.6885105967521667
3765,-15.6242,-22.1738,-37.798,-19.5469,-20.1328,2.0,2.0,0.0,0.0,0.0005982053698971868,0.0011660836171358824,0.0476190485060215,3.886815829901025e-05,0.0005830223672091961,0.19492381811141968,0.6999766826629639
3770,-15.423,-22.2328,-37.6559,-19.6562,-19.4688,2.0,2.0,0.0,0.018518518656492233,0.000945000967476517,0.004578858148306608,0.0505952388048172,0.00019434079877100885,0.002098880708217621,0.2056514322757721,0.6875777244567871
3775,-16.1059,-21.9371,-38.043,-19.7422,-19.9297,2.0,2.0,0.0,0.0,0.0004469273844733834,0.0008087125024758279,0.0476190485060215,0.0,0.0006607586983591318,0.17393501102924347,0.7209266424179077
3780,-15.4789,-22.2348,-37.7137,-19.6719,-19.9766,2.0,2.0,0.0,0.0,0.0003835091192740947,0.0023612750228494406,0.0476190485060215,7.77363165980205e-05,0.0013992537278681993,0.20269745588302612,0.6913479566574097
3785,-15.427,-22.2625,-37.6895,-19.5391,-19.9375,2.0,2.0,0.0,0.0,0.0005730658886022866,0.002082160906866193,0.0479910708963871,3.886815829901025e-05,0.0013215173967182636,0.20347481966018677,0.6906871795654297
3790,-15.366,-22.2391,-37.6051,-19.7266,-19.2109,2.0,2.0,0.0,0.04065040498971939,0.0009347541490569711,0.007005353458225727,0.0476190485060215,0.0003886815975420177,0.004780783783644438,0.20790578424930573,0.6824471354484558
3795,-15.65,-21.9828,-37.6328,-20.5938,-17.9219,2.0,2.0,0.0,0.14102564752101898,0.002725856611505151,0.014153880998492241,0.0591517873108387,0.0002720771008171141,0.009095149114727974,0.1996268630027771,0.6865283250808716
3800,-15.4359,-22.0055,-37.4414,-21.4766,-15.3125,2.0,2.0,0.30000001192092896,0.47088608145713806,0.0023941067047417164,0.01320919394493103,0.0613839291036129,0.0011660447344183922,0.01535292249172926,0.21105410158634186,0.6679493188858032
3805,-15.6445,-22.1543,-37.7988,-19.6406,-19.9922,2.0,2.0,0.0,0.0,0.0010018032044172287,0.0019417476141825318,0.0476190485060215,0.0,0.0009328357991762459,0.19399097561836243,0.7005985975265503
3810,-14.9344,-22.4883,-37.4227,-19.5078,-19.5547,2.0,2.0,0.0,0.09333333373069763,0.0006854009698145092,0.00239374116063118,0.0565476194024086,3.886815829901025e-05,0.0029151118360459805,0.22683458030223846,0.665733814239502
3815,-15.8324,-21.8031,-37.6355,-22.1406,-14.875,2.0,2.0,0.5,0.5161290168762207,0.0010022048372775316,0.012793660163879395,0.0658482164144516,0.0005441542016342282,0.014458955265581608,0.19391325116157532,0.6866060495376587
3820,-16.0559,-20.6707,-36.7266,-25.6328,-6.1094,2.0,2.0,0.5178571343421936,0.7520937919616699,0.00638857576996088,0.03693127632141113,0.1112351194024086,0.006529850885272026,0.06961287558078766,0.20685634016990662,0.6125233173370361
3825,-16.1375,-21.0254,-37.1629,-25.8984,-5.4375,2.0,2.0,0.6323529481887817,0.814784049987793,0.004220257047563791,0.01985171064734459,0.0944940447807312,0.0052860695868730545,0.046797264367341995,0.19340795278549194,0.6500310897827148
3830,-16.5613,-19.8402,-36.4016,-28.1094,-1.625,2.0,2.0,0.656862735748291,0.872088611125946,0.004457364324480295,0.03241017460823059,0.1510416716337204,0.007929104380309582,0.10179571062326431,0.20055970549583435,0.5852378606796265
3835,-17.2086,-18.9359,-36.1445,-28.0078,-1.6406,2.0,2.0,0.7263157963752747,0.8391974568367004,0.011740041896700859,0.04647325724363327,0.1863839328289032,0.011077425442636013,0.13366760313510895,0.18540112674236298,0.5653762221336365
3840,-17.4164,-18.0902,-35.5066,-28.4688,-0.8125,2.0,1.9861,0.6851385235786438,0.8433547616004944,0.012771901674568653,0.05744761973619461,0.2607886791229248,0.015430659055709839,0.17517879605293274,0.19476833939552307,0.5101445913314819
3845,-17.859,-17.3012,-35.1602,-27.9219,-1.3203,2.0,1.9009,0.6888453960418701,0.8515325784683228,0.013909071683883667,0.07540826499462128,0.2808779776096344,0.019861629232764244,0.20289179682731628,0.18722791969776154,0.48554104566574097
3850,-16.0055,-21.7688,-37.7742,-20.9844,-17.0,2.0,1.9277,0.1111111119389534,0.1651090383529663,0.0016827934887260199,0.014758298173546791,0.0710565447807312,0.00034981343196704984,0.012476678937673569,0.18477922677993774,0.6979166865348816
3855,-17.8082,-16.8766,-34.6848,-28.2812,-0.8594,2.0,1.9009,0.7755725383758545,0.9229559898376465,0.020067553967237473,0.05495356023311615,0.296875,0.025458645075559616,0.22248134016990662,0.19562344253063202,0.45195895433425903
3860,-17.3406,-18.6543,-35.9949,-27.75,-1.7109,2.0,1.8276,0.6445086598396301,0.8254054188728333,0.018262900412082672,0.05292264744639397,0.213913694024086,0.0134483827278018,0.14381219446659088,0.1830301582813263,0.5552316308021545
3865,-16.8391,-19.893,-36.732,-27.5,-2.6797,2.0,1.8594,0.5532994866371155,0.7969697117805481,0.008686440996825695,0.041421614587306976,0.134672611951828,0.0076570273377001286,0.08978544920682907,0.18345771729946136,0.614622175693512
3870,-14.8176,-22.3375,-37.1551,-20.8594,-16.5,2.0,1.8814,0.06666667014360428,0.3333333432674408,0.0023011176381260157,0.015815526247024536,0.0606398805975914,0.0011660447344183922,0.01399253774434328,0.23647387325763702,0.6438899040222168
3875,-15.6836,-21.3859,-37.0695,-23.8438,-10.3203,2.0,1.8967,0.26249998807907104,0.5798165202140808,0.008615948259830475,0.029972586780786514,0.0944940447807312,0.0031094527803361416,0.04236629232764244,0.21202580630779266,0.6380208134651184
3880,-15.6523,-22.0836,-37.7359,-19.7188,-19.1562,2.0,1.9363,0.0,0.15322580933570862,0.001587931765243411,0.005931397434324026,0.0554315485060215,0.0002720771008171141,0.00481965159997344,0.19581778347492218,0.6946128606796265
3885,-15.9457,-21.8871,-37.8328,-20.2266,-18.4453,2.0,1.9791,0.0,0.2890995144844055,0.0025343189481645823,0.008349922485649586,0.053199402987957,0.0003886815975420177,0.008201181888580322,0.18404074013233185,0.7028917670249939
3890,-15.1547,-22.391,-37.5457,-19.5469,-19.9453,2.0,2.0,0.0,0.0,0.0005360014038160443,0.002472685417160392,0.0505952388048172,7.77363165980205e-05,0.0019822760950773954,0.21754509210586548,0.6759172677993774
3895,-16.1406,-21.823,-37.9637,-20.1328,-18.8438,2.0,2.0,0.0,0.11656441539525986,0.0015628488035872579,0.007993909530341625,0.0509672611951828,0.00034981343196704984,0.006335509940981865,0.17409048974514008,0.7147465944290161
3900,-15.7609,-21.8922,-37.6531,-21.3906,-16.4453,2.0,2.0,0.0,0.43344709277153015,0.00277667585760355,0.013110307045280933,0.053199402987957,0.00034981343196704984,0.011388370767235756,0.1959732621908188,0.6878109574317932
3905,-15.773,-21.9723,-37.7453,-20.3594,-18.4375,2.0,2.0,0.10000000149011612,0.32608696818351746,0.0022307848557829857,0.008261233568191528,0.0554315485060215,0.0003886815975420177,0.0071517410688102245,0.1916588991880417,0.6963230967521667
3910,-15.7266,-21.9,-37.6266,-21.3672,-16.2578,2.0,2.0,0.05882352963089943,0.2974504232406616,0.002568154828622937,0.014822808094322681,0.0565476194024086,0.0006607586983591318,0.01372046023607254,0.19675062596797943,0.6843905448913574
3915,-15.4047,-22.2637,-37.6684,-19.6562,-19.8672,2.0,2.0,0.0,0.02500000037252903,0.0001889644772745669,0.0022591212764382362,0.0535714291036129,7.77363165980205e-05,0.0015547263901680708,0.20569029450416565,0.6881996393203735
3920,-15.6855,-22.0922,-37.7777,-19.9297,-19.2031,2.0,2.0,0.0,0.26744186878204346,0.0007993605104275048,0.004067305475473404,0.0517113097012043,7.77363165980205e-05,0.0033426617737859488,0.1944962739944458,0.6976057291030884
3925,-15.823,-21.9895,-37.8125,-20.3672,-18.3047,2.0,2.0,0.0,0.2945205569267273,0.0006152584101073444,0.005439911037683487,0.0569196417927742,0.00011660447489703074,0.005674751475453377,0.18952114880084991,0.70020991563797
3930,-15.9535,-22.0098,-37.9633,-19.4297,-20.2031,2.0,2.0,0.0,0.0,0.0,0.001252245856449008,0.0476190485060215,0.0,0.0008939676336012781,0.1807369440793991,0.7138915061950684
3935,-15.5047,-22.209,-37.7137,-19.8281,-19.6172,2.0,2.0,0.0,0.0,0.000574932899326086,0.0032081948593258858,0.0498511902987957,0.00023320894979406148,0.0019045397639274597,0.20281405746936798,0.690570592880249
3940,-15.8516,-21.7273,-37.5789,-22.3359,-14.1562,2.0,2.0,0.10526315867900848,0.5268595218658447,0.003997601568698883,0.016596326604485512,0.0565476194024086,0.0007384950295090675,0.018812188878655434,0.19445739686489105,0.681514322757721
3945,-15.077,-22.4152,-37.4922,-19.6016,-19.6016,2.0,2.0,0.0,0.3571428656578064,0.00035020135692320764,0.00312427687458694,0.0505952388048172,0.00011660447489703074,0.0016324627213180065,0.22197605669498444,0.6717972755432129
3950,-15.8551,-21.9688,-37.8238,-20.0547,-19.0,2.0,2.0,0.0,0.2666666805744171,0.0012383901048451662,0.006430155131965876,0.053199402987957,0.00019434079877100885,0.005830223672091961,0.1883162260055542,0.7011815905570984
3955,-16.1203,-21.7535,-37.8738,-20.7734,-17.4219,2.0,2.0,0.0,0.3589743673801422,0.0013051989953964949,0.009748843498528004,0.0613839291036129,0.0005441542016342282,0.010611007921397686,0.17867693305015564,0.705690324306488
3960,-15.1906,-22.3367,-37.5273,-19.8359,-19.25,2.0,2.0,0.0,0.2278480976819992,0.0005420054076239467,0.0037317718379199505,0.0587797611951828,0.000310945266392082,0.003070584498345852,0.21513526141643524,0.6770055890083313
3965,-15.2969,-21.9449,-37.2418,-21.7266,-14.4844,2.0,2.0,0.08196721225976944,0.5783783793449402,0.004625511355698109,0.017139796167612076,0.0677083358168602,0.002370957750827074,0.021571828052401543,0.21847791969776154,0.6531016826629639
3970,-14.9086,-22.4297,-37.3383,-20.2578,-18.2188,2.0,2.0,0.10000000149011612,0.20886075496673584,0.002214273437857628,0.008411269634962082,0.0505952388048172,0.0003886815975420177,0.006141168996691704,0.2281949669122696,0.6607975959777832
3975,-15.7047,-21.9566,-37.6613,-20.9062,-17.5547,2.0,2.0,0.0,0.30799999833106995,0.0005907837767153978,0.011634474620223045,0.0625,0.00023320894979406148,0.00971703976392746,0.19737251102924347,0.6881996393203735
3980,-15.5523,-22.1582,-37.7105,-20.0312,-18.9766,2.0,2.0,0.0,0.09195402264595032,0.0005836575874127448,0.005670653190463781,0.0476190485060215,7.77363165980205e-05,0.003381529822945595,0.1997823417186737,0.6922807693481445
3985,-15.952,-22.0023,-37.9543,-19.5938,-20.2031,2.0,2.0,0.0,0.0,0.00021505376207642257,0.001960891066119075,0.0476190485060215,0.0,0.00120491289999336,0.1807369440793991,0.7135805487632751
3990,-16.0598,-21.9414,-38.0012,-19.7109,-19.6641,2.0,2.0,0.0,0.0,0.0006607929244637489,0.0020586163736879826,0.0505952388048172,0.0,0.0015935945557430387,0.17646144330501556,0.7174673676490784
3995,-15.7539,-22.0902,-37.8441,-19.7031,-19.8672,2.0,2.0,0.0,0.021276595070958138,0.0,0.0030391777399927378,0.0476190485060215,7.77363165980205e-05,0.001826803432777524,0.19022077322006226,0.7033970952033997
4000,-15.6227,-22.0785,-37.7012,-20.0859,-18.7031,2.0,2.0,0.1428571492433548,0.15189872682094574,0.0019646366126835346,0.00787180196493864,0.0524553582072258,0.0002720771008171141,0.006141168996691704,0.1978389322757721,0.6912702322006226
4005,-15.6801,-22.1441,-37.8242,-19.4766,-20.1797,2.0,2.0,0.0,0.0,0.00020096462685614824,0.0014407625421881676,0.0476190485060215,0.0,0.0006996268639340997,0.19340795278549194,0.7014148235321045
4010,-15.3562,-22.2516,-37.6078,-19.7656,-19.2734,2.0,2.0,0.0,0.07692307978868484,0.0022325580939650536,0.0047846888191998005,0.0535714291036129,0.00019434079877100885,0.00404228875413537,0.20891635119915009,0.6823694109916687
4015,-14.9434,-22.4492,-37.3926,-19.9922,-19.0781,2.0,2.0,0.0,0.0833333358168602,0.0011916921939700842,0.00521932914853096,0.0587797611951828,0.00023320894979406148,0.004197761416435242,0.22831156849861145,0.6627798676490784
4020,-15.7766,-21.9277,-37.7043,-20.6953,-17.4141,2.0,2.0,0.09090909361839294,0.3295019268989563,0.0022013208363205194,0.01187327690422535,0.0494791679084301,0.00042754976311698556,0.010144589468836784,0.19422419369220734,0.6907260417938232
4025,-16.0531,-21.6688,-37.7219,-21.9531,-15.0625,2.0,2.0,0.07999999821186066,0.40096619725227356,0.0021367522422224283,0.01735394261777401,0.0591517873108387,0.0009717039647512138,0.016091417521238327,0.18190298974514008,0.6965562701225281
4030,-16.1578,-21.7031,-37.8609,-21.3438,-16.375,2.0,2.0,0.25,0.33118972182273865,0.0021824531722813845,0.011745244264602661,0.0636160746216774,0.00046641789958812296,0.012087997049093246,0.17809391021728516,0.7048740386962891
4035,-15.7109,-21.9207,-37.6316,-21.1406,-16.5703,2.0,2.0,0.4545454680919647,0.49836066365242004,0.0017713048728182912,0.011910163797438145,0.0479910708963871,0.0008550995262339711,0.011854788288474083,0.19748911261558533,0.6853233575820923
4040,-14.8539,-22.5039,-37.3578,-19.8672,-19.0469,2.0,2.0,0.1111111119389534,0.1320754736661911,0.001512350863777101,0.005066572222858667,0.0505952388048172,0.00034981343196704984,0.004120024852454662,0.23130442202091217,0.6597481369972229
4045,-15.225,-22.3617,-37.5867,-19.6797,-19.8438,2.0,2.0,0.0,0.23529411852359772,0.000546348572243005,0.0017701135948300362,0.048363097012043,7.77363165980205e-05,0.0013215173967182636,0.21342505514621735,0.6806980967521667
4050,-15.9945,-21.6172,-37.6117,-21.9922,-14.4453,2.0,2.0,0.3030303120613098,0.4055117964744568,0.00329557154327631,0.021480390802025795,0.0651041641831398,0.0012826492311432958,0.019745025783777237,0.18870490789413452,0.6857898235321045
4055,-16.1375,-21.5797,-37.7172,-22.2031,-14.4219,2.0,2.0,0.13333334028720856,0.3789682686328888,0.005107469856739044,0.017338121309876442,0.075148805975914,0.0005830223672091961,0.019589552655816078,0.18264147639274597,0.6927083134651184
4060,-15.832,-22.0148,-37.8469,-19.9062,-19.25,2.0,2.0,0.125,0.06666667014360428,0.0012371133780106902,0.0040382808074355125,0.0591517873108387,0.000310945266392082,0.004081156570464373,0.18851056694984436,0.702619731426239
4065,-15.691,-22.0004,-37.6914,-20.7422,-17.5078,2.0,2.0,0.0,0.21171170473098755,0.0009840582497417927,0.01088673248887062,0.0543154776096344,0.00034981343196704984,0.008628731593489647,0.19748911261558533,0.6890547275543213
4070,-15.9512,-21.8141,-37.7652,-20.7344,-17.3359,2.0,2.0,0.5,0.37931033968925476,0.001674340688623488,0.011344047263264656,0.0621279776096344,0.0006996268639340997,0.010144589468836784,0.185712069272995,0.6989660859107971
4075,-15.9727,-22.0043,-37.977,-19.7422,-19.9531,2.0,2.0,0.0,0.0,0.0006465517217293382,0.0007068290724419057,0.0476190485060215,0.0,0.000310945266392082,0.1803482621908188,0.7148631811141968
4080,-15.6469,-22.1719,-37.8187,-19.3281,-20.2422,2.0,2.0,0.0,0.0,0.0,0.00044333611731417477,0.0476190485060215,0.0,0.0,0.19414645433425903,0.7013759613037109
4085,-15.3355,-22.2988,-37.6344,-19.375,-19.9375,2.0,2.0,0.0,0.0,0.0009276437922380865,0.0024998579174280167,0.0505952388048172,3.886815829901025e-05,0.0018656715983524919,0.20949937403202057,0.6841184496879578
4090,-16.0098,-21.9898,-37.9996,-19.5859,-20.1016,2.0,2.0,0.0,0.0,0.0,0.0004877519968431443,0.0476190485060215,0.0,0.00034981343196704984,0.1779772937297821,0.7171952724456787
4095,-16.2016,-21.8477,-38.0492,-19.9688,-19.3594,2.0,2.0,0.0,0.0533333346247673,0.00045589241199195385,0.004414060618728399,0.0476190485060215,3.886815829901025e-05,0.0029151118360459805,0.17051461338996887,0.7220537662506104
4100,-15.6363,-22.1637,-37.8,-19.5938,-20.0156,2.0,2.0,0.0,0.0,0.00039832701440900564,0.0016121858498081565,0.0476190485060215,3.886815829901025e-05,0.0011660447344183922,0.1951570212841034,0.6991604566574097
4105,-15.593,-22.1941,-37.7871,-19.6094,-20.0078,2.0,2.0,0.0,0.0,0.0,0.0004453847068361938,0.0505952388048172,0.0,0.000621890532784164,0.19675062596797943,0.6981498599052429
4110,-15.7891,-22.0223,-37.8113,-20.3438,-18.7734,2.0,2.0,0.0,0.1964285671710968,0.00020462452084757388,0.0061533343978226185,0.0505952388048172,7.77363165980205e-05,0.004353233613073826,0.1899486929178238,0.7011427283287048
4115,-15.8574,-22.0613,-37.9188,-19.6719,-20.0234,2.0,2.0,0.0,0.25,0.0,0.0007122897659428418,0.0476190485060215,3.886815829901025e-05,0.000621890532784164,0.18547885119915009,0.7093827724456787
4120,-15.3926,-22.268,-37.6605,-19.3906,-19.8594,2.0,2.0,0.0,0.16326530277729034,0.0003783579159062356,0.0028813558164983988,0.0476190485060215,0.00019434079877100885,0.0019045397639274597,0.20545709133148193,0.6879664063453674
4125,-15.7594,-22.1063,-37.8656,-19.5938,-20.0156,2.0,2.0,0.0,0.0,0.0,0.0013210766483098269,0.0476190485060215,3.886815829901025e-05,0.0008939676336012781,0.1884717047214508,0.7061178684234619
4130,-15.4676,-22.2621,-37.7297,-19.3281,-20.3359,2.0,2.0,0.0,0.0,0.0,0.0003925747296307236,0.0476190485060215,3.886815829901025e-05,0.00023320894979406148,0.20219215750694275,0.6930581331253052
4135,-15.4191,-22.2723,-37.6914,-19.4062,-20.1094,2.0,2.0,0.0,0.0,0.00019142420205753297,0.0016862459015101194,0.0476190485060215,7.77363165980205e-05,0.0008939676336012781,0.2030472606420517,0.6915034055709839
4140,-15.6641,-22.0367,-37.7008,-20.4766,-18.0391,2.0,2.0,0.0,0.09139785170555115,0.0007908263942226768,0.01090745534747839,0.0509672611951828,0.0003886815975420177,0.007229477632790804,0.19659514725208282,0.6913090944290161
4145,-15.8512,-22.0434,-37.8945,-19.6172,-19.6641,2.0,2.0,0.0,0.0,0.00021021651627961546,0.001974766841158271,0.0535714291036129,0.0,0.002060012426227331,0.1848958283662796,0.7085665464401245
4150,-16.0316,-21.4961,-37.5277,-23.8984,-11.0781,2.0,2.0,0.3333333432674408,0.5267727971076965,0.002651978749781847,0.02257193811237812,0.0665922611951828,0.0013992537278681993,0.026857897639274597,0.19053171575069427,0.6767334938049316
4155,-15.1074,-22.182,-37.2895,-21.6406,-15.4297,2.0,2.0,0.375,0.42276424169540405,0.002593361074104905,0.013395767658948898,0.065476194024086,0.000621890532784164,0.014342350885272026,0.22481343150138855,0.655744731426239
4160,-14.5184,-22.7121,-37.2305,-19.3359,-19.8984,2.0,2.0,0.0,0.0,0.0009566326625645161,0.0022119926288723946,0.0498511902987957,0.0002720771008171141,0.0013215173967182636,0.24378108978271484,0.6501476764678955
4165,-15.4027,-22.2348,-37.6375,-19.9531,-19.1797,2.0,2.0,0.0,0.0,0.0013190126046538353,0.0053336359560489655,0.0505952388048172,7.77363165980205e-05,0.004158893134444952,0.20627331733703613,0.6850124597549438
4170,-16.1363,-21.5574,-37.6937,-22.4219,-14.0312,2.0,2.0,0.1111111119389534,0.4490196108818054,0.002969247056171298,0.021081628277897835,0.0543154776096344,0.0010494403541088104,0.01982276141643524,0.1832633763551712,0.6913868188858032
4175,-15.6148,-22.1,-37.7148,-20.2656,-18.4141,2.0,2.0,0.0,0.1607142835855484,0.001755070174112916,0.00691244238987565,0.0505952388048172,0.00023320894979406148,0.004353233613073826,0.19931592047214508,0.6916200518608093
4180,-16.2465,-21.7637,-38.0102,-20.6406,-17.8984,2.0,2.0,0.1666666716337204,0.27950310707092285,0.0011355893220752478,0.007255007978528738,0.0505952388048172,0.00023320894979406148,0.006257773842662573,0.1711364984512329,0.7178949117660522
4185,-15.9289,-21.8293,-37.7582,-20.9844,-16.3438,2.0,2.0,0.1875,0.4264705777168274,0.0031380753498524427,0.011462274938821793,0.0520833320915699,0.000621890532784164,0.010572139173746109,0.1857897937297821,0.6985385417938232
4190,-15.8063,-22.0582,-37.8645,-19.6797,-19.7734,2.0,2.0,0.0,0.0,0.0008190008229576051,0.002982436679303646,0.0505952388048172,3.886815829901025e-05,0.0019045397639274597,0.18983209133148193,0.7037469148635864
4195,-14.7695,-22.6047,-37.3742,-18.4688,-20.7656,2.0,2.0,0.0,0.0,0.00016758839774411172,0.0009967751102522016,0.0476190485060215,7.77363165980205e-05,0.000621890532784164,0.2319263070821762,0.662896454334259
4200,-15.8594,-22.0527,-37.9121,-19.5859,-19.9375,2.0,2.0,0.0,0.0,0.00042247571400366724,0.0007660319679416716,0.0528273805975914,0.0,0.0011660447344183922,0.1840018630027771,0.7103545069694519
4205,-16.1824,-21.8109,-37.9934,-20.375,-18.3359,2.0,2.0,0.0,0.12096773833036423,0.0009009009227156639,0.007524088025093079,0.0509672611951828,7.77363165980205e-05,0.00481965159997344,0.17257462441921234,0.7180503606796265
4210,-15.7,-22.0773,-37.7773,-19.9922,-18.75,2.0,2.0,0.2222222238779068,0.46226415038108826,0.0008004803094081581,0.003402498783543706,0.0505952388048172,0.00034981343196704984,0.004120024852454662,0.19422419369220734,0.6968283653259277
4215,-15.6102,-22.1305,-37.7406,-19.8203,-19.4922,2.0,2.0,0.0,0.11340206116437912,0.000789421726949513,0.004420569632202387,0.0535714291036129,0.00019434079877100885,0.0037702114786952734,0.1969449669122696,0.6946128606796265
4220,-15.8406,-21.9355,-37.7762,-20.6953,-17.4844,2.0,2.0,0.3333333432674408,0.32972973585128784,0.0012322858674451709,0.008345387876033783,0.0569196417927742,0.00046641789958812296,0.007190609350800514,0.18924906849861145,0.6986162662506104
4225,-16.248,-21.3539,-37.602,-23.8672,-10.4609,2.0,2.0,0.6415094137191772,0.6816269159317017,0.00323066976852715,0.015937836840748787,0.0755208358168602,0.002060012426227331,0.027712997049093246,0.18046486377716064,0.6852844953536987
4230,-15.7098,-21.8949,-37.6047,-21.5078,-15.8125,2.0,2.0,0.2800000011920929,0.6706231236457825,0.003719655331224203,0.009504837915301323,0.0505952388048172,0.0009717039647512138,0.013098569586873055,0.19853855669498444,0.6829135417938232
4235,-15.7859,-21.568,-37.3539,-23.4688,-10.9297,2.0,2.0,0.5,0.7503410577774048,0.004407818894833326,0.016029592603445053,0.0643601194024086,0.0022543531376868486,0.02849036082625389,0.20281405746936798,0.6619636416435242
4240,-15.4516,-21.6625,-37.1141,-23.8594,-10.125,2.0,2.0,0.4307692348957062,0.6276202201843262,0.0035765378270298243,0.024076756089925766,0.0803571417927742,0.0025264304131269455,0.031522076576948166,0.21735075116157532,0.6441231369972229
4245,-15.8559,-21.8148,-37.6707,-21.2422,-16.0625,2.0,2.0,0.25,0.3786666691303253,0.0038712306413799524,0.011842328123748302,0.0706845223903656,0.0009328357991762459,0.01457555964589119,0.190764918923378,0.6892490386962891
4250,-15.4812,-22.1434,-37.6246,-20.4609,-18.1641,2.0,2.0,0.0,0.2611464858055115,0.0009585889638401568,0.007700147107243538,0.0535714291036129,0.00019434079877100885,0.006102301180362701,0.20273631811141968,0.6864894032478333
4255,-15.6492,-22.1063,-37.7555,-19.6797,-19.7969,2.0,2.0,0.0,0.12244898080825806,0.001397205633111298,0.004294957499951124,0.0558035708963871,0.000155472633196041,0.0038090795278549194,0.19472947716712952,0.6968283653259277
4260,-15.1805,-22.2457,-37.4262,-20.8906,-17.1875,2.0,2.0,0.0,0.3849557638168335,0.0012389380717650056,0.009853078052401543,0.0539434514939785,0.00046641789958812296,0.008784203790128231,0.21960510313510895,0.6666666865348816
4265,-15.6512,-22.1527,-37.8039,-19.5078,-20.0234,2.0,2.0,0.0,0.0,0.00020056156790815294,0.0019963399972766638,0.0476190485060215,0.0,0.0008162313606590033,0.19379663467407227,0.7009094953536987
4270,-15.8301,-22.0844,-37.9145,-19.6484,-20.1641,2.0,2.0,0.0,0.0,0.0,5.480953768710606e-05,0.0476190485060215,0.0,3.886815829901025e-05,0.18633395433425903,0.7091495394706726
4275,-15.1945,-22.3922,-37.5867,-19.4766,-20.0625,2.0,2.0,0.0,0.0,0.00018109381198883057,0.0009714285843074322,0.0476190485060215,7.77363165980205e-05,0.000621890532784164,0.21462997794151306,0.680192768573761
4280,-14.6289,-22.6445,-37.2734,-19.2266,-19.7656,2.0,2.0,0.0,0.07692307978868484,0.0012884523021057248,0.003457113867625594,0.0476190485060215,7.77363165980205e-05,0.002021144377067685,0.24133239686489105,0.6520910859107971
4285,-16.0262,-21.8352,-37.8613,-20.8438,-17.6094,2.0,2.0,0.0,0.41326531767845154,0.001288106432184577,0.008142157457768917,0.0565476194024086,0.00034981343196704984,0.007618159055709839,0.18104788661003113,0.7065065503120422
4290,-15.2328,-22.3238,-37.5566,-19.5625,-19.4922,2.0,2.0,0.0,0.1617647111415863,0.002375731011852622,0.00400091428309679,0.0505952388048172,0.000155472633196041,0.0026430347934365273,0.21268656849861145,0.6800373196601868
4295,-14.8047,-22.5648,-37.3695,-19.2656,-19.8516,2.0,2.0,0.0,0.0,0.0008428860455751419,0.002518891589716077,0.0505952388048172,3.886815829901025e-05,0.0013992537278681993,0.23056592047214508,0.6635183691978455
4300,-15.4984,-22.0984,-37.5969,-20.9531,-17.1562,2.0,2.0,0.3333333432674408,0.3906976878643036,0.00190005695912987,0.0082023236900568,0.0550595223903656,0.00023320894979406148,0.008356654085218906,0.20456312596797943,0.6823694109916687
4305,-15.507,-22.148,-37.6551,-20.2891,-18.3438,2.0,2.0,0.1428571492433548,0.31200000643730164,0.001546491403132677,0.006766281556338072,0.0476190485060215,0.0002720771008171141,0.00485851988196373,0.20106498897075653,0.689326822757721
4310,-15.7984,-21.5371,-37.3355,-23.6094,-10.8125,2.0,2.0,0.4333333373069763,0.6985583305358887,0.004252029582858086,0.01836531050503254,0.0729166641831398,0.0023320894688367844,0.02965640462934971,0.20110385119915009,0.6624300479888916
4315,-15.8102,-21.8371,-37.6473,-21.4297,-15.9453,2.0,2.0,0.20000000298023224,0.42148759961128235,0.0026057325303554535,0.013466870412230492,0.0598958320915699,0.0005830223672091961,0.014109142124652863,0.19391325116157532,0.6869170069694519
4320,-15.4512,-22.2422,-37.6934,-19.5625,-19.7969,2.0,2.0,0.0,0.0,0.00019138756033498794,0.002474969020113349,0.0513392873108387,3.886815829901025e-05,0.0013992537278681993,0.20308613777160645,0.6909981369972229
4325,-15.5363,-22.1328,-37.6691,-20.5625,-17.8438,2.0,2.0,0.25,0.38686132431030273,0.000574932899326086,0.005882020108401775,0.0505952388048172,0.000155472633196041,0.005324937868863344,0.20281405746936798,0.6872279047966003
4330,-15.1512,-22.4215,-37.5727,-19.25,-20.3516,2.0,2.0,0.0,0.0,0.0,0.0002865329443011433,0.0476190485060215,0.0,0.000155472633196041,0.2171175330877304,0.6782493591308594
4335,-15.5625,-22.1672,-37.7297,-19.7656,-19.3906,2.0,2.0,0.25,0.1492537260055542,0.0001960399968083948,0.002966196509078145,0.056175597012043,0.000155472633196041,0.0026041667442768812,0.19826647639274597,0.6944962739944458
4340,-15.9965,-21.5898,-37.5863,-23.3984,-11.9141,2.0,2.0,0.4000000059604645,0.6423357725143433,0.0020554985385388136,0.016655297949910164,0.0602678582072258,0.0013603855622932315,0.021299751475453377,0.18909358978271484,0.683768630027771
4345,-15.7895,-22.0871,-37.8766,-19.7578,-19.7578,2.0,2.0,0.0,0.0,0.00020550760382320732,0.0012125888606533408,0.0505952388048172,0.0,0.00120491289999336,0.1891324669122696,0.7051849961280823
4350,-15.4395,-22.2188,-37.6582,-19.7266,-19.4453,2.0,2.0,0.5,0.15555556118488312,0.0011422045063227415,0.00395591976121068,0.0528273805975914,7.77363165980205e-05,0.00349813443608582,0.2041744440793991,0.6877720952033997
4355,-15.9156,-21.9039,-37.8195,-21.0625,-17.125,2.0,2.0,0.3333333432674408,0.4941176474094391,0.0014562096912413836,0.007919366471469402,0.0476190485060215,0.00023320894979406148,0.006607586983591318,0.1868392378091812,0.7018423676490784
4360,-15.6125,-22.1094,-37.7219,-20.0312,-18.6719,2.0,2.0,0.0,0.24074074625968933,0.001576665323227644,0.00593770993873477,0.0491071417927742,0.00023320894979406148,0.004197761416435242,0.19721704721450806,0.6938743591308594
4365,-15.8559,-21.9086,-37.7645,-20.7891,-17.4375,2.0,2.0,0.09090909361839294,0.39613527059555054,0.0012360939290374517,0.010129118338227272,0.0505952388048172,0.00042754976311698556,0.008045708760619164,0.18866604566574097,0.698383092880249
4370,-15.7684,-22.1023,-37.8707,-19.4297,-20.0156,2.0,2.0,0.0,0.0,0.0,0.0012641530483961105,0.0476190485060215,0.0,0.0002720771008171141,0.18808302283287048,0.7071672677993774
4375,-15.3969,-22.277,-37.6738,-19.25,-20.0703,2.0,2.0,0.0,0.0,0.00037957867607474327,0.0022550455760210752,0.0476190485060215,3.886815829901025e-05,0.001243781065568328,0.20479632914066315,0.6894434094429016
4380,-15.7023,-22.034,-37.7363,-20.4297,-18.0625,2.0,2.0,0.2222222238779068,0.2450331151485443,0.002798320958390832,0.007887229323387146,0.048363097012043,0.00034981343196704984,0.005869091954082251,0.19445739686489105,0.6948460936546326
4385,-16.098,-21.2555,-37.3535,-25.0391,-8.6094,2.0,2.0,0.6666666865348816,0.7176835536956787,0.0042287553660571575,0.02150600589811802,0.0762648805975914,0.0016324627213180065,0.037585511803627014,0.19301928579807281,0.6632851362228394
4390,-15.3531,-22.2309,-37.584,-20.1484,-18.5547,2.0,2.0,0.0,0.2265625,0.0009288500878028572,0.006620626896619797,0.0505952388048172,0.000310945266392082,0.004975124262273312,0.2092272937297821,0.6810089945793152
4395,-16.5297,-21.0426,-37.5723,-25.6328,-7.0469,2.0,2.0,0.5178571343421936,0.6950852274894714,0.005393258295953274,0.017619889229536057,0.0948660746216774,0.002176616806536913,0.03875155374407768,0.17296330630779266,0.6816309094429016
4400,-16.5832,-19.8164,-36.3996,-27.5234,-2.2109,2.0,2.0,0.7117903828620911,0.7999236583709717,0.011778563261032104,0.039011791348457336,0.1674107164144516,0.008900808170437813,0.10179571062326431,0.1979943960905075,0.5868314504623413
4405,-16.0645,-20.7437,-36.8082,-25.9453,-4.2891,2.0,2.0,0.7460317611694336,0.6735941171646118,0.011240236461162567,0.03770512342453003,0.1164434552192688,0.007346082013100386,0.06358830630779266,0.2040189653635025,0.6205690503120422
4410,-17.6918,-17.0074,-34.6992,-27.6719,-1.3047,2.0,1.988,0.8759305477142334,0.9014236927032471,0.01771693117916584,0.04744837060570717,0.3173363208770752,0.031327735632658005,0.21567942202091217,0.19305814802646637,0.45545709133148193
4415,-17.8836,-17.2602,-35.1438,-28.4531,-0.7734,2.0,1.9122,0.843317985534668,0.9077414274215698,0.010657921433448792,0.0453043133020401,0.2972470223903656,0.01686878129839897,0.20685634016990662,0.18963775038719177,0.4821595251560211
4420,-18.0762,-16.7625,-34.8387,-23.0859,-11.7422,2.0,1.8263,0.7614424228668213,0.8485271334648132,0.02953767031431198,0.0737195611000061,0.3206845223903656,0.028023943305015564,0.2229866236448288,0.18159204721450806,0.46291977167129517
4425,-17.252,-18.984,-36.2359,-27.5156,-2.2266,2.0,1.7842,0.7084639668464661,0.8349543809890747,0.013090129010379314,0.042989641427993774,0.200148805975914,0.01239894237369299,0.12787623703479767,0.18112562596797943,0.5741215944290161
4430,-18.152,-17.0562,-35.2082,-28.0156,-1.0625,2.0,1.7286,0.804635763168335,0.886027991771698,0.019291162490844727,0.05119722709059715,0.3076636791229248,0.023476367816329002,0.20530161261558533,0.17327424883842468,0.493470162153244
4435,-18.3379,-16.0973,-34.4352,-22.3828,-13.6875,2.0,1.6358,0.7707006335258484,0.8977075219154358,0.04125736653804779,0.05620085820555687,0.3664434552192688,0.03661380708217621,0.2458411008119583,0.1780550330877304,0.43501242995262146
4440,-17.4293,-17.8031,-35.2324,-27.6406,-2.0234,2.0,1.5545,0.8156996369361877,0.9019940495491028,0.015857085585594177,0.04185609146952629,0.2708333432674408,0.022776741534471512,0.18322449922561646,0.19364117085933685,0.49587997794151306
4445,-16.1496,-21.8895,-38.0391,-19.8047,-19.5703,2.0,1.602,0.0,0.4680851101875305,0.0,0.0017259047599509358,0.0502232126891613,0.000155472633196041,0.001826803432777524,0.17288556694984436,0.7206545472145081
4450,-16.4793,-19.9621,-36.4414,-26.5469,-4.2578,2.0,1.6379,0.6225680708885193,0.7449228167533875,0.011321491561830044,0.04704566299915314,0.1599702388048172,0.0099891172721982,0.09569340944290161,0.19912157952785492,0.5907182693481445
4455,-16.5406,-20.6105,-37.1512,-25.6484,-6.5234,2.0,1.6096,0.4363636374473572,0.7234315276145935,0.00978099089115858,0.029102910310029984,0.1223958358168602,0.004275497514754534,0.0607120655477047,0.18279695510864258,0.6477378606796265
4460,-15.8539,-21.2855,-37.1395,-24.4453,-9.0938,2.0,1.634,0.4743589758872986,0.668789803981781,0.004911220166832209,0.022813688963651657,0.1101190447807312,0.003031716449186206,0.04271610826253891,0.20576803386211395,0.6440065503120422
4465,-16.2711,-19.9426,-36.2137,-27.1328,-2.9219,2.0,1.6403,0.6363636255264282,0.7294900417327881,0.010476015508174896,0.04702987149357796,0.1938244104385376,0.010261193849146366,0.10517723858356476,0.21148166060447693,0.5686023235321045
4470,-15.7809,-21.7773,-37.5582,-21.9609,-15.0469,2.0,1.6778,0.2142857164144516,0.4309278428554535,0.0021769246086478233,0.014364197850227356,0.081101194024086,0.0010883084032684565,0.018851056694984436,0.19640080630779266,0.679182231426239
4475,-16.5801,-20.9863,-37.5664,-24.0234,-9.9609,2.0,1.6838,0.5098039507865906,0.4389275014400482,0.008841532282531261,0.03141539916396141,0.1130952388048172,0.0019822760950773954,0.039140235632658005,0.17144745588302612,0.6829524040222168
4480,-15.5898,-21.7656,-37.3555,-22.4531,-13.5,2.0,1.7371,0.26530611515045166,0.31343284249305725,0.008275343105196953,0.024837443605065346,0.0773809552192688,0.0019045397639274597,0.0234375,0.20666199922561646,0.6635183691978455
4485,-15.3609,-22.1789,-37.5398,-20.6797,-17.6328,2.0,1.7829,0.0,0.12107623368501663,0.0009203018853440881,0.009956834837794304,0.0606398805975914,0.00034981343196704984,0.00866759940981865,0.21117070317268372,0.6753342747688293
4490,-15.8109,-21.9293,-37.7402,-20.8281,-17.0781,2.0,1.8352,0.0,0.0276497695595026,0.0028571428265422583,0.011330653913319111,0.0695684552192688,0.0002720771008171141,0.008434390649199486,0.19045397639274597,0.6963619589805603
4495,-15.8438,-21.8109,-37.6547,-21.3047,-16.0781,2.0,1.8911,0.09090909361839294,0.21715818345546722,0.002010050229728222,0.016355404630303383,0.075148805975914,0.0008550995262339711,0.01449782308191061,0.1933690905570984,0.6868003606796265
4500,-15.7328,-22.0609,-37.7938,-20.0078,-18.9766,2.0,1.9418,0.5,0.22413793206214905,0.0010086746187880635,0.005121068563312292,0.0476190485060215,7.77363165980205e-05,0.004508706275373697,0.19266946613788605,0.6982665061950684
4505,-15.5445,-22.0449,-37.5895,-20.9922,-16.8906,2.0,1.9925,0.20000000298023224,0.25746268033981323,0.0032130032777786255,0.011104115284979343,0.0587797611951828,0.0003886815975420177,0.010416666977107525,0.2056514322757721,0.6790655851364136
4510,-15.8406,-22.0562,-37.8969,-19.8047,-19.8047,2.0,2.0,0.0,0.0,0.0,0.0012097882572561502,0.0543154776096344,3.886815829901025e-05,0.001476990059018135,0.18718905746936798,0.7068174481391907
4515,-15.4746,-21.9996,-37.4742,-21.2266,-16.0234,2.0,2.0,0.1764705926179886,0.12339331954717636,0.003536857897415757,0.017610937356948853,0.0755208358168602,0.0006607586983591318,0.015119713731110096,0.20879974961280823,0.6709421873092651
4520,-14.6813,-22.6219,-37.3031,-19.0469,-19.9375,2.0,2.0,0.0,0.0,0.0006571381818503141,0.0035526081919670105,0.0476190485060215,0.0002720771008171141,0.0022154850885272026,0.23659048974514008,0.6564443111419678
4525,-14.9367,-22.4543,-37.391,-19.8359,-19.0625,2.0,2.0,0.20000000298023224,0.21621622145175934,0.0008514986257068813,0.004222378600388765,0.0587797611951828,0.00019434079877100885,0.0043143657967448235,0.22823382914066315,0.6627798676490784
4530,-15.4254,-22.2434,-37.6688,-19.7109,-19.4531,2.0,2.0,0.0,0.02083333395421505,0.0009484066977165639,0.003442826448008418,0.0505952388048172,7.77363165980205e-05,0.0018656715983524919,0.204912930727005,0.688666045665741
4535,-15.8102,-22.0105,-37.8207,-20.2031,-18.7734,2.0,2.0,0.0,0.05932203307747841,0.0008259343449026346,0.0071914587169885635,0.0487351194024086,7.77363165980205e-05,0.004586442839354277,0.1882385015487671,0.702619731426239
4540,-14.9453,-22.4992,-37.4445,-19.0312,-20.0859,2.0,2.0,0.0,0.0,0.00034476813743822277,0.0023257166612893343,0.0498511902987957,0.00011660447489703074,0.0014381218934431672,0.22547419369220734,0.6684934496879578
4545,-15.1074,-22.4223,-37.5297,-19.7734,-19.6797,2.0,2.0,0.0,0.20000000298023224,0.0005345687968656421,0.001953125,0.0476190485060215,0.0,0.0007773631950840354,0.21812811493873596,0.676616907119751
4550,-15.7711,-22.0266,-37.7977,-20.3984,-18.2656,2.0,2.0,0.0,0.09756097197532654,0.0010158471995964646,0.007001944817602634,0.0502232126891613,0.0,0.004780783783644438,0.19130907952785492,0.6994325518608093
4555,-15.5957,-22.1629,-37.7586,-19.4844,-19.9531,2.0,2.0,0.0,0.07692307978868484,0.0003937007859349251,0.0024015638045966625,0.0543154776096344,0.00011660447489703074,0.002021144377067685,0.19745025038719177,0.6959344148635864
4560,-15.7566,-22.0051,-37.7617,-20.2188,-18.3906,2.0,2.0,0.09090909361839294,0.07486630976200104,0.001013993052765727,0.008598067797720432,0.0569196417927742,0.00042754976311698556,0.007268345914781094,0.1916588991880417,0.6961675882339478
4565,-15.802,-22.0387,-37.8406,-19.9453,-19.1953,2.0,2.0,0.3333333432674408,0.03529411926865578,0.0012338062515482306,0.004588423762470484,0.0513392873108387,0.00011660447489703074,0.003303793491795659,0.18901586532592773,0.7030861377716064
4570,-15.8031,-22.0562,-37.8594,-19.7422,-19.625,2.0,2.0,0.0,0.04545454680919647,0.0006193228764459491,0.0036407767329365015,0.0476190485060215,7.77363165980205e-05,0.0025652984622865915,0.18827736377716064,0.7046020030975342
4575,-14.7418,-22.6168,-37.3586,-19.4922,-20.0547,2.0,2.0,0.0,0.10000000149011612,0.0003318951348774135,0.0006469066138379276,0.0502232126891613,0.0,0.0003886815975420177,0.2342195212841034,0.6609141826629639
4580,-15.4742,-22.2383,-37.7125,-19.4844,-19.9531,2.0,2.0,0.0,0.0,0.0007693787338212132,0.0017408884596079588,0.0502232126891613,3.886815829901025e-05,0.0012826492311432958,0.2020755559206009,0.6921253204345703
4585,-15.5676,-22.1266,-37.6941,-20.3516,-18.4297,2.0,2.0,0.0,0.03030303120613098,0.0005865102866664529,0.006745362654328346,0.0572916679084301,0.00011660447489703074,0.005130596924573183,0.1988106369972229,0.6914645433425903
4590,-15.2488,-22.3457,-37.5945,-19.5703,-19.8281,2.0,2.0,0.0,0.0,0.00073286920087412,0.002564540831372142,0.048363097012043,3.886815829901025e-05,0.0013215173967182636,0.21214240789413452,0.6820195913314819
4595,-15.9426,-21.966,-37.9086,-20.0469,-19.2031,2.0,2.0,0.0,0.24731183052062988,0.0010660981060937047,0.004272568039596081,0.0479910708963871,3.886815829901025e-05,0.003614738816395402,0.1822916716337204,0.7095771431922913
4600,-16.3719,-21.7461,-38.118,-20.1562,-19.125,2.0,2.0,0.0,0.0,0.00023446658451575786,0.004658883903175592,0.0580357126891613,0.00011660447489703074,0.0038090795278549194,0.1657727062702179,0.7258239984512329
4605,-15.9055,-21.9863,-37.8918,-19.7734,-19.2578,2.0,2.0,0.0,0.024390242993831635,0.0008492568740621209,0.004549690522253513,0.053199402987957,0.00019434079877100885,0.0031871891114860773,0.18306903541088104,0.7090718150138855
4610,-15.1293,-22.4301,-37.5594,-19.2578,-20.3594,2.0,2.0,0.0,0.0,0.0,0.0005144915194250643,0.0476190485060215,0.0,0.00034981343196704984,0.2152518630027771,0.6799207329750061
4615,-15.5098,-22.1672,-37.677,-20.0078,-18.8359,2.0,2.0,0.0,0.009345794096589088,0.00116776954382658,0.005508712958544493,0.0580357126891613,0.00019434079877100885,0.004158893134444952,0.1997046023607254,0.6914645433425903
4620,-15.323,-22.3027,-37.6258,-19.7266,-19.5391,2.0,2.0,0.0,0.18918919563293457,0.0007441860507242382,0.002779984148219228,0.0479910708963871,7.77363165980205e-05,0.0014381218934431672,0.20891635119915009,0.685090184211731
4625,-15.7203,-22.1398,-37.8602,-19.5,-20.25,2.0,2.0,0.0,0.0,0.0,0.0,0.0476190485060215,0.0,0.0,0.19200870394706726,0.7035136818885803
4630,-15.3004,-22.225,-37.5254,-20.2578,-18.1953,2.0,2.0,0.0,0.06285714358091354,0.002017238177359104,0.009879379533231258,0.0546875,7.77363165980205e-05,0.006801927927881479,0.21194806694984436,0.6766946315765381
4635,-15.9227,-21.9168,-37.8395,-20.625,-18.0234,2.0,2.0,0.0,0.08670520037412643,0.0010504202218726277,0.008065407164394855,0.0632440447807312,0.00019434079877100885,0.0067241913639009,0.18501244485378265,0.7035914063453674
4640,-15.2449,-22.3547,-37.5996,-19.5234,-19.8984,2.0,2.0,0.0,0.0,0.0005465476424433291,0.0015982647892087698,0.0505952388048172,7.77363165980205e-05,0.0011660447344183922,0.21334733068943024,0.6809312701225281
4645,-15.593,-22.0711,-37.6641,-20.7578,-17.5,2.0,2.0,0.0,0.10497237741947174,0.002138829557225108,0.009768492542207241,0.056175597012043,0.00023320894979406148,0.007035136688500643,0.19989894330501556,0.6883550882339478
4650,-15.8035,-22.0496,-37.8531,-19.7812,-19.6406,2.0,2.0,0.0,0.0,0.0006193228764459491,0.0044142804108560085,0.0476190485060215,0.00011660447489703074,0.002720771124586463,0.18827736377716064,0.7044076323509216
4655,-15.2762,-22.2125,-37.4887,-20.5,-18.0156,2.0,2.0,0.20000000298023224,0.04784689098596573,0.0014484880957752466,0.01121192891150713,0.0632440447807312,0.00019434079877100885,0.008123445324599743,0.21466884016990662,0.67253577709198
4660,-15.4008,-22.1414,-37.5422,-20.6562,-17.5859,2.0,2.0,0.1428571492433548,0.1764705926179886,0.0014883721014484763,0.009902123361825943,0.0680803582072258,0.0002720771008171141,0.007268345914781094,0.20891635119915009,0.6790655851364136
4665,-15.3082,-22.2809,-37.5891,-20.0078,-19.0469,2.0,2.0,0.0,0.17977528274059296,0.000917094643227756,0.005144033115357161,0.0476190485060215,0.00011660447489703074,0.0034592661540955305,0.2119092047214508,0.6800373196601868
4670,-15.232,-22.3828,-37.6148,-19.5156,-20.2188,2.0,2.0,0.0,0.0,0.0,0.0,0.048363097012043,0.0,7.77363165980205e-05,0.21268656849861145,0.682758092880249
4675,-15.0051,-22.3645,-37.3695,-20.4297,-17.9453,2.0,2.0,0.0,0.0810810774564743,0.002613695804029703,0.010847378522157669,0.0528273805975914,0.00023320894979406148,0.005752487573772669,0.2230643630027771,0.666472315788269
4680,-15.9867,-21.9691,-37.9559,-19.7891,-19.7188,2.0,2.0,0.0,0.0,0.00021514629770535976,0.0021278916392475367,0.0565476194024086,3.886815829901025e-05,0.0024486940819770098,0.1806592047214508,0.7123756408691406
4685,-15.6242,-22.093,-37.7172,-20.5781,-17.9062,2.0,2.0,0.0,0.0,0.0013847675872966647,0.00817743968218565,0.0509672611951828,0.0002720771008171141,0.00481965159997344,0.19647854566574097,0.6939521431922913
4690,-15.4766,-22.2488,-37.7254,-19.4219,-20.1016,2.0,2.0,0.0,0.0,0.00019208605226594955,0.0007298450218513608,0.0505952388048172,3.886815829901025e-05,0.0008162313606590033,0.20234763622283936,0.6923196315765381
4695,-15.6223,-22.1777,-37.8,-19.6016,-19.9766,2.0,2.0,0.0,0.0,0.00019932229770347476,0.0009993338026106358,0.0476190485060215,0.0,0.00042754976311698556,0.19500155746936798,0.7000932693481445
4700,-15.6855,-22.0781,-37.7637,-20.1953,-18.8125,2.0,2.0,0.0,0.0181818176060915,0.0009986018994823098,0.006083268206566572,0.0546875,0.00019434079877100885,0.004275497514754534,0.19461287558078766,0.6964396834373474
4705,-15.5004,-22.2199,-37.7203,-19.7734,-19.5156,2.0,2.0,0.0,0.0416666679084301,0.0001926782279042527,0.001797853852622211,0.0535714291036129,0.00011660447489703074,0.0018656715983524919,0.20172575116157532,0.6918143630027771
4710,-14.7059,-22.575,-37.2809,-19.3281,-19.3047,2.0,2.0,0.0,0.029999999329447746,0.0011482939589768648,0.005049005150794983,0.0580357126891613,0.00034981343196704984,0.003886815859004855,0.23694029450416565,0.6543454527854919
4715,-15.6316,-22.1473,-37.7789,-19.8359,-19.5781,2.0,2.0,0.0,0.0555555559694767,0.00039603959885425866,0.0028436018619686365,0.0502232126891613,3.886815829901025e-05,0.002098880708217621,0.1962842047214508,0.6971004605293274
4720,-15.0137,-22.3941,-37.4078,-19.9375,-18.4844,2.0,2.0,0.10000000149011612,0.10204081982374191,0.0013819312443956733,0.006727506872266531,0.0587797611951828,0.0003886815975420177,0.005713619291782379,0.2250077724456787,0.6644123196601868
4725,-15.1629,-22.3758,-37.5387,-19.4609,-19.7656,2.0,2.0,0.0,0.0,0.0003607503604143858,0.004072501789778471,0.0476190485060215,7.77363165980205e-05,0.0023320894688367844,0.215485081076622,0.6776275038719177
4730,-15.0914,-22.4203,-37.5117,-19.5469,-19.7812,2.0,2.0,0.0,0.190476194024086,0.0007128854049369693,0.0020135771483182907,0.0517113097012043,0.00019434079877100885,0.0016324627213180065,0.2180892378091812,0.675606369972229
4735,-15.5516,-22.2078,-37.7594,-19.4688,-20.0078,2.0,2.0,0.0,0.0,0.00019619383965618908,0.0011716788867488503,0.0498511902987957,0.0,0.0007773631950840354,0.19811101257801056,0.6966339945793152
4740,-15.9051,-21.9906,-37.8957,-20.1016,-19.0938,2.0,2.0,0.0,0.03488372266292572,0.0004203446733299643,0.003132728859782219,0.0606398805975914,3.886815829901025e-05,0.0033426617737859488,0.18493470549583435,0.707206130027771
4745,-16.1953,-21.852,-38.0473,-20.1797,-19.0547,2.0,2.0,0.0,0.0,0.0006850879290141165,0.0040348609909415245,0.0505952388048172,3.886815829901025e-05,0.0027985074557363987,0.17020367085933685,0.722481369972229
4750,-15.7828,-22.0371,-37.8199,-19.9844,-19.0234,2.0,2.0,0.0,0.009345794096589088,0.0006133714923635125,0.005321802571415901,0.0558035708963871,0.00011660447489703074,0.004158893134444952,0.1901041716337204,0.7011427283287048
4755,-15.2809,-22.3367,-37.6176,-19.2344,-20.0781,2.0,2.0,0.0,0.0,0.0005573100643232465,0.0020425531547516584,0.0476190485060215,7.77363165980205e-05,0.0011660447344183922,0.2092272937297821,0.6850513219833374
4760,-15.0422,-22.4426,-37.4848,-19.5156,-19.5625,2.0,2.0,0.25,0.1458333283662796,0.00017596340330783278,0.0026004044339060783,0.0505952388048172,0.000155472633196041,0.0018656715983524919,0.22088775038719177,0.6726135015487671
4765,-15.4777,-22.1926,-37.6703,-20.0234,-19.1562,2.0,2.0,0.0,0.0,0.0009520182502456009,0.005311034619808197,0.0543154776096344,0.00011660447489703074,0.0033426617737859488,0.20413556694984436,0.6879275441169739
4770,-15.2617,-22.3223,-37.584,-19.8281,-19.2422,2.0,2.0,0.0,0.0,0.0,0.00451815826818347,0.0479910708963871,0.00011660447489703074,0.0028762437868863344,0.21291977167129517,0.6796097755432129
4775,-15.9918,-21.8582,-37.85,-20.8281,-17.7344,2.0,2.0,0.0,0.03365384787321091,0.0002126754552591592,0.012136591598391533,0.0554315485060215,0.00011660447489703074,0.00808457750827074,0.18275807797908783,0.7045631408691406
4780,-15.5984,-22.1469,-37.7453,-20.1406,-19.0625,2.0,2.0,0.0,0.0,0.0003964321222156286,0.004962364211678505,0.0479910708963871,0.0,0.0023320894688367844,0.19608986377716064,0.6971004605293274
4785,-15.418,-22.2641,-37.682,-19.7188,-19.6953,2.0,2.0,0.0,0.0,0.0,0.0025933024007827044,0.0476190485060215,3.886815829901025e-05,0.0016713308868929744,0.20436878502368927,0.6894434094429016
4790,-15.5836,-22.1051,-37.6887,-20.3047,-18.2891,2.0,2.0,0.0,0.0533333346247673,0.00038804812356829643,0.008461191318929195,0.0535714291036129,0.000310945266392082,0.005830223672091961,0.20032648742198944,0.6890547275543213
4795,-15.4539,-21.8289,-37.2828,-22.7969,-12.5547,2.0,2.0,0.25641027092933655,0.3472000062465668,0.005641492083668709,0.024761566892266273,0.078125,0.001515858224593103,0.02429259940981865,0.21358053386211395,0.6561334133148193
4800,-15.4832,-22.2051,-37.6883,-19.8594,-19.25,2.0,2.0,0.0,0.014925372786819935,0.0007662835414521396,0.0025914032012224197,0.0625,7.77363165980205e-05,0.0026041667442768812,0.20289179682731628,0.6899486780166626
4805,-15.6934,-22.0297,-37.723,-20.1719,-18.2969,2.0,2.0,0.0,0.3263888955116272,0.0019996000919491053,0.007546958979219198,0.0546875,0.0002720771008171141,0.005597014911472797,0.19437965750694275,0.6952736377716064
4810,-15.8031,-21.823,-37.6262,-22.0547,-14.8125,2.0,2.0,0.38461539149284363,0.23514211177825928,0.0025948104448616505,0.018207600340247154,0.0625,0.0005052860942669213,0.015041977167129517,0.19472947716712952,0.6852456331253052
4815,-15.277,-22.1992,-37.4762,-21.1094,-16.6562,2.0,2.0,0.07692307978868484,0.27659574151039124,0.001620162045583129,0.009514416567981243,0.0617559514939785,0.0005052860942669213,0.009134017862379551,0.2159126251935959,0.6699704527854919
4820,-15.8336,-21.9766,-37.8102,-20.2656,-18.2969,2.0,2.0,0.0,0.16556291282176971,0.0006169031257741153,0.006272202357649803,0.0628720223903656,0.0003886815975420177,0.005869091954082251,0.18901586532592773,0.7002487778663635
4825,-16.4414,-20.5734,-37.0148,-27.3203,-2.8047,2.0,2.0,0.7333333492279053,0.7367480397224426,0.007521854247897863,0.0274836253374815,0.143601194024086,0.004081156570464373,0.06525964289903641,0.19119247794151306,0.6349891424179077
4830,-16.0902,-21.202,-37.2922,-24.3828,-9.0781,2.0,2.0,0.43478259444236755,0.5338491201400757,0.005631536711007357,0.03194812685251236,0.0970982164144516,0.002681903075426817,0.040189675986766815,0.19325248897075653,0.6593983173370361
4835,-15.7953,-21.9266,-37.7219,-21.3672,-16.3047,2.0,2.0,0.4285714328289032,0.3179916441440582,0.001609981874935329,0.010603085160255432,0.0565476194024086,0.0002720771008171141,0.009289490059018135,0.19313588738441467,0.6928249597549438
4840,-14.9016,-22.4801,-37.3816,-19.4453,-19.1641,2.0,2.0,0.0,0.1875,0.0005093378713354468,0.005279211793094873,0.0502232126891613,0.00023320894979406148,0.0037313431967049837,0.2289334535598755,0.6626243591308594
4845,-16.2527,-21.6715,-37.9242,-21.2891,-16.625,2.0,2.0,0.1428571492433548,0.27710843086242676,0.002023381181061268,0.012979930266737938,0.0580357126891613,0.0002720771008171141,0.009678171947598457,0.17288556694984436,0.7126865386962891
4850,-15.9352,-21.9469,-37.882,-20.1953,-18.5781,2.0,2.0,0.0,0.18110236525535583,0.0012722646351903677,0.00505744619295001,0.0569196417927742,0.00023320894979406148,0.004936256445944309,0.18330223858356476,0.7070506811141968
4855,-15.7375,-22.0492,-37.7867,-20.1328,-18.6797,2.0,2.0,0.0,0.2293577939271927,0.001208702684380114,0.004843289032578468,0.0558035708963871,0.000155472633196041,0.004236629232764244,0.1929415464401245,0.6981887221336365
4860,-15.302,-22.0379,-37.3398,-22.2578,-14.1484,2.0,2.0,0.125,0.4139650762081146,0.0032217646948993206,0.017198873683810234,0.0669642835855484,0.000621890532784164,0.015586132183670998,0.21715641021728516,0.6621579527854919
4865,-15.7066,-21.873,-37.5797,-21.9453,-15.0547,2.0,2.0,0.25,0.36052632331848145,0.0035190614871680737,0.014996863901615143,0.0651041641831398,0.000310945266392082,0.01476990059018135,0.1988106369972229,0.6816309094429016
4870,-15.6664,-21.9582,-37.6246,-21.5938,-15.9453,2.0,2.0,0.125,0.3624161183834076,0.0013555383775383234,0.011952191591262817,0.0587797611951828,0.000310945266392082,0.011582711711525917,0.20071516931056976,0.6829135417938232
4875,-15.7895,-22.0133,-37.8027,-20.2656,-18.3438,2.0,2.0,0.0,0.26829269528388977,0.0004080799699295312,0.005330667831003666,0.0572916679084301,0.0002720771008171141,0.004780783783644438,0.19049285352230072,0.6999766826629639
4880,-14.8055,-22.5516,-37.357,-19.2344,-19.9375,2.0,2.0,0.0,0.09677419066429138,0.0011717441957443953,0.003528996603563428,0.0494791679084301,7.77363165980205e-05,0.00240982579998672,0.23219838738441467,0.6608364582061768
4885,-15.723,-21.9762,-37.6992,-20.75,-17.4688,2.0,2.0,0.0,0.15283842384815216,0.0015984015772119164,0.010224719531834126,0.0669642835855484,0.00023320894979406148,0.008900808170437813,0.19453513622283936,0.6918532252311707
4890,-15.3793,-22.25,-37.6293,-20.0469,-18.8281,2.0,2.0,0.3333333432674408,0.09090909361839294,0.0005614823312498629,0.004146313760429621,0.0543154776096344,0.00011660447489703074,0.0034203981049358845,0.207672581076622,0.6843128204345703
4895,-15.1121,-22.4012,-37.5133,-19.4297,-19.5938,2.0,2.0,0.0,0.09259258955717087,0.0008893632330000401,0.0029957368969917297,0.0517113097012043,0.00023320894979406148,0.002098880708217621,0.21851679682731628,0.6746734976768494
4900,-15.1664,-22.398,-37.5645,-19.5938,-19.8281,2.0,2.0,0.0,0.125,0.00017992084030993283,0.0016038492321968079,0.0476190485060215,0.0,0.0009328357991762459,0.21602922677993774,0.6785603165626526
4905,-15.3641,-22.2664,-37.6305,-19.8125,-19.3672,2.0,2.0,0.0,0.05714285746216774,0.0009412650833837688,0.003965331707149744,0.0509672611951828,0.00019434079877100885,0.002720771124586463,0.2064676582813263,0.6861396431922913
4910,-15.5777,-22.0477,-37.6254,-21.2031,-16.6094,2.0,2.0,0.4444444477558136,0.20987653732299805,0.0019383601611480117,0.010720971040427685,0.0569196417927742,0.00034981343196704984,0.00944496225565672,0.2005208283662796,0.6852067708969116
4915,-15.5059,-22.2371,-37.743,-19.375,-20.125,2.0,2.0,0.0,0.0,0.00019436345610301942,0.00044740227167494595,0.0505952388048172,0.0,0.0005441542016342282,0.19997668266296387,0.6950015425682068
4920,-15.652,-22.0211,-37.673,-20.7734,-17.0938,2.0,2.0,0.10000000149011612,0.37442922592163086,0.0009821252897381783,0.007787810172885656,0.0606398805975914,0.0003886815975420177,0.008512127213180065,0.19787779450416565,0.6887437701225281
4925,-15.9453,-21.7988,-37.7441,-21.4375,-15.8125,2.0,2.0,0.25,0.39759036898612976,0.0018629683181643486,0.011922754347324371,0.0598958320915699,0.00046641789958812296,0.012904228642582893,0.18777208030223846,0.6943796873092651
4930,-15.8582,-21.5793,-37.4375,-23.8594,-10.8516,2.0,2.0,0.4166666567325592,0.4779411852359772,0.004307813011109829,0.022593947127461433,0.0803571417927742,0.0013992537278681993,0.026430347934365273,0.19849969446659088,0.6691930890083313
4935,-15.759,-21.7402,-37.4992,-23.0625,-12.4453,2.0,2.0,0.47826087474823,0.39359697699546814,0.003907776437699795,0.019461078569293022,0.0740327388048172,0.0008939676336012781,0.02063899300992489,0.19892723858356476,0.6750621795654297
4940,-15.6687,-21.698,-37.3668,-23.0547,-12.5781,2.0,2.0,0.28125,0.4440789520740509,0.00547893438488245,0.023966796696186066,0.0773809552192688,0.001243781065568328,0.02363184094429016,0.2057291716337204,0.6649175882339478
4945,-15.9672,-21.7375,-37.7047,-22.1953,-14.1797,2.0,2.0,0.3529411852359772,0.32446807622909546,0.002286426955834031,0.01659564860165119,0.0628720223903656,0.0006607586983591318,0.014614427462220192,0.18699471652507782,0.6932525038719177
4950,-16.2773,-20.8395,-37.1168,-26.5625,-5.5391,2.0,2.0,0.6764705777168274,0.674608588218689,0.00437723845243454,0.029738422483205795,0.120163694024086,0.0026430347934365273,0.05709732696413994,0.19535136222839355,0.6404306888580322
4955,-15.8918,-20.9613,-36.8531,-26.8906,-4.0156,2.0,2.0,0.8348624110221863,0.7448912262916565,0.006103199440985918,0.027612918987870216,0.1104910746216774,0.004236629232764244,0.058962997049093246,0.21016013622283936,0.6221626400947571
4960,-15.6445,-21.798,-37.4426,-22.3906,-13.3438,2.0,2.0,0.45945945382118225,0.42718446254730225,0.0034331490751355886,0.018962018191814423,0.0721726194024086,0.0014381218934431672,0.020017102360725403,0.2037857621908188,0.6702814102172852
4965,-16.3512,-20.6777,-37.0289,-26.8125,-4.5234,2.0,2.0,0.7448979616165161,0.7091805338859558,0.0056406124494969845,0.0287373885512352,0.1350446492433548,0.0038090795278549194,0.06308302283287048,0.1929415464401245,0.6356887221336365
4970,-15.9484,-21.8102,-37.7586,-21.6953,-15.7188,2.0,2.0,0.1666666716337204,0.3163265287876129,0.003318813629448414,0.011886823922395706,0.0643601194024086,0.00023320894979406148,0.011427238583564758,0.18738339841365814,0.696478545665741
4975,-15.8449,-22.0125,-37.8574,-19.9922,-19.0547,2.0,2.0,0.0,0.1875,0.0014531866181641817,0.0044655161909759045,0.0505952388048172,0.000155472633196041,0.0031094527803361416,0.18722791969776154,0.7050295472145081
4980,-15.7016,-22.0004,-37.702,-20.9141,-17.0703,2.0,2.0,0.0,0.2634146213531494,0.001779007725417614,0.008724530227482319,0.061011902987957,0.0003886815975420177,0.007967972196638584,0.19663402438163757,0.6905317306518555
4985,-15.9953,-21.7012,-37.6965,-21.8203,-14.7188,2.0,2.0,0.380952388048172,0.2962138056755066,0.0027128546498715878,0.016087299212813377,0.075148805975914,0.0008162313606590033,0.017451804131269455,0.18625621497631073,0.6909981369972229
4990,-15.9434,-21.8039,-37.7473,-22.2344,-14.7812,2.0,2.0,0.5882353186607361,0.44516128301620483,0.0012499999720603228,0.010550996288657188,0.0625,0.0006607586983591318,0.012049129232764244,0.18656715750694275,0.6962453126907349
4995,-16.4098,-19.9641,-36.3738,-27.5391,-1.7344,2.0,2.0,0.8503937125205994,0.8393782377243042,0.00803059246391058,0.030570877715945244,0.1595982164144516,0.009872512891888618,0.09752020984888077,0.2032804787158966,0.5848491787910461
5000,-16.1191,-21.5238,-37.643,-22.9453,-12.4688,2.0,2.0,0.4000000059604645,0.5516637563705444,0.002095557516440749,0.014607632532715797,0.0900297611951828,0.0013603855622932315,0.02219371870160103,0.18547885119915009,0.6864894032478333
