it,s,o,w,s20,o20,lam_s,lam_c,pCC,pCD,pDC,pDD,pSTART,vCC,vCD,vDC,vDD
0,-20.8086,-11.9598,-32.7684,-24.5938,-10.0156,0.5,0.5,0.49272432923316956,0.5075317621231079,0.5167620778083801,0.5057783722877502,0.5565476417541504,0.09615982323884964,0.3612406849861145,0.09507151693105698,0.34305036067962646
5,-20.043,-13.15,-33.193,-23.4531,-12.0859,1.0034,0.0,0.4804210662841797,0.47814103960990906,0.4361816346645355,0.43176528811454773,0.4970238208770752,0.09231188148260117,0.3102845251560211,0.10871423780918121,0.3842117488384247
10,-21.6516,-10.7262,-32.3777,-24.9844,-9.5391,1.1811,0.0,0.5596221685409546,0.5904890298843384,0.5417485237121582,0.5503405332565308,0.5368303656578064,0.09876399487257004,0.40376242995262146,0.07913557440042496,0.31386038661003113
15,-22.9891,-8.4449,-31.434,-26.875,-5.875,1.3859,0.0,0.6545518636703491,0.6653490662574768,0.6661961674690247,0.6910423636436462,0.6845238208770752,0.11015236377716064,0.49164333939552307,0.05507618188858032,0.23865050077438354
20,-23.2961,-8.1824,-31.4785,-27.2031,-5.0547,1.6177,0.0,0.6841121315956116,0.6859992146492004,0.6651446223258972,0.6472739577293396,0.7232142686843872,0.10397232323884964,0.506646454334259,0.05107276141643524,0.23383083939552307
25,-22.2719,-9.5055,-31.7773,-25.5,-8.1562,1.8392,0.0,0.613501250743866,0.6290015578269958,0.591183602809906,0.6144682168960571,0.675595223903656,0.11112406849861145,0.4492381811141968,0.06436567008495331,0.27079445123672485
30,-21.0168,-11.7871,-32.8039,-24.7969,-9.6328,2.0,0.0,0.4977705776691437,0.4975743591785431,0.5278268456459045,0.5220346450805664,0.5684523582458496,0.09588775038719177,0.36854788661003113,0.08799751102924347,0.3430892527103424
35,-20.1645,-12.9047,-33.0691,-24.3281,-10.6172,2.0,0.0,0.4847746789455414,0.4537428915500641,0.4739926755428314,0.4711839556694031,0.5,0.09573227912187576,0.32140082120895386,0.10611007362604141,0.37227922677993774
40,-21.607,-10.6793,-32.2863,-25.5156,-8.3359,2.0,0.0,0.5600453019142151,0.5782085657119751,0.5546836853027344,0.5647760629653931,0.574404776096344,0.10292288661003113,0.40702736377716064,0.07925217598676682,0.3063199520111084
45,-22.6809,-8.8914,-31.5723,-26.3438,-6.7031,2.0,0.0,0.6378006935119629,0.6398615837097168,0.692918598651886,0.6593644022941589,0.6904761791229248,0.11310634016990662,0.4717428386211395,0.05872979015111923,0.2519434094429016
50,-21.5676,-11.309,-32.8766,-23.4375,-12.5625,2.0,0.0,0.5308277010917664,0.5112491250038147,0.5578446984291077,0.543099582195282,0.5297619104385376,0.0920398011803627,0.38180193305015564,0.07357742637395859,0.34810322523117065
55,-21.7227,-10.502,-32.2246,-25.2188,-8.7656,2.0,0.0,0.567191481590271,0.5760900378227234,0.6008316278457642,0.5826932787895203,0.5654761791229248,0.10614894330501556,0.4109530448913574,0.0747823417186737,0.3036380708217621
60,-22.4711,-9.4586,-31.9297,-26.0625,-7.125,2.0,0.0,0.6032906770706177,0.6319103240966797,0.5868454575538635,0.6139417886734009,0.6428571343421936,0.10630441457033157,0.450676292181015,0.060867536813020706,0.27767413854599
65,-21.2773,-11.252,-32.5293,-24.0938,-11.0156,2.0,0.0,0.5450741648674011,0.5405157208442688,0.5297098159790039,0.5431249141693115,0.5595238208770752,0.10218439251184464,0.3813354969024658,0.08438277244567871,0.3276197016239166
70,-19.1891,-14.5777,-33.7668,-23.5156,-12.2422,2.0,0.0,0.35735151171684265,0.3891618549823761,0.38808226585388184,0.37881040573120117,0.4791666567325592,0.0798351988196373,0.2689676582813263,0.1284981369972229,0.4182213842868805
75,-21.9355,-10.5391,-32.4746,-25.875,-8.0625,2.0,0.0,0.563737154006958,0.5546414852142334,0.5849999785423279,0.5710365176200867,0.6082589030265808,0.09818097203969955,0.4157727062702179,0.06996268779039383,0.3116060197353363
80,-20.0832,-13.2172,-33.3004,-23.9688,-11.3594,2.0,0.0,0.4626527726650238,0.4696856141090393,0.43358832597732544,0.44420966506004333,0.4404761791229248,0.0858597606420517,0.31156715750694275,0.11178482323884964,0.3863106369972229
85,-20.0125,-13.6012,-33.6137,-23.8125,-11.7188,2.0,0.0,0.4244670867919922,0.4378882050514221,0.4270152449607849,0.42557692527770996,0.4226190447807312,0.08387748897075653,0.3003731369972229,0.10704290866851807,0.4042288661003113
90,-21.8125,-10.1629,-31.9754,-25.8438,-7.7969,2.0,0.0,0.5876216888427734,0.59074866771698,0.6133056282997131,0.603157639503479,0.6071428656578064,0.11178482323884964,0.4184545874595642,0.0747823417186737,0.29050061106681824
95,-20.2531,-13.1855,-33.4387,-23.3906,-12.3047,2.0,0.0,0.4629286229610443,0.45012375712394714,0.43548983335494995,0.4429038465023041,0.4672619104385376,0.08387748897075653,0.3140547275543213,0.1051383689045906,0.39245179295539856
100,-20.2293,-13.5555,-33.7848,-23.875,-11.9688,2.0,0.0,0.427783340215683,0.42620423436164856,0.40770405530929565,0.423348069190979,0.441592276096344,0.07750310748815536,0.3025886118412018,0.10191231220960617,0.41351833939552307
105,-19.1523,-14.8586,-34.0109,-22.9844,-12.9766,2.0,0.0,0.38662075996398926,0.36490800976753235,0.38529226183891296,0.3773115277290344,0.3608630895614624,0.0790189653635025,0.2556358873844147,0.12367848306894302,0.4371890425682068
110,-18.1027,-17.2871,-35.3898,-22.1875,-14.7812,2.0,0.0,0.23779527842998505,0.21911001205444336,0.2689323127269745,0.2513597011566162,0.2529761791229248,0.04936256259679794,0.17206934094429016,0.14525030553340912,0.528840184211731
115,-17.6141,-18.1801,-35.7941,-21.3281,-16.3359,2.0,0.0,0.1818181872367859,0.16657158732414246,0.20782095193862915,0.2009546160697937,0.2797619104385376,0.039334576576948166,0.13627175986766815,0.158037930727005,0.5618780851364136
120,-16.7156,-20.1609,-36.8766,-20.1719,-18.6016,2.0,0.0,0.10578842461109161,0.11190738528966904,0.09728248417377472,0.09629267454147339,0.1488095223903656,0.019472947344183922,0.07050684094429016,0.17020367085933685,0.6353389024734497
125,-17.0445,-19.3543,-36.3988,-21.0469,-17.1328,2.0,0.0,0.20781250298023224,0.16986195743083954,0.13086026906967163,0.13566696643829346,0.190476194024086,0.024875622242689133,0.10136815905570984,0.17078669369220734,0.598491907119751
130,-16.4227,-19.384,-35.8066,-20.9375,-17.0,2.0,0.0,0.1424180269241333,0.15477940440177917,0.1750503033399582,0.16098511219024658,0.181547611951828,0.037935324013233185,0.10572139173746109,0.19317474961280823,0.5586909055709839
135,-16.5805,-20.2027,-36.7832,-20.0156,-19.1484,2.0,0.0,0.08914728462696075,0.1050884947180748,0.11086669564247131,0.09993815422058105,0.127976194024086,0.020055970177054405,0.07027363032102585,0.17669464647769928,0.6284981369972229
140,-16.2648,-20.8809,-37.1457,-19.8594,-19.4141,2.0,0.0053,0.041450776159763336,0.05347593501210213,0.07989690452814102,0.06328514218330383,0.1101190447807312,0.015003109350800514,0.04361007362604141,0.18097014725208282,0.6559390425682068
145,-15.875,-21.4109,-37.2859,-19.9844,-18.9766,2.0,0.0378,0.08399999886751175,0.01451187301427126,0.04391823336482048,0.044409338384866714,0.0863095223903656,0.00971703976392746,0.029462065547704697,0.192047581076622,0.6642957329750061
150,-15.7516,-21.6941,-37.4457,-19.4688,-19.8906,2.0,0.0752,0.04895104840397835,0.06261859834194183,0.022560855373740196,0.02933533489704132,0.0744047611951828,0.005558146629482508,0.02048351988196373,0.19640080630779266,0.6730799078941345
155,-16.3723,-20.5934,-36.9656,-20.5781,-18.0703,2.0,0.1016,0.09964412450790405,0.12126751989126205,0.0499688982963562,0.08824793249368668,0.1134672611951828,0.010921952314674854,0.06378264725208282,0.18746113777160645,0.6333566308021545
160,-17.582,-18.673,-36.2551,-23.0,-13.625,2.0,0.1012,0.1772727221250534,0.27989211678504944,0.08420807123184204,0.17200854420661926,0.1886160671710968,0.017101990059018135,0.12970304489135742,0.16662779450416565,0.5820895433425903
165,-16.3246,-20.3348,-36.6594,-22.2266,-14.3516,2.0,0.0954,0.16470588743686676,0.2331860512495041,0.04254067689180374,0.10212820023298264,0.1343005895614624,0.00991138070821762,0.07917443662881851,0.19826647639274597,0.6081700921058655
170,-16.7789,-20.1984,-36.9773,-21.25,-16.8672,2.0,0.1014,0.08799999952316284,0.15493696928024292,0.04782896116375923,0.104532390832901,0.1097470223903656,0.00971703976392746,0.07400497794151306,0.1763448417186737,0.6354555487632751
175,-16.7531,-19.9219,-36.675,-21.4375,-16.1875,2.0,0.1073,0.125,0.1916738897562027,0.05410526320338249,0.11874999850988388,0.161086305975914,0.01181592047214508,0.08962997794151306,0.18462376296520233,0.6094527244567871
180,-16.5113,-19.9648,-36.4762,-22.1406,-14.5938,2.0,0.1117,0.1651090383529663,0.20925386250019073,0.04682869091629982,0.12982502579689026,0.1458333283662796,0.012476678937673569,0.09324471652507782,0.19671174883842468,0.59308922290802
185,-17.4434,-18.6305,-36.0738,-24.0,-11.3906,2.0,0.0917,0.17577196657657623,0.31223979592323303,0.05980284884572029,0.18240952491760254,0.2005208283662796,0.016363494098186493,0.14004197716712952,0.17743314802646637,0.5616837739944458
190,-19.8969,-14.7395,-34.6363,-28.0703,-3.4609,2.0,0.0895,0.43572619557380676,0.6604880690574646,0.08251748234033585,0.23603413999080658,0.3727678656578064,0.02328202687203884,0.29147231578826904,0.13895367085933685,0.4418143630027771
195,-17.0758,-19.6434,-36.7191,-22.4922,-14.3359,2.0,0.0164,0.07443365454673767,0.2272000014781952,0.06523200869560242,0.12542802095413208,0.1383928507566452,0.012010261416435242,0.0971703976392746,0.17339086532592773,0.61295086145401
200,-17.8496,-18.2211,-36.0707,-23.5156,-11.9141,2.0,0.0071,0.17402596771717072,0.3133198916912079,0.0691588819026947,0.19061827659606934,0.2406994104385376,0.014964241534471512,0.15407338738441467,0.16635571420192719,0.5601290464401245
205,-16.2957,-20.1277,-36.4234,-22.7891,-13.1328,2.0,0.0,0.1607142835855484,0.25628793239593506,0.04996156692504883,0.11353165656328201,0.1640625,0.013059701770544052,0.08962997794151306,0.20226989686489105,0.5905628204345703
210,-17.7684,-18.0227,-35.791,-23.1719,-12.5547,2.0,0.0,0.22947761416435242,0.30771079659461975,0.09140767902135849,0.21074113249778748,0.2455357164144516,0.02083333395421505,0.16180814802646637,0.170087069272995,0.542793869972229
215,-16.7359,-19.1137,-35.8496,-23.1562,-12.4453,2.0,0.0,0.1561822146177292,0.29386091232299805,0.07182745635509491,0.17442110180854797,0.200148805975914,0.017918221652507782,0.13358986377716064,0.20184235274791718,0.5421719551086426
220,-18.3691,-16.8574,-35.2266,-25.3047,-8.8281,2.0,0.0,0.23273657262325287,0.36717426776885986,0.13940565288066864,0.26585936546325684,0.2857142984867096,0.03039490059018135,0.20673973858356476,0.16087530553340912,0.49751242995262146
225,-18.8746,-16.2004,-35.075,-24.9297,-9.3672,2.0,0.0,0.260869562625885,0.4154057800769806,0.13553208112716675,0.290924996137619,0.287202388048172,0.0295009333640337,0.22605721652507782,0.15084733068943024,0.489116907119751
230,-18.4453,-16.1824,-34.6277,-24.4297,-10.1797,2.0,0.0,0.2488769143819809,0.3696053624153137,0.1911623477935791,0.3239329159259796,0.324032723903656,0.04326026141643524,0.23145988583564758,0.16184701025485992,0.45895522832870483
235,-17.7816,-17.7289,-35.5105,-22.7109,-13.3594,2.0,0.0,0.1968408226966858,0.3123129904270172,0.12630601227283478,0.22720235586166382,0.2797619104385376,0.03198849409818649,0.16888214647769928,0.1674051582813263,0.5272465944290161
240,-17.6309,-18.3352,-35.966,-22.6797,-13.5391,2.0,0.0,0.1669316440820694,0.2313176691532135,0.12209438532590866,0.20884093642234802,0.1822916716337204,0.024448072537779808,0.14719371497631073,0.16553948819637299,0.5583410859107971
245,-17.1777,-19.2332,-36.4109,-21.9844,-15.1875,2.0,0.0,0.1631205677986145,0.21765118837356567,0.08440123498439789,0.1562274545431137,0.1462053507566452,0.016441231593489647,0.11054104566574097,0.17591728270053864,0.5926228165626526
250,-16.282,-20.4141,-36.6961,-21.4609,-16.1641,2.0,0.0,0.06804733723402023,0.13015532493591309,0.0656847134232521,0.10258680582046509,0.1398809552192688,0.013137437403202057,0.07256685197353363,0.19527363777160645,0.6145444512367249
255,-17.3398,-19.1691,-36.509,-22.0938,-15.0391,2.0,0.0,0.12030075490474701,0.18771448731422424,0.07755006849765778,0.15739001333713531,0.1707589328289032,0.015508395619690418,0.11326181888580322,0.1668998748064041,0.5998523235321045
260,-16.5645,-20.0215,-36.5859,-21.5781,-15.8125,2.0,0.0,0.11142061650753021,0.1833030879497528,0.059316832572221756,0.12111880630254745,0.1491815447807312,0.013953668996691704,0.08566541969776154,0.1900264322757721,0.6058768630027771
265,-16.8062,-19.2895,-36.0957,-21.4922,-15.9609,2.0,0.0,0.11375211924314499,0.19122980535030365,0.09822899848222733,0.1679714322090149,0.184523805975914,0.02289334498345852,0.11788712441921234,0.18874378502368927,0.5659981369972229
270,-17.1137,-19.2617,-36.3754,-21.9297,-15.4375,2.0,0.0,0.16485507786273956,0.18304362893104553,0.09783589094877243,0.1566992700099945,0.1573660671710968,0.021455224603414536,0.10956934094429016,0.17241916060447693,0.592078685760498
275,-16.6547,-19.9277,-36.5824,-20.6953,-17.8828,2.0,0.0,0.085317462682724,0.09360076487064362,0.10414429754018784,0.1267659217119217,0.1417410671710968,0.019589552655816078,0.08138992637395859,0.18100902438163757,0.6135339140892029
280,-16.5332,-19.6387,-36.1719,-20.3672,-17.6719,2.0,0.0,0.14686468243598938,0.1607629358768463,0.10396937280893326,0.14843645691871643,0.1759672611951828,0.023554105311632156,0.0998523011803627,0.19290266931056976,0.5792133212089539
285,-17.4547,-18.6535,-36.1082,-20.9531,-17.4141,2.0,0.0,0.22641509771347046,0.19133460521697998,0.15795838832855225,0.17004482448101044,0.2299107164144516,0.03090018592774868,0.12290111929178238,0.16068096458911896,0.58104008436203
290,-16.7539,-18.8012,-35.5551,-20.6406,-17.0547,2.0,0.0,0.1883910447359085,0.21411482989788055,0.15509116649627686,0.19272753596305847,0.2306547611951828,0.0381685309112072,0.1299751251935959,0.18971548974514008,0.5376632213592529
295,-16.6723,-19.4262,-36.0984,-20.625,-17.2969,2.0,0.0,0.17408907413482666,0.1463414579629898,0.13606148958206177,0.14710061252117157,0.220610111951828,0.02880130521953106,0.10517723858356476,0.18711131811141968,0.5744325518608093
300,-17.2449,-18.7086,-35.9535,-20.9297,-17.25,2.0,0.0,0.21892188489437103,0.1820182353258133,0.1739833652973175,0.17795103788375854,0.2046130895614624,0.035331156104803085,0.12363961338996887,0.1682213991880417,0.5683302283287048
305,-17.0719,-18.702,-35.7738,-20.7266,-17.2812,2.0,0.0,0.2279069721698761,0.19403931498527527,0.19084490835666656,0.17649097740650177,0.2239583283662796,0.04178326949477196,0.12259017676115036,0.17067009210586548,0.5604788661003113
310,-17.0469,-19.1621,-36.209,-20.5625,-17.8203,2.0,0.0,0.2111959308385849,0.16125540435314178,0.15050320327281952,0.15076108276844025,0.1968005895614624,0.03055037371814251,0.107742540538311,0.1699315905570984,0.5872978568077087
315,-18.25,-16.8391,-35.0891,-22.0469,-15.0859,2.0,0.0,0.27373823523521423,0.26205918192863464,0.2256670892238617,0.2768804728984833,0.3404017984867096,0.04543687775731087,0.19177550077438354,0.15294620394706726,0.5053638219833374
320,-18.1699,-16.6605,-34.8305,-22.3281,-14.4531,2.0,0.0,0.2575640082359314,0.27325356006622314,0.26009851694107056,0.295547217130661,0.3303571343421936,0.050101056694984436,0.2014147937297821,0.1578047275543213,0.48620179295539856
325,-18.057,-17.2707,-35.3277,-22.0391,-14.8203,2.0,0.0,0.2145669311285019,0.21455776691436768,0.21673661470413208,0.2651166319847107,0.3058035671710968,0.039490051567554474,0.18369092047214508,0.15745490789413452,0.5148864984512329
330,-17.6043,-17.9324,-35.5367,-21.7422,-15.4141,2.0,0.0,0.21259842813014984,0.23014307022094727,0.17204301059246063,0.22402739524841309,0.2797619104385376,0.03455379232764244,0.15757152438163757,0.16989272832870483,0.5335043668746948
335,-18.502,-15.9098,-34.4117,-22.2344,-14.6641,2.0,0.0,0.3313325345516205,0.3222241699695587,0.2911123037338257,0.3222828507423401,0.3958333432674408,0.06475435197353363,0.2215873748064041,0.1460665464401245,0.4631141126155853
340,-18.1594,-16.0559,-34.2152,-22.5391,-13.6094,2.0,0.0,0.33794695138931274,0.32477128505706787,0.28512296080589294,0.3352149426937103,0.3597470223903656,0.06739738583564758,0.22092661261558533,0.15963153541088104,0.4475668668746948
345,-19.2359,-14.8426,-34.0785,-21.1172,-16.7109,2.0,0.0,0.4201335310935974,0.37628865242004395,0.359183669090271,0.35369518399238586,0.4229910671710968,0.07567630708217621,0.25637438893318176,0.12379508465528488,0.4396766126155853
350,-20.3297,-12.5414,-32.8711,-21.5469,-16.1328,2.0,0.0,0.5723956227302551,0.5326099991798401,0.4443146288394928,0.42371973395347595,0.5364583134651184,0.1033504381775856,0.32956311106681824,0.09981343150138855,0.3627954125404358
355,-19.3605,-14.2207,-33.5813,-22.0781,-14.9766,2.0,0.0,0.4865535795688629,0.41128337383270264,0.4348697364330292,0.37700459361076355,0.4367559552192688,0.09394434094429016,0.2707555890083313,0.1163712665438652,0.4144511818885803
360,-18.6711,-16.3484,-35.0195,-20.7188,-17.9062,2.0,0.0,0.43509459495544434,0.34818217158317566,0.29058539867401123,0.2466065138578415,0.3232886791229248,0.05958488956093788,0.1945739984512329,0.12880907952785492,0.512554407119751
365,-18.4098,-16.1609,-34.5707,-20.3438,-18.2344,2.0,0.0,0.4515250623226166,0.38414978981018066,0.2941671311855316,0.25649744272232056,0.3571428656578064,0.07136193662881851,0.2054959535598755,0.13860385119915009,0.4800606369972229
370,-17.1738,-18.2766,-35.4504,-20.3438,-18.1406,2.0,0.0,0.283712774515152,0.22917236387729645,0.21547698974609375,0.19497816264629364,0.2492559552192688,0.04438743740320206,0.14229632914066315,0.17479011416435242,0.5340484976768494
375,-18.0562,-16.0348,-34.091,-20.4688,-17.9141,2.0,0.0,0.43661972880363464,0.3502774238586426,0.31368160247802734,0.3061598837375641,0.3586309552192688,0.07726989686489105,0.21715641021728516,0.15625,0.44484609365463257
380,-18.3496,-16.0973,-34.4469,-20.5703,-17.5938,2.0,0.0,0.43765774369239807,0.36943620443344116,0.321095734834671,0.26067954301834106,0.386904776096344,0.07699782401323318,0.20957711338996887,0.13763214647769928,0.47131529450416565
385,-18.5746,-16.0516,-34.6262,-19.8906,-18.9766,2.0,0.0,0.4927385747432709,0.3838130235671997,0.36057108640670776,0.23625721037387848,0.3616071343421936,0.07493781298398972,0.20122045278549194,0.12795397639274597,0.49141013622283936
390,-19.593,-13.3129,-32.9059,-21.3906,-16.3047,2.0,0.0,0.5755708813667297,0.5409983396530151,0.45399799942970276,0.3584587872028351,0.4918154776096344,0.10723724961280823,0.302899569272995,0.11617692559957504,0.3692086338996887
395,-18.6836,-15.7586,-34.4422,-20.4531,-18.4844,2.0,0.0,0.4641975164413452,0.4012444317340851,0.33353808522224426,0.2544091045856476,0.4166666567325592,0.07870802283287048,0.21863339841365814,0.1265547275543213,0.47162625193595886
400,-18.3301,-15.5586,-33.8887,-20.125,-18.25,2.0,0.0,0.4538426697254181,0.40681931376457214,0.337126225233078,0.2933477759361267,0.4378720223903656,0.08547107875347137,0.23254819214344025,0.1468827724456787,0.43062034249305725
405,-18.6262,-15.5594,-34.1855,-20.7422,-17.4375,2.0,0.0,0.44105038046836853,0.4089467525482178,0.30653950572013855,0.2964474856853485,0.3973214328289032,0.07252798229455948,0.23285913467407227,0.14264614880084991,0.4474891126155853
410,-17.8637,-16.7914,-34.6551,-21.4062,-15.8281,2.0,0.0,0.3585185110569,0.31654950976371765,0.22346751391887665,0.2799668312072754,0.3441220223903656,0.05247201398015022,0.20456312596797943,0.1699315905570984,0.46855565905570984
415,-17.6043,-16.7336,-34.3379,-21.0625,-16.6562,2.0,0.0,0.4373050630092621,0.382879376411438,0.23314234614372253,0.26660430431365967,0.3292410671710968,0.06230565905570984,0.1997823417186737,0.17638370394706726,0.4570506811141968
420,-17.0188,-18.6805,-35.6992,-21.4531,-15.9453,2.0,0.0,0.24320988357067108,0.22871115803718567,0.1345507949590683,0.1845604032278061,0.263764888048172,0.03148321062326431,0.13510571420192719,0.18516790866851807,0.5437655448913574
425,-17.6023,-17.9609,-35.5633,-20.9609,-17.3516,2.0,0.0,0.2592165768146515,0.26582592725753784,0.16747070848941803,0.21531760692596436,0.245163694024086,0.03373756259679794,0.15718284249305725,0.1691931039094925,0.5354089140892029
430,-17.2762,-17.5844,-34.8605,-20.8047,-16.3984,2.0,0.0,0.28467682003974915,0.27678969502449036,0.2168312519788742,0.24930039048194885,0.3013392984867096,0.05352145433425903,0.17482897639274597,0.18104788661003113,0.48612406849861145
435,-17.509,-18.2027,-35.7117,-20.7266,-17.5391,2.0,0.0,0.22668112814426422,0.2243315577507019,0.1679069697856903,0.19626367092132568,0.293154776096344,0.035836443305015564,0.14536692202091217,0.16713307797908783,0.5471859574317932
440,-17.4691,-18.1102,-35.5793,-21.0625,-16.5391,2.0,0.0,0.2639138102531433,0.25279107689857483,0.19806648790836334,0.19543202221393585,0.2630208432674408,0.04329913109540939,0.14622201025485992,0.16483986377716064,0.5411613583564758
445,-18.0523,-17.5414,-35.5938,-21.1875,-16.7812,2.0,0.0,0.2671673893928528,0.2605215013027191,0.1906202733516693,0.2262164056301117,0.2704613208770752,0.036225125193595886,0.1699315905570984,0.15415112674236298,0.5352145433425903
450,-17.7613,-17.459,-35.2203,-20.7109,-17.4062,2.0,0.0,0.28756675124168396,0.276284784078598,0.2503085732460022,0.22275975346565247,0.3046875,0.050956156104803085,0.1648787260055542,0.15745490789413452,0.5222325921058655
455,-16.7723,-18.6895,-35.4617,-20.3672,-18.0469,2.0,0.0,0.2199999988079071,0.22338569164276123,0.1777687817811966,0.18861158192157745,0.2514880895614624,0.03886815905570984,0.1336287260055542,0.1919698417186737,0.5310556888580322
460,-16.4145,-19.5586,-35.973,-20.5078,-17.8828,2.0,0.0,0.20261438190937042,0.20483271777629852,0.12839309871196747,0.13681386411190033,0.2224702388048172,0.029734142124652863,0.10455534607172012,0.19616760313510895,0.565065324306488
465,-16.3004,-20.4734,-36.7738,-20.7031,-17.8906,2.0,0.0,0.12322274595499039,0.11084765940904617,0.07618659734725952,0.09000124782323837,0.1569940447807312,0.016402363777160645,0.06557058542966843,0.19080379605293274,0.6227456331253052
470,-16.4918,-20.1293,-36.6211,-20.875,-17.3594,2.0,0.0,0.11005692929029465,0.134786918759346,0.09886171668767929,0.10685035586357117,0.1558779776096344,0.02048351988196373,0.07843594253063202,0.18439054489135742,0.6122123599052429
475,-15.8711,-20.302,-36.173,-19.7031,-19.0703,2.0,0.0,0.13278688490390778,0.13977012038230896,0.10636745393276215,0.11790984123945236,0.1584821492433548,0.023709576576948166,0.08453824371099472,0.21303637325763702,0.5742381811141968
480,-17.1758,-19.2828,-36.4586,-20.6406,-17.9453,2.0,0.0,0.21768707036972046,0.18318884074687958,0.13511008024215698,0.1338801383972168,0.1830357164144516,0.022854477167129517,0.10311722755432129,0.1677161008119583,0.6018345952033997
485,-16.6293,-19.9973,-36.6266,-20.4375,-18.2344,2.0,0.0,0.06593406945466995,0.11373092979192734,0.09211087226867676,0.1241418793797493,0.1294642835855484,0.01768501289188862,0.08407182991504669,0.1822916716337204,0.6114738583564758
490,-16.6492,-20.3266,-36.9758,-20.3047,-18.5703,2.0,0.0,0.08650518953800201,0.1320113241672516,0.0704256221652031,0.09203798323869705,0.1261160671710968,0.011232897639274597,0.0686023011803627,0.1771610677242279,0.6385261416435242
495,-16.1961,-20.1371,-36.3332,-20.5703,-17.5703,2.0,0.0,0.14398421347141266,0.17494089901447296,0.09015921503305435,0.11390990018844604,0.1841517835855484,0.019706156104803085,0.08220615983009338,0.20261971652507782,0.5909903645515442
500,-15.7629,-20.8664,-36.6293,-20.1953,-18.4141,2.0,0.0,0.10571428388357162,0.15537084639072418,0.06210951879620552,0.08180311322212219,0.1354166716337204,0.013603855855762959,0.0607898011803627,0.21152052283287048,0.6096082329750061
505,-15.7109,-20.8754,-36.5863,-20.6641,-17.5234,2.0,0.0282,0.09308510273694992,0.11596958339214325,0.06945955753326416,0.08881325274705887,0.1153273805975914,0.014614427462220192,0.06133395433425903,0.21431903541088104,0.6052549481391907
510,-14.6789,-21.8238,-36.5027,-19.4062,-19.3594,2.0,0.0488,0.05244755372405052,0.04545454680919647,0.048351988196372986,0.060461778193712234,0.0959821417927742,0.011116293258965015,0.03847947716712952,0.25,0.5959266424179077
515,-16.3891,-21.0824,-37.4715,-20.6641,-17.7109,2.0,0.0902,0.024242423474788666,0.03956044092774391,0.03437705338001251,0.05299459770321846,0.0904017835855484,0.006413246039301157,0.03537002578377724,0.17751088738441467,0.6762282252311707
520,-16.1484,-21.2156,-37.3641,-22.0391,-14.9844,2.0,0.1157,0.0258620698004961,0.06969376653432846,0.025144269689917564,0.05325547605752945,0.0881696417927742,0.004508706275373697,0.03680814802646637,0.18858830630779266,0.6656172275543213
525,-16.3383,-21.3469,-37.6852,-21.1172,-17.0625,2.0,0.1491,0.04545454680919647,0.0763239860534668,0.01929902471601963,0.032989226281642914,0.084449402987957,0.0025652984622865915,0.024953357875347137,0.1752176582813263,0.6927860975265503
530,-15.1484,-21.6734,-36.8219,-20.1562,-18.0,2.0,0.1879,0.07661290466785431,0.0792410746216774,0.0393727645277977,0.0534655936062336,0.0870535746216774,0.00963930319994688,0.03482586890459061,0.22803948819637299,0.6230177283287048
535,-16.3793,-20.7516,-37.1309,-21.7188,-15.4844,2.0,0.2201,0.050632912665605545,0.10503282397985458,0.048996832221746445,0.07504341751337051,0.109375,0.009211753495037556,0.05328824743628502,0.18404074013233185,0.6489816308021545
540,-15.8895,-21.2801,-37.1695,-20.1797,-18.8672,2.0,0.2505,0.0833333358168602,0.0718623474240303,0.04641185700893402,0.0507541298866272,0.1026785746216774,0.008395522832870483,0.03840174153447151,0.19931592047214508,0.6494091749191284
545,-15.9531,-21.175,-37.1281,-20.7812,-17.7812,2.0,0.2796,0.02118644118309021,0.05736137554049492,0.05090408772230148,0.058908216655254364,0.1004464253783226,0.009172885678708553,0.04065609350800514,0.1977611929178238,0.647932231426239
550,-15.5512,-21.5746,-37.1258,-19.3516,-19.7031,2.0,0.3126,0.054794520139694214,0.08050314337015152,0.04096071422100067,0.04190933704376221,0.0904017835855484,0.008512127213180065,0.03090018592774868,0.20876088738441467,0.6473491787910461
555,-15.9672,-21.2816,-37.2488,-20.5312,-17.7656,2.0,0.3495,0.027027027681469917,0.07751091569662094,0.032927557826042175,0.05393457040190697,0.084449402987957,0.005752487573772669,0.03560323268175125,0.19476833939552307,0.6593983173370361
560,-15.9422,-21.3316,-37.2738,-19.8516,-19.3125,2.0,0.3813,0.027522936463356018,0.06960556656122208,0.04196932911872864,0.046518467366695404,0.0941220223903656,0.008473258465528488,0.03350435197353363,0.1926306039094925,0.6609141826629639
565,-15.9617,-21.275,-37.2367,-20.7891,-17.4609,2.0,0.4121,0.0824742242693901,0.05303867533802986,0.04267198219895363,0.05092756822705269,0.0959821417927742,0.007540422957390547,0.035175684839487076,0.19492381811141968,0.6578824520111084
570,-15.5617,-21.6039,-37.1656,-20.6719,-17.7422,2.0,0.4486,0.04794520512223244,0.07930607348680496,0.027037106454372406,0.04586223512887955,0.0725446417927742,0.005674751475453377,0.031366605311632156,0.20844994485378265,0.6500310897827148
575,-15.457,-21.7289,-37.1859,-19.5078,-19.3203,2.0,0.4852,0.05882352963089943,0.04212168604135513,0.03670232370495796,0.03571215644478798,0.0807291641831398,0.007929104380309582,0.024914490059018135,0.21074315905570984,0.6519356369972229
580,-14.9305,-21.9324,-36.8629,-19.2188,-20.1797,2.0,0.525,0.05128205195069313,0.04289940744638443,0.048244886100292206,0.03712686523795128,0.0840773805975914,0.010611007921397686,0.026274874806404114,0.2336364984512329,0.625
585,-15.8852,-21.475,-37.3602,-19.8594,-19.4844,2.0,0.5614,0.08241758495569229,0.04249291867017746,0.04212011396884918,0.036823734641075134,0.087425597012043,0.0070740049704909325,0.02744092047214508,0.1928638070821762,0.668143630027771
590,-15.8961,-21.3758,-37.2719,-19.6016,-19.6016,2.0,0.5974,0.04054053872823715,0.051008302718400955,0.04588070884346962,0.04551349952816963,0.0848214253783226,0.008628731593489647,0.03276585787534714,0.19484607875347137,0.6592817306518555
595,-15.9945,-21.2059,-37.2004,-20.9297,-17.0625,2.0,0.6308,0.03629032149910927,0.06199999898672104,0.044328026473522186,0.05490522459149361,0.1015625,0.00963930319994688,0.03886815905570984,0.19290266931056976,0.6541122794151306
600,-15.6977,-21.4469,-37.1445,-20.1016,-18.6016,2.0,0.6685,0.025316456332802773,0.05783132463693619,0.04871060326695442,0.04492770880460739,0.100074402987957,0.009211753495037556,0.03226057067513466,0.20347481966018677,0.6505752205848694
605,-15.3906,-21.5992,-36.9898,-19.8984,-18.8203,2.0,0.706,0.04065040498971939,0.04172099009156227,0.04073210060596466,0.0480734184384346,0.1011904776096344,0.009561567567288876,0.029811877757310867,0.21661224961280823,0.6395366787910461
610,-15.6781,-21.5867,-37.2648,-19.9219,-19.125,2.0,0.7379,0.011428571306169033,0.021341463550925255,0.03828571364283562,0.03703048452734947,0.0978422611951828,0.006801927927881479,0.02549751289188862,0.20405784249305725,0.65916508436203
615,-15.9789,-21.3238,-37.3027,-19.9375,-19.0703,2.0,0.7716,0.06572769582271576,0.05456702411174774,0.049563273787498474,0.040150050073862076,0.115699402987957,0.008278917521238327,0.03276585787534714,0.19134794175624847,0.6631296873092651
620,-15.9273,-21.2945,-37.2219,-19.9141,-19.5625,2.0,0.7975,0.03773584961891174,0.0671217292547226,0.055511023849248886,0.04578256234526634,0.1019345223903656,0.010300062596797943,0.03416511043906212,0.19395211338996887,0.6571050882339478
625,-15.9887,-21.0582,-37.0469,-19.4375,-19.7188,2.0,0.8268,0.053619302809238434,0.05459272116422653,0.0807528868317604,0.057929035276174545,0.1127232164144516,0.01449782308191061,0.044853854924440384,0.192047581076622,0.6441231369972229
630,-16.0383,-21.2039,-37.2422,-20.8281,-17.2656,2.0,0.8557,0.095238097012043,0.08178844302892685,0.052943579852581024,0.04570114240050316,0.118675597012043,0.010611007921397686,0.0356421023607254,0.19014303386211395,0.6591262221336365
635,-15.7988,-21.1918,-36.9906,-20.3906,-18.0938,2.0,0.8844,0.06382978707551956,0.049393415451049805,0.06558627635240555,0.0582553930580616,0.114211305975914,0.010960821062326431,0.044853854924440384,0.2038635015487671,0.6358442306518555
640,-16.0258,-20.9605,-36.9863,-20.3281,-18.2656,2.0,0.9164,0.055727552622556686,0.07313195616006851,0.06251240521669388,0.0672350823879242,0.1305803507566452,0.012554415501654148,0.048896145075559616,0.19585666060447693,0.638215184211731
645,-16.3012,-21.018,-37.3191,-19.8125,-19.25,2.0,0.9371,0.08921933174133301,0.07208121567964554,0.062390923500061035,0.05173816904425621,0.1026785746216774,0.010455534793436527,0.038285136222839355,0.17817163467407227,0.6686100959777832
650,-15.8348,-21.1809,-37.0156,-20.0156,-18.8672,2.0,0.9634,0.08504398912191391,0.07884615659713745,0.06547503173351288,0.054869186133146286,0.1164434552192688,0.013254042714834213,0.04042288661003113,0.20005442202091217,0.641791045665741
655,-16.0918,-20.8672,-36.959,-20.2109,-18.4062,2.0,0.9937,0.03658536449074745,0.06319115310907364,0.0850934162735939,0.07232359796762466,0.1041666641831398,0.01593594439327717,0.049207091331481934,0.19138681888580322,0.6389925479888916
660,-16.8648,-19.4711,-36.3359,-20.1406,-18.8984,2.0,1.0005,0.2380952388048172,0.20319730043411255,0.15861129760742188,0.11906453967094421,0.184523805975914,0.03020055964589119,0.09238961338996887,0.17129197716712952,0.6016402244567871
665,-16.7207,-19.4113,-36.132,-19.4219,-19.8906,2.0,0.9857,0.2532467544078827,0.21455776691436768,0.20461225509643555,0.11808118224143982,0.168898805975914,0.041899874806404114,0.09184546023607254,0.17191386222839355,0.5898631811141968
670,-18.0543,-17.8023,-35.8566,-20.0703,-19.0156,2.0,0.9583,0.3504410684108734,0.3344379961490631,0.25493040680885315,0.16150502860546112,0.2358630895614624,0.04846859350800514,0.14074160158634186,0.13401740789413452,0.5722947716712952
675,-16.6719,-19.1094,-35.7812,-18.9297,-20.3359,2.0,0.9081,0.24512743949890137,0.19333332777023315,0.25196143984794617,0.1386185735464096,0.1886160671710968,0.051850125193595886,0.09911380708217621,0.17339086532592773,0.5711675882339478
680,-16.7516,-20.1758,-36.9273,-19.8203,-19.2812,2.0,0.9141,0.12521150708198547,0.0829177051782608,0.1423167884349823,0.0834186002612114,0.1506696492433548,0.022971082478761673,0.06234452873468399,0.16441231966018677,0.6457944512367249
685,-16.0094,-21.0484,-37.0578,-20.2422,-18.5781,2.0,0.9404,0.054054055362939835,0.0473313182592392,0.09476515650749207,0.055098388344049454,0.1082589253783226,0.017257463186979294,0.03859608247876167,0.18784981966018677,0.6518190503120422
690,-15.2352,-20.9621,-36.1973,-20.3984,-16.7891,2.0,0.9649,0.12283237278461456,0.11008569598197937,0.11071306467056274,0.08597768843173981,0.1354166716337204,0.0268967654556036,0.058962997049093246,0.22784514725208282,0.5818174481391907
695,-15.3184,-21.2492,-36.5676,-19.375,-19.6562,2.0,0.9915,0.104240283370018,0.059192825108766556,0.10112755745649338,0.061595357954502106,0.1212797611951828,0.021999377757310867,0.043337997049093246,0.2206156700849533,0.6095693111419678
700,-16.043,-20.741,-36.784,-20.1875,-18.8281,2.0,1.0147,0.13606557250022888,0.10432766377925873,0.10323762893676758,0.07007703930139542,0.140625,0.023709576576948166,0.0502953976392746,0.19088153541088104,0.6306358575820923
705,-15.9145,-20.9219,-36.8363,-19.9375,-19.4219,2.0,1.0375,0.11423221230506897,0.08640000224113464,0.09768278151750565,0.06184615567326546,0.140625,0.020755596458911896,0.0485851988196373,0.1945739984512329,0.6316075921058655
710,-15.8152,-21.2293,-37.0445,-20.2031,-18.2578,2.0,1.0605,0.08056872338056564,0.049826186150312424,0.07257584482431412,0.04679272323846817,0.1398809552192688,0.016402363777160645,0.03354322165250778,0.19601212441921234,0.6495646834373474
715,-16.0938,-21.0168,-37.1105,-19.7656,-19.25,2.0,1.087,0.08492568880319595,0.059957172721624374,0.0917353630065918,0.05448414757847786,0.1023065447807312,0.018306903541088104,0.03630286082625389,0.18388526141643524,0.6570273637771606
720,-15.6031,-21.0723,-36.6754,-19.9297,-19.2969,2.0,1.1056,0.1279251128435135,0.09279279410839081,0.10725190490484238,0.05919371917843819,0.1313244104385376,0.024914490059018135,0.043143656104803085,0.20366916060447693,0.6237950921058655
725,-16.5082,-20.0578,-36.566,-19.6875,-19.7344,2.0,1.119,0.18865866959095,0.1681521087884903,0.1699613779783249,0.0855414941906929,0.161086305975914,0.0356421023607254,0.06541511416435242,0.1710587739944458,0.6234064102172852
730,-17.6203,-17.543,-35.1633,-19.3828,-20.0859,2.0,1.1006,0.41874682903289795,0.3567156195640564,0.36038321256637573,0.1647653430700302,0.2444196492433548,0.07629819959402084,0.14295709133148193,0.1379431039094925,0.5383239984512329
735,-17.302,-18.1621,-35.4641,-19.6406,-19.5938,2.0,1.0539,0.2963407337665558,0.2679165303707123,0.2949935793876648,0.16011573374271393,0.2860863208770752,0.06479322165250778,0.12853699922561646,0.15139147639274597,0.5508006811141968
740,-18.143,-16.9172,-35.0602,-19.7734,-19.2578,2.0,0.9952,0.39059197902679443,0.34120073914527893,0.366176038980484,0.1982906013727188,0.3195684552192688,0.07353855669498444,0.16962064802646637,0.1293921023607254,0.5229710936546326
745,-18.3766,-15.7563,-34.1328,-20.0547,-18.7188,2.0,0.915,0.5276739001274109,0.45822685956954956,0.43592265248298645,0.21941445767879486,0.3723958432674408,0.10393346101045609,0.19772233068943024,0.11858675628900528,0.475279837846756
750,-19.1973,-14.7641,-33.9613,-19.7031,-19.3984,2.0,0.8019,0.6062477231025696,0.5082352757453918,0.48083066940307617,0.23155581951141357,0.4136904776096344,0.10700403898954391,0.23126554489135742,0.0973258689045906,0.45992693305015564
755,-18.6574,-15.3938,-34.0512,-19.2812,-20.1719,2.0,0.6757,0.5138223171234131,0.4691654443740845,0.47148817777633667,0.23356875777244568,0.3843005895614624,0.10544931888580322,0.21050995588302612,0.11178482323884964,0.4677782952785492
760,-19.3566,-13.0426,-32.3992,-19.5859,-19.0234,2.0,0.5446,0.6671895384788513,0.5733622312545776,0.5616600513458252,0.31956544518470764,0.5100446343421936,0.14867070317268372,0.28715795278549194,0.09833644330501556,0.36135727167129517
765,-20.8371,-12.1852,-33.0223,-20.0859,-19.0078,2.0,0.3736,0.7345132827758789,0.6164800524711609,0.6196742057800293,0.2907392680644989,0.5383184552192688,0.12297885864973068,0.3193407952785492,0.06203358247876167,0.39116916060447693
770,-20.2594,-13.2855,-33.5449,-20.0,-19.1328,2.0,0.1631,0.6619426012039185,0.561459481716156,0.590233564376831,0.2735413908958435,0.4717261791229248,0.11244558542966843,0.28016167879104614,0.07322761416435242,0.4296875
775,-20.7418,-12.3699,-33.1117,-20.3359,-18.3438,2.0,0.0,0.7206359505653381,0.6239009499549866,0.5837903618812561,0.27582502365112305,0.5487351417541504,0.1197916641831398,0.31386038661003113,0.06378264725208282,0.39808768033981323
780,-21.0328,-11.4129,-32.4457,-19.9453,-19.2188,2.0,0.0,0.7543757557868958,0.6619142293930054,0.5939470529556274,0.31153932213783264,0.5907738208770752,0.13324004411697388,0.35167911648750305,0.06164490059018135,0.3489583432674408
785,-20.4656,-12.3621,-32.8277,-20.1562,-18.9141,2.0,0.0,0.6458060145378113,0.5740651488304138,0.5434160232543945,0.3490939438343048,0.5747767686843872,0.11862561851739883,0.32221704721450806,0.0814676582813263,0.373212069272995
790,-19.7277,-13.0492,-32.777,-19.8828,-19.0156,2.0,0.0,0.6538461446762085,0.5573117136955261,0.5590909123420715,0.323158860206604,0.4996279776096344,0.12935324013233185,0.29263836145401,0.09406094253063202,0.3794698417186737
795,-18.65,-14.5203,-33.1703,-19.5469,-18.9609,2.0,0.0,0.6460856795310974,0.5197832584381104,0.4944636821746826,0.2425519973039627,0.4691220223903656,0.13156871497631073,0.2367459535598755,0.11232897639274597,0.4148787260055542
800,-19.332,-14.2836,-33.6156,-19.7734,-19.2578,2.0,0.0,0.6194107532501221,0.4979882538318634,0.5367793440818787,0.2545177936553955,0.4665178656578064,0.11213464289903641,0.25116604566574097,0.09775342047214508,0.43446826934814453
805,-19.4027,-14.1867,-33.5895,-19.7734,-18.7891,2.0,0.0,0.7227786779403687,0.5695554614067078,0.48575130105018616,0.21512088179588318,0.4419642984867096,0.12029695510864258,0.2430814653635025,0.09001865983009338,0.4421253204345703
810,-19.4102,-13.9551,-33.3652,-19.6953,-19.4844,2.0,0.0,0.6810237169265747,0.5634811520576477,0.5092437267303467,0.23754015564918518,0.4720982015132904,0.12453357875347137,0.25501400232315063,0.09250622242689133,0.42346858978271484
815,-19.9547,-13.4777,-33.4324,-19.7891,-19.1562,2.0,0.0,0.7200126051902771,0.5945634841918945,0.5478615164756775,0.23541761934757233,0.456845223903656,0.12313432991504669,0.2702503204345703,0.0763370618224144,0.4258006811141968
820,-19.2918,-15.202,-34.4938,-20.7734,-17.6328,2.0,0.0,0.610223650932312,0.4874976873397827,0.4837861657142639,0.1996888369321823,0.4055059552192688,0.0973258689045906,0.20984919369220734,0.08869714289903641,0.49965018033981323
825,-18.7453,-14.8852,-33.6305,-19.9297,-19.0156,2.0,0.0,0.679732620716095,0.5505801439285278,0.4747866690158844,0.19502359628677368,0.4304315447807312,0.12791511416435242,0.21439675986766815,0.10020211338996887,0.45300838351249695
830,-19.5039,-13.566,-33.0699,-19.2109,-19.7734,2.0,0.0,0.8035135269165039,0.6903631091117859,0.4803580343723297,0.16876503825187683,0.4702380895614624,0.14381219446659088,0.25369247794151306,0.07816386967897415,0.4198538661003113
835,-20.5348,-12.7406,-33.2754,-19.625,-19.6484,2.0,0.0,0.8230328559875488,0.6865912675857544,0.5309491157531738,0.19195646047592163,0.5126488208770752,0.12892568111419678,0.28871268033981323,0.056514304131269455,0.4213697016239166
840,-19.5621,-13.248,-32.8102,-19.0859,-19.9531,2.0,0.0,0.8160860538482666,0.6914176940917969,0.44258978962898254,0.1858484148979187,0.4921875,0.15174129605293274,0.2653917968273163,0.07684235274791718,0.4015469551086426
845,-18.4871,-15.4016,-33.8887,-19.9922,-18.2578,2.0,0.0,0.6775147914886475,0.5148399472236633,0.43403029441833496,0.18758803606033325,0.4032738208770752,0.11823693662881851,0.2003653645515442,0.10782027244567871,0.46909981966018677
850,-17.716,-17.0352,-34.7512,-20.2812,-18.5703,2.0,0.0,0.528982400894165,0.33799999952316284,0.38966724276542664,0.18148288130760193,0.3002232015132904,0.09052394330501556,0.15547263622283936,0.13316231966018677,0.5163635015487671
855,-17.0883,-17.3789,-34.4672,-19.1094,-19.8359,2.0,0.0,0.5309523940086365,0.36428195238113403,0.3515762984752655,0.1694503277540207,0.300595223903656,0.09794776141643524,0.1477767378091812,0.15411224961280823,0.4956856369972229
860,-17.8645,-15.6156,-33.4801,-18.6641,-20.375,2.0,0.0,0.6583618521690369,0.45972496271133423,0.4657060503959656,0.2090691328048706,0.3746279776096344,0.12480565905570984,0.1978389322757721,0.13487251102924347,0.4380052983760834
865,-16.9246,-17.6688,-34.5934,-18.9141,-20.0625,2.0,0.0,0.4845535457134247,0.33008629083633423,0.35681653022766113,0.16410058736801147,0.2957589328289032,0.09184546023607254,0.1396532952785492,0.16165266931056976,0.5023709535598755
870,-17.9434,-15.6184,-33.5617,-19.2812,-19.4453,2.0,0.0,0.6620025038719177,0.4998031556606293,0.4398563802242279,0.19715839624404907,0.3627232015132904,0.125,0.19745025038719177,0.12989738583564758,0.4431747496128082
875,-18.7145,-14.1289,-32.8434,-18.8672,-20.2734,2.0,0.0,0.6562587022781372,0.511642336845398,0.5551699995994568,0.2780136168003082,0.4386160671710968,0.13942009210586548,0.2503886818885803,0.11201803386211395,0.393695592880249
880,-16.8352,-16.909,-33.7441,-18.8281,-20.0469,2.0,0.0,0.5534442067146301,0.36288997530937195,0.41490596532821655,0.20437386631965637,0.2916666567325592,0.11454446613788605,0.1656949669122696,0.1674051582813263,0.44787779450416565
885,-17.643,-16.4254,-34.0684,-18.9844,-20.3203,2.0,0.0,0.522667646408081,0.34520724415779114,0.44240128993988037,0.22988124191761017,0.3132440447807312,0.10373912006616592,0.18003731966018677,0.14373445510864258,0.4680114984512329
890,-16.4324,-17.3406,-33.773,-18.3984,-20.2969,2.0,0.0,0.4976760745048523,0.31660425662994385,0.3965039551258087,0.20031176507472992,0.3266369104385376,0.10871423780918121,0.15566697716712952,0.18233053386211395,0.4488106369972229
895,-15.9559,-19.4516,-35.4074,-19.8125,-18.6172,2.0,0.0,0.2643524706363678,0.1445249617099762,0.2560046911239624,0.13252493739128113,0.2239583283662796,0.058224502950906754,0.09654850512742996,0.19904384016990662,0.5417055487632751
900,-16.4953,-19.8949,-36.3902,-20.5625,-17.6797,2.0,0.0,0.1741122603416443,0.08767534792423248,0.18116416037082672,0.11203798651695251,0.146577388048172,0.033931903541088104,0.07758084684610367,0.17828825116157532,0.6057214140892029
905,-15.7797,-20.3055,-36.0852,-19.5234,-19.2422,2.0,0.0,0.23060108721256256,0.11771300435066223,0.15571455657482147,0.1048569530248642,0.1428571492433548,0.0355643667280674,0.0693407952785492,0.20642879605293274,0.5841884613037109
910,-16.6414,-20.2965,-36.9379,-20.1797,-18.8906,2.0,0.0,0.08737864345312119,0.07253564894199371,0.12213394045829773,0.08499424159526825,0.1432291716337204,0.020017102360725403,0.06269434094429016,0.1712142378091812,0.6415966749191284
915,-15.4344,-21.343,-36.7773,-19.5469,-19.5469,2.0,0.0108,0.0915178582072258,0.05015045031905174,0.08161778002977371,0.05687321349978447,0.103050597012043,0.017412934452295303,0.03875155374407768,0.21334733068943024,0.6260105967521667
920,-15.1199,-21.6297,-36.7496,-20.0938,-18.5,2.0,0.0401,0.06557376682758331,0.05153508856892586,0.0591544508934021,0.0505787618458271,0.1075148805975914,0.014225746504962444,0.03544776141643524,0.22800062596797943,0.61784827709198
925,-15.9988,-21.1059,-37.1047,-20.0,-18.8281,2.0,0.0747,0.10679611563682556,0.04466019570827484,0.0613226443529129,0.05942193791270256,0.103050597012043,0.012010261416435242,0.040034204721450806,0.19395211338996887,0.6495258212089539
930,-16.4727,-19.9777,-36.4504,-20.1484,-18.6016,2.0,0.0835,0.17839805781841278,0.11156393587589264,0.15887850522994995,0.10733452439308167,0.1484375,0.032027363777160645,0.07629819959402084,0.17883239686489105,0.6083644032478333
935,-16.282,-20.5336,-36.8156,-20.1094,-18.9141,2.0,0.089,0.10526315867900848,0.08061292767524719,0.11070973426103592,0.08208085596561432,0.1316964328289032,0.02067786082625389,0.05834110826253891,0.18291355669498444,0.6335898637771606
940,-16.1859,-20.7855,-36.9715,-19.8594,-19.2031,2.0,0.104,0.06827308982610703,0.04150943458080292,0.09930276870727539,0.07134190946817398,0.114211305975914,0.019356343895196915,0.05150030925869942,0.18396300077438354,0.6407027244567871
945,-16.0141,-20.5984,-36.6125,-19.375,-19.9375,2.0,0.1198,0.12317666411399841,0.09055627137422562,0.10998206585645676,0.08658090233802795,0.1365327388048172,0.02398165501654148,0.06009017303586006,0.19507929682731628,0.6163712739944458
950,-16.6672,-19.8195,-36.4867,-20.1719,-18.7891,2.0,0.1262,0.13031549751758575,0.10382255911827087,0.15617460012435913,0.11814750730991364,0.1510416716337204,0.028334887698292732,0.0823616310954094,0.17719994485378265,0.6076259613037109
955,-17.4852,-17.777,-35.2621,-19.7188,-19.2031,2.0,0.0985,0.288077175617218,0.21115945279598236,0.25829899311065674,0.2239026129245758,0.269345223903656,0.0563976988196373,0.1518578976392746,0.1604088991880417,0.5268579125404358
960,-18.2848,-15.8227,-34.1074,-20.6875,-17.3359,2.0,0.0194,0.42391788959503174,0.3251434862613678,0.3856589198112488,0.29368701577186584,0.4296875,0.08710354566574097,0.21672885119915009,0.14039179682731628,0.45129820704460144
965,-20.2938,-12.6684,-32.9621,-20.5859,-17.7734,2.0,0.0,0.6410600543022156,0.504276692867279,0.5930814743041992,0.38254210352897644,0.5063244104385376,0.11586598306894302,0.3135494291782379,0.08539334684610367,0.3807136118412018
970,-19.3387,-14.4824,-33.8211,-20.2109,-18.6641,2.0,0.0,0.5908745527267456,0.4191361963748932,0.5113157033920288,0.2989789545536041,0.4229910671710968,0.10222326219081879,0.2465796023607254,0.10132928937673569,0.4453902244567871
975,-18.9977,-14.5457,-33.5434,-20.2812,-17.8672,2.0,0.0,0.5748626589775085,0.41368234157562256,0.5060283541679382,0.30764371156692505,0.4486607015132904,0.11318407952785492,0.2420320212841034,0.10960821062326431,0.43069806694984436
980,-16.8758,-17.2953,-34.1711,-19.1328,-18.8984,2.0,0.0,0.4379860758781433,0.29137808084487915,0.35891595482826233,0.22273068130016327,0.3225446343421936,0.09495491534471512,0.16274097561836243,0.17067009210586548,0.46715641021728516
985,-17.009,-17.8258,-34.8348,-19.5703,-18.8906,2.0,0.0,0.3907628357410431,0.2559012770652771,0.33202946186065674,0.19602730870246887,0.2548363208770752,0.07489894330501556,0.14490050077438354,0.16892102360725403,0.5068019032478333
990,-18.0105,-16.1133,-34.1238,-19.7891,-19.4375,2.0,0.0,0.5616387128829956,0.389400452375412,0.43829914927482605,0.21131764352321625,0.3779761791229248,0.10436100512742996,0.1899486929178238,0.13071362674236298,0.47049906849861145
995,-17.4582,-17.9973,-35.4555,-20.1016,-18.5312,2.0,0.0,0.3388786315917969,0.22375771403312683,0.33490195870399475,0.17482911050319672,0.2388392835855484,0.06308302283287048,0.13219061493873596,0.14867070317268372,0.5515780448913574
1000,-16.4305,-19.809,-36.2395,-19.6172,-19.5938,2.0,0.0,0.2162698358297348,0.15020161867141724,0.20578637719154358,0.10225875675678253,0.1703869104385376,0.039179105311632156,0.07711442559957504,0.17867693305015564,0.6005519032478333
1005,-17.434,-18.4535,-35.8875,-20.5859,-17.5859,2.0,0.0,0.27368420362472534,0.17472852766513824,0.2792275547981262,0.1605229526758194,0.2269345223903656,0.05169465020298958,0.11812033504247665,0.14894278347492218,0.5767646431922913
1010,-17.1293,-18.2355,-35.3648,-19.8359,-19.1797,2.0,0.0,0.3033401370048523,0.22219069302082062,0.2745603621006012,0.17890307307243347,0.269345223903656,0.057019591331481934,0.1369713991880417,0.1657727062702179,0.5357587337493896
1015,-17.0949,-18.1953,-35.2902,-19.5781,-19.3672,2.0,0.0,0.2715546488761902,0.19515711069107056,0.30550459027290344,0.1915125995874405,0.2406994104385376,0.05725279822945595,0.13483364880084991,0.16946516931056976,0.5339707732200623
1020,-17.5941,-17.3094,-34.9035,-19.8047,-18.9375,2.0,0.0,0.3265753388404846,0.23806147277355194,0.34353482723236084,0.22320881485939026,0.3374255895614624,0.07093439251184464,0.16441231966018677,0.15240205824375153,0.5077736377716064
1025,-18.0188,-15.8848,-33.9035,-20.1406,-17.9609,2.0,0.0,0.4818941652774811,0.33934882283210754,0.43487679958343506,0.281787246465683,0.3616071343421936,0.09767568111419678,0.20891635119915009,0.14354011416435242,0.4453902244567871
1030,-16.4988,-19.1449,-35.6438,-20.3125,-18.25,2.0,0.0,0.2473282516002655,0.14001473784446716,0.2468274086713791,0.14991600811481476,0.209077388048172,0.05091729015111923,0.10548818111419678,0.18376865983009338,0.55534827709198
1035,-16.634,-19.2496,-35.8836,-20.4688,-17.7969,2.0,0.0,0.18117229640483856,0.14767134189605713,0.22040465474128723,0.1431599110364914,0.2116815447807312,0.04376554861664772,0.10265080630779266,0.1805814653635025,0.5685245394706726
1040,-16.9484,-19.4715,-36.4199,-20.9453,-17.0547,2.0,0.0,0.16151686012744904,0.1323886662721634,0.1420777440071106,0.13228540122509003,0.1941964328289032,0.027674129232764244,0.09600435197353363,0.1709810346364975,0.6008628606796265
1045,-16.0543,-20.2297,-36.284,-20.4219,-17.6328,2.0,0.0,0.14304812252521515,0.11587544530630112,0.13955296576023102,0.11081116646528244,0.1369047611951828,0.029073383659124374,0.07614272087812424,0.19997668266296387,0.5903295874595642
1050,-16.0242,-19.9125,-35.9367,-21.4297,-15.875,2.0,0.0,0.1471264362335205,0.13092739880084991,0.15031079947948456,0.13544689118862152,0.1752232164144516,0.03381529822945595,0.09262282401323318,0.20635105669498444,0.5627332329750061
1055,-16.9602,-18.7965,-35.7566,-21.1406,-16.5469,2.0,0.0,0.18946301937103271,0.18498744070529938,0.20635612308979034,0.17345008254051208,0.2142857164144516,0.03836287185549736,0.12375622242689133,0.1785603165626526,0.5548429489135742
1060,-16.6199,-19.0797,-35.6996,-21.3984,-15.7969,2.0,0.0,0.2099391520023346,0.15713807940483093,0.19563888013362885,0.17398983240127563,0.1796875,0.03832400590181351,0.11625466495752335,0.19072605669498444,0.5502176880836487
1065,-17.5473,-17.8051,-35.3523,-21.9844,-14.7891,2.0,0.0,0.23257839679718018,0.18382710218429565,0.23813974857330322,0.23816227912902832,0.2641369104385376,0.04462064802646637,0.16005907952785492,0.16631685197353363,0.5245258212089539
1070,-16.393,-19.4551,-35.848,-21.5625,-15.8203,2.0,0.0,0.15466351807117462,0.13822336494922638,0.16702692210674286,0.15308178961277008,0.2146577388048172,0.03292132914066315,0.10544931888580322,0.19780005514621735,0.5593516826629639
1075,-15.6914,-20.6965,-36.3879,-20.2031,-18.0703,2.0,0.0,0.08241758495569229,0.07619047909975052,0.12098675966262817,0.09404613822698593,0.1253720223903656,0.021222015842795372,0.06529850512742996,0.2142801582813263,0.5947216749191284
1080,-15.7168,-20.191,-35.9078,-20.0781,-18.1094,2.0,0.0,0.12962962687015533,0.11317338049411774,0.1551445573568344,0.12150567024946213,0.1793154776096344,0.03148321062326431,0.0858597606420517,0.21645678579807281,0.5617226362228394
1085,-17.1875,-19.3824,-36.5699,-21.6719,-15.6719,2.0,0.0,0.1410018503665924,0.13975155353546143,0.12491095066070557,0.13993890583515167,0.1566220223903656,0.020949937403202057,0.10012438148260117,0.16367381811141968,0.6107742786407471
1090,-16.5648,-18.6508,-35.2156,-22.8438,-12.4141,2.0,0.0,0.20934578776359558,0.2585635483264923,0.17426273226737976,0.1976691037416458,0.2593005895614624,0.041588928550481796,0.1407027393579483,0.2029695212841034,0.5102611780166626
1095,-17.4684,-18.243,-35.7113,-22.3203,-14.1172,2.0,0.0,0.1981891393661499,0.1862030327320099,0.2361702173948288,0.19817544519901276,0.2243303507566452,0.038634948432445526,0.13860385119915009,0.16441231966018677,0.5538712739944458
1100,-17.9137,-17.3887,-35.3023,-22.0156,-15.0781,2.0,0.0,0.26972201466560364,0.2337264120578766,0.30015432834625244,0.2300272434949875,0.269345223903656,0.05173351988196373,0.1648010015487671,0.1511193960905075,0.5278684496879578
1105,-17.7563,-16.0746,-33.8309,-21.9844,-14.4609,2.0,0.0,0.3787032961845398,0.2956792414188385,0.39774951338768005,0.3231789171695709,0.3764880895614624,0.09052394330501556,0.21229788661003113,0.15889303386211395,0.43380752205848694
1110,-18.4645,-16.1465,-34.6109,-22.7734,-13.0,2.0,0.0,0.28754812479019165,0.2829401195049286,0.3586520552635193,0.30744707584381104,0.3370535671710968,0.06055659055709839,0.21416355669498444,0.14532804489135742,0.47547417879104614
1115,-18.4828,-16.3031,-34.7859,-23.8594,-10.8047,2.0,0.0,0.26256564259529114,0.28764837980270386,0.3147035837173462,0.3032996952533722,0.3121279776096344,0.051811255514621735,0.20957711338996887,0.14882618188858032,0.48530784249305725
1120,-18.6,-15.9352,-34.5352,-22.875,-13.3125,2.0,0.0,0.2963659167289734,0.2867748737335205,0.3340641260147095,0.32358577847480774,0.3805803656578064,0.06203358247876167,0.22512437403202057,0.14182990789413452,0.4665345251560211
1125,-17.982,-15.5352,-33.5172,-22.0547,-14.0391,2.0,0.0,0.4057120382785797,0.33829641342163086,0.4250253438949585,0.3407992422580719,0.421875,0.09934701770544052,0.22450248897075653,0.15345148742198944,0.4182213842868805
1130,-17.3051,-17.8219,-35.127,-21.9062,-15.1328,2.0,0.0,0.2666666805744171,0.21963311731815338,0.2733714282512665,0.2238105982542038,0.2708333432674408,0.054804105311632156,0.15679416060447693,0.17004819214344025,0.5138759613037109
1135,-16.7039,-18.6879,-35.3918,-20.7578,-16.9609,2.0,0.0,0.22251082956790924,0.1708860695362091,0.22192785143852234,0.1928989738225937,0.2351190447807312,0.044892724603414536,0.12896455824375153,0.19072605669498444,0.5309390425682068
1140,-16.6348,-19.193,-35.8277,-20.1719,-17.9219,2.0,0.0,0.17307692766189575,0.15459272265434265,0.2033478021621704,0.15493741631507874,0.2072172611951828,0.036380596458911896,0.11213464289903641,0.18808302283287048,0.55892413854599
1145,-17.623,-17.8223,-35.4453,-20.0234,-18.8516,2.0,0.0,0.2478017657995224,0.19239601492881775,0.28487661480903625,0.21231037378311157,0.2671130895614624,0.04862406849861145,0.15232431888580322,0.1590873748064041,0.53548663854599
1150,-18.2254,-16.4219,-34.6473,-21.9688,-14.7734,2.0,0.0,0.2984676957130432,0.27498579025268555,0.32942676544189453,0.29843610525131226,0.3255208432674408,0.05834110826253891,0.20495180785655975,0.15255752205848694,0.4796719551086426
1155,-18.5414,-16.0148,-34.5563,-22.4297,-14.1797,2.0,0.0,0.34259819984436035,0.30610397458076477,0.34796836972236633,0.3090924024581909,0.324032723903656,0.06432680040597916,0.2145911008119583,0.14252954721450806,0.47407492995262146
1160,-17.6898,-16.423,-34.1129,-20.8438,-16.6953,2.0,0.0,0.3678382337093353,0.2788867652416229,0.3824087381362915,0.30507153272628784,0.3180803656578064,0.0807291641831398,0.20250311493873596,0.16394589841365814,0.44834423065185547
1165,-17.0906,-18.1523,-35.243,-20.7578,-16.9609,2.0,0.0,0.262773722410202,0.2013947069644928,0.3126142621040344,0.19149720668792725,0.2526041567325592,0.058574315160512924,0.13934235274791718,0.170087069272995,0.527518630027771
1170,-17.0547,-17.4004,-34.4551,-20.2266,-17.7656,2.0,0.0,0.3712686598300934,0.25116851925849915,0.3839835822582245,0.2154562920331955,0.3333333432674408,0.0833333358168602,0.15799906849861145,0.17035913467407227,0.48383083939552307
1175,-18.1387,-15.768,-33.9066,-20.2734,-17.9766,2.0,0.0,0.5095932483673096,0.3459837734699249,0.4700709283351898,0.26443690061569214,0.386904776096344,0.10129041969776154,0.21097636222839355,0.13701026141643524,0.44624534249305725
1180,-17.2797,-16.2742,-33.5539,-20.0469,-17.6328,2.0,0.0,0.5047814249992371,0.32455238699913025,0.46272245049476624,0.2506534457206726,0.3898809552192688,0.11380597203969955,0.18886038661003113,0.1616138070821762,0.4312422275543213
1185,-17.5141,-17.2375,-34.7516,-19.8672,-18.2969,2.0,0.0,0.39638736844062805,0.25912755727767944,0.4113510847091675,0.20604032278060913,0.2961309552192688,0.07746423780918121,0.16394589841365814,0.15477301180362701,0.4993392527103424
1190,-17.1805,-17.1969,-34.3773,-19.2891,-19.0312,2.0,0.0,0.40459364652633667,0.27759432792663574,0.4037089943885803,0.21005676686763763,0.3485863208770752,0.08799751102924347,0.1648010015487671,0.16347947716712952,0.4792444109916687
1195,-16.0121,-17.5109,-33.523,-18.0625,-19.7266,2.0,0.0,0.47502514719963074,0.3073842227458954,0.3882024586200714,0.20517928898334503,0.3422619104385376,0.11594372242689133,0.1552782952785492,0.19504041969776154,0.4292599558830261
1200,-17.2016,-17.5953,-34.7969,-19.4844,-19.2031,2.0,0.0,0.40123775601387024,0.24113842844963074,0.36926713585853577,0.1955251395702362,0.2994791567325592,0.07536535710096359,0.150225430727005,0.16441231966018677,0.5055192708969116
1205,-15.5781,-18.6824,-34.2605,-18.9766,-19.2578,2.0,0.0,0.35729753971099854,0.20289398729801178,0.3418630361557007,0.17310230433940887,0.269717276096344,0.08974657952785492,0.12356188148260117,0.21113184094429016,0.47108209133148193
1210,-16.6723,-18.3152,-34.9875,-19.5703,-18.7969,2.0,0.0,0.3521907925605774,0.22478991746902466,0.3402263820171356,0.16993464529514313,0.2358630895614624,0.07007928937673569,0.12950870394706726,0.1785603165626526,0.5173740386962891
1215,-17.5117,-16.9059,-34.4176,-18.9609,-19.7578,2.0,0.0,0.4579606354236603,0.305742472410202,0.40125155448913574,0.211076021194458,0.347842276096344,0.0869092047214508,0.17327424883842468,0.1552782952785492,0.4800606369972229
1220,-17.6977,-16.1637,-33.8613,-19.1562,-19.7656,2.0,0.0,0.5266618132591248,0.3704465925693512,0.4700559079647064,0.2196645587682724,0.3962053656578064,0.10642102360725403,0.18886038661003113,0.14602766931056976,0.45421332120895386
1225,-18.7953,-14.0832,-32.8785,-19.5078,-18.8281,2.0,0.0,0.5982224941253662,0.4568580687046051,0.5436092615127563,0.3173096477985382,0.511532723903656,0.12682680785655975,0.26127177476882935,0.12255130708217621,0.38487252593040466
1230,-19.5801,-12.5324,-32.1125,-19.3594,-19.1953,2.0,0.0,0.7409505248069763,0.6080890893936157,0.5775676965713501,0.2964136302471161,0.5606398582458496,0.15784358978271484,0.30367693305015564,0.09044620394706726,0.34355565905570984
1235,-20.8648,-10.6402,-31.5051,-20.2578,-18.1953,2.0,0.0,0.73862224817276,0.6676597595214844,0.6707774996757507,0.39663073420524597,0.6328125,0.15628886222839355,0.3783426582813263,0.07248912006616592,0.2884017527103424
1240,-22.2578,-9.6965,-31.9543,-19.9375,-18.9766,2.0,0.0,0.8349514603614807,0.7578762173652649,0.6628788113594055,0.2943667471408844,0.660342276096344,0.13211287558078766,0.41946518421173096,0.041044775396585464,0.302899569272995
1245,-23.6238,-7.0266,-30.6504,-21.1484,-17.0,2.0,0.0,0.8731746673583984,0.8103155493736267,0.8181818127632141,0.4503518342971802,0.785342276096344,0.14373445510864258,0.526002824306488,0.02693563513457775,0.19884949922561646
1250,-22.257,-8.8484,-31.1055,-20.8828,-17.1562,2.0,0.0,0.7928369045257568,0.7397366166114807,0.7297297120094299,0.4290235936641693,0.7291666865348816,0.15084733068943024,0.45160913467407227,0.04745802283287048,0.2456078976392746
1255,-20.3844,-12.2375,-32.6219,-19.9141,-18.4609,2.0,0.0,0.7029611468315125,0.6084173321723938,0.5812557935714722,0.319995641708374,0.5338541865348816,0.12601056694984436,0.32785293459892273,0.08418843150138855,0.35747045278549194
1260,-17.4352,-15.8203,-33.2555,-18.9062,-19.7734,2.0,0.0,0.5748031735420227,0.4342285692691803,0.45284488797187805,0.22905080020427704,0.417782723903656,0.1283426582813263,0.19826647639274597,0.14960354566574097,0.41930970549583435
1265,-17.6383,-15.6004,-33.2387,-18.1562,-20.1484,2.0,0.0,0.5507566332817078,0.3985239863395691,0.4845414459705353,0.24606095254421234,0.4732142984867096,0.1232898011803627,0.21066541969776154,0.14960354566574097,0.4119636118412018
1270,-18.6629,-14.0539,-32.7168,-19.2969,-18.0781,2.0,0.0,0.6329816579818726,0.42882829904556274,0.5586318969726562,0.3142149746417999,0.5632440447807312,0.14000311493873596,0.25940608978271484,0.11932525038719177,0.376787930727005
1275,-18.9094,-12.8625,-31.7719,-18.9766,-18.4141,2.0,0.0,0.7410734295845032,0.537163496017456,0.6075009107589722,0.32324671745300293,0.5837053656578064,0.17307990789413452,0.29022854566574097,0.10467195510864258,0.3275419771671295
1280,-19.7188,-11.968,-31.6867,-19.5781,-18.2422,2.0,0.0,0.7425605654716492,0.5553805232048035,0.6629464030265808,0.38195544481277466,0.6145833134651184,0.16849346458911896,0.3207400441169739,0.08706467598676682,0.31922417879104614
1285,-19.0004,-12.8891,-31.8895,-19.8203,-17.6875,2.0,0.0,0.7343606352806091,0.5284353494644165,0.6314199566841125,0.3210259974002838,0.5866815447807312,0.16899876296520233,0.28568097949028015,0.10292288661003113,0.33791977167129517
1290,-18.4383,-14.2277,-32.666,-19.6094,-17.9688,2.0,0.0,0.6605504751205444,0.422080934047699,0.5910553336143494,0.30316048860549927,0.4988839328289032,0.1440453976392746,0.2506607472896576,0.12080223858356476,0.38001400232315063
1295,-18.2301,-12.9848,-31.2148,-19.0469,-17.5,2.0,0.0,0.6785263419151306,0.5315824747085571,0.6510324478149414,0.3503679037094116,0.6008184552192688,0.18462376296520233,0.28859609365463257,0.1317630559206009,0.2905395030975342
1300,-19.3203,-12.5445,-31.8648,-19.9062,-17.3984,2.0,0.0,0.6758453845977783,0.514419436454773,0.6701610088348389,0.3818334639072418,0.5948660969734192,0.16091418266296387,0.3072916567325592,0.10381685197353363,0.3234996795654297
1305,-19.5199,-11.5523,-31.0723,-19.25,-17.4453,2.0,0.0,0.7114078998565674,0.6057549118995667,0.6722160577774048,0.41790834069252014,0.617559552192688,0.17751088738441467,0.3390469551086426,0.1050606369972229,0.27390390634536743
1310,-19.7746,-11.8258,-31.6004,-20.4219,-17.0703,2.0,0.0,0.7481818199157715,0.632417619228363,0.6568496227264404,0.33829787373542786,0.5528273582458496,0.17101989686489105,0.326842337846756,0.08710354566574097,0.3105565905570984
1315,-18.3414,-12.0109,-30.3523,-20.0625,-15.8906,2.0,0.0,0.708704948425293,0.6053528785705566,0.700130820274353,0.39457786083221436,0.640625,0.21789489686489105,0.3078746795654297,0.11885882914066315,0.2508939802646637
1320,-17.5879,-12.8934,-30.4813,-15.8516,-19.6016,2.0,0.0,0.6814732551574707,0.6122835278511047,0.6140167117118835,0.34636348485946655,0.5710565447807312,0.21000465750694275,0.28731343150138855,0.14863184094429016,0.24957245588302612
1325,-15.9773,-13.0242,-29.0016,-13.875,-18.1406,2.0,0.0,0.7183058261871338,0.5949016809463501,0.6697524189949036,0.3730558454990387,0.582217276096344,0.27071672677993774,0.2668299078941345,0.18054260313510895,0.17743314802646637
1330,-14.8281,-14.7824,-29.6105,-14.1484,-14.8984,2.0,0.0,0.6847657561302185,0.475963294506073,0.6312132477760315,0.26975229382514954,0.5219494104385376,0.25054416060447693,0.2118314653635025,0.21816697716712952,0.21497978270053864
1335,-17.5324,-11.0168,-28.5492,-19.375,-13.1406,2.0,0.0,0.8282020688056946,0.6525289416313171,0.7642503380775452,0.41910332441329956,0.6733630895614624,0.29162779450416565,0.3189132511615753,0.12546642124652863,0.159514918923378
1340,-17.5949,-10.5309,-28.1258,-19.3984,-11.1719,2.0,0.0,0.8421715497970581,0.666352391242981,0.8009138107299805,0.4786036014556885,0.687127947807312,0.3085743188858032,0.32979634404182434,0.11909203976392746,0.13805970549583435
1345,-17.1004,-11.3371,-28.4375,-18.0625,-12.7656,2.0,0.0,0.8218315243721008,0.6319848299026489,0.7732394337654114,0.41561394929885864,0.6450892686843872,0.29625311493873596,0.3074471354484558,0.13798196613788605,0.15384016931056976
1350,-17.7852,-10.8605,-28.6457,-18.3594,-15.3125,2.0,0.0,0.8500413298606873,0.6632785797119141,0.7437677383422852,0.4083895981311798,0.6622023582458496,0.28226056694984436,0.3288635015487671,0.12317319959402084,0.1612251251935959
1355,-17.5566,-11.3902,-28.9469,-19.5,-11.5547,2.0,0.0,0.805138885974884,0.600144624710083,0.7814132571220398,0.46774932742118835,0.6023065447807312,0.2616993188858032,0.3225279748439789,0.1413635015487671,0.1699315905570984
1360,-16.668,-12.393,-29.0609,-16.5625,-15.4609,2.0,0.0,0.8343408107757568,0.5870798230171204,0.6913580298423767,0.3205832540988922,0.5729166865348816,0.27005597949028015,0.28097793459892273,0.1605643630027771,0.1839241236448288
1365,-13.8359,-15.2188,-29.0547,-13.2109,-16.5156,2.0,0.0,0.7558280825614929,0.4457414746284485,0.5920758247375488,0.22860446572303772,0.4665178656578064,0.28844061493873596,0.17980410158634186,0.22562965750694275,0.20164801180362701
1370,-13.8199,-17.0566,-30.8766,-14.4609,-15.6562,2.0,0.0,0.6905763745307922,0.26982465386390686,0.5613979697227478,0.15576870739459991,0.3351934552192688,0.21241448819637299,0.1485152393579483,0.24689054489135742,0.28770211338996887
1375,-13.6234,-17.8059,-31.4293,-15.3516,-16.3828,2.0,0.0,0.635388195514679,0.2544310986995697,0.4746166467666626,0.1604311168193817,0.3426339328289032,0.1847403645515442,0.13596081733703613,0.2610774338245392,0.3137437701225281
1380,-13.6801,-17.934,-31.6141,-14.1719,-18.4844,2.0,0.0,0.6529524326324463,0.34678900241851807,0.41084572672843933,0.13868439197540283,0.3523065447807312,0.18233053386211395,0.12709887325763702,0.25874534249305725,0.32734763622283936
1385,-13.2074,-16.9785,-30.1859,-13.7891,-17.8672,2.0,0.0,0.7395766377449036,0.42495831847190857,0.43184560537338257,0.14922422170639038,0.4073660671710968,0.24238184094429016,0.13984763622283936,0.25777363777160645,0.2555192708969116
1390,-14.691,-20.6113,-35.3023,-18.7656,-19.0234,2.0,0.0,0.3112633228302002,0.09845984727144241,0.2385953962802887,0.07857195287942886,0.1644345223903656,0.05107276141643524,0.07066231220960617,0.24793998897075653,0.525847315788269
1395,-14.1344,-18.4551,-32.5895,-15.7109,-18.5469,2.0,0.0,0.6418761610984802,0.26946309208869934,0.3774318993091583,0.1274549961090088,0.3046875,0.1499922275543213,0.11582711338996887,0.24972791969776154,0.3799751102924347
1400,-15.3961,-19.8996,-35.2957,-19.4062,-18.9141,2.0,0.0,0.2672741115093231,0.11074379831552505,0.24270009994506836,0.1225428357720375,0.2020089328289032,0.0511893667280674,0.09406094253063202,0.22629041969776154,0.5239816308021545
1405,-15.0242,-19.6484,-34.6727,-18.6719,-18.7891,2.0,0.0,0.25822168588638306,0.15107361972332,0.28628772497177124,0.14098073542118073,0.2239583283662796,0.06382151693105698,0.10136815905570984,0.24207089841365814,0.4882618188858032
1410,-16.0676,-20.7117,-36.7793,-19.8359,-19.0859,2.0,0.0,0.12448979914188385,0.045584045350551605,0.1359613835811615,0.07066897302865982,0.1209077388048172,0.019045397639274597,0.054570894688367844,0.19325248897075653,0.6286535859107971
1415,-14.9223,-21.4273,-36.3496,-19.6719,-18.7812,2.0,0.0077,0.08761905133724213,0.056151941418647766,0.11951612681150436,0.05826271325349808,0.107886902987957,0.020405784249305725,0.04706934094429016,0.24098259210586548,0.5870646834373474
1420,-15.4289,-20.6613,-36.0902,-19.0,-19.4922,2.0,0.0286,0.1674473136663437,0.06549423933029175,0.1811274141073227,0.08294125646352768,0.1450892835855484,0.03319340944290161,0.06409359723329544,0.21995490789413452,0.5782804489135742
1425,-16.3305,-20.0922,-36.4227,-20.0859,-18.3984,2.0,0.0356,0.18776078522205353,0.09652309119701385,0.1915811151266098,0.09688224643468857,0.127976194024086,0.02794620580971241,0.07489894330501556,0.189287930727005,0.603389322757721
1430,-16.5355,-19.6164,-36.152,-21.0625,-16.4219,2.0,0.0419,0.142259418964386,0.12599049508571625,0.18693692982196808,0.13181361556053162,0.1636904776096344,0.027868470177054405,0.09810323268175125,0.18983209133148193,0.5797185897827148
1435,-15.516,-20.3629,-35.8789,-19.8594,-18.2891,2.0,0.0405,0.11547084897756577,0.08064515888690948,0.19695910811424255,0.10691040009260178,0.1491815447807312,0.0346703976392746,0.07711442559957504,0.2224036008119583,0.561333954334259
1440,-15.3773,-19.6441,-35.0215,-20.1016,-16.7266,2.0,0.0377,0.22277580201625824,0.10931768268346786,0.25985053181648254,0.15044927597045898,0.215773805975914,0.054609764367341995,0.1059546023607254,0.22885571420192719,0.5061023235321045
1445,-15.2867,-18.9125,-34.1992,-18.9531,-17.1953,2.0,0.0151,0.33143940567970276,0.1690453588962555,0.32815927267074585,0.1843349039554596,0.2395833283662796,0.08208955079317093,0.12255130708217621,0.23037157952785492,0.4605099558830261
1450,-15.9324,-18.7156,-34.648,-19.6328,-18.0625,2.0,0.0,0.34448161721229553,0.17967331409454346,0.32693374156951904,0.17184381186962128,0.244047611951828,0.06972947716712952,0.1284981369972229,0.21054881811141968,0.4867459535598755
1455,-15.8984,-19.6543,-35.5527,-21.0,-16.4531,2.0,0.0,0.20035304129123688,0.12199921160936356,0.25138020515441895,0.1393195539712906,0.1391369104385376,0.044037625193595886,0.09876399487257004,0.21120958030223846,0.5415111780166626
1460,-15.4742,-20.4605,-35.9348,-20.1172,-18.1484,2.0,0.0,0.1598512977361679,0.09761057794094086,0.17740541696548462,0.10326725244522095,0.1343005895614624,0.031366605311632156,0.07645367085933685,0.2250077724456787,0.5626943111419678
1465,-16.657,-19.0371,-35.6941,-21.2578,-15.8672,2.0,0.0,0.2132280319929123,0.15082508325576782,0.23359471559524536,0.15560737252235413,0.229538694024086,0.03937344625592232,0.11777052283287048,0.18835510313510895,0.5500233173370361
1470,-16.3531,-19.5582,-35.9113,-20.6641,-17.2422,2.0,0.0,0.19179388880729675,0.1292775720357895,0.23004502058029175,0.12531378865242004,0.1919642835855484,0.04073382914066315,0.09200093150138855,0.18990983068943024,0.572877824306488
1475,-15.1293,-20.4473,-35.5766,-19.7969,-17.9453,2.0,0.0055,0.1940000057220459,0.09606987237930298,0.19957640767097473,0.10613395273685455,0.1618303507566452,0.03886815905570984,0.08010727912187576,0.23857276141643524,0.5379741787910461
1480,-15.5977,-20.584,-36.1816,-21.0156,-16.6094,2.0,0.012,0.10041265189647675,0.06662870198488235,0.15282273292541504,0.09769923239946365,0.142485111951828,0.028257152065634727,0.06825248897075653,0.21618470549583435,0.5828280448913574
1485,-16.091,-20.1211,-36.2121,-20.6797,-16.9297,2.0,0.0174,0.12160228937864304,0.07710843533277512,0.181765615940094,0.11566520482301712,0.1209077388048172,0.027168843895196915,0.0806514322757721,0.20164801180362701,0.5860540866851807
1490,-16.3516,-19.7758,-36.1273,-21.1484,-16.3906,2.0,0.0135,0.15324676036834717,0.11198023706674576,0.18775101006031036,0.12650561332702637,0.1558779776096344,0.029928483068943024,0.09441076219081879,0.19356343150138855,0.577619731426239
1495,-16.4777,-19.8996,-36.3773,-20.9141,-16.9531,2.0,0.0041,0.1246153861284256,0.12771618366241455,0.1677057296037674,0.1095738410949707,0.1674107164144516,0.025264304131269455,0.0876476988196373,0.18703357875347137,0.595576822757721
1500,-16.4496,-19.8902,-36.3398,-20.5,-17.6875,2.0,0.0129,0.13461539149284363,0.10851975530385971,0.1864442527294159,0.11158659309148788,0.1517857164144516,0.030317164957523346,0.08166199922561646,0.1840796023607254,0.5994636416435242
1505,-16.0805,-19.5574,-35.6379,-19.75,-18.3906,2.0,0.0047,0.20978441834449768,0.110794298350811,0.27204030752182007,0.12842875719070435,0.1759672611951828,0.046875,0.09542132914066315,0.2005985677242279,0.5526275038719177
1510,-15.6914,-19.7133,-35.4047,-20.0547,-17.7578,2.0,0.0,0.18839487433433533,0.1424466371536255,0.27360203862190247,0.12332050502300262,0.1830357164144516,0.05157804861664772,0.09468283504247665,0.21408581733703613,0.5351756811141968
1515,-14.9688,-20.1238,-35.0926,-19.8125,-17.7969,2.0,0.0,0.22154316306114197,0.12616822123527527,0.2598077952861786,0.11550268530845642,0.1744791716337204,0.05087842047214508,0.09149564802646637,0.24669620394706726,0.5064521431922913
1520,-14.7508,-18.932,-33.6828,-19.0156,-17.0938,2.0,0.0,0.3696421682834625,0.21108675003051758,0.36043232679367065,0.16703297197818756,0.2570684552192688,0.09884172677993774,0.1241060346364975,0.2481343299150467,0.42444029450416565
1525,-14.4684,-18.4387,-32.907,-17.2969,-18.9141,2.0,0.0,0.5055372714996338,0.26995164155960083,0.3901331126689911,0.16570058465003967,0.290922611951828,0.12985852360725403,0.1285758763551712,0.24817319214344025,0.3889147937297821
1530,-13.2957,-17.1688,-30.4645,-12.8828,-21.4844,2.0,0.0,0.6691259741783142,0.42158955335617065,0.4054575562477112,0.21088652312755585,0.4092261791229248,0.20545709133148193,0.16382929682731628,0.28202736377716064,0.24420864880084991
1535,-14.6473,-14.9484,-29.5957,-15.2578,-15.2109,2.0,0.0,0.6993473768234253,0.5117858052253723,0.5716592073440552,0.26736047863960266,0.490327388048172,0.2561022937297821,0.20611785352230072,0.21668998897075653,0.21661224961280823
1540,-13.6547,-16.9031,-30.5578,-13.6797,-18.9531,2.0,0.0,0.5838253498077393,0.30214571952819824,0.545786440372467,0.23540544509887695,0.4274553656578064,0.21723413467407227,0.15578357875347137,0.2555192708969116,0.26698538661003113
1545,-14.7027,-19.5695,-34.2723,-18.9766,-18.3203,2.0,0.0,0.41918957233428955,0.14592933654785156,0.33767253160476685,0.11122303456068039,0.232514888048172,0.08344993740320206,0.10121268779039383,0.24782338738441467,0.4630363881587982
1550,-13.7945,-18.9766,-32.7711,-17.0547,-18.8594,1.9873,0.0,0.41021671891212463,0.18516108393669128,0.4389830529689789,0.14155535399913788,0.2979910671710968,0.12554416060447693,0.11944185197353363,0.27518656849861145,0.37534981966018677
1555,-13.4785,-19.3859,-32.8645,-15.5703,-20.3984,2.0,0.0,0.4573170840740204,0.150141641497612,0.4266856014728546,0.1076388880610466,0.261904776096344,0.1338619440793991,0.09604322165250778,0.2738261818885803,0.39179104566574097
1560,-13.7387,-19.8207,-33.5594,-16.7734,-19.9375,2.0,0.0,0.32788798213005066,0.11668658256530762,0.39516574144363403,0.11196118593215942,0.215773805975914,0.099930040538311,0.09759794920682907,0.2814054787158966,0.4165889322757721
1565,-15.2195,-20.4121,-35.6316,-19.3984,-18.9766,2.0,0.0039,0.20185810327529907,0.05717427283525467,0.2918528616428375,0.07454814016819,0.1499255895614624,0.04601990059018135,0.07070118188858032,0.22613495588302612,0.5526663661003113
1570,-15.2762,-21.2914,-36.5676,-19.6094,-18.8125,2.0,0.023,0.1023339331150055,0.0416666679084301,0.15952003002166748,0.04181472212076187,0.1082589253783226,0.021649565547704697,0.041044775396585464,0.22026586532592773,0.6125621795654297
1575,-15.5988,-21.2953,-36.8941,-20.3359,-18.5078,2.0,0.0541,0.06750000268220901,0.03853955492377281,0.120728500187397,0.04213620722293854,0.103050597012043,0.01554726343601942,0.03832400590181351,0.20701181888580322,0.634639322757721
1580,-15.2098,-21.1688,-36.3785,-19.2188,-19.1719,2.0,0.0749,0.09967845678329468,0.07068273425102234,0.1485832780599594,0.059798505157232285,0.1082589253783226,0.024175994098186493,0.04839085787534714,0.22496891021728516,0.59798663854599
1585,-15.9109,-20.2293,-36.1402,-20.75,-16.3203,2.0,0.0948,0.12638889253139496,0.09939759224653244,0.20048488676548004,0.10376854240894318,0.1149553582072258,0.02798507548868656,0.07742537558078766,0.2084110677242279,0.58170086145401
1590,-15.5098,-20.877,-36.3867,-19.6719,-19.0156,2.0,0.1052,0.12203390151262283,0.03914835304021835,0.15635646879673004,0.07452812045812607,0.1164434552192688,0.02293221466243267,0.05659203976392746,0.21676772832870483,0.5992304086685181
1595,-16.0688,-19.7285,-35.7973,-21.8438,-14.3203,2.0,0.119,0.13299232721328735,0.17748592793941498,0.192427858710289,0.13588185608386993,0.1484375,0.03039490059018135,0.10358364135026932,0.21148166060447693,0.5500621795654297
1600,-15.1137,-21.191,-36.3047,-19.7891,-18.0781,2.0,0.1265,0.11680000275373459,0.05864197388291359,0.13877207040786743,0.06063002347946167,0.1380208283662796,0.02429259940981865,0.0503731332719326,0.23107120394706726,0.5897854566574097
1605,-16.7098,-19.2516,-35.9613,-23.0938,-12.8047,2.0,0.145,0.19558823108673096,0.18653911352157593,0.17980246245861053,0.145936980843544,0.197172611951828,0.026430347934365273,0.1137671023607254,0.19282494485378265,0.5625
1610,-15.634,-20.6074,-36.2414,-20.3906,-17.3906,2.0,0.1372,0.13322368264198303,0.08881578594446182,0.16797854006290436,0.08836063742637634,0.1145833358168602,0.02363184094429016,0.07089552283287048,0.21727301180362701,0.5837219953536987
1615,-17.357,-18.4445,-35.8016,-23.2812,-12.3359,2.0,0.1261,0.15477630496025085,0.19680704176425934,0.24330458045005798,0.1852688044309616,0.1848958283662796,0.0321439690887928,0.14120802283287048,0.17125311493873596,0.5509172677993774
1620,-16.1742,-20.1961,-36.3703,-20.8047,-16.6094,2.0,0.1017,0.12937594950199127,0.12223934382200241,0.1881677806377411,0.09257573634386063,0.1339285671710968,0.02553638070821762,0.07567630708217621,0.1964396834373474,0.5978700518608093
1625,-16.9512,-17.9707,-34.9219,-24.1953,-9.9453,2.0,0.1037,0.27018633484840393,0.3657490909099579,0.20546114444732666,0.21257556974887848,0.2224702388048172,0.03754664212465286,0.17226368188858032,0.20355254411697388,0.4821595251560211
1630,-16.8133,-17.1496,-33.9629,-23.2109,-10.7188,2.0,0.0431,0.3136337101459503,0.3501085340976715,0.2947348654270172,0.2706140875816345,0.324404776096344,0.06642568111419678,0.1969449669122696,0.2074393630027771,0.4247123897075653
1635,-18.5004,-14.5137,-33.0141,-25.7656,-6.9688,2.0,0.0,0.4082379937171936,0.47313597798347473,0.41152170300483704,0.3681808412075043,0.4635416567325592,0.08492692559957504,0.28358209133148193,0.1693485677242279,0.3576647937297821
1640,-16.334,-19.0398,-35.3738,-20.5078,-16.2656,2.0,0.0,0.20908312499523163,0.13069811463356018,0.3568945527076721,0.14176131784915924,0.1752232164144516,0.04535914212465286,0.12192941457033157,0.2012593299150467,0.5269744992256165
1645,-15.1297,-20.7969,-35.9266,-21.5234,-14.7969,2.0,0.0,0.09106239676475525,0.1437532603740692,0.1667466014623642,0.08915190398693085,0.1037946417927742,0.023048818111419678,0.07435479015111923,0.24312034249305725,0.5549984574317932
1650,-16.7742,-18.4078,-35.182,-23.4531,-11.0547,2.0,0.0,0.23628219962120056,0.2863694131374359,0.24418604373931885,0.18934956192970276,0.1953125,0.03470926731824875,0.15255752205848694,0.20390236377716064,0.5043532252311707
1655,-16.6605,-19.0359,-35.6965,-23.0234,-12.5703,2.0,0.0,0.20128823816776276,0.2387361079454422,0.16599267721176147,0.16888760030269623,0.181547611951828,0.02413712628185749,0.13285136222839355,0.20184235274791718,0.5366915464401245
1660,-15.8344,-21.7289,-37.5633,-19.6719,-19.5312,2.0,0.0,0.0,0.0025252525229007006,0.06227254495024681,0.015644555911421776,0.0550595223903656,0.004664178937673569,0.015391791239380836,0.19224192202091217,0.6832244992256165
1665,-16.3332,-20.3188,-36.652,-22.1484,-14.3438,2.0,0.0351,0.12758620083332062,0.19395712018013,0.06554455310106277,0.10512525588274002,0.112351194024086,0.011271766386926174,0.079757459461689,0.1962842047214508,0.608208954334259
1670,-16.0383,-20.7516,-36.7898,-22.0,-14.2656,2.0,0.0521,0.10619468986988068,0.1635916382074356,0.06072106212377548,0.08317627757787704,0.1086309552192688,0.008784203790128231,0.06319962441921234,0.2048352062702179,0.6187033653259277
1675,-16.2391,-20.2633,-36.5023,-22.4922,-13.5859,2.0,0.092,0.11897106468677521,0.1930307149887085,0.07609531283378601,0.10727319866418839,0.1443452388048172,0.012087997049093246,0.08477145433425903,0.20226989686489105,0.5963930487632751
1680,-14.1781,-21.6523,-35.8305,-19.8125,-17.4922,2.0,0.1231,0.09466437250375748,0.0935361236333847,0.1332005113363266,0.06446129083633423,0.09375,0.02258240059018135,0.05111163109540939,0.2731265425682068,0.548701822757721
1685,-15.7875,-21.6187,-37.4062,-20.0234,-18.8984,2.0,0.1517,0.0476190485060215,0.04895104840397835,0.05386138707399368,0.02846376784145832,0.0598958320915699,0.006529850885272026,0.02223258651793003,0.1962842047214508,0.6704757213592529
1690,-15.4555,-21.8152,-37.2707,-20.3594,-18.0156,2.0,0.1974,0.03418803587555885,0.0235294122248888,0.03050909750163555,0.03097056970000267,0.0747767835855484,0.004547574557363987,0.02312655560672283,0.21148166060447693,0.6563665866851807
1695,-15.2758,-21.9672,-37.243,-19.7969,-19.1641,2.0,0.242,0.03750000149011612,0.017582418397068977,0.04225858673453331,0.02194022759795189,0.0680803582072258,0.006218905560672283,0.01768501289188862,0.2161458283662796,0.6554726362228394
1700,-16.3363,-21.2324,-37.5687,-21.0938,-16.9453,2.0,0.2878,0.08461538702249527,0.06792452931404114,0.04603524133563042,0.038862019777297974,0.0721726194024086,0.005052860826253891,0.03090018592774868,0.17646144330501556,0.6831079125404358
1705,-15.8148,-21.6273,-37.4422,-19.8281,-19.4297,2.0,0.3205,0.015463917516171932,0.028248587623238564,0.06227327510714531,0.024779576808214188,0.0613839291036129,0.007540422957390547,0.02063899300992489,0.1928638070821762,0.6744791865348816
1710,-16.3398,-21.1574,-37.4973,-21.1875,-16.8984,2.0,0.3633,0.022900763899087906,0.06578947603702545,0.05605040118098259,0.043808210641145706,0.071800597012043,0.005091728642582893,0.03544776141643524,0.17891013622283936,0.6760727763175964
1715,-15.107,-21.1574,-36.2645,-20.4688,-16.9766,2.0,0.389,0.11001964658498764,0.0960376113653183,0.1278936117887497,0.0693599060177803,0.1164434552192688,0.01978389360010624,0.05787469074130058,0.2367459535598755,0.5811178684234619
1720,-16.1969,-20.3418,-36.5387,-21.7969,-15.0469,2.0,0.3956,0.08168316632509232,0.11470439285039902,0.1321193277835846,0.10377541184425354,0.0892857164144516,0.015702735632658005,0.07692008465528488,0.20063744485378265,0.6022621393203735
1725,-15.5121,-20.7176,-36.2297,-19.7734,-17.5938,2.0,0.4067,0.1330203413963318,0.06081081181764603,0.19176636636257172,0.08118496835231781,0.0870535746216774,0.02483675442636013,0.06327736377716064,0.22092661261558533,0.5864816308021545
1730,-15.193,-21.6031,-36.7961,-20.3125,-17.8281,2.0,0.4383,0.03773584961891174,0.031284917145967484,0.08674615621566772,0.046571072190999985,0.0762648805975914,0.012360074557363987,0.034787002950906754,0.2249300330877304,0.6234452724456787
1735,-15.5695,-20.5371,-36.1066,-20.8281,-15.6484,2.0,0.4636,0.13369964063167572,0.11446409672498703,0.15438897907733917,0.10797994583845139,0.0773809552192688,0.021222015842795372,0.0747046023607254,0.2258239984512329,0.5737717747688293
1740,-15.3766,-20.6336,-36.0102,-20.7969,-16.4141,2.0,0.4807,0.13924050331115723,0.09481316059827805,0.1971186399459839,0.08923202753067017,0.0944940447807312,0.02763526141643524,0.06969060748815536,0.2293221354484558,0.5688743591308594
1745,-15.6328,-21.4172,-37.05,-20.5703,-17.6172,2.0,0.512,0.08741258829832077,0.04104902967810631,0.09549718350172043,0.04206200689077377,0.0632440447807312,0.011116293258965015,0.034087374806404114,0.20716728270053864,0.6431514024734497
1750,-15.4438,-21.4789,-36.9227,-20.6719,-17.25,2.0,0.5483,0.07473309338092804,0.03812636062502861,0.09117065370082855,0.041584767401218414,0.09375,0.010921952314674854,0.035680968314409256,0.2161458283662796,0.6327736377716064
1755,-15.2457,-21.6184,-36.8641,-19.8594,-18.5,2.0,0.59,0.09470751881599426,0.0308880303055048,0.1117170974612236,0.03316892683506012,0.0714285746216774,0.013953668996691704,0.03020055964589119,0.22092661261558533,0.6304415464401245
1760,-14.4691,-22.043,-36.5121,-19.1406,-19.7266,2.0,0.6195,0.10922329872846603,0.028493894264101982,0.10513371974229813,0.029119271785020828,0.0606398805975914,0.016013681888580322,0.02864583395421505,0.25287625193595886,0.59798663854599
1765,-15.6824,-21.2371,-36.9195,-21.5859,-15.4688,2.0,0.6591,0.07664233446121216,0.11445783078670502,0.07088229805231094,0.05620882660150528,0.0944940447807312,0.010649875737726688,0.0451648011803627,0.20837220549583435,0.6313354969024658
1770,-15.2738,-21.7016,-36.9754,-20.4688,-17.2578,2.0,0.6971,0.09465020895004272,0.07213930040597916,0.06984969228506088,0.03715265169739723,0.0647321417927742,0.00944496225565672,0.03125,0.2197994440793991,0.6350280046463013
1775,-15.5215,-21.3773,-36.8988,-20.7109,-17.3125,2.0,0.7379,0.11275964230298996,0.086866594851017,0.08621636778116226,0.04866957664489746,0.079613097012043,0.013098569586873055,0.037585511803627014,0.21233674883842468,0.6325015425682068
1780,-15.8207,-21.5125,-37.3332,-20.1484,-18.7891,2.0,0.7847,0.10943396389484406,0.03494176268577576,0.08821170777082443,0.024845805019140244,0.0729166641831398,0.010300062596797943,0.023359764367341995,0.19387437403202057,0.6679881811141968
1785,-15.248,-21.8785,-37.1266,-19.4688,-19.7031,2.0,0.8234,0.09491525590419769,0.048117153346538544,0.07982062548398972,0.018691588193178177,0.0628720223903656,0.011466107331216335,0.01857898011803627,0.21668998897075653,0.6487873196601868
1790,-15.6234,-21.8062,-37.4297,-19.4531,-20.1797,2.0,0.8714,0.13389120995998383,0.025714285671710968,0.07392237335443497,0.012121912091970444,0.0558035708963871,0.009289490059018135,0.013603855855762959,0.19927705824375153,0.6733520030975342
1795,-15.5535,-21.8348,-37.3883,-19.3203,-20.3281,2.0,0.9223,0.09890110045671463,0.012383900582790375,0.08284486085176468,0.009638693183660507,0.0628720223903656,0.010611007921397686,0.012554415501654148,0.19892723858356476,0.6734297275543213
1800,-14.7898,-22.2172,-37.007,-19.1875,-20.125,2.0,0.9705,0.14516128599643707,0.020958084613084793,0.06481172889471054,0.011424404568970203,0.0632440447807312,0.00963930319994688,0.012981965206563473,0.23328669369220734,0.6396144032478333
1805,-15.0547,-21.759,-36.8137,-19.2109,-20.2656,2.0,1.0229,0.22268041968345642,0.06060606241226196,0.11565929651260376,0.021807624027132988,0.0680803582072258,0.018851056694984436,0.024370335042476654,0.2231421023607254,0.6291589140892029
1810,-14.9844,-21.4566,-36.441,-18.8828,-20.4297,2.0,1.0595,0.2802816927433014,0.07009857892990112,0.14880545437335968,0.03856784850358963,0.0695684552192688,0.02759639360010624,0.03548663109540939,0.22776740789413452,0.6046719551086426
1815,-15.4797,-21.8512,-37.3309,-20.0859,-18.9141,2.0,1.101,0.16981132328510284,0.028639618307352066,0.05370265617966652,0.019237516447901726,0.061011902987957,0.008240049704909325,0.016285758465528488,0.20627331733703613,0.66472327709198
1820,-15.2148,-21.7668,-36.9816,-19.1094,-20.2109,2.0,1.1438,0.22757111489772797,0.08008213341236115,0.09473114460706711,0.02053884230554104,0.0699404776096344,0.017762748524546623,0.01892879419028759,0.2154073417186737,0.6434234976768494
1825,-14.5207,-21.8953,-36.416,-19.0391,-20.2812,2.0,1.1887,0.20508474111557007,0.06336940079927444,0.123110830783844,0.02873600460588932,0.067336305975914,0.02293221466243267,0.0251476988196373,0.24689054489135742,0.6005519032478333
1830,-15.4336,-21.4957,-36.9293,-19.4219,-20.2891,2.0,1.2331,0.20571428537368774,0.07555555552244186,0.13179169595241547,0.024453725665807724,0.0773809552192688,0.020405784249305725,0.02623600699007511,0.20673973858356476,0.6421408653259277
1835,-15.3309,-21.5395,-36.8703,-19.3281,-20.1484,2.0,1.274,0.17803029716014862,0.08459214866161346,0.12167857587337494,0.028060758486390114,0.0784970223903656,0.020522387698292732,0.025730721652507782,0.21210354566574097,0.6371657252311707
1840,-15.2672,-21.4629,-36.7301,-19.1875,-20.4062,2.0,1.3098,0.1975308656692505,0.07608695328235626,0.14009928703308105,0.031880125403404236,0.0770089253783226,0.0251865666359663,0.028606964275240898,0.21140392124652863,0.6303249597549438
1845,-15.1523,-21.3926,-36.5449,-19.1953,-20.3906,2.0,1.3411,0.21693122386932373,0.10501193255186081,0.1683836579322815,0.026745067909359932,0.098586305975914,0.029384328052401543,0.032571516931056976,0.2188277393579483,0.6147388219833374
1850,-15.318,-21.1727,-36.4906,-19.0781,-20.4609,2.0,1.3835,0.2318059355020523,0.14772726595401764,0.18800795078277588,0.03432027995586395,0.079613097012043,0.02884017489850521,0.041044775396585464,0.21521300077438354,0.6104244589805603
1855,-14.7531,-20.868,-35.6211,-17.9688,-20.7812,2.0,1.3995,0.3134772777557373,0.19044062495231628,0.25622835755348206,0.04420507699251175,0.0978422611951828,0.05219993740320206,0.05204446613788605,0.23557990789413452,0.5556980967521667
1860,-15.2547,-21.2535,-36.5082,-19.1094,-20.3047,2.0,1.4311,0.28036177158355713,0.14818653464317322,0.17444805800914764,0.02909667231142521,0.0948660746216774,0.030083954334259033,0.03750777244567871,0.21478544175624847,0.6131452322006226
1865,-14.9398,-21.3852,-36.325,-18.8359,-20.5469,2.0,1.4725,0.2162500023841858,0.07845187932252884,0.18229608237743378,0.03307987377047539,0.0930059552192688,0.03109452687203884,0.03715796023607254,0.22920553386211395,0.5980643630027771
1870,-15.7926,-21.0063,-36.7988,-19.3359,-20.2031,2.0,1.498,0.22373805940151215,0.09742441028356552,0.21593673527240753,0.02930469624698162,0.075148805975914,0.02849036082625389,0.03470926731824875,0.19169776141643524,0.640625
1875,-14.2449,-21.1203,-35.3652,-17.75,-20.8203,2.0,1.53,0.1907847374677658,0.08964451402425766,0.282479852437973,0.046094655990600586,0.09375,0.05398787185549736,0.0502953976392746,0.2557913661003113,0.5354477763175964
1880,-13.9531,-21.3008,-35.2539,-17.625,-20.7891,2.0,1.5569,0.13694266974925995,0.06591760367155075,0.32550525665283203,0.02391417697072029,0.0744047611951828,0.04881840944290161,0.05188899114727974,0.27308768033981323,0.5217273235321045
1885,-12.9984,-21.3223,-34.3207,-15.2969,-20.7812,2.0,1.5804,0.11824900656938553,0.07666666805744171,0.3822166621685028,0.023482536897063255,0.0721726194024086,0.06836909055709839,0.05830223858356476,0.3103622496128082,0.458488792181015
1890,-14.1465,-21.0875,-35.234,-17.3906,-20.6719,2.0,1.6097,0.10816618800163269,0.06734250485897064,0.38472941517829895,0.017088327556848526,0.073288694024086,0.054259948432445526,0.05367692932486534,0.26216572523117065,0.5254197716712952
1895,-13.6066,-20.0578,-33.6645,-14.9297,-21.2344,2.0,1.6252,0.1645289659500122,0.09567288309335709,0.5394442081451416,0.04837348684668541,0.096726194024086,0.08788090944290161,0.09790889173746109,0.29512593150138855,0.41460666060447693
1900,-14.007,-19.1949,-33.202,-15.3438,-20.1016,1.9949,1.607,0.20672740042209625,0.10268615931272507,0.6770310997962952,0.06165984645485878,0.1361607164144516,0.11092972755432129,0.11431125551462173,0.2712608873844147,0.3990205228328705
1905,-13.8336,-18.6488,-32.4824,-16.8438,-17.4766,1.9861,1.5627,0.22563228011131287,0.11059044301509857,0.7357173562049866,0.09762391448020935,0.1770833283662796,0.13677705824375153,0.12441697716712952,0.27281561493873596,0.3615127503871918
1910,-13.3219,-19.1848,-32.5066,-15.2812,-19.2891,1.9741,1.5301,0.19266055524349213,0.07190942764282227,0.700886070728302,0.05646258592605591,0.1339285671710968,0.11862561851739883,0.12702114880084991,0.3070584535598755,0.34281715750694275
1915,-13.7246,-18.3617,-32.0863,-14.8359,-18.0234,1.9629,1.4773,0.2948082387447357,0.10040626674890518,0.7867133021354675,0.0778074562549591,0.1889880895614624,0.14898166060447693,0.1339396834373474,0.2779073417186737,0.3346937298774719
1920,-13.5836,-16.791,-30.3746,-13.9375,-17.4062,1.9625,1.4269,0.40073105692863464,0.1920744925737381,0.9105462431907654,0.1366541087627411,0.2946428656578064,0.20203669369220734,0.17949315905570984,0.2767801582813263,0.2372123748064041
1925,-13.2984,-16.1625,-29.4609,-12.7344,-15.875,1.9606,1.328,0.577031672000885,0.22926022112369537,0.8935108184814453,0.15090543031692505,0.3013392984867096,0.2616215944290161,0.16445118188858032,0.25695741176605225,0.2124922275543213
1930,-13.9461,-15.207,-29.1531,-13.7656,-13.9062,1.9419,1.2114,0.6710767149925232,0.28998133540153503,0.9128187894821167,0.1912023425102234,0.3177083432674408,0.27615827322006226,0.18738339841365814,0.23317009210586548,0.1988106369972229
1935,-15.4102,-11.7387,-27.1488,-16.25,-10.5547,1.9422,1.0531,0.8391417860984802,0.5573345422744751,0.9514220952987671,0.4079214632511139,0.5528273582458496,0.37138524651527405,0.2548973858356476,0.15442319214344025,0.11481653898954391
1940,-14.9227,-12.3551,-27.2777,-15.0078,-11.4688,1.9906,0.8366,0.7944811582565308,0.5992826819419861,0.9411371350288391,0.34102141857147217,0.4162946343421936,0.3648165464401245,0.23841728270053864,0.1743236929178238,0.11796486377716064
1945,-15.5621,-11.3492,-26.9113,-16.5547,-10.1562,2.0,0.6304,0.8638349771499634,0.6843838691711426,0.9469026327133179,0.3599701225757599,0.3738839328289032,0.3825015425682068,0.259600430727005,0.1493314653635025,0.1040889322757721
1950,-15.2297,-11.9355,-27.1652,-16.8438,-10.6562,2.0,0.4069,0.8314975500106812,0.6735198497772217,0.9084389209747314,0.3156822919845581,0.380952388048172,0.36699315905570984,0.25143811106681824,0.16258551180362701,0.1145055964589119
1955,-14.2203,-13.1527,-27.373,-15.3203,-11.4297,2.0,0.1967,0.7815941572189331,0.6238961815834045,0.8881553411483765,0.26782333850860596,0.2578125,0.3564598858356476,0.21567942202091217,0.20017102360725403,0.1232120618224144
1960,-13.6883,-14.5707,-28.259,-14.1172,-11.8906,2.0,0.0849,0.722332239151001,0.5206847190856934,0.8420423269271851,0.21266968548297882,0.2105654776096344,0.3139770030975342,0.19072605669498444,0.2276119440793991,0.16320739686489105
1965,-13.1652,-15.8465,-29.0117,-13.125,-14.0625,2.0,0.0074,0.6561221480369568,0.3985401391983032,0.8312327265739441,0.153045192360878,0.153273805975914,0.2850590944290161,0.1597481369972229,0.25287625193595886,0.1978389322757721
1970,-14.6934,-12.5395,-27.2328,-15.2969,-11.5234,2.0,0.0,0.8327525854110718,0.6247863173484802,0.9418246150016785,0.24897830188274384,0.2905505895614624,0.36812034249305725,0.2273787260055542,0.17638370394706726,0.12363961338996887
1975,-16.7523,-10.6691,-27.4215,-17.1094,-10.0781,2.0,0.0,0.8758034706115723,0.7637050747871399,0.9558377265930176,0.31913357973098755,0.292782723903656,0.3386194109916687,0.3084188401699066,0.14081934094429016,0.1076648011803627
1980,-13.9445,-12.8887,-26.8332,-14.6953,-11.0625,2.0,0.0,0.8191701769828796,0.6266716718673706,0.9287046790122986,0.23020833730697632,0.2782738208770752,0.38969215750694275,0.20635105669498444,0.18753886222839355,0.11194030195474625
1985,-13.8531,-13.0809,-26.934,-13.6484,-10.6953,2.0,0.0,0.8300808072090149,0.5600550174713135,0.9380104541778564,0.21470975875854492,0.2905505895614624,0.3943563401699066,0.19772233068943024,0.18559545278549194,0.11784826219081879
1990,-13.4336,-14.5574,-27.991,-13.4609,-12.7344,2.0,0.0,0.7623229026794434,0.4489578902721405,0.8838765025138855,0.14771868288516998,0.245163694024086,0.33197295665740967,0.18275807797908783,0.22660136222839355,0.15418998897075653
1995,-16.4,-10.2734,-26.6734,-17.125,-9.1562,2.0,0.0,0.8991782069206238,0.735374927520752,0.9665012359619141,0.32817476987838745,0.5104166865348816,0.38782650232315063,0.29699161648750305,0.12531094253063202,0.08539334684610367
2000,-14.3898,-12.0625,-26.4523,-14.7422,-9.6562,2.0,0.0,0.8640486001968384,0.6109848022460938,0.9505842328071594,0.23690475523471832,0.4561011791229248,0.4156949520111084,0.22220925986766815,0.1596703976392746,0.09794776141643524
2005,-13.4434,-13.9414,-27.3848,-13.5312,-11.7266,2.0,0.0,0.7708333134651184,0.4655963182449341,0.9398998618125916,0.17279952764511108,0.329985111951828,0.36753731966018677,0.18641169369220734,0.20953825116157532,0.13203513622283936
2010,-12.8785,-15.957,-28.8355,-11.3828,-13.4453,2.0,0.0,0.6882471442222595,0.2755695581436157,0.8581361174583435,0.09598641097545624,0.2198660671710968,0.2893734574317932,0.16037002205848694,0.26274874806404114,0.1830301582813263
2015,-12.1516,-18.3906,-30.5422,-12.8594,-18.2266,1.955,0.0,0.46465864777565,0.15501165390014648,0.6934865713119507,0.08508604019880295,0.1488095223903656,0.19356343150138855,0.13339552283287048,0.3246268630027771,0.24393656849861145
2020,-12.4723,-17.6367,-30.109,-11.6641,-19.1875,1.9344,0.0,0.510502278804779,0.26615384221076965,0.7053739428520203,0.10577261447906494,0.193452388048172,0.2128031700849533,0.15158581733703613,0.3102845251560211,0.22084887325763702
2025,-13.6863,-16.7273,-30.4137,-13.7891,-16.5078,1.8965,0.0,0.5615511536598206,0.36446842551231384,0.7466627359390259,0.12486527860164642,0.2146577388048172,0.2124922275543213,0.1656172275543213,0.2649642527103424,0.252448707818985
2030,-13.5625,-14.0594,-27.6219,-13.1562,-13.3672,1.8776,0.0,0.7321848273277283,0.49574899673461914,0.9029770493507385,0.1910739243030548,0.3891369104385376,0.34744247794151306,0.19200870394706726,0.21672885119915009,0.13934235274791718
2035,-13.7023,-15.3465,-29.0488,-13.2734,-14.4219,1.8755,0.0,0.6350829005241394,0.4153677225112915,0.885989248752594,0.15623778104782104,0.2689732015132904,0.2814054787158966,0.17704446613788605,0.23830068111419678,0.19877175986766815
2040,-17.6711,-9.4152,-27.0863,-20.5156,-7.5312,1.9313,0.0,0.8941163420677185,0.7710529565811157,0.9742716550827026,0.3920431137084961,0.6194196343421936,0.35607120394706726,0.3429337739944458,0.10272854566574097,0.09378886967897415
2045,-16.0934,-11.4,-27.4934,-17.4531,-9.3906,1.9944,0.0,0.8240179419517517,0.6625155806541443,0.9458763003349304,0.3026794493198395,0.5297619104385376,0.34631529450416565,0.28090018033981323,0.1508084535598755,0.11749844253063202
2050,-17.2621,-9.9648,-27.227,-20.1172,-8.1875,2.0,0.0,0.8780950307846069,0.7812797427177429,0.9163385629653931,0.28915202617645264,0.5948660969734192,0.348491907119751,0.3268034756183624,0.11847014725208282,0.10175684094429016
2055,-21.4949,-6.7375,-28.2324,-23.9141,-6.3125,2.0,0.0,0.942697286605835,0.8376705646514893,0.9728540182113647,0.544123649597168,0.7552083134651184,0.2570739984512329,0.4898942708969116,0.0529773011803627,0.09557680040597916
2060,-16.1898,-11.4555,-27.6453,-17.9062,-11.3438,2.0,0.0,0.8330622911453247,0.7377825975418091,0.8237382769584656,0.19890393316745758,0.5491071343421936,0.33457711338996887,0.2871190905570984,0.15325714647769928,0.12056902796030045
2065,-12.3895,-18.4,-30.7895,-13.6719,-19.8359,2.0,0.0,0.5644824504852295,0.43527695536613464,0.5147807002067566,0.054235223680734634,0.2046130895614624,0.18625621497631073,0.13331778347492218,0.3208177983760834,0.2551305890083313
2070,-14.4348,-12.1473,-26.582,-18.7188,-8.3828,2.0,0.0,0.8562451601028442,0.7073544263839722,0.8398357033729553,0.12177121639251709,0.4795386791229248,0.40205225348472595,0.22831156849861145,0.17035913467407227,0.09479943662881851
2075,-18.0898,-9.582,-27.6719,-19.5312,-9.0078,2.0,0.0,0.9047151207923889,0.8062149286270142,0.8693297505378723,0.22849664092063904,0.5651041865348816,0.31654229760169983,0.36023008823394775,0.11481653898954391,0.10393346101045609
2080,-20.157,-7.6602,-27.8172,-20.9609,-9.0312,2.0,0.0,0.9569113254547119,0.8373274207115173,0.934894323348999,0.354343444108963,0.699032723903656,0.29497045278549194,0.4362950921058655,0.06805814802646637,0.09619869291782379
2085,-16.7242,-11.35,-28.0742,-16.8203,-11.3594,2.0,0.0,0.8454762697219849,0.7039135098457336,0.8552497625350952,0.23346075415611267,0.5018601417541504,0.30888524651527405,0.3019278645515442,0.15251865983009338,0.13219061493873596
2090,-18.6523,-8.6199,-27.2723,-18.4453,-8.9531,2.0,0.0,0.9248601794242859,0.8110841512680054,0.9355393052101135,0.33511826395988464,0.6744791865348816,0.3336442708969116,0.38432836532592773,0.09044620394706726,0.08710354566574097
2095,-17.1219,-11.5848,-28.7066,-16.5312,-14.2812,2.0,0.0,0.8202886581420898,0.7105828523635864,0.7577590942382812,0.2376910001039505,0.578125,0.28008395433425903,0.30740827322006226,0.1477767378091812,0.16025342047214508
2100,-19.5055,-8.8016,-28.307,-16.8281,-10.3359,2.0,0.0,0.9038047194480896,0.7984216213226318,0.921366810798645,0.30393096804618835,0.6625744104385376,0.27071672677993774,0.4087764322757721,0.09441076219081879,0.12161847203969955
2105,-18.3492,-10.9863,-29.3355,-17.1328,-12.5391,2.0,0.0,0.8270108699798584,0.7052499055862427,0.8387096524238586,0.2841101586818695,0.5412946343421936,0.24692942202091217,0.3398243188858032,0.12531094253063202,0.18345771729946136
2110,-19.618,-8.7254,-28.3434,-17.3828,-9.5078,2.0,0.0,0.8949219584465027,0.7858097553253174,0.9261190891265869,0.3860037922859192,0.6529017686843872,0.27631375193595886,0.40702736377716064,0.0894356369972229,0.12274564802646637
2115,-19.1762,-9.5047,-28.6809,-16.9375,-11.3594,2.0,0.0,0.8593025207519531,0.7667064666748047,0.9105339050292969,0.3421127200126648,0.5803571343421936,0.2596781849861145,0.3908582031726837,0.107742540538311,0.13724346458911896
2120,-17.8344,-12.3723,-30.2066,-16.5938,-15.0234,2.0,0.0,0.781221866607666,0.6678677201271057,0.7535433173179626,0.22419627010822296,0.4735863208770752,0.21567942202091217,0.30204445123672485,0.14808768033981323,0.22971081733703613
2125,-19.3137,-9.0211,-28.3348,-17.8672,-11.1875,2.0,0.0,0.9057818651199341,0.7755022048950195,0.8899334073066711,0.3542529344558716,0.6261160969734192,0.27763524651527405,0.396649569272995,0.09923040866851807,0.12200715392827988
2130,-18.0676,-10.5066,-28.5742,-17.0234,-13.0859,2.0,0.0,0.8605177402496338,0.7028418183326721,0.8248862028121948,0.3477795720100403,0.59375,0.2747590243816376,0.3474036157131195,0.12807057797908783,0.14528918266296387
2135,-17.8211,-10.2344,-28.0555,-17.1172,-13.3203,2.0,0.0,0.8873629570007324,0.709099292755127,0.8761390447616577,0.33993014693260193,0.6231398582458496,0.3084965944290161,0.3383084535598755,0.11516635864973068,0.1335510015487671
2140,-18.7344,-10.6754,-29.4098,-16.6484,-17.7266,2.0,0.0,0.8999068737030029,0.7593421339988708,0.7098853588104248,0.19276612997055054,0.601190447807312,0.25046640634536743,0.3474036157131195,0.10851989686489105,0.1891324669122696
2145,-18.8348,-11.3711,-30.2059,-16.1797,-17.8203,2.0,0.0,0.8798857927322388,0.7779601216316223,0.6401273608207703,0.15474428236484528,0.5703125,0.2177782952785492,0.3315454125404358,0.10984142124652863,0.23635727167129517
2150,-17.9922,-13.6668,-31.659,-17.125,-19.8672,2.0,0.0,0.855416476726532,0.7438178658485413,0.4440211057662964,0.12150203436613083,0.4546130895614624,0.18011504411697388,0.25777363777160645,0.13261815905570984,0.3250155448913574
2155,-19.1473,-10.8539,-30.0012,-16.8672,-16.2109,2.0,0.0,0.8909607529640198,0.8074889779090881,0.6200357675552368,0.16190820932388306,0.5531994104385376,0.21886660158634186,0.35292288661003113,0.10863650590181351,0.2150963991880417
2160,-16.8027,-13.5262,-30.3289,-14.5859,-21.7812,2.0,0.0,0.8624864220619202,0.7749130725860596,0.39668309688568115,0.12280130386352539,0.4680059552192688,0.2150963991880417,0.26834577322006226,0.1734297275543213,0.23865050077438354
2165,-15.202,-15.2055,-30.4074,-13.8125,-22.1797,2.0,0.0,0.8203796744346619,0.7156701683998108,0.3949125111103058,0.098075732588768,0.4051339328289032,0.2170397937297821,0.2125699669122696,0.21544620394706726,0.25046640634536743
2170,-15.2582,-13.941,-29.1992,-12.1562,-21.7891,2.0,0.0,0.8325406908988953,0.6837349534034729,0.5624876022338867,0.11682426929473877,0.4534970223903656,0.2697061598300934,0.23227612674236298,0.19624534249305725,0.19729477167129517
2175,-12.8059,-18.132,-30.9379,-12.7031,-21.8906,2.0,0.0,0.7026427388191223,0.5388938188552856,0.39984288811683655,0.057474520057439804,0.2566964328289032,0.19266946613788605,0.13141325116157532,0.296875,0.2745646834373474
2180,-11.7922,-18.2105,-30.0027,-10.1875,-23.4531,2.0,0.0,0.664533793926239,0.4968589246273041,0.42227646708488464,0.07755624502897263,0.2808779776096344,0.21260882914066315,0.13611629605293274,0.3343050479888916,0.2124922275543213
2185,-11.9926,-17.1605,-29.1531,-7.6641,-24.4453,1.9457,0.0,0.6878165006637573,0.4823465645313263,0.5271780490875244,0.09035639464855194,0.3091517984867096,0.26096081733703613,0.14311255514621735,0.30604788661003113,0.18540112674236298
2190,-10.2809,-20.9426,-31.2234,-10.1406,-24.2734,1.8828,0.0,0.5102949142456055,0.29528751969337463,0.32275182008743286,0.05836332216858864,0.1696428507566452,0.13969215750694275,0.08990205079317093,0.41752177476882935,0.24840641021728516
2195,-12.7988,-15.0664,-27.8652,-9.1172,-19.1953,1.8239,0.0,0.7086419463157654,0.5307286977767944,0.7304441332817078,0.15149769186973572,0.3604910671710968,0.330573707818985,0.1770833283662796,0.2529151141643524,0.13495025038719177
2200,-14.3926,-13.2395,-27.632,-11.6875,-16.1875,1.7996,0.0,0.8099391460418701,0.600678563117981,0.7878435850143433,0.19014084339141846,0.4322916567325592,0.33865827322006226,0.22912779450416565,0.20079290866851807,0.1269434094429016
2205,-12.8867,-14.6727,-27.5594,-8.8281,-17.875,1.8159,0.0,0.6927059888839722,0.5524837970733643,0.8109697699546814,0.17336218059062958,0.3407738208770752,0.3453047275543213,0.17995958030223846,0.24448071420192719,0.12577736377716064
2210,-14.9984,-12.0266,-27.025,-14.1797,-10.8281,1.7955,0.0,0.8528107404708862,0.6932573318481445,0.8421672582626343,0.18511861562728882,0.4709821343421936,0.37682679295539856,0.24556903541088104,0.16499534249305725,0.10813122242689133
2215,-17.1688,-10.9039,-28.0727,-15.0078,-13.25,1.8604,0.0,0.8955014944076538,0.7874331474304199,0.7688037753105164,0.1549672782421112,0.472842276096344,0.3049984574317932,0.3198072016239166,0.14004197716712952,0.13067474961280823
2220,-14.8063,-12.4918,-27.298,-13.6406,-12.3984,1.9024,0.0,0.8418017625808716,0.726127028465271,0.7777544856071472,0.12815198302268982,0.396577388048172,0.3572372496128082,0.2405550330877304,0.18520678579807281,0.11252331733703613
2225,-17.2172,-10.7566,-27.9738,-16.6406,-10.4062,1.9492,0.0,0.8938199281692505,0.7810843586921692,0.8295580148696899,0.16124078631401062,0.4605654776096344,0.3056592047214508,0.3226057291030884,0.1407027393579483,0.1265547275543213
2230,-19.1867,-10.3109,-29.4977,-18.125,-12.7344,2.0,0.0,0.9106427431106567,0.8277188539505005,0.7495068907737732,0.1215779259800911,0.4929315447807312,0.2231421023607254,0.37383395433425903,0.11823693662881851,0.18030938506126404
2235,-17.9059,-11.6164,-29.5223,-15.6406,-16.6016,2.0,0.0,0.8800951838493347,0.8064154982566833,0.6873562932014465,0.10840368270874023,0.4579613208770752,0.24506373703479767,0.31261661648750305,0.1352611929178238,0.20258083939552307
2240,-18.35,-11.7641,-30.1141,-14.0469,-20.7031,2.0,0.0,0.9133621454238892,0.818715512752533,0.5717059373855591,0.08933357149362564,0.4456845223903656,0.20681747794151306,0.3310401141643524,0.14011971652507782,0.21754509210586548
2245,-17.2617,-11.9074,-29.1691,-12.4141,-20.4531,2.0,0.0,0.8982412219047546,0.7877358198165894,0.5877640247344971,0.1323104351758957,0.4441964328289032,0.24751244485378265,0.31312188506126404,0.16009794175624847,0.17479011416435242
2250,-14.9789,-13.1602,-28.1391,-11.4062,-17.6406,2.0,0.0,0.8413151502609253,0.6959157586097717,0.6282650828361511,0.16136236488819122,0.4248511791229248,0.31327736377716064,0.24362562596797943,0.19939365983009338,0.13922575116157532
2255,-13.6781,-14.8969,-28.575,-9.6406,-20.1172,2.0,0.0,0.8059580326080322,0.6609621644020081,0.515418529510498,0.13638614118099213,0.363467276096344,0.2870413661003113,0.20440764725208282,0.24704602360725403,0.15702736377716064
2260,-15.8941,-14.5523,-30.4465,-14.8125,-21.0234,2.0,0.0,0.8549591302871704,0.7061328887939453,0.4656704366207123,0.09708737581968307,0.3824404776096344,0.2186722606420517,0.22815608978271484,0.1924751251935959,0.25621891021728516
2265,-14.3016,-15.1617,-29.4633,-10.8984,-21.8672,2.0,0.0,0.8277112245559692,0.6900519728660583,0.4341009259223938,0.10183221101760864,0.4066220223903656,0.2465796023607254,0.20942163467407227,0.23798973858356476,0.20153141021728516
2270,-14.1703,-15.2836,-29.4539,-11.5781,-19.7578,2.0,0.0,0.8155180215835571,0.6396268606185913,0.5085307359695435,0.09938696026802063,0.3489583432674408,0.2599891126155853,0.1916588991880417,0.23464708030223846,0.2092272937297821
2275,-15.552,-14.8348,-30.3867,-12.1484,-20.5625,2.0,0.0,0.8039333820343018,0.6974252462387085,0.4667568802833557,0.11522144824266434,0.347470223903656,0.1936800330877304,0.24304260313510895,0.22974969446659088,0.22905005514621735
2280,-17.1164,-14.0625,-31.1789,-15.5078,-21.5312,2.0,0.0,0.8923046588897705,0.778841495513916,0.41638925671577454,0.07908455282449722,0.4155505895614624,0.19849969446659088,0.23954446613788605,0.1517801582813263,0.30569806694984436
2285,-16.9434,-13.7523,-30.6957,-15.5625,-21.6562,2.0,0.0,0.909023642539978,0.808923065662384,0.36822840571403503,0.0787603035569191,0.4322916567325592,0.2101989984512329,0.25264304876327515,0.15928171575069427,0.27339863777160645
2290,-16.782,-13.3438,-30.1258,-13.2891,-20.0391,2.0,0.0,0.8585058450698853,0.7831650972366333,0.4853927791118622,0.12176299095153809,0.3735119104385376,0.2159126251935959,0.2733597755432129,0.1796097606420517,0.2266402393579483
2295,-14.5293,-15.1457,-29.675,-11.5859,-21.0781,2.0,0.0,0.7887662053108215,0.6931496262550354,0.49991750717163086,0.11139753460884094,0.3139880895614624,0.24288712441921234,0.2059623748064041,0.23557990789413452,0.2110929787158966
2300,-14.4078,-15.5281,-29.9359,-11.5156,-20.3047,2.0,0.0,0.7551369667053223,0.6661564707756042,0.5178400874137878,0.12256365269422531,0.2570684552192688,0.22699004411697388,0.20316386222839355,0.24401430785655975,0.2213541716337204
2305,-13.6766,-15.0418,-28.7184,-9.9219,-18.8281,2.0,0.0,0.7783361077308655,0.680880069732666,0.5495300889015198,0.13932690024375916,0.2805059552192688,0.27845150232315063,0.1996268630027771,0.2522932291030884,0.16515080630779266
2310,-12.8793,-16.6762,-29.5555,-9.0,-22.4062,2.0,0.0,0.6885327696800232,0.5845344066619873,0.5167557597160339,0.1257736086845398,0.224702388048172,0.23285913467407227,0.16989272832870483,0.2980799078941345,0.19469061493873596
2315,-15.8488,-14.7637,-30.6125,-14.1328,-20.8828,2.0,0.0,0.8404580354690552,0.698423445224762,0.4932228922843933,0.10654120147228241,0.283110111951828,0.20366916060447693,0.22928327322006226,0.2064676582813263,0.2561022937297821
2320,-15.6883,-14.7262,-30.4145,-11.4297,-23.6406,2.0,0.0,0.8444105982780457,0.7378814816474915,0.40784671902656555,0.10433516651391983,0.3619791567325592,0.2040967047214508,0.23814521729946136,0.21299751102924347,0.24028295278549194
2325,-17.0949,-13.2582,-30.3531,-13.5391,-22.4922,2.0,0.0,0.8787052035331726,0.810337483882904,0.4165085256099701,0.10187242180109024,0.443452388048172,0.21373601257801056,0.27297109365463257,0.16386815905570984,0.2449471354484558
2330,-18.6695,-12.4574,-31.127,-16.2266,-21.3125,2.0,0.0,0.910991370677948,0.8472520709037781,0.41963455080986023,0.0859977975487709,0.4553571343421936,0.1803482621908188,0.30764147639274597,0.12550528347492218,0.28202736377716064
2335,-18.6152,-11.2359,-29.8512,-13.9062,-20.7031,2.0,0.0,0.9228240251541138,0.8287267088890076,0.5296569466590881,0.13812556862831116,0.5048363208770752,0.2246190905570984,0.3360929787158966,0.12122979015111923,0.21358053386211395
2340,-19.4531,-11.3836,-30.8367,-15.2266,-20.9688,2.0,0.0,0.9132343530654907,0.8356211185455322,0.5263158082962036,0.12874116003513336,0.4613095223903656,0.18590641021728516,0.3426228165626526,0.1085587665438652,0.25843438506126404
2345,-21.4539,-8.8562,-30.3102,-17.1562,-21.0234,2.0,0.0,0.9692491888999939,0.9117781519889832,0.5323740839958191,0.11036789417266846,0.629092276096344,0.1946517378091812,0.4260338842868805,0.05402674153447151,0.22081001102924347
2350,-23.0723,-7.0152,-30.0875,-19.0547,-20.3672,2.0,0.0,0.9691689014434814,0.9397295713424683,0.66209477186203,0.11924641579389572,0.7213541865348816,0.17397387325763702,0.5088230967521667,0.031172264367341995,0.1815531700849533
2355,-23.4527,-5.7879,-29.2406,-21.0,-16.5938,2.0,0.0,0.9712966680526733,0.9347151517868042,0.8320610523223877,0.22553588449954987,0.769717276096344,0.19364117085933685,0.5513059496879578,0.025458645075559616,0.12511660158634186
2360,-22.9051,-6.6312,-29.5363,-20.1641,-17.5859,2.0,0.0,0.9703987240791321,0.9115369915962219,0.8029953837394714,0.2166111320257187,0.7351190447807312,0.19301928579807281,0.5171408653259277,0.03373756259679794,0.15162469446659088
2365,-23.8793,-4.7367,-28.616,-22.8516,-12.4453,2.0,0.0,0.9705312252044678,0.9495167136192322,0.8450704216957092,0.2687726616859436,0.8418898582458496,0.20048196613788605,0.5951492786407471,0.02483675442636013,0.07505441457033157
2370,-24.9707,-3.3121,-28.2828,-29.0391,-1.3828,2.0,0.0,0.9777212142944336,0.970762312412262,0.9047619104385376,0.5250965356826782,0.8727678656578064,0.1831856369972229,0.6633628606796265,0.01877332106232643,0.03020055964589119
2375,-25.5078,-2.784,-28.2918,-29.6484,-0.2578,2.0,0.0,0.9800904989242554,0.9806727766990662,0.9517766237258911,0.555323600769043,0.9051339030265808,0.1717972606420517,0.6897932291030884,0.015314054675400257,0.018617847934365273
2380,-25.2832,-2.7984,-28.0816,-29.6562,-0.2656,2.0,0.0,0.987500011920929,0.9868826270103455,0.9272152185440063,0.4025641083717346,0.9237351417541504,0.18656715750694275,0.681514322757721,0.012282337993383408,0.015158582478761673
2385,-26.1434,-2.2734,-28.4168,-29.8281,-0.0859,2.0,0.0,0.9870918989181519,0.9885541796684265,0.9494163393974304,0.4612903296947479,0.945684552192688,0.1535681039094925,0.719916045665741,0.0099891172721982,0.012049129232764244
2390,-25.5773,-2.5898,-28.1672,-29.8516,-0.0859,2.0,0.0,0.9891592860221863,0.9878225922584534,0.9337978959083557,0.43202418088912964,0.9360119104385376,0.17568407952785492,0.695817768573761,0.011155162006616592,0.012865360826253891
2395,-25.4664,-2.807,-28.2734,-29.6484,-0.4219,2.0,0.0,0.9837947487831116,0.9839192032814026,0.9481865167617798,0.3606557250022888,0.9133184552192688,0.1726912260055542,0.6888603568077087,0.015003109350800514,0.018967662006616592
2400,-25.5523,-2.7395,-28.2918,-29.5469,-0.5312,2.0,0.0,0.9852607846260071,0.9799415469169617,0.932748556137085,0.4959183633327484,0.930059552192688,0.17140857875347137,0.6917755007743835,0.013292910531163216,0.019045397639274597
2405,-25.6691,-2.5633,-28.2324,-29.7109,-0.2969,2.0,0.0,0.9900789260864258,0.986542820930481,0.939068078994751,0.3994169235229492,0.9367559552192688,0.17238028347492218,0.6989660859107971,0.01084421668201685,0.013331778347492218
2410,-25.4219,-2.766,-28.1879,-29.5156,-0.6172,2.0,0.0,0.9848883152008057,0.9838500022888184,0.9052924513816833,0.38669949769973755,0.9345238208770752,0.17747201025485992,0.6883162260055542,0.013953668996691704,0.01578047312796116
2415,-25.9434,-2.5703,-28.5137,-29.7656,-0.3047,2.0,0.0,0.9810596108436584,0.9802289009094238,0.870712399482727,0.5191919207572937,0.9244791865348816,0.1518578976392746,0.7096937298774719,0.014731032773852348,0.01923973858356476
2420,-25.4094,-2.9316,-28.341,-29.4375,-0.7031,2.0,0.0,0.9844996333122253,0.9769762754440308,0.8860465288162231,0.4855687618255615,0.9032738208770752,0.17051461338996887,0.6854011416435242,0.016713308170437813,0.02289334498345852
2425,-25.7688,-2.7227,-28.4914,-29.3438,-1.1953,2.0,0.0,0.983642578125,0.9748721122741699,0.9265092015266418,0.5478261113166809,0.9148065447807312,0.15920397639274597,0.6991604566574097,0.014808768406510353,0.022349191829562187
2430,-25.9785,-2.4027,-28.3813,-29.8438,-0.1016,2.0,0.0,0.9911937117576599,0.9858724474906921,0.971222996711731,0.4340175986289978,0.9356398582458496,0.15889303386211395,0.7125699520111084,0.010805347934365273,0.013254042714834213
2435,-25.5035,-2.6883,-28.1918,-29.7422,-0.2578,2.0,0.0,0.9887961149215698,0.985983669757843,0.940625011920929,0.40446650981903076,0.9285714030265808,0.1769278645515442,0.6904928684234619,0.012437811121344566,0.015663867816329002
2440,-25.4422,-2.7957,-28.2379,-29.5234,-0.5312,2.0,0.0,0.9839242696762085,0.979727029800415,0.921450138092041,0.5383104085922241,0.929315447807312,0.17650030553340912,0.6863728165626526,0.012865360826253891,0.01978389360010624
2445,-25.3152,-2.9488,-28.2641,-29.5234,-0.4141,2.0,0.0,0.9830843806266785,0.9755290746688843,0.9129353165626526,0.5099099278450012,0.9174107313156128,0.1769278645515442,0.6813976764678955,0.015625,0.021571828052401543
2450,-24.7488,-3.1605,-27.9094,-29.5078,-0.4688,2.0,0.0,0.9845224618911743,0.9806233644485474,0.9287531971931458,0.4101479947566986,0.9267113208770752,0.20592351257801056,0.6559390425682068,0.015275186859071255,0.01838463917374611
2455,-25.7883,-2.5664,-28.3547,-29.6797,-0.2422,2.0,0.0,0.9896584749221802,0.9843982458114624,0.8959537744522095,0.45340049266815186,0.9229910969734192,0.1616138070821762,0.7050295472145081,0.0134483827278018,0.015430659055709839
2460,-25.9559,-2.4012,-28.357,-29.7422,-0.3047,2.0,0.0,0.986063539981842,0.9881153702735901,0.930232584476471,0.37254902720451355,0.9408482313156128,0.15897077322006226,0.7129586338996887,0.011699316091835499,0.01189365703612566
2465,-26.0121,-2.3965,-28.4086,-29.7422,-0.2344,2.0,0.0,0.989295482635498,0.9876368641853333,0.9397993087768555,0.3801652789115906,0.9352678656578064,0.15613339841365814,0.7136582732200623,0.01162157952785492,0.014109142124652863
2470,-25.7457,-2.6012,-28.3469,-29.6562,-0.4766,2.0,0.0,0.9899790287017822,0.981667697429657,0.936026930809021,0.46341463923454285,0.9348958134651184,0.16678327322006226,0.6996657252311707,0.01154384296387434,0.01752953976392746
2475,-25.391,-2.9461,-28.3371,-29.5625,-0.5,2.0,0.0,0.9759691953659058,0.9735780358314514,0.9640287756919861,0.5611745715141296,0.9107142686843872,0.17144745588302612,0.6840407252311707,0.016208022832870483,0.023826181888580322
2480,-24.1883,-3.8316,-28.0199,-28.6875,-1.5469,2.0,0.0,0.9817780256271362,0.9537708163261414,0.9100000262260437,0.5333333611488342,0.8976934552192688,0.21117070317268372,0.6272155046463013,0.023320894688367844,0.03381529822945595
2485,-24.9406,-3.0301,-27.9707,-29.6016,-0.3281,2.0,0.0,0.9853886365890503,0.9797731637954712,0.9337016344070435,0.45330294966697693,0.937127947807312,0.19951026141643524,0.6648787260055542,0.014070273377001286,0.017063122242689133
2490,-25.7078,-2.6863,-28.3941,-29.7031,-0.3828,2.0,0.0,0.9810914397239685,0.9778802990913391,0.9431524276733398,0.5580912828445435,0.921875,0.16239117085933685,0.6993547677993774,0.015041977167129517,0.01873445324599743
2495,-24.9637,-3.1492,-28.1129,-29.7891,-0.1641,2.0,0.0,0.9806862473487854,0.97650146484375,0.8995901346206665,0.4000000059604645,0.921875,0.18917132914066315,0.6665889024734497,0.018967662006616592,0.020794464275240898
2500,-25.0305,-3.1516,-28.182,-28.9141,-1.4453,2.0,0.0,0.9762845635414124,0.973863422870636,0.9431818127632141,0.45928338170051575,0.9188988208770752,0.1868392378091812,0.6677160859107971,0.017101990059018135,0.023865049704909325
2505,-25.1391,-3.0973,-28.2363,-29.3438,-1.0781,2.0,0.0,0.9832689762115479,0.9749033451080322,0.9178403615951538,0.43618738651275635,0.910342276096344,0.18120336532592773,0.673701822757721,0.016557835042476654,0.024059390649199486
2510,-25.277,-2.8977,-28.1746,-29.3984,-0.6172,2.0,0.0,0.989924967288971,0.9798389673233032,0.9322493076324463,0.4668008089065552,0.9162946343421936,0.1813199669122696,0.6805425882339478,0.014342350885272026,0.019317474216222763
2515,-25.4625,-2.7281,-28.1906,-29.7344,-0.1562,2.0,0.0,0.9870187044143677,0.9843292236328125,0.9387186765670776,0.36868685483932495,0.9348958134651184,0.17665578424930573,0.6895211338996887,0.013953668996691704,0.015391791239380836
2520,-25.4934,-2.7285,-28.2219,-29.7422,-0.1406,2.0,0.0,0.9869779944419861,0.9846801161766052,0.9012987017631531,0.2939632534980774,0.9356398582458496,0.17311878502368927,0.6926305890083313,0.014964241534471512,0.014808768406510353
2525,-24.6898,-3.1367,-27.8266,-29.6562,-0.1953,2.0,0.0,0.9866170883178711,0.982634961605072,0.9057591557502747,0.3777777850627899,0.937127947807312,0.20911069214344025,0.6558224558830261,0.01484763715416193,0.015741605311632156
2530,-25.2566,-2.9582,-28.2148,-29.6484,-0.3281,2.0,0.0,0.9842897653579712,0.9812085628509521,0.8852097392082214,0.33467742800712585,0.9188988208770752,0.1781327724456787,0.6805037260055542,0.017607275396585464,0.01927860639989376
2535,-25.0043,-3.0809,-28.0852,-29.5234,-0.5078,2.0,0.0,0.9821684956550598,0.9821117520332336,0.9008620977401733,0.28601253032684326,0.9211309552192688,0.18963775038719177,0.6692319512367249,0.01803482510149479,0.018617847934365273
2540,-25.027,-3.2441,-28.2711,-28.4922,-2.2656,2.0,0.0,0.9780008792877197,0.9723759889602661,0.8502024412155151,0.4170212745666504,0.9140625,0.18198071420192719,0.6669387221336365,0.019200870767235756,0.027402052655816078
2545,-24.9777,-3.3004,-28.2781,-28.4219,-2.6172,2.0,0.0,0.9751977920532227,0.9693000316619873,0.8715415000915527,0.4444444477558136,0.917782723903656,0.18178637325763702,0.6646844148635864,0.019667288288474083,0.029384328052401543
2550,-24.207,-3.9535,-28.1605,-27.6406,-3.7578,2.0,0.0,0.9791033267974854,0.953387439250946,0.8918495178222656,0.42388060688972473,0.890625,0.20460198819637299,0.6270599961280823,0.02479788474738598,0.0390625
2555,-25.0359,-3.3164,-28.3523,-27.9375,-3.6797,2.0,0.0,0.9850139021873474,0.9595338702201843,0.9376391768455505,0.5165876746177673,0.9155505895614624,0.1815531700849533,0.6637126803398132,0.017451804131269455,0.03280472755432129
2560,-24.2215,-4.0934,-28.3148,-26.6484,-5.7891,2.0,0.0,0.9807024598121643,0.9423317313194275,0.9042016863822937,0.4627451002597809,0.8917410969734192,0.2014147937297821,0.62142413854599,0.02312655560672283,0.049556903541088104
2565,-24.2754,-4.2398,-28.5152,-25.3125,-8.4844,2.0,0.0,0.9805377125740051,0.9398491382598877,0.8820598125457764,0.4190414547920227,0.8776041865348816,0.19371891021728516,0.6183924078941345,0.023398632183670998,0.06001243740320206
2570,-24.2344,-3.9434,-28.1777,-28.1953,-2.6953,2.0,0.0,0.9760187268257141,0.9577733874320984,0.8657342791557312,0.40451744198799133,0.878720223903656,0.19935478270053864,0.6305192708969116,0.0277907345443964,0.03785758838057518
2575,-24.3762,-3.9738,-28.35,-27.125,-5.0234,2.0,0.0,0.9726274013519287,0.9463405609130859,0.867098867893219,0.49241146445274353,0.8917410969734192,0.19453513622283936,0.6309079527854919,0.02398165501654148,0.046097636222839355
2580,-24.3188,-4.0324,-28.3512,-26.8984,-5.3125,2.0,0.0,0.9787572026252747,0.9439791440963745,0.8960244655609131,0.5065040588378906,0.8701636791229248,0.19577892124652863,0.6265158653259277,0.025419775396585464,0.047807835042476654
2585,-24.707,-3.3602,-28.0672,-29.4531,-0.6016,2.0,0.0,0.9772136807441711,0.9768529534339905,0.8768116235733032,0.3305227756500244,0.9077380895614624,0.19445739686489105,0.6565609574317932,0.021455224603414536,0.023048818111419678
2590,-24.7074,-3.3535,-28.0609,-29.4688,-0.4766,2.0,0.0,0.9795187711715698,0.9776158928871155,0.894444465637207,0.2773972749710083,0.9081101417541504,0.1954679787158966,0.6563665866851807,0.02098880521953106,0.022699005901813507
2595,-25.15,-2.9711,-28.1211,-29.7656,-0.1172,2.0,0.0,0.983911395072937,0.9864164590835571,0.9129411578178406,0.2043956071138382,0.918154776096344,0.18602301180362701,0.6752954125404358,0.01651896722614765,0.01768501289188862
2600,-25.0074,-3.0699,-28.0773,-29.6641,-0.2031,2.0,0.0,0.9803921580314636,0.9819490313529968,0.9045553207397461,0.2841409742832184,0.9244791865348816,0.19029851257801056,0.6696594953536987,0.017918221652507782,0.017646145075559616
2605,-24.416,-3.6082,-28.0242,-29.2656,-0.9062,2.0,0.0,0.9820164442062378,0.9719009399414062,0.8931552767753601,0.28958630561828613,0.8984375,0.20316386222839355,0.6418299078941345,0.02328202687203884,0.02724657952785492
2610,-24.2629,-3.8195,-28.0824,-29.375,-0.5234,2.0,0.0,0.9697908759117126,0.9676669836044312,0.8719007968902588,0.302915096282959,0.890252947807312,0.20071516931056976,0.6359219551086426,0.028218284249305725,0.030666977167129517
2615,-24.1684,-3.8563,-28.0246,-29.4922,-0.4531,2.0,0.0,0.9772727489471436,0.9722908139228821,0.8427419066429138,0.23828125,0.8761160969734192,0.20693407952785492,0.6298196315765381,0.028917910531163216,0.02985074557363987
2620,-24.2996,-3.5527,-27.8523,-29.2109,-0.4062,2.0,0.0,0.9782016277313232,0.9780768752098083,0.8848167657852173,0.2865064740180969,0.9006696343421936,0.21396921575069427,0.6382540464401245,0.022271454334259033,0.02102767489850521
2625,-24.5727,-3.4742,-28.0469,-29.4844,-0.2812,2.0,0.0,0.979264497756958,0.979401171207428,0.8433931469917297,0.22601625323295593,0.8973214030265808,0.19869403541088104,0.64909827709198,0.023826181888580322,0.023903917521238327
2630,-24.423,-3.5625,-27.9855,-29.6641,-0.1797,2.0,0.0,0.9764818549156189,0.9802278876304626,0.801886796951294,0.1675213724374771,0.9043898582458496,0.2032804787158966,0.6447839140892029,0.024720149114727974,0.02273787371814251
2635,-24.6301,-3.4438,-28.0738,-29.7109,-0.1562,2.0,0.0,0.9743897318840027,0.9803537726402283,0.8445512652397156,0.19122807681560516,0.8965773582458496,0.1942630559206009,0.6548507213592529,0.024253731593489647,0.022154850885272026
2640,-24.0309,-3.8605,-27.8914,-29.4609,-0.2812,2.0,0.0,0.9742239713668823,0.9776771664619446,0.7906976938247681,0.20059435069561005,0.8876488208770752,0.21412469446659088,0.626826822757721,0.028412625193595886,0.026158271357417107
2645,-24.2133,-3.818,-28.0312,-29.25,-0.3984,2.0,0.0,0.9750808477401733,0.9728603959083557,0.7881578803062439,0.20999999344348907,0.8921130895614624,0.20432990789413452,0.6344449520111084,0.0295398011803627,0.027207711711525917
2650,-23.5301,-4.2059,-27.7359,-29.3594,-0.3203,2.0,0.0,0.9728370308876038,0.971695065498352,0.7936708927154541,0.19298245012760162,0.890625,0.23180970549583435,0.6042055487632751,0.03070584498345852,0.02880130521953106
2655,-23.0734,-4.8871,-27.9605,-29.3516,-0.3594,2.0,0.0,0.9622706174850464,0.9580910205841064,0.7497766017913818,0.2028343677520752,0.8500744104385376,0.2266402393579483,0.5815065503120422,0.043493468314409256,0.04388215020298958
2660,-23.4738,-4.6711,-28.1449,-29.3594,-0.5781,2.0,0.0,0.9590926170349121,0.9578742980957031,0.762071967124939,0.2168343961238861,0.8489583134651184,0.20903295278549194,0.599735677242279,0.0442708320915699,0.0424828976392746
2665,-23.2801,-4.8125,-28.0926,-28.8828,-0.9453,2.0,0.0,0.9653251767158508,0.9602579474449158,0.7431597709655762,0.17147856950759888,0.8348214030265808,0.21634016931056976,0.5907182693481445,0.044037625193595886,0.04442630708217621
2670,-22.7336,-5.2609,-27.9945,-29.0781,-0.5547,2.0,0.0,0.9620403051376343,0.9459773898124695,0.7936384677886963,0.18554216623306274,0.8195684552192688,0.22936101257801056,0.5676694512367249,0.050101056694984436,0.04839085787534714
2675,-21.0781,-6.6793,-27.7574,-28.6016,-1.0859,2.0,0.0,0.95688396692276,0.9303295016288757,0.6739130616188049,0.16123296320438385,0.7749255895614624,0.2659359574317932,0.4942863881587982,0.06972947716712952,0.06557058542966843
2680,-18.9363,-9.225,-28.1613,-26.4297,-2.0312,2.0,0.0,0.941418468952179,0.8830928206443787,0.5809751152992249,0.1178150624036789,0.6313244104385376,0.2740205228328705,0.39863184094429016,0.11400031298398972,0.10886971652507782
2685,-18.2871,-10.8305,-29.1176,-25.2812,-3.4141,2.0,0.0,0.9187244772911072,0.8266128897666931,0.5067114233970642,0.17157919704914093,0.5610119104385376,0.23767879605293274,0.35665422677993774,0.1389925330877304,0.1621968299150467
2690,-17.325,-11.1105,-28.4355,-23.125,-5.2656,2.0,0.0,0.9361761212348938,0.812366247177124,0.5276595950126648,0.15711544454097748,0.5323660969734192,0.2807447016239166,0.3268812298774719,0.14614428579807281,0.1417521834373474
2695,-16.3945,-13.5047,-29.8992,-21.2734,-7.0,2.0,0.0,0.8741152882575989,0.6757476925849915,0.4697524309158325,0.17574907839298248,0.503720223903656,0.23064365983009338,0.2625155448913574,0.18054260313510895,0.22182057797908783
2700,-17.6109,-12.3926,-30.0035,-23.3281,-5.3047,2.0,0.0,0.8778026700019836,0.7485228776931763,0.45782846212387085,0.20317460596561432,0.5044642686843872,0.20802238583564758,0.3157649338245392,0.16359607875347137,0.20813898742198944
2705,-17.8129,-11.8223,-29.6352,-24.75,-3.7266,2.0,0.0,0.9083303809165955,0.7797203063964844,0.4688745141029358,0.16597595810890198,0.5483630895614624,0.21836131811141968,0.333488792181015,0.1560945212841034,0.1875777393579483
2710,-15.8617,-14.1004,-29.9621,-21.0078,-5.5156,2.0,0.0,0.9103368520736694,0.7370145916938782,0.4185708463191986,0.08983022719621658,0.4304315447807312,0.23538556694984436,0.2372123748064041,0.18711131811141968,0.23581312596797943
2715,-15.9008,-13.5441,-29.4449,-21.8438,-4.5938,2.0,0.0,0.9144726991653442,0.7986746430397034,0.45757317543029785,0.06498061865568161,0.3958333432674408,0.25540268421173096,0.2463463991880417,0.18322449922561646,0.21054881811141968
2720,-15.1238,-14.9012,-30.025,-19.75,-6.6016,2.0,0.0,0.8842412233352661,0.7159414887428284,0.4822097420692444,0.04689742997288704,0.3348214328289032,0.2397388070821762,0.20456312596797943,0.20755596458911896,0.24366448819637299
2725,-15.1523,-19.902,-35.0543,-18.4922,-16.1953,2.0,0.0,0.7989528775215149,0.49091851711273193,0.2746940851211548,0.00884694792330265,0.1082589253783226,0.07423818111419678,0.07489894330501556,0.21917754411697388,0.5272077322006226
2730,-14.2312,-20.7785,-35.0098,-16.9922,-18.2578,2.0,0.0,0.7116658091545105,0.23999999463558197,0.2763324975967407,0.005028469953685999,0.0799851194024086,0.07629819959402084,0.0485851988196373,0.2450248748064041,0.5256141424179077
2735,-13.8738,-20.4445,-34.3184,-16.5625,-17.2891,2.0,0.0,0.7725959420204163,0.37452229857444763,0.2627486288547516,0.006796116475015879,0.1101190447807312,0.09417755156755447,0.061023011803627014,0.2599113881587982,0.48041045665740967
2740,-13.6293,-14.9816,-28.6109,-16.25,-9.125,2.0,0.0,0.912831723690033,0.5846982002258301,0.5297424793243408,0.049225881695747375,0.3582589328289032,0.3192630708217621,0.16612251102924347,0.21431903541088104,0.19581778347492218
2745,-13.4383,-14.9629,-28.4012,-16.2891,-9.6094,2.0,0.0,0.8977195620536804,0.5505443215370178,0.5942901372909546,0.04579710215330124,0.3537946343421936,0.34429416060447693,0.14995336532592773,0.20013214647769928,0.20114272832870483
2750,-14.1531,-14.6055,-28.7586,-17.0703,-8.8438,2.0,0.0,0.89644855260849,0.58003169298172,0.5830122828483582,0.08549650013446808,0.3392857015132904,0.29877954721450806,0.1962064653635025,0.21187034249305725,0.18866604566574097
2755,-13.2305,-17.3004,-30.5309,-14.4531,-12.0156,1.9983,0.0,0.8800802826881409,0.4363745450973511,0.4671655595302582,0.031193427741527557,0.1908482164144516,0.23239272832870483,0.12950870394706726,0.25450870394706726,0.2791122496128082
2760,-13.9105,-15.6883,-29.5988,-16.5,-8.7656,1.9926,0.0,0.8930197358131409,0.5351163148880005,0.5624797344207764,0.048514679074287415,0.2213541716337204,0.25614115595817566,0.17875465750694275,0.2395056039094925,0.2211209535598755
2765,-13.2848,-15.8066,-29.0914,-15.0156,-8.8516,2.0,0.0,0.8735539317131042,0.5370278358459473,0.5687397718429565,0.04788011685013771,0.2317708283662796,0.28894588351249695,0.1564054787158966,0.23748445510864258,0.21268656849861145
2770,-13.8855,-18.8988,-32.7844,-15.8203,-13.5469,2.0,0.0,0.8016695380210876,0.45387062430381775,0.373442143201828,0.020406121388077736,0.1618303507566452,0.13502798974514008,0.10995802283287048,0.2619713842868805,0.38856497406959534
2775,-14.4801,-15.2488,-29.7289,-18.0156,-8.5234,2.0,0.0,0.8963070511817932,0.649728536605835,0.4958599805831909,0.0394144132733345,0.3296130895614624,0.2683846354484558,0.17898787558078766,0.2065453976392746,0.24160447716712952
2780,-15.3539,-12.8473,-28.2012,-20.1172,-6.4531,2.0,0.0,0.9109799861907959,0.7314521074295044,0.5969144105911255,0.08806604892015457,0.4382440447807312,0.31611475348472595,0.24518035352230072,0.1788712739944458,0.1553560346364975
2785,-16.4535,-10.8566,-27.3102,-23.2734,-4.2188,2.0,0.0,0.9406835436820984,0.7902656197547913,0.6960390210151672,0.14843475818634033,0.4985119104385376,0.3525342047214508,0.29706934094429016,0.1354166716337204,0.11050217598676682
2790,-15.3531,-12.3051,-27.6582,-20.1094,-5.7891,2.0,0.0,0.9105027914047241,0.6934775710105896,0.7049064040184021,0.12338963896036148,0.464657723903656,0.34787002205848694,0.24790112674236298,0.1639847606420517,0.13576647639274597
2795,-14.559,-14.9797,-29.5387,-17.6953,-7.4062,2.0,0.0,0.8859458565711975,0.6565244197845459,0.5583071708679199,0.049287308007478714,0.2585565447807312,0.2685401141643524,0.1903373748064041,0.21031561493873596,0.22632929682731628
2800,-15.0594,-14.5355,-29.5949,-19.3438,-6.5234,2.0,0.0,0.9028297662734985,0.7113024592399597,0.5236440896987915,0.04789372533559799,0.2864583432674408,0.259600430727005,0.21218128502368927,0.20137593150138855,0.22236473858356476
2805,-13.6445,-22.143,-35.7875,-16.4375,-19.3672,2.0,0.0,0.6017315983772278,0.14308425784111023,0.14803457260131836,0.0020261299796402454,0.0584077388048172,0.03591417893767357,0.024448072537779808,0.27884018421173096,0.5563199520111084
2810,-15.3551,-20.8781,-36.2332,-18.6094,-18.8906,2.0,0.0,0.7909024357795715,0.3871733844280243,0.18296034634113312,0.002922304905951023,0.0784970223903656,0.0529773011803627,0.032726988196372986,0.1979943960905075,0.6118236780166626
2815,-15.4707,-21.8844,-37.3551,-19.375,-20.3125,2.0,0.0039,0.2171945720911026,0.02793296054005623,0.10549242794513702,0.0014550957130268216,0.0509672611951828,0.00858986284583807,0.013914801180362701,0.20522387325763702,0.667793869972229
2820,-12.0637,-21.1926,-33.2563,-13.7578,-17.5078,2.0,0.0609,0.6643646359443665,0.19803476333618164,0.28940755128860474,0.006401681806892157,0.0721726194024086,0.11256218701601028,0.05142257362604141,0.32474347949028015,0.40679416060447693
2825,-13.3875,-17.7879,-31.1754,-14.9141,-13.6719,2.0,0.0484,0.8505263328552246,0.519936203956604,0.43017175793647766,0.01565435156226158,0.173735111951828,0.20308613777160645,0.12185168266296387,0.26022231578826904,0.3103622496128082
2830,-14.0227,-13.5469,-27.5695,-17.4766,-7.4922,2.0,0.0,0.9091604948043823,0.6836050152778625,0.62972491979599,0.06622516363859177,0.3489583432674408,0.3555659055709839,0.20269745588302612,0.19640080630779266,0.14085820317268372
2835,-16.1953,-10.718,-26.9133,-21.8047,-4.9766,2.0,0.0,0.9598438739776611,0.7459503412246704,0.7724035382270813,0.13108910620212555,0.5245535969734192,0.37845927476882935,0.2879353165626526,0.13098569214344025,0.0981421023607254
2840,-13.8031,-12.8996,-26.7027,-17.25,-7.1719,2.0,0.0,0.9363662004470825,0.5879458785057068,0.6859389543533325,0.07704758644104004,0.519717276096344,0.4177938401699066,0.18959887325763702,0.16806592047214508,0.12006374448537827
2845,-13.132,-13.2023,-26.3344,-15.3828,-8.0703,2.0,0.0,0.9055055379867554,0.5551692247390747,0.7147989869117737,0.09697175770998001,0.5446428656578064,0.44053173065185547,0.16767723858356476,0.17307990789413452,0.11423352360725403
2850,-13.9707,-15.677,-29.6477,-16.0781,-9.8906,2.0,0.0,0.8640915751457214,0.4936380684375763,0.5500088334083557,0.07032645493745804,0.363095223903656,0.27168843150138855,0.1649564653635025,0.2195662260055542,0.23931126296520233
2855,-14.6379,-13.0383,-27.6762,-17.4141,-7.6406,2.0,0.0,0.902838408946991,0.5926716327667236,0.6767431497573853,0.14278046786785126,0.5148809552192688,0.3560323417186737,0.21851679682731628,0.17615050077438354,0.14482276141643524
2860,-15.2141,-12.2668,-27.4809,-19.3359,-6.2344,2.0,0.0,0.922013521194458,0.6360780596733093,0.7074092626571655,0.1448703557252884,0.5598958134651184,0.3683146834373474,0.23507462441921234,0.15422885119915009,0.13790422677993774
2865,-14.7988,-12.1902,-26.9891,-18.4766,-6.3359,2.0,0.0,0.9277310967445374,0.5830358862876892,0.7510697245597839,0.15835776925086975,0.5993303656578064,0.3931514322757721,0.22866137325763702,0.15442319214344025,0.11928638070821762
2870,-15.6027,-11.473,-27.0758,-21.9453,-4.6953,2.0,0.0,0.8953378796577454,0.7080023288726807,0.687467634677887,0.22469136118888855,0.6629464030265808,0.3709965944290161,0.2642257511615753,0.15010882914066315,0.1101912334561348
2875,-14.332,-14.775,-29.107,-17.2344,-7.625,2.0,0.0,0.8641449213027954,0.5039078593254089,0.5569691061973572,0.13446009159088135,0.4654017984867096,0.2918221354484558,0.18897698819637299,0.20775030553340912,0.20697294175624847
2880,-16.2992,-11.7008,-28.0,-21.9844,-4.4531,2.0,0.0,0.9160351157188416,0.7099099159240723,0.5949934124946594,0.1684153825044632,0.6804315447807312,0.32311099767684937,0.2804337739944458,0.14750465750694275,0.14447294175624847
2885,-15.118,-12.2539,-27.3719,-19.6094,-5.875,2.0,0.0,0.9055966138839722,0.6355155110359192,0.6660920977592468,0.1597812920808792,0.6532738208770752,0.3680814802646637,0.24164333939552307,0.15784358978271484,0.12795397639274597
2890,-15.7258,-11.4812,-27.207,-21.375,-4.5469,2.0,0.0,0.9242869019508362,0.7330671548843384,0.6563611626625061,0.14026562869548798,0.636532723903656,0.37064677476882935,0.26282650232315063,0.14206312596797943,0.11998600512742996
2895,-15.5469,-12.1848,-27.7316,-20.8906,-4.8125,2.0,0.0,0.9104979634284973,0.6972947716712952,0.6113074421882629,0.1348525434732437,0.6465773582458496,0.34654849767684937,0.25,0.15399564802646637,0.14497824013233185
2900,-14.8793,-11.7785,-26.6578,-20.8828,-5.0625,2.0,0.0,0.9336220622062683,0.7051129341125488,0.6460225582122803,0.10279406607151031,0.675967276096344,0.4128187298774719,0.22881685197353363,0.14120802283287048,0.11267879605293274
2905,-16.5238,-10.0715,-26.5953,-23.6094,-3.6172,2.0,0.0,0.9603498578071594,0.7743078470230103,0.6843625903129578,0.15084746479988098,0.745907723903656,0.39995336532592773,0.2962142527103424,0.10762593150138855,0.09172885864973068
2910,-13.5391,-16.1617,-29.7008,-15.2344,-10.3359,2.0,0.0,0.8952991366386414,0.42661505937576294,0.4542778432369232,0.04912696033716202,0.4665178656578064,0.29104477167129517,0.13055814802646637,0.21124844253063202,0.26267102360725403
2915,-13.059,-16.5641,-29.623,-14.2734,-10.3359,2.0,0.0,0.8978887796401978,0.3679019808769226,0.45043420791625977,0.0433480441570282,0.4289434552192688,0.2816775441169739,0.1300528645515442,0.2372123748064041,0.2465796023607254
2920,-13.9313,-20.5535,-34.4848,-16.7188,-17.0,2.0,0.0,0.8301126956939697,0.21107783913612366,0.23311546444892883,0.0073471940122544765,0.1584821492433548,0.09654850512742996,0.05192786082625389,0.24976679682731628,0.49727922677993774
2925,-14.8223,-21.3977,-36.2199,-18.3359,-18.9922,2.0,0.0,0.8420674800872803,0.18018017709255219,0.10709091275930405,0.0028020122554153204,0.1023065447807312,0.05414334684610367,0.017257463186979294,0.2137748748064041,0.6103466749191284
2930,-15.0797,-22.1473,-37.227,-19.1328,-20.4219,2.0,0.0,0.3300492465496063,0.003448275849223137,0.0744905099272728,0.0016018985770642757,0.053199402987957,0.00789023656398058,0.011271766386926174,0.22123755514621735,0.6551228165626526
2935,-14.2328,-21.7363,-35.9691,-17.7344,-19.4219,2.0,0.0322,0.7815356254577637,0.21068702638149261,0.12203865498304367,0.0038319327868521214,0.0941220223903656,0.04252176731824875,0.025458645075559616,0.24937811493873596,0.5781638622283936
2940,-15.1434,-22.3211,-37.4645,-18.7266,-20.625,2.0,0.0888,0.06557376682758331,0.009433962404727936,0.028315411880612373,0.0008674029959365726,0.0494791679084301,0.002370957750827074,0.004120024852454662,0.2168843299150467,0.6721470952033997
2945,-15.5617,-21.9566,-37.5184,-19.3281,-20.3359,2.0,0.1433,0.2269938588142395,0.008658008649945259,0.06754915416240692,0.002284539397805929,0.0558035708963871,0.006335509940981865,0.008978544734418392,0.19966574013233185,0.6805425882339478
2950,-15.7406,-21.9211,-37.6617,-19.5938,-20.2031,2.0,0.1878,0.18803419172763824,0.009852216579020023,0.05499597266316414,0.0028722684364765882,0.0505952388048172,0.004547574557363987,0.00789023656398058,0.1929415464401245,0.6901430487632751
2955,-15.6793,-22.0637,-37.743,-19.2188,-20.3906,2.0,0.2369,0.15000000596046448,0.0,0.02668003924190998,0.0009492433746345341,0.0498511902987957,0.0023320894688367844,0.0033426617737859488,0.1937577724456787,0.6960898637771606
2960,-15.3781,-22.1938,-37.5719,-19.4688,-20.2656,2.0,0.2969,0.050632912665605545,0.0,0.027871940284967422,0.0020525685977190733,0.0520833320915699,0.003070584498345852,0.004353233613073826,0.206389918923378,0.6817086338996887
2965,-15.4438,-22.1129,-37.5566,-19.2812,-20.3594,2.0,0.3517,0.11764705926179886,0.012500000186264515,0.03865194320678711,0.002850139746442437,0.0539434514939785,0.003303793491795659,0.006218905560672283,0.20413556694984436,0.6818641424179077
2970,-15.6039,-22.1066,-37.7105,-19.4062,-20.2969,2.0,0.4055,0.04545454680919647,0.0,0.024732884019613266,0.001456011668778956,0.0487351194024086,0.0017101990524679422,0.003303793491795659,0.1964396834373474,0.6940687298774719
2975,-15.8555,-21.7254,-37.5809,-19.5781,-20.2109,2.0,0.458,0.2291666716337204,0.0030674845911562443,0.08115345239639282,0.007018735632300377,0.0584077388048172,0.007462686393409967,0.01267101988196373,0.18870490789413452,0.6866837739944458
2980,-16.1152,-21.8199,-37.9352,-19.6562,-20.1719,2.0,0.5078,0.0,0.0,0.0277901291847229,0.004518974106758833,0.0479910708963871,0.002176616806536913,0.004625311121344566,0.17482897639274597,0.7138915061950684
2985,-15.7199,-22.0504,-37.7703,-19.4219,-20.2891,2.0,0.5634,0.024390242993831635,0.0,0.022644560784101486,0.002225684467703104,0.0476190485060215,0.0015935945557430387,0.0031483208294957876,0.19224192202091217,0.6985385417938232
2990,-15.5199,-22.1023,-37.6223,-19.3672,-20.3047,2.0,0.617,0.10810811072587967,0.0,0.026371510699391365,0.003857280593365431,0.0558035708963871,0.0028762437868863344,0.005519278813153505,0.20192009210586548,0.6852067708969116
2995,-14.2051,-22.2781,-36.4832,-17.8438,-19.6953,2.0,0.6736,0.6830870509147644,0.06451612710952759,0.06853725761175156,0.006859414279460907,0.0725446417927742,0.023670708760619164,0.012049129232764244,0.2534981369972229,0.606304407119751
3000,-16.3719,-21.7543,-38.1262,-19.5938,-20.2031,2.0,0.7285,0.0,0.0,0.012039660476148129,0.002564650494605303,0.0487351194024086,0.0010883084032684565,0.0023320894688367844,0.16464552283287048,0.7274564504623413
3005,-15.5984,-22.1645,-37.7629,-19.4375,-20.2344,2.0,0.7829,0.04545454680919647,0.0,0.008064515888690948,0.0008379888022318482,0.0494791679084301,0.0008550995262339711,0.0013215173967182636,0.19760571420192719,0.6957400441169739
3010,-15.4703,-22.2004,-37.6707,-19.5312,-20.2344,2.0,0.8416,0.0,0.0,0.012478402815759182,0.0025379278231412172,0.0476190485060215,0.0011271765688434243,0.0027596394065767527,0.2024642378091812,0.689171314239502
3015,-15.2844,-22.1738,-37.4582,-19.2812,-20.3594,2.0,0.8897,0.09473684430122375,0.010362694039940834,0.032275911420583725,0.006462781224399805,0.0535714291036129,0.0036924751475453377,0.007501554675400257,0.21074315905570984,0.6735851764678955
3020,-14.952,-22.1824,-37.1344,-18.1484,-20.2812,2.0,0.941,0.43283581733703613,0.015209125354886055,0.0582239106297493,0.005442258436232805,0.0606398805975914,0.010416666977107525,0.010222326032817364,0.22496891021728516,0.6499145030975342
3025,-14.6566,-20.7469,-35.4035,-17.2266,-17.9531,2.0,0.9864,0.8084187507629395,0.15271389484405518,0.19833996891975403,0.017182370647788048,0.1324404776096344,0.0720226988196373,0.04224969074130058,0.224774569272995,0.5564754605293274
3030,-13.5402,-13.6504,-27.1906,-14.6797,-8.5859,2.0,0.9052,0.9626894593238831,0.45348837971687317,0.548509955406189,0.1490521878004074,0.5461309552192688,0.40523943305015564,0.16713307797908783,0.17346858978271484,0.14968128502368927
3035,-12.4129,-15.1,-27.5129,-11.5625,-10.2266,2.0,0.7162,0.9451795816421509,0.2651747465133667,0.5522689819335938,0.1071428582072258,0.4222470223903656,0.39066386222839355,0.126787930727005,0.21155938506126404,0.1665111929178238
3040,-12.8211,-13.5512,-26.3723,-14.1719,-8.4297,1.9732,0.5775,0.9741379022598267,0.4948427081108093,0.5040650367736816,0.1515829861164093,0.515625,0.4463619291782379,0.15073071420192719,0.17688898742198944,0.12154073268175125
3045,-14.4359,-11.593,-26.0289,-18.4219,-6.6328,2.0,0.3794,0.979143500328064,0.6299024224281311,0.6047534942626953,0.23221422731876373,0.6346726417541504,0.45471858978271484,0.2110929787158966,0.13246268033981323,0.0972481369972229
3050,-17.916,-9.0672,-26.9832,-20.8984,-6.1328,2.0,0.1207,0.9873049855232239,0.698756754398346,0.7896507978439331,0.5379552245140076,0.7194940447807312,0.36127954721450806,0.3532727062702179,0.09238961338996887,0.08858053386211395
3055,-16.4211,-9.548,-25.9691,-20.8984,-5.7109,2.0,0.0,0.984933078289032,0.7191070914268494,0.6963087320327759,0.4537087082862854,0.7429315447807312,0.4385494291782379,0.29252177476882935,0.09266169369220734,0.07178948819637299
3060,-15.9273,-9.8605,-25.7879,-20.7734,-6.0312,2.0,0.0,0.9866284728050232,0.6908788681030273,0.7566539645195007,0.37760570645332336,0.7206101417541504,0.44764459133148193,0.28039491176605225,0.10222326219081879,0.06525964289903641
3065,-15.5074,-10.6148,-26.1223,-20.7734,-6.5,2.0,0.0,0.97995525598526,0.6902721524238586,0.6605384349822998,0.3201107084751129,0.6439732313156128,0.43435168266296387,0.25851213932037354,0.11839241534471512,0.08426617085933685
3070,-13.1676,-12.5523,-25.7199,-16.3359,-7.1719,2.0,0.0,0.9680196642875671,0.5992763638496399,0.5658249855041504,0.17534129321575165,0.5561755895614624,0.47399720549583435,0.171875,0.15854321420192719,0.09110696613788605
3075,-13.8531,-14.1543,-28.0074,-16.5859,-9.5078,2.0,0.0,0.9579423666000366,0.5686360597610474,0.5085657238960266,0.1014065369963646,0.4029017984867096,0.35210666060447693,0.17696672677993774,0.19511815905570984,0.17133083939552307
3080,-13.7844,-12.2375,-26.0219,-17.9766,-6.5859,2.0,0.0,0.9698110222816467,0.6305617094039917,0.5686073303222656,0.18379685282707214,0.5710565447807312,0.45448538661003113,0.19305814802646637,0.15154695510864258,0.0964319035410881
3085,-13.752,-12.4559,-26.2078,-16.4062,-7.7109,2.0,0.0,0.9677532911300659,0.584528386592865,0.6100674271583557,0.17433319985866547,0.5479910969734192,0.4411536157131195,0.19243626296520233,0.1613806039094925,0.10055192559957504
3090,-12.7168,-12.9172,-25.634,-14.7656,-7.9688,1.9847,0.0,0.964613139629364,0.5347011089324951,0.5692126750946045,0.14856429398059845,0.5755208134651184,0.48328667879104614,0.15345148742198944,0.16538402438163757,0.09340018779039383
3095,-12.7348,-15.2977,-28.0324,-14.3125,-11.9453,1.932,0.0,0.9495718479156494,0.43767061829566956,0.4503447115421295,0.07565588504076004,0.423735111951828,0.36765390634536743,0.12814831733703613,0.20860540866851807,0.19111473858356476
3100,-13.5891,-12.9938,-26.5828,-16.0156,-8.4688,1.8958,0.0,0.9644937515258789,0.547579288482666,0.6008375287055969,0.16885359585285187,0.478422611951828,0.42035913467407227,0.18625621497631073,0.1763448417186737,0.11256218701601028
3105,-12.4477,-16.2047,-28.6523,-12.6328,-13.1484,1.8845,0.0,0.9271553754806519,0.2739262878894806,0.4782390296459198,0.07307196408510208,0.3504464328289032,0.337220162153244,0.11493314802646637,0.23219838738441467,0.21117070317268372
3110,-11.766,-17.009,-28.775,-12.4531,-13.4141,1.8402,0.0,0.9124554395675659,0.24698133766651154,0.46539968252182007,0.0533989779651165,0.2503720223903656,0.31611475348472595,0.10622668266296387,0.2679182291030884,0.20526275038719177
3115,-12.6906,-14.9582,-27.6488,-14.1641,-10.5078,1.7824,0.0,0.9435202479362488,0.3980419635772705,0.5471113324165344,0.0926886796951294,0.3586309552192688,0.3784981369972229,0.13895367085933685,0.21326959133148193,0.1648010015487671
3120,-14.9781,-10.5566,-25.5348,-18.1719,-7.0156,1.8287,0.0,0.9841322302818298,0.6562398672103882,0.7889845371246338,0.28135403990745544,0.636904776096344,0.4727534055709839,0.2398165464401245,0.11291199922561646,0.07004041969776154
3125,-14.0391,-12.041,-26.0801,-16.4531,-8.2266,1.8093,0.0,0.9760562181472778,0.5286502838134766,0.7361254096031189,0.25253379344940186,0.486235111951828,0.44803327322006226,0.2041744440793991,0.1512748748064041,0.0920398011803627
3130,-11.9438,-17.7293,-29.673,-12.7344,-13.3672,1.7717,0.0,0.9217621088027954,0.1702747642993927,0.42152079939842224,0.05577873811125755,0.1997767835855484,0.2796952724456787,0.09336131811141968,0.2709110677242279,0.2515547275543213
3135,-12.0645,-15.7043,-27.7687,-12.9531,-11.9453,1.7152,0.0,0.9595137238502502,0.3280027210712433,0.4670162498950958,0.06871931999921799,0.3288690447807312,0.3772932291030884,0.11423352360725403,0.22978855669498444,0.17420709133148193
3140,-13.9242,-11.952,-25.8762,-16.6328,-7.8203,1.6872,0.0,0.9866030216217041,0.5834970474243164,0.6595802903175354,0.18092386424541473,0.5401785969734192,0.4642024338245392,0.1978389322757721,0.14260727167129517,0.09087375551462173
3145,-15.0879,-11.0684,-26.1562,-17.3359,-7.7266,1.6712,0.0,0.9862197637557983,0.604912519454956,0.7265697717666626,0.29828324913978577,0.616815447807312,0.4371890425682068,0.2421097606420517,0.1256607621908188,0.09056281298398972
3150,-16.1277,-9.7539,-25.8816,-20.0781,-6.2734,1.7084,0.0,0.9895870685577393,0.708701491355896,0.7784522175788879,0.3474676012992859,0.6934523582458496,0.43672263622283936,0.290345162153244,0.1024564653635025,0.0659981369972229
3155,-18.4254,-8.0238,-26.4492,-20.5234,-6.6719,1.8283,0.0,0.9945405125617981,0.7480517029762268,0.8967421054840088,0.6431273818016052,0.7942708134651184,0.3844449520111084,0.37904229760169983,0.0703902393579483,0.06164490059018135
3160,-15.9863,-9.8891,-25.8754,-21.1719,-6.0781,1.8764,0.0,0.9895047545433044,0.6942998170852661,0.7214029431343079,0.4064311981201172,0.7020089030265808,0.44811099767684937,0.27615827322006226,0.09752020984888077,0.0737328976392746
3165,-14.6887,-11.1965,-25.8852,-19.1797,-6.1719,1.9125,0.0,0.9859817028045654,0.6450120210647583,0.6856037974357605,0.2489510476589203,0.5758928656578064,0.45471858978271484,0.22675684094429016,0.13067474961280823,0.08337219804525375
3170,-13.1855,-12.9453,-26.1309,-16.0625,-8.0,1.9122,0.0,0.9745189547538757,0.5246677398681641,0.588720440864563,0.17966628074645996,0.4858630895614624,0.44846081733703613,0.1725357621908188,0.17436255514621735,0.10016324371099472
3175,-14.5977,-10.9227,-25.5203,-18.7734,-6.5625,1.9145,0.0,0.9846503734588623,0.6487237215042114,0.7201713919639587,0.2766287624835968,0.6138392686843872,0.4785836338996887,0.22384172677993774,0.11792599409818649,0.07517102360725403
3180,-13.7953,-12.532,-26.3273,-15.5703,-7.9062,1.9363,0.0,0.9843928813934326,0.5018579959869385,0.6524117588996887,0.18743380904197693,0.527529776096344,0.44080379605293274,0.18827736377716064,0.1563277393579483,0.11011349409818649
3185,-14.4504,-11.4305,-25.8809,-18.2734,-6.9062,1.9236,0.0,0.9863882064819336,0.6118242740631104,0.6741605997085571,0.22384752333164215,0.6041666865348816,0.4597325921058655,0.21497978270053864,0.13312344253063202,0.08768656849861145
3190,-13.848,-12.1125,-25.9605,-17.5,-7.1172,1.9005,0.0,0.9827104210853577,0.5889644026756287,0.5816649198532104,0.20875972509384155,0.5877976417541504,0.45860540866851807,0.1944185346364975,0.1475435346364975,0.09495491534471512
3195,-11.9875,-14.2926,-26.2801,-12.3047,-9.2109,1.8754,0.0,0.9692002534866333,0.3754693269729614,0.4814380705356598,0.16012759506702423,0.4858630895614624,0.4505208432674408,0.12422263622283936,0.19892723858356476,0.12185168266296387
3200,-14.6117,-10.8852,-25.4969,-18.2188,-6.7812,1.8599,0.0,0.9857397675514221,0.652543842792511,0.6627790927886963,0.301857590675354,0.663690447807312,0.47971081733703613,0.22384172677993774,0.11664334684610367,0.07532649487257004
3205,-16.3117,-9.5359,-25.8477,-21.1641,-5.8828,1.9322,0.0,0.9944075345993042,0.6979531645774841,0.7744680643081665,0.3928571343421936,0.757440447807312,0.4448072016239166,0.2886349558830261,0.09134017676115036,0.07074005156755447
3210,-14.9891,-10.6062,-25.5953,-19.5859,-6.6484,1.9609,0.0,0.9921549558639526,0.6353234052658081,0.7324684262275696,0.26392504572868347,0.694940447807312,0.47562965750694275,0.234375,0.11085198819637299,0.07466573268175125
3215,-12.5453,-13.7559,-26.3012,-13.1484,-8.9062,1.9457,0.0,0.9780011773109436,0.3788209557533264,0.5358902812004089,0.1311848908662796,0.5479910969734192,0.4523087739944458,0.142412930727005,0.1813977062702179,0.11940298229455948
3220,-12.1512,-18.0012,-30.1523,-13.2812,-14.2656,1.904,0.0,0.9579553604125977,0.21673719584941864,0.3203195631504059,0.03095173090696335,0.2868303656578064,0.2699393630027771,0.08267257362604141,0.25785136222839355,0.2850590944290161
3225,-12.698,-20.525,-33.223,-14.5781,-16.6641,1.8824,0.0,0.9133443832397461,0.11082251369953156,0.20024876296520233,0.014768505468964577,0.1577380895614624,0.14039179682731628,0.044892724603414536,0.28125,0.42898786067962646
3230,-12.8105,-12.8457,-25.6562,-15.1406,-8.0391,1.8303,0.0,0.9829114675521851,0.5300809144973755,0.5307113528251648,0.11220311373472214,0.597842276096344,0.4867459535598755,0.15376244485378265,0.16009794175624847,0.09491604566574097
3235,-11.7043,-14.2648,-25.9691,-11.1875,-9.8047,1.7935,0.0,0.9760622978210449,0.2656608819961548,0.5318689942359924,0.11670805513858795,0.5059523582458496,0.4692552983760834,0.11850901693105698,0.19818873703479767,0.10956934094429016
3240,-11.3945,-14.7133,-26.1078,-11.0625,-10.0078,1.7336,0.0,0.9731660485267639,0.2480091005563736,0.5,0.08268982917070389,0.4613095223903656,0.4678560197353363,0.10249533504247665,0.20436878502368927,0.12080223858356476
3245,-12.6199,-12.7219,-25.3418,-12.8047,-8.9609,1.6793,0.0,0.9864049553871155,0.3776167333126068,0.6810810565948486,0.14041095972061157,0.5770089030265808,0.5089008212089539,0.14482276141643524,0.15100279450416565,0.09079602360725403
3250,-15.3863,-9.9922,-25.3785,-18.4219,-7.0312,1.7114,0.0,0.9957874417304993,0.6496650576591492,0.853945791721344,0.31182795763015747,0.7135416865348816,0.47978857159614563,0.2552860677242279,0.09899719804525375,0.06145055964589119
3255,-17.3926,-8.3363,-25.7289,-21.5312,-6.0625,1.7781,0.0,0.9974176287651062,0.7703542113304138,0.8922652006149292,0.40567484498023987,0.824032723903656,0.43648943305015564,0.33799752593040466,0.07035136967897415,0.05068407952785492
3260,-17.6719,-8.1176,-25.7895,-21.6875,-5.5625,1.8674,0.0,0.9985589385032654,0.7557685971260071,0.9432288408279419,0.4847058951854706,0.8608630895614624,0.4315531849861145,0.34868624806404114,0.06572605669498444,0.049556903541088104
3265,-16.0039,-9.2773,-25.2812,-20.3672,-6.3516,1.9123,0.0,0.9974201917648315,0.660881757736206,0.921800971031189,0.40405502915382385,0.8337053656578064,0.4821206331253052,0.27771300077438354,0.08201181888580322,0.05367692932486534
3270,-16.15,-9.0777,-25.2277,-20.1406,-5.75,1.9581,0.0,0.9978989958763123,0.6814314723014832,0.9038751721382141,0.4100549817085266,0.870907723903656,0.48099347949028015,0.2878187298774719,0.0772310346364975,0.0494791679084301
3275,-18.6793,-7.5746,-26.2539,-23.1328,-5.4375,2.0,0.0,0.9985289573669434,0.7557206153869629,0.9413769841194153,0.6466005444526672,0.9133184552192688,0.3963386118412018,0.3872823417186737,0.057019591331481934,0.05488184094429016
3280,-18.0301,-7.9965,-26.0266,-22.0,-4.6562,2.0,0.0,0.9978727102279663,0.7384682297706604,0.938144326210022,0.5680593252182007,0.8999255895614624,0.4202425479888916,0.3572761118412018,0.060323383659124374,0.05768034979701042
3285,-17.498,-8.2168,-25.7148,-22.3359,-5.7656,2.0,0.0,0.9981321692466736,0.728823184967041,0.914534866809845,0.5468018651008606,0.917782723903656,0.4369947016239166,0.34184545278549194,0.06685323268175125,0.04982898011803627
3290,-18.7129,-7.5508,-26.2637,-23.3438,-4.9219,2.0,0.0,0.9965308904647827,0.7703330516815186,0.9224194884300232,0.5797101259231567,0.9155505895614624,0.39214086532592773,0.3933069109916687,0.059118468314409256,0.050956156104803085
3295,-16.7199,-8.8859,-25.6059,-22.5781,-4.4844,2.0,0.0,0.9965724349021912,0.7217817902565002,0.8321501016616821,0.40799447894096375,0.8541666865348816,0.45359140634536743,0.30888524651527405,0.07664801180362701,0.0563976988196373
3300,-15.3902,-10.2375,-25.6277,-20.0391,-5.9062,2.0,0.0,0.9918244481086731,0.6232635974884033,0.8021449446678162,0.3192436099052429,0.7470238208770752,0.4659126102924347,0.2546253204345703,0.10509949922561646,0.06988494843244553
3305,-14.5746,-11.209,-25.7836,-18.0703,-6.6562,2.0,0.0,0.9897001385688782,0.49831411242485046,0.7899587154388428,0.2884182035923004,0.711309552192688,0.4679337739944458,0.21902208030223846,0.1223180964589119,0.08624844253063202
3310,-12.2641,-13.5449,-25.809,-11.5312,-9.4453,2.0,0.0,0.9745532870292664,0.234048992395401,0.6594235897064209,0.12141592800617218,0.5688244104385376,0.48725125193595886,0.12853699922561646,0.1699315905570984,0.10980255156755447
3315,-12.1422,-13.0105,-25.1527,-11.9219,-9.3438,1.9975,0.0,0.9800089001655579,0.22920460999011993,0.7323485016822815,0.13458187878131866,0.590029776096344,0.5230099558830261,0.12803171575069427,0.15523943305015564,0.08924129605293274
3320,-12.4141,-16.2086,-28.6227,-11.9688,-12.1328,1.9422,0.0,0.9550638794898987,0.08976598083972931,0.5660538077354431,0.039024390280246735,0.3348214328289032,0.34079602360725403,0.11127953976392746,0.22831156849861145,0.21513526141643524
3325,-11.3547,-16.7793,-28.134,-11.3594,-12.25,1.8708,0.0,0.9504456520080566,0.04397163167595863,0.4738588035106659,0.025918761268258095,0.3043154776096344,0.3662935197353363,0.08220615983009338,0.24607431888580322,0.20094838738441467
3330,-10.6043,-18.3914,-28.9957,-10.0234,-14.7578,1.7855,0.0,0.9001763463020325,0.02067415788769722,0.4423653483390808,0.017042115330696106,0.161086305975914,0.28657492995262146,0.08648165315389633,0.3240438401699066,0.19842195510864258
3335,-10.8742,-15.2664,-26.1406,-9.9453,-11.1641,1.7053,0.0,0.9537656307220459,0.050197627395391464,0.650354266166687,0.035932447761297226,0.2607886791229248,0.453125,0.09833644330501556,0.23589086532592773,0.10817008465528488
3340,-10.8582,-19.2418,-30.1,-11.5703,-16.4219,1.6194,0.0,0.8541405200958252,0.01295045018196106,0.41566774249076843,0.009352843277156353,0.0963541641831398,0.24782338738441467,0.06902985274791718,0.32101213932037354,0.2576570212841034
3345,-11.1707,-19.6516,-30.8223,-11.0312,-17.8516,1.5379,0.0,0.828170120716095,0.021032504737377167,0.41543230414390564,0.014484521001577377,0.0703125,0.2019978165626526,0.08131218701601028,0.33850279450416565,0.27370956540107727
3350,-10.2891,-20.9578,-31.2469,-9.6719,-19.9141,1.4559,0.0,0.7849913835525513,0.0077720205299556255,0.33000293374061584,0.00861313845962286,0.0584077388048172,0.15745490789413452,0.07501554489135742,0.3968050479888916,0.26624688506126404
3355,-10.5961,-17.775,-28.3711,-10.1328,-14.2812,1.3581,0.0,0.907579243183136,0.014634146355092525,0.5042303204536438,0.012918764725327492,0.1238839253783226,0.3225668668746948,0.0876476988196373,0.3077969551086426,0.17751088738441467
3360,-9.543,-19.0352,-28.5781,-8.5391,-15.5234,1.2653,0.0,0.8750851154327393,0.013908873312175274,0.40525487065315247,0.01610148884356022,0.120163694024086,0.2853311598300934,0.08104011416435242,0.36983054876327515,0.15932057797908783
3365,-10.7574,-19.9484,-30.7059,-10.6172,-18.2812,1.1662,0.0,0.8560962080955505,0.01012373436242342,0.35842373967170715,0.011875452473759651,0.0773809552192688,0.20689521729946136,0.06910758465528488,0.3511349558830261,0.2683846354484558
3370,-10.5492,-15.8496,-26.3988,-9.6953,-11.4062,1.0806,0.0,0.9431428909301758,0.031148867681622505,0.6024114489555359,0.030335096642374992,0.2414434552192688,0.43135884404182434,0.09608209133148193,0.2578902244567871,0.1101912334561348
3375,-10.5469,-15.6926,-26.2395,-9.75,-11.5312,1.0059,0.0,0.941321611404419,0.048869144171476364,0.6064337491989136,0.03202060982584953,0.265625,0.4411536157131195,0.09623756259679794,0.2525264322757721,0.10560479015111923
3380,-11.2395,-17.3531,-28.5926,-10.2266,-13.9062,0.9228,0.0,0.9278514981269836,0.028374232351779938,0.5179100632667542,0.025462012737989426,0.1964285671710968,0.3162313401699066,0.10136815905570984,0.2886349558830261,0.189287930727005
3385,-10.8262,-16.3691,-27.1953,-9.8203,-11.8125,0.8537,0.0,0.9409736394882202,0.034508347511291504,0.5741374492645264,0.027369633316993713,0.2455357164144516,0.3832400441169739,0.10474968701601028,0.2726212739944458,0.13491137325763702
3390,-11.7449,-13.3492,-25.0941,-11.0078,-9.7891,0.7866,0.0,0.9840371012687683,0.16026081144809723,0.7340225577354431,0.0667838305234909,0.5219494104385376,0.5283737778663635,0.11326181888580322,0.16542288661003113,0.0884639322757721
3395,-14.7879,-9.8262,-24.6141,-18.7812,-6.6641,0.7813,0.0,0.9972447752952576,0.6117066740989685,0.9266572594642639,0.2226688116788864,0.871279776096344,0.5360696315765381,0.2284281700849533,0.08267257362604141,0.048351988196372986
3400,-14.9145,-10.091,-25.0055,-18.4844,-6.7422,0.7943,0.0,0.9971221089363098,0.5850796103477478,0.8954446911811829,0.23052363097667694,0.8549107313156128,0.513215184211731,0.2318485677242279,0.08959110826253891,0.060867536813020706
3405,-16.798,-8.6031,-25.4012,-22.3203,-5.0938,0.8443,0.0,0.9974924921989441,0.7418757081031799,0.9477234482765198,0.29152822494506836,0.8690476417541504,0.4650186598300934,0.31456002593040466,0.06914645433425903,0.046797264367341995
3410,-15.3004,-9.5676,-24.868,-19.4766,-6.6562,0.9012,0.0,0.9987860321998596,0.623998761177063,0.9500713348388672,0.27351778745651245,0.886904776096344,0.5122823119163513,0.25233209133148193,0.08173973858356476,0.04916822165250778
3415,-15.8031,-9.5617,-25.3648,-19.1094,-6.7109,0.9198,0.0,0.9968066811561584,0.608566164970398,0.9609442353248596,0.29598894715309143,0.8898809552192688,0.4746968150138855,0.27405938506126404,0.09056281298398972,0.05620335787534714
3420,-14.4812,-10.3762,-24.8574,-17.3828,-7.3047,0.9608,0.0,0.9963768124580383,0.49712952971458435,0.9163576364517212,0.2468646913766861,0.8995535969734192,0.5256530046463013,0.21665112674236298,0.09433302283287048,0.05888526141643524
3425,-13.6621,-11.4121,-25.0742,-15.0156,-8.3125,0.9469,0.0,0.9932336807250977,0.3784886300563812,0.8377383947372437,0.1975308656692505,0.8125,0.5227378606796265,0.18104788661003113,0.11617692559957504,0.07555969804525375
3430,-12.6371,-12.0125,-24.6496,-12.3203,-9.1562,0.9325,0.0,0.9911110997200012,0.26774364709854126,0.8053284883499146,0.12877939641475677,0.7786458134651184,0.550956130027771,0.14676617085933685,0.12838153541088104,0.0694185346364975
3435,-11.8746,-14.4105,-26.2852,-10.4219,-10.4219,0.884,0.0,0.9710792303085327,0.08120805025100708,0.6350569128990173,0.052961453795433044,0.555059552192688,0.46097636222839355,0.11582711338996887,0.19469061493873596,0.1240282952785492
3440,-12.1277,-12.2531,-24.3809,-11.3359,-9.5781,0.8305,0.0,0.9909603595733643,0.19694608449935913,0.8059121966362,0.09779536724090576,0.7377232313156128,0.5718672275543213,0.12472791969776154,0.13016946613788605,0.06875777244567871
3445,-13.0285,-11.3574,-24.3859,-13.2109,-8.9922,0.7921,0.0,0.9947622418403625,0.3074604272842407,0.8851622343063354,0.18390092253684998,0.8385416865348816,0.5714008212089539,0.15473413467407227,0.10661535710096359,0.06277208030223846
3450,-13.9965,-10.7984,-24.7949,-15.6484,-8.0312,0.7939,0.0,0.9959040284156799,0.44862744212150574,0.9114877581596375,0.22008679807186127,0.8467261791229248,0.5314054489135742,0.19822761416435242,0.103194959461689,0.06269434094429016
3455,-15.1359,-9.9164,-25.0523,-18.3828,-7.1797,0.817,0.0,0.9990003108978271,0.54972904920578,0.9672272801399231,0.2688842713832855,0.8991815447807312,0.5054415464401245,0.24385882914066315,0.09013526141643524,0.05608675256371498
3460,-13.8609,-10.7355,-24.5965,-15.6875,-8.0,0.8234,0.0,0.9978511333465576,0.47498494386672974,0.9397270679473877,0.1700819730758667,0.8017113208770752,0.54263836145401,0.1934468299150467,0.1025342047214508,0.05690298601984978
3465,-12.6297,-11.8996,-24.5293,-11.8047,-9.4375,0.8017,0.0,0.9942088723182678,0.27624616026878357,0.8762651085853577,0.08346623927354813,0.7395833134651184,0.5637826323509216,0.1395755559206009,0.11905317008495331,0.07311100512742996
3470,-12.8527,-11.968,-24.8207,-12.9688,-9.1953,0.7661,0.0,0.9933333396911621,0.2951074242591858,0.8766253590583801,0.1015625,0.6860119104385376,0.5422108173370361,0.1501477062702179,0.12853699922561646,0.0746268630027771
3475,-12.4609,-11.9582,-24.4191,-11.6719,-9.4922,0.7313,0.0,0.9943720102310181,0.2693716585636139,0.8849612474441528,0.13089622557163239,0.6569940447807312,0.5663090944290161,0.1379431039094925,0.12534981966018677,0.0659203976392746
3480,-12.6988,-11.9945,-24.6934,-11.7812,-9.5078,0.6982,0.0,0.9927843809127808,0.27565982937812805,0.9029303789138794,0.0996270626783371,0.6726190447807312,0.549440324306488,0.14579446613788605,0.12733209133148193,0.07295553386211395
3485,-12.509,-12.3402,-24.8492,-11.4062,-9.7656,0.6594,0.0,0.9925458431243896,0.22630231082439423,0.8705714344978333,0.0934939756989479,0.6357886791229248,0.5422885417938232,0.13654384016990662,0.13603855669498444,0.0806514322757721
3490,-12.6984,-12.0949,-24.7934,-11.6328,-9.5938,0.6221,0.0,0.9929006695747375,0.26642143726348877,0.8767123222351074,0.08700155466794968,0.6986607313156128,0.5420165061950684,0.14793221652507782,0.13051928579807281,0.07505441457033157
3495,-12.3332,-12.8852,-25.2184,-10.8828,-9.7812,0.5868,0.0,0.9901283979415894,0.16854599118232727,0.8283992409706116,0.05840336158871651,0.5967261791229248,0.5236707329750061,0.13098569214344025,0.1483597606420517,0.09250622242689133
3500,-11.7762,-13.3301,-25.1063,-10.3828,-10.125,0.5332,0.0,0.9853900671005249,0.09553512930870056,0.7781140804290771,0.055530473589897156,0.5528273582458496,0.52409827709198,0.11839241534471512,0.16693873703479767,0.08609297126531601
3505,-11.8629,-13.4883,-25.3512,-10.3594,-10.1719,0.4739,0.0,0.9875695705413818,0.10427296161651611,0.7556262612342834,0.06354515254497528,0.5327380895614624,0.5096781849861145,0.12189054489135742,0.1709810346364975,0.09297263622283936
3510,-12.0918,-12.2137,-24.3055,-11.1328,-9.7266,0.4211,0.0,0.9939246773719788,0.20424319803714752,0.8434495329856873,0.09885057806968689,0.675967276096344,0.5757929086685181,0.12274564802646637,0.12935324013233185,0.0676305964589119
3515,-12.95,-11.8156,-24.7656,-12.0391,-9.3672,0.3879,0.0,0.9959862232208252,0.2853965759277344,0.8861635327339172,0.12788823246955872,0.745907723903656,0.5422885417938232,0.1572994440793991,0.12360074371099472,0.07233364135026932
3520,-12.443,-12.4582,-24.9012,-11.4766,-9.625,0.3478,0.0,0.9912540912628174,0.20388077199459076,0.8112637400627136,0.09308113157749176,0.6953125,0.5377410054206848,0.13821516931056976,0.14148010313510895,0.07808613032102585
3525,-12.1266,-12.6363,-24.7629,-11.0234,-9.7578,0.3037,0.0,0.9893510341644287,0.1976463496685028,0.7832223773002625,0.0853966623544693,0.671875,0.5438432693481445,0.12880907952785492,0.14594994485378265,0.07692008465528488
3530,-13.2441,-11.2777,-24.5219,-12.8438,-9.1406,0.2702,0.0,0.9953593015670776,0.38934993743896484,0.8818870782852173,0.09835025668144226,0.8251488208770752,0.5527829527854919,0.168610081076622,0.1128731369972229,0.06125621870160103
3535,-13.4039,-10.9875,-24.3914,-15.0938,-8.4141,0.2573,0.0,0.9968159198760986,0.44878706336021423,0.90643709897995,0.1286589503288269,0.7916666865348816,0.5615283250808716,0.17304104566574097,0.10385572165250778,0.05709732696413994
3540,-14.0137,-11.0324,-25.0461,-15.0312,-8.4688,0.2488,0.0,0.997207522392273,0.454615980386734,0.9294719099998474,0.1365509182214737,0.7529761791229248,0.5150030851364136,0.20040422677993774,0.11407804489135742,0.06603699922561646
3545,-14.1027,-10.2555,-24.3582,-16.0703,-7.4219,0.2595,0.0,0.9980427622795105,0.5465139150619507,0.9425942301750183,0.20874904096126556,0.8467261791229248,0.5560478568077087,0.20013214647769928,0.08869714289903641,0.05064520984888077
3550,-14.491,-10.2898,-24.7809,-16.2969,-7.7656,0.2637,0.0,0.9981569051742554,0.540790855884552,0.9452110528945923,0.19456365704536438,0.827752947807312,0.5272077322006226,0.21820583939552307,0.09577114135026932,0.05433768779039383
3555,-13.5992,-11.3656,-24.9648,-13.9766,-8.9844,0.2598,0.0,0.9979829788208008,0.38128140568733215,0.9117925763130188,0.15160350501537323,0.7447916865348816,0.5202891826629639,0.1856343299150467,0.12293998897075653,0.06665889173746109
3560,-12.7672,-11.5789,-24.3461,-12.1328,-9.6484,0.2239,0.0,0.9965287446975708,0.32595521211624146,0.8960645794868469,0.118354432284832,0.722842276096344,0.5710510015487671,0.14750465750694275,0.115555040538311,0.06141168996691704
3565,-11.9324,-12.7094,-24.6418,-10.2031,-10.3672,0.1793,0.0,0.9903785586357117,0.15377144515514374,0.8548344373703003,0.06969540566205978,0.5639880895614624,0.5534437298774719,0.12006374448537827,0.1467272937297821,0.07528762519359589
3570,-11.6531,-13.527,-25.1801,-10.1406,-10.5156,0.1252,0.0,0.9867405891418457,0.07603136450052261,0.7860174179077148,0.046470846980810165,0.4754464328289032,0.5188510417938232,0.11400031298398972,0.17401275038719177,0.08865827322006226
3575,-11.4309,-13.4559,-24.8867,-10.0156,-10.7188,0.0616,0.0,0.9919865727424622,0.06781447678804398,0.7924866080284119,0.03458646684885025,0.441220223903656,0.5335432291030884,0.11061877757310867,0.1738184094429016,0.07754197716712952
3580,-11.8191,-13.0965,-24.9156,-9.9922,-10.4609,0.0009,0.0,0.992437481880188,0.10283687710762024,0.8275278210639954,0.049707602709531784,0.5212053656578064,0.5345149040222168,0.12056902796030045,0.16068096458911896,0.079757459461689
3585,-11.8668,-13.5109,-25.3777,-10.2109,-10.7734,0.0,0.0,0.9876306056976318,0.07158836722373962,0.8012034893035889,0.041943520307540894,0.5089285969734192,0.5059079527854919,0.12161847203969955,0.1744014322757721,0.09359452873468399
3590,-11.9551,-12.5598,-24.5148,-10.3125,-10.1016,0.0,0.0,0.9939846396446228,0.10929486900568008,0.8530147075653076,0.05543595179915428,0.6700148582458496,0.5621501803398132,0.12126865983009338,0.1398864984512329,0.07221703976392746
3595,-12.5434,-12.1531,-24.6965,-10.9688,-9.7734,0.0,0.0,0.9930433630943298,0.2034040242433548,0.8875305652618408,0.06861238926649094,0.738095223903656,0.5531327724456787,0.13930347561836243,0.12717661261558533,0.07590951770544052
3600,-12.7363,-12.141,-24.8773,-11.1875,-9.6641,0.0,0.0,0.9954460263252258,0.23526343703269958,0.8678362369537354,0.09067623317241669,0.714657723903656,0.5377021431922913,0.14902052283287048,0.13292910158634186,0.07587064802646637
3605,-12.7305,-11.6652,-24.3957,-11.875,-9.5078,0.0,0.0,0.9963681101799011,0.29130318760871887,0.90594881772995,0.06102719157934189,0.7764136791229248,0.5672030448913574,0.14703825116157532,0.11695428937673569,0.06432680040597916
3610,-12.1438,-12.0852,-24.2289,-10.6484,-9.8984,0.0,0.0,0.9947347640991211,0.17926906049251556,0.8670865893363953,0.07824540883302689,0.7295386791229248,0.5831778645515442,0.123367540538311,0.12340640276670456,0.06557058542966843
3615,-12.2723,-12.3426,-24.6148,-10.8125,-9.8281,0.0,0.0,0.9933645129203796,0.15955254435539246,0.849303126335144,0.05313496291637421,0.7447916865348816,0.5564754605293274,0.13203513622283936,0.1338619440793991,0.07314987480640411
3620,-12.175,-12.4902,-24.6652,-10.7891,-10.2031,0.0,0.0,0.9961327314376831,0.12451127916574478,0.8588072061538696,0.048728812485933304,0.6893601417541504,0.5527829527854919,0.1292366236448288,0.14011971652507782,0.07338308542966843
3625,-12.7484,-12.4812,-25.2297,-10.7969,-10.0469,0.0,0.0,0.9959300756454468,0.15998952090740204,0.8974912166595459,0.06322351098060608,0.6897321343421936,0.5157027244567871,0.1484375,0.14408425986766815,0.08729788661003113
3630,-12.6586,-11.9391,-24.5977,-11.125,-9.9062,0.0,0.0,0.9953345656394958,0.22384823858737946,0.8920472860336304,0.1027987077832222,0.7611607313156128,0.5581856369972229,0.14342351257801056,0.12169620394706726,0.07221703976392746
3635,-13.3895,-11.2027,-24.5922,-13.125,-9.1641,0.0,0.0,0.9980165958404541,0.36926501989364624,0.9236878156661987,0.11060507595539093,0.8151041865348816,0.548701822757721,0.17451803386211395,0.11256218701601028,0.05974036082625389
3640,-13.177,-11.4062,-24.5832,-11.8516,-9.6016,0.0,0.0,0.9967008233070374,0.31214821338653564,0.9438828825950623,0.1107766404747963,0.816592276096344,0.5537158250808716,0.16573382914066315,0.11151275038719177,0.06456001102924347
3645,-12.5145,-11.4715,-23.9859,-10.9766,-9.8281,0.0,0.0,0.9967557787895203,0.2578796446323395,0.9162303805351257,0.11543715745210648,0.8147321343421936,0.5990360975265503,0.1356498748064041,0.10393346101045609,0.05690298601984978
3650,-13.3578,-11.7371,-25.0949,-12.0859,-9.625,0.0,0.0,0.9961963295936584,0.26895469427108765,0.9271191954612732,0.12341932207345963,0.7938988208770752,0.5211442708969116,0.17327424883842468,0.12426150590181351,0.07684235274791718
3655,-13.1355,-11.332,-24.4676,-11.7734,-9.5469,0.0,0.0,0.9975041747093201,0.32233381271362305,0.926690399646759,0.1108374372124672,0.8404017686843872,0.5606343150138855,0.16254663467407227,0.10921952873468399,0.06312189251184464
3660,-13.3215,-10.7949,-24.1164,-12.8594,-8.8047,0.0,0.0,0.9977961778640747,0.42161163687705994,0.92166668176651,0.17003744840621948,0.8671875,0.5820118188858032,0.16833800077438354,0.09328357875347137,0.05188899114727974
3665,-13.2438,-11.4836,-24.7273,-11.8359,-9.6562,0.0,0.0,0.9948230981826782,0.3409506380558014,0.8910046219825745,0.17953217029571533,0.7734375,0.5405783653259277,0.170087069272995,0.11839241534471512,0.06646455079317093
3670,-13.4809,-11.0855,-24.5664,-13.375,-9.2266,0.0,0.0,0.9945850968360901,0.40494590997695923,0.8758571147918701,0.20657894015312195,0.8136160969734192,0.5527052283287048,0.1760338991880417,0.10770367085933685,0.0590796023607254
3675,-14.409,-10.3531,-24.7621,-14.9219,-8.5,0.0,0.0,0.9940958023071289,0.5492028594017029,0.8936082720756531,0.23419040441513062,0.8273809552192688,0.5332322716712952,0.21210354566574097,0.09425528347492218,0.05593128129839897
3680,-14.7449,-9.9789,-24.7238,-16.2031,-8.4922,0.0155,0.0,0.9972621202468872,0.5689045786857605,0.928207278251648,0.24491456151008606,0.8820684552192688,0.525264322757721,0.23099346458911896,0.09149564802646637,0.0477689690887928
3685,-13.4938,-11.1406,-24.6344,-12.8125,-9.0625,0.0025,0.0,0.993391752243042,0.4348752796649933,0.8537495732307434,0.1689189225435257,0.805059552192688,0.5411224961280823,0.18233053386211395,0.11454446613788605,0.057524874806404114
3690,-12.7332,-11.7559,-24.4891,-11.0703,-9.9453,0.0,0.0,0.9923310875892639,0.32039350271224976,0.8137953281402588,0.1473500281572342,0.7682291865348816,0.5625777244567871,0.14618314802646637,0.12002487480640411,0.0667366310954094
3695,-12.3277,-12.1051,-24.4328,-10.8438,-9.9766,0.0,0.0,0.9873676896095276,0.29211151599884033,0.774044394493103,0.11242271214723587,0.7414434552192688,0.5692241787910461,0.13106343150138855,0.12608830630779266,0.06914645433425903
3700,-13.2555,-11.2316,-24.4871,-12.0234,-9.7266,0.0,0.0,0.9960836172103882,0.41387230157852173,0.8831261396408081,0.15585242211818695,0.7708333134651184,0.5557758212089539,0.16923196613788605,0.10941386967897415,0.06110074743628502
3705,-12.8996,-11.3914,-24.291,-11.4375,-10.0547,0.0,0.0,0.9963222742080688,0.380952388048172,0.8709677457809448,0.14591699838638306,0.7514880895614624,0.5707011818885803,0.15590018033981323,0.11085198819637299,0.058069031685590744
3710,-12.932,-11.0477,-23.9797,-10.875,-10.0078,0.0,0.0,0.9975683689117432,0.35958731174468994,0.9267528653144836,0.1657671481370926,0.8366815447807312,0.5914179086685181,0.154462069272995,0.09923040866851807,0.050412002950906754
3715,-13.8891,-10.5926,-24.4816,-12.4375,-9.7188,0.0,0.0,0.9968361258506775,0.4599122405052185,0.9641237258911133,0.2213352620601654,0.8448660969734192,0.5528218150138855,0.19488495588302612,0.09425528347492218,0.053560324013233185
3720,-14.8363,-9.9215,-24.7578,-14.1797,-9.1172,0.0,0.0,0.9983651638031006,0.5321115851402283,0.9790149927139282,0.2678421437740326,0.9196428656578064,0.5230488181114197,0.2354244440793991,0.09075715392827988,0.04629197716712952
3725,-15.1383,-9.7781,-24.9164,-15.4375,-8.7578,0.0142,0.0,0.9983058571815491,0.5652040243148804,0.9820384383201599,0.259227454662323,0.9055059552192688,0.504741907119751,0.252448707818985,0.09305037558078766,0.04528140649199486
3730,-14.4098,-10.3258,-24.7355,-13.2969,-9.2422,0.0172,0.0,0.998102068901062,0.46788662672042847,0.9771054983139038,0.2694928050041199,0.8861607313156128,0.5324549078941345,0.21665112674236298,0.09507151693105698,0.05134483799338341
3735,-15.2055,-9.9789,-25.1844,-13.9766,-9.3594,0.045,0.0,0.997399091720581,0.500929057598114,0.982980489730835,0.3380471467971802,0.953125,0.4931592047214508,0.25101056694984436,0.09363339841365814,0.057719215750694275
3740,-16.5125,-9.1766,-25.6891,-15.5781,-8.6641,0.0727,0.0,0.9984353184700012,0.5864282846450806,0.9942554235458374,0.47894737124443054,0.9468005895614624,0.44713929295539856,0.30872979760169983,0.08795864135026932,0.05169465020298958
3745,-14.5094,-10.0855,-24.5949,-12.8438,-9.7734,0.1026,0.0,0.9993525743484497,0.48008498549461365,0.9806540608406067,0.3593631684780121,0.9401041865348816,0.5403062701225281,0.2195662260055542,0.08438277244567871,0.0512671023607254
3750,-14.0785,-10.0941,-24.1727,-12.4922,-9.9609,0.1191,0.0,0.9992507696151733,0.4754290282726288,0.9853635430335999,0.29136690497398376,0.9549851417541504,0.5706623196601868,0.19931592047214508,0.08232276141643524,0.04322139173746109
3755,-15.327,-9.5695,-24.8965,-13.4609,-9.3594,0.1478,0.0,0.9994677901268005,0.5538766980171204,0.9921296238899231,0.3302127718925476,0.9713541865348816,0.5112329125404358,0.25466418266296387,0.08395522087812424,0.04567008838057518
3760,-14.716,-9.6301,-24.3461,-13.5391,-9.2969,0.1823,0.0,0.9995038509368896,0.5632975101470947,0.9911067485809326,0.3067227005958557,0.9601934552192688,0.5483520030975342,0.23149876296520233,0.07866915315389633,0.03700248897075653
3765,-13.9973,-10.1031,-24.1004,-12.0,-10.0312,0.1844,0.0,0.9986457228660583,0.5038925409317017,0.973659873008728,0.22371134161949158,0.9226190447807312,0.5740049481391907,0.1997046023607254,0.08411069959402084,0.03770211338996887
3770,-12.9516,-11.148,-24.0996,-10.6016,-10.2969,0.1697,0.0,0.9983369708061218,0.3046855330467224,0.96867835521698,0.1266094446182251,0.8604910969734192,0.5843050479888916,0.1551228165626526,0.10175684094429016,0.05433768779039383
3775,-13.4195,-10.5391,-23.9586,-10.9219,-9.9609,0.1434,0.0,0.9995400309562683,0.38793492317199707,0.9850000143051147,0.22408026456832886,0.9401041865348816,0.5914956331253052,0.1720304787158966,0.08550994843244553,0.04648631811141968
3780,-12.9438,-11.1027,-24.0465,-10.3594,-10.0312,0.1228,0.0,0.9980207085609436,0.2616352140903473,0.9738510251045227,0.17052023112773895,0.9200148582458496,0.5891246795654297,0.15450093150138855,0.09810323268175125,0.0537935309112072
3785,-12.7203,-11.3469,-24.0672,-10.3438,-10.1562,0.0928,0.0,0.9972842335700989,0.22181436419487,0.9434719085693359,0.1297764927148819,0.9073660969734192,0.5867925882339478,0.14824315905570984,0.10657649487257004,0.053910136222839355
3790,-12.5613,-11.2289,-23.7902,-10.2812,-10.1406,0.0587,0.0,0.9976916909217834,0.2351149320602417,0.9504452347755432,0.12160000205039978,0.9036458134651184,0.6061878204345703,0.14035291969776154,0.10039645433425903,0.0485851988196373
3795,-12.9816,-10.816,-23.7977,-10.5156,-10.0938,0.0262,0.0,0.9976179599761963,0.33920595049858093,0.959244966506958,0.18062826991081238,0.9244791865348816,0.6037391424179077,0.15663868188858032,0.09060168266296387,0.044542908668518066
3800,-12.9934,-11.1852,-24.1785,-10.5,-10.1719,0.0049,0.0,0.996407687664032,0.2721758782863617,0.9461778402328491,0.15870881080627441,0.9055059552192688,0.584266185760498,0.1538013070821762,0.09965796023607254,0.05779695138335228
3805,-12.7133,-11.1148,-23.8281,-10.3359,-10.125,0.0,0.0,0.9968448281288147,0.2794947624206543,0.9378930926322937,0.1405622512102127,0.9032738208770752,0.6036224961280823,0.14462842047214508,0.0988805964589119,0.04839085787534714
3810,-12.5098,-11.7621,-24.2719,-10.2578,-10.2344,0.0,0.0,0.9957746267318726,0.17848137021064758,0.8912386894226074,0.09418457746505737,0.8523065447807312,0.5795242786407471,0.13872045278549194,0.11578824371099472,0.06148942932486534
3815,-12.4508,-12.098,-24.5488,-10.3203,-10.2031,0.0,0.0,0.9962484240531921,0.11771300435066223,0.8726717829704285,0.07376594841480255,0.8575148582458496,0.5594682693481445,0.1386815905570984,0.12729321420192719,0.07007928937673569
3820,-12.0492,-11.7973,-23.8465,-10.1172,-10.2578,0.0,0.0,0.9948757290840149,0.12983690202236176,0.8643662333488464,0.061135370284318924,0.8779761791229248,0.606809675693512,0.12154073268175125,0.1137671023607254,0.05340484902262688
3825,-12.4141,-11.6336,-24.0477,-10.3125,-10.1484,0.0,0.0,0.9964728951454163,0.16976743936538696,0.8839444518089294,0.08507765084505081,0.9043898582458496,0.5950714945793152,0.1337064653635025,0.10918065905570984,0.057563744485378265
3830,-12.6492,-11.5547,-24.2039,-10.3906,-10.1797,0.0,0.0,0.9971835017204285,0.19175203144550323,0.9067590832710266,0.10654596239328384,0.9095982313156128,0.5796020030975342,0.14797107875347137,0.11213464289903641,0.055814675986766815
3835,-12.4719,-11.3727,-23.8445,-10.1641,-10.1406,0.0,0.0,0.9973706007003784,0.20516499876976013,0.9097486734390259,0.08982036262750626,0.930059552192688,0.6060712337493896,0.13545553386211395,0.10206778347492218,0.05192786082625389
3840,-12.6059,-11.243,-23.8488,-10.2109,-10.0938,0.0,0.0,0.9967882633209229,0.25788751244544983,0.9062377214431763,0.11267605423927307,0.9192708134651184,0.6050994992256165,0.1416744440793991,0.09907493740320206,0.04967350885272026
3845,-13.3367,-10.6813,-24.018,-10.5547,-10.1094,0.0,0.0,0.998611569404602,0.3949059247970581,0.9534475207328796,0.16093750298023224,0.9360119104385376,0.5878809094429016,0.16938744485378265,0.08850280195474625,0.049751244485378265
3850,-12.4539,-11.3301,-23.784,-10.2344,-10.3281,0.0,0.0,0.9973094463348389,0.21005335450172424,0.9018427729606628,0.08429752290248871,0.9479166865348816,0.6067319512367249,0.13840951025485992,0.1033504381775856,0.04703047126531601
3855,-12.7277,-11.4727,-24.2004,-10.3984,-10.2109,0.0,0.0,0.9976570010185242,0.21902769804000854,0.9084406495094299,0.062162160873413086,0.9352678656578064,0.5806125402450562,0.14870958030223846,0.10867537558078766,0.057524874806404114
3860,-12.5902,-11.4395,-24.0297,-10.3359,-10.2656,0.0,0.0,0.9978421330451965,0.20231851935386658,0.8895089030265808,0.10863509774208069,0.937872052192688,0.59441077709198,0.14081934094429016,0.10447761416435242,0.055814675986766815
3865,-12.4918,-11.3129,-23.8047,-10.4219,-10.1875,0.0,0.0,0.9961037039756775,0.21402108669281006,0.8983978033065796,0.0881458967924118,0.9672619104385376,0.6085199117660522,0.1363883763551712,0.09946361929178238,0.051150497049093246
3870,-12.5895,-11.3332,-23.9227,-10.4922,-10.2109,0.0,0.0,0.9982522130012512,0.21764220297336578,0.8988341689109802,0.07573416084051132,0.945684552192688,0.6004353165626526,0.1414412260055542,0.1033504381775856,0.0502953976392746
3875,-12.6711,-10.8746,-23.5457,-10.4062,-10.0781,0.0,0.0,0.9974432587623596,0.32740214467048645,0.9042553305625916,0.13789954781532288,0.9575892686843872,0.6232898235321045,0.14198538661003113,0.08768656849861145,0.0425606332719326
3880,-12.7301,-11.209,-23.9391,-10.2734,-10.1562,0.0,0.0,0.9977253675460815,0.28215327858924866,0.8825371861457825,0.09638553857803345,0.9438244104385376,0.5980643630027771,0.1465718299150467,0.09926927834749222,0.051616914570331573
3885,-12.6254,-11.1898,-23.8152,-10.4453,-10.2344,0.0,0.0,0.9973805546760559,0.2697095572948456,0.8873295783996582,0.0899139940738678,0.9460565447807312,0.6083644032478333,0.14050839841365814,0.09693718701601028,0.049712374806404114
3890,-12.3328,-11.6426,-23.9754,-10.2422,-10.125,0.0,0.0,0.9949455857276917,0.1897268444299698,0.8384670615196228,0.0904696136713028,0.9185267686843872,0.5998134613037109,0.13090795278549194,0.10851989686489105,0.05628109350800514
3895,-12.3293,-11.6977,-24.027,-10.2031,-10.2031,0.0,0.0,0.9944199919700623,0.1891813725233078,0.8315399885177612,0.106831394135952,0.9006696343421936,0.592078685760498,0.1343672275543213,0.11559390276670456,0.05348258838057518
3900,-12.3734,-11.7465,-24.1199,-10.2734,-10.2734,0.0,0.0,0.9935746192932129,0.17951735854148865,0.8152933120727539,0.11926605552434921,0.9081101417541504,0.5928171873092651,0.1320739984512329,0.11131840944290161,0.05931280925869942
3905,-12.4,-11.3887,-23.7887,-10.3047,-10.1406,0.0,0.0,0.9954049587249756,0.23481307923793793,0.8420652747154236,0.12338156998157501,0.9408482313156128,0.6090251803398132,0.13308458030223846,0.1023787334561348,0.05103389173746109
3910,-12.368,-11.1996,-23.5676,-10.2344,-10.0469,0.0,0.0,0.9958701133728027,0.24106620252132416,0.8750492930412292,0.1471119076013565,0.9445684552192688,0.6211520433425903,0.13269589841365814,0.09860852360725403,0.04306592047214508
3915,-13.0566,-11.1371,-24.1938,-10.5469,-10.1484,0.0,0.0,0.9947591423988342,0.2835639715194702,0.911987841129303,0.17403708398342133,0.9516369104385376,0.5784748196601868,0.16009794175624847,0.1024564653635025,0.05449315905570984
3920,-12.5207,-11.2762,-23.7969,-10.2031,-10.2031,0.0,0.0,0.9971811175346375,0.21161362528800964,0.9016266465187073,0.15627466142177582,0.9486607313156128,0.6066930890083313,0.13922575116157532,0.10035758465528488,0.04924595728516579
3925,-12.173,-11.4992,-23.6723,-10.1406,-10.0938,0.0,0.0,0.9967383742332458,0.18227848410606384,0.8405354022979736,0.13086232542991638,0.921502947807312,0.6196750402450562,0.12282337993383408,0.1016402393579483,0.05138370767235756
3930,-12.8258,-11.3891,-24.2148,-10.3594,-10.1484,0.0,0.0,0.9972431659698486,0.22351160645484924,0.8839602470397949,0.14574314653873444,0.9434523582458496,0.5780472755432129,0.15407338738441467,0.10953047126531601,0.0538712702691555
3935,-12.8918,-10.5539,-23.4457,-10.6719,-10.0156,0.0,0.0,0.9976457357406616,0.3929581046104431,0.9161105751991272,0.16813187301158905,0.9702380895614624,0.6273709535598755,0.15123601257801056,0.0815453976392746,0.03537002578377724
3940,-13.1379,-10.616,-23.7539,-10.8516,-10.125,0.0,0.0,0.9969195127487183,0.39890187978744507,0.9034575819969177,0.1593090146780014,0.9732142686843872,0.605643630027771,0.16281871497631073,0.08655939251184464,0.04050062224268913
3945,-12.7867,-10.873,-23.6598,-10.2344,-10.0938,0.0,0.0,0.9975947737693787,0.33298537135124207,0.8875969052314758,0.15087395906448364,0.9665178656578064,0.6140780448913574,0.14894278347492218,0.0902518630027771,0.04224969074130058
3950,-12.7723,-10.902,-23.6742,-10.3906,-10.1797,0.0,0.0,0.9973953366279602,0.3205729126930237,0.8953438997268677,0.177996426820755,0.9661458134651184,0.6118236780166626,0.1492537260055542,0.09099035710096359,0.0434546023607254
3955,-13.7477,-10.348,-24.0957,-11.0156,-10.0312,0.0,0.0,0.9981105327606201,0.4415186643600464,0.9379217028617859,0.2675159275531769,0.968377947807312,0.5759872794151306,0.19041511416435242,0.08640392124652863,0.04271610826253891
3960,-12.7715,-10.6188,-23.3902,-10.4062,-10.2188,0.0,0.0,0.9979060292243958,0.36014819145202637,0.9134569764137268,0.20412595570087433,0.9799107313156128,0.6311023235321045,0.1468827724456787,0.08173973858356476,0.03579757362604141
3965,-13.1188,-10.6309,-23.7496,-10.5078,-10.1797,0.0,0.0,0.9969218969345093,0.4111858010292053,0.8905967473983765,0.15636704862117767,0.965029776096344,0.6061100959777832,0.16192474961280823,0.08597636967897415,0.04151119291782379
3970,-12.7211,-11.0312,-23.7523,-10.4297,-10.2891,0.0,0.0,0.9976301789283752,0.30157479643821716,0.8870512247085571,0.11247803270816803,0.965029776096344,0.6068485975265503,0.14808768033981323,0.0963541641831398,0.04423196613788605
3975,-12.9219,-10.7551,-23.677,-10.4141,-10.1797,0.0,0.0,0.998604416847229,0.3552631437778473,0.9132379293441772,0.14154411852359772,0.96875,0.6127176880836487,0.15360696613788605,0.0869092047214508,0.042288556694984436
3980,-13.0105,-10.484,-23.4945,-10.5703,-10.1953,0.0,0.0,0.9991258382797241,0.4023359715938568,0.9408084750175476,0.1538461595773697,0.9732142686843872,0.6224735975265503,0.1564054787158966,0.08076803386211395,0.03587530925869942
3985,-13.1289,-10.7395,-23.8684,-10.3516,-10.1406,0.0,0.0,0.9983139038085938,0.34480252861976624,0.9325551390647888,0.16949152946472168,0.9754464030265808,0.5993469953536987,0.1604088991880417,0.08990205079317093,0.04586442932486534
3990,-13.1031,-10.6832,-23.7863,-10.3672,-10.1562,0.0,0.0,0.9984487295150757,0.3760152757167816,0.9371980428695679,0.16636528074741364,0.9579613208770752,0.6013292670249939,0.16270211338996887,0.08850280195474625,0.042988184839487076
3995,-12.6027,-10.7477,-23.3504,-10.2344,-10.1641,0.0,0.0,0.9985342621803284,0.3211883306503296,0.925872802734375,0.1747765690088272,0.9758184552192688,0.6364272236824036,0.1386815905570984,0.08127331733703613,0.039140235632658005
4000,-13.1473,-10.766,-23.9133,-10.4766,-10.1016,0.0,0.0,0.9984400272369385,0.3630938231945038,0.9231782555580139,0.11784511804580688,0.9709821343421936,0.59798663854599,0.16281871497631073,0.0885416641831398,0.04617537185549736
4005,-13.8758,-10.2793,-24.1551,-11.7812,-9.9766,0.0,0.0,0.9978198409080505,0.4969964027404785,0.926174521446228,0.1456310749053955,0.9601934552192688,0.5705068111419678,0.19410759210586548,0.08687033504247665,0.044037625193595886
4010,-14.4387,-9.7594,-24.198,-12.3828,-9.6641,0.0,0.0,0.9988960027694702,0.5611626505851746,0.9626827836036682,0.18096233904361725,0.984002947807312,0.5633162260055542,0.21797263622283936,0.07707556337118149,0.03715796023607254
4015,-14.8188,-9.7773,-24.5961,-13.1094,-9.6172,0.0,0.0,0.9986924529075623,0.5688513517379761,0.960132896900177,0.1617777794599533,0.9694940447807312,0.5350590944290161,0.23484142124652863,0.08189520984888077,0.04372667893767357
4020,-13.0535,-10.4051,-23.4586,-10.6797,-9.9766,0.0,0.0,0.9990691542625427,0.4319921135902405,0.9365482330322266,0.1259668469429016,0.9758184552192688,0.6263214945793152,0.15745490789413452,0.07657027244567871,0.035175684839487076
4025,-13.1727,-10.4082,-23.5809,-10.6797,-10.1406,0.0,0.0,0.998738706111908,0.4381701350212097,0.9316953420639038,0.15036803483963013,0.9706101417541504,0.6163324117660522,0.16312965750694275,0.0790967047214508,0.03696361929178238
4030,-14.0059,-10.0332,-24.0391,-11.4688,-9.8984,0.0,0.0,0.9979870915412903,0.5202029943466187,0.9240444898605347,0.1839323490858078,0.9784226417541504,0.579291045665741,0.19912157952785492,0.08034048229455948,0.03676927834749222
4035,-15.0469,-9.1313,-24.1781,-14.1875,-8.9844,0.0,0.0,0.9984722137451172,0.6606393456459045,0.9481216669082642,0.24577373266220093,0.9877232313156128,0.5597015023231506,0.24074937403202057,0.0651819035410881,0.02988961525261402
4040,-14.2348,-9.7711,-24.0059,-12.7422,-9.3672,0.0115,0.0,0.9987214803695679,0.5683896541595459,0.9366053342819214,0.16782407462596893,0.9821428656578064,0.577619731426239,0.20829446613788605,0.07602611929178238,0.033582091331481934
4045,-12.7164,-10.5063,-23.2227,-10.5234,-9.9844,0.0,0.0,0.9979522824287415,0.4566648304462433,0.8451303839683533,0.1372118592262268,0.9665178656578064,0.645366907119751,0.14171330630779266,0.07303327322006226,0.03540889173746109
4050,-13.4652,-10.4277,-23.893,-11.0625,-9.8906,0.0,0.0,0.9975818395614624,0.48319607973098755,0.8696452975273132,0.143255814909935,0.9538690447807312,0.5947216749191284,0.1746346354484558,0.08438277244567871,0.04178326949477196
4055,-12.8957,-10.5074,-23.4031,-10.3672,-10.1094,0.0,0.0,0.9969794154167175,0.4351302683353424,0.8790123462677002,0.1713973730802536,0.965029776096344,0.6305192708969116,0.15069185197353363,0.07870802283287048,0.03560323268175125
4060,-12.941,-10.7262,-23.6672,-10.4062,-10.2188,0.0,0.0,0.9974653124809265,0.39839234948158264,0.8676207661628723,0.13243761658668518,0.9575892686843872,0.6133784055709839,0.15473413467407227,0.0869092047214508,0.04050062224268913
4065,-14.2023,-9.8934,-24.0957,-11.7812,-9.8828,0.0,0.0,0.9989163279533386,0.5517047643661499,0.922535240650177,0.18545837700366974,0.9747023582458496,0.57388836145401,0.20747824013233185,0.07726989686489105,0.036885883659124374
4070,-14.752,-9.6895,-24.4414,-12.5547,-9.7422,0.0,0.0,0.99899822473526,0.5818484425544739,0.9425952434539795,0.19959473609924316,0.9661458134651184,0.5431825518608093,0.2334032952785492,0.08057369291782379,0.03836287185549736
4075,-13.9523,-10.159,-24.1113,-11.5938,-10.1641,0.0,0.0,0.9985064268112183,0.48477795720100403,0.939775288105011,0.19612069427967072,0.968377947807312,0.5725280046463013,0.2004431039094925,0.08648165315389633,0.03606965020298958
4080,-14.2754,-10.0484,-24.3238,-11.5156,-10.1562,0.0079,0.0,0.9989462494850159,0.5064818263053894,0.9598751664161682,0.1994047611951828,0.9709821343421936,0.5532882213592529,0.21587376296520233,0.08718127757310867,0.039179105311632156
4085,-13.2586,-10.4062,-23.6648,-10.4219,-10.1406,0.0,0.0,0.9989152550697327,0.4301249384880066,0.9213161468505859,0.19494204223155975,0.9758184552192688,0.6091417670249939,0.16798818111419678,0.08150652796030045,0.036885883659124374
4090,-12.8918,-10.5609,-23.4527,-10.3438,-10.1562,0.0,0.0,0.9992552399635315,0.3913154602050781,0.9079259634017944,0.14806629717350006,0.9758184552192688,0.6262826323509216,0.15216884016990662,0.08189520984888077,0.035175684839487076
4095,-13.2867,-10.3734,-23.6602,-10.3828,-10.1719,0.0,0.0,0.998077392578125,0.4666365087032318,0.9137930870056152,0.1348435878753662,0.9732142686843872,0.6064987778663635,0.17183613777160645,0.08115671575069427,0.036030784249305725
4100,-13.2277,-10.6168,-23.8445,-10.3281,-10.1875,0.0,0.0,0.9979887008666992,0.42007002234458923,0.8794326186180115,0.1418047845363617,0.9676339030265808,0.5990749597549438,0.16655005514621735,0.08768656849861145,0.04221082106232643
4105,-12.65,-11.1277,-23.7777,-10.2422,-10.1719,0.0,0.0,0.9982122182846069,0.2942287027835846,0.856619119644165,0.10534979403018951,0.9620535969734192,0.6087530851364136,0.1441231369972229,0.09542132914066315,0.04722481220960617
4110,-12.8035,-11.341,-24.1445,-10.3672,-10.1562,0.0,0.0,0.9979352355003357,0.28197145462036133,0.8414145112037659,0.08193277567625046,0.949404776096344,0.5835665464401245,0.14983674883842468,0.10661535710096359,0.0555037297308445
4115,-12.7621,-10.8215,-23.5836,-10.3281,-10.1641,0.0,0.0,0.998688817024231,0.36037737131118774,0.8666365146636963,0.12976406514644623,0.9587053656578064,0.6225124597549438,0.1442008763551712,0.08597636967897415,0.04283270984888077
4120,-12.4469,-10.8672,-23.3141,-10.3047,-10.1406,0.0,0.0,0.9972542524337769,0.3450543284416199,0.8574015498161316,0.13771186769008636,0.9616815447807312,0.6370102763175964,0.13596081733703613,0.0858597606420517,0.03669154271483421
4125,-12.9867,-10.6453,-23.632,-10.3906,-10.1797,0.0,0.0,0.9987977147102356,0.37870118021965027,0.9012178778648376,0.14485514163970947,0.9780505895614624,0.6142334938049316,0.15621113777160645,0.08617071062326431,0.03890702873468399
4130,-13.1547,-10.3703,-23.525,-10.4297,-10.1484,0.0,0.0,0.9984926581382751,0.43990442156791687,0.9348791241645813,0.14569535851478577,0.9813988208770752,0.618858814239502,0.16266325116157532,0.07878576219081879,0.03521455079317093
4135,-13.2504,-10.4637,-23.7141,-10.4219,-10.1172,0.0,0.0,0.9979556798934937,0.41948357224464417,0.9330801963806152,0.15196079015731812,0.9799107313156128,0.6084033250808716,0.16557836532592773,0.08189520984888077,0.03964552283287048
4140,-13.0238,-10.6074,-23.6313,-10.3906,-10.0859,0.0,0.0,0.9991786479949951,0.3898809552192688,0.9233662486076355,0.12060778588056564,0.9795386791229248,0.6152052283287048,0.15671642124652863,0.08267257362604141,0.04092817008495331
4145,-13.4316,-10.4492,-23.8809,-10.4531,-10.2188,0.0,0.0,0.9990159869194031,0.4168301820755005,0.9471089243888855,0.13087934255599976,0.9862351417541504,0.5925062298774719,0.17828825116157532,0.08671486377716064,0.03801305964589119
4150,-13.0371,-10.432,-23.4691,-10.2422,-10.1719,0.0,0.0,0.9995003938674927,0.40932390093803406,0.9459720253944397,0.12121212482452393,0.9869791865348816,0.6223569512367249,0.15924285352230072,0.08057369291782379,0.03334888070821762
4155,-13.5754,-10.416,-23.9914,-10.5938,-10.2891,0.0,0.0,0.9989340305328369,0.4292333722114563,0.9490388631820679,0.1464114785194397,0.9892113208770752,0.5834110975265503,0.18454602360725403,0.08694807440042496,0.04061722755432129
4160,-13.5918,-10.307,-23.8988,-10.5,-10.2188,0.0,0.0,0.9998018741607666,0.4278523623943329,0.9749658703804016,0.17005348205566406,0.9899553656578064,0.5884639024734497,0.18532338738441467,0.08539334684610367,0.03634173050522804
4165,-13.0992,-10.4648,-23.5641,-10.3047,-10.1641,0.0,0.0,0.9993054866790771,0.392924964427948,0.9614117741584778,0.1284722238779068,0.9869791865348816,0.6156327724456787,0.16371268033981323,0.0825948417186737,0.033582091331481934
4170,-12.7555,-10.6379,-23.3934,-10.2188,-10.125,0.0,0.0,0.9983935952186584,0.3405206501483917,0.956562340259552,0.14050494134426117,0.9888392686843872,0.629081130027771,0.14781561493873596,0.08321672677993774,0.03540889173746109
4175,-12.4824,-10.8746,-23.357,-10.2422,-10.1484,0.0,0.0,0.9988998770713806,0.26852384209632874,0.9479402303695679,0.10536980628967285,0.9821428656578064,0.6359608173370361,0.1353389322757721,0.0858597606420517,0.03836287185549736
4180,-12.8625,-10.6324,-23.4949,-10.2031,-10.2031,0.0,0.0,0.9990636110305786,0.35139280557632446,0.9494717717170715,0.12567132711410522,0.9832589030265808,0.6226290464401245,0.1520911008119583,0.08461598306894302,0.036186255514621735
4185,-13.0156,-10.6355,-23.6512,-10.1875,-10.0469,0.0,0.0,0.9978959560394287,0.3691420257091522,0.953880250453949,0.10000000149011612,0.9813988208770752,0.6096082329750061,0.16173040866851807,0.0876476988196373,0.036536071449518204
4190,-12.8348,-10.4125,-23.2473,-10.3984,-10.1641,0.0,0.0,0.9989662766456604,0.4092203974723816,0.9485981464385986,0.13985148072242737,0.988467276096344,0.6391868591308594,0.1500699669122696,0.07486007362604141,0.03140547126531601
4195,-12.6137,-10.7879,-23.4016,-10.2656,-10.1953,0.0,0.0,0.9987692832946777,0.319824755191803,0.9156736731529236,0.11727748811244965,0.9836309552192688,0.631646454334259,0.14194652438163757,0.08481032401323318,0.03711909055709839
4200,-12.9031,-10.8453,-23.7484,-10.2891,-10.2188,0.0,0.0,0.9980151057243347,0.3340857923030853,0.9095972776412964,0.11989101022481918,0.9799107313156128,0.6070429086685181,0.15496735274791718,0.09071828424930573,0.042793843895196915
4205,-12.9863,-10.5898,-23.5762,-10.4062,-10.2656,0.0,0.0,0.9976698756217957,0.37465906143188477,0.9460829496383667,0.11899790912866592,0.9869791865348816,0.6171875,0.15675528347492218,0.08434390276670456,0.037235695868730545
4210,-13.2473,-10.4465,-23.6938,-10.4688,-10.2578,0.0,0.0,0.9992354512214661,0.4154135286808014,0.9596541523933411,0.09840954095125198,0.984375,0.6100746393203735,0.16542288661003113,0.08092350512742996,0.03910136967897415
4215,-12.8562,-10.9285,-23.7848,-10.2656,-10.1719,0.0,0.0,0.9980050325393677,0.3180558979511261,0.9251952171325684,0.05469462275505066,0.976190447807312,0.603972315788269,0.15434545278549194,0.0945662334561348,0.04263836890459061
4220,-12.618,-10.6844,-23.3023,-10.1094,-10.2031,0.0,0.0,0.9984786510467529,0.3544093072414398,0.9253371953964233,0.07135134935379028,0.9869791865348816,0.6387204527854919,0.14015857875347137,0.08069030195474625,0.03595304861664772
4225,-13.0547,-10.5668,-23.6215,-10.2578,-10.1641,0.0,0.0,0.9984208345413208,0.3911035358905792,0.9428166151046753,0.09805924445390701,0.9851190447807312,0.6153218150138855,0.1599036008119583,0.08224502205848694,0.03805192932486534
4230,-13.4574,-10.1797,-23.6371,-10.5859,-10.2812,0.0,0.0,0.9987925887107849,0.47422680258750916,0.9672897458076477,0.12445414811372757,0.9899553656578064,0.6116293668746948,0.1734297275543213,0.07486007362604141,0.03560323268175125
4235,-13.0898,-10.3289,-23.4188,-10.3203,-10.1328,0.0,0.0,0.9987593293190002,0.4344760477542877,0.9683026671409607,0.1163337230682373,0.9858630895614624,0.6265547275543213,0.15986473858356476,0.07602611929178238,0.033076804131269455
4240,-12.9301,-10.5934,-23.5234,-10.2812,-10.2578,0.0,0.0,0.9982514381408691,0.35878634452819824,0.9540337920188904,0.12446808815002441,0.9895833134651184,0.6223958134651184,0.1537235677242279,0.08286691457033157,0.036536071449518204
4245,-12.9266,-10.9496,-23.8762,-10.3438,-10.1562,0.0,0.0,0.9976662993431091,0.305799663066864,0.9414191246032715,0.07290803641080856,0.9791666865348816,0.5995802283287048,0.15481187403202057,0.09421642124652863,0.04691386967897415
4250,-12.9461,-10.5824,-23.5285,-10.2188,-10.125,0.0,0.0,0.9986867904663086,0.3884422183036804,0.9387852549552917,0.09918200224637985,0.9836309552192688,0.6215407252311707,0.1546952724456787,0.08127331733703613,0.03801305964589119
4255,-12.7617,-10.5246,-23.2863,-10.3125,-10.1953,0.0,0.0,0.9988433718681335,0.3981754779815674,0.9153652191162109,0.1265260875225067,0.9869791865348816,0.6384872794151306,0.1448616236448288,0.0771532952785492,0.03502020984888077
4260,-12.9508,-10.7102,-23.6609,-10.2891,-10.2422,0.0,0.0,0.9977924823760986,0.3767857253551483,0.9106481671333313,0.11221719533205032,0.9709821343421936,0.6162546873092651,0.15236318111419678,0.08395522087812424,0.042949315160512924
4265,-12.5617,-10.8426,-23.4043,-10.1875,-10.1875,0.0,0.0,0.9984009861946106,0.3141593039035797,0.9153079986572266,0.07845187932252884,0.9813988208770752,0.6319962739944458,0.1405472606420517,0.08582089841365814,0.03715796023607254
4270,-12.8562,-10.6496,-23.5059,-10.2109,-10.1875,0.0,0.0,0.9978243112564087,0.3663289248943329,0.9345524311065674,0.13060428202152252,0.9836309552192688,0.6252720952033997,0.14960354566574097,0.08076803386211395,0.0398787297308445
4275,-12.7281,-11.1953,-23.9234,-10.1797,-10.2031,0.0,0.0,0.9959753155708313,0.26447367668151855,0.8892733454704285,0.10534846037626266,0.9557291865348816,0.5987640023231506,0.1476989984512329,0.10109607875347137,0.04796331003308296
4280,-12.5953,-10.6207,-23.216,-10.1484,-10.1484,0.0,0.0,0.9982507824897766,0.37963223457336426,0.9084645509719849,0.10178970545530319,0.9765625,0.6443952322006226,0.13739894330501556,0.07898010313510895,0.0347481332719326
4285,-13.0773,-10.4688,-23.5461,-10.4062,-10.2188,0.0,0.0,0.9981701374053955,0.40677157044410706,0.9444184899330139,0.12368728220462799,0.9854910969734192,0.6159825921058655,0.1630130559206009,0.08321672677993774,0.03331001102924347
4290,-13.9098,-9.8316,-23.7414,-10.9375,-10.1875,0.0,0.0,0.998435378074646,0.5465949773788452,0.9660837054252625,0.1654040366411209,0.9914434552192688,0.5961986780166626,0.19519589841365814,0.07334421575069427,0.030783582478761673
4295,-13.4328,-10.1082,-23.541,-10.4844,-10.1562,0.0,0.0,0.998232901096344,0.494180828332901,0.9608672857284546,0.139952152967453,0.9877232313156128,0.6158660054206848,0.173662930727005,0.07349968701601028,0.03249378129839897
4300,-13.9637,-9.7355,-23.6992,-10.6562,-10.0703,0.0,0.0,0.9991580843925476,0.562883734703064,0.9832175970077515,0.20072992146015167,0.9906994104385376,0.6001632213592529,0.19624534249305725,0.06716418266296387,0.03194962814450264
4305,-15.0617,-9.3629,-24.4246,-11.9844,-9.9219,0.0004,0.0,0.998924970626831,0.6173428893089294,0.9847743511199951,0.20768432319164276,0.9921875,0.5423274040222168,0.24428637325763702,0.07147854566574097,0.037430036813020706
4310,-13.9453,-9.9703,-23.9156,-10.4922,-10.1406,0.0156,0.0,0.999268114566803,0.5157418251037598,0.9684728980064392,0.1614699363708496,0.9899553656578064,0.5841884613037109,0.19752798974514008,0.07890236377716064,0.03490360826253891
4315,-13.0305,-10.3773,-23.4078,-10.2812,-10.1172,0.0,0.0,0.9993184804916382,0.4162348806858063,0.9625884890556335,0.1277330219745636,0.9921875,0.6273320913314819,0.15753264725208282,0.07688122242689133,0.033776428550481796
4320,-13.4078,-10.5543,-23.9621,-10.4141,-10.1562,0.0,0.0,0.9985453486442566,0.38674646615982056,0.9680483341217041,0.12040441483259201,0.9873511791229248,0.5878420472145081,0.1753731369972229,0.09001865983009338,0.042288556694984436
4325,-12.9465,-10.5992,-23.5457,-10.2891,-10.1484,0.0,0.0,0.9984305500984192,0.380690336227417,0.9396471977233887,0.1063607931137085,0.9817708134651184,0.6191309094429016,0.15539489686489105,0.08372201770544052,0.0372745655477047
4330,-13.348,-10.5602,-23.9082,-10.4453,-10.2109,0.0,0.0,0.9984131455421448,0.3899315595626831,0.9457299113273621,0.15346534550189972,0.984375,0.5878420472145081,0.1760338991880417,0.09238961338996887,0.03925684094429016
4335,-12.9484,-10.2215,-23.1699,-10.2422,-10.125,0.0,0.0,0.9987344145774841,0.45428937673568726,0.9435216188430786,0.16032609343528748,0.991815447807312,0.6449393630027771,0.1517801582813263,0.07019589841365814,0.028606964275240898
4340,-13.5848,-10.1676,-23.7523,-10.5,-10.2422,0.0,0.0,0.9992886781692505,0.4740133583545685,0.9609414339065552,0.1656050980091095,0.988467276096344,0.601057231426239,0.18023166060447693,0.07761971652507782,0.03661380708217621
4345,-13.2078,-10.3355,-23.5434,-10.2188,-10.125,0.0,0.0,0.9987480640411377,0.4391002655029297,0.9601036310195923,0.12552301585674286,0.9877232313156128,0.620918869972229,0.1624300330877304,0.07501554489135742,0.03715796023607254
4350,-12.8047,-10.8137,-23.6184,-10.2188,-10.2188,0.0,0.0,0.9979783892631531,0.3220077157020569,0.9486842155456543,0.0869980901479721,0.9836309552192688,0.6152440905570984,0.15100279450416565,0.0886194035410881,0.04065609350800514
4355,-12.8367,-10.732,-23.5688,-10.3516,-10.1406,0.0,0.0,0.9983685612678528,0.3360593020915985,0.9462606310844421,0.07523510605096817,0.984747052192688,0.6194418668746948,0.1520911008119583,0.08679260313510895,0.03719682991504669
4360,-12.759,-10.6848,-23.4438,-10.2578,-10.1641,0.0,0.0,0.9979663491249084,0.3488246500492096,0.9404478073120117,0.10167818516492844,0.9832589030265808,0.6307136416435242,0.14385105669498444,0.08158426731824875,0.03937344625592232
4365,-13.1156,-10.8176,-23.9332,-10.3594,-10.1953,0.0,0.0,0.9986249208450317,0.3301016688346863,0.9618967175483704,0.10365335643291473,0.9795386791229248,0.5935945510864258,0.16437344253063202,0.09180659055709839,0.045747824013233185
4370,-13.0023,-11.0664,-24.0688,-10.3281,-10.3047,0.0,0.0,0.9984723925590515,0.26291534304618835,0.9593495726585388,0.08920187503099442,0.9810267686843872,0.5851989984512329,0.16025342047214508,0.10039645433425903,0.04967350885272026
4375,-12.5336,-10.9012,-23.4348,-10.1719,-10.1953,0.0,0.0,0.9986453056335449,0.2515406310558319,0.9521252512931824,0.11256281286478043,0.9940476417541504,0.6312189102172852,0.1387593299150467,0.08687033504247665,0.03867381811141968
4380,-12.6094,-10.9313,-23.5406,-10.2109,-10.1406,0.0,0.0,0.9985012412071228,0.268185555934906,0.9498703479766846,0.10560747981071472,0.980282723903656,0.6223958134651184,0.1415967047214508,0.08994092047214508,0.041588928550481796
4385,-12.9422,-10.5879,-23.5301,-10.3672,-10.2266,0.0,0.0,0.9981860518455505,0.3587747812271118,0.9632248878479004,0.1390937864780426,0.9866071343421936,0.6213852763175964,0.15481187403202057,0.0824393630027771,0.036885883659124374
4390,-12.9758,-10.2664,-23.2422,-10.25,-10.1328,0.0,0.0,0.999144971370697,0.435375839471817,0.9769065380096436,0.16688227653503418,0.9936755895614624,0.6364272236824036,0.15667754411697388,0.07237251102924347,0.03004508651793003
4395,-13.0258,-10.5203,-23.5461,-10.2812,-10.0938,0.0,0.0,0.9985547065734863,0.37735849618911743,0.9621211886405945,0.16291533410549164,0.9832589030265808,0.6185478568077087,0.1586209535598755,0.08208955079317093,0.03626399114727974
4400,-13.241,-10.5129,-23.7539,-10.3516,-10.1641,0.0,0.0,0.9988439083099365,0.38761308789253235,0.9716147184371948,0.11782178282737732,0.988467276096344,0.6051772236824036,0.1675606369972229,0.08352767676115036,0.03925684094429016
4405,-12.8914,-10.6203,-23.5117,-10.1953,-10.1719,0.0,0.0,0.9984975457191467,0.3551236689090729,0.9618390798568726,0.09687836468219757,0.9906994104385376,0.6208799481391907,0.15399564802646637,0.08453824371099472,0.03610851988196373
4410,-13.6406,-10.1203,-23.7609,-10.4922,-10.2812,0.0,0.0,0.9995455145835876,0.4881305694580078,0.9777889847755432,0.1256656050682068,0.9906994104385376,0.59864741563797,0.18337997794151306,0.07699782401323318,0.03649720177054405
4415,-13.0461,-10.2102,-23.2563,-10.2109,-10.1172,0.0,0.0,0.9992074966430664,0.46702754497528076,0.9641873240470886,0.12021136283874512,0.9821428656578064,0.6375932693481445,0.1579602062702179,0.07054571062326431,0.029423195868730545
4420,-13.7621,-9.8996,-23.6617,-10.5859,-10.1172,0.0,0.0,0.998900294303894,0.5328035950660706,0.9765082597732544,0.18125000596046448,0.9888392686843872,0.6008628606796265,0.190764918923378,0.07280006259679794,0.03109452687203884
4425,-13.2688,-10.5301,-23.7988,-10.3984,-10.2344,0.0,0.0,0.9988949298858643,0.3816359043121338,0.9689440727233887,0.15301086008548737,0.9869791865348816,0.5979477763175964,0.17059235274791718,0.08760882914066315,0.03937344625592232
4430,-13.6973,-10.2402,-23.9375,-10.8281,-10.2656,0.0,0.0,0.9983473420143127,0.4504672884941101,0.9671977758407593,0.16286307573318481,0.9936755895614624,0.5879586338996887,0.18715018033981323,0.08294465392827988,0.03746890649199486
4435,-13.427,-10.4246,-23.8516,-10.3125,-10.1484,0.0,0.0,0.9983646273612976,0.407779723405838,0.957446813583374,0.17458677291870117,0.9921875,0.5941775441169739,0.17786069214344025,0.0858597606420517,0.03762437775731087
4440,-12.8582,-10.4465,-23.3047,-10.2188,-10.1719,0.0,0.0,0.9982982873916626,0.40148305892944336,0.944004237651825,0.1657579094171524,0.984375,0.6395366787910461,0.14676617085933685,0.07357742637395859,0.0356421023607254
4445,-13.1723,-10.6891,-23.8613,-10.3359,-10.2656,0.0,0.0,0.9988329410552979,0.3696897327899933,0.9435127973556519,0.10422050207853317,0.9791666865348816,0.5994636416435242,0.16285759210586548,0.08807525038719177,0.04512593150138855
4450,-13.6441,-10.1344,-23.7785,-11.0547,-9.8359,0.0,0.0,0.9975445866584778,0.49052947759628296,0.9598780870437622,0.1422550082206726,0.984747052192688,0.6015236377716064,0.1805814653635025,0.07653140276670456,0.036885883659124374
4455,-14.2148,-9.5391,-23.7539,-12.8516,-9.3828,0.0,0.0,0.9990184903144836,0.6002638339996338,0.9655575156211853,0.1815718114376068,0.995907723903656,0.5940220952033997,0.20623445510864258,0.06658115983009338,0.028684701770544052
4460,-13.6023,-10.0809,-23.6832,-11.8594,-9.7266,0.0,0.0,0.997818112373352,0.49711722135543823,0.9544057250022888,0.15085157752037048,0.9866071343421936,0.6056825518608093,0.18201959133148193,0.07587064802646637,0.03194962814450264
4465,-12.9688,-10.4855,-23.4543,-10.5781,-10.0391,0.0,0.0,0.9979538917541504,0.4100428819656372,0.9229636788368225,0.12184412777423859,0.9873511791229248,0.6268656849861145,0.15403451025485992,0.07921330630779266,0.03540889173746109
4470,-12.9523,-10.4727,-23.425,-10.3516,-10.1406,0.0,0.0,0.9986398816108704,0.40214887261390686,0.9417620897293091,0.14889124035835266,0.9836309552192688,0.6286924481391907,0.1519356369972229,0.07808613032102585,0.03680814802646637
4475,-13.0285,-10.7879,-23.8164,-10.4922,-10.0703,0.0,0.0,0.9985222220420837,0.34620174765586853,0.9134406447410583,0.12736660242080688,0.9747023582458496,0.6049440503120422,0.15605565905570984,0.0893578976392746,0.0451648011803627
4480,-14.1125,-9.7391,-23.8516,-11.5312,-9.9844,0.0,0.0,0.9990820288658142,0.5516633987426758,0.9689233899116516,0.2223489135503769,0.9921875,0.5927783250808716,0.19861629605293274,0.07004041969776154,0.034087374806404114
4485,-14.3242,-9.8676,-24.1918,-11.8438,-10.2266,0.0,0.0,0.9990313649177551,0.5175753235816956,0.9739336371421814,0.23973363637924194,0.992559552192688,0.5617614984512329,0.21672885119915009,0.08201181888580322,0.03502020984888077
4490,-14.3449,-9.8895,-24.2344,-11.5703,-10.1406,0.0,0.0,0.9991012811660767,0.5190950036048889,0.975421667098999,0.20923076570034027,0.9899553656578064,0.5622279047966003,0.21474657952785492,0.0806514322757721,0.03789645433425903
4495,-13.5199,-10.091,-23.6109,-10.8594,-10.1094,0.0,0.0,0.9992976188659668,0.49379220604896545,0.9606421589851379,0.16569428145885468,0.9877232313156128,0.60871422290802,0.17844371497631073,0.07505441457033157,0.03331001102924347
4500,-13.5516,-9.7195,-23.2711,-11.1875,-9.7812,0.0,0.0,0.9987707734107971,0.5667256116867065,0.9634069204330444,0.2473444640636444,0.9936755895614624,0.6323849558830261,0.17591728270053864,0.0616060309112072,0.025614116340875626
4505,-14.3309,-9.641,-23.9719,-11.7344,-9.6484,0.0028,0.0,0.9981818199157715,0.5733720064163208,0.9716577529907227,0.23420074582099915,0.9877232313156128,0.5771921873092651,0.2142801582813263,0.07268346101045609,0.031366605311632156
4510,-15.3109,-9.0625,-24.3734,-13.0078,-9.3984,0.0293,0.0,0.9989244937896729,0.6540161371231079,0.9752252101898193,0.23941798508167267,0.9895833134651184,0.5420942306518555,0.25501400232315063,0.06902985274791718,0.029384328052401543
4515,-15.7055,-8.932,-24.6375,-13.875,-9.0703,0.0588,0.0,0.9984195232391357,0.6629974842071533,0.9816561937332153,0.24637681245803833,0.9888392686843872,0.5164412260055542,0.27541977167129517,0.07416044920682907,0.0295009333640337
4520,-14.3789,-9.5531,-23.932,-12.6328,-9.3984,0.0804,0.0,0.9987263679504395,0.6050587296485901,0.963085412979126,0.143782377243042,0.984747052192688,0.5798351764678955,0.21513526141643524,0.07054571062326431,0.03000621870160103
4525,-13.8992,-9.8809,-23.7801,-11.3828,-9.625,0.0929,0.0,0.9980511665344238,0.5654906630516052,0.9398998618125916,0.124318428337574,0.9851190447807312,0.5983364582061768,0.19169776141643524,0.06984607875347137,0.0356421023607254
4530,-14.2312,-9.5613,-23.7926,-12.7812,-8.9844,0.0944,0.0,0.9992772936820984,0.598199188709259,0.9725871086120605,0.13685636222362518,0.9910714030265808,0.5915733575820923,0.20720615983009338,0.06805814802646637,0.028684701770544052
4535,-14.5617,-9.5414,-24.1031,-14.1641,-8.75,0.1046,0.0,0.9989784359931946,0.6221320033073425,0.9600228667259216,0.11063829809427261,0.9821428656578064,0.5707011818885803,0.22022698819637299,0.06805814802646637,0.036536071449518204
4540,-14.1199,-9.7102,-23.8301,-13.5781,-8.9844,0.1124,0.0,0.998884379863739,0.5869061350822449,0.9561305046081543,0.11938533931970596,0.984375,0.5922729969024658,0.2012593299150467,0.06910758465528488,0.032882463186979294
4545,-14.1629,-9.4801,-23.643,-13.1328,-9.0078,0.1152,0.0,0.9989721179008484,0.6315687298774719,0.9645794034004211,0.10597825795412064,0.9869791865348816,0.6050217747688293,0.2004431039094925,0.06145055964589119,0.028606964275240898
4550,-13.1203,-10.1203,-23.2406,-11.8281,-9.625,0.1146,0.0,0.9990313053131104,0.5103208422660828,0.942148745059967,0.0804455429315567,0.984375,0.6419853568077087,0.15628886222839355,0.0658426582813263,0.03140547126531601
4555,-14.2152,-9.7492,-23.9645,-12.4062,-9.2656,0.1,0.0,0.9990662932395935,0.5863705277442932,0.9546681046485901,0.08432432264089584,0.9832589030265808,0.5827891826629639,0.2047574669122696,0.0720226988196373,0.03595304861664772
4560,-13.0676,-10.4145,-23.482,-10.625,-9.9453,0.0879,0.0,0.9989432692527771,0.44781970977783203,0.9341164231300354,0.061336252838373184,0.9747023582458496,0.6252720952033997,0.15865983068943024,0.07610385864973068,0.03548663109540939
4565,-13.4277,-10.0328,-23.4605,-11.5859,-9.5703,0.0674,0.0,0.9982547760009766,0.5419917106628418,0.9498591423034668,0.06952491402626038,0.9758184552192688,0.6236007213592529,0.16938744485378265,0.06899098306894302,0.03354322165250778
4570,-14.393,-9.5766,-23.9695,-13.0703,-9.1797,0.0684,0.0,0.9988011717796326,0.6143621802330017,0.9563679099082947,0.12171052396297455,0.9836309552192688,0.5836054086685181,0.21054881811141968,0.0659203976392746,0.03544776141643524
4575,-13.7422,-9.8961,-23.6383,-12.1953,-9.2891,0.0627,0.0,0.998403787612915,0.5517386794090271,0.95921790599823,0.10794780403375626,0.9854910969734192,0.6087530851364136,0.18442942202091217,0.06957400590181351,0.03276585787534714
4580,-13.5855,-10.1941,-23.7797,-11.7891,-9.6094,0.0565,0.0,0.9970366358757019,0.5007703900337219,0.9481327533721924,0.11759082227945328,0.9799107313156128,0.6033504605293274,0.17657804489135742,0.07493781298398972,0.04065609350800514
4585,-13.4473,-10.1262,-23.5734,-11.5625,-9.6406,0.0446,0.0,0.9989895224571228,0.500564694404602,0.9464004039764404,0.10730593651533127,0.9828869104385376,0.6154384613037109,0.17206934094429016,0.07396610826253891,0.03404850885272026
4590,-14.0586,-9.6969,-23.7555,-12.9609,-9.1875,0.0406,0.0,0.9993518590927124,0.5790926814079285,0.9729888439178467,0.13007159531116486,0.9899553656578064,0.5996968150138855,0.19706156849861145,0.06619247794151306,0.032571516931056976
4595,-14.3801,-9.5109,-23.891,-13.0547,-9.2578,0.0552,0.0,0.9994001984596252,0.6096943616867065,0.9761489033699036,0.14866581559181213,0.9906994104385376,0.5832167267799377,0.21490205824375153,0.0668143630027771,0.030589241534471512
4600,-14.9023,-9.2047,-24.107,-12.9688,-9.0547,0.0735,0.0,0.9995133280754089,0.6394051909446716,0.9849246144294739,0.20471280813217163,0.9921875,0.5590407252311707,0.2404772937297821,0.06961287558078766,0.02639148011803627
4605,-14.166,-9.4457,-23.6117,-12.6172,-9.3359,0.0843,0.0,0.9991026520729065,0.6175670623779297,0.9828571677207947,0.18270571529865265,0.9947916865348816,0.6064209938049316,0.20001554489135742,0.06121734902262688,0.027868470177054405
4610,-13.6219,-10.1379,-23.7598,-11.2344,-9.8984,0.0742,0.0,0.9988310933113098,0.4878306984901428,0.9617486596107483,0.1273532658815384,0.9914434552192688,0.5985307693481445,0.18365205824375153,0.07824160158634186,0.03509794920682907
