it,s,o,w,s20,o20,lam_s,lam_c,pCC,pCD,pDC,pDD,pSTART,vCC,vCD,vDC,vDD
0,-20.9305,-12.0488,-32.9793,-24.875,-9.6875,0.5,0.5,0.4738219976425171,0.5021710991859436,0.47984886169433594,0.5148568749427795,0.4970238208770752,0.08908581733703613,0.3580534756183624,0.09258395433425903,0.35579913854599
5,-21.6391,-10.6492,-32.2883,-25.0781,-9.3984,1.0324,0.0,0.5530107021331787,0.5434553027153015,0.6236613988876343,0.6122628450393677,0.5342261791229248,0.10521610826253891,0.40473413467407227,0.07622046023607254,0.30935168266296387
10,-20.9059,-11.6855,-32.5914,-24.8906,-9.375,1.2126,0.0,0.49429357051849365,0.5031453371047974,0.5371800065040588,0.5381176471710205,0.5930059552192688,0.09876399487257004,0.37072449922561646,0.09565453976392746,0.3303793668746948
15,-19.7957,-13.9516,-33.7473,-23.2734,-12.5391,1.3634,0.0,0.39618954062461853,0.40710383653640747,0.4306999444961548,0.4158709645271301,0.4110863208770752,0.07956311851739883,0.2845149338245392,0.11217350512742996,0.4192708432674408
20,-18.4145,-16.0953,-34.5098,-23.1562,-12.6094,1.4948,0.0,0.2954414188861847,0.3162083923816681,0.3355996608734131,0.3201950192451477,0.2886904776096344,0.06735852360725403,0.21486318111419678,0.14291821420192719,0.4703824520111084
25,-19.648,-14.493,-34.141,-23.8438,-11.6094,1.6123,0.0,0.33683595061302185,0.3537287712097168,0.4031830132007599,0.3935767710208893,0.4107142984867096,0.06658115983009338,0.26997822523117065,0.11722636967897415,0.44173663854599
30,-20.5746,-12.3023,-32.877,-24.1016,-11.0,1.776,0.0,0.47729963064193726,0.46280431747436523,0.5218635201454163,0.5249238014221191,0.5059523582458496,0.09845304489135742,0.34483832120895386,0.09511038661003113,0.3571206331253052
35,-22.6195,-8.5395,-31.159,-26.6719,-6.0703,1.9672,0.0,0.6640600562095642,0.6718888878822327,0.6842448115348816,0.6910871267318726,0.6934523582458496,0.12426150590181351,0.481304407119751,0.05970149114727974,0.23025497794151306
40,-23.9746,-6.6379,-30.6125,-27.0078,-5.2344,2.0,0.0,0.7472423315048218,0.7536856532096863,0.7514619827270508,0.77135169506073,0.788690447807312,0.12332867085933685,0.55892413854599,0.0398787297308445,0.17339086532592773
45,-24.5031,-5.8,-30.3031,-27.6562,-4.3594,2.0,0.0,0.7999367117881775,0.8010120391845703,0.7923169136047363,0.8044896721839905,0.7671130895614624,0.12278451770544052,0.5914567708969116,0.032377175986766815,0.14890392124652863
50,-24.4754,-5.9129,-30.3883,-27.625,-4.4688,2.0,0.0,0.7887234687805176,0.7865392565727234,0.8089330196380615,0.787584125995636,0.8184523582458496,0.12270677834749222,0.5855876803398132,0.031327735632658005,0.15590018033981323
55,-23.5426,-7.4305,-30.973,-26.875,-5.875,2.0,0.0,0.7197875380516052,0.7164629697799683,0.717044472694397,0.7330161929130554,0.726190447807312,0.11707089841365814,0.5279073119163513,0.04629197716712952,0.2042521834373474
60,-23.0742,-8.7105,-31.7848,-26.3516,-6.9688,2.0,0.0,0.6333589553833008,0.6333333253860474,0.6842496395111084,0.6645588874816895,0.7083333134651184,0.10113494843244553,0.48390859365463257,0.05231654271483421,0.25816231966018677
65,-22.0758,-9.5918,-31.6676,-25.5938,-8.3906,2.0,0.0,0.6314060688018799,0.6129765510559082,0.6356321573257446,0.6302052736282349,0.663690447807312,0.11831467598676682,0.4444962739944458,0.0676305964589119,0.26508083939552307
70,-22.2828,-9.5691,-31.852,-26.0156,-7.4297,2.0,0.0,0.6072179675102234,0.6127833127975464,0.6136226654052734,0.6224588751792908,0.6726190447807312,0.11092972755432129,0.4390547275543213,0.06448227912187576,0.28105565905570984
75,-20.5926,-12.4047,-32.9973,-24.4531,-10.3672,2.0,0.0,0.4802631437778473,0.4791690409183502,0.5174230337142944,0.48427337408065796,0.5208333134651184,0.09452736377716064,0.34052392840385437,0.09592662006616592,0.36454445123672485
80,-19.9555,-13.5066,-33.4621,-24.6562,-9.7969,2.0,0.0,0.44470369815826416,0.42384782433509827,0.4239168167114258,0.44247961044311523,0.4642857015132904,0.08329446613788605,0.3044542968273163,0.11213464289903641,0.39563900232315063
85,-20.3348,-12.8313,-33.166,-24.25,-10.8438,2.0,0.0,0.43043088912963867,0.4555542469024658,0.48227474093437195,0.4721270501613617,0.5226934552192688,0.08659826219081879,0.3292521834373474,0.10525497794151306,0.3744169771671295
90,-22.2027,-9.7246,-31.9273,-25.4688,-8.5469,2.0,0.0,0.6036900281906128,0.5947132706642151,0.5922602415084839,0.6202514171600342,0.699404776096344,0.10533270984888077,0.44259172677993774,0.06930192559957504,0.27829602360725403
95,-22.3219,-9.518,-31.8398,-25.9453,-7.3828,2.0,0.0,0.6077508330345154,0.6130999326705933,0.6272830963134766,0.6329832673072815,0.6547619104385376,0.10731498897075653,0.44624534249305725,0.06809701770544052,0.2738650441169739
100,-23.782,-7.282,-31.0641,-26.9844,-5.6328,2.0,0.0,0.7158351540565491,0.7337175607681274,0.6833192110061646,0.7279877066612244,0.6845238208770752,0.10750932991504669,0.5394900441169739,0.045903295278549194,0.20261971652507782
105,-23.9086,-6.6914,-30.6,-27.6406,-4.1797,2.0,0.0,0.7654013633728027,0.7488078474998474,0.7668341994285583,0.7729161977767944,0.7708333134651184,0.1249222606420517,0.5542599558830261,0.03867381811141968,0.17766635119915009
110,-24.6734,-5.5742,-30.2477,-28.2812,-3.0156,2.0,0.0,0.810965895652771,0.8028764724731445,0.8098404407501221,0.8153236508369446,0.8125,0.12192941457033157,0.5972481369972229,0.029228854924440384,0.14711597561836243
115,-24.4531,-6.0348,-30.4879,-26.8594,-5.9766,2.0,0.0,0.7782819867134094,0.7852016091346741,0.7818182110786438,0.802036464214325,0.7529761791229248,0.11990827322006226,0.5794076323509216,0.0320662297308445,0.1641402393579483
120,-24.4168,-5.8215,-30.2383,-28.0,-3.7188,2.0,0.0,0.776538074016571,0.8009222745895386,0.8089770078659058,0.8063744902610779,0.800595223903656,0.12192941457033157,0.590018630027771,0.037235695868730545,0.14633862674236298
125,-25.2066,-4.6379,-29.8445,-28.3281,-3.0859,2.0,0.0,0.8550544381141663,0.8426197171211243,0.8720136284828186,0.8899338245391846,0.8541666865348816,0.12496113032102585,0.6361940503120422,0.022776741534471512,0.11159048229455948
130,-24.2082,-6.0582,-30.2664,-27.7812,-3.9219,2.0,0.0,0.7923578023910522,0.7870976328849792,0.7711670398712158,0.7688239812850952,0.8426339030265808,0.13121891021728516,0.5759872794151306,0.03397076949477196,0.15434545278549194
135,-24.0516,-6.491,-30.5426,-27.6875,-4.0625,2.0,0.0,0.7541191577911377,0.7598506808280945,0.7835153937339783,0.7825889587402344,0.7860863208770752,0.12266790866851807,0.5622667670249939,0.039140235632658005,0.17144745588302612
140,-24.6867,-5.7762,-30.4629,-27.5,-4.8125,2.0,0.0,0.8006021976470947,0.7893832325935364,0.828840970993042,0.7955523729324341,0.7916666865348816,0.11617692559957504,0.5879586338996887,0.02884017489850521,0.16254663467407227
145,-23.1527,-7.998,-31.1508,-26.6719,-6.1641,2.0,0.0,0.6867226958274841,0.6798990368843079,0.6802622079849243,0.7265930771827698,0.734002947807312,0.11563277244567871,0.5081623196601868,0.053365983068943024,0.21836131811141968
150,-23.5992,-7.6465,-31.2457,-26.4219,-6.8516,2.0,0.0,0.7095406651496887,0.7011615037918091,0.7228164076805115,0.698589563369751,0.726190447807312,0.10999689251184464,0.518695592880249,0.04361007362604141,0.2232198417186737
155,-21.4578,-11.0246,-32.4824,-24.9375,-9.3281,2.0,0.0,0.5462555289268494,0.5316007137298584,0.5632882118225098,0.5693838000297546,0.5721726417541504,0.09705379605293274,0.39482274651527405,0.08321672677993774,0.32042911648750305
160,-21.834,-10.4375,-32.2715,-25.5078,-8.5391,2.0,0.0,0.5993150472640991,0.5272118449211121,0.6257372498512268,0.6295204162597656,0.582217276096344,0.10214552283287048,0.4177938401699066,0.07248912006616592,0.30309391021728516
165,-21.1621,-11.0148,-32.177,-24.2266,-10.6094,2.0,0.0,0.6009421348571777,0.45120713114738464,0.649090051651001,0.643113911151886,0.616815447807312,0.11551617085933685,0.38316231966018677,0.08329446613788605,0.3135494291782379
170,-21.116,-10.2703,-31.3863,-23.8828,-10.7812,2.0,0.0,0.6827697157859802,0.5297307968139648,0.6847070455551147,0.65256667137146,0.683407723903656,0.14482276141643524,0.4013526141643524,0.07828047126531601,0.2710665464401245
175,-22.3645,-9.1246,-31.4891,-24.5312,-10.0,2.0,0.0,0.7127628326416016,0.6175957918167114,0.7349485754966736,0.6226359605789185,0.7165178656578064,0.1312577724456787,0.4462064802646637,0.05293843150138855,0.2651197016239166
180,-22.9988,-8.4535,-31.4523,-24.0938,-11.0859,2.0,0.0,0.7940993905067444,0.6702945828437805,0.7391732335090637,0.6000911593437195,0.6789434552192688,0.1251554787158966,0.47496891021728516,0.039490051567554474,0.25590795278549194
185,-22.8703,-8.6977,-31.568,-23.5078,-12.375,2.0,0.0,0.814056932926178,0.6411423087120056,0.7620087265968323,0.5789856314659119,0.7180059552192688,0.13106343150138855,0.46140390634536743,0.03560323268175125,0.26745179295539856
190,-22.293,-9.5453,-31.8383,-24.1406,-11.1094,2.0,0.0,0.7423707246780396,0.5988801121711731,0.7079063057899475,0.5919288396835327,0.6216517686843872,0.12099657952785492,0.43730565905570984,0.05309390649199486,0.28412625193595886
195,-23.8133,-7.4563,-31.2695,-24.2031,-11.0547,2.0,0.0,0.8346761465072632,0.7036673426628113,0.8153409361839294,0.6308309435844421,0.7514880895614624,0.1206078976392746,0.5150808691978455,0.027363184839487076,0.23247045278549194
200,-22.3098,-9.2246,-31.5344,-23.5703,-11.9688,2.0,0.0,0.7998888492584229,0.6223240494728088,0.7628774642944336,0.5477386713027954,0.718377947807312,0.13984763622283936,0.44119247794151306,0.04376554861664772,0.27071672677993774
205,-23.057,-8.5492,-31.6063,-22.5859,-13.8203,2.0,0.0,0.8349814414978027,0.6714119911193848,0.7935943007469177,0.5310364961624146,0.7165178656578064,0.12577736377716064,0.46960508823394775,0.03276585787534714,0.26737406849861145
210,-20.3656,-12.3523,-32.718,-21.7734,-15.0703,2.0,0.0,0.7060570120811462,0.4943341016769409,0.5867983102798462,0.39461272954940796,0.5725446343421936,0.13090795278549194,0.3189909756183624,0.0747823417186737,0.3708411157131195
215,-22.0953,-10.0156,-32.1109,-22.0859,-15.3359,2.0,0.0,0.7676100730895996,0.6243151426315308,0.6897374987602234,0.4794811010360718,0.6023065447807312,0.12360074371099472,0.4114583432674408,0.048857275396585464,0.3116060197353363
220,-20.7023,-12.2836,-32.9859,-21.875,-15.5938,2.0,0.0,0.7268186211585999,0.5237630009651184,0.599762499332428,0.3764044940471649,0.4914434552192688,0.12449471652507782,0.3181358873844147,0.06545397639274597,0.3874378204345703
225,-21.4672,-10.7375,-32.2047,-21.3203,-15.4609,2.0,0.0,0.7750992774963379,0.5828642845153809,0.7046979665756226,0.4473714828491211,0.586309552192688,0.1370491236448288,0.3729011118412018,0.05212220177054405,0.33344992995262146
230,-20.8824,-11.5273,-32.4098,-21.7656,-14.9922,2.0,0.0,0.7342677116394043,0.5473872423171997,0.6507092118263245,0.4240044951438904,0.5561755895614624,0.13588307797908783,0.34736475348472595,0.06576492637395859,0.3465096354484558
235,-22.1688,-9.9531,-32.1219,-22.6562,-14.125,2.0,0.0,0.7982587814331055,0.6013674139976501,0.7194444537162781,0.4827117919921875,0.6495535969734192,0.1294698417186737,0.409320592880249,0.04197761043906212,0.3147543668746948
240,-22.5297,-9.2102,-31.7398,-23.0859,-12.7266,2.0,0.0,0.8025919198989868,0.6210368275642395,0.7502278685569763,0.5560120344161987,0.671875,0.12896455824375153,0.4401041567325592,0.04263836890459061,0.28381529450416565
245,-23.2258,-8.3746,-31.6004,-23.4297,-12.4141,2.0,0.0,0.867890477180481,0.6693881154060364,0.7730711102485657,0.556854248046875,0.6863839030265808,0.1291588991880417,0.47131529450416565,0.02569185383617878,0.2693563401699066
250,-23.4008,-7.5852,-30.9859,-24.7188,-9.8828,2.0,0.0,0.854396402835846,0.6918964385986328,0.8136482834815979,0.6657223701477051,0.7265625,0.13747668266296387,0.5089008212089539,0.029617536813020706,0.21952736377716064
255,-23.4867,-7.6863,-31.173,-23.9219,-11.0312,2.0,0.0,0.8706541061401367,0.6768125891685486,0.825352132320404,0.6591539978981018,0.7139136791229248,0.1319185346364975,0.49801772832870483,0.02759639360010624,0.23798973858356476
260,-25.0137,-4.9793,-29.993,-25.9766,-7.5078,2.0,0.0,0.936164140701294,0.8141553401947021,0.9343283772468567,0.8101933002471924,0.8452380895614624,0.1363883763551712,0.6134172677993774,0.013020833022892475,0.13269589841365814
265,-23.3629,-7.7512,-31.1141,-25.25,-8.7734,2.0,0.0,0.8644818663597107,0.6720438599586487,0.7917619943618774,0.7049630880355835,0.6439732313156128,0.13164645433425903,0.50357586145401,0.03397076949477196,0.22632929682731628
270,-23.3687,-8.0863,-31.4551,-23.6172,-12.3203,2.0,0.0,0.870750367641449,0.6710854172706604,0.789250373840332,0.6349493861198425,0.605654776096344,0.12690454721450806,0.4837919771671295,0.027479788288474083,0.25734609365463257
275,-23.8652,-7.0043,-30.8695,-25.0625,-9.3828,2.0,0.0,0.8816516399383545,0.711959719657898,0.8468013405799866,0.7057324647903442,0.7351190447807312,0.13366760313510895,0.5251865386962891,0.02308768592774868,0.21358053386211395
280,-22.7895,-9.0363,-31.8258,-23.0312,-13.1875,2.0,0.0,0.8309164047241211,0.6339231729507446,0.7527233362197876,0.5689418911933899,0.5877976417541504,0.1259717047214508,0.4502876102924347,0.035680968314409256,0.28358209133148193
285,-22.7211,-8.7945,-31.5156,-23.7812,-11.3594,2.0,0.0,0.8165217638015747,0.6335440874099731,0.7812177538871765,0.6209339499473572,0.6123511791229248,0.13409514725208282,0.454912930727005,0.03766324743628502,0.26885107159614563
290,-23.3223,-8.0,-31.3223,-24.7578,-10.0391,2.0,0.0,0.8506321907043457,0.6714890599250793,0.8008474707603455,0.6236760020256042,0.7098214030265808,0.13219061493873596,0.48627954721450806,0.027518656104803085,0.24953357875347137
295,-23.591,-8.0367,-31.6277,-24.1484,-11.3281,2.0,0.0,0.8741893768310547,0.6678338646888733,0.7519747018814087,0.6215776205062866,0.6387648582458496,0.1198694035410881,0.48841729760169983,0.024603545665740967,0.2626321613788605
300,-22.9227,-9.2504,-32.173,-23.0,-13.4141,2.0,0.0,0.8254921436309814,0.6184525489807129,0.6980891823768616,0.5528526902198792,0.5844494104385376,0.11648787558078766,0.4385494291782379,0.030511505901813507,0.3099735677242279
305,-22.7309,-9.2156,-31.9465,-23.3594,-12.2031,2.0,0.0,0.8507237434387207,0.6344925761222839,0.6991368532180786,0.5161628127098083,0.6395089030265808,0.12888681888580322,0.43812188506126404,0.031522076576948166,0.29699161648750305
310,-24.3449,-6.748,-31.093,-24.375,-10.9922,2.0,0.0,0.8993710875511169,0.7403278946876526,0.8352600932121277,0.640870213508606,0.7436755895614624,0.12360074371099472,0.5405006408691406,0.0134483827278018,0.21797263622283936
315,-24.7902,-6.0789,-30.8691,-25.7109,-8.2734,2.0,0.0,0.9263226389884949,0.7694465517997742,0.8653061389923096,0.6874632239341736,0.7373511791229248,0.11975280195474625,0.5681358575820923,0.009522698819637299,0.19811101257801056
320,-23.9461,-7.4965,-31.4426,-24.0078,-11.6562,2.0,0.0,0.9091768860816956,0.7079972624778748,0.8195876479148865,0.5866336822509766,0.703497052192688,0.12325093150138855,0.5059468150138855,0.015080845914781094,0.2512437701225281
325,-23.8328,-7.518,-31.3508,-23.5547,-12.4922,2.0,0.0,0.8915441036224365,0.7113893032073975,0.7927350401878357,0.5870844721794128,0.7161458134651184,0.1268656700849533,0.5061023235321045,0.018190298229455948,0.24436411261558533
330,-23.6391,-7.793,-31.432,-23.7188,-12.3516,2.0,0.0,0.8850998282432556,0.6999135613441467,0.7636022567749023,0.5749732255935669,0.7101934552192688,0.12651586532592773,0.49451959133148193,0.020716728642582893,0.25377020239830017
335,-23.375,-8.5262,-31.9012,-23.5391,-12.5703,2.0,0.0,0.8734959363937378,0.6779207587242126,0.7297794222831726,0.523809552192688,0.6436011791229248,0.11951959133148193,0.4650963842868805,0.021144278347492218,0.28976213932037354
340,-22.7918,-9.5707,-32.3625,-22.7344,-14.1797,2.0,0.0,0.8490504026412964,0.6331459283828735,0.6905444264411926,0.47612276673316956,0.5889136791229248,0.11870335787534714,0.42168065905570984,0.027129974216222763,0.32800838351249695
345,-23.1531,-9.0437,-32.1969,-23.0938,-13.4844,2.0,0.0,0.8590559363365173,0.6509861946105957,0.7195325493812561,0.5012506246566772,0.6220238208770752,0.11609919369220734,0.44535136222839355,0.02328202687203884,0.3107897937297821
350,-23.7434,-7.602,-31.3453,-24.6406,-10.0391,2.0,0.0,0.8759618401527405,0.7128859162330627,0.8038095235824585,0.5871703028678894,0.7053571343421936,0.12628264725208282,0.49980565905570984,0.020405784249305725,0.2490282952785492
355,-23.6621,-7.8512,-31.5133,-25.3359,-8.9297,2.0,0.0,0.8494972586631775,0.6643438935279846,0.7614138722419739,0.6547802090644836,0.6904761791229248,0.11983053386211395,0.49642413854599,0.02639148011803627,0.25287625193595886
360,-24.5328,-6.1695,-30.7023,-27.1328,-5.5469,2.0,0.0,0.9080073237419128,0.7659382820129395,0.8504902124404907,0.7255814075469971,0.7131696343421936,0.12717661261558533,0.5602844953536987,0.015858208760619164,0.19220304489135742
365,-24.9152,-5.6543,-30.5695,-26.8203,-6.1484,2.0,0.0,0.9185790419578552,0.7840443849563599,0.8381295204162598,0.7319216132164001,0.796502947807312,0.12363961338996887,0.5885416865348816,0.010805347934365273,0.1725357621908188
370,-24.3246,-6.7957,-31.1203,-24.9375,-9.8203,2.0,0.0,0.8921473026275635,0.7313625812530518,0.8297872543334961,0.6724291443824768,0.7135416865348816,0.11928638070821762,0.5417055487632751,0.016441231593489647,0.2180892378091812
375,-22.8098,-9.3063,-32.116,-23.0625,-13.5938,2.0,0.0,0.8564325571060181,0.6553406715393066,0.6960784196853638,0.482964426279068,0.5922619104385376,0.1250777393579483,0.4301150441169739,0.02775186486542225,0.3125777244567871
380,-21.3125,-12.0664,-33.3789,-20.7422,-17.7422,2.0,0.0,0.8097027540206909,0.6247125864028931,0.5632964968681335,0.28970298171043396,0.4691220223903656,0.1137671023607254,0.32116758823394775,0.045747824013233185,0.41483986377716064
385,-21.841,-10.959,-32.8,-21.875,-15.6875,2.0,0.0,0.8119925260543823,0.6077632308006287,0.640943169593811,0.3745693564414978,0.5703125,0.12445584684610367,0.3624844551086426,0.03626399114727974,0.3723180890083313
390,-22.1066,-10.8402,-32.9469,-21.7266,-16.0312,2.0,0.0,0.821135401725769,0.5810292959213257,0.6443940997123718,0.40705931186676025,0.5520833134651184,0.11365050077438354,0.37534981966018677,0.034320585429668427,0.37220150232315063
395,-21.9512,-10.9672,-32.9184,-21.8828,-15.7891,2.0,0.0,0.8110889792442322,0.6025640964508057,0.6418067216873169,0.38835859298706055,0.5189732313156128,0.11707089841365814,0.36683768033981323,0.03700248897075653,0.3746113181114197
400,-21.4156,-11.982,-33.3977,-21.8516,-15.6875,2.0,0.0,0.7891296744346619,0.5689511895179749,0.5480072498321533,0.32921773195266724,0.5290178656578064,0.11298973858356476,0.3272310197353363,0.04291044920682907,0.41239115595817566
405,-21.5531,-11.8125,-33.3656,-22.4766,-14.3672,2.0,0.0,0.7589820623397827,0.5376209616661072,0.5680902600288391,0.39363759756088257,0.464657723903656,0.10385572165250778,0.3414567708969116,0.04823538661003113,0.40197449922561646
410,-22.8719,-9.1996,-32.0715,-24.1797,-10.8203,2.0,0.0,0.8258209824562073,0.6154999136924744,0.6895674467086792,0.5586728453636169,0.6179315447807312,0.12072449922561646,0.4408426582813263,0.03055037371814251,0.303404837846756
415,-24.4047,-6.2441,-30.6488,-26.3516,-6.9219,2.0,0.0,0.8732050061225891,0.7659706473350525,0.8440860509872437,0.7345678806304932,0.7258184552192688,0.12721548974514008,0.5640158653259277,0.0216884333640337,0.18260261416435242
420,-23.6328,-7.7926,-31.4254,-25.2812,-8.7109,2.0,0.0,0.8392457365989685,0.6741295456886292,0.7873563170433044,0.662408173084259,0.6726190447807312,0.12161847203969955,0.5034592747688293,0.02705223858356476,0.24339240789413452
425,-23.5164,-8.0523,-31.5688,-24.3281,-10.875,2.0,0.0,0.840510368347168,0.6782512068748474,0.7602941393852234,0.5983086824417114,0.6904761791229248,0.12185168266296387,0.48985540866851807,0.026430347934365273,0.2573849558830261
430,-23.8117,-7.5508,-31.3625,-24.9531,-9.6953,2.0,0.0,0.8645265102386475,0.6895893812179565,0.7867298722267151,0.6575121283531189,0.679315447807312,0.12107431888580322,0.5092506408691406,0.024603545665740967,0.24059391021728516
435,-24.4867,-6.2125,-30.6992,-26.1875,-7.1094,2.0,0.0,0.9001564979553223,0.773315966129303,0.8511066436767578,0.6990536451339722,0.715029776096344,0.1241837665438652,0.5672030448913574,0.019317474216222763,0.1848181039094925
440,-23.4141,-8.0344,-31.4484,-24.0703,-10.9219,2.0,0.0,0.8787515163421631,0.6959923505783081,0.8060897588729858,0.5524550080299377,0.6934523582458496,0.12950870394706726,0.48686257004737854,0.024253731593489647,0.2548973858356476
445,-22.3152,-9.7902,-32.1055,-22.4844,-13.8125,2.0,0.0,0.8552592992782593,0.6394678354263306,0.6474575996398926,0.4520890712738037,0.5944940447807312,0.1326570212841034,0.41775497794151306,0.03439832106232643,0.310712069272995
450,-22.2773,-9.9691,-32.2465,-23.7109,-11.8281,2.0,0.0,0.8419265151023865,0.6039878129959106,0.6955645084381104,0.48012489080429077,0.5796130895614624,0.1258939653635025,0.40741604566574097,0.03855721279978752,0.3236551582813263
455,-23.8762,-7.1395,-31.0156,-25.1406,-8.7812,2.0,0.0,0.8633747100830078,0.7116138339042664,0.8600953817367554,0.6942504048347473,0.6979166865348816,0.12830379605293274,0.5257695913314819,0.024448072537779808,0.21700093150138855
460,-24.3715,-6.1418,-30.5133,-26.5859,-6.3359,2.0,0.0,0.8938999772071838,0.7534359693527222,0.838521420955658,0.8033222556114197,0.7198660969734192,0.1344449669122696,0.5656094551086426,0.0199782345443964,0.17548973858356476
465,-22.3715,-9.7996,-32.1711,-22.9922,-13.125,2.0,0.0,0.8348793983459473,0.5826481580734253,0.6653306484222412,0.5368907451629639,0.5829613208770752,0.12569962441921234,0.41126400232315063,0.038790423423051834,0.31976833939552307
470,-23.9945,-6.5512,-30.5457,-25.1484,-8.3672,2.0,0.0,0.8787462115287781,0.730079710483551,0.8782161474227905,0.7802267074584961,0.738467276096344,0.1413635015487671,0.5463308691978455,0.022660136222839355,0.18516790866851807
475,-24.7039,-5.8555,-30.5594,-25.7031,-8.0547,2.0,0.0,0.9028711318969727,0.7685744762420654,0.8795811533927917,0.7594486474990845,0.7831101417541504,0.12725435197353363,0.5785914063453674,0.01484763715416193,0.17482897639274597
480,-25.0242,-5.3191,-30.3434,-26.2109,-7.2734,2.0,0.0,0.935513436794281,0.7946959733963013,0.8838028311729431,0.7750993967056274,0.8106398582458496,0.12717661261558533,0.60090172290802,0.01103855762630701,0.1564054787158966
485,-24.9609,-5.1305,-30.0914,-26.5156,-6.2656,2.0,0.0,0.9251642227172852,0.8038496375083923,0.9196428656578064,0.8217498064041138,0.8266369104385376,0.136077418923378,0.6037780046463013,0.013059701770544052,0.14260727167129517
490,-25.7117,-3.9652,-29.677,-27.7812,-4.1797,2.0,0.0,0.9451767802238464,0.8602137565612793,0.8888888955116272,0.9158805012702942,0.8813244104385376,0.12974192202091217,0.6581545472145081,0.008745335973799229,0.0988805964589119
495,-25.457,-4.5227,-29.9797,-27.5391,-4.5,2.0,0.0,0.9441375136375427,0.8243012428283691,0.9004328846931458,0.8600316047668457,0.8828125,0.1266324669122696,0.636893630027771,0.008978544734418392,0.12301772087812424
500,-24.8758,-5.4707,-30.3465,-26.7422,-6.1406,2.0,0.0,0.9398874640464783,0.7786224484443665,0.9025270938873291,0.7850738763809204,0.8255208134651184,0.1312577724456787,0.59308922290802,0.01076648011803627,0.1604088991880417
505,-25.684,-4.1438,-29.8277,-27.2578,-5.2969,2.0,0.0,0.9520442485809326,0.8547603487968445,0.9452054500579834,0.8885822892189026,0.8225446343421936,0.12643812596797943,0.6478933691978455,0.008512127213180065,0.11267879605293274
510,-24.1551,-6.516,-30.6711,-25.3516,-8.3125,2.0,0.0,0.9005697965621948,0.750637948513031,0.8057851195335388,0.7019035816192627,0.7395833134651184,0.13642723858356476,0.5483520030975342,0.018812188878655434,0.19193096458911896
515,-24.2313,-6.9918,-31.223,-24.4453,-10.5234,2.0,0.0,0.9178560376167297,0.7195293307304382,0.7735849022865295,0.6480093002319336,0.7157738208770752,0.12255130708217621,0.5252254605293274,0.014420087449252605,0.2333255559206009
520,-24.1086,-7.1012,-31.2098,-23.5703,-12.5781,2.0,0.0,0.9238829016685486,0.7210401892662048,0.8230769038200378,0.6236156225204468,0.7057291865348816,0.1261271834373474,0.5261194109916687,0.015158582478761673,0.2281172275543213
525,-23.725,-8.0324,-31.7574,-23.6094,-12.5234,2.0,0.0,0.9074617028236389,0.6710944771766663,0.7764977216720581,0.5783201456069946,0.6648065447807312,0.11928638070821762,0.48865050077438354,0.01686878129839897,0.27071672677993774
530,-23.693,-7.9242,-31.6172,-23.5547,-12.3984,2.0,0.0,0.8771708011627197,0.6745893955230713,0.8004201650619507,0.6043368577957153,0.6752232313156128,0.12309546023607254,0.49222636222839355,0.018501244485378265,0.2616993188858032
535,-24.3844,-6.6855,-31.0699,-24.0078,-11.6797,2.0,0.0,0.9184374809265137,0.7533496618270874,0.8361204266548157,0.614949643611908,0.7377232313156128,0.12437810748815536,0.539567768573761,0.01162157952785492,0.21995490789413452
540,-24.0293,-7.2855,-31.3148,-22.8281,-13.8281,2.0,0.0,0.9299150705337524,0.729275107383728,0.8013467788696289,0.5638126134872437,0.7172619104385376,0.12810945510864258,0.5152751803398132,0.01154384296387434,0.24059391021728516
545,-23.652,-8.0145,-31.6664,-23.3984,-12.5234,2.0,0.0,0.9098026752471924,0.6846426129341125,0.7356321811676025,0.56439608335495,0.6666666865348816,0.1241060346364975,0.4828979969024658,0.016907649114727974,0.27161070704460144
550,-23.6453,-8.118,-31.7633,-23.0703,-13.5781,2.0,0.0,0.8956410884857178,0.6832418441772461,0.75,0.5442807078361511,0.6886160969734192,0.12216262519359589,0.48149874806404114,0.014925372786819935,0.2769356369972229
555,-25.3422,-4.8684,-30.2105,-26.5938,-6.4844,2.0,0.0,0.9495668411254883,0.801173985004425,0.929729700088501,0.8415073156356812,0.8504464030265808,0.12562188506126404,0.622434675693512,0.007190609350800514,0.14027518033981323
560,-25.6852,-4.1133,-29.7984,-27.0781,-5.4688,2.0,0.0,0.9622926115989685,0.8450226187705994,0.9225806593894958,0.8705840110778809,0.9110863208770752,0.12884794175624847,0.6528295874595642,0.006024564616382122,0.10782027244567871
565,-25.3563,-4.8742,-30.2305,-26.0312,-7.5391,2.0,0.0,0.9538653492927551,0.8069108128547668,0.8900523781776428,0.792963445186615,0.8723958134651184,0.12468905746936798,0.6197916865348816,0.007423818577080965,0.14361785352230072
570,-24.8102,-5.7355,-30.5457,-24.5156,-10.4297,2.0,0.0,0.9522102475166321,0.7797471880912781,0.8636363744735718,0.6965992450714111,0.8106398582458496,0.1301306039094925,0.5811178684234619,0.009406094439327717,0.17486785352230072
575,-24.516,-6.2137,-30.7297,-24.125,-10.9297,2.0,0.0,0.9450613856315613,0.7589390873908997,0.7734375,0.6660616993904114,0.7950148582458496,0.13300684094429016,0.5598180890083313,0.009950248524546623,0.19274720549583435
580,-25.0941,-5.0691,-30.1633,-25.3984,-8.3594,2.0,0.0,0.964937686920166,0.7970145344734192,0.8809523582458496,0.822306215763092,0.8218005895614624,0.13413402438163757,0.6092972755432129,0.008162313140928745,0.14392879605293274
585,-23.759,-7.5965,-31.3555,-23.2891,-12.625,2.0,0.0,0.9160144329071045,0.7002788186073303,0.6820276379585266,0.6027934551239014,0.6945684552192688,0.12912002205848694,0.5018656849861145,0.01686878129839897,0.24766790866851807
590,-24.3434,-6.9047,-31.248,-24.5547,-10.5859,2.0,0.0,0.9153199791908264,0.7144201397895813,0.8187500238418579,0.6761872172355652,0.6986607313156128,0.12025808542966843,0.5369247794151306,0.012437811121344566,0.2259017378091812
595,-23.9707,-7.4801,-31.4508,-23.0234,-13.2734,2.0,0.0,0.9180692434310913,0.6864633560180664,0.8033707737922668,0.624767541885376,0.7135416865348816,0.1223958358168602,0.5085121393203735,0.013837064616382122,0.25077736377716064
600,-23.8457,-7.5227,-31.3684,-22.9453,-13.6875,2.0,0.0,0.9186866879463196,0.7056655883789062,0.7780429720878601,0.5910668969154358,0.7008928656578064,0.12667132914066315,0.5062966346740723,0.016285758465528488,0.24626865983009338
605,-22.8789,-9.1375,-32.0164,-22.2969,-14.7969,2.0,0.0,0.8822648525238037,0.6691189408302307,0.6677908897399902,0.47494661808013916,0.6060267686843872,0.12974192202091217,0.43322449922561646,0.023048818111419678,0.3095071613788605
610,-24.5277,-6.3496,-30.8773,-24.8203,-10.0312,2.0,0.0,0.9200122356414795,0.7342773675918579,0.8723404407501221,0.7197877764701843,0.7708333134651184,0.12682680785655975,0.559934675693512,0.010960821062326431,0.19780005514621735
615,-24.2328,-6.6957,-30.9285,-24.0781,-11.4688,2.0,0.0,0.9266409277915955,0.739435076713562,0.8071216344833374,0.6608410477638245,0.730654776096344,0.1308690905570984,0.5380519032478333,0.013098569586873055,0.21350279450416565
620,-24.0234,-7.2727,-31.2961,-23.0469,-13.5312,2.0,0.0,0.9185617566108704,0.7206258177757263,0.8228228092193604,0.6117876172065735,0.671502947807312,0.12647698819637299,0.5167133212089539,0.01294309739023447,0.23938898742198944
625,-24.4,-6.4879,-30.8879,-24.3047,-11.0391,2.0,0.0,0.9309516549110413,0.7316035628318787,0.8487654328346252,0.7185072898864746,0.7235863208770752,0.1294698417186737,0.5482742786407471,0.01259328331798315,0.20518501102924347
630,-23.8176,-7.5555,-31.373,-23.7031,-12.0547,2.0,0.0,0.9242194890975952,0.7003036737442017,0.7600950002670288,0.6079975366592407,0.6726190447807312,0.12822605669498444,0.4991837739944458,0.016363494098186493,0.25174906849861145
635,-24.1742,-6.582,-30.7563,-24.3906,-10.7031,2.0,0.0,0.9132172465324402,0.7439599633216858,0.8281623125076294,0.686817467212677,0.7403273582458496,0.1361551582813263,0.5437655448913574,0.016285758465528488,0.19931592047214508
640,-24.0949,-7.193,-31.2879,-24.0391,-11.5,2.0,0.0,0.9140501022338867,0.7026906609535217,0.7956204414367676,0.6499502062797546,0.7120535969734192,0.12255130708217621,0.522932231426239,0.01597481407225132,0.23406405746936798
645,-22.4441,-9.9438,-32.3879,-21.9766,-15.5547,2.0,0.0,0.8440760970115662,0.6133217811584473,0.6361072063446045,0.46752798557281494,0.5840773582458496,0.1266324669122696,0.4043843150138855,0.027557525783777237,0.33694806694984436
650,-24.7551,-5.8832,-30.6383,-25.7734,-8.0078,2.0,0.0,0.9283746480941772,0.7555855512619019,0.8422818779945374,0.7757510542869568,0.7700892686843872,0.12698227167129517,0.5758317708969116,0.011582711711525917,0.18112562596797943
655,-25.3168,-4.9156,-30.2324,-26.2656,-7.0,2.0,0.0,0.939793050289154,0.8099230527877808,0.9016393423080444,0.8275386095046997,0.808779776096344,0.12395056337118149,0.6212297677993774,0.009483831003308296,0.14085820317268372
660,-24.7621,-5.8797,-30.6418,-25.1172,-9.4141,2.0,0.0,0.9399260878562927,0.7513983249664307,0.875432550907135,0.770467221736908,0.7864583134651184,0.12616604566574097,0.5767646431922913,0.011232897639274597,0.18135882914066315
665,-24.0727,-7.2047,-31.2773,-23.7266,-12.0781,2.0,0.0,0.9196988940238953,0.6964111328125,0.7934508919715881,0.6756976246833801,0.6778273582458496,0.12391169369220734,0.5165966749191284,0.015430659055709839,0.2395833283662796
670,-24.5211,-6.3371,-30.8582,-25.125,-9.2109,2.0,0.0,0.9197492003440857,0.7523868680000305,0.8439153432846069,0.6931048035621643,0.7373511791229248,0.12398942559957504,0.5618003606796265,0.014692164026200771,0.19504041969776154
675,-24.3938,-6.7336,-31.1273,-25.2422,-9.2812,2.0,0.0,0.9200000166893005,0.744500994682312,0.8687151074409485,0.6435398459434509,0.6893601417541504,0.11951959133148193,0.5424829125404358,0.013914801180362701,0.21960510313510895
680,-24.8152,-5.6246,-30.4398,-25.2891,-8.8828,2.0,0.0,0.9223880767822266,0.781312108039856,0.8630136847496033,0.75,0.8147321343421936,0.1302083283662796,0.5865204930305481,0.011349502950906754,0.16744403541088104
685,-24.3293,-6.7559,-31.0852,-24.7266,-10.125,2.0,0.0,0.8911586403846741,0.7357755899429321,0.8188585638999939,0.6766010522842407,0.7061011791229248,0.12177394330501556,0.5389847755432129,0.015663867816329002,0.21909981966018677
690,-24.9961,-5.3871,-30.3832,-25.4844,-8.4688,2.0,0.0,0.9277403354644775,0.79593825340271,0.8999999761581421,0.7529469728469849,0.8110119104385376,0.1269434094429016,0.5990360975265503,0.011271766386926174,0.15827114880084991
695,-24.2555,-6.7617,-31.0172,-24.7109,-10.2031,2.0,0.0,0.8990309238433838,0.7307139039039612,0.8440170884132385,0.6702574491500854,0.741815447807312,0.12433923780918121,0.5401119589805603,0.018190298229455948,0.2128809094429016
700,-25.0504,-5.2117,-30.2621,-25.7969,-7.8906,2.0,0.0,0.9447529911994934,0.8059768676757812,0.8986175060272217,0.7687388062477112,0.7953869104385376,0.1329679787158966,0.6021844148635864,0.008434390649199486,0.1519356369972229
705,-25.1242,-5.2105,-30.3348,-25.3516,-9.0156,2.0,0.0,0.9453268051147461,0.7992047667503357,0.9116278886795044,0.7910560965538025,0.7857142686843872,0.12725435197353363,0.6060712337493896,0.008356654085218906,0.15384016931056976
710,-24.8859,-5.6895,-30.5754,-25.3359,-9.1172,2.0,0.0,0.9343200922012329,0.7789142727851868,0.9034749269485474,0.7462881803512573,0.7622767686843872,0.1260494440793991,0.5813899040222168,0.010066852904856205,0.17801617085933685
715,-24.1992,-6.8637,-31.0629,-24.5703,-10.4844,2.0,0.0,0.8973337411880493,0.7184373736381531,0.879807710647583,0.6994352340698242,0.694940447807312,0.12682680785655975,0.5322994589805603,0.01616915501654148,0.22022698819637299
720,-23.1355,-8.398,-31.5336,-24.5703,-10.3906,2.0,0.0,0.8598540425300598,0.6756105422973633,0.7566371560096741,0.5779098272323608,0.6231398582458496,0.13312344253063202,0.46789491176605225,0.026352612301707268,0.2681514322757721
725,-23.1316,-8.6836,-31.8152,-23.6875,-12.1562,2.0,0.0,0.8448488712310791,0.6357593536376953,0.7434312105178833,0.5837939977645874,0.6543898582458496,0.12601056694984436,0.45607897639274597,0.0251476988196373,0.28828513622283936
730,-22.9703,-9.0344,-32.0047,-23.0234,-13.25,2.0,0.0,0.8430808782577515,0.6264634728431702,0.7350901365280151,0.5555849075317383,0.6156994104385376,0.12161847203969955,0.4514925479888916,0.028023943305015564,0.29438742995262146
735,-23.3504,-8.6363,-31.9867,-23.8516,-11.9219,2.0,0.0,0.8468141555786133,0.6335659623146057,0.7525423765182495,0.586609959602356,0.6335565447807312,0.11773165315389633,0.4622590243816376,0.02293221466243267,0.29259949922561646
740,-22.1602,-10.6863,-32.8465,-21.6328,-16.2656,2.0,0.0,0.806506872177124,0.5537738800048828,0.6706263422966003,0.46942466497421265,0.5089285969734192,0.11349502205848694,0.3805581331253052,0.035991914570331573,0.3654772937297821
745,-22.4176,-9.8316,-32.2492,-22.6797,-13.6562,2.0,0.0,0.8128140568733215,0.6157755851745605,0.6806904077529907,0.4959662854671478,0.5725446343421936,0.12375622242689133,0.4129353165626526,0.036030784249305725,0.32280007004737854
750,-23.6289,-7.5555,-31.1844,-23.8516,-11.7812,2.0,0.0,0.8758680820465088,0.688642144203186,0.8254545331001282,0.6583676934242249,0.6938244104385376,0.13432836532592773,0.504081130027771,0.02137748710811138,0.23573538661003113
755,-23.1738,-8.6285,-31.8023,-24.0859,-11.2656,2.0,0.0,0.8477379083633423,0.6414839625358582,0.7437499761581421,0.5948193669319153,0.6186755895614624,0.12457244843244553,0.46097636222839355,0.024875622242689133,0.28509795665740967
760,-22.5371,-9.6699,-32.207,-23.3828,-12.6719,2.0,0.0,0.8047694563865662,0.585395336151123,0.7062023878097534,0.5538536310195923,0.581845223903656,0.12224035710096359,0.41783270239830017,0.03571983799338341,0.3197294771671295
765,-23.7492,-7.6488,-31.398,-24.0234,-11.5078,2.0,0.0,0.8657277226448059,0.6639789342880249,0.8188405632972717,0.6806880235671997,0.6968005895614624,0.1241837665438652,0.5013214945793152,0.021455224603414536,0.24856187403202057
770,-23.0215,-8.9566,-31.9781,-23.6094,-12.3359,2.0,0.0,0.8274984359741211,0.6260049939155579,0.779291570186615,0.5833882093429565,0.5773809552192688,0.12212375551462173,0.44958800077438354,0.028529228642582893,0.29528141021728516
775,-21.8758,-10.7395,-32.6152,-22.0469,-15.1094,2.0,0.0,0.7828989028930664,0.5329975485801697,0.6983546614646912,0.49470898509025574,0.5327380895614624,0.12227922677993774,0.3781094551086426,0.04252176731824875,0.3526119291782379
780,-21.7875,-10.7566,-32.5441,-22.8203,-13.8203,2.0,0.0,0.7512500286102295,0.5245649814605713,0.6445211172103882,0.5181236863136292,0.5524553656578064,0.12437810748815536,0.379741907119751,0.045048195868730545,0.3463541567325592
785,-21.3832,-11.6813,-33.0645,-22.3359,-14.7188,2.0,0.0,0.718367338180542,0.4871677756309509,0.6562731862068176,0.4619467258453369,0.470610111951828,0.11427238583564758,0.3407571613788605,0.052355408668518066,0.38813742995262146
790,-21.0438,-11.9559,-32.9996,-22.1484,-15.0,2.0,0.0,0.671978771686554,0.4583381712436676,0.6172761917114258,0.4725017845630646,0.5100446343421936,0.11707089841365814,0.3344604969024658,0.06164490059018135,0.38234609365463257
795,-20.6039,-13.4461,-34.05,-21.6953,-16.0938,2.0,0.0,0.6355482935905457,0.4107707142829895,0.5399032831192017,0.36828556656837463,0.3958333432674408,0.09534359723329544,0.28292134404182434,0.0642879381775856,0.4529695212841034
800,-20.607,-12.8246,-33.4316,-21.7891,-15.625,2.0,0.0,0.6463971734046936,0.4279436469078064,0.567915678024292,0.41367441415786743,0.4795386791229248,0.11057991534471512,0.30072295665740967,0.06638681888580322,0.41783270239830017
805,-20.2113,-13.7895,-34.0008,-21.3438,-16.6328,2.0,0.0,0.6184058785438538,0.40384334325790405,0.515650749206543,0.35105931758880615,0.409970223903656,0.10094060748815536,0.26698538661003113,0.07077892124652863,0.45681747794151306
810,-20.3676,-13.5859,-33.9535,-21.1094,-17.1719,2.0,0.0,0.6571537256240845,0.4278275966644287,0.5189873576164246,0.34277209639549255,0.4252232015132904,0.10214552283287048,0.2687344551086426,0.06755285710096359,0.45708954334259033
815,-18.9867,-16.1309,-35.1176,-20.625,-18.1875,2.0,0.0,0.5099756717681885,0.3305048644542694,0.40024885535240173,0.22539682686328888,0.3351934552192688,0.07987406849861145,0.18322449922561646,0.09371113032102585,0.5387126803398132
820,-19.0055,-16.2059,-35.2113,-20.4141,-18.7031,2.0,0.0,0.4811800718307495,0.3400218188762665,0.39959514141082764,0.2197018265724182,0.3273809552192688,0.0764148011803627,0.17821051180362701,0.09600435197353363,0.5448927283287048
825,-17.9906,-17.5664,-35.557,-20.3438,-18.6562,2.0,0.0,0.4718151092529297,0.304164320230484,0.3010139465332031,0.16694146394729614,0.259672611951828,0.06895211338996887,0.13813744485378265,0.12266790866851807,0.5657649040222168
830,-17.7277,-18.2527,-35.9805,-20.1719,-19.0469,2.0,0.0,0.43724966049194336,0.2896691560745239,0.2561233639717102,0.13507497310638428,0.2328869104385376,0.058224502950906754,0.11512748897075653,0.12853699922561646,0.5936334133148193
835,-17.5758,-18.4559,-36.0316,-19.6953,-19.625,2.0,0.0,0.41792020201683044,0.3016323745250702,0.2518584728240967,0.12439660727977753,0.2191220223903656,0.059429414570331573,0.10953047126531601,0.13071362674236298,0.5958488583564758
840,-18.418,-17.6,-36.018,-19.8281,-19.6172,2.0,0.0,0.42963463068008423,0.2851744294166565,0.3127894401550293,0.16278158128261566,0.2183779776096344,0.05744713917374611,0.1337064653635025,0.10910291969776154,0.5952658653259277
845,-17.5285,-18.5398,-36.0684,-20.3125,-18.5781,2.0,0.0,0.31712788343429565,0.18769770860671997,0.2624575197696686,0.1488320529460907,0.2094494104385376,0.05196673050522804,0.11057991534471512,0.1372823417186737,0.5956934094429016
850,-16.9055,-19.7637,-36.6691,-19.7422,-19.5547,2.0,0.0,0.25819671154022217,0.1579795777797699,0.1833164244890213,0.08715172857046127,0.1808035671710968,0.037935324013233185,0.07233364135026932,0.15329602360725403,0.6319574117660522
855,-16.8555,-19.559,-36.4145,-19.9375,-19.2578,2.0,0.0,0.3145161271095276,0.23581011593341827,0.18267560005187988,0.09713605046272278,0.174851194024086,0.0433768667280674,0.07532649487257004,0.15659981966018677,0.6202192306518555
860,-16.4359,-20.2926,-36.7285,-20.2109,-19.0391,2.0,0.0,0.16120906174182892,0.1286279708147049,0.1340276151895523,0.0792006403207779,0.1722470223903656,0.030861318111419678,0.05892413109540939,0.17168065905570984,0.6340562701225281
865,-15.5348,-21.359,-36.8937,-19.6484,-19.625,2.0,0.0057,0.16949152946472168,0.1257275938987732,0.07630521804094315,0.045490529388189316,0.1023065447807312,0.02063899300992489,0.03338775038719177,0.20324160158634186,0.6382540464401245
870,-16.2398,-20.918,-37.1578,-19.8359,-19.4609,2.0,0.0271,0.13347022235393524,0.08599033951759338,0.09293597936630249,0.05480339005589485,0.0982142835855484,0.01892879419028759,0.04022854566574097,0.17607276141643524,0.6602922677993774
875,-16.3777,-20.4734,-36.8512,-19.4922,-19.8203,2.0,0.052,0.1885790228843689,0.12773998081684113,0.12519632279872894,0.06469982117414474,0.1763392835855484,0.029267724603414536,0.05142257362604141,0.17323538661003113,0.6415966749191284
880,-17.1664,-19.5125,-36.6789,-19.625,-19.7656,2.0,0.0427,0.40946313738822937,0.26530611515045166,0.17525489628314972,0.07938539981842041,0.1796875,0.04271610826253891,0.07427705079317093,0.14105254411697388,0.6374766826629639
885,-17.0102,-19.2262,-36.2363,-20.0391,-19.125,2.0,0.0286,0.35630497336387634,0.2627381384372711,0.20530322194099426,0.10474055260419846,0.1875,0.05301617085933685,0.0877254381775856,0.14804881811141968,0.6067319512367249
890,-17.259,-19.2172,-36.4762,-19.9531,-19.0859,2.0,0.0052,0.3250664174556732,0.21118012070655823,0.1986449807882309,0.1074090301990509,0.190476194024086,0.04388215020298958,0.08760882914066315,0.14342351257801056,0.6206079125404358
895,-16.441,-20.3563,-36.7973,-19.9375,-19.2812,2.0,0.003,0.22919334471225739,0.17412251234054565,0.12654179334640503,0.0685415118932724,0.1655505895614624,0.03035603277385235,0.0564754344522953,0.1701647937297821,0.6385261416435242
900,-16.1332,-20.277,-36.4102,-19.4141,-19.8125,2.0,0.0027,0.23720473051071167,0.15069356560707092,0.1665245145559311,0.08089916408061981,0.15625,0.039490051567554474,0.06164490059018135,0.1822916716337204,0.6120957732200623
905,-16.9094,-19.8039,-36.7133,-19.6562,-19.7969,2.0,0.0038,0.30268198251724243,0.229705348610878,0.1697271764278412,0.0756007507443428,0.1882440447807312,0.04057835787534714,0.06463775038719177,0.14816541969776154,0.6421408653259277
910,-16.9207,-19.8949,-36.8156,-19.6562,-20.0781,2.0,0.0076,0.2721649408340454,0.1666666716337204,0.17502640187740326,0.07931654900312424,0.1555059552192688,0.03770211338996887,0.06226678937673569,0.14723259210586548,0.6483209133148193
915,-17.1461,-18.8324,-35.9785,-19.7109,-19.8516,2.0,0.0,0.37688443064689636,0.23468999564647675,0.23570504784584045,0.12505774199962616,0.2261904776096344,0.05414334684610367,0.10218439251184464,0.150225430727005,0.5889692306518555
920,-16.9777,-19.1785,-36.1562,-19.5703,-19.7578,2.0,0.0,0.3896198868751526,0.2624945640563965,0.21879775822162628,0.09757202863693237,0.2254464328289032,0.05317164212465286,0.0894356369972229,0.1525963991880417,0.6003187298774719
925,-17.4008,-18.541,-35.9418,-19.7266,-19.7734,2.0,0.0,0.41786178946495056,0.29392141103744507,0.2507018446922302,0.1214744821190834,0.2444196492433548,0.059623755514621735,0.10486629605293274,0.13844838738441467,0.592583954334259
930,-17.8434,-18.018,-35.8613,-19.8984,-19.1719,2.0,0.0,0.43157893419265747,0.2920994758605957,0.3087543249130249,0.13564836978912354,0.2600446343421936,0.06277208030223846,0.12348414212465286,0.12387282401323318,0.5853933691978455
935,-17.707,-18.3621,-36.0691,-19.6719,-19.8125,2.0,0.0,0.44963791966438293,0.3243243098258972,0.2729813754558563,0.11648977547883987,0.2209821492433548,0.05904073268175125,0.11073538661003113,0.1251554787158966,0.6005908250808716
940,-16.777,-19.3211,-36.098,-19.7812,-19.6641,2.0,0.0,0.4685754179954529,0.3462109863758087,0.20543122291564941,0.07795285433530807,0.2354910671710968,0.055659204721450806,0.07847481220960617,0.15457867085933685,0.606809675693512
945,-17.7074,-18.4375,-36.1449,-19.8125,-19.7891,2.0,0.0,0.46078431606292725,0.3308013677597046,0.28911885619163513,0.1058771014213562,0.2202380895614624,0.059468284249305725,0.10233986377716064,0.12395056337118149,0.6097636818885803
950,-17.125,-18.6977,-35.8227,-19.4609,-19.8828,2.0,0.0,0.45879602432250977,0.31891271471977234,0.2507454454898834,0.11059355735778809,0.2228422611951828,0.06650342047214508,0.10152363032102585,0.1433846354484558,0.584110677242279
955,-16.993,-19.3742,-36.3672,-19.5,-19.9688,2.0,0.0,0.36573705077171326,0.2710900604724884,0.21495327353477478,0.0898691788315773,0.1789434552192688,0.04877953976392746,0.08201181888580322,0.14972014725208282,0.6150108575820923
960,-16.5168,-19.7699,-36.2867,-19.5781,-20.0234,2.0,0.0,0.2832929790019989,0.2242424190044403,0.21553944051265717,0.082097627222538,0.1949404776096344,0.04815765097737312,0.07054571062326431,0.16608364880084991,0.6107353568077087
965,-16.0336,-20.0977,-36.1312,-18.9844,-20.4141,2.0,0.0,0.32755905389785767,0.27039626240730286,0.17829948663711548,0.07053373008966446,0.2016369104385376,0.04936256259679794,0.06669776141643524,0.18376865983009338,0.5956934094429016
970,-16.8477,-20.1816,-37.0293,-19.6406,-20.1094,2.0,0.0,0.2912153899669647,0.2222222238779068,0.1717616617679596,0.05258503928780556,0.1499255895614624,0.03229944035410881,0.0538712702691555,0.15003108978271484,0.659320592880249
975,-16.9148,-19.377,-36.2918,-19.7109,-19.7109,2.0,0.0,0.4178082048892975,0.3165048658847809,0.20886725187301636,0.07904085516929626,0.209077388048172,0.05107276141643524,0.08006840944290161,0.15166355669498444,0.6127176880836487
980,-16.7777,-19.5059,-36.2836,-19.5547,-20.0469,2.0,0.0,0.4723435342311859,0.36741214990615845,0.21109984815120697,0.06659512966871262,0.1837797611951828,0.05340484902262688,0.0729944035410881,0.15337376296520233,0.6157493591308594
985,-15.9996,-20.4527,-36.4523,-19.2344,-20.2656,2.0,0.0,0.29729729890823364,0.20247295498847961,0.1585417538881302,0.05946723371744156,0.1860119104385376,0.04026741161942482,0.0502953976392746,0.18337997794151306,0.6215795874595642
990,-16.2941,-19.9445,-36.2387,-19.2812,-20.2422,2.0,0.0,0.4764114320278168,0.3225419521331787,0.19075801968574524,0.05622848495841026,0.1901041716337204,0.050256531685590744,0.06483209133148193,0.1707478165626526,0.6096859574317932
995,-16.5145,-19.7605,-36.275,-19.2188,-20.3203,2.0,0.0,0.5736724138259888,0.41179805994033813,0.16286258399486542,0.048303037881851196,0.2131696492433548,0.05196673050522804,0.0685245618224144,0.16347947716712952,0.6115516424179077
1000,-17.7449,-18.1691,-35.9141,-19.7188,-19.9531,2.0,0.0,0.6271540522575378,0.4848144054412842,0.30442118644714355,0.07441110163927078,0.2336309552192688,0.07443252205848694,0.10366138070821762,0.11516635864973068,0.6022621393203735
1005,-16.7809,-18.6875,-35.4684,-19.2031,-20.3984,2.0,0.0,0.674280047416687,0.54313725233078,0.20355330407619476,0.062052834779024124,0.2485119104385376,0.07828047126531601,0.09911380708217621,0.15314054489135742,0.5649875402450562
1010,-16.5188,-19.2246,-35.7434,-19.25,-20.375,2.0,0.0,0.6403658986091614,0.4730878174304962,0.18938307464122772,0.05963578075170517,0.228422611951828,0.06798040866851807,0.08232276141643524,0.16254663467407227,0.5826725959777832
1015,-16.5406,-19.2805,-35.8211,-19.4375,-20.2812,2.0,0.0,0.623620331287384,0.4380123019218445,0.2069556713104248,0.05996182560920715,0.2109375,0.07042910158634186,0.07587064802646637,0.1586986929178238,0.5905239582061768
1020,-15.0395,-21.4039,-36.4434,-19.1094,-20.3516,2.0,0.0,0.40705883502960205,0.2215496301651001,0.10028199106454849,0.034098152071237564,0.123511902987957,0.0330379344522953,0.03210509940981865,0.220537930727005,0.6098414063453674
1025,-16.1016,-20.5699,-36.6715,-19.5312,-20.2344,2.0,0.0127,0.48678863048553467,0.3324808180332184,0.1437099277973175,0.03887530416250229,0.1216517835855484,0.0382462702691555,0.04559234902262688,0.17580068111419678,0.635883092880249
1030,-15.7227,-19.8617,-35.5844,-19.2656,-20.1797,2.0,0.02,0.5707433819770813,0.40441572666168213,0.18847227096557617,0.055996138602495193,0.206101194024086,0.06483209133148193,0.07217817008495331,0.19488495588302612,0.5636271834373474
1035,-16.0789,-20.4172,-36.4961,-19.2188,-20.3906,2.0,0.0436,0.46624088287353516,0.3074509799480438,0.17166918516159058,0.04102756083011627,0.1510416716337204,0.042599502950906754,0.049556903541088104,0.17999844253063202,0.6233675479888916
1040,-15.8566,-20.0684,-35.925,-19.1953,-20.3906,2.0,0.0499,0.5562248826026917,0.3880048990249634,0.17839300632476807,0.046465449035167694,0.1945684552192688,0.058069031685590744,0.06351057440042496,0.18672263622283936,0.5872201323509216
1045,-17.0578,-17.4797,-34.5375,-19.2266,-20.375,2.0,0.0333,0.75897616147995,0.6154301166534424,0.2525006830692291,0.07219474762678146,0.3125,0.10933613032102585,0.13149097561836243,0.14377331733703613,0.5109219551086426
1050,-14.9527,-20.5168,-35.4695,-18.9062,-20.5469,2.0,0.0054,0.6101587414741516,0.4752040207386017,0.13326464593410492,0.037511568516492844,0.1979166716337204,0.06121734902262688,0.06191697716712952,0.22632929682731628,0.5460587739944458
1055,-14.8414,-21.5199,-36.3613,-19.0,-20.4297,2.0,0.02,0.36582279205322266,0.23959505558013916,0.11075468361377716,0.031286437064409256,0.1097470223903656,0.03070584498345852,0.03455379232764244,0.2302161008119583,0.6000466346740723
1060,-14.6727,-21.8668,-36.5395,-19.0312,-20.4844,2.0,0.0647,0.36378738284111023,0.22358345985412598,0.08379524201154709,0.021084913983941078,0.1037946417927742,0.023398632183670998,0.025380907580256462,0.23841728270053864,0.6083255410194397
1065,-14.7953,-21.4117,-36.207,-18.8281,-20.5859,2.0,0.0945,0.4979035556316376,0.2471783310174942,0.11687877029180527,0.029419491067528725,0.1190476194024086,0.037080224603414536,0.03443719074130058,0.23212064802646637,0.5918843150138855
1070,-15.3109,-20.4883,-35.7992,-18.9688,-20.5156,2.0,0.1169,0.6481223702430725,0.43478259444236755,0.1364649087190628,0.03670345991849899,0.170014888048172,0.05589241161942482,0.056319963186979294,0.20934391021728516,0.5739660859107971
1075,-15.1359,-20.816,-35.952,-18.9219,-20.5391,2.0,0.1337,0.5469522476196289,0.41444268822669983,0.13137394189834595,0.0360976904630661,0.1540178507566452,0.04718594625592232,0.04951803386211395,0.21952736377716064,0.579291045665741
1080,-14.7957,-21.1496,-35.9453,-18.4844,-20.6641,2.0,0.1586,0.4571932852268219,0.28758740425109863,0.1379772275686264,0.03502129763364792,0.1555059552192688,0.044037625193595886,0.04446517303586006,0.23212064802646637,0.5748989582061768
1085,-15.0832,-21.7137,-36.7969,-19.25,-20.375,2.0,0.1982,0.3327922224998474,0.17449665069580078,0.09701360762119293,0.01787370815873146,0.09375,0.02394278533756733,0.023165423423051834,0.21995490789413452,0.6284592747688293
1090,-15.1883,-20.9773,-36.1656,-19.1719,-20.4141,2.0,0.2264,0.47632312774658203,0.3476027250289917,0.14391078054904938,0.031635601073503494,0.135788694024086,0.04186100885272026,0.045398011803627014,0.2160681039094925,0.5921952724456787
1095,-16.0379,-19.6098,-35.6477,-19.2812,-20.3594,2.0,0.2394,0.6450360417366028,0.5304529070854187,0.19695651531219482,0.03676270693540573,0.203125,0.07007928937673569,0.07466573268175125,0.1787935346364975,0.571983814239502
1100,-14.2582,-21.9035,-36.1617,-18.9531,-20.5234,2.0,0.2471,0.37548890709877014,0.22454307973384857,0.10209662467241287,0.022512562572956085,0.115699402987957,0.029811877757310867,0.029773009940981865,0.25583022832870483,0.5801072716712952
1105,-14.4754,-21.4867,-35.9621,-18.9062,-20.5469,2.0,0.2851,0.4379276633262634,0.2838645279407501,0.12739357352256775,0.028719205409288406,0.1283482164144516,0.03976212814450264,0.03902363032102585,0.2456078976392746,0.5711287260055542
1110,-15.4457,-21.4762,-36.9219,-19.0234,-20.3828,2.0,0.328,0.31669536232948303,0.17351597547531128,0.1012803390622139,0.02118413895368576,0.1175595223903656,0.02258240059018135,0.02553638070821762,0.20339708030223846,0.6440065503120422
1115,-15.0051,-21.9297,-36.9348,-19.2188,-20.3906,2.0,0.3697,0.28378379344940186,0.170786514878273,0.07074236124753952,0.014489224180579185,0.09375,0.017257463186979294,0.017296331003308296,0.22252021729946136,0.6384483575820923
1120,-14.6488,-22.041,-36.6898,-18.8516,-20.5625,2.0,0.412,0.33541667461395264,0.14076782763004303,0.07815828174352646,0.015713388100266457,0.0915178582072258,0.018656715750694275,0.021260883659124374,0.2372123748064041,0.6183924078941345
1125,-15.5855,-21.4297,-37.0152,-19.125,-20.4375,2.0,0.456,0.3758503496646881,0.1666666716337204,0.10063017159700394,0.019775360822677612,0.106398805975914,0.022854477167129517,0.024720149114727974,0.19737251102924347,0.6505752205848694
1130,-15.0281,-21.3574,-36.3855,-18.75,-20.5312,2.0,0.4972,0.47926267981529236,0.31525424122810364,0.10645724087953568,0.028797326609492302,0.1119791641831398,0.03373756259679794,0.03439832106232643,0.22271455824375153,0.6046719551086426
1135,-15.2516,-20.9527,-36.2043,-19.0625,-20.4688,2.0,0.5305,0.48057812452316284,0.31494662165641785,0.14569656550884247,0.03236541524529457,0.138764888048172,0.04302705079317093,0.04368780925869942,0.21315298974514008,0.5956545472145081
1140,-14.8313,-21.7746,-36.6059,-19.2656,-20.3672,2.0,0.5623,0.36409395933151245,0.13100436329841614,0.09112149477005005,0.025943545624613762,0.092261902987957,0.023165423423051834,0.02670242451131344,0.23289801180362701,0.6127565503120422
1145,-15.373,-21.8172,-37.1902,-19.125,-20.4375,2.0,0.6104,0.2805555462837219,0.09226932376623154,0.06849830597639084,0.016504568979144096,0.071800597012043,0.01399253774434328,0.015586132183670998,0.2065453976392746,0.6593983173370361
1150,-14.5074,-22.2242,-36.7316,-18.75,-20.625,2.0,0.6611,0.2364066243171692,0.09070295095443726,0.06506139039993286,0.013769255019724369,0.09375,0.016441231593489647,0.017140857875347137,0.2437422275543213,0.6181980967521667
1155,-14.9672,-21.8484,-36.8156,-19.1875,-20.4062,2.0,0.7024,0.3870967626571655,0.23159784078598022,0.0811186358332634,0.013087227940559387,0.095238097012043,0.02048351988196373,0.021649565547704697,0.22376398742198944,0.6296253204345703
1160,-14.932,-22.0594,-36.9914,-19.1719,-20.4141,2.0,0.7421,0.30470913648605347,0.12727272510528564,0.074042409658432,0.008147877641022205,0.0788690447807312,0.014031405560672283,0.014964241534471512,0.2273010015487671,0.6392257213592529
1165,-15.4973,-21.8441,-37.3414,-19.4844,-20.2578,2.0,0.798,0.24924011528491974,0.113772451877594,0.0739096850156784,0.009246873669326305,0.0598958320915699,0.012787624262273312,0.012981965206563473,0.2014147937297821,0.6683380007743835
1170,-15.148,-21.9074,-37.0555,-19.2891,-20.3203,2.0,0.8434,0.24528302252292633,0.13333334028720856,0.07668767124414444,0.013220359571278095,0.0770089253783226,0.01648009940981865,0.01632462628185749,0.2159126251935959,0.6468050479888916
1175,-14.5871,-21.9184,-36.5055,-18.9219,-20.5391,2.0,0.8889,0.42138364911079407,0.2626262605190277,0.09273996949195862,0.015460295602679253,0.0877976194024086,0.024720149114727974,0.02308768592774868,0.23931126296520233,0.6084033250808716
1180,-14.977,-21.5535,-36.5305,-19.0781,-20.3438,2.0,0.9309,0.4028368890285492,0.25518134236335754,0.11198630183935165,0.018126312643289566,0.1276041716337204,0.027402052655816078,0.03000621870160103,0.22699004411697388,0.6111240386962891
1185,-14.432,-22.1266,-36.5586,-19.0,-20.5,2.0,0.9745,0.3339587152004242,0.19085487723350525,0.0733354240655899,0.01394218485802412,0.1082589253783226,0.020716728642582893,0.019550684839487076,0.24751244485378265,0.6077425479888916
1190,-14.8184,-21.2965,-36.1148,-19.0312,-20.4844,2.0,1.0146,0.48672565817832947,0.3674089014530182,0.1295327991247177,0.025023169815540314,0.1238839253783226,0.03952891752123833,0.03840174153447151,0.23044931888580322,0.5871424078941345
1195,-15.8547,-19.7055,-35.5602,-19.0469,-20.4766,2.0,1.0295,0.6662797331809998,0.5775817036628723,0.16945303976535797,0.03698865696787834,0.2038690447807312,0.0669698417186737,0.07489894330501556,0.1883162260055542,0.5653373599052429
1200,-15.0902,-19.6289,-34.7191,-18.0156,-20.9688,2.0,1.0074,0.7585740089416504,0.6292031407356262,0.13821282982826233,0.044072482734918594,0.2053571492433548,0.08613184094429016,0.08438277244567871,0.21878886222839355,0.5062189102172852
1205,-16.6715,-18.3332,-35.0047,-19.2344,-20.3828,2.0,0.9834,0.8057311177253723,0.6969916820526123,0.1797724962234497,0.04089728742837906,0.2544642984867096,0.09223414212465286,0.10723724961280823,0.15718284249305725,0.5388681888580322
1210,-14.6027,-20.741,-35.3438,-18.5,-20.6094,2.0,0.9363,0.675000011920929,0.46900269389152527,0.13833928108215332,0.03412870690226555,0.1469494104385376,0.06063432991504669,0.05768034979701042,0.2396610677242279,0.5375466346740723
1215,-13.95,-21.8449,-35.7949,-18.9688,-20.5156,2.0,0.9887,0.6227180361747742,0.37714284658432007,0.08941791206598282,0.013855842873454094,0.1428571492433548,0.03832400590181351,0.03400963917374611,0.2677627503871918,0.5554260015487671
1220,-14.8242,-21.791,-36.6152,-19.0,-20.5,2.0,1.039,0.5066224932670593,0.25487256050109863,0.08680381625890732,0.016022799536585808,0.0892857164144516,0.023476367816329002,0.025925062596797943,0.23239272832870483,0.6137282252311707
1225,-15.2223,-21.7789,-37.0012,-19.0938,-20.4531,2.0,1.0876,0.46265560388565063,0.23255814611911774,0.07549254596233368,0.013089948333799839,0.0773809552192688,0.01873445324599743,0.01838463917374611,0.2110929787158966,0.6473103165626526
1230,-14.7875,-21.841,-36.6285,-18.9062,-20.4766,2.0,1.1266,0.5128617286682129,0.21782177686691284,0.07626406848430634,0.016961976885795593,0.096726194024086,0.024175994098186493,0.023554105311632156,0.23138214647769928,0.6164101362228394
1235,-14.5742,-22.0063,-36.5805,-19.3281,-20.2422,2.0,1.1719,0.5067178606987,0.2445193976163864,0.0676083192229271,0.014527999795973301,0.1011904776096344,0.020250311121344566,0.023048818111419678,0.24490827322006226,0.6073150038719177
1240,-15.2898,-21.7223,-37.0121,-19.0938,-20.4531,2.0,1.2281,0.47422680258750916,0.21013133227825165,0.06952469795942307,0.012787416577339172,0.1041666641831398,0.018851056694984436,0.020716728642582893,0.20852766931056976,0.6474269032478333
1245,-13.9305,-21.9496,-35.8801,-18.7266,-20.5547,2.0,1.2728,0.6972066760063171,0.3059418499469757,0.0742238238453865,0.01885092444717884,0.122023805975914,0.034787002950906754,0.03074471466243267,0.26916199922561646,0.560828685760498
1250,-14.8195,-21.5496,-36.3691,-19.1328,-20.2109,2.0,1.321,0.6367088556289673,0.23786407709121704,0.08701472729444504,0.02213592268526554,0.1276041716337204,0.03070584498345852,0.032027363777160645,0.23227612674236298,0.6005130410194397
1255,-14.9234,-21.4402,-36.3637,-19.1328,-20.3984,2.0,1.358,0.5995288491249084,0.25287356972694397,0.0884365364909172,0.02597738243639469,0.1316964328289032,0.03299906849861145,0.03381529822945595,0.2272232621908188,0.6014847755432129
1260,-14.8469,-21.2992,-36.1461,-18.8594,-20.2422,2.0,1.3942,0.6311208009719849,0.2901744842529297,0.09249622374773026,0.03436152637004852,0.1276041716337204,0.03571983799338341,0.04232742637395859,0.2315376251935959,0.5859375
1265,-15.3461,-21.0918,-36.4379,-19.4375,-20.0469,2.0,1.4275,0.6311827898025513,0.28487804532051086,0.09857062995433807,0.03210600093007088,0.1197916641831398,0.03614738956093788,0.039839863777160645,0.2093827724456787,0.6101523637771606
1270,-14.2523,-21.6375,-35.8898,-19.1641,-20.0781,2.0,1.457,0.6341708302497864,0.3247687518596649,0.079562708735466,0.028441254049539566,0.1320684552192688,0.03867381811141968,0.03781871870160103,0.25598570704460144,0.5630441308021545
1275,-14.932,-20.8512,-35.7832,-19.3281,-19.8438,2.0,1.487,0.6178861856460571,0.30817610025405884,0.12107318639755249,0.04271911829710007,0.173735111951828,0.047807835042476654,0.055620335042476654,0.22889459133148193,0.5631996393203735
1280,-14.9504,-21.5773,-36.5277,-19.0625,-20.4219,2.0,1.5185,0.6335227489471436,0.22068095207214355,0.08190541714429855,0.02158273383975029,0.114211305975914,0.027363184839487076,0.030822450295090675,0.22683458030223846,0.6105021834373474
1285,-15.1926,-21.4973,-36.6898,-19.5078,-19.9531,2.0,1.5638,0.5696594715118408,0.2487373799085617,0.07468511909246445,0.02242405340075493,0.1231398805975914,0.025108831003308296,0.030783582478761673,0.21909981966018677,0.6205301880836487
1290,-15.3508,-21.4422,-36.793,-19.5625,-20.0547,2.0,1.6027,0.6138032078742981,0.3016997277736664,0.07023411244153976,0.01985126920044422,0.112351194024086,0.026469215750694275,0.02744092047214508,0.20918843150138855,0.6324238181114197
1295,-14.7109,-21.1703,-35.8812,-19.1562,-20.1875,2.0,1.6465,0.5731922388076782,0.26903972029685974,0.1237315908074379,0.03023032657802105,0.1755952388048172,0.04407649114727974,0.046952735632658005,0.23748445510864258,0.5670087337493896
1300,-14.9406,-20.9242,-35.8648,-19.3516,-19.8203,2.0,1.6722,0.6471571922302246,0.3340790569782257,0.10675492137670517,0.03257819265127182,0.201264888048172,0.04648631811141968,0.05212220177054405,0.2290111929178238,0.567902684211731
1305,-13.7082,-21.0863,-34.7945,-18.1328,-20.6641,2.0,1.6944,0.6378653049468994,0.35119393467903137,0.11327749490737915,0.05254291743040085,0.2068452388048172,0.061178483068943024,0.0667366310954094,0.28307679295539856,0.4845304787158966
1310,-14.1793,-19.7996,-33.9789,-17.9688,-20.4766,2.0,1.7002,0.7412071228027344,0.49052882194519043,0.14167894423007965,0.06816788017749786,0.2779017984867096,0.0895133689045906,0.09849191457033157,0.2639147937297821,0.4436022937297821
1315,-15.6219,-18.2961,-33.918,-17.7109,-19.8906,2.0,1.6652,0.8459540009498596,0.6677495837211609,0.13958682119846344,0.05385345593094826,0.3191964328289032,0.10471081733703613,0.13160759210586548,0.20883862674236298,0.4503653645515442
1320,-14.5508,-20.5707,-35.1215,-18.5859,-20.5312,2.0,1.6709,0.7958823442459106,0.5326215624809265,0.09578543901443481,0.030171770602464676,0.2042410671710968,0.0660758689045906,0.06553171575069427,0.24347014725208282,0.5204446315765381
1325,-13.8035,-18.8414,-32.6449,-15.7188,-19.8672,2.0,1.6613,0.8483938574790955,0.6445383429527283,0.14017118513584137,0.06258092075586319,0.3169642984867096,0.1294698417186737,0.12880907952785492,0.27701336145401,0.36023008823394775
1330,-12.9934,-20.4395,-33.4328,-16.9844,-20.3828,2.0,1.6759,0.8509759902954102,0.6099027991294861,0.09563994407653809,0.030690783634781837,0.2622767984867096,0.10354477912187576,0.08399409055709839,0.30398786067962646,0.4039956331253052
1335,-13.7426,-20.4094,-34.152,-17.6406,-20.9453,1.9861,1.6614,0.8425339460372925,0.6110838651657104,0.0920887365937233,0.02494838275015354,0.2645089328289032,0.08589863032102585,0.07925217598676682,0.2785680890083313,0.4518034756183624
1340,-13.5832,-19.9863,-33.5695,-17.2109,-21.1953,1.9953,1.6258,0.863314688205719,0.6741620898246765,0.09167240560054779,0.022267771884799004,0.3031994104385376,0.10436100512742996,0.09161224961280823,0.2823771834373474,0.4171719551086426
1345,-16.5117,-17.0391,-33.5508,-17.6797,-20.1172,2.0,1.5674,0.9049547910690308,0.7755943536758423,0.1358272135257721,0.03414155915379524,0.3958333432674408,0.12472791969776154,0.16021455824375153,0.1745568960905075,0.4360229969024658
1350,-14.0141,-20.5566,-34.5707,-17.9453,-20.9453,2.0,1.5507,0.8626566529273987,0.7337697744369507,0.05780516564846039,0.0144401416182518,0.2406994104385376,0.07754197716712952,0.07124533504247665,0.26492536067962646,0.48180970549583435
1355,-14.7629,-19.4832,-34.2461,-17.9453,-20.5938,2.0,1.5485,0.8541749715805054,0.7495840191841125,0.08428475260734558,0.019298678264021873,0.2983630895614624,0.09728699922561646,0.09343905746936798,0.23149876296520233,0.4732975661754608
1360,-15.2215,-20.3695,-35.591,-19.1562,-20.3984,2.0,1.5535,0.8450528979301453,0.730088472366333,0.06217995658516884,0.00896892137825489,0.220610111951828,0.06246113032102585,0.06148942932486534,0.21253108978271484,0.5590407252311707
1365,-13.5223,-21.4383,-34.9605,-17.7188,-21.0938,2.0,1.5665,0.7812080383300781,0.6317743062973022,0.05570689216256142,0.01523987203836441,0.2161458283662796,0.057913556694984436,0.052355408668518066,0.28537002205848694,0.49988338351249695
1370,-14.3816,-20.9887,-35.3703,-18.5859,-20.5781,2.0,1.5955,0.7654485106468201,0.6422474980354309,0.06390977650880814,0.013313932344317436,0.2191220223903656,0.05849657952785492,0.05464863032102585,0.2481343299150467,0.5342428684234619
1375,-14.9645,-20.2156,-35.1801,-18.6719,-20.5703,2.0,1.6145,0.8205394148826599,0.6766226291656494,0.07471365481615067,0.011536214500665665,0.2659970223903656,0.07493781298398972,0.06766946613788605,0.22057680785655975,0.5323383212089539
1380,-14.0523,-21.5395,-35.5918,-18.2812,-20.8594,2.0,1.6454,0.705579400062561,0.5592625141143799,0.05584950000047684,0.012561010196805,0.209077388048172,0.04528140649199486,0.0442708320915699,0.26445895433425903,0.5415111780166626
1385,-13.9465,-21.784,-35.7305,-18.7266,-20.6016,2.0,1.6695,0.7264060974121094,0.5989528894424438,0.04784758761525154,0.009604520164430141,0.1674107164144516,0.0407726988196373,0.03711909055709839,0.2672574520111084,0.5503731369972229
1390,-13.952,-22.1117,-36.0637,-18.4922,-20.7188,2.0,1.7261,0.7009345889091492,0.4944751262664795,0.03702636435627937,0.007520853076130152,0.1618303507566452,0.029112251475453377,0.02814054675400257,0.2697838842868805,0.568485677242279
1395,-14.8566,-21.7262,-36.5828,-19.4844,-20.0469,2.0,1.7759,0.6483679413795471,0.4098837077617645,0.040889039635658264,0.011403953656554222,0.1603422611951828,0.02619713917374611,0.02674129419028759,0.2290889322757721,0.6134950518608093
1400,-14.8156,-21.7156,-36.5312,-19.1719,-20.1328,2.0,1.8147,0.6479076743125916,0.454419881105423,0.044459301978349686,0.010613811202347279,0.1540178507566452,0.02693563513457775,0.02814054675400257,0.23254819214344025,0.6078979969024658
1405,-14.5691,-21.9543,-36.5234,-18.5,-20.75,2.0,1.8633,0.6549413800239563,0.40066778659820557,0.0428183414041996,0.009560475125908852,0.1409970223903656,0.023204291239380836,0.02328202687203884,0.24327580630779266,0.6057602763175964
1410,-14.1168,-21.8055,-35.9223,-18.7031,-20.5547,2.0,1.9076,0.6832101345062256,0.4892655313014984,0.04558277502655983,0.013196987099945545,0.1819196492433548,0.03680814802646637,0.03439832106232643,0.26177704334259033,0.5625388622283936
1415,-14.8625,-21.2855,-36.148,-18.7969,-20.6016,2.0,1.9526,0.7577821016311646,0.6092396378517151,0.04482173174619675,0.009547172114253044,0.1852678507566452,0.0399564690887928,0.040384016931056976,0.2289334535598755,0.5862484574317932
1420,-14.2652,-21.668,-35.9332,-18.4531,-20.7734,2.0,1.9915,0.7556236982345581,0.6072186827659607,0.03935926780104637,0.008582217618823051,0.1789434552192688,0.03801305964589119,0.03661380708217621,0.25478076934814453,0.5661147236824036
1425,-13.5477,-22.325,-35.8727,-18.6719,-20.6641,2.0,2.0,0.6833773255348206,0.4846796691417694,0.03467972204089165,0.007529378868639469,0.1629464328289032,0.029462065547704697,0.027907337993383408,0.2857975661754608,0.5523554086685181
1430,-13.3109,-22.4516,-35.7625,-18.4688,-20.7656,2.0,2.0,0.7062069177627563,0.42180773615837097,0.03366077318787575,0.01008367259055376,0.1666666716337204,0.028179414570331573,0.02709110639989376,0.29675838351249695,0.5434934496879578
1435,-13.4145,-22.1063,-35.5207,-18.2812,-20.8594,2.0,2.0,0.7001991868019104,0.5315728783607483,0.04486580193042755,0.012723018415272236,0.1774553507566452,0.03902363032102585,0.0338541679084301,0.2910836338996887,0.5315609574317932
1440,-13.909,-21.8695,-35.7785,-18.6406,-20.6797,2.0,2.0,0.7287128567695618,0.5555555820465088,0.043572355061769485,0.009712837636470795,0.1726190447807312,0.03925684094429016,0.034631531685590744,0.26939520239830017,0.5522388219833374
1445,-13.9234,-21.5254,-35.4488,-18.1719,-20.9141,2.0,2.0,0.8023809790611267,0.6438941359519958,0.039593908935785294,0.008968937210738659,0.2042410671710968,0.04897388070821762,0.04551461338996887,0.2679959535598755,0.5330379605293274
1450,-15.7238,-20.2824,-36.0063,-19.25,-20.375,2.0,2.0,0.8036211729049683,0.7021276354789734,0.06498268246650696,0.012639062479138374,0.2135416716337204,0.055814675986766815,0.05845770984888077,0.19080379605293274,0.5904462337493896
1455,-14.9031,-20.7133,-35.6164,-18.8125,-20.5938,2.0,2.0,0.791117250919342,0.6743243336677551,0.060896340757608414,0.010369228199124336,0.2299107164144516,0.056009016931056976,0.057524874806404114,0.2272232621908188,0.5547652244567871
1460,-14.5582,-21.0961,-35.6543,-18.5312,-20.7344,2.0,2.0,0.8110175728797913,0.651562511920929,0.052715402096509933,0.00881896447390318,0.204985111951828,0.050800684839487076,0.049751244485378265,0.2440531700849533,0.5509172677993774
1465,-14.2227,-21.1109,-35.3336,-18.1875,-20.9062,2.0,2.0,0.8043626546859741,0.6416357159614563,0.05339214950799942,0.010839314199984074,0.2306547611951828,0.057019591331481934,0.05227767303586006,0.2555192708969116,0.5307058691978455
1470,-14.0957,-21.7949,-35.8906,-18.4531,-20.7734,2.0,2.0,0.7565582394599915,0.5398428440093994,0.048044029623270035,0.007945830002427101,0.1722470223903656,0.037041354924440384,0.034631531685590744,0.2613106369972229,0.5625388622283936
1475,-13.7832,-21.9195,-35.7027,-18.3594,-20.8203,2.0,2.0,0.7589743733406067,0.5888051390647888,0.04239683598279953,0.007041251752525568,0.1752232164144516,0.03789645433425903,0.03610851988196373,0.27503108978271484,0.5464863181114197
1480,-13.8613,-22.0363,-35.8977,-18.6094,-20.6953,2.0,2.0,0.7002288103103638,0.4476439654827118,0.04896100237965584,0.00806900393217802,0.1774553507566452,0.03397076949477196,0.02969527430832386,0.27308768033981323,0.558768630027771
1485,-14.2633,-22.0117,-36.275,-19.0781,-20.4609,2.0,2.0,0.6306179761886597,0.40379008650779724,0.0502665638923645,0.007428533397614956,0.1569940447807312,0.027674129232764244,0.026663556694984436,0.25516945123672485,0.5860152244567871
1490,-14.709,-21.5363,-36.2453,-19.0938,-20.4531,1.9989,2.0,0.6795017123222351,0.5286839008331299,0.06407096982002258,0.008036361075937748,0.1633184552192688,0.034320585429668427,0.03455379232764244,0.23659048974514008,0.5900575518608093
1495,-15.0223,-21.4793,-36.5016,-18.9844,-20.4141,2.0,2.0,0.6247113347053528,0.47925034165382385,0.061116963624954224,0.010296828113496304,0.1644345223903656,0.03365982696413994,0.029034515842795372,0.22131529450416565,0.6115127205848694
1500,-14.3906,-21.5789,-35.9695,-18.7188,-20.6406,2.0,2.0,0.6856581568717957,0.5727553963661194,0.05164903402328491,0.01039316225796938,0.1796875,0.03956778720021248,0.03766324743628502,0.2498445212841034,0.5684468150138855
1505,-13.9031,-21.7629,-35.666,-18.4219,-20.7891,2.0,2.0,0.7452651262283325,0.6297786831855774,0.04347202181816101,0.00820256769657135,0.182663694024086,0.041044775396585464,0.038634948432445526,0.2709110677242279,0.5449315905570984
1510,-14.9199,-21.2258,-36.1457,-18.9531,-20.5234,2.0,2.0,0.7932960987091064,0.5710144639015198,0.057422008365392685,0.0064251176081597805,0.184523805975914,0.041744403541088104,0.04022854566574097,0.22675684094429016,0.5867925882339478
1515,-14.2801,-21.5949,-35.875,-18.8906,-20.5547,2.0,2.0,0.7141517996788025,0.5118924379348755,0.0611085519194603,0.008693852461874485,0.1882440447807312,0.04147232696413994,0.037585511803627014,0.25314831733703613,0.5633162260055542
1520,-14.3703,-21.0746,-35.4449,-18.4688,-20.7656,2.0,2.0,0.8064733743667603,0.5795190334320068,0.058427318930625916,0.013972918502986431,0.21875,0.05764148011803627,0.050101056694984436,0.2481343299150467,0.5396454930305481
1525,-13.8543,-21.5242,-35.3785,-18.375,-20.7188,2.0,2.0,0.7714931964874268,0.46945899724960327,0.06345104426145554,0.011910012923181057,0.2254464328289032,0.05153917893767357,0.044542908668518066,0.2707555890083313,0.528684675693512
1530,-13.7047,-21.1309,-34.8355,-17.9141,-20.7031,1.9984,2.0,0.7097142934799194,0.3509843945503235,0.08775395154953003,0.02270406112074852,0.3348214328289032,0.06801927834749222,0.05725279822945595,0.27549752593040466,0.49475279450416565
1535,-14.0016,-21.6293,-35.6309,-18.8828,-20.5234,1.9991,2.0,0.7385740280151367,0.43051770329475403,0.05496428161859512,0.014228514395654202,0.2261904776096344,0.04252176731824875,0.042793843895196915,0.2665967047214508,0.5436100959777832
1540,-13.7254,-21.7996,-35.525,-18.5,-20.75,1.9935,2.0,0.7689563035964966,0.47394296526908875,0.053561411798000336,0.010239651426672935,0.2023809552192688,0.04357120767235756,0.03952891752123833,0.27720770239830017,0.5352145433425903
1545,-14.5699,-18.9047,-33.4746,-16.6016,-21.5,1.98,2.0,0.8071821331977844,0.5570099949836731,0.12569467723369598,0.039165448397397995,0.4918154776096344,0.12014147639274597,0.11283426731824875,0.2377953976392746,0.42475125193595886
1550,-14.2898,-21.5156,-35.8055,-19.1797,-20.3984,1.9836,2.0,0.8239375352859497,0.5440414547920227,0.0430835522711277,0.009845386259257793,0.192336305975914,0.04481498897075653,0.03750777244567871,0.2526041567325592,0.5605954527854919
1555,-14.591,-21.1512,-35.7422,-18.9453,-20.4922,1.9616,2.0,0.7717472314834595,0.4846894145011902,0.06552518904209137,0.011949163861572742,0.2291666716337204,0.05227767303586006,0.04442630708217621,0.2360852062702179,0.5627332329750061
1560,-12.7277,-18.6609,-31.3887,-14.3906,-21.0,1.9581,1.9999,0.8132683038711548,0.44831377267837524,0.1586746871471405,0.04966392740607262,0.6302083134651184,0.19919931888580322,0.1060323417186737,0.27802392840385437,0.3122667968273163
1565,-13.4789,-15.9187,-29.3977,-13.2812,-19.0703,1.934,1.9443,0.9361590147018433,0.6204081773757935,0.15340213477611542,0.06527730077505112,0.691220223903656,0.29528141021728516,0.15236318111419678,0.22220925986766815,0.2256685346364975
1570,-14.0371,-16.3785,-30.4156,-12.8672,-21.0234,1.9336,1.8998,0.9458453059196472,0.6387154459953308,0.13718470931053162,0.06259612739086151,0.6302083134651184,0.22967195510864258,0.17428483068943024,0.2388448417186737,0.25272077322006226
1575,-14.8328,-19.9656,-34.7984,-18.9844,-20.5078,1.9166,1.8516,0.9320905208587646,0.5746821761131287,0.06728939712047577,0.013950297608971596,0.3121279776096344,0.087569959461689,0.07338308542966843,0.2246968299150467,0.5098724961280823
1580,-13.2258,-19.4145,-32.6402,-15.0938,-22.2188,1.8921,1.8749,0.9191405177116394,0.6376652121543884,0.09228278696537018,0.023700224235653877,0.3772321343421936,0.13747668266296387,0.1058768630027771,0.2880907952785492,0.3640780448913574
1585,-13.2734,-20.0633,-33.3367,-14.9375,-22.5312,1.9021,1.8642,0.9286231994628906,0.7026804089546204,0.06058597192168236,0.020073700696229935,0.308407723903656,0.10727611929178238,0.09425528347492218,0.29318252205848694,0.4008084535598755
1590,-12.0195,-19.6918,-31.7113,-12.8594,-23.3359,1.8916,1.8673,0.9104213714599609,0.580517590045929,0.10363594442605972,0.035905469208955765,0.3984375,0.15403451025485992,0.10813122242689133,0.33566543459892273,0.2976912260055542
1595,-13.0863,-14.1328,-27.2191,-10.0859,-15.2422,1.8492,1.8339,0.9382312297821045,0.5577911734580994,0.3149575889110565,0.10355298966169357,0.7842261791229248,0.3920242488384247,0.17385727167129517,0.20164801180362701,0.12799285352230072
1600,-15.3063,-12.1012,-27.4074,-10.1562,-14.7266,1.8745,1.6303,0.9554320573806763,0.6591606736183167,0.36844602227211,0.1687433272600174,0.859747052192688,0.3566930890083313,0.26581934094429016,0.16382929682731628,0.10918065905570984
1605,-13.9418,-18.3984,-32.3402,-16.1875,-21.9062,1.8701,1.5528,0.93254554271698,0.6788846850395203,0.10278824716806412,0.024806031957268715,0.4341517984867096,0.1578824669122696,0.12406716495752335,0.2578902244567871,0.35568252205848694
1610,-13.4984,-18.0746,-31.573,-14.2891,-22.75,1.8602,1.5188,0.9398854970932007,0.7080984115600586,0.1067948043346405,0.034268323332071304,0.4505208432674408,0.1629353165626526,0.15166355669498444,0.28715795278549194,0.2937655448913574
1615,-12.7523,-21.5613,-34.3137,-16.8906,-21.5547,1.8511,1.538,0.863662600517273,0.5407165884971619,0.07299890369176865,0.01395026408135891,0.2087053507566452,0.06728078424930573,0.059662625193595886,0.3200015425682068,0.4485774338245392
1620,-13.7988,-20.9941,-34.793,-17.9375,-21.0312,1.8228,1.5565,0.823825478553772,0.5306254029273987,0.08785419166088104,0.01751064881682396,0.21875,0.0694962665438652,0.06028451398015022,0.27297109365463257,0.4927705228328705
1625,-11.618,-16.0219,-27.6398,-7.2656,-22.9922,1.7915,1.5445,0.8891522884368896,0.5739782452583313,0.26186808943748474,0.1023944541811943,0.6618303656578064,0.3443330228328705,0.15026430785655975,0.27755752205848694,0.123367540538311
1630,-15.1773,-11.3641,-26.5414,-10.0,-13.375,1.798,1.3988,0.9198400378227234,0.6151428818702698,0.6453568339347839,0.25134891271591187,0.8586309552192688,0.4082711338996887,0.2597559094429016,0.14105254411697388,0.08644278347492218
1635,-16.2816,-12.1297,-28.4113,-10.8984,-16.0078,1.854,1.136,0.9077858328819275,0.6150857210159302,0.5546894073486328,0.21021664142608643,0.7663690447807312,0.3005286157131195,0.2901119291782379,0.15955379605293274,0.14532804489135742
1640,-14.2789,-14.8121,-29.091,-6.3672,-25.2109,1.8621,0.9788,0.8895705342292786,0.612238347530365,0.3187442123889923,0.14603334665298462,0.6465773582458496,0.24708488583564758,0.24327580630779266,0.2513215243816376,0.15384016931056976
1645,-11.3395,-19.9445,-31.284,-11.5156,-24.2422,1.843,0.9761,0.8921465873718262,0.6099667549133301,0.12355610728263855,0.040835123509168625,0.3366815447807312,0.14847636222839355,0.11699315905570984,0.3768656849861145,0.2531871795654297
1650,-11.1488,-21.1402,-32.2891,-14.3906,-22.8047,1.8131,0.9487,0.8787137269973755,0.577936589717865,0.09983929246664047,0.031187374144792557,0.2544642984867096,0.11120180040597916,0.08702580630779266,0.3869713842868805,0.3103233873844147
1655,-13.1148,-19.7148,-32.8297,-15.625,-22.1875,1.7503,0.9671,0.8938896059989929,0.595485508441925,0.1349145621061325,0.029264124110341072,0.2883184552192688,0.11831467598676682,0.1084810346364975,0.30480411648750305,0.3639225661754608
1660,-12.0602,-19.1277,-31.1879,-12.9688,-23.5156,1.7231,0.9111,0.8914527893066406,0.5933232307434082,0.14223694801330566,0.04314306750893593,0.4148065447807312,0.16507306694984436,0.12807057797908783,0.34021300077438354,0.26216572523117065
1665,-13.9938,-17.7461,-31.7398,-13.7344,-23.1328,1.6871,0.8718,0.9129151105880737,0.6421027183532715,0.16474604606628418,0.04897172376513481,0.4371279776096344,0.15799906849861145,0.16192474961280823,0.2732042968273163,0.3023942708969116
1670,-16.4297,-12.0609,-28.4906,-10.2188,-17.4375,1.7502,0.7199,0.9514304995536804,0.6725199818611145,0.4228626787662506,0.1705179214477539,0.7641369104385376,0.29209423065185547,0.29660293459892273,0.1604866236448288,0.14633862674236298
1675,-16.2117,-10.5574,-26.7691,-11.3594,-12.6016,1.8024,0.4762,0.9752281904220581,0.6577023267745972,0.5567042827606201,0.25259360671043396,0.8843005895614624,0.387554407119751,0.29773008823394775,0.12406716495752335,0.08617071062326431
1680,-19.7207,-6.7973,-26.518,-18.5391,-7.0781,1.8788,0.1972,0.9930354952812195,0.8241904377937317,0.8435534834861755,0.5551632642745972,0.972470223903656,0.36275652050971985,0.439287930727005,0.04944029822945595,0.044037625193595886
1685,-18.9656,-7.4871,-26.4527,-14.5234,-9.8594,2.0,0.0,0.9840633273124695,0.7998091578483582,0.8340864777565002,0.4404669404029846,0.9505208134651184,0.37803173065185547,0.40733832120895386,0.06020677834749222,0.049945585429668427
1690,-18.1215,-8.9527,-27.0742,-11.6328,-14.5156,2.0,0.0,0.9723430275917053,0.7308881282806396,0.6638621687889099,0.3233564794063568,0.933779776096344,0.34853076934814453,0.3772543668746948,0.09701492637395859,0.07272232323884964
1695,-19.8602,-7.3422,-27.2023,-14.8281,-10.2578,2.0,0.0,0.9915423393249512,0.7878760695457458,0.8042188286781311,0.4494195580482483,0.949032723903656,0.3308846354484558,0.4353622496128082,0.058962997049093246,0.0703125
1700,-15.7328,-13.5215,-29.2543,-7.75,-25.1875,2.0,0.0,0.9382532835006714,0.7204373478889465,0.25810518860816956,0.13199105858802795,0.6852678656578064,0.2354244440793991,0.2879353165626526,0.21579602360725403,0.15636660158634186
1705,-14.0766,-16.5598,-30.6363,-11.0859,-24.1172,2.0,0.0,0.9182544350624084,0.5966871976852417,0.17787699401378632,0.08432935178279877,0.6439732313156128,0.18971548974514008,0.20180347561836243,0.26986163854599,0.23414179682731628
1710,-12.034,-20.4516,-32.4855,-15.2344,-22.3828,2.0,0.0,0.9301040172576904,0.6308316588401794,0.06576293706893921,0.021812668070197105,0.3590029776096344,0.11955846101045609,0.09581001102924347,0.3469371795654297,0.33321672677993774
1715,-13.3922,-20.9461,-34.3383,-17.7031,-21.1484,1.9853,0.0,0.9180244207382202,0.515759289264679,0.06657789647579193,0.018610946834087372,0.2712053656578064,0.0763370618224144,0.06782493740320206,0.2918998897075653,0.4594604969024658
1720,-11.7613,-22.1816,-33.943,-16.5781,-21.7109,1.9485,0.0,0.8322466015815735,0.39458271861076355,0.06647460162639618,0.021102214232087135,0.2399553507566452,0.06557058542966843,0.05309390649199486,0.3642723858356476,0.4125854969024658
1725,-13.5867,-21.6902,-35.277,-17.875,-21.0625,1.9278,0.0268,0.7899224758148193,0.30195382237434387,0.07522609084844589,0.017334533855319023,0.2146577388048172,0.05013992637395859,0.04376554861664772,0.28365981578826904,0.5179570913314819
1730,-13.8324,-21.6664,-35.4988,-18.4688,-20.7656,1.9113,0.0716,0.8089330196380615,0.28611111640930176,0.06957262754440308,0.01480887085199356,0.2109375,0.046991605311632156,0.04197761043906212,0.2737484574317932,0.5328047275543213
1735,-14.0117,-21.7414,-35.7531,-18.4062,-20.7969,1.9055,0.1144,0.7984496355056763,0.24714434146881104,0.07101110368967056,0.014576437883079052,0.1901041716337204,0.04011194035410881,0.037430036813020706,0.2660136818885803,0.5519667267799377
1740,-14.6988,-21.4406,-36.1395,-19.0781,-20.4609,1.8956,0.1586,0.8296007513999939,0.33734938502311707,0.06036484241485596,0.009953550063073635,0.1930803507566452,0.03991759940981865,0.03548663109540939,0.234375,0.5857431888580322
1745,-13.3922,-22.0078,-35.4,-18.4688,-20.7656,1.8861,0.2104,0.8071955442428589,0.36125126481056213,0.05682871863245964,0.011106141842901707,0.1968005895614624,0.042133085429668427,0.03851834684610367,0.29341572523117065,0.5214552283287048
1750,-12.268,-22.2875,-34.5555,-17.7344,-21.1328,1.8606,0.258,0.8587874174118042,0.43216079473495483,0.05350678786635399,0.01298812311142683,0.209077388048172,0.05064520984888077,0.04640858247876167,0.3435945212841034,0.45487406849861145
1755,-13.6684,-22.1938,-35.8621,-18.6094,-20.6953,1.8546,0.3063,0.8625766634941101,0.3951285481452942,0.035739023238420486,0.008060559630393982,0.1558779776096344,0.031677551567554474,0.028723569586873055,0.2805892527103424,0.5545320510864258
1760,-13.4254,-22.1969,-35.6223,-18.3281,-20.8359,1.8512,0.3573,0.8689057230949402,0.47228914499282837,0.0360708087682724,0.00653404975309968,0.1614583283662796,0.03587530925869942,0.03226057067513466,0.29201647639274597,0.5353700518608093
1765,-12.6523,-22.018,-34.6703,-17.4062,-21.2969,1.8354,0.4082,0.8687151074409485,0.5352941155433655,0.04858299717307091,0.01173044927418232,0.1949404776096344,0.055659204721450806,0.04625311121344566,0.3264147937297821,0.4671952724456787
1770,-12.8645,-21.9453,-34.8098,-16.9375,-21.5312,1.8016,0.4604,0.887183427810669,0.5468254089355469,0.053869590163230896,0.009778357110917568,0.1822916716337204,0.05064520984888077,0.04897388070821762,0.3189132511615753,0.4769900441169739
1775,-12.4059,-21.4996,-33.9055,-16.9375,-21.4844,1.7784,0.4968,0.8969331383705139,0.5847457647323608,0.05789351463317871,0.011114198714494705,0.2533482015132904,0.0773087665438652,0.0642101988196373,0.33434391021728516,0.4196595251560211
1780,-12.4371,-21.5461,-33.9832,-16.8906,-21.5547,1.747,0.5311,0.8820459246635437,0.5337386131286621,0.06810203939676285,0.01253086980432272,0.244047611951828,0.07447139173746109,0.06393811851739883,0.33216729760169983,0.424945592880249
1785,-11.6559,-22.143,-33.7988,-16.2031,-21.8984,1.7026,0.5766,0.8797289729118347,0.5149253606796265,0.0556144081056118,0.014196040108799934,0.2239583283662796,0.06883551180362701,0.0572916679084301,0.36691543459892273,0.40247979760169983
1790,-11.7148,-22.059,-33.7738,-16.3125,-21.8438,1.6445,0.6294,0.8830441832542419,0.5426666736602783,0.05820610746741295,0.015502373687922955,0.216889888048172,0.06945739686489105,0.05830223858356476,0.3666044771671295,0.40115827322006226
1795,-13.3266,-21.2531,-34.5797,-17.8281,-21.0859,1.601,0.673,0.8962795734405518,0.5415045619010925,0.0630606859922409,0.012928195297718048,0.2321428507566452,0.06895211338996887,0.05993470177054405,0.2946206331253052,0.4720149338245392
1800,-13.0891,-21.4984,-34.5875,-18.0312,-20.9844,1.5797,0.7089,0.9143199324607849,0.5674740672111511,0.050748541951179504,0.009880438446998596,0.2243303507566452,0.06487096101045609,0.056164488196372986,0.30635884404182434,0.46812811493873596
1805,-13.6652,-21.4031,-35.0684,-17.7344,-21.1328,1.5458,0.7497,0.9190672039985657,0.5659670233726501,0.05007608234882355,0.009678162634372711,0.2068452388048172,0.056669775396585464,0.051850125193595886,0.28097793459892273,0.5060245394706726
1810,-12.8734,-21.4891,-34.3625,-17.1719,-21.4141,1.5416,0.7732,0.8926520943641663,0.5974358916282654,0.04474660009145737,0.009014423005282879,0.265625,0.0677083358168602,0.06063432991504669,0.3144434094429016,0.4527363181114197
1815,-12.0773,-21.5613,-33.6387,-15.9844,-22.0078,1.5026,0.813,0.8761762976646423,0.5857787728309631,0.06592067331075668,0.013792429119348526,0.2533482015132904,0.07847481220960617,0.06887438148260117,0.3508239984512329,0.39734917879104614
1820,-11.4055,-21.9055,-33.3109,-15.875,-22.0625,1.4688,0.8438,0.8487758040428162,0.5436950325965881,0.07306265085935593,0.01529116090387106,0.2455357164144516,0.08096237480640411,0.06627020984888077,0.3771766126155853,0.3711131811141968
1825,-11.4887,-21.8773,-33.366,-15.6719,-22.1641,1.4386,0.8813,0.8353108763694763,0.5241590142250061,0.07607900351285934,0.014595539309084415,0.2604166567325592,0.08189520984888077,0.06354943662881851,0.371929407119751,0.37814831733703613
1830,-12.8332,-21.1324,-33.9656,-15.8594,-22.0703,1.3873,0.9179,0.8756783604621887,0.583830714225769,0.07658429443836212,0.012913786806166172,0.2574404776096344,0.07878576219081879,0.07163401693105698,0.3177083432674408,0.4273942708969116
1835,-12.6523,-21.3137,-33.966,-16.1797,-21.8984,1.3556,0.9472,0.8781653046607971,0.5186089277267456,0.06773294508457184,0.01383989118039608,0.28125,0.08135105669498444,0.06370491534471512,0.32077890634536743,0.4296875
1840,-13.3848,-20.702,-34.0867,-17.375,-21.3125,1.326,0.9795,0.8767958283424377,0.4444444477558136,0.10659898817539215,0.015171445906162262,0.284970223903656,0.0892801582813263,0.07206156849861145,0.29096704721450806,0.4432136118412018
1845,-11.052,-22.3898,-33.4418,-15.1094,-22.4453,1.2467,1.0224,0.8733552694320679,0.47421979904174805,0.06273280084133148,0.011949685402214527,0.2377232164144516,0.07089552283287048,0.0572916679084301,0.39653295278549194,0.37080225348472595
1850,-11.1855,-21.9539,-33.1395,-15.5469,-22.2266,1.1884,1.0677,0.8738489747047424,0.38479530811309814,0.08066940307617188,0.016341648995876312,0.2991071343421936,0.08442164212465286,0.06646455079317093,0.3878653645515442,0.3567708432674408
1855,-12.0688,-21.3148,-33.3836,-14.0859,-22.8516,1.1146,1.1127,0.8837409019470215,0.4077412486076355,0.08669807016849518,0.018673665821552277,0.3218005895614624,0.09060168266296387,0.07330534607172012,0.34654849767684937,0.3850668668746948
1860,-11.0566,-19.7168,-30.7734,-10.9922,-24.4219,1.0429,1.1292,0.8985382914543152,0.4659923315048218,0.1180768832564354,0.03504442423582077,0.5204613208770752,0.1808146834373474,0.11143501102924347,0.3670320212841034,0.2362406700849533
1865,-12.5828,-16.9199,-29.5027,-10.2109,-21.1328,0.9788,1.0986,0.8978868126869202,0.48449116945266724,0.21673698723316193,0.052451539784669876,0.718377947807312,0.2630208432674408,0.15162469446659088,0.2763526141643524,0.20452424883842468
1870,-10.8574,-20.5852,-31.4426,-11.0703,-24.3359,0.9152,1.0432,0.9036017060279846,0.4542623460292816,0.0918717235326767,0.02492993138730526,0.4732142984867096,0.14676617085933685,0.0998523011803627,0.3854166567325592,0.2634872496128082
1875,-9.6687,-20.348,-30.0168,-7.4297,-25.9219,0.8236,1.0714,0.889398992061615,0.3985714316368103,0.12960760295391083,0.040753044188022614,0.5100446343421936,0.18625621497631073,0.10883084684610367,0.424945592880249,0.17548973858356476
1880,-10.1574,-18.5551,-28.7125,-6.5859,-23.5312,0.7232,1.066,0.8949992656707764,0.39736664295196533,0.1859588623046875,0.04268292710185051,0.6123511791229248,0.27281561493873596,0.11512748897075653,0.36096858978271484,0.14661069214344025
1885,-10.7285,-20.2898,-31.0184,-9.1953,-24.6641,0.6244,1.0254,0.9405872821807861,0.35223159193992615,0.11881086975336075,0.029195940122008324,0.4430803656578064,0.1707478165626526,0.09666511416435242,0.3791588842868805,0.2489505559206009
1890,-10.1176,-18.3559,-28.4734,-6.9844,-22.3125,0.5224,1.0307,0.9306597709655762,0.29031023383140564,0.16941681504249573,0.05505063757300377,0.6339285969734192,0.30045086145401,0.1014847606420517,0.3439054787158966,0.14968128502368927
1895,-10.4926,-15.3195,-25.8121,-8.3203,-14.2266,0.446,0.9306,0.9554097056388855,0.26950106024742126,0.28629791736602783,0.08641975373029709,0.7872023582458496,0.4619869291782379,0.11061877757310867,0.24735696613788605,0.07555969804525375
1900,-9.0832,-18.1441,-27.2273,-5.2109,-21.0781,0.3372,0.856,0.9173544645309448,0.26068541407585144,0.20519094169139862,0.07055075466632843,0.6458333134651184,0.34378886222839355,0.10094060748815536,0.365399569272995,0.08539334684610367
1905,-8.3828,-19.7676,-28.1504,-3.4688,-25.875,0.2232,0.8699,0.8790891766548157,0.3074522018432617,0.1570788472890854,0.07485281676054001,0.6023065447807312,0.2697061598300934,0.09961909055709839,0.4337686598300934,0.09242848306894302
1910,-10.3961,-15.6637,-26.0598,-5.6016,-19.3359,0.1217,0.7896,0.9208613634109497,0.31301212310791016,0.31734636425971985,0.09627659618854523,0.7868303656578064,0.4331856369972229,0.11858675628900528,0.2706778645515442,0.07307214289903641
1915,-8.8848,-19.1281,-28.0129,-4.5391,-23.9688,0.0146,0.7175,0.8608968257904053,0.2708333432674408,0.21531805396080017,0.05319149047136307,0.5677083134651184,0.2973025441169739,0.09328357875347137,0.3953280448913574,0.10960821062326431
1920,-9.7141,-17.5258,-27.2398,-4.3438,-23.5625,0.0,0.6704,0.8987764120101929,0.3358568549156189,0.23491379618644714,0.08676975965499878,0.6692708134651184,0.3494247496128082,0.1129508689045906,0.34266167879104614,0.09048507362604141
1925,-11.5523,-13.0453,-24.5977,-8.0703,-14.3516,0.0,0.5644,0.9517515301704407,0.3901611566543579,0.4554588198661804,0.22476674616336823,0.8720238208770752,0.5381296873092651,0.13747668266296387,0.17409048974514008,0.04582555964589119
1930,-12.0266,-11.8941,-23.9207,-9.2109,-12.0,0.0,0.3809,0.9752293825149536,0.38255614042282104,0.5495157837867737,0.22624434530735016,0.9471726417541504,0.5931280851364136,0.13502798974514008,0.12441697716712952,0.042949315160512924
1935,-10.9461,-14.6047,-25.5508,-8.5312,-13.5703,0.0,0.2152,0.9710727334022522,0.25482624769210815,0.2674698829650879,0.08582266420125961,0.8898809552192688,0.49312034249305725,0.11073538661003113,0.20969371497631073,0.08197294920682907
1940,-12.2051,-11.857,-24.0621,-9.6875,-11.1641,0.0,0.0433,0.990511953830719,0.32925093173980713,0.5343312621116638,0.19390147924423218,0.9665178656578064,0.5899020433425903,0.1364661008119583,0.11944185197353363,0.049712374806404114
1945,-12.5219,-11.6195,-24.1414,-10.0547,-10.5234,0.0,0.0,0.9950228929519653,0.34663474559783936,0.5515463948249817,0.20199692249298096,0.984747052192688,0.5857042670249939,0.14610540866851807,0.11310634016990662,0.050606343895196915
1950,-12.9512,-11.0398,-23.991,-10.2891,-10.125,0.0,0.0,0.9955371618270874,0.4228155314922333,0.6410459876060486,0.2191544473171234,0.9866071343421936,0.5922341346740723,0.16013681888580322,0.09810323268175125,0.045048195868730545
1955,-12.3434,-11.7809,-24.1242,-9.6172,-11.0938,0.0,0.0,0.9833545088768005,0.39415669441223145,0.5294674038887024,0.21959754824638367,0.9538690447807312,0.5814287662506104,0.14633862674236298,0.12332867085933685,0.04442630708217621
1960,-12.3301,-12.2434,-24.5734,-9.8984,-10.6719,0.0,0.0,0.9882205128669739,0.34587278962135315,0.4616497755050659,0.16137394309043884,0.9713541865348816,0.5576415061950684,0.14361785352230072,0.13428948819637299,0.059973571449518204
1965,-12.4898,-11.3496,-23.8395,-10.0078,-10.3828,0.0,0.0,0.9949913024902344,0.39269158244132996,0.5572460889816284,0.21520067751407623,0.9851190447807312,0.605293869972229,0.14252954721450806,0.10218439251184464,0.04551461338996887
1970,-12.4879,-11.3605,-23.8484,-10.0625,-10.25,0.0,0.0,0.9965262413024902,0.35098254680633545,0.6009019017219543,0.2230769246816635,0.984375,0.6042055487632751,0.142412930727005,0.10342817008495331,0.04547574743628502
1975,-13.2316,-11.427,-24.6586,-10.3906,-10.4375,0.0,0.0,0.9924424290657043,0.3737742304801941,0.6589174270629883,0.198142409324646,0.976934552192688,0.5502954125404358,0.17043687403202057,0.11201803386211395,0.06277208030223846
1980,-13.0836,-11.6703,-24.7539,-10.2891,-10.2656,0.0,0.0,0.9947153925895691,0.3803666830062866,0.5926288366317749,0.14620938897132874,0.9739583134651184,0.5442708134651184,0.1674828976392746,0.11916977912187576,0.06459888070821762
1985,-12.541,-11.1406,-23.6816,-10.1172,-10.2812,0.0,0.0,0.9946267008781433,0.3917413651943207,0.6352753639221191,0.20019342005252838,0.9813988208770752,0.6148554086685181,0.1430736929178238,0.09740360826253891,0.040189675986766815
1990,-12.5781,-11.4203,-23.9984,-10.0938,-10.2578,0.0,0.0,0.993751585483551,0.3652813136577606,0.6100355386734009,0.15469613671302795,0.9735863208770752,0.603389322757721,0.13747668266296387,0.09837531298398972,0.05628109350800514
1995,-12.7641,-11.3871,-24.1512,-10.0703,-10.2812,0.0,0.0,0.9950029850006104,0.36553460359573364,0.6335268616676331,0.17384615540504456,0.9832589030265808,0.583372175693512,0.15450093150138855,0.10712064802646637,0.05052860826253891
2000,-12.6332,-12.8441,-25.4773,-10.2031,-10.7188,0.0,0.0,0.9875699281692505,0.37847137451171875,0.41500499844551086,0.09151892364025116,0.937127947807312,0.5003109574317932,0.15815454721450806,0.15593905746936798,0.08111784607172012
2005,-12.2945,-11.8961,-24.1906,-9.8984,-10.5312,0.0,0.0,0.9905477166175842,0.3841330409049988,0.49904942512512207,0.1354888379573822,0.9665178656578064,0.579796314239502,0.1425684094429016,0.12266790866851807,0.05048973858356476
2010,-12.9402,-12.2418,-25.182,-10.5078,-10.4141,0.0,0.0,0.9879840016365051,0.41777777671813965,0.5029726624488831,0.1319962739944458,0.8950892686843872,0.5240204930305481,0.15741604566574097,0.13075248897075653,0.0833333358168602
2015,-13.2098,-11.2621,-24.4719,-10.4297,-10.1484,0.0,0.0,0.9916146993637085,0.4433962404727936,0.6207773089408875,0.20979483425617218,0.957217276096344,0.5608675479888916,0.16892102360725403,0.10700403898954391,0.05872979015111923
2020,-12.9965,-11.3863,-24.3828,-10.3906,-10.1797,0.0,0.0,0.9935343265533447,0.4156479239463806,0.6073641777038574,0.1882430613040924,0.9508928656578064,0.5710898637771606,0.15897077322006226,0.10661535710096359,0.05884639173746109
2025,-13.557,-10.7094,-24.2664,-10.625,-9.9688,0.0,0.0,0.9951592087745667,0.5021267533302307,0.6878636479377747,0.19051383435726166,0.9780505895614624,0.5700792670249939,0.18275807797908783,0.09351678937673569,0.04916822165250778
2030,-12.943,-11.7348,-24.6777,-10.4141,-10.3438,0.0,0.0,0.9908179640769958,0.4400680661201477,0.5097327828407288,0.13321055471897125,0.9479166865348816,0.5545320510864258,0.15986473858356476,0.11780939251184464,0.0633162334561348
2035,-11.7273,-13.5508,-25.2781,-10.1719,-10.4766,0.0,0.0,0.9816043376922607,0.3250230848789215,0.35121843218803406,0.10029211640357971,0.870907723903656,0.5155472755432129,0.12628264725208282,0.17385727167129517,0.0798351988196373
2040,-11.3016,-16.6676,-27.9691,-10.5,-14.9062,0.0,0.0,0.9647477269172668,0.30902525782585144,0.2188011258840561,0.04331538453698158,0.6610863208770752,0.36054104566574097,0.1076648011803627,0.2613106369972229,0.1660059094429016
2045,-11.9313,-12.9473,-24.8785,-10.0234,-10.5156,0.0,0.0,0.9841039180755615,0.3747495114803314,0.38956522941589355,0.1117478534579277,0.9002976417541504,0.53548663854599,0.13576647639274597,0.15644434094429016,0.06782493740320206
2050,-12.4387,-11.6594,-24.098,-10.4453,-10.0234,0.0,0.0,0.993039608001709,0.4341409206390381,0.49473685026168823,0.14452554285526276,0.9393601417541504,0.591923177242279,0.1395755559206009,0.11077425628900528,0.05324937775731087
2055,-13.1508,-12.0902,-25.241,-10.4688,-10.75,0.0,0.0,0.9868940114974976,0.4435541033744812,0.4866112768650055,0.12694667279720306,0.9252232313156128,0.5219604969024658,0.16491760313510895,0.12628264725208282,0.0823616310954094
2060,-12.8871,-11.9848,-24.8719,-10.4766,-10.1953,0.0,0.0,0.9891860485076904,0.4188697636127472,0.5068027377128601,0.1385209709405899,0.9445684552192688,0.5391402244567871,0.16025342047214508,0.12569962441921234,0.07042910158634186
2065,-12.857,-11.391,-24.248,-10.4688,-10.1406,0.0,0.0,0.9881763458251953,0.4679815471172333,0.5587683320045471,0.16966067254543304,0.9497767686843872,0.581856369972229,0.15174129605293274,0.10350590944290161,0.058418843895196915
2070,-12.643,-11.75,-24.393,-10.375,-10.1172,0.0,0.0,0.9856774210929871,0.4131503999233246,0.5361242294311523,0.14902225136756897,0.9523809552192688,0.5726057291030884,0.1501477062702179,0.11512748897075653,0.05764148011803627
2075,-12.9297,-11.2516,-24.1813,-10.2891,-10.1953,0.0,0.0,0.9889291524887085,0.45165979862213135,0.6249081492424011,0.16006216406822205,0.960565447807312,0.579291045665741,0.1604088991880417,0.1057991310954094,0.05002332106232643
2080,-13.3703,-11.3418,-24.7121,-10.8984,-10.1016,0.0,0.0,0.987900972366333,0.4407593905925751,0.6323583722114563,0.17018845677375793,0.9616815447807312,0.5525497794151306,0.1699315905570984,0.1049828976392746,0.06805814802646637
2085,-13.0375,-11.2715,-24.309,-10.5312,-10.0156,0.0,0.0,0.988044798374176,0.4554363191127777,0.6264716386795044,0.1507996916770935,0.9661458134651184,0.5689521431922913,0.1665889322757721,0.10894744843244553,0.05103389173746109
2090,-13.5055,-10.6742,-24.1797,-10.4297,-10.0078,0.0,0.0,0.994864284992218,0.49711111187934875,0.6974712610244751,0.19460640847682953,0.9854910969734192,0.5827503204345703,0.17490671575069427,0.08453824371099472,0.05332711338996887
2095,-12.7984,-11.1004,-23.8988,-10.2969,-10.2266,0.0,0.0,0.9917033910751343,0.42754366993904114,0.6597278118133545,0.1808510571718216,0.9780505895614624,0.5996579527854919,0.1512748748064041,0.0970926582813263,0.04749688878655434
2100,-11.8617,-12.1887,-24.0504,-10.1328,-10.2031,0.0,0.0,0.9856703281402588,0.30880463123321533,0.5066749453544617,0.12008427083492279,0.9583333134651184,0.5940220952033997,0.12095770984888077,0.12519434094429016,0.05534825846552849
2105,-12.3234,-11.7457,-24.0691,-9.8828,-10.5859,0.0,0.0,0.9880656003952026,0.32990574836730957,0.5993955731391907,0.16628527641296387,0.944940447807312,0.5927394032478333,0.136077418923378,0.11574938148260117,0.050956156104803085
2110,-11.9848,-12.6879,-24.6727,-10.0234,-10.5859,0.0,0.0,0.9861334562301636,0.27045938372612,0.49182525277137756,0.11818703263998032,0.90625,0.5549984574317932,0.1277596354484558,0.1450171023607254,0.06774719804525375
2115,-12.8059,-12.1918,-24.9977,-10.3516,-10.5156,0.0,0.0,0.987389087677002,0.29195457696914673,0.5801657438278198,0.1967567503452301,0.9482886791229248,0.5301228165626526,0.15749378502368927,0.13599969446659088,0.07190609723329544
2120,-12.3488,-11.8578,-24.2066,-9.9609,-10.5234,0.0,0.0,0.9849162101745605,0.30935850739479065,0.6236453056335449,0.17221827805042267,0.944940447807312,0.58236163854599,0.1399642378091812,0.11835354566574097,0.05484297126531601
2125,-11.1941,-13.4008,-24.5949,-9.2578,-11.8594,0.0,0.0,0.9683921933174133,0.229239359498024,0.44007277488708496,0.11103896051645279,0.8761160969734192,0.5533660054206848,0.11139614135026932,0.1709032952785492,0.05985696613788605
2130,-12.1605,-11.9906,-24.1512,-9.9141,-10.6406,0.0,0.0,0.9830553531646729,0.31650710105895996,0.5819723606109619,0.1463235318660736,0.9486607313156128,0.5849269032478333,0.13397854566574097,0.12375622242689133,0.052860695868730545
2135,-12.1223,-13.5871,-25.7094,-9.7188,-11.6875,0.0,0.0,0.9717732667922974,0.2740591764450073,0.4273017346858978,0.0884244367480278,0.9006696343421936,0.49296486377716064,0.13530005514621735,0.17055347561836243,0.09670397639274597
2140,-11.566,-12.6711,-24.2371,-9.7969,-10.8047,0.0,0.0,0.9828789830207825,0.2726675570011139,0.4499192237854004,0.1332852989435196,0.9330357313156128,0.5789023637771606,0.11831467598676682,0.14435634016990662,0.05394900590181351
2145,-12.0461,-12.5652,-24.6113,-9.5156,-11.4844,0.0,0.0,0.9848113656044006,0.28683069348335266,0.47976094484329224,0.15275201201438904,0.941220223903656,0.5553094148635864,0.13428948819637299,0.1430736929178238,0.06284981220960617
2150,-12.3918,-12.4762,-24.868,-9.8984,-10.8828,0.0,0.0,0.9884541630744934,0.29256197810173035,0.5041181445121765,0.13616792857646942,0.9308035969734192,0.5453591346740723,0.14109142124652863,0.13685478270053864,0.07221703976392746
2155,-13.284,-11.1219,-24.4059,-10.3203,-10.6953,0.0,0.0,0.9921939969062805,0.40607550740242004,0.6884218454360962,0.23709091544151306,0.9810267686843872,0.5626554489135742,0.17401275038719177,0.10541044920682907,0.05344371870160103
2160,-12.8996,-10.9707,-23.8703,-10.1562,-10.3438,0.0,0.0,0.992548942565918,0.4180307984352112,0.6772727370262146,0.24336688220500946,0.9903273582458496,0.599891185760498,0.1590873748064041,0.09406094253063202,0.0424828976392746
2165,-13.2273,-11.4027,-24.6301,-10.0625,-10.4844,0.0,0.0,0.9864370822906494,0.41171109676361084,0.6390553116798401,0.21906565129756927,0.9583333134651184,0.5530939102172852,0.17059235274791718,0.1102689653635025,0.061567164957523346
2170,-13.5699,-11.6469,-25.2168,-11.5312,-11.5312,0.0,0.0,0.988222599029541,0.4360508620738983,0.6403721570968628,0.12196048349142075,0.9140625,0.5412391424179077,0.15590018033981323,0.09608209133148193,0.10230099409818649
2175,-13.5844,-10.4555,-24.0398,-10.3984,-10.1875,0.0,0.0,0.9904357194900513,0.5292869210243225,0.7340376377105713,0.24383561313152313,0.9750744104385376,0.5851989984512329,0.18314675986766815,0.08461598306894302,0.0425606332719326
2180,-13.5105,-10.2223,-23.7328,-10.7656,-10.0391,0.0,0.0,0.9935426115989685,0.5252193212509155,0.797191858291626,0.25655022263526917,0.9858630895614624,0.6079368591308594,0.1772388070821762,0.07474347203969955,0.03560323268175125
2185,-12.8426,-10.6336,-23.4762,-10.2031,-10.2969,0.0,0.0,0.9949623942375183,0.449872761964798,0.7617688775062561,0.21659483015537262,0.9866071343421936,0.6249611377716064,0.1527518630027771,0.08173973858356476,0.03606965020298958
2190,-12.8613,-10.8668,-23.7281,-10.2891,-10.125,0.0,0.0,0.9927221536636353,0.40587350726127625,0.7445721626281738,0.2387344241142273,0.9828869104385376,0.6088308691978455,0.15485075116157532,0.09130130708217621,0.040539488196372986
2195,-12.7063,-11.1324,-23.8387,-10.1953,-10.125,0.0,0.0,0.9930434823036194,0.3385826647281647,0.764962375164032,0.17089678347110748,0.984747052192688,0.6034281849861145,0.14808768033981323,0.0980643630027771,0.045942164957523346
2200,-12.6867,-11.3285,-24.0152,-10.2031,-10.1797,0.0,0.0,0.9926489591598511,0.29738473892211914,0.7329002618789673,0.18107302486896515,0.984002947807312,0.597481369972229,0.14416199922561646,0.10171797126531601,0.052161071449518204
2205,-12.066,-11.4543,-23.5203,-10.1562,-10.1562,0.0,0.0,0.9936321377754211,0.25294849276542664,0.6806625723838806,0.17478510737419128,0.984375,0.6286924481391907,0.12523320317268372,0.10090173780918121,0.040694963186979294
2210,-12.0066,-11.6797,-23.6863,-10.1016,-10.125,0.0,0.0,0.9940465092658997,0.2042253464460373,0.6701779961585999,0.1475953608751297,0.976934552192688,0.6202192306518555,0.1214241310954094,0.10700403898954391,0.046875
2215,-12.0738,-11.6004,-23.6742,-9.9062,-10.4219,0.0,0.0,0.9927309155464172,0.23081740736961365,0.6800886392593384,0.15989847481250763,0.9739583134651184,0.620258092880249,0.1241060346364975,0.10521610826253891,0.045942164957523346
2220,-12.9129,-11.0262,-23.9391,-10.1484,-10.4297,0.0,0.0,0.99310702085495,0.34639227390289307,0.7831474542617798,0.23013244569301605,0.9851190447807312,0.5977145433425903,0.15675528347492218,0.09409981220960617,0.046952735632658005
2225,-12.7977,-11.0141,-23.8117,-10.2578,-10.1875,0.0,0.0,0.9959623217582703,0.35061919689178467,0.7896941900253296,0.1533219814300537,0.984375,0.60645991563797,0.15065298974514008,0.0927782952785492,0.04563121870160103
2230,-13.6895,-10.3086,-23.998,-10.7812,-9.9609,0.0,0.0,0.9968493580818176,0.49507495760917664,0.8473439812660217,0.21404682099819183,0.9877232313156128,0.5921564102172852,0.18151430785655975,0.07536535710096359,0.04648631811141968
2235,-13.1746,-10.3398,-23.5145,-10.3047,-10.0938,0.0,0.0,0.9977014064788818,0.4503503143787384,0.8629469275474548,0.26617953181266785,0.9921875,0.62566077709198,0.16087530553340912,0.07175061851739883,0.037235695868730545
2240,-13.4207,-10.2051,-23.6258,-10.4375,-9.9688,0.0,0.0,0.9976605772972107,0.48120638728141785,0.8775177001953125,0.2944915294647217,0.9866071343421936,0.6147388219833374,0.1726912260055542,0.07140080630779266,0.03669154271483421
2245,-13.777,-10.0094,-23.7863,-10.7422,-10.0391,0.0,0.0,0.9966351985931396,0.5224405527114868,0.8913878202438354,0.2887931168079376,0.992559552192688,0.6006685495376587,0.18792754411697388,0.07085665315389633,0.03606965020298958
2250,-13.973,-9.8176,-23.7906,-10.9688,-9.8203,0.0,0.0,0.9957668781280518,0.5566785335540771,0.8953620195388794,0.332950621843338,0.995907723903656,0.596820592880249,0.1961287260055542,0.06871890276670456,0.0338541679084301
2255,-15.273,-9.3305,-24.6035,-12.7266,-9.5859,0.0048,0.0,0.9973042011260986,0.6275840997695923,0.8914858102798462,0.3320463299751282,0.9929315447807312,0.5334655046463013,0.2519434094429016,0.06984607875347137,0.04026741161942482
2260,-14.5512,-9.4348,-23.9859,-11.5234,-9.8359,0.0294,0.0,0.9973751306533813,0.6124410033226013,0.9117821455001831,0.33896103501319885,0.9985119104385376,0.5775030851364136,0.22244247794151306,0.06564831733703613,0.029928483068943024
2265,-14.5715,-9.6086,-24.1801,-11.4141,-10.0781,0.0418,0.0,0.9975389838218689,0.5873547196388245,0.9043089151382446,0.27983105182647705,0.999627947807312,0.5685634613037109,0.2206934094429016,0.06945739686489105,0.03680814802646637
2270,-14.8293,-9.5242,-24.3535,-12.125,-9.6172,0.0489,0.0,0.9974047541618347,0.6143975853919983,0.8826473951339722,0.26524388790130615,0.9910714030265808,0.5541433691978455,0.2332478165626526,0.06988494843244553,0.0382462702691555
2275,-14.3465,-9.5875,-23.934,-11.5234,-9.625,0.0644,0.0,0.9982692003250122,0.603360116481781,0.8801628947257996,0.27582016587257385,0.9981398582458496,0.5838775038719177,0.21284204721450806,0.0668143630027771,0.03198849409818649
2280,-13.916,-10.0406,-23.9566,-10.8516,-9.75,0.0782,0.0,0.9968962669372559,0.5676482319831848,0.7913179993629456,0.19499479234218597,0.992559552192688,0.5885805487632751,0.19535136222839355,0.07431592047214508,0.0372745655477047
2285,-14.4219,-9.6617,-24.0836,-11.8672,-9.8047,0.0812,0.0,0.9971740245819092,0.6145606637001038,0.8378691077232361,0.23329798877239227,0.9895833134651184,0.5776585936546326,0.21408581733703613,0.06712531298398972,0.03665267303586006
2290,-14.0242,-9.6238,-23.648,-11.6484,-9.9375,0.0789,0.0,0.9973775148391724,0.6060426831245422,0.8691878318786621,0.2702331840991974,0.9951636791229248,0.6076648235321045,0.19682836532592773,0.06269434094429016,0.028334887698292732
2295,-14.1574,-9.7957,-23.9531,-10.7656,-10.1328,0.0772,0.0,0.9979318380355835,0.5522080659866333,0.8898935914039612,0.32406288385391235,0.9966517686843872,0.5825948119163513,0.20771144330501556,0.07307214289903641,0.0321439690887928
2300,-13.7949,-9.9723,-23.7672,-10.625,-10.1094,0.0746,0.0,0.9975911378860474,0.5368654131889343,0.8643630743026733,0.2702702581882477,0.9906994104385376,0.5970149040222168,0.1929415464401245,0.07536535710096359,0.03020055964589119
2305,-13.5816,-10.277,-23.8586,-10.2969,-10.1797,0.074,0.0,0.9972584843635559,0.4859139919281006,0.8622221946716309,0.20636549592018127,0.9970238208770752,0.5954601764678955,0.18349657952785492,0.07870802283287048,0.03785758838057518
2310,-13.5121,-10.2039,-23.716,-10.3516,-10.3984,0.0636,0.0,0.9965947270393372,0.4691840410232544,0.8973710536956787,0.2887640595436096,0.996279776096344,0.6049440503120422,0.17910447716712952,0.07688122242689133,0.03459266200661659
2315,-13.6066,-10.8516,-24.4582,-10.5156,-10.2109,0.0499,0.0,0.9954112768173218,0.37244144082069397,0.8808578252792358,0.1614285707473755,0.9936755895614624,0.5590407252311707,0.18419620394706726,0.09787002205848694,0.054415423423051834
2320,-12.748,-10.6879,-23.4359,-10.3359,-10.125,0.0257,0.0,0.9971560835838318,0.34389734268188477,0.8939041495323181,0.18930958211421967,0.9955357313156128,0.6286924481391907,0.14839863777160645,0.08352767676115036,0.03490360826253891
2325,-12.9441,-10.4879,-23.432,-10.3125,-10.1719,0.0,0.0,0.9983303546905518,0.39080169796943665,0.9199798703193665,0.20044296979904175,0.9951636791229248,0.6285369992256165,0.15465641021728516,0.0772310346364975,0.03509794920682907
2330,-13.0227,-10.4457,-23.4684,-10.4219,-10.3047,0.0,0.0,0.9968903660774231,0.40543851256370544,0.9310516119003296,0.18076477944850922,0.9936755895614624,0.6249611377716064,0.15865983068943024,0.07835821062326431,0.03354322165250778
2335,-13.0,-10.4137,-23.4137,-10.3438,-10.2031,0.0,0.0,0.998274028301239,0.4274412989616394,0.9117802381515503,0.16382253170013428,0.992559552192688,0.6305581331253052,0.1572217047214508,0.07357742637395859,0.03416511043906212
2340,-13.8652,-9.8176,-23.6828,-11.2188,-10.0,0.0,0.0,0.9991000294685364,0.5386170744895935,0.9479702711105347,0.2598225474357605,0.9940476417541504,0.604633092880249,0.19224192202091217,0.06798040866851807,0.030666977167129517
2345,-14.6086,-9.5941,-24.2027,-11.4375,-10.0078,0.0,0.0,0.9975274801254272,0.5937227606773376,0.9485714435577393,0.21909548342227936,0.9973958134651184,0.5659204125404358,0.2229088991880417,0.06801927834749222,0.03867381811141968
2350,-14.2523,-9.7148,-23.9672,-11.1641,-10.1328,0.0,0.0,0.9980722069740295,0.5678665041923523,0.9335566759109497,0.21559633314609528,0.9981398582458496,0.5846937298774719,0.20732276141643524,0.06961287558078766,0.03389303386211395
2355,-14.6734,-9.5559,-24.2293,-10.8203,-10.1641,0.0217,0.0,0.9967442750930786,0.6093007326126099,0.9112947583198547,0.20624303817749023,0.9970238208770752,0.5611007213592529,0.2290111929178238,0.07054571062326431,0.03486473858356476
2360,-15.5211,-9.1672,-24.6883,-11.9688,-9.8828,0.0485,0.0,0.9973021745681763,0.648372232913971,0.9374671578407288,0.19976498186588287,0.9951636791229248,0.5186567306518555,0.26982274651527405,0.07396610826253891,0.033076804131269455
2365,-14.0152,-9.7965,-23.8117,-10.6719,-10.0859,0.0555,0.0,0.9959540367126465,0.5798401236534119,0.9241459369659424,0.1639534831047058,0.9955357313156128,0.5956156849861145,0.19935478270053864,0.06712531298398972,0.033426616340875626
2370,-13.7277,-9.7328,-23.4605,-10.8984,-10.1953,0.048,0.0,0.9970991015434265,0.5869431495666504,0.9215801954269409,0.14772726595401764,0.9966517686843872,0.6163324117660522,0.18932680785655975,0.0659203976392746,0.02394278533756733
2375,-13.9598,-9.8406,-23.8004,-10.6953,-10.1094,0.0379,0.0,0.9971983432769775,0.569510281085968,0.9288913607597351,0.11876484751701355,0.9944196343421936,0.5965484976768494,0.19682836532592773,0.0694185346364975,0.032726988196372986
2380,-14.259,-9.7906,-24.0496,-10.8359,-10.0859,0.0474,0.0,0.9978556632995605,0.5676525235176086,0.9361465573310852,0.13686534762382507,0.9966517686843872,0.5800295472145081,0.2102767378091812,0.07000155746936798,0.03521455079317093
2385,-15.0816,-9.1027,-24.1844,-12.3281,-9.5859,0.0544,0.0,0.9970203042030334,0.6685348153114319,0.9509621262550354,0.1885790228843689,0.9992559552192688,0.5609064102172852,0.24273166060447693,0.06261660158634186,0.029267724603414536
2390,-15.2762,-9.1672,-24.4434,-12.6016,-9.8828,0.0853,0.0,0.9969124794006348,0.6445819735527039,0.9584774971008301,0.19521912932395935,0.9981398582458496,0.5413168668746948,0.25754043459892273,0.06739738583564758,0.029267724603414536
2395,-15.3578,-9.0191,-24.377,-12.1875,-9.8672,0.1116,0.0,0.997280478477478,0.6811572313308716,0.9451553821563721,0.1682119220495224,0.9944196343421936,0.5431047677993774,0.2592895030975342,0.06378264725208282,0.02934546023607254
2400,-15.6684,-9.0613,-24.7297,-11.9922,-10.0469,0.1467,0.0,0.9946366548538208,0.6766704320907593,0.939116358757019,0.14965985715389252,0.9936755895614624,0.5145366787910461,0.2745646834373474,0.07213930040597916,0.034281715750694275
2405,-17.1414,-8.1613,-25.3027,-13.7031,-9.25,0.2196,0.0,0.9968364834785461,0.767267644405365,0.9449481964111328,0.1093418225646019,0.9977678656578064,0.4668843150138855,0.3320118188858032,0.06001243740320206,0.03661380708217621
2410,-16.5211,-8.4738,-24.9949,-13.5781,-9.1484,0.273,0.0,0.9975351691246033,0.7378652691841125,0.940582275390625,0.10161090642213821,0.9947916865348816,0.4888448417186737,0.3098958432674408,0.06541511416435242,0.031366605311632156
2415,-17.7789,-7.825,-25.6039,-15.5547,-8.7578,0.3641,0.0,0.9982131719589233,0.773922324180603,0.971231997013092,0.15005861222743988,0.995907723903656,0.435051292181015,0.3651663661003113,0.06215018779039383,0.03315453976392746
2420,-15.9555,-8.4379,-24.3934,-13.6953,-9.0547,0.4254,0.0,0.997461199760437,0.755821943283081,0.9499274492263794,0.13731825351715088,0.9977678656578064,0.5358364582061768,0.2820662260055542,0.053560324013233185,0.024059390649199486
2425,-16.416,-8.4531,-24.8691,-14.5469,-8.875,0.4834,0.0,0.9965065121650696,0.7385562062263489,0.9551122188568115,0.13359788060188293,0.9910714030265808,0.50066077709198,0.3031327724456787,0.06234452873468399,0.029384328052401543
2430,-17.6863,-7.7172,-25.4035,-15.3438,-8.4297,0.5661,0.0,0.9961802959442139,0.8095657229423523,0.9411308765411377,0.09049255400896072,0.9940476417541504,0.45790576934814453,0.3535059094429016,0.05017879232764244,0.033931903541088104
2435,-17.7363,-7.6746,-25.4109,-15.2734,-8.4531,0.6722,0.0,0.9963858723640442,0.81037837266922,0.9338721632957458,0.09529703110456467,0.9940476417541504,0.45168688893318176,0.3595304787158966,0.0528995655477047,0.03140547126531601
2440,-18.9574,-6.9328,-25.8902,-17.3984,-7.3203,0.7698,0.0,0.9972480535507202,0.8533143997192383,0.93438321352005,0.0775969997048378,0.9929315447807312,0.4095926582813263,0.41044774651527405,0.04442630708217621,0.03105565905570984
2445,-18.8684,-7.0289,-25.8973,-16.8828,-7.7656,0.9004,0.0,0.9964035749435425,0.845075786113739,0.9419410824775696,0.10108303278684616,0.992559552192688,0.41068097949028015,0.40768811106681824,0.044853854924440384,0.03229944035410881
2450,-19.9805,-6.2906,-26.2711,-18.8125,-6.7656,1.0347,0.0,0.9971017241477966,0.8772050738334656,0.9593908786773682,0.11901681870222092,0.996279776096344,0.3755052983760834,0.45168688893318176,0.038285136222839355,0.03004508651793003
2455,-20.4922,-6.043,-26.5352,-19.6094,-5.8516,1.1832,0.0,0.998138427734375,0.8928394913673401,0.9358024597167969,0.13396623730659485,0.9970238208770752,0.35494402050971985,0.4722481369972229,0.03148321062326431,0.03684701398015022
2460,-19.3723,-6.6727,-26.0449,-17.5469,-8.1484,1.3283,0.0,0.9981221556663513,0.8617311120033264,0.9538319706916809,0.12362301349639893,0.996279776096344,0.39326804876327515,0.428404837846756,0.042094215750694275,0.03175528720021248
2465,-19.9828,-6.375,-26.3578,-18.5312,-6.6719,1.4735,0.0,0.9987422823905945,0.8778245449066162,0.9296066164970398,0.07718120515346527,0.9981398582458496,0.3708411157131195,0.4523864984512329,0.03754664212465286,0.0347481332719326
2470,-18.5254,-7.4699,-25.9953,-16.2969,-8.3047,1.5957,0.0,0.9965838193893433,0.8214392066001892,0.8855721354484558,0.08725490421056747,0.9888392686843872,0.4095926582813263,0.3915967047214508,0.0546875,0.03964552283287048
2475,-19.0906,-7.0156,-26.1063,-17.3203,-7.3125,1.7079,0.0,0.998523473739624,0.8476920127868652,0.9082412719726562,0.10778442770242691,0.9936755895614624,0.39486163854599,0.41596704721450806,0.045747824013233185,0.038945894688367844
2480,-20.0656,-6.7156,-26.7813,-17.6797,-7.2266,1.8689,0.0,0.9987919926643372,0.8544650077819824,0.9098753333091736,0.12719298899173737,0.9970238208770752,0.3539334535598755,0.44787779450416565,0.040539488196372986,0.05317164212465286
2485,-19.7133,-6.6293,-26.3426,-18.0391,-7.0469,1.9973,0.0,0.9981282949447632,0.8633397817611694,0.9069548845291138,0.15240904688835144,0.9973958134651184,0.3737950921058655,0.4408426582813263,0.04135572165250778,0.03952891752123833
2490,-19.2688,-6.9043,-26.173,-16.9609,-7.5625,2.0,0.0,0.9988182187080383,0.8594825863838196,0.910662829875946,0.09645131975412369,0.9933035969734192,0.39466729760169983,0.41767725348472595,0.04046175256371498,0.04271610826253891
2495,-19.0184,-7.1121,-26.1305,-16.5391,-7.9844,2.0,0.0,0.9983339905738831,0.8424373865127563,0.9141886234283447,0.07973102480173111,0.9933035969734192,0.39661070704460144,0.41270211338996887,0.045747824013233185,0.04046175256371498
2500,-19.2832,-6.8625,-26.1457,-17.3906,-7.6406,2.0,0.0,0.9983118176460266,0.8595011234283447,0.8871841430664062,0.08559498935937881,0.9936755895614624,0.39140236377716064,0.4238184094429016,0.04306592047214508,0.037235695868730545
2505,-18.0773,-7.4695,-25.5469,-15.4844,-8.5938,2.0,0.0,0.9977803230285645,0.8292632699012756,0.870631992816925,0.0833333358168602,0.9921875,0.43777206540107727,0.37562188506126404,0.05227767303586006,0.02985074557363987
2510,-17.3707,-8.3133,-25.684,-14.4375,-8.5312,2.0,0.0,0.9949490427970886,0.7753540277481079,0.8580362796783447,0.08153077960014343,0.9795386791229248,0.44632306694984436,0.3403295874595642,0.06215018779039383,0.04671952873468399
2515,-17.3348,-8.282,-25.6168,-14.2266,-9.0703,2.0,0.0,0.9951087236404419,0.7775762677192688,0.850649356842041,0.07527881115674973,0.9773065447807312,0.4450015425682068,0.3428560197353363,0.0658426582813263,0.04182213917374611
2520,-16.7168,-8.2582,-24.975,-14.8125,-9.4453,2.0,0.0,0.9955933094024658,0.7825387120246887,0.8779149651527405,0.08260325342416763,0.9866071343421936,0.49393656849861145,0.31386038661003113,0.056669775396585464,0.03105565905570984
2525,-17.7289,-7.5008,-25.2297,-15.9062,-8.3594,2.0,0.0,0.9978927969932556,0.8264382481575012,0.9194846749305725,0.10582821816205978,0.995907723903656,0.46113184094429016,0.3607742488384247,0.04827425256371498,0.02534203976392746
2530,-18.4762,-7.1242,-25.6004,-17.0859,-7.8984,2.0,0.0,0.9982725977897644,0.8350434303283691,0.9476153254508972,0.10543131083250046,0.9973958134651184,0.4275108873844147,0.3939676582813263,0.049712374806404114,0.02433146722614765
2535,-19.4871,-6.5672,-26.0543,-18.7266,-6.6328,2.0,0.0,0.9993064999580383,0.8754615187644958,0.9035176038742065,0.12647753953933716,0.9955357313156128,0.3923352062702179,0.4316309094429016,0.03867381811141968,0.032882463186979294
2540,-19.4824,-6.4125,-25.8949,-18.7422,-6.5078,2.0,0.0,0.9991253018379211,0.8793582320213318,0.9199178814888,0.14516128599643707,0.9977678656578064,0.3999145030975342,0.43365204334259033,0.03785758838057518,0.024098258465528488
2545,-20.4027,-6.0273,-26.4301,-19.2578,-6.4844,2.0,0.0,0.9992533326148987,0.8946753740310669,0.9278481006622314,0.15117581188678741,0.9951636791229248,0.36438900232315063,0.46571826934814453,0.03070584498345852,0.03470926731824875
2550,-20.1488,-6.043,-26.1918,-19.0312,-6.1875,2.0,0.0,0.9998979568481445,0.8913062214851379,0.9467005133628845,0.23876765370368958,0.9992559552192688,0.38083022832870483,0.4537857472896576,0.030628109350800514,0.030278295278549194
2555,-19.4023,-6.4227,-25.825,-18.6641,-6.8047,2.0,0.0,0.9988406896591187,0.8688214421272278,0.9646271467208862,0.23880596458911896,0.9985119104385376,0.4023243188858032,0.4317086338996887,0.04065609350800514,0.02083333395421505
2560,-18.8012,-6.7988,-25.6,-18.0625,-7.0938,2.0,0.0,0.9993616342544556,0.8585295677185059,0.9406858086585999,0.15566836297512054,0.9981398582458496,0.4261893630027771,0.40442320704460144,0.041938744485378265,0.022971082478761673
2565,-17.6457,-7.4984,-25.1441,-16.8594,-7.7891,2.0,0.0,0.9993412494659424,0.8354849219322205,0.9231456518173218,0.08683473616838455,0.9933035969734192,0.4720149338245392,0.35226213932037354,0.043493468314409256,0.02775186486542225
2570,-18.3883,-7.1641,-25.5523,-17.2188,-7.6797,2.0,0.0,0.997959554195404,0.8403964638710022,0.9249352812767029,0.13850416243076324,0.9970238208770752,0.43812188506126404,0.3842895030975342,0.045048195868730545,0.028062811121344566
2575,-19.4523,-6.3965,-25.8488,-19.0547,-6.5391,2.0,0.0,0.9989479780197144,0.8816980719566345,0.9235880374908447,0.16745655238628387,0.9992559552192688,0.4064054787158966,0.42941543459892273,0.03509794920682907,0.024603545665740967
2580,-19.7945,-6.3367,-26.1313,-19.4375,-6.3594,2.0,0.0,0.9988046884536743,0.8771294951438904,0.9203233122825623,0.22208437323570251,0.9977678656578064,0.3901974558830261,0.4403373897075653,0.03365982696413994,0.031327735632658005
2585,-18.2676,-7.4488,-25.7164,-17.3984,-7.6016,2.0,0.0,0.9987320899963379,0.8233606815338135,0.8790801167488098,0.11797752976417542,0.9944196343421936,0.4291822016239166,0.37935322523117065,0.05239427834749222,0.03459266200661659
2590,-16.3301,-8.4773,-24.8074,-15.125,-8.5391,2.0,0.0,0.9983865022659302,0.7665847539901733,0.8192926049232483,0.07327001541852951,0.9951636791229248,0.5058690905570984,0.30056747794151306,0.06043998897075653,0.02864583395421505
2595,-16.6336,-8.1797,-24.8133,-15.5859,-8.625,2.0,0.0,0.997931182384491,0.7945326566696167,0.8296130895614624,0.09052333980798721,0.9910714030265808,0.5072683691978455,0.30853545665740967,0.05223880708217621,0.027479788288474083
2600,-17.1613,-8.0465,-25.2078,-16.5312,-7.9062,2.0,0.0,0.9977067708969116,0.7973619699478149,0.826026439666748,0.09322033822536469,0.9947916865348816,0.47458022832870483,0.33298352360725403,0.05585354566574097,0.03210509940981865
2605,-17.2977,-7.7504,-25.048,-16.7812,-7.5938,2.0,0.0,0.9976449608802795,0.8230098485946655,0.8559514880180359,0.1320754736661911,0.9895833134651184,0.47862252593040466,0.3388526141643524,0.0512671023607254,0.026780162006616592
2610,-17.1766,-7.8895,-25.066,-16.4531,-8.3672,2.0,0.0,0.9973918199539185,0.8103229999542236,0.8308771848678589,0.10046368092298508,0.9936755895614624,0.4768734574317932,0.3381141126155853,0.05538712814450264,0.0251476988196373
2615,-17.1016,-7.7922,-24.8937,-16.1172,-7.8672,2.0,0.0,0.9976401925086975,0.8243402242660522,0.8421494364738464,0.12345679104328156,0.9944196343421936,0.4941309094429016,0.329912930727005,0.04629197716712952,0.0251865666359663
2620,-15.2586,-9.0172,-24.2758,-13.3047,-9.5078,2.0,0.0,0.9964998364448547,0.7453978061676025,0.7641810178756714,0.07989690452814102,0.9836309552192688,0.5552316308021545,0.24914489686489105,0.06098414212465286,0.030161691829562187
2625,-16.7207,-7.9363,-24.657,-15.6172,-7.9062,2.0,0.0,0.9954703450202942,0.8364023566246033,0.7906197905540466,0.11831442266702652,0.980282723903656,0.5148476362228394,0.3102845251560211,0.04640858247876167,0.02398165501654148
2630,-15.1199,-9.1562,-24.2762,-12.6797,-9.75,2.0,0.0,0.9931910634040833,0.7365692853927612,0.7704517841339111,0.10759493708610535,0.972470223903656,0.5537158250808716,0.24743470549583435,0.06366604566574097,0.03070584498345852
2635,-15.6672,-8.8691,-24.5363,-13.9922,-8.8359,2.0,0.0,0.9925642609596252,0.7517616152763367,0.801047146320343,0.16155660152435303,0.9639136791229248,0.53840172290802,0.26476991176605225,0.05939054861664772,0.0329601988196373
2640,-14.8633,-9.4141,-24.2773,-11.9922,-10.1172,2.0,0.0,0.9861303567886353,0.7373279333114624,0.7466740608215332,0.12937062978744507,0.9326636791229248,0.5604788661003113,0.23157648742198944,0.07011815905570984,0.03334888070821762
2645,-16.0992,-8.8934,-24.9926,-13.4609,-9.5234,2.0,0.0,0.9893031716346741,0.7600378394126892,0.7998849749565125,0.13858424127101898,0.9289434552192688,0.5014381408691406,0.2875077724456787,0.06759172677993774,0.038984764367341995
2650,-15.6777,-9.3918,-25.0695,-10.5859,-12.1797,2.0,0.0,0.97316974401474,0.7298269867897034,0.8002699017524719,0.1149425283074379,0.9162946343421936,0.49109917879104614,0.2808224558830261,0.08640392124652863,0.03719682991504669
2655,-17.5027,-8.184,-25.6867,-14.4219,-9.7812,2.0,0.0,0.9864457845687866,0.7980822920799255,0.8194117546081543,0.1717451512813568,0.9497767686843872,0.4387437701225281,0.34860852360725403,0.0660758689045906,0.042094215750694275
2660,-15.7551,-9.8277,-25.5828,-9.4688,-14.9297,2.0,0.0,0.9469664096832275,0.7223095297813416,0.7487579584121704,0.12041392177343369,0.909970223903656,0.44780007004737854,0.296875,0.10953047126531601,0.04131685197353363
2665,-18.4086,-7.5828,-25.9914,-13.8984,-9.9141,2.0,0.0,0.9881606101989746,0.8105242252349854,0.8885180354118347,0.19331984221935272,0.9750744104385376,0.41037002205848694,0.3885261118412018,0.058224502950906754,0.03840174153447151
2670,-16.3215,-9.3289,-25.6504,-8.8828,-15.9844,2.0,0.0,0.9615316390991211,0.7494778037071228,0.7832139730453491,0.08526413142681122,0.9095982313156128,0.4395211338996887,0.31634795665740967,0.09771455079317093,0.041938744485378265
2675,-19.2738,-6.9984,-26.2723,-16.8281,-8.7656,2.0,0.0,0.9967758655548096,0.8292793035507202,0.9164927005767822,0.19256757199764252,0.9895833134651184,0.373717337846756,0.43143656849861145,0.05585354566574097,0.03451492637395859
2680,-18.1086,-7.8465,-25.9551,-13.2422,-11.6719,2.0,0.0,0.9893103837966919,0.8040016293525696,0.8171597719192505,0.16378434002399445,0.9702380895614624,0.4108753204345703,0.38075247406959534,0.06568718701601028,0.03820740059018135
2685,-15.243,-10.7793,-26.0223,-7.3047,-18.0156,2.0,0.0,0.9219269156455994,0.7227410078048706,0.6113888621330261,0.10060514509677887,0.8694196343421936,0.42117536067962646,0.283037930727005,0.13992537558078766,0.05138370767235756
2690,-14.1074,-12.7281,-26.8355,-7.6641,-18.1875,2.0,0.0,0.8654633164405823,0.6843822598457336,0.5349778532981873,0.0826709046959877,0.738095223903656,0.3703746795654297,0.25011661648750305,0.20168687403202057,0.07334421575069427
2695,-10.9785,-17.7168,-28.6953,-6.625,-24.3906,2.0,0.0,0.762266993522644,0.5923423171043396,0.29542210698127747,0.037151701748371124,0.5334821343421936,0.26061099767684937,0.15531715750694275,0.35405007004737854,0.12554416060447693
2700,-9.4707,-19.5406,-29.0113,-5.875,-24.6719,1.963,0.0,0.6780939102172852,0.524417519569397,0.28283849358558655,0.06543519347906113,0.3764880895614624,0.22675684094429016,0.12177394330501556,0.4228467047214508,0.12414489686489105
2705,-12.1992,-13.2445,-25.4438,-6.8594,-17.9922,1.8803,0.0,0.8180908560752869,0.6341037750244141,0.6794969439506531,0.15028901398181915,0.6863839030265808,0.4662235677242279,0.17824937403202057,0.20398010313510895,0.04706934094429016
2710,-14.016,-11.5574,-25.5734,-6.875,-17.9844,1.9002,0.0,0.8918527364730835,0.6842537522315979,0.6745283007621765,0.12562814354896545,0.7991071343421936,0.45607897639274597,0.23647387325763702,0.15656094253063202,0.04640858247876167
2715,-14.5063,-10.8852,-25.3914,-7.5469,-17.0391,1.9222,0.0,0.9210569262504578,0.6735312938690186,0.7273542881011963,0.17812758684158325,0.835565447807312,0.47512438893318176,0.24347014725208282,0.13001398742198944,0.04691386967897415
2720,-11.3668,-14.4441,-25.8109,-4.2656,-22.5938,1.9078,0.0,0.8362478613853455,0.5872595906257629,0.5175356864929199,0.11906614899635315,0.640252947807312,0.4334188401699066,0.1616915464401245,0.25046640634536743,0.049945585429668427
2725,-12.9559,-12.1637,-25.1195,-6.5781,-18.3672,1.847,0.0,0.8876529335975647,0.6083464026451111,0.6907955408096313,0.17446394264698029,0.7700892686843872,0.4891946613788605,0.19838307797908783,0.16806592047214508,0.0398787297308445
2730,-12.8316,-11.3551,-24.1867,-6.9844,-16.9453,1.8336,0.0,0.9334886074066162,0.6117299199104309,0.6988294720649719,0.14755959808826447,0.870907723903656,0.5674362778663635,0.1709810346364975,0.12286224961280823,0.03424284979701042
2735,-13.1348,-10.8789,-24.0137,-8.4766,-14.1484,1.8054,0.0,0.9601671695709229,0.6210912466049194,0.6994219422340393,0.1077694222331047,0.894717276096344,0.5766868591308594,0.18023166060447693,0.1075870618224144,0.031016791239380836
2740,-11.6383,-13.3223,-24.9605,-4.9688,-20.625,1.7681,0.0,0.900215744972229,0.5520121455192566,0.5106425285339355,0.07564575970172882,0.7987351417541504,0.5044309496879578,0.1535681039094925,0.1953902393579483,0.042133085429668427
2745,-9.3238,-17.0395,-26.3633,-2.2344,-26.4453,1.6971,0.0,0.8491842150688171,0.4628951847553253,0.3001271188259125,0.03759398311376572,0.6387648582458496,0.3907027244567871,0.11679881811141968,0.3363261818885803,0.05169465020298958
2750,-10.1965,-15.5801,-25.7766,-3.9141,-22.9453,1.5811,0.0,0.8258956074714661,0.43689319491386414,0.4585079550743103,0.05873493850231171,0.7064732313156128,0.4415811598300934,0.1241060346364975,0.27821826934814453,0.051616914570331573
2755,-11.9543,-12.4125,-24.3668,-5.4453,-19.8594,1.5054,0.0,0.914021372795105,0.5610191226005554,0.6092605590820312,0.08173076808452606,0.8377976417541504,0.5460976362228394,0.15255752205848694,0.16452892124652863,0.03233831003308296
2760,-13.523,-10.8148,-24.3379,-6.5703,-17.9844,1.4947,0.0,0.949609100818634,0.6549041867256165,0.6585695147514343,0.11428571492433548,0.9233630895614624,0.546875,0.20487406849861145,0.11520522087812424,0.028568096458911896
2765,-13.0555,-10.8887,-23.9441,-7.6797,-15.6953,1.4838,0.0,0.9561854004859924,0.6375055313110352,0.6526508331298828,0.06347150355577469,0.9445684552192688,0.5828280448913574,0.17638370394706726,0.10630441457033157,0.03000621870160103
2770,-12.7473,-11.6398,-24.3871,-6.2344,-18.2578,1.4446,0.0,0.9389731287956238,0.5978118181228638,0.6414353847503662,0.06976744532585144,0.8627232313156128,0.5458255410194397,0.17762748897075653,0.13864272832870483,0.033426616340875626
2775,-14.3332,-9.5777,-23.9109,-9.7266,-12.375,1.4371,0.0,0.9871777892112732,0.7105687856674194,0.7504141330718994,0.07331378012895584,0.9672619104385376,0.5820118188858032,0.21661224961280823,0.0703902393579483,0.026508085429668427
2780,-13.1918,-10.4895,-23.6813,-7.7891,-15.1719,1.4147,0.0,0.9706780910491943,0.677888810634613,0.6554586887359619,0.0495356023311615,0.9326636791229248,0.597831130027771,0.1789489984512329,0.09363339841365814,0.025108831003308296
2785,-13.6145,-10.6473,-24.2617,-7.1953,-16.7578,1.4224,0.0,0.9669854044914246,0.6834836006164551,0.5689718127250671,0.07431551814079285,0.933779776096344,0.5568641424179077,0.20261971652507782,0.10622668266296387,0.029811877757310867
2790,-15.3625,-9.2359,-24.5984,-9.9375,-12.375,1.4347,0.0,0.9869754910469055,0.7459149360656738,0.6971104145050049,0.12562814354896545,0.9676339030265808,0.5252254605293274,0.26403141021728516,0.07532649487257004,0.03093905560672283
2795,-16.8637,-8.016,-24.8797,-13.7578,-9.0938,1.485,0.0,0.9985053539276123,0.8201907873153687,0.7490720152854919,0.13571429252624512,0.992559552192688,0.49409204721450806,0.3218672275543213,0.052355408668518066,0.027207711711525917
2800,-15.6832,-8.7797,-24.4629,-11.8984,-10.3047,1.536,0.0,0.9976114630699158,0.7720155119895935,0.7111111283302307,0.08185538649559021,0.988095223903656,0.5370025038719177,0.27056124806404114,0.059468284249305725,0.02849036082625389
2805,-15.4484,-8.7488,-24.1973,-12.0703,-9.9375,1.5712,0.0,0.9974703192710876,0.7541908025741577,0.797603189945221,0.1289752721786499,0.9910714030265808,0.5531327724456787,0.26201024651527405,0.05837997421622276,0.021999377757310867
2810,-14.4711,-9.3055,-23.7766,-10.6562,-10.8672,1.594,0.0,0.9940754175186157,0.7178533673286438,0.7950350046157837,0.10126582533121109,0.9787946343421936,0.5904462337493896,0.21944962441921234,0.06106187775731087,0.024564675986766815
2815,-13.4332,-10.5,-23.9332,-8.6172,-13.9844,1.586,0.0,0.9606151580810547,0.6642680764198303,0.7476711273193359,0.051861703395843506,0.9162946343421936,0.5812733173370361,0.1890547275543213,0.09596548229455948,0.029228854924440384
2820,-13.3207,-10.5973,-23.918,-7.9062,-14.9141,1.5835,0.0,0.9548695087432861,0.6893143653869629,0.7162826061248779,0.071856290102005,0.8876488208770752,0.5778917670249939,0.18878264725208282,0.10288401693105698,0.025963930413126945
2825,-15.1426,-9.0887,-24.2313,-10.9219,-10.875,1.5839,0.0,0.9946172833442688,0.7318795323371887,0.8196417689323425,0.08086253702640533,0.972842276096344,0.5560089945793152,0.24774564802646637,0.06292755156755447,0.02884017489850521
2830,-16.1988,-8.298,-24.4969,-13.7812,-9.2578,1.6403,0.0,0.9986749291419983,0.7797421216964722,0.8914845585823059,0.09240923821926117,0.9940476417541504,0.5279850959777832,0.2924051582813263,0.05157804861664772,0.023554105311632156
2835,-16.8301,-7.8594,-24.6895,-13.7188,-8.9141,1.703,0.0,0.9993888735771179,0.8174923658370972,0.9094754457473755,0.08277027308940887,0.9906994104385376,0.5088230967521667,0.31774720549583435,0.045942164957523346,0.023009950295090675
2840,-16.452,-8.0309,-24.4828,-13.6797,-9.1562,1.7814,0.0,0.9992599487304688,0.8015217781066895,0.9283439517021179,0.056092843413352966,0.9933035969734192,0.5252254605293274,0.30138370394706726,0.04881840944290161,0.020094837993383408
2845,-15.9164,-8.3988,-24.3152,-12.625,-9.9297,1.8347,0.0,0.9995688796043396,0.7609984874725342,0.932650089263916,0.053359683603048325,0.9977678656578064,0.5409281849861145,0.2818330228328705,0.05309390649199486,0.019667288288474083
2850,-15.7891,-8.6559,-24.4449,-12.2266,-10.0938,1.8759,0.0,0.9990523457527161,0.7381619215011597,0.9247874617576599,0.05648855119943619,0.988467276096344,0.5331934094429016,0.2774409055709839,0.059429414570331573,0.025458645075559616
2855,-15.8637,-8.4047,-24.2684,-12.9453,-9.6641,1.9188,0.0,0.9988555908203125,0.7696800827980042,0.919793963432312,0.04313725605607033,0.9955357313156128,0.5434157252311707,0.279462069272995,0.05282182991504669,0.01982276141643524
2860,-16.4617,-8.2035,-24.6652,-13.8594,-9.1016,1.9785,0.0,0.999697744846344,0.7887396216392517,0.8971471190452576,0.028875380754470825,0.9936755895614624,0.5144200921058655,0.30375465750694275,0.05177238956093788,0.025575248524546623
2865,-16.2004,-8.1496,-24.35,-13.8125,-9.0312,2.0,0.0,0.998327374458313,0.8077736496925354,0.8829875588417053,0.0634615421295166,0.9895833134651184,0.5344760417938232,0.29399874806404114,0.04683613032102585,0.020211443305015564
2870,-16.4,-8.2074,-24.6074,-13.5234,-9.2812,2.0,0.0,0.9992424249649048,0.7843037247657776,0.9122434258460999,0.05363321676850319,0.9895833134651184,0.513059675693512,0.3050761818885803,0.05492071062326431,0.022465795278549194
2875,-17.2121,-7.6906,-24.9027,-14.4766,-9.0625,2.0,0.0,0.9989610910415649,0.8134738802909851,0.9268482327461243,0.09338521212339401,0.9955357313156128,0.48635727167129517,0.33924129605293274,0.049945585429668427,0.0199782345443964
2880,-17.2707,-7.584,-24.8547,-14.7969,-8.5391,2.0,0.0,0.9993639588356018,0.8269472718238831,0.941027820110321,0.11278195679187775,0.9933035969734192,0.48888370394706726,0.3398243188858032,0.04613650590181351,0.02067786082625389
2885,-18.3023,-6.9445,-25.2469,-16.3438,-8.1172,2.0,0.0,0.9991371631622314,0.8601208329200745,0.9562321305274963,0.11300639808177948,0.9966517686843872,0.45048195123672485,0.38596081733703613,0.0408504344522953,0.01822916604578495
2890,-18.0047,-7.1098,-25.1145,-16.0312,-7.8516,2.0,0.0,0.9989142417907715,0.8566041588783264,0.9570858478546143,0.11969111859798431,0.9936755895614624,0.46536847949028015,0.3710743188858032,0.038945894688367844,0.02013370580971241
2895,-16.8656,-7.902,-24.7676,-15.2031,-8.5469,2.0,0.0,0.999068021774292,0.8130376935005188,0.9166017174720764,0.0573248416185379,0.9910714030265808,0.5004664063453674,0.32077890634536743,0.04986784979701042,0.024409204721450806
2900,-16.7492,-7.8805,-24.6297,-15.0078,-8.2109,2.0,0.0,0.9994688630104065,0.8199852108955383,0.9035836458206177,0.06468531489372253,0.9903273582458496,0.5122823119163513,0.31545397639274597,0.045553483068943024,0.02223258651793003
2905,-15.9934,-8.3398,-24.3332,-14.0469,-9.2891,2.0,0.0,0.9986470937728882,0.7909154295921326,0.8560000061988831,0.05752960965037346,0.9892113208770752,0.5458644032478333,0.27810168266296387,0.0485851988196373,0.022971082478761673
2910,-16.2852,-8.2449,-24.5301,-14.2578,-8.6094,2.0,0.0,0.9992634654045105,0.7922112345695496,0.8656832575798035,0.046666666865348816,0.9854910969734192,0.5277130007743835,0.294426292181015,0.05006219074130058,0.023320894688367844
2915,-15.6742,-8.5,-24.1742,-13.7422,-9.2188,2.0,0.0,0.9984608888626099,0.7813682556152344,0.8577947020530701,0.0623885914683342,0.9832589030265808,0.5555814504623413,0.2670242488384247,0.05111163109540939,0.021805036813020706
2920,-16.0324,-8.4938,-24.5262,-13.9219,-9.2109,2.0,0.0,0.9978449940681458,0.76118403673172,0.8799225091934204,0.05985915660858154,0.9832589030265808,0.5230488181114197,0.2901896834373474,0.06020677834749222,0.02207711525261402
2925,-14.8391,-9.1848,-24.0238,-12.2031,-10.5156,2.0,0.0,0.9972240924835205,0.733721911907196,0.7860791683197021,0.04721030220389366,0.9639136791229248,0.5740827322006226,0.2334032952785492,0.060867536813020706,0.027168843895196915
2930,-15.018,-9.0297,-24.0477,-12.3125,-9.875,2.0,0.0,0.996718168258667,0.7386910319328308,0.8199608325958252,0.06027820706367493,0.9758184552192688,0.568485677242279,0.24230410158634186,0.05958488956093788,0.0251476988196373
2935,-14.5938,-9.1984,-23.7922,-12.875,-9.7812,2.0,0.0,0.9985557794570923,0.7229906916618347,0.8030512928962708,0.055045872926712036,0.9828869104385376,0.592078685760498,0.22197605669498444,0.05604788661003113,0.025419775396585464
2940,-14.9848,-8.9648,-23.9496,-12.1484,-9.7812,2.0,0.0,0.998048722743988,0.7293405532836914,0.8860139846801758,0.07378336042165756,0.9810267686843872,0.5776585936546326,0.23752331733703613,0.0555814690887928,0.024759016931056976
2945,-15.9152,-8.3965,-24.3117,-12.8438,-9.1875,2.0,0.0,0.9986364245414734,0.771134614944458,0.9285182356834412,0.07005254179239273,0.9929315447807312,0.5415889024734497,0.2795397937297821,0.05219993740320206,0.02219371870160103
2950,-16.4801,-8.0766,-24.5566,-14.4219,-9.0312,2.0,0.0,0.9994767904281616,0.7817764282226562,0.9621329307556152,0.12052730470895767,0.9947916865348816,0.5200170874595642,0.30457088351249695,0.0502953976392746,0.02063899300992489
2955,-16.2238,-8.2258,-24.4496,-13.625,-9.3828,2.0,0.0,0.9991177320480347,0.7721151113510132,0.9563909769058228,0.11962617188692093,0.9940476417541504,0.5286458134651184,0.29438742995262146,0.05169465020298958,0.020794464275240898
2960,-16.193,-8.3836,-24.5766,-13.3594,-8.9766,2.0,0.0,0.9994021654129028,0.7515191435813904,0.9429912567138672,0.11538461595773697,0.9914434552192688,0.5200948119163513,0.29423195123672485,0.05795242637395859,0.02324315905570984
2965,-15.7344,-8.7195,-24.4539,-13.2812,-9.5547,2.0,0.0,0.9994164705276489,0.7243083119392395,0.9344675540924072,0.07283763587474823,0.988095223903656,0.5328824520111084,0.27534204721450806,0.0616837702691555,0.025614116340875626
2970,-15.959,-8.3863,-24.3453,-13.3516,-8.875,2.0,0.0,0.9986404180526733,0.7738960385322571,0.9280742406845093,0.07792207598686218,0.9877232313156128,0.5431825518608093,0.2781405448913574,0.050256531685590744,0.02394278533756733
2975,-15.8957,-8.4309,-24.3266,-13.3984,-8.9922,2.0,0.0,0.9985690712928772,0.7752319574356079,0.911059558391571,0.10518292337656021,0.988095223903656,0.5432602763175964,0.276508092880249,0.050256531685590744,0.02549751289188862
2980,-16.0754,-8.3434,-24.4188,-14.9609,-8.6797,2.0,0.0,0.9982598423957825,0.7799781560897827,0.9105754494667053,0.08906249701976776,0.9910714030265808,0.5360696315765381,0.2845926582813263,0.04998445138335228,0.024875622242689133
2985,-16.0629,-8.2945,-24.3574,-14.5391,-8.2344,2.0,0.0,0.9989137649536133,0.7841511368751526,0.9193548560142517,0.08041957765817642,0.9892113208770752,0.5367304086685181,0.2859530448913574,0.050606343895196915,0.02223258651793003
2990,-15.5477,-8.7684,-24.316,-13.4609,-9.0781,2.0,0.0,0.9989402294158936,0.7397974133491516,0.8841961622238159,0.05681818351149559,0.9866071343421936,0.5501399040222168,0.26096081733703613,0.05705845728516579,0.027363184839487076
2995,-14.1422,-9.4488,-23.591,-11.5234,-9.9766,2.0,0.0,0.9975091218948364,0.6900810599327087,0.843317985534668,0.0337243415415287,0.980654776096344,0.6085587739944458,0.2014147937297821,0.05904073268175125,0.026508085429668427
3000,-15.0465,-8.9094,-23.9559,-12.7812,-9.2656,2.0,0.0,0.9976229071617126,0.7422499060630798,0.8761245608329773,0.06525285542011261,0.9832589030265808,0.5722947716712952,0.2432369440793991,0.056164488196372986,0.023826181888580322
3005,-15.4961,-8.7086,-24.2047,-13.7812,-9.1875,2.0,0.0,0.9982595443725586,0.7605996131896973,0.8724783658981323,0.04385964944958687,0.9817708134651184,0.5583022236824036,0.2566853165626526,0.05394900590181351,0.02658582106232643
3010,-15.7754,-8.5684,-24.3438,-14.5312,-8.4375,2.0,0.0,0.9987185001373291,0.7571163177490234,0.9102941155433655,0.046656299382448196,0.9873511791229248,0.5459421873092651,0.2717272937297821,0.052860695868730545,0.02499222569167614
3015,-15.4848,-8.5836,-24.0684,-13.8594,-9.0781,2.0,0.0,0.9973922371864319,0.77021723985672,0.8906497359275818,0.09342560917139053,0.9851190447807312,0.5663868188858032,0.25761815905570984,0.049051616340875626,0.022465795278549194
3020,-14.7988,-9.127,-23.9258,-13.1562,-9.4297,2.0,0.0,0.997867226600647,0.718835175037384,0.8691392540931702,0.05170068144798279,0.9858630895614624,0.5831778645515442,0.22823382914066315,0.05554259940981865,0.028568096458911896
3025,-14.459,-9.216,-23.675,-12.9453,-9.6406,2.0,0.0,0.997541069984436,0.7116708755493164,0.8775948286056519,0.07153502106666565,0.9836309552192688,0.6006685495376587,0.21447449922561646,0.05429881811141968,0.026080535724759102
3030,-14.6609,-9.1578,-23.8188,-13.3438,-9.5234,2.0,0.0,0.9980286359786987,0.7093328833580017,0.8862994313240051,0.06043165549635887,0.9866071343421936,0.5914956331253052,0.22197605669498444,0.05503731220960617,0.027013370767235756
3035,-14.557,-9.4828,-24.0398,-13.4844,-9.6641,2.0,0.0,0.9971022009849548,0.6487770676612854,0.9063231945037842,0.054320987313985825,0.984747052192688,0.5767646431922913,0.22088775038719177,0.06638681888580322,0.03148321062326431
3040,-14.5156,-9.3371,-23.8527,-13.4531,-9.5625,2.0,0.0,0.9987471103668213,0.6740714311599731,0.8888166546821594,0.052112676203250885,0.9906994104385376,0.5894356369972229,0.21871113777160645,0.05977923050522804,0.02759639360010624
3045,-14.9008,-9.2477,-24.1484,-13.3516,-9.7656,2.0,0.0,0.9987615942955017,0.6614199280738831,0.9310141801834106,0.056338027119636536,0.9895833134651184,0.5649486780166626,0.2370568960905075,0.0659203976392746,0.02759639360010624
3050,-14.434,-9.4605,-23.8945,-12.2578,-10.1484,2.0,0.0,0.9979418516159058,0.6506628394126892,0.9172245860099792,0.054448872804641724,0.9873511791229248,0.585432231426239,0.216962069272995,0.06386038661003113,0.029267724603414536
3055,-14.1352,-9.5719,-23.707,-12.1172,-9.9141,2.0,0.0,0.9978174567222595,0.639623761177063,0.9088558554649353,0.08497536927461624,0.984747052192688,0.6054881811141968,0.19834421575069427,0.06012904271483421,0.03156094625592232
3060,-13.5488,-10.1094,-23.6582,-11.8281,-9.9766,2.0,0.0,0.9964478015899658,0.5522026419639587,0.878938615322113,0.07991360872983932,0.9795386791229248,0.6127565503120422,0.17646144330501556,0.0703125,0.035991914570331573
3065,-13.798,-9.9977,-23.7957,-11.8672,-9.8984,1.996,0.0,0.9976134896278381,0.5484476089477539,0.9171629548072815,0.07303370535373688,0.9795386791229248,0.6026119589805603,0.1865282952785492,0.07178948819637299,0.03459266200661659
3070,-13.7754,-9.8016,-23.577,-12.3438,-9.6484,1.984,0.0,0.9979248046875,0.5930653214454651,0.9204195141792297,0.05514705926179886,0.9862351417541504,0.6180814504623413,0.18271921575069427,0.06300528347492218,0.03171641752123833
3075,-14.3582,-9.4434,-23.8016,-13.625,-9.125,1.9829,0.0,0.9980458617210388,0.6518309712409973,0.9373385310173035,0.06871165335178375,0.9892113208770752,0.5967040061950684,0.20697294175624847,0.060167908668518066,0.031677551567554474
3080,-13.5996,-9.9375,-23.5371,-13.1328,-9.7344,1.9812,0.0,0.9982358813285828,0.5649350881576538,0.9380428194999695,0.06333739310503006,0.9810267686843872,0.6169154047966003,0.17957089841365814,0.06712531298398972,0.03191075846552849
3085,-13.207,-10.2305,-23.4375,-11.7734,-9.4531,1.9666,0.0,0.9977814555168152,0.5141173601150513,0.9068710803985596,0.07252298295497894,0.984002947807312,0.6307136416435242,0.15831001102924347,0.06844682991504669,0.03805192932486534
3090,-12.9582,-10.4152,-23.3734,-11.6484,-9.5859,1.9466,0.0,0.9982365369796753,0.4683544337749481,0.887520968914032,0.07677165418863297,0.9817708134651184,0.6391868591308594,0.1473880559206009,0.06945739686489105,0.039490051567554474
3095,-12.8508,-10.7004,-23.5512,-11.5781,-9.7734,1.9213,0.0,0.9970319271087646,0.41011983156204224,0.860522449016571,0.050738006830215454,0.980282723903656,0.62857586145401,0.14594994485378265,0.07886349409818649,0.042133085429668427
3100,-12.4848,-10.9355,-23.4203,-10.7656,-9.9688,1.8879,0.0,0.9975042343139648,0.325912743806839,0.855920135974884,0.07456140220165253,0.9825148582458496,0.6385261416435242,0.1309468299150467,0.08173973858356476,0.04430970177054405
3105,-12.6758,-10.959,-23.6348,-10.8359,-9.8281,1.8498,0.0,0.9979404807090759,0.32505518198013306,0.8640645742416382,0.060996562242507935,0.9832589030265808,0.6227844953536987,0.14085820317268372,0.08663712441921234,0.045242536813020706
3110,-12.5738,-10.843,-23.4168,-11.0156,-9.8672,1.8149,0.0,0.99701327085495,0.3548293709754944,0.8580365777015686,0.05828779563307762,0.9903273582458496,0.6376709938049316,0.13440608978271484,0.08076803386211395,0.04267723858356476
3115,-12.5039,-11.2664,-23.7703,-10.3359,-10.0781,1.7787,0.0,0.9966510534286499,0.2608073353767395,0.8444444537162781,0.03950425982475281,0.9832589030265808,0.6151275038719177,0.13576647639274597,0.09444962441921234,0.05017879232764244
3120,-12.4137,-11.4305,-23.8441,-10.3203,-10.0625,1.7379,0.0,0.9967555403709412,0.21696428954601288,0.8296874761581421,0.0485367588698864,0.9813988208770752,0.6109685897827148,0.13059701025485992,0.09950248897075653,0.05445428937673569
3125,-12.2629,-11.357,-23.6199,-10.3594,-10.0781,1.6936,0.0,0.9975109100341797,0.2234930396080017,0.8369432091712952,0.034161489456892014,0.980654776096344,0.6246113181114197,0.1257385015487671,0.09511038661003113,0.05006219074130058
3130,-12.4453,-11.2898,-23.7352,-10.5,-10.0312,1.6554,0.0,0.9971733689308167,0.2664298415184021,0.8171286582946777,0.033207546919584274,0.984375,0.6187810897827148,0.13129663467407227,0.09394434094429016,0.05150030925869942
3135,-12.2879,-10.9684,-23.2563,-10.7656,-9.8984,1.6143,0.0,0.9972519278526306,0.33842724561691284,0.8042327761650085,0.043478261679410934,0.9851190447807312,0.6506141424179077,0.12208488583564758,0.0808069035410881,0.04201648011803627
3140,-12.768,-10.7453,-23.5133,-11.4141,-9.6797,1.579,0.0,0.9977205395698547,0.41121751070022583,0.8289797902107239,0.045373667031526566,0.9906994104385376,0.6309079527854919,0.14206312596797943,0.07886349409818649,0.04368780925869942
3145,-12.7754,-10.4797,-23.2551,-11.3203,-9.7734,1.5515,0.0,0.9978355169296265,0.4513031542301178,0.8514472842216492,0.07725322246551514,0.9929315447807312,0.6464552283287048,0.1416744440793991,0.07116760313510895,0.036225125193595886
3150,-13.1941,-10.4086,-23.6027,-12.3203,-9.4141,1.5278,0.0,0.9986827969551086,0.47840771079063416,0.8565531373023987,0.06607495248317719,0.9944196343421936,0.6196750402450562,0.16110852360725403,0.07532649487257004,0.03941231220960617
3155,-13.3418,-10.1508,-23.4926,-12.3984,-9.6562,1.5082,0.0,0.9985742568969727,0.5252525210380554,0.8728423714637756,0.09090909361839294,0.9947916865348816,0.6270211338996887,0.16546174883842468,0.06755285710096359,0.03548663109540939
3160,-13.3395,-10.1707,-23.5102,-12.4688,-9.2578,1.4908,0.0,0.9988179802894592,0.513931155204773,0.8685552477836609,0.13548387587070465,0.996279776096344,0.6247667670249939,0.1660059094429016,0.0686023011803627,0.03614738956093788
3165,-13.2984,-10.0676,-23.366,-12.1562,-9.4844,1.4706,0.0,0.9975550174713135,0.5343290567398071,0.8784361481666565,0.1603139042854309,0.9966517686843872,0.635883092880249,0.16134172677993774,0.06362717598676682,0.0346703976392746
3170,-12.9965,-10.5063,-23.5027,-11.4219,-9.8516,1.45,0.0,0.9977735280990601,0.43903061747550964,0.8537220358848572,0.13106796145439148,0.996279776096344,0.6284592747688293,0.15236318111419678,0.07466573268175125,0.040034204721450806
3175,-12.9746,-10.3262,-23.3008,-11.6094,-9.7344,1.4291,0.0,0.9980642199516296,0.4783966541290283,0.8519362211227417,0.13611416518688202,0.9955357313156128,0.6425295472145081,0.1493314653635025,0.06825248897075653,0.03540889173746109
3180,-12.6203,-10.927,-23.5473,-10.8516,-9.9375,1.3952,0.0,0.9983404278755188,0.3681620955467224,0.7819656729698181,0.07786884903907776,0.9903273582458496,0.6323460936546326,0.13428948819637299,0.0814676582813263,0.04741915315389633
3185,-12.3289,-11.2133,-23.5422,-10.5234,-9.9375,1.3567,0.0,0.9972460269927979,0.35431599617004395,0.6701170206069946,0.0788022056221962,0.9854910969734192,0.6351057291030884,0.12472791969776154,0.08636505156755447,0.04932369291782379
3190,-12.3438,-11.6055,-23.9492,-10.4141,-10.0156,1.3148,0.0,0.9964258074760437,0.2810695767402649,0.6809094548225403,0.05686274543404579,0.9773065447807312,0.6089863181114197,0.12791511416435242,0.09915267676115036,0.059468284249305725
3195,-12.3129,-11.1832,-23.4961,-10.4219,-10.2109,1.2731,0.0,0.9976785182952881,0.2710862159729004,0.7768449187278748,0.09539748728275299,0.9899553656578064,0.6362329125404358,0.12488339841365814,0.08795864135026932,0.046447448432445526
3200,-12.1164,-11.7414,-23.8578,-10.2656,-10.125,1.2293,0.0,0.996833860874176,0.1814073622226715,0.7095220685005188,0.06133700907230377,0.9828869104385376,0.6138059496879578,0.12041355669498444,0.1049051582813263,0.0563976988196373
3205,-12.0,-11.7363,-23.7363,-10.2109,-10.0,1.1781,0.0,0.9966302514076233,0.16824005544185638,0.7051717638969421,0.051428571343421936,0.9851190447807312,0.6228622794151306,0.11528296023607254,0.10296175628900528,0.054415423423051834
3210,-11.9512,-11.6629,-23.6141,-10.1641,-10.1172,1.1281,0.0,0.9979711174964905,0.18108581006526947,0.7034235596656799,0.05255681648850441,0.980282723903656,0.6321905851364136,0.11096859723329544,0.09763681888580322,0.05472636967897415
3215,-12.1758,-11.5676,-23.7434,-10.3125,-9.9844,1.08,0.0,0.9975451827049255,0.2155819833278656,0.73969966173172,0.05588235333561897,0.9903273582458496,0.6174984574317932,0.12422263622283936,0.10094060748815536,0.052860695868730545
3220,-12.1871,-11.3047,-23.4918,-10.2656,-10.0781,1.0372,0.0,0.9976245760917664,0.24852071702480316,0.7847375273704529,0.04798172041773796,0.9888392686843872,0.6381374597549438,0.11823693662881851,0.08811412006616592,0.05103389173746109
3225,-12.3875,-11.4711,-23.8586,-10.2031,-10.1094,0.9913,0.0,0.9975234866142273,0.20791195333003998,0.7969661355018616,0.04341427609324455,0.9910714030265808,0.6120957732200623,0.13067474961280823,0.099930040538311,0.05282182991504669
3230,-12.323,-11.491,-23.8141,-10.2188,-10.0312,0.9481,0.0,0.9985474348068237,0.22432762384414673,0.7488170266151428,0.06223176047205925,0.9933035969734192,0.6154384613037109,0.12717661261558533,0.09856965392827988,0.05433768779039383
3235,-12.209,-11.3289,-23.5379,-10.2969,-10.0625,0.9027,0.0,0.9985316395759583,0.24306003749370575,0.7558039426803589,0.0660896897315979,0.9892113208770752,0.6353000402450562,0.12041355669498444,0.0904073417186737,0.049401428550481796
3240,-12.1234,-11.3254,-23.4488,-10.1953,-10.0312,0.8582,0.0,0.9985436797142029,0.2161002904176712,0.7735281586647034,0.06738768517971039,0.9903273582458496,0.6405472755432129,0.11780939251184464,0.09044620394706726,0.04671952873468399
3245,-11.9172,-11.8457,-23.7629,-10.1797,-10.1094,0.8103,0.0,0.9974399209022522,0.14662960171699524,0.6899283528327942,0.04211229830980301,0.9873511791229248,0.6224735975265503,0.11186256259679794,0.10303948819637299,0.05814676731824875
3250,-11.9121,-12.1336,-24.0457,-10.1641,-10.0,0.7567,0.0,0.9976125955581665,0.13130968809127808,0.6330122947692871,0.033771105110645294,0.9854910969734192,0.6023787260055542,0.11396144330501556,0.11703202873468399,0.06215018779039383
3255,-11.7777,-12.2148,-23.9926,-10.1562,-10.0391,0.7022,0.0,0.9975599050521851,0.09601707011461258,0.624714732170105,0.03715365380048752,0.9862351417541504,0.605293869972229,0.1092972606420517,0.11920864135026932,0.061722636222839355
3260,-11.816,-12.4594,-24.2754,-10.1406,-10.1875,0.6456,0.0,0.9980822801589966,0.08233686536550522,0.5921496748924255,0.0364161841571331,0.9869791865348816,0.587764322757721,0.1137671023607254,0.12674906849861145,0.06724191457033157
3265,-11.7016,-12.4621,-24.1637,-10.2188,-10.0547,0.5885,0.0,0.9970771670341492,0.08635704219341278,0.5708438158035278,0.023364486172795296,0.9791666865348816,0.5984141826629639,0.10712064802646637,0.12344527244567871,0.06654229015111923
3270,-11.5863,-12.8965,-24.4828,-10.1328,-10.1328,0.5298,0.0,0.9968914985656738,0.039855074137449265,0.5408419370651245,0.015303430147469044,0.9672619104385376,0.5751709938049316,0.10727611929178238,0.13942009210586548,0.0736551582813263
3275,-11.5547,-12.477,-24.0316,-10.0625,-10.1094,0.4683,0.0,0.9960733652114868,0.0646992027759552,0.5761978626251221,0.015365703962743282,0.9821428656578064,0.6038168668746948,0.10272854566574097,0.1257385015487671,0.06323849409818649
3280,-11.6559,-12.4293,-24.0852,-10.0859,-10.1328,0.4091,0.0,0.997473955154419,0.07271391898393631,0.5897035598754883,0.030484160408377647,0.9784226417541504,0.6000854969024658,0.10583800077438354,0.12457244843244553,0.0650264322757721
3285,-11.8918,-12.0887,-23.9805,-10.1406,-10.2578,0.3534,0.0,0.9980787634849548,0.09330558776855469,0.6729922294616699,0.03645506128668785,0.9862351417541504,0.6069263219833374,0.1120569035410881,0.11469993740320206,0.06183924153447151
3290,-11.852,-11.8965,-23.7484,-10.1797,-10.1094,0.303,0.0,0.9980552196502686,0.10529962182044983,0.6880701780319214,0.05355832725763321,0.9910714030265808,0.6195584535598755,0.11221237480640411,0.11077425628900528,0.0529773011803627
3295,-11.9891,-12.1988,-24.1879,-10.1875,-10.1406,0.2486,0.0,0.9979714751243591,0.08822553604841232,0.6590760946273804,0.0473337322473526,0.988095223903656,0.5939832329750061,0.1171875,0.11948072165250778,0.06487096101045609
3300,-11.7312,-11.873,-23.6043,-10.1406,-10.1172,0.1943,0.0,0.9980966448783875,0.12266965210437775,0.6473625898361206,0.03750000149011612,0.9906994104385376,0.6330457329750061,0.1042444035410881,0.10537157952785492,0.052860695868730545
3305,-11.8195,-12.4477,-24.2672,-10.1172,-10.1406,0.1398,0.0,0.9976046085357666,0.08244680613279343,0.6134377717971802,0.03919240087270737,0.9877232313156128,0.5841495394706726,0.11691541969776154,0.12900342047214508,0.06545397639274597
3310,-12.0895,-11.9688,-24.0582,-10.1406,-10.0938,0.0887,0.0,0.9976099729537964,0.1378534734249115,0.6839721202850342,0.05326569452881813,0.9914434552192688,0.6017179489135742,0.12095770984888077,0.11155162006616592,0.06129508838057518
3315,-11.8773,-11.7789,-23.6562,-10.1328,-10.0391,0.0382,0.0,0.9975858926773071,0.15687653422355652,0.6796992421150208,0.04124457389116287,0.9906994104385376,0.62791508436203,0.11050217598676682,0.10338930040597916,0.053715795278549194
3320,-11.7973,-11.85,-23.6473,-10.125,-10.1484,0.0,0.0,0.9977145195007324,0.1324770599603653,0.6680266857147217,0.0447552464902401,0.9892113208770752,0.62923663854599,0.10591573268175125,0.10478855669498444,0.0555814690887928
3325,-11.9324,-12.5957,-24.5281,-10.1875,-10.0703,0.0,0.0,0.9962105751037598,0.09885676205158234,0.5866022706031799,0.028368793427944183,0.9795386791229248,0.574393630027771,0.11559390276670456,0.12880907952785492,0.07672574371099472
3330,-11.543,-12.6879,-24.2309,-10.1562,-10.1562,0.0,0.0,0.9965384602546692,0.06812933087348938,0.5347222089767456,0.018141835927963257,0.9616815447807312,0.5951103568077087,0.10097947716712952,0.12873134016990662,0.07070118188858032
3335,-11.7922,-12.5703,-24.3625,-10.1484,-10.0547,0.0,0.0,0.9975985884666443,0.10650069266557693,0.5657815337181091,0.023331524804234505,0.9787946343421936,0.5826725959777832,0.11240671575069427,0.12880907952785492,0.07163401693105698
3340,-11.8578,-11.8227,-23.6805,-10.2422,-10.0547,0.0,0.0,0.9981968402862549,0.17750439047813416,0.6543574333190918,0.041310541331768036,0.9832589030265808,0.6251165866851807,0.11057991534471512,0.10525497794151306,0.054570894688367844
3345,-12.0801,-11.8363,-23.9164,-10.2891,-9.9844,0.0,0.0,0.9976410865783691,0.22815057635307312,0.6376343965530396,0.038410596549510956,0.9810267686843872,0.6096470952033997,0.11874222755432129,0.10844216495752335,0.05869092047214508
3350,-11.8129,-11.7684,-23.5812,-10.1953,-10.0781,0.0,0.0,0.9982174634933472,0.17833037674427032,0.6504854559898376,0.021909233182668686,0.9862351417541504,0.6323460936546326,0.10941386967897415,0.1040889322757721,0.04967350885272026
3355,-11.8582,-11.7387,-23.5969,-10.1016,-10.0312,0.0,0.0,0.9973509311676025,0.15229682624340057,0.7056818008422852,0.032884903252124786,0.9851190447807312,0.6309079527854919,0.10999689251184464,0.10261193662881851,0.052005596458911896
3360,-12.2727,-11.4922,-23.7648,-10.3047,-10.0469,0.0,0.0,0.998545229434967,0.23443113267421722,0.7530674934387207,0.03588143363595009,0.9903273582458496,0.6145055890083313,0.12981964647769928,0.10136815905570984,0.04982898011803627
3365,-12.1086,-11.2871,-23.3957,-10.2422,-10.0547,0.0,0.0,0.9983057975769043,0.2610560953617096,0.7424242496490479,0.0468883216381073,0.9940476417541504,0.6423740386962891,0.11777052283287048,0.08978544920682907,0.04559234902262688
3370,-12.1449,-11.7711,-23.916,-10.3203,-10.1328,0.0,0.0,0.9973973035812378,0.19980570673942566,0.6841907501220703,0.0416666679084301,0.9895833134651184,0.61229008436203,0.12002487480640411,0.10350590944290161,0.05970149114727974
3375,-12.018,-11.7988,-23.8168,-10.1484,-10.1484,0.0,0.0,0.9974161982536316,0.1758204996585846,0.6897059082984924,0.040927693247795105,0.9851190447807312,0.6167599558830261,0.11606032401323318,0.10572139173746109,0.05698072165250778
3380,-11.9418,-11.7625,-23.7043,-10.2109,-10.0938,0.0,0.0,0.9982489943504333,0.1727731078863144,0.6888317465782166,0.03624260425567627,0.9903273582458496,0.6215407252311707,0.11563277244567871,0.1057991310954094,0.05254974961280823
3385,-11.8242,-11.9484,-23.7727,-10.25,-10.1562,0.0,0.0,0.9966150522232056,0.1253531128168106,0.6888731122016907,0.02581995725631714,0.9713541865348816,0.6200637221336365,0.11007462441921234,0.10968594253063202,0.05569807067513466
3390,-11.7211,-12.1664,-23.8875,-10.125,-10.125,0.0,0.0,0.9963763356208801,0.07678507268428802,0.6688829660415649,0.0178217813372612,0.980654776096344,0.6113961338996887,0.10832556337118149,0.11691541969776154,0.05888526141643524
3395,-11.8824,-12.6453,-24.5277,-10.1328,-10.1328,0.0,0.0,0.9965896010398865,0.05148514732718468,0.6383593082427979,0.01642819307744503,0.9668898582458496,0.5698460936546326,0.11777052283287048,0.13456156849861145,0.07334421575069427
3400,-11.6871,-12.3844,-24.0715,-10.1484,-10.1016,0.0,0.0,0.994962215423584,0.07074780017137527,0.6234296560287476,0.018844984471797943,0.969122052192688,0.6017957329750061,0.1060323417186737,0.12375622242689133,0.06393811851739883
3405,-11.6598,-12.2094,-23.8691,-10.1406,-10.1172,0.0,0.0,0.9974071979522705,0.09363434463739395,0.6367607712745667,0.024531956762075424,0.9609375,0.614622175693512,0.10502176731824875,0.11567164212465286,0.06020677834749222
3410,-11.5996,-12.2723,-23.8719,-10.1328,-10.1094,0.0,0.0,0.9947435259819031,0.08361455053091049,0.6346718668937683,0.021710526198148727,0.9590773582458496,0.6137282252311707,0.10366138070821762,0.11905317008495331,0.0590796023607254
3415,-11.8219,-12.5367,-24.3586,-10.125,-10.1016,0.0,0.0,0.994380533695221,0.07445008307695389,0.6415653824806213,0.02210884355008602,0.9512648582458496,0.5810012221336365,0.11485540866851807,0.1311022937297821,0.06856343150138855
3420,-11.9496,-12.0398,-23.9895,-10.2266,-10.0625,0.0,0.0,0.9964584708213806,0.11374876648187637,0.7120242714881897,0.024535808712244034,0.9717261791229248,0.6036224961280823,0.11788712441921234,0.1153995618224144,0.058613184839487076
3425,-12.0254,-11.7969,-23.8223,-10.2344,-10.0703,0.0,0.0,0.9974006414413452,0.1503097414970398,0.7397849559783936,0.03191489353775978,0.9787946343421936,0.6130674481391907,0.11920864135026932,0.10844216495752335,0.054804105311632156
3430,-11.9605,-11.684,-23.6445,-10.1953,-10.0078,0.0,0.0,0.9977666139602661,0.16672314703464508,0.7160075306892395,0.03498098999261856,0.9892113208770752,0.6265158653259277,0.11469993740320206,0.103194959461689,0.05111163109540939
3435,-12.1113,-11.8594,-23.9707,-10.1328,-10.0859,0.0,0.0,0.9974982142448425,0.16951337456703186,0.7202146649360657,0.03412749618291855,0.9713541865348816,0.6059157252311707,0.1206078976392746,0.10863650590181351,0.06036224961280823
3440,-11.9887,-11.6477,-23.6363,-10.2266,-9.9922,0.0,0.0,0.9983862042427063,0.18671514093875885,0.7160823345184326,0.03987490385770798,0.9817708134651184,0.6262049078941345,0.11761505156755447,0.10199005156755447,0.049712374806404114
3445,-12.1441,-11.3719,-23.516,-10.3047,-10.0469,0.0,0.0,0.997732400894165,0.24910452961921692,0.7566778063774109,0.054936304688453674,0.9784226417541504,0.6342117786407471,0.11936412006616592,0.09312810748815536,0.04881840944290161
3450,-12.3691,-10.9828,-23.352,-10.4922,-9.9062,0.0,0.0,0.9981245994567871,0.31688863039016724,0.8133704662322998,0.06083650141954422,0.9921875,0.6424906849861145,0.1284203976392746,0.08372201770544052,0.040889304131269455
3455,-12.2395,-11.3488,-23.5883,-10.3594,-9.9844,0.0,0.0,0.9980892539024353,0.25031766295433044,0.7676174640655518,0.04439252242445946,0.984747052192688,0.6305969953536987,0.12235696613788605,0.09266169369220734,0.049906715750694275
3460,-12.5602,-10.9852,-23.5453,-10.8828,-10.0156,0.0,0.0,0.9980296492576599,0.3131487965583801,0.8330308794975281,0.05856255441904068,0.9914434552192688,0.6312577724456787,0.13479477167129517,0.08566541969776154,0.043804414570331573
3465,-12.3191,-11.5598,-23.8789,-10.1562,-10.0625,0.0,0.0,0.9968788027763367,0.2090051770210266,0.7873805165290833,0.04378040134906769,0.9776785969734192,0.6101912260055542,0.1277596354484558,0.1016402393579483,0.05593128129839897
3470,-12.2223,-11.3539,-23.5762,-10.2188,-10.0781,0.0,0.0,0.9982081055641174,0.24011299014091492,0.7837055325508118,0.048722043633461,0.984002947807312,0.6290422677993774,0.12383395433425903,0.09398321062326431,0.0486629344522953
3475,-12.2074,-11.3332,-23.5406,-10.2656,-10.0781,0.0,0.0,0.9977204203605652,0.22381100058555603,0.8065723776817322,0.05471380427479744,0.9862351417541504,0.6308690905570984,0.12503886222839355,0.09343905746936798,0.04617537185549736
3480,-12.3723,-11.3223,-23.6945,-10.4297,-10.0781,0.0,0.0,0.9982451796531677,0.24739815294742584,0.8014066815376282,0.07592024654150009,0.9862351417541504,0.6201803684234619,0.13071362674236298,0.09394434094429016,0.05068407952785492
3485,-12.482,-10.9832,-23.4652,-10.5625,-9.9531,0.0,0.0,0.9986571669578552,0.3240794837474823,0.810014009475708,0.07559198886156082,0.9851190447807312,0.6367770433425903,0.13300684094429016,0.08306125551462173,0.04267723858356476
3490,-12.3629,-10.9027,-23.2656,-10.4922,-10.0234,0.0,0.0,0.9983246326446533,0.3313971161842346,0.8100393414497375,0.0859375,0.992559552192688,0.649603545665741,0.12713775038719177,0.07898010313510895,0.03980099409818649
3495,-12.3102,-11.0516,-23.3617,-10.2578,-10.0234,0.0,0.0,0.9983105063438416,0.3147335350513458,0.7881796956062317,0.07314974069595337,0.9899553656578064,0.6441619992256165,0.12398942559957504,0.08220615983009338,0.0451648011803627
3500,-12.202,-11.016,-23.218,-10.3516,-10.0234,0.0,0.0,0.9988676309585571,0.3062015473842621,0.7959086298942566,0.06679210066795349,0.9906994104385376,0.652168869972229,0.12033581733703613,0.0817008689045906,0.04131685197353363
3505,-12.4879,-10.7793,-23.2672,-10.625,-9.9922,0.0,0.0,0.9987448453903198,0.4027611017227173,0.7884314656257629,0.050094518810510635,0.988467276096344,0.6503031849861145,0.12950870394706726,0.07458800077438354,0.04112251102924347
3510,-12.9199,-10.5832,-23.5031,-10.9062,-9.7812,0.0,0.0,0.9982120990753174,0.4412986934185028,0.8322147727012634,0.07744433730840683,0.9892113208770752,0.6304415464401245,0.14964240789413452,0.07528762519359589,0.04015081003308296
3515,-12.7602,-10.5629,-23.323,-10.7266,-9.8359,0.0,0.0,0.999275803565979,0.441305547952652,0.8160043358802795,0.07902735471725464,0.992559552192688,0.6440454125404358,0.14171330630779266,0.07140080630779266,0.03836287185549736
3520,-12.9469,-10.4203,-23.3672,-11.2734,-9.8203,0.0,0.0,0.9987219572067261,0.4726420044898987,0.8440417647361755,0.07578947395086288,0.9906994104385376,0.6386427283287048,0.1491760015487671,0.07077892124652863,0.03692474961280823
3525,-12.7984,-10.6223,-23.4207,-11.0703,-9.8047,0.0,0.0,0.9983479380607605,0.4235925078392029,0.8207070827484131,0.09321175515651703,0.9914434552192688,0.635222315788269,0.14497824013233185,0.07695895433425903,0.03836287185549736
3530,-12.9262,-10.4582,-23.3844,-11.6641,-9.7422,0.0,0.0,0.998961865901947,0.4579463303089142,0.8440021276473999,0.08180839568376541,0.9933035969734192,0.6365049481391907,0.15065298974514008,0.07225590944290161,0.03610851988196373
3535,-12.8832,-10.8055,-23.6887,-11.1641,-9.9453,0.0,0.0,0.998737633228302,0.398595929145813,0.8233955502510071,0.05805892497301102,0.9899553656578064,0.6157882213592529,0.1494869440793991,0.08539334684610367,0.044853854924440384
3540,-12.973,-10.6035,-23.5766,-11.2578,-9.9453,0.0,0.0,0.9989418387413025,0.42032331228256226,0.8569321632385254,0.06903164088726044,0.9892113208770752,0.6244558691978455,0.15146921575069427,0.07905783504247665,0.040539488196372986
3545,-13.1488,-10.3246,-23.4734,-11.7812,-9.5781,0.0,0.0,0.9991979598999023,0.4991338849067688,0.8418451547622681,0.07430340349674225,0.9929315447807312,0.6300140023231506,0.1570662260055542,0.07077892124652863,0.03766324743628502
3550,-13.2488,-10.3789,-23.6277,-11.3047,-9.7578,0.0,0.0,0.9994351267814636,0.4799712300300598,0.8633280992507935,0.0636630728840828,0.9910714030265808,0.6192863583564758,0.16204135119915009,0.07451026141643524,0.03968438878655434
3555,-13.3547,-9.9891,-23.3438,-11.7422,-9.4453,0.0,0.0,0.9991455078125,0.5685950517654419,0.8653725981712341,0.06553398072719574,0.9933035969734192,0.6368159055709839,0.16460666060447693,0.062072448432445526,0.032027363777160645
3560,-13.8438,-9.8055,-23.6492,-13.1875,-9.5312,0.0,0.0,0.9994273781776428,0.5958059430122375,0.8792475461959839,0.0628853291273117,0.9947916865348816,0.6108908653259277,0.1890547275543213,0.06405472755432129,0.031522076576948166
3565,-14.4301,-9.4332,-23.8633,-13.6016,-9.2422,0.0,0.0,0.999472439289093,0.6558359265327454,0.8926767706871033,0.06768837571144104,0.9966517686843872,0.5893967747688293,0.21412469446659088,0.061567164957523346,0.030433768406510353
3570,-14.5973,-9.1633,-23.7605,-13.7812,-8.9531,0.0069,0.0,0.9998698234558105,0.6996245384216309,0.8739316463470459,0.06794682145118713,0.9981398582458496,0.5972481369972229,0.21738961338996887,0.054570894688367844,0.026313744485378265
3575,-14.6035,-9.173,-23.7766,-13.8594,-9.1016,0.0244,0.0,0.9991518259048462,0.704477071762085,0.8654124736785889,0.07352941483259201,0.9933035969734192,0.5957322716712952,0.2196439653635025,0.053715795278549194,0.026430347934365273
3580,-14.2246,-9.3742,-23.5988,-13.8516,-9.3516,0.0289,0.0,0.9990467429161072,0.6966595649719238,0.825035572052002,0.04728790000081062,0.992559552192688,0.6116293668746948,0.20129819214344025,0.05464863032102585,0.02794620580971241
3585,-14.1824,-9.4832,-23.6656,-13.25,-9.2188,0.0345,0.0,0.9987154603004456,0.6821749806404114,0.7906976938247681,0.0443490706384182,0.9944196343421936,0.6051772236824036,0.20300839841365814,0.060167908668518066,0.027168843895196915
3590,-13.9617,-9.6328,-23.5945,-12.7109,-9.2656,0.0332,0.0,0.9993647336959839,0.6669992208480835,0.7579213976860046,0.050775740295648575,0.992559552192688,0.6118236780166626,0.19480721652507782,0.06133395433425903,0.027557525783777237
3595,-13.7105,-9.9242,-23.6348,-12.7578,-9.2656,0.0288,0.0,0.9990531802177429,0.6466695070266724,0.7070457339286804,0.040223464369773865,0.9873511791229248,0.6157882213592529,0.1820584535598755,0.06288868188858032,0.034787002950906754
3600,-13.6965,-9.923,-23.6195,-12.4062,-9.2422,0.0171,0.0,0.9989866018295288,0.627684473991394,0.7405468225479126,0.05060240998864174,0.991815447807312,0.6136505007743835,0.18279695510864258,0.0668143630027771,0.03226057067513466
3605,-14.1547,-9.541,-23.6957,-13.6484,-9.2891,0.0179,0.0,0.9988402128219604,0.6832631230354309,0.7504714131355286,0.04667609557509422,0.9929315447807312,0.603233814239502,0.2029695212841034,0.06183924153447151,0.027479788288474083
3610,-13.9285,-9.5867,-23.5152,-13.2188,-9.2344,0.0161,0.0,0.9991224408149719,0.6935648918151855,0.7100270986557007,0.03910614550113678,0.9936755895614624,0.6200637221336365,0.1902596354484558,0.057369403541088104,0.027829602360725403
3615,-13.7855,-9.7578,-23.5434,-12.8359,-9.3906,0.0153,0.0,0.9988752603530884,0.6724503040313721,0.6818477511405945,0.05045277997851372,0.9895833134651184,0.6220459938049316,0.18369092047214508,0.05974036082625389,0.03004508651793003
3620,-13.1844,-10.3848,-23.5691,-11.875,-9.6953,0.0,0.0,0.9988800287246704,0.5995151400566101,0.6053333282470703,0.02789256162941456,0.9914434552192688,0.6246890425682068,0.16033115983009338,0.07287780195474625,0.03762437775731087
3625,-13.4617,-9.857,-23.3188,-12.1875,-9.5859,0.0,0.0,0.9994535446166992,0.6849409937858582,0.6205722093582153,0.028205128386616707,0.9910714030265808,0.640119731426239,0.16802705824375153,0.05705845728516579,0.030317164957523346
3630,-14.0844,-9.4801,-23.5645,-13.1953,-9.1875,0.0,0.0,0.9995574951171875,0.7166864275932312,0.6746411323547363,0.042918454855680466,0.9951636791229248,0.6148942708969116,0.19659514725208282,0.056864116340875626,0.027168843895196915
3635,-14.609,-9.168,-23.777,-14.2031,-9.0469,0.0,0.0,1.0,0.7348174452781677,0.7197452187538147,0.04179566726088524,0.9966517686843872,0.5972481369972229,0.21824471652507782,0.05492071062326431,0.025108831003308296
3640,-14.1742,-9.5652,-23.7395,-13.6484,-9.2891,0.0026,0.0,0.9992924332618713,0.7026346325874329,0.6899735927581787,0.03186274692416191,0.9947916865348816,0.6042444109916687,0.20063744485378265,0.05892413109540939,0.03171641752123833
3645,-14.4496,-9.3695,-23.8191,-13.5469,-9.1406,0.0086,0.0,0.9998041391372681,0.7198976874351501,0.7090300917625427,0.022516556084156036,0.9955357313156128,0.5953435897827148,0.212725430727005,0.0581078976392746,0.02934546023607254
3650,-14.2113,-9.3633,-23.5746,-13.1953,-8.9766,0.0167,0.0,0.9996826648712158,0.7364669442176819,0.6767676472663879,0.0381355918943882,0.9981398582458496,0.6123678684234619,0.20176461338996887,0.0538712702691555,0.027518656104803085
3655,-14.7312,-8.927,-23.6582,-14.3516,-9.2422,0.0344,0.0,0.9995461106300354,0.7678140997886658,0.7526188492774963,0.051146384328603745,0.9981398582458496,0.5994247794151306,0.2258239984512329,0.04823538661003113,0.02203824557363987
3660,-15.2492,-8.7582,-24.0074,-14.1094,-8.5781,0.0611,0.0,0.9995232224464417,0.7680708765983582,0.781506359577179,0.04794520512223244,0.9955357313156128,0.5706623196601868,0.25003886222839355,0.05212220177054405,0.022699005901813507
3665,-15.198,-8.8207,-24.0187,-13.9766,-8.7266,0.0984,0.0,0.9996593594551086,0.761597752571106,0.7844136953353882,0.04451510310173035,0.9981398582458496,0.5705457329750061,0.2471626251935959,0.053365983068943024,0.024448072537779808
3670,-15.0238,-8.9043,-23.9281,-13.9766,-9.0312,0.1256,0.0,0.999463677406311,0.7582507133483887,0.7392570972442627,0.07333333045244217,0.9970238208770752,0.5797574520111084,0.23907804489135742,0.053365983068943024,0.023320894688367844
3675,-14.8406,-9.0047,-23.8453,-13.8047,-8.9297,0.1459,0.0,0.9993385076522827,0.7551741600036621,0.7274063229560852,0.05016181245446205,0.9966517686843872,0.587608814239502,0.23099346458911896,0.0528995655477047,0.024020522832870483
3680,-14.4969,-9.1766,-23.6734,-13.7344,-9.0703,0.1637,0.0,0.999741792678833,0.7442196607589722,0.7126185297966003,0.05616224557161331,0.9951636791229248,0.6021454930305481,0.2151741236448288,0.05328824743628502,0.024914490059018135
3685,-13.7473,-9.7688,-23.516,-12.3281,-9.3281,0.1626,0.0,0.9995616674423218,0.6935791373252869,0.6349614262580872,0.032663315534591675,0.9955357313156128,0.6206856369972229,0.18341884016990662,0.060478854924440384,0.03093905560672283
3690,-13.7383,-9.8207,-23.559,-12.5312,-9.3203,0.1528,0.0,0.9993733763694763,0.6817213296890259,0.6362484097480774,0.025925925001502037,0.9936755895614624,0.620258092880249,0.1824471354484558,0.06133395433425903,0.03148321062326431
3695,-14.1379,-9.4445,-23.5824,-13.5469,-9.0938,0.1482,0.0,0.9995585680007935,0.7224529981613159,0.6584680080413818,0.04261363670229912,0.9951636791229248,0.6163712739944458,0.19647854566574097,0.05530938878655434,0.027363184839487076
3700,-14.1023,-9.552,-23.6543,-13.0312,-9.1406,0.1493,0.0,0.999872624874115,0.7111417055130005,0.6352863907814026,0.04098360612988472,0.9970238208770752,0.6102300882339478,0.19780005514621735,0.05904073268175125,0.02845149300992489
3705,-14.1109,-9.4199,-23.5309,-12.9922,-9.2656,0.1576,0.0,0.9998104572296143,0.7291869521141052,0.6512280702590942,0.05487804859876633,0.9966517686843872,0.6152829527854919,0.19935478270053864,0.05538712814450264,0.02549751289188862
3710,-13.627,-9.7164,-23.3434,-12.4219,-9.4688,0.1491,0.0,0.9993257522583008,0.6978021860122681,0.6273972392082214,0.0642458125948906,0.995907723903656,0.6340951323509216,0.1768501251935959,0.05674751102924347,0.027829602360725403
3715,-13.3402,-10.0789,-23.4191,-12.1484,-9.6875,0.1387,0.0,0.9995719194412231,0.653177797794342,0.5665844678878784,0.06365741044282913,0.9966517686843872,0.6356109976768494,0.16328513622283936,0.06304415315389633,0.033582091331481934
3720,-13.5113,-9.8316,-23.343,-12.2969,-9.4141,0.122,0.0,0.999086320400238,0.6947153806686401,0.5850766897201538,0.057692307978868484,0.9933035969734192,0.6380985975265503,0.17136971652507782,0.05573694035410881,0.030317164957523346
3725,-14.0656,-9.5105,-23.5762,-13.0938,-9.2266,0.1183,0.0,0.999937117099762,0.7156293988227844,0.6226027607917786,0.046852122992277145,0.996279776096344,0.6180037260055542,0.19422419369220734,0.05674751102924347,0.02654695324599743
3730,-14.0437,-9.6316,-23.6754,-13.2891,-9.3281,0.1179,0.0,0.9989188313484192,0.722966194152832,0.564429521560669,0.07533414661884308,0.9966517686843872,0.6111629605293274,0.19445739686489105,0.057913556694984436,0.03198849409818649
3735,-13.5008,-9.8832,-23.384,-12.2344,-9.4688,0.1126,0.0,0.999327540397644,0.6891984343528748,0.5461181402206421,0.0954773873090744,0.9955357313156128,0.6358053684234619,0.17020367085933685,0.058574315160512924,0.03093905560672283
3740,-13.9191,-9.5797,-23.4988,-13.3672,-9.2188,0.1045,0.0,0.9989417195320129,0.7075098752975464,0.6270949840545654,0.10312075912952423,0.9966517686843872,0.6243780851364136,0.1868392378091812,0.055659204721450806,0.02864583395421505
3745,-13.8723,-9.8762,-23.7484,-12.4688,-9.4453,0.0966,0.0,0.999168336391449,0.6912128925323486,0.5457853078842163,0.09429824352264404,0.9970238208770752,0.607548177242279,0.18843284249305725,0.06409359723329544,0.03544776141643524
3750,-14.2238,-9.5703,-23.7941,-13.8359,-9.2188,0.1028,0.0,0.9992207288742065,0.7279787659645081,0.5607940554618835,0.05999999865889549,0.996279776096344,0.5985307693481445,0.20518501102924347,0.06265547126531601,0.02915111929178238
3755,-13.6719,-9.9066,-23.5785,-12.5234,-9.3359,0.0974,0.0,0.999501645565033,0.6856828331947327,0.5408291220664978,0.06666667014360428,0.996279776096344,0.6239505410194397,0.17646144330501556,0.06187811121344566,0.033232275396585464
3760,-13.3684,-10.1516,-23.5199,-12.6719,-9.4609,0.0793,0.0,0.9992597699165344,0.6422821879386902,0.5561529397964478,0.08485499769449234,0.9944196343421936,0.6300917267799377,0.16417910158634186,0.06506530195474625,0.036186255514621735
3765,-13.1566,-10.1566,-23.3133,-12.3906,-9.4375,0.061,0.0,0.999335765838623,0.6558279395103455,0.5344934463500977,0.06414662301540375,0.9970238208770752,0.6436567306518555,0.15539489686489105,0.06253886967897415,0.033931903541088104
3770,-13.334,-9.9648,-23.2988,-12.3906,-9.5078,0.0408,0.0,0.9996976852416992,0.6553941369056702,0.6210169196128845,0.07246376574039459,0.9977678656578064,0.6428016424179077,0.16320739686489105,0.05733053386211395,0.032182835042476654
3775,-13.2953,-10.1711,-23.4664,-12.4844,-9.5312,0.021,0.0,0.9994469285011292,0.5957293510437012,0.6567425727844238,0.08352144807577133,0.996279776096344,0.6325015425682068,0.16200248897075653,0.06658115983009338,0.03443719074130058
3780,-13.3,-10.0504,-23.3504,-12.0391,-9.4844,0.0009,0.0,0.9995118379592896,0.6265777349472046,0.6728624701499939,0.06205250695347786,0.9955357313156128,0.6370102763175964,0.16320739686489105,0.06273321062326431,0.032571516931056976
3785,-13.602,-10.1098,-23.7117,-12.3359,-9.7344,0.0,0.0,0.999619722366333,0.6028665900230408,0.6827743053436279,0.07851240038871765,0.9985119104385376,0.6132618188858032,0.1762671023607254,0.06836909055709839,0.03762437775731087
3790,-14.2297,-9.5258,-23.7555,-13.7891,-9.2188,0.0,0.0,0.9991599917411804,0.6785171031951904,0.7335463166236877,0.09878213703632355,0.9951636791229248,0.6015236377716064,0.20444652438163757,0.06082867085933685,0.028723569586873055
3795,-14.5023,-9.2582,-23.7605,-14.0938,-9.1953,0.0,0.0,0.9994131922721863,0.7172152996063232,0.7374570369720459,0.11773255467414856,0.9977678656578064,0.596159815788269,0.2160681039094925,0.05655317008495331,0.02674129419028759
3800,-14.166,-9.5664,-23.7324,-13.5547,-9.0312,0.0086,0.0,0.9992309212684631,0.671999990940094,0.7376400828361511,0.10314465314149857,0.995907723903656,0.60645991563797,0.19919931888580322,0.058962997049093246,0.03090018592774868
3805,-14.5238,-9.1613,-23.6852,-13.7812,-9.4922,0.017,0.0,0.9991647005081177,0.713634729385376,0.784970223903656,0.1421947479248047,0.999627947807312,0.6049051880836487,0.21323071420192719,0.05223880708217621,0.0251476988196373
3810,-14.5641,-9.1711,-23.7352,-13.3281,-9.2031,0.0261,0.0,0.9986941814422607,0.7098994255065918,0.7939560413360596,0.14309483766555786,0.999627947807312,0.5953047275543213,0.22026586532592773,0.05659203976392746,0.023359764367341995
3815,-14.325,-9.198,-23.523,-13.4141,-8.9141,0.0446,0.0,0.9993674755096436,0.7107048630714417,0.8232593536376953,0.12155591696500778,0.9985119104385376,0.6145055890083313,0.20623445510864258,0.050800684839487076,0.02398165501654148
3820,-14.0445,-9.6113,-23.6559,-13.0,-9.5781,0.0504,0.0,0.9992979168891907,0.6778284311294556,0.7039141654968262,0.08625336736440659,0.9985119104385376,0.6089474558830261,0.19616760313510895,0.061567164957523346,0.02884017489850521
3825,-13.5578,-9.6895,-23.2473,-12.4844,-9.4141,0.0504,0.0,0.999574601650238,0.6702389121055603,0.7313961982727051,0.07780979573726654,0.9988839030265808,0.6396144032478333,0.17409048974514008,0.05484297126531601,0.026974502950906754
3830,-13.3816,-9.8625,-23.2441,-12.2812,-9.7266,0.0395,0.0,0.9990302920341492,0.6312718987464905,0.7577181458473206,0.09673202782869339,0.9988839030265808,0.6413246393203735,0.16655005514621735,0.057913556694984436,0.029734142124652863
3835,-12.9895,-10.1148,-23.1043,-11.3125,-9.5781,0.025,0.0,0.9992266297340393,0.6081116199493408,0.7028939127922058,0.08208955079317093,0.9936755895614624,0.6533737778663635,0.15045864880084991,0.06043998897075653,0.03125
3840,-13.1418,-10.3785,-23.5203,-11.1562,-9.6094,0.0003,0.0,0.9988862872123718,0.5772537589073181,0.6356715559959412,0.07438016682863235,0.991815447807312,0.6281871795654297,0.15823227167129517,0.07147854566574097,0.03762437775731087
3845,-13.1164,-10.2406,-23.357,-11.3438,-9.6094,0.0,0.0,0.9986650347709656,0.6161006093025208,0.5992801189422607,0.09477124363183975,0.9914434552192688,0.6405472755432129,0.15450093150138855,0.06479322165250778,0.035680968314409256
3850,-12.9215,-10.4289,-23.3504,-11.2734,-9.8203,0.0,0.0,0.9991509318351746,0.5938316583633423,0.5679557919502258,0.06994535773992538,0.9910714030265808,0.6408970952033997,0.14870958030223846,0.07035136967897415,0.0355643667280674
3855,-13.1496,-10.3488,-23.4984,-11.4141,-9.5391,0.0,0.0,0.9987011551856995,0.5961117744445801,0.6029654145240784,0.09294871985912323,0.9895833134651184,0.6284204125404358,0.15994247794151306,0.07077892124652863,0.036380596458911896
3860,-13.4508,-10.009,-23.4598,-12.2109,-9.4922,0.0,0.0,0.9994449615478516,0.625920832157135,0.6722016930580139,0.08538011461496353,0.995907723903656,0.630247175693512,0.16884328424930573,0.06319962441921234,0.033232275396585464
3865,-13.5414,-9.7504,-23.2918,-12.5391,-9.4688,0.0,0.0,0.9995738863945007,0.6660633683204651,0.7046886086463928,0.10863874107599258,0.996279776096344,0.6384872794151306,0.1717972606420517,0.05554259940981865,0.02969527430832386
3870,-13.8465,-9.6031,-23.4496,-12.9453,-9.1953,0.0,0.0,0.9991281032562256,0.6736270785331726,0.7477906346321106,0.105117566883564,0.996279776096344,0.6241060495376587,0.18613961338996887,0.05717506259679794,0.02810167893767357
3875,-13.6859,-9.766,-23.452,-12.3047,-9.3516,0.0,0.0,0.9994404911994934,0.6252418756484985,0.7871927618980408,0.12417437136173248,0.9992559552192688,0.6252332329750061,0.18077580630779266,0.06009017303586006,0.029423195868730545
3880,-13.4004,-9.7582,-23.1586,-12.1797,-9.5312,0.0,0.0,0.9991562962532043,0.6308260560035706,0.8176144361495972,0.09687034040689468,0.9977678656578064,0.6449393630027771,0.1684546023607254,0.05604788661003113,0.026080535724759102
3885,-13.8973,-9.8109,-23.7082,-13.1797,-9.4766,0.0,0.0,0.9993640184402466,0.6124481558799744,0.778252899646759,0.11757858097553253,0.9985119104385376,0.6111629605293274,0.1873445212841034,0.06362717598676682,0.03338775038719177
3890,-13.2113,-9.9875,-23.1988,-11.4297,-9.625,0.0,0.0,0.9996397495269775,0.5662915706634521,0.8189542293548584,0.1396866887807846,0.9985119104385376,0.6473880410194397,0.15889303386211395,0.059468284249305725,0.029773009940981865
3895,-13.2488,-10.0508,-23.2996,-11.4609,-9.8672,0.0,0.0,0.9992719292640686,0.5673193335533142,0.8027725219726562,0.11151079088449478,0.9988839030265808,0.640625,0.160797581076622,0.0616837702691555,0.03241604566574097
3900,-12.7879,-10.3387,-23.1266,-10.7812,-9.9844,0.0,0.0,0.9994655251502991,0.524905264377594,0.7257780432701111,0.10199005156755447,0.9985119104385376,0.6545009613037109,0.14357897639274597,0.06619247794151306,0.03125
3905,-12.8426,-10.3441,-23.1867,-11.0312,-9.8594,0.0,0.0,0.9993448257446289,0.5502702593803406,0.6948748230934143,0.06192660704255104,0.9970238208770752,0.6525964140892029,0.14381219446659088,0.06522077322006226,0.03389303386211395
3910,-12.8855,-10.475,-23.3605,-11.1484,-9.8828,0.0,0.0,0.9993317127227783,0.5116279125213623,0.7331100106239319,0.07363183796405792,0.9981398582458496,0.6397699117660522,0.14707711338996887,0.06961287558078766,0.0390625
3915,-12.8027,-10.3781,-23.1809,-10.7891,-9.9219,0.0,0.0,0.9992831349372864,0.5174939036369324,0.7515813708305359,0.0754285678267479,0.9981398582458496,0.6506141424179077,0.1433068960905075,0.06759172677993774,0.03400963917374611
3920,-13.582,-9.818,-23.4,-11.9141,-9.5,0.0,0.0,0.999629557132721,0.615774393081665,0.8027166724205017,0.09222661703824997,0.9992559552192688,0.6295087337493896,0.176422581076622,0.06009017303586006,0.0295009333640337
3925,-13.5957,-9.8305,-23.4262,-12.0469,-9.6094,0.0,0.0,0.9997528195381165,0.6152486205101013,0.7899807095527649,0.09652509540319443,0.9981398582458496,0.6289256811141968,0.17587842047214508,0.060517724603414536,0.03020055964589119
3930,-13.6145,-10.1,-23.7145,-11.5938,-9.6953,0.0,0.0,0.999872088432312,0.5697022080421448,0.799232006072998,0.05919661745429039,0.9988839030265808,0.6077814102172852,0.18011504411697388,0.07085665315389633,0.03676927834749222
3935,-13.7762,-9.6371,-23.4133,-12.6094,-9.4453,0.0,0.0,0.9991309642791748,0.639924168586731,0.8226121068000793,0.06230529770255089,0.9985119104385376,0.626166045665741,0.18458488583564758,0.059818096458911896,0.024953357875347137
3940,-13.4406,-9.9332,-23.3738,-11.7812,-9.6719,0.0,0.0,0.9997553825378418,0.6054896712303162,0.8083714842796326,0.03846153989434242,0.9985119104385376,0.6356498599052429,0.16709421575069427,0.059429414570331573,0.03334888070821762
3945,-13.1375,-10.073,-23.2105,-11.4297,-9.7188,0.0,0.0,0.999638557434082,0.5880917310714722,0.7537593841552734,0.042953021824359894,0.9992559552192688,0.6452503204345703,0.15928171575069427,0.06203358247876167,0.028956778347492218
3950,-13.5523,-9.8117,-23.3641,-12.4688,-9.3984,0.0,0.0,0.9996312856674194,0.6402750015258789,0.7386804819107056,0.05056179687380791,0.9992559552192688,0.6325015425682068,0.17525653541088104,0.06009017303586006,0.027674129232764244
3955,-13.4711,-9.7844,-23.2555,-12.0547,-9.4062,0.0,0.0,0.9996975660324097,0.6672014594078064,0.692307710647583,0.0486486479640007,0.999627947807312,0.6426072716712952,0.16958178579807281,0.054570894688367844,0.028762437403202057
3960,-14.0102,-9.5113,-23.5215,-12.7578,-9.2188,0.0,0.0,0.9995602965354919,0.6820100545883179,0.764502763748169,0.061604585498571396,0.9988839030265808,0.6187422275543213,0.1933690905570984,0.05628109350800514,0.027129974216222763
3965,-13.998,-9.5109,-23.509,-12.8828,-9.1094,0.0,0.0,0.9995013475418091,0.6814303398132324,0.7548666000366211,0.04512372612953186,0.9981398582458496,0.6236007213592529,0.19130907952785492,0.053910136222839355,0.02670242451131344
3970,-13.8246,-9.4934,-23.318,-12.7578,-9.1719,0.0,0.0,0.9994489550590515,0.6958915591239929,0.7564296722412109,0.052710842341184616,0.9988839030265808,0.6347947716712952,0.18353544175624847,0.05138370767235756,0.025808457285165787
3975,-14.5211,-9.2383,-23.7594,-13.2812,-9.0859,0.0015,0.0,0.9996750950813293,0.7132313251495361,0.7733989953994751,0.054814815521240234,1.0,0.5981420874595642,0.2159126251935959,0.05523165315389633,0.02623600699007511
3980,-14.1047,-9.3914,-23.4961,-13.2188,-9.0703,0.0027,0.0,0.9996220469474792,0.6962571144104004,0.7696589827537537,0.08012820780277252,0.9988839030265808,0.6170709133148193,0.19834421575069427,0.05585354566574097,0.024253731593489647
3985,-14.6406,-9.0953,-23.7359,-14.0938,-9.5234,0.0143,0.0,0.9994140863418579,0.7324885725975037,0.7769731879234314,0.06493506580591202,0.9988839030265808,0.5970537662506104,0.22084887325763702,0.05367692932486534,0.02394278533756733
3990,-14.3512,-9.1598,-23.5109,-13.1094,-9.0547,0.0262,0.0,0.9997475743293762,0.720812201499939,0.8185389041900635,0.0714285746216774,1.0,0.6159048676490784,0.20673973858356476,0.0494791679084301,0.023398632183670998
3995,-14.4605,-9.1965,-23.657,-12.9297,-9.1797,0.0353,0.0,0.9994872808456421,0.7128403186798096,0.8251324892044067,0.07058823853731155,0.9988839030265808,0.60645991563797,0.21128731966018677,0.05134483799338341,0.026430347934365273
4000,-14.3078,-9.2758,-23.5836,-12.9453,-9.4531,0.0459,0.0,0.9998095035552979,0.6958568692207336,0.847470223903656,0.04218750074505806,0.9985119104385376,0.6120180487632751,0.206389918923378,0.05223880708217621,0.024875622242689133
4005,-14.0762,-9.3371,-23.4133,-13.2422,-9.1406,0.0515,0.0,0.9994383454322815,0.6983250975608826,0.8324528336524963,0.05681818351149559,0.9985119104385376,0.6228233575820923,0.1972559094429016,0.05150030925869942,0.02394278533756733
4010,-14.5133,-9.4168,-23.9301,-13.8594,-9.1953,0.0587,0.0,0.9998003840446472,0.676091194152832,0.8164281249046326,0.034805890172719955,0.9985119104385376,0.5840718150138855,0.21995490789413452,0.06246113032102585,0.029034515842795372
4015,-14.2137,-9.2859,-23.4996,-13.7578,-9.2812,0.0649,0.0,0.9996850490570068,0.7167596817016602,0.7828054428100586,0.05140186846256256,0.9988839030265808,0.6170320510864258,0.2019978165626526,0.05153917893767357,0.024953357875347137
4020,-14.1617,-9.4836,-23.6453,-13.2422,-9.0938,0.0692,0.0,0.9994872808456421,0.6897746920585632,0.7712975144386292,0.03203342482447624,0.9973958134651184,0.60645991563797,0.20184235274791718,0.05931280925869942,0.027907337993383408
4025,-14.6734,-9.2312,-23.9047,-13.6406,-8.9531,0.0749,0.0,0.9995351433753967,0.7040798664093018,0.7954996824264526,0.040785498917102814,0.9977678656578064,0.58527672290802,0.22578513622283936,0.05872979015111923,0.025730721652507782
4030,-14.2551,-9.3754,-23.6305,-13.5625,-9.1328,0.0875,0.0,0.9994235634803772,0.7035843133926392,0.8004186749458313,0.024965325370430946,0.9985119104385376,0.6068485975265503,0.20495180785655975,0.05569807067513466,0.028023943305015564
4035,-13.9695,-9.5516,-23.5211,-13.1328,-9.3828,0.0946,0.0,0.9992485046386719,0.6796572208404541,0.7804195880889893,0.026990553364157677,0.9981398582458496,0.6206467747688293,0.19049285352230072,0.0555814690887928,0.02880130521953106
4040,-13.7648,-9.7664,-23.5312,-12.5391,-9.4688,0.0869,0.0,0.9997502565383911,0.6402633190155029,0.7626131772994995,0.02737940102815628,0.9988839030265808,0.622590184211731,0.1830301582813263,0.06009017303586006,0.029811877757310867
4045,-13.1957,-10.0199,-23.2156,-12.2109,-9.5859,0.0747,0.0,0.9996992349624634,0.6151227951049805,0.7206451892852783,0.019920319318771362,0.9992559552192688,0.6461442708969116,0.15986473858356476,0.06024564802646637,0.029267724603414536
4050,-13.1875,-10.1242,-23.3117,-11.9766,-9.6328,0.0518,0.0,0.9995128512382507,0.5788326263427734,0.7748344540596008,0.03022974543273449,0.9966517686843872,0.6383317708969116,0.1604866236448288,0.06456001102924347,0.0321439690887928
4055,-13.327,-10.0926,-23.4195,-11.7109,-9.6719,0.0329,0.0,0.9995083808898926,0.5611019730567932,0.8185603618621826,0.025029797106981277,0.9992559552192688,0.6325015425682068,0.16507306694984436,0.06533737480640411,0.03261038661003113
4060,-13.2137,-10.243,-23.4566,-12.0234,-10.1016,0.0097,0.0,0.9994458556175232,0.5185815095901489,0.8407029509544373,0.03707742691040039,0.9992559552192688,0.6312966346740723,0.16002021729946136,0.06856343150138855,0.0356421023607254
4065,-13.2898,-10.066,-23.3559,-11.875,-9.5312,0.0,0.0,0.9995730519294739,0.5646291375160217,0.8486352562904358,0.033557046204805374,0.9988839030265808,0.6372434496879578,0.16087530553340912,0.06265547126531601,0.0347481332719326
4070,-12.9875,-10.3648,-23.3523,-11.0547,-9.8359,0.0,0.0,0.999755859375,0.4991055428981781,0.8369027972221375,0.018478261306881905,0.9970238208770752,0.636893630027771,0.1520911008119583,0.07077892124652863,0.03575870767235756
4075,-12.9664,-10.2207,-23.1871,-11.2891,-9.7422,0.0,0.0,0.9995799660682678,0.5128205418586731,0.8667840361595154,0.023485785350203514,0.9988839030265808,0.64777672290802,0.1500699669122696,0.06623134016990662,0.03144434094429016
4080,-12.9516,-10.0734,-23.025,-11.3906,-9.75,0.0,0.0,0.9995288848876953,0.5574591755867004,0.854521632194519,0.01621621660888195,0.9973958134651184,0.659981369972229,0.1474657952785492,0.05931280925869942,0.028762437403202057
4085,-13.5078,-9.9371,-23.4449,-12.2422,-9.6172,0.0,0.0,0.9998759031295776,0.5684870481491089,0.8779904246330261,0.04585987329483032,0.9988839030265808,0.6263603568077087,0.173662930727005,0.06498756259679794,0.030511505901813507
4090,-13.5402,-9.7539,-23.2941,-11.4531,-9.6953,0.0,0.0,0.9997555017471313,0.5993726253509521,0.9249169230461121,0.019718309864401817,1.0,0.6359608173370361,0.17346858978271484,0.05849657952785492,0.02759639360010624
4095,-13.4262,-9.8379,-23.2641,-12.0547,-9.3828,0.0,0.0,0.9996960163116455,0.5956422090530396,0.8907395005226135,0.030054645612835884,0.9981398582458496,0.6392646431922913,0.16946516931056976,0.05834110826253891,0.02845149300992489
4100,-13.1562,-10.0227,-23.1789,-11.1406,-9.6641,0.0,0.0,0.9998193383216858,0.5578098297119141,0.8978940844535828,0.02319587580859661,0.9992559552192688,0.6454446315765381,0.1590096354484558,0.06090640649199486,0.030161691829562187
4105,-13.3012,-10.0609,-23.3621,-10.9609,-9.7891,0.0,0.0,0.9998774528503418,0.5401511788368225,0.9086480140686035,0.028368793427944183,1.0,0.6342506408691406,0.16456778347492218,0.06382151693105698,0.032882463186979294
4110,-13.0203,-10.1809,-23.2012,-11.0859,-9.8906,0.0,0.0,0.9998196959495544,0.5026779174804688,0.9271402359008789,0.028776979073882103,0.9988839030265808,0.6466884613037109,0.15240205824375153,0.06401585787534714,0.03241604566574097
4115,-12.7113,-10.6664,-23.3777,-10.3203,-10.1797,0.0,0.0,0.9993928074836731,0.3840579688549042,0.9008776545524597,0.011472275480628014,0.9981398582458496,0.640119731426239,0.13945895433425903,0.07528762519359589,0.04065609350800514
4120,-12.8191,-10.5164,-23.3355,-11.0391,-9.9609,0.0,0.0,0.9995774626731873,0.423171728849411,0.89763343334198,0.02286282368004322,0.9981398582458496,0.6438899040222168,0.14190764725208282,0.07062344253063202,0.03910136967897415
4125,-12.7867,-10.4254,-23.2121,-10.7344,-10.0312,0.0,0.0,0.9995200037956238,0.4438110888004303,0.902180016040802,0.03333333507180214,0.9992559552192688,0.6478155851364136,0.14319029450416565,0.06953513622283936,0.034981343895196915
4130,-12.7195,-10.6793,-23.3988,-10.5859,-10.0469,0.0,0.0,0.9996343851089478,0.3714521825313568,0.8991427421569824,0.029469547793269157,0.9981398582458496,0.6378265023231506,0.14105254411697388,0.07707556337118149,0.03956778720021248
4135,-12.4234,-10.8074,-23.2309,-10.375,-10.0938,0.0,0.0,0.9997612833976746,0.3233242332935333,0.8865927457809448,0.02097902074456215,0.9977678656578064,0.65135258436203,0.12814831733703613,0.07711442559957504,0.03890702873468399
4140,-12.5723,-10.8625,-23.4348,-10.375,-10.0703,0.0,0.0,0.9991423487663269,0.32128629088401794,0.8895105123519897,0.031220436096191406,0.9973958134651184,0.634483814239502,0.13658271729946136,0.08337219804525375,0.041083645075559616
4145,-12.4828,-10.7367,-23.2195,-10.4297,-10.1016,0.0,0.0,0.999760627746582,0.3559421896934509,0.8848701119422913,0.024640657007694244,0.9955357313156128,0.6495646834373474,0.13180193305015564,0.07629819959402084,0.03785758838057518
4150,-12.8461,-10.7297,-23.5758,-10.6641,-9.9609,0.0,0.0,0.999751627445221,0.406358540058136,0.8601294159889221,0.019458545371890068,0.9970238208770752,0.6260105967521667,0.14548352360725403,0.07808613032102585,0.045942164957523346
4155,-12.798,-10.3605,-23.1586,-11.0625,-9.7734,0.0,0.0,0.9995827078819275,0.4890650510787964,0.863070547580719,0.02937976084649563,0.9985119104385376,0.6520522236824036,0.1421797275543213,0.06557058542966843,0.03571983799338341
4160,-13.0301,-10.2258,-23.2559,-11.4766,-9.7188,0.0,0.0,0.9999399781227112,0.5016843676567078,0.887736439704895,0.037120360881090164,0.9973958134651184,0.647271454334259,0.1499922275543213,0.06370491534471512,0.03455379232764244
4165,-12.9117,-10.1414,-23.0531,-11.1562,-9.6562,0.0,0.0,0.999646782875061,0.5156542658805847,0.9061063528060913,0.03778337687253952,0.9988839030265808,0.6602145433425903,0.14525030553340912,0.05919620767235756,0.030861318111419678
4170,-13.3363,-9.9355,-23.2719,-11.7578,-9.625,0.0,0.0,0.9996963143348694,0.5548235177993774,0.933163583278656,0.026560425758361816,0.9992559552192688,0.6400030851364136,0.1651896834373474,0.06106187775731087,0.029267724603414536
4175,-13.2289,-10.1141,-23.343,-11.4297,-9.7656,0.0,0.0,0.9997546076774597,0.5344333052635193,0.8947674632072449,0.025089606642723083,0.9992559552192688,0.6335898637771606,0.16254663467407227,0.06685323268175125,0.03253265097737312
4180,-13.2848,-9.9402,-23.225,-12.1016,-9.7578,0.0,0.0,0.9994593858718872,0.5658595561981201,0.9000670909881592,0.03367875516414642,0.9985119104385376,0.6470382213592529,0.16052550077438354,0.05795242637395859,0.03000621870160103
4185,-13.2246,-9.9293,-23.1539,-12.0391,-9.625,0.0,0.0,0.9996389746665955,0.5660967826843262,0.9097310900688171,0.03404255211353302,0.999627947807312,0.6459888219833374,0.16141946613788605,0.0607120655477047,0.027402052655816078
4190,-13.4652,-9.9473,-23.4125,-12.0938,-9.7031,0.0,0.0,0.9995061755180359,0.5561108589172363,0.9316345453262329,0.04342581331729889,0.9992559552192688,0.6296641826629639,0.17109763622283936,0.06253886967897415,0.032221704721450806
4195,-13.5613,-9.9156,-23.477,-12.1094,-9.6016,0.0,0.0,0.9996881484985352,0.5494192242622375,0.9333333373069763,0.041333332657814026,0.9992559552192688,0.6231343150138855,0.17735540866851807,0.06588152796030045,0.02915111929178238
4200,-13.3313,-9.9434,-23.2746,-11.6953,-9.6328,0.0,0.0,0.9996966123580933,0.5602381229400635,0.914812445640564,0.03939008712768555,0.9985119104385376,0.6405472755432129,0.1632462739944458,0.06113961338996887,0.030589241534471512
4205,-13.0703,-10.1863,-23.2566,-11.4531,-9.6953,0.0,0.0,0.9996388554573059,0.5109637975692749,0.8961514830589294,0.03695150092244148,0.996279776096344,0.6457944512367249,0.15244092047214508,0.06362717598676682,0.03365982696413994
4210,-13.3828,-9.9703,-23.3531,-11.8438,-9.5469,0.0,0.0,0.9995712637901306,0.5577994585037231,0.8950920104980469,0.04123711213469505,0.9966517686843872,0.6345615386962891,0.16744403541088104,0.06335510313510895,0.030161691829562187
4215,-13.2484,-10.0176,-23.266,-11.6719,-9.7969,0.0,0.0,0.9992703795433044,0.5422232747077942,0.9131498336791992,0.05091383680701256,0.9992559552192688,0.6392646431922913,0.1629353165626526,0.06354943662881851,0.029773009940981865
4220,-13.0578,-10.1656,-23.2234,-11.4766,-9.5781,0.0,0.0,0.9995800852775574,0.5161125063896179,0.8924528360366821,0.05747126415371895,0.9992559552192688,0.647932231426239,0.15197449922561646,0.06180037185549736,0.03381529822945595
4225,-12.8465,-10.341,-23.1875,-10.9844,-9.8359,0.0,0.0,0.9995222091674805,0.4827307164669037,0.8710821866989136,0.036707453429698944,0.9992559552192688,0.6508084535598755,0.1440453976392746,0.06572605669498444,0.03494247421622276
4230,-13.127,-10.1199,-23.2469,-11.8203,-9.6641,0.0,0.0,0.9996991157531738,0.5243473649024963,0.8804149031639099,0.030037546530365944,0.9992559552192688,0.6459110975265503,0.15485075116157532,0.06370491534471512,0.03105565905570984
4235,-12.9199,-10.2012,-23.1211,-11.6641,-9.9062,0.0,0.0,0.9996444582939148,0.5085378885269165,0.886662483215332,0.030562346801161766,0.9951636791229248,0.6559779047966003,0.1456778645515442,0.062072448432445526,0.03179415315389633
4240,-12.9824,-10.2543,-23.2367,-11.0234,-9.8047,0.0,0.0,0.9998794794082642,0.49293240904808044,0.8826263546943665,0.04181601107120514,1.0,0.64486163854599,0.15123601257801056,0.0668921023607254,0.03253265097737312
4245,-12.9668,-10.3289,-23.2957,-11.1094,-9.8438,0.0,0.0,0.9998793601989746,0.49331584572792053,0.8394203186035156,0.05000000074505806,0.9973958134651184,0.6444340944290161,0.1482820212841034,0.06704757362604141,0.03575870767235756
4250,-13.2004,-10.1711,-23.3715,-12.0859,-9.4844,0.0,0.0,0.9996340274810791,0.5139843225479126,0.8857479095458984,0.04357798025012016,0.9970238208770752,0.6372045874595642,0.15842661261558533,0.0659981369972229,0.03389303386211395
4255,-13.1434,-10.2477,-23.391,-11.3438,-9.6094,0.0,0.0,0.9996936917304993,0.4976479411125183,0.9024389982223511,0.05747126415371895,0.999627947807312,0.6344060897827148,0.1569885015487671,0.06693097203969955,0.03719682991504669
4260,-12.8719,-10.1602,-23.032,-10.8125,-9.875,0.0,0.0,0.9994684457778931,0.5071846842765808,0.8942486047744751,0.055934514850378036,1.0,0.6581156849861145,0.1460665464401245,0.06284981220960617,0.02849036082625389
4265,-13.1637,-10.0184,-23.182,-11.6406,-9.7188,0.0,0.0,0.9998207688331604,0.5419176816940308,0.8990885615348816,0.051085568964481354,0.9981398582458496,0.6505363583564758,0.15485075116157532,0.05970149114727974,0.030433768406510353
4270,-12.9617,-10.5254,-23.4871,-10.7422,-9.8516,0.0,0.0,0.9993828535079956,0.4454103708267212,0.8584024906158447,0.03209628909826279,0.9973958134651184,0.6298196315765381,0.1520133763551712,0.07493781298398972,0.03875155374407768
4275,-13.0977,-10.2758,-23.3734,-11.2266,-9.7734,0.0,0.0,0.9995740652084351,0.4924725592136383,0.8947983384132385,0.04307692125439644,0.9981398582458496,0.638798177242279,0.15232431888580322,0.06650342047214508,0.03789645433425903
4280,-12.9219,-10.3273,-23.2492,-11.1172,-9.9922,0.0,0.0,0.9990348219871521,0.4781144857406616,0.8807495832443237,0.03923900052905083,0.9988839030265808,0.6443174481391907,0.1500699669122696,0.06844682991504669,0.03268812224268913
4285,-13.0016,-9.9945,-22.9961,-11.7812,-9.625,0.0,0.0,0.9992944598197937,0.5541102886199951,0.8982118368148804,0.08583106100559235,0.9973958134651184,0.6610696315765381,0.1494092047214508,0.056514304131269455,0.028529228642582893
4290,-13.3254,-9.975,-23.3004,-11.3047,-9.5938,0.0,0.0,0.9994520545005798,0.5398063063621521,0.9243379831314087,0.09924623370170593,0.999627947807312,0.6384094953536987,0.16452892124652863,0.06164490059018135,0.03093905560672283
4295,-13.4789,-9.8578,-23.3367,-12.1016,-9.6641,0.0,0.0,0.9995100498199463,0.5595593452453613,0.9373789429664612,0.13664595782756805,0.9973958134651184,0.6346781849861145,0.1693485677242279,0.06020677834749222,0.03128886967897415
4300,-13.7164,-9.6934,-23.4098,-12.1328,-9.6016,0.0,0.0,0.9997527003288269,0.5841201543807983,0.9443690776824951,0.15688949823379517,0.9977678656578064,0.6286147236824036,0.18112562596797943,0.0572916679084301,0.02849036082625389
4305,-14.0402,-9.4266,-23.4668,-13.1328,-9.2656,0.0,0.0,0.9997504353523254,0.6310365796089172,0.9520348906517029,0.16472303867340088,1.0,0.6230177283287048,0.19235852360725403,0.05348258838057518,0.026663556694984436
4310,-14.3379,-9.484,-23.8219,-12.7891,-9.2734,0.0,0.0,0.9994094967842102,0.6168432831764221,0.952144205570221,0.17139333486557007,0.9992559552192688,0.5923896431922913,0.2090718299150467,0.06253886967897415,0.031522076576948166
4315,-14.325,-9.2273,-23.5523,-12.7578,-9.4297,0.0061,0.0,0.9996811151504517,0.6607310175895691,0.9713466763496399,0.1825396865606308,0.9992559552192688,0.6094138622283936,0.2073616236448288,0.054259948432445526,0.02448694035410881
4320,-14.5082,-9.1562,-23.6645,-12.9688,-9.125,0.0111,0.0,0.9998705387115479,0.662959635257721,0.9640591740608215,0.2030201405286789,1.0,0.6005130410194397,0.21668998897075653,0.05515391752123833,0.023165423423051834
4325,-13.784,-9.6707,-23.4547,-12.1797,-9.5547,0.011,0.0,0.9993756413459778,0.5880267024040222,0.9566666483879089,0.15616437792778015,0.999627947807312,0.6225124597549438,0.18633395433425903,0.05830223858356476,0.028373755514621735
4330,-14.7176,-9.1172,-23.8348,-13.6719,-9.1484,0.0136,0.0,0.9995360374450684,0.6573235392570496,0.9725463390350342,0.2748447060585022,1.0,0.586442768573761,0.22741760313510895,0.05663090944290161,0.02503109537065029
4335,-13.6691,-9.6637,-23.3328,-11.4922,-9.6641,0.0243,0.0,0.999509334564209,0.5939685106277466,0.9502452611923218,0.1530054658651352,1.0,0.6337453126907349,0.17786069214344025,0.055464863777160645,0.02845149300992489
4340,-13.6445,-9.8453,-23.4898,-11.8906,-9.5469,0.0118,0.0,0.9993777871131897,0.536649763584137,0.9475347399711609,0.23341232538223267,0.999627947807312,0.6246501803398132,0.17657804489135742,0.06148942932486534,0.03280472755432129
4345,-13.9258,-9.6508,-23.5766,-12.0703,-9.5156,0.0039,0.0,0.9996201992034912,0.5704368948936462,0.9458943605422974,0.27906978130340576,0.999627947807312,0.6140003204345703,0.19037623703479767,0.06106187775731087,0.030083954334259033
4350,-13.8961,-9.6645,-23.5605,-11.6875,-9.6016,0.0044,0.0,0.9996198415756226,0.5672585964202881,0.939130425453186,0.30481284856796265,0.9970238208770752,0.613456130027771,0.19041511416435242,0.0625777393579483,0.029073383659124374
4355,-13.6367,-9.7496,-23.3863,-12.0547,-9.5938,0.0,0.0,0.9995061159133911,0.5516029596328735,0.9226305484771729,0.3165760934352875,0.9988839030265808,0.6296253204345703,0.1770056039094925,0.06028451398015022,0.028606964275240898
4360,-13.4309,-9.8367,-23.2676,-11.5547,-9.6562,0.0,0.0,0.999391496181488,0.5359356999397278,0.926047146320343,0.30290457606315613,0.999627947807312,0.6387593150138855,0.1692708283662796,0.05939054861664772,0.02810167893767357
4365,-13.7262,-9.5895,-23.3156,-12.2109,-9.5859,0.0,0.0,0.999631941318512,0.5952789783477783,0.911365270614624,0.31811487674713135,1.0,0.6336287260055542,0.18112562596797943,0.05437655374407768,0.02639148011803627
4370,-13.7785,-9.7203,-23.4988,-11.8516,-9.7422,0.0,0.0,0.9993743896484375,0.5723057389259338,0.8915741443634033,0.31296756863594055,1.0,0.621268630027771,0.18357431888580322,0.05950715020298958,0.031172264367341995
4375,-13.6879,-9.7234,-23.4113,-12.3516,-9.3281,0.0,0.0,0.9993196725845337,0.5787087082862854,0.9177897572517395,0.2182539701461792,1.0,0.6284592747688293,0.17999844253063202,0.05768034979701042,0.029384328052401543
4380,-13.3613,-10.1082,-23.4695,-11.6797,-9.8516,0.0,0.0,0.9996296167373657,0.5044538378715515,0.8732227683067322,0.18848758935928345,1.0,0.6296641826629639,0.16581156849861145,0.06560945510864258,0.03443719074130058
4385,-13.1594,-10.0973,-23.2566,-11.1562,-9.8203,0.0,0.0,0.9995766282081604,0.509813666343689,0.8823529481887817,0.18632075190544128,1.0,0.6426849961280823,0.15644434094429016,0.06343283504247665,0.0329601988196373
4390,-13.1723,-10.1043,-23.2766,-10.6094,-10.0234,0.0,0.0,0.9992719292640686,0.4986588656902313,0.8998167514801025,0.2048780471086502,0.999627947807312,0.640625,0.15939831733703613,0.06362717598676682,0.03187188878655434
4395,-13.1684,-10.0008,-23.1691,-11.2266,-9.7266,0.0,0.0,0.9996994137763977,0.5344109535217285,0.8704297542572021,0.22018349170684814,0.9992559552192688,0.6465718150138855,0.1586986929178238,0.06059546023607254,0.02965640462934971
4400,-13.3266,-10.0043,-23.3309,-11.5703,-9.8359,0.0,0.0,0.9996343851089478,0.5202750563621521,0.8663819432258606,0.22739018499851227,1.0,0.6378265023231506,0.1639070212841034,0.06370491534471512,0.030083954334259033
4405,-13.3984,-10.3562,-23.7547,-10.7578,-10.0078,0.0,0.0,0.998852550983429,0.4818202555179596,0.8227913975715637,0.1724461168050766,0.9992559552192688,0.6097248196601868,0.16997045278549194,0.07435479015111923,0.04147232696413994
4410,-13.1633,-10.2559,-23.4191,-11.2031,-9.6797,0.0,0.0,0.998956024646759,0.501714825630188,0.824004590511322,0.17428268492221832,0.9988839030265808,0.6329290866851807,0.15865983068943024,0.06735852360725403,0.03657493740320206
4415,-12.7703,-10.607,-23.3773,-10.6641,-9.9141,0.0,0.0,0.9993339776992798,0.4364883303642273,0.7672183513641357,0.11928429454565048,0.9951636791229248,0.6419464945793152,0.1416744440793991,0.07280006259679794,0.03910136967897415
4420,-12.868,-10.6016,-23.4695,-10.625,-10.0156,0.0,0.0,0.9990243315696716,0.4262697994709015,0.7558386325836182,0.18356163799762726,0.9988839030265808,0.6373989582061768,0.1423352062702179,0.07322761416435242,0.0425606332719326
4425,-12.7988,-10.6602,-23.459,-10.6406,-10.0078,0.0,0.0,0.9988967776298523,0.4330369234085083,0.7444271445274353,0.17804427444934845,0.9966517686843872,0.6341728568077087,0.14423973858356476,0.07497668266296387,0.042133085429668427
4430,-13.1953,-10.2633,-23.4586,-11.4219,-9.7344,0.0,0.0,0.9997553825378418,0.49303483963012695,0.7852153778076172,0.20947368443012238,0.9947916865348816,0.6355721354484558,0.15625,0.06677550077438354,0.03692474961280823
4435,-12.8484,-10.2832,-23.1316,-10.9219,-9.9375,0.0,0.0,0.9992859959602356,0.49589186906814575,0.7800953388214111,0.19540229439735413,0.999627947807312,0.6532182693481445,0.146649569272995,0.06522077322006226,0.030433768406510353
4440,-13.2246,-10.0945,-23.3191,-11.5156,-9.7812,0.0,0.0,0.9993354082107544,0.5407407283782959,0.7734274864196777,0.21704545617103577,1.0,0.6433457732200623,0.15741604566574097,0.06055659055709839,0.03420398011803627
4445,-12.7246,-10.5039,-23.2285,-10.6484,-9.8516,0.0,0.0,0.9995818734169006,0.48965322971343994,0.6787947416305542,0.18672199547290802,0.9985119104385376,0.6506918668746948,0.1389925330877304,0.06836909055709839,0.03746890649199486
4450,-12.793,-10.6098,-23.4027,-10.5703,-9.8203,0.0,0.0,0.9990854859352112,0.46415093541145325,0.6829015612602234,0.1903807669878006,0.999627947807312,0.6375155448913574,0.1442008763551712,0.07501554489135742,0.038790423423051834
4455,-12.6766,-10.7863,-23.4629,-10.6016,-9.9219,0.0,0.0,0.9992054104804993,0.4265153706073761,0.6725060939788818,0.14342235028743744,0.9992559552192688,0.6359219551086426,0.14043065905570984,0.07987406849861145,0.03929571062326431
4460,-12.9461,-10.5379,-23.484,-10.8047,-10.0312,0.0,0.0,0.9992614388465881,0.4751754701137543,0.7194928526878357,0.17965780198574066,0.9973958134651184,0.6315298676490784,0.14952580630779266,0.07357742637395859,0.040889304131269455
4465,-13.0082,-10.1207,-23.1289,-10.9688,-9.8438,0.0,0.0,0.9994624257087708,0.5282350182533264,0.8164910078048706,0.17934782803058624,0.999627947807312,0.6507307291030884,0.1534903645515442,0.06269434094429016,0.028606964275240898
4470,-13.4504,-9.7742,-23.2246,-11.8281,-9.6719,0.0,0.0,0.9995769262313843,0.5763103365898132,0.8721088171005249,0.24927954375743866,0.9970238208770752,0.6430736780166626,0.16833800077438354,0.05713619291782379,0.026974502950906754
4475,-13.0352,-10.1055,-23.1406,-10.8828,-9.9219,0.0,0.0,0.9992817640304565,0.525611937046051,0.820858895778656,0.20945945382118225,0.999627947807312,0.6493703126907349,0.15403451025485992,0.06335510313510895,0.028762437403202057
4480,-13.2438,-10.2496,-23.4934,-10.7891,-9.8984,0.0,0.0,0.9996903538703918,0.48770493268966675,0.8596981763839722,0.15199162065982819,0.9985119104385376,0.6276819109916687,0.1612251251935959,0.06953513622283936,0.037080224603414536
4485,-13.0793,-10.2047,-23.284,-11.2812,-9.875,0.0,0.0,0.9996979236602783,0.4960967004299164,0.8462448120117188,0.14026601612567902,1.0,0.6433069109916687,0.15434545278549194,0.06572605669498444,0.0321439690887928
4490,-12.8578,-10.4883,-23.3461,-10.6953,-9.9922,0.0,0.0,0.9992706775665283,0.44753578305244446,0.8172561526298523,0.11839323490858078,1.0,0.6395366787910461,0.14668843150138855,0.07252798229455948,0.03676927834749222
4495,-13.4914,-9.9207,-23.4121,-11.7734,-9.5703,0.0,0.0,0.9992578625679016,0.5494849681854248,0.8934624791145325,0.14494681358337402,0.999627947807312,0.6284981369972229,0.1735852062702179,0.0642101988196373,0.029228854924440384
4500,-13.3203,-9.9758,-23.2961,-11.3438,-9.7266,0.0,0.0,0.9998171925544739,0.5265507698059082,0.9200743436813354,0.15131579339504242,1.0,0.6378265023231506,0.16542288661003113,0.06273321062326431,0.0295398011803627
4505,-13.5801,-9.7551,-23.3352,-12.2422,-9.6406,0.0,0.0,0.999387264251709,0.570472776889801,0.9323158860206604,0.17832647264003754,1.0,0.6343283653259277,0.17428483068943024,0.058574315160512924,0.028334887698292732
4510,-13.2387,-10.132,-23.3707,-10.9219,-9.75,0.0,0.0,0.9996947646141052,0.5110517144203186,0.9121540188789368,0.06484641879796982,0.9988839030265808,0.6367381811141968,0.16002021729946136,0.06459888070821762,0.03416511043906212
4515,-13.7973,-9.6676,-23.4648,-12.0391,-9.4375,0.0,0.0,0.9995642900466919,0.5839710831642151,0.9569471478462219,0.1287262886762619,1.0,0.6244170069694519,0.18283581733703613,0.05958488956093788,0.028684701770544052
4520,-13.4414,-9.8027,-23.2441,-11.6562,-9.7812,0.0,0.0,0.9998168349266052,0.5534246563911438,0.9647132754325867,0.16091954708099365,0.999627947807312,0.636543869972229,0.1702425330877304,0.0616837702691555,0.02705223858356476
4525,-13.7723,-9.6941,-23.4664,-11.6797,-9.5938,0.0,0.0,0.9996236562728882,0.5733639001846313,0.97826087474823,0.1689373254776001,1.0,0.6197139024734497,0.18648943305015564,0.0607898011803627,0.028529228642582893
4530,-13.2836,-9.9883,-23.2719,-11.1484,-9.7656,0.0,0.0,0.9998782873153687,0.5156546235084534,0.962461531162262,0.11864406615495682,0.999627947807312,0.6386815905570984,0.16386815905570984,0.06316076219081879,0.029811877757310867
4535,-13.8379,-9.6965,-23.5344,-11.9375,-9.6875,0.0,0.0,0.9998118877410889,0.5577003955841064,0.9792208075523376,0.21910828351974487,0.999627947807312,0.6199082732200623,0.18524564802646637,0.05985696613788605,0.030511505901813507
4540,-13.6773,-9.7176,-23.3949,-11.4609,-9.7266,0.0,0.0,0.9996293783187866,0.558753490447998,0.9821782112121582,0.1846153885126114,0.999627947807312,0.62923663854599,0.1796097606420517,0.05888526141643524,0.0277907345443964
4545,-13.9512,-9.4793,-23.4305,-12.0938,-9.5859,0.0,0.0,0.9998751282691956,0.6085720062255859,0.9880701899528503,0.20208023488521576,1.0,0.6226290464401245,0.19134794175624847,0.05538712814450264,0.026158271357417107
4550,-13.932,-9.4672,-23.3992,-11.9844,-9.5,0.0,0.0,0.9997509121894836,0.6119951009750366,0.9856630563735962,0.24087591469287872,1.0,0.6241449117660522,0.19053171575069427,0.05422108247876167,0.026624688878655434
4555,-13.7309,-9.5625,-23.2934,-12.0312,-9.8516,0.0,0.0,0.999877393245697,0.5972967147827148,0.9872971177101135,0.17050690948963165,1.0,0.633978545665741,0.18116448819637299,0.05507618188858032,0.025303171947598457
4560,-13.282,-10.0324,-23.3145,-10.9609,-9.8594,0.0,0.0,0.9991413950920105,0.49498483538627625,0.9722222089767456,0.16556291282176971,1.0,0.6337841749191284,0.16662779450416565,0.06576492637395859,0.02934546023607254
4565,-13.0871,-10.1059,-23.193,-10.5938,-10.0312,0.0,0.0,0.9999399185180664,0.49008285999298096,0.968224287033081,0.10073710232973099,1.0,0.6466884613037109,0.15481187403202057,0.062383394688367844,0.03163868188858032
4570,-13.8012,-9.8016,-23.6027,-12.1484,-9.5703,0.0,0.0,0.9998737573623657,0.5517748594284058,0.9733085036277771,0.11893203854560852,1.0,0.6158271431922913,0.1850513070821762,0.06261660158634186,0.032027363777160645
4575,-13.0875,-10.0664,-23.1539,-10.8828,-9.9688,0.0,0.0,0.9992208480834961,0.4911094307899475,0.9722397327423096,0.151866152882576,1.0,0.6485152244567871,0.1552005559206009,0.0616060309112072,0.03020055964589119
4580,-13.3578,-9.8293,-23.1871,-11.375,-9.7812,0.0,0.0,0.9997585415840149,0.5613663196563721,0.9849520921707153,0.10560625791549683,1.0,0.6438899040222168,0.16499534249305725,0.05682525038719177,0.029811877757310867
4585,-13.3711,-9.9,-23.2711,-11.2734,-9.7266,0.0,0.0,0.9998173713684082,0.537054181098938,0.9792208075523376,0.10875331610441208,1.0,0.6385261416435242,0.16783271729946136,0.05985696613788605,0.029306592419743538
4590,-13.6539,-9.6672,-23.3211,-11.8281,-9.6016,0.0,0.0,0.9998160600662231,0.5876808166503906,0.9854469895362854,0.11279229819774628,1.0,0.6338619589805603,0.1773165464401245,0.05608675256371498,0.028257152065634727
4595,-13.6449,-9.5855,-23.2305,-12.0938,-9.6562,0.0,0.0,0.9998779892921448,0.6037245392799377,0.9843639135360718,0.11755233258008957,0.999627947807312,0.6372045874595642,0.17949315905570984,0.0546875,0.02413712628185749
4600,-13.7676,-9.7422,-23.5098,-12.2266,-10.0,0.0,0.0,0.9997488856315613,0.5605965256690979,0.9832298159599304,0.11772666126489639,1.0,0.6191697716712952,0.1850513070821762,0.0625777393579483,0.028723569586873055
4605,-13.6949,-9.5734,-23.2684,-12.4062,-9.4297,0.0,0.0,0.9998776316642761,0.612937867641449,0.9826464056968689,0.09531013667583466,1.0,0.635222315788269,0.18085354566574097,0.053754664957523346,0.02569185383617878
4610,-13.1754,-9.8836,-23.059,-11.0625,-9.9609,0.0,0.0,0.9998211860656738,0.5483320951461792,0.9816949367523193,0.09117647260427475,0.9970238208770752,0.6521299481391907,0.15963153541088104,0.05733053386211395,0.026430347934365273
4615,-13.6953,-9.8059,-23.5012,-11.7812,-9.6484,0.0,0.0,0.9996246695518494,0.5490995049476624,0.981908917427063,0.13197968900203705,1.0,0.6213075518608093,0.18128108978271484,0.06230565905570984,0.030628109350800514
4620,-13.3164,-9.7996,-23.116,-11.2578,-9.9688,0.0,0.0,0.9998803734779358,0.5742952823638916,0.9724576473236084,0.0778859555721283,0.9992559552192688,0.6498367786407471,0.16270211338996887,0.05503731220960617,0.02794620580971241
4625,-13.8066,-9.6441,-23.4508,-12.2969,-9.5078,0.0,0.0,0.9999377131462097,0.5898994207382202,0.9825970530509949,0.08123249560594559,0.999627947807312,0.6242226362228394,0.18547885119915009,0.058069031685590744,0.02775186486542225
4630,-13.4305,-9.691,-23.1215,-11.5391,-9.7812,0.0,0.0,0.9996399283409119,0.5929694771766663,0.9800000190734863,0.07668711990118027,0.9985119104385376,0.6476989984512329,0.16806592047214508,0.054415423423051834,0.02534203976392746
4635,-13.6242,-9.7008,-23.325,-11.75,-9.4766,0.0,0.0,0.9997547268867493,0.5945587158203125,0.9733242392539978,0.06141522154211998,0.9988839030265808,0.6338619589805603,0.17572294175624847,0.05682525038719177,0.029112251475453377
4640,-13.5586,-9.8145,-23.373,-11.7344,-9.6719,0.0,0.0,0.999754786491394,0.567251443862915,0.9796748161315918,0.05576208233833313,1.0,0.633978545665741,0.17280784249305725,0.057369403541088104,0.031366605311632156
4645,-13.5734,-9.7754,-23.3488,-11.6016,-9.8438,0.0,0.0,0.9998769760131836,0.5639894008636475,0.9790986180305481,0.08647140860557556,0.999627947807312,0.6319962739944458,0.17615050077438354,0.05950715020298958,0.027868470177054405
4650,-13.4816,-9.7129,-23.1945,-11.8984,-9.625,0.0,0.0,0.9996365904808044,0.5906009674072266,0.9748427867889404,0.0683506652712822,1.0,0.6417133212089539,0.1720304787158966,0.055620335042476654,0.026158271357417107
4655,-13.4512,-9.9625,-23.4137,-11.5312,-9.6797,0.0,0.0,0.9995059967041016,0.5485270619392395,0.9610062837600708,0.04794520512223244,1.0,0.6294698119163513,0.17020367085933685,0.06180037185549736,0.03404850885272026
4660,-13.3973,-10.0879,-23.4852,-11.5312,-9.6328,0.0,0.0,0.999381422996521,0.5105789303779602,0.9689781069755554,0.049515608698129654,1.0,0.6283426880836487,0.16717195510864258,0.06389925628900528,0.03610851988196373
4665,-13.107,-10.1223,-23.2293,-11.0859,-9.9844,0.0,0.0,0.9996384382247925,0.4863237142562866,0.9712746739387512,0.039240505546331406,1.0,0.6449782252311707,0.15488961338996887,0.06494869291782379,0.03070584498345852
4670,-13.4262,-9.8672,-23.2934,-11.8828,-9.8906,0.0,0.0,0.9996336698532104,0.5464106202125549,0.9758729934692383,0.06171108037233353,1.0,0.6365827322006226,0.1700093299150467,0.06121734902262688,0.027712997049093246
4675,-13.4289,-10.0551,-23.484,-11.625,-9.8438,0.0,0.0,0.9998138546943665,0.5034309029579163,0.980553925037384,0.048009369522333145,1.0,0.6264381408691406,0.1699315905570984,0.06595926731824875,0.03319340944290161
4680,-13.6703,-9.8746,-23.5449,-11.6875,-9.5078,0.0,0.0,0.999811053276062,0.54910808801651,0.9797618985176086,0.06137184053659439,0.9988839030265808,0.6170709133148193,0.18085354566574097,0.06529850512742996,0.03229944035410881
4685,-13.6875,-9.6902,-23.3777,-12.0938,-9.6328,0.0,0.0,0.9997522234916687,0.5814102292060852,0.9844458699226379,0.07111111283302307,0.9985119104385376,0.627409815788269,0.18190298974514008,0.059973571449518204,0.02623600699007511
4690,-13.1434,-10.0191,-23.1625,-11.1562,-9.7031,0.0,0.0,0.9992192387580872,0.532413125038147,0.9643765687942505,0.017105262726545334,0.9992559552192688,0.6471937298774719,0.15768812596797943,0.06110074743628502,0.0295398011803627
4695,-13.5563,-9.9645,-23.5207,-11.6719,-9.6562,0.0,0.0,0.9998124241828918,0.5422940850257874,0.9774527549743652,0.028058361262083054,0.999627947807312,0.6215795874595642,0.1755286008119583,0.06378264725208282,0.034631531685590744
4700,-13.4641,-9.884,-23.348,-11.7344,-9.625,0.0,0.0,0.9998769164085388,0.5539259910583496,0.9836990833282471,0.019556714221835136,0.999627947807312,0.6314521431922913,0.17226368188858032,0.06199471279978752,0.029811877757310867
4705,-13.7496,-9.6199,-23.3695,-12.3438,-9.5781,0.0,0.0,0.9996894598007202,0.602556049823761,0.9797782301902771,0.025316456332802773,0.9992559552192688,0.6258550882339478,0.18551772832870483,0.05958488956093788,0.024564675986766815
4710,-13.5813,-9.5805,-23.1617,-11.7734,-9.5469,0.0,0.0,0.9997590184211731,0.6234872341156006,0.9755374193191528,0.011128775775432587,0.999627947807312,0.6452114582061768,0.1734297275543213,0.05243314802646637,0.024448072537779808
4715,-13.6402,-9.7848,-23.425,-12.1406,-9.7266,0.0,0.0,0.999690055847168,0.5741668343544006,0.97567218542099,0.01989389955997467,0.9992559552192688,0.6270599961280823,0.17844371497631073,0.0607120655477047,0.029306592419743538
4720,-13.2496,-9.9789,-23.2285,-11.2266,-9.8672,0.0,0.0,0.9995166063308716,0.5410072207450867,0.9668616056442261,0.02557544782757759,0.9992559552192688,0.6432291865348816,0.16208022832870483,0.059818096458911896,0.03039490059018135
4725,-13.073,-10.0625,-23.1355,-11.1094,-9.7969,0.0,0.0,0.9997606873512268,0.5120360851287842,0.9772151708602905,0.02242744155228138,0.9992559552192688,0.6496424078941345,0.15500621497631073,0.06141168996691704,0.029462065547704697
4730,-13.3895,-9.9664,-23.3559,-11.375,-9.7578,0.0,0.0,0.9996936917304993,0.5323220491409302,0.9649446606636047,0.045962732285261154,0.999627947807312,0.634483814239502,0.16655005514621735,0.06319962441921234,0.03128886967897415
4735,-13.2434,-10.016,-23.2594,-11.0781,-9.7422,0.0,0.0,0.9998182058334351,0.5305629372596741,0.9689676761627197,0.029197080060839653,0.9992559552192688,0.6413246393203735,0.16087530553340912,0.061372824013233185,0.03194962814450264
4740,-13.4879,-9.7977,-23.2855,-12.0469,-9.4922,0.0,0.0,0.9996954798698425,0.5684354305267334,0.97826087474823,0.07926023751497269,0.9992559552192688,0.638215184211731,0.17067009210586548,0.057213928550481796,0.029423195868730545
4745,-13.4066,-9.7223,-23.1289,-11.8594,-9.8906,0.0,0.0,0.9996995329856873,0.5859501957893372,0.9716066718101501,0.07610350102186203,1.0,0.646766185760498,0.16709421575069427,0.05612562224268913,0.02553638070821762
4750,-14.0906,-9.4863,-23.577,-12.5,-9.5938,0.0,0.0,0.9994286894798279,0.6232768893241882,0.9866755604743958,0.052259888499975204,0.999627947807312,0.61229008436203,0.19737251102924347,0.05834110826253891,0.027518656104803085
4755,-14.2016,-9.4566,-23.6582,-12.1406,-9.5391,0.0,0.0,0.9998711347579956,0.6267897486686707,0.9855263233184814,0.053701017051935196,0.999627947807312,0.6033504605293274,0.20631219446659088,0.0590796023607254,0.026780162006616592
4760,-13.377,-9.7629,-23.1398,-11.6797,-9.7812,0.0,0.0,0.9995180368423462,0.5755962133407593,0.9837947487831116,0.04828660562634468,0.999627947807312,0.6451337337493896,0.16787157952785492,0.057563744485378265,0.024953357875347137
4765,-13.5172,-9.7531,-23.2703,-11.7656,-9.7734,0.0,0.0,0.9996946454048157,0.5795480012893677,0.9852051138877869,0.0535966157913208,0.9988839030265808,0.6364660859107971,0.17370180785655975,0.05779695138335228,0.027557525783777237
4770,-13.3879,-9.8066,-23.1945,-11.2578,-9.8047,0.0,0.0,0.9993979930877686,0.5774117708206177,0.9715869426727295,0.029891304671764374,1.0,0.6456390023231506,0.1651896834373474,0.05608675256371498,0.028606964275240898
4775,-14.2684,-9.3617,-23.6301,-12.3672,-9.4141,0.0,0.0,0.9996793270111084,0.6445070505142212,0.9808743000030518,0.05000000074505806,1.0,0.6059934496879578,0.20697294175624847,0.05690298601984978,0.025652984157204628
4780,-14.0895,-9.4254,-23.5148,-12.4766,-9.5,0.0,0.0,0.9996206164360046,0.6413766145706177,0.9902912378311157,0.028358209878206253,0.9985119104385376,0.6146610975265503,0.19877175986766815,0.05604788661003113,0.02604166604578495
4785,-14.634,-9.084,-23.718,-13.5625,-9.1094,0.0018,0.0,0.9998698234558105,0.68858802318573,0.988994836807251,0.03980891779065132,1.0,0.5970926880836487,0.22104321420192719,0.0529773011803627,0.024409204721450806
4790,-14.3422,-9.3277,-23.6699,-13.1484,-9.1875,0.0165,0.0,0.9996774196624756,0.6472222208976746,0.9898098111152649,0.053811658173799515,1.0,0.6024175882339478,0.2098880559206009,0.057213928550481796,0.026002798229455948
4795,-14.2324,-9.2906,-23.523,-13.0156,-9.2188,0.0194,0.0,0.9998087882995605,0.6640375852584839,0.9922096133232117,0.022875817492604256,1.0,0.609880268573761,0.20697294175624847,0.05488184094429016,0.02378731407225132
4800,-14.0023,-9.3898,-23.3922,-13.0078,-9.2578,0.0216,0.0,0.9999377727508545,0.6510080695152283,0.9889461994171143,0.029411764815449715,1.0,0.6248834133148193,0.1927860677242279,0.05274409055709839,0.025108831003308296
4805,-14.023,-9.3883,-23.4113,-12.8906,-9.3281,0.0254,0.0,0.999686598777771,0.6538766026496887,0.9935483932495117,0.017350157722830772,0.9992559552192688,0.6201415061950684,0.19651740789413452,0.05422108247876167,0.02464241348206997
4810,-14.1945,-9.4215,-23.616,-12.8906,-9.5625,0.0234,0.0,0.9996806979179382,0.637636661529541,0.9877634048461914,0.02582496404647827,0.999627947807312,0.6086364984512329,0.20261971652507782,0.05717506259679794,0.02709110639989376
4815,-14.6027,-9.225,-23.8277,-13.2578,-9.1797,0.0273,0.0,0.9999339580535889,0.6575174927711487,0.993446946144104,0.0334855392575264,1.0,0.588347315788269,0.2223258763551712,0.05931280925869942,0.02553638070821762
4820,-14.2027,-9.3758,-23.5785,-12.5547,-9.5547,0.04,0.0,0.9998092651367188,0.6458132863044739,0.9861687421798706,0.014970059506595135,1.0,0.6114349961280823,0.20192009210586548,0.05620335787534714,0.025963930413126945
4825,-14.2898,-9.3879,-23.6777,-12.8594,-9.7188,0.0412,0.0,0.9996782541275024,0.6374038457870483,0.9859719276428223,0.0223214291036129,1.0,0.6040111780166626,0.20720615983009338,0.0581856332719326,0.026119403541088104
4830,-13.9668,-9.4914,-23.4582,-12.2891,-9.5938,0.0426,0.0,0.9997494220733643,0.6333802938461304,0.9860041737556458,0.016129031777381897,0.999627947807312,0.6204135417938232,0.19305814802646637,0.05554259940981865,0.026508085429668427
4835,-14.1789,-9.4293,-23.6082,-13.0938,-9.2969,0.0434,0.0,0.99974524974823,0.6411844491958618,0.9902845025062561,0.01504787988960743,1.0,0.6102689504623413,0.20083178579807281,0.056009016931056976,0.028412625193595886
4840,-14.018,-9.443,-23.4609,-12.875,-9.4062,0.0476,0.0,0.9997497797012329,0.6370757222175598,0.9845288395881653,0.013782542198896408,0.999627947807312,0.6213464140892029,0.193524569272995,0.05527052283287048,0.025380907580256462
4845,-14.0797,-9.3805,-23.4602,-12.9688,-9.6172,0.0478,0.0,0.9997491240501404,0.6519075036048889,0.9863210916519165,0.015432098880410194,0.9992559552192688,0.6197139024734497,0.19663402438163757,0.05398787185549736,0.0251865666359663
4850,-13.9477,-9.5027,-23.4504,-12.1406,-9.2812,0.0504,0.0,0.9998115301132202,0.6284283995628357,0.9904696941375732,0.018209408968687057,1.0,0.6186645030975342,0.19414645433425903,0.05709732696413994,0.025614116340875626
4855,-14.1754,-9.3449,-23.5203,-13.0703,-9.3438,0.0526,0.0,0.9997474551200867,0.657270610332489,0.9820659756660461,0.019607843831181526,0.9988839030265808,0.6156327724456787,0.19993780553340912,0.05418221279978752,0.025769589468836784
4860,-13.8383,-9.7145,-23.5527,-12.0078,-9.6641,0.0496,0.0,0.9999368190765381,0.5794026851654053,0.988257110118866,0.02288021519780159,1.0,0.6150497794151306,0.18870490789413452,0.06288868188858032,0.028879042714834213
4865,-13.7598,-9.6313,-23.391,-12.1562,-9.6016,0.0457,0.0,0.9998137950897217,0.6043817400932312,0.9846768975257874,0.008823529817163944,0.999627947807312,0.6262437701225281,0.18450714647769928,0.05834110826253891,0.026430347934365273
4870,-13.7312,-9.6109,-23.3422,-12.5,-9.7578,0.0393,0.0,0.9997540712356567,0.6075187921524048,0.9895543456077576,0.01751824840903282,0.999627947807312,0.63215172290802,0.18093128502368927,0.055814675986766815,0.026624688878655434
4875,-14.0059,-9.4051,-23.4109,-12.5547,-9.25,0.0378,0.0,0.9995000958442688,0.6466240286827087,0.9858457446098328,0.019417475908994675,1.0,0.6220071315765381,0.1945739984512329,0.05492071062326431,0.024020522832870483
4880,-13.6379,-9.5961,-23.234,-11.9922,-9.5078,0.0341,0.0,0.9999392628669739,0.6150802373886108,0.987627387046814,0.012269938364624977,0.9992559552192688,0.63996422290802,0.17681126296520233,0.05340484902262688,0.02534203976392746
4885,-14.2324,-9.4664,-23.6988,-12.7969,-9.2109,0.0281,0.0,0.9997437596321106,0.6228846311569214,0.985953152179718,0.024556616321206093,1.0,0.606809675693512,0.20211443305015564,0.0581078976392746,0.02849036082625389
4890,-13.2887,-9.9359,-23.2246,-11.0938,-9.8984,0.0247,0.0,0.9997587203979492,0.5437171459197998,0.9755936861038208,0.01715039648115635,0.999627947807312,0.6444340944290161,0.16270211338996887,0.05892413109540939,0.029462065547704697
4895,-13.1305,-9.9711,-23.1016,-11.0859,-10.1016,0.0084,0.0,0.9995235800743103,0.5315631031990051,0.9841688871383667,0.029729729518294334,0.9992559552192688,0.65267413854599,0.15516169369220734,0.05892413109540939,0.028762437403202057
4900,-13.5992,-9.7625,-23.3617,-11.9531,-9.75,0.0,0.0,0.9995085597038269,0.5724092125892639,0.9855832457542419,0.02361111156642437,0.9992559552192688,0.6326959133148193,0.1755286008119583,0.05931280925869942,0.02798507548868656
4905,-13.5773,-9.7887,-23.366,-11.7031,-9.8047,0.0,0.0,0.9997534155845642,0.5736263990402222,0.9850162863731384,0.017687074840068817,0.9988839030265808,0.6304415464401245,0.1768501251935959,0.059662625193595886,0.028568096458911896
4910,-13.7227,-9.8086,-23.5312,-11.9688,-9.6484,0.0,0.0,0.9998123049736023,0.5611015558242798,0.9863269329071045,0.02244389057159424,0.999627947807312,0.6211520433425903,0.1806592047214508,0.06253886967897415,0.031172264367341995
4915,-13.809,-9.5996,-23.4086,-12.0859,-9.4375,0.0,0.0,0.9998140335083008,0.6041666865348816,0.9904631972312927,0.03206996992230415,0.9981398582458496,0.6270988583564758,0.18470148742198944,0.05705845728516579,0.026663556694984436
4920,-13.2348,-10.1047,-23.3395,-10.875,-10.0312,0.0,0.0,0.9998778104782104,0.49267706274986267,0.9934718012809753,0.014545454643666744,1.0,0.6360774040222168,0.16188588738441467,0.06549284607172012,0.0320662297308445
4925,-13.0285,-10.2723,-23.3008,-10.8281,-10.1484,0.0,0.0,0.9999390840530396,0.4461308717727661,0.994397759437561,0.013365735299885273,1.0,0.6379430890083313,0.15621113777160645,0.06937966495752335,0.03198849409818649
4930,-12.7488,-10.4391,-23.1879,-10.4375,-10.1094,0.0,0.0,0.9999401569366455,0.39295467734336853,0.9900055527687073,0.01501154713332653,1.0,0.6495258212089539,0.1423352062702179,0.07000155746936798,0.03365982696413994
4935,-13.2719,-10.3879,-23.6598,-10.6406,-10.0547,0.0,0.0,0.999936580657959,0.4191742539405823,0.997996985912323,0.032290615141391754,1.0,0.6127565503120422,0.16662779450416565,0.07761971652507782,0.03851834684610367
4940,-13.1051,-10.1309,-23.2359,-10.7266,-9.9297,0.0,0.0,0.9998796582221985,0.48615697026252747,0.994437575340271,0.034522440284490585,1.0,0.6458333134651184,0.15302394330501556,0.06288868188858032,0.033776428550481796
4945,-13.2402,-10.0328,-23.273,-11.0,-10.0625,0.0,0.0,0.9997561573982239,0.507483959197998,0.9969696998596191,0.04774193465709686,0.999627947807312,0.6376709938049316,0.16359607875347137,0.064132459461689,0.030122824013233185
4950,-13.1258,-10.0625,-23.1883,-11.1172,-9.9219,0.0,0.0,0.9999399781227112,0.5129429697990417,0.9967679381370544,0.02237926982343197,1.0,0.6477378606796265,0.15465641021728516,0.06012904271483421,0.03299906849861145
4955,-13.0605,-10.3078,-23.3684,-10.6953,-10.0625,0.0,0.0,0.9995714426040649,0.44157472252845764,0.9955431818962097,0.029284164309501648,1.0,0.6349113583564758,0.15500621497631073,0.06976834684610367,0.035836443305015564
4960,-13.3703,-10.0727,-23.443,-11.4844,-10.0781,0.0,0.0,0.999876081943512,0.5048476457595825,0.9941245317459106,0.028901733458042145,0.9988839030265808,0.6273709535598755,0.1683768630027771,0.06615360826253891,0.03362095728516579
4965,-13.2793,-10.0449,-23.3242,-10.9609,-9.9766,0.0,0.0,0.9994495511054993,0.49928808212280273,0.9964747428894043,0.03100775182247162,1.0,0.6354944109916687,0.16379041969776154,0.06615360826253891,0.030083954334259033
4970,-13.118,-10.1461,-23.2641,-11.2812,-9.9922,0.0,0.0,0.9998791813850403,0.4672827124595642,0.9940511584281921,0.04732254147529602,1.0,0.6433457732200623,0.15562811493873596,0.06533737480640411,0.031211132183670998
4975,-13.1449,-10.2023,-23.3473,-10.7031,-10.0234,0.0,0.0,0.9998171329498291,0.4605686068534851,0.9970622658729553,0.057367827743291855,0.999627947807312,0.6375932693481445,0.1572217047214508,0.06615360826253891,0.03455379232764244
4980,-13.5348,-10.0496,-23.5844,-10.9609,-9.8359,0.0,0.0,0.9994335770606995,0.4859544336795807,0.9967014789581299,0.06411837041378021,0.9988839030265808,0.6175761818885803,0.17572294175624847,0.07070118188858032,0.031522076576948166
4985,-13.3684,-10.0086,-23.377,-10.7188,-9.9453,0.0,0.0,0.9998767375946045,0.5103224515914917,0.9988088011741638,0.060753341764211655,0.999627947807312,0.6307136416435242,0.1675606369972229,0.06525964289903641,0.03198849409818649
4990,-13.1871,-10.1508,-23.3379,-10.9766,-9.9219,0.0,0.0,0.9998173117637634,0.4859536588191986,0.9939283728599548,0.04148471727967262,1.0,0.6381763219833374,0.15772698819637299,0.06401585787534714,0.03560323268175125
4995,-13.4047,-10.1023,-23.507,-11.7266,-10.0156,0.0,0.0,0.9997518062591553,0.48633626103401184,0.9970879554748535,0.0394144132733345,1.0,0.6264381408691406,0.16783271729946136,0.0667366310954094,0.03451492637395859
5000,-13.1117,-10.1141,-23.2258,-11.1797,-9.9141,0.0,0.0,1.0,0.47805720567703247,0.9958702325820923,0.05591677501797676,1.0,0.6421020030975342,0.15764924883842468,0.06588152796030045,0.02988961525261402
