it,s,o,w,s20,o20,lam_s,lam_c,pCC,pCD,pDC,pDD,pSTART,vCC,vCD,vDC,vDD
0,-20.8727,-12.2418,-33.1145,-24.4062,-10.5781,0.5,0.5,0.48733624815940857,0.49024444818496704,0.5108225345611572,0.4952740967273712,0.4613095223903656,0.08900808542966843,0.34662625193595886,0.08978544920682907,0.3701026141643524
5,-20.5715,-12.1059,-32.6773,-24.7656,-9.5078,1.0189,0.0,0.5247706174850464,0.4891424775123596,0.4896969795227051,0.4988654553890228,0.6171875,0.10591573268175125,0.3508239984512329,0.09619869291782379,0.34258395433425903
10,-21.2734,-11.4812,-32.7547,-25.0156,-9.3359,1.194,0.0,0.5928338766098022,0.5373533368110657,0.49694404006004333,0.49834078550338745,0.554315447807312,0.0954601988196373,0.37772077322006226,0.08267257362604141,0.3396688401699066
15,-20.4051,-12.8582,-33.2633,-23.7969,-11.7266,1.3624,0.0,0.5015357732772827,0.4621650278568268,0.45398059487342834,0.4487905204296112,0.5148809552192688,0.08858053386211395,0.3292521834373474,0.10008551180362701,0.3776041567325592
20,-19.3859,-14.9316,-34.3176,-23.0312,-13.1406,1.5054,0.0,0.38270142674446106,0.3737945854663849,0.3423878848552704,0.3557882010936737,0.3660714328289032,0.06560945510864258,0.2539256811141968,0.12305659055709839,0.45293065905570984
25,-18.2145,-17.3145,-35.5289,-21.5469,-16.1328,1.6097,0.0,0.250229150056839,0.2304147481918335,0.22024771571159363,0.24181360006332397,0.2916666567325592,0.04240516200661659,0.16868780553340912,0.14435634016990662,0.5400730967521667
30,-17.6875,-17.9676,-35.6551,-22.0,-15.1562,1.6977,0.0,0.190522238612175,0.2085040956735611,0.19660432636737823,0.21712495386600494,0.2648809552192688,0.040189675986766815,0.15174129605293274,0.1579602062702179,0.5456312298774719
35,-17.3344,-18.0961,-35.4305,-21.4062,-16.1094,1.7931,0.0,0.2048903852701187,0.21149788796901703,0.2109839767217636,0.20953841507434845,0.3035714328289032,0.046097636222839355,0.1473880559206009,0.16985385119915009,0.5321828126907349
40,-18.4316,-16.3727,-34.8043,-22.4297,-14.0859,1.8863,0.0,0.33109918236732483,0.2925143837928772,0.2879868447780609,0.29892846941947937,0.2957589328289032,0.05799129232764244,0.20250311493873596,0.14171330630779266,0.4933146834373474
45,-19.1047,-15.5738,-34.6785,-22.8281,-13.6172,2.0,0.0,0.32058635354042053,0.32856422662734985,0.31228721141815186,0.31856247782707214,0.3958333432674408,0.06098414212465286,0.23091574013233185,0.12558302283287048,0.4780395030975342
50,-18.7828,-16.2621,-35.0449,-22.2969,-14.8203,2.0,0.0,0.32178932428359985,0.2845604717731476,0.27589285373687744,0.28635311126708984,0.3511904776096344,0.0538712702691555,0.20693407952785492,0.13059701025485992,0.5041200518608093
55,-17.341,-18.023,-35.3641,-21.0312,-16.7656,2.0,0.0,0.20303285121917725,0.2096354216337204,0.21449603140354156,0.22900426387786865,0.247023805975914,0.04613650590181351,0.1492537260055542,0.17160291969776154,0.5285292267799377
60,-18.0918,-16.7055,-34.7973,-21.5312,-15.6719,2.0,0.0,0.29359543323516846,0.29168373346328735,0.29458969831466675,0.27818840742111206,0.3035714328289032,0.06129508838057518,0.18975435197353363,0.1501477062702179,0.4943252503871918
65,-18.3086,-16.7547,-35.0633,-22.5156,-13.9609,2.0,0.0,0.2696709632873535,0.2822646200656891,0.2793235182762146,0.2683936357498169,0.3035714328289032,0.05433768779039383,0.19154228270053864,0.1424906700849533,0.50715172290802
70,-18.1688,-16.6078,-34.7766,-22.2891,-14.625,2.0,0.0,0.32464146614074707,0.286720335483551,0.2914062440395355,0.2783553898334503,0.3363095223903656,0.059623755514621735,0.19317474961280823,0.1492537260055542,0.493470162153244
75,-18.2004,-16.4156,-34.616,-22.0312,-14.8594,2.0,0.0,0.2980535328388214,0.30215153098106384,0.30899742245674133,0.30145546793937683,0.300595223903656,0.06389925628900528,0.20775030553340912,0.1511971354484558,0.4726756811141968
80,-18.873,-15.634,-34.507,-22.0312,-15.1406,2.0,0.0,0.35078534483909607,0.32825204730033875,0.3126852512359619,0.3189404606819153,0.4107142984867096,0.0668143630027771,0.22947761416435242,0.13114117085933685,0.4680892527103424
85,-18.6875,-16.4527,-35.1402,-22.25,-14.8438,2.0,0.0,0.28307464718818665,0.2757534086704254,0.2622804343700409,0.2884310483932495,0.3035714328289032,0.05258861929178238,0.19733364880084991,0.13055814802646637,0.5150420069694519
90,-17.743,-17.1641,-34.907,-22.2656,-14.2031,2.0,0.0,0.2721134424209595,0.2710804343223572,0.25844061374664307,0.26130416989326477,0.306547611951828,0.057563744485378265,0.18023166060447693,0.16002021729946136,0.4977067708969116
95,-17.4859,-18.3988,-35.8848,-21.2031,-16.6797,2.0,0.0,0.20020222663879395,0.2103116810321808,0.17772860825061798,0.18549828231334686,0.247023805975914,0.03844061121344566,0.13343438506126404,0.1581156700849533,0.5655317306518555
100,-16.4676,-19.873,-36.3406,-20.4219,-18.0078,2.0,0.0,0.0876132920384407,0.12539467215538025,0.11950863897800446,0.13081130385398865,0.1636904776096344,0.025730721652507782,0.08617071062326431,0.1866837739944458,0.5969371795654297
105,-16.1652,-20.3383,-36.5035,-20.4141,-18.1172,2.0,0.0,0.08211679011583328,0.0926620215177536,0.10019880533218384,0.10753446817398071,0.1577380895614624,0.021299751475453377,0.07256685197353363,0.19550684094429016,0.6061489582061768
110,-17.1281,-19.2199,-36.348,-21.3125,-16.4375,2.0,0.0,0.1740787774324417,0.15268898010253906,0.1447899341583252,0.15324100852012634,0.1488095223903656,0.030589241534471512,0.1033504381775856,0.16375155746936798,0.597831130027771
115,-17.0594,-18.9531,-36.0125,-20.8125,-17.25,2.0,0.0,0.18201754987239838,0.19030100107192993,0.16118721663951874,0.1636400669813156,0.2113095223903656,0.03544776141643524,0.1162157952785492,0.1702425330877304,0.5736162662506104
120,-17.2563,-18.85,-36.1063,-21.5625,-16.2188,2.0,0.0,0.20023418962955475,0.18310321867465973,0.15454545617103577,0.16853782534599304,0.1994047611951828,0.03319340944290161,0.11823693662881851,0.16246891021728516,0.5816231369972229
125,-17.593,-18.5691,-36.1621,-21.0469,-17.1328,2.0,0.0,0.19086651504039764,0.19370758533477783,0.1881515383720398,0.1682099848985672,0.2113095223903656,0.03319340944290161,0.12601056694984436,0.15286846458911896,0.5834499597549438
130,-18.2801,-16.957,-35.2371,-22.1406,-14.8984,2.0,0.0,0.246478870511055,0.24611784517765045,0.2574284076690674,0.27037951350212097,0.2797619104385376,0.04967350885272026,0.18271921575069427,0.143889918923378,0.5192397236824036
135,-19.4582,-14.9441,-34.4023,-22.6875,-14.0625,2.0,0.0,0.3459368050098419,0.351045697927475,0.3930145800113678,0.3544335663318634,0.363095223903656,0.06887438148260117,0.2508939802646637,0.11462219804525375,0.46113184094429016
140,-19.0652,-15.0293,-34.0945,-22.7812,-13.4531,2.0,0.0,0.3590836524963379,0.3738461434841156,0.3519687354564667,0.3632674813270569,0.3779761791229248,0.07295553386211395,0.25264304876327515,0.1293143630027771,0.4406094551086426
145,-21.5109,-10.5387,-32.0496,-25.3906,-8.3984,2.0,0.0,0.5911047458648682,0.5947438478469849,0.5640904903411865,0.5651546716690063,0.5892857313156128,0.10836442559957504,0.4081934094429016,0.08247823268175125,0.2964863181114197
150,-21.9523,-10.0133,-31.9656,-25.1875,-9.25,2.0,0.0,0.5802119970321655,0.6029249429702759,0.6014176607131958,0.6016790866851807,0.629092276096344,0.10999689251184464,0.42257463932037354,0.0712842047214508,0.2916666567325592
155,-21.4816,-10.8738,-32.3555,-25.125,-8.9297,2.0,0.0,0.59270179271698,0.5584568381309509,0.5427286624908447,0.5471187829971313,0.5963541865348816,0.10544931888580322,0.39594992995262146,0.07777518779039383,0.31634795665740967
160,-22.0387,-10.1031,-32.1418,-24.8984,-9.7109,2.0,0.0,0.6227288842201233,0.5843842625617981,0.6187050342559814,0.5789744257926941,0.6294642686843872,0.10910291969776154,0.41915422677993774,0.06483209133148193,0.3024331331253052
165,-22.1816,-10.2109,-32.3926,-24.9297,-9.7422,2.0,0.0,0.6164129376411438,0.563364565372467,0.6458616256713867,0.5677610635757446,0.6298363208770752,0.10467195510864258,0.41864892840385437,0.0572916679084301,0.31490981578826904
170,-22.7539,-8.6176,-31.3715,-25.1484,-9.1406,2.0,0.0,0.7122256755828857,0.6697670817375183,0.7157894968986511,0.6206247210502625,0.702752947807312,0.12398942559957504,0.47220927476882935,0.05169465020298958,0.2476290464401245
175,-23.0754,-8.6566,-31.732,-25.6094,-8.2656,2.0,0.0,0.7777777910232544,0.6681416034698486,0.7091787457466125,0.5749148726463318,0.6536458134651184,0.11578824371099472,0.4655628204345703,0.04022854566574097,0.2739427983760834
180,-23.3,-8.1664,-31.4664,-24.5,-10.5312,2.0,0.0,0.7868958711624146,0.6799041032791138,0.721615731716156,0.6117070317268372,0.7142857313156128,0.11983053386211395,0.48643502593040466,0.03560323268175125,0.2536536157131195
185,-24.2129,-6.7355,-30.9484,-24.7031,-10.1719,2.0,0.0,0.863821804523468,0.7555412650108337,0.7854477763175964,0.6368411183357239,0.7570684552192688,0.12387282401323318,0.5436100959777832,0.02083333395421505,0.20720615983009338
190,-22.9133,-8.3457,-31.259,-23.7266,-11.6094,2.0,0.0,0.7892351150512695,0.6853508353233337,0.7306910753250122,0.6008515954017639,0.6941964030265808,0.1372046023607254,0.47360852360725403,0.0382462702691555,0.24646300077438354
195,-22.3023,-9.809,-32.1113,-23.9766,-11.3906,2.0,0.0,0.7391583919525146,0.6114317774772644,0.6796280741691589,0.51624596118927,0.6517857313156128,0.12099657952785492,0.41752177476882935,0.0459810309112072,0.3110229969024658
200,-22.3469,-9.4938,-31.8406,-24.0781,-11.1172,2.0,0.0,0.7126830816268921,0.6175177097320557,0.7056962251663208,0.5748922228813171,0.6428571343421936,0.12472791969776154,0.4331079125404358,0.04912935197353363,0.2885572016239166
205,-21.0961,-11.632,-32.7281,-23.2266,-12.5625,2.0,0.0,0.6071913242340088,0.5118919014930725,0.6102620363235474,0.4793562591075897,0.5625,0.1145833358168602,0.3595304787158966,0.0712064653635025,0.35020211338996887
210,-20.668,-12.9008,-33.5687,-22.4688,-14.3594,2.0,0.0,0.6031872630119324,0.4510800540447235,0.551275372505188,0.3940776586532593,0.4906994104385376,0.09755907952785492,0.3058924078941345,0.07466573268175125,0.4174051582813263
215,-19.8613,-14.2668,-34.1281,-22.375,-14.4062,2.0,0.0,0.4684287905693054,0.3746175169944763,0.4217424690723419,0.37556326389312744,0.3999255895614624,0.07940764725208282,0.2667521834373474,0.10082400590181351,0.44853857159614563
220,-18.7297,-15.7121,-34.4418,-22.7656,-13.5312,2.0,0.0,0.34665966033935547,0.30239051580429077,0.32436472177505493,0.3339136242866516,0.3813244104385376,0.0738883689045906,0.22275342047214508,0.13001398742198944,0.46886661648750305
225,-18.0172,-15.8715,-33.8887,-21.8906,-14.625,2.0,0.0,0.35914552211761475,0.31146666407585144,0.36882323026657104,0.3358832895755768,0.4029017984867096,0.08733675628900528,0.21863339841365814,0.1525963991880417,0.43695583939552307
230,-18.1223,-16.8977,-35.0199,-21.8906,-15.3984,2.0,0.0,0.2804551422595978,0.2501603662967682,0.3005290925502777,0.2702268958091736,0.2838541567325592,0.058069031685590744,0.18178637325763702,0.14692163467407227,0.5087453126907349
235,-17.7691,-18.0211,-35.7902,-21.7734,-15.6094,2.0,0.0,0.24932736158370972,0.21374261379241943,0.21417364478111267,0.2013745754957199,0.2317708283662796,0.043337997049093246,0.1380208283662796,0.14863184094429016,0.5655317306518555
240,-18.5816,-16.75,-35.3316,-22.3906,-14.4453,2.0,0.0,0.30075186491012573,0.236028790473938,0.2892835736274719,0.26097774505615234,0.3136160671710968,0.05169465020298958,0.18361318111419678,0.12912002205848694,0.5310945510864258
245,-18.1535,-16.7555,-34.909,-21.4688,-15.9844,2.0,0.0,0.3233376741409302,0.2589324116706848,0.2905800938606262,0.2789650559425354,0.2957589328289032,0.059623755514621735,0.1805814653635025,0.1460665464401245,0.5092506408691406
250,-18.0457,-17.134,-35.1797,-21.7656,-15.5547,2.0,0.0,0.2789880633354187,0.23888267576694489,0.2968254089355469,0.24794192612171173,0.2924107015132904,0.05530938878655434,0.17393501102924347,0.14692163467407227,0.519356369972229
255,-18.6559,-16.0484,-34.7043,-22.3047,-14.3828,2.0,0.0,0.32563942670822144,0.2980822026729584,0.31193727254867554,0.3133637011051178,0.3229166567325592,0.06230565905570984,0.2128031700849533,0.13382306694984436,0.4865904748439789
260,-19.5312,-14.634,-34.1652,-23.1641,-12.6406,2.0,0.0,0.3788955807685852,0.38166120648384094,0.35531628131866455,0.35309433937072754,0.4854910671710968,0.07108986377716064,0.26111629605293274,0.11551617085933685,0.44780007004737854
265,-19.1512,-15.4129,-34.5641,-23.7812,-11.8984,2.0,0.0,0.30444785952568054,0.35857951641082764,0.26229041814804077,0.3421918451786041,0.3805803656578064,0.05068407952785492,0.24735696613788605,0.13677705824375153,0.4607042968273163
270,-18.2977,-15.9281,-34.2258,-22.8359,-12.8984,2.0,0.0,0.3116646409034729,0.3562678396701813,0.2689655125141144,0.3381098806858063,0.355654776096344,0.06397698819637299,0.2316153645515442,0.1578047275543213,0.4421253204345703
275,-19.8281,-14.3285,-34.1566,-25.6797,-8.0547,2.0,0.0,0.3020913898944855,0.43798038363456726,0.2727544903755188,0.39823251962661743,0.3802083432674408,0.05017879232764244,0.29329913854599,0.12981964647769928,0.42222481966018677
280,-18.3313,-16.025,-34.3563,-24.5469,-9.5,2.0,0.0,0.2575976848602295,0.3867338299751282,0.22786612808704376,0.3291557729244232,0.347842276096344,0.053715795278549194,0.23145988583564758,0.16375155746936798,0.446595162153244
285,-17.8145,-16.4117,-34.2262,-24.5,-9.4531,2.0,0.0,0.2674074172973633,0.39782533049583435,0.20269133150577545,0.32271096110343933,0.331845223903656,0.05247201398015022,0.22520211338996887,0.18485696613788605,0.43299129605293274
290,-18.5129,-16.2805,-34.7934,-24.4375,-10.1641,2.0,0.0,0.2700871229171753,0.37886908650398254,0.19141104817390442,0.30422258377075195,0.2972470223903656,0.04015081003308296,0.224774569272995,0.15838775038719177,0.47220927476882935
295,-18.2313,-17.0453,-35.2766,-23.7344,-11.5938,2.0,0.0,0.21559074521064758,0.3384068012237549,0.14932562410831451,0.26998770236968994,0.245163694024086,0.03191075846552849,0.19663402438163757,0.1613806039094925,0.5055969953536987
300,-16.7086,-18.1934,-34.902,-22.7031,-12.9766,2.0,0.0,0.19740048050880432,0.28330856561660767,0.19136634469032288,0.2425687462091446,0.21875,0.047846704721450806,0.15694962441921234,0.20168687403202057,0.48903918266296387
305,-18.2398,-16.7141,-34.9539,-22.75,-13.5859,2.0,0.0,0.2463054209947586,0.30862534046173096,0.20918622612953186,0.29004910588264465,0.3110119104385376,0.04734141752123833,0.20188121497631073,0.15570583939552307,0.49059391021728516
310,-18.7766,-15.8797,-34.6562,-24.2891,-10.6484,2.0,0.0,0.30378657579421997,0.3791895806789398,0.21556580066680908,0.32776618003845215,0.3013392984867096,0.0451648011803627,0.23309235274791718,0.15181903541088104,0.46544620394706726
315,-19.6156,-14.7348,-34.3504,-24.8906,-9.4453,2.0,0.0,0.2920711934566498,0.4184228777885437,0.25132429599761963,0.37808024883270264,0.3642113208770752,0.04804104566574097,0.2784903645515442,0.1320739984512329,0.4369169771671295
320,-19.1184,-15.0707,-34.1891,-24.3359,-10.6016,2.0,0.0,0.2959522306919098,0.40181764960289,0.2842569649219513,0.36939433217048645,0.3660714328289032,0.058574315160512924,0.260883092880249,0.14097481966018677,0.43509018421173096
325,-19.9805,-14.1551,-34.1355,-23.9844,-11.3516,2.0,0.0,0.32630905508995056,0.4041661024093628,0.33656740188598633,0.40903353691101074,0.4010416567325592,0.060867536813020706,0.2873522937297821,0.11617692559957504,0.43112561106681824
330,-20.843,-11.7703,-32.6133,-24.8672,-9.5156,2.0,0.0,0.5,0.5307902693748474,0.4831683039665222,0.524162232875824,0.5498511791229248,0.09693718701601028,0.3698694109916687,0.0981421023607254,0.330573707818985
335,-19.4621,-14.4992,-33.9613,-24.8984,-9.5,2.0,0.0,0.3444444537162781,0.40459513664245605,0.3119720220565796,0.4122038781642914,0.3668154776096344,0.06296642124652863,0.2774409055709839,0.13343438506126404,0.42168065905570984
340,-19.2145,-14.718,-33.9324,-24.7188,-9.5312,2.0,0.0,0.32282111048698425,0.39700427651405334,0.3245390057563782,0.40005576610565186,0.378720223903656,0.0677860677242279,0.2724657952785492,0.13701026141643524,0.41826024651527405
345,-20.1477,-13.1656,-33.3133,-25.0859,-9.0781,2.0,0.0,0.3751333951950073,0.48753786087036133,0.3652007579803467,0.46303749084472656,0.4683779776096344,0.0728389322757721,0.3337220251560211,0.12196828424930573,0.36699315905570984
350,-19.107,-14.4594,-33.5664,-24.7734,-9.0938,2.0,0.0,0.3476323187351227,0.4663871228694916,0.29960885643959045,0.3990216553211212,0.4196428656578064,0.06976834684610367,0.2873522937297821,0.14905938506126404,0.389342337846756
355,-19.8434,-13.6102,-33.4535,-25.7578,-7.7578,2.0,0.0,0.3686131238937378,0.5149217247962952,0.2837953567504883,0.4297911822795868,0.4389880895614624,0.06389925628900528,0.3177860677242279,0.13599969446659088,0.3778373897075653
360,-20.0406,-13.8227,-33.8633,-25.5,-8.3203,2.0,0.0,0.35037490725517273,0.49101346731185913,0.2755514085292816,0.40582093596458435,0.4107142984867096,0.057019591331481934,0.31141167879104614,0.12511660158634186,0.40197449922561646
365,-19.752,-13.8914,-33.6434,-25.0,-9.1328,2.0,0.0,0.33524683117866516,0.4619928002357483,0.31928980350494385,0.42249926924705505,0.453125,0.0677083358168602,0.30270522832870483,0.1291588991880417,0.39594992995262146
370,-19.3023,-14.6523,-33.9547,-24.2734,-10.5625,2.0,0.0,0.32374101877212524,0.4280005395412445,0.269696980714798,0.39448419213294983,0.4014136791229248,0.059429414570331573,0.2820662260055542,0.14109142124652863,0.4129353165626526
375,-18.6406,-15.3594,-34.0,-25.5547,-8.0234,2.0,0.0,0.2970297038555145,0.43166103959083557,0.25871121883392334,0.36431995034217834,0.3325892984867096,0.054959576576948166,0.26418688893318176,0.16285759210586548,0.41351833939552307
380,-18.4641,-16.1344,-34.5984,-25.0,-9.25,2.0,0.0,0.2818733751773834,0.39625880122184753,0.20697063207626343,0.31227362155914307,0.3080357015132904,0.04481498897075653,0.2264847606420517,0.16281871497631073,0.46140390634536743
385,-18.9922,-15.4156,-34.4078,-25.3047,-8.7344,2.0,0.0,0.26797881722450256,0.4002785086631775,0.24559059739112854,0.3515720069408417,0.3363095223903656,0.05134483799338341,0.2512049078941345,0.14544464647769928,0.4475279748439789
390,-19.357,-14.6801,-34.0371,-24.8984,-9.1719,2.0,0.0,0.3516409993171692,0.4202228784561157,0.2621331810951233,0.38562706112861633,0.4110863208770752,0.05803016200661659,0.285991907119751,0.13774876296520233,0.4137515425682068
395,-19.7715,-13.7152,-33.4867,-25.3594,-8.7891,2.0,0.0,0.3876221477985382,0.4633108079433441,0.36812031269073486,0.43855568766593933,0.3999255895614624,0.07159514725208282,0.3104011118412018,0.1292366236448288,0.3842895030975342
400,-20.0078,-13.8719,-33.8797,-24.8203,-9.6328,2.0,0.0,0.3670886158943176,0.43143004179000854,0.3262433409690857,0.42463794350624084,0.425595223903656,0.05834110826253891,0.30495956540107727,0.12426150590181351,0.4079602062702179
405,-19.5906,-14.084,-33.6746,-24.8438,-9.3516,2.0,0.0,0.3605664372444153,0.4210035800933838,0.35888078808784485,0.4291069805622101,0.4110863208770752,0.07136193662881851,0.29201647639274597,0.12779851257801056,0.40434545278549194
410,-19.0039,-14.927,-33.9309,-24.4375,-10.2344,2.0,0.0,0.3438429534435272,0.379233181476593,0.3182063698768616,0.3899945318698883,0.396577388048172,0.06533737480640411,0.26053327322006226,0.143889918923378,0.4257618188858032
415,-19.3844,-14.4602,-33.8445,-24.5312,-9.9531,2.0,0.0,0.3600471317768097,0.3928278088569641,0.2996836304664612,0.4204545319080353,0.425967276096344,0.06595926731824875,0.28397077322006226,0.13514459133148193,0.41044774651527405
420,-17.6559,-17.459,-35.1148,-22.1797,-14.4453,2.0,0.0,0.25062867999076843,0.2357303351163864,0.20270580053329468,0.2608928978443146,0.3095238208770752,0.04636971279978752,0.17296330630779266,0.1695040464401245,0.5066853165626526
425,-17.3734,-17.7496,-35.123,-22.5938,-13.7578,2.0,0.0,0.1700483113527298,0.2602866291999817,0.19125451147556305,0.2587137520313263,0.2425595223903656,0.04022854566574097,0.16814365983009338,0.1831078976392746,0.5040422677993774
430,-17.527,-17.7402,-35.2672,-23.1328,-12.7266,2.0,0.0,0.21157684922218323,0.2603495717048645,0.18082007765769958,0.25017011165618896,0.236235111951828,0.038945894688367844,0.16899876296520233,0.17346858978271484,0.5141091346740723
435,-18.6602,-16.2625,-34.9227,-23.6875,-11.8281,2.0,0.0,0.2387806922197342,0.2904476523399353,0.22881582379341125,0.32585984468460083,0.300967276096344,0.045903295278549194,0.220537930727005,0.14540578424930573,0.48367536067962646
440,-18.3352,-16.909,-35.2441,-24.1562,-10.8672,2.0,0.0,0.22448979318141937,0.2674765884876251,0.20025189220905304,0.2761496603488922,0.3188244104385376,0.038090795278549194,0.1951570212841034,0.1543065905570984,0.5079679489135742
445,-18.3535,-16.8242,-35.1777,-24.1094,-10.9844,2.0,0.0,0.20543478429317474,0.2992902100086212,0.18706467747688293,0.2814706861972809,0.3076636791229248,0.03575870767235756,0.19713930785655975,0.15625,0.5063743591308594
450,-19.0035,-15.373,-34.3766,-24.3359,-10.625,2.0,0.0,0.2823002338409424,0.35425662994384766,0.2583693265914917,0.3784417510032654,0.3296130895614624,0.05204446613788605,0.2520211338996887,0.1439676582813263,0.4474891126155853
455,-19.3527,-14.6605,-34.0133,-23.6172,-11.6875,2.0,0.0,0.3571837544441223,0.3778720796108246,0.34121519327163696,0.4037233591079712,0.3563988208770752,0.06790267676115036,0.26558613777160645,0.12985852360725403,0.43217507004737854
460,-19.409,-14.8363,-34.2453,-24.9531,-9.3672,2.0,0.0,0.30799999833106995,0.38603100180625916,0.31170371174812317,0.38192471861839294,0.3590029776096344,0.05830223858356476,0.2682291567325592,0.1311800330877304,0.4378109574317932
465,-19.3305,-14.2141,-33.5445,-24.1797,-10.5391,2.0,0.0,0.36157581210136414,0.4358559250831604,0.3335174024105072,0.4203112721443176,0.4456845223903656,0.0720226988196373,0.28812965750694275,0.1407804787158966,0.39458954334259033
470,-19.1066,-14.9641,-34.0707,-24.25,-10.75,2.0,0.0,0.31537529826164246,0.4032329022884369,0.2934449017047882,0.37479540705680847,0.3891369104385376,0.0642101988196373,0.2644978165626526,0.13934235274791718,0.4274720251560211
475,-20.9312,-11.2539,-32.1852,-26.3438,-6.6094,2.0,0.0,0.5058256387710571,0.587069034576416,0.4593716263771057,0.5684740543365479,0.5319940447807312,0.09674284607172012,0.39797109365463257,0.10762593150138855,0.29318252205848694
480,-20.475,-12.2027,-32.6777,-25.9844,-7.3281,2.0,0.0,0.44275492429733276,0.5348463654518127,0.41875824332237244,0.5362181663513184,0.4661458432674408,0.0869092047214508,0.36306747794151306,0.11769278347492218,0.32785293459892273
485,-21.6293,-10.4227,-32.052,-27.1562,-4.8906,2.0,0.0,0.5025231242179871,0.6156696081161499,0.4944830536842346,0.6076374053955078,0.5658482313156128,0.09242848306894302,0.4301150441169739,0.09511038661003113,0.27786847949028015
490,-22.4191,-9.0633,-31.4824,-27.875,-3.7812,2.0,0.0,0.5782543420791626,0.6583603620529175,0.5525136590003967,0.6791673302650452,0.6919642686843872,0.10331156849861145,0.4788557291030884,0.07808613032102585,0.2352689653635025
495,-22.6016,-8.8543,-31.4559,-27.3984,-4.6875,2.0,0.0,0.5943617820739746,0.6964115500450134,0.5280954837799072,0.6735839247703552,0.601934552192688,0.09926927834749222,0.4895833432674408,0.07816386967897415,0.2285059094429016
500,-23.3887,-7.1336,-30.5223,-27.8438,-3.6094,2.0,0.0,0.6831262111663818,0.7682744860649109,0.5885255932807922,0.755602240562439,0.78125,0.11885882914066315,0.5471470952033997,0.06300528347492218,0.1665111929178238
505,-22.7457,-8.5215,-31.2672,-27.9375,-3.6094,2.0,0.0,0.585496187210083,0.7169767618179321,0.5400305986404419,0.6681057810783386,0.6767113208770752,0.10183458030223846,0.5013992786407471,0.07622046023607254,0.2160681039094925
510,-22.7406,-8.7262,-31.4668,-27.4688,-4.5469,2.0,0.0,0.5803238153457642,0.7172353863716125,0.5,0.649286687374115,0.625372052192688,0.09363339841365814,0.49319806694984436,0.0798351988196373,0.22885571420192719
515,-22.9598,-8.1227,-31.0824,-27.9688,-3.4531,2.0,0.0,0.6202676892280579,0.750640332698822,0.5386934876441956,0.6465801000595093,0.6986607313156128,0.1016402393579483,0.5159359574317932,0.07734763622283936,0.2005985677242279
520,-22.8008,-8.0973,-30.898,-28.8281,-1.8281,2.0,0.0,0.6045117974281311,0.7573071122169495,0.5413534045219421,0.6709532737731934,0.703497052192688,0.1102689653635025,0.517296314239502,0.07754197716712952,0.19041511416435242
525,-23.0973,-7.4762,-30.5734,-28.5312,-2.5156,2.0,0.0,0.6585284471511841,0.7889105677604675,0.5865743160247803,0.7059907913208008,0.6741071343421936,0.1162157952785492,0.5376632213592529,0.07295553386211395,0.16868780553340912
530,-22.1898,-9.0836,-31.2734,-28.5859,-2.2422,2.0,0.0,0.560382604598999,0.751071572303772,0.45465490221977234,0.5934571027755737,0.617559552192688,0.09752020984888077,0.4896610677242279,0.09685945510864258,0.21148166060447693
535,-21.7441,-9.2637,-31.0078,-28.0,-3.0859,2.0,0.0,0.6002669334411621,0.7479137182235718,0.4846698045730591,0.5995181798934937,0.6116071343421936,0.11648787558078766,0.47042134404182434,0.0988805964589119,0.20973259210586548
540,-21.6445,-10.05,-31.6945,-28.0469,-3.2266,2.0,0.0,0.5265135765075684,0.7025747299194336,0.4067796468734741,0.5698005557060242,0.5885416865348816,0.09308923780918121,0.45137593150138855,0.10548818111419678,0.24556903541088104
545,-21.007,-11.0965,-32.1035,-27.5703,-3.9453,2.0,0.0,0.4662393033504486,0.6497399806976318,0.42332538962364197,0.5236636996269226,0.5561755895614624,0.09095149487257004,0.41103076934814453,0.11431125551462173,0.2792288661003113
550,-20.3809,-12.35,-32.7309,-25.7578,-7.4531,2.0,0.0,0.43182921409606934,0.558679461479187,0.3678692579269409,0.5070692300796509,0.4828869104385376,0.08010727912187576,0.3649720251560211,0.1260494440793991,0.3243936598300934
555,-21.7391,-10.6496,-32.3887,-26.9922,-5.6172,2.0,0.0,0.4663742780685425,0.5953646302223206,0.4611293077468872,0.5915049910545349,0.5606398582458496,0.079757459461689,0.42428481578826904,0.09499377757310867,0.2964863181114197
560,-21.2105,-11.4465,-32.657,-26.3672,-6.7734,2.0,0.0,0.48233047127723694,0.564044713973999,0.45289576053619385,0.5447303652763367,0.4888392984867096,0.08138992637395859,0.3962997496128082,0.1006685346364975,0.31716418266296387
565,-22.0531,-9.3523,-31.4055,-27.3984,-4.6172,2.0,0.0,0.5915703177452087,0.6872397065162659,0.4970085322856903,0.6459338068962097,0.6190476417541504,0.10420553386211395,0.4666511118412018,0.09095149487257004,0.2337142378091812
570,-22.5414,-8.9348,-31.4762,-27.8281,-3.8047,2.0,0.0,0.590573787689209,0.7106968760490417,0.5034867525100708,0.6220167875289917,0.6458333134651184,0.09483830630779266,0.48581311106681824,0.08360540866851807,0.23126554489135742
575,-22.9242,-8.0602,-30.9844,-28.375,-2.8047,2.0,0.0,0.6324465870857239,0.7464208006858826,0.5346288084983826,0.6952020525932312,0.6692708134651184,0.10373912006616592,0.51854008436203,0.07800839841365814,0.1952347606420517
580,-23.757,-6.8035,-30.5605,-27.2266,-5.1719,2.0,0.0,0.6899932622909546,0.7733795642852783,0.6418772339820862,0.7537453174591064,0.7953869104385376,0.11497201770544052,0.560673177242279,0.05383240059018135,0.16604477167129517
585,-23.7859,-6.7469,-30.5328,-27.4375,-4.7734,2.0,0.0,0.7213642001152039,0.7638267874717712,0.6889952421188354,0.7921064496040344,0.7514880895614624,0.12080223858356476,0.5565920472145081,0.04874067008495331,0.16938744485378265
590,-22.1594,-9.1047,-31.2641,-26.3125,-6.7891,2.0,0.0,0.6082541942596436,0.6738767623901367,0.570652186870575,0.6622140407562256,0.6819196343421936,0.11866448819637299,0.4654073417186737,0.07866915315389633,0.23278141021728516
595,-21.5609,-10.6133,-32.1742,-26.0234,-7.3906,2.0,0.0,0.538805365562439,0.5964879393577576,0.5307791829109192,0.5827244520187378,0.5479910969734192,0.09565453976392746,0.4116915464401245,0.09029073268175125,0.29788556694984436
600,-21.3969,-10.2945,-31.6914,-26.1172,-7.0156,2.0,0.0,0.5573539733886719,0.6193130016326904,0.5276544094085693,0.6103321313858032,0.6305803656578064,0.11046330630779266,0.42545086145401,0.0962764322757721,0.2633317708969116
605,-22.4977,-8.7973,-31.2949,-27.2031,-5.0547,2.0,0.0,0.6171203255653381,0.699801504611969,0.5507246255874634,0.6733899712562561,0.6216517686843872,0.10851989686489105,0.48954445123672485,0.07777518779039383,0.21968284249305725
610,-23.568,-6.6402,-30.2082,-27.7578,-3.9688,2.0,0.0,0.7236268520355225,0.7933174967765808,0.691512942314148,0.7891504764556885,0.7440476417541504,0.13374534249305725,0.5572139024734497,0.052666354924440384,0.15189675986766815
615,-23.1551,-7.473,-30.6281,-27.1953,-4.9297,2.0,0.0,0.6890130639076233,0.7590476274490356,0.6566303372383118,0.7091382741928101,0.722470223903656,0.12523320317268372,0.5305503606796265,0.060673195868730545,0.17906561493873596
620,-22.0574,-9.1691,-31.2266,-26.8672,-5.5859,2.0,0.0,0.6116883158683777,0.6748784780502319,0.6024271845817566,0.6729802489280701,0.6186755895614624,0.1197139322757721,0.4638526141643524,0.08006840944290161,0.23188744485378265
625,-23.1473,-8.2551,-31.4023,-26.1172,-7.2969,2.0,0.0,0.6540007591247559,0.688831627368927,0.68282550573349,0.6869004368782043,0.644345223903656,0.10638215392827988,0.49801772832870483,0.05612562224268913,0.23499688506126404
630,-23.7117,-6.7664,-30.4781,-27.375,-4.875,2.0,0.0,0.7255843877792358,0.7853150963783264,0.6839339137077332,0.7426832318305969,0.7276785969734192,0.12138526141643524,0.556358814239502,0.05177238956093788,0.1660059094429016
635,-23.1539,-7.309,-30.4629,-27.4375,-4.5156,2.0,0.0,0.7059869766235352,0.7528147101402283,0.662109375,0.747650682926178,0.7704613208770752,0.13114117085933685,0.5350979566574097,0.05970149114727974,0.16958178579807281
640,-24.3566,-5.7449,-30.1016,-28.7188,-2.1172,2.0,0.0,0.7319819927215576,0.8280633687973022,0.7159863710403442,0.8000607490539551,0.812127947807312,0.12080223858356476,0.6010960936546326,0.04570895433425903,0.12791511416435242
645,-24.3441,-5.6152,-29.9594,-28.4141,-2.7969,2.0,0.0,0.7569277286529541,0.8315108418464661,0.7338935732841492,0.8071383833885193,0.8344494104385376,0.12904228270053864,0.6007074117660522,0.04162779822945595,0.12414489686489105
650,-25.132,-4.5621,-29.6941,-28.4375,-2.8672,2.0,0.0,0.8229198455810547,0.8652434945106506,0.8310055732727051,0.8817541003227234,0.8489583134651184,0.1275264322757721,0.6408970952033997,0.027829602360725403,0.09926927834749222
655,-24.7398,-5.0371,-29.777,-28.0781,-3.3281,2.0,0.0,0.8255072236061096,0.8419163823127747,0.8344030976295471,0.8455756902694702,0.8459821343421936,0.13409514725208282,0.6173818111419678,0.030278295278549194,0.1137671023607254
660,-24.4852,-5.3156,-29.8008,-27.9766,-3.4844,2.0,0.0,0.8065902590751648,0.8341391086578369,0.834645688533783,0.8440279364585876,0.8214285969734192,0.1356498748064041,0.6029617786407471,0.03455379232764244,0.12235696613788605
665,-25.0289,-4.6113,-29.6402,-28.6562,-2.4062,2.0,0.0,0.8379988074302673,0.8760431408882141,0.7783783674240112,0.851881206035614,0.8098958134651184,0.13051928579807281,0.6380985975265503,0.028762437403202057,0.0981421023607254
670,-25.827,-3.6129,-29.4398,-28.6406,-2.4609,2.0,0.0,0.8989214301109314,0.9009204506874084,0.9153845906257629,0.9169278740882874,0.8690476417541504,0.1261271834373474,0.6798429489135742,0.015158582478761673,0.07439365983009338
675,-25.177,-4.4383,-29.6152,-28.2734,-3.2188,2.0,0.0,0.8673678040504456,0.8703412413597107,0.817258894443512,0.8438751101493835,0.8645833134651184,0.13304570317268372,0.6424129605293274,0.022971082478761673,0.0970926582813263
680,-25.3145,-4.4492,-29.7637,-27.8281,-3.9922,2.0,0.0,0.8671437501907349,0.8594656586647034,0.825932502746582,0.8628172278404236,0.8616071343421936,0.1249222606420517,0.643034815788269,0.02188277430832386,0.10568252205848694
685,-25.7027,-3.9258,-29.6285,-27.8438,-4.0547,2.0,0.0,0.8803149461746216,0.8793253898620605,0.8904109597206116,0.8741039633750916,0.9073660969734192,0.12340640276670456,0.6683380007743835,0.01702425442636013,0.0867537334561348
690,-25.3863,-4.3594,-29.7457,-27.9141,-3.8906,2.0,0.0,0.8714017271995544,0.8616683483123779,0.8834244012832642,0.8886748552322388,0.8404017686843872,0.12422263622283936,0.6490594148635864,0.02133861929178238,0.10090173780918121
695,-25.2832,-4.2809,-29.5641,-28.0938,-3.5312,2.0,0.0,0.8707979917526245,0.8803824782371521,0.8711434006690979,0.8643442392349243,0.8333333134651184,0.1329679787158966,0.6462997794151306,0.021416354924440384,0.09483830630779266
700,-25.5281,-4.309,-29.8371,-27.9531,-3.8359,2.0,0.0,0.8531468510627747,0.8624814748764038,0.8699472546577454,0.888501763343811,0.8463541865348816,0.11672107875347137,0.6562888622283936,0.022115983068943024,0.10039645433425903
705,-25.6785,-3.7105,-29.3891,-28.0469,-3.5078,2.0,0.0,0.895348846912384,0.8972901105880737,0.912806510925293,0.906000018119812,0.890252947807312,0.1337064653635025,0.6698150038719177,0.014264614321291447,0.07773631811141968
710,-25.9508,-3.4156,-29.3664,-28.0469,-3.5781,2.0,0.0,0.9278010725975037,0.9093131422996521,0.946768045425415,0.9005942940711975,0.8735119104385376,0.12974192202091217,0.6836131811141968,0.010222326032817364,0.071944959461689
715,-25.6234,-3.666,-29.2895,-28.8594,-1.9766,2.0,0.0,0.879023015499115,0.9085754156112671,0.8876404762268066,0.8930714726448059,0.8976934552192688,0.1352611929178238,0.6717195510864258,0.017296331003308296,0.07124533504247665
720,-25.7422,-3.5012,-29.2434,-28.7344,-2.2266,2.0,0.0,0.8808749914169312,0.9177121520042419,0.8771186470985413,0.9423893094062805,0.8723958134651184,0.13149097561836243,0.6815920472145081,0.018345771357417107,0.06409359723329544
725,-25.2992,-3.9207,-29.2199,-28.7891,-2.0234,2.0,0.0,0.8756232857704163,0.9053505063056946,0.8688245415687561,0.8737863898277283,0.8839285969734192,0.14031405746936798,0.660331130027771,0.022815609350800514,0.07206156849861145
730,-25.6828,-3.4723,-29.1551,-28.6406,-2.1562,2.0,0.0,0.8887307643890381,0.9253705739974976,0.8729838728904724,0.9010918140411377,0.8772321343421936,0.13658271729946136,0.6791433691978455,0.01927860639989376,0.060517724603414536
735,-26.1629,-2.7242,-28.8871,-29.3828,-1.0469,2.0,0.0,0.9212844371795654,0.9586138725280762,0.8482758402824402,0.9118257164955139,0.9207589030265808,0.13677705824375153,0.7100046873092651,0.011271766386926174,0.03746890649199486
740,-25.8781,-3.0512,-28.9293,-29.5078,-0.7266,2.0,0.0,0.9074074029922485,0.9452283978462219,0.931506872177124,0.9352836608886719,0.8976934552192688,0.140625,0.6968672275543213,0.014186877757310867,0.043843284249305725
745,-26.6426,-2.2523,-28.8949,-29.7266,-0.4062,2.0,0.0,0.9253256916999817,0.971145749092102,0.8767605423927307,0.9335494041442871,0.9553571343421936,0.1223180964589119,0.7381840944290161,0.01103855762630701,0.02398165501654148
750,-26.3238,-2.4961,-28.8199,-29.7656,-0.2109,2.0,0.0,0.925239086151123,0.9664407968521118,0.8943662047386169,0.9015471339225769,0.9475446343421936,0.13413402438163757,0.7227145433425903,0.01103855762630701,0.02763526141643524
755,-26.3988,-2.5605,-28.9594,-29.6406,-0.4609,2.0,0.0,0.9119439125061035,0.9589956402778625,0.9220339059829712,0.9137167930603027,0.945684552192688,0.12756529450416565,0.7213541865348816,0.011466107331216335,0.035136815160512924
760,-26.3023,-2.6703,-28.9727,-29.375,-1.0625,2.0,0.0,0.9084766507148743,0.9560332298278809,0.9212598204612732,0.9285714030265808,0.9278273582458496,0.1265547275543213,0.7160680890083313,0.014808768406510353,0.038090795278549194
765,-26.2426,-2.7488,-28.9914,-29.4844,-0.7266,2.0,0.0,0.896171510219574,0.952329158782959,0.8967254161834717,0.9133537411689758,0.9468005895614624,0.12690454721450806,0.7150575518608093,0.015430659055709839,0.038129664957523346
770,-26.1926,-2.7902,-28.9828,-29.5,-0.8359,2.0,0.0,0.8903903961181641,0.9533729553222656,0.9095607399940491,0.9269776940345764,0.9308035969734192,0.12943096458911896,0.7127254605293274,0.015041977167129517,0.03832400590181351
775,-26.1672,-2.8633,-29.0305,-29.8047,-0.2266,2.0,0.0,0.8753893971443176,0.9529488682746887,0.8598326444625854,0.8746208548545837,0.9401041865348816,0.12476678937673569,0.7137359976768494,0.01857898011803627,0.03844061121344566
780,-24.7363,-4.9645,-29.7008,-29.5625,-0.5938,2.0,0.0,0.7719465494155884,0.8872281908988953,0.6510008573532104,0.7613542675971985,0.8348214030265808,0.12220149487257004,0.6345226764678955,0.04465951398015022,0.09413868188858032
785,-24.3133,-5.3324,-29.6457,-29.2812,-0.9219,2.0,0.0,0.7544069290161133,0.8817360401153564,0.68954998254776,0.7606737017631531,0.800595223903656,0.13009172677993774,0.6152440905570984,0.050956156104803085,0.09923040866851807
790,-23.3883,-6.6984,-30.0867,-29.4062,-0.6719,2.0,0.0,0.7027027010917664,0.8390143513679504,0.6196867823600769,0.692375123500824,0.7217261791229248,0.12511660158634186,0.5678638219833374,0.0694962665438652,0.13304570317268372
795,-23.2629,-7.1625,-30.4254,-29.2266,-1.0781,2.0,0.0,0.6627282500267029,0.8301371932029724,0.5422812104225159,0.6468789577484131,0.7064732313156128,0.1085587665438652,0.55534827709198,0.07905783504247665,0.15255752205848694
800,-23.1656,-7.0043,-30.1699,-29.3281,-0.6172,2.0,0.0,0.7015121579170227,0.8617050647735596,0.5154101252555847,0.5895016193389893,0.7042410969734192,0.11823693662881851,0.5635105967521667,0.08197294920682907,0.13180193305015564
805,-24.0727,-5.857,-29.9297,-29.125,-1.0938,2.0,0.0,0.7007030248641968,0.8801107406616211,0.607758641242981,0.6870255470275879,0.7626488208770752,0.11609919369220734,0.6036613583564758,0.06312189251184464,0.11263992637395859
810,-24.4316,-4.948,-29.3797,-29.4609,-0.6562,2.0,0.0,0.7737438082695007,0.9113209843635559,0.6529680490493774,0.7233181595802307,0.8270089030265808,0.13382306694984436,0.6337841749191284,0.05107276141643524,0.07684235274791718
815,-22.5035,-7.998,-30.5016,-29.3281,-0.8047,2.0,0.0,0.6634281873703003,0.8526726365089417,0.4495934844017029,0.49416908621788025,0.6852678656578064,0.11201803386211395,0.5279073119163513,0.09561567008495331,0.15998134016990662
820,-22.4547,-7.7582,-30.2129,-29.2188,-0.7656,2.0,0.0,0.6740366220474243,0.8555458784103394,0.4752836227416992,0.5388429760932922,0.6982886791229248,0.12305659055709839,0.5354477763175964,0.09592662006616592,0.14109142124652863
825,-23.4883,-6.5805,-30.0688,-29.4062,-0.7891,2.0,0.0,0.7181364297866821,0.885921835899353,0.4943934679031372,0.5417966246604919,0.7507440447807312,0.11679881811141968,0.5778529047966003,0.07625932991504669,0.12461131811141968
830,-20.8273,-10.6145,-31.4418,-28.7344,-1.1016,2.0,0.0,0.6339544653892517,0.8188418745994568,0.31186726689338684,0.34632036089897156,0.5773809552192688,0.09386660158634186,0.4389770030975342,0.13821516931056976,0.22446362674236298
835,-15.4902,-21.959,-37.4492,-19.3125,-20.1562,2.0,0.0,0.06722689419984818,0.008571428246796131,0.021627774462103844,0.01670520193874836,0.0814732164144516,0.004625311121344566,0.013603855855762959,0.20487406849861145,0.6724191308021545
840,-15.7953,-21.7883,-37.5836,-19.6719,-20.1641,2.0,0.0,0.0,0.04624277353286743,0.02864583395421505,0.01780027337372303,0.0714285746216774,0.004586442839354277,0.0134483827278018,0.19402985274791718,0.6834577322006226
845,-15.3996,-21.8051,-37.2047,-19.875,-19.3125,2.0,0.0,0.054347824305295944,0.035650622099637985,0.04040219262242317,0.030490342527627945,0.0777529776096344,0.0071517410688102245,0.021805036813020706,0.21260882914066315,0.6539567708969116
850,-15.7676,-21.6387,-37.4062,-19.4531,-19.9922,2.0,0.0022,0.034285712987184525,0.026929982006549835,0.040586020797491074,0.030132699757814407,0.073288694024086,0.006801927927881479,0.021649565547704697,0.19632306694984436,0.6707478165626526
855,-15.8809,-21.1355,-37.0164,-19.8281,-19.2891,2.0,0.0369,0.06287425011396408,0.06001846864819527,0.08095981180667877,0.057222526520490646,0.096726194024086,0.012981965206563473,0.042094215750694275,0.19923818111419678,0.6412079930305481
860,-15.9805,-20.5859,-36.5664,-19.8828,-18.6406,2.0,0.0465,0.08851224184036255,0.064242422580719,0.1181393563747406,0.09032504260540009,0.140625,0.02063899300992489,0.064132459461689,0.1997046023607254,0.611046314239502
865,-16.9293,-19.2941,-36.2234,-21.5938,-16.1094,2.0,0.0515,0.13545817136764526,0.09872850030660629,0.1864858865737915,0.15356622636318207,0.1588541716337204,0.029267724603414536,0.10393346101045609,0.17486785352230072,0.5874533653259277
870,-16.5434,-20.5184,-37.0617,-20.4609,-18.4688,2.0,0.0566,0.05147058889269829,0.047584716230630875,0.10716678202152252,0.0782536119222641,0.1168154776096344,0.015858208760619164,0.053910136222839355,0.17409048974514008,0.6516635417938232
875,-16.3727,-20.2,-36.5727,-20.7812,-17.5234,2.0,0.0584,0.10185185074806213,0.07517658919095993,0.13668321073055267,0.10687412321567535,0.126860111951828,0.02098880521953106,0.07703669369220734,0.18796642124652863,0.6095304489135742
880,-16.0082,-21.0086,-37.0168,-20.1328,-18.7031,2.0,0.0702,0.06853582710027695,0.0445026196539402,0.0827847570180893,0.06304347515106201,0.104538694024086,0.012476678937673569,0.044542908668518066,0.19484607875347137,0.6436567306518555
885,-16.0707,-21.3453,-37.416,-20.1719,-18.5781,2.0,0.1079,0.042553190141916275,0.037516169250011444,0.04672897234559059,0.039909638464450836,0.0870535746216774,0.007307213731110096,0.03004508651793003,0.18715018033981323,0.6710199117660522
890,-16.1746,-21.2605,-37.4352,-20.2344,-18.7812,2.0,0.1462,0.05238095298409462,0.03280840069055557,0.04847320169210434,0.04417601227760315,0.078125,0.008162313140928745,0.029617536813020706,0.18201959133148193,0.6757229566574097
895,-15.9648,-21.5219,-37.4867,-19.6719,-19.2734,2.0,0.1855,0.02994011901319027,0.04304635897278786,0.0372747965157032,0.03182339295744896,0.0773809552192688,0.006490982603281736,0.023476367816329002,0.18769434094429016,0.677860677242279
900,-15.8641,-21.7914,-37.6555,-19.6953,-19.8359,2.0,0.2303,0.024390242993831635,0.0,0.02808528020977974,0.017028475180268288,0.0591517873108387,0.0031871891114860773,0.013409514911472797,0.18959887325763702,0.689326822757721
905,-16.1313,-21.7082,-37.8395,-19.7344,-19.875,2.0,0.275,0.0,0.0,0.01734357886016369,0.016043664887547493,0.0535714291036129,0.0028762437868863344,0.010611007921397686,0.17704446613788605,0.7049906849861145
910,-16.3996,-21.6285,-38.0281,-19.9062,-19.5781,2.0,0.3238,0.0,0.0,0.010854176245629787,0.011340930126607418,0.0613839291036129,0.0014381218934431672,0.00963930319994688,0.1647232621908188,0.7197216749191284
915,-15.7734,-21.8836,-37.657,-19.2188,-20.3906,2.0,0.3643,0.0,0.0279720276594162,0.0154440151527524,0.01400922704488039,0.0695684552192688,0.0022932214196771383,0.011116293258965015,0.19127021729946136,0.6908426880836487
920,-16.0195,-21.7031,-37.7227,-19.5391,-19.7969,2.0,0.4164,0.013698630034923553,0.0117647061124444,0.02442650869488716,0.017913946881890297,0.0658482164144516,0.0028373757377266884,0.013215173967182636,0.18299129605293274,0.696478545665741
925,-15.1531,-22.1633,-37.3164,-19.4297,-19.4766,2.0,0.4637,0.0,0.0,0.016877636313438416,0.018212895840406418,0.0621279776096344,0.0028762437868863344,0.012126865796744823,0.22108209133148193,0.6594371795654297
930,-14.6102,-22.402,-37.0121,-19.5469,-19.4766,2.0,0.5148,0.0,0.008928571827709675,0.019059721380472183,0.019394831731915474,0.0703125,0.004469838459044695,0.013059701770544052,0.2447139322757721,0.6332789063453674
935,-15.8078,-21.7305,-37.5383,-19.7266,-19.3984,2.0,0.5637,0.03125,0.043478261679410934,0.024929633364081383,0.02310287579894066,0.0744047611951828,0.0037313431967049837,0.01877332106232643,0.19333022832870483,0.6796875
940,-15.7887,-21.5133,-37.302,-20.0938,-18.3125,2.0,0.606,0.050359711050987244,0.03679369390010834,0.040677305310964584,0.040054112672805786,0.079613097012043,0.005402673967182636,0.029578668996691704,0.1997046023607254,0.6608364582061768
945,-16.423,-20.4297,-36.8527,-21.0547,-16.7422,2.0,0.6329,0.05263157933950424,0.08936915546655655,0.09823468327522278,0.09396014362573624,0.1049107164144516,0.01181592047214508,0.06654229015111923,0.18715018033981323,0.6300140023231506
950,-17.0676,-19.5883,-36.6559,-21.8047,-15.5703,2.0,0.6355,0.0845070406794548,0.10639175027608871,0.1220463439822197,0.13404926657676697,0.1432291716337204,0.016557835042476654,0.09425528347492218,0.1694263070821762,0.6152829527854919
955,-16.7879,-19.7586,-36.5465,-21.3203,-16.375,2.0,0.6232,0.0882352963089943,0.14381833374500275,0.1087140440940857,0.125,0.1662946492433548,0.014536691829562187,0.09242848306894302,0.18376865983009338,0.6047885417938232
960,-15.5473,-20.898,-36.4453,-20.8516,-16.7031,2.0,0.6264,0.055263157933950424,0.09200968593358994,0.0873071551322937,0.09324359893798828,0.1104910746216774,0.01476990059018135,0.0642101988196373,0.22170397639274597,0.5948383212089539
965,-16.4668,-20.1992,-36.666,-21.6406,-15.6406,2.0,0.6235,0.057591624557971954,0.10662680864334106,0.10528489202260971,0.1060289740562439,0.1417410671710968,0.01484763715416193,0.07800839841365814,0.18827736377716064,0.6143890023231506
970,-15.5141,-21.0934,-36.6074,-20.7812,-16.4688,2.0,0.6413,0.048632219433784485,0.09874723851680756,0.08146067708730698,0.07676587253808975,0.1019345223903656,0.012787624262273312,0.05274409055709839,0.22139303386211395,0.6085976362228394
975,-16.266,-20.7426,-37.0086,-20.9531,-16.9688,2.0,0.6634,0.07509881258010864,0.070077084004879,0.06813051551580429,0.08066961914300919,0.0989583358168602,0.009833644144237041,0.055464863777160645,0.18940454721450806,0.6408193111419678
980,-16.0418,-21.4266,-37.4684,-20.2031,-18.5391,2.0,0.6912,0.023255813866853714,0.05449189990758896,0.03355155512690544,0.03839944675564766,0.0747767835855484,0.005013992544263601,0.02639148011803627,0.18998755514621735,0.6741293668746948
985,-15.7191,-21.6852,-37.4043,-19.5312,-19.625,2.0,0.7314,0.014814814552664757,0.018115941435098648,0.03145145624876022,0.03110131062567234,0.0729166641831398,0.005247201304882765,0.021455224603414536,0.1989661008119583,0.6698538661003113
990,-15.7805,-21.9059,-37.6863,-19.6719,-19.6016,2.0,0.7739,0.0,0.0,0.010144045576453209,0.01621045544743538,0.0509672611951828,0.0011271765688434243,0.009872512891888618,0.19158115983009338,0.6929415464401245
995,-15.6949,-21.9715,-37.6664,-19.6562,-19.9844,2.0,0.8233,0.0,0.0,0.01796407252550125,0.010993347503244877,0.0565476194024086,0.002681903075426817,0.00866759940981865,0.19472947716712952,0.6894434094429016
1000,-15.5629,-22.0035,-37.5664,-19.4453,-19.8906,2.0,0.8707,0.0,0.0038610037881881,0.014922481030225754,0.01424339134246111,0.0621279776096344,0.002681903075426817,0.010066852904856205,0.20055970549583435,0.6822139024734497
1005,-15.0469,-22.166,-37.2129,-19.9453,-18.9141,2.0,0.9197,0.0,0.0,0.01736290194094181,0.021871639415621758,0.0710565447807312,0.002720771124586463,0.016285758465528488,0.22609607875347137,0.6504197716712952
1010,-14.7992,-22.2734,-37.0727,-19.4688,-19.2344,2.0,0.9699,0.0,0.0025510203558951616,0.021774722263216972,0.023053528741002083,0.0643601194024086,0.003886815859004855,0.015236318111419678,0.23740671575069427,0.6389925479888916
1015,-14.4062,-22.4371,-36.8434,-18.625,-19.4453,2.0,1.0138,0.007936508394777775,0.016786571592092514,0.02487410418689251,0.027533868327736855,0.0491071417927742,0.0048973881639540195,0.016208022832870483,0.2547030448913574,0.6197139024734497
1020,-14.7844,-22.1766,-36.9609,-19.4609,-19.1328,2.0,1.0594,0.015267175622284412,0.04436229169368744,0.02782297506928444,0.03045247122645378,0.0643601194024086,0.005091728642582893,0.02102767489850521,0.23888370394706726,0.6305192708969116
1025,-16.2238,-21.5125,-37.7363,-20.2266,-18.8672,2.0,1.104,0.02857142873108387,0.031936127692461014,0.018736382946372032,0.025952234864234924,0.0747767835855484,0.002720771124586463,0.019472947344183922,0.17840485274791718,0.6949238181114197
1030,-15.4469,-21.802,-37.2488,-20.2891,-18.3203,2.0,1.1462,0.00909090880304575,0.040139615535736084,0.028269195929169655,0.03265378624200821,0.0773809552192688,0.004275497514754534,0.022271454334259033,0.21311411261558533,0.6558613181114197
1035,-15.2805,-21.8066,-37.0871,-20.0156,-18.7031,2.0,1.1847,0.02097902074456215,0.030612245202064514,0.032622113823890686,0.04038694128394127,0.0725446417927742,0.005558146629482508,0.026663556694984436,0.22042132914066315,0.6428793668746948
1040,-15.175,-21.7176,-36.8926,-20.2891,-18.0859,2.0,1.227,0.017045455053448677,0.056872036308050156,0.041235364973545074,0.05382278189063072,0.0565476194024086,0.006840796209871769,0.03280472755432129,0.22905005514621735,0.626826822757721
1045,-16.4367,-20.3027,-36.7395,-22.2891,-14.8359,2.0,1.2545,0.05511811003088951,0.11150176078081131,0.06857027858495712,0.11009985953569412,0.1238839253783226,0.009872512891888618,0.07738650590181351,0.19329135119915009,0.6149719953536987
1050,-16.4125,-20.5164,-36.9289,-21.0859,-16.4219,2.0,1.2565,0.05904059112071991,0.11515863984823227,0.05774823576211929,0.0968436598777771,0.090773805975914,0.010533271357417107,0.06615360826253891,0.18711131811141968,0.6317241787910461
1055,-16.0562,-20.3957,-36.452,-21.9219,-14.9609,2.0,1.2737,0.07761193811893463,0.1427120417356491,0.08144044131040573,0.11879120022058487,0.0930059552192688,0.013020833022892475,0.07653140276670456,0.21047107875347137,0.5954990386962891
1060,-17.0082,-19.4305,-36.4387,-22.0703,-15.0156,2.0,1.2673,0.09677419066429138,0.1765354871749878,0.08755858242511749,0.14945919811725616,0.165922611951828,0.014458955265581608,0.10568252205848694,0.1824471354484558,0.5929337739944458
1065,-17.4547,-19.0766,-36.5312,-22.6172,-13.7578,2.0,1.2423,0.08882521837949753,0.18306951224803925,0.09518241137266159,0.1541040688753128,0.1919642835855484,0.013564987108111382,0.1129508689045906,0.16620025038719177,0.6028062701225281
1070,-17.873,-17.0938,-34.9668,-23.9453,-10.8672,2.0,1.2045,0.203605517745018,0.22208955883979797,0.22968818247318268,0.3157852590084076,0.221726194024086,0.03665267303586006,0.1953125,0.1770056039094925,0.4865516126155853
1075,-17.5594,-18.2355,-35.7949,-22.8594,-13.0391,2.0,1.1504,0.1472868174314499,0.1337529569864273,0.17368777096271515,0.23446227610111237,0.197172611951828,0.025069963186979294,0.14820429682731628,0.1725357621908188,0.5497123599052429
1080,-16.8719,-19.4875,-36.3594,-22.1016,-14.5078,2.0,1.1336,0.09403669834136963,0.10671784728765488,0.12137258797883987,0.16441942751407623,0.0997023805975914,0.016946516931056976,0.10125155746936798,0.18349657952785492,0.5938277244567871
1085,-16.8715,-19.4156,-36.2871,-22.2031,-14.5391,2.0,1.1323,0.07984790951013565,0.10560578852891922,0.13201949000358582,0.16606786847114563,0.1272321492433548,0.020444652065634727,0.10747046023607254,0.18341884016990662,0.5841884613037109
1090,-16.5535,-20.0715,-36.625,-21.6875,-15.6406,2.0,1.128,0.08417508751153946,0.10279488563537598,0.0848042219877243,0.127427875995636,0.106398805975914,0.01154384296387434,0.08205068111419678,0.19158115983009338,0.6103466749191284
1095,-17.3035,-18.8129,-36.1164,-22.9688,-12.8203,2.0,1.1122,0.10271317511796951,0.1224304735660553,0.1414947807788849,0.20588834583759308,0.1231398805975914,0.020055970177054405,0.1285758763551712,0.17525653541088104,0.5716339945793152
1100,-17.5016,-18.0312,-35.5328,-22.7969,-13.1641,2.0,1.0766,0.14191852509975433,0.12959763407707214,0.1959666758775711,0.2718425393104553,0.140625,0.029578668996691704,0.15745490789413452,0.1773165464401245,0.5311722755432129
1105,-18.2324,-15.7762,-34.0086,-24.3516,-10.2422,2.0,1.0195,0.2069425880908966,0.21468745172023773,0.33557799458503723,0.4711892604827881,0.2176339328289032,0.058224502950906754,0.24187655746936798,0.17315764725208282,0.4222636818885803
1110,-19.5988,-14.575,-34.1738,-24.6875,-9.9453,2.0,0.88,0.22938776016235352,0.19537699222564697,0.3618886172771454,0.5594913959503174,0.21875,0.04761349409818649,0.2824937701225281,0.13747668266296387,0.42793843150138855
1115,-19.5719,-14.5387,-34.1105,-24.7891,-9.9062,2.0,0.7492,0.1863173246383667,0.1650378555059433,0.42795512080192566,0.5811973810195923,0.1941964328289032,0.05340484902262688,0.2823771834373474,0.13514459133148193,0.42459577322006226
1120,-19.6262,-14.2566,-33.8828,-24.6719,-9.9531,2.0,0.609,0.23854362964630127,0.15986531972885132,0.46678581833839417,0.6214721202850342,0.1811755895614624,0.06191697716712952,0.28859609365463257,0.13048040866851807,0.41452890634536743
1125,-18.5691,-15.684,-34.2531,-24.1094,-10.8672,2.0,0.4794,0.15785907208919525,0.11703847348690033,0.3913366198539734,0.5143764615058899,0.1283482164144516,0.057369403541088104,0.24043843150138855,0.15702736377716064,0.4406871795654297
1130,-18.2898,-16.3281,-34.618,-23.9766,-11.1328,2.0,0.3995,0.1607716977596283,0.11410001665353775,0.3273467421531677,0.4376293420791626,0.1369047611951828,0.048351988196372986,0.21529074013233185,0.16231343150138855,0.4695662260055542
1135,-19.1645,-15.0652,-34.2297,-24.1953,-10.8125,2.0,0.276,0.2074126899242401,0.1159721165895462,0.3965611457824707,0.566518247127533,0.1395089328289032,0.05453202873468399,0.26208800077438354,0.142412930727005,0.43648943305015564
1140,-19.1379,-14.9426,-34.0805,-24.5781,-10.1406,2.0,0.1486,0.23875661194324493,0.11729034036397934,0.4419557452201843,0.5696020126342773,0.1476934552192688,0.058768656104803085,0.2627876102924347,0.14229632914066315,0.43166977167129517
1145,-18.9316,-15.1664,-34.098,-24.1953,-10.6719,2.0,0.0205,0.19693806767463684,0.11425135284662247,0.41535279154777527,0.5515249967575073,0.1960565447807312,0.05585354566574097,0.2585510015487671,0.1503809094429016,0.4307369291782379
1150,-20.8039,-11.9176,-32.7215,-25.5156,-8.1719,2.0,0.0,0.3953596353530884,0.3071814179420471,0.6493967175483704,0.7828252911567688,0.3697916567325592,0.08376087993383408,0.37453359365463257,0.10953047126531601,0.3276974558830261
1155,-21.8969,-10.3023,-32.1992,-26.2812,-6.7109,2.0,0.0,0.48186764121055603,0.46216881275177,0.6676802635192871,0.8140150904655457,0.4609375,0.08574315905570984,0.42688900232315063,0.08947449922561646,0.29341572523117065
1160,-21.8578,-9.9434,-31.8012,-27.2031,-5.125,2.0,0.0,0.4993849992752075,0.5537356734275818,0.6591853499412537,0.8002360463142395,0.4300595223903656,0.09479943662881851,0.4437577724456787,0.09351678937673569,0.2634483873844147
1165,-23.35,-7.9305,-31.2805,-26.9922,-5.7344,2.0,0.0,0.5996914505958557,0.7019748687744141,0.7836375832557678,0.8007143139839172,0.478422611951828,0.10078513622283936,0.5195895433425903,0.05748600885272026,0.21766169369220734
1170,-23.3941,-7.3641,-30.7582,-27.6875,-4.2734,2.0,0.0,0.6284289360046387,0.7878023982048035,0.7130902409553528,0.7726883292198181,0.4795386791229248,0.10910291969776154,0.5398010015487671,0.0650264322757721,0.18159204721450806
1175,-24.0551,-6.3164,-30.3715,-28.3594,-2.9766,2.0,0.0,0.6969172358512878,0.821304202079773,0.7775423526763916,0.8513548970222473,0.5226934552192688,0.11221237480640411,0.580534815788269,0.05503731220960617,0.14773787558078766
1180,-25.1293,-4.2031,-29.3324,-29.4453,-0.7578,2.0,0.0,0.8191362023353577,0.9185426831245422,0.8591703176498413,0.9052355885505676,0.7287946343421936,0.12958644330501556,0.6560945510864258,0.03560323268175125,0.07423818111419678
1185,-26.5668,-2.4074,-28.9742,-29.4688,-0.9219,2.0,0.0,0.943652868270874,0.9638445377349854,0.9252873659133911,0.9595141410827637,0.9006696343421936,0.12002487480640411,0.7331700921058655,0.01352611929178238,0.02880130521953106
1190,-26.6883,-2.2465,-28.9348,-29.7656,-0.3047,2.0,0.0,0.9432806968688965,0.9703851938247681,0.9548611044883728,0.9583333134651184,0.9148065447807312,0.1206078976392746,0.7376010417938232,0.011194029822945595,0.026119403541088104
1195,-25.9922,-3.007,-28.9992,-29.5859,-0.6641,2.0,0.0,0.9266984462738037,0.9470187425613403,0.9717171788215637,0.9769093990325928,0.8255208134651184,0.1304415464401245,0.7020755410194397,0.01923973858356476,0.04376554861664772
1200,-25.8027,-3.4844,-29.2871,-29.5469,-0.625,2.0,0.0,0.8945385813713074,0.9260619282722473,0.9083333611488342,0.9425806403160095,0.7857142686843872,0.12383395433425903,0.6881219148635864,0.023320894688367844,0.06024564802646637
1205,-25.716,-3.4422,-29.1582,-29.5,-0.7188,2.0,0.0,0.8995828628540039,0.9276207685470581,0.9516666531562805,0.9467414021492004,0.8143601417541504,0.1304415464401245,0.6862950921058655,0.023320894688367844,0.055464863777160645
1210,-25.4492,-3.7648,-29.2141,-29.4844,-0.7266,2.0,0.0,0.8798245787620544,0.9302056431770325,0.9238805770874023,0.9216617345809937,0.7235863208770752,0.13292910158634186,0.6710587739944458,0.02604166604578495,0.06549284607172012
1215,-25.2262,-4.1629,-29.3891,-29.3438,-1.1953,2.0,0.0,0.8706408143043518,0.9121035933494568,0.918367326259613,0.9345613121986389,0.6584821343421936,0.13040266931056976,0.6544620394706726,0.030472636222839355,0.08018501102924347
1220,-25.4211,-3.6348,-29.0559,-29.5156,-0.7109,2.0,0.0,0.8845395445823669,0.9433994889259338,0.9350073933601379,0.9418919086456299,0.7116815447807312,0.1380208283662796,0.6736629605293274,0.026313744485378265,0.057524874806404114
1225,-25.9512,-3.0469,-28.998,-29.7656,-0.2109,2.0,0.0,0.9160508513450623,0.9531241059303284,0.9259259104728699,0.9482001662254333,0.8065476417541504,0.13149097561836243,0.6998212337493896,0.01993936486542225,0.0442708320915699
1230,-26.2027,-2.5871,-28.7898,-29.7969,-0.1953,2.0,0.0,0.9335052967071533,0.9701840877532959,0.9594594836235046,0.9453125,0.874627947807312,0.13561101257801056,0.715679407119751,0.014381218701601028,0.02985074557363987
1235,-26.3578,-2.6074,-28.9652,-29.8125,-0.2812,2.0,0.0,0.9013035297393799,0.9652108550071716,0.9118387699127197,0.9460093975067139,0.8895089030265808,0.12523320317268372,0.7217428684234619,0.015430659055709839,0.03311567008495331
1240,-26.5848,-2.2859,-28.8707,-29.6562,-0.5469,2.0,0.0,0.951946496963501,0.9708603620529175,0.9726027250289917,0.9862448573112488,0.9014136791229248,0.12779851257801056,0.7309545874595642,0.008512127213180065,0.028257152065634727
1245,-26.1152,-2.7867,-28.902,-29.8438,-0.2656,2.0,0.0,0.9290472269058228,0.9610952734947205,0.9407008290290833,0.944556474685669,0.847470223903656,0.13421174883842468,0.7083333134651184,0.014420087449252605,0.03855721279978752
1250,-26.1785,-2.5734,-28.752,-29.8359,-0.1875,2.0,0.0,0.9289481043815613,0.9678627848625183,0.9902912378311157,0.9759547114372253,0.902157723903656,0.14004197716712952,0.7159903645515442,0.012010261416435242,0.027479788288474083
1255,-26.0426,-3.0258,-29.0684,-29.6953,-0.3516,2.0,0.0,0.904047966003418,0.9460580945014954,0.9159291982650757,0.9397283792495728,0.8575148582458496,0.12962530553340912,0.7025420069694519,0.017568407580256462,0.04578668996691704
1260,-26.3988,-2.4738,-28.8727,-29.8203,-0.125,2.0,0.0,0.9394295811653137,0.9606651067733765,0.9731800556182861,0.992443323135376,0.925967276096344,0.13219061493873596,0.72232586145401,0.010144589468836784,0.030861318111419678
1265,-26.1457,-2.7984,-28.9441,-29.6797,-0.4766,2.0,0.0,0.9261646866798401,0.9512261748313904,0.9599999785423279,0.9512194991111755,0.8954613208770752,0.1326570212841034,0.7100435495376587,0.01457555964589119,0.0382462702691555
1270,-26.5602,-2.4008,-28.9609,-29.5156,-0.8281,2.0,0.0,0.9545596241950989,0.9599615335464478,0.96875,0.9880810379981995,0.9077380895614624,0.12488339841365814,0.7280783653259277,0.009950248524546623,0.03261038661003113
1275,-26.6469,-2.2121,-28.859,-29.7109,-0.4375,2.0,0.0,0.9620838761329651,0.9662749767303467,0.9723502397537231,0.9717608094215393,0.9523809552192688,0.12608830630779266,0.7376010417938232,0.008434390649199486,0.023398632183670998
1280,-26.3152,-2.4277,-28.743,-29.5469,-0.625,2.0,0.0,0.9388335943222046,0.9691159129142761,0.9820788502693176,0.9713375568389893,0.9308035969734192,0.13662157952785492,0.72364741563797,0.01084421668201685,0.024409204721450806
1285,-26.5117,-2.2539,-28.7656,-29.7578,-0.3438,2.0,0.0,0.9423819184303284,0.9746432304382324,0.9595141410827637,0.9721739292144775,0.9360119104385376,0.1308690905570984,0.732703685760498,0.009600435383617878,0.022349191829562187
1290,-26.8941,-1.8395,-28.7336,-29.9688,-0.0156,2.0,0.0,0.9651018977165222,0.9834168553352356,0.9485294222831726,0.9805825352668762,0.984375,0.12585510313510895,0.7523709535598755,0.0052860695868730545,0.012010261416435242
1295,-26.7723,-1.9156,-28.6879,-29.8594,-0.0703,2.0,0.0,0.9571644067764282,0.9838575720787048,0.9753086566925049,0.9898989796638489,0.9795386791229248,0.12884794175624847,0.748833954334259,0.006296641658991575,0.01154384296387434
1300,-26.7387,-1.8832,-28.6219,-29.9219,-0.0391,2.0,0.0,0.9698622226715088,0.9861103892326355,0.9791666865348816,0.977011501789093,0.9810267686843872,0.1354166716337204,0.7443641424179077,0.005597014911472797,0.010144589468836784
1305,-26.8887,-1.8551,-28.7437,-29.875,-0.1562,2.0,0.0,0.9595015645027161,0.9860981702804565,0.9743589758872986,0.9629629850387573,0.9642857313156128,0.12476678937673569,0.7520988583564758,0.006063432898372412,0.01259328331798315
1310,-26.7926,-1.9488,-28.7414,-29.8594,-0.0703,2.0,0.0,0.962895393371582,0.9843384027481079,0.9753086566925049,0.9218328595161438,0.9505208134651184,0.12779851257801056,0.7470071315765381,0.006296641658991575,0.014420087449252605
1315,-26.9477,-1.7594,-28.707,-29.875,-0.0625,2.0,0.0,0.9727385640144348,0.9884666800498962,0.932330846786499,0.9727626442909241,0.9739583134651184,0.12546642124652863,0.75489741563797,0.005169465206563473,0.0099891172721982
1320,-26.909,-1.7195,-28.6285,-29.9844,-0.0078,2.0,0.0,0.9817910194396973,0.9908809661865234,1.0,0.9847715497016907,0.9791666865348816,0.1302083283662796,0.7544309496879578,0.0032260571606457233,0.0076570273377001286
1325,-26.8984,-1.8004,-28.6988,-29.9062,-0.0469,2.0,0.0,0.9741954803466797,0.9850738644599915,0.9611650705337524,0.9430605173110962,0.988095223903656,0.12803171575069427,0.752565324306488,0.004003420472145081,0.010921952314674854
1330,-27.0129,-1.698,-28.7109,-29.9062,-0.0469,2.0,0.0,0.9653016328811646,0.9897514581680298,0.9639639854431152,0.9860464930534363,0.988467276096344,0.12433923780918121,0.7585121393203735,0.0043143657967448235,0.008356654085218906
1335,-27.1,-1.6012,-28.7012,-29.9062,-0.0469,2.0,0.0,0.9838146567344666,0.9922634363174438,1.0,1.0,0.9795386791229248,0.1224735677242279,0.7636427283287048,0.003070584498345852,0.006335509940981865
1340,-26.9867,-1.6613,-28.648,-29.9219,-0.0391,2.0,0.0,0.9775621294975281,0.9935311675071716,1.0,1.0,0.976190447807312,0.12818719446659088,0.7570739984512329,0.003303793491795659,0.006957400590181351
1345,-27.068,-1.6289,-28.6969,-29.9844,-0.0078,2.0,0.0,0.9772942066192627,0.9925022721290588,1.0,1.0,0.9780505895614624,0.12325093150138855,0.76204913854599,0.0037313431967049837,0.006490982603281736
1350,-26.7785,-1.8809,-28.6594,-29.9062,-0.0469,2.0,0.0,0.9593471884727478,0.9882585406303406,0.9536423683166504,0.9667896628379822,0.9694940447807312,0.13098569214344025,0.7481343150138855,0.005869091954082251,0.010533271357417107
1355,-26.8504,-1.8027,-28.6531,-29.8438,-0.1719,2.0,0.0,0.9655172228813171,0.9905582666397095,1.0,1.0,0.9661458134651184,0.12962530553340912,0.7533426880836487,0.00481965159997344,0.007734763901680708
1360,-26.9996,-1.7164,-28.716,-29.8906,-0.1484,2.0,0.0,0.9727272987365723,0.9900548458099365,1.0,1.0,0.9672619104385376,0.12398942559957504,0.7582011818885803,0.004081156570464373,0.009250622242689133
1365,-26.7285,-1.8508,-28.5793,-29.8125,-0.0938,2.0,0.0,0.9766979217529297,0.9900417327880859,0.9708737730979919,0.970588207244873,0.96875,0.13677705824375153,0.7454912662506104,0.004003420472145081,0.009250622242689133
1370,-27.0562,-1.6477,-28.7039,-29.9062,-0.0469,2.0,0.0,0.9771791100502014,0.9931678175926208,1.0,0.9828571677207947,0.9661458134651184,0.12262903898954391,0.7623212337493896,0.0037702114786952734,0.006801927927881479
1375,-26.7188,-1.9629,-28.6816,-29.8438,-0.1719,2.0,0.0,0.9618479609489441,0.9827990531921387,0.9704142212867737,0.981873095035553,0.9698660969734192,0.13040266931056976,0.7456856369972229,0.0065687187016010284,0.012865360826253891
1380,-26.8656,-1.8203,-28.6859,-29.875,-0.0625,2.0,0.0,0.9638336300849915,0.9894437193870544,1.0,1.0,0.9598214030265808,0.12896455824375153,0.7511271834373474,0.004120024852454662,0.011310634203255177
1385,-26.7328,-1.9852,-28.718,-29.9062,-0.0469,2.0,0.0,0.9478417038917542,0.9848508834838867,0.976190447807312,0.9821882843971252,0.953497052192688,0.12966418266296387,0.7440531849861145,0.006529850885272026,0.015275186859071255
1390,-26.7004,-2.1203,-28.8207,-29.8125,-0.2812,2.0,0.0,0.9459291696548462,0.9783166646957397,0.9809523820877075,0.9749518036842346,0.9263392686843872,0.1250777393579483,0.7421097755432129,0.008162313140928745,0.02017257548868656
1395,-26.4637,-2.4461,-28.9098,-29.6719,-0.4453,2.0,0.0,0.9142240285873413,0.9728463292121887,0.9598662257194519,0.976323127746582,0.8735119104385376,0.1259717047214508,0.7300217747688293,0.01162157952785492,0.027907337993383408
1400,-26.5316,-2.3816,-28.9133,-29.8984,-0.1562,2.0,0.0,0.9045553207397461,0.9713221788406372,0.9866666793823242,0.9832869172096252,0.909970223903656,0.12542754411697388,0.7305270433425903,0.011660447344183922,0.027907337993383408
1405,-26.452,-2.2844,-28.7363,-29.9219,-0.0391,2.0,0.0,0.9253171682357788,0.9765000343322754,0.9879518151283264,0.9802513718605042,0.941592276096344,0.13479477167129517,0.7293998599052429,0.009678171947598457,0.021649565547704697
1410,-26.4539,-2.2816,-28.7355,-29.8594,-0.0703,2.0,0.0,0.9357394576072693,0.9795203804969788,0.9357143044471741,0.9404761791229248,0.9200148582458496,0.13246268033981323,0.7325870394706726,0.010883084498345852,0.019589552655816078
1415,-26.25,-2.5641,-28.8141,-29.7266,-0.4062,2.0,0.0,0.9085137248039246,0.9722162485122681,0.9230769276618958,0.9579831957817078,0.8924851417541504,0.1346781700849533,0.7204601764678955,0.012632152065634727,0.02775186486542225
1420,-25.8629,-3.227,-29.0898,-29.5469,-0.6953,2.0,0.0,0.8728461265563965,0.9577219486236572,0.9384058117866516,0.9625468254089355,0.734747052192688,0.13083022832870483,0.6913479566574097,0.021455224603414536,0.05188899114727974
1425,-26.1973,-3.0164,-29.2137,-29.6875,-0.4375,2.0,0.0,0.8518270254135132,0.9655569195747375,0.8724202513694763,0.915213942527771,0.7555803656578064,0.11594372242689133,0.7098103165626526,0.020716728642582893,0.049051616340875626
1430,-25.7938,-3.4086,-29.2023,-29.6875,-0.3672,2.0,0.0,0.850155770778656,0.9548044800758362,0.90625,0.9318336844444275,0.7075892686843872,0.12476678937673569,0.6888603568077087,0.024875622242689133,0.057019591331481934
1435,-25.698,-3.3563,-29.0543,-29.4844,-0.7266,2.0,0.0,0.8722063302993774,0.9577153921127319,0.8834244012832642,0.9355805516242981,0.734375,0.1356498748064041,0.6866449117660522,0.02133861929178238,0.05188899114727974
1440,-26.4316,-2.7281,-29.1598,-29.6406,-0.5312,2.0,0.0,0.8983388543128967,0.9720468521118164,0.9305912852287292,0.9720720648765564,0.7287946343421936,0.11699315905570984,0.7202658653259277,0.015119713731110096,0.043143656104803085
1445,-25.527,-3.7535,-29.2805,-29.1406,-1.4141,2.0,0.0,0.8428824543952942,0.9427562952041626,0.9052969217300415,0.9344355463981628,0.6674107313156128,0.13160759210586548,0.6715251803398132,0.024214863777160645,0.06817474961280823
1450,-25.4375,-3.9582,-29.3957,-29.3047,-1.1797,2.0,0.0,0.8273141384124756,0.9357406497001648,0.8961424231529236,0.9233871102333069,0.6380208134651184,0.12807057797908783,0.6641402244567871,0.02619713917374611,0.07711442559957504
1455,-25.5281,-3.7922,-29.3203,-29.5859,-0.5703,2.0,0.0,0.8177099227905273,0.9458600282669067,0.88064044713974,0.9073969721794128,0.6741071343421936,0.12729321420192719,0.6726912260055542,0.02670242451131344,0.06883551180362701
1460,-24.9113,-4.3555,-29.2668,-29.5391,-0.6406,2.0,0.0,0.7991403937339783,0.9325485229492188,0.8536585569381714,0.8768909573554993,0.6700148582458496,0.1356498748064041,0.6471160054206848,0.0382462702691555,0.07451026141643524
1465,-24.3875,-5.2414,-29.6289,-29.4531,-0.5312,2.0,0.0,0.7380525469779968,0.9032339453697205,0.7563162446022034,0.8218591809272766,0.6339285969734192,0.1301306039094925,0.6177704930305481,0.0476912297308445,0.099930040538311
1470,-24.6508,-5.1063,-29.757,-29.25,-1.2422,2.0,0.0,0.7062055468559265,0.9160800576210022,0.7481358647346497,0.7803536057472229,0.620907723903656,0.12025808542966843,0.6294309496879578,0.04691386967897415,0.09891946613788605
1475,-24.1914,-5.7473,-29.9387,-29.4297,-0.5781,2.0,0.0,0.6581782698631287,0.9106442928314209,0.6625086665153503,0.747219443321228,0.562127947807312,0.11905317008495331,0.6050606369972229,0.05608675256371498,0.11532182991504669
1480,-23.3129,-7.1023,-30.4152,-28.9844,-1.5156,2.0,0.0,0.5616026520729065,0.8802677989006042,0.6292011141777039,0.7222772240638733,0.4017857015132904,0.11641013622283936,0.5515391826629639,0.07054571062326431,0.15702736377716064
1485,-24.3691,-5.8277,-30.1969,-29.1953,-1.3047,2.0,0.0,0.5874769687652588,0.9215572476387024,0.6497567892074585,0.7372982501983643,0.4720982015132904,0.10552705079317093,0.6040111780166626,0.05593128129839897,0.1300528645515442
1490,-24.4699,-5.6414,-30.1113,-29.4453,-0.8281,2.0,0.0,0.619132936000824,0.9164391160011292,0.717423141002655,0.7568602561950684,0.4858630895614624,0.1084810346364975,0.6121346354484558,0.05309390649199486,0.12181281298398972
1495,-24.132,-5.9422,-30.0742,-28.9922,-1.5938,2.0,0.0,0.6383751630783081,0.9113284349441528,0.687017560005188,0.7588779330253601,0.4665178656578064,0.11769278347492218,0.5921952724456787,0.05538712814450264,0.13024720549583435
1500,-24.0102,-5.7758,-29.7859,-29.1094,-1.4766,2.0,0.0,0.6641176342964172,0.9180037975311279,0.7643122673034668,0.8195638060569763,0.4460565447807312,0.1321517378091812,0.5934779047966003,0.05227767303586006,0.11761505156755447
1505,-24.3781,-5.7664,-30.1445,-28.9297,-1.7656,2.0,0.0,0.6683238744735718,0.9152106642723083,0.7251461744308472,0.798053503036499,0.3489583432674408,0.1094527393579483,0.6050994992256165,0.05317164212465286,0.12779851257801056
1510,-24.143,-6.0996,-30.2426,-28.8203,-1.8906,2.0,0.0,0.6233296990394592,0.9188940525054932,0.6651554107666016,0.7582857012748718,0.3411458432674408,0.10762593150138855,0.5918454527854919,0.06001243740320206,0.13603855669498444
1515,-24.2879,-5.8484,-30.1363,-29.0,-1.625,2.0,0.0,0.6639285683631897,0.9266439080238342,0.6218662858009338,0.7287153005599976,0.4066220223903656,0.10883084684610367,0.6035059094429016,0.055814675986766815,0.1273709535598755
1520,-23.9566,-6.6246,-30.5812,-29.0156,-1.7109,2.0,0.0,0.6020170450210571,0.9089376330375671,0.5875776410102844,0.6836354732513428,0.3173363208770752,0.10020211338996887,0.5762204527854919,0.0625777393579483,0.15652208030223846
1525,-21.1551,-10.9434,-32.0984,-28.6797,-1.8203,2.0,0.0,0.42340967059135437,0.856335461139679,0.29046425223350525,0.4126066267490387,0.220610111951828,0.07637593150138855,0.42638370394706726,0.12391169369220734,0.26885107159614563
1530,-18.5598,-15.1285,-33.6883,-26.75,-5.2109,2.0,0.0,0.24981017410755157,0.7651494145393372,0.17860281467437744,0.2572684586048126,0.1763392835855484,0.0511893667280674,0.27837374806404114,0.1769278645515442,0.38903141021728516
1535,-18.8902,-15.7145,-34.6047,-26.6094,-5.8203,2.0,0.0,0.21367521584033966,0.763493001461029,0.12654320895671844,0.19915884733200073,0.1383928507566452,0.03183302283287048,0.25637438893318176,0.16371268033981323,0.4436022937297821
1540,-20.3852,-12.1457,-32.5309,-28.0156,-3.3359,2.0,0.0,0.3597455322742462,0.8606152534484863,0.23878984153270721,0.335326224565506,0.2176339328289032,0.06720304489135742,0.38537779450416565,0.143889918923378,0.2990516126155853
1545,-20.7441,-12.1062,-32.8504,-28.5625,-2.4531,2.0,0.0,0.32066667079925537,0.8774877190589905,0.2196769416332245,0.2738446295261383,0.2730654776096344,0.05830223858356476,0.38864272832870483,0.13234607875347137,0.3162313401699066
1550,-19.4887,-14.2117,-33.7004,-28.4141,-2.2109,2.0,0.0,0.3275068998336792,0.8583146929740906,0.16281309723854065,0.2043054848909378,0.190476194024086,0.04224969074130058,0.3127332031726837,0.1613806039094925,0.3791588842868805
1555,-20.5324,-11.6871,-32.2195,-28.3359,-2.5312,2.0,0.0,0.4061320722103119,0.8145114183425903,0.32234013080596924,0.3663462996482849,0.3325892984867096,0.08240050077438354,0.39855411648750305,0.13553327322006226,0.2790345251560211
1560,-22.2707,-8.3969,-30.6676,-28.9688,-1.2188,2.0,0.0,0.5524766445159912,0.8813026547431946,0.4923678934574127,0.5021987557411194,0.504092276096344,0.11221237480640411,0.5072295069694519,0.09930814802646637,0.17677238583564758
1565,-24.4145,-5.1957,-29.6102,-29.5859,-0.4766,2.0,0.0,0.7074005007743835,0.9281037449836731,0.6694029569625854,0.7069881558418274,0.6848958134651184,0.125,0.623328685760498,0.0520833320915699,0.09511038661003113
1570,-23.6738,-6.1121,-29.7859,-29.6641,-0.25,2.0,0.0,0.642102062702179,0.9164968132972717,0.6523276567459106,0.6464753746986389,0.6316964030265808,0.12869247794151306,0.5911458134651184,0.06595926731824875,0.10972481220960617
1575,-24.3395,-5.3152,-29.6547,-29.7266,-0.2891,2.0,0.0,0.6670877933502197,0.9334494471549988,0.6452961564064026,0.6166878342628479,0.738467276096344,0.12305659055709839,0.6249222755432129,0.05577581003308296,0.09176772087812424
1580,-24.134,-5.6312,-29.7652,-29.75,-0.125,2.0,0.0,0.6668885350227356,0.9299942851066589,0.5963464975357056,0.5908571481704712,0.722842276096344,0.11679881811141968,0.6107353568077087,0.06595926731824875,0.10202892124652863
1585,-24.0945,-5.5578,-29.6523,-29.6406,-0.1797,2.0,0.0,0.6967340707778931,0.9455168843269348,0.5508421659469604,0.531123697757721,0.7273065447807312,0.12496113032102585,0.6120957732200623,0.06230565905570984,0.09615982323884964
1590,-24.1914,-5.5574,-29.7488,-29.5547,-0.5156,2.0,0.0,0.6846229434013367,0.9287384152412415,0.6264834403991699,0.6356498003005981,0.6622023582458496,0.11905317008495331,0.6152440905570984,0.062227923423051834,0.09899719804525375
1595,-23.6734,-6.1809,-29.8543,-29.3125,-0.6953,2.0,0.0,0.6459047198295593,0.9114693403244019,0.6219443082809448,0.6288343667984009,0.6581101417541504,0.12480565905570984,0.5883084535598755,0.06836909055709839,0.11403918266296387
1600,-23.984,-5.9711,-29.9551,-29.7188,-0.1406,2.0,0.0,0.6337741613388062,0.9157649278640747,0.5901639461517334,0.6155931949615479,0.6863839030265808,0.11462219804525375,0.5998523235321045,0.06638681888580322,0.1146610677242279
1605,-23.1781,-6.7977,-29.9758,-29.5625,-0.3594,2.0,0.0,0.6314518451690674,0.9065420627593994,0.5438050627708435,0.5751694440841675,0.6502976417541504,0.12877021729946136,0.5656094551086426,0.07497668266296387,0.12616604566574097
1610,-23.2707,-6.984,-30.2547,-29.6719,-0.1641,2.0,0.0,0.6288209557533264,0.9109826683998108,0.4357014298439026,0.46654772758483887,0.702752947807312,0.10680969804525375,0.5715562701225281,0.08644278347492218,0.13071362674236298
1615,-22.6273,-7.5676,-30.1949,-29.4062,-0.4844,2.0,0.0,0.6326594948768616,0.8950093388557434,0.4832535982131958,0.5009539127349854,0.6346726417541504,0.12305659055709839,0.5405006408691406,0.0893578976392746,0.14260727167129517
1620,-24.4684,-4.8535,-29.3219,-29.7031,-0.1484,2.0,0.0,0.7427652478218079,0.9379209280014038,0.6302083134651184,0.6486347317695618,0.8177083134651184,0.1329679787158966,0.6348724961280823,0.05223880708217621,0.0754430964589119
1625,-24.6777,-4.9762,-29.6539,-29.7656,-0.2109,2.0,0.0,0.7002967596054077,0.9240560531616211,0.666912317276001,0.6820628046989441,0.7641369104385376,0.11788712441921234,0.638215184211731,0.05274409055709839,0.08667599409818649
1630,-23.8359,-6.0363,-29.8723,-29.5469,-0.4141,2.0,0.0,0.6858420968055725,0.9105170369148254,0.5983889698982239,0.5762004256248474,0.7120535969734192,0.12161847203969955,0.5946439504623413,0.06755285710096359,0.11170709133148193
1635,-24.5059,-5.0633,-29.5691,-29.7344,-0.1328,2.0,0.0,0.7360074520111084,0.9205392003059387,0.6681416034698486,0.6713192462921143,0.7645089030265808,0.125,0.6314910054206848,0.052705224603414536,0.08632618188858032
1640,-24.6918,-4.8473,-29.5391,-29.6094,-0.2891,2.0,0.0,0.7368757724761963,0.9235290288925171,0.682539701461792,0.6928229928016663,0.7779017686843872,0.1214241310954094,0.6414412260055542,0.05142257362604141,0.08123445510864258
1645,-24.3801,-5.1156,-29.4957,-29.6797,-0.1719,2.0,0.0,0.7298520803451538,0.9265742897987366,0.6808664202690125,0.6530330777168274,0.7559523582458496,0.12877021729946136,0.6283426880836487,0.05383240059018135,0.08457711338996887
1650,-24.3488,-5.1699,-29.5188,-29.6719,-0.1641,2.0,0.0,0.7374847531318665,0.9259419441223145,0.6828752756118774,0.6457378268241882,0.7317708134651184,0.12733209133148193,0.6282260417938232,0.05515391752123833,0.08481032401323318
1655,-25.257,-4.0473,-29.3043,-29.8672,-0.0781,2.0,0.0,0.7640089392662048,0.9404361248016357,0.8170616030693054,0.7783950567245483,0.7976190447807312,0.12138526141643524,0.6701648235321045,0.04100590944290161,0.06296642124652863
1660,-25.0766,-4.3027,-29.3793,-29.7812,-0.1562,2.0,0.0,0.7733674645423889,0.9407381415367126,0.7141608595848083,0.7009832262992859,0.7842261791229248,0.1214241310954094,0.6624300479888916,0.04446517303586006,0.06720304489135742
1665,-22.6055,-7.5117,-30.1172,-29.4219,-0.3828,2.0,0.0,0.6791393756866455,0.9009464383125305,0.5058626532554626,0.4708656966686249,0.6194196343421936,0.12465018779039383,0.5379741787910461,0.09281716495752335,0.14008083939552307
1670,-21.8035,-8.8133,-30.6168,-29.3281,-0.5234,2.0,0.0,0.653130292892456,0.8723852634429932,0.423801064491272,0.418349027633667,0.5639880895614624,0.11485540866851807,0.4979788661003113,0.10941386967897415,0.17327424883842468
1675,-23.0723,-7.6738,-30.7461,-29.5234,-0.3438,2.0,0.0,0.6435477137565613,0.8933600187301636,0.46206018328666687,0.43632566928863525,0.5736607313156128,0.09246735274791718,0.543804407119751,0.09168998897075653,0.1675606369972229
1680,-21.5984,-9.0383,-30.6367,-29.2344,-0.5469,2.0,0.0,0.6794402003288269,0.8990453481674194,0.3565068542957306,0.3440316617488861,0.5677083134651184,0.11664334684610367,0.48857274651527405,0.11349502205848694,0.17681126296520233
1685,-19.9043,-12.825,-32.7293,-28.9453,-0.9141,2.0,0.0,0.5170239806175232,0.8505991101264954,0.2480178326368332,0.2326280176639557,0.2805059552192688,0.06164490059018135,0.36656561493873596,0.15687188506126404,0.31043997406959534
1690,-20.0316,-12.7695,-32.8012,-28.7656,-1.25,2.0,0.0,0.5334550142288208,0.8647812008857727,0.24928516149520874,0.20736031234264374,0.2998511791229248,0.06389925628900528,0.3641946613788605,0.14952580630779266,0.31790268421173096
1695,-20.4828,-12.2422,-32.725,-29.1641,-0.8516,2.0,0.0,0.5696452260017395,0.893244206905365,0.23144105076789856,0.21125172078609467,0.2738095223903656,0.05915733799338341,0.38374534249305725,0.142412930727005,0.3102067708969116
1700,-20.7563,-11.6062,-32.3625,-29.2109,-0.6406,2.0,0.0,0.6270396113395691,0.9071661233901978,0.23206278681755066,0.20921017229557037,0.3363095223903656,0.06669776141643524,0.40570583939552307,0.1386815905570984,0.2844371795654297
1705,-21.282,-10.5289,-31.8109,-29.4453,-0.2891,2.0,0.0,0.6937598586082458,0.9268588423728943,0.22530226409435272,0.2000323086977005,0.433407723903656,0.07412157952785492,0.4490438401699066,0.13180193305015564,0.2405550330877304
1710,-21.5734,-10.0398,-31.6133,-29.3594,-0.3203,2.0,0.0,0.7284328937530518,0.93282151222229,0.21718895435333252,0.21617020666599274,0.4497767984867096,0.07614272087812424,0.4657571613788605,0.12527208030223846,0.228350430727005
1715,-15.625,-20.7461,-36.3711,-23.4453,-11.0234,2.0,0.0,0.20195439457893372,0.5355371832847595,0.05862069129943848,0.0676015317440033,0.0714285746216774,0.011932524852454662,0.07054571062326431,0.2254353165626526,0.587608814239502
1720,-19.823,-12.9734,-32.7965,-28.9375,-0.625,2.0,0.0,0.7630661725997925,0.9419901371002197,0.1217494085431099,0.09777612239122391,0.4051339328289032,0.05577581003308296,0.3624844551086426,0.16441231966018677,0.31284981966018677
1725,-21.0215,-10.3703,-31.3918,-29.2344,-0.3828,2.0,0.0,0.7139107584953308,0.9314797520637512,0.24091941118240356,0.19187600910663605,0.488095223903656,0.08885261416435242,0.45153141021728516,0.1369713991880417,0.21816697716712952
1730,-19.5703,-13.8375,-33.4078,-28.8516,-0.8906,2.0,0.0,0.5548281669616699,0.8639311194419861,0.18739475309848785,0.16002178192138672,0.2823660671710968,0.04749688878655434,0.32964086532592773,0.16157494485378265,0.35680970549583435
1735,-19.5016,-12.9391,-32.4406,-28.7422,-0.6406,2.0,0.0,0.7121129631996155,0.9098334312438965,0.17438629269599915,0.13291974365711212,0.3969494104385376,0.07155627757310867,0.3616682291030884,0.16783271729946136,0.29446518421173096
1740,-19.6719,-12.3816,-32.0535,-29.0938,-0.4766,2.0,0.0,0.6564593315124512,0.904869556427002,0.23292219638824463,0.16542857885360718,0.4055059552192688,0.08123445510864258,0.3783426582813263,0.16386815905570984,0.27207711338996887
1745,-20.0871,-12.3645,-32.4516,-29.2031,-0.5156,2.0,0.0,0.6532633900642395,0.8991307616233826,0.1977994441986084,0.15368053317070007,0.4222470223903656,0.06669776141643524,0.38456156849861145,0.1554337739944458,0.2888292968273163
1750,-21.3828,-9.9664,-31.3492,-29.1641,-0.4531,2.0,0.0,0.7032003402709961,0.9231926202774048,0.2817848324775696,0.21930460631847382,0.4795386791229248,0.08865827322006226,0.46505752205848694,0.12717661261558533,0.21462997794151306
1755,-19.752,-13.3254,-33.0773,-29.1719,-0.4141,2.0,0.0,0.6189770102500916,0.8908848762512207,0.18001452088356018,0.1430913358926773,0.3333333432674408,0.05243314802646637,0.3505130708217621,0.1606421023607254,0.3319340944290161
1760,-20.7863,-10.8547,-31.641,-29.25,-0.375,2.0,0.0,0.6571961045265198,0.9210385680198669,0.24768392741680145,0.1945137083530426,0.4657738208770752,0.08344993740320206,0.4356343150138855,0.14264614880084991,0.23379197716712952
1765,-21.7781,-9.1289,-30.907,-29.4844,-0.2578,2.0,0.0,0.6460176706314087,0.9145704507827759,0.40447959303855896,0.28763383626937866,0.4929315447807312,0.10101834684610367,0.4913712739944458,0.1180037334561348,0.1851290464401245
1770,-19.9937,-11.2375,-31.2313,-28.9688,-0.5156,2.0,0.0,0.6969808340072632,0.917686939239502,0.2908545732498169,0.1832047700881958,0.4620535671710968,0.10556592047214508,0.41270211338996887,0.15555037558078766,0.22170397639274597
1775,-20.3941,-11.318,-31.7121,-29.2969,-0.3516,2.0,0.0,0.6263636350631714,0.8995718359947205,0.27194130420684814,0.1993948072195053,0.474702388048172,0.08550994843244553,0.41759949922561646,0.1483597606420517,0.2440531700849533
1780,-20.5227,-10.741,-31.2637,-29.0312,-0.4844,2.0,0.0,0.6822716593742371,0.9073494076728821,0.3081379234790802,0.18588152527809143,0.5226934552192688,0.10129041969776154,0.43419620394706726,0.14089708030223846,0.21913868188858032
1785,-19.4281,-12.4859,-31.9141,-28.6641,-0.7031,2.0,0.0,0.5871244668960571,0.8634305596351624,0.34618979692459106,0.19956740736961365,0.3746279776096344,0.09056281298398972,0.3691309094429016,0.16627798974514008,0.2695506811141968
1790,-20.4066,-11.8098,-32.2164,-29.3281,-0.3359,2.0,0.0,0.5824899077415466,0.8576844334602356,0.3030220568180084,0.21114864945411682,0.4360119104385376,0.07680348306894302,0.3998367488384247,0.14276275038719177,0.2761194109916687
1795,-19.3641,-13.4508,-32.8148,-29.0781,-0.4609,2.0,0.0,0.5260744690895081,0.822370707988739,0.28957435488700867,0.19378557801246643,0.3519345223903656,0.06782493740320206,0.3374145030975342,0.16254663467407227,0.3277363181114197
1800,-18.4746,-15.982,-34.4566,-28.7188,-0.6875,2.0,0.0,0.4738067388534546,0.8024325370788574,0.16798941791057587,0.11814458668231964,0.2399553507566452,0.03338775038719177,0.2492614984512329,0.17630596458911896,0.43656715750694275
1805,-19.4566,-14.1996,-33.6562,-28.8906,-0.8594,2.0,0.0,0.47336244583129883,0.7847231030464172,0.2420644462108612,0.2006346583366394,0.2652529776096344,0.04450404271483421,0.31090641021728516,0.1604088991880417,0.3797030448913574
1810,-15.2949,-20.6539,-35.9488,-22.3125,-13.7578,2.0,0.0,0.08946321904659271,0.20880752801895142,0.14435483515262604,0.09967868030071259,0.0885416641831398,0.019550684839487076,0.07855255156755447,0.24098259210586548,0.5564365386962891
1815,-18.9609,-13.507,-32.468,-28.3359,-1.0078,2.0,0.0,0.6288032531738281,0.8475372195243835,0.25362956523895264,0.17312628030776978,0.355282723903656,0.07664801180362701,0.33931902050971985,0.17669464647769928,0.30286070704460144
1820,-16.2188,-20.2852,-36.5039,-23.1406,-11.9844,2.0,0.0,0.1666666716337204,0.4095613658428192,0.1349952071905136,0.06776580214500427,0.0833333358168602,0.015158582478761673,0.07886349409818649,0.20269745588302612,0.5988028645515442
1825,-20.1289,-12.0289,-32.1578,-29.0156,-0.5859,2.0,0.0,0.6664937734603882,0.8999703526496887,0.27826744318008423,0.14200171828269958,0.4174107015132904,0.07493781298398972,0.3936178386211395,0.15434545278549194,0.2726212739944458
1830,-17.6004,-17.325,-34.9254,-27.3594,-2.2578,2.0,0.0,0.5209988355636597,0.7675773501396179,0.1782219409942627,0.09395702183246613,0.1644345223903656,0.03424284979701042,0.19348569214344025,0.1866837739944458,0.4811100661754608
1835,-16.4484,-19.084,-35.5324,-24.4688,-9.2812,2.0,0.0,0.22746185958385468,0.5024110674858093,0.20493464171886444,0.11120118200778961,0.100074402987957,0.028023943305015564,0.12896455824375153,0.2110929787158966,0.5274409055709839
1840,-17.7227,-16.8133,-34.5359,-27.3047,-3.1406,2.0,0.0,0.37721237540245056,0.7445691823959351,0.21718472242355347,0.13865582644939423,0.1324404776096344,0.035136815160512924,0.21470771729946136,0.19632306694984436,0.44935479760169983
1845,-15.4957,-21.7617,-37.2574,-20.0312,-18.7891,2.0,0.0,0.0,0.06313645839691162,0.05056913569569588,0.029546523466706276,0.0595238097012043,0.006452114321291447,0.0190842654556036,0.20829446613788605,0.6616915464401245
1850,-17.784,-17.3891,-35.173,-26.9688,-4.2578,2.0,0.0,0.2840059697628021,0.6653712391853333,0.19590458273887634,0.14327187836170197,0.1034226194024086,0.026002798229455948,0.1900264322757721,0.18411846458911896,0.4953746795654297
1855,-15.6879,-21.4594,-37.1473,-20.0781,-18.1797,2.0,0.0,0.051428571343421936,0.14217443764209747,0.07909073680639267,0.03753367438912392,0.0524553582072258,0.006801927927881479,0.03253265097737312,0.20689521729946136,0.6492925882339478
1860,-17.0496,-17.4516,-34.5012,-25.75,-5.2656,2.0,0.0,0.36738350987434387,0.7004032135009766,0.2503276467323303,0.12690354883670807,0.1112351194024086,0.0433768667280674,0.1927860677242279,0.2075948417186737,0.45176461338996887
1865,-17.1516,-18.0902,-35.2418,-23.7344,-9.8828,2.0,0.0,0.23470522463321686,0.41812437772750854,0.3162497580051422,0.14350014925003052,0.1674107164144516,0.03494247421622276,0.15998134016990662,0.19111473858356476,0.509483814239502
1870,-15.5469,-20.5813,-36.1281,-20.5547,-17.1797,2.0,0.0,0.07407407462596893,0.12781955301761627,0.18725936114788055,0.08567178249359131,0.115699402987957,0.02623600699007511,0.07237251102924347,0.2220926582813263,0.5748212337493896
1875,-16.0324,-21.4688,-37.5012,-20.2109,-18.7109,2.0,0.0057,0.013333333656191826,0.058252427726984024,0.06838682293891907,0.02416452392935753,0.0818452388048172,0.005830223672091961,0.024020522832870483,0.18528451025485992,0.6803871393203735
1880,-16.0176,-21.4551,-37.4727,-19.5547,-19.6016,2.0,0.0263,0.011834319680929184,0.04754098504781723,0.0851859524846077,0.023498395457863808,0.0714285746216774,0.0065687187016010284,0.023709576576948166,0.18707245588302612,0.6781716346740723
1885,-15.4875,-21.9082,-37.3957,-19.8203,-19.2344,2.0,0.0759,0.0,0.038277510553598404,0.044773321598768234,0.01711989752948284,0.0643601194024086,0.0043143657967448235,0.016246890649199486,0.20747824013233185,0.6674829125404358
1890,-14.9625,-22.0113,-36.9738,-19.4141,-19.6719,2.0,0.1126,0.027027027681469917,0.032258063554763794,0.0861605629324913,0.017812328413128853,0.0621279776096344,0.008628731593489647,0.02048351988196373,0.23142102360725403,0.6349891424179077
1895,-15.7602,-21.4074,-37.1676,-20.5625,-17.7031,2.0,0.1619,0.04109589010477066,0.11924438923597336,0.11182170361280441,0.028845010325312614,0.063988097012043,0.008512127213180065,0.03292132914066315,0.20055970549583435,0.6535292267799377
1900,-14.8668,-22.1957,-37.0625,-19.7812,-18.8672,2.0,0.1838,0.006097560748457909,0.05735660716891289,0.051764313131570816,0.016153519973158836,0.0595238097012043,0.006374378222972155,0.015586132183670998,0.23351989686489105,0.6400420069694519
1905,-15.2871,-22.0699,-37.357,-19.4844,-19.5312,2.0,0.2389,0.01904761977493763,0.0628930851817131,0.04075292497873306,0.012248468585312366,0.0602678582072258,0.004081156570464373,0.012360074557363987,0.21268656849861145,0.6663945913314819
1910,-15.8625,-21.8367,-37.6992,-19.6328,-19.9609,2.0,0.2791,0.0,0.07526881992816925,0.040074750781059265,0.008906564675271511,0.056175597012043,0.003614738816395402,0.01084421668201685,0.18718905746936798,0.6938743591308594
1915,-15.4051,-21.7871,-37.1922,-19.7344,-19.0078,2.0,0.3193,0.03030303120613098,0.07475083321332932,0.0723767951130867,0.020567545667290688,0.076636902987957,0.006413246039301157,0.023398632183670998,0.21373601257801056,0.6519744992256165
1920,-16.1191,-21.0141,-37.1332,-21.2969,-16.3516,2.0,0.3552,0.04597701132297516,0.1658163219690323,0.11022981256246567,0.04344959929585457,0.087425597012043,0.010144589468836784,0.04570895433425903,0.19111473858356476,0.6485540866851807
1925,-16.8602,-17.602,-34.4621,-25.0312,-7.6875,2.0,0.3608,0.27875733375549316,0.6076467037200928,0.2781227231025696,0.128810316324234,0.2209821492433548,0.04629197716712952,0.1901041716337204,0.21284204721450806,0.4462842047214508
1930,-15.5437,-20.6754,-36.2191,-21.1172,-16.1484,2.0,0.3374,0.08224298804998398,0.25185972452163696,0.17977723479270935,0.06210929527878761,0.1127232164144516,0.020794464275240898,0.07314987480640411,0.22333644330501556,0.5782415866851807
1935,-15.9254,-21.527,-37.4523,-19.8906,-19.375,2.0,0.3841,0.0382513664662838,0.03384094685316086,0.09061090648174286,0.021048998460173607,0.061011902987957,0.007112873252481222,0.022971082478761673,0.18959887325763702,0.6758395433425903
1940,-15.4414,-21.6945,-37.1359,-19.5625,-19.3984,2.0,0.4119,0.03375527262687683,0.0533117949962616,0.0988970622420311,0.02215719036757946,0.065476194024086,0.009211753495037556,0.024059390649199486,0.21144278347492218,0.6508084535598755
1945,-15.2844,-21.5926,-36.877,-19.3906,-19.7891,2.0,0.4424,0.07055961340665817,0.04287690296769142,0.13073639571666718,0.028125768527388573,0.067336305975914,0.01597481407225132,0.02810167893767357,0.21851679682731628,0.6329290866851807
1950,-14.507,-22.0996,-36.6066,-19.4375,-19.5781,2.0,0.4883,0.07784431427717209,0.038805969059467316,0.10236833989620209,0.02394672855734825,0.0554315485060215,0.012981965206563473,0.02604166604578495,0.24945583939552307,0.6070429086685181
1955,-15.3332,-21.6566,-36.9898,-19.2656,-19.8281,2.0,0.5243,0.024316109716892242,0.028694404289126396,0.10437589883804321,0.030417324975132942,0.0643601194024086,0.012787624262273312,0.02709110639989376,0.21672885119915009,0.6389148235321045
1960,-15.8078,-21.4855,-37.2934,-19.9375,-18.9766,2.0,0.566,0.041025642305612564,0.0732044205069542,0.07413249462842941,0.031321484595537186,0.0740327388048172,0.0075792912393808365,0.02814054675400257,0.19713930785655975,0.6626632213592529
1965,-16.3922,-21.2449,-37.6371,-19.8281,-19.4297,2.0,0.6025,0.02654867246747017,0.03610675036907196,0.08951465040445328,0.02599809132516384,0.0740327388048172,0.008784203790128231,0.024759016931056976,0.16977612674236298,0.6922030448913574
1970,-16.2613,-21.2664,-37.5277,-19.625,-19.5547,2.0,0.6395,0.02793296054005623,0.06131386756896973,0.08434782922267914,0.031121984124183655,0.0651041641831398,0.006957400590181351,0.026624688878655434,0.1787935346364975,0.6831467747688293
1975,-15.5988,-21.7676,-37.3664,-19.5156,-19.8203,2.0,0.6803,0.011363636702299118,0.049462366849184036,0.06186163052916527,0.020046483725309372,0.065476194024086,0.006840796209871769,0.01807369478046894,0.20168687403202057,0.6689209938049316
1980,-16.0594,-21.518,-37.5773,-20.0078,-18.8594,2.0,0.7291,0.007633587811142206,0.04545454680919647,0.04618003964424133,0.028312571346759796,0.0584077388048172,0.005091728642582893,0.02137748710811138,0.18264147639274597,0.6864116787910461
1985,-15.2695,-22.2129,-37.4824,-19.4375,-20.1406,2.0,0.7774,0.014285714365541935,0.013605441898107529,0.025036819279193878,0.0059226034209132195,0.0543154776096344,0.002720771124586463,0.005713619291782379,0.21113184094429016,0.675956130027771
1990,-15.3656,-22.2281,-37.5938,-19.3594,-20.3203,2.0,0.8344,0.0,0.0,0.01721234805881977,0.002049530390650034,0.0565476194024086,0.0018656715983524919,0.0031871891114860773,0.20775030553340912,0.6827192306518555
1995,-15.2902,-22.2371,-37.5273,-19.2109,-20.2188,2.0,0.8881,0.0,0.0,0.01790989749133587,0.005049346014857292,0.0535714291036129,0.002370957750827074,0.005247201304882765,0.21050995588302612,0.6773942708969116
2000,-15.591,-22.1078,-37.6988,-19.4141,-20.2812,2.0,0.9512,0.0,0.0,0.01950738951563835,0.002807726850733161,0.0535714291036129,0.002060012426227331,0.00404228875413537,0.1972559094429016,0.6921641826629639
2005,-15.8344,-21.968,-37.8023,-19.5078,-19.7188,2.0,0.9978,0.0,0.0,0.013842974789440632,0.006701002363115549,0.0505952388048172,0.00120491289999336,0.004353233613073826,0.18812188506126404,0.7018423676490784
2010,-16.0148,-21.8543,-37.8691,-19.6953,-20.0,2.0,1.0507,0.024390242993831635,0.012121211737394333,0.015972372144460678,0.008406131528317928,0.0498511902987957,0.0015935945557430387,0.006413246039301157,0.18007618188858032,0.7074393630027771
2015,-15.398,-22.2816,-37.6797,-19.5781,-20.1406,2.0,1.1077,0.0,0.0,0.0020833334419876337,0.0007897557225078344,0.0505952388048172,0.00011660447489703074,0.0011660447344183922,0.20522387325763702,0.6890158653259277
2020,-15.4137,-22.2527,-37.6664,-19.3672,-20.2109,2.0,1.1606,0.0,0.0,0.004574913997203112,0.0024804105050861835,0.0479910708963871,0.00042754976311698556,0.0017101990524679422,0.20390236377716064,0.6894822716712952
2025,-15.4566,-22.2523,-37.709,-19.3828,-20.2969,2.0,1.2188,0.0,0.0,0.003267973894253373,0.0008984726155176759,0.0476190485060215,0.0002720771008171141,0.0008939676336012781,0.20219215750694275,0.6921641826629639
2030,-16.0457,-21.9016,-37.9473,-20.0312,-19.375,2.0,1.2746,0.0,0.14018692076206207,0.006961061619222164,0.0039840638637542725,0.0509672611951828,0.0005052860942669213,0.004158893134444952,0.17867693305015564,0.7121812701225281
2035,-15.8305,-22.0449,-37.8754,-19.2656,-20.3672,2.0,1.3298,0.0,0.0,0.0022816841956228018,0.0026995758526027203,0.0505952388048172,0.00011660447489703074,0.0025264304131269455,0.18738339841365814,0.7054959535598755
2040,-15.9078,-22.025,-37.9328,-19.4844,-20.2578,2.0,1.3908,0.0,0.0,0.002758328104391694,0.001256899326108396,0.0476190485060215,0.00023320894979406148,0.0008550995262339711,0.1831856369972229,0.7112484574317932
2045,-15.5113,-22.177,-37.6883,-19.7109,-19.6172,2.0,1.4429,0.0,0.0,0.006551059894263744,0.004114530514925718,0.0505952388048172,0.0006607586983591318,0.0035370024852454662,0.20172575116157532,0.6895988583564758
2050,-14.8957,-22.5199,-37.4156,-18.9844,-20.4609,2.0,1.5021,0.0,0.0,0.003932296298444271,0.0014004785334691405,0.0505952388048172,0.0007384950295090675,0.0013603855622932315,0.22733986377716064,0.6660836338996887
2055,-15.518,-22.1848,-37.7027,-19.4922,-19.9375,2.0,1.5595,0.0,0.0,0.0034775887615978718,0.004386458080261946,0.0476190485060215,0.0003886815975420177,0.0027985074557363987,0.2011815905570984,0.6911535859107971
2060,-14.8316,-22.5672,-37.3988,-19.0312,-20.4141,2.0,1.6156,0.0,0.0,0.002200033748522401,0.0009355631191283464,0.0476190485060215,0.00042754976311698556,0.0006996268639340997,0.22967195510864258,0.66472327709198
2065,-15.1223,-22.3961,-37.5184,-19.4766,-20.0625,2.0,1.6728,0.0,0.0,0.003737319726496935,0.0028242075350135565,0.0487351194024086,0.000621890532784164,0.002137748757377267,0.21840018033981323,0.6743625402450562
2070,-15.5086,-22.2176,-37.7262,-19.4531,-20.0859,2.0,1.7292,0.0,0.0,0.00253263209015131,0.0015110812382772565,0.0505952388048172,0.0002720771008171141,0.001243781065568328,0.19951026141643524,0.6944962739944458
2075,-15.3945,-22.298,-37.6926,-19.2969,-20.3516,2.0,1.7864,0.0,0.0,0.001323501579463482,0.0,0.0479910708963871,3.886815829901025e-05,0.00019434079877100885,0.2055736929178238,0.6897155046463013
2080,-15.6258,-22.1754,-37.8012,-19.5703,-20.2031,2.0,1.8405,0.0,0.0,0.0019868866074830294,0.00016678712563589215,0.0502232126891613,0.0003886815975420177,0.0003886815975420177,0.19562344253063202,0.6991215944290161
2085,-14.9586,-22.4926,-37.4512,-19.0859,-20.375,2.0,1.8955,0.0,0.0,0.005355909001082182,0.0009876256808638573,0.0476190485060215,0.0006607586983591318,0.0008550995262339711,0.22496891021728516,0.6690376400947571
2090,-15.4828,-22.2141,-37.6969,-19.3438,-20.2578,2.0,1.9536,0.0,0.0,0.009424889460206032,0.0010689771734178066,0.0505952388048172,0.001243781065568328,0.0013603855622932315,0.2020755559206009,0.6908426880836487
2095,-15.2426,-22.3617,-37.6043,-19.2656,-20.3672,2.0,2.0,0.0,0.0,0.0027372261974960566,0.0006274241604842246,0.0487351194024086,0.0002720771008171141,0.0008162313606590033,0.21299751102924347,0.6814365386962891
2100,-15.552,-22.1953,-37.7473,-19.5781,-20.1172,2.0,2.0,0.0,0.0,0.0035370406694710255,0.0012841271236538887,0.0505952388048172,0.0002720771008171141,0.0012826492311432958,0.19780005514621735,0.6961675882339478
2105,-15.5883,-22.1777,-37.766,-19.4531,-20.2734,2.0,2.0,0.25,0.03999999910593033,0.005137324798852205,0.0005017281509935856,0.0505952388048172,0.000621890532784164,0.0009717039647512138,0.19671174883842468,0.6972170472145081
2110,-14.977,-22.4723,-37.4492,-19.1406,-20.3359,2.0,2.0,0.0,0.0,0.003800310892984271,0.0018611142877489328,0.0524553582072258,0.0005441542016342282,0.0016713308868929744,0.2250077724456787,0.66829913854599
2115,-15.6062,-22.1652,-37.7715,-19.4219,-20.2422,2.0,2.0,0.0,0.0,0.0049338857643306255,0.0012827663449570537,0.0498511902987957,0.0006996268639340997,0.0009717039647512138,0.1969449669122696,0.6969060897827148
2120,-15.5621,-22.1867,-37.7488,-19.4688,-20.2656,2.0,2.0,0.0,0.0,0.00453470041975379,0.0017864120891317725,0.0476190485060215,0.000621890532784164,0.001515858224593103,0.19713930785655975,0.6962453126907349
2125,-16.0504,-21.9531,-38.0035,-19.4297,-20.2734,2.0,2.0,0.0,0.0,0.004221284296363592,0.000702626770362258,0.0494791679084301,0.0006607586983591318,0.0007773631950840354,0.17494557797908783,0.7191386818885803
2130,-15.6625,-22.1371,-37.7996,-19.5312,-20.1172,2.0,2.0,0.0,0.0,0.004832863342016935,0.001220798003487289,0.0505952388048172,0.0005441542016342282,0.001515858224593103,0.19301928579807281,0.7004430890083313
2135,-14.9316,-22.523,-37.4547,-19.125,-20.4375,2.0,2.0,0.0,0.0,0.0024137930013239384,0.00029030945734120905,0.0476190485060215,0.00023320894979406148,0.00042754976311698556,0.2254353165626526,0.6694263219833374
2140,-15.7852,-22.0828,-37.868,-19.4844,-20.1641,2.0,2.0,0.0,0.0,0.003528435016050935,0.0006599933840334415,0.0524553582072258,0.0005441542016342282,0.0010105721885338426,0.18726679682731628,0.70670086145401
2145,-15.6988,-22.1453,-37.8441,-19.4844,-20.2578,2.0,2.0,0.0,0.0,0.0018281536176800728,0.0,0.0476190485060215,0.00011660447489703074,0.00023320894979406148,0.19134794175624847,0.7038246393203735
2150,-14.959,-22.4988,-37.4578,-19.2344,-20.2656,2.0,2.0,0.0,0.0,0.0034500602632761,0.0009298000950366259,0.0479910708963871,0.0005441542016342282,0.0008162313606590033,0.22531871497631073,0.6688432693481445
2155,-15.5086,-22.2188,-37.7273,-19.4766,-20.1094,2.0,2.0,0.0,0.0,0.001931993872858584,0.0015712681924924254,0.0505952388048172,0.00023320894979406148,0.001476990059018135,0.2011815905570984,0.6926305890083313
2160,-15.6137,-22.1645,-37.7781,-19.5781,-20.1172,2.0,2.0,0.0,0.0,0.00255804811604321,0.001840696088038385,0.0487351194024086,0.00011660447489703074,0.0010494403541088104,0.19752798974514008,0.6968283653259277
2165,-15.3059,-22.3348,-37.6406,-19.2969,-20.3281,2.0,2.0,0.0,0.0,0.0031510659027844667,0.0002268731186632067,0.0476190485060215,0.000155472633196041,0.0003886815975420177,0.20969371497631073,0.6852844953536987
2170,-15.3934,-22.2945,-37.6879,-19.4688,-20.2656,2.0,2.0,0.0,0.0,0.002075471682474017,0.00016925246745813638,0.0479910708963871,0.00023320894979406148,0.00034981343196704984,0.20600123703479767,0.6889381408691406
2175,-15.8152,-22.073,-37.8883,-19.4531,-20.2734,2.0,2.0,0.0,0.0,0.0037515631411224604,0.0008237684378400445,0.0476190485060215,0.000310945266392082,0.0009717039647512138,0.18648943305015564,0.7077503204345703
2180,-14.8953,-22.5465,-37.4418,-19.3281,-20.3125,2.0,2.0,0.0,0.0,0.0017096939263865352,0.0,0.0476190485060215,7.77363165980205e-05,0.00023320894979406148,0.22733986377716064,0.6678715944290161
2185,-15.9211,-22.0242,-37.9453,-19.5781,-20.1172,2.0,2.0,0.0,0.0,0.00042835724889300764,0.0007086013210937381,0.0517113097012043,3.886815829901025e-05,0.0009328357991762459,0.181475430727005,0.7130752205848694
2190,-15.6637,-22.1395,-37.8031,-19.6641,-19.8984,2.0,2.0,0.0,0.0,0.0024038462433964014,0.0014438829384744167,0.0517113097012043,0.000621890532784164,0.0009717039647512138,0.19402985274791718,0.6998989582061768
2195,-14.7945,-22.5688,-37.3633,-19.0234,-20.4766,2.0,2.0,0.0,0.0,0.004022795706987381,0.001057703630067408,0.0535714291036129,0.0010105721885338426,0.0011660447344183922,0.23188744485378265,0.6614583134651184
2200,-15.4852,-22.1859,-37.6711,-19.6094,-19.9609,2.0,2.0,0.0,0.06796116381883621,0.004396024625748396,0.0034490558318793774,0.0591517873108387,0.0007384950295090675,0.004003420472145081,0.20335820317268372,0.6874222755432129
2205,-14.8551,-22.4348,-37.2898,-19.6094,-19.4453,2.0,2.0,0.02222222276031971,0.09271523356437683,0.012571237049996853,0.00805782712996006,0.0509672611951828,0.00174906721804291,0.005869091954082251,0.23188744485378265,0.6560167670249939
2210,-15.3699,-22.2488,-37.6188,-19.6406,-19.7812,2.0,2.0,0.0,0.010309278033673763,0.004499437753111124,0.0046609449200332165,0.0498511902987957,0.000621890532784164,0.0037702114786952734,0.20732276141643524,0.6838075518608093
2215,-15.8527,-22.0531,-37.9059,-19.5078,-20.1406,2.0,2.0,0.0,0.0357142873108387,0.0016909744590520859,0.0009302325779572129,0.0509672611951828,0.00023320894979406148,0.0010883084032684565,0.18388526141643524,0.7103155851364136
2220,-14.902,-22.5191,-37.4211,-19.3203,-20.1875,2.0,2.0,0.0,0.0,0.004452817142009735,0.0014577260008081794,0.0476190485060215,0.0005830223672091961,0.0013992537278681993,0.22695118188858032,0.6665889024734497
2225,-15.5434,-22.1809,-37.7242,-19.4531,-20.0391,2.0,2.0,0.0,0.12121212482452393,0.006254886742681265,0.001625014003366232,0.0520833320915699,0.00046641789958812296,0.0025652984622865915,0.19884949922561646,0.693641185760498
2230,-15.5988,-22.1297,-37.7285,-19.6328,-19.7969,2.0,2.0,0.0,0.020408162847161293,0.00827260222285986,0.004033613484352827,0.0494791679084301,0.0005830223672091961,0.0038090795278549194,0.19733364880084991,0.6937966346740723
2235,-15.7973,-21.884,-37.6813,-19.8125,-18.875,2.0,2.0,0.0,0.19218240678310394,0.01726238802075386,0.010864058509469032,0.0602678582072258,0.0017101990524679422,0.011932524852454662,0.19138681888580322,0.6904928684234619
2240,-15.9289,-21.8773,-37.8063,-20.125,-18.9297,2.0,2.0,0.0833333358168602,0.061403509229421616,0.011511092074215412,0.009938922710716724,0.0550595223903656,0.0009328357991762459,0.00886194035410881,0.185712069272995,0.7000155448913574
2245,-14.9914,-22.3707,-37.3621,-19.2734,-19.8125,2.0,2.0,0.0,0.03267974033951759,0.013677551411092281,0.008404843509197235,0.0476190485060215,0.0009328357991762459,0.00594682851806283,0.22733986377716064,0.6613028645515442
2250,-15.8223,-21.7203,-37.5426,-20.4766,-17.7812,2.0,2.0,0.0810810774564743,0.2211720198392868,0.018407363444566727,0.02306019701063633,0.0528273805975914,0.0014381218934431672,0.020561255514621735,0.1942630559206009,0.6792599558830261
2255,-15.6367,-21.9391,-37.5758,-20.0391,-19.0312,2.0,2.0,0.0,0.0878186970949173,0.017465554177761078,0.015655353665351868,0.0546875,0.001243781065568328,0.01372046023607254,0.2002876251935959,0.6802704930305481
2260,-15.7008,-21.859,-37.5598,-20.1094,-18.8672,2.0,2.0,0.12820513546466827,0.09268292784690857,0.01930953748524189,0.01935409940779209,0.0535714291036129,0.001515858224593103,0.01593594439327717,0.19927705824375153,0.6787935495376587
2265,-15.9785,-21.3598,-37.3383,-20.9375,-16.8359,2.0,2.0,0.1458333283662796,0.23596793413162231,0.038821421563625336,0.03642655909061432,0.0755208358168602,0.0037313431967049837,0.033931903541088104,0.1952347606420517,0.6626243591308594
2270,-15.2023,-22.0344,-37.2367,-19.7656,-19.2031,2.0,2.0,0.0,0.006651884876191616,0.03636683151125908,0.019948787987232208,0.0762648805975914,0.00404228875413537,0.01752953976392746,0.22123755514621735,0.6527130007743835
2275,-15.8082,-21.0723,-36.8805,-21.4297,-15.9219,2.0,2.0,0.15217390656471252,0.22651128470897675,0.08928242325782776,0.051612500101327896,0.082961305975914,0.0071517410688102245,0.053365983068943024,0.21070429682731628,0.6243003606796265
2280,-15.1203,-21.909,-37.0293,-19.9922,-17.4141,2.0,2.0,0.08888889104127884,0.1418338119983673,0.0560426339507103,0.02208663895726204,0.087425597012043,0.005247201304882765,0.027129974216222763,0.22609607875347137,0.63704913854599
2285,-15.3777,-21.7738,-37.1516,-20.3906,-17.2969,2.0,2.0,0.0901639312505722,0.19480518996715546,0.04685264825820923,0.025311129167675972,0.0803571417927742,0.004741915501654148,0.02693563513457775,0.21735075116157532,0.6464940905570984
2290,-15.7906,-21.9078,-37.6984,-19.7266,-19.4688,2.0,2.0,0.0,0.038910504430532455,0.022649141028523445,0.008709822781383991,0.0695684552192688,0.0016324627213180065,0.0099891172721982,0.19220304489135742,0.6916977763175964
2295,-15.3113,-22.0051,-37.3164,-20.2422,-18.3438,2.0,2.0,0.060975611209869385,0.14537444710731506,0.029395949095487595,0.017252584919333458,0.0669642835855484,0.0031871891114860773,0.017646145075559616,0.21684545278549194,0.6578435897827148
2300,-15.7625,-22.018,-37.7805,-19.4219,-20.2891,2.0,2.0,0.0,0.0,0.013712648302316666,0.005393683444708586,0.0505952388048172,0.002098880708217621,0.004508706275373697,0.18990983068943024,0.6990049481391907
2305,-16.4145,-21.593,-38.0074,-19.7656,-19.6719,2.0,2.0,0.03333333507180214,0.05118110403418541,0.022748814895749092,0.009834648109972477,0.065476194024086,0.0023320894688367844,0.009872512891888618,0.16402363777160645,0.7192941308021545
2310,-15.8992,-21.932,-37.8312,-19.6875,-19.8047,2.0,2.0,0.0,0.0,0.013891812413930893,0.00580014381557703,0.0591517873108387,0.0012826492311432958,0.00594682851806283,0.1846626251935959,0.703630268573761
2315,-16.2492,-21.7219,-37.9711,-19.9141,-19.3281,2.0,2.0,0.0,0.05797101557254791,0.0165909081697464,0.00880961399525404,0.053199402987957,0.0017101990524679422,0.008045708760619164,0.17101989686489105,0.7147465944290161
2320,-15.2387,-22.325,-37.5637,-19.2969,-20.2578,2.0,2.0,0.0,0.0,0.007930653169751167,0.001996691105887294,0.0539434514939785,0.0009328357991762459,0.0025264304131269455,0.21074315905570984,0.6813199520111084
2325,-15.4105,-22.2145,-37.625,-19.3984,-20.2891,2.0,2.0,0.01923076994717121,0.0,0.012776506133377552,0.002208005404099822,0.0587797611951828,0.002021144377067685,0.0031483208294957876,0.20382462441921234,0.6865283250808716
2330,-15.8633,-21.9641,-37.8273,-19.5703,-20.2031,2.0,2.0,0.0,0.008849557489156723,0.015922900289297104,0.005135284271091223,0.0505952388048172,0.0017101990524679422,0.0043921018950641155,0.18551772832870483,0.7039023637771606
2335,-15.7027,-21.998,-37.7008,-19.6797,-19.9609,2.0,2.0,0.0,0.005747126415371895,0.017621144652366638,0.008249158039689064,0.0554315485060215,0.002021144377067685,0.00676305964589119,0.19410759210586548,0.6926305890083313
2340,-15.3273,-22.0012,-37.3285,-19.7344,-19.0078,2.0,2.0,0.010526316240429878,0.08545034378767014,0.029634984210133553,0.01849452219903469,0.0684523805975914,0.0036924751475453377,0.01682991348206997,0.2150963991880417,0.6599035859107971
2345,-15.557,-21.8922,-37.4492,-19.9531,-18.8516,2.0,2.0,0.010204081423580647,0.025882352143526077,0.028674514964222908,0.02034664712846279,0.065476194024086,0.0038090795278549194,0.01651896722614765,0.2046797275543213,0.6705146431922913
2350,-15.6574,-21.8648,-37.5223,-20.0625,-18.8672,2.0,2.0,0.0,0.0594315230846405,0.031712062656879425,0.015201927162706852,0.0744047611951828,0.0031483208294957876,0.015041977167129517,0.1997823417186737,0.6775497794151306
2355,-15.2176,-21.984,-37.2016,-20.1094,-18.2109,2.0,2.0,0.05882352963089943,0.1170634925365448,0.031255487352609634,0.023717068135738373,0.0680803582072258,0.003964552190154791,0.019589552655816078,0.2213541716337204,0.6506141424179077
2360,-14.941,-22.4023,-37.3434,-19.2422,-20.2031,2.0,2.0,0.0,0.006211180239915848,0.015368852764368057,0.006184838246554136,0.0554315485060215,0.0017879352672025561,0.006257773842662573,0.2276119440793991,0.6598647236824036
2365,-15.4863,-22.0477,-37.534,-20.1172,-18.6875,2.0,2.0,0.019607843831181526,0.06439393758773804,0.018557092174887657,0.013299701735377312,0.0509672611951828,0.0019822760950773954,0.010261193849146366,0.20526275038719177,0.678016185760498
2370,-15.2438,-22.2152,-37.459,-19.9453,-19.0312,2.0,2.0,0.0,0.07772020995616913,0.009715724736452103,0.009972749277949333,0.0613839291036129,0.0016324627213180065,0.007501554675400257,0.21602922677993774,0.6703591346740723
2375,-15.2164,-22.2465,-37.4629,-19.6484,-19.5547,2.0,2.0,0.0,0.019999999552965164,0.0139064472168684,0.008054702542722225,0.0580357126891613,0.0017879352672025561,0.00777363171800971,0.21521300077438354,0.6707478165626526
2380,-16.2168,-21.7738,-37.9906,-19.9141,-19.3281,2.0,2.0,0.0,0.0,0.010224948637187481,0.007100271061062813,0.0569196417927742,0.0010883084032684565,0.006257773842662573,0.1710587739944458,0.7171175479888916
2385,-15.2824,-22.2633,-37.5457,-19.4844,-19.9297,2.0,2.0,0.0,0.0,0.012154696509242058,0.004979680757969618,0.0513392873108387,0.001243781065568328,0.004158893134444952,0.21105410158634186,0.6790655851364136
2390,-15.6687,-21.991,-37.6598,-19.5156,-19.7969,2.0,2.0,0.0,0.01886792480945587,0.013074484653770924,0.011450812220573425,0.0569196417927742,0.002021144377067685,0.008240049704909325,0.1962064653635025,0.6890547275543213
2395,-15.0477,-22.4023,-37.45,-19.3203,-20.1641,2.0,2.0,0.0,0.0,0.011695906519889832,0.003357647219672799,0.048363097012043,0.0013992537278681993,0.003381529822945595,0.21933302283287048,0.6714085936546326
2400,-15.7641,-22.0148,-37.7789,-19.5312,-19.8828,2.0,2.0,0.0,0.008333333767950535,0.011201629415154457,0.005840471480041742,0.053199402987957,0.001243781065568328,0.004664178937673569,0.1908426582813263,0.6987717747688293
2405,-15.9688,-21.8363,-37.8051,-19.7031,-19.9609,2.0,2.0,0.019999999552965164,0.0,0.03155183419585228,0.00861830823123455,0.0479910708963871,0.003886815859004855,0.00699626887217164,0.18108674883842468,0.7035525441169739
2410,-16.0754,-21.5621,-37.6375,-20.0781,-19.1406,2.0,2.0,0.0,0.0,0.03341136500239372,0.027939267456531525,0.0591517873108387,0.003964552190154791,0.02028917893767357,0.18264147639274597,0.6886271834373474
2415,-15.7059,-21.9977,-37.7035,-19.6016,-19.9766,2.0,2.0,0.0,0.0,0.017540322616696358,0.008062710054218769,0.0565476194024086,0.001826803432777524,0.0067241913639009,0.1927860677242279,0.6941853165626526
2420,-15.9004,-21.7609,-37.6613,-20.0312,-19.2812,2.0,2.0,0.0,0.0,0.024193547666072845,0.01914737932384014,0.061011902987957,0.002681903075426817,0.014692164026200771,0.18796642124652863,0.6901819109916687
2425,-16.1887,-21.7469,-37.9355,-19.7891,-19.5312,2.0,2.0,0.0,0.0220994483679533,0.016485998407006264,0.00909090880304575,0.0576636902987957,0.002370957750827074,0.007035136688500643,0.17210820317268372,0.714008092880249
2430,-15.473,-22.1246,-37.5977,-19.8125,-19.4141,2.0,2.0,0.02222222276031971,0.0,0.010101010091602802,0.009787742979824543,0.0517113097012043,0.00174906721804291,0.006801927927881479,0.2039412260055542,0.6830301880836487
2435,-15.3512,-22.1234,-37.4746,-19.8672,-19.2109,2.0,2.0,0.0,0.0,0.01450872328132391,0.014411389827728271,0.053199402987957,0.0019045397639274597,0.010416666977107525,0.21163712441921234,0.6715640425682068
2440,-15.598,-22.1395,-37.7375,-19.5703,-20.0859,2.0,2.0,0.0,0.0,0.005905511789023876,0.003301807679235935,0.0535714291036129,0.0008550995262339711,0.002681903075426817,0.19745025038719177,0.6945351362228394
2445,-15.5512,-22.1652,-37.7164,-19.7031,-19.8203,2.0,2.0,0.0,0.0,0.0058354404754936695,0.003706199349835515,0.0494791679084301,0.00046641789958812296,0.003070584498345852,0.19982120394706726,0.6921641826629639
2450,-15.3941,-22.177,-37.5711,-19.5078,-19.625,2.0,2.0,0.0,0.0,0.013101253658533096,0.007479303516447544,0.0528273805975914,0.0011271765688434243,0.00594682851806283,0.207672581076622,0.6807758212089539
2455,-15.5172,-22.102,-37.6191,-19.4922,-19.8672,2.0,2.0,0.0,0.0,0.010126098990440369,0.00984408799558878,0.0520833320915699,0.001515858224593103,0.007501554675400257,0.20343594253063202,0.6830690503120422
2460,-15.3379,-22.1688,-37.5066,-19.5781,-19.6719,2.0,2.0,0.02380952425301075,0.025773195549845695,0.012165898457169533,0.011335520073771477,0.0505952388048172,0.0016324627213180065,0.007540422957390547,0.2108597606420517,0.6754897236824036
2465,-15.55,-21.9941,-37.5441,-19.9844,-19.0469,2.0,2.0,0.0,0.039867110550403595,0.017737936228513718,0.015932144597172737,0.0517113097012043,0.001826803432777524,0.011699316091835499,0.2037857621908188,0.6782104969024658
2470,-16.1426,-21.2273,-37.3699,-21.125,-16.6016,2.0,2.0,0.007575757801532745,0.034957628697156906,0.04142501950263977,0.051528945565223694,0.0773809552192688,0.005130596924573183,0.03669154271483421,0.1876554787158966,0.6660447716712952
2475,-16.1176,-21.0043,-37.1219,-21.8203,-15.0234,2.0,2.0,0.05806451663374901,0.09205350279808044,0.05653291195631027,0.06475385278463364,0.0904017835855484,0.006024564616382122,0.049401428550481796,0.19663402438163757,0.6434623599052429
2480,-15.2129,-21.8516,-37.0645,-20.6484,-17.2266,2.0,2.0,0.016129031777381897,0.03709198907017708,0.04068559408187866,0.03747115284204483,0.0647321417927742,0.00481965159997344,0.02619713917374611,0.22450248897075653,0.6400030851364136
2485,-16.0961,-20.0043,-36.1004,-23.5312,-11.1094,2.0,2.0,0.10551558434963226,0.22939346730709076,0.09670448303222656,0.12160298228263855,0.1927083283662796,0.016208022832870483,0.09996890276670456,0.21583488583564758,0.5635105967521667
2490,-15.2547,-22.0961,-37.3508,-19.5547,-19.6016,2.0,2.0,0.0,0.023880597203969955,0.026731252670288086,0.015427029691636562,0.0669642835855484,0.0032260571606457233,0.013020833022892475,0.21665112674236298,0.6626243591308594
2495,-15.4031,-21.7488,-37.152,-20.0234,-18.3828,2.0,2.0,0.02512562833726406,0.013740457594394684,0.057552650570869446,0.028000960126519203,0.0997023805975914,0.007734763901680708,0.025458645075559616,0.21408581733703613,0.6482431888580322
2500,-15.8688,-20.732,-36.6008,-21.1328,-16.5391,2.0,2.0,0.0709812119603157,0.07447485625743866,0.13268975913524628,0.07391608506441116,0.145461305975914,0.018617847934365273,0.06106187775731087,0.20534048974514008,0.6105021834373474
2505,-18.5156,-16.1508,-34.6664,-25.0234,-8.5234,2.0,2.0,0.18308766186237335,0.3811398148536682,0.33198586106300354,0.2548953890800476,0.4244791567325592,0.050101056694984436,0.22710666060447693,0.15384016931056976,0.46447449922561646
2510,-18.5594,-14.9758,-33.5352,-25.0469,-8.2891,2.0,1.9437,0.2580188810825348,0.40302374958992004,0.42218291759490967,0.3232504725456238,0.6238839030265808,0.08240050077438354,0.2699393630027771,0.15384016931056976,0.389342337846756
2515,-23.5734,-6.3375,-29.9109,-28.2656,-2.8359,2.0,1.6773,0.7215054035186768,0.7971535325050354,0.8160377144813538,0.7725237607955933,0.8835565447807312,0.14458955824375153,0.5625777244567871,0.04944029822945595,0.1389147937297821
2520,-24.7301,-5.0391,-29.7691,-29.3125,-0.9766,2.0,1.36,0.7453675866127014,0.8504020571708679,0.8405796885490417,0.8169934749603271,0.9241071343421936,0.1300528645515442,0.6235618591308594,0.03486473858356476,0.10704290866851807
2525,-25.2254,-4.5055,-29.7309,-28.9844,-1.75,2.0,0.9582,0.7879746556282043,0.8651994466781616,0.8855869174003601,0.8427192568778992,0.9170386791229248,0.12282337993383408,0.6499145030975342,0.026158271357417107,0.09662624448537827
2530,-25.8199,-3.4641,-29.284,-29.7188,-0.3281,2.0,0.5898,0.8457350134849548,0.9148876070976257,0.9301310181617737,0.8936305642127991,0.9520089030265808,0.1284981369972229,0.6881996393203735,0.017801616340875626,0.061023011803627014
2535,-24.793,-4.9531,-29.7461,-29.3281,-0.875,2.0,0.1732,0.7587369680404663,0.8653349876403809,0.8382193446159363,0.7761886119842529,0.886904776096344,0.126787930727005,0.6323849558830261,0.03579757362604141,0.10055192559957504
2540,-25.2105,-4.2914,-29.502,-29.625,-0.4688,2.0,0.0,0.785865306854248,0.895244300365448,0.8425303101539612,0.7942307591438293,0.9211309552192688,0.12869247794151306,0.6571050882339478,0.028879042714834213,0.08084577322006226
2545,-21.6598,-9.8941,-31.5539,-28.5391,-1.8672,2.0,0.0,0.4817432165145874,0.7588421702384949,0.5250186920166016,0.4312479496002197,0.6763392686843872,0.09899719804525375,0.4538635015487671,0.1040889322757721,0.23857276141643524
2550,-21.0625,-10.5531,-31.6156,-28.5156,-2.1484,2.0,0.0,0.46541327238082886,0.680715799331665,0.5424091219902039,0.4809553623199463,0.7198660969734192,0.10956934094429016,0.427899569272995,0.10906405746936798,0.24898943305015564
2555,-22.8418,-7.9109,-30.7527,-29.3203,-0.9609,2.0,0.0,0.5387007594108582,0.789934515953064,0.6019850969314575,0.5883259773254395,0.8020833134651184,0.11248445510864258,0.5282571315765381,0.07831934094429016,0.17646144330501556
2560,-19.7609,-13.7363,-33.4973,-26.7891,-5.2266,2.0,0.0,0.3445945978164673,0.5101296305656433,0.413654625415802,0.355316162109375,0.5345982313156128,0.0747823417186737,0.30888524651527405,0.1258162260055542,0.38603857159614563
2565,-20.8836,-11.1863,-32.0699,-27.7266,-3.6094,2.0,0.0,0.4280674159526825,0.6327602863311768,0.5298404097557068,0.48087432980537415,0.6473214030265808,0.09915267676115036,0.40694963932037354,0.11201803386211395,0.27740204334259033
2570,-20.2613,-12.5223,-32.7836,-27.1641,-4.8047,2.0,0.0,0.4070720076560974,0.5312809348106384,0.48812663555145264,0.45019781589508057,0.5736607313156128,0.09013526141643524,0.3535059094429016,0.11784826219081879,0.33403295278549194
2575,-17.0391,-17.4434,-34.4824,-24.7422,-8.7109,2.0,0.0,0.2651072144508362,0.3441820740699768,0.2629883289337158,0.23601487278938293,0.332217276096344,0.059818096458911896,0.18271921575069427,0.19301928579807281,0.4599657952785492
2580,-17.6617,-18.3203,-35.982,-23.3438,-12.4688,2.0,0.0,0.2291891872882843,0.23022398352622986,0.2159176468849182,0.17254364490509033,0.2180059552192688,0.03595304861664772,0.13708800077438354,0.15481187403202057,0.5676694512367249
2585,-16.7668,-19.898,-36.6648,-20.5625,-17.6562,2.0,0.0,0.20736698806285858,0.11926605552434921,0.18169145286083221,0.09001932293176651,0.167038694024086,0.02849036082625389,0.07625932991504669,0.16728855669498444,0.6234841346740723
2590,-15.8469,-20.7781,-36.625,-20.0312,-18.625,2.0,0.0,0.1654021292924881,0.10918674618005753,0.14105843007564545,0.05942391976714134,0.1577380895614624,0.025614116340875626,0.051616914570331573,0.19756685197353363,0.6207244992256165
2595,-16.6668,-19.634,-36.3008,-20.8672,-17.0469,2.0,0.0,0.20837390422821045,0.1567641645669937,0.22435304522514343,0.09479253739118576,0.2232142835855484,0.03991759940981865,0.0850435346364975,0.1682213991880417,0.6023398637771606
2600,-16.9523,-18.5449,-35.4973,-20.7188,-16.9219,2.0,0.0,0.27798742055892944,0.2222934067249298,0.3261648714542389,0.1265643835067749,0.3426339328289032,0.06180037185549736,0.12134639173746109,0.16266325116157532,0.5497123599052429
2605,-17.2598,-18.5031,-35.7629,-21.1875,-16.7344,2.0,0.0,0.36473947763442993,0.22890397906303406,0.2949860095977783,0.13142231106758118,0.2686011791229248,0.05445428937673569,0.12021921575069427,0.15271300077438354,0.5681358575820923
2610,-17.7965,-17.207,-35.0035,-22.0469,-14.5938,2.0,0.0,0.37311768531799316,0.28068527579307556,0.38056680560112,0.19140124320983887,0.3563988208770752,0.06969060748815536,0.1656172275543213,0.14400653541088104,0.5162079930305481
2615,-19.3434,-14.8785,-34.2219,-22.8516,-13.125,2.0,0.0,0.474766343832016,0.32842904329299927,0.5311711430549622,0.3153168559074402,0.4244791567325592,0.08317785710096359,0.2456856369972229,0.10785914212465286,0.4587997496128082
2620,-17.9684,-16.7074,-34.6758,-22.625,-13.4375,2.0,0.0,0.3632432520389557,0.2764328718185425,0.41114339232444763,0.24160699546337128,0.3270089328289032,0.07190609723329544,0.18784981966018677,0.14719371497631073,0.48857274651527405
2625,-18.6648,-14.2035,-32.8684,-22.5938,-12.8438,2.0,0.0,0.5331383943557739,0.3907111883163452,0.5902655124664307,0.37285685539245605,0.4523809552192688,0.11963619291782379,0.2678016126155853,0.1317630559206009,0.3763215243816376
2630,-20.927,-11.5332,-32.4602,-24.3984,-9.7266,2.0,0.0,0.6454917788505554,0.46706968545913696,0.7338935732841492,0.5474768877029419,0.4631696343421936,0.11380597203969955,0.36648786067962646,0.0832555964589119,0.33197295665740967
2635,-22.9145,-8.2391,-31.1535,-27.4922,-4.5,2.0,0.0,0.7362567782402039,0.6633257269859314,0.8580247163772583,0.7068008184432983,0.6197916865348816,0.1223180964589119,0.4924984574317932,0.056669775396585464,0.2240360677242279
2640,-21.0113,-11.3492,-32.3605,-25.2109,-8.4297,2.0,0.0,0.5667358040809631,0.48729509115219116,0.7461187243461609,0.5814833045005798,0.4587053656578064,0.11240671575069427,0.37935322523117065,0.0851212665438652,0.31864115595817566
2645,-18.7645,-15.0531,-33.8176,-23.5547,-11.2031,2.0,0.0,0.38239216804504395,0.32536646723747253,0.5531478524208069,0.3633333444595337,0.2979910671710968,0.08741448819637299,0.24393656849861145,0.1327347606420517,0.43143656849861145
2650,-16.702,-18.6156,-35.3176,-20.7031,-16.7656,2.0,0.0,0.23416370153427124,0.1372976303100586,0.3736427426338196,0.17193646728992462,0.15625,0.054609764367341995,0.12484452873468399,0.18256373703479767,0.5335043668746948
2655,-16.9621,-18.216,-35.1781,-20.8125,-16.5938,2.0,0.0,0.2445141077041626,0.14132638275623322,0.421207994222641,0.18626730144023895,0.1863839328289032,0.06199471279978752,0.13421174883842468,0.17117537558078766,0.5281405448913574
2660,-17.2727,-17.6418,-34.9145,-21.4531,-15.6172,2.0,0.0,0.22821101546287537,0.14335839450359344,0.5154955983161926,0.210643008351326,0.2142857164144516,0.0677860677242279,0.15508395433425903,0.16429570317268372,0.5083566308021545
2665,-17.143,-17.1031,-34.2461,-20.9766,-16.2422,2.0,0.0,0.35417598485946655,0.19488674402236938,0.50547194480896,0.2482435554265976,0.2466517835855484,0.08702580630779266,0.17331312596797943,0.17047575116157532,0.46470770239830017
2670,-21.1262,-10.8266,-31.9527,-25.75,-7.4688,2.0,0.0,0.6406737565994263,0.4763682782649994,0.8254580497741699,0.6740076541900635,0.4084821343421936,0.12461131811141968,0.39556124806404114,0.08061256259679794,0.2947372496128082
2675,-23.6762,-6.5703,-30.2465,-27.7422,-3.8594,2.0,0.0,0.8268648386001587,0.7237452268600464,0.9357622265815735,0.862010657787323,0.769345223903656,0.14120802283287048,0.5529384613037109,0.040539488196372986,0.16083644330501556
2680,-22.9359,-7.9969,-30.9328,-28.1797,-2.8906,2.0,0.0,0.6875,0.6617612838745117,0.861200749874115,0.7899925708770752,0.6629464030265808,0.12189054489135742,0.5044698119163513,0.06020677834749222,0.20895522832870483
2685,-22.1652,-8.7531,-30.9184,-26.8984,-5.125,2.0,0.0,0.6655142903327942,0.587885320186615,0.8636363744735718,0.7998936772346497,0.7295386791229248,0.13491137325763702,0.47034358978271484,0.07097326219081879,0.21929416060447693
2690,-24.6656,-5.1316,-29.7973,-28.6094,-2.4766,2.0,0.0,0.8796349167823792,0.7964747548103333,0.9394736886024475,0.9060626029968262,0.9084821343421936,0.13627175986766815,0.6130285859107971,0.0295398011803627,0.11668221652507782
2695,-22.3238,-9.016,-31.3398,-27.3359,-4.9531,2.0,0.0,0.6664458513259888,0.5628536343574524,0.8214285969734192,0.7737815380096436,0.695684552192688,0.11734297126531601,0.47399720549583435,0.0729166641831398,0.23126554489135742
2700,-22.6246,-7.4477,-30.0723,-27.4375,-3.6484,2.0,0.0,0.8097692728042603,0.6715505123138428,0.8978668451309204,0.8688367605209351,0.781622052192688,0.15834887325763702,0.5146533250808716,0.06012904271483421,0.16239117085933685
2705,-24.1367,-5.8297,-29.9664,-28.8281,-1.8516,2.0,0.0,0.8344117403030396,0.7701549530029297,0.9255691766738892,0.8873239159584045,0.8404017686843872,0.1321517378091812,0.5920398235321045,0.04438743740320206,0.1269434094429016
2710,-22.8539,-7.023,-29.877,-28.8203,-1.5391,2.0,0.0,0.7820156812667847,0.7173881530761719,0.9060738682746887,0.8559277057647705,0.8307291865348816,0.1538790464401245,0.5333488583564758,0.062072448432445526,0.14622201025485992
2715,-21.9145,-9.0309,-30.9453,-27.9766,-3.3203,2.0,0.0,0.6869064569473267,0.5569292306900024,0.8629592657089233,0.7994623780250549,0.7299107313156128,0.13506685197353363,0.46529072523117065,0.07828047126531601,0.2168843299150467
2720,-23.8738,-6.0062,-29.8801,-28.5859,-2.0547,2.0,0.0,0.865045428276062,0.7488519549369812,0.9479659199714661,0.9041654467582703,0.8456101417541504,0.14544464647769928,0.575559675693512,0.041083645075559616,0.13343438506126404
2725,-24.1586,-5.6641,-29.8227,-29.0859,-1.2422,2.0,0.0,0.8428414463996887,0.7740299105644226,0.9060190320014954,0.9244186282157898,0.8723958134651184,0.14171330630779266,0.5899797677993774,0.03680814802646637,0.12702114880084991
2730,-21.707,-9.3613,-31.0684,-26.7422,-5.4609,2.0,0.0,0.7332969903945923,0.49049630761146545,0.8759894371032715,0.8130519986152649,0.7194940447807312,0.14252954721450806,0.44169774651527405,0.0736551582813263,0.237639918923378
2735,-23.2102,-7.343,-30.5531,-28.4297,-2.6016,2.0,0.0,0.8274956345558167,0.6389501690864563,0.9148014187812805,0.8804841041564941,0.7898065447807312,0.13316231966018677,0.528684675693512,0.05383240059018135,0.1798429787158966
2740,-24.3711,-5.0023,-29.3734,-29.1094,-1.4531,2.0,0.0,0.8870558142662048,0.8187868595123291,0.9468713402748108,0.9244749546051025,0.9263392686843872,0.15314054489135742,0.6132229566574097,0.03292132914066315,0.09623756259679794
2745,-25.3777,-4.0953,-29.473,-29.0391,-1.5938,2.0,0.0,0.9119110107421875,0.8537119030952454,0.9536541700363159,0.9480760097503662,0.9505208134651184,0.1328125,0.6570662260055542,0.021805036813020706,0.08383861929178238
2750,-23.168,-6.2473,-29.4152,-28.1328,-2.7969,2.0,0.0,0.8592408299446106,0.7430355548858643,0.940032422542572,0.9290508031845093,0.906622052192688,0.1720304787158966,0.5539101362228394,0.04796331003308296,0.12161847203969955
2755,-23.6969,-5.8773,-29.5742,-28.9766,-1.3672,2.0,0.0,0.874068558216095,0.7564154267311096,0.929492712020874,0.9079855680465698,0.9345238208770752,0.15648320317268372,0.575559675693512,0.04520367085933685,0.11827580630779266
2760,-21.4301,-9.7805,-31.2105,-26.6094,-5.6328,2.0,0.0,0.7309602499008179,0.41422101855278015,0.9227340221405029,0.8123328685760498,0.78125,0.14085820317268372,0.4291044771671295,0.07847481220960617,0.24708488583564758
2765,-20.5379,-11.5543,-32.0922,-25.3906,-7.9531,2.0,0.0,0.5620052814483643,0.27753350138664246,0.8336455821990967,0.7335302233695984,0.6662946343421936,0.11784826219081879,0.3712686598300934,0.10373912006616592,0.3026663661003113
2770,-18.3305,-14.9062,-33.2367,-23.5391,-11.0703,2.0,0.0,0.31973323225975037,0.11901525408029556,0.662675142288208,0.5122172236442566,0.3526785671710968,0.09907493740320206,0.25734609365463257,0.15255752205848694,0.3865438401699066
2775,-18.1859,-16.0004,-34.1863,-23.8438,-10.6953,2.0,0.0,0.2267206460237503,0.09194814413785934,0.5758612155914307,0.401197612285614,0.2447916716337204,0.06720304489135742,0.22784514725208282,0.1590873748064041,0.4413868188858032
2780,-17.6855,-16.5781,-34.2637,-23.7734,-10.6953,2.0,0.0,0.19413919746875763,0.12784038484096527,0.46240106225013733,0.361506849527359,0.2581845223903656,0.06366604566574097,0.21039333939552307,0.17677238583564758,0.44469061493873596
2785,-17.4207,-17.0809,-34.5016,-23.6641,-11.1719,2.0,0.0,0.18895965814590454,0.13686928153038025,0.39124056696891785,0.32619914412498474,0.2351190447807312,0.05492071062326431,0.19566231966018677,0.18547885119915009,0.4594604969024658
2790,-17.9059,-15.8891,-33.7949,-24.4531,-9.4062,2.0,0.0,0.24093124270439148,0.1970435380935669,0.45167696475982666,0.4124702513217926,0.332217276096344,0.07178948819637299,0.23927238583564758,0.17615050077438354,0.40831002593040466
2795,-16.6184,-17.8031,-34.4215,-23.3594,-11.3828,2.0,0.0,0.19310344755649567,0.11738649010658264,0.3510264456272125,0.29148098826408386,0.2433035671710968,0.05635882914066315,0.17548973858356476,0.21016013622283936,0.4535136818885803
2800,-16.4543,-19.3078,-35.7621,-22.8906,-12.2031,2.0,0.0,0.1354466825723648,0.09025270491838455,0.2061796635389328,0.17736198008060455,0.1458333283662796,0.026974502950906754,0.11843127757310867,0.2037857621908188,0.5463308691978455
2805,-14.7324,-21.773,-36.5055,-19.5938,-18.4688,2.0,0.0,0.04054053872823715,0.019447287544608116,0.09415121376514435,0.04868694767355919,0.0818452388048172,0.014381218701601028,0.03797418996691704,0.24521921575069427,0.5979477763175964
2810,-15.9027,-20.6734,-36.5762,-22.1328,-14.3516,2.0,0.0,0.04117647185921669,0.040885861963033676,0.12924668192863464,0.09192810952663422,0.0974702388048172,0.013215173967182636,0.06844682991504669,0.21050995588302612,0.6033504605293274
2815,-15.5066,-21.1176,-36.6242,-21.4766,-15.875,2.0,0.0159,0.02922077849507332,0.014430014416575432,0.11415044963359833,0.0721728578209877,0.0915178582072258,0.011971392668783665,0.0538712702691555,0.22166511416435242,0.6080146431922913
2820,-15.95,-20.8555,-36.8055,-20.9766,-16.6172,2.0,0.0418,0.0670391097664833,0.022664835676550865,0.1337987184524536,0.07063289731740952,0.0900297611951828,0.013914801180362701,0.05659203976392746,0.2004431039094925,0.6245724558830261
2825,-15.375,-21.0434,-36.4184,-20.2188,-17.2188,2.0,0.0448,0.04740406200289726,0.026988636702299118,0.1596260368824005,0.07130344212055206,0.079613097012043,0.01721859537065029,0.05472636967897415,0.22450248897075653,0.5990749597549438
2830,-16.3105,-20.8398,-37.1504,-20.3672,-18.1875,2.0,0.0492,0.04692082107067108,0.02088772878050804,0.1599828451871872,0.04944631829857826,0.0825892835855484,0.013254042714834213,0.04465951398015022,0.1812422275543213,0.6563665866851807
2835,-15.4055,-21.3176,-36.723,-20.2031,-18.0,2.0,0.0899,0.03669724613428116,0.027373824268579483,0.12986783683300018,0.049278467893600464,0.0881696417927742,0.012709887698292732,0.04543687775731087,0.22057680785655975,0.6167988181114197
2840,-15.9281,-20.6906,-36.6188,-19.9844,-18.0625,2.0,0.108,0.06358381360769272,0.019583070650696754,0.1962941586971283,0.0621945783495903,0.1350446492433548,0.02017257548868656,0.061528295278549194,0.20137593150138855,0.612445592880249
2845,-15.3109,-20.7836,-36.0945,-20.7891,-16.3828,2.0,0.1308,0.04559270665049553,0.042832668870687485,0.2008092999458313,0.07911564409732819,0.1238839253783226,0.025575248524546623,0.06805814802646637,0.23052705824375153,0.5713619589805603
2850,-16.5086,-18.1668,-34.6754,-22.8906,-11.6641,2.0,0.115,0.17697063088417053,0.1341754049062729,0.39675813913345337,0.2303440272808075,0.1852678507566452,0.0502953976392746,0.1630907952785492,0.2110152393579483,0.4711209535598755
2855,-17.0895,-17.3871,-34.4766,-23.2891,-11.1719,2.0,0.0562,0.2234332412481308,0.17220480740070343,0.4326113164424896,0.261757493019104,0.2503720223903656,0.05705845728516579,0.18598413467407227,0.19379663467407227,0.4586831331253052
2860,-18.6988,-13.8625,-32.5613,-25.2656,-7.3594,2.0,0.0,0.3671811521053314,0.3694693148136139,0.6341406106948853,0.47283127903938293,0.451264888048172,0.09569340944290161,0.3083411157131195,0.16530628502368927,0.3261815905570984
2865,-19.3719,-11.8473,-31.2191,-26.5234,-4.6797,2.0,0.0,0.5347549319267273,0.5050267577171326,0.7554937601089478,0.5703269839286804,0.562127947807312,0.14035291969776154,0.36341729760169983,0.1397310346364975,0.2520211338996887
2870,-20.918,-9.8648,-30.7828,-27.5547,-3.4141,2.0,0.0,0.6093010306358337,0.5945035219192505,0.8090614676475525,0.7047141790390015,0.6328125,0.1395755559206009,0.43843284249305725,0.10809235274791718,0.20942163467407227
2875,-24.625,-4.6621,-29.2871,-29.125,-0.9062,2.0,0.0,0.8754334449768066,0.8611042499542236,0.9317718744277954,0.879706621170044,0.8768601417541504,0.14571672677993774,0.63215172290802,0.0381685309112072,0.07948538661003113
2880,-25.0676,-3.9387,-29.0063,-29.4531,-0.6484,2.0,0.0,0.8843187689781189,0.8972934484481812,0.9504249095916748,0.9388961791992188,0.9267113208770752,0.1511971354484558,0.6577270030975342,0.02744092047214508,0.05915733799338341
2885,-22.9762,-6.4094,-29.3855,-28.7656,-1.3438,2.0,0.0,0.798056423664093,0.7913333773612976,0.8989652991294861,0.8361299633979797,0.8258928656578064,0.1639847606420517,0.5588075518608093,0.06386038661003113,0.10886971652507782
2890,-23.5363,-6.0871,-29.6234,-29.1016,-1.0938,2.0,0.0,0.7933122515678406,0.8002551198005676,0.9110344648361206,0.8433402180671692,0.8028273582458496,0.1476212739944458,0.5789023637771606,0.05635882914066315,0.11263992637395859
2895,-24.4441,-4.6406,-29.0848,-29.5312,-0.6094,2.0,0.0,0.8669816255569458,0.8747378587722778,0.9526209831237793,0.8929359912872314,0.8616071343421936,0.1563277393579483,0.6302083134651184,0.03855721279978752,0.07042910158634186
2900,-25.3109,-3.6969,-29.0078,-29.75,-0.2188,2.0,0.0,0.9138070940971375,0.904789388179779,0.9548988938331604,0.9286229014396667,0.9207589030265808,0.14385105669498444,0.6727689504623413,0.02499222569167614,0.053910136222839355
2905,-24.6723,-4.284,-28.9563,-29.4375,-0.6797,2.0,0.0,0.9037274718284607,0.8906400799751282,0.9290780425071716,0.8793430328369141,0.8835565447807312,0.15745490789413452,0.6436567306518555,0.032882463186979294,0.061528295278549194
2910,-25.9879,-3.0074,-28.9953,-29.6719,-0.3984,2.0,0.0,0.9359472990036011,0.93792724609375,0.9826254844665527,0.9433237314224243,0.8880208134651184,0.12985852360725403,0.7050684094429016,0.02013370580971241,0.04046175256371498
2915,-24.5992,-4.6562,-29.2555,-29.4688,-0.3594,2.0,0.0,0.8627241253852844,0.8790695071220398,0.9068440794944763,0.8556443452835083,0.824032723903656,0.14525030553340912,0.6315687298774719,0.040889304131269455,0.07781405746936798
2920,-24.6539,-4.9418,-29.5957,-29.3438,-0.8203,2.0,0.0,0.8562052249908447,0.8521105051040649,0.9273422360420227,0.8785046935081482,0.7686011791229248,0.1302860677242279,0.6289256811141968,0.04065609350800514,0.09565453976392746
2925,-25.0422,-4.0316,-29.0738,-29.6719,-0.2578,2.0,0.0,0.8872076869010925,0.9072359204292297,0.9351955056190491,0.8879587650299072,0.8381696343421936,0.1412857621908188,0.6590873599052429,0.034787002950906754,0.06036224961280823
2930,-24.1797,-5.1754,-29.3551,-29.3438,-0.8672,2.0,0.0,0.8603852987289429,0.8410912156105042,0.9403361082077026,0.8877944350242615,0.812127947807312,0.14727145433425903,0.6112406849861145,0.04625311121344566,0.09075715392827988
2935,-22.5137,-6.9688,-29.4824,-28.9766,-0.8984,2.0,0.0,0.8177703619003296,0.7827815413475037,0.8635650873184204,0.793537974357605,0.6893601417541504,0.1631685346364975,0.5377021431922913,0.07435479015111923,0.12029695510864258
2940,-23.2531,-6.5938,-29.8469,-28.8516,-1.3594,2.0,0.0,0.8013430237770081,0.7853356003761292,0.8668621778488159,0.8043881058692932,0.699404776096344,0.1389147937297821,0.5645599961280823,0.06627020984888077,0.12577736377716064
2945,-23.2484,-6.1004,-29.3488,-29.2031,-0.7031,2.0,0.0,0.8440476059913635,0.8074246048927307,0.9109311699867249,0.8517012000083923,0.761904776096344,0.1632462739944458,0.5695739984512329,0.05760261043906212,0.10509949922561646
2950,-23.8137,-5.3438,-29.1574,-29.1406,-0.8281,2.0,0.0,0.882952868938446,0.8454350829124451,0.9387596845626831,0.8397118449211121,0.7983630895614624,0.16005907952785492,0.598997175693512,0.05013992637395859,0.08632618188858032
2955,-22.848,-6.593,-29.441,-29.0859,-0.8438,2.0,0.0,0.8408718109130859,0.7718924880027771,0.9238152503967285,0.8488178253173828,0.75,0.165850430727005,0.5481576323509216,0.06479322165250778,0.11672107875347137
2960,-22.9273,-6.2574,-29.1848,-28.8047,-0.9141,2.0,0.0,0.8689147233963013,0.8038253784179688,0.9024238586425781,0.8152984976768494,0.7749255895614624,0.17405161261558533,0.5547652244567871,0.06253886967897415,0.1041666641831398
2965,-22.4523,-8.2141,-30.6664,-28.9375,-1.1875,2.0,0.0,0.7552151083946228,0.6915080547332764,0.8406123518943787,0.6998714804649353,0.6145833134651184,0.11924751102924347,0.5085121393203735,0.08632618188858032,0.18143656849861145
2970,-22.1219,-8.3242,-30.4461,-28.5625,-1.5625,2.0,0.0,0.7667050957679749,0.6763228178024292,0.8449198007583618,0.7490187287330627,0.6086309552192688,0.13495025038719177,0.4951026141643524,0.08722014725208282,0.17824937403202057
2975,-20.5211,-10.0469,-30.568,-27.4922,-2.9297,2.0,0.0,0.7541760206222534,0.5676867961883545,0.8313974142074585,0.7013378739356995,0.5148809552192688,0.15590018033981323,0.4229244291782379,0.11042443662881851,0.20627331733703613
2980,-20.9941,-9.2812,-30.2754,-28.1172,-2.0078,2.0,0.0,0.777804970741272,0.6256905794143677,0.8435373902320862,0.7309644818305969,0.5438988208770752,0.15865983068943024,0.45024874806404114,0.10284514725208282,0.18376865983009338
2985,-19.8715,-11.0801,-30.9516,-26.4688,-4.2266,2.0,0.0,0.703500509262085,0.4923061430454254,0.8045834898948669,0.6499999761581421,0.5018601417541504,0.14878731966018677,0.3864661157131195,0.12550528347492218,0.23476368188858032
2990,-18.9801,-12.168,-31.148,-25.6641,-5.3906,2.0,0.0,0.6784607172012329,0.4042769968509674,0.7971444129943848,0.5915684700012207,0.480282723903656,0.15049751102924347,0.3435167968273163,0.1442786008119583,0.2572294771671295
2995,-18.9879,-11.8406,-30.8285,-25.2188,-5.5781,2.0,0.0,0.7284066677093506,0.44500938057899475,0.8027057647705078,0.5997417569160461,0.4583333432674408,0.16515080630779266,0.3516402244567871,0.13790422677993774,0.24082711338996887
3000,-18.3641,-12.2586,-30.6227,-25.0469,-5.3594,2.0,0.0,0.7813518643379211,0.3700200915336609,0.8362496495246887,0.607218325138092,0.3995535671710968,0.17883239686489105,0.3287857472896576,0.14882618188858032,0.23907804489135742
3005,-17.3395,-13.7793,-31.1187,-23.5312,-7.3359,2.0,0.0,0.7076388597488403,0.28011205792427063,0.7584847807884216,0.5043490529060364,0.3560267984867096,0.16791044175624847,0.2775186598300934,0.17751088738441467,0.27258241176605225
3010,-18.0855,-12.1195,-30.2051,-23.7422,-6.5156,2.0,0.0,0.8397800326347351,0.388788640499115,0.8453124761581421,0.53482985496521,0.484375,0.2049906700849533,0.32311099767684937,0.1492537260055542,0.21816697716712952
3015,-16.2543,-13.9223,-30.1766,-19.625,-9.0312,2.0,0.0,0.796888530254364,0.23514658212661743,0.8045728802680969,0.4261218011379242,0.4456845223903656,0.2248522937297821,0.24793998897075653,0.18019278347492218,0.24253731966018677
3020,-17.1566,-12.0449,-29.2016,-21.8125,-7.4688,2.0,0.0,0.9012706279754639,0.30959227681159973,0.915695309638977,0.5469909310340881,0.5799851417541504,0.2661302983760834,0.29741916060447693,0.1433846354484558,0.18858830630779266
3025,-16.6969,-10.9816,-27.6785,-21.4062,-6.9453,2.0,0.0,0.9391694664955139,0.3832540810108185,0.9329326152801514,0.6120105981826782,0.7589285969734192,0.34631529450416565,0.29430970549583435,0.12286224961280823,0.13203513622283936
3030,-15.666,-11.7508,-27.4168,-19.3672,-7.9297,2.0,0.0,0.9220890402793884,0.3423517048358917,0.9193373322486877,0.5533921718597412,0.6629464030265808,0.3631840944290161,0.2614661157131195,0.14311255514621735,0.1277596354484558
3035,-14.1039,-13.1582,-27.2621,-14.75,-9.8281,2.0,0.0,0.8853215575218201,0.21632729470729828,0.8964309096336365,0.4001779854297638,0.5967261791229248,0.3789256811141968,0.20806126296520233,0.17751088738441467,0.131024569272995
3040,-14.0656,-14.4266,-28.4922,-15.0156,-11.6406,2.0,0.0,0.8205159902572632,0.13734325766563416,0.8575398325920105,0.3132261037826538,0.5048363208770752,0.31335508823394775,0.19838307797908783,0.2098103165626526,0.17397387325763702
3045,-14.0,-14.3117,-28.3117,-13.6953,-11.1172,2.0,0.0,0.8429294228553772,0.13104401528835297,0.8965001106262207,0.2904343903064728,0.4639136791229248,0.3226834535598755,0.1969449669122696,0.207672581076622,0.1682213991880417
3050,-12.9934,-15.7402,-28.7336,-12.7656,-13.0938,2.0,0.0,0.7331609725952148,0.08059132099151611,0.8690702319145203,0.19135157763957977,0.355654776096344,0.30064520239830017,0.1630130559206009,0.24580223858356476,0.18606187403202057
3055,-12.6219,-15.7883,-28.4102,-13.0625,-12.4297,1.9928,0.0,0.7300347089767456,0.09812410175800323,0.8578416109085083,0.19831618666648865,0.3188244104385376,0.31343284249305725,0.1616138070821762,0.25427550077438354,0.16620025038719177
3060,-13.1227,-17.877,-30.9996,-14.2188,-15.1328,1.9657,0.0,0.5510289072990417,0.03949826583266258,0.7558483481407166,0.11030664294958115,0.1569940447807312,0.18699471652507782,0.14563898742198944,0.28910136222839355,0.27378731966018677
3065,-13.273,-17.6336,-30.9066,-14.4219,-15.1953,1.9451,0.0,0.5536842346191406,0.04773622006177902,0.7541333436965942,0.13782337307929993,0.1860119104385376,0.18462376296520233,0.1579602062702179,0.291511207818985,0.26142725348472595
3070,-12.8645,-18.2398,-31.1043,-12.7188,-17.125,1.93,0.0,0.49967899918556213,0.03359173238277435,0.7396689057350159,0.08637183159589767,0.1755952388048172,0.1816309094429016,0.13537779450416565,0.298157662153244,0.2803560197353363
3075,-13.3078,-19.4332,-32.741,-14.8047,-18.2734,1.9268,0.0,0.37082067131996155,0.01914341375231743,0.5871241092681885,0.06608790159225464,0.1752232164144516,0.11508861929178238,0.1197916641831398,0.3024720251560211,0.3581700921058655
3080,-14.4785,-21.2004,-35.6789,-18.4609,-19.9609,1.9298,0.0,0.19660678505897522,0.01726618781685829,0.2878279387950897,0.029449332505464554,0.0997023805975914,0.038945894688367844,0.05402674153447151,0.2548196613788605,0.5477300882339478
3085,-14.4836,-20.6852,-35.1688,-18.5,-19.4844,1.94,0.005,0.25296735763549805,0.009630818851292133,0.3776160180568695,0.03643510490655899,0.1246279776096344,0.05239427834749222,0.07264459133148193,0.25629663467407227,0.5141868591308594
3090,-13.2273,-20.1215,-33.3488,-15.9062,-19.8203,1.9501,0.0012,0.30947989225387573,0.028229255229234695,0.49127641320228577,0.06153549253940582,0.153273805975914,0.10537157952785492,0.09087375551462173,0.2962919771671295,0.4029850661754608
3095,-13.8121,-19.9,-33.7121,-16.8438,-19.5391,1.9433,0.0085,0.3463069498538971,0.02292371354997158,0.4661839008331299,0.07908139377832413,0.1744791716337204,0.08788090944290161,0.10342817008495331,0.28447607159614563,0.4197372496128082
3100,-13.3426,-19.5582,-32.9008,-15.7031,-19.3125,1.9194,0.0,0.4259776473045349,0.035431716591119766,0.5160493850708008,0.06925005465745926,0.2254464328289032,0.11131840944290161,0.11298973858356476,0.2990904748439789,0.37212374806404114
3105,-13.657,-19.698,-33.3551,-16.5703,-19.7578,1.8839,0.0,0.44414061307907104,0.0325581394135952,0.47337672114372253,0.07080953568220139,0.2023809552192688,0.09950248897075653,0.10863650590181351,0.2927161157131195,0.39466729760169983
3110,-12.1273,-18.9125,-31.0398,-11.1641,-19.4844,1.843,0.0,0.45386970043182373,0.02436678484082222,0.7065308690071106,0.05298485979437828,0.1052827388048172,0.17778295278549194,0.12122979015111923,0.32435479760169983,0.272154837846756
3115,-12.9129,-19.3863,-32.2992,-13.8984,-19.8984,1.8172,0.0,0.38008373975753784,0.026272032409906387,0.6253870129585266,0.05874158442020416,0.1179315447807312,0.1299751251935959,0.11687655746936798,0.31386038661003113,0.3348103165626526
3120,-13.0617,-20.2934,-33.3551,-16.0312,-20.6484,1.8177,0.0,0.3314785361289978,0.02027306519448757,0.5085707306861877,0.035879287868738174,0.098586305975914,0.09779229015111923,0.09394434094429016,0.30837997794151306,0.39540576934814453
3125,-12.5352,-18.7449,-31.2801,-13.0469,-19.8203,1.7638,0.0,0.39382773637771606,0.03234582766890526,0.7371794581413269,0.06292937695980072,0.1432291716337204,0.16876554489135742,0.1285758763551712,0.31529849767684937,0.2828824520111084
3130,-12.459,-18.6031,-31.0621,-12.5703,-19.2734,1.7365,0.0,0.3961024284362793,0.029552491381764412,0.7426292896270752,0.08075904846191406,0.1484375,0.17152518033981323,0.1380985677242279,0.32167288661003113,0.2642257511615753
3135,-13.2711,-18.7426,-32.0137,-13.8359,-19.5078,1.7042,0.0,0.4211081862449646,0.036577992141246796,0.7039299011230469,0.0794292539358139,0.1223958358168602,0.1473103165626526,0.1285758763551712,0.29275497794151306,0.3268812298774719
3140,-13.3129,-17.1309,-30.4438,-13.5469,-16.9922,1.6756,0.0,0.5628393292427063,0.037478335201740265,0.8767050504684448,0.11322034150362015,0.1752232164144516,0.19329135119915009,0.17941541969776154,0.29349347949028015,0.2293221354484558
3145,-13.9988,-16.7434,-30.7422,-14.2969,-15.5625,1.6399,0.0,0.6139165163040161,0.05354810506105423,0.8642667531967163,0.15471526980400085,0.21875,0.19550684094429016,0.1785603165626526,0.2634483873844147,0.25800684094429016
3150,-12.9016,-14.2703,-27.1719,-10.2109,-14.6406,1.6226,0.0,0.8386762142181396,0.10064934939146042,0.952995240688324,0.3039718270301819,0.3991815447807312,0.37465018033981323,0.17957089841365814,0.21995490789413452,0.12134639173746109
3155,-12.8586,-15.452,-28.3105,-11.7812,-14.9922,1.5981,0.0,0.7301684617996216,0.06594420224428177,0.9205607771873474,0.2540944218635559,0.2961309552192688,0.31603699922561646,0.16857120394706726,0.24953357875347137,0.1613806039094925
3160,-12.793,-14.6867,-27.4797,-10.7422,-13.9297,1.5936,0.0,0.8148385882377625,0.06579865515232086,0.9455445408821106,0.24581797420978546,0.3850446343421936,0.36357274651527405,0.16717195510864258,0.2276896834373474,0.13708800077438354
3165,-13.698,-12.9844,-26.6824,-12.5469,-11.3516,1.5748,0.0,0.9258213043212891,0.127757728099823,0.9768322706222534,0.3789938688278198,0.5606398582458496,0.41289645433425903,0.19379663467407227,0.1744791716337204,0.11435012519359589
3170,-13.5672,-13.6598,-27.227,-12.3828,-12.6641,1.5737,0.0,0.8886405229568481,0.09113453328609467,0.9596611261367798,0.3469567894935608,0.488467276096344,0.38254043459892273,0.18808302283287048,0.1927083283662796,0.13219061493873596
3175,-12.8332,-14.2418,-27.075,-11.3047,-12.4062,1.5329,0.0,0.8785445094108582,0.07030878961086273,0.9361110925674438,0.21770334243774414,0.4207589328289032,0.3920242488384247,0.16363495588302612,0.2098880559206009,0.1299751251935959
3180,-11.9758,-13.9574,-25.9332,-10.2891,-12.2812,1.5018,0.0,0.8972411751747131,0.07041453570127487,0.9470773935317993,0.2006920427083969,0.404389888048172,0.4607042968273163,0.13689365983009338,0.19682836532592773,0.10109607875347137
3185,-13.1469,-12.1859,-25.3328,-11.7812,-10.0234,1.4732,0.0,0.9688712954521179,0.1776963621377945,0.9788287281990051,0.36118850111961365,0.6387648582458496,0.5006996393203735,0.16973724961280823,0.1413635015487671,0.08372201770544052
3190,-14.4156,-12.1094,-26.525,-14.0859,-9.375,1.4602,0.0,0.9730071425437927,0.2461424022912979,0.9807012677192688,0.3697074055671692,0.586309552192688,0.43054258823394775,0.2090718299150467,0.1429959535598755,0.11291199922561646
3195,-12.7559,-13.5926,-26.3484,-10.75,-11.4062,1.44,0.0,0.9476593732833862,0.08435767889022827,0.9497354626655579,0.20311369001865387,0.386532723903656,0.43590641021728516,0.16126398742198944,0.1909981369972229,0.10735385864973068
3200,-12.4113,-13.5727,-25.984,-10.8203,-11.0781,1.4028,0.0,0.9372934699058533,0.08541666716337204,0.953627347946167,0.20376914739608765,0.3861607015132904,0.4586831331253052,0.1492537260055542,0.18858830630779266,0.09899719804525375
3205,-12.3766,-13.5309,-25.9074,-10.5703,-11.3672,1.3599,0.0,0.938147783279419,0.10007818788290024,0.961443305015564,0.19308125972747803,0.3772321343421936,0.4612484574317932,0.14913712441921234,0.18851056694984436,0.09662624448537827
3210,-13.4211,-12.8352,-26.2563,-11.6875,-10.9141,1.3221,0.0,0.9623228311538696,0.1250559240579605,0.9762952327728271,0.2567102611064911,0.570684552192688,0.4497823417186737,0.1737406700849533,0.15904851257801056,0.1129508689045906
3215,-12.9711,-12.548,-25.5191,-11.2188,-10.7031,1.2982,0.0,0.9671579599380493,0.17630916833877563,0.9683403372764587,0.2630841135978699,0.5658482313156128,0.48523008823394775,0.16997045278549194,0.1571439653635025,0.08317785710096359
3220,-12.2977,-12.9457,-25.2434,-10.3359,-10.7109,1.2665,0.0,0.9617927670478821,0.10449377447366714,0.9756845831871033,0.15984776616096497,0.5111607313156128,0.5055969953536987,0.14357897639274597,0.16464552283287048,0.0817008689045906
3225,-11.9398,-14.2684,-26.2082,-10.4141,-11.5625,1.2322,0.0,0.9008322358131409,0.06680046021938324,0.9305325150489807,0.09335793554782867,0.3604910671710968,0.4436800479888916,0.1355721354484558,0.2109375,0.10533270984888077
3230,-11.7023,-16.1578,-27.8602,-9.7969,-13.8516,1.1793,0.0,0.8028616905212402,0.030079621821641922,0.8573905229568481,0.05583885684609413,0.1640625,0.3422729969024658,0.13180193305015564,0.26900652050971985,0.15244092047214508
3235,-12.5352,-14.6117,-27.1469,-10.7891,-11.7266,1.1192,0.0,0.9086365699768066,0.07948523759841919,0.9258139133453369,0.10602549463510513,0.267485111951828,0.388837069272995,0.15403451025485992,0.21847791969776154,0.13417288661003113
3240,-11.8891,-15.2371,-27.1262,-10.1328,-12.875,1.0763,0.0,0.8393396139144897,0.056603774428367615,0.8955391645431519,0.08185374736785889,0.2924107015132904,0.38611629605293274,0.1380208283662796,0.24222636222839355,0.1291588991880417
3245,-12.157,-13.8844,-26.0414,-10.2969,-11.4219,1.0242,0.0,0.9353761672973633,0.06717640906572342,0.9287248849868774,0.10644910484552383,0.3921130895614624,0.4540967047214508,0.1423352062702179,0.19904384016990662,0.10004664212465286
3250,-11.7383,-14.2719,-26.0102,-9.9062,-12.3906,0.9698,0.0,0.9033602476119995,0.07040971517562866,0.9325050711631775,0.11166730523109436,0.2916666567325592,0.45689520239830017,0.12807057797908783,0.20961597561836243,0.10094060748815536
3255,-12.3965,-13.7852,-26.1816,-10.9141,-10.7266,0.927,0.0,0.9312301278114319,0.11138014495372772,0.9311328530311584,0.14414089918136597,0.3738839328289032,0.4521532952785492,0.14447294175624847,0.190764918923378,0.10813122242689133
3260,-12.3234,-13.0781,-25.4016,-10.6641,-11.0391,0.879,0.0,0.9554882049560547,0.1482517421245575,0.9521000385284424,0.1482582837343216,0.4754464328289032,0.5003498196601868,0.13895367085933685,0.1647232621908188,0.09149564802646637
3265,-12.7465,-13.1051,-25.8516,-11.5312,-10.1953,0.8475,0.0,0.9529865384101868,0.16776315867900848,0.9199444651603699,0.16640806198120117,0.5215773582458496,0.4737251102924347,0.15360696613788605,0.16798818111419678,0.10020211338996887
3270,-12.8207,-12.6883,-25.509,-11.1094,-10.6641,0.8095,0.0,0.9651973843574524,0.17535313963890076,0.9457668662071228,0.16124720871448517,0.6034226417541504,0.49028295278549194,0.1595926582813263,0.15838775038719177,0.08725901693105698
3275,-12.8074,-12.1348,-24.9422,-11.4922,-10.2969,0.7801,0.0,0.9775412678718567,0.17998994886875153,0.9684240221977234,0.21164020895957947,0.6767113208770752,0.529578685760498,0.1546175330877304,0.1378653645515442,0.07346081733703613
3280,-12.7793,-11.8629,-24.6422,-11.0078,-9.8359,0.7555,0.0,0.9827768802642822,0.18711340427398682,0.9648194313049316,0.19708029925823212,0.773065447807312,0.5506452322006226,0.1508084535598755,0.12484452873468399,0.06922419369220734
3285,-12.1426,-12.9664,-25.109,-10.4453,-10.7266,0.7162,0.0,0.957167387008667,0.08827827870845795,0.940845787525177,0.10578279197216034,0.6078869104385376,0.520872175693512,0.1329679787158966,0.1590096354484558,0.08267257362604141
3290,-12.432,-12.6301,-25.0621,-10.3125,-10.9453,0.6709,0.0,0.9603724479675293,0.12557262182235718,0.9602156281471252,0.12350597977638245,0.675595223903656,0.5218050479888916,0.14423973858356476,0.15143035352230072,0.0780472606420517
3295,-12.7168,-12.2902,-25.007,-10.7812,-10.4766,0.6389,0.0,0.9700661301612854,0.12398580461740494,0.9701005816459656,0.16990788280963898,0.7630208134651184,0.5232820510864258,0.15329602360725403,0.1429959535598755,0.07594837993383408
3300,-13.8348,-11.457,-25.2918,-13.1875,-9.8828,0.6146,0.0,0.9835554361343384,0.24857310950756073,0.9867651462554932,0.2927088737487793,0.866815447807312,0.498717337846756,0.19748911261558533,0.12628264725208282,0.07303327322006226
3305,-13.5512,-11.4043,-24.9555,-11.3906,-10.1719,0.5967,0.0,0.9892181158065796,0.20297788083553314,0.9832306504249573,0.26291078329086304,0.933779776096344,0.5299285054206848,0.17751088738441467,0.11357276141643524,0.07451026141643524
3310,-12.8742,-11.816,-24.6902,-10.6016,-10.1562,0.5778,0.0,0.9838948845863342,0.12607377767562866,0.9695708155632019,0.1674986183643341,0.8999255895614624,0.5502565503120422,0.15384016931056976,0.12134639173746109,0.07007928937673569
3315,-13.0957,-11.6625,-24.7582,-10.6641,-10.8047,0.5477,0.0,0.9826892614364624,0.13214202225208282,0.9831852912902832,0.23175714910030365,0.933779776096344,0.5411224961280823,0.16530628502368927,0.12251243740320206,0.06658115983009338
3320,-12.757,-11.5031,-24.2602,-10.3984,-10.6328,0.5207,0.0,0.9889301657676697,0.11558577418327332,0.9838483333587646,0.2427559494972229,0.9441964030265808,0.5758317708969116,0.14863184094429016,0.11069651693105698,0.06036224961280823
3325,-13.5453,-11.2848,-24.8301,-11.6172,-10.2344,0.5023,0.0,0.9924486875534058,0.17038284242153168,0.9933686852455139,0.34355828166007996,0.9698660969734192,0.5301616787910461,0.18477922677993774,0.11722636967897415,0.06335510313510895
3330,-12.6914,-11.4,-24.0914,-10.2656,-10.6875,0.4825,0.0,0.9929284453392029,0.11668454855680466,0.9856035709381104,0.260869562625885,0.9408482313156128,0.5881141424179077,0.14490050077438354,0.10529384016990662,0.057213928550481796
3335,-13.1777,-11.5664,-24.7441,-11.5156,-10.4844,0.4623,0.0,0.990311324596405,0.10596340894699097,0.9866985082626343,0.28517723083496094,0.956845223903656,0.5455923676490784,0.16359607875347137,0.11396144330501556,0.07237251102924347
3340,-12.6672,-11.8246,-24.4918,-10.7344,-10.3359,0.4358,0.0,0.9896437525749207,0.08002133667469025,0.9784876108169556,0.10005750507116318,0.9404761791229248,0.5629664063453674,0.14571672677993774,0.11924751102924347,0.06759172677993774
3345,-12.6766,-12.0039,-24.6805,-10.4453,-10.6797,0.3964,0.0,0.9848324060440063,0.07950668781995773,0.967487096786499,0.09677419066429138,0.9170386791229248,0.5483908653259277,0.14812655746936798,0.12791511416435242,0.07108986377716064
3350,-13.2824,-11.4238,-24.7062,-10.8281,-10.2422,0.3685,0.0,0.9931531548500061,0.16291239857673645,0.9875947833061218,0.21138212084770203,0.976934552192688,0.5449704527854919,0.1708255559206009,0.1127953976392746,0.06693097203969955
3355,-12.8867,-11.3926,-24.2793,-10.5234,-10.3359,0.3617,0.0,0.9884926080703735,0.16615384817123413,0.9768742918968201,0.19637273252010345,0.9739583134651184,0.5775808691978455,0.15158581733703613,0.10420553386211395,0.06215018779039383
3360,-15.0762,-10.7566,-25.8328,-15.1406,-9.7266,0.3475,0.0,0.9932648539543152,0.3477283716201782,0.9922752976417542,0.34964028000831604,0.9620535969734192,0.4616760015487671,0.2421097606420517,0.11069651693105698,0.08104011416435242
3365,-14.4359,-10.7738,-25.2098,-13.6484,-9.5,0.3624,0.0,0.9948500990867615,0.31420862674713135,0.9912023544311523,0.3547646403312683,0.9709821343421936,0.5056747794151306,0.21610696613788605,0.1060323417186737,0.0677083358168602
3370,-13.7,-11.1184,-24.8184,-12.2734,-9.8359,0.3576,0.0,0.9922226071357727,0.2362649291753769,0.9917420148849487,0.2924880087375641,0.9661458134651184,0.5447372794151306,0.17898787558078766,0.09884172677993774,0.07295553386211395
3375,-14.9941,-10.7332,-25.7273,-15.4844,-9.1328,0.3555,0.0,0.9920259118080139,0.34271225333213806,0.9887837171554565,0.368058979511261,0.9698660969734192,0.4679337739944458,0.23760105669498444,0.11089085787534714,0.0790967047214508
3380,-13.9371,-10.9488,-24.8859,-12.9922,-9.7812,0.3831,0.0,0.99399733543396,0.29863280057907104,0.9954096078872681,0.259723961353302,0.9575892686843872,0.5244869589805603,0.19900497794151306,0.11007462441921234,0.06195584684610367
3385,-13.1598,-11.4207,-24.5805,-11.2734,-10.2656,0.3619,0.0,0.9926408529281616,0.18567389249801636,0.9885416626930237,0.15473301708698273,0.9501488208770752,0.5545709133148193,0.1649564653635025,0.11194030195474625,0.06405472755432129
3390,-14.482,-10.5598,-25.0418,-15.0,-8.7422,0.3471,0.0,0.9916098713874817,0.39683693647384644,0.9903108477592468,0.26094570755958557,0.9776785969734192,0.5188510417938232,0.21381373703479767,0.0962764322757721,0.06658115983009338
3395,-12.6605,-11.4043,-24.0648,-10.875,-9.9141,0.3385,0.0,0.993223249912262,0.16543209552764893,0.9866319894790649,0.07917498052120209,0.9620535969734192,0.5907571315765381,0.1416744440793991,0.10467195510864258,0.058418843895196915
3400,-12.4824,-11.4512,-23.9336,-10.5391,-10.0234,0.3042,0.0,0.9934733510017395,0.12816092371940613,0.9838770031929016,0.07686883211135864,0.9598214030265808,0.6014847755432129,0.1352611929178238,0.10366138070821762,0.055115051567554474
3405,-12.5363,-11.5473,-24.0836,-10.3984,-10.0938,0.2717,0.0,0.9944631457328796,0.11996643990278244,0.9867002367973328,0.0516214445233345,0.961309552192688,0.589668869972229,0.1389925330877304,0.10813122242689133,0.05872979015111923
3410,-12.9301,-11.5789,-24.509,-11.0078,-9.7891,0.2373,0.0,0.9908599853515625,0.1430351287126541,0.9850847721099854,0.07155963033437729,0.976934552192688,0.561333954334259,0.15597791969776154,0.1146610677242279,0.06354943662881851
3415,-12.802,-11.5152,-24.3172,-10.7031,-10.2344,0.2111,0.0,0.992255449295044,0.1465473175048828,0.986082136631012,0.0787760391831398,0.9735863208770752,0.572139322757721,0.15197449922561646,0.11170709133148193,0.05970149114727974
3420,-12.5977,-11.5605,-24.1582,-10.6953,-9.9922,0.1789,0.0,0.9969373941421509,0.10289737582206726,0.9933215975761414,0.05398110672831535,0.9627976417541504,0.5837997794151306,0.14354011416435242,0.11057991534471512,0.05760261043906212
3425,-12.6738,-11.7598,-24.4336,-10.4453,-10.1875,0.1409,0.0,0.9955482482910156,0.08261802792549133,0.9850795865058899,0.03539822995662689,0.9553571343421936,0.5675140023231506,0.14490050077438354,0.11722636967897415,0.06588152796030045
3430,-12.8711,-11.4777,-24.3488,-10.8438,-10.0469,0.1105,0.0,0.9977518916130066,0.13937106728553772,0.9927158951759338,0.08117099106311798,0.956845223903656,0.5705457329750061,0.15450093150138855,0.1120569035410881,0.058418843895196915
3435,-12.9711,-11.3152,-24.2863,-11.2734,-9.9609,0.0836,0.0,0.9961274266242981,0.16760459542274475,0.9924865961074829,0.12022237479686737,0.9873511791229248,0.5721004605293274,0.1588541716337204,0.10863650590181351,0.05593128129839897
3440,-13.5063,-11.2645,-24.7707,-12.0859,-9.6016,0.0602,0.0,0.9967637658119202,0.23328936100006104,0.9898030757904053,0.125071719288826,0.976190447807312,0.5404617786407471,0.17677238583564758,0.11054104566574097,0.06774719804525375
3445,-13.043,-11.5102,-24.5531,-10.7734,-9.9766,0.0417,0.0,0.9954147338867188,0.14583845436573029,0.9905857443809509,0.11436950415372849,0.9657738208770752,0.5594682693481445,0.15831001102924347,0.11147388070821762,0.06627020984888077
3450,-14.193,-10.8449,-25.0379,-14.0859,-9.1406,0.0136,0.0,0.9978322386741638,0.313446968793869,0.9943946003913879,0.2497069239616394,0.9735863208770752,0.5199782252311707,0.20522387325763702,0.10401119291782379,0.06630907952785492
3455,-12.9074,-11.4613,-24.3688,-10.8516,-10.1016,0.0,0.0,0.9937205910682678,0.1663331687450409,0.9896833896636963,0.10569620132446289,0.9598214030265808,0.5694574117660522,0.15539489686489105,0.10925839841365814,0.06141168996691704
3460,-13.0242,-11.291,-24.3152,-11.6719,-10.2188,0.0,0.0,0.991198718547821,0.21664240956306458,0.9833628535270691,0.11838439851999283,0.9579613208770752,0.5696905851364136,0.16021455824375153,0.10980255156755447,0.055814675986766815
3465,-13.1102,-11.3922,-24.5023,-11.625,-10.0078,0.0,0.0,0.994456946849823,0.19075144827365875,0.9858633279800415,0.12399464100599289,0.9620535969734192,0.5539489984512329,0.16810478270053864,0.1154773011803627,0.05799129232764244
3470,-12.8523,-11.7355,-24.5879,-10.9688,-10.0312,0.0,0.0,0.9933128952980042,0.11582715064287186,0.9845999479293823,0.08286674320697784,0.941220223903656,0.5579912662506104,0.1520133763551712,0.11609919369220734,0.0694185346364975
3475,-12.7258,-11.7578,-24.4836,-10.6562,-10.2344,0.0,0.0,0.9874887466430664,0.13935281336307526,0.9672503471374512,0.05612552911043167,0.9322916865348816,0.5623056888580322,0.14894278347492218,0.1198694035410881,0.06440453976392746
3480,-12.3254,-11.6598,-23.9852,-10.3906,-10.4375,0.0,0.0,0.9836140275001526,0.133076474070549,0.9742673635482788,0.07186030596494675,0.9308035969734192,0.5977534055709839,0.13114117085933685,0.10875310748815536,0.05787469074130058
3485,-12.8586,-11.852,-24.7105,-10.8594,-10.3203,0.0,0.0,0.9811388254165649,0.17095497250556946,0.9546855688095093,0.07455890625715256,0.9211309552192688,0.5440376400947571,0.15710510313510895,0.12608830630779266,0.06829135864973068
3490,-12.3656,-12.1781,-24.5438,-10.4531,-10.6641,0.0,0.0,0.9721385836601257,0.07688038051128387,0.9571635127067566,0.06599882245063782,0.8962053656578064,0.5552316308021545,0.14004197716712952,0.13428948819637299,0.06595926731824875
3495,-12.7406,-12.8684,-25.609,-10.2891,-11.5312,0.0,0.0,0.9542911648750305,0.06857281178236008,0.9330259561538696,0.05794556811451912,0.8526785969734192,0.4863961338996887,0.1604088991880417,0.16017568111419678,0.0885416641831398
3500,-12.2039,-13.084,-25.2879,-9.6797,-11.7656,0.0,0.0,0.9444908499717712,0.0488085001707077,0.914558470249176,0.03639672324061394,0.7678571343421936,0.5118547677993774,0.13537779450416565,0.16285759210586548,0.08543221652507782
3505,-12.4328,-12.5723,-25.0051,-10.2656,-10.9922,0.0,0.0,0.9581063389778137,0.07560975849628448,0.9435058236122131,0.06969697028398514,0.840029776096344,0.5279073119163513,0.14342351257801056,0.14723259210586548,0.07695895433425903
3510,-11.9762,-12.0395,-24.0156,-10.0547,-10.5234,0.0,0.0,0.9762293696403503,0.049338921904563904,0.9644473195075989,0.03916449099779129,0.8984375,0.5951881408691406,0.1205301582813263,0.12025808542966843,0.05954601988196373
3515,-12.3969,-12.016,-24.4129,-10.1875,-10.6094,0.0,0.0,0.9783594608306885,0.05701509118080139,0.9685879945755005,0.05470190569758415,0.9419642686843872,0.5657649040222168,0.1390702724456787,0.1274486929178238,0.06323849409818649
3520,-12.2645,-12.0852,-24.3496,-9.8828,-11.125,0.0,0.0,0.9718661308288574,0.05524205416440964,0.9630565047264099,0.05522565171122551,0.9311755895614624,0.5761038661003113,0.1308690905570984,0.12309546023607254,0.06545397639274597
3525,-12.0594,-12.3336,-24.393,-9.75,-11.1797,0.0,0.0,0.9557734727859497,0.03435804694890976,0.9630478620529175,0.03764420002698898,0.9341517686843872,0.5668532252311707,0.12896455824375153,0.13568873703479767,0.06401585787534714
3530,-12.3098,-12.0824,-24.3922,-9.7734,-11.3438,0.0,0.0,0.9723325371742249,0.050028588622808456,0.9664167761802673,0.04984423518180847,0.9401041865348816,0.5675528645515442,0.13596081733703613,0.12962530553340912,0.062383394688367844
3535,-12.623,-12.0383,-24.6613,-10.2109,-10.6562,0.0,0.0,0.9827014207839966,0.06015831232070923,0.9750601053237915,0.06424104422330856,0.9326636791229248,0.5504897236824036,0.1473103165626526,0.12935324013233185,0.06836909055709839
3540,-12.6992,-12.0887,-24.7879,-10.4688,-10.5859,0.0,0.0,0.9770926237106323,0.08132758736610413,0.9733684659004211,0.07692307978868484,0.9341517686843872,0.539567768573761,0.1534126251935959,0.1328125,0.06972947716712952
3545,-12.5152,-11.7582,-24.2734,-10.3047,-10.4453,0.0,0.0,0.9879967570304871,0.08971911668777466,0.9803214073181152,0.08428390324115753,0.952752947807312,0.5731498599052429,0.14252954721450806,0.11850901693105698,0.06133395433425903
3550,-12.7477,-11.7457,-24.4934,-10.1172,-10.75,0.0,0.0,0.988777220249176,0.08052631467580795,0.9841164946556091,0.09976387023925781,0.965029776096344,0.5645211338996887,0.1476989984512329,0.11745958030223846,0.0658426582813263
3555,-12.5145,-11.7527,-24.2672,-10.0,-10.9141,0.0,0.0,0.9827412366867065,0.08687204867601395,0.9820521473884583,0.10357815772294998,0.9594494104385376,0.57878577709198,0.14004197716712952,0.11477767676115036,0.06191697716712952
3560,-12.7375,-11.8492,-24.5867,-10.2266,-11.2812,0.0,0.0,0.9799069166183472,0.08985360711812973,0.975176215171814,0.12936848402023315,0.9627976417541504,0.5513059496879578,0.15399564802646637,0.12682680785655975,0.0633939653635025
3565,-12.6531,-11.9359,-24.5891,-10.1406,-11.0547,0.0,0.0,0.9816948175430298,0.08993082493543625,0.9670658707618713,0.09162621200084686,0.9441964030265808,0.549945592880249,0.151702418923378,0.12981964647769928,0.06405472755432129
3570,-12.9535,-11.982,-24.9355,-10.5,-10.7344,0.0,0.0,0.9813519716262817,0.10175267606973648,0.9789853096008301,0.09717031568288803,0.9270833134651184,0.5335820913314819,0.1596703976392746,0.1294698417186737,0.07280006259679794
3575,-12.627,-11.9766,-24.6035,-9.8203,-11.1328,0.0,0.0,0.9781754612922668,0.09353651851415634,0.9773423075675964,0.08731082826852798,0.9211309552192688,0.5538712739944458,0.14793221652507782,0.1269434094429016,0.06677550077438354
3580,-12.5559,-11.8703,-24.4262,-10.3672,-10.3906,0.0,0.0,0.9819931387901306,0.10035163909196854,0.9724623560905457,0.09520958364009857,0.930059552192688,0.5655317306518555,0.14369557797908783,0.12138526141643524,0.06490982323884964
3585,-12.7324,-11.768,-24.5004,-10.4844,-10.4141,0.0,0.0,0.9893381595611572,0.08335503935813904,0.9772505760192871,0.095238097012043,0.9680059552192688,0.5614116787910461,0.14921486377716064,0.11959732323884964,0.06529850512742996
3590,-12.9242,-11.4676,-24.3918,-10.6562,-10.0469,0.0,0.0,0.9943770170211792,0.1406947821378708,0.984271228313446,0.15134099125862122,0.9698660969734192,0.5668143630027771,0.15663868188858032,0.11120180040597916,0.060867536813020706
3595,-13.1477,-11.5246,-24.6723,-10.6953,-10.3203,0.0,0.0,0.992628276348114,0.13684944808483124,0.9895798563957214,0.1482153683900833,0.9888392686843872,0.5483520030975342,0.16728855669498444,0.11563277244567871,0.06424906849861145
3600,-12.7336,-11.6895,-24.423,-10.3203,-10.4844,0.0,0.0,0.9946439862251282,0.06965823471546173,0.9896872639656067,0.09462759643793106,0.9784226417541504,0.5660369992256165,0.14898166060447693,0.11683768779039383,0.06366604566574097
3605,-12.541,-11.5496,-24.0906,-10.4062,-10.2422,0.0,0.0,0.9941067695617676,0.08145913481712341,0.9898672103881836,0.0951048955321312,0.980654776096344,0.5869869589805603,0.14171330630779266,0.11124067008495331,0.0555814690887928
3610,-12.5848,-11.4891,-24.0738,-10.4844,-10.1328,0.0,0.0,0.9959173202514648,0.09695138782262802,0.9887272715568542,0.0881749838590622,0.988095223903656,0.5902518630027771,0.1415189653635025,0.10688743740320206,0.056864116340875626
3615,-12.8848,-11.2172,-24.102,-10.9453,-10.0781,0.0,0.0,0.9985367655754089,0.1627093255519867,0.9903237819671631,0.16704632341861725,0.9836309552192688,0.5843827724456787,0.1555114984512329,0.10443874448537827,0.0511893667280674
3620,-12.3762,-11.6707,-24.0469,-10.3047,-10.2109,0.0,0.0,0.9945054650306702,0.0635753870010376,0.9808578491210938,0.054593876004219055,0.9590773582458496,0.5942164063453674,0.13327892124652863,0.10964708030223846,0.05837997421622276
3625,-12.9164,-11.6707,-24.5871,-10.8516,-10.5703,0.0,0.0,0.9892261028289795,0.11848455667495728,0.9818828701972961,0.10785536468029022,0.9825148582458496,0.5519667267799377,0.16106964647769928,0.12014147639274597,0.06234452873468399
3630,-12.8102,-11.6992,-24.5094,-10.6016,-10.1797,0.0,0.0,0.9904820919036865,0.10500388592481613,0.9773801565170288,0.0900116115808487,0.972470223903656,0.5635494589805603,0.14991448819637299,0.11512748897075653,0.06693097203969955
3635,-13.1551,-11.6879,-24.843,-11.0625,-10.4531,0.0,0.0,0.9905935525894165,0.1397310197353363,0.9875233769416809,0.11886901408433914,0.9616815447807312,0.5330379605293274,0.17051461338996887,0.12461131811141968,0.06735852360725403
3640,-12.4703,-12.1012,-24.5715,-10.0234,-10.7031,0.0,0.0,0.9833669662475586,0.0601123608648777,0.9693877696990967,0.06553009897470474,0.9047619104385376,0.5584965944290161,0.13837064802646637,0.12569962441921234,0.07295553386211395
3645,-12.441,-12.0719,-24.5129,-10.0625,-10.9062,0.0,0.0,0.9811334013938904,0.07181867957115173,0.9731903672218323,0.05793602764606476,0.8891369104385376,0.5583022236824036,0.1423352062702179,0.13048040866851807,0.06440453976392746
3650,-12.2715,-12.7004,-24.9719,-9.7656,-11.3359,0.0,0.0,0.9685368537902832,0.033041514456272125,0.9364102482795715,0.030549898743629456,0.7983630895614624,0.5299673676490784,0.13763214647769928,0.15158581733703613,0.0763370618224144
3655,-12.0957,-13.2219,-25.3176,-9.3828,-12.1016,0.0,0.0,0.9418267607688904,0.020503807812929153,0.934068500995636,0.02758007124066353,0.734747052192688,0.5097947716712952,0.13269589841365814,0.16565608978271484,0.08737561851739883
3660,-11.7738,-14.3133,-26.0871,-8.8672,-13.4609,0.0,0.0,0.8963398933410645,0.020636284723877907,0.9051027894020081,0.019245875999331474,0.5364583134651184,0.4491993188858032,0.13561101257801056,0.2117537260055542,0.0989583358168602
3665,-11.5023,-14.1391,-25.6414,-8.5156,-14.0703,0.0,0.0,0.8821843862533569,0.01882781647145748,0.9128978252410889,0.021296296268701553,0.5930059552192688,0.47473570704460144,0.12799285352230072,0.20883862674236298,0.08395522087812424
3670,-12.0156,-13.1313,-25.1469,-9.0859,-12.9766,0.0,0.0,0.9368557929992676,0.041515741497278214,0.9551469087600708,0.019525066018104553,0.7250744104385376,0.5090562701225281,0.1394978165626526,0.17331312596797943,0.0736551582813263
3675,-11.6609,-13.9238,-25.5848,-8.8828,-13.5234,0.0,0.0,0.9075433611869812,0.022898463532328606,0.9049309492111206,0.02881205640733242,0.6086309552192688,0.4817708432674408,0.12900342047214508,0.19706156849861145,0.08768656849861145
3680,-11.7676,-14.0141,-25.7816,-8.9453,-13.3281,0.0,0.0,0.8970820307731628,0.02437625452876091,0.9086906313896179,0.027391305193305016,0.6261160969734192,0.4675450921058655,0.13553327322006226,0.2030472606420517,0.08939676731824875
3685,-11.7184,-13.3215,-25.0398,-9.1641,-12.4688,0.0,0.0,0.9312993884086609,0.02809509076178074,0.918102502822876,0.022845275700092316,0.695684552192688,0.5210665464401245,0.1258939653635025,0.17370180785655975,0.07486007362604141
3690,-12.3148,-12.1695,-24.4844,-9.9375,-11.0156,0.0,0.0,0.974960207939148,0.05520951375365257,0.9649225473403931,0.05828220769762993,0.8794642686843872,0.5619170069694519,0.1372823417186737,0.1329679787158966,0.06335510313510895
3695,-12.8406,-11.8527,-24.6934,-10.4531,-10.8047,0.0,0.0,0.9885880351066589,0.0795053020119667,0.985638439655304,0.08375778049230576,0.9579613208770752,0.5483520030975342,0.15399564802646637,0.12449471652507782,0.068680040538311
3700,-12.6754,-11.8316,-24.507,-10.2422,-10.6406,0.0,0.0,0.9898557662963867,0.062332797795534134,0.9828922152519226,0.0753064826130867,0.9553571343421936,0.5632385015487671,0.14528918266296387,0.12041355669498444,0.06658115983009338
3705,-12.4324,-11.8641,-24.2965,-10.3047,-10.375,0.0,0.0,0.9888776540756226,0.050070323050022125,0.9784384369850159,0.05286343768239021,0.9464285969734192,0.5766091346740723,0.1381763070821762,0.1189754381775856,0.06176150590181351
3710,-12.5633,-12.057,-24.6203,-10.2422,-10.6172,0.0,0.0,0.9919310212135315,0.0320870541036129,0.9768170714378357,0.04819915071129799,0.909970223903656,0.558768630027771,0.13930347561836243,0.12406716495752335,0.07338308542966843
3715,-12.8633,-12.1191,-24.9824,-10.6094,-10.2344,0.0,0.0,0.9937801957130432,0.040378864854574203,0.983818769454956,0.045848190784454346,0.9267113208770752,0.5311722755432129,0.15593905746936798,0.13211287558078766,0.07629819959402084
3720,-12.4602,-12.091,-24.5512,-10.2188,-10.2891,0.0,0.0,0.9926895499229431,0.027093596756458282,0.9737398028373718,0.026900583878159523,0.9043898582458496,0.55826336145401,0.14202424883842468,0.12877021729946136,0.06646455079317093
3725,-12.3469,-12.232,-24.5789,-10.1484,-10.9688,0.0,0.0,0.9895920753479004,0.029688838869333267,0.9737075567245483,0.03867102414369583,0.847470223903656,0.5564365386962891,0.1361551582813263,0.13156871497631073,0.07136193662881851
3730,-12.3371,-11.7383,-24.0754,-10.3594,-10.2656,0.0,0.0,0.9960575699806213,0.051020409911870956,0.9844505786895752,0.03874415531754494,0.9397321343421936,0.5915344953536987,0.13331778347492218,0.11248445510864258,0.0581856332719326
3735,-12.2039,-11.9191,-24.123,-10.1484,-10.4766,0.0,0.0,0.9912732839584351,0.026228519156575203,0.978723406791687,0.023346303030848503,0.9170386791229248,0.5879197716712952,0.12892568111419678,0.11874222755432129,0.05993470177054405
3740,-12.5516,-11.9516,-24.5031,-10.4688,-10.2109,0.0,0.0,0.9960148334503174,0.02760978229343891,0.9867788553237915,0.02988792024552822,0.9438244104385376,0.5559312701225281,0.14781561493873596,0.12935324013233185,0.062422264367341995
3745,-12.5984,-11.6398,-24.2383,-10.3672,-10.1797,0.0,0.0,0.9967895150184631,0.05514198914170265,0.9892659187316895,0.06289707869291306,0.9869791865348816,0.5811178684234619,0.14097481966018677,0.11225124448537827,0.061178483068943024
3750,-12.5227,-11.6145,-24.1371,-10.4766,-10.1953,0.0,0.0,0.9980277419090271,0.06877698004245758,0.994147777557373,0.062345679849386215,0.9601934552192688,0.5912235975265503,0.13506685197353363,0.10626554489135742,0.06296642124652863
3755,-12.3629,-11.634,-23.9969,-10.3047,-10.4453,0.0,0.0,0.9947419762611389,0.05859375,0.989098846912384,0.052090033888816833,0.9676339030265808,0.5987640023231506,0.12935324013233185,0.10696517676115036,0.06043998897075653
3760,-12.6535,-11.5988,-24.2523,-10.5234,-10.3359,0.0,0.0,0.9968349933624268,0.08787718415260315,0.9934278726577759,0.0788954645395279,0.9702380895614624,0.5771921873092651,0.14684391021728516,0.11236784607172012,0.059118468314409256
3765,-12.9039,-11.5082,-24.4121,-10.8359,-10.2031,0.0,0.0,0.9994505643844604,0.12078510224819183,0.9972047805786133,0.1125304102897644,0.969122052192688,0.5659204125404358,0.154462069272995,0.11124067008495331,0.06389925628900528
3770,-12.9367,-11.5234,-24.4602,-10.8125,-10.3203,0.0,0.0,0.9966853260993958,0.12210162729024887,0.9937866926193237,0.10634328424930573,0.9836309552192688,0.5628498196601868,0.15757152438163757,0.11260105669498444,0.0625
3775,-12.8387,-11.1219,-23.9605,-11.2422,-10.0,0.0,0.0,0.9976542592048645,0.18292683362960815,0.9976066946983337,0.16066065430641174,0.9895833134651184,0.5965096354484558,0.14979788661003113,0.09744247794151306,0.05177238956093788
3780,-13.8988,-11.2844,-25.1832,-12.9062,-10.2109,0.0,0.0,0.9973018765449524,0.221640482544899,0.9883244037628174,0.20780712366104126,0.980282723903656,0.5041977763175964,0.2004431039094925,0.12317319959402084,0.0677083358168602
3785,-15.116,-10.7297,-25.8457,-15.2109,-9.4922,0.0,0.0,0.9976180195808411,0.3505253195762634,0.9955857396125793,0.3070942759513855,0.976190447807312,0.45689520239830017,0.24416977167129517,0.11446672677993774,0.07999067008495331
3790,-13.3969,-11.3215,-24.7184,-11.75,-9.9219,0.0,0.0,0.9942910075187683,0.18663959205150604,0.9923398494720459,0.2070765644311905,0.9698660969734192,0.5446594953536987,0.17222481966018677,0.11162935197353363,0.06700870394706726
3795,-12.977,-11.6879,-24.6648,-10.4062,-10.2422,0.0,0.0,0.9949477314949036,0.09476058930158615,0.9918808937072754,0.12093275785446167,0.9654017686843872,0.5539101362228394,0.15504509210586548,0.11489427834749222,0.07167288661003113
3800,-14.5207,-11.3789,-25.8996,-13.2031,-9.7578,0.0,0.0,0.9953672289848328,0.22430725395679474,0.9950217604637146,0.2544404864311218,0.9858630895614624,0.4614427983760834,0.22162623703479767,0.1249222606420517,0.08753109723329544
3805,-12.7172,-11.4516,-24.1688,-10.6875,-10.0781,0.0,0.0,0.9967396259307861,0.10756123811006546,0.9912948608398438,0.15620827674865723,0.9601934552192688,0.5841495394706726,0.1459888070821762,0.10715951770544052,0.058224502950906754
3810,-13.2906,-11.8715,-25.1621,-11.4766,-10.0,0.0,0.0,0.9946364760398865,0.09408728033304214,0.9860803484916687,0.13634291291236877,0.9512648582458496,0.521766185760498,0.16565608978271484,0.12286224961280823,0.08523787558078766
3815,-13.1219,-11.5598,-24.6816,-10.7734,-10.3047,0.0,0.0,0.9972228407859802,0.13521718978881836,0.99210524559021,0.14149253070354462,0.9546130895614624,0.5458255410194397,0.1664334535598755,0.1181592047214508,0.0651041641831398
3820,-13.0215,-11.3504,-24.3719,-11.1875,-9.9453,0.0,0.0,0.9980075359344482,0.16038647294044495,0.9957188963890076,0.15499351918697357,0.9765625,0.5657260417938232,0.16091418266296387,0.10894744843244553,0.05993470177054405
3825,-14.6008,-10.784,-25.3848,-14.7812,-9.3203,0.0,0.0,0.9974827170372009,0.32711923122406006,0.9937842488288879,0.3167278468608856,0.9680059552192688,0.49409204721450806,0.22100435197353363,0.10630441457033157,0.07412157952785492
3830,-16.6555,-9.4895,-26.1449,-20.9766,-6.4219,0.0369,0.0,0.9968821406364441,0.535900354385376,0.9886981844902039,0.4304741621017456,0.9903273582458496,0.42385727167129517,0.30585354566574097,0.0928560346364975,0.07295553386211395
3835,-16.8684,-9.1141,-25.9824,-22.9922,-4.6172,0.1587,0.0,0.996284544467926,0.6127097010612488,0.9868659377098083,0.34539878368377686,0.9817708134651184,0.42891013622283936,0.31743624806404114,0.08582089841365814,0.06335510313510895
3840,-16.307,-9.3227,-25.6297,-22.6406,-4.6406,0.2213,0.0,0.9967761039733887,0.5945109724998474,0.9869192838668823,0.3000623881816864,0.9914434552192688,0.45813900232315063,0.2889070212841034,0.08617071062326431,0.06230565905570984
3845,-14.1148,-10.4727,-24.5875,-16.2812,-7.4688,0.2329,0.0,0.9961268305778503,0.43293848633766174,0.9826051592826843,0.1558908075094223,0.9709821343421936,0.5418998599052429,0.20343594253063202,0.09608209133148193,0.05410447716712952
3850,-15.1844,-9.8066,-24.991,-20.5547,-5.5547,0.2367,0.0,0.9978622794151306,0.534348726272583,0.9884290099143982,0.23132184147834778,0.9869791865348816,0.5090951323509216,0.24498601257801056,0.08733675628900528,0.05410447716712952
3855,-16.2559,-9.4766,-25.7324,-21.6719,-4.8438,0.2907,0.0,0.9983724355697632,0.5748713612556458,0.9879571795463562,0.288837730884552,0.9914434552192688,0.45374688506126404,0.28708022832870483,0.08714241534471512,0.06755285710096359
3860,-14.7516,-10.391,-25.1426,-18.0703,-7.125,0.3228,0.0,0.9980751276016235,0.43112024664878845,0.9871395230293274,0.21062161028385162,0.9851190447807312,0.5048196315765381,0.2265625,0.09973569959402084,0.06440453976392746
3865,-13.3793,-11.1762,-24.5555,-12.7969,-9.0703,0.3114,0.0,0.9969157576560974,0.2339075207710266,0.9905178546905518,0.12962962687015533,0.988467276096344,0.5544931888580322,0.17148631811141968,0.10657649487257004,0.06296642124652863
3870,-14.382,-10.8266,-25.2086,-16.375,-7.8906,0.298,0.0,0.9966161847114563,0.35524630546569824,0.9904119372367859,0.14261363446712494,0.9817708134651184,0.505402684211731,0.21225902438163757,0.1094527393579483,0.06840796023607254
3875,-14.8309,-10.3285,-25.1594,-17.25,-7.4531,0.3106,0.0,0.9977433681488037,0.4607113301753998,0.9913555979728699,0.15634772181510925,0.9914434552192688,0.4994947016239166,0.23495802283287048,0.09891946613788605,0.06215018779039383
3880,-13.782,-10.7398,-24.5219,-15.0391,-7.9609,0.2987,0.0,0.9972562193870544,0.3730912208557129,0.9813765287399292,0.11986754834651947,0.9858630895614624,0.5524719953536987,0.18835510313510895,0.09600435197353363,0.05869092047214508
3885,-12.5613,-11.3496,-23.9109,-11.2109,-9.5938,0.2807,0.0,0.9948887228965759,0.174483522772789,0.981073796749115,0.055909413844347,0.9739583134651184,0.6007462739944458,0.13922575116157532,0.10062966495752335,0.05492071062326431
3890,-12.8543,-11.5371,-24.3914,-11.5781,-9.7031,0.2494,0.0,0.9961800575256348,0.15488991141319275,0.9793778657913208,0.06075635552406311,0.9523809552192688,0.569807231426239,0.15181903541088104,0.11120180040597916,0.06269434094429016
3895,-12.8027,-11.8465,-24.6492,-10.7812,-9.8672,0.216,0.0,0.9916596412658691,0.09317248314619064,0.9651088118553162,0.03995433822274208,0.9627976417541504,0.5545709133148193,0.15143035352230072,0.1214241310954094,0.06809701770544052
3900,-12.7414,-11.8191,-24.5605,-11.0234,-9.8516,0.1784,0.0,0.9917131066322327,0.10798121988773346,0.9714378714561462,0.04589235037565231,0.9505208134651184,0.5581467747688293,0.14902052283287048,0.11975280195474625,0.0686023011803627
3905,-12.5074,-11.591,-24.0984,-10.6641,-9.8672,0.1445,0.0,0.9956464171409607,0.09351305663585663,0.9812455773353577,0.04621567204594612,0.96875,0.5892412662506104,0.13840951025485992,0.10984142124652863,0.05803016200661659
3910,-12.4914,-11.473,-23.9645,-11.0156,-9.6562,0.111,0.0,0.9976081252098083,0.12136899679899216,0.976779580116272,0.04362645000219345,0.96875,0.6012515425682068,0.13514459133148193,0.10210665315389633,0.057019591331481934
3915,-12.4652,-11.6977,-24.1629,-10.6719,-9.8516,0.0793,0.0,0.9936465620994568,0.09179575741291046,0.9745111465454102,0.031012658029794693,0.9497767686843872,0.5872978568077087,0.1354943960905075,0.11131840944290161,0.06141168996691704
3920,-12.5125,-11.8188,-24.3312,-10.5234,-10.0547,0.0431,0.0,0.992927074432373,0.07788331061601639,0.9666666388511658,0.03651505336165428,0.9482886791229248,0.5715174078941345,0.1432291716337204,0.12010261416435242,0.060673195868730545
3925,-12.2793,-11.9289,-24.2082,-10.4375,-9.9922,0.0128,0.0,0.9866604208946228,0.06386109441518784,0.9528301954269409,0.02539682574570179,0.9345238208770752,0.5827503204345703,0.1320739984512329,0.11948072165250778,0.06121734902262688
3930,-12.918,-11.8059,-24.7238,-11.1641,-9.7109,0.0,0.0,0.9909668564796448,0.12772506475448608,0.9634748101234436,0.055383022874593735,0.9601934552192688,0.5507618188858032,0.15154695510864258,0.11812033504247665,0.07509328424930573
3935,-12.6844,-11.4199,-24.1043,-11.4531,-9.8594,0.0,0.0,0.9943649172782898,0.16768212616443634,0.9782766103744507,0.07117688655853271,0.9594494104385376,0.5862873196601868,0.1467272937297821,0.10735385864973068,0.05515391752123833
3940,-12.902,-12.0699,-24.9719,-11.2891,-9.6719,0.0,0.0,0.9832709431648254,0.1275068074464798,0.9420247077941895,0.03799392282962799,0.9401041865348816,0.5297341346740723,0.1569885015487671,0.1320739984512329,0.07672574371099472
3945,-12.7746,-11.5066,-24.2812,-11.6719,-9.5156,0.0,0.0,0.9933894276618958,0.1781749278306961,0.9568612575531006,0.054696790874004364,0.9631696343421936,0.5820895433425903,0.14354011416435242,0.10451647639274597,0.06537624448537827
3950,-12.977,-11.4184,-24.3953,-11.8594,-9.5625,0.0,0.0,0.9939095377922058,0.20109234750270844,0.9658969640731812,0.047979798167943954,0.9813988208770752,0.5679804086685181,0.15656094253063202,0.10941386967897415,0.061567164957523346
3955,-12.475,-11.5586,-24.0336,-10.875,-9.9609,0.0,0.0,0.9947530627250671,0.12545505166053772,0.9549964666366577,0.03500000014901161,0.9661458134651184,0.5926228165626526,0.13879819214344025,0.10968594253063202,0.054415423423051834
3960,-12.5652,-11.6758,-24.241,-10.9219,-9.9141,0.0,0.0,0.9916365742683411,0.125789612531662,0.9546084403991699,0.032546266913414,0.965029776096344,0.5809234976768494,0.1415189653635025,0.11217350512742996,0.06090640649199486
3965,-12.3219,-11.9902,-24.3121,-10.6953,-9.9453,0.0,0.0,0.9861307740211487,0.09184272587299347,0.8960665464401245,0.023002421483397484,0.9486607313156128,0.5773087739944458,0.13246268033981323,0.12154073268175125,0.0642101988196373
3970,-12.1906,-12.4883,-24.6789,-10.4688,-9.9531,0.0,0.0,0.9775344133377075,0.059234507381916046,0.8614029884338379,0.020675742998719215,0.8999255895614624,0.5536380410194397,0.12795397639274597,0.13685478270053864,0.07707556337118149
3975,-12.5699,-12.1328,-24.7027,-10.7266,-10.0,0.0,0.0,0.9878057241439819,0.06323447078466415,0.9136645793914795,0.026302479207515717,0.9598214030265808,0.5546097755432129,0.1389147937297821,0.1251554787158966,0.07684235274791718
3980,-12.6367,-12.2078,-24.8445,-10.4766,-10.0547,0.0,0.0,0.9884705543518066,0.08082758635282516,0.9095369577407837,0.022349026054143906,0.9356398582458496,0.5461364984512329,0.14089708030223846,0.12674906849861145,0.08173973858356476
3985,-12.5344,-11.8043,-24.3387,-10.875,-9.7969,0.0,0.0,0.9878630638122559,0.12041036784648895,0.9424300193786621,0.04128440469503403,0.9397321343421936,0.5700404047966003,0.1439676582813263,0.12220149487257004,0.05931280925869942
3990,-12.7816,-11.6672,-24.4488,-10.9375,-9.8828,0.0,0.0,0.9956879019737244,0.1296972930431366,0.9708003997802734,0.0545346774160862,0.9475446343421936,0.5678638219833374,0.14894278347492218,0.11314520984888077,0.06557058542966843
3995,-12.7266,-11.7891,-24.5156,-10.8281,-9.8203,0.0,0.0,0.9935994744300842,0.10885805636644363,0.947473406791687,0.04389965906739235,0.9583333134651184,0.5647543668746948,0.1456778645515442,0.11691541969776154,0.06817474961280823
4000,-12.6883,-11.3512,-24.0395,-11.1328,-9.8906,0.0,0.0,0.9959962964057922,0.18704453110694885,0.9677298069000244,0.052301254123449326,0.9694940447807312,0.5921952724456787,0.14400653541088104,0.10358364135026932,0.05573694035410881
4005,-13.1004,-11.3344,-24.4348,-12.3281,-9.4219,0.0,0.0,0.9951643943786621,0.22227488458156586,0.9776358008384705,0.0707269161939621,0.9668898582458496,0.5626554489135742,0.16402363777160645,0.10949160158634186,0.05935167893767357
4010,-13.8969,-11.2391,-25.1359,-14.0234,-8.3984,0.0,0.0,0.9956262707710266,0.2953765392303467,0.9641873240470886,0.09729448705911636,0.980282723903656,0.5154306888580322,0.19251398742198944,0.1128731369972229,0.0747046023607254
4015,-13.0398,-11.2539,-24.2938,-12.5234,-9.2188,0.0,0.0,0.9964982867240906,0.23240670561790466,0.9827520251274109,0.05919395387172699,0.9709821343421936,0.5771921873092651,0.1552005559206009,0.10140702873468399,0.061722636222839355
4020,-13.35,-10.8633,-24.2133,-14.3594,-8.3828,0.0,0.0,0.9960124492645264,0.3228790760040283,0.9851346015930176,0.08767951279878616,0.9895833134651184,0.5750932693481445,0.17226368188858032,0.09674284607172012,0.05142257362604141
4025,-13.2203,-11.677,-24.8973,-11.7891,-9.5625,0.0,0.0,0.9919861555099487,0.1805555522441864,0.9688329100608826,0.05402597412467003,0.9616815447807312,0.5383628606796265,0.1651119440793991,0.11722636967897415,0.07482120394706726
4030,-12.8008,-11.5633,-24.3641,-11.2344,-9.6641,0.0,0.0,0.9943344593048096,0.15327532589435577,0.9764949679374695,0.0402769036591053,0.972842276096344,0.5694185495376587,0.15189675986766815,0.11244558542966843,0.06176150590181351
4035,-12.5312,-11.3441,-23.8754,-11.3672,-9.7031,0.0,0.0,0.9934329390525818,0.173017218708992,0.9681137204170227,0.045521292835474014,0.9854910969734192,0.6037002205848694,0.13770988583564758,0.10117381811141968,0.05293843150138855
4040,-12.534,-11.7465,-24.2805,-11.0234,-9.7812,0.0,0.0,0.9885165691375732,0.1290232241153717,0.9433198571205139,0.03535979986190796,0.949032723903656,0.57878577709198,0.13887593150138855,0.11520522087812424,0.06265547126531601
4045,-13.2988,-11.4109,-24.7098,-12.8516,-9.1953,0.0,0.0,0.9908766746520996,0.25567010045051575,0.9598352313041687,0.08718244731426239,0.944940447807312,0.5453202724456787,0.16965951025485992,0.11322294920682907,0.06731965392827988
4050,-13.5949,-11.1516,-24.7465,-14.3281,-8.6562,0.0,0.0,0.9944432377815247,0.29099714756011963,0.9694371819496155,0.09454136341810226,0.984002947807312,0.5455923676490784,0.17657804489135742,0.10428327322006226,0.06906872242689133
4055,-13.0961,-11.3676,-24.4637,-11.8906,-9.4062,0.0,0.0,0.9942564368247986,0.2139601856470108,0.9803163409233093,0.056507937610149384,0.972470223903656,0.5616837739944458,0.16204135119915009,0.11057991534471512,0.06121734902262688
4060,-13.2223,-11.366,-24.5883,-12.0312,-9.3828,0.0,0.0,0.9953309893608093,0.2206057757139206,0.9800363183021545,0.06716418266296387,0.9754464030265808,0.557758092880249,0.16297419369220734,0.10708177834749222,0.0677083358168602
4065,-13.0453,-11.4926,-24.5379,-11.6797,-9.4531,0.0,0.0,0.9965977072715759,0.17978620529174805,0.9830508232116699,0.048520710319280624,0.9758184552192688,0.5597792267799377,0.15998134016990662,0.11007462441921234,0.06568718701601028
4070,-12.6336,-11.5766,-24.2102,-10.7656,-9.9453,0.0,0.0,0.9944700002670288,0.11034861207008362,0.9812455773353577,0.019846349954605103,0.9888392686843872,0.583372175693512,0.1415967047214508,0.10984142124652863,0.0607120655477047
4075,-13.1949,-11.4828,-24.6777,-11.6719,-9.5156,0.0,0.0,0.9970374703407288,0.18522073328495026,0.9845830202102661,0.04182509332895279,0.995907723903656,0.5510339140892029,0.16200248897075653,0.11092972755432129,0.07155627757310867
4080,-13.0898,-11.2008,-24.2906,-12.4922,-9.1875,0.0,0.0,0.9970901012420654,0.23796920478343964,0.9862647652626038,0.05787348747253418,0.9851190447807312,0.5743547677993774,0.1615360677242279,0.10187344253063202,0.057758085429668427
4085,-13.2297,-11.0277,-24.2574,-13.2578,-8.875,0.0,0.0,0.9968279600143433,0.27871939539909363,0.9861987233161926,0.060458652675151825,0.9955357313156128,0.5759094953536987,0.1651119440793991,0.09856965392827988,0.05593128129839897
4090,-12.7008,-11.1633,-23.8641,-11.25,-9.6797,0.0,0.0,0.9988452792167664,0.1975172460079193,0.9852941036224365,0.05293691158294678,0.9921875,0.6058768630027771,0.14089708030223846,0.09514925628900528,0.05359918996691704
4095,-14.032,-11.1504,-25.1824,-13.5078,-8.9141,0.0,0.0,0.9979584217071533,0.2923228442668915,0.9887561202049255,0.08840656280517578,0.9895833134651184,0.5140314102172852,0.19745025038719177,0.11061877757310867,0.07342195510864258
4100,-13.7047,-10.843,-24.5477,-14.5625,-8.3047,0.0,0.0,0.9978300333023071,0.3425906300544739,0.9899030923843384,0.0909673273563385,0.9910714030265808,0.5552704930305481,0.1833411008119583,0.09623756259679794,0.060673195868730545
4105,-14.0176,-10.8266,-24.8441,-14.9062,-8.2734,0.0,0.0,0.9969381093978882,0.3593595623970032,0.9885844588279724,0.09168703854084015,0.9851190447807312,0.5331545472145081,0.19663402438163757,0.10214552283287048,0.06358830630779266
4110,-13.8984,-10.9898,-24.8883,-14.9141,-8.1172,0.0,0.0,0.997573733329773,0.30904725193977356,0.9931752681732178,0.09885472804307938,0.9936755895614624,0.5286458134651184,0.1941853165626526,0.10820895433425903,0.06448227912187576
4115,-13.548,-11.0566,-24.6047,-13.2266,-8.8672,0.0,0.0,0.9981600642204285,0.2852203845977783,0.9903165698051453,0.08834586292505264,0.9940476417541504,0.5492459535598755,0.17988184094429016,0.10436100512742996,0.06203358247876167
4120,-12.8758,-11.091,-23.9668,-11.6797,-9.4766,0.0,0.0,0.997774600982666,0.22306717932224274,0.9878000617027283,0.07131661474704742,0.999627947807312,0.5938277244567871,0.15333488583564758,0.09876399487257004,0.04959576949477196
4125,-12.5055,-11.2199,-23.7254,-11.0469,-9.6406,0.0,0.0,0.9986114501953125,0.15475846827030182,0.9864476323127747,0.04677914083003998,1.0,0.6158271431922913,0.1343672275543213,0.0946439653635025,0.05068407952785492
4130,-12.9141,-11.1223,-24.0363,-11.6719,-9.4453,0.0,0.0,0.9990130066871643,0.22392638027668,0.9936407208442688,0.07425742596387863,0.9903273582458496,0.5907182693481445,0.15205223858356476,0.09779229015111923,0.054959576576948166
4135,-14.1984,-10.3125,-24.5109,-16.5547,-7.6719,0.0,0.0,0.9974409937858582,0.4485155940055847,0.9961190223693848,0.1690458357334137,0.9888392686843872,0.5467972755432129,0.20685634016990662,0.09013526141643524,0.05173351988196373
4140,-14.7039,-10.6469,-25.3508,-16.3125,-7.7344,0.0,0.0,0.9988120794296265,0.4009900987148285,0.9945592880249023,0.12458287179470062,0.9981398582458496,0.4907882511615753,0.2276896834373474,0.10715951770544052,0.06988494843244553
4145,-14.641,-10.4938,-25.1348,-16.4531,-7.5234,0.0,0.0,0.9994640350341797,0.41607359051704407,0.9925983548164368,0.15081769227981567,0.995907723903656,0.5076570510864258,0.22391946613788605,0.0997745618224144,0.06417132914066315
4150,-13.3195,-11.5324,-24.852,-11.0781,-9.6953,0.0,0.0,0.9974138140678406,0.17813953757286072,0.9859972596168518,0.04334038123488426,0.9899553656578064,0.5410447716712952,0.16713307797908783,0.11380597203969955,0.07353855669498444
4155,-12.4984,-11.1988,-23.6973,-11.1016,-9.625,0.0,0.0,0.9978426098823547,0.17102672159671783,0.9881141185760498,0.03996669501066208,0.9947916865348816,0.6125621795654297,0.1381763070821762,0.09810323268175125,0.04668065905570984
4160,-12.6695,-11.4988,-24.1684,-10.7969,-9.7891,0.0,0.0,0.9972802400588989,0.12719298899173737,0.9822720885276794,0.025756599381566048,0.9817708134651184,0.5859375,0.14179104566574097,0.10743159055709839,0.06036224961280823
4165,-13.1629,-11.0102,-24.173,-12.5625,-9.0,0.0,0.0,0.9989250302314758,0.27743467688560486,0.9984270334243774,0.04062722623348236,0.9944196343421936,0.5785136818885803,0.16363495588302612,0.09884172677993774,0.05453202873468399
4170,-13.2285,-11.0887,-24.3172,-11.9062,-9.2812,0.0,0.0,0.9957690834999084,0.2682473361492157,0.9833585619926453,0.06666667014360428,0.9944196343421936,0.5695739984512329,0.16721081733703613,0.10276741534471512,0.05597015097737312
4175,-13.2238,-11.3605,-24.5844,-12.125,-9.4062,0.0,0.0,0.9960869550704956,0.20937353372573853,0.9896907210350037,0.0473053902387619,0.9851190447807312,0.5562422275543213,0.1650342047214508,0.10933613032102585,0.06490982323884964
4180,-12.7969,-11.0848,-23.8816,-11.4141,-9.4219,0.0,0.0,0.9982536435127258,0.2256544530391693,0.9875451922416687,0.05433071032166481,0.9921875,0.6009405851364136,0.14847636222839355,0.09674284607172012,0.04936256259679794
4185,-13.066,-11.0586,-24.1246,-12.1406,-9.1875,0.0,0.0,0.9975477457046509,0.265442818403244,0.9801539182662964,0.07231404632329941,0.9892113208770752,0.586442768573761,0.15667754411697388,0.09596548229455948,0.05643656849861145
4190,-12.7766,-11.1453,-23.9219,-11.8516,-9.25,0.0,0.0,0.9977391362190247,0.22821131348609924,0.9810387492179871,0.0555555559694767,0.9854910969734192,0.6017179489135742,0.1449393630027771,0.09429415315389633,0.054570894688367844
4195,-13.5035,-10.7684,-24.2719,-14.3125,-8.1953,0.0,0.0,0.9963874220848083,0.35822203755378723,0.9845966696739197,0.062172286212444305,0.9899553656578064,0.5702347755432129,0.17751088738441467,0.09588775038719177,0.05188899114727974
4200,-13.4402,-10.7227,-24.1629,-14.6172,-7.9609,0.0,0.0,0.9968364834785461,0.36282989382743835,0.9907562732696533,0.06568779051303864,0.9933035969734192,0.57746422290802,0.17525653541088104,0.09250622242689133,0.0502953976392746
4205,-13.5629,-10.8688,-24.4316,-13.7969,-8.5,0.0,0.0,0.9984679818153381,0.3384152948856354,0.9864498376846313,0.04722222313284874,0.9951636791229248,0.5581467747688293,0.18100902438163757,0.10039645433425903,0.05597015097737312
4210,-15.3594,-9.7355,-25.0949,-20.6562,-4.9531,0.0,0.0,0.9979907274246216,0.582572340965271,0.9862574338912964,0.07348901033401489,0.992559552192688,0.5029540061950684,0.2511271834373474,0.08484919369220734,0.05659203976392746
4215,-15.5332,-9.5777,-25.1109,-21.2422,-4.8359,0.0,0.0,0.9996095895767212,0.598498523235321,0.9924242496490479,0.12046543508768082,0.9921875,0.4977845251560211,0.2588619291782379,0.08208955079317093,0.05678638070821762
4220,-14.2566,-10.1609,-24.4176,-17.1484,-6.7422,0.0333,0.0,0.9977548718452454,0.4951567053794861,0.9927992820739746,0.0938461571931839,0.9914434552192688,0.5539878606796265,0.20464086532592773,0.08636505156755447,0.05052860826253891
4225,-13.7238,-10.5035,-24.2273,-15.6484,-7.3984,0.0326,0.0,0.9970973134040833,0.43066638708114624,0.9837104082107544,0.06453952193260193,0.9895833134651184,0.5757929086685181,0.18023166060447693,0.08589863032102585,0.05359918996691704
4230,-12.9289,-11.0105,-23.9395,-12.4375,-8.8516,0.0348,0.0,0.9961132407188416,0.2726101577281952,0.9743589758872986,0.0647803395986557,0.9910714030265808,0.6000077724456787,0.15084733068943024,0.09246735274791718,0.05219993740320206
4235,-13.7945,-10.4629,-24.2574,-14.8906,-8.1406,0.0242,0.0,0.9978830814361572,0.41102394461631775,0.9911894202232361,0.13104523718357086,0.996279776096344,0.5691853165626526,0.18827736377716064,0.08823072165250778,0.04982898011803627
4240,-15.7707,-9.5398,-25.3105,-18.875,-6.5938,0.0517,0.0,0.998376727104187,0.5867274403572083,0.9870651364326477,0.1951889991760254,0.9936755895614624,0.47889459133148193,0.2729322016239166,0.08714241534471512,0.05655317008495331
4245,-13.5316,-10.4555,-23.9871,-14.2891,-8.3125,0.0845,0.0,0.9959735870361328,0.42778512835502625,0.9867862462997437,0.12042310833930969,0.991815447807312,0.58885258436203,0.17653918266296387,0.0823616310954094,0.0477689690887928
4250,-15.0555,-10.1582,-25.2137,-18.0312,-6.6406,0.0911,0.0,0.997106671333313,0.4901394844055176,0.9895119071006775,0.1315104216337204,0.9973958134651184,0.49704602360725403,0.24242070317268372,0.0963541641831398,0.05970149114727974
4255,-13.5121,-10.7594,-24.2715,-13.8281,-8.4844,0.1064,0.0,0.9963182806968689,0.37174391746520996,0.9819153547286987,0.07801418751478195,0.9817708134651184,0.5700792670249939,0.17607276141643524,0.0945662334561348,0.054804105311632156
4260,-14.3625,-10.2785,-24.641,-17.0938,-6.8984,0.1115,0.0,0.9970539808273315,0.47050148248672485,0.9894179701805115,0.13277427852153778,0.992559552192688,0.5409281849861145,0.21082089841365814,0.08815298229455948,0.055620335042476654
4265,-14.3184,-10.3996,-24.718,-15.5469,-7.6484,0.1142,0.0,0.9977505207061768,0.4587121903896332,0.9898262023925781,0.09000661969184875,0.992559552192688,0.5356420874595642,0.20946051180362701,0.09168998897075653,0.05872979015111923
4270,-13.802,-10.8207,-24.6227,-14.3672,-8.1797,0.1433,0.0,0.9931842088699341,0.3705688416957855,0.9789515733718872,0.11293375492095947,0.9866071343421936,0.5474579930305481,0.18858830630779266,0.09787002205848694,0.0616060309112072
4275,-13.6637,-10.9309,-24.5945,-14.0234,-8.2812,0.1131,0.0,0.9930034875869751,0.36040714383125305,0.9770370125770569,0.0789993405342102,0.9713541865348816,0.5444263219833374,0.18711131811141968,0.10494402796030045,0.05904073268175125
4280,-13.2855,-11.3801,-24.6656,-11.9375,-9.1953,0.1016,0.0,0.9951933026313782,0.2363804280757904,0.9784172773361206,0.062324535101652145,0.980282723903656,0.5498678684234619,0.1683768630027771,0.10805348306894302,0.06922419369220734
4285,-15.3078,-9.9676,-25.2754,-19.875,-5.4375,0.0867,0.0,0.9985732436180115,0.5165655612945557,0.9940677881240845,0.18715596199035645,0.9981398582458496,0.49036070704460144,0.24988339841365814,0.09172885864973068,0.06354943662881851
4290,-13.6301,-11.2488,-24.8789,-13.9531,-8.3281,0.087,0.0,0.9954178333282471,0.28713083267211914,0.9749735593795776,0.06942148506641388,0.9631696343421936,0.5343983173370361,0.18030938506126404,0.1102689653635025,0.07054571062326431
4295,-12.7301,-11.3473,-24.0773,-11.6016,-9.4453,0.066,0.0,0.9950540661811829,0.19028662145137787,0.9794699549674988,0.044086772948503494,0.9694940447807312,0.5893967747688293,0.14645522832870483,0.10412780195474625,0.05554259940981865
4300,-12.9047,-11.1562,-24.0609,-11.8594,-9.3047,0.0416,0.0,0.9941717982292175,0.25113236904144287,0.9762906432151794,0.04511834308505058,0.9869791865348816,0.5868703126907349,0.154462069272995,0.1016402393579483,0.05254974961280823
4305,-13.3172,-11.1375,-24.4547,-13.3906,-8.6562,0.0111,0.0,0.9955675601959229,0.2585018277168274,0.9810909032821655,0.06804536283016205,0.988095223903656,0.5612173676490784,0.16915422677993774,0.10688743740320206,0.05826336890459061
4310,-12.6484,-11.6277,-24.2762,-10.9766,-9.7344,0.0,0.0,0.9914621710777283,0.12746421992778778,0.9674965143203735,0.03885350376367569,0.9713541865348816,0.5781638622283936,0.14392879605293274,0.11240671575069427,0.061023011803627014
4315,-12.8352,-11.9316,-24.7668,-10.8281,-9.7969,0.0,0.0,0.9857234358787537,0.13309894502162933,0.9502642154693604,0.035480350255966187,0.949032723903656,0.5445040464401245,0.15477301180362701,0.12503886222839355,0.0712064653635025
4320,-12.5563,-11.6234,-24.1797,-10.6016,-9.8281,0.0,0.0,0.9900785684585571,0.16781672835350037,0.9265064597129822,0.020942408591508865,0.9698660969734192,0.5837219953536987,0.14081934094429016,0.11159048229455948,0.05939054861664772
4325,-12.5332,-12.6188,-25.152,-11.0391,-9.75,0.0,0.0,0.9649702906608582,0.10785865038633347,0.8967658281326294,0.016826923936605453,0.8742559552192688,0.5170631408691406,0.1473880559206009,0.150225430727005,0.08084577322006226
4330,-11.4672,-15.2652,-26.7324,-10.6797,-10.7031,0.0,0.0,0.8536953330039978,0.07320138067007065,0.699348509311676,0.022515278309583664,0.683407723903656,0.41231343150138855,0.12371735274791718,0.23865050077438354,0.12084110826253891
4335,-11.7898,-16.0801,-27.8699,-10.7969,-12.25,0.0,0.0,0.8436506986618042,0.0546533428132534,0.6253808736801147,0.02097902074456215,0.6536458134651184,0.3547496795654297,0.12445584684610367,0.2551305890083313,0.16118626296520233
4340,-12.0367,-13.6633,-25.7,-10.8438,-10.4688,0.0,0.0,0.9251242876052856,0.14227166771888733,0.7521089911460876,0.036406807601451874,0.797247052192688,0.48484140634536743,0.13277363777160645,0.1796875,0.0982198417186737
4345,-11.9898,-12.8043,-24.7941,-10.5625,-10.1406,0.0,0.0,0.9615961313247681,0.11779607087373734,0.7885117530822754,0.036710720509290695,0.8578869104385376,0.5445040464401245,0.12274564802646637,0.14886504411697388,0.07940764725208282
4350,-12.3848,-12.3672,-24.752,-10.7969,-9.7656,0.0,0.0,0.9825717210769653,0.12713797390460968,0.8370949029922485,0.043855175375938416,0.8776041865348816,0.5486240386962891,0.13634949922561646,0.13432836532592773,0.07622046023607254
4355,-12.616,-12.1004,-24.7164,-11.0859,-9.7734,0.0,0.0,0.9871651530265808,0.1713562160730362,0.8544122576713562,0.0323222279548645,0.8939732313156128,0.5572139024734497,0.13813744485378265,0.12200715392827988,0.07816386967897415
4360,-12.4609,-11.7918,-24.2527,-11.2031,-9.4922,0.0,0.0,0.989075779914856,0.18301400542259216,0.8776470422744751,0.03642987087368965,0.9304315447807312,0.579951822757721,0.13592195510864258,0.11563277244567871,0.06401585787534714
4365,-12.6422,-11.5594,-24.2016,-11.2734,-9.6328,0.0,0.0,0.9917961955070496,0.20590625703334808,0.9177888035774231,0.050195567309856415,0.9356398582458496,0.5827503204345703,0.1434623748064041,0.10968594253063202,0.059623755514621735
4370,-12.5316,-12.4227,-24.9543,-10.8906,-9.8125,0.0,0.0,0.9858950972557068,0.10907600075006485,0.8299319744110107,0.028585510328412056,0.8995535969734192,0.5373523235321045,0.1421797275543213,0.1371268630027771,0.07886349409818649
4375,-12.4043,-12.4348,-24.8391,-10.6094,-10.0234,0.0,0.0,0.9865614175796509,0.09412436187267303,0.8273045420646667,0.03330068662762642,0.8973214030265808,0.5466417670249939,0.13627175986766815,0.13324004411697388,0.07936877757310867
4380,-12.7328,-12.5184,-25.2512,-10.9531,-9.9688,0.0,0.0,0.9792883992195129,0.1166372150182724,0.8542594909667969,0.03168506920337677,0.8939732313156128,0.5123212337493896,0.15395678579807281,0.1482820212841034,0.08096237480640411
4385,-12.798,-11.5301,-24.3281,-10.9531,-9.6172,0.0,0.0,0.9954656362533569,0.1564042568206787,0.9490333795547485,0.04968152940273285,0.9821428656578064,0.5743159055709839,0.14960354566574097,0.11057991534471512,0.061023011803627014
4390,-12.5234,-11.6492,-24.1727,-10.625,-9.7812,0.0,0.0,0.9915491342544556,0.15093810856342316,0.918055534362793,0.046124279499053955,0.96875,0.584110677242279,0.13879819214344025,0.11194030195474625,0.060673195868730545
4395,-13.2824,-11.5938,-24.8762,-12.6484,-9.0156,0.0,0.0,0.9930550456047058,0.24604810774326324,0.9015904664993286,0.057251907885074615,0.9598214030265808,0.5372745394706726,0.16965951025485992,0.11730410158634186,0.0712842047214508
4400,-12.3137,-11.7371,-24.0508,-10.6797,-9.8125,0.0,0.0,0.9929314851760864,0.16548041999340057,0.8676987886428833,0.022624434903264046,0.9520089030265808,0.5938665866851807,0.13106343150138855,0.11046330630779266,0.06012904271483421
4405,-11.7988,-13.3012,-25.1,-10.4219,-10.0234,0.0,0.0,0.9663529396057129,0.06040268391370773,0.692793607711792,0.014458955265581608,0.8701636791229248,0.5244480967521667,0.12161847203969955,0.16612251102924347,0.0833333358168602
4410,-12.257,-12.2406,-24.4977,-10.3672,-10.1562,0.0,0.0,0.9867068529129028,0.0777711570262909,0.8302403688430786,0.021075984463095665,0.9486607313156128,0.567241907119751,0.1304415464401245,0.1277596354484558,0.07007928937673569
4415,-12.534,-11.6281,-24.1621,-10.7656,-9.7578,0.0,0.0,0.9965370297431946,0.12947046756744385,0.9311656951904297,0.037352554500103,0.9698660969734192,0.5836442708969116,0.14019745588302612,0.11236784607172012,0.05931280925869942
4420,-12.6207,-11.6398,-24.2605,-10.6016,-10.0859,0.0,0.0,0.993408203125,0.13016639649868011,0.9330372214317322,0.044736843556165695,0.9821428656578064,0.5778529047966003,0.14482276141643524,0.1137671023607254,0.0590796023607254
4425,-12.6574,-11.2852,-23.9426,-11.2031,-9.5625,0.0,0.0,0.9975439310073853,0.19341449439525604,0.9558998942375183,0.051496174186468124,0.9873511791229248,0.6013681888580322,0.1404695212841034,0.09783115983009338,0.05585354566574097
4430,-12.6578,-11.8188,-24.4766,-10.8438,-9.9531,0.0,0.0,0.9935078620910645,0.10469409078359604,0.9387231469154358,0.030871670693159103,0.9661458134651184,0.5627720952033997,0.1473880559206009,0.12115205079317093,0.0642101988196373
4435,-12.6953,-11.8176,-24.5129,-10.6094,-9.8594,0.0,0.0,0.9954648613929749,0.10247445106506348,0.9358590841293335,0.039772726595401764,0.956845223903656,0.5656483173370361,0.14451181888580322,0.11695428937673569,0.06840796023607254
4440,-12.852,-11.4457,-24.2977,-10.9688,-9.7266,0.0,0.0,0.9966936707496643,0.17798353731632233,0.9404377341270447,0.06990291178226471,0.980282723903656,0.5760261416435242,0.1511193960905075,0.10832556337118149,0.06005130708217621
4445,-12.0773,-11.7715,-23.8488,-10.2109,-10.0938,0.0,0.0,0.9930405020713806,0.06934189051389694,0.8970170617103577,0.0152038699015975,0.972842276096344,0.6087530851364136,0.12107431888580322,0.1094527393579483,0.05624222755432129
4450,-12.466,-12.5563,-25.0223,-10.7109,-9.9844,0.0,0.0,0.9844033122062683,0.05982905998826027,0.8422096371650696,0.019864559173583984,0.9166666865348816,0.5357975959777832,0.13642723858356476,0.1372046023607254,0.08609297126531601
4455,-12.2184,-12.0332,-24.2516,-10.4531,-10.0078,0.0,0.0,0.9883790612220764,0.06984512507915497,0.8867562413215637,0.027912620455026627,0.9367559552192688,0.5819729566574097,0.12799285352230072,0.1215018630027771,0.06405472755432129
4460,-12.6656,-11.9344,-24.6,-10.6562,-9.9531,0.0,0.0,0.9912861585617065,0.10459800809621811,0.9264000058174133,0.04159913584589958,0.9564732313156128,0.5575637221336365,0.14455068111419678,0.12146300077438354,0.071944959461689
4465,-12.2477,-11.8762,-24.1238,-10.3828,-9.9609,0.0,0.0,0.9908900260925293,0.08393360674381256,0.9075366258621216,0.029599536210298538,0.9557291865348816,0.5930503606796265,0.1241060346364975,0.11139614135026932,0.0669698417186737
4470,-12.3371,-11.8039,-24.141,-10.4375,-10.1328,0.0,0.0,0.9888123869895935,0.09186968207359314,0.9346884489059448,0.02621231973171234,0.9523809552192688,0.5871424078941345,0.13242381811141968,0.11664334684610367,0.05931280925869942
4475,-12.7172,-11.8418,-24.559,-10.7812,-9.8906,0.0,0.0,0.992867648601532,0.12467800080776215,0.9422463178634644,0.04759141057729721,0.9479166865348816,0.555853545665741,0.1508861929178238,0.12181281298398972,0.0669698417186737
4480,-12.9004,-12.0789,-24.9793,-10.6328,-9.8828,0.0,0.0,0.988720715045929,0.10747545957565308,0.9271279573440552,0.046624574810266495,0.9549851417541504,0.5341262221336365,0.15442319214344025,0.1269434094429016,0.08002953976392746
4485,-12.6461,-11.8867,-24.5328,-10.4062,-10.0547,0.0,0.0,0.989983320236206,0.12122830748558044,0.9194567203521729,0.05533371493220329,0.9508928656578064,0.558768630027771,0.14556126296520233,0.12305659055709839,0.06813587993383408
4490,-12.3102,-11.7746,-24.0848,-10.5312,-9.9922,0.0,0.0,0.9898989796638489,0.11799761652946472,0.9062286019325256,0.06332454085350037,0.9285714030265808,0.592583954334259,0.1304415464401245,0.11357276141643524,0.05892413109540939
4495,-12.3422,-11.7152,-24.0574,-10.4219,-10.1641,0.0,0.0,0.9921011328697205,0.1110142394900322,0.9280109405517578,0.046070460230112076,0.9523809552192688,0.5904850959777832,0.13374534249305725,0.11392257362604141,0.057369403541088104
4500,-12.1047,-12.0813,-24.1859,-10.1953,-10.1016,0.0,0.0,0.9850309491157532,0.08549141883850098,0.8755890727043152,0.030228253453969955,0.9166666865348816,0.5842273235321045,0.12457244843244553,0.12371735274791718,0.06300528347492218
4505,-12.6371,-11.6984,-24.3355,-10.3906,-10.1094,0.0,0.0,0.9943591356277466,0.1251993626356125,0.9333999156951904,0.053811658173799515,0.9635416865348816,0.5719060897827148,0.14622201025485992,0.11672107875347137,0.060673195868730545
4510,-12.5309,-11.9719,-24.5027,-10.3672,-10.1562,0.0,0.0,0.9908087253570557,0.11637081205844879,0.8872422575950623,0.0398230105638504,0.937127947807312,0.5666589140892029,0.1379431039094925,0.12064676731824875,0.07027363032102585
4515,-12.6066,-11.5848,-24.1914,-10.5391,-10.0938,0.0,0.0,0.9929746985435486,0.16344605386257172,0.9275060892105103,0.07676767557859421,0.952752947807312,0.5809234976768494,0.14482276141643524,0.1120569035410881,0.057719215750694275
4520,-12.9676,-11.7312,-24.6988,-10.9531,-9.8281,0.0,0.0,0.9950143694877625,0.16972945630550385,0.9241610765457153,0.06522882729768753,0.9404761791229248,0.553521454334259,0.15228544175624847,0.11582711338996887,0.0738883689045906
4525,-12.7863,-11.2617,-24.048,-11.2422,-9.8125,0.0,0.0,0.9951338171958923,0.2177334725856781,0.9514046907424927,0.09012256562709808,0.968377947807312,0.5910680890083313,0.14816541969776154,0.1023787334561348,0.053910136222839355
4530,-13.8164,-10.9148,-24.7313,-12.25,-9.2969,0.0,0.0,0.99826979637146,0.33143091201782227,0.9794988632202148,0.12216083705425262,0.9888392686843872,0.5391402244567871,0.19068719446659088,0.1023787334561348,0.0633162334561348
4535,-15.2266,-10.3562,-25.5828,-16.7969,-7.375,0.0,0.0,0.9972582459449768,0.4586164355278015,0.9826024174690247,0.18598078191280365,0.984747052192688,0.46781715750694275,0.2517102062702179,0.10723724961280823,0.06875777244567871
4540,-13.748,-10.8711,-24.6191,-12.8438,-9.4453,0.0,0.0,0.9966920614242554,0.3430979251861572,0.9715131521224976,0.11610227823257446,0.9966517686843872,0.5405006408691406,0.19371891021728516,0.1050606369972229,0.05624222755432129
4545,-13.3059,-11.4613,-24.7672,-11.0234,-9.9219,0.0,0.0,0.9974422454833984,0.21195904910564423,0.9578313231468201,0.08130080997943878,0.9709821343421936,0.5470693111419678,0.16705535352230072,0.10968594253063202,0.07171175628900528
4550,-13.1125,-11.1391,-24.2516,-11.2109,-9.5234,0.0,0.0,0.996549129486084,0.26771280169487,0.9690042734146118,0.07734057307243347,0.9892113208770752,0.5744325518608093,0.16347947716712952,0.10031872242689133,0.0572916679084301
4555,-13.148,-11.6891,-24.8371,-10.8828,-9.7578,0.0,0.0,0.9918162226676941,0.1913624405860901,0.9370285272598267,0.06096256524324417,0.9561011791229248,0.5414334535598755,0.16289645433425903,0.11850901693105698,0.07268346101045609
4560,-12.391,-11.6082,-23.9992,-10.3281,-9.9062,0.0,0.0,0.9902786016464233,0.14710982143878937,0.9206517934799194,0.037062935531139374,0.96875,0.5957322716712952,0.13448382914066315,0.10972481220960617,0.0555814690887928
4565,-12.6867,-11.4492,-24.1359,-10.7422,-9.8281,0.0,0.0,0.9944985508918762,0.18992142379283905,0.9352359771728516,0.05232178047299385,0.9750744104385376,0.5864039063453674,0.1434623748064041,0.10622668266296387,0.059429414570331573
4570,-12.8773,-11.5707,-24.448,-10.8828,-9.8516,0.0,0.0,0.9910720586776733,0.1892099231481552,0.9368055462837219,0.04739336669445038,0.9832589030265808,0.5659592747688293,0.1520133763551712,0.11194030195474625,0.06560945510864258
4575,-12.9145,-11.6031,-24.5176,-10.8125,-9.9453,0.0,0.0,0.9916980862617493,0.19427452981472015,0.9229235649108887,0.061528898775577545,0.9743303656578064,0.5571361780166626,0.1588541716337204,0.11699315905570984,0.06253886967897415
4580,-12.8578,-11.632,-24.4898,-10.9219,-9.8203,0.0,0.0,0.9897867441177368,0.21127839386463165,0.9204235076904297,0.048766158521175385,0.9505208134651184,0.5632385015487671,0.15232431888580322,0.11380597203969955,0.06615360826253891
4585,-12.4992,-11.9801,-24.4793,-10.7578,-9.8672,0.0,0.0,0.9843717813491821,0.16210110485553741,0.8684632778167725,0.04015616327524185,0.9308035969734192,0.5670475959777832,0.13763214647769928,0.12115205079317093,0.06969060748815536
4590,-12.527,-11.6914,-24.2184,-11.0078,-9.8125,0.0,0.0,0.9873789548873901,0.19823788106441498,0.8768861293792725,0.04482531175017357,0.9501488208770752,0.5820506811141968,0.14116916060447693,0.11333955079317093,0.058962997049093246
4595,-12.5727,-12.4977,-25.0703,-10.9219,-10.0078,0.0,0.0,0.9761170148849487,0.1593809425830841,0.8134700655937195,0.043437644839286804,0.882440447807312,0.5289179086685181,0.1431514322757721,0.14023631811141968,0.08321672677993774
4600,-12.7574,-11.6125,-24.3699,-10.9922,-9.9141,0.0,0.0,0.9842924475669861,0.24523991346359253,0.8809286952018738,0.056403450667858124,0.9546130895614624,0.5666589140892029,0.15310168266296387,0.1171875,0.058574315160512924
4605,-12.527,-11.6352,-24.1621,-10.5938,-9.8438,0.0,0.0,0.9886393547058105,0.21566998958587646,0.8561452627182007,0.04298941791057587,0.96875,0.5850435495376587,0.14039179682731628,0.11131840944290161,0.058768656104803085
4610,-12.7883,-11.8906,-24.6789,-11.3906,-9.8438,0.0,0.0,0.9777065515518188,0.21644377708435059,0.8676646947860718,0.040690504014492035,0.9512648582458496,0.545708954334259,0.15694962441921234,0.12981964647769928,0.06304415315389633
4615,-13.3621,-11.3746,-24.7367,-11.0781,-9.9531,0.0,0.0,0.9944137930870056,0.27435609698295593,0.9245741963386536,0.055907782167196274,0.984375,0.5427160859107971,0.17354632914066315,0.11182369291782379,0.06743625551462173
4620,-13.3645,-11.0957,-24.4602,-11.4609,-9.7031,0.0,0.0,0.9974244832992554,0.29690998792648315,0.9558498859405518,0.061744965612888336,0.9828869104385376,0.5583799481391907,0.1735852062702179,0.10564365983009338,0.057913556694984436
4625,-12.9293,-10.9219,-23.8512,-10.8828,-9.8047,0.0,0.0,0.994378387928009,0.3076923191547394,0.9509682655334473,0.0767960399389267,0.988467276096344,0.6015236377716064,0.1525963991880417,0.09433302283287048,0.04706934094429016
4630,-13.143,-11.2785,-24.4215,-10.8828,-9.875,0.0,0.0,0.9953290224075317,0.2584644854068756,0.9475229382514954,0.06269993633031845,0.9709821343421936,0.5658426880836487,0.1630130559206009,0.10591573268175125,0.06075093150138855
4635,-14.1164,-10.623,-24.7395,-12.8672,-9.0,0.0,0.0,0.9972983002662659,0.4005260169506073,0.9662110805511475,0.10590778291225433,0.9933035969734192,0.5322994589805603,0.20689521729946136,0.1023787334561348,0.05394900590181351
4640,-14.998,-10.2227,-25.2207,-14.8203,-8.75,0.0,0.0,0.9962314367294312,0.4927888512611389,0.9708737730979919,0.11817597597837448,0.9929315447807312,0.49506375193595886,0.23985540866851807,0.10008551180362701,0.060517724603414536
4645,-14.8734,-10.2293,-25.1027,-16.1719,-7.6172,0.0098,0.0,0.9964335560798645,0.4905968904495239,0.9652886390686035,0.1373889297246933,0.9858630895614624,0.5013214945793152,0.23767879605293274,0.09965796023607254,0.056864116340875626
4650,-14.8449,-10.3941,-25.2391,-15.0547,-8.0703,0.0404,0.0,0.99603271484375,0.46797066926956177,0.9664233326911926,0.11651728302240372,0.9921875,0.48985540866851807,0.23845615983009338,0.10649875551462173,0.0607120655477047
4655,-13.8777,-10.7242,-24.602,-13.3828,-9.1875,0.0362,0.0,0.9975014328956604,0.3822714686393738,0.9688581228256226,0.0748002901673317,0.9877232313156128,0.544465184211731,0.1964396834373474,0.10109607875347137,0.05352145433425903
4660,-12.7727,-11.5563,-24.3289,-10.8594,-9.8516,0.0125,0.0,0.9963412284851074,0.1638960987329483,0.9354385733604431,0.03668564185500145,0.984375,0.5736551880836487,0.14964240789413452,0.11077425628900528,0.06145055964589119
4665,-12.7668,-11.5996,-24.3664,-10.9141,-9.7188,0.0,0.0,0.9946538805961609,0.1765327751636505,0.9097025394439697,0.03262839838862419,0.9851190447807312,0.5743547677993774,0.14707711338996887,0.10976368188858032,0.06432680040597916
4670,-12.3066,-11.9563,-24.2629,-10.4609,-10.0859,0.0,0.0,0.9880536794662476,0.10690358281135559,0.849380373954773,0.019871795549988747,0.9776785969734192,0.5791355967521667,0.13343438506126404,0.1223180964589119,0.06063432991504669
4675,-12.3527,-12.3914,-24.7441,-10.4688,-9.9766,0.0,0.0,0.9780320525169373,0.11222445219755173,0.8005219101905823,0.01803194172680378,0.969122052192688,0.5502565503120422,0.13576647639274597,0.13405628502368927,0.0754430964589119
4680,-12.5297,-12.2789,-24.8086,-10.7109,-10.1953,0.0,0.0,0.9799318909645081,0.18046487867832184,0.7867586016654968,0.029164329171180725,0.9520089030265808,0.536497175693512,0.14882618188858032,0.14089708030223846,0.06930192559957504
4685,-12.3383,-11.8027,-24.141,-10.2969,-10.1797,0.0,0.0,0.9861111044883728,0.16993652284145355,0.8380305767059326,0.04042412340641022,0.9776785969734192,0.5876865386962891,0.13471704721450806,0.11446672677993774,0.05865205079317093
4690,-12.7043,-12.1031,-24.8074,-10.5547,-10.1797,0.0,0.0,0.9842154383659363,0.14114584028720856,0.843359112739563,0.02824551798403263,0.9765625,0.5441930890083313,0.1492537260055542,0.13051928579807281,0.07155627757310867
4695,-12.4043,-11.9848,-24.3891,-10.5469,-10.0078,0.0,0.0,0.9809219837188721,0.16131781041622162,0.8305030465126038,0.029358897358179092,0.9791666865348816,0.5724891424179077,0.13685478270053864,0.12130752205848694,0.06487096101045609
4700,-12.2773,-12.227,-24.5043,-10.4609,-10.1562,0.0,0.0,0.9746196269989014,0.13446328043937683,0.8279823064804077,0.01762918010354042,0.9579613208770752,0.5620335936546326,0.13759328424930573,0.13195739686489105,0.06393811851739883
4705,-12.4578,-11.7559,-24.2137,-10.5312,-10.0625,0.0,0.0,0.9839228391647339,0.17726770043373108,0.8787677884101868,0.021665537729859352,0.9747023582458496,0.5802238583564758,0.1405472606420517,0.11734297126531601,0.05740826949477196
4710,-12.4246,-11.6816,-24.1063,-10.2969,-10.3203,0.0,0.0,0.9870601296424866,0.1772584766149521,0.8772900104522705,0.0368879958987236,0.9758184552192688,0.5887359976768494,0.1363883763551712,0.11244558542966843,0.05795242637395859
4715,-12.6559,-11.6316,-24.2875,-10.4375,-10.2734,0.0,0.0,0.9863771200180054,0.19090667366981506,0.9123533368110657,0.04571796581149101,0.9739583134651184,0.5763370394706726,0.14618314802646637,0.11263992637395859,0.06036224961280823
4720,-12.2465,-11.9816,-24.2281,-10.3672,-10.2969,0.0,0.0,0.9786806106567383,0.11656976491212845,0.8641509413719177,0.027260638773441315,0.9825148582458496,0.5797574520111084,0.1337064653635025,0.12360074371099472,0.05845770984888077
4725,-12.9371,-12.1625,-25.0996,-10.4922,-10.1875,0.0,0.0,0.9810855388641357,0.15816080570220947,0.861174464225769,0.05294705182313919,0.976190447807312,0.5199005007743835,0.1614583283662796,0.13634949922561646,0.07781405746936798
4730,-12.6582,-11.9609,-24.6191,-10.2812,-10.75,0.0,0.0,0.984410285949707,0.14770099520683289,0.8940191864967346,0.033830273896455765,0.9817708134651184,0.5509950518608093,0.15131373703479767,0.12542754411697388,0.0677860677242279
4735,-12.8551,-11.8859,-24.741,-10.4453,-10.2578,0.0,0.0,0.984457790851593,0.17537041008472443,0.8935326337814331,0.04278074949979782,0.969122052192688,0.5426772236824036,0.16002021729946136,0.12740983068943024,0.06541511416435242
4740,-12.6535,-11.7711,-24.4246,-10.2891,-10.1484,0.0,0.0,0.9905145168304443,0.15167026221752167,0.897367537021637,0.033472802489995956,0.972470223903656,0.5695739984512329,0.1442786008119583,0.11664334684610367,0.0650264322757721
4745,-12.7543,-11.4313,-24.1855,-10.4375,-10.1094,0.0,0.0,0.9924495816230774,0.19843341410160065,0.9337652921676636,0.051841747015714645,0.9866071343421936,0.58170086145401,0.14886504411697388,0.10797574371099472,0.05698072165250778
4750,-12.6984,-11.6133,-24.3117,-10.3906,-10.25,0.0,0.0,0.9887838959693909,0.16409720480442047,0.9220996499061584,0.04632693529129028,0.9933035969734192,0.5717895030975342,0.14874844253063202,0.11625466495752335,0.05872979015111923
4755,-12.898,-11.3641,-24.2621,-10.3984,-10.1875,0.0,0.0,0.9905287623405457,0.22722820937633514,0.9408695697784424,0.05053380876779556,0.9992559552192688,0.5704290866851807,0.15873755514621735,0.11174596101045609,0.054609764367341995
4760,-12.866,-11.7996,-24.6656,-10.4453,-10.4219,0.0,0.0,0.9906013607978821,0.1543026715517044,0.9000320434570312,0.06090487167239189,0.9877232313156128,0.5500233173370361,0.15718284249305725,0.12130752205848694,0.06700870394706726
4765,-12.623,-11.573,-24.1961,-10.3594,-10.2188,0.0,0.0,0.9944343566894531,0.13584505021572113,0.9483760595321655,0.03558967262506485,0.9813988208770752,0.5796408653259277,0.1464940905570984,0.1136893630027771,0.05569807067513466
4770,-12.6719,-11.5809,-24.2527,-10.1797,-10.3438,0.0,0.0,0.9864277839660645,0.18402867019176483,0.9219953417778015,0.04964539036154747,0.9936755895614624,0.5727611780166626,0.1518578976392746,0.11609919369220734,0.054804105311632156
4775,-12.9855,-11.9402,-24.9258,-10.3203,-10.6016,0.0,0.0,0.9863234162330627,0.16345468163490295,0.8891884088516235,0.05095890536904335,0.9799107313156128,0.5314443111419678,0.16336287558078766,0.12978078424930573,0.07093439251184464
4780,-12.6543,-11.7098,-24.3641,-10.25,-10.1797,0.0,0.0,0.9872907400131226,0.1705385446548462,0.8927403688430786,0.04490057751536369,0.9858630895614624,0.5688354969024658,0.14723259210586548,0.11885882914066315,0.06059546023607254
4785,-12.3195,-11.8648,-24.1844,-10.2891,-10.3594,0.0,0.0,0.9821558594703674,0.1477673351764679,0.8538691401481628,0.03677419200539589,0.9780505895614624,0.5859375,0.13230721652507782,0.11703202873468399,0.06024564802646637
4790,-12.1281,-12.4598,-24.5879,-10.0156,-11.0938,0.0,0.0,0.9612005352973938,0.10342857241630554,0.8265501260757446,0.037530265748500824,0.9631696343421936,0.5529773235321045,0.13603855669498444,0.14229632914066315,0.0642101988196373
4795,-12.0238,-12.6602,-24.684,-9.8984,-11.0234,0.0,0.0,0.9399366974830627,0.14293628931045532,0.7911220788955688,0.04887983575463295,0.9665178656578064,0.5403451323509216,0.14031405746936798,0.15761038661003113,0.05725279822945595
4800,-11.9336,-13.075,-25.0086,-9.7344,-11.3516,0.0,0.0,0.9352774620056152,0.15065377950668335,0.7220797538757324,0.05025125667452812,0.9453125,0.5224658250808716,0.13673818111419678,0.16670553386211395,0.06961287558078766
4805,-11.6434,-14.0949,-25.7383,-9.6719,-11.875,0.0,0.0,0.9142903685569763,0.09597156196832657,0.628187894821167,0.020814480260014534,0.9304315447807312,0.47570741176605225,0.13121891021728516,0.20269745588302612,0.08589863032102585
4810,-12.2645,-12.4824,-24.7469,-9.9141,-11.1328,0.0,0.0,0.9542324542999268,0.17351973056793213,0.7708500027656555,0.05414950102567673,0.9817708134651184,0.5418221354484558,0.14179104566574097,0.14587220549583435,0.06603699922561646
4815,-12.4512,-11.7398,-24.191,-10.0938,-10.5391,0.0,0.0,0.9798738956451416,0.19324731826782227,0.8591088056564331,0.060458652675151825,0.9851190447807312,0.5793687701225281,0.1415967047214508,0.11862561851739883,0.05593128129839897
4820,-12.2812,-11.8863,-24.1676,-10.1484,-10.2656,0.0,0.0,0.9793657064437866,0.16603553295135498,0.8187830448150635,0.0516214445233345,0.995907723903656,0.5858209133148193,0.13343438506126404,0.11753731220960617,0.05872979015111923
4825,-12.2633,-12.4379,-24.7012,-10.0859,-10.7422,0.0,0.0,0.9757609963417053,0.13623516261577606,0.7423174381256104,0.04310833662748337,0.9661458134651184,0.551616907119751,0.13751554489135742,0.1378653645515442,0.0685245618224144
4830,-12.4418,-12.1852,-24.627,-9.8359,-11.4297,0.0,0.0,0.9556935429573059,0.1985235959291458,0.8164140582084656,0.07550761103630066,0.9828869104385376,0.5509172677993774,0.14742693305015564,0.13592195510864258,0.06125621870160103
4835,-12.873,-11.5816,-24.4547,-10.1406,-10.7734,0.0,0.0,0.9782533645629883,0.2616293430328369,0.8747918605804443,0.07426710426807404,0.9851190447807312,0.5612173676490784,0.15792132914066315,0.11672107875347137,0.059662625193595886
4840,-12.5988,-11.6895,-24.2883,-10.0156,-10.7422,0.0,0.0,0.9716456532478333,0.22406210005283356,0.8680419325828552,0.08919506520032883,0.9906994104385376,0.5729944109916687,0.150225430727005,0.11870335787534714,0.05359918996691704
4845,-12.5293,-12.4203,-24.9496,-9.9375,-11.5312,0.0,0.0,0.9484972357749939,0.21913044154644012,0.778777003288269,0.06917475908994675,0.9787946343421936,0.5237484574317932,0.15644434094429016,0.1512748748064041,0.06405472755432129
4850,-13.2551,-11.6625,-24.9176,-9.8906,-11.5312,0.0,0.0,0.9729251265525818,0.29851073026657104,0.8584643602371216,0.08353222161531448,0.9813988208770752,0.5268579125404358,0.17747201025485992,0.1260494440793991,0.06514303386211395
4855,-13.225,-11.7086,-24.9336,-10.1406,-11.0312,0.0,0.0,0.9820983409881592,0.2557770609855652,0.8772910833358765,0.04839617386460304,0.980282723903656,0.5297729969024658,0.17156405746936798,0.12511660158634186,0.06906872242689133
4860,-13.5488,-10.9414,-24.4902,-10.625,-10.3203,0.0,0.0,0.9903690814971924,0.35510289669036865,0.9394277334213257,0.08810572326183319,0.991815447807312,0.5528995394706726,0.18509016931056976,0.10459421575069427,0.05293843150138855
4865,-12.7742,-11.3574,-24.1316,-10.0,-10.8203,0.0,0.0,0.9844428300857544,0.25450849533081055,0.9119021892547607,0.06988847255706787,0.992559552192688,0.5821284055709839,0.15302394330501556,0.10809235274791718,0.05227767303586006
4870,-12.5707,-11.7574,-24.3281,-10.2031,-10.7656,0.0,0.0,0.982775092124939,0.1923379749059677,0.8609523773193359,0.04140786826610565,0.9866071343421936,0.568641185760498,0.14812655746936798,0.12243469804525375,0.056319963186979294
4875,-12.4484,-11.4898,-23.9383,-10.2422,-10.2422,0.0,0.0,0.9805667400360107,0.22353936731815338,0.9065656661987305,0.042569082230329514,0.984747052192688,0.5980255007743835,0.13770988583564758,0.107742540538311,0.05204446613788605
4880,-12.8043,-11.0289,-23.8332,-10.3438,-10.3438,0.0,0.0,0.9895305037498474,0.30813518166542053,0.9394057989120483,0.05680793523788452,0.9914434552192688,0.5977145433425903,0.1552782952785492,0.09942474961280823,0.04310479015111923
4885,-12.3492,-11.6086,-23.9578,-10.0938,-10.375,0.0,0.0,0.984614372253418,0.1659129410982132,0.908583402633667,0.030840400606393814,0.9836309552192688,0.5961986780166626,0.13751554489135742,0.11139614135026932,0.050412002950906754
4890,-11.8051,-12.4637,-24.2687,-10.0156,-10.6719,0.0,0.0,0.9651296138763428,0.07934468239545822,0.7895927429199219,0.01888020895421505,0.9590773582458496,0.5773864984512329,0.12099657952785492,0.13743780553340912,0.05970149114727974
4895,-12.4617,-11.8711,-24.3328,-10.3516,-10.3047,0.0,0.0,0.9816209077835083,0.1189233735203743,0.912291944026947,0.02222222276031971,0.9832589030265808,0.5731109976768494,0.1415189653635025,0.1214241310954094,0.059468284249305725
4900,-12.3063,-11.8574,-24.1637,-10.2969,-10.25,0.0,0.0,0.9831445813179016,0.11339617520570755,0.8974359035491943,0.02348066307604313,0.9810267686843872,0.5834110975265503,0.136077418923378,0.11975280195474625,0.05628109350800514
4905,-12.3539,-12.0832,-24.4371,-10.3516,-10.375,0.0,0.0,0.981846809387207,0.08012457191944122,0.8813403248786926,0.010259505361318588,0.9910714030265808,0.56739741563797,0.1372823417186737,0.12643812596797943,0.06440453976392746
4910,-12.0371,-11.9387,-23.9758,-10.1797,-10.25,0.0,0.0,0.9788645505905151,0.06618569791316986,0.9012143015861511,0.016106443479657173,0.9854910969734192,0.5976756811141968,0.12391169369220734,0.11843127757310867,0.0555037297308445
4915,-12.0914,-12.559,-24.6504,-10.1328,-10.5781,0.0,0.0,0.9656316041946411,0.04176470637321472,0.8425429463386536,0.004592422395944595,0.9680059552192688,0.5507618188858032,0.1321517378091812,0.14490050077438354,0.0677083358168602
4920,-12.1301,-13.1602,-25.2902,-10.1797,-10.2734,0.0,0.0,0.9451632499694824,0.03272835537791252,0.7960687875747681,0.011231101118028164,0.9583333134651184,0.5167133212089539,0.13063588738441467,0.1581934094429016,0.08997979015111923
4925,-11.8723,-13.2949,-25.1672,-10.0703,-10.8438,0.0,0.0,0.9419782757759094,0.030024509876966476,0.7478095889091492,0.004231311846524477,0.9654017686843872,0.5218439102172852,0.1268656700849533,0.1641402393579483,0.08267257362604141
4930,-11.8156,-12.7555,-24.5711,-10.1562,-10.3906,0.0,0.0,0.9594924449920654,0.021095717325806618,0.7956281304359436,0.004640371073037386,0.9739583134651184,0.5574859976768494,0.12344527244567871,0.14758239686489105,0.06700870394706726
4935,-11.6207,-14.3066,-25.9273,-10.0703,-11.4297,0.0,0.0,0.9123344421386719,0.01622464880347252,0.6852351427078247,0.0038955979980528355,0.8768601417541504,0.46952736377716064,0.12457244843244553,0.20164801180362701,0.0997745618224144
4940,-11.4949,-13.6055,-25.1004,-10.0312,-10.7109,0.0,0.0,0.9294691681861877,0.025641025975346565,0.7040770649909973,0.0034196386113762856,0.930059552192688,0.5257307291030884,0.11672107875347137,0.1735074669122696,0.07956311851739883
4945,-12.118,-13.2781,-25.3961,-10.1641,-10.4219,0.0,0.0,0.9591149091720581,0.02608180232346058,0.7522352933883667,0.00806794036179781,0.9281994104385376,0.5076570510864258,0.13114117085933685,0.1651896834373474,0.09153451770544052
4950,-12.2285,-12.6469,-24.8754,-10.25,-10.5078,0.0,0.0,0.9638813138008118,0.038056205958127975,0.8524410128593445,0.007411067374050617,0.9694940447807312,0.5423662662506104,0.13277363777160645,0.14171330630779266,0.07866915315389633
4955,-12.607,-13.1789,-25.7859,-10.4766,-10.3594,0.0,0.0,0.963444173336029,0.03254741057753563,0.8104590773582458,0.0051587303169071674,0.9575892686843872,0.48165422677993774,0.15166355669498444,0.16425684094429016,0.09794776141643524
4960,-12.0797,-13.0805,-25.1602,-10.0469,-11.125,0.0,0.0,0.9379839301109314,0.035330694168806076,0.8221802115440369,0.0106598986312747,0.9654017686843872,0.5170631408691406,0.13751554489135742,0.16437344253063202,0.07657027244567871
4965,-11.8391,-13.2371,-25.0762,-10.0703,-10.7734,0.0,0.0,0.9399179816246033,0.03478773683309555,0.7691417932510376,0.007329843007028103,0.9553571343421936,0.5214163661003113,0.1318407952785492,0.16802705824375153,0.07423818111419678
4970,-12.316,-12.691,-25.007,-10.2344,-10.375,0.0,0.0,0.97226482629776,0.039799612015485764,0.8106020092964172,0.005522088147699833,0.9825148582458496,0.5325326323509216,0.1396532952785492,0.1459110677242279,0.07742537558078766
4975,-12.3883,-12.3168,-24.7051,-10.375,-10.2578,0.0,0.0,0.9875341653823853,0.031464532017707825,0.8398230075836182,0.009600000455975533,0.9895833134651184,0.5549984574317932,0.13588307797908783,0.1317630559206009,0.07287780195474625
4980,-12.3824,-12.2453,-24.6277,-10.1953,-10.3594,0.0,0.0,0.9889963269233704,0.032132964581251144,0.8718630075454712,0.012394365854561329,0.9899553656578064,0.5545709133148193,0.14031405746936798,0.13164645433425903,0.06899098306894302
4985,-12.1434,-12.107,-24.2504,-10.2578,-10.2812,0.0,0.0,0.9888651967048645,0.04049079865217209,0.843919575214386,0.011522134765982628,0.995907723903656,0.5829446315765381,0.1267102062702179,0.12177394330501556,0.06409359723329544
4990,-12.4387,-12.059,-24.4977,-10.2266,-10.1797,0.0,0.0,0.9903594255447388,0.026715410873293877,0.9090909361839294,0.01828908547759056,0.9877232313156128,0.5644434094429016,0.13821516931056976,0.12698227167129517,0.06588152796030045
4995,-12.3484,-11.9723,-24.3207,-10.1719,-10.1484,0.0,0.0,0.9906560778617859,0.022793687880039215,0.9339005351066589,0.011269276030361652,0.9933035969734192,0.5782027244567871,0.13300684094429016,0.11878109723329544,0.06553171575069427
5000,-12.2375,-11.8871,-24.1246,-10.1797,-10.3203,0.0,0.0,0.9881801605224609,0.02899850532412529,0.9335307478904724,0.013888888992369175,0.996279776096344,0.5886194109916687,0.13001398742198944,0.11812033504247665,0.058768656104803085
