it,s,o,w,s20,o20,lam_s,lam_c,pCC,pCD,pDC,pDD,pSTART,vCC,vCD,vDC,vDD
0,-21.0164,-12.0199,-33.0363,-24.9531,-9.6484,0.0,0.0,0.4775474965572357,0.48771390318870544,0.5160439610481262,0.5102325081825256,0.5178571343421936,0.09001865983009338,0.3543221354484558,0.08842506259679794,0.36275652050971985
5,-20.9727,-11.9844,-32.957,-24.2969,-10.7969,0.0,0.0,0.5340050458908081,0.5034340023994446,0.5028697848320007,0.4972884953022003,0.507440447807312,0.09258395433425903,0.3565376102924347,0.08803638070821762,0.35836443305015564
10,-19.7621,-14.0656,-33.8277,-23.7188,-12.0469,0.0,0.0,0.4123920798301697,0.39464235305786133,0.4033955931663513,0.4059169292449951,0.4401041567325592,0.07653140276670456,0.2814832031726837,0.11446672677993774,0.42304104566574097
15,-20.3668,-13.1363,-33.5031,-24.4375,-10.8203,0.0,0.0,0.44363105297088623,0.45399221777915955,0.42824944853782654,0.4456639885902405,0.4624255895614624,0.07964085787534714,0.3193407952785492,0.10346703976392746,0.393073707818985
20,-19.9488,-13.5305,-33.4793,-23.9609,-11.3516,0.0,0.0,0.44572749733924866,0.4278968870639801,0.41042688488960266,0.431097149848938,0.495907723903656,0.0841495618224144,0.30457088351249695,0.1110851988196373,0.39571672677993774
25,-20.0281,-13.2359,-33.2641,-24.0781,-11.0234,0.0,0.0,0.4178200662136078,0.4319003224372864,0.44677138328552246,0.4659483730792999,0.5029761791229248,0.08986318111419678,0.3119169771671295,0.11135727912187576,0.3823849558830261
30,-20.6738,-12.2223,-32.8961,-24.6094,-10.1016,0.0,0.0,0.4861878454685211,0.5141224265098572,0.484907865524292,0.4936372637748718,0.486235111951828,0.09145677834749222,0.3536613881587982,0.09915267676115036,0.3512515425682068
35,-21.9695,-10.2156,-32.1852,-25.3906,-8.7734,0.0,0.0,0.5763036608695984,0.5745846033096313,0.6152614951133728,0.6000788807868958,0.6075148582458496,0.10136815905570984,0.4257618188858032,0.0728389322757721,0.2955534756183624
40,-21.457,-10.425,-31.882,-25.9531,-7.2734,0.0,0.0,0.5676928162574768,0.576193630695343,0.5906909704208374,0.6170384287834167,0.6108630895614624,0.11742071062326431,0.40784358978271484,0.08100124448537827,0.28925684094429016
45,-23.4859,-7.6598,-31.1457,-26.0156,-7.3359,0.0,0.0,0.723097562789917,0.7011528611183167,0.7231985926628113,0.708392322063446,0.7172619104385376,0.11594372242689133,0.5158193111419678,0.04423196613788605,0.21952736377716064
50,-22.8461,-8.1813,-31.0273,-26.6406,-5.9922,0.0,0.0,0.6841133236885071,0.707399308681488,0.7153686881065369,0.6765180230140686,0.6726190447807312,0.12624378502368927,0.49587997794151306,0.0563976988196373,0.21700093150138855
55,-24.1449,-6.3137,-30.4586,-28.0312,-3.6094,0.0,0.0,0.7854263782501221,0.7763953804969788,0.7464635372161865,0.7697792053222656,0.7767857313156128,0.12534981966018677,0.5654540061950684,0.03571983799338341,0.16899876296520233
60,-23.5793,-7.2785,-30.8578,-27.0781,-5.2109,0.0,0.0,0.7129419445991516,0.736926794052124,0.7022332549095154,0.7310344576835632,0.726190447807312,0.11983053386211395,0.5314443111419678,0.046991605311632156,0.1972559094429016
65,-24.5547,-5.7707,-30.3254,-27.875,-3.9688,0.0,0.0,0.8065624833106995,0.7931985259056091,0.8140161633491516,0.8036730289459229,0.800595223903656,0.12437810748815536,0.5920398235321045,0.02884017489850521,0.15026430785655975
70,-23.891,-6.8812,-30.7723,-27.0156,-5.6172,0.0,0.0,0.7448478937149048,0.7543946504592896,0.7660594582557678,0.7297185659408569,0.726190447807312,0.118819959461689,0.5483520030975342,0.040539488196372986,0.18781094253063202
75,-24.1898,-6.5098,-30.6996,-27.5781,-4.4922,0.0,0.0,0.7436419129371643,0.752387523651123,0.772680938243866,0.7538968324661255,0.8333333134651184,0.11462219804525375,0.5657260417938232,0.038129664957523346,0.17704446613788605
80,-23.7871,-6.652,-30.4391,-27.3125,-4.9062,0.0,0.0,0.7483698725700378,0.7589185237884521,0.7391713857650757,0.7919340133666992,0.7827380895614624,0.13114117085933685,0.5534825921058655,0.04127798601984978,0.16962064802646637
85,-24.2613,-6.1875,-30.4488,-27.6562,-4.3594,0.0,0.0,0.7884076237678528,0.7746180891990662,0.7491329312324524,0.7903300523757935,0.7916666865348816,0.12472791969776154,0.5699626803398132,0.03362095728516579,0.16721081733703613
90,-22.093,-10.0461,-32.1391,-25.5156,-8.6172,0.0,0.0,0.6042760610580444,0.5821127891540527,0.6245772242546082,0.6018759608268738,0.6071428656578064,0.10362251102924347,0.42459577322006226,0.06895211338996887,0.2983520030975342
95,-20.2063,-13.3566,-33.5629,-24.2812,-10.7344,0.0,0.0,0.42127659916877747,0.41101962327957153,0.44861215353012085,0.44210729002952576,0.511904776096344,0.08220615983009338,0.3068641126155853,0.10362251102924347,0.4028295874595642
100,-20.4051,-13.3984,-33.8035,-23.6875,-11.875,0.0,0.0,0.43795621395111084,0.42797520756721497,0.4379214644432068,0.42500466108322144,0.4375,0.0745491310954094,0.30733054876327515,0.0979866310954094,0.41565608978271484
105,-18.9766,-15.3109,-34.2875,-22.5,-14.25,0.0,0.0,0.34851935505867004,0.3541935384273529,0.34885090589523315,0.34183061122894287,0.3779761791229248,0.06825248897075653,0.24098259210586548,0.1319185346364975,0.4543687701225281
110,-19.9066,-14.0895,-33.9961,-23.7031,-12.0547,0.0,0.0,0.3898582458496094,0.3832833468914032,0.4016853868961334,0.3984941840171814,0.4583333432674408,0.0712842047214508,0.2850590944290161,0.11069651693105698,0.4284825921058655
115,-18.2254,-16.7594,-34.9848,-21.625,-15.8125,0.0,0.0,0.29739251732826233,0.26252299547195435,0.27752718329429626,0.27567318081855774,0.3154761791229248,0.05515391752123833,0.1901041716337204,0.1464940905570984,0.5037702322006226
120,-17.5477,-18.5777,-36.1254,-21.5156,-16.3359,0.0,0.0,0.20023557543754578,0.18867924809455872,0.16699950397014618,0.17499004304409027,0.2172619104385376,0.03299906849861145,0.12154073268175125,0.15570583939552307,0.58527672290802
125,-16.6473,-20.2871,-36.9344,-20.6719,-18.0703,0.0,0.0,0.1019955649971962,0.13655589520931244,0.09272116422653198,0.09065517038106918,0.1190476194024086,0.01752953976392746,0.06432680040597916,0.17354632914066315,0.640119731426239
130,-16.4473,-20.9871,-37.4344,-20.125,-19.0,0.0,0.0,0.03404255211353302,0.042016807943582535,0.055530574172735214,0.052168916910886765,0.1011904776096344,0.009134017862379551,0.03700248897075653,0.17288556694984436,0.6765003204345703
135,-16.1219,-20.882,-37.0039,-19.8438,-19.3281,0.0,0.0,0.06666667014360428,0.07422512024641037,0.0748201459646225,0.06998913735151291,0.1086309552192688,0.01457555964589119,0.047652363777160645,0.18909358978271484,0.64420086145401
140,-16.2938,-20.8734,-37.1672,-20.4766,-18.2734,0.0,0.0,0.04234527796506882,0.05697279050946236,0.0685371607542038,0.06673377752304077,0.1015625,0.011932524852454662,0.04570895433425903,0.181475430727005,0.6564054489135742
145,-16.8164,-20.2945,-37.1109,-20.9531,-17.4375,0.0,0.0,0.07446808367967606,0.1247803196310997,0.05529225990176201,0.09157641232013702,0.126860111951828,0.010960821062326431,0.06634794920682907,0.17222481966018677,0.6459888219833374
150,-17.043,-19.9246,-36.9676,-22.3359,-14.7188,0.0,0.0,0.059574469923973083,0.18483412265777588,0.04773985221982002,0.10734152793884277,0.1536458283662796,0.009134017862379551,0.08201181888580322,0.1685323417186737,0.6358442306518555
155,-16.8891,-20.1387,-37.0277,-22.5547,-14.2812,0.0,0.0,0.08139535039663315,0.17185109853744507,0.031061451882123947,0.10503894835710526,0.1227678582072258,0.0066853235475718975,0.07622046023607254,0.17393501102924347,0.6386815905570984
160,-15.7734,-20.7492,-36.5227,-21.7266,-15.1641,0.0,0.0,0.13901345431804657,0.23060797154903412,0.030324526131153107,0.09548133611679077,0.1324404776096344,0.00866759940981865,0.07416044920682907,0.21917754411697388,0.5935167670249939
165,-15.6551,-21.6938,-37.3488,-20.5156,-17.4688,0.0,0.0,0.02298850566148758,0.10169491171836853,0.015239886939525604,0.033904291689395905,0.0818452388048172,0.003381529822945595,0.025225434452295303,0.20658425986766815,0.660331130027771
170,-16.0344,-21.084,-37.1184,-21.1328,-16.8438,0.0,0.0,0.03496503457427025,0.0987158939242363,0.024053627625107765,0.06966644525527954,0.0956101194024086,0.005558146629482508,0.04842972755432129,0.19713930785655975,0.6443952322006226
175,-15.8102,-20.9418,-36.752,-21.4297,-15.4531,0.0,0.0,0.11627907305955887,0.1917293220758438,0.03289115056395531,0.08307438343763351,0.1037946417927742,0.0066853235475718975,0.06203358247876167,0.21389147639274597,0.6129119992256165
180,-16.5109,-20.9359,-37.4469,-20.6016,-17.9297,0.0,0.0,0.08888889104127884,0.12983663380146027,0.02064831182360649,0.05681883916258812,0.1019345223903656,0.00349813443608582,0.04520367085933685,0.17506219446659088,0.6717584133148193
185,-16.3473,-21.1191,-37.4664,-21.0703,-16.8281,0.0,0.0,0.03999999910593033,0.09797979891300201,0.0167391300201416,0.0488184429705143,0.1153273805975914,0.003886815859004855,0.03847947716712952,0.1787935346364975,0.6743625402450562
190,-16.0234,-21.2793,-37.3027,-21.1094,-16.6328,0.0,0.0,0.0446428582072258,0.11330561339855194,0.019110843539237976,0.05289791151881218,0.0855654776096344,0.004353233613073826,0.03739117085933685,0.19321362674236298,0.6605643630027771
195,-15.9941,-21.0906,-37.0848,-20.8047,-17.1016,0.0,0.0,0.04109589010477066,0.09959514439105988,0.02648097276687622,0.07125173509120941,0.0896577388048172,0.005674751475453377,0.048002175986766815,0.1981498748064041,0.643695592880249
200,-16.1742,-21.5109,-37.6852,-20.25,-18.7969,0.0,0.0,0.10000000149011612,0.07427535951137543,0.011825413443148136,0.028873754665255547,0.0736607164144516,0.002720771124586463,0.021455224603414536,0.18077580630779266,0.690570592880249
205,-16.0309,-21.2234,-37.2543,-20.5,-18.1797,0.0,0.0,0.03999999910593033,0.07857143133878708,0.022858278825879097,0.05815191566944122,0.0918898805975914,0.00485851988196373,0.038090795278549194,0.19554570317268372,0.6570273637771606
210,-16.1406,-20.9184,-37.059,-21.7188,-15.5078,0.0,0.0,0.05042016878724098,0.13573406636714935,0.026409145444631577,0.0774858221411705,0.0918898805975914,0.004625311121344566,0.05612562224268913,0.19721704721450806,0.637554407119751
215,-15.957,-21.0031,-36.9602,-20.8438,-17.0234,0.0,0.0,0.08749999850988388,0.14966492354869843,0.03247246518731117,0.07436543703079224,0.1004464253783226,0.006218905560672283,0.05219993740320206,0.2046797275543213,0.6324238181114197
220,-16.8582,-19.9543,-36.8125,-21.6484,-15.625,0.0,0.0,0.11328125,0.1684350073337555,0.043345674872398376,0.11788336932659149,0.1488095223903656,0.009950248524546623,0.08791977912187576,0.17844371497631073,0.6192086338996887
225,-16.6926,-20.1039,-36.7965,-22.0781,-15.3047,0.0,0.0,0.10958904027938843,0.17722681164741516,0.046315789222717285,0.11199899017810822,0.1350446492433548,0.008512127213180065,0.08465485274791718,0.18462376296520233,0.6177316308021545
230,-15.7336,-21.5063,-37.2398,-20.5781,-17.625,0.0,0.0,0.009009009227156639,0.058542411774396896,0.017182130366563797,0.047110479325056076,0.0982142835855484,0.0043143657967448235,0.03253265097737312,0.20359142124652863,0.655083954334259
235,-15.732,-21.6477,-37.3797,-20.0938,-18.7344,0.0,0.0,0.0357142873108387,0.050078246742486954,0.01387550588697195,0.035380661487579346,0.0911458358168602,0.003264925442636013,0.02483675442636013,0.20168687403202057,0.665733814239502
240,-16.4715,-20.525,-36.9965,-21.2578,-16.2656,0.0,0.0,0.08064515888690948,0.18875738978385925,0.03726061433553696,0.08838630467653275,0.1056547611951828,0.007229477632790804,0.06568718701601028,0.18672263622283936,0.635883092880249
245,-15.5879,-21.3395,-36.9273,-20.5469,-17.4531,0.0,0.0,0.07831325381994247,0.06733393669128418,0.030117223039269447,0.06715957820415497,0.0978422611951828,0.006452114321291447,0.04271610826253891,0.21552394330501556,0.6308302283287048
250,-15.9695,-21.6941,-37.6637,-19.7578,-19.5703,0.0,0.0,0.0,0.06398104131221771,0.013171649537980556,0.022363677620887756,0.0703125,0.0032260571606457233,0.016402363777160645,0.18590641021728516,0.6899875402450562
255,-15.6707,-21.3238,-36.9945,-20.8906,-17.4219,0.0,0.0,0.013513513840734959,0.1314186304807663,0.02105841413140297,0.05994349718093872,0.118675597012043,0.005752487573772669,0.04465951398015022,0.21225902438163757,0.6328513622283936
260,-16.4059,-20.5766,-36.9824,-21.9531,-14.9922,0.0,0.0,0.13375796377658844,0.19638694822788239,0.028799019753932953,0.08444471657276154,0.1257440447807312,0.006102301180362701,0.06669776141643524,0.19029851257801056,0.6324238181114197
265,-15.6918,-21.5887,-37.2805,-19.9609,-18.3203,0.0,0.0,0.040816325694322586,0.06052269786596298,0.018387282267212868,0.044133223593235016,0.0740327388048172,0.0038090795278549194,0.028257152065634727,0.20293065905570984,0.6605255007743835
270,-15.8059,-21.7484,-37.5543,-19.9844,-19.0469,0.0,0.0,0.0,0.047191012650728226,0.011743630282580853,0.027303364127874374,0.0613839291036129,0.002487562131136656,0.017296331003308296,0.19527363777160645,0.6804648637771606
275,-15.6707,-22.0328,-37.7035,-19.6641,-19.6172,0.0,0.0,0.0,0.06756756454706192,0.004383343271911144,0.00924318004399538,0.0580357126891613,0.0008550995262339711,0.005752487573772669,0.19507929682731628,0.6938354969024658
280,-15.8199,-21.7285,-37.5484,-20.1328,-18.8438,0.0,0.0,0.01785714365541935,0.029126213863492012,0.013242376036942005,0.028195595368742943,0.0632440447807312,0.002176616806536913,0.020017102360725403,0.19371891021728516,0.6796097755432129
285,-15.5293,-21.9922,-37.5215,-20.0234,-19.1094,0.0,0.0,0.08888889104127884,0.0791139230132103,0.007763681001961231,0.01712840609252453,0.0651041641831398,0.00174906721804291,0.012282337993383408,0.20526275038719177,0.6762282252311707
290,-15.5152,-22.0965,-37.6117,-19.8359,-19.5781,0.0,0.0,0.0,0.0,0.004986574407666922,0.01086647342890501,0.0595238097012043,0.0013992537278681993,0.008278917521238327,0.20265857875347137,0.6831856369972229
295,-15.4859,-21.8398,-37.3258,-19.8203,-18.7188,0.0,0.0,0.1190476194024086,0.10546875,0.011675314977765083,0.03196856006979942,0.0625,0.003264925442636013,0.019900497049093246,0.20973259210586548,0.6626243591308594
300,-15.7316,-21.7867,-37.5184,-19.6484,-19.4141,0.0,0.0,0.0357142873108387,0.03703703731298447,0.0130833825096488,0.02635667845606804,0.065476194024086,0.002176616806536913,0.01888992451131344,0.19904384016990662,0.6754119992256165
305,-15.6617,-22.018,-37.6797,-20.0,-19.5547,0.0,0.0,0.0,0.039603959769010544,0.0045752935111522675,0.009613762609660625,0.0684523805975914,0.0009328357991762459,0.007851367816329002,0.1953902393579483,0.6913479566574097
310,-16.0715,-21.5559,-37.6273,-20.5391,-18.1016,0.0,0.0,0.016949152573943138,0.05830388516187668,0.010745891369879246,0.03061859682202339,0.0740327388048172,0.0022932214196771383,0.021999377757310867,0.18446828424930573,0.6867614984512329
315,-16.4609,-21.2727,-37.7336,-20.6641,-18.2266,0.0,0.0,0.08620689809322357,0.05192878469824791,0.013841615989804268,0.036925312131643295,0.079613097012043,0.0022543531376868486,0.02619713917374611,0.17129197716712952,0.6957789063453674
320,-16.3129,-21.5195,-37.8324,-20.0625,-19.0078,0.0,0.0,0.10447761416435242,0.0445544570684433,0.01425016950815916,0.022261405363678932,0.0703125,0.0026041667442768812,0.015702735632658005,0.17183613777160645,0.7053793668746948
325,-15.9914,-21.7195,-37.7109,-19.9219,-19.2891,0.0,0.0,0.04545454680919647,0.07299269735813141,0.009018456563353539,0.021496323868632317,0.0580357126891613,0.0017101990524679422,0.01597481407225132,0.18532338738441467,0.6925140023231506
330,-16.334,-21.3285,-37.6625,-20.3984,-18.5469,0.0,0.0,0.0517241396009922,0.07008086144924164,0.01427316665649414,0.038278862833976746,0.0714285746216774,0.0022543531376868486,0.02884017489850521,0.1770056039094925,0.6874222755432129
335,-15.6,-21.682,-37.282,-20.0859,-18.5859,0.0,0.0,0.009803921915590763,0.059612520039081573,0.020962005481123924,0.0378161184489727,0.0814732164144516,0.003964552190154791,0.026080535724759102,0.207672581076622,0.6578047275543213
340,-15.3734,-22.1117,-37.4852,-19.3125,-20.3203,0.0,0.0,0.0,0.0,0.013353115878999233,0.015217892825603485,0.0505952388048172,0.002487562131136656,0.009172885678708553,0.20957711338996887,0.674284815788269
345,-15.1469,-21.6168,-36.7637,-20.0703,-18.3125,0.0,0.0,0.027173912152647972,0.07934990525245667,0.028124479576945305,0.05961648002266884,0.115699402987957,0.0071517410688102245,0.04065609350800514,0.2335587739944458,0.6141557693481445
350,-15.7965,-21.616,-37.4125,-20.5469,-17.8047,0.0,0.0,0.06451612710952759,0.07613469660282135,0.01450127363204956,0.03641228377819061,0.0747767835855484,0.00240982579998672,0.02654695324599743,0.19834421575069427,0.6682214140892029
355,-15.6961,-21.9703,-37.6664,-19.4922,-20.0312,0.0,0.0,0.0,0.0,0.014743972569704056,0.01183231920003891,0.0572916679084301,0.0027985074557363987,0.0078125,0.19507929682731628,0.6898320913314819
360,-16.166,-21.4617,-37.6277,-20.3203,-18.4922,0.0,0.0,0.0,0.03828483819961548,0.011443102732300758,0.03507179021835327,0.0773809552192688,0.001826803432777524,0.025380907580256462,0.18341884016990662,0.6848958134651184
365,-15.5164,-21.9465,-37.4629,-19.875,-19.2422,0.0,0.0,0.0,0.025821596384048462,0.00808118749409914,0.02255464717745781,0.0703125,0.0017879352672025561,0.016557835042476654,0.20681747794151306,0.6703591346740723
370,-15.4613,-21.8984,-37.3598,-20.1562,-18.6797,0.0,0.0,0.09375,0.0714285746216774,0.009393995627760887,0.026286451146006584,0.0818452388048172,0.002487562131136656,0.019589552655816078,0.2110152393579483,0.6624300479888916
375,-15.8559,-21.3977,-37.2535,-20.8125,-17.1094,0.0,0.0,0.01075268816202879,0.11019567400217056,0.015594917349517345,0.05166249722242355,0.082961305975914,0.003614738816395402,0.037740983068943024,0.20188121497631073,0.6522854566574097
380,-16.6609,-20.1719,-36.8328,-20.9609,-17.1406,0.0,0.0,0.11578947305679321,0.14659950137138367,0.05368555709719658,0.10991540551185608,0.126860111951828,0.011077425442636013,0.0771532952785492,0.1824471354484558,0.6248445510864258
385,-17.6605,-18.0578,-35.7184,-23.1641,-12.5938,0.0,0.0,0.3062605857849121,0.3064400255680084,0.09979995340108871,0.21578450500965118,0.2072172611951828,0.022971082478761673,0.1623522937297821,0.17486785352230072,0.535331130027771
390,-18.1812,-17.1934,-35.3746,-23.2188,-12.6016,0.0,0.0,0.2343096286058426,0.32042181491851807,0.1186521127820015,0.2671118676662445,0.2611607015132904,0.027868470177054405,0.1916588991880417,0.16379041969776154,0.5122045874595642
395,-18.8383,-15.6695,-34.5078,-24.4375,-10.0469,0.0,0.0,0.3298968970775604,0.4984709620475769,0.13154718279838562,0.31246158480644226,0.3076636791229248,0.03770211338996887,0.25419774651527405,0.16103078424930573,0.44259172677993774
400,-18.7273,-16.1363,-34.8637,-25.75,-7.75,0.0,0.0,0.3171091377735138,0.49862393736839294,0.08994334191083908,0.2783496379852295,0.2998511791229248,0.026352612301707268,0.24008862674236298,0.16464552283287048,0.4644356369972229
405,-17.6098,-17.8582,-35.468,-24.8438,-9.0,0.0,0.0,0.2753036320209503,0.41778743267059326,0.06528066843748093,0.21164101362228394,0.2488839328289032,0.019200870767235756,0.17918221652507782,0.18695583939552307,0.5101834535598755
410,-17.6613,-17.2289,-34.8902,-25.8438,-6.7656,0.0,0.0,0.40381792187690735,0.49962449073791504,0.08081010729074478,0.22903868556022644,0.2808779776096344,0.026469215750694275,0.20701181888580322,0.19383551180362701,0.46820583939552307
415,-17.732,-18.2453,-35.9773,-24.6172,-9.8047,0.0,0.0,0.2716417908668518,0.346324622631073,0.05933721363544464,0.1982375681400299,0.1808035671710968,0.013020833022892475,0.15757152438163757,0.1735852062702179,0.5513448119163513
420,-16.8793,-19.393,-36.2723,-23.6797,-11.375,0.0,0.0,0.18888889253139496,0.2499169111251831,0.04873137176036835,0.1555931121110916,0.1785714328289032,0.01049440260976553,0.11695428937673569,0.19301928579807281,0.575054407119751
425,-17.3324,-19.0035,-36.3359,-24.7109,-9.4531,0.0,0.0,0.20703125,0.2691583037376404,0.044483210891485214,0.16850939393043518,0.1715029776096344,0.009950248524546623,0.12375622242689133,0.17824937403202057,0.5835665464401245
430,-17.0734,-19.0809,-36.1543,-24.4141,-9.9766,0.0,0.0,0.24013157188892365,0.29542720317840576,0.045612599700689316,0.16539283096790314,0.1912202388048172,0.01181592047214508,0.12919776141643524,0.1900264322757721,0.5644822716712952
435,-16.6762,-19.5227,-36.1988,-24.0391,-10.8672,0.0,0.0,0.24041812121868134,0.253827840089798,0.04043758660554886,0.15032324194908142,0.2038690447807312,0.011155162006616592,0.11423352360725403,0.1989661008119583,0.5711675882339478
440,-16.6289,-19.1871,-35.816,-24.7656,-9.4375,0.0,0.0,0.25,0.30728861689567566,0.05523526296019554,0.17990906536579132,0.168898805975914,0.014614427462220192,0.13331778347492218,0.2089940905570984,0.5385960936546326
445,-17.4352,-18.5918,-36.027,-24.9688,-8.9141,0.0,0.0,0.2532051205635071,0.31694138050079346,0.05102476477622986,0.18761765956878662,0.200148805975914,0.012126865796744823,0.14385105669498444,0.1820584535598755,0.5574859976768494
450,-16.9797,-19.109,-36.0887,-24.2344,-10.5469,0.0,0.0,0.2211221158504486,0.27406740188598633,0.04787660390138626,0.16898967325687408,0.212797611951828,0.011777052655816078,0.12919776141643524,0.19402985274791718,0.5605177283287048
455,-16.5574,-19.7719,-36.3293,-23.5547,-11.9297,0.0,0.0,0.18000000715255737,0.23311306536197662,0.040230993181467056,0.1469302624464035,0.1417410671710968,0.00971703976392746,0.1058768630027771,0.20192009210586548,0.5780084133148193
460,-16.2395,-19.7152,-35.9547,-23.75,-11.0938,0.0,0.0,0.19395466148853302,0.27501678466796875,0.04577656835317612,0.15953390300273895,0.1547619104385376,0.015430659055709839,0.11574938148260117,0.21396921575069427,0.5503731369972229
465,-16.6023,-19.9375,-36.5398,-23.8203,-11.1406,0.0,0.0,0.16591928899288177,0.2098509967327118,0.0391843244433403,0.13169686496257782,0.1361607164144516,0.00866759940981865,0.09390547126531601,0.1944185346364975,0.5985307693481445
470,-16.8918,-19.8707,-36.7625,-23.5859,-11.4922,0.0,0.0,0.17934782803058624,0.20932167768478394,0.030264005064964294,0.12131188809871674,0.1517857164144516,0.0071517410688102245,0.09340018779039383,0.18108674883842468,0.6138837337493896
475,-16.6422,-19.9422,-36.5844,-23.625,-11.25,0.0,0.0,0.19691120088100433,0.22104404866695404,0.03521987050771713,0.11857040971517563,0.1852678507566452,0.010066852904856205,0.09530472755432129,0.1909203976392746,0.5992304086685181
480,-16.6156,-20.2227,-36.8383,-23.4766,-12.25,0.0,0.0,0.10191082954406738,0.16246362030506134,0.032077815383672714,0.11057601869106293,0.134672611951828,0.006102301180362701,0.08014614135026932,0.18781094253063202,0.6214630007743835
485,-16.0422,-20.8773,-36.9195,-22.0938,-14.1953,0.0,0.0,0.056179776787757874,0.09594333916902542,0.031238021329045296,0.08588652312755585,0.1130952388048172,0.006918532308191061,0.06036224961280823,0.20281405746936798,0.6254275441169739
490,-16.3125,-20.8477,-37.1602,-21.9844,-14.625,0.0,0.0,0.0796460211277008,0.11941391974687576,0.019852640107274055,0.07651714980602264,0.1052827388048172,0.0043921018950641155,0.053055036813020706,0.18990983068943024,0.6481654047966003
495,-15.2605,-21.4223,-36.6828,-22.0,-14.4766,0.0,0.0,0.08843537420034409,0.12782540917396545,0.01873849704861641,0.07273076474666595,0.118675597012043,0.005713619291782379,0.04986784979701042,0.23231498897075653,0.6076259613037109
500,-16.4402,-21.1746,-37.6148,-21.5234,-16.1562,0.0,0.0,0.05882352963089943,0.08435207605361938,0.00950696412473917,0.04465095326304436,0.0959821417927742,0.0019822760950773954,0.03179415315389633,0.17580068111419678,0.6859452724456787
505,-15.8629,-21.1855,-37.0484,-21.8672,-15.0469,0.0,0.0,0.0476190485060215,0.051324501633644104,0.022155463695526123,0.06965812295675278,0.1145833358168602,0.0048973881639540195,0.046952735632658005,0.20701181888580322,0.6366604566574097
510,-16.325,-20.6656,-36.9906,-22.7031,-13.4922,0.0,0.0,0.1764705926179886,0.14416615664958954,0.025910930708050728,0.08740123361349106,0.1164434552192688,0.0052860695868730545,0.06362717598676682,0.19200870394706726,0.6346004605293274
515,-16.316,-20.5828,-36.8988,-23.5391,-11.8906,0.0,0.0,0.10256410390138626,0.13536378741264343,0.02985074557363987,0.0946786031126976,0.1294642835855484,0.006063432898372412,0.06891324371099472,0.1953125,0.6252332329750061
520,-16.0414,-20.6785,-36.7199,-22.8203,-13.0703,0.0,0.0,0.0670391097664833,0.1251390427350998,0.02990095317363739,0.10196028649806976,0.129836305975914,0.006957400590181351,0.06988494843244553,0.20798352360725403,0.6106964945793152
525,-16.6992,-19.9676,-36.6668,-23.625,-11.8594,0.0,0.0,0.1931818127632141,0.16221851110458374,0.027071036398410797,0.13045714795589447,0.154389888048172,0.006840796209871769,0.09320584684610367,0.19095925986766815,0.6045165061950684
530,-16.4391,-20.0039,-36.443,-24.1016,-10.3438,0.0,0.0,0.1869918704032898,0.18270008265972137,0.04188280552625656,0.13212041556835175,0.1662946492433548,0.009561567567288876,0.09615982323884964,0.2023087739944458,0.5874922275543213
535,-16.9074,-19.3367,-36.2441,-24.7656,-9.3203,0.0,0.0,0.21212121844291687,0.25242719054222107,0.048357848078012466,0.15750865638256073,0.1875,0.010261193849146366,0.12010261416435242,0.19290266931056976,0.5722559094429016
540,-17.4848,-19.341,-36.8258,-24.5312,-9.9297,0.0,0.0,0.18589743971824646,0.2302442491054535,0.03320683166384697,0.1361118108034134,0.1588541716337204,0.006063432898372412,0.10820895433425903,0.16386815905570984,0.6173818111419678
545,-17.1141,-19.0922,-36.2063,-24.8984,-8.8672,0.0,0.0,0.21543408930301666,0.26027819514274597,0.05576441064476967,0.16795866191387177,0.1837797611951828,0.012087997049093246,0.1257385015487671,0.18610075116157532,0.5715951323509216
550,-17.5305,-18.2313,-35.7617,-25.2344,-8.5703,0.0,0.0,0.2981029748916626,0.34163275361061096,0.061741314828395844,0.20516185462474823,0.2261904776096344,0.014342350885272026,0.1623522937297821,0.185712069272995,0.5331156849861145
555,-17.8258,-18.0074,-35.8332,-24.8125,-9.1797,0.0,0.0,0.2785388231277466,0.3016393482685089,0.06704545766115189,0.2222222238779068,0.216889888048172,0.01702425442636013,0.16596704721450806,0.17101989686489105,0.5415111780166626
560,-17.8465,-18.0176,-35.8641,-26.1562,-7.0078,0.0,0.0,0.2742382287979126,0.35092657804489136,0.06316964328289032,0.20077496767044067,0.2503720223903656,0.014031405560672283,0.1656949669122696,0.17412935197353363,0.5416666865348816
565,-18.3484,-16.9738,-35.3223,-26.2344,-6.5469,0.0,0.0,0.3327370285987854,0.4113193154335022,0.08493850380182266,0.25665295124053955,0.2488839328289032,0.0217273011803627,0.20534048974514008,0.1674828976392746,0.5009716749191284
570,-17.9191,-16.8844,-34.8035,-26.6562,-5.5156,0.0,0.0,0.35969388484954834,0.46004971861839294,0.0971117615699768,0.2577241361141205,0.3091517984867096,0.030472636222839355,0.2189054787158966,0.185712069272995,0.4604322016239166
575,-18.5875,-15.3941,-33.9816,-27.0547,-4.1797,0.0,0.0,0.4584837555885315,0.5449564456939697,0.1345016360282898,0.308420330286026,0.3839285671710968,0.04306592047214508,0.27666357159614563,0.17743314802646637,0.3983597755432129
580,-18.1391,-15.8375,-33.9766,-26.2344,-5.75,0.0,0.0,0.4483954906463623,0.5109203457832336,0.13562794029712677,0.3124336898326874,0.3757440447807312,0.04481498897075653,0.2580457031726837,0.18971548974514008,0.40294620394706726
585,-19.441,-13.6484,-33.0895,-28.0859,-2.8906,0.0,0.0,0.4908015727996826,0.6193811893463135,0.2058401107788086,0.36820513010025024,0.484375,0.05915733799338341,0.33290576934814453,0.16239117085933685,0.3410680890083313
590,-19.425,-13.7191,-33.1441,-27.875,-3.2656,0.0,0.0,0.5235087871551514,0.6281754970550537,0.17070303857326508,0.3643989861011505,0.466889888048172,0.05538712814450264,0.3365982472896576,0.16530628502368927,0.3382307291030884
595,-18.1613,-15.2117,-33.373,-27.0781,-4.1094,0.0,0.0,0.4873417615890503,0.5768197774887085,0.17974995076656342,0.3100147247314453,0.4441964328289032,0.06141168996691704,0.2749922275543213,0.18963775038719177,0.3694807291030884
600,-19.2836,-14.7027,-33.9863,-27.5703,-3.7109,0.0,0.0,0.44908350706100464,0.5950025916099548,0.13216176629066467,0.30880627036094666,0.3950892984867096,0.0381685309112072,0.298662930727005,0.1614583283662796,0.3972325921058655
605,-18.8816,-15.7492,-34.6309,-26.6484,-5.6484,0.0,0.0,0.3442424237728119,0.505134105682373,0.11635220050811768,0.2854793965816498,0.363467276096344,0.0320662297308445,0.25361475348472595,0.16068096458911896,0.44916045665740967
610,-19.2461,-14.2094,-33.4555,-27.9609,-3.0,0.0,0.0,0.4864864945411682,0.63399338722229,0.16104258596897125,0.312593549489975,0.472842276096344,0.048896145075559616,0.31603699922561646,0.16701647639274597,0.36357274651527405
615,-19.8715,-13.4836,-33.3551,-27.8281,-3.4766,0.0,0.0,0.49331235885620117,0.6120738387107849,0.18218933045864105,0.36780846118927,0.4821428656578064,0.049401428550481796,0.3431669771671295,0.15232431888580322,0.35062965750694275
620,-19.0289,-15.027,-34.0559,-27.0781,-4.6719,0.0,0.0,0.41919687390327454,0.5261509418487549,0.1450924575328827,0.33167606592178345,0.3988095223903656,0.03968438878655434,0.28537002205848694,0.16394589841365814,0.40652206540107727
625,-18.7902,-15.2031,-33.9934,-27.25,-4.6562,0.0,0.0,0.4069981575012207,0.5029150247573853,0.14743734896183014,0.33775797486305237,0.4252232015132904,0.04221082106232643,0.2800062298774719,0.17214708030223846,0.40115827322006226
630,-18.927,-14.0789,-33.0059,-26.3594,-5.6875,0.0,0.0,0.5082547068595886,0.5917239785194397,0.21076233685016632,0.376086950302124,0.4616815447807312,0.0659203976392746,0.31654229760169983,0.17335198819637299,0.33970770239830017
635,-19.0699,-13.9523,-33.0223,-27.5078,-3.6484,0.0,0.0,0.5045045018196106,0.5987944602966309,0.19876345992088318,0.38149890303611755,0.462797611951828,0.06471548229455948,0.3224113881587982,0.16973724961280823,0.33865827322006226
640,-19.5938,-13.3957,-32.9895,-27.5234,-3.4766,0.0,0.0,0.4931592047214508,0.594006359577179,0.23004461824893951,0.41405707597732544,0.4620535671710968,0.0625,0.34110695123672485,0.15679416060447693,0.3351212739944458
645,-20.027,-12.4859,-32.5129,-27.8906,-3.3281,0.0,0.0,0.5100111365318298,0.6324997544288635,0.255933940410614,0.4527389109134674,0.5249255895614624,0.06988494843244553,0.3776819109916687,0.15065298974514008,0.2973025441169739
650,-20.7465,-12.1004,-32.8469,-28.4219,-2.5469,0.0,0.0,0.5215053558349609,0.6540346145629883,0.2304079830646515,0.4252210259437561,0.523809552192688,0.05783582106232643,0.38872045278549194,0.13242381811141968,0.31654229760169983
655,-19.318,-13.8699,-33.1879,-27.6953,-3.5078,0.0,0.0,0.4893617033958435,0.6055437326431274,0.19251461327075958,0.3741258680820465,0.449032723903656,0.05663090944290161,0.328125,0.16616137325763702,0.34460508823394775
660,-20.148,-13.0383,-33.1863,-27.5781,-4.0938,0.0,0.0,0.5113797783851624,0.6056044101715088,0.2187584638595581,0.39977389574050903,0.4873511791229248,0.05464863032102585,0.3537002503871918,0.1433846354484558,0.34378886222839355
665,-20.1234,-12.8941,-33.0176,-27.9062,-3.3906,0.0,0.0,0.5296120047569275,0.6343947649002075,0.21972501277923584,0.39293310046195984,0.4832589328289032,0.05709732696413994,0.36252331733703613,0.14699937403202057,0.32890236377716064
670,-21.0648,-10.7195,-31.7844,-28.3047,-2.3828,0.0,0.0,0.620465099811554,0.752394437789917,0.2799279987812042,0.44101259112358093,0.5718005895614624,0.08356653898954391,0.43827736377716064,0.129547581076622,0.2441309094429016
675,-21.9266,-9.3266,-31.2531,-29.0312,-1.2344,0.0,0.0,0.6421319842338562,0.8162758946418762,0.31388887763023376,0.45159465074539185,0.6264880895614624,0.09188432991504669,0.48573538661003113,0.11194030195474625,0.2059623748064041
680,-22.1945,-8.4859,-30.6805,-29.1406,-0.9922,0.0,0.0,0.6630197167396545,0.8419415950775146,0.34456244111061096,0.4965769052505493,0.695684552192688,0.10657649487257004,0.5124766826629639,0.10614894330501556,0.1703202724456787
685,-21.7977,-9.2937,-31.0914,-28.7422,-1.7188,0.0,0.0,0.6316652894020081,0.8204052448272705,0.3113613724708557,0.4554455578327179,0.6573660969734192,0.09476057440042496,0.4910603165626526,0.11734297126531601,0.19235852360725403
690,-21.5594,-9.523,-31.0824,-28.6172,-1.8047,0.0,0.0,0.6587640643119812,0.8125510215759277,0.313570499420166,0.4483291506767273,0.652157723903656,0.10000777244567871,0.47629043459892273,0.1180037334561348,0.20122045278549194
695,-21.3906,-9.5887,-30.9793,-28.7969,-1.1172,0.0,0.0,0.6585813760757446,0.8034244179725647,0.3289515972137451,0.4772367477416992,0.640252947807312,0.10576026141643524,0.4721704125404358,0.12122979015111923,0.1963619440793991
700,-22.3293,-8.241,-30.5703,-28.875,-1.6406,0.0,0.0,0.7005771994590759,0.8384782075881958,0.35451504588127136,0.5164363980293274,0.7168898582458496,0.107742540538311,0.5200170874595642,0.10459421575069427,0.1631685346364975
705,-22.5754,-7.8883,-30.4637,-28.9531,-1.1797,0.0,0.0,0.7029538750648499,0.8396565914154053,0.39353448152542114,0.5223039388656616,0.7429315447807312,0.1171097606420517,0.5296564102172852,0.0901741310954094,0.15858209133148193
710,-22.5855,-7.6055,-30.191,-29.25,-0.7734,0.0,0.0,0.7221875190734863,0.8570287823677063,0.41895896196365356,0.5473228693008423,0.7220982313156128,0.12437810748815536,0.5355643630027771,0.09184546023607254,0.14373445510864258
715,-22.0082,-8.9887,-30.9969,-28.7266,-1.6562,0.0,0.0,0.6633281707763672,0.7886524796485901,0.35552355647087097,0.5340703725814819,0.6815476417541504,0.10090173780918121,0.4932369291782379,0.10801461338996887,0.1933690905570984
720,-21.3738,-9.9891,-31.3629,-28.6016,-2.0938,0.0,0.0,0.6232062578201294,0.7603733539581299,0.3332275450229645,0.4984995722770691,0.6272321343421936,0.09479943662881851,0.45806124806404114,0.1224735677242279,0.22018812596797943
725,-20.5734,-11.1539,-31.7273,-28.3594,-2.2266,0.0,0.0,0.599659264087677,0.7066852450370789,0.31267765164375305,0.4609619081020355,0.6194196343421936,0.09126243740320206,0.4186100661754608,0.13673818111419678,0.24891169369220734
730,-20.623,-11.9359,-32.559,-28.4062,-2.5312,0.0,0.0,0.4953106641769409,0.6634156107902527,0.2537270784378052,0.4390886425971985,0.5554315447807312,0.06630907952785492,0.3985152244567871,0.1355721354484558,0.29512593150138855
735,-20.5715,-12.3578,-32.9293,-27.5625,-4.125,0.0,0.0,0.4966261684894562,0.6584193706512451,0.2198275923728943,0.39942148327827454,0.53125,0.05760261043906212,0.38016945123672485,0.1352611929178238,0.3224891126155853
740,-19.0566,-13.3824,-32.4391,-27.5938,-3.3125,0.0,0.0,0.5675934553146362,0.6709479689598083,0.2214658558368683,0.3698541820049286,0.4828869104385376,0.08107897639274597,0.341962069272995,0.17129197716712952,0.3011893630027771
745,-20.3871,-11.325,-31.7121,-28.2656,-2.0625,0.0,0.0,0.6440116167068481,0.7484796643257141,0.2761930823326111,0.4040576219558716,0.5788690447807312,0.09378886967897415,0.40904849767684937,0.14171330630779266,0.2509717047214508
750,-21.4348,-10.0289,-31.4637,-28.6562,-1.7031,0.0,0.0,0.6363636255264282,0.7682130336761475,0.30751633644104004,0.4668380320072174,0.632440447807312,0.09149564802646637,0.45829445123672485,0.11893656849861145,0.22679570317268372
755,-22.0133,-8.7723,-30.7855,-28.3281,-2.1719,0.0,0.0,0.6943948864936829,0.8040015697479248,0.37236014008522034,0.5491136312484741,0.648065447807312,0.10886971652507782,0.4953746795654297,0.1049051582813263,0.1863728165626526
760,-23.077,-6.9988,-30.0758,-29.0156,-1.1016,0.0,0.0,0.7412855625152588,0.867129921913147,0.45578551292419434,0.5587282776832581,0.7544642686843872,0.12154073268175125,0.5593128204345703,0.08263370394706726,0.13203513622283936
765,-23.023,-7.4488,-30.4719,-28.7656,-1.9297,0.0,0.0,0.6946485042572021,0.8200525045394897,0.4597001075744629,0.6254425644874573,0.7336309552192688,0.11112406849861145,0.5477689504623413,0.08294465392827988,0.15368470549583435
770,-23.5512,-6.068,-29.6191,-29.375,-0.7812,0.0,0.0,0.7738565802574158,0.8750082850456238,0.5239807963371277,0.6728008985519409,0.8214285969734192,0.13767102360725403,0.5874145030975342,0.06483209133148193,0.10560479015111923
775,-24.1703,-5.4566,-29.627,-29.2188,-1.0469,0.0,0.0,0.7716935873031616,0.8871957063674927,0.5288256406784058,0.6969330310821533,0.859375,0.12989738583564758,0.6146999597549438,0.054609764367341995,0.09631530195474625
780,-23.8754,-5.9293,-29.8047,-29.0703,-1.3906,0.0,0.0,0.7592536807060242,0.8610038757324219,0.5718067288398743,0.7100854516029358,0.8236607313156128,0.1291588991880417,0.5939443111419678,0.05872979015111923,0.1136893630027771
785,-24.193,-5.7406,-29.9336,-29.0781,-1.4922,0.0,0.0,0.7514734864234924,0.86518794298172,0.5715258717536926,0.7237299680709839,0.7950148582458496,0.11870335787534714,0.6080535054206848,0.05705845728516579,0.11170709133148193
790,-23.9688,-5.8891,-29.8578,-29.1016,-1.2578,0.0,0.0,0.7636534571647644,0.8693880438804626,0.5419896841049194,0.678019642829895,0.8117559552192688,0.12383395433425903,0.6008239984512329,0.060167908668518066,0.11069651693105698
795,-24.3098,-5.275,-29.5848,-29.0156,-1.4297,0.0,0.0,0.7951450347900391,0.8846009373664856,0.5871067047119141,0.7096370458602905,0.859002947807312,0.13129663467407227,0.6204135417938232,0.05064520984888077,0.09316697716712952
800,-23.3129,-6.9137,-30.2266,-29.0938,-1.1797,0.0,0.0,0.7200525403022766,0.8347892165184021,0.4818652868270874,0.6611706614494324,0.7678571343421936,0.11843127757310867,0.5606343150138855,0.07501554489135742,0.1414412260055542
805,-22.8824,-7.4734,-30.3559,-28.7578,-1.8047,0.0,0.0,0.7265905141830444,0.824139416217804,0.4526710510253906,0.605056881904602,0.750372052192688,0.11913090944290161,0.53972327709198,0.08294465392827988,0.1537235677242279
810,-23.8668,-5.8234,-29.6902,-29.2812,-0.8281,0.0,0.0,0.7547847032546997,0.8793731331825256,0.5613062381744385,0.6727272868156433,0.8377976417541504,0.1299751251935959,0.5977145433425903,0.06308302283287048,0.10474968701601028
815,-24.0395,-5.6305,-29.6699,-29.2422,-1.2109,0.0,0.0,0.7687116861343384,0.8840985894203186,0.5643817782402039,0.6959459185600281,0.8125,0.1267102062702179,0.6103466749191284,0.060673195868730545,0.09779229015111923
820,-24.5258,-5.0352,-29.5609,-29.4531,-0.7422,0.0,0.0,0.7788220643997192,0.9075382351875305,0.554411768913269,0.6919945478439331,0.8422619104385376,0.12406716495752335,0.6326570510864258,0.052860695868730545,0.0859375
825,-24.2281,-5.0305,-29.2586,-29.3438,-0.7969,0.0,0.0,0.8166666626930237,0.9033568501472473,0.6110684275627136,0.741345226764679,0.8500744104385376,0.14458955824375153,0.6217739582061768,0.05056747421622276,0.07859142124652863
830,-24.8363,-4.4152,-29.2516,-29.5156,-0.6172,0.0,0.0,0.8369690179824829,0.9142515063285828,0.6723163723945618,0.7686733603477478,0.8638392686843872,0.1354166716337204,0.64909827709198,0.04127798601984978,0.06972947716712952
835,-23.4793,-6.152,-29.6313,-28.9609,-1.4453,0.0,0.0,0.7779660820960999,0.8692343831062317,0.5383285284042358,0.662715494632721,0.8325892686843872,0.13759328424930573,0.5822839140892029,0.06743625551462173,0.10820895433425903
840,-23.502,-6.1031,-29.6051,-28.9531,-1.4609,0.0,0.0,0.7729207873344421,0.8724953532218933,0.5698924660682678,0.6717062592506409,0.8177083134651184,0.13693252205848694,0.5819340944290161,0.068680040538311,0.10797574371099472
845,-24.6242,-4.6859,-29.3102,-29.5625,-0.5938,0.0,0.0,0.8087306022644043,0.9128482341766357,0.6294117569923401,0.7160232663154602,0.8772321343421936,0.1353389322757721,0.6404306888580322,0.04625311121344566,0.07349968701601028
850,-25.3172,-3.7371,-29.0543,-29.6406,-0.3672,0.0,0.0,0.8534923195838928,0.9444668292999268,0.6593137383460999,0.7490692734718323,0.8932291865348816,0.13689365983009338,0.6747123599052429,0.03171641752123833,0.05219993740320206
855,-24.6246,-4.3441,-28.9688,-29.5312,-0.5156,0.0,0.0,0.8513789772987366,0.9254677295684814,0.670694887638092,0.7597693800926208,0.8854166865348816,0.15220771729946136,0.6440454125404358,0.03859608247876167,0.060673195868730545
860,-24.6676,-4.6086,-29.2762,-29.6094,-0.4766,0.0,0.0,0.8190228343009949,0.9130828976631165,0.6198830604553223,0.746170699596405,0.8768601417541504,0.1344449669122696,0.6435012221336365,0.04652518779039383,0.07105099409818649
865,-24.732,-4.7082,-29.4402,-29.5156,-0.6172,0.0,0.0,0.821194052696228,0.9043009877204895,0.6048110127449036,0.722806990146637,0.871279776096344,0.1302083283662796,0.6425295472145081,0.045242536813020706,0.07754197716712952
870,-24.0508,-5.6348,-29.6855,-29.5625,-0.5938,0.0,0.0,0.7804136276245117,0.8864279985427856,0.5300511717796326,0.6630271077156067,0.8422619104385376,0.12779851257801056,0.6037002205848694,0.0607898011803627,0.10323382914066315
875,-23.8082,-5.6008,-29.409,-29.1562,-0.8906,0.0,0.0,0.8028846383094788,0.8814680576324463,0.5886332988739014,0.7111853361129761,0.847842276096344,0.14552238583564758,0.5994247794151306,0.05744713917374611,0.09312810748815536
880,-23.0426,-6.498,-29.5406,-28.7656,-1.3672,0.0,0.0,0.7888487577438354,0.8546984791755676,0.5566037893295288,0.6731707453727722,0.8169642686843872,0.15057525038719177,0.5633550882339478,0.07004041969776154,0.11155162006616592
885,-22.6262,-7.4703,-30.0965,-28.9375,-1.5156,0.0,0.0,0.7321272492408752,0.8212209343910217,0.47592848539352417,0.6225489974021912,0.7953869104385376,0.13320118188858032,0.53482586145401,0.08477145433425903,0.14272387325763702
890,-23.4641,-6.7355,-30.1996,-28.8438,-1.7031,0.0,0.0,0.7360389828681946,0.8368363380432129,0.5181518197059631,0.6396215558052063,0.7838541865348816,0.1197139322757721,0.5695739984512329,0.07066231220960617,0.1355721354484558
895,-23.6461,-6.1605,-29.8066,-29.0859,-1.2891,0.0,0.0,0.7599406242370605,0.8599867224693298,0.5553505420684814,0.6778749227523804,0.8169642686843872,0.13098569214344025,0.5857431888580322,0.06319962441921234,0.11559390276670456
900,-22.8309,-6.9297,-29.7605,-28.5859,-2.0078,0.0,0.0,0.7736246585845947,0.8461428880691528,0.5270057916641235,0.6450335383415222,0.769345223903656,0.14766013622283936,0.5461753606796265,0.07412157952785492,0.12756529450416565
905,-24.6664,-4.7387,-29.4051,-29.4297,-0.7891,0.0,0.0,0.8130319714546204,0.8982535004615784,0.6486254334449768,0.755893886089325,0.8805803656578064,0.13242381811141968,0.6387204527854919,0.045242536813020706,0.07913557440042496
910,-25.4309,-3.5109,-28.9418,-29.5312,-0.5156,0.0,0.0,0.8773925304412842,0.9378998875617981,0.743626058101654,0.8408163189888,0.930059552192688,0.14011971652507782,0.68034827709198,0.02744092047214508,0.04761349409818649
915,-24.6352,-4.5434,-29.1785,-29.5469,-0.5078,0.0,0.0,0.8633423447608948,0.9136664271354675,0.6634615659713745,0.7531610727310181,0.8333333134651184,0.1442008763551712,0.6401974558830261,0.04042288661003113,0.07070118188858032
920,-25.2148,-3.9852,-29.2,-28.9922,-1.5469,0.0,0.0,0.8548246622085571,0.9125446081161499,0.7633769512176514,0.8492492437362671,0.8984375,0.13413402438163757,0.6639847755432129,0.03268812224268913,0.06471548229455948
925,-24.6977,-4.5438,-29.2414,-29.2344,-1.1328,0.0,0.0,0.8350915908813477,0.9042326807975769,0.6531574130058289,0.7837696075439453,0.8965773582458496,0.14000311493873596,0.6400420069694519,0.041239116340875626,0.07423818111419678
930,-24.8516,-4.7551,-29.6066,-29.2578,-1.1094,0.0,0.0,0.8033550977706909,0.8812674283981323,0.6454880237579346,0.7934542298316956,0.8954613208770752,0.12511660158634186,0.6403140425682068,0.04221082106232643,0.08788090944290161
935,-25.3293,-4.1043,-29.4336,-29.4531,-0.6484,0.0,0.0,0.8172556757926941,0.9111901521682739,0.7326732873916626,0.8223791122436523,0.8690476417541504,0.12208488583564758,0.6665500402450562,0.035331156104803085,0.07155627757310867
940,-24.4121,-5.1535,-29.5656,-29.1562,-1.3594,0.0,0.0,0.806236743927002,0.8865889310836792,0.6069276928901672,0.7337552905082703,0.8456101417541504,0.12838153541088104,0.6234064102172852,0.051616914570331573,0.092117540538311
945,-25.1586,-4.2945,-29.4531,-29.375,-0.9688,0.0,0.0,0.8350449204444885,0.9111737608909607,0.613152801990509,0.7671306133270264,0.874627947807312,0.12111318111419678,0.6616138219833374,0.040189675986766815,0.07260572165250778
950,-23.8051,-5.5238,-29.3289,-28.5625,-2.2188,0.0,0.0,0.8263906240463257,0.8696762919425964,0.6647999882698059,0.7776895761489868,0.8225446343421936,0.15582245588302612,0.5932058691978455,0.0485851988196373,0.09790889173746109
955,-23.9969,-5.8398,-29.8367,-28.9219,-1.6641,0.0,0.0,0.7606915235519409,0.8361872434616089,0.6784954071044922,0.7774789929389954,0.8422619104385376,0.12814831733703613,0.5969760417938232,0.054765235632658005,0.11563277244567871
960,-24.4926,-5.2551,-29.7477,-29.1641,-1.25,0.0,0.0,0.7960048317909241,0.8617650866508484,0.658149778842926,0.7830570936203003,0.8430059552192688,0.1284203976392746,0.6174595952033997,0.04411536082625389,0.10552705079317093
965,-23.8242,-5.9555,-29.7797,-28.5312,-2.4688,0.0,0.0,0.7713121771812439,0.8425129055976868,0.6193678379058838,0.7624584436416626,0.8333333134651184,0.13358986377716064,0.5871424078941345,0.05779695138335228,0.11699315905570984
970,-24.2715,-5.3434,-29.6148,-28.9844,-1.5391,0.0,0.0,0.7798191905021667,0.8666666746139526,0.6679536700248718,0.7519068717956543,0.8816964030265808,0.13327892124652863,0.6150886416435242,0.05033426731824875,0.09682058542966843
975,-24.7836,-4.7012,-29.4848,-29.125,-1.375,0.0,0.0,0.8053592443466187,0.8853740692138672,0.7308467626571655,0.8155467510223389,0.870907723903656,0.1319962739944458,0.6364660859107971,0.03855721279978752,0.08850280195474625
980,-24.5484,-5.0426,-29.591,-28.9688,-1.6406,0.0,0.0,0.8090481758117676,0.8746209740638733,0.6792626976966858,0.7855350971221924,0.8448660969734192,0.13230721652507782,0.628070592880249,0.04217195138335228,0.09297263622283936
985,-24.6453,-4.7598,-29.4051,-29.3203,-0.9609,0.0,0.0,0.7910667061805725,0.9040995836257935,0.6196213364601135,0.7311570048332214,0.8999255895614624,0.13226833939552307,0.6371268630027771,0.0451648011803627,0.08096237480640411
990,-25.0227,-4.4117,-29.4344,-29.3594,-0.8828,0.0,0.0,0.8251572251319885,0.9169668555259705,0.6274864673614502,0.7215815782546997,0.8508184552192688,0.12360074371099472,0.6581545472145081,0.042988184839487076,0.07077892124652863
995,-24.3137,-5.1172,-29.4309,-29.0,-1.4375,0.0,0.0,0.808836042881012,0.8936821222305298,0.6294573545455933,0.7442072033882141,0.828125,0.13724346458911896,0.622590184211731,0.05013992637395859,0.08554881811141968
1000,-23.6313,-6.1281,-29.7594,-28.7344,-1.9453,0.0,0.0,0.7700504660606384,0.8522605895996094,0.58372563123703,0.7031301259994507,0.8232886791229248,0.13860385119915009,0.5811567306518555,0.05779695138335228,0.11796486377716064
1005,-23.6812,-6.484,-30.1652,-28.6562,-2.3594,0.0,0.0,0.736115574836731,0.8183842897415161,0.618396520614624,0.7236353158950806,0.7842261791229248,0.12107431888580322,0.5759094953536987,0.06253886967897415,0.13599969446659088
1010,-22.7246,-7.352,-30.0766,-28.4688,-2.2656,0.0,0.0,0.7374461889266968,0.8266801238059998,0.5138686299324036,0.6279133558273315,0.7518601417541504,0.13545553386211395,0.5384405851364136,0.07987406849861145,0.1417521834373474
1015,-23.218,-6.9324,-30.1504,-28.7344,-1.9453,0.0,0.0,0.7125840187072754,0.836130678653717,0.5107083916664124,0.6458449363708496,0.780877947807312,0.12725435197353363,0.5581079125404358,0.07077892124652863,0.13938121497631073
1020,-23.3625,-6.4688,-29.8313,-28.5469,-2.2031,0.0,0.0,0.7106882929801941,0.8469247817993164,0.627439022064209,0.7013505101203918,0.8035714030265808,0.1389147937297821,0.566231369972229,0.06374377757310867,0.1266324669122696
1025,-23.6609,-6.0184,-29.6793,-28.9375,-1.6562,0.0,0.0,0.7650349736213684,0.8581801056861877,0.6361239552497864,0.7203678488731384,0.8065476417541504,0.13895367085933685,0.5834888219833374,0.058962997049093246,0.11411691457033157
1030,-23.6434,-6.0805,-29.7238,-28.4766,-2.25,0.0,0.0,0.7733224034309387,0.8529254794120789,0.606819748878479,0.7096121311187744,0.816220223903656,0.1424906700849533,0.5819340944290161,0.05585354566574097,0.11524409055709839
1035,-24.5445,-4.8383,-29.3828,-29.2812,-1.1094,0.0,0.0,0.8142458200454712,0.8861128091812134,0.674610435962677,0.7905315160751343,0.8973214030265808,0.13914801180362701,0.6269434094429016,0.04240516200661659,0.08702580630779266
1040,-23.8941,-5.8086,-29.7027,-28.5234,-2.3438,0.0,0.0,0.7653975486755371,0.8478891849517822,0.689240038394928,0.7673715949058533,0.8314732313156128,0.138837069272995,0.5892412662506104,0.051655784249305725,0.11578824371099472
1045,-22.7293,-7.6824,-30.4117,-28.7031,-2.0781,0.0,0.0,0.6936274766921997,0.781753420829773,0.5492818355560303,0.6766215562820435,0.750372052192688,0.1268656700849533,0.5235929489135742,0.07847481220960617,0.1665889322757721
1050,-22.4813,-8.4012,-30.8824,-27.9688,-3.4531,0.0,0.0,0.6243550181388855,0.7396761178970337,0.5456631779670715,0.6679215431213379,0.7008928656578064,0.11298973858356476,0.501671314239502,0.08469372242689133,0.19616760313510895
1055,-22.9195,-8.0133,-30.9328,-27.9922,-3.6641,0.0,0.0,0.6411449313163757,0.7483231425285339,0.5442177057266235,0.6779902577400208,0.7023809552192688,0.10863650590181351,0.5215329527854919,0.07427705079317093,0.1910758763551712
1060,-23.5477,-6.8684,-30.416,-28.4844,-2.7266,0.0,0.0,0.6953664422035217,0.786106288433075,0.5904221534729004,0.7280199527740479,0.8258928656578064,0.11827580630779266,0.5595071315765381,0.0616837702691555,0.15605565905570984
1065,-23.8637,-5.9258,-29.7895,-28.6484,-2.2109,0.0,0.0,0.7487046718597412,0.8408911228179932,0.6791519522666931,0.7764350175857544,0.8251488208770752,0.13502798974514008,0.5897077322006226,0.05499844625592232,0.11578824371099472
1070,-22.6586,-7.9844,-30.643,-27.5469,-4.0859,0.0,0.0,0.6773273944854736,0.7422837018966675,0.5917640924453735,0.6960722804069519,0.738467276096344,0.12274564802646637,0.5112717747688293,0.07645367085933685,0.1850513070821762
1075,-21.191,-10.3781,-31.5691,-26.7969,-5.5156,0.0,0.0,0.5820326209068298,0.634580135345459,0.46713700890541077,0.6026540398597717,0.6413690447807312,0.1120569035410881,0.4239738881587982,0.10467195510864258,0.2548196613788605
1080,-21.0816,-10.8207,-31.9023,-27.3906,-4.3047,0.0,0.0,0.5364372730255127,0.6538817286491394,0.39186879992485046,0.5280668139457703,0.640252947807312,0.09600435197353363,0.4205534756183624,0.1137671023607254,0.2651974558830261
1085,-19.5219,-14.0574,-33.5793,-26.6172,-6.0156,0.0,0.0,0.4013422727584839,0.5078389644622803,0.22864651679992676,0.39654114842414856,0.478422611951828,0.057913556694984436,0.3098958432674408,0.14789333939552307,0.3798196613788605
1090,-19.6406,-13.8773,-33.518,-25.125,-8.6953,0.0,0.0,0.39809295535087585,0.4721389412879944,0.2682174742221832,0.42369765043258667,0.4955357015132904,0.06522077322006226,0.3111007511615753,0.1386815905570984,0.3805192708969116
1095,-20.3277,-12.2488,-32.5766,-27.1094,-4.9141,0.0,0.0,0.464809387922287,0.5927802324295044,0.3322427272796631,0.4960774779319763,0.5007440447807312,0.07952425628900528,0.3682369291782379,0.13067474961280823,0.31708642840385437
1100,-22.05,-9.0984,-31.1484,-27.0312,-5.1172,0.0,0.0,0.6058722138404846,0.6895734667778015,0.5279964804649353,0.6632272005081177,0.6904761791229248,0.11252331733703613,0.4756685197353363,0.08885261416435242,0.21847791969776154
1105,-22.6305,-8.2633,-30.8937,-27.9531,-3.5547,0.0,0.0,0.6954079866409302,0.7226610779762268,0.5548717975616455,0.6589011549949646,0.7447916865348816,0.11765392124652863,0.5018656849861145,0.07579290866851807,0.20020988583564758
1110,-22.1707,-9.2684,-31.4391,-26.0625,-7.0547,0.0,0.0,0.6609996557235718,0.6279482841491699,0.6356192231178284,0.6580113768577576,0.6774553656578064,0.11431125551462173,0.45977145433425903,0.07594837993383408,0.24549129605293274
1115,-22.6207,-8.1539,-30.7746,-26.2188,-6.6953,0.0,0.0,0.7090471982955933,0.6933914422988892,0.6676169037818909,0.7130281925201416,0.753720223903656,0.1293143630027771,0.4993392527103424,0.06817474961280823,0.19869403541088104
1120,-22.3258,-8.8,-31.1258,-26.3125,-6.3203,0.0,0.0,0.6453947424888611,0.6780452728271484,0.6102362275123596,0.6884802579879761,0.6752232313156128,0.1181592047214508,0.48278141021728516,0.07898010313510895,0.21560168266296387
1125,-22.5742,-8.6195,-31.1938,-27.1641,-5.2266,0.0,0.0,0.6396688222885132,0.6961130499839783,0.5283492207527161,0.6835923194885254,0.6979166865348816,0.10797574371099472,0.49498599767684937,0.07746423780918121,0.2150963991880417
1130,-22.2234,-8.4105,-30.634,-27.3984,-4.6406,0.0,0.0,0.7039976716041565,0.7030417323112488,0.5877277255058289,0.7189324498176575,0.734002947807312,0.13222947716712952,0.49580225348472595,0.08107897639274597,0.18641169369220734
1135,-22.6789,-7.9145,-30.5934,-27.3906,-4.4922,0.0,0.0,0.7281941175460815,0.7346243858337402,0.6308094263076782,0.7223656177520752,0.6767113208770752,0.1265547275543213,0.513798177242279,0.07443252205848694,0.1807369440793991
1140,-22.127,-9.2762,-31.4031,-26.8125,-5.6719,0.0,0.0,0.6147631406784058,0.6713436841964722,0.5066726207733154,0.6371577382087708,0.6975446343421936,0.10583800077438354,0.4709266126155853,0.08737561851739883,0.23138214647769928
1145,-21.8523,-9.9332,-31.7855,-26.625,-6.0234,0.0,0.0,0.6194586157798767,0.6520341038703918,0.470085471868515,0.5858281850814819,0.6153273582458496,0.09907493740320206,0.44713929295539856,0.09095149487257004,0.25835666060447693
1150,-19.818,-13.6258,-33.4437,-25.0078,-9.1406,0.0,0.0,0.42184963822364807,0.47740793228149414,0.33738231658935547,0.43262979388237,0.4367559552192688,0.07186722755432129,0.30709731578826904,0.12799285352230072,0.38856497406959534
1155,-19.1695,-15.3504,-34.5199,-25.3828,-8.4609,0.0,0.0,0.28455284237861633,0.40120038390159607,0.219867542386055,0.3518010377883911,0.3415178656578064,0.04302705079317093,0.25256529450416565,0.1467272937297821,0.4532027244567871
1160,-17.2477,-18.3809,-35.6285,-23.3516,-11.7734,0.0,0.0,0.23505434393882751,0.29003652930259705,0.1138177216053009,0.2093667984008789,0.2020089328289032,0.028606964275240898,0.14902052283287048,0.18509016931056976,0.5328047275543213
1165,-16.1113,-20.2035,-36.3148,-21.7344,-14.9375,0.0,0.0,0.13066667318344116,0.16209150850772858,0.05656866356730461,0.1321018934249878,0.1462053507566452,0.01457555964589119,0.08920242637395859,0.20887748897075653,0.582866907119751
1170,-16.9578,-19.7152,-36.673,-23.0547,-13.2109,0.0,0.0,0.07067137956619263,0.1796937882900238,0.054430656135082245,0.1297028511762619,0.1711309552192688,0.010999688878655434,0.09647077322006226,0.17852145433425903,0.6095304489135742
1175,-17.0324,-19.8367,-36.8691,-22.2578,-14.6406,0.0,0.0,0.09160305559635162,0.1354926973581314,0.04727437347173691,0.12081658095121384,0.1696428507566452,0.010183457285165787,0.08519900590181351,0.17183613777160645,0.6283037662506104
1180,-17.5699,-17.7633,-35.3332,-24.4297,-9.9922,0.0,0.0,0.2818991243839264,0.3427126705646515,0.0972599908709526,0.23580853641033173,0.2719494104385376,0.02619713917374611,0.17681126296520233,0.18582867085933685,0.5066853165626526
1185,-18.9383,-14.6926,-33.6309,-25.8672,-7.0703,0.0,0.0,0.40717029571533203,0.4874154329299927,0.22879116237163544,0.3775561451911926,0.4293154776096344,0.0607120655477047,0.28723570704460144,0.16173040866851807,0.38584423065185547
1190,-19.702,-13.5918,-33.2938,-26.6719,-5.6719,0.0,0.0,0.45938920974731445,0.5577378273010254,0.23280560970306396,0.4063723385334015,0.4702380895614624,0.059818096458911896,0.3285136818885803,0.14975902438163757,0.3574315905570984
1195,-19.8176,-13.7883,-33.6059,-26.3281,-6.5234,0.0,0.0,0.38316401839256287,0.479588121175766,0.2677100598812103,0.4357398748397827,0.4345238208770752,0.053560324013233185,0.32085666060447693,0.14155784249305725,0.3795475661754608
1200,-19.268,-14.5711,-33.8391,-26.5,-5.875,0.0,0.0,0.41390204429626465,0.50052809715271,0.20503239333629608,0.368152379989624,0.4203869104385376,0.049207091331481934,0.29438742995262146,0.15601679682731628,0.3959110677242279
1205,-20.5422,-12.223,-32.7652,-26.9297,-5.4609,0.0,0.0,0.4894878566265106,0.5733388066291809,0.31535395979881287,0.4893902540206909,0.5260416865348816,0.0721004381775856,0.37787625193595886,0.12682680785655975,0.31871891021728516
1210,-17.8188,-16.273,-34.0918,-23.5469,-10.375,0.0,0.0,0.32194480299949646,0.3583834767341614,0.22736072540283203,0.32712140679359436,0.410342276096344,0.05915733799338341,0.22601833939552307,0.18069806694984436,0.42964863777160645
1215,-19.5637,-13.0469,-32.6105,-26.0625,-6.4453,0.0,0.0,0.49610626697540283,0.5551989078521729,0.30324438214302063,0.4716073274612427,0.5066964030265808,0.08484919369220734,0.3390469551086426,0.14855410158634186,0.3230721354484558
1220,-18.4398,-15.1539,-33.5938,-25.0703,-8.5,0.0,0.0,0.37026405334472656,0.4176860749721527,0.26695892214775085,0.3860889971256256,0.4330357015132904,0.0677083358168602,0.26372045278549194,0.1684546023607254,0.39563900232315063
1225,-19.8152,-13.9746,-33.7898,-25.7734,-7.7266,0.0,0.0,0.43778109550476074,0.4815691113471985,0.248735249042511,0.40778809785842896,0.4118303656578064,0.051850125193595886,0.3121113181114197,0.13829290866851807,0.39326804876327515
1230,-21.6145,-10.2906,-31.9051,-27.1797,-4.9844,0.0,0.0,0.5415524840354919,0.6624816060066223,0.39913544058799744,0.5825287103652954,0.5859375,0.0851212665438652,0.44888836145401,0.10789801180362701,0.25361475348472595
1235,-21.2473,-10.541,-31.7883,-26.2969,-6.1875,0.0,0.0,0.6021585464477539,0.6224120259284973,0.456961065530777,0.5853834748268127,0.6023065447807312,0.10443874448537827,0.41864892840385437,0.10385572165250778,0.26857897639274597
1240,-22.5129,-8.0227,-30.5355,-27.7734,-3.5391,0.0,0.0,0.6864716410636902,0.7524172067642212,0.5910212397575378,0.6851609945297241,0.722470223903656,0.12756529450416565,0.5105332732200623,0.07878576219081879,0.1786380559206009
1245,-22.1105,-8.9609,-31.0715,-26.875,-5.4531,0.0,0.0,0.6687677502632141,0.663118839263916,0.6139921545982361,0.7013852596282959,0.652157723903656,0.12332867085933685,0.47108209133148193,0.07944651693105698,0.22166511416435242
1250,-22.1402,-8.9238,-31.0641,-26.875,-5.5469,0.0,0.0,0.6808375716209412,0.6542147994041443,0.629970908164978,0.6889126300811768,0.7079613208770752,0.12251243740320206,0.4744636118412018,0.08014614135026932,0.21840018033981323
1255,-22.9824,-8.0398,-31.0223,-27.2266,-4.8438,0.0,0.0,0.6725817918777466,0.6975252628326416,0.6566992402076721,0.7164121270179749,0.7325148582458496,0.11170709133148193,0.5151585936546326,0.06759172677993774,0.20106498897075653
1260,-22.5887,-8.7512,-31.3398,-26.3906,-6.6797,0.0,0.0,0.6884033679962158,0.6444753408432007,0.6349854469299316,0.6918177604675293,0.6934523582458496,0.11563277244567871,0.4752409756183624,0.06665889173746109,0.23798973858356476
1265,-20.1531,-12.7188,-32.8719,-23.8438,-11.3516,0.0,0.0,0.48840928077697754,0.4545454680919647,0.47762784361839294,0.5057914853096008,0.4973958432674408,0.0972481369972229,0.33648166060447693,0.1094527393579483,0.35233986377716064
1270,-20.6793,-12.1551,-32.8344,-24.375,-10.4531,0.0,0.0,0.5068770051002502,0.462465763092041,0.5278986692428589,0.5259084701538086,0.5360863208770752,0.09608209133148193,0.3546719551086426,0.0982198417186737,0.34654849767684937
1275,-17.1766,-18.4914,-35.668,-21.6719,-15.5312,0.0,0.0,0.16115702688694,0.15833333134651184,0.16969428956508636,0.21196192502975464,0.2436755895614624,0.03762437775731087,0.1352611929178238,0.1754508763551712,0.5471859574317932
1280,-16.9082,-18.6238,-35.532,-22.0078,-14.6016,0.0,0.0,0.19503545761108398,0.24353329837322235,0.12301748991012573,0.21485120058059692,0.1968005895614624,0.032882463186979294,0.14124688506126404,0.1911536008119583,0.5302394032478333
1285,-18.0816,-16.5863,-34.668,-25.3203,-8.5156,0.0,0.0,0.28015562891960144,0.36333274841308594,0.15223154425621033,0.3193184733390808,0.2901785671710968,0.0399564690887928,0.2211209535598755,0.17591728270053864,0.45852768421173096
1290,-20.0277,-13.8508,-33.8785,-25.9219,-7.4062,0.0,0.0,0.3943440616130829,0.477617472410202,0.2353636920452118,0.4298365116119385,0.3761160671710968,0.0494791679084301,0.3151819109916687,0.13145211338996887,0.3994092047214508
1295,-20.4031,-12.7895,-33.1926,-25.4375,-8.2578,0.0,0.0,0.4430379867553711,0.48832792043685913,0.3449171781539917,0.5035360455513,0.454985111951828,0.07062344253063202,0.34798663854599,0.11967506259679794,0.3572372496128082
1300,-20.8754,-10.9473,-31.8227,-26.8828,-5.3906,0.0,0.0,0.582577109336853,0.5945377945899963,0.47249647974967957,0.5969614386558533,0.5561755895614624,0.10708177834749222,0.40702736377716064,0.11023010313510895,0.2711831331253052
1305,-20.6059,-12.4672,-33.073,-25.2578,-8.5938,0.0,0.0,0.4863387942314148,0.47342678904533386,0.4065469801425934,0.5069560408592224,0.5290178656578064,0.07824160158634186,0.35762593150138855,0.11042443662881851,0.34923040866851807
1310,-20.0984,-13.482,-33.5805,-24.4531,-10.2969,0.0,0.0,0.433426171541214,0.410152405500412,0.38522690534591675,0.48186323046684265,0.3824404776096344,0.06976834684610367,0.3162313401699066,0.11734297126531601,0.3921797275543213
1315,-20.7434,-11.8148,-32.5582,-25.0938,-8.8984,0.0,0.0,0.5258585214614868,0.49516603350639343,0.4846266508102417,0.5674029588699341,0.5223214030265808,0.09394434094429016,0.3698694109916687,0.10618781298398972,0.3255208432674408
1320,-20.8879,-12.1211,-33.009,-24.5391,-10.1953,0.0,0.0,0.545413076877594,0.4495081901550293,0.47626709938049316,0.5377184152603149,0.5100446343421936,0.08516013622283936,0.3556436598300934,0.09662624448537827,0.358092337846756
1325,-20.1594,-13.0191,-33.1785,-24.9062,-9.4844,0.0,0.0,0.46865132451057434,0.45498257875442505,0.41369864344596863,0.4880008399486542,0.4453125,0.08617071062326431,0.32334423065185547,0.11349502205848694,0.37251242995262146
1330,-20.5746,-11.9344,-32.509,-24.6484,-9.5781,0.0,0.0,0.5457705855369568,0.492808073759079,0.4819985330104828,0.5619874000549316,0.5055803656578064,0.10062966495752335,0.36209577322006226,0.1057991310954094,0.3269978165626526
1335,-22.4355,-8.7668,-31.2023,-26.2969,-6.8203,0.0,0.0,0.6963103413581848,0.6489762663841248,0.6351584792137146,0.6991897225379944,0.6863839030265808,0.12325093150138855,0.47458022832870483,0.06743625551462173,0.23025497794151306
1340,-22.5992,-8.3996,-30.9988,-25.9219,-7.3594,0.0,0.0,0.7486243844032288,0.6425563097000122,0.7568119764328003,0.7108955383300781,0.734747052192688,0.13421174883842468,0.47986629605293274,0.05705845728516579,0.22438588738441467
1345,-19.9527,-12.8852,-32.8379,-23.4141,-12.1641,0.0,0.0,0.5834234356880188,0.43378376960754395,0.5331882238388062,0.47950470447540283,0.4460565447807312,0.10785914212465286,0.3163868188858032,0.10715951770544052,0.364116907119751
1350,-20.0457,-13.1633,-33.209,-24.0625,-11.0547,0.0,0.0,0.5027884840965271,0.414833128452301,0.4630213677883148,0.4889412224292755,0.4215029776096344,0.09060168266296387,0.3144434094429016,0.11089085787534714,0.37958642840385437
1355,-21.2883,-11.2488,-32.5371,-25.1562,-9.0078,0.0,0.0,0.5583468675613403,0.5170785784721375,0.5390693545341492,0.5788968801498413,0.5145089030265808,0.09592662006616592,0.3868936598300934,0.0885416641831398,0.32416045665740967
1360,-21.0652,-11.45,-32.5152,-24.9844,-9.1406,0.0,0.0,0.5890894532203674,0.5004622340202332,0.5280100107192993,0.5482367277145386,0.5911458134651184,0.0990360677242279,0.37838152050971985,0.09297263622283936,0.3251321613788605
1365,-20.6734,-12.6215,-33.2949,-23.8516,-11.7344,0.0,0.0,0.5086976885795593,0.4401416480541229,0.45059287548065186,0.5097102522850037,0.4326636791229248,0.08267257362604141,0.3402518630027771,0.09833644330501556,0.3742614984512329
1370,-23.3141,-7.3484,-30.6625,-26.8125,-5.7891,0.0,0.0,0.7664800882339478,0.7136046886444092,0.718772292137146,0.7817460298538208,0.7243303656578064,0.125,0.5299673676490784,0.05445428937673569,0.18610075116157532
1375,-24.5215,-5.0742,-29.5957,-27.8359,-3.8359,0.0,0.0,0.8829179406166077,0.8344519138336182,0.8766917586326599,0.8651841282844543,0.8236607313156128,0.14972014725208282,0.6080923676490784,0.02584732510149479,0.11186256259679794
1380,-25.0129,-4.7594,-29.7723,-27.4844,-4.6094,0.0,0.0,0.8901903629302979,0.8352547287940979,0.8704581260681152,0.8824352622032166,0.8452380895614624,0.1327347606420517,0.6270988583564758,0.024603545665740967,0.1110851988196373
1385,-25.4559,-4.0375,-29.4934,-28.0156,-3.6406,0.0,0.0,0.902963399887085,0.8740911483764648,0.9215686321258545,0.896039605140686,0.8950892686843872,0.1337842047214508,0.6575326323509216,0.017840484157204628,0.08636505156755447
1390,-24.5652,-5.5844,-30.1496,-26.5703,-6.4375,0.0,0.0,0.8924142122268677,0.7871512174606323,0.872305154800415,0.8002099990844727,0.8307291865348816,0.1347559094429016,0.5892801880836487,0.0234375,0.14804881811141968
1395,-24.634,-5.4855,-30.1195,-26.7031,-6.1016,0.0,0.0,0.8751444816589355,0.7929996848106384,0.8745762705802917,0.8148447871208191,0.8411458134651184,0.13448382914066315,0.5940998196601868,0.02293221466243267,0.14400653541088104
1400,-24.6043,-5.6316,-30.2359,-26.5312,-6.4688,0.0,0.0,0.8857890367507935,0.7900132536888123,0.8777372241020203,0.7807173728942871,0.8102678656578064,0.13374534249305725,0.5876865386962891,0.021299751475453377,0.15279074013233185
1405,-24.2336,-6.4832,-30.7168,-25.8828,-7.8594,0.0,0.0,0.8447943329811096,0.7472230195999146,0.7971203923225403,0.7647058963775635,0.722842276096344,0.12095770984888077,0.5598569512367249,0.02969527430832386,0.18501244485378265
1410,-24.8687,-5.1695,-30.0383,-27.2344,-5.1328,0.0,0.0,0.8892900347709656,0.8151993751525879,0.8660869598388672,0.8103398084640503,0.8344494104385376,0.12919776141643524,0.6101523637771606,0.022349191829562187,0.13382306694984436
1415,-24.7563,-5.2785,-30.0348,-26.5781,-6.3984,0.0,0.0,0.8875501751899719,0.8019623160362244,0.8964218497276306,0.8532993197441101,0.8136160969734192,0.1354943960905075,0.6021454930305481,0.02063899300992489,0.13724346458911896
1420,-24.9906,-5.1355,-30.1262,-27.4531,-4.8594,0.0,0.0,0.8786072731018066,0.8142974376678467,0.8693379759788513,0.862886905670166,0.7708333134651184,0.12391169369220734,0.6149331331253052,0.022310324013233185,0.1343672275543213
1425,-24.7109,-5.4945,-30.2055,-26.5,-6.6016,0.0,0.0,0.8865355253219604,0.7885151505470276,0.8585858345031738,0.828125,0.8125,0.12845925986766815,0.5996968150138855,0.02308768592774868,0.1442786008119583
1430,-24.534,-6.05,-30.584,-26.3359,-7.0234,0.0,0.0,0.8520634770393372,0.7525578737258911,0.8869143724441528,0.8029444813728333,0.7845982313156128,0.12243469804525375,0.5774253606796265,0.024059390649199486,0.17160291969776154
1435,-24.4383,-6.0211,-30.4594,-27.0234,-5.5781,0.0,0.0,0.8403652310371399,0.7704929113388062,0.8385416865348816,0.7961094975471497,0.7682291865348816,0.12344527244567871,0.5803793668746948,0.02985074557363987,0.16184701025485992
1440,-24.4418,-5.7012,-30.143,-27.5859,-4.5703,0.0,0.0,0.8467788696289062,0.7907944321632385,0.8480113744735718,0.858820378780365,0.7563244104385376,0.1339396834373474,0.5885805487632751,0.027363184839487076,0.14563898742198944
1445,-24.5371,-5.8668,-30.4039,-27.5469,-4.4375,0.0,0.0,0.8374478816986084,0.775849461555481,0.8308081030845642,0.8100244402885437,0.7909226417541504,0.12122979015111923,0.5845382213592529,0.030783582478761673,0.15897077322006226
1450,-24.0508,-6.5348,-30.5855,-26.2188,-7.1172,0.0,0.0,0.8226157426834106,0.7417922019958496,0.8344519138336182,0.7851769924163818,0.7522321343421936,0.12511660158634186,0.5599735975265503,0.0347481332719326,0.17568407952785492
1455,-23.575,-7.232,-30.807,-26.4766,-6.5781,0.0,0.0,0.7916153073310852,0.6845430731773376,0.8262910842895508,0.8038679361343384,0.7392113208770752,0.12608830630779266,0.5290733575820923,0.041394591331481934,0.1989661008119583
1460,-23.6031,-7.0352,-30.6383,-26.4141,-6.5156,0.0,0.0,0.8141723275184631,0.7162308692932129,0.7743842601776123,0.7689433097839355,0.7559523582458496,0.13219061493873596,0.536652684211731,0.03945118188858032,0.18722791969776154
1465,-24.5242,-5.6945,-30.2188,-27.1641,-5.4844,0.0,0.0,0.8783863186836243,0.7821388244628906,0.8268933296203613,0.8165559768676758,0.8076636791229248,0.1319962739944458,0.5862484574317932,0.0251476988196373,0.15212997794151306
1470,-24.1211,-6.3988,-30.5199,-26.2578,-7.2969,0.0,0.0,0.840985119342804,0.7404013276100159,0.7956730723381042,0.8093445301055908,0.7726934552192688,0.1278373748064041,0.5598180890083313,0.03233831003308296,0.1755286008119583
1475,-24.5012,-5.9316,-30.4328,-27.1797,-5.3359,0.0,0.0,0.8414633870124817,0.7677721977233887,0.8401534557342529,0.8157457709312439,0.7883184552192688,0.12111318111419678,0.5801072716712952,0.03039490059018135,0.1639070212841034
1480,-25.0016,-4.7223,-29.7238,-27.3359,-4.8359,0.0,0.0,0.8887315988540649,0.8378462195396423,0.9237749576568604,0.8690017461776733,0.8608630895614624,0.1372823417186737,0.6258550882339478,0.021416354924440384,0.11096859723329544
1485,-25.757,-3.659,-29.416,-29.0391,-1.7344,0.0,0.0,0.9193013906478882,0.8955533504486084,0.892201840877533,0.922325074672699,0.870907723903656,0.12908115983009338,0.6739349961280823,0.016946516931056976,0.07555969804525375
1490,-25.8402,-3.4234,-29.2637,-29.0625,-1.6875,0.0,0.0,0.9094724059104919,0.9131450057029724,0.8428245782852173,0.9185705780982971,0.9040178656578064,0.12966418266296387,0.6824471354484558,0.017063122242689133,0.06634794920682907
1495,-25.5301,-4.0648,-29.5949,-28.4297,-2.8828,0.0,0.0,0.8922211527824402,0.8763687610626221,0.8800737857818604,0.8831674456596375,0.8723958134651184,0.12441697716712952,0.6602145433425903,0.021066542714834213,0.08982431888580322
1500,-24.9473,-5.0711,-30.0184,-27.5625,-4.5,0.0,0.0,0.8440688848495483,0.8226038813591003,0.8234501481056213,0.8488625884056091,0.8482142686843872,0.12189054489135742,0.6200637221336365,0.02884017489850521,0.12472791969776154
1505,-24.5984,-5.5613,-30.1598,-27.7812,-3.9922,0.0,0.0,0.8180384635925293,0.8008778095245361,0.8309178948402405,0.8229988813400269,0.831845223903656,0.12325093150138855,0.6021844148635864,0.032182835042476654,0.13790422677993774
1510,-25.2125,-4.6672,-29.8797,-27.9297,-3.8359,0.0,0.0,0.8476312160491943,0.8439436554908752,0.8433931469917297,0.8841956853866577,0.847470223903656,0.1214241310954094,0.6398476362228394,0.023826181888580322,0.11042443662881851
1515,-24.8539,-5.0176,-29.8715,-28.0547,-3.5859,0.0,0.0,0.8488265872001648,0.8405587077140808,0.8236744999885559,0.8396071791648865,0.8106398582458496,0.1275264322757721,0.6177316308021545,0.031522076576948166,0.11874222755432129
1520,-23.4613,-7.1793,-30.6406,-26.9375,-5.4453,0.0,0.0,0.7552962899208069,0.7174354791641235,0.8148148059844971,0.80088871717453,0.7008928656578064,0.12659358978271484,0.5359141826629639,0.04932369291782379,0.18369092047214508
1525,-22.6754,-8.7125,-31.3879,-26.7578,-5.9453,0.0,0.0,0.6852102875709534,0.6528434157371521,0.678266167640686,0.6917475461959839,0.628720223903656,0.1145833358168602,0.4770677983760834,0.06366604566574097,0.24020522832870483
1530,-23.1992,-7.9121,-31.1113,-26.7266,-6.0312,0.0,0.0,0.7093868851661682,0.694789469242096,0.6981391906738281,0.7351764440536499,0.6514136791229248,0.11221237480640411,0.513215184211731,0.0563976988196373,0.2136971354484558
1535,-24.7734,-5.209,-29.9824,-27.6484,-4.2578,0.0,0.0,0.8410536050796509,0.8185100555419922,0.8443843126296997,0.8639476895332336,0.8184523582458496,0.12838153541088104,0.6135727763175964,0.028723569586873055,0.12484452873468399
1540,-24.1402,-5.9691,-30.1094,-27.6094,-3.9609,0.0,0.0,0.815905749797821,0.7920096516609192,0.8163653612136841,0.8214187622070312,0.7734375,0.13195739686489105,0.5808069109916687,0.0408504344522953,0.14190764725208282
1545,-23.4945,-6.7895,-30.284,-27.3359,-4.8594,0.0,0.0,0.7728165984153748,0.7639760375022888,0.7254589200019836,0.7879237532615662,0.7477678656578064,0.13840951025485992,0.5513448119163513,0.048701804131269455,0.1570662260055542
1550,-22.7625,-8.318,-31.0805,-26.7969,-5.7969,0.0,0.0,0.6553876399993896,0.6770849823951721,0.6966091394424438,0.7281849384307861,0.6904761791229248,0.11831467598676682,0.4949471354484558,0.06533737480640411,0.21692319214344025
1555,-22.1605,-9.0414,-31.202,-26.3594,-6.6016,0.0,0.0,0.6365336775779724,0.6504935026168823,0.6601992845535278,0.7070552110671997,0.6302083134651184,0.12468905746936798,0.46863338351249695,0.07412157952785492,0.22807836532592773
1560,-20.6922,-12.209,-32.9012,-25.75,-7.7969,0.0,0.0,0.4238263964653015,0.49009305238723755,0.4563179612159729,0.5302895307540894,0.5286458134651184,0.08776430040597916,0.3550606369972229,0.10366138070821762,0.3490360677242279
1565,-21.4836,-10.8324,-32.316,-27.0312,-5.4219,0.0,0.0,0.455454558134079,0.585392951965332,0.4858267605304718,0.6014405488967896,0.535342276096344,0.08550994843244553,0.41989272832870483,0.09872512519359589,0.29139459133148193
1570,-21.3539,-10.0066,-31.3605,-27.0781,-4.7656,0.0,0.0,0.5693622827529907,0.6401103734970093,0.572908341884613,0.6536616683006287,0.5874255895614624,0.11823693662881851,0.43664491176605225,0.09755907952785492,0.2430814653635025
1575,-22.4332,-9.0516,-31.4848,-27.3203,-4.8203,0.0,0.0,0.5815523266792297,0.6394195556640625,0.6344621777534485,0.6976329684257507,0.6733630895614624,0.10366138070821762,0.47407492995262146,0.0780472606420517,0.2397388070821762
1580,-23.7039,-6.9648,-30.6688,-27.8828,-3.7422,0.0,0.0,0.6880056262016296,0.7629253268241882,0.6774193644523621,0.7650991082191467,0.7317708134651184,0.11050217598676682,0.5585743188858032,0.05783582106232643,0.168610081076622
1585,-25.2121,-4.5578,-29.7699,-28.3906,-2.9609,0.0,0.0,0.839692234992981,0.8616006970405579,0.8083670735359192,0.8571975231170654,0.8567708134651184,0.12122979015111923,0.6439676880836487,0.02880130521953106,0.10152363032102585
1590,-24.1969,-6.0234,-30.2203,-27.7812,-3.9922,0.0,0.0,0.7766544222831726,0.7808846831321716,0.812252938747406,0.8481661081314087,0.796502947807312,0.1268656700849533,0.5851989984512329,0.039334576576948166,0.1441231369972229
1595,-23.4047,-6.8039,-30.2086,-27.9219,-3.6641,0.0,0.0,0.7346704602241516,0.7751159071922302,0.7102473378181458,0.7728787660598755,0.7912946343421936,0.1356498748064041,0.5532493591308594,0.05499844625592232,0.15162469446659088
1600,-22.0676,-9.3082,-31.3758,-27.2578,-4.8281,0.0,0.0,0.6124435067176819,0.6652467846870422,0.5836005210876465,0.6655568480491638,0.5997023582458496,0.11182369291782379,0.46536847949028015,0.08484919369220734,0.2334810346364975
1605,-22.8687,-8.0281,-30.8969,-28.1641,-3.0391,0.0,0.0,0.6515975594520569,0.7240519523620605,0.6398730874061584,0.7180519104003906,0.6815476417541504,0.11435012519359589,0.5145366787910461,0.07349968701601028,0.19313588738441467
1610,-21.3148,-10.5395,-31.8543,-26.3672,-6.3281,0.0,0.0,0.5223606824874878,0.5900775790214539,0.5440289378166199,0.623482346534729,0.6034226417541504,0.1060323417186737,0.42070895433425903,0.09666511416435242,0.2721159756183624
1615,-20.7688,-11.7875,-32.5563,-26.1172,-6.8281,0.0,0.0,0.474967360496521,0.5093830823898315,0.4516814053058624,0.5677505135536194,0.562127947807312,0.0892801582813263,0.37488338351249695,0.10980255156755447,0.3215562701225281
1620,-19.109,-14.6383,-33.7473,-25.1953,-8.3672,0.0,0.0,0.33212777972221375,0.35824206471443176,0.29981526732444763,0.4381925165653229,0.4538690447807312,0.06448227912187576,0.2803560197353363,0.14727145433425903,0.4034126102924347
1625,-21.2172,-10.9082,-32.1254,-26.5469,-6.2266,0.0,0.0,0.5048115253448486,0.5276756286621094,0.4876064956188202,0.6538931727409363,0.625,0.09693718701601028,0.4121968150138855,0.10035758465528488,0.28603076934814453
1630,-22.0398,-9.5395,-31.5793,-26.4844,-6.3516,0.0,0.0,0.60322105884552,0.5917093753814697,0.5933706760406494,0.6979585289955139,0.7012648582458496,0.10618781298398972,0.4547574520111084,0.0832555964589119,0.2513215243816376
1635,-22.7605,-7.8543,-30.6148,-28.5312,-2.375,0.0,0.0,0.6721813678741455,0.7078542113304138,0.6690647602081299,0.7776586413383484,0.7637648582458496,0.1268656700849533,0.5171408653259277,0.0702347606420517,0.18128108978271484
1640,-22.4578,-8.7844,-31.2422,-27.2266,-4.9141,0.0,0.0,0.60700523853302,0.6439242362976074,0.6329305171966553,0.738296389579773,0.7168898582458496,0.11096859723329544,0.4865127503871918,0.07719216495752335,0.22084887325763702
1645,-23.1281,-7.5164,-30.6445,-27.9141,-3.4922,0.0,0.0,0.7195467352867126,0.7146449685096741,0.6631316542625427,0.7721518874168396,0.7786458134651184,0.12348414212465286,0.5254974961280823,0.06230565905570984,0.184235081076622
1650,-23.773,-6.3121,-30.0852,-28.3203,-2.7734,0.0,0.0,0.7656295299530029,0.7607792615890503,0.7735247015953064,0.8712493181228638,0.8567708134651184,0.13366760313510895,0.5706234574317932,0.04874067008495331,0.1424906700849533
1655,-23.7648,-6.4926,-30.2574,-27.9609,-3.4453,0.0,0.0,0.762778103351593,0.7565712928771973,0.7439500093460083,0.837648868560791,0.8255208134651184,0.12927550077438354,0.5663479566574097,0.04979011043906212,0.15010882914066315
1660,-24.4289,-5.4082,-29.8371,-28.0156,-3.5234,0.0,0.0,0.8256122469902039,0.8073276877403259,0.835560142993927,0.8861709237098694,0.863095223903656,0.13172419369220734,0.606809675693512,0.03781871870160103,0.11916977912187576
1665,-23.4488,-6.5926,-30.0414,-26.8281,-5.5938,0.0,0.0,0.8120661973953247,0.7421786785125732,0.8094059228897095,0.853213369846344,0.8154761791229248,0.1456001251935959,0.551616907119751,0.04710821062326431,0.1511971354484558
1670,-23.8824,-6.4508,-30.3332,-28.2344,-3.1094,0.0,0.0,0.7769981622695923,0.7426247596740723,0.7774935960769653,0.8424406051635742,0.84375,0.12740983068943024,0.5638992786407471,0.04559234902262688,0.1586209535598755
1675,-23.7594,-6.4449,-30.2043,-27.5,-4.3672,0.0,0.0,0.7941847443580627,0.7445532083511353,0.8152077794075012,0.8462920188903809,0.8366815447807312,0.13634949922561646,0.5637437701225281,0.04395988956093788,0.15146921575069427
1680,-24.3828,-5.3375,-29.7203,-27.7578,-3.7812,0.0,0.0,0.8591398000717163,0.8033966422080994,0.8275449275970459,0.8799869418144226,0.9077380895614624,0.14458955824375153,0.5996190905570984,0.03245491161942482,0.11885882914066315
1685,-24.3074,-5.6395,-29.9469,-27.8594,-3.9062,0.0,0.0,0.842374324798584,0.7913002967834473,0.8201754093170166,0.8583333492279053,0.851934552192688,0.13685478270053864,0.5879586338996887,0.03544776141643524,0.1352611929178238
1690,-24.8059,-4.8664,-29.6723,-28.2188,-2.9297,0.0,0.0,0.8670922517776489,0.8285163640975952,0.8886010646820068,0.9121844172477722,0.8772321343421936,0.1339396834373474,0.6253498196601868,0.03000621870160103,0.10622668266296387
1695,-24.382,-5.5781,-29.9602,-28.0078,-3.5859,0.0,0.0,0.8261746764183044,0.7884841561317444,0.8171296119689941,0.8642667531967163,0.9014136791229248,0.13483364880084991,0.5953824520111084,0.033582091331481934,0.13172419369220734
1700,-25.2844,-4.0523,-29.3367,-28.7734,-2.0078,0.0,0.0,0.8803516030311584,0.8798701167106628,0.8690671324729919,0.9286442399024963,0.9200148582458496,0.13708800077438354,0.6584266424179077,0.02374844439327717,0.07625932991504669
1705,-25.5438,-3.925,-29.4688,-29.0938,-1.3906,0.0,0.0,0.8521060943603516,0.8950417041778564,0.8155038952827454,0.8894081115722656,0.8965773582458496,0.12457244843244553,0.6710199117660522,0.025069963186979294,0.07486007362604141
1710,-24.6297,-4.798,-29.4277,-29.0312,-1.5156,0.0,0.0,0.8269699215888977,0.8639023900032043,0.8180791139602661,0.8729166388511658,0.8828125,0.14354011416435242,0.6243003606796265,0.03439832106232643,0.09328357875347137
1715,-24.5484,-4.9816,-29.5301,-28.9219,-1.5938,0.0,0.0,0.8234121203422546,0.8509591221809387,0.8130564093589783,0.880178689956665,0.8686755895614624,0.1364661008119583,0.6240671873092651,0.03929571062326431,0.09569340944290161
1720,-24.1016,-6.0441,-30.1457,-28.5312,-2.5156,0.0,0.0,0.7681297659873962,0.7884870767593384,0.7274131178855896,0.849030077457428,0.8210565447807312,0.12220149487257004,0.5847325921058655,0.05033426731824875,0.1382540464401245
1725,-25.5242,-3.991,-29.5152,-29.25,-1.3125,0.0,0.0,0.8652703762054443,0.8802098631858826,0.7888888716697693,0.9163424372673035,0.9252232313156128,0.12433923780918121,0.6667832732200623,0.02448694035410881,0.0799129381775856
1730,-25.4898,-3.7715,-29.2613,-29.2422,-1.3047,0.0,0.0,0.8762826323509216,0.9015138149261475,0.841269850730896,0.9158134460449219,0.918154776096344,0.13257929682731628,0.6701259613037109,0.02448694035410881,0.06833022087812424
1735,-25.0738,-4.1758,-29.2496,-28.8594,-1.7891,0.0,0.0,0.8711087107658386,0.8889287710189819,0.8405172228813171,0.8904665112495422,0.9002976417541504,0.1423352062702179,0.6494869589805603,0.02705223858356476,0.07664801180362701
1740,-24.2164,-5.8953,-30.1117,-28.2812,-2.9922,0.0,0.0,0.7831474542617798,0.7955066561698914,0.7604895234107971,0.8512202501296997,0.805059552192688,0.12546642124652863,0.5934001803398132,0.04446517303586006,0.13219061493873596
1745,-23.1699,-6.882,-30.052,-28.1016,-3.0469,0.0,0.0,0.7548231482505798,0.7634263038635254,0.6960916519165039,0.8296082019805908,0.7819940447807312,0.14505596458911896,0.5449704527854919,0.05768034979701042,0.14781561493873596
1750,-23.8996,-6.1961,-30.0957,-28.2969,-2.8906,0.0,0.0,0.7743003368377686,0.7938977479934692,0.7248270511627197,0.8229196071624756,0.7883184552192688,0.1291588991880417,0.5770755410194397,0.05056747421622276,0.13872045278549194
1755,-24.2777,-5.5746,-29.8523,-28.4531,-2.7188,0.0,0.0,0.790224015712738,0.8221435546875,0.767507016658783,0.8491824865341187,0.8340773582458496,0.13358986377716064,0.6038168668746948,0.04162779822945595,0.11648787558078766
1760,-24.1504,-5.7391,-29.8895,-28.6406,-2.1797,0.0,0.0,0.7962220907211304,0.8046720623970032,0.7648115158081055,0.857230007648468,0.8508184552192688,0.13580535352230072,0.589008092880249,0.04329913109540939,0.12740983068943024
1765,-24.448,-5.6125,-30.0605,-28.4922,-2.6406,0.0,0.0,0.7845719456672668,0.7997406721115112,0.7994269132614136,0.8727434277534485,0.8418898582458496,0.12395056337118149,0.5995413661003113,0.040694963186979294,0.13133551180362701
1770,-24.4438,-5.607,-30.0508,-29.0156,-1.7109,0.0,0.0,0.775938868522644,0.8111650943756104,0.7502222061157227,0.8484848737716675,0.8456101417541504,0.12212375551462173,0.6078202724456787,0.04372667893767357,0.12185168266296387
1775,-24.4992,-5.0848,-29.584,-28.8203,-1.7969,0.0,0.0,0.8151284456253052,0.8524466753005981,0.7752248048782349,0.877543032169342,0.8366815447807312,0.13770988583564758,0.6195584535598755,0.03890702873468399,0.09934701770544052
1780,-24.3781,-5.2941,-29.6723,-28.9375,-1.8672,0.0,0.0,0.8107264637947083,0.8349210619926453,0.7751196026802063,0.8756183981895447,0.8504464030265808,0.1369713991880417,0.6079368591308594,0.04061722755432129,0.10999689251184464
1785,-24.7148,-4.834,-29.5488,-28.7109,-2.3203,0.0,0.0,0.826285719871521,0.8569749593734741,0.7843347787857056,0.8776094913482666,0.8809523582458496,0.13603855669498444,0.6283037662506104,0.036225125193595886,0.09495491534471512
1790,-24.9801,-4.525,-29.5051,-29.0234,-1.5078,0.0,0.0,0.8475959897041321,0.87940913438797,0.7270742654800415,0.8629032373428345,0.859002947807312,0.12853699922561646,0.6446284055709839,0.03560323268175125,0.0867537334561348
1795,-24.8426,-4.4309,-29.2734,-29.4062,-0.8594,0.0,0.0,0.8267827033996582,0.8925778865814209,0.7835587859153748,0.8831306099891663,0.8776041865348816,0.13844838738441467,0.6462219953536987,0.0373523011803627,0.07349968701601028
1800,-25.2016,-3.7352,-28.9367,-29.4375,-0.75,0.0,0.0,0.892894446849823,0.9271875619888306,0.7776162624359131,0.8707435727119446,0.8932291865348816,0.14878731966018677,0.6640625,0.02674129419028759,0.05593128129839897
1805,-25.0789,-3.9664,-29.0453,-29.5,-0.8125,0.0,0.0,0.8680724501609802,0.9237367510795593,0.7004830837249756,0.8218352198600769,0.8995535969734192,0.14377331733703613,0.6615360975265503,0.032182835042476654,0.05803016200661659
1810,-24.7531,-4.4223,-29.1754,-29.3125,-0.9531,0.0,0.0,0.8412741422653198,0.8980010747909546,0.7468085289001465,0.8436830639839172,0.9002976417541504,0.14276275038719177,0.6436178684234619,0.036536071449518204,0.07260572165250778
1815,-25.0965,-4.1164,-29.2129,-29.5156,-0.6172,0.0,0.0,0.8493462204933167,0.9099887609481812,0.7867730855941772,0.8387096524238586,0.8802083134651184,0.13673818111419678,0.6572216749191284,0.034087374806404114,0.06747512519359589
1820,-25.1746,-4.0328,-29.2074,-29.4219,-0.8516,0.0,0.0,0.8575842976570129,0.9047002792358398,0.7989417910575867,0.8840579986572266,0.8936011791229248,0.13837064802646637,0.6607198119163513,0.029384328052401543,0.06704757362604141
1825,-24.8984,-4.7469,-29.6453,-28.9844,-1.7031,0.0,0.0,0.7949455976486206,0.8682790994644165,0.750697672367096,0.8616567254066467,0.8727678656578064,0.1215018630027771,0.6412079930305481,0.04178326949477196,0.09102922677993774
1830,-23.8227,-5.9867,-29.8094,-29.0312,-1.4219,0.0,0.0,0.7881307601928711,0.8359865546226501,0.623321533203125,0.7808539271354675,0.8013392686843872,0.1355721354484558,0.5884250402450562,0.05499844625592232,0.11652673780918121
1835,-22.5148,-7.9906,-30.5055,-28.2109,-2.7578,0.0,0.0,0.7110568284988403,0.739730179309845,0.5777453780174255,0.7219094634056091,0.7220982313156128,0.12725435197353363,0.5156638622283936,0.07999067008495331,0.1726135015487671
1840,-22.2059,-8.7809,-30.9867,-28.2969,-2.8203,0.0,0.0,0.648829460144043,0.6929532885551453,0.5093333125114441,0.691876232624054,0.7358630895614624,0.1162157952785492,0.490904837846756,0.08745335787534714,0.20094838738441467
1845,-20.9918,-10.6711,-31.6629,-27.1797,-4.3047,0.0,0.0,0.536189079284668,0.6318050026893616,0.4524456560611725,0.605629563331604,0.5982142686843872,0.10525497794151306,0.4162391126155853,0.11442785710096359,0.259600430727005
1850,-22.4043,-8.2563,-30.6605,-28.625,-1.9062,0.0,0.0,0.6277592182159424,0.7509121298789978,0.545260488986969,0.6805799603462219,0.7395833134651184,0.1162157952785492,0.5113494992256165,0.09102922677993774,0.1769278645515442
1855,-22.625,-7.4598,-30.0848,-28.0547,-2.9297,0.0,0.0,0.7482052445411682,0.7704259753227234,0.6475365161895752,0.7259482741355896,0.754092276096344,0.14618314802646637,0.5228155851364136,0.07178948819637299,0.15473413467407227
1860,-23.4688,-6.882,-30.3508,-28.7422,-1.6484,0.0,0.0,0.7147068381309509,0.7812761664390564,0.6643151044845581,0.7786471247673035,0.7321428656578064,0.11866448819637299,0.5567474961280823,0.06611473858356476,0.15399564802646637
1865,-22.7809,-7.8031,-30.584,-28.3906,-2.6562,0.0,0.0,0.6917317509651184,0.7476911544799805,0.5724779367446899,0.6977909207344055,0.7786458134651184,0.11940298229455948,0.5260805487632751,0.07936877757310867,0.17067009210586548
1870,-23.5816,-6.5344,-30.116,-28.9062,-1.7656,0.0,0.0,0.7248594760894775,0.8019646406173706,0.6619282960891724,0.7627071142196655,0.8143601417541504,0.12445584684610367,0.5697683691978455,0.06288868188858032,0.13840951025485992
1875,-23.6418,-6.4457,-30.0875,-29.1094,-1.3125,0.0,0.0,0.7181732654571533,0.8196313381195068,0.6146789193153381,0.7347487807273865,0.8229166865348816,0.12426150590181351,0.5777363181114197,0.06354943662881851,0.1299751251935959
1880,-23.7605,-6.077,-29.8375,-29.3438,-0.8906,0.0,0.0,0.7488598227500916,0.8389486074447632,0.663111686706543,0.7680110335350037,0.7938988208770752,0.1278373748064041,0.5929726362228394,0.06195584684610367,0.11275652796030045
1885,-23.9781,-5.7145,-29.6926,-29.3125,-1.0938,0.0,0.0,0.7995296716690063,0.8601722717285156,0.6322931051254272,0.7304439544677734,0.820684552192688,0.13222947716712952,0.5956934094429016,0.0572916679084301,0.11030783504247665
1890,-23.6566,-6.3199,-29.9766,-29.0,-1.3906,0.0,0.0,0.7534711360931396,0.8273251056671143,0.6304481029510498,0.7501540184020996,0.7827380895614624,0.1259717047214508,0.5800684094429016,0.0633162334561348,0.12616604566574097
1895,-23.6672,-6.2273,-29.8945,-28.9688,-1.4531,0.0,0.0,0.7568128108978271,0.8241589069366455,0.6595877408981323,0.7352185249328613,0.8493303656578064,0.13121891021728516,0.5811178684234619,0.062227923423051834,0.12095770984888077
1900,-24.0652,-5.1523,-29.2176,-28.9062,-1.4844,0.0,0.0,0.835606038570404,0.8790158033370972,0.7310230731964111,0.7844036817550659,0.8571428656578064,0.15391790866851807,0.6097636818885803,0.04710821062326431,0.08473258465528488
1905,-24.9227,-4.3574,-29.2801,-29.5312,-0.5859,0.0,0.0,0.8328048586845398,0.8972843885421753,0.7507660984992981,0.8241698145866394,0.9122023582458496,0.13483364880084991,0.6512359976768494,0.03805192932486534,0.07140080630779266
1910,-24.3691,-4.7824,-29.1516,-29.4609,-0.5391,0.0,0.0,0.8495935201644897,0.8826192021369934,0.8118908405303955,0.8395694494247437,0.8638392686843872,0.152985081076622,0.626826822757721,0.0398787297308445,0.07583177834749222
1915,-24.2352,-5.0703,-29.3055,-29.6016,-0.4219,0.0,0.0,0.8227102160453796,0.8765610456466675,0.7485714554786682,0.8094128370285034,0.855654776096344,0.14513370394706726,0.6193641424179077,0.04761349409818649,0.0834110677242279
1920,-22.9531,-7.5887,-30.5418,-28.6797,-2.0547,0.0,0.0,0.7185430526733398,0.7600671052932739,0.5886561274528503,0.71894371509552,0.7135416865348816,0.11738184094429016,0.5328047275543213,0.07606498897075653,0.1692708283662796
1925,-21.9828,-9.3441,-31.327,-28.3125,-2.6016,0.0,0.0,0.6164847612380981,0.678287923336029,0.5146763324737549,0.6464682221412659,0.6495535969734192,0.1032726988196373,0.4749300479888916,0.09666511416435242,0.22065454721450806
1930,-21.7727,-9.5148,-31.2875,-27.8438,-3.6094,0.0,0.0,0.6012160181999207,0.6670831441879272,0.5221027731895447,0.6439671516418457,0.6774553656578064,0.10867537558078766,0.4666511118412018,0.09759794920682907,0.22259794175624847
1935,-20.7051,-11.207,-31.9121,-27.5234,-3.7344,0.0,0.0,0.5369852185249329,0.6080912947654724,0.4223918616771698,0.5551407337188721,0.6149553656578064,0.09720926731824875,0.4054337739944458,0.12220149487257004,0.2706778645515442
1940,-21.1656,-10.5813,-31.7469,-27.2891,-4.625,0.0,0.0,0.5913978219032288,0.623393177986145,0.43102842569351196,0.5915684700012207,0.6276041865348816,0.10121268779039383,0.4263448417186737,0.11073538661003113,0.2572294771671295
1945,-20.5516,-10.9152,-31.4668,-27.4531,-3.5469,0.0,0.0,0.5898838043212891,0.6359434127807617,0.46214017271995544,0.5949667692184448,0.542782723903656,0.11372823268175125,0.41200247406959534,0.12422263622283936,0.24556903541088104
1950,-20.7246,-10.7145,-31.4391,-27.0625,-4.0703,0.0,0.0,0.5987944006919861,0.6145833134651184,0.4856952726840973,0.6079474091529846,0.6227678656578064,0.11606032401323318,0.41417911648750305,0.11683768779039383,0.2484452724456787
1955,-21.0023,-10.7707,-31.773,-27.4219,-3.9844,0.0,0.0,0.5853287577629089,0.6033011674880981,0.4500863552093506,0.5910847187042236,0.6313244104385376,0.10226212441921234,0.41915422677993774,0.11252331733703613,0.26158270239830017
1960,-20.8305,-10.7898,-31.6203,-26.8125,-5.1094,0.0,0.0,0.5767004489898682,0.5992178320884705,0.48609715700149536,0.6062270998954773,0.6272321343421936,0.10743159055709839,0.4174051582813263,0.11602145433425903,0.25466418266296387
1965,-21.359,-10.2203,-31.5793,-27.1328,-4.7734,0.0,0.0,0.5982937812805176,0.6370996236801147,0.4915003776550293,0.6050328016281128,0.6264880895614624,0.10478855669498444,0.43687811493873596,0.10517723858356476,0.24867847561836243
1970,-22.5668,-8.768,-31.3348,-28.1719,-3.0703,0.0,0.0,0.6420278549194336,0.7007830142974854,0.5424213409423828,0.647769033908844,0.6502976417541504,0.10043532401323318,0.49141013622283936,0.0815453976392746,0.22213153541088104
1975,-21.8586,-9.3887,-31.2473,-28.1484,-2.9766,0.0,0.0,0.6479400992393494,0.6785563230514526,0.5597457885742188,0.6216170787811279,0.6417410969734192,0.11415578424930573,0.45984917879104614,0.09172885864973068,0.22978855669498444
1980,-22.9402,-7.2676,-30.2078,-28.8203,-1.7734,0.0,0.0,0.7409172058105469,0.7865735292434692,0.6419236660003662,0.6984045505523682,0.7436755895614624,0.13051928579807281,0.5396066308021545,0.07435479015111923,0.1510416716337204
1985,-23.218,-6.9289,-30.1469,-28.9219,-1.4531,0.0,0.0,0.7565711140632629,0.7919237017631531,0.6313953399658203,0.708737850189209,0.7987351417541504,0.1301306039094925,0.5544154047966003,0.06685323268175125,0.1441231369972229
1990,-22.5934,-7.6484,-30.2418,-28.6562,-1.8672,0.0,0.0,0.735805332660675,0.7847387194633484,0.5769980549812317,0.650098443031311,0.765252947807312,0.13417288661003113,0.5236318111419678,0.079757459461689,0.1579602062702179
1995,-22.5426,-7.8473,-30.3898,-28.6797,-1.7969,0.0,0.0,0.7104607820510864,0.7928708791732788,0.5421960353851318,0.6302663683891296,0.7142857313156128,0.12484452873468399,0.5244869589805603,0.08566541969776154,0.16052550077438354
2000,-21.2809,-9.9055,-31.1863,-28.1719,-2.6016,0.0,0.0,0.6331126093864441,0.6862915754318237,0.4779145419597626,0.5737534761428833,0.683407723903656,0.11738184094429016,0.4462842047214508,0.10735385864973068,0.22450248897075653
2005,-20.5887,-11.8793,-32.468,-27.4766,-4.2266,0.0,0.0,0.5155677795410156,0.5550696849822998,0.4049217104911804,0.5159614682197571,0.5807291865348816,0.08488806337118149,0.38219061493873596,0.12161847203969955,0.3068252503871918
2010,-19.9551,-12.2348,-32.1898,-26.2422,-6.1797,0.0,0.0,0.5257651805877686,0.557820200920105,0.4348079264163971,0.5098039507865906,0.5364583134651184,0.10031872242689133,0.36232897639274597,0.1335510015487671,0.299323707818985
2015,-20.2176,-12.7363,-32.9539,-27.0703,-4.9453,0.0,0.0,0.48635098338127136,0.5434901118278503,0.34671321511268616,0.4562702476978302,0.5022321343421936,0.06976834684610367,0.35614892840385437,0.1336287260055542,0.33597636222839355
2020,-19.4379,-13.2797,-32.7176,-26.6094,-5.5391,0.0,0.0,0.4880225360393524,0.5628047585487366,0.31716805696487427,0.42506811022758484,0.5130208134651184,0.08275031298398972,0.3348103165626526,0.14987562596797943,0.32808613777160645
2025,-19.9863,-12.3012,-32.2875,-27.5625,-3.9375,0.0,0.0,0.5186335444450378,0.5981405973434448,0.36149850487709045,0.47379565238952637,0.5513392686843872,0.08760882914066315,0.3720848858356476,0.14214086532592773,0.2936878204345703
2030,-20.9426,-9.8813,-30.8238,-27.8594,-3.1797,0.0,0.0,0.6630306839942932,0.7051519155502319,0.479324609041214,0.5692821145057678,0.6982886791229248,0.1318407952785492,0.44134795665740967,0.1127953976392746,0.20953825116157532
2035,-22.1035,-8.8836,-30.9871,-28.7188,-1.625,0.0,0.0,0.6390717029571533,0.7291384935379028,0.5014350414276123,0.6194828152656555,0.7012648582458496,0.11221237480640411,0.48861163854599,0.09479943662881851,0.19989894330501556
2040,-22.9223,-7.5309,-30.4531,-28.6797,-1.8906,0.0,0.0,0.6890838146209717,0.7782067060470581,0.5748744010925293,0.6596747636795044,0.8061755895614624,0.11963619291782379,0.5336209535598755,0.07734763622283936,0.16491760313510895
2045,-22.6254,-7.3535,-29.9789,-28.4062,-2.4844,0.0,0.0,0.7471628189086914,0.8019954562187195,0.6205428242683411,0.6714782118797302,0.7552083134651184,0.14727145433425903,0.5298118591308594,0.07303327322006226,0.14540578424930573
2050,-22.509,-7.8277,-30.3367,-29.2344,-0.8516,0.0,0.0,0.699608325958252,0.7870688438415527,0.5595734715461731,0.6335731148719788,0.761904776096344,0.12900342047214508,0.5206001400947571,0.08383861929178238,0.16208022832870483
2055,-22.0141,-9.0801,-31.0941,-28.5859,-2.0547,0.0,0.0,0.6555207371711731,0.7236319184303284,0.4952341616153717,0.567054033279419,0.7325148582458496,0.11159048229455948,0.47943875193595886,0.09378886967897415,0.21070429682731628
2060,-22.2812,-8.2844,-30.5656,-28.4375,-2.4453,0.0,0.0,0.7026941180229187,0.7633675336837769,0.5378952026367188,0.6123396754264832,0.7377232313156128,0.12262903898954391,0.5073849558830261,0.08974657952785492,0.17576181888580322
2065,-22.7477,-7.3187,-30.0664,-28.8203,-1.5625,0.0,0.0,0.7147786021232605,0.8090948462486267,0.5634012818336487,0.6405442357063293,0.828125,0.1351834535598755,0.5393345952033997,0.07816386967897415,0.14284048974514008
2070,-22.2645,-8.202,-30.4664,-28.8594,-1.6484,0.0,0.0,0.6932732462882996,0.8063226342201233,0.4796747863292694,0.5506044030189514,0.7392113208770752,0.1207633689045906,0.5151585936546326,0.09561567008495331,0.1639847606420517
2075,-21.7254,-9.5918,-31.3172,-28.4531,-2.1797,0.0,0.0,0.6448484659194946,0.7584153413772583,0.4000708758831024,0.47841471433639526,0.6770833134651184,0.09619869291782379,0.4699549078941345,0.10968594253063202,0.21968284249305725
2080,-21.4391,-8.8648,-30.3039,-28.8438,-1.0938,0.0,0.0,0.7077139019966125,0.796819806098938,0.4629765450954437,0.50710129737854,0.7507440447807312,0.13856498897075653,0.4839863181114197,0.1060323417186737,0.16693873703479767
2085,-22.0539,-8.1801,-30.234,-28.9141,-1.1875,0.0,0.0,0.7307001948356628,0.8290591835975647,0.4773532748222351,0.49560192227363586,0.7421875,0.12989738583564758,0.5122823119163513,0.09868625551462173,0.15465641021728516
2090,-21.2594,-9.932,-31.1914,-29.0391,-0.7734,0.0,0.0,0.6480703353881836,0.7866791486740112,0.3936237394809723,0.4359956383705139,0.6108630895614624,0.10171797126531601,0.4575170874595642,0.12313432991504669,0.21315298974514008
2095,-22.0164,-8.8867,-30.9031,-28.7656,-1.4609,0.0,0.0,0.6963577270507812,0.7914924025535583,0.45648112893104553,0.4700142443180084,0.699404776096344,0.10778140276670456,0.4924984574317932,0.10405006259679794,0.19119247794151306
2100,-21.918,-8.1953,-30.1133,-29.0703,-0.5469,0.0,0.0,0.7231025695800781,0.8273828029632568,0.486690491437912,0.5219411253929138,0.7406994104385376,0.1398087739944458,0.507307231426239,0.09783115983009338,0.15057525038719177
2105,-22.3898,-7.5844,-29.9742,-29.3594,-0.4141,0.0,0.0,0.7537932991981506,0.8562472462654114,0.461731493473053,0.4880744516849518,0.7875744104385376,0.13576647639274597,0.5331934094429016,0.0929337665438652,0.1336287260055542
2110,-23.157,-6.8973,-30.0543,-29.4453,-0.5469,0.0,0.0,0.7554779052734375,0.8705134987831116,0.4817012846469879,0.49452823400497437,0.8031994104385376,0.1223958358168602,0.5631219148635864,0.07859142124652863,0.13141325116157532
2115,-21.9871,-8.5281,-30.5152,-28.5078,-1.9062,0.0,0.0,0.7197837233543396,0.8208606243133545,0.44757911562919617,0.4771653413772583,0.7154017686843872,0.12220149487257004,0.4986007511615753,0.10195118188858032,0.1727689653635025
2120,-22.4809,-8.5121,-30.993,-29.4844,-0.4453,0.0,0.0,0.6833536624908447,0.8180241584777832,0.4168618321418762,0.438143253326416,0.7206101417541504,0.09549906849861145,0.5153917670249939,0.09958022087812424,0.1850513070821762
2125,-20.832,-8.975,-29.807,-28.7031,-0.9766,0.0,0.0,0.7670334577560425,0.8348516225814819,0.47095221281051636,0.4441591799259186,0.6953125,0.1660059094429016,0.46505752205848694,0.11306747794151306,0.15139147639274597
2130,-21.7656,-8.8551,-30.6207,-28.9219,-0.9141,0.0,0.0,0.7261866331100464,0.8158859014511108,0.4592539072036743,0.44017279148101807,0.6867559552192688,0.12037468701601028,0.4878731369972229,0.10731498897075653,0.17995958030223846
2135,-22.459,-7.4461,-29.9051,-29.25,-0.6562,0.0,0.0,0.7465488910675049,0.8452649116516113,0.5690433382987976,0.5315132141113281,0.7552083134651184,0.1407804787158966,0.5347869992256165,0.08613184094429016,0.13382306694984436
2140,-21.9625,-8.3125,-30.275,-29.375,-0.4062,0.0,0.0,0.7389510869979858,0.8578801155090332,0.4523625075817108,0.41033807396888733,0.711309552192688,0.1319185346364975,0.5045864582061768,0.10035758465528488,0.15865983068943024
2145,-23.3574,-6.0371,-29.3945,-29.375,-0.5703,0.0,0.0,0.8149026036262512,0.9023690223693848,0.5878416299819946,0.5495129823684692,0.769345223903656,0.1476212739944458,0.5824393630027771,0.06969060748815536,0.09577114135026932
2150,-23.2348,-6.177,-29.4117,-29.5938,-0.2969,0.0,0.0,0.7989542484283447,0.8886116743087769,0.6040636897087097,0.5595005750656128,0.8147321343421936,0.14867070317268372,0.576453685760498,0.07077892124652863,0.09961909055709839
2155,-22.6711,-7.3512,-30.0223,-29.1094,-1.0078,0.0,0.0,0.7562463879585266,0.8575848937034607,0.5242718458175659,0.5066403150558472,0.7399553656578064,0.1337842047214508,0.5401119589805603,0.08407182991504669,0.13755442202091217
2160,-22.3023,-7.1312,-29.4336,-29.3125,-0.4375,0.0,0.0,0.7651006579399109,0.8634851574897766,0.6104380488395691,0.5663900375366211,0.7604166865348816,0.16215795278549194,0.5375466346740723,0.0834110677242279,0.11240671575069427
2165,-21.825,-8.1727,-29.9977,-29.0781,-0.8359,0.0,0.0,0.7445195913314819,0.8403993844985962,0.5009769201278687,0.4909718632698059,0.71875,0.14361785352230072,0.5060634613037109,0.09946361929178238,0.14637748897075653
2170,-21.6977,-8.8691,-30.5668,-28.7969,-1.2578,0.0,0.0,0.7018961906433105,0.8138548731803894,0.4779711365699768,0.4618048071861267,0.6767113208770752,0.12503886222839355,0.48589086532592773,0.1049828976392746,0.1796097606420517
2175,-20.9805,-10.1395,-31.1199,-28.5547,-1.5781,0.0,0.0,0.6553961634635925,0.76505446434021,0.4481552243232727,0.41653013229370117,0.6417410969734192,0.11380597203969955,0.44601213932037354,0.12220149487257004,0.21350279450416565
2180,-20.8238,-10.5641,-31.3879,-28.5625,-1.8438,0.0,0.0,0.6318557262420654,0.7493045926094055,0.43767061829566956,0.41088274121284485,0.6004464030265808,0.10346703976392746,0.4331856369972229,0.12814831733703613,0.2307213991880417
2185,-20.3699,-10.2965,-30.6664,-28.3125,-1.8047,0.0,0.0,0.7012770771980286,0.7787626385688782,0.45619428157806396,0.3891596794128418,0.6536458134651184,0.14000311493873596,0.42972636222839355,0.12643812596797943,0.19935478270053864
2190,-20.6348,-10.7547,-31.3895,-27.8516,-2.375,0.0,0.0,0.6664350032806396,0.7512253522872925,0.4320223033428192,0.39411765336990356,0.5643601417541504,0.11186256259679794,0.42028141021728516,0.12550528347492218,0.2378731369972229
2195,-21.4148,-8.3262,-29.741,-28.2812,-1.7734,0.0,0.0,0.7856632471084595,0.8481002449989319,0.571484386920929,0.43511858582496643,0.6785714030265808,0.16320739686489105,0.48694029450416565,0.09950248897075653,0.14587220549583435
2200,-20.5402,-10.0426,-30.5828,-28.0156,-2.0234,0.0,0.0,0.7223880887031555,0.8028093576431274,0.4797297418117523,0.3483234643936157,0.6581101417541504,0.1432291716337204,0.434429407119751,0.12080223858356476,0.19706156849861145
2205,-21.5008,-8.9629,-30.4637,-28.3125,-1.7812,0.0,0.0,0.741349458694458,0.8251117467880249,0.4824269413948059,0.3845311105251312,0.707217276096344,0.13479477167129517,0.4782727062702179,0.1050606369972229,0.17739428579807281
2210,-20.293,-9.5059,-29.7988,-27.7031,-2.2734,0.0,0.0,0.7898439168930054,0.8206694722175598,0.5215089321136475,0.38831695914268494,0.6436011791229248,0.17681126296520233,0.4388992488384247,0.11745958030223846,0.1623522937297821
2215,-21.8563,-7.6988,-29.5551,-28.9297,-0.9688,0.0,0.0,0.792232096195221,0.8674551844596863,0.5689505934715271,0.4566318988800049,0.7217261791229248,0.16612251102924347,0.5093672275543213,0.08962997794151306,0.13040266931056976
2220,-22.1012,-7.5664,-29.6676,-28.7812,-0.8906,0.0,0.0,0.8016529083251953,0.8588597774505615,0.6126729249954224,0.4685646593570709,0.695684552192688,0.1599036008119583,0.517451822757721,0.08710354566574097,0.13106343150138855
2225,-21.7262,-7.8617,-29.5879,-28.9453,-0.9844,0.0,0.0,0.7783684134483337,0.8433002233505249,0.6377573609352112,0.49665406346321106,0.7005208134651184,0.16818252205848694,0.5050140023231506,0.08873600512742996,0.13358986377716064
2230,-20.757,-10.3684,-31.1254,-27.6484,-3.0391,0.0,0.0,0.7017322778701782,0.7484145760536194,0.5269519686698914,0.3943808674812317,0.574404776096344,0.12340640276670456,0.4290267527103424,0.1189754381775856,0.2241138070821762
2235,-20.7965,-9.8652,-30.6617,-28.3438,-1.4844,0.0,0.0,0.7449216246604919,0.8196307420730591,0.491346150636673,0.3255208432674408,0.5985863208770752,0.1339396834373474,0.4462842047214508,0.12126865983009338,0.19402985274791718
2240,-21.8762,-8.3715,-30.2477,-28.9219,-0.7734,0.0,0.0,0.7820945978164673,0.8581949472427368,0.5231788158416748,0.3978830873966217,0.6116071343421936,0.13805970549583435,0.4961131811141968,0.0997745618224144,0.16157494485378265
2245,-22.7324,-7.1594,-29.8918,-29.1953,-0.5078,0.0,0.0,0.8302872180938721,0.893460214138031,0.5308419466018677,0.4034157693386078,0.6744791865348816,0.13397854566574097,0.5432214140892029,0.08632618188858032,0.1319962739944458
2250,-22.5184,-6.568,-29.0863,-29.3125,-0.4375,0.0,0.0,0.8641122579574585,0.9145807027816772,0.5825192928314209,0.3896103799343109,0.7429315447807312,0.1744791716337204,0.5496734976768494,0.0755985677242279,0.09577114135026932
2255,-22.5133,-6.4352,-28.9484,-29.2188,-0.4844,0.0,0.0,0.874069333076477,0.9177608489990234,0.5987427830696106,0.4191696047782898,0.71875,0.18271921575069427,0.550606369972229,0.07419931888580322,0.08799751102924347
2260,-22.1543,-6.9563,-29.1105,-28.75,-0.625,0.0,0.0,0.8478540778160095,0.9063050150871277,0.5871782302856445,0.40619170665740967,0.7217261791229248,0.18112562596797943,0.5301616787910461,0.08002953976392746,0.10420553386211395
2265,-22.9051,-6.0348,-28.9398,-29.2344,-0.3828,0.0,0.0,0.8639913201332092,0.9158653616905212,0.6498237252235413,0.45802584290504456,0.7686011791229248,0.17918221652507782,0.5659204125404358,0.06615360826253891,0.08426617085933685
2270,-22.3719,-6.0148,-28.3867,-28.9375,-0.7188,0.0,0.0,0.8889498710632324,0.9241874814033508,0.6962025165557861,0.4913700222969055,0.7633928656578064,0.21245336532592773,0.5465251803398132,0.06448227912187576,0.07206156849861145
2275,-24.043,-4.7879,-28.8309,-29.4844,-0.5391,0.0,0.0,0.8859649300575256,0.9386399388313293,0.7242765426635742,0.5668514966964722,0.7834821343421936,0.16394589841365814,0.6201415061950684,0.048351988196372986,0.06308302283287048
2280,-23.2031,-5.8969,-29.1,-29.4844,-0.4453,0.0,0.0,0.8552068471908569,0.9154448509216309,0.6309794783592224,0.450256884098053,0.7890625,0.16347947716712952,0.5805736780166626,0.06825248897075653,0.08321672677993774
2285,-22.975,-6.1574,-29.1324,-29.5156,-0.2422,0.0,0.0,0.836729884147644,0.9084748029708862,0.6443819999694824,0.47712966799736023,0.7764136791229248,0.1659281700849533,0.5677860975265503,0.06918532401323318,0.09262282401323318
2290,-22.6621,-6.8336,-29.4957,-29.2734,-0.6797,0.0,0.0,0.8214463591575623,0.8910157084465027,0.589407205581665,0.43710020184516907,0.734747052192688,0.15586131811141968,0.5502954125404358,0.07999067008495331,0.109375
2295,-21.7445,-7.1887,-28.9332,-28.8828,-0.6641,0.0,0.0,0.8558356761932373,0.9061821103096008,0.5870736241340637,0.3711259365081787,0.7247023582458496,0.1911536008119583,0.518695592880249,0.08659826219081879,0.09907493740320206
2300,-20.4102,-9.8609,-30.2711,-28.4453,-1.0469,0.0,0.0,0.8075176477432251,0.8581541180610657,0.48255452513694763,0.2654058635234833,0.5602678656578064,0.15407338738441467,0.4337686598300934,0.12476678937673569,0.18291355669498444
2305,-22.1156,-7.2844,-29.4,-29.3125,-0.3438,0.0,0.0,0.828900933265686,0.9017553925514221,0.6060078144073486,0.3392370641231537,0.7023809552192688,0.16515080630779266,0.5269744992256165,0.0892801582813263,0.11411691457033157
2310,-18.8336,-10.177,-29.0105,-27.3125,-1.7891,0.0,0.0,0.8291610479354858,0.8599720001220703,0.5625903606414795,0.2745845913887024,0.5334821343421936,0.22978855669498444,0.3886038661003113,0.1344449669122696,0.14268501102924347
2315,-20.4258,-9.0645,-29.4902,-28.3125,-0.8438,0.0,0.0,0.820710301399231,0.8763062953948975,0.5279302597045898,0.29012516140937805,0.6264880895614624,0.18166977167129517,0.45374688506126404,0.12037468701601028,0.1397310346364975
2320,-21.0172,-8.334,-29.3512,-28.9531,-0.7109,0.0,0.0,0.8389289975166321,0.8755584359169006,0.5793026089668274,0.34505364298820496,0.6473214030265808,0.18291355669498444,0.4785059094429016,0.10366138070821762,0.1304415464401245
2325,-21.0723,-7.8734,-28.9457,-28.2891,-1.1719,0.0,0.0,0.8590038418769836,0.9036105871200562,0.5926517844200134,0.31221237778663635,0.6592261791229248,0.20289179682731628,0.4855021834373474,0.0973258689045906,0.10980255156755447
2330,-21.9773,-7.5328,-29.5102,-29.2031,-0.5859,0.0,0.0,0.8250237703323364,0.8912879824638367,0.6083474159240723,0.3568268120288849,0.6785714030265808,0.16371268033981323,0.5166355967521667,0.09219527244567871,0.12297885864973068
2335,-21.4172,-7.7191,-29.1363,-28.9688,-0.5156,0.0,0.0,0.8510550260543823,0.8850449323654175,0.6047087907791138,0.363758385181427,0.7005208134651184,0.18788868188858032,0.4977067708969116,0.09409981220960617,0.11582711338996887
2340,-22.8043,-6.1707,-28.975,-29.2031,-0.4922,0.0,0.0,0.8675482273101807,0.9039700627326965,0.6940903663635254,0.43694886565208435,0.780877947807312,0.17929881811141968,0.5609841346740723,0.06708644330501556,0.08815298229455948
2345,-21.9125,-7.066,-28.9785,-28.9766,-0.875,0.0,0.0,0.8510810136795044,0.8862297534942627,0.6747691035270691,0.42655473947525024,0.7310267686843872,0.19235852360725403,0.5213386416435242,0.07995180040597916,0.10187344253063202
2350,-21.1949,-7.757,-28.952,-28.5703,-0.8438,0.0,0.0,0.849221408367157,0.8735751509666443,0.6458423137664795,0.39236587285995483,0.71875,0.2046797275543213,0.48760107159614563,0.09021300077438354,0.11302860826253891
2355,-22.673,-5.7195,-28.3926,-29.0625,-0.75,0.0,0.0,0.9032799005508423,0.9242371916770935,0.7034345865249634,0.4493263065814972,0.8117559552192688,0.2085665464401245,0.5617614984512329,0.05884639173746109,0.06634794920682907
2360,-22.1512,-6.5289,-28.6801,-28.6328,-0.8828,0.0,0.0,0.887898325920105,0.8968062400817871,0.7270718216896057,0.4786813259124756,0.7165178656578064,0.204912930727005,0.5318329930305481,0.07035136967897415,0.08842506259679794
2365,-21.0375,-7.1332,-28.1707,-27.9297,-1.1406,0.0,0.0,0.913385808467865,0.8963805437088013,0.7165234684944153,0.38281601667404175,0.7213541865348816,0.24681280553340912,0.48538556694984436,0.07692008465528488,0.08640392124652863
2370,-20.5023,-8.1766,-28.6789,-27.1875,-2.6016,0.0,0.0,0.8673139214515686,0.8738393187522888,0.72072434425354,0.3867572247982025,0.5944940447807312,0.2281949669122696,0.45627331733703613,0.09658737480640411,0.11446672677993774
2375,-19.2602,-9.6379,-28.898,-26.9062,-2.2734,0.0,0.0,0.8646553158760071,0.8584334254264832,0.6344354152679443,0.2651601731777191,0.5286458134651184,0.23060478270053864,0.40442320704460144,0.12461131811141968,0.13588307797908783
2380,-19.0344,-10.257,-29.2914,-26.0859,-3.0469,0.0,0.0,0.8350719213485718,0.8224383592605591,0.6557658910751343,0.267412930727005,0.5107886791229248,0.21610696613788605,0.38767102360725403,0.1354943960905075,0.15625
2385,-21.1676,-7.6008,-28.7684,-27.8984,-1.625,0.0,0.0,0.8808721899986267,0.8797663450241089,0.7271461486816406,0.3769705295562744,0.6744791865348816,0.21925528347492218,0.4790889322757721,0.08376087993383408,0.11341729015111923
2390,-20.8305,-8.0512,-28.8816,-27.3125,-2.4922,0.0,0.0,0.8564601540565491,0.8524808287620544,0.7405784130096436,0.44024547934532166,0.625,0.21960510313510895,0.4668843150138855,0.08869714289903641,0.12033581733703613
2395,-22.3941,-6.5469,-28.941,-28.4531,-1.4297,0.0,0.0,0.8780879974365234,0.8793078660964966,0.7918108701705933,0.5005964040756226,0.7053571343421936,0.193524569272995,0.5368469953536987,0.06739738583564758,0.09775342047214508
2400,-20.0664,-8.8047,-28.8711,-26.1094,-3.3281,0.0,0.0,0.8586738109588623,0.8245645761489868,0.7123233675956726,0.4110412001609802,0.6354166865348816,0.23212064802646637,0.4284825921058655,0.0990360677242279,0.13588307797908783
2405,-21.2008,-7.641,-28.8418,-27.5234,-2.1172,0.0,0.0,0.8708746433258057,0.852501392364502,0.7502334117889404,0.48053690791130066,0.6622023582458496,0.21552394330501556,0.48091572523117065,0.0832555964589119,0.11582711338996887
2410,-22.7492,-6.0066,-28.7559,-28.6484,-1.0625,0.0,0.0,0.9070043563842773,0.8937005400657654,0.7935989499092102,0.5618131756782532,0.7008928656578064,0.1964396834373474,0.5546875,0.05950715020298958,0.08488806337118149
2415,-21.2102,-7.8695,-29.0797,-28.0781,-1.7578,0.0,0.0,0.8650838732719421,0.8423869013786316,0.6952164173126221,0.4847066104412079,0.6465773582458496,0.20627331733703613,0.4793998897075653,0.08531560748815536,0.12453357875347137
2420,-20.2496,-8.7852,-29.0348,-27.2891,-2.5625,0.0,0.0,0.8614205121994019,0.8247332572937012,0.6557496190071106,0.42058563232421875,0.6261160969734192,0.2128809094429016,0.4444185197353363,0.10680969804525375,0.13141325116157532
2425,-19.1855,-9.4918,-28.6773,-27.0469,-2.5078,0.0,0.0,0.8600376844406128,0.8024259805679321,0.6767241358757019,0.39129137992858887,0.617559552192688,0.24743470549583435,0.4005363881587982,0.11722636967897415,0.13032494485378265
2430,-22.2613,-7.0211,-29.2824,-28.5703,-1.3594,0.0,0.0,0.8763706684112549,0.856645405292511,0.7528766989707947,0.5247880220413208,0.6424851417541504,0.18077580630779266,0.5246424078941345,0.07093439251184464,0.11916977912187576
2435,-18.4012,-11.5387,-29.9398,-25.1562,-3.9219,0.0,0.0,0.8212115168571472,0.7406792640686035,0.5871231555938721,0.2851985692977905,0.4944196343421936,0.19826647639274597,0.3513292968273163,0.15212997794151306,0.19379663467407227
2440,-17.5793,-11.2746,-28.8539,-25.2734,-3.0781,0.0,0.0,0.8461305499076843,0.7900317907333374,0.5570952296257019,0.260794460773468,0.582217276096344,0.25664645433425903,0.32987406849861145,0.15146921575069427,0.15753264725208282
2445,-17.1406,-14.9293,-32.0699,-24.2188,-5.4688,0.0,0.0,0.747560977935791,0.6629196405410767,0.3748015761375427,0.18988573551177979,0.3772321343421936,0.12748755514621735,0.25240981578826904,0.19589552283287048,0.3197294771671295
2450,-17.5152,-12.3906,-29.9059,-24.7109,-4.2734,0.0,0.0,0.8158682584762573,0.732180118560791,0.5116440057754517,0.26670506596565247,0.4832589328289032,0.20771144330501556,0.3168143630027771,0.16857120394706726,0.20242537558078766
2455,-21.6254,-7.3637,-28.9891,-26.9766,-2.6016,0.0,0.0,0.8971278667449951,0.8693848848342896,0.7501274943351746,0.3796234130859375,0.6767113208770752,0.20705068111419678,0.4966573417186737,0.07622046023607254,0.11559390276670456
2460,-20.7285,-7.9434,-28.6719,-27.2266,-2.0312,0.0,0.0,0.8905531764030457,0.8659939765930176,0.7315378189086914,0.3437826633453369,0.667782723903656,0.228350430727005,0.46610695123672485,0.08947449922561646,0.11159048229455948
2465,-17.4477,-11.4582,-28.9059,-24.2266,-4.3047,0.0,0.0,0.8551532030105591,0.8015105128288269,0.5906533002853394,0.20662185549736023,0.4918154776096344,0.25116604566574097,0.3293687701225281,0.1588541716337204,0.15613339841365814
2470,-19.6238,-8.668,-28.2918,-26.8516,-1.9609,0.0,0.0,0.9056492447853088,0.8629352450370789,0.7380130290985107,0.2886779308319092,0.5866815447807312,0.26282650232315063,0.4208255708217621,0.10132928937673569,0.11054104566574097
2475,-19.2074,-8.8551,-28.0625,-25.9531,-3.2188,0.0,0.0,0.8931297659873962,0.8480415940284729,0.7480106353759766,0.3486630916595459,0.6049107313156128,0.2800450921058655,0.4038790464401245,0.10257307440042496,0.10902518779039383
2480,-21.4391,-6.9863,-28.4254,-27.2422,-2.2109,0.0,0.0,0.9226630926132202,0.8893144726753235,0.8035435080528259,0.3890756368637085,0.6610863208770752,0.23118780553340912,0.4972403645515442,0.07458800077438354,0.09250622242689133
2485,-21.266,-6.9141,-28.1801,-27.6875,-1.5312,0.0,0.0,0.9282588362693787,0.8884688019752502,0.8391647934913635,0.3886844515800476,0.6808035969734192,0.24867847561836243,0.493470162153244,0.06887438148260117,0.08449938148260117
2490,-22.0836,-6.0336,-28.1172,-29.0703,-0.5,0.0,0.0,0.9456503987312317,0.9144895076751709,0.7642008066177368,0.4097142815589905,0.7585565447807312,0.23456934094429016,0.5340873599052429,0.05884639173746109,0.06801927834749222
2495,-19.4387,-8.7805,-28.2191,-25.9141,-3.1562,0.0,0.0,0.9054639935493469,0.851844847202301,0.7084265351295471,0.3088287115097046,0.6272321343421936,0.2688899338245392,0.4118858873844147,0.1042444035410881,0.11050217598676682
2500,-19.7445,-8.3668,-28.1113,-27.3594,-1.4141,0.0,0.0,0.9044548869132996,0.864041805267334,0.7569060921669006,0.3325590491294861,0.6179315447807312,0.2652363181114197,0.4313977062702179,0.09849191457033157,0.10039645433425903
2505,-18.7938,-9.5934,-28.3871,-24.8594,-3.9062,0.0,0.0,0.8904907703399658,0.8265131115913391,0.7118756175041199,0.28773438930511475,0.5710565447807312,0.266907662153244,0.3846781849861145,0.11749844253063202,0.12643812596797943
2510,-18.3309,-9.7234,-28.0543,-25.5547,-2.8438,0.0,0.0,0.9048793911933899,0.8268551230430603,0.6687539219856262,0.28961747884750366,0.5762648582458496,0.28358209133148193,0.37398943305015564,0.12414489686489105,0.11380597203969955
2515,-19.0895,-9.1273,-28.2168,-25.9453,-3.4453,0.0,0.0,0.9045409560203552,0.8348134756088257,0.7423090934753418,0.3181518018245697,0.5773809552192688,0.27646923065185547,0.3938899338245392,0.10739272087812424,0.11777052283287048
2520,-15.3254,-12.4355,-27.7609,-20.3984,-7.3672,0.0,0.0,0.8616870641708374,0.7347740530967712,0.6614000201225281,0.18827708065509796,0.4468005895614624,0.329912930727005,0.25719061493873596,0.17712220549583435,0.13129663467407227
2525,-17.1867,-10.8492,-28.0359,-23.625,-4.2422,0.0,0.0,0.9042239189147949,0.7920321822166443,0.6856196522712708,0.21929824352264404,0.5089285969734192,0.3027440905570984,0.319029837846756,0.14081934094429016,0.13292910158634186
2530,-16.9273,-11.2262,-28.1535,-22.9609,-5.4297,0.0,0.0,0.88872891664505,0.7758749127388,0.6507447361946106,0.225282683968544,0.5104166865348816,0.29691386222839355,0.31319963932037354,0.15135261416435242,0.13405628502368927
2535,-14.9195,-13.6809,-28.6004,-19.0078,-8.5781,0.0,0.0,0.8129631876945496,0.6500657200813293,0.5998142957687378,0.1930120438337326,0.457217276096344,0.28844061493873596,0.23647387325763702,0.2093050330877304,0.1613028645515442
2540,-17.2379,-11.0516,-28.2895,-21.0,-7.5234,0.0,0.0,0.874218761920929,0.7664188146591187,0.6968758702278137,0.22745518386363983,0.569940447807312,0.2985074520111084,0.31366604566574097,0.1380985677242279,0.14525030553340912
2545,-15.9117,-13.2961,-29.2078,-20.2031,-7.5469,0.0,0.0,0.8544236421585083,0.7249737977981567,0.5330103039741516,0.16642546653747559,0.4304315447807312,0.25524720549583435,0.2597559094429016,0.19251398742198944,0.18800528347492218
2550,-16.6145,-11.7371,-28.3516,-21.5703,-6.9219,0.0,0.0,0.868466317653656,0.730855405330658,0.6340624094009399,0.28743141889572144,0.4951636791229248,0.29372668266296387,0.29489272832870483,0.15815454721450806,0.14874844253063202
2555,-15.4539,-13.2672,-28.7211,-18.7031,-7.9453,0.0,0.0,0.8363611102104187,0.6711544394493103,0.6186739802360535,0.19442492723464966,0.4263392984867096,0.2802782952785492,0.25116604566574097,0.1981498748064041,0.1659281700849533
2560,-14.7227,-13.668,-28.3906,-17.0703,-9.9219,0.0,0.0,0.8154166340827942,0.6532042622566223,0.6080223917961121,0.20650812983512878,0.4341517984867096,0.2990127503871918,0.23289801180362701,0.2083333283662796,0.1552782952785492
2565,-15.1887,-17.7422,-32.9309,-16.8516,-14.625,0.0,0.0,0.6681832671165466,0.41782379150390625,0.4338344633579254,0.11177002638578415,0.237351194024086,0.11959732323884964,0.15395678579807281,0.2352689653635025,0.3866993188858032
2570,-13.5547,-17.532,-31.0867,-15.1172,-14.0156,0.0,0.0,0.6834592819213867,0.43799540400505066,0.4532110095024109,0.12376373261213303,0.2823660671710968,0.18516790866851807,0.1520133763551712,0.2753809094429016,0.2829602062702179
2575,-12.8645,-19.6988,-32.5633,-15.0234,-17.9531,0.0,0.0,0.5717474222183228,0.30222541093826294,0.3533647954463959,0.08517210930585861,0.177827388048172,0.12189054489135742,0.10828669369220734,0.31304416060447693,0.3523010015487671
2580,-13.0297,-18.4484,-31.4781,-14.2656,-15.4141,0.0,0.0,0.6725187301635742,0.3573555648326874,0.4201253056526184,0.09873516112565994,0.248139888048172,0.16604477167129517,0.13051928579807281,0.29780784249305725,0.30115050077438354
2585,-13.0543,-17.8918,-30.9461,-13.5781,-16.4375,0.0,0.0,0.7094679474830627,0.3994010388851166,0.451977401971817,0.09653394669294357,0.2548363208770752,0.1855565905570984,0.14276275038719177,0.2958255708217621,0.27137747406959534
2590,-13.3547,-18.4699,-31.8246,-14.6328,-18.0547,0.0,0.0,0.6339103579521179,0.36400938034057617,0.4321547746658325,0.08994515240192413,0.2607886791229248,0.1526741236448288,0.13261815905570984,0.2913168668746948,0.3189132511615753
2595,-13.843,-18.1719,-32.0148,-14.9766,-17.8594,0.0,0.0,0.6429822444915771,0.38383251428604126,0.4583093822002411,0.0950508788228035,0.2239583283662796,0.1553560346364975,0.13366760313510895,0.270366907119751,0.33613184094429016
2600,-12.4645,-16.2262,-28.6906,-10.7109,-16.125,0.0,0.0,0.7422794699668884,0.5137790441513062,0.5835265517234802,0.12265244871377945,0.2555803656578064,0.2806669771671295,0.1621968299150467,0.28502020239830017,0.1676383763551712
2605,-13.3508,-17.2801,-30.6309,-11.0156,-18.2812,0.0,0.0,0.7122021317481995,0.4665728211402893,0.5064343214035034,0.10125600546598434,0.2072172611951828,0.1892102062702179,0.1656949669122696,0.2899564802646637,0.2506607472896576
2610,-12.4613,-16.9109,-29.3723,-9.1328,-19.1406,0.0,0.0,0.7124782800674438,0.4663378596305847,0.5615634918212891,0.10567475110292435,0.2232142835855484,0.2457633763551712,0.15761038661003113,0.29831311106681824,0.19383551180362701
2615,-13.8906,-19.1172,-33.0078,-15.6406,-20.3281,0.0,0.0,0.608353316783905,0.31556710600852966,0.4275861978530884,0.05943627282977104,0.1555059552192688,0.11353389173746109,0.11959732323884964,0.28179416060447693,0.3805970251560211
2620,-12.4094,-19.0574,-31.4668,-12.7891,-20.5234,0.0,0.0,0.5965445041656494,0.3152322471141815,0.46671587228775024,0.06673591583967209,0.1595982164144516,0.16647233068943024,0.11380597203969955,0.31588152050971985,0.29936257004737854
2625,-13.1582,-18.1621,-31.3203,-13.2969,-17.7969,0.0,0.0,0.6364284157752991,0.3659517467021942,0.5250223875045776,0.08193796128034592,0.1335565447807312,0.16367381811141968,0.14497824013233185,0.30367693305015564,0.2831934094429016
2630,-12.2934,-18.4609,-30.7543,-11.6016,-17.5781,0.0,0.0,0.6675961017608643,0.3475801348686218,0.509068489074707,0.053624480962753296,0.143601194024086,0.1951570212841034,0.12367848306894302,0.3150264322757721,0.26166045665740967
2635,-12.9211,-15.1781,-28.0992,-12.6094,-12.9844,0.0,0.0,0.8141142129898071,0.5223746299743652,0.6841364502906799,0.1097622662782669,0.206101194024086,0.3205457031726837,0.1728467047214508,0.2484452724456787,0.15368470549583435
2640,-13.9277,-13.6125,-27.5402,-13.4531,-12.3047,0.0,0.0,0.8641919493675232,0.6258429288864136,0.750545084476471,0.1114223450422287,0.2425595223903656,0.3434390425682068,0.21326959133148193,0.21393035352230072,0.12488339841365814
2645,-12.1508,-16.3566,-28.5074,-10.7969,-13.6797,0.0,0.0,0.792682945728302,0.4077644646167755,0.6529768705368042,0.07314814627170563,0.1413690447807312,0.29640859365463257,0.1491760015487671,0.28202736377716064,0.16791044175624847
2650,-12.3664,-15.8914,-28.2578,-11.1953,-14.0078,0.0,0.0,0.8266552686691284,0.4436109662055969,0.6755326986312866,0.05331102013587952,0.130952388048172,0.3181747496128082,0.15026430785655975,0.2644978165626526,0.16258551180362701
2655,-12.6219,-15.016,-27.6379,-11.6797,-13.3906,0.0,0.0,0.8608647584915161,0.506322979927063,0.7141477465629578,0.06657645106315613,0.1488095223903656,0.3505907952785492,0.1598258763551712,0.24148787558078766,0.14361785352230072
2660,-12.6371,-14.7688,-27.4059,-10.8828,-12.6172,0.0,0.0,0.8933714628219604,0.500978946685791,0.7110145688056946,0.04990076646208763,0.158110111951828,0.36707088351249695,0.15881529450416565,0.23254819214344025,0.13708800077438354
2665,-13.2457,-14.5758,-27.8215,-13.0156,-11.9141,0.0,0.0,0.8816776275634766,0.5348101258277893,0.7086459994316101,0.07099615037441254,0.1808035671710968,0.3317786157131195,0.184235081076622,0.23826181888580322,0.14124688506126404
2670,-13.1332,-14.7012,-27.8344,-12.9297,-11.6406,0.0,0.0,0.8909090757369995,0.50408536195755,0.7244482040405273,0.07302231341600418,0.154389888048172,0.3420397937297821,0.17125311493873596,0.2289334535598755,0.15329602360725403
2675,-14.9563,-12.2633,-27.2195,-17.3516,-9.0781,0.0,0.0,0.9247754216194153,0.7028093338012695,0.8137361407279968,0.10439944267272949,0.221726194024086,0.35910293459892273,0.24626865983009338,0.17883239686489105,0.11131840944290161
2680,-13.8863,-12.7109,-26.5973,-15.4609,-9.9297,0.0,0.0,0.924214243888855,0.6692827343940735,0.8100204467773438,0.0951993465423584,0.1800595223903656,0.3969604969024658,0.21295864880084991,0.19006529450416565,0.0955379381775856
2685,-13.5156,-13.3141,-26.8297,-14.9219,-9.9766,0.0,0.0,0.907658576965332,0.6285941004753113,0.7878257632255554,0.075698621571064,0.1990327388048172,0.38976991176605225,0.19601212441921234,0.199860081076622,0.10988028347492218
2690,-15.807,-10.9379,-26.7449,-18.4141,-8.9219,0.0,0.0,0.9480612874031067,0.7696428298950195,0.8712161183357239,0.12549537420272827,0.2920386791229248,0.3779151141643524,0.2829602062702179,0.14637748897075653,0.08826959133148193
2695,-15.2516,-11.6633,-26.9148,-18.2656,-7.9766,0.0,0.0,0.9517644643783569,0.7295427322387695,0.8615785837173462,0.09672447293996811,0.2068452388048172,0.37227922677993774,0.2583955228328705,0.1639847606420517,0.10086287558078766
2700,-16.5832,-10.5398,-27.123,-20.2422,-7.3281,0.0,0.0,0.9448011517524719,0.7915734648704529,0.8808711767196655,0.1448395550251007,0.2760416567325592,0.345032662153244,0.3127332031726837,0.14812655746936798,0.08962997794151306
2705,-14.0082,-13.0484,-27.0566,-16.2188,-9.2344,0.0,0.0,0.9072689414024353,0.6453744769096375,0.7933202385902405,0.09575209021568298,0.2005208283662796,0.37430036067962646,0.2117537260055542,0.1978389322757721,0.11162935197353363
2710,-15.6238,-11.6395,-27.2633,-17.5938,-9.8828,0.0,0.0,0.9319308400154114,0.7184354066848755,0.8605474233627319,0.14481762051582336,0.2328869104385376,0.3528840243816376,0.27028918266296387,0.1647232621908188,0.10762593150138855
2715,-14.8949,-12.0133,-26.9082,-17.7891,-8.1328,0.0,0.0,0.9271895289421082,0.7065691351890564,0.8247606158256531,0.12266029417514801,0.2418154776096344,0.3736784756183624,0.24968905746936798,0.1745568960905075,0.09759794920682907
2720,-13.0746,-13.7496,-26.8242,-13.9062,-11.2344,0.0,0.0,0.8792728781700134,0.5667604207992554,0.7707574367523193,0.0887700542807579,0.261904776096344,0.39342349767684937,0.1796097606420517,0.2134639322757721,0.10902518779039383
2725,-14.6969,-12.5137,-27.2105,-17.1953,-9.0625,0.0,0.0,0.9105376601219177,0.6587197780609131,0.8040654063224792,0.11849507689476013,0.2805059552192688,0.3614738881587982,0.2380286008119583,0.18547885119915009,0.11054104566574097
2730,-14.5602,-12.8938,-27.4539,-15.1641,-10.7812,0.0,0.0,0.8840776085853577,0.6217498183250427,0.8243727684020996,0.14069192111492157,0.2563244104385376,0.34468284249305725,0.23767879605293274,0.19519589841365814,0.11796486377716064
2735,-14.2184,-13.2668,-27.4852,-15.6797,-10.125,0.0,0.0,0.8848809003829956,0.5952507257461548,0.8068225383758545,0.12824523448944092,0.2328869104385376,0.349113792181015,0.21933302283287048,0.20281405746936798,0.12426150590181351
2740,-15.0391,-12.2078,-27.2469,-16.8828,-9.6172,0.0,0.0,0.9077531099319458,0.6742074489593506,0.8228670358657837,0.16039744019508362,0.283110111951828,0.3539334535598755,0.25256529450416565,0.17949315905570984,0.10953047126531601
2745,-14.325,-13.1789,-27.5039,-15.625,-11.0781,0.0,0.0,0.8952931761741638,0.593949019908905,0.8055174946784973,0.1206686943769455,0.2585565447807312,0.3493081331253052,0.21968284249305725,0.1986551582813263,0.12787623703479767
2750,-12.759,-14.0281,-26.7871,-12.0859,-12.4609,0.0,0.0,0.8773346543312073,0.4937586784362793,0.7853251099586487,0.1147540956735611,0.2544642984867096,0.3995646834373474,0.16814365983009338,0.21400807797908783,0.11380597203969955
2755,-13.8797,-13.8715,-27.7512,-13.2656,-11.9531,0.0,0.0,0.8615889549255371,0.5193467140197754,0.7801154255867004,0.16233062744140625,0.2741815447807312,0.3434390425682068,0.19989894330501556,0.20876088738441467,0.14342351257801056
2760,-12.5688,-14.9723,-27.541,-11.7578,-13.2812,0.0,0.0,0.8304190039634705,0.4451088309288025,0.7333547472953796,0.11887913942337036,0.2406994104385376,0.3534281849861145,0.1625077724456787,0.2422652393579483,0.13732120394706726
2765,-12.3063,-15.9508,-28.257,-10.9062,-14.3047,0.0,0.0,0.7879990339279175,0.37865573167800903,0.6995223760604858,0.09623230248689651,0.200148805975914,0.31351056694984436,0.15150807797908783,0.2685401141643524,0.16196362674236298
2770,-12.1551,-16.4957,-28.6508,-10.1094,-15.5938,0.0,0.0,0.7624175548553467,0.33694252371788025,0.6617886424064636,0.09076286852359772,0.2057291716337204,0.2887515425682068,0.15076959133148193,0.2868470251560211,0.16915422677993774
2775,-13.3488,-14.468,-27.8168,-10.8984,-14.6484,0.0,0.0,0.8599221706390381,0.42133665084838867,0.7714924216270447,0.13440567255020142,0.2682291567325592,0.33962997794151306,0.18726679682731628,0.22605721652507782,0.1425684094429016
2780,-12.7016,-13.9121,-26.6137,-10.3281,-14.5469,0.0,0.0,0.8801081776618958,0.4784492552280426,0.7966404557228088,0.1436484456062317,0.2570684552192688,0.4023243188858032,0.17043687403202057,0.21750621497631073,0.10525497794151306
2785,-12.3945,-14.3633,-26.7578,-9.4531,-15.2188,0.0,0.0,0.856548011302948,0.41434264183044434,0.7725976705551147,0.18178479373455048,0.2708333432674408,0.39206311106681824,0.165850430727005,0.2317708283662796,0.10583800077438354
2790,-13.3008,-12.7875,-26.0883,-12.2969,-11.1484,0.0,0.0,0.9180705547332764,0.5205621123313904,0.8384431600570679,0.16996558010578156,0.3831845223903656,0.43835508823394775,0.18808302283287048,0.17875465750694275,0.0903296023607254
2795,-11.7973,-14.5535,-26.3508,-9.3125,-14.2812,0.0,0.0,0.8901744484901428,0.3491271734237671,0.7593410611152649,0.10667169094085693,0.2659970223903656,0.4232742488384247,0.14027518033981323,0.22885571420192719,0.10311722755432129
2800,-14.0016,-12.7207,-26.7223,-11.625,-12.8203,0.0,0.0,0.9261671900749207,0.5303561687469482,0.8569346070289612,0.1640625,0.3188244104385376,0.39377331733703613,0.21062655746936798,0.18664489686489105,0.10447761416435242
2805,-11.659,-15.2707,-26.9297,-9.3281,-13.7812,0.0,0.0,0.8662163615226746,0.32538801431655884,0.7207179665565491,0.0854031965136528,0.209077388048172,0.38553327322006226,0.14023631811141968,0.2555192708969116,0.11423352360725403
2810,-12.2473,-14.5688,-26.816,-9.8047,-13.4844,0.0,0.0,0.880966305732727,0.3653697371482849,0.734886109828949,0.15946300327777863,0.2875744104385376,0.3990205228328705,0.15084733068943024,0.22695118188858032,0.11870335787534714
2815,-12.2098,-13.9547,-26.1645,-9.7969,-13.3125,0.0,0.0,0.9146961569786072,0.3977331221103668,0.753993034362793,0.13937699794769287,0.3132440447807312,0.43559545278549194,0.1508861929178238,0.21171486377716064,0.0973258689045906
2820,-13.1613,-12.9281,-26.0895,-11.7188,-12.0938,0.0,0.0,0.9357887506484985,0.5140753388404846,0.8053355813026428,0.14378800988197327,0.3232886791229248,0.44006529450416565,0.17949315905570984,0.18648943305015564,0.08947449922561646
2825,-12.4336,-14.3672,-26.8008,-10.3906,-12.9922,0.0,0.0,0.8886486291885376,0.37850919365882874,0.7420130372047424,0.13466162979602814,0.3273809552192688,0.39548352360725403,0.16060324013233185,0.22629041969776154,0.11314520984888077
2830,-11.441,-14.4082,-25.8492,-10.0156,-12.8516,0.0,0.0,0.894442081451416,0.3389614522457123,0.7620804905891418,0.10762886703014374,0.287202388048172,0.45806124806404114,0.12200715392827988,0.2211986929178238,0.09425528347492218
2835,-11.0004,-17.8125,-28.8129,-8.1797,-18.2344,0.0,0.0,0.766960859298706,0.19041095674037933,0.5624849200248718,0.07444492727518082,0.1588541716337204,0.28187188506126404,0.11349502205848694,0.321595162153244,0.1785603165626526
2840,-11.9129,-14.4266,-26.3395,-9.8047,-14.0234,0.0,0.0,0.8832663297653198,0.38438600301742554,0.7641606330871582,0.11990686506032944,0.2574404776096344,0.4255286157131195,0.1433846354484558,0.22644589841365814,0.10016324371099472
2845,-12.2539,-14.0984,-26.3523,-10.3438,-12.8281,0.0,0.0,0.8870685696601868,0.4106781482696533,0.8059360980987549,0.10913404822349548,0.2544642984867096,0.4223025441169739,0.15360696613788605,0.22131529450416565,0.09829757362604141
2850,-12.516,-13.4676,-25.9836,-10.6406,-12.6328,0.0,0.0,0.9256563782691956,0.4503295123577118,0.8156304955482483,0.12373403459787369,0.2488839328289032,0.4485774338245392,0.15924285352230072,0.19943252205848694,0.08826959133148193
2855,-11.5922,-15.252,-26.8441,-8.7031,-14.75,0.0,0.0,0.8982144594192505,0.2959641218185425,0.6954898238182068,0.09116311371326447,0.1964285671710968,0.38530007004737854,0.1386815905570984,0.260261207818985,0.11127953976392746
2860,-11.0648,-15.6961,-26.7609,-8.2656,-14.9922,0.0,0.0,0.8782755136489868,0.26533839106559753,0.6693502068519592,0.07653969526290894,0.1882440447807312,0.393073707818985,0.12290111929178238,0.270366907119751,0.10918065905570984
2865,-12.2855,-13.6836,-25.9691,-9.3203,-13.6094,0.0,0.0,0.9193562865257263,0.4367026388645172,0.7824711799621582,0.1415051817893982,0.2745535671710968,0.4419698417186737,0.15842661261558533,0.20887748897075653,0.08624844253063202
2870,-12.2688,-14.2574,-26.5262,-8.7891,-15.7266,0.0,0.0,0.9067001938819885,0.43520262837409973,0.7211506366729736,0.13407133519649506,0.2369791716337204,0.40201336145401,0.1649564653635025,0.23375311493873596,0.09479943662881851
2875,-12.4242,-13.7637,-26.1879,-8.9375,-15.125,0.0,0.0,0.8983374238014221,0.4467636048793793,0.7944244742393494,0.14667269587516785,0.2611607015132904,0.4278218150138855,0.16573382914066315,0.21610696613788605,0.0858597606420517
2880,-12.1148,-14.4855,-26.6004,-8.9219,-14.8516,0.0,0.0,0.8873831033706665,0.3990837335586548,0.721161961555481,0.11615043878555298,0.3039434552192688,0.40726056694984436,0.15271300077438354,0.2301383763551712,0.10541044920682907
2885,-12.3098,-13.5918,-25.9016,-9.6641,-12.9453,0.0,0.0,0.9387151598930359,0.39814814925193787,0.7654246687889099,0.102953240275383,0.3515625,0.4598103165626526,0.14692163467407227,0.19402985274791718,0.09476057440042496
2890,-12.3504,-12.9293,-25.2797,-9.8594,-13.4219,0.0,0.0,0.9406579732894897,0.43604061007499695,0.8180625438690186,0.15815486013889313,0.380952388048172,0.49385884404182434,0.15314054489135742,0.1777440905570984,0.07077892124652863
2895,-12.8043,-12.0813,-24.8855,-10.5859,-11.5469,0.0,0.0,0.9614198803901672,0.4601212739944458,0.8904429078102112,0.18255959451198578,0.482514888048172,0.5168299078941345,0.1666666716337204,0.1500699669122696,0.06195584684610367
2900,-12.0527,-13.0793,-25.132,-9.1797,-12.8594,0.0,0.0,0.9351305961608887,0.3732512593269348,0.834628164768219,0.1706932783126831,0.40625,0.5075015425682068,0.1389147937297821,0.17510105669498444,0.07400497794151306
2905,-11.4176,-14.9695,-26.3871,-8.9609,-13.9531,0.0,0.0,0.8733956813812256,0.2378595769405365,0.7378829717636108,0.12930403649806976,0.3110119104385376,0.4239738881587982,0.1256607621908188,0.23977766931056976,0.10611007362604141
2910,-11.5328,-14.9441,-26.477,-7.8125,-16.0156,0.0,0.0,0.868325412273407,0.2733961045742035,0.7179570198059082,0.15381792187690735,0.3251488208770752,0.41709423065185547,0.1320739984512329,0.2404772937297821,0.1058768630027771
2915,-11.8848,-14.5273,-26.4121,-9.8672,-13.1953,0.0,0.0,0.8980060815811157,0.29650193452835083,0.7271341681480408,0.1610713005065918,0.3095238208770752,0.4230021834373474,0.14000311493873596,0.22947761416435242,0.10303948819637299
2920,-11.7566,-14.5176,-26.2742,-8.9453,-14.2422,0.0,0.0,0.8904514312744141,0.2915074825286865,0.7440361976623535,0.1666666716337204,0.3191964328289032,0.43392413854599,0.13226833939552307,0.2232198417186737,0.10611007362604141
2925,-13.8676,-12.2375,-26.1051,-11.4297,-11.6875,0.0,0.0,0.9504228830337524,0.45489761233329773,0.867514431476593,0.24587155878543854,0.480654776096344,0.4319807291030884,0.21070429682731628,0.16810478270053864,0.08473258465528488
2930,-14.7793,-11.1758,-25.9551,-12.7578,-10.625,0.0,0.0,0.968406081199646,0.5550370216369629,0.9046961069107056,0.3224974274635315,0.5141369104385376,0.43796640634536743,0.2415267378091812,0.1407027393579483,0.07532649487257004
2935,-13.9414,-11.5039,-25.4453,-13.2422,-10.9219,0.0,0.0,0.9655172228813171,0.553325891494751,0.8837961554527283,0.282291054725647,0.4624255895614624,0.4756685197353363,0.20918843150138855,0.14416199922561646,0.06650342047214508
2940,-14.1051,-11.4789,-25.584,-13.4844,-10.4844,0.0,0.0,0.965674102306366,0.5531759262084961,0.8865951299667358,0.24002157151699066,0.4977678656578064,0.46991604566574097,0.21233674883842468,0.14120802283287048,0.07206156849861145
2945,-12.8938,-12.657,-25.5508,-11.2188,-11.4766,0.0,0.0,0.9586756825447083,0.4070292115211487,0.8316013216972351,0.19394773244857788,0.433407723903656,0.4825093150138855,0.16367381811141968,0.16456778347492218,0.08477145433425903
2950,-12.1094,-14.4648,-26.5742,-10.0547,-12.375,0.0,0.0,0.920848548412323,0.292584627866745,0.7260298132896423,0.1315247267484665,0.3125,0.4159281849861145,0.14466728270053864,0.22174285352230072,0.11318407952785492
2955,-12.3168,-13.3211,-25.6379,-11.2344,-11.3281,0.0,0.0,0.9396997094154358,0.3802301287651062,0.7621520757675171,0.15634885430335999,0.431547611951828,0.47376400232315063,0.14863184094429016,0.18711131811141968,0.0860152393579483
2960,-12.6152,-12.8484,-25.4637,-10.7031,-11.8047,0.0,0.0,0.965006411075592,0.412702351808548,0.8140819072723389,0.15107257664203644,0.3936011791229248,0.48538556694984436,0.15605565905570984,0.16892102360725403,0.08516013622283936
2965,-11.5242,-14.3461,-25.8703,-9.6406,-11.9375,0.0,0.0,0.9433836936950684,0.25814032554626465,0.6948584318161011,0.09369096904993057,0.3344494104385376,0.46820583939552307,0.11578824371099472,0.20864428579807281,0.10288401693105698
2970,-12.3395,-13.0051,-25.3445,-10.1953,-11.8125,0.0,0.0,0.9575890898704529,0.3434210419654846,0.8079133629798889,0.1514698565006256,0.4348958432674408,0.493975430727005,0.1476989984512329,0.17583955824375153,0.07800839841365814
2975,-13.4125,-11.7109,-25.1234,-12.8047,-10.4375,0.0,0.0,0.9804115891456604,0.45670995116233826,0.8632088899612427,0.15857063233852386,0.5989583134651184,0.5099502205848694,0.17957089841365814,0.1363883763551712,0.06961287558078766
2980,-13.9637,-10.9672,-24.9309,-13.5547,-10.2734,0.0,0.0,0.9835231304168701,0.5658397078514099,0.9037966728210449,0.21484887599945068,0.6104910969734192,0.511893630027771,0.20366916060447693,0.12080223858356476,0.05915733799338341
2985,-13.2883,-11.6406,-24.9289,-11.9219,-11.3359,0.0,0.0,0.9847579002380371,0.49201419949531555,0.8855051398277283,0.15983842313289642,0.5293898582458496,0.5202114582061768,0.1752176582813263,0.1327347606420517,0.06735852360725403
2990,-12.6148,-13.0813,-25.6961,-10.2891,-11.7656,0.0,0.0,0.9688315987586975,0.3411071300506592,0.7979797720909119,0.11454470455646515,0.4464285671710968,0.47636815905570984,0.15166355669498444,0.17315764725208282,0.09433302283287048
2995,-12.0891,-13.3711,-25.4602,-10.2578,-11.4531,0.0,0.0,0.954249382019043,0.2547008693218231,0.793755292892456,0.12007168680429459,0.4758184552192688,0.4893501102924347,0.13642723858356476,0.18299129605293274,0.0867537334561348
3000,-12.8805,-12.4891,-25.3695,-10.6016,-11.5391,0.0,0.0,0.9677572250366211,0.3636578321456909,0.84354567527771,0.17530864477157593,0.5204613208770752,0.49183768033981323,0.16449004411697388,0.1604866236448288,0.07870802283287048
3005,-12.623,-12.7672,-25.3902,-10.5703,-11.5781,0.0,0.0,0.9635712504386902,0.33119383454322815,0.8254545331001282,0.14496088027954102,0.5126488208770752,0.4993392527103424,0.15139147639274597,0.16033115983009338,0.08446051180362701
3010,-11.9398,-14.1172,-26.057,-9.3281,-13.0078,0.0,0.0,0.9395385384559631,0.23717409372329712,0.7672734260559082,0.1101132333278656,0.355654776096344,0.4480721354484558,0.13864272832870483,0.20926617085933685,0.09954135864973068
3015,-11.7977,-13.5379,-25.3355,-9.8203,-11.625,0.0,0.0,0.9612731337547302,0.25751712918281555,0.8174110651016235,0.07754907011985779,0.340029776096344,0.49580225348472595,0.13055814802646637,0.18796642124652863,0.08119558542966843
3020,-13.1582,-12.093,-25.2512,-10.6562,-11.5,0.0,0.0,0.9851037263870239,0.4052608013153076,0.9111989736557007,0.1832731068134308,0.4460565447807312,0.4983675479888916,0.17436255514621735,0.14750465750694275,0.07528762519359589
3025,-13.1359,-12.0531,-25.1891,-10.5703,-11.1562,0.0,0.0,0.9822987914085388,0.39385291934013367,0.9249357581138611,0.19988706707954407,0.4482886791229248,0.4984452724456787,0.17704446613788605,0.1511971354484558,0.06883551180362701
3030,-11.984,-13.116,-25.1,-9.6328,-12.1172,0.0,0.0,0.9759513139724731,0.20857474207878113,0.8884947896003723,0.1538461595773697,0.3225446343421936,0.51072758436203,0.13417288661003113,0.17533425986766815,0.07528762519359589
3035,-11.8469,-14.3922,-26.2391,-9.0391,-13.375,0.0,0.0,0.9603026509284973,0.1609228104352951,0.8002835512161255,0.1154281422495842,0.1785714328289032,0.4366837739944458,0.1364661008119583,0.21933302283287048,0.10303948819637299
3040,-12.0094,-13.9617,-25.9711,-8.9297,-13.125,0.0,0.0,0.9641623497009277,0.21777290105819702,0.8291728496551514,0.1242845430970192,0.200148805975914,0.45009326934814453,0.14171330630779266,0.20864428579807281,0.09507151693105698
3045,-11.675,-13.8699,-25.5449,-8.6641,-13.9141,0.0,0.0,0.9580146670341492,0.22908546030521393,0.8143129944801331,0.10482758283615112,0.2459077388048172,0.4776896834373474,0.12962530553340912,0.20366916060447693,0.08453824371099472
3050,-13.141,-11.8285,-24.9695,-10.3516,-11.8516,0.0,0.0,0.9851632118225098,0.4701639413833618,0.9037901163101196,0.18850871920585632,0.4188988208770752,0.5108442306518555,0.1778218299150467,0.146649569272995,0.06020677834749222
3055,-13.616,-11.359,-24.975,-11.5156,-11.6094,0.0,0.0,0.9830054640769958,0.5155353546142578,0.9062679409980774,0.22752420604228973,0.519345223903656,0.5077347755432129,0.19640080630779266,0.1351834535598755,0.05620335787534714
3060,-13.6773,-11.657,-25.3344,-11.0469,-11.7031,0.0,0.0,0.9816867709159851,0.5432437658309937,0.9070581793785095,0.2237211912870407,0.3738839328289032,0.48390859365463257,0.19818873703479767,0.1442786008119583,0.06914645433425903
3065,-12.3289,-12.984,-25.3129,-9.7266,-12.6094,0.0,0.0,0.9696385264396667,0.39743590354919434,0.8337158560752869,0.1632765233516693,0.2611607015132904,0.48390859365463257,0.1546175330877304,0.18629509210586548,0.07070118188858032
3070,-12.3391,-13.0691,-25.4082,-9.2422,-13.0391,0.0,0.0,0.9646428227424622,0.39896371960639954,0.8395378589630127,0.1371571123600006,0.2589285671710968,0.48589086532592773,0.15003108978271484,0.18166977167129517,0.07793065905570984
3075,-13.2055,-12.1016,-25.307,-11.0391,-11.7422,0.0,0.0,0.9764410853385925,0.5292667746543884,0.8994784355163574,0.13179263472557068,0.2838541567325592,0.48009949922561646,0.18924906849861145,0.16394589841365814,0.062227923423051834
3080,-13.1039,-12.6855,-25.7895,-9.7656,-13.0938,0.0,0.0,0.9618745446205139,0.4644702970981598,0.875,0.1573724001646042,0.2779017984867096,0.45366916060447693,0.1805037260055542,0.17910447716712952,0.08224502205848694
3085,-14.7055,-11.7289,-26.4344,-12.3906,-11.8047,0.0,0.0,0.9709230065345764,0.5872195959091187,0.8929341435432434,0.1346588283777237,0.3519345223903656,0.40636661648750305,0.24086597561836243,0.162274569272995,0.0860152393579483
3090,-13.0531,-12.0887,-25.1418,-10.375,-11.9922,0.0,0.0,0.9599937200546265,0.5401650071144104,0.8923654556274414,0.14465786516666412,0.3727678656578064,0.49646300077438354,0.1790267378091812,0.1552782952785492,0.06475435197353363
3095,-11.8023,-13.3,-25.1023,-8.7734,-13.7188,0.0,0.0,0.9447556734085083,0.4167836010456085,0.8222358226776123,0.10560093075037003,0.2648809552192688,0.49953359365463257,0.13848724961280823,0.19088153541088104,0.06662002205848694
3100,-13.2555,-12.5277,-25.7832,-9.7812,-13.625,0.0,0.0,0.9667462706565857,0.4889821708202362,0.8714895248413086,0.12452290207147598,0.3080357015132904,0.45584577322006226,0.18520678579807281,0.1730021834373474,0.0814676582813263
3105,-12.2977,-13.1227,-25.4203,-9.625,-12.6719,0.0,0.0,0.9594517946243286,0.4168564975261688,0.8443936109542847,0.09687339514493942,0.2648809552192688,0.47928327322006226,0.1535681039094925,0.1868392378091812,0.07583177834749222
3110,-13.2918,-12.0871,-25.3789,-10.3438,-12.2422,0.0,0.0,0.965879499912262,0.5118337273597717,0.8897374868392944,0.14143775403499603,0.386532723903656,0.4773010015487671,0.18886038661003113,0.16285759210586548,0.06650342047214508
3115,-12.5738,-12.8668,-25.4406,-10.0391,-12.1484,0.0,0.0,0.963593602180481,0.4283329248428345,0.8636956810951233,0.09508881717920303,0.2991071343421936,0.47936099767684937,0.16297419369220734,0.1787935346364975,0.07439365983009338
3120,-13.2836,-11.7977,-25.0812,-11.3281,-12.1016,0.0,0.0,0.9720941185951233,0.5601081252098083,0.8837858438491821,0.11014686524868011,0.402157723903656,0.4972403645515442,0.18687811493873596,0.15317942202091217,0.058224502950906754
3125,-13.3977,-11.3762,-24.7738,-12.3203,-10.8203,0.0,0.0,0.9809109568595886,0.5665587782859802,0.8882850408554077,0.11737705022096634,0.5297619104385376,0.5273631811141968,0.18015392124652863,0.12873134016990662,0.059273943305015564
3130,-12.5176,-12.2129,-24.7305,-10.6641,-11.2969,0.0,0.0,0.9698269367218018,0.4776196777820587,0.8394568562507629,0.07927928119897842,0.495907723903656,0.5345926880836487,0.150225430727005,0.1459888070821762,0.06471548229455948
3135,-13.4258,-11.232,-24.6578,-12.1406,-10.5,0.0,0.0,0.9770410060882568,0.5689547061920166,0.8945121765136719,0.11769115179777145,0.581845223903656,0.5298896431922913,0.18629509210586548,0.12748755514621735,0.051850125193595886
3140,-13.9582,-11.025,-24.9832,-12.8438,-10.8516,0.0,0.0,0.9817765951156616,0.5624642372131348,0.9171392321586609,0.10079575330018997,0.6372767686843872,0.5097559094429016,0.2037857621908188,0.123367540538311,0.058613184839487076
3145,-13.3793,-11.5816,-24.9609,-12.0547,-11.1172,0.0,0.0,0.9720607995986938,0.48083242774009705,0.8794454336166382,0.10951008647680283,0.667782723903656,0.5216884613037109,0.17743314802646637,0.12896455824375153,0.06743625551462173
3150,-12.5902,-12.1203,-24.7105,-10.7656,-10.8359,0.0,0.0,0.966034471988678,0.39235568046569824,0.8612414002418518,0.08871915191411972,0.640252947807312,0.5389847755432129,0.1494869440793991,0.14089708030223846,0.06615360826253891
3155,-12.1227,-12.6676,-24.7902,-9.6328,-12.5859,0.0,0.0,0.9559100866317749,0.33586448431015015,0.8300815224647522,0.07090602070093155,0.5747767686843872,0.535991907119751,0.13308458030223846,0.1573771834373474,0.06906872242689133
3160,-12.5676,-12.2816,-24.8492,-10.5625,-11.2656,0.0,0.0,0.9638975858688354,0.35484713315963745,0.8295363187789917,0.08074533939361572,0.6811755895614624,0.532921314239502,0.14874844253063202,0.1450171023607254,0.06883551180362701
3165,-12.677,-11.5977,-24.2746,-11.0078,-10.8906,0.0,0.0,0.9755494594573975,0.42137405276298523,0.8724409341812134,0.1090909093618393,0.7206101417541504,0.5659204125404358,0.1527518630027771,0.12340640276670456,0.05344371870160103
3170,-13.7059,-11.4816,-25.1875,-11.5078,-11.5078,0.0,0.0,0.9705517888069153,0.4791003167629242,0.8834249377250671,0.1510574072599411,0.6703869104385376,0.5015547275543213,0.19527363777160645,0.1343672275543213,0.06432680040597916
3175,-13.402,-11.3863,-24.7883,-11.2656,-10.6797,0.0,0.0,0.9707692265510559,0.49218234419822693,0.8765316009521484,0.1644657850265503,0.7101934552192688,0.5305503606796265,0.17650030553340912,0.12371735274791718,0.06475435197353363
3180,-13.3164,-11.8328,-25.1492,-9.6953,-12.5547,0.0,0.0,0.9492641091346741,0.4538364112377167,0.8618152141571045,0.21665695309638977,0.680059552192688,0.5017879605293274,0.18439054489135742,0.14260727167129517,0.0667366310954094
3185,-13.8742,-11.2797,-25.1539,-10.4219,-13.0,0.0,0.0,0.9579772353172302,0.5247599482536316,0.8571844100952148,0.2467447966337204,0.7090773582458496,0.49576336145401,0.20642879605293274,0.1336287260055542,0.05970149114727974
3190,-14.2887,-11.3145,-25.6031,-11.0547,-11.7344,0.0,0.0,0.9553900361061096,0.5265191197395325,0.8658093214035034,0.22185611724853516,0.7109375,0.46439677476882935,0.22131529450416565,0.13903141021728516,0.07077892124652863
3195,-12.9324,-12.568,-25.5004,-9.5469,-12.8516,0.0,0.0,0.9245604276657104,0.3913525640964508,0.8413033485412598,0.1726469099521637,0.6499255895614624,0.4796719551086426,0.1752953976392746,0.16581156849861145,0.07474347203969955
3200,-13.427,-11.4418,-24.8688,-9.7734,-12.5156,0.0,0.0,0.9593423008918762,0.4661779999732971,0.8939031958580017,0.20467835664749146,0.734747052192688,0.5200559496879578,0.18559545278549194,0.1300528645515442,0.059818096458911896
3205,-12.8793,-12.9121,-25.7914,-9.4766,-13.5312,0.0,0.0,0.9194716811180115,0.40793752670288086,0.7485555410385132,0.1400296837091446,0.687872052192688,0.4561178386211395,0.17922107875347137,0.1816309094429016,0.07855255156755447
3210,-13.1676,-12.3086,-25.4762,-9.1406,-13.8984,0.0,0.0,0.9355358481407166,0.43433913588523865,0.8123160004615784,0.14664502441883087,0.687872052192688,0.4823538661003113,0.18291355669498444,0.15842661261558533,0.07182835787534714
3215,-12.0441,-12.8762,-24.9203,-9.1328,-13.0469,0.0,0.0,0.9303531050682068,0.3639069199562073,0.7652689218521118,0.12393681704998016,0.6640625,0.5173351764678955,0.14365671575069427,0.17055347561836243,0.06397698819637299
3220,-12.6449,-12.9848,-25.6297,-8.1406,-15.6875,0.0,0.0,0.8942436575889587,0.463854044675827,0.7870020866394043,0.13191929459571838,0.6123511791229248,0.46455225348472595,0.17043687403202057,0.18540112674236298,0.07513215392827988
3225,-13.4984,-11.798,-25.2965,-10.1953,-12.1875,0.0,0.0,0.9498041868209839,0.5500801205635071,0.7847673296928406,0.14970414340496063,0.6595982313156128,0.48627954721450806,0.19402985274791718,0.14952580630779266,0.06568718701601028
3230,-12.6766,-12.0602,-24.7367,-9.2266,-13.3516,0.0,0.0,0.9335499405860901,0.5321471095085144,0.76694256067276,0.128621906042099,0.7046130895614624,0.5264303684234619,0.16382929682731628,0.15026430785655975,0.05499844625592232
3235,-13.0629,-11.4457,-24.5086,-10.3125,-11.6719,0.0,0.0,0.9607201218605042,0.520928144454956,0.8404090404510498,0.14369501173496246,0.7247023582458496,0.54621422290802,0.17086443305015564,0.12542754411697388,0.05301617085933685
3240,-13.0574,-11.1637,-24.2211,-10.0391,-11.7969,0.0,0.0,0.9600771069526672,0.48829200863838196,0.8811069130897522,0.1814483255147934,0.8392857313156128,0.5646766424179077,0.16930970549583435,0.1137671023607254,0.0477689690887928
3245,-13.2996,-11.0871,-24.3867,-10.7891,-10.5781,0.0,0.0,0.9716233015060425,0.4828048348426819,0.8822901844978333,0.15670554339885712,0.8292410969734192,0.5588464140892029,0.17405161261558533,0.1092972606420517,0.05332711338996887
3250,-12.0578,-13.6914,-25.7492,-9.0234,-13.7812,0.0,0.0,0.9060970544815063,0.2878950238227844,0.727361798286438,0.09585853666067123,0.6536458134651184,0.46855565905570984,0.14513370394706726,0.19830535352230072,0.08352767676115036
3255,-12.2348,-11.9793,-24.2141,-9.8984,-11.2812,0.0,0.0,0.9427037239074707,0.40179574489593506,0.8380952477455139,0.11617961525917053,0.804315447807312,0.5718672275543213,0.13852612674236298,0.13059701025485992,0.05453202873468399
3260,-12.034,-13.0195,-25.0535,-8.6719,-13.7812,0.0,0.0,0.9169957637786865,0.338992178440094,0.7663760185241699,0.08945497870445251,0.7168898582458496,0.5118159055709839,0.14423973858356476,0.17385727167129517,0.06560945510864258
3265,-12.8254,-13.0563,-25.8816,-8.7891,-15.0703,0.0,0.0,0.8907570242881775,0.38622820377349854,0.763279914855957,0.12109375,0.7607886791229248,0.4554182291030884,0.1761116236448288,0.18439054489135742,0.07960198819637299
3270,-11.5387,-14.7168,-26.2555,-8.4141,-14.6953,0.0,0.0,0.8511320948600769,0.24037304520606995,0.6889944076538086,0.09188773483037949,0.6383928656578064,0.4360229969024658,0.12919776141643524,0.22920553386211395,0.10109607875347137
3275,-12.8109,-12.1277,-24.9387,-9.9531,-11.4062,0.0,0.0,0.9464432001113892,0.3841232359409332,0.8261923789978027,0.11698337644338608,0.7842261791229248,0.5218050479888916,0.16402363777160645,0.14423973858356476,0.06545397639274597
3280,-11.9637,-12.6316,-24.5953,-9.9062,-11.5469,0.0,0.0,0.9375622868537903,0.31931784749031067,0.8106893301010132,0.08181246370077133,0.7180059552192688,0.5459421873092651,0.13219061493873596,0.15562811493873596,0.06176150590181351
3285,-11.7063,-13.9293,-25.6355,-9.5781,-12.1797,0.0,0.0,0.8933875560760498,0.29991504549980164,0.7333828210830688,0.07101449370384216,0.6108630895614624,0.46847793459892273,0.13724346458911896,0.20934391021728516,0.08045709133148193
3290,-11.4984,-13.9406,-25.4391,-8.2188,-14.4766,0.0,0.0,0.8797663450241089,0.24644412100315094,0.7392106056213379,0.11153221130371094,0.675967276096344,0.4790889322757721,0.13390080630779266,0.21074315905570984,0.07178948819637299
3295,-12.3293,-12.8836,-25.2129,-9.7969,-12.0703,0.0,0.0,0.8973328471183777,0.3286009430885315,0.8283014297485352,0.10095137357711792,0.8013392686843872,0.5027596354484558,0.15057525038719177,0.16864894330501556,0.07353855669498444
3300,-12.4953,-12.4273,-24.9227,-9.5156,-13.0781,0.0,0.0,0.9128262400627136,0.4105024039745331,0.8503897190093994,0.07860519737005234,0.7715773582458496,0.5212219953536987,0.15395678579807281,0.15457867085933685,0.06576492637395859
3305,-11.8547,-14.0777,-25.9324,-8.2344,-15.8516,0.0,0.0,0.8446322679519653,0.3506944477558136,0.7630834579467773,0.07439926266670227,0.6335565447807312,0.4460510015487671,0.14552238583564758,0.21983830630779266,0.08411069959402084
3310,-10.9801,-16.4328,-27.4129,-7.3125,-18.0469,0.0,0.0,0.7729234099388123,0.19379115104675293,0.6164531111717224,0.05022110044956207,0.5208333134651184,0.36030784249305725,0.12395056337118149,0.28820741176605225,0.12305659055709839
3315,-11.6875,-19.0328,-30.7203,-9.9062,-20.9922,0.0,0.0,0.6355196833610535,0.15049707889556885,0.4547448754310608,0.040424223989248276,0.402529776096344,0.19259172677993774,0.11337842047214508,0.3366760015487671,0.25287625193595886
3320,-13.4156,-20.2969,-33.7125,-16.3672,-21.4766,0.0,0.0,0.6676583290100098,0.14670255780220032,0.29927679896354675,0.021376578137278557,0.3102678656578064,0.09145677834749222,0.08663712441921234,0.295592337846756,0.42183613777160645
3325,-11.5543,-21.1051,-32.6594,-13.6094,-22.9141,0.0,0.0,0.6337403059005737,0.15846456587314606,0.26893579959869385,0.02743000164628029,0.2280505895614624,0.1050606369972229,0.07898010313510895,0.36998599767684937,0.3414956331253052
3330,-12.4516,-20.7859,-33.2375,-13.9375,-22.2578,0.0,0.0,0.5843588709831238,0.14814814925193787,0.2878181040287018,0.026923850178718567,0.2741815447807312,0.09790889173746109,0.0808069035410881,0.329912930727005,0.3868936598300934
3335,-13.9145,-21.4168,-35.3313,-18.375,-20.7656,0.0,0.0,0.5810593962669373,0.10397553443908691,0.18915851414203644,0.013393853791058064,0.197172611951828,0.04842972755432129,0.05083955079317093,0.27390390634536743,0.5223491787910461
3340,-12.9781,-20.4828,-33.4609,-16.1797,-21.0312,0.0,0.0,0.608818769454956,0.23421406745910645,0.2542053759098053,0.03857652470469475,0.3136160671710968,0.09608209133148193,0.08679260313510895,0.30962374806404114,0.40302392840385437
3345,-12.1664,-18.1289,-30.2953,-10.6875,-20.3203,0.0,0.0,0.7118191719055176,0.3321267068386078,0.3970756530761719,0.08763217180967331,0.4598214328289032,0.21836131811141968,0.12884794175624847,0.30569806694984436,0.24261504411697388
3350,-12.932,-17.2785,-30.2105,-10.4766,-20.4141,0.0,0.0,0.7682357430458069,0.38380196690559387,0.4212149679660797,0.08282104134559631,0.4854910671710968,0.21634016931056976,0.16173040866851807,0.28983986377716064,0.2276119440793991
3355,-12.7133,-14.0551,-26.7684,-8.8125,-15.75,0.0,0.0,0.8376394510269165,0.43166929483413696,0.6571377515792847,0.17155110836029053,0.6934523582458496,0.397154837846756,0.17206934094429016,0.21754509210586548,0.10875310748815536
3360,-13.6383,-12.9949,-26.6332,-9.0156,-14.8516,0.0,0.0,0.8744044303894043,0.4685758352279663,0.7200760245323181,0.17267844080924988,0.7578125,0.4078824520111084,0.2022310346364975,0.18411846458911896,0.10129041969776154
3365,-13.1133,-12.8602,-25.9734,-10.5078,-11.5625,0.0,0.0,0.9031287431716919,0.44294002652168274,0.7655726671218872,0.13280563056468964,0.703497052192688,0.45219215750694275,0.18085354566574097,0.17409048974514008,0.08838619291782379
3370,-12.9883,-13.1535,-26.1418,-11.0703,-11.5625,0.0,0.0,0.8962247967720032,0.43282580375671387,0.7278029918670654,0.16088199615478516,0.6685267686843872,0.44682836532592773,0.1735852062702179,0.17992070317268372,0.09518811851739883
3375,-13.9887,-11.5383,-25.527,-12.4062,-11.1641,0.0,0.0,0.9357640147209167,0.5707712173461914,0.8110676407814026,0.15679824352264404,0.7399553656578064,0.4743858873844147,0.21117070317268372,0.1390702724456787,0.07089552283287048
3380,-12.7457,-12.3016,-25.0473,-10.9609,-11.7344,0.0,0.0,0.9245599508285522,0.5174808502197266,0.7769055366516113,0.1395089328289032,0.6863839030265808,0.5100668668746948,0.16231343150138855,0.1534903645515442,0.06965173780918121
3385,-13.8207,-10.9203,-24.741,-13.8125,-9.6641,0.0,0.0,0.9594098925590515,0.6258409023284912,0.8040844798088074,0.15139171481132507,0.7875744104385376,0.5295398235321045,0.1964396834373474,0.11229011416435242,0.05725279822945595
3390,-14.5859,-10.7867,-25.3727,-15.5078,-9.1094,0.0,0.0,0.9499561190605164,0.633167564868927,0.8252555131912231,0.1797206997871399,0.7734375,0.4869791567325592,0.2266402393579483,0.11788712441921234,0.06401585787534714
3395,-16.2211,-9.5578,-25.7789,-16.5,-8.6016,0.0,0.0,0.9688804149627686,0.7001869678497314,0.865210235118866,0.2274969220161438,0.8619791865348816,0.44713929295539856,0.29104477167129517,0.09429415315389633,0.06304415315389633
3400,-14.9844,-10.5945,-25.5789,-16.0547,-9.2344,0.0,0.0,0.9553998112678528,0.6372085213661194,0.8190476298332214,0.1932498663663864,0.8184523582458496,0.47147077322006226,0.23837842047214508,0.11427238583564758,0.07140080630779266
3405,-15.4488,-10.0219,-25.4707,-15.9688,-8.8203,0.0,0.0,0.9680105447769165,0.6633840799331665,0.8357933759689331,0.2241494357585907,0.8381696343421936,0.4714319109916687,0.2604944109916687,0.10533270984888077,0.05826336890459061
3410,-17.0301,-8.6594,-25.6895,-18.6641,-7.5547,0.0,0.0,0.9776126146316528,0.7551068663597107,0.9005311727523804,0.25080129504203796,0.9051339030265808,0.43924906849861145,0.32726991176605225,0.08049596101045609,0.048507463186979294
3415,-18.2582,-8.0207,-26.2789,-20.3906,-6.9141,0.0,0.0,0.9712343811988831,0.8168445229530334,0.897777795791626,0.23398329317569733,0.879092276096344,0.3945506811141968,0.37519434094429016,0.06996268779039383,0.055814675986766815
3420,-17.2898,-8.5184,-25.8082,-19.6641,-6.8438,0.0,0.0,0.9730921387672424,0.7803259491920471,0.8942798972129822,0.2137681096792221,0.9203869104385376,0.4319029748439789,0.33387747406959534,0.07610385864973068,0.05363805964589119
3425,-17.8148,-8.4363,-26.2512,-20.6406,-7.0938,0.0,0.0,0.9693955779075623,0.7808294892311096,0.8704850077629089,0.27848100662231445,0.8876488208770752,0.4064054787158966,0.3523787260055542,0.07532649487257004,0.06141168996691704
3430,-17.1965,-8.8117,-26.0082,-20.1484,-7.1875,0.0,0.0,0.9617676734924316,0.7779101729393005,0.871119499206543,0.26579925417900085,0.8612351417541504,0.42393502593040466,0.32622045278549194,0.08263370394706726,0.06273321062326431
3435,-16.6738,-9.5406,-26.2145,-19.4688,-7.0469,0.0,0.0,0.9579495787620544,0.7274691462516785,0.8550201058387756,0.2171664983034134,0.836309552192688,0.4177938401699066,0.30577582120895386,0.09678171575069427,0.07517102360725403
3440,-16.4621,-9.4004,-25.8625,-18.1953,-7.3438,0.0,0.0,0.9627560377120972,0.7256499528884888,0.8529291152954102,0.24701446294784546,0.8537946343421936,0.4383162260055542,0.30048975348472595,0.09487717598676682,0.06183924153447151
3445,-14.2898,-11.1188,-25.4086,-15.0703,-9.1641,0.0,0.0,0.9377735257148743,0.6238582134246826,0.7889240384101868,0.18107667565345764,0.793154776096344,0.4884561598300934,0.21276430785655975,0.12282337993383408,0.07147854566574097
3450,-12.2391,-13.7285,-25.9676,-11.6953,-11.5312,0.0,0.0,0.8768920302391052,0.4567399024963379,0.6773542761802673,0.10871303081512451,0.636532723903656,0.462220162153244,0.1433068960905075,0.19274720549583435,0.0972481369972229
3455,-11.7977,-14.7414,-26.5391,-10.5,-12.4688,0.0,0.0,0.8725945949554443,0.349258154630661,0.6050464510917664,0.10273515433073044,0.59375,0.4261893630027771,0.13098569214344025,0.22182057797908783,0.11652673780918121
3460,-11.8477,-14.6309,-26.4785,-11.1172,-10.9531,0.0,0.0,0.8777605891227722,0.3733992874622345,0.600070059299469,0.1065743938088417,0.5848214030265808,0.4276663661003113,0.1335510015487671,0.22197605669498444,0.11232897639274597
3465,-12.3012,-13.684,-25.9852,-11.0547,-11.8984,0.0,0.0,0.889060914516449,0.3982550799846649,0.6899940967559814,0.15609554946422577,0.6316964030265808,0.45195895433425903,0.15146921575069427,0.19772233068943024,0.09437189251184464
3470,-13.2004,-17.841,-31.0414,-14.1406,-15.8984,0.0,0.0,0.6896291971206665,0.21990811824798584,0.5012505650520325,0.08832354843616486,0.4274553656578064,0.20650653541088104,0.12690454721450806,0.26418688893318176,0.2979244291782379
3475,-11.8539,-15.3156,-27.1695,-8.8672,-15.2188,0.0,0.0,0.7903574705123901,0.31032595038414,0.6464958190917969,0.16042447090148926,0.5829613208770752,0.3772932291030884,0.14190764725208282,0.251787930727005,0.12453357875347137
3480,-12.1109,-16.0953,-28.2062,-10.1484,-15.0703,0.0,0.0,0.7526659965515137,0.2742353677749634,0.6238771080970764,0.1318272054195404,0.527529776096344,0.3207400441169739,0.14995336532592773,0.26826804876327515,0.15656094253063202
3485,-13.4781,-13.0715,-26.5496,-12.2969,-11.8281,0.0,0.0,0.8875834345817566,0.4340229034423828,0.7800495624542236,0.1980620175600052,0.6049107313156128,0.41351833939552307,0.193524569272995,0.18819962441921234,0.10027985274791718
3490,-13.2109,-12.5957,-25.8066,-11.0547,-13.0,0.0,0.0,0.890943169593811,0.509575366973877,0.7679892182350159,0.21933268010616302,0.6622023582458496,0.456195592880249,0.18672263622283936,0.17339086532592773,0.07921330630779266
3495,-13.2043,-12.2,-25.4043,-11.5391,-12.5938,0.0,0.0,0.9116684198379517,0.5107241272926331,0.7940009832382202,0.21340090036392212,0.683407723903656,0.4866682291030884,0.1830301582813263,0.15679416060447693,0.06902985274791718
3500,-13.234,-11.8922,-25.1262,-12.1875,-10.5,0.0,0.0,0.9423004388809204,0.4736606180667877,0.8055711984634399,0.1928251087665558,0.722470223903656,0.5146533250808716,0.17339086532592773,0.13813744485378265,0.0693407952785492
3505,-13.168,-12.2773,-25.4453,-11.0547,-11.2656,0.0,0.0,0.9356127381324768,0.47222837805747986,0.7722897529602051,0.17420925199985504,0.7012648582458496,0.4865516126155853,0.17564521729946136,0.15345148742198944,0.07987406849861145
3510,-14.9012,-10.3859,-25.2871,-15.1641,-9.8672,0.0,0.0,0.963485598564148,0.6500410437583923,0.8477956652641296,0.22862693667411804,0.7678571343421936,0.48752331733703613,0.2369014322757721,0.1110851988196373,0.06001243740320206
3515,-17.6605,-8.2152,-25.8758,-18.7266,-7.7812,0.0,0.0,0.9762387275695801,0.7905375361442566,0.9090433716773987,0.36758893728256226,0.8612351417541504,0.4220304787158966,0.34996891021728516,0.07435479015111923,0.04916822165250778
3520,-17.2934,-8.8723,-26.1656,-19.0156,-8.2344,0.0,0.0,0.9650534987449646,0.7365360260009766,0.893310010433197,0.3844708800315857,0.8370535969734192,0.4104088842868805,0.334149569272995,0.08889147639274597,0.062072448432445526
3525,-17.2742,-8.8191,-26.0934,-18.9844,-7.3594,0.0,0.0,0.9688143730163574,0.740132749080658,0.8960217237472534,0.34593209624290466,0.8601190447807312,0.4150342047214508,0.3338386118412018,0.08597636967897415,0.060673195868730545
3530,-16.5066,-9.3289,-25.8355,-18.3438,-8.4766,0.0,0.0,0.9660534858703613,0.7004095315933228,0.8796868324279785,0.41591203212738037,0.8180803656578064,0.43738338351249695,0.3037157952785492,0.09433302283287048,0.06009017303586006
3535,-15.5828,-10.0164,-25.5992,-16.8672,-9.8359,0.0,0.0,0.9633442163467407,0.6441969275474548,0.8612673282623291,0.3631249964237213,0.8002232313156128,0.4644356369972229,0.2652363181114197,0.10366138070821762,0.06218905374407768
3540,-13.2348,-12.1766,-25.4113,-12.8516,-10.3203,0.0,0.0,0.9472165703773499,0.44699203968048096,0.7681940793991089,0.19485469162464142,0.6979166865348816,0.4985229969024658,0.1712142378091812,0.1442008763551712,0.08158426731824875
3545,-14.452,-10.9773,-25.4293,-14.5312,-10.7812,0.0,0.0,0.9527258276939392,0.5393497943878174,0.8343538641929626,0.28686174750328064,0.8054315447807312,0.4883784055709839,0.21878886222839355,0.1206078976392746,0.06774719804525375
3550,-12.902,-12.8398,-25.7418,-10.7734,-11.125,0.0,0.0,0.9344302415847778,0.365491658449173,0.7525335550308228,0.18818862736225128,0.6674107313156128,0.47481343150138855,0.16759949922561646,0.16491760313510895,0.08819185197353363
3555,-13.6277,-11.2699,-24.8977,-13.2656,-10.2891,0.0,0.0,0.9621561169624329,0.4768786132335663,0.8444094657897949,0.31444939970970154,0.7585565447807312,0.52277672290802,0.18827736377716064,0.12340640276670456,0.06106187775731087
3560,-12.7949,-12.2137,-25.0086,-10.1172,-12.5078,0.0,0.0,0.9379258751869202,0.40991976857185364,0.7974217534065247,0.27611517906188965,0.6819196343421936,0.5190842747688293,0.15986473858356476,0.14773787558078766,0.06883551180362701
3565,-13.3445,-12.3145,-25.659,-11.4453,-11.5156,0.0,0.0,0.9327738285064697,0.43821656703948975,0.7875520586967468,0.272423654794693,0.6469494104385376,0.47236475348472595,0.18306903541088104,0.1586209535598755,0.0814676582813263
3570,-12.2934,-13.5039,-25.7973,-9.6094,-13.1953,0.0,0.0,0.9000337719917297,0.3430527448654175,0.7359050512313843,0.2153635174036026,0.5870535969734192,0.46074315905570984,0.15329602360725403,0.19647854566574097,0.08500466495752335
3575,-11.1789,-15.5219,-26.7008,-8.6016,-15.3047,0.0,0.0,0.8558157682418823,0.2557704448699951,0.6092764735221863,0.12966878712177277,0.449032723903656,0.40166357159614563,0.12461131811141968,0.2589396834373474,0.11030783504247665
3580,-10.6055,-16.1355,-26.741,-7.6094,-16.7266,0.0,0.0,0.7796157002449036,0.1964520364999771,0.6193398833274841,0.15498442947864532,0.4955357015132904,0.392412930727005,0.11831467598676682,0.2849813401699066,0.09981343150138855
3585,-10.9465,-18.9176,-29.8641,-8.9375,-23.0938,0.0,0.0,0.6929536461830139,0.161807119846344,0.42928969860076904,0.10524249076843262,0.316592276096344,0.21291977167129517,0.12130752205848694,0.36333954334259033,0.19795553386211395
3590,-12.6062,-19.4113,-32.0176,-13.1328,-22.5781,0.0,0.0,0.7105119824409485,0.25307798385620117,0.32582491636276245,0.07593245059251785,0.2946428656578064,0.14272387325763702,0.11365050077438354,0.31922417879104614,0.3199238181114197
3595,-13.0938,-20.6137,-33.7074,-16.5547,-21.1953,0.0,0.0,0.6897993087768555,0.2542288601398468,0.2316557765007019,0.03841536492109299,0.21875,0.09297263622283936,0.078125,0.30352145433425903,0.4209032952785492
3600,-14.0594,-19.9762,-34.0355,-17.4297,-20.8281,0.0,0.0,0.7014604806900024,0.2535760700702667,0.2513127326965332,0.0479695200920105,0.2764136791229248,0.09048507362604141,0.08966884016990662,0.26648008823394775,0.44888836145401
3605,-15.3613,-18.6625,-34.0238,-18.2266,-20.7578,0.0,0.0,0.8024963140487671,0.3765389919281006,0.30934596061706543,0.04889523610472679,0.2983630895614624,0.1058768630027771,0.11365050077438354,0.21334733068943024,0.4626477062702179
3610,-13.8906,-18.7398,-32.6305,-15.2812,-21.9141,0.0,0.0,0.7597461342811584,0.4428911507129669,0.2772558927536011,0.06411217153072357,0.3504464328289032,0.12861473858356476,0.13067474961280823,0.27308768033981323,0.36314520239830017
3615,-14.6977,-19.8,-34.4977,-17.7656,-20.9062,0.0,0.0,0.7423744797706604,0.3522530198097229,0.20937348902225494,0.037927694618701935,0.308407723903656,0.08282804489135742,0.08970770984888077,0.24133239686489105,0.48165422677993774
3620,-11.6219,-19.8332,-31.4551,-12.1406,-23.2969,0.0,0.0,0.7239201664924622,0.34244081377983093,0.27156829833984375,0.05499516427516937,0.329985111951828,0.1538790464401245,0.1066930964589119,0.3536613881587982,0.28128886222839355
3625,-13.5348,-19.4211,-32.9559,-16.2578,-21.6953,0.0,0.0,0.7785432934761047,0.37995824217796326,0.25596529245376587,0.048347361385822296,0.300967276096344,0.11847014725208282,0.11170709133148193,0.2866915464401245,0.3786536157131195
3630,-12.1113,-17.9098,-30.0211,-7.9453,-23.4844,0.0,0.0,0.7336227893829346,0.41502946615219116,0.38816484808921814,0.09099728614091873,0.400297611951828,0.2058846354484558,0.15827114880084991,0.3310401141643524,0.20032648742198944
3635,-11.484,-18.902,-30.3859,-9.4141,-23.7812,0.0,0.0,0.7099128365516663,0.3734687864780426,0.3421631157398224,0.07753443717956543,0.3590029776096344,0.1917366236448288,0.13009172677993774,0.35362252593040466,0.22007152438163757
3640,-11.9488,-15.6707,-27.6195,-5.4375,-22.2188,0.0,0.0,0.7928239107131958,0.4594031870365143,0.5344476103782654,0.16503873467445374,0.4936755895614624,0.32606497406959534,0.16802705824375153,0.28603076934814453,0.1153995618224144
3645,-12.3207,-19.2066,-31.5273,-12.0703,-22.7812,0.0,0.0,0.7237638831138611,0.35275787115097046,0.323670357465744,0.06714989244937897,0.2879464328289032,0.15407338738441467,0.12472791969776154,0.3325170874595642,0.28420397639274597
3650,-12.5688,-18.6625,-31.2313,-11.6797,-22.5781,0.0,0.0,0.7769303917884827,0.4012276828289032,0.32224881649017334,0.07652173936367035,0.3095238208770752,0.1630907952785492,0.13930347561836243,0.3249378204345703,0.26819029450416565
3655,-11.7887,-18.5164,-30.3051,-9.4062,-23.6562,0.0,0.0,0.7441217303276062,0.4176996350288391,0.3475145101547241,0.0830564796924591,0.3430059552192688,0.19671174883842468,0.13483364880084991,0.34168997406959534,0.22228699922561646
3660,-11.2559,-18.1266,-29.3824,-7.3438,-22.9531,0.0,0.0,0.7544969916343689,0.3535075783729553,0.42196792364120483,0.08667557686567307,0.3058035671710968,0.23336443305015564,0.1412857621908188,0.3464319109916687,0.17444029450416565
3665,-11.3422,-16.9473,-28.2895,-6.6172,-21.5,0.0,0.0,0.7642297744750977,0.34040793776512146,0.5244755148887634,0.11357956379652023,0.3545386791229248,0.29773008823394775,0.14101368188858032,0.3168143630027771,0.1399642378091812
3670,-11.2621,-15.2277,-26.4898,-8.8906,-14.5859,0.0,0.0,0.8151140809059143,0.32933446764945984,0.6673693656921387,0.13120269775390625,0.4676339328289032,0.40889304876327515,0.136077418923378,0.2581234574317932,0.09242848306894302
3675,-12.0027,-14.3828,-26.3855,-9.8984,-12.3828,0.0,0.0,0.8678917288780212,0.32686686515808105,0.7157378196716309,0.11811621487140656,0.5286458134651184,0.4251399338245392,0.14626088738441467,0.22178171575069427,0.10233986377716064
3680,-11.6566,-15.7688,-27.4254,-8.7344,-15.4844,0.0,0.0,0.812412440776825,0.26068615913391113,0.6369853019714355,0.09639639407396317,0.4847470223903656,0.36073538661003113,0.13821516931056976,0.26714086532592773,0.12943096458911896
3685,-10.732,-17.2547,-27.9867,-7.6562,-17.7812,0.0,0.0,0.7415340542793274,0.23404255509376526,0.552644670009613,0.08260632306337357,0.4010416567325592,0.32482120394706726,0.11508861929178238,0.31304416060447693,0.1425684094429016
3690,-10.4543,-17.5992,-28.0535,-7.4766,-19.3594,0.0,0.0,0.7543458938598633,0.285668283700943,0.4662286639213562,0.12344582378864288,0.4006696343421936,0.3063199520111084,0.1206856369972229,0.337220162153244,0.13129663467407227
3695,-9.8711,-18.7035,-28.5746,-7.3672,-20.8906,0.0,0.0,0.7110643982887268,0.22280967235565186,0.4161825180053711,0.08058124035596848,0.3988095223903656,0.2775186598300934,0.10292288661003113,0.36796486377716064,0.14711597561836243
3700,-9.7937,-20.2703,-30.0641,-8.9766,-23.5078,0.0,0.0,0.6551724076271057,0.2380228191614151,0.3119129538536072,0.08866994827985764,0.308407723903656,0.18598413467407227,0.10222326219081879,0.4179493188858032,0.1893656700849533
3705,-11.4027,-17.7191,-29.1219,-7.6797,-23.0781,0.0,0.0,0.7294723987579346,0.3517465591430664,0.4275902211666107,0.1330728530883789,0.4215029776096344,0.24898943305015564,0.14354011416435242,0.33387747406959534,0.1691153645515442
3710,-9.7262,-20.6562,-30.3824,-8.0391,-25.5469,0.0,0.0,0.7216812968254089,0.34485405683517456,0.23367759585380554,0.07485265284776688,0.3180803656578064,0.16367381811141968,0.10121268779039383,0.4327969551086426,0.1978389322757721
3715,-10.1008,-18.8758,-28.9766,-5.8125,-26.0625,0.0,0.0,0.7633184790611267,0.38156288862228394,0.30910536646842957,0.1104683205485344,0.409970223903656,0.23565764725208282,0.12733209133148193,0.3914412260055542,0.14109142124652863
3720,-12.0238,-21.7164,-33.7402,-16.3672,-21.6875,0.0,0.0,0.7675158977508545,0.2350090891122818,0.16349977254867554,0.023055581375956535,0.1674107164144516,0.07322761416435242,0.06417132914066315,0.35183456540107727,0.40628886222839355
3725,-11.5633,-21.9508,-33.5141,-16.3125,-21.8438,0.0,0.0,0.7605421543121338,0.2228875607252121,0.14249631762504578,0.02100965939462185,0.216889888048172,0.07742537558078766,0.058418843895196915,0.3693252503871918,0.39035293459892273
3730,-12.8391,-21.5988,-34.4379,-17.2266,-21.375,0.0,0.0,0.7672151327133179,0.2806539535522461,0.13722126185894012,0.014784603379666805,0.2027529776096344,0.06378264725208282,0.05705845728516579,0.317241907119751,0.4574393630027771
3735,-13.0844,-21.1328,-34.2172,-17.2891,-21.1328,0.0,0.0,0.7688984870910645,0.2850729525089264,0.16353383660316467,0.026080867275595665,0.2087053507566452,0.07198382914066315,0.06926306337118149,0.31016790866851807,0.4441075921058655
3740,-12.2668,-21.9875,-34.2543,-17.4844,-21.1641,0.0,0.0,0.7365728616714478,0.2300076186656952,0.1307988166809082,0.021192053332924843,0.1804315447807312,0.0607898011803627,0.05103389173746109,0.3435167968273163,0.4401819109916687
3745,-12.1477,-20.1035,-32.2512,-14.0391,-22.7812,0.0,0.0,0.7355421781539917,0.32682740688323975,0.24385784566402435,0.04344183951616287,0.3195684552192688,0.12904228270053864,0.1015625,0.34013524651527405,0.3247823417186737
3750,-11.8641,-19.8176,-31.6816,-12.9219,-23.0234,0.0,0.0,0.7334583401679993,0.3795875608921051,0.25317302346229553,0.042738478630781174,0.3590029776096344,0.1450948417186737,0.11120180040597916,0.349113792181015,0.2901119291782379
3755,-11.902,-18.4563,-30.3582,-9.5312,-24.4844,0.0,0.0,0.7670146226882935,0.45710593461990356,0.2821721136569977,0.09529906511306763,0.4441964328289032,0.18617847561836243,0.15041977167129517,0.3464319109916687,0.2124922275543213
3760,-11.9938,-17.2848,-29.2785,-7.7812,-22.6875,0.0,0.0,0.7394720315933228,0.4179179072380066,0.4291887879371643,0.1150403842329979,0.4520089328289032,0.24735696613788605,0.15531715750694275,0.3147932291030884,0.1780550330877304
3765,-11.4172,-16.1363,-27.5535,-5.9609,-22.25,0.0,0.0,0.7262085676193237,0.44419753551483154,0.5123560428619385,0.20198675990104675,0.570684552192688,0.3320506811141968,0.15741604566574097,0.30041199922561646,0.10564365983009338
3770,-13.102,-15.0191,-28.1211,-7.9609,-19.2578,0.0,0.0,0.7752111554145813,0.4832310974597931,0.5620711445808411,0.17037439346313477,0.6242559552192688,0.31296640634536743,0.19006529450416565,0.24922263622283936,0.14326803386211395
3775,-11.466,-15.5137,-26.9797,-7.6094,-18.1328,0.0,0.0,0.7529930472373962,0.471290647983551,0.5614109039306641,0.1723438799381256,0.6034226417541504,0.3701026141643524,0.152985081076622,0.27658581733703613,0.09584888070821762
3780,-12.7941,-13.5395,-26.3336,-8.1328,-16.9219,0.0,0.0,0.8077030777931213,0.5195601582527161,0.7003649473190308,0.24461105465888977,0.6867559552192688,0.4157727062702179,0.18380752205848694,0.21299751102924347,0.08294465392827988
3785,-13.582,-12.0164,-25.5984,-11.1406,-11.9609,0.0,0.0,0.8835227489471436,0.5917654037475586,0.7365853786468506,0.27098190784454346,0.7793898582458496,0.46517413854599,0.20013214647769928,0.15935945510864258,0.07085665315389633
3790,-14.7812,-11.05,-25.8312,-13.2266,-11.4922,0.0,0.0,0.9123864769935608,0.6318325400352478,0.7550151944160461,0.2674180269241333,0.855654776096344,0.4578280448913574,0.23394745588302612,0.12787623703479767,0.07587064802646637
3795,-11.6691,-16.9801,-28.6492,-10.1484,-14.9297,0.0,0.0,0.7819529175758362,0.3059360682964325,0.4699067771434784,0.08981115370988846,0.5334821343421936,0.29893502593040466,0.1276818960905075,0.2918998897075653,0.1770056039094925
3800,-12.2152,-17.45,-29.6652,-13.5781,-14.4688,0.0,0.0,0.7813448905944824,0.2440239042043686,0.4444287121295929,0.08644627779722214,0.4921875,0.26877331733703613,0.11707089841365814,0.27452582120895386,0.23515236377716064
3805,-12.3504,-14.3273,-26.6777,-11.7031,-11.5391,0.0,0.0,0.8688616752624512,0.43751591444015503,0.5863073468208313,0.13695354759693146,0.6354166865348816,0.4155395030975342,0.15271300077438354,0.2134639322757721,0.11380597203969955
3810,-13.7297,-11.7633,-25.493,-14.9922,-9.4375,0.0,0.0,0.9340510368347168,0.6276422739028931,0.6848775148391724,0.15229177474975586,0.741815447807312,0.48740673065185547,0.19123134016990662,0.1380208283662796,0.07886349409818649
3815,-13.4789,-12.0375,-25.5164,-13.4766,-10.3594,0.0,0.0,0.912227213382721,0.603441059589386,0.6960375308990479,0.15552178025245667,0.765997052192688,0.4844527244567871,0.18524564802646637,0.1490982621908188,0.07672574371099472
3820,-15.9488,-10.1586,-26.1074,-17.9062,-10.4062,0.0,0.0,0.936086893081665,0.7299929261207581,0.7409572601318359,0.18397177755832672,0.855654776096344,0.43664491176605225,0.2753809094429016,0.10638215392827988,0.07711442559957504
3825,-15.6246,-10.1648,-25.7895,-16.3594,-8.9766,0.0,0.0,0.9473367929458618,0.7032425999641418,0.7940007448196411,0.18815943598747253,0.828125,0.45316386222839355,0.26850125193595886,0.10754819959402084,0.06630907952785492
3830,-13.6336,-11.8875,-25.5211,-14.4531,-10.3984,0.0,0.0,0.9158360362052917,0.6245650053024292,0.7111893892288208,0.10820157825946808,0.7879464030265808,0.48351991176605225,0.1898709535598755,0.1434623748064041,0.07866915315389633
3835,-14.191,-12.1789,-26.3699,-14.7188,-10.9453,0.0,0.0,0.8769484758377075,0.6172751784324646,0.7114223837852478,0.1551724076271057,0.7767857313156128,0.4238961338996887,0.21824471652507782,0.16095304489135742,0.09242848306894302
3840,-13.0574,-13.2027,-26.2602,-12.8984,-11.3047,0.0,0.0,0.8625659346580505,0.5433979630470276,0.6893988847732544,0.13439883291721344,0.7287946343421936,0.4423196613788605,0.1683768630027771,0.1778218299150467,0.10700403898954391
3845,-14.077,-13.402,-27.4789,-16.8594,-9.1016,0.0,0.0,0.8314929008483887,0.5750612020492554,0.6270909905433655,0.19055995345115662,0.6826636791229248,0.3660603165626526,0.20635105669498444,0.19053171575069427,0.13257929682731628
3850,-13.7566,-13.2609,-27.0176,-16.4531,-9.1641,0.0,0.0,0.8647047281265259,0.5925406217575073,0.6335299015045166,0.14784523844718933,0.6577380895614624,0.39357897639274597,0.19383551180362701,0.18454602360725403,0.12356188148260117
3855,-14.8871,-12.1871,-27.0742,-19.1016,-7.875,0.0,0.0,0.8877097368240356,0.6369817852973938,0.6537518501281738,0.19716918468475342,0.7202380895614624,0.38456156849861145,0.234375,0.15850435197353363,0.1180814653635025
3860,-13.034,-14.7801,-27.8141,-14.9297,-9.5391,0.0,0.0,0.8363716006278992,0.4910905063152313,0.5787339210510254,0.11077769100666046,0.5680803656578064,0.35607120394706726,0.16359607875347137,0.22042132914066315,0.1554337739944458
3865,-12.4555,-17.1453,-29.6008,-13.9609,-13.0938,0.0,0.0,0.7816557288169861,0.3095318377017975,0.506117582321167,0.0630035474896431,0.4229910671710968,0.2784126102924347,0.1153995618224144,0.2604944109916687,0.2412157952785492
3870,-12.4629,-14.1973,-26.6602,-14.3828,-9.9766,0.0,0.0,0.8441606760025024,0.4712846279144287,0.6523258090019226,0.12232942879199982,0.6071428656578064,0.41701647639274597,0.1543065905570984,0.21140392124652863,0.1127953976392746
3875,-13.9211,-12.6262,-26.5473,-17.0938,-8.8906,0.0,0.0,0.8802752494812012,0.5612778067588806,0.7134461402893066,0.15803013741970062,0.7220982313156128,0.423662930727005,0.2007540464401245,0.16534514725208282,0.10576026141643524
3880,-13.2879,-12.5367,-25.8246,-15.2891,-9.2422,0.0,0.0,0.9085833430290222,0.5879000425338745,0.7040989398956299,0.10785562545061111,0.6886160969734192,0.46641790866851807,0.1773165464401245,0.16025342047214508,0.09153451770544052
3885,-13.3508,-13.3145,-26.6652,-15.8438,-8.625,0.0,0.0,0.8823087811470032,0.5470538139343262,0.6999377608299255,0.09023876488208771,0.5952380895614624,0.4141402244567871,0.18337997794151306,0.18730565905570984,0.11069651693105698
3890,-12.7715,-14.1238,-26.8953,-14.8438,-9.3828,0.0,0.0,0.8409501314163208,0.46694520115852356,0.6830071806907654,0.10776256024837494,0.6305803656578064,0.4090873897075653,0.15815454721450806,0.2005985677242279,0.1276818960905075
3895,-14.0305,-13.9074,-27.9379,-17.7109,-8.5469,0.0,0.0,0.8200855851173401,0.5208415985107422,0.6524809002876282,0.13305148482322693,0.6882440447807312,0.3452270030975342,0.19581778347492218,0.19818873703479767,0.15628886222839355
3900,-12.3406,-15.8457,-28.1863,-14.0938,-11.5625,0.0,0.0,0.7774386405944824,0.4236661493778229,0.5686426162719727,0.08540009707212448,0.5535714030265808,0.3311178386211395,0.14715485274791718,0.2511271834373474,0.16612251102924347
3905,-11.3102,-18.6906,-30.0008,-11.6641,-16.9844,0.0,0.0,0.6088220477104187,0.226523295044899,0.4879074692726135,0.05391988903284073,0.4069940447807312,0.22733986377716064,0.10844216495752335,0.3326725661754608,0.22706778347492218
3910,-11.8105,-19.559,-31.3695,-14.3516,-16.2031,0.0,0.0,0.5734694004058838,0.20379698276519775,0.39478909969329834,0.05540721118450165,0.3794642984867096,0.17140857875347137,0.10031872242689133,0.3326725661754608,0.29112252593040466
3915,-12.1957,-17.2207,-29.4164,-15.2188,-12.9688,0.0,0.0,0.6705414652824402,0.3753737509250641,0.502743661403656,0.10853163152933121,0.5048363208770752,0.25412002205848694,0.1429959535598755,0.29749688506126404,0.20090951025485992
3920,-13.1543,-16.7367,-29.891,-16.9531,-12.2188,0.0,0.0,0.6949943900108337,0.3932253420352936,0.4978184998035431,0.11825761198997498,0.558407723903656,0.24148787558078766,0.15834887325763702,0.2672574520111084,0.2284281700849533
3925,-15.766,-11.2332,-26.9992,-21.2109,-7.6641,0.0,0.0,0.8792734146118164,0.6918202638626099,0.7424581050872803,0.24181081354618073,0.7321428656578064,0.3808690905570984,0.26990050077438354,0.13914801180362701,0.10560479015111923
3930,-15.6617,-10.891,-26.5527,-20.1953,-8.3125,0.0,0.0,0.8889844417572021,0.7161489129066467,0.7838827967643738,0.243429034948349,0.7492559552192688,0.4068330228328705,0.2652363181114197,0.12733209133148193,0.09612096101045609
3935,-14.6336,-12.0355,-26.6691,-16.2656,-10.5938,0.0,0.0,0.8489111661911011,0.617459774017334,0.8112257122993469,0.19722771644592285,0.7161458134651184,0.40337374806404114,0.23196516931056976,0.16204135119915009,0.0981421023607254
3940,-14.0664,-12.298,-26.3645,-15.1484,-11.7266,0.0,0.0,0.8456699848175049,0.5695852637290955,0.8061904907226562,0.22985684871673584,0.7518601417541504,0.42638370394706726,0.2108597606420517,0.1632462739944458,0.09503264725208282
3945,-12.8113,-14.1848,-26.9961,-12.7422,-12.5078,0.0,0.0,0.785514771938324,0.4610101878643036,0.7268170714378357,0.1423182487487793,0.6536458134651184,0.38961443305015564,0.1754508763551712,0.2171175330877304,0.11333955079317093
3950,-13.4262,-14.5887,-28.0148,-14.0703,-12.1719,0.0,0.0,0.777701199054718,0.42556843161582947,0.7166048884391785,0.13593202829360962,0.5993303656578064,0.33850279450416565,0.18120336532592773,0.22026586532592773,0.15555037558078766
3955,-12.734,-14.5949,-27.3289,-14.875,-11.0312,0.0,0.0,0.7586747407913208,0.42197751998901367,0.7149864435195923,0.12484811991453171,0.6901041865348816,0.3718905448913574,0.16588930785655975,0.22978855669498444,0.12795397639274597
3960,-15.0234,-12.2801,-27.3035,-19.0078,-8.8125,0.0,0.0,0.8400041460990906,0.5770100355148315,0.7533382177352905,0.227896586060524,0.78125,0.3729011118412018,0.24074937403202057,0.16009794175624847,0.12177394330501556
3965,-14.2148,-12.2402,-26.4551,-17.75,-8.6328,0.0,0.0,0.8443835377693176,0.6331014037132263,0.7680399417877197,0.2108272910118103,0.734747052192688,0.4256063401699066,0.21229788661003113,0.15566697716712952,0.10195118188858032
3970,-12.4879,-15.25,-27.7379,-15.3516,-11.0391,0.0,0.0,0.7610158324241638,0.41887375712394714,0.6263157725334167,0.12030075490474701,0.644345223903656,0.3581312298774719,0.15115827322006226,0.2363184094429016,0.14991448819637299
3975,-12.5258,-14.0621,-26.5879,-14.5078,-10.7109,0.0,0.0,0.8037418723106384,0.4980759918689728,0.6959753632545471,0.14732302725315094,0.6748511791229248,0.41134172677993774,0.1616138070821762,0.21439675986766815,0.10817008465528488
3980,-12.0945,-15.3324,-27.427,-13.4922,-11.8047,0.0,0.0,0.7487437129020691,0.4024546146392822,0.6738356947898865,0.10836100578308105,0.5762648582458496,0.3635338842868805,0.1520133763551712,0.2512049078941345,0.12877021729946136
3985,-12.541,-17.8895,-30.4305,-15.0234,-14.2031,0.0,0.0,0.6503533720970154,0.30291202664375305,0.495656818151474,0.08452634513378143,0.4244791567325592,0.21999378502368927,0.1294698417186737,0.290850430727005,0.2552083432674408
3990,-12.5723,-14.9465,-27.5187,-15.5,-10.5312,0.0,0.0,0.7604835033416748,0.43058648705482483,0.6747685074806213,0.15070773661136627,0.601934552192688,0.36333954334259033,0.1570662260055542,0.23507462441921234,0.14004197716712952
3995,-14.1184,-12.1156,-26.234,-18.2109,-7.9453,0.0,0.0,0.8657403588294983,0.5848138928413391,0.8050504922866821,0.1717337667942047,0.7767857313156128,0.43917134404182434,0.20782804489135742,0.15391790866851807,0.09460510313510895
4000,-16.4871,-9.8625,-26.3496,-22.6484,-5.8906,0.0,0.0,0.9163092374801636,0.717475950717926,0.8572445511817932,0.30667319893836975,0.8389136791229248,0.40776586532592773,0.29936257004737854,0.10918065905570984,0.07921330630779266
4005,-15.4535,-10.4531,-25.9066,-20.3438,-6.0,0.0,0.0,0.9275349974632263,0.6963107585906982,0.8164234757423401,0.21868476271629333,0.8028273582458496,0.4473336338996887,0.25917288661003113,0.11454446613788605,0.07447139173746109
4010,-16.1238,-10.016,-26.1398,-21.8203,-6.5859,0.0,0.0,0.935251772403717,0.7223901152610779,0.8425593376159668,0.2333500236272812,0.7946428656578064,0.42681124806404114,0.2829602062702179,0.10813122242689133,0.07761971652507782
4015,-16.2176,-9.7629,-25.9805,-21.5938,-6.4062,0.0,0.0,0.9312527775764465,0.7286310195922852,0.8873962759971619,0.26166218519210815,0.831845223903656,0.43590641021728516,0.2887515425682068,0.09837531298398972,0.07248912006616592
4020,-16.0867,-10.3305,-26.4172,-21.5312,-7.3047,0.0,0.0,0.9244515895843506,0.6665289998054504,0.8753360509872437,0.27685391902923584,0.792782723903656,0.4110696613788605,0.2822994291782379,0.11567164212465286,0.08648165315389633
4025,-14.1813,-11.616,-25.7973,-18.1641,-7.4062,0.0,0.0,0.9192453026771545,0.6155993938446045,0.7924895882606506,0.14944134652614594,0.730282723903656,0.46350279450416565,0.20879974961280823,0.1397310346364975,0.08348880708217621
4030,-14.1234,-12.2812,-26.4047,-18.2344,-7.5234,0.0,0.0,0.8995858430862427,0.5487893223762512,0.7687529921531677,0.1494908332824707,0.7142857313156128,0.4223025441169739,0.2150963991880417,0.16270211338996887,0.09542132914066315
4035,-12.9484,-13.0645,-26.0129,-16.4609,-7.8594,0.0,0.0,0.9074987173080444,0.5285981893539429,0.691363513469696,0.0778348445892334,0.6540178656578064,0.45716729760169983,0.16581156849861145,0.17416821420192719,0.09837531298398972
4040,-12.6473,-13.9117,-26.559,-15.1875,-8.25,0.0,0.0,0.8823583126068115,0.507402777671814,0.6621140241622925,0.09442060440778732,0.5420386791229248,0.42653918266296387,0.15488961338996887,0.1963619440793991,0.11773165315389633
4045,-12.1105,-20.6207,-32.7313,-17.3828,-14.5234,0.0,0.0,0.6075061559677124,0.19519928097724915,0.30651557445526123,0.04095675051212311,0.2075892835855484,0.11081311851739883,0.08582089841365814,0.3430114984512329,0.3558768630027771
4050,-11.5289,-22.3383,-33.8672,-15.2109,-21.1875,0.0,0.0,0.46911314129829407,0.062745101749897,0.20956648886203766,0.01604328863322735,0.1261160671710968,0.06354943662881851,0.049556903541088104,0.3729788661003113,0.4094371795654297
4055,-11.5664,-15.8684,-27.4348,-10.1797,-14.0469,0.0,0.0,0.8100903034210205,0.2515685558319092,0.6574389338493347,0.09480556100606918,0.4211309552192688,0.3659437298774719,0.13009172677993774,0.262554407119751,0.13693252205848694
4060,-16.5406,-10.2758,-26.8164,-22.5156,-6.3672,0.0,0.0,0.9550401568412781,0.6967967748641968,0.8064516186714172,0.2519555389881134,0.6796875,0.38211286067962646,0.2997123897075653,0.11928638070821762,0.09441076219081879
4065,-13.1715,-12.8949,-26.0664,-14.1797,-10.7812,0.0,0.0,0.9181316494941711,0.5766569972038269,0.6750395894050598,0.08556782454252243,0.6112351417541504,0.4510261118412018,0.17416821420192719,0.17175839841365814,0.09856965392827988
4070,-14.1273,-12.2277,-26.3551,-17.7656,-9.2344,0.0,0.0,0.9221907258033752,0.6327611207962036,0.6836661100387573,0.12064777314662933,0.6372767686843872,0.42510107159614563,0.21284204721450806,0.16157494485378265,0.09600435197353363
4075,-13.2191,-13.0246,-26.2438,-14.8594,-9.8203,0.0,0.0,0.9232271313667297,0.5529308915138245,0.6730557680130005,0.08151765912771225,0.6015625,0.4379275441169739,0.17770522832870483,0.176422581076622,0.10346703976392746
4080,-12.5223,-14.3598,-26.882,-12.1328,-10.6328,0.0,0.0,0.9121519923210144,0.44231805205345154,0.6077337265014648,0.05542857199907303,0.5368303656578064,0.4132462739944458,0.1442008763551712,0.20203669369220734,0.13603855669498444
4085,-11.109,-17.2461,-28.3551,-11.3828,-12.3438,0.0,0.0,0.7850276231765747,0.24981604516506195,0.5168419480323792,0.03631098195910454,0.4308035671710968,0.32346081733703613,0.10564365983009338,0.29193875193595886,0.1744791716337204
4090,-11.8391,-14.9328,-26.7719,-11.5938,-11.1484,0.0,0.0,0.8798838257789612,0.4187878668308258,0.583965539932251,0.03305784985423088,0.5476190447807312,0.41483986377716064,0.128264918923378,0.2254353165626526,0.12698227167129517
4095,-12.9941,-13.0293,-26.0234,-12.6172,-11.3984,0.0,0.0,0.9240389466285706,0.43772584199905396,0.750348687171936,0.06696595251560211,0.6584821343421936,0.4630752503871918,0.16134172677993774,0.16721081733703613,0.10389459133148193
4100,-13.1262,-11.7504,-24.8766,-13.625,-9.9219,0.0,0.0,0.9603082537651062,0.5320466756820679,0.7875827550888062,0.06478578597307205,0.7466517686843872,0.5346704125404358,0.16312965750694275,0.12332867085933685,0.07439365983009338
4105,-14.0102,-11.7027,-25.7129,-14.9766,-9.4922,0.0,0.0,0.9632997512817383,0.5547094345092773,0.8014450669288635,0.06596305966377258,0.6863839030265808,0.4787002503871918,0.19395211338996887,0.13448382914066315,0.08838619291782379
4110,-13.4266,-11.9723,-25.3988,-14.6094,-9.5469,0.0,0.0,0.9599782228469849,0.5507343411445618,0.7613507509231567,0.04131847620010376,0.683779776096344,0.5001554489135742,0.17467351257801056,0.1369713991880417,0.08372201770544052
4115,-12.998,-12.4555,-25.4535,-13.2266,-9.6875,0.0,0.0,0.9571160674095154,0.5270959734916687,0.7307891845703125,0.03698810935020447,0.616815447807312,0.49759018421173096,0.15994247794151306,0.14972014725208282,0.08826959133148193
4120,-14.0113,-11.2176,-25.2289,-15.8438,-9.7734,0.0,0.0,0.9714042544364929,0.6771283149719238,0.7795681357383728,0.05999999865889549,0.6223958134651184,0.50291508436203,0.1981498748064041,0.1206078976392746,0.07384949922561646
4125,-13.5219,-12.2891,-25.8109,-14.6094,-10.1562,0.0,0.0,0.9536899328231812,0.6255056262016296,0.7153806686401367,0.03758099302649498,0.534970223903656,0.4708488881587982,0.18256373703479767,0.15212997794151306,0.08997979015111923
4130,-12.7574,-13.3691,-26.1266,-12.3516,-10.2656,0.0,0.0,0.9381461143493652,0.4878780245780945,0.7178260684013367,0.03547915071249008,0.4810267984867096,0.45495179295539856,0.1555114984512329,0.1787935346364975,0.10626554489135742
4135,-13.5941,-11.9242,-25.5184,-14.7344,-10.0,0.0,0.0,0.9644743204116821,0.6309300065040588,0.7504824995994568,0.04037558659911156,0.5565476417541504,0.4857742488384247,0.18598413467407227,0.14097481966018677,0.08278918266296387
4140,-14.1984,-11.6344,-25.8328,-15.1641,-10.9922,0.0,0.0,0.9647544026374817,0.6612662672996521,0.7926329970359802,0.04629192128777504,0.495907723903656,0.4620646834373474,0.20872201025485992,0.14245180785655975,0.08228389173746109
4145,-13.0312,-12.6352,-25.6664,-14.2812,-10.1797,0.0,0.0,0.9647316336631775,0.6006112098693848,0.6979522109031677,0.0246808510273695,0.4720982015132904,0.4793998897075653,0.16534514725208282,0.15943719446659088,0.09134017676115036
4150,-12.6113,-13.1246,-25.7359,-13.4141,-9.5234,0.0,0.0,0.9615665078163147,0.5654340386390686,0.6718076467514038,0.019315894693136215,0.4248511791229248,0.47936099767684937,0.14820429682731628,0.17136971652507782,0.09658737480640411
4155,-12.8551,-12.916,-25.7711,-13.2188,-10.7344,0.0,0.0,0.9581676721572876,0.6049590706825256,0.6936390399932861,0.02663847804069519,0.4040178656578064,0.46921640634536743,0.1614583283662796,0.1729244440793991,0.09192319959402084
4160,-13.2535,-12.6348,-25.8883,-14.1094,-11.4609,0.0,0.0,0.9575737118721008,0.6516429781913757,0.7013971209526062,0.03402489796280861,0.4010416567325592,0.4626477062702179,0.17506219446659088,0.1641402393579483,0.0936722606420517
4165,-13.9688,-11.8605,-25.8293,-14.8906,-10.9766,0.0,0.0,0.966891348361969,0.6976608037948608,0.7701119780540466,0.04320145398378372,0.3932291567325592,0.4613650441169739,0.19939365983009338,0.14929260313510895,0.08547107875347137
4170,-14.8938,-11.1859,-26.0797,-16.4609,-10.7891,0.0,0.0,0.9616789817810059,0.7269193530082703,0.8454959988594055,0.07908282428979874,0.4144345223903656,0.43613961338996887,0.23997201025485992,0.13634949922561646,0.08306125551462173
4175,-16.4285,-9.7781,-26.2066,-18.4844,-8.9688,0.0,0.0,0.9768802523612976,0.7914575934410095,0.8650793433189392,0.1247178316116333,0.5167410969734192,0.4118858873844147,0.30212220549583435,0.11263992637395859,0.06887438148260117
4180,-17.348,-9.207,-26.5551,-20.0312,-8.3359,0.0,0.0,0.970907986164093,0.8100104331970215,0.8973076939582825,0.20263852179050446,0.5483630895614624,0.38611629605293274,0.3346937298774719,0.10105721652507782,0.0736551582813263
4185,-15.643,-10.0965,-25.7395,-17.125,-8.7578,0.0,0.0,0.9774143099784851,0.7744730114936829,0.8530739545822144,0.08636093139648438,0.5535714030265808,0.44916045665740967,0.26920086145401,0.1119014322757721,0.06525964289903641
4190,-15.568,-10.4434,-26.0113,-17.9688,-9.3203,0.0,0.0,0.9672818183898926,0.7750369310379028,0.8347797989845276,0.09989701211452484,0.4955357015132904,0.43598413467407227,0.26313742995262146,0.12091884016990662,0.07548196613788605
4195,-14.1066,-11.7676,-25.8742,-15.8438,-10.7812,0.0,0.0,0.9593779444694519,0.7068379521369934,0.7560456991195679,0.050090253353118896,0.4538690447807312,0.45736163854599,0.20576803386211395,0.14626088738441467,0.08613184094429016
4200,-14.7293,-11.1,-25.8293,-16.0781,-10.125,0.0,0.0,0.968480110168457,0.7399237155914307,0.815645694732666,0.048618219792842865,0.449404776096344,0.45009326934814453,0.23433613777160645,0.13514459133148193,0.07594837993383408
4205,-16.277,-9.8949,-26.1719,-19.8438,-8.3594,0.0,0.0,0.9804484844207764,0.795174241065979,0.854285717010498,0.11519114673137665,0.527157723903656,0.41946518421173096,0.2899564802646637,0.10883084684610367,0.07726989686489105
4210,-15.9555,-10.0867,-26.0422,-18.625,-8.3594,0.0,0.0,0.9799817204475403,0.7945224046707153,0.8667768836021423,0.08844665437936783,0.4546130895614624,0.4252176582813263,0.28241604566574097,0.11757618188858032,0.0703125
4215,-17.4926,-8.9016,-26.3941,-21.9609,-6.0703,0.0,0.0,0.9800589680671692,0.8394920229911804,0.9001677632331848,0.1671469807624817,0.5424107313156128,0.3956778645515442,0.3397465944290161,0.09266169369220734,0.06743625551462173
4220,-18.6762,-8.1422,-26.8184,-24.4453,-4.5938,0.0,0.0,0.9836190342903137,0.8502008318901062,0.9107142686843872,0.2189944088459015,0.625372052192688,0.35828667879104614,0.3871268630027771,0.08053482323884964,0.06957400590181351
4225,-18.009,-8.5297,-26.5387,-23.6719,-5.4141,0.0,0.0,0.9804908037185669,0.8456989526748657,0.8863739371299744,0.2544642984867096,0.5859375,0.37853699922561646,0.3614738881587982,0.0858597606420517,0.06965173780918121
4230,-18.3574,-8.6426,-27.0,-24.5625,-4.4531,0.0,0.0,0.9759519100189209,0.827664852142334,0.8541322350502014,0.24222667515277863,0.6008184552192688,0.349113792181015,0.3748445212841034,0.09406094253063202,0.07750310748815536
4235,-16.7723,-9.3484,-26.1207,-23.1562,-5.25,0.0,0.0,0.9805519580841064,0.8092138171195984,0.8476848006248474,0.1422991007566452,0.6201636791229248,0.4196983873844147,0.3104788661003113,0.09569340944290161,0.06965173780918121
4240,-16.7879,-9.9992,-26.7871,-21.5312,-6.9531,0.0,0.0,0.9676792621612549,0.7672004103660583,0.8267690539360046,0.1869775652885437,0.5360863208770752,0.38001400232315063,0.310712069272995,0.11644900590181351,0.08834732323884964
4245,-16.8559,-9.2598,-26.1156,-20.7422,-7.0781,0.0,0.0,0.9769023060798645,0.8045196533203125,0.8748466372489929,0.17045454680919647,0.6316964030265808,0.4173274338245392,0.3147543668746948,0.09503264725208282,0.06840796023607254
4250,-17.1895,-9.1445,-26.334,-21.8828,-7.2812,0.0,0.0,0.9815797209739685,0.8159895539283752,0.8667481541633606,0.1756531447172165,0.5814732313156128,0.40302392840385437,0.32719215750694275,0.095382459461689,0.06992381811141968
4255,-17.3684,-9.1102,-26.4785,-22.5234,-5.5781,0.0,0.0,0.9763669371604919,0.8299398422241211,0.8595461845397949,0.19201725721359253,0.5513392686843872,0.38813742995262146,0.33597636222839355,0.09934701770544052,0.07206156849861145
4260,-19.1316,-7.7504,-26.882,-26.6016,-2.3438,0.0,0.0,0.9806100726127625,0.8847499489784241,0.8368158936500549,0.202570378780365,0.6532738208770752,0.3427782952785492,0.41110852360725403,0.078125,0.06351057440042496
4265,-15.8379,-10.2176,-26.0555,-21.3359,-6.6641,0.0,0.0,0.9728880524635315,0.7854586839675903,0.7971616387367249,0.12691357731819153,0.554315447807312,0.4329524338245392,0.2715718150138855,0.11229011416435242,0.07870802283287048
4270,-17.5992,-8.966,-26.5652,-23.7266,-4.5078,0.0,0.0,0.9742706418037415,0.8329377174377441,0.8192020058631897,0.20626631379127502,0.6156994104385376,0.3837064802646637,0.34386661648750305,0.09351678937673569,0.07443252205848694
4275,-18.348,-8.0555,-26.4035,-25.5469,-3.1172,0.0,0.0,0.9826227426528931,0.8575124144554138,0.8634705543518066,0.20654265582561493,0.718377947807312,0.38471704721450806,0.37562188506126404,0.07458800077438354,0.06059546023607254
4280,-18.8484,-7.9582,-26.8066,-25.3281,-3.5078,0.0,0.0,0.9766204953193665,0.8646076321601868,0.86865234375,0.18850988149642944,0.6889880895614624,0.35078513622283936,0.40018656849861145,0.07960198819637299,0.06494869291782379
4285,-18.2258,-8.293,-26.5188,-24.6406,-3.8281,0.0,0.0,0.976344108581543,0.8424965739250183,0.8587598204612732,0.2615112066268921,0.6901041865348816,0.3795475661754608,0.37115204334259033,0.07898010313510895,0.0658426582813263
4290,-18.0199,-8.891,-26.9109,-24.6953,-4.4922,0.0,0.0,0.974062442779541,0.8236932158470154,0.801147997379303,0.2157057672739029,0.6272321343421936,0.35964706540107727,0.3628731369972229,0.09479943662881851,0.0782027393579483
4295,-17.057,-9.8617,-26.9188,-22.1797,-5.4219,0.0,0.0,0.9659578800201416,0.7806592583656311,0.7852442264556885,0.17672047019004822,0.593377947807312,0.3710743188858032,0.3207400441169739,0.11221237480640411,0.09149564802646637
4300,-16.2816,-9.9559,-26.2375,-20.6953,-7.0312,0.0,0.0,0.9746788144111633,0.7631015777587891,0.8197715878486633,0.1889880895614624,0.5904017686843872,0.41752177476882935,0.29073384404182434,0.10890857875347137,0.07835821062326431
4305,-17.1594,-9.084,-26.2434,-20.5078,-7.6641,0.0,0.0,0.9795199036598206,0.7886159420013428,0.8767064809799194,0.24450866878032684,0.6484375,0.408037930727005,0.32913556694984436,0.09110696613788605,0.06724191457033157
4310,-18.0863,-8.3879,-26.4742,-20.8203,-7.8125,0.0,0.0,0.985307514667511,0.803854763507843,0.8919172883033752,0.31537529826164246,0.7020089030265808,0.38358986377716064,0.3650108873844147,0.08271144330501556,0.0642101988196373
4315,-17.8906,-8.5191,-26.4098,-21.4141,-6.9766,0.0,0.0,0.9800931215286255,0.8080322742462158,0.9093044996261597,0.26815980672836304,0.6860119104385376,0.39245179295539856,0.35614892840385437,0.08271144330501556,0.0642101988196373
4320,-18.5668,-8.1336,-26.7004,-23.0391,-6.4922,0.0,0.0,0.9796949028968811,0.8291390538215637,0.9048361778259277,0.26099053025245667,0.7232142686843872,0.3694418668746948,0.3814909756183624,0.07474347203969955,0.06984607875347137
4325,-19.6203,-7.1023,-26.7227,-24.6797,-5.0625,0.0,0.0,0.9843007326126099,0.8670651316642761,0.8977198600769043,0.35850387811660767,0.78125,0.3515625,0.42922109365463257,0.059662625193595886,0.05507618188858032
4330,-18.752,-7.9027,-26.6547,-24.0625,-6.0156,0.0,0.0,0.9797840714454651,0.8320040106773376,0.8745945692062378,0.33060747385025024,0.7637648582458496,0.36722636222839355,0.38984763622283936,0.07190609723329544,0.06654229015111923
4335,-19.3398,-7.6223,-26.9621,-24.3281,-5.2734,0.0,0.0,0.9775393605232239,0.8313766121864319,0.9193083643913269,0.38294315338134766,0.745907723903656,0.3478311598300934,0.41052550077438354,0.06743625551462173,0.06972947716712952
4340,-19.7258,-7.3109,-27.0367,-24.5469,-5.1875,0.0,0.0,0.9768785834312439,0.8431869745254517,0.9068475961685181,0.40777263045310974,0.7745535969734192,0.33620956540107727,0.4292988181114197,0.06300528347492218,0.06700870394706726
4345,-18.773,-7.8629,-26.6359,-22.2969,-6.4531,0.0,0.0,0.9737749695777893,0.8256752490997314,0.9148816466331482,0.3802647292613983,0.7552083134651184,0.3720071613788605,0.3899642527103424,0.06895211338996887,0.06459888070821762
4350,-18.5645,-8.0199,-26.5844,-20.8438,-7.4844,0.0,0.0,0.9776251316070557,0.8191586136817932,0.9243743419647217,0.31365740299224854,0.7749255895614624,0.37348413467407227,0.38343438506126404,0.07143967598676682,0.06716418266296387
4355,-18.0137,-8.1676,-26.1813,-20.1172,-7.5312,0.0,0.0,0.9792595505714417,0.8296422362327576,0.9319620132446289,0.2656903862953186,0.734002947807312,0.4010416567325592,0.3650497496128082,0.07369402796030045,0.05573694035410881
4360,-18.9727,-7.9852,-26.9578,-22.4922,-6.1094,0.0,0.0,0.9758517742156982,0.8245078921318054,0.91588294506073,0.26041117310523987,0.757440447807312,0.35249534249305725,0.39490050077438354,0.07439365983009338,0.0737328976392746
4365,-18.9273,-8.1742,-27.1016,-22.0,-5.9453,0.0,0.0,0.9751781225204468,0.8274205923080444,0.9164279103279114,0.28382351994514465,0.6692708134651184,0.3382307291030884,0.39661070704460144,0.08138992637395859,0.07929104566574097
4370,-17.0484,-9.1043,-26.1527,-18.8906,-8.4609,0.0,0.0,0.9649486541748047,0.8074126839637756,0.8980682492256165,0.17716780304908752,0.6536458134651184,0.4125077724456787,0.32614272832870483,0.0945662334561348,0.06230565905570984
4375,-15.8633,-10.2652,-26.1285,-15.9609,-10.2422,0.0,0.0,0.9590328335762024,0.7418171763420105,0.8708728551864624,0.1334712952375412,0.5881696343421936,0.42599502205848694,0.27549752593040466,0.1188976988196373,0.07513215392827988
4380,-15.0188,-10.6172,-25.6359,-14.7344,-10.2812,0.0,0.0,0.9492449760437012,0.7209852933883667,0.8439136147499084,0.11900635808706284,0.6421130895614624,0.4633084535598755,0.24615205824375153,0.11878109723329544,0.06728078424930573
4385,-13.8469,-11.5664,-25.4133,-13.7656,-10.9062,0.0,0.0,0.9439071416854858,0.6590821146965027,0.7842289805412292,0.09064830839633942,0.5877976417541504,0.4822761118412018,0.2015702724456787,0.14392879605293274,0.06774719804525375
4390,-14.1719,-11.1426,-25.3145,-14.5469,-9.6016,0.0,0.0,0.9587449431419373,0.6914952993392944,0.7891263365745544,0.08738937973976135,0.6272321343421936,0.4917988181114197,0.20977145433425903,0.12367848306894302,0.07027363032102585
4395,-14.6645,-10.9121,-25.5766,-14.7656,-10.0547,0.0,0.0,0.9628857374191284,0.7017543911933899,0.8462913036346436,0.075711689889431,0.5357142686843872,0.46602922677993774,0.23484142124652863,0.13048040866851807,0.06417132914066315
4400,-15.9363,-9.6797,-25.616,-16.3906,-9.2422,0.0,0.0,0.9623848795890808,0.7791258692741394,0.9075435400009155,0.10893099009990692,0.6577380895614624,0.45569029450416565,0.2819107472896576,0.10047419369220734,0.05744713917374611
4405,-15.075,-10.1859,-25.2609,-15.7031,-10.125,0.0,0.0,0.9615599513053894,0.7423216104507446,0.8841059803962708,0.09657534211874008,0.6662946343421936,0.48635727167129517,0.24677394330501556,0.10564365983009338,0.05674751102924347
4410,-15.3398,-10.0547,-25.3945,-15.5078,-9.4375,0.0,0.0,0.9572153091430664,0.7397797703742981,0.8738806247711182,0.1114797592163086,0.730282723903656,0.47512438893318176,0.2576570212841034,0.1041666641831398,0.058574315160512924
4415,-15.6074,-9.9766,-25.584,-16.0234,-9.4609,0.0,0.0,0.9613177180290222,0.7322973012924194,0.8826491236686707,0.11943069100379944,0.7291666865348816,0.46723413467407227,0.2651197016239166,0.10035758465528488,0.06281094253063202
4420,-15.525,-9.975,-25.5,-16.2578,-9.2266,0.0,0.0,0.963573694229126,0.7289438247680664,0.8532181978225708,0.12484993785619736,0.7779017686843872,0.47376400232315063,0.2579679787158966,0.0990360677242279,0.06475435197353363
4425,-15.3652,-9.8902,-25.2555,-16.2891,-9.0,0.0,0.0,0.9639882445335388,0.7247087955474854,0.839036762714386,0.14461737871170044,0.8359375,0.4900108873844147,0.25357586145401,0.09200093150138855,0.05993470177054405
4430,-15.3676,-10.3496,-25.7172,-15.8125,-9.8828,0.0,0.0,0.9603267312049866,0.6859452724456787,0.8222811818122864,0.12886859476566315,0.8158482313156128,0.46634018421173096,0.25,0.10257307440042496,0.07660914212465286
4435,-16.4594,-9.0566,-25.516,-17.7734,-8.1641,0.0,0.0,0.9731327891349792,0.7588891983032227,0.8465633988380432,0.19343575835227966,0.9055059552192688,0.4600435197353363,0.29951804876327515,0.08030162006616592,0.055659204721450806
4440,-15.157,-10.2105,-25.3676,-16.7422,-9.0312,0.0,0.0,0.9642913937568665,0.692295491695404,0.7823894619941711,0.10915706306695938,0.871279776096344,0.4865516126155853,0.24467505514621735,0.10020211338996887,0.06409359723329544
4445,-14.1512,-11.2039,-25.3551,-16.3203,-9.2188,0.0,0.0,0.9588468074798584,0.6305782198905945,0.7210242748260498,0.06501241028308868,0.8325892686843872,0.5015158653259277,0.20032648742198944,0.11536069959402084,0.07831934094429016
4450,-14.1824,-10.9234,-25.1059,-16.2109,-8.5938,0.0,0.0,0.9653819799423218,0.6502605676651001,0.7669658660888672,0.07052341848611832,0.7998511791229248,0.5153529047966003,0.20137593150138855,0.10824782401323318,0.07054571062326431
4455,-13.7695,-11.7563,-25.5258,-15.0938,-9.2812,0.0,0.0,0.9494821429252625,0.6098617911338806,0.7406855225563049,0.04705344885587692,0.7291666865348816,0.49164333939552307,0.1883939653635025,0.13040266931056976,0.08508239686489105
4460,-12.6566,-12.8688,-25.5254,-13.1953,-9.4922,0.0,0.0,0.9359586834907532,0.5085625052452087,0.6544605493545532,0.03626279905438423,0.7075892686843872,0.49646300077438354,0.14979788661003113,0.15815454721450806,0.09110696613788605
4465,-12.9434,-12.9949,-25.9383,-13.2969,-9.3359,0.0,0.0,0.9513390064239502,0.5117048621177673,0.6535511016845703,0.02906770631670952,0.6395089030265808,0.4760572016239166,0.1527518630027771,0.1570662260055542,0.10964708030223846
4470,-13.7195,-11.5984,-25.318,-14.8906,-10.5312,0.0,0.0,0.9518524408340454,0.6466748118400574,0.7414705753326416,0.04681069776415825,0.6941964030265808,0.49727922677993774,0.19053171575069427,0.1321517378091812,0.07555969804525375
4475,-13.3383,-12.4699,-25.8082,-14.2812,-10.0625,0.0,0.0,0.9426683187484741,0.6131532192230225,0.7101631164550781,0.03820870816707611,0.5807291865348816,0.47049906849861145,0.1755286008119583,0.15488961338996887,0.09460510313510895
4480,-14.3617,-11.1156,-25.4773,-16.5703,-9.1641,0.0,0.0,0.9550161957740784,0.6934475898742676,0.7424148321151733,0.06598161160945892,0.7046130895614624,0.48041045665740967,0.2177005559206009,0.12554416060447693,0.07186722755432129
4485,-13.952,-11.8672,-25.8191,-14.9922,-8.5,0.0,0.0,0.9458246827125549,0.6290608644485474,0.7448237538337708,0.029336735606193542,0.6919642686843872,0.4677782952785492,0.19741137325763702,0.1389147937297821,0.09141790866851807
4490,-14.8422,-11.0289,-25.8711,-16.0547,-8.6016,0.0,0.0,0.9446681141853333,0.7241721749305725,0.7909760475158691,0.03580067679286003,0.664434552192688,0.4537857472896576,0.23476368188858032,0.1266324669122696,0.08034048229455948
4495,-15.6992,-9.9266,-25.6258,-17.4219,-8.3984,0.0,0.0,0.9652011394500732,0.7897897958755493,0.8466742038726807,0.03927680850028992,0.6618303656578064,0.4579446613788605,0.2718050479888916,0.10342817008495331,0.06234452873468399
4500,-15.9672,-9.8078,-25.775,-17.6328,-7.8594,0.0,0.0,0.9733991622924805,0.8046809434890747,0.8522167205810547,0.02972651645541191,0.6156994104385376,0.4485774338245392,0.2789956331253052,0.10257307440042496,0.06537624448537827
4505,-16.1059,-9.8305,-25.9363,-16.8203,-9.0625,0.0,0.0,0.9726076722145081,0.8049140572547913,0.8652330040931702,0.03403756022453308,0.5751488208770752,0.43135884404182434,0.2894900441169739,0.10844216495752335,0.06623134016990662
4510,-16.7375,-9.4285,-26.166,-18.2891,-8.2109,0.0,0.0,0.9841178059577942,0.8313995599746704,0.8905314803123474,0.0325520820915699,0.472842276096344,0.403801292181015,0.321595162153244,0.11042443662881851,0.05970149114727974
4515,-16.877,-9.2773,-26.1543,-18.3203,-7.6094,0.0,0.0,0.9851353764533997,0.8327856659889221,0.8965782523155212,0.016265060752630234,0.5528273582458496,0.41052550077438354,0.31937965750694275,0.10109607875347137,0.06452114135026932
4520,-16.7504,-9.0055,-25.7559,-18.3359,-7.8359,0.0,0.0,0.9844789505004883,0.8240683674812317,0.8770383596420288,0.023255813866853714,0.7016369104385376,0.4382385015487671,0.31393811106681824,0.08819185197353363,0.05515391752123833
4525,-16.8496,-9.0016,-25.8512,-18.5547,-7.6328,0.0,0.0,0.9863762855529785,0.8231669664382935,0.895225465297699,0.027224436402320862,0.6830357313156128,0.43365204334259033,0.3154151141643524,0.08791977912187576,0.05853544920682907
4530,-17.5809,-8.3945,-25.9754,-19.8984,-6.7969,0.0,0.0,0.9845374822616577,0.8449524641036987,0.8908709287643433,0.0237264484167099,0.7827380895614624,0.4223025441169739,0.3434390425682068,0.07408270984888077,0.05569807067513466
4535,-17.85,-8.0695,-25.9195,-19.7891,-5.9141,0.0,0.0,0.9842051267623901,0.8671747446060181,0.9138309359550476,0.029921259731054306,0.7674851417541504,0.41833800077438354,0.3570040464401245,0.07081778347492218,0.04936256259679794
4540,-18.748,-7.4172,-26.1652,-20.5625,-5.8203,0.0,0.0,0.9879024624824524,0.880039632320404,0.9385437369346619,0.03338898345828056,0.824404776096344,0.39839863777160645,0.39237406849861145,0.0581856332719326,0.04656405374407768
4545,-19.582,-6.8812,-26.4633,-22.5469,-5.0156,0.0,0.0,0.9873847365379333,0.911868691444397,0.9570596814155579,0.023255813866853714,0.8035714030265808,0.36664333939552307,0.42867693305015564,0.05340484902262688,0.046797264367341995
4550,-19.3836,-7.0484,-26.432,-21.4453,-5.3203,0.0,0.0,0.9863683581352234,0.9004629850387573,0.9611380696296692,0.03700588643550873,0.7905505895614624,0.3735229969024658,0.4197761118412018,0.056009016931056976,0.04621424153447151
4555,-19.7914,-6.8129,-26.6043,-22.5,-4.8281,0.0,0.0,0.9874755144119263,0.9173046350479126,0.9546436071395874,0.013765182346105576,0.7801339030265808,0.35688742995262146,0.43664491176605225,0.05398787185549736,0.048002175986766815
4560,-20.2531,-6.7355,-26.9887,-22.9922,-5.1328,0.0,0.0,0.9873417615890503,0.9095218181610107,0.9438202381134033,0.02765321359038353,0.7704613208770752,0.32548195123672485,0.4592272937297821,0.05880752578377724,0.052005596458911896
4565,-19.7777,-6.8777,-26.6555,-22.2656,-5.0625,0.0,0.0,0.990250825881958,0.9144083857536316,0.9460027813911438,0.021472392603754997,0.7708333134651184,0.3548274338245392,0.4345848858356476,0.05542599409818649,0.05068407952785492
4570,-20.1941,-6.6496,-26.8438,-22.7109,-4.8281,0.0,0.0,0.9869236350059509,0.9138919711112976,0.9586715698242188,0.02570093423128128,0.7938988208770752,0.3388526141643524,0.4540967047214508,0.052666354924440384,0.049906715750694275
4575,-20.0992,-6.8805,-26.9797,-22.8047,-5.4141,0.0,0.0,0.9831381440162659,0.9026778936386108,0.9465798139572144,0.03295932710170746,0.789434552192688,0.3319340944290161,0.4484996795654297,0.059662625193595886,0.05542599409818649
4580,-20.8848,-6.2445,-27.1293,-24.7266,-4.1953,0.0,0.0,0.9827436208724976,0.9202439188957214,0.942452073097229,0.030990174040198326,0.8530505895614624,0.3130830228328705,0.48441386222839355,0.046602923423051834,0.05142257362604141
4585,-20.0828,-6.8055,-26.8883,-23.4609,-4.5703,0.0,0.0,0.9847504496574402,0.9006725549697876,0.9308692812919617,0.039245281368494034,0.816220223903656,0.3364427983760834,0.45079290866851807,0.05678638070821762,0.05150030925869942
4590,-19.8805,-7.059,-26.9395,-23.0391,-4.9219,0.0,0.0,0.9761601686477661,0.8962264060974121,0.9407041668891907,0.04102920740842819,0.7938988208770752,0.3358597755432129,0.4408426582813263,0.06292755156755447,0.05589241161942482
4595,-20.0719,-6.8379,-26.9098,-22.6562,-5.5469,0.0,0.0,0.9746645092964172,0.9007263779640198,0.9393103718757629,0.0586107075214386,0.835565447807312,0.33597636222839355,0.4494713842868805,0.05635882914066315,0.053715795278549194
4600,-19.573,-7.1371,-26.7102,-22.5703,-5.3906,0.0,0.0,0.9750055074691772,0.8879637718200684,0.9313662648200989,0.04373610019683838,0.843377947807312,0.35300061106681824,0.42949315905570984,0.06059546023607254,0.05243314802646637
4605,-19.4934,-7.0188,-26.5121,-23.4219,-4.6719,0.0,0.0,0.9801317453384399,0.9010235667228699,0.9211248159408569,0.04397394135594368,0.8311011791229248,0.36582711338996887,0.4252954125404358,0.056669775396585464,0.04773009940981865
4610,-19.4699,-7.4254,-26.8953,-23.25,-4.3828,0.0,0.0,0.9720121622085571,0.8775435090065002,0.9151759743690491,0.052734375,0.8136160969734192,0.3444107472896576,0.4240516126155853,0.06735852360725403,0.05970149114727974
4615,-20.9977,-6.1652,-27.1629,-24.2188,-4.1328,0.0,0.0,0.9782905578613281,0.9065929651260376,0.9540635943412781,0.11217008531093597,0.9122023582458496,0.3133162260055542,0.4851912260055542,0.043998755514621735,0.05301617085933685
4620,-19.7238,-6.7711,-26.4949,-21.9062,-5.7109,0.0,0.0,0.978977382183075,0.877397358417511,0.9646962285041809,0.13522537052631378,0.9475446343421936,0.3679260015487671,0.4336909055709839,0.04734141752123833,0.04656405374407768
4625,-18.6297,-7.5168,-26.1465,-20.7266,-6.6172,0.0,0.0,0.9820423126220703,0.8433036804199219,0.9492213726043701,0.1145833358168602,0.9285714030265808,0.40041977167129517,0.38918688893318176,0.05740826949477196,0.048507463186979294
4630,-18.8211,-7.2488,-26.0699,-21.3984,-5.3203,0.0,0.0,0.9860227704048157,0.8583202362060547,0.9415248036384583,0.08637578040361404,0.9486607313156128,0.40321826934814453,0.3961442708969116,0.052510883659124374,0.043648943305015564
4635,-16.6406,-9.1289,-25.7695,-20.25,-6.3047,0.0,0.0,0.9710822701454163,0.7619600296020508,0.8728407025337219,0.09024833142757416,0.9133184552192688,0.44892725348472595,0.3014225661754608,0.08100124448537827,0.06417132914066315
4640,-20.0086,-6.8367,-26.8453,-25.2812,-3.5547,0.0,0.0,0.9722253680229187,0.8803045153617859,0.9050444960594177,0.20943135023117065,0.9029017686843872,0.3428560197353363,0.44422417879104614,0.05239427834749222,0.05604788661003113
4645,-20.8082,-6.373,-27.1812,-26.2344,-3.7109,0.0,0.0,0.971065104007721,0.8951908349990845,0.9048724174499512,0.22083333134651184,0.9002976417541504,0.31164491176605225,0.47765082120895386,0.050256531685590744,0.05597015097737312
4650,-16.7004,-9.1148,-25.8152,-19.7891,-6.6172,0.0,0.0,0.9628157615661621,0.7797573804855347,0.8921747207641602,0.13823163509368896,0.8430059552192688,0.44006529450416565,0.3076026141643524,0.08543221652507782,0.062422264367341995
4655,-18.0262,-8.0605,-26.0867,-22.9922,-4.8984,0.0,0.0,0.9752456545829773,0.8289601802825928,0.8922635912895203,0.16275861859321594,0.8917410969734192,0.4113805890083313,0.3599580228328705,0.06782493740320206,0.05635882914066315
4660,-18.4535,-7.957,-26.4105,-23.9219,-4.5156,0.0,0.0,0.9660506248474121,0.8394190669059753,0.909345269203186,0.1381578892469406,0.870907723903656,0.3869713842868805,0.38001400232315063,0.06945739686489105,0.0590796023607254
4665,-18.8215,-7.7988,-26.6203,-24.1797,-4.3516,0.0,0.0,0.9755611419677734,0.8457148671150208,0.8718549013137817,0.15361076593399048,0.863095223903656,0.37056902050971985,0.3950170874595642,0.06642568111419678,0.06351057440042496
4670,-17.1105,-9.2297,-26.3402,-21.375,-6.0,0.0,0.0,0.9623122811317444,0.7536056041717529,0.8664323091506958,0.10851505398750305,0.8883928656578064,0.41149720549583435,0.3207011818885803,0.0884639322757721,0.07486007362604141
4675,-18.3477,-7.9168,-26.2645,-23.4766,-4.7969,0.0,0.0,0.9724896550178528,0.8232606649398804,0.8773584961891174,0.1927083283662796,0.9486607313156128,0.3956001102924347,0.37430036067962646,0.0659203976392746,0.05970149114727974
4680,-17.5402,-8.5543,-26.0945,-21.6328,-6.3047,0.0,0.0,0.968816876411438,0.7712492942810059,0.8960774540901184,0.17590822279453278,0.9516369104385376,0.4175606369972229,0.340679407119751,0.07629819959402084,0.06098414212465286
4685,-16.2094,-9.6645,-25.8738,-19.2422,-7.0781,0.0,0.0,0.9518605470657349,0.7084413170814514,0.8752079606056213,0.1330326944589615,0.9274553656578064,0.44811099767684937,0.28502020239830017,0.09343905746936798,0.06895211338996887
4690,-16.4027,-9.4898,-25.8926,-19.1094,-7.25,0.0,0.0,0.957961916923523,0.7198156714439392,0.8786813020706177,0.11863426119089127,0.9311755895614624,0.4447294771671295,0.29520365595817566,0.08842506259679794,0.06716418266296387
4695,-14.7934,-10.6039,-25.3973,-16.7109,-8.0391,0.0,0.0,0.945024311542511,0.6389544606208801,0.8327285647392273,0.097615085542202,0.9248511791229248,0.48783427476882935,0.23048818111419678,0.10712064802646637,0.07007928937673569
4700,-16.166,-9.893,-26.059,-19.5391,-7.0938,0.0,0.0,0.9463900923728943,0.6996992826461792,0.8556108474731445,0.09711684286594391,0.9542410969734192,0.43283581733703613,0.2843594551086426,0.1014847606420517,0.07684235274791718
4705,-15.3242,-10.3543,-25.6785,-17.9531,-7.7812,0.0,0.0,0.939317524433136,0.6649278998374939,0.8491779565811157,0.10076670348644257,0.933779776096344,0.46245336532592773,0.2533426582813263,0.10875310748815536,0.07097326219081879
4710,-16.923,-9.3668,-26.2898,-20.3672,-7.4531,0.0,0.0,0.9406278729438782,0.7432652711868286,0.8506407141685486,0.15055951476097107,0.952752947807312,0.42094215750694275,0.3102067708969116,0.08795864135026932,0.0764148011803627
4715,-16.0867,-10.668,-26.7547,-18.3828,-6.9688,0.0,0.0,0.9100736975669861,0.6514689326286316,0.8478682041168213,0.12025068700313568,0.9304315447807312,0.39548352360725403,0.28047263622283936,0.12033581733703613,0.09923040866851807
4720,-14.3367,-11.8992,-26.2359,-15.1406,-8.7656,0.0,0.0,0.9009246826171875,0.5540171265602112,0.7920354008674622,0.09147287160158157,0.8984375,0.44134795665740967,0.21334733068943024,0.1405472606420517,0.10027985274791718
4725,-15.1324,-10.7578,-25.8902,-17.375,-7.8125,0.0,0.0,0.9271324276924133,0.6423161625862122,0.8396288752555847,0.10104011744260788,0.9043898582458496,0.45339706540107727,0.2463463991880417,0.11730410158634186,0.07847481220960617
4730,-13.8547,-11.9047,-25.7594,-14.4844,-8.9531,0.0,0.0,0.9077472686767578,0.5388377904891968,0.8057436943054199,0.07881549000740051,0.8761160969734192,0.4680892527103424,0.1986551582813263,0.1434623748064041,0.08531560748815536
4735,-13.0312,-12.6926,-25.7238,-12.8438,-9.6328,0.0,0.0,0.894260585308075,0.44004711508750916,0.7920311093330383,0.05180273577570915,0.8645833134651184,0.47675684094429016,0.16499534249305725,0.15998134016990662,0.09378886967897415
4740,-16.0137,-9.8543,-25.868,-19.1484,-6.8906,0.0,0.0,0.9461645483970642,0.6970076560974121,0.8704214096069336,0.1221122145652771,0.9397321343421936,0.44690608978271484,0.27926772832870483,0.09868625551462173,0.07066231220960617
4745,-15.0109,-10.7371,-25.748,-17.3125,-8.2188,0.0,0.0,0.9449556469917297,0.63312166929245,0.8520649671554565,0.056253138929605484,0.8857886791229248,0.46462997794151306,0.2386893630027771,0.11481653898954391,0.07738650590181351
4750,-15.341,-9.7875,-25.1285,-18.8203,-6.7734,0.0,0.0,0.9630439877510071,0.7057368159294128,0.8975249528884888,0.07070020586252213,0.9196428656578064,0.4974735677242279,0.25136038661003113,0.0895133689045906,0.05717506259679794
4755,-16.0555,-10.1188,-26.1742,-20.4062,-6.2969,0.0,0.0,0.9348803162574768,0.7133896946907043,0.8711766600608826,0.07213439047336578,0.8802083134651184,0.42377954721450806,0.2850590944290161,0.10801461338996887,0.07866915315389633
4760,-15.9863,-9.9406,-25.927,-19.5078,-7.0625,0.0,0.0,0.9365827441215515,0.714031457901001,0.8991163372993469,0.09403153508901596,0.8802083134651184,0.4369947016239166,0.2839319109916687,0.10556592047214508,0.06902985274791718
4765,-18.225,-7.9066,-26.1316,-23.5312,-5.2266,0.0,0.0,0.9623900055885315,0.8298915028572083,0.9418942332267761,0.14409221708774567,0.9486607313156128,0.40201336145401,0.37266790866851807,0.0668921023607254,0.05394900590181351
4770,-16.1902,-9.2398,-25.4301,-20.1484,-6.0625,0.0,0.0,0.9500248432159424,0.752325713634491,0.931615948677063,0.14265334606170654,0.9270833134651184,0.46976056694984436,0.28828513622283936,0.08298352360725403,0.05449315905570984
4775,-18.6875,-7.502,-26.1895,-24.8828,-3.625,0.0,0.0,0.9657220840454102,0.8461846113204956,0.9461697936058044,0.20256991684436798,0.952752947807312,0.39913713932037354,0.38864272832870483,0.056319963186979294,0.05142257362604141
4780,-16.8066,-9.084,-25.8906,-20.9062,-5.6953,0.0,0.0,0.9469456076622009,0.7634029984474182,0.9241030216217041,0.18027637898921967,0.890625,0.44029849767684937,0.3088463842868805,0.08449938148260117,0.06187811121344566
4785,-18.6766,-7.5203,-26.1969,-24.4531,-4.0391,0.0,0.0,0.9645913243293762,0.8528056144714355,0.9422693848609924,0.23304472863674164,0.9281994104385376,0.3951725661754608,0.38790422677993774,0.058574315160512924,0.0538712702691555
4790,-16.6723,-8.9602,-25.6324,-20.7812,-6.3438,0.0,0.0,0.9589932560920715,0.77131187915802,0.934506356716156,0.1448882818222046,0.906622052192688,0.4540189802646637,0.30457088351249695,0.07952425628900528,0.05740826949477196
4795,-16.9824,-8.9375,-25.9199,-21.5781,-5.5938,0.0,0.0,0.958415687084198,0.7664554119110107,0.9283036589622498,0.13329081237316132,0.9055059552192688,0.432758092880249,0.31887438893318176,0.08294465392827988,0.06094527244567871
4800,-17.1273,-9.1211,-26.2484,-21.2031,-6.2969,0.0,0.0,0.9493265748023987,0.743366003036499,0.9246664047241211,0.14936563372612,0.9081101417541504,0.4126632511615753,0.32517102360725403,0.09029073268175125,0.06739738583564758
4805,-15.6773,-10.2609,-25.9383,-19.2656,-7.3359,0.0,0.0,0.9417079091072083,0.6656396985054016,0.8929475545883179,0.1329568773508072,0.8679315447807312,0.4474113881587982,0.26492536067962646,0.10747046023607254,0.07571517676115036
4810,-15.8375,-10.2289,-26.0664,-19.6641,-6.6094,0.0,0.0,0.9348272681236267,0.6784241199493408,0.8949375748634338,0.11434511095285416,0.8608630895614624,0.4353622496128082,0.2732820212841034,0.11209577322006226,0.0747823417186737
4815,-13.5156,-12.5723,-26.0879,-12.9844,-10.2188,0.0,0.0,0.9072932600975037,0.42164817452430725,0.8448657989501953,0.07807118445634842,0.7920386791229248,0.45405784249305725,0.1820584535598755,0.15784358978271484,0.1015625
4820,-14.9809,-10.8957,-25.8766,-16.8359,-8.375,0.0,0.0,0.9377884268760681,0.5816110372543335,0.8952288627624512,0.1367766559123993,0.8697916865348816,0.4548352062702179,0.2388448417186737,0.12056902796030045,0.08127331733703613
4825,-13.7227,-11.8008,-25.5234,-14.4375,-9.375,0.0,0.0,0.9267460107803345,0.469577819108963,0.8623272180557251,0.15215355157852173,0.8232886791229248,0.489738792181015,0.18781094253063202,0.13495025038719177,0.08302238583564758
4830,-14.4789,-11.6594,-26.1383,-16.1406,-8.9688,0.0,0.0,0.9206854104995728,0.5203023552894592,0.8631779551506042,0.1622881293296814,0.7961309552192688,0.44006529450416565,0.2211209535598755,0.14260727167129517,0.09172885864973068
4835,-13.6004,-12.1813,-25.7816,-14.9141,-9.0312,0.0,0.0,0.8985314965248108,0.5040197968482971,0.863270103931427,0.11751856654882431,0.769345223903656,0.46847793459892273,0.1885494440793991,0.14952580630779266,0.08896921575069427
4840,-14.0055,-12.8992,-26.9047,-14.6172,-9.4141,0.0,0.0,0.8737046122550964,0.43644392490386963,0.8419051766395569,0.10082372277975082,0.7429315447807312,0.40131375193595886,0.20242537558078766,0.1738184094429016,0.11796486377716064
4845,-13.0695,-14.3281,-27.3977,-11.6641,-11.0547,0.0,0.0,0.823823094367981,0.29952380061149597,0.8023895025253296,0.07407407462596893,0.695684552192688,0.38145211338996887,0.1632462739944458,0.20495180785655975,0.14587220549583435
4850,-13.2445,-16.4695,-29.7141,-12.5625,-13.1484,0.0,0.0,0.6992076635360718,0.21496285498142242,0.701115608215332,0.04838171601295471,0.5904017686843872,0.2599891126155853,0.151702418923378,0.25085508823394775,0.23297575116157532
4855,-13.2094,-15.5027,-28.7121,-13.0391,-12.0078,0.0,0.0,0.7321845293045044,0.29650765657424927,0.7167416214942932,0.089039646089077,0.6573660969734192,0.2999844551086426,0.17028141021728516,0.24191541969776154,0.1833411008119583
4860,-13.3438,-15.2633,-28.607,-13.7031,-12.0859,0.0,0.0,0.7376402616500854,0.2889348864555359,0.7322982549667358,0.10273247212171555,0.6979166865348816,0.3152596354484558,0.16895988583564758,0.22780628502368927,0.18349657952785492
4865,-12.5773,-14.6059,-27.1832,-12.2344,-12.1406,0.0,0.0,0.7545564770698547,0.31602761149406433,0.8126076459884644,0.10794555395841599,0.6808035969734192,0.3838619291782379,0.16320739686489105,0.2256685346364975,0.12278451770544052
4870,-12.0875,-14.4746,-26.5621,-11.8828,-11.6016,0.0,0.0,0.7921751141548157,0.3364681303501129,0.7974926233291626,0.09326993674039841,0.6261160969734192,0.4172496795654297,0.14878731966018677,0.2232198417186737,0.10626554489135742
4875,-12.223,-14.2469,-26.4699,-12.0391,-11.125,0.0,0.0,0.8132756948471069,0.3776295483112335,0.8039568066596985,0.09500924497842789,0.5721726417541504,0.4227689802646637,0.15150807797908783,0.21610696613788605,0.1051383689045906
4880,-12.7406,-14.543,-27.2836,-11.1562,-12.6797,0.0,0.0,0.7969380617141724,0.35283106565475464,0.7998248934745789,0.10799645632505417,0.5546875,0.3757385015487671,0.16612251102924347,0.22193719446659088,0.13172419369220734
4885,-12.3055,-15.8727,-28.1781,-11.8672,-14.3047,0.0,0.0,0.715356707572937,0.2854316234588623,0.731063961982727,0.08728749305009842,0.5070684552192688,0.3214396834373474,0.1571439653635025,0.2637593150138855,0.15317942202091217
4890,-11.3988,-18.5145,-29.9133,-11.4062,-19.3281,0.0,0.0,0.5528070330619812,0.1932486891746521,0.5584931373596191,0.051151376217603683,0.3850446343421936,0.22154851257801056,0.12550528347492218,0.3425450921058655,0.20592351257801056
4895,-10.773,-17.5664,-28.3395,-9.8359,-17.3359,0.0,0.0,0.6294546723365784,0.2455303966999054,0.6007986068725586,0.07633152604103088,0.421875,0.2879353165626526,0.1304415464401245,0.340679407119751,0.1364661008119583
4900,-10.8621,-17.5957,-28.4578,-10.1328,-15.8281,0.0,0.0,0.6399516463279724,0.21149641275405884,0.6523069739341736,0.05213148519396782,0.3125,0.28952890634536743,0.12441697716712952,0.3302238881587982,0.15135261416435242
4905,-10.5742,-18.973,-29.5473,-10.5547,-16.7188,0.0,0.0,0.5455777645111084,0.23325061798095703,0.5351812243461609,0.045776788145303726,0.2976190447807312,0.2293998748064041,0.10964708030223846,0.3645833432674408,0.1918921023607254
4910,-12.8422,-18.4824,-31.3246,-14.9453,-15.6719,0.0,0.0,0.5471526384353638,0.23660977184772491,0.5667348504066467,0.04360700026154518,0.3210565447807312,0.17063121497631073,0.1320739984512329,0.3040267527103424,0.28879043459892273
4915,-12.0781,-18.4707,-30.5488,-13.0391,-16.7188,0.0,0.0,0.5379772782325745,0.2780034840106964,0.5515905618667603,0.05722646787762642,0.3125,0.19138681888580322,0.1339396834373474,0.3311178386211395,0.23907804489135742
4920,-12.0719,-15.5992,-27.6711,-11.25,-13.9922,0.0,0.0,0.6857143044471741,0.41398635506629944,0.7335957884788513,0.09782931953668594,0.5093005895614624,0.33873599767684937,0.159514918923378,0.26655784249305725,0.13071362674236298
4925,-13.2109,-17.0488,-30.2598,-13.7031,-14.8516,0.0,0.0,0.6287809610366821,0.3788556754589081,0.6096659302711487,0.04060324653983116,0.4542410671710968,0.21202580630779266,0.16507306694984436,0.28389304876327515,0.2345304787158966
4930,-11.5211,-19.0457,-30.5668,-13.6562,-16.6094,0.0,0.0,0.5296655893325806,0.34900543093681335,0.43978261947631836,0.048241887241601944,0.3902529776096344,0.18015392124652863,0.12896455824375153,0.357587069272995,0.22881685197353363
4935,-14.1168,-16.0797,-30.1965,-19.0,-8.7344,0.0,0.0,0.6953358054161072,0.5604565739631653,0.5175126194953918,0.0782955139875412,0.474702388048172,0.2083333283662796,0.20090951025485992,0.2618936598300934,0.22438588738441467
4940,-13.0293,-14.4203,-27.4496,-16.2812,-8.875,0.0,0.0,0.7518199682235718,0.5494368076324463,0.6672709584236145,0.10218509286642075,0.6629464030265808,0.3523787260055542,0.18633395433425903,0.23585198819637299,0.12095770984888077
4945,-14.1805,-11.3422,-25.5227,-17.1484,-8.3359,0.0,0.0,0.8928222060203552,0.6615608930587769,0.8478260636329651,0.12242686748504639,0.7979910969734192,0.47652363777160645,0.21315298974514008,0.13409514725208282,0.07175061851739883
4950,-15.0426,-11.0312,-26.0738,-15.1875,-12.0,0.0,0.0,0.8942230939865112,0.6606099009513855,0.8848575949668884,0.10061699151992798,0.8348214030265808,0.4380052983760834,0.24599657952785492,0.12962530553340912,0.08189520984888077
4955,-13.7668,-11.5203,-25.2871,-13.5547,-11.0703,0.0,0.0,0.8972874283790588,0.6710630059242249,0.8764739036560059,0.062011174857616425,0.730654776096344,0.4900497496128082,0.19745025038719177,0.13844838738441467,0.06957400590181351
